timestamp_s,full_change,title_change,header_change,counter_change,hash_change,candidate_score
1.0,6.978481792430102e-07,0.0,0.0,0.0,0.0,5.815401493691752e-05
2.0,1.87226234515947e-07,0.0,0.0,0.0,0.0,1.560218620966225e-05
3.0,1.87226234515947e-07,0.0,0.0,0.0,0.0,1.560218620966225e-05
4.0,1.87226234515947e-07,0.0,0.0,0.0,0.0,1.560218620966225e-05
5.0,1.87226234515947e-07,0.0,0.0,0.0,0.0,1.560218620966225e-05
6.0,1.87226234515947e-07,0.0,0.0,0.0,0.0,1.560218620966225e-05
7.0,1.87226234515947e-07,0.0,0.0,0.0,0.0,1.560218620966225e-05
8.0,0.000377957068849355,0.0003179357445333153,0.0005478837410919368,0.0001287662744289264,0.0,0.03149642240411291
9.0,9.17414126888616e-06,7.704057338742132e-07,0.0,0.0,0.0,0.00076451177240718
10.0,3.2509497032151558e-06,0.0,0.0,0.0,0.0,0.00027091247526792966
11.0,3.2509497032151558e-06,0.0,0.0,0.0,0.0,0.00027091247526792966
12.0,3.2509497032151558e-06,0.0,0.0,0.0,0.0,0.00027091247526792966
13.0,3.2509497032151558e-06,0.0,0.0,0.0,0.0,0.00027091247526792966
14.0,3.2509497032151558e-06,0.0,0.0,0.0,0.0,0.00027091247526792966
15.0,3.2509497032151558e-06,0.0,0.0,0.0,0.0,0.00027091247526792966
16.0,3.2509497032151558e-06,0.0,0.0,0.0,0.0,0.00027091247526792966
17.0,0.0,0.0,0.0,0.0,0.0,0.0
18.0,3.2509497032151558e-06,0.0,0.0,0.0,0.0,0.00027091247526792966
19.0,3.2509497032151558e-06,0.0,0.0,0.0,0.0,0.00027091247526792966
20.0,3.2509497032151558e-06,0.0,0.0,0.0,0.0,0.00027091247526792966
21.0,3.2509497032151558e-06,0.0,0.0,0.0,0.0,0.00027091247526792966
22.0,3.2509497032151558e-06,0.0,0.0,0.0,0.0,0.00027091247526792966
23.0,3.2509497032151558e-06,0.0,0.0,0.0,0.0,0.00027091247526792966
24.0,0.0551794171333313,0.03160221129655838,0.0,0.0006890846416354179,0.3628472222222222,4.598284761110942
25.0,0.04363420978188515,0.020789705216884613,0.0,0.0005814144969917834,0.2847222222222222,3.636184148490429
26.0,0.0,0.0,0.0,0.0,0.0,0.0
27.0,0.0,0.0,0.0,0.0,0.0,0.0
28.0,0.0,0.0,0.0,0.0,0.0,0.0
29.0,0.0,0.0,0.0,0.0,0.0,0.0
30.0,0.0,0.0,0.0,0.0,0.0,0.0
31.0,0.0,0.0,0.0,0.0,0.0,0.0
32.0,9.043876161740627e-06,4.290043307264568e-06,2.4152797777787782e-05,0.0,0.0,0.0007536563468117189
33.0,9.043876161740627e-06,4.290043307264568e-06,2.4152797777787782e-05,0.0,0.0,0.0007536563468117189
34.0,0.0,0.0,0.0,0.0,0.0,0.0
35.0,0.0,0.0,0.0,0.0,0.0,0.0
36.0,0.0,0.0,0.0,0.0,0.0,0.0
37.0,0.0,0.0,0.0,0.0,0.0,0.0
38.0,0.0,0.0,0.0,0.0,0.0,0.0
39.0,0.0,0.0,0.0,0.0,0.0,0.0
40.0,0.0,0.0,0.0,0.0,0.0,0.0
41.0,0.0,0.0,0.0,0.0,0.0,0.0
42.0,0.0,0.0,0.0,0.0,0.0,0.0
43.0,0.0,0.0,0.0,0.0,0.0,0.0
44.0,0.0,0.0,0.0,0.0,0.0,0.0
45.0,0.0,0.0,0.0,0.0,0.0,0.0
46.0,0.0,0.0,0.0,0.0,0.0,0.0
47.0,0.0,0.0,0.0,0.0,0.0,0.0
48.0,0.0,0.0,0.0,0.0,0.0,0.0
49.0,0.0,0.0,0.0,0.0,0.0,0.0
50.0,1.2711440433577081e-07,8.219341793846979e-07,0.0,0.0,0.0,2.0548354484617448e-05
51.0,0.03975110873579979,0.005678627640008926,0.0,0.00025457897572778165,0.2465277777777778,3.3125923946499825
52.0,0.0,0.0,0.0,0.0,0.0,0.0
53.0,0.0,0.0,0.0,0.0,0.0,0.0
54.0,0.0,0.0,0.0,0.0,0.0,0.0
55.0,0.0,0.0,0.0,0.0,0.0,0.0
56.0,0.0,0.0,0.0,0.0,0.0,0.0
57.0,0.00019198583322577178,4.302257002564147e-05,2.4152797777787782e-05,8.919136598706245e-05,0.0,0.015998819435480982
58.0,7.499332241422962e-06,5.593336027231999e-06,2.4152797777787782e-05,0.0,0.0,0.0006249443534519136
59.0,0.0,0.0,0.0,0.0,0.0,0.0
60.0,0.0,0.0,0.0,0.0,0.0,0.0
61.0,0.0,0.0,0.0,0.0,0.0,0.0
62.0,0.0,0.0,0.0,0.0,0.0,0.0
63.0,0.0,0.0,0.0,0.0,0.0,0.0
64.0,0.0,0.0,0.0,0.0,0.0,0.0
65.0,0.0,0.0,0.0,0.0,0.0,0.0
66.0,0.0,0.0,0.0,0.0,0.0,0.0
67.0,0.0,0.0,0.0,0.0,0.0,0.0
68.0,0.0,0.0,0.0,0.0,0.0,0.0
69.0,0.0,0.0,0.0,0.0,0.0,0.0
70.0,0.0,0.0,0.0,0.0,0.0,0.0
71.0,0.0,0.0,0.0,0.0,0.0,0.0
72.0,0.0,0.0,0.0,0.0,0.0,0.0
73.0,0.0,0.0,0.0,0.0,0.0,0.0
74.0,0.0,0.0,0.0,0.0,0.0,0.0
75.0,0.0,0.0,0.0,0.0,0.0,0.0
76.0,0.0,0.0,0.0,0.0,0.0,0.0
77.0,0.0,0.0,0.0,0.0,0.0,0.0
78.0,0.0,0.0,0.0,0.0,0.0,0.0
79.0,0.0,0.0,0.0,0.0,0.0,0.0
80.0,0.0,0.0,0.0,0.0,0.0,0.0
81.0,0.0,0.0,0.0,0.0,0.0,0.0
82.0,7.499332241422962e-06,5.593336027231999e-06,2.4152797777787782e-05,0.0,0.0,0.0006249443534519136
83.0,7.499332241422962e-06,5.593336027231999e-06,2.4152797777787782e-05,0.0,0.0,0.0006249443534519136
84.0,0.0,0.0,0.0,0.0,0.0,0.0
85.0,0.0,0.0,0.0,0.0,0.0,0.0
86.0,0.0,0.0,0.0,0.0,0.0,0.0
87.0,0.0,0.0,0.0,0.0,0.0,0.0
88.0,0.0,0.0,0.0,0.0,0.0,0.0
89.0,0.0,0.0,0.0,0.0,0.0,0.0
90.0,0.0,0.0,0.0,0.0,0.0,0.0
91.0,0.0001246084866579622,0.0,0.0,0.0,0.010416666666666666,0.06944444444444445
92.0,0.0007456255843862891,0.0,0.0,0.0,0.017361111111111112,0.11574074074074076
93.0,0.0008214697591029108,0.0,0.0,0.0,0.013888888888888888,0.09259259259259259
94.0,1.748025169945322e-05,0.0,0.0,0.0,0.0,0.0014566876416211016
95.0,0.000259957043454051,0.0,0.0,0.0,0.003472222222222222,0.023148148148148147
96.0,0.0002562465379014611,0.0,0.0,0.0,0.005208333333333333,0.034722222222222224
97.0,0.000282152061117813,0.001487867091782391,0.0,0.0,0.006944444444444444,0.046296296296296294
98.0,0.00013347627827897668,0.0,0.0,0.0,0.0,0.011123023189914724
99.0,0.0002772671286948025,1.606841578905005e-05,0.0,0.0,0.0,0.02310559405790021
100.0,0.00010954518802464008,0.0,0.0,0.0,0.0,0.009128765668720007
101.0,0.0,0.0,0.0,0.0,0.0,0.0
102.0,0.0,0.0,0.0,0.0,0.0,0.0
103.0,0.0,0.0,0.0,0.0,0.0,0.0
104.0,0.0,0.0,0.0,0.0,0.0,0.0
105.0,0.0,0.0,0.0,0.0,0.0,0.0
106.0,0.0,0.0,0.0,0.0,0.0,0.0
107.0,1.2758721823047381e-05,5.593336027231999e-06,2.4152797777787782e-05,0.0,0.0,0.0010632268185872817
108.0,7.992933205969166e-06,5.593336027231999e-06,2.4152797777787782e-05,0.0,0.0,0.0006660777671640972
109.0,0.0,0.0,0.0,0.0,0.0,0.0
110.0,0.0,0.0,0.0,0.0,0.0,0.0
111.0,0.0,0.0,0.0,0.0,0.0,0.0
112.0,0.0,0.0,0.0,0.0,0.0,0.0
113.0,0.0,0.0,0.0,0.0,0.0,0.0
114.0,0.0,0.0,0.0,0.0,0.0,0.0
115.0,0.0,0.0,0.0,0.0,0.0,0.0
116.0,0.0,0.0,0.0,0.0,0.0,0.0
117.0,0.0,0.0,0.0,0.0,0.0,0.0
118.0,0.0,0.0,0.0,0.0,0.0,0.0
119.0,0.002999659162014723,0.001488087116740644,0.0,0.0,0.057291666666666664,0.3819444444444444
120.0,0.0,0.0,0.0,0.0,0.0,0.0
121.0,0.0,0.0,0.0,0.0,0.0,0.0
122.0,8.510374271963883e-08,0.0,0.0,0.0,0.0,7.0919785599699026e-06
123.0,0.00019658899691421539,0.0,0.0,0.0,0.010416666666666666,0.06944444444444445
124.0,0.0011700368486344814,0.0,0.0,0.0,0.029513888888888888,0.19675925925925927
125.0,0.00041624109144322574,0.0,0.0,0.0,0.010416666666666666,0.06944444444444445
126.0,0.0008933141361922026,0.0,0.0,0.0,0.020833333333333332,0.1388888888888889
127.0,0.00019970380526501685,0.0,0.0,0.0,0.001736111111111111,0.01664198377208474
128.0,0.0003946418291889131,0.0,0.0,0.0,0.003472222222222222,0.03288681909907609
129.0,0.0003614855231717229,0.0,0.0,0.0,0.001736111111111111,0.030123793597643573
130.0,7.301877303689253e-06,0.0,0.0,0.0,0.0,0.0006084897753074378
131.0,0.0,0.0,0.0,0.0,0.0,0.0
132.0,2.920072802226059e-05,5.593336027231999e-06,2.4152797777787782e-05,0.0,0.0,0.0024333940018550493
133.0,7.635498150193598e-06,5.593336027231999e-06,2.4152797777787782e-05,0.0,0.0,0.0006362915125161331
134.0,1.6067535398178734e-05,0.00010059252235805616,0.0,0.0,0.001736111111111111,0.011574074074074073
135.0,0.0003653491730801761,0.0008379776263609529,0.0,0.0,0.003472222222222222,0.03044576442334801
136.0,6.73508839099668e-05,0.0,0.0,0.0,0.003472222222222222,0.023148148148148147
137.0,0.0,0.0,0.0,0.0,0.0,0.0
138.0,0.00017233454855158925,0.0,0.0,0.0,0.003472222222222222,0.023148148148148147
139.0,0.001069954945705831,0.0,0.0,0.0,0.020833333333333332,0.1388888888888889
140.0,0.0010877074673771858,0.0,0.0,0.0,0.015625,0.10416666666666667
141.0,0.00020074208441656083,7.814081982360221e-06,0.0,0.0,0.0,0.016728507034713402
142.0,0.0001797555451048538,0.0,0.0,0.0,0.0,0.014979628758737817
143.0,0.0003030023945029825,0.0,0.0,0.0,0.0,0.025250199541915208
144.0,8.263547351816669e-05,0.0,0.0,0.0,0.0,0.006886289459847224
145.0,0.0,0.0,0.0,0.0,0.0,0.0
146.0,0.0,0.0,0.0,0.0,0.0,0.0
147.0,0.00012229368439875543,0.0,0.0,0.0,0.0,0.010191140366562953
148.0,5.44663180335192e-07,0.0,0.0,0.0,0.0,4.5388598361266e-05
149.0,1.7820662833401002e-05,0.0,0.0,0.0,0.0,0.0014850552361167502
150.0,0.00011206424824194983,0.0,0.0,0.0,0.0,0.00933868735349582
151.0,0.0,0.0,0.0,0.0,0.0,0.0
152.0,0.00011145150347147137,0.0,0.0,0.0,0.0,0.00928762528928928
153.0,0.00011589389760047197,0.0,0.0,0.0,0.0,0.00965782480003933
154.0,0.0,0.0,0.0,0.0,0.0,0.0
155.0,0.0005874863127246499,0.0,0.0,0.0,0.013888888888888888,0.09259259259259259
156.0,0.0006348038441501558,0.0,0.0,0.0,0.012152777777777778,0.08101851851851852
157.0,0.00021242848015390337,5.813452844449785e-06,2.4152797777787782e-05,0.0,0.005208333333333333,0.034722222222222224
158.0,0.0010165200801566243,5.813452844449785e-06,2.4152797777787782e-05,0.0,0.03125,0.20833333333333334
159.0,0.00029915571212768555,0.0,0.0,0.0,0.0,0.02492964267730713
160.0,0.00048716628225520253,0.0,0.0,0.0,0.003472222222222222,0.04059719018793354
161.0,0.00018715954502113163,0.0,0.0,0.0,0.003472222222222222,0.023148148148148147
162.0,0.0,0.0,0.0,0.0,0.0,0.0
163.0,0.00022955807799007744,0.0,0.0,0.0,0.006944444444444444,0.046296296296296294
164.0,9.220110950991511e-05,0.0,0.0,0.0,0.003472222222222222,0.023148148148148147
165.0,0.0,0.0,0.0,0.0,0.0,0.0
166.0,2.1548195945797488e-05,0.0,0.0,0.0,0.0,0.001795682995483124
167.0,0.0,0.0,0.0,0.0,0.0,0.0
168.0,0.0,0.0,0.0,0.0,0.0,0.0
169.0,0.0,0.0,0.0,0.0,0.0,0.0
170.0,0.0,0.0,0.0,0.0,0.0,0.0
171.0,0.0,0.0,0.0,0.0,0.0,0.0
172.0,0.0,0.0,0.0,0.0,0.0,0.0
173.0,0.0,0.0,0.0,0.0,0.0,0.0
174.0,0.0,0.0,0.0,0.0,0.0,0.0
175.0,0.0,0.0,0.0,0.0,0.0,0.0
176.0,0.0,0.0,0.0,0.0,0.0,0.0
177.0,0.0,0.0,0.0,0.0,0.0,0.0
178.0,0.0,0.0,0.0,0.0,0.0,0.0
179.0,0.0,0.0,0.0,0.0,0.0,0.0
180.0,0.0,0.0,0.0,0.0,0.0,0.0
181.0,0.0,0.0,0.0,0.0,0.0,0.0
182.0,8.571635589760263e-06,5.813452844449785e-06,2.4152797777787782e-05,0.0,0.0,0.0007143029658133552
183.0,8.571635589760263e-06,5.813452844449785e-06,2.4152797777787782e-05,0.0,0.0,0.0007143029658133552
184.0,0.0,0.0,0.0,0.0,0.0,0.0
185.0,0.0,0.0,0.0,0.0,0.0,0.0
186.0,0.0,0.0,0.0,0.0,0.0,0.0
187.0,0.0,0.0,0.0,0.0,0.0,0.0
188.0,0.0,0.0,0.0,0.0,0.0,0.0
189.0,0.0,0.0,0.0,0.0,0.0,0.0
190.0,0.0,0.0,0.0,0.0,0.0,0.0
191.0,0.0,0.0,0.0,0.0,0.0,0.0
192.0,0.0,0.0,0.0,0.0,0.0,0.0
193.0,0.0,0.0,0.0,0.0,0.0,0.0
194.0,0.0,0.0,0.0,0.0,0.0,0.0
195.0,1.702069596376532e-08,0.0,0.0,0.0,0.0,1.4183913303137767e-06
196.0,0.0010554362088441849,0.0009391204221174121,0.0,0.0,0.017361111111111112,0.11574074074074076
197.0,0.00024302146630361676,0.0,0.0,0.0,0.015625,0.10416666666666667
198.0,0.00039023347198963165,0.0,0.0,0.0,0.003472222222222222,0.03251945599913597
199.0,0.00020321004558354616,0.0,0.0,0.0,0.003472222222222222,0.023148148148148147
200.0,0.0009552183328196406,0.0,0.0,0.0,0.020833333333333332,0.1388888888888889
201.0,0.0001660538837313652,0.0,0.0,0.0,0.010416666666666666,0.06944444444444445
202.0,0.00037957850145176053,0.0,0.0,0.0,0.006944444444444444,0.046296296296296294
203.0,0.0008494007051922381,0.0,0.0,0.0,0.015625,0.10416666666666667
204.0,0.0001992952893488109,0.0,0.0,0.0,0.008680555555555556,0.05787037037037038
205.0,0.0,0.0,0.0,0.0,0.0,0.0
206.0,0.0,0.0,0.0,0.0,0.0,0.0
207.0,0.0002506058954168111,0.0014513082569465041,2.4152797777787782e-05,0.0,0.010416666666666666,0.06944444444444445
208.0,0.0012374487705528736,0.0039484016597270966,2.4152797777787782e-05,0.0,0.029513888888888888,0.19675925925925927
209.0,0.0010790098458528519,0.003436104394495487,0.0,0.0,0.022569444444444444,0.15046296296296297
210.0,0.001440257066860795,0.002004366833716631,0.0,0.0,0.03993055555555555,0.2662037037037037
211.0,0.0003581324126571417,0.0,0.0,0.0,0.013888888888888888,0.09259259259259259
212.0,0.0003268313594162464,0.0,0.0,0.0,0.006944444444444444,0.046296296296296294
213.0,0.0,0.0,0.0,0.0,0.0,0.0
214.0,0.0006701046950183809,0.000430544838309288,0.0,0.0,0.024305555555555556,0.16203703703703703
215.0,0.00021029067283961922,0.0,0.0,0.0,0.006944444444444444,0.046296296296296294
216.0,5.247581793810241e-05,7.814702985342592e-05,0.0,0.0,0.0,0.004372984828175201
217.0,0.0,0.0,0.0,0.0,0.0,0.0
218.0,0.0,0.0,0.0,0.0,0.0,0.0
219.0,0.0,0.0,0.0,0.0,0.0,0.0
220.0,0.0001127450741478242,0.0,0.0,0.0,0.006944444444444444,0.046296296296296294
221.0,0.0,0.0,0.0,0.0,0.0,0.0
222.0,0.0,0.0,0.0,0.0,0.0,0.0
223.0,0.0,0.0,0.0,0.0,0.0,0.0
224.0,2.774370159386308e-06,0.0,0.0,0.0,0.0,0.00023119751328219232
225.0,0.00014544182340614498,0.0009404410957358778,0.0,0.0,0.0,0.023511027393396944
226.0,0.0,0.0,0.0,0.0,0.0,0.0
227.0,0.0,0.0,0.0,0.0,0.0,0.0
228.0,0.0,0.0,0.0,0.0,0.0,0.0
229.0,0.0,0.0,0.0,0.0,0.0,0.0
230.0,0.0,0.0,0.0,0.0,0.0,0.0
231.0,0.0,0.0,0.0,0.0,0.0,0.0
232.0,3.443336026975885e-05,1.0703191037464421e-05,2.4152797777787782e-05,0.0,0.0,0.002869446689146571
233.0,0.0007525875116698444,4.539975634543225e-06,2.4152797777787782e-05,0.0,0.006944444444444444,0.06271562597248703
234.0,0.0008188826031982899,0.0,0.0,0.0,0.03125,0.20833333333333334
235.0,0.0005268926033750176,4.52336244052276e-05,0.0,0.0,0.013888888888888888,0.09259259259259259
236.0,5.131739453645423e-05,0.0003318233066238463,0.0,0.0,0.0,0.008295582665596157
237.0,1.096132746170042e-05,7.087701669661328e-05,0.0,0.0,0.0,0.001771925417415332
238.0,0.00015156928566284478,0.0009798415703698993,0.0,0.0,0.003472222222222222,0.024496039259247482
239.0,0.0,0.0,0.0,0.0,0.0,0.0
240.0,0.0,0.0,0.0,0.0,0.0,0.0
241.0,3.496052522677928e-05,1.6178430087165907e-05,0.0,0.0,0.0,0.002913377102231607
242.0,0.00019100622739642859,0.0012333040358498693,0.0,0.0,0.003472222222222222,0.03083260089624673
243.0,0.0,0.0,0.0,0.0,0.0,0.0
244.0,0.0,0.0,0.0,0.0,0.0,0.0
245.0,5.523215077118948e-05,0.0003571365086827427,0.0,0.0,0.003472222222222222,0.023148148148148147
246.0,0.000108132473542355,0.0006991950795054436,0.0,0.0,0.0,0.01747987698763609
247.0,0.0,0.0,0.0,0.0,0.0,0.0
248.0,0.0,0.0,0.0,0.0,0.0,0.0
249.0,6.246594693948282e-06,1.7719252355163917e-05,0.0,0.0,0.0,0.0005205495578290235
250.0,0.0,0.0,0.0,0.0,0.0,0.0
251.0,0.0,0.0,0.0,0.0,0.0,0.0
252.0,0.0,0.0,0.0,0.0,0.0,0.0
253.0,0.0,0.0,0.0,0.0,0.0,0.0
254.0,0.0,0.0,0.0,0.0,0.0,0.0
255.0,0.0,0.0,0.0,0.0,0.0,0.0
256.0,0.0,0.0,0.0,0.0,0.0,0.0
257.0,9.361891898151953e-06,4.870149496127851e-06,2.4152797777787782e-05,0.0,0.0,0.0007801576581793294
258.0,9.361891898151953e-06,4.870149496127851e-06,2.4152797777787782e-05,0.0,0.0,0.0007801576581793294
259.0,0.0,0.0,0.0,0.0,0.0,0.0
260.0,0.0,0.0,0.0,0.0,0.0,0.0
261.0,0.00011829382856376469,3.5878736525774e-05,0.0,0.0,0.003472222222222222,0.023148148148148147
262.0,7.506125984946266e-05,0.00019138997595291585,0.0,0.0,0.0,0.006255104987455222
263.0,0.0,0.0,0.0,0.0,0.0,0.0
264.0,0.0,0.0,0.0,0.0,0.0,0.0
265.0,0.0,0.0,0.0,0.0,0.0,0.0
266.0,3.3871165214804932e-06,4.952587914885953e-06,0.0,0.0,0.0,0.0002822597101233744
267.0,0.0,0.0,0.0,0.0,0.0,0.0
268.0,0.0,0.0,0.0,0.0,0.0,0.0
269.0,0.0,0.0,0.0,0.0,0.0,0.0
270.0,0.0,0.0,0.0,0.0,0.0,0.0
271.0,0.0,0.0,0.0,0.0,0.0,0.0
272.0,0.0,0.0,0.0,0.0,0.0,0.0
273.0,0.0,0.0,0.0,0.0,0.0,0.0
274.0,0.0,0.0,0.0,0.0,0.0,0.0
275.0,0.0,0.0,0.0,0.0,0.0,0.0
276.0,0.0,0.0,0.0,0.0,0.0,0.0
277.0,0.015185948461294174,0.013693460263311863,0.0,0.0,0.24131944444444445,1.6087962962962963
278.0,0.0,0.0,0.0,0.0,0.0,0.0
279.0,0.0,0.0,0.0,0.0,0.0,0.0
280.0,0.0006714322953484952,0.0,0.0,0.0,0.015625,0.10416666666666667
281.0,0.0010666699381545186,0.0,0.0,0.0,0.027777777777777776,0.18518518518518517
282.0,0.0008539984119124711,4.880384494754253e-06,2.4152797777787782e-05,0.0,0.008680555555555556,0.07116653432603925
283.0,0.0009658324997872114,5.593336027231999e-06,2.4152797777787782e-05,0.0,0.0,0.08048604164893429
284.0,0.0003299121162854135,0.0,0.0,0.0,0.008680555555555556,0.05787037037037038
285.0,0.0002135756949428469,0.0,0.0,0.0,0.005208333333333333,0.034722222222222224
286.0,0.001157679595053196,0.0,0.0,0.0,0.036458333333333336,0.24305555555555558
287.0,0.0009878129931166768,0.0,0.0,0.0,0.008680555555555556,0.08231774942638974
288.0,0.00024935315013863146,0.0,0.0,0.0,0.0,0.02077942917821929
289.0,0.0,0.0,0.0,0.0,0.0,0.0
290.0,0.0,0.0,0.0,0.0,0.0,0.0
291.0,0.00020644403412006795,0.0,0.0,0.0,0.005208333333333333,0.034722222222222224
292.0,0.0010052593424916267,0.0,0.0,0.0,0.020833333333333332,0.1388888888888889
293.0,0.0007736926781944931,0.0,0.0,0.0,0.019097222222222224,0.12731481481481483
294.0,0.00030553844408132136,0.0,0.0,0.0,0.005208333333333333,0.034722222222222224
295.0,0.00023687702196184546,0.0,0.0,0.0,0.0,0.01973975183015379
296.0,4.949618232785724e-05,0.0,0.0,0.0,0.001736111111111111,0.011574074074074073
297.0,0.0,0.0,0.0,0.0,0.0,0.0
298.0,0.0,0.0,0.0,0.0,0.0,0.0
299.0,2.050992043223232e-05,0.0,0.0,0.0,0.0,0.00170916003601936
300.0,0.0,0.0,0.0,0.0,0.0,0.0
301.0,0.0004870471602771431,0.0,0.0,0.0,0.012152777777777778,0.08101851851851852
302.0,2.1854571969015524e-05,0.0,0.0,0.0,0.0,0.0018212143307512936
303.0,0.0,0.0,0.0,0.0,0.0,0.0
304.0,0.0,0.0,0.0,0.0,0.0,0.0
305.0,0.0,0.0,0.0,0.0,0.0,0.0
306.0,0.0,0.0,0.0,0.0,0.0,0.0
307.0,1.2605546544364188e-05,5.593336027231999e-06,2.4152797777787782e-05,0.0,0.0,0.001050462212030349
308.0,8.46951297717169e-06,5.593336027231999e-06,2.4152797777787782e-05,0.0,0.0,0.0007057927480976408
309.0,0.0,0.0,0.0,0.0,0.0,0.0
310.0,0.0,0.0,0.0,0.0,0.0,0.0
311.0,0.0,0.0,0.0,0.0,0.0,0.0
312.0,0.0,0.0,0.0,0.0,0.0,0.0
313.0,0.0,0.0,0.0,0.0,0.0,0.0
314.0,0.0,0.0,0.0,0.0,0.0,0.0
315.0,0.0,0.0,0.0,0.0,0.0,0.0
316.0,0.0,0.0,0.0,0.0,0.0,0.0
317.0,0.0,0.0,0.0,0.0,0.0,0.0
318.0,0.0,0.0,0.0,0.0,0.0,0.0
319.0,0.0,0.0,0.0,0.0,0.0,0.0
320.0,0.0,0.0,0.0,0.0,0.0,0.0
321.0,0.0,0.0,0.0,0.0,0.0,0.0
322.0,0.0,0.0,0.0,0.0,0.0,0.0
323.0,0.0,0.0,0.0,0.0,0.0,0.0
324.0,0.009499776177108288,0.0,0.0,0.0,0.1753472222222222,1.1689814814814814
325.0,0.0,0.0,0.0,0.0,0.0,0.0
326.0,0.04004473239183426,0.004979806952178478,0.0,0.00044691699440591037,0.10590277777777778,3.337061032652855
327.0,3.0702108233526815e-06,0.0,0.0,0.0,0.0,0.0002558509019460568
328.0,0.0,0.0,0.0,0.0,0.0,0.0
329.0,0.0,0.0,0.0,0.0,0.0,0.0
330.0,0.0,0.0,0.0,0.0,0.0,0.0
331.0,0.0,0.0,0.0,0.0,0.0,0.0
332.0,0.0002509610785637051,6.079002559999935e-05,2.4152797777787782e-05,4.632377385860309e-05,0.0,0.02091342321364209
333.0,1.0175381248700432e-05,8.183322279364802e-06,2.4152797777787782e-05,0.0,0.0,0.0008479484373917027
334.0,2.0424796787210653e-07,0.0,0.0,0.0,0.0,1.702066398934221e-05
335.0,2.0424796787210653e-07,0.0,0.0,0.0,0.0,1.702066398934221e-05
336.0,2.0424796787210653e-07,0.0,0.0,0.0,0.0,1.702066398934221e-05
337.0,2.0424796787210653e-07,0.0,0.0,0.0,0.0,1.702066398934221e-05
338.0,2.0424796787210653e-07,0.0,0.0,0.0,0.0,1.702066398934221e-05
339.0,2.0424796787210653e-07,0.0,0.0,0.0,0.0,1.702066398934221e-05
340.0,2.0424796787210653e-07,0.0,0.0,0.0,0.0,1.702066398934221e-05
341.0,0.0,0.0,0.0,0.0,0.0,0.0
342.0,2.0424796787210653e-07,0.0,0.0,0.0,0.0,1.702066398934221e-05
343.0,2.0424796787210653e-07,0.0,0.0,0.0,0.0,1.702066398934221e-05
344.0,2.0424796787210653e-07,0.0,0.0,0.0,0.0,1.702066398934221e-05
345.0,2.0424796787210653e-07,0.0,0.0,0.0,0.0,1.702066398934221e-05
346.0,2.0424796787210653e-07,0.0,0.0,0.0,0.0,1.702066398934221e-05
347.0,2.0424796787210653e-07,0.0,0.0,0.0,0.0,1.702066398934221e-05
348.0,2.0424796787210653e-07,0.0,0.0,0.0,0.0,1.702066398934221e-05
349.0,0.0,0.0,0.0,0.0,0.0,0.0
350.0,2.0424796787210653e-07,0.0,0.0,0.0,0.0,1.702066398934221e-05
351.0,2.0424796787210653e-07,0.0,0.0,0.0,0.0,1.702066398934221e-05
352.0,2.0424796787210653e-07,0.0,0.0,0.0,0.0,1.702066398934221e-05
353.0,2.0424796787210653e-07,0.0,0.0,0.0,0.0,1.702066398934221e-05
354.0,2.0424796787210653e-07,0.0,0.0,0.0,0.0,1.702066398934221e-05
355.0,2.0424796787210653e-07,0.0,0.0,0.0,0.0,1.702066398934221e-05
356.0,2.0424796787210653e-07,0.0,0.0,0.0,0.0,1.702066398934221e-05
357.0,9.971132385544479e-06,8.183322279364802e-06,2.4152797777787782e-05,0.0,0.0,0.0008309276987953732
358.0,1.0175381248700432e-05,8.183322279364802e-06,2.4152797777787782e-05,0.0,0.0,0.0008479484373917027
359.0,2.0424796787210653e-07,0.0,0.0,0.0,0.0,1.702066398934221e-05
360.0,2.0424796787210653e-07,0.0,0.0,0.0,0.0,1.702066398934221e-05
361.0,2.0424796787210653e-07,0.0,0.0,0.0,0.0,1.702066398934221e-05
362.0,2.0424796787210653e-07,0.0,0.0,0.0,0.0,1.702066398934221e-05
363.0,2.0424796787210653e-07,0.0,0.0,0.0,0.0,1.702066398934221e-05
364.0,2.0424796787210653e-07,0.0,0.0,0.0,0.0,1.702066398934221e-05
365.0,2.0424796787210653e-07,0.0,0.0,0.0,0.0,1.702066398934221e-05
366.0,0.0,0.0,0.0,0.0,0.0,0.0
367.0,2.0424796787210653e-07,0.0,0.0,0.0,0.0,1.702066398934221e-05
368.0,2.0424796787210653e-07,0.0,0.0,0.0,0.0,1.702066398934221e-05
369.0,2.0424796787210653e-07,0.0,0.0,0.0,0.0,1.702066398934221e-05
370.0,2.0424796787210653e-07,0.0,0.0,0.0,0.0,1.702066398934221e-05
371.0,2.0424796787210653e-07,0.0,0.0,0.0,0.0,1.702066398934221e-05
372.0,2.0424796787210653e-07,0.0,0.0,0.0,0.0,1.702066398934221e-05
373.0,2.0424796787210653e-07,0.0,0.0,0.0,0.0,1.702066398934221e-05
374.0,0.00011521306441863999,0.0007431081030517817,0.0,0.0,0.003472222222222222,0.023148148148148147
375.0,0.000553359801415354,0.003568833926692605,0.0,0.0,0.010416666666666666,0.08922084816731513
376.0,0.0005749570555053651,0.0,0.0,0.0,0.015625,0.10416666666666667
377.0,0.00045319300261326134,0.0,0.0,0.0,0.012152777777777778,0.08101851851851852
378.0,0.0003233591851312667,0.0007513624150305986,0.0,0.0,0.001736111111111111,0.026946598760938894
379.0,0.0004257556574884802,0.0,0.0,0.0,0.006944444444444444,0.046296296296296294
380.0,0.00038010612479411066,0.0,0.0,0.0,0.005208333333333333,0.034722222222222224
381.0,8.198867726605386e-05,0.0,0.0,0.0,0.001736111111111111,0.011574074074074073
382.0,3.943205229006708e-05,5.6388616940239444e-05,2.4152797777787782e-05,0.0,0.0,0.0032860043575055897
383.0,0.0003810222551692277,0.00040978306788019836,2.4152797777787782e-05,0.0,0.012152777777777778,0.08101851851851852
384.0,0.00017784922965802252,0.0,0.0,0.0,0.006944444444444444,0.046296296296296294
385.0,4.765791743466252e-07,0.0,0.0,0.0,0.0,3.9714931195552104e-05
386.0,4.765791743466252e-07,0.0,0.0,0.0,0.0,3.9714931195552104e-05
387.0,4.765791743466252e-07,0.0,0.0,0.0,0.0,3.9714931195552104e-05
388.0,4.765791743466252e-07,0.0,0.0,0.0,0.0,3.9714931195552104e-05
389.0,4.765791743466252e-07,0.0,0.0,0.0,0.0,3.9714931195552104e-05
390.0,4.765791743466252e-07,0.0,0.0,0.0,0.0,3.9714931195552104e-05
391.0,6.484894129243912e-06,7.593986083520576e-06,0.0,0.0,0.0,0.0005404078441036594
392.0,2.0424796787210653e-07,0.0,0.0,0.0,0.0,1.702066398934221e-05
393.0,2.0424796787210653e-07,0.0,0.0,0.0,0.0,1.702066398934221e-05
394.0,2.0424796787210653e-07,0.0,0.0,0.0,0.0,1.702066398934221e-05
395.0,6.755512731615454e-05,0.0,0.0,0.0,0.0,0.005629593943012878
396.0,2.0424796787210653e-07,0.0,0.0,0.0,0.0,1.702066398934221e-05
397.0,2.0424796787210653e-07,0.0,0.0,0.0,0.0,1.702066398934221e-05
398.0,2.0424796787210653e-07,0.0,0.0,0.0,0.0,1.702066398934221e-05
399.0,6.638077820753097e-07,0.0,0.0,0.0,0.0,5.531731517294247e-05
400.0,2.0424796787210653e-07,0.0,0.0,0.0,0.0,1.702066398934221e-05
401.0,2.0424796787210653e-07,0.0,0.0,0.0,0.0,1.702066398934221e-05
402.0,2.0424796787210653e-07,0.0,0.0,0.0,0.0,1.702066398934221e-05
403.0,2.0424796787210653e-07,0.0,0.0,0.0,0.0,1.702066398934221e-05
404.0,2.0424796787210653e-07,0.0,0.0,0.0,0.0,1.702066398934221e-05
405.0,2.0424796787210653e-07,0.0,0.0,0.0,0.0,1.702066398934221e-05
406.0,2.0424796787210653e-07,0.0,0.0,0.0,0.0,1.702066398934221e-05
407.0,1.0617919542710297e-05,8.843663636071142e-06,2.4152797777787782e-05,0.0,0.0,0.0008848266285591914
408.0,1.082216840586625e-05,8.843663636071142e-06,2.4152797777787782e-05,0.0,0.0,0.0009018473671555208
409.0,2.0424796787210653e-07,0.0,0.0,0.0,0.0,1.702066398934221e-05
410.0,2.0424796787210653e-07,0.0,0.0,0.0,0.0,1.702066398934221e-05
411.0,2.0424796787210653e-07,0.0,0.0,0.0,0.0,1.702066398934221e-05
412.0,2.0424796787210653e-07,0.0,0.0,0.0,0.0,1.702066398934221e-05
413.0,2.0424796787210653e-07,0.0,0.0,0.0,0.0,1.702066398934221e-05
414.0,2.0424796787210653e-07,0.0,0.0,0.0,0.0,1.702066398934221e-05
415.0,2.0424796787210653e-07,0.0,0.0,0.0,0.0,1.702066398934221e-05
416.0,0.0,0.0,0.0,0.0,0.0,0.0
417.0,2.0424796787210653e-07,0.0,0.0,0.0,0.0,1.702066398934221e-05
418.0,2.0424796787210653e-07,0.0,0.0,0.0,0.0,1.702066398934221e-05
419.0,2.0424796787210653e-07,0.0,0.0,0.0,0.0,1.702066398934221e-05
420.0,2.0424796787210653e-07,0.0,0.0,0.0,0.0,1.702066398934221e-05
421.0,2.0424796787210653e-07,0.0,0.0,0.0,0.0,1.702066398934221e-05
422.0,2.0424796787210653e-07,0.0,0.0,0.0,0.0,1.702066398934221e-05
423.0,2.0424796787210653e-07,0.0,0.0,0.0,0.0,1.702066398934221e-05
424.0,7.638886745553464e-05,0.0,0.0,0.0,0.0,0.006365738954627886
425.0,0.00013233588833827525,0.0,0.0,0.0,0.0,0.011027990694856271
426.0,4.765791743466252e-07,0.0,0.0,0.0,0.0,3.9714931195552104e-05
427.0,4.765791743466252e-07,0.0,0.0,0.0,0.0,3.9714931195552104e-05
428.0,4.765791743466252e-07,0.0,0.0,0.0,0.0,3.9714931195552104e-05
429.0,4.765791743466252e-07,0.0,0.0,0.0,0.0,3.9714931195552104e-05
430.0,4.765791743466252e-07,0.0,0.0,0.0,0.0,3.9714931195552104e-05
431.0,4.765791743466252e-07,0.0,0.0,0.0,0.0,3.9714931195552104e-05
432.0,1.310294283030089e-05,8.843663636071142e-06,2.4152797777787782e-05,0.0,0.0,0.001091911902525074
433.0,1.0839188689715229e-05,8.843663636071142e-06,2.4152797777787782e-05,0.0,0.0,0.0009032657241429357
434.0,2.0424796787210653e-07,0.0,0.0,0.0,0.0,1.702066398934221e-05
435.0,2.0424796787210653e-07,0.0,0.0,0.0,0.0,1.702066398934221e-05
436.0,2.0424796787210653e-07,0.0,0.0,0.0,0.0,1.702066398934221e-05
437.0,2.0424796787210653e-07,0.0,0.0,0.0,0.0,1.702066398934221e-05
438.0,2.0424796787210653e-07,0.0,0.0,0.0,0.0,1.702066398934221e-05
439.0,2.0424796787210653e-07,0.0,0.0,0.0,0.0,1.702066398934221e-05
440.0,2.0424796787210653e-07,0.0,0.0,0.0,0.0,1.702066398934221e-05
441.0,0.0,0.0,0.0,0.0,0.0,0.0
442.0,2.0424796787210653e-07,0.0,0.0,0.0,0.0,1.702066398934221e-05
443.0,2.0424796787210653e-07,0.0,0.0,0.0,0.0,1.702066398934221e-05
444.0,2.0424796787210653e-07,0.0,0.0,0.0,0.0,1.702066398934221e-05
445.0,2.0424796787210653e-07,0.0,0.0,0.0,0.0,1.702066398934221e-05
446.0,2.0424796787210653e-07,0.0,0.0,0.0,0.0,1.702066398934221e-05
447.0,2.0424796787210653e-07,0.0,0.0,0.0,0.0,1.702066398934221e-05
448.0,2.0424796787210653e-07,0.0,0.0,0.0,0.0,1.702066398934221e-05
449.0,0.0,0.0,0.0,0.0,0.0,0.0
450.0,2.0424796787210653e-07,0.0,0.0,0.0,0.0,1.702066398934221e-05
451.0,2.0424796787210653e-07,0.0,0.0,0.0,0.0,1.702066398934221e-05
452.0,2.0424796787210653e-07,0.0,0.0,0.0,0.0,1.702066398934221e-05
453.0,2.0424796787210653e-07,0.0,0.0,0.0,0.0,1.702066398934221e-05
454.0,2.0424796787210653e-07,0.0,0.0,0.0,0.0,1.702066398934221e-05
455.0,2.0424796787210653e-07,0.0,0.0,0.0,0.0,1.702066398934221e-05
456.0,2.0424796787210653e-07,0.0,0.0,0.0,0.0,1.702066398934221e-05
457.0,1.0634940736053977e-05,8.843663636071142e-06,2.4152797777787782e-05,0.0,0.0,0.0008862450613378314
458.0,1.0839188689715229e-05,8.843663636071142e-06,2.4152797777787782e-05,0.0,0.0,0.0009032657241429357
459.0,2.0424796787210653e-07,0.0,0.0,0.0,0.0,1.702066398934221e-05
460.0,2.0424796787210653e-07,0.0,0.0,0.0,0.0,1.702066398934221e-05
461.0,2.0424796787210653e-07,0.0,0.0,0.0,0.0,1.702066398934221e-05
462.0,2.0424796787210653e-07,0.0,0.0,0.0,0.0,1.702066398934221e-05
463.0,2.0424796787210653e-07,0.0,0.0,0.0,0.0,1.702066398934221e-05
464.0,2.0424796787210653e-07,0.0,0.0,0.0,0.0,1.702066398934221e-05
465.0,2.0424796787210653e-07,0.0,0.0,0.0,0.0,1.702066398934221e-05
466.0,0.0,0.0,0.0,0.0,0.0,0.0
467.0,2.0424796787210653e-07,0.0,0.0,0.0,0.0,1.702066398934221e-05
468.0,2.0424796787210653e-07,0.0,0.0,0.0,0.0,1.702066398934221e-05
469.0,2.0424796787210653e-07,0.0,0.0,0.0,0.0,1.702066398934221e-05
470.0,2.0424796787210653e-07,0.0,0.0,0.0,0.0,1.702066398934221e-05
471.0,2.0424796787210653e-07,0.0,0.0,0.0,0.0,1.702066398934221e-05
472.0,2.0424796787210653e-07,0.0,0.0,0.0,0.0,1.702066398934221e-05
473.0,2.0424796787210653e-07,0.0,0.0,0.0,0.0,1.702066398934221e-05
474.0,0.0,0.0,0.0,0.0,0.0,0.0
475.0,2.0424796787210653e-07,0.0,0.0,0.0,0.0,1.702066398934221e-05
476.0,2.0424796787210653e-07,0.0,0.0,0.0,0.0,1.702066398934221e-05
477.0,2.0424796787210653e-07,0.0,0.0,0.0,0.0,1.702066398934221e-05
478.0,2.0424796787210653e-07,0.0,0.0,0.0,0.0,1.702066398934221e-05
479.0,2.0424796787210653e-07,0.0,0.0,0.0,0.0,1.702066398934221e-05
480.0,2.0424796787210653e-07,0.0,0.0,0.0,0.0,1.702066398934221e-05
481.0,2.0424796787210653e-07,0.0,0.0,0.0,0.0,1.702066398934221e-05
482.0,1.0634940736053977e-05,8.843663636071142e-06,2.4152797777787782e-05,0.0,0.0,0.0008862450613378314
483.0,1.0839188689715229e-05,8.843663636071142e-06,2.4152797777787782e-05,0.0,0.0,0.0009032657241429357
484.0,2.0424796787210653e-07,0.0,0.0,0.0,0.0,1.702066398934221e-05
485.0,0.00014993528020568192,0.0,0.0,0.0,0.0,0.012494606683806827
486.0,5.8244815591024235e-05,0.0,0.0,0.0,0.0,0.004853734632585353
487.0,2.0424796787210653e-07,0.0,0.0,0.0,0.0,1.702066398934221e-05
488.0,2.0424796787210653e-07,0.0,0.0,0.0,0.0,1.702066398934221e-05
489.0,2.0424796787210653e-07,0.0,0.0,0.0,0.0,1.702066398934221e-05
490.0,2.0424796787210653e-07,0.0,0.0,0.0,0.0,1.702066398934221e-05
491.0,1.7020955311863872e-08,0.0,0.0,0.0,0.0,1.4184129426553227e-06
492.0,2.0424796787210653e-07,0.0,0.0,0.0,0.0,1.702066398934221e-05
493.0,2.0424796787210653e-07,0.0,0.0,0.0,0.0,1.702066398934221e-05
494.0,2.0424796787210653e-07,0.0,0.0,0.0,0.0,1.702066398934221e-05
495.0,2.0424796787210653e-07,0.0,0.0,0.0,0.0,1.702066398934221e-05
496.0,2.0424796787210653e-07,0.0,0.0,0.0,0.0,1.702066398934221e-05
497.0,2.0424796787210653e-07,0.0,0.0,0.0,0.0,1.702066398934221e-05
498.0,2.0424796787210653e-07,0.0,0.0,0.0,0.0,1.702066398934221e-05
499.0,0.0,0.0,0.0,0.0,0.0,0.0
500.0,2.0424796787210653e-07,0.0,0.0,0.0,0.0,1.702066398934221e-05
501.0,2.0424796787210653e-07,0.0,0.0,0.0,0.0,1.702066398934221e-05
502.0,2.0424796787210653e-07,0.0,0.0,0.0,0.0,1.702066398934221e-05
503.0,2.0424796787210653e-07,0.0,0.0,0.0,0.0,1.702066398934221e-05
504.0,2.0424796787210653e-07,0.0,0.0,0.0,0.0,1.702066398934221e-05
505.0,2.0424796787210653e-07,0.0,0.0,0.0,0.0,1.702066398934221e-05
506.0,2.0424796787210653e-07,0.0,0.0,0.0,0.0,1.702066398934221e-05
507.0,1.0617919542710297e-05,8.843663636071142e-06,2.4152797777787782e-05,0.0,0.0,0.0008848266285591914
508.0,1.082216840586625e-05,8.843663636071142e-06,2.4152797777787782e-05,0.0,0.0,0.0009018473671555208
509.0,6.137662421679124e-05,0.0,0.0,0.0,0.001736111111111111,0.011574074074074073
510.0,0.00030356404022313654,0.0,0.0,0.0,0.003472222222222222,0.025297003351928044
511.0,0.00011771510617109016,0.0,0.0,0.0,0.0,0.009809592180924179
512.0,0.00028712209314107895,0.0,0.0,0.0,0.001736111111111111,0.023926841095089912
513.0,9.385016892338172e-05,0.0,0.0,0.0,0.0,0.007820847410281809
514.0,1.4297379493655171e-06,0.0,0.0,0.0,0.0,0.0001191448291137931
515.0,1.4297379493655171e-06,0.0,0.0,0.0,0.0,0.0001191448291137931
516.0,1.4064278730074875e-05,0.0,0.0,0.0,0.0,0.0011720232275062397
517.0,4.765791743466252e-07,0.0,0.0,0.0,0.0,3.9714931195552104e-05
518.0,4.765791743466252e-07,0.0,0.0,0.0,0.0,3.9714931195552104e-05
519.0,8.668639929965138e-05,0.0,0.0,0.0,0.003472222222222222,0.023148148148148147
520.0,4.765791743466252e-07,0.0,0.0,0.0,0.0,3.9714931195552104e-05
521.0,4.765791743466252e-07,0.0,0.0,0.0,0.0,3.9714931195552104e-05
522.0,4.765791743466252e-07,0.0,0.0,0.0,0.0,3.9714931195552104e-05
523.0,4.765791743466252e-07,0.0,0.0,0.0,0.0,3.9714931195552104e-05
524.0,1.446758915335522e-06,0.0,0.0,0.0,0.0,0.00012056324294462684
525.0,4.765791743466252e-07,0.0,0.0,0.0,0.0,3.9714931195552104e-05
526.0,4.765791743466252e-07,0.0,0.0,0.0,0.0,3.9714931195552104e-05
527.0,4.765791743466252e-07,0.0,0.0,0.0,0.0,3.9714931195552104e-05
528.0,0.00017252172983717173,0.0,0.0,0.0,0.0,0.01437681081976431
529.0,3.412649311940186e-05,0.0,0.0,0.0,0.0,0.0028438744266168214
530.0,4.765791743466252e-07,0.0,0.0,0.0,0.0,3.9714931195552104e-05
531.0,4.765791743466252e-07,0.0,0.0,0.0,0.0,3.9714931195552104e-05
532.0,1.4524915059155319e-05,8.843663636071142e-06,2.4152797777787782e-05,0.0,0.0,0.0012104095882629433
533.0,0.0001609539322089404,8.843663636071142e-06,2.4152797777787782e-05,0.0,0.0,0.013412827684078366
534.0,0.00015795203216839582,0.0,0.0,0.0,0.003472222222222222,0.023148148148148147
535.0,4.765791743466252e-07,0.0,0.0,0.0,0.0,3.9714931195552104e-05
536.0,0.00012568080273922533,0.0,0.0,0.0,0.0,0.010473400228268778
537.0,3.880718577420339e-05,0.0,0.0,0.0,0.0,0.0032339321478502825
538.0,4.765791743466252e-07,0.0,0.0,0.0,0.0,3.9714931195552104e-05
539.0,4.765791743466252e-07,0.0,0.0,0.0,0.0,3.9714931195552104e-05
540.0,4.765791743466252e-07,0.0,0.0,0.0,0.0,3.9714931195552104e-05
541.0,1.3563752645495697e-06,0.0,0.0,0.0,0.0,0.00011303127204579747
542.0,4.765791743466252e-07,0.0,0.0,0.0,0.0,3.9714931195552104e-05
543.0,4.765791743466252e-07,0.0,0.0,0.0,0.0,3.9714931195552104e-05
544.0,4.765791743466252e-07,0.0,0.0,0.0,0.0,3.9714931195552104e-05
545.0,4.765791743466252e-07,0.0,0.0,0.0,0.0,3.9714931195552104e-05
546.0,4.765791743466252e-07,0.0,0.0,0.0,0.0,3.9714931195552104e-05
547.0,4.765791743466252e-07,0.0,0.0,0.0,0.0,3.9714931195552104e-05
548.0,0.0001460035127820447,0.0,0.0,0.0,0.0,0.012166959398503726
549.0,9.378401955473237e-06,0.0,0.0,0.0,0.003472222222222222,0.023148148148148147
550.0,4.765791743466252e-07,0.0,0.0,0.0,0.0,3.9714931195552104e-05
551.0,4.765791743466252e-07,0.0,0.0,0.0,0.0,3.9714931195552104e-05
552.0,4.765791743466252e-07,0.0,0.0,0.0,0.0,3.9714931195552104e-05
553.0,4.765791743466252e-07,0.0,0.0,0.0,0.0,3.9714931195552104e-05
554.0,4.765791743466252e-07,0.0,0.0,0.0,0.0,3.9714931195552104e-05
555.0,4.765791743466252e-07,0.0,0.0,0.0,0.0,3.9714931195552104e-05
556.0,4.765791743466252e-07,0.0,0.0,0.0,0.0,3.9714931195552104e-05
557.0,1.1081644515797962e-05,8.843663636071142e-06,2.4152797777787782e-05,0.0,0.0,0.0009234703763164968
558.0,1.1558224287000485e-05,8.843663636071142e-06,2.4152797777787782e-05,0.0,0.0,0.0009631853572500404
559.0,4.765791743466252e-07,0.0,0.0,0.0,0.0,3.9714931195552104e-05
560.0,4.765791743466252e-07,0.0,0.0,0.0,0.0,3.9714931195552104e-05
561.0,4.765791743466252e-07,0.0,0.0,0.0,0.0,3.9714931195552104e-05
562.0,4.765791743466252e-07,0.0,0.0,0.0,0.0,3.9714931195552104e-05
563.0,4.765791743466252e-07,0.0,0.0,0.0,0.0,3.9714931195552104e-05
564.0,4.765791743466252e-07,0.0,0.0,0.0,0.0,3.9714931195552104e-05
565.0,4.765791743466252e-07,0.0,0.0,0.0,0.0,3.9714931195552104e-05
566.0,0.0,0.0,0.0,0.0,0.0,0.0
567.0,4.765791743466252e-07,0.0,0.0,0.0,0.0,3.9714931195552104e-05
568.0,4.765791743466252e-07,0.0,0.0,0.0,0.0,3.9714931195552104e-05
569.0,4.765791743466252e-07,0.0,0.0,0.0,0.0,3.9714931195552104e-05
570.0,4.765791743466252e-07,0.0,0.0,0.0,0.0,3.9714931195552104e-05
571.0,4.765791743466252e-07,0.0,0.0,0.0,0.0,3.9714931195552104e-05
572.0,4.765791743466252e-07,0.0,0.0,0.0,0.0,3.9714931195552104e-05
573.0,4.765791743466252e-07,0.0,0.0,0.0,0.0,3.9714931195552104e-05
574.0,7.880579687480349e-06,0.0,0.0,0.0,0.0,0.0006567149739566958
575.0,4.765791743466252e-07,0.0,0.0,0.0,0.0,3.9714931195552104e-05
576.0,4.765791743466252e-07,0.0,0.0,0.0,0.0,3.9714931195552104e-05
577.0,4.765791743466252e-07,0.0,0.0,0.0,0.0,3.9714931195552104e-05
578.0,4.765791743466252e-07,0.0,0.0,0.0,0.0,3.9714931195552104e-05
579.0,4.765791743466252e-07,0.0,0.0,0.0,0.0,3.9714931195552104e-05
580.0,4.765791743466252e-07,0.0,0.0,0.0,0.0,3.9714931195552104e-05
581.0,4.765791743466252e-07,0.0,0.0,0.0,0.0,3.9714931195552104e-05
582.0,1.1081644515797962e-05,8.843663636071142e-06,2.4152797777787782e-05,0.0,0.0,0.0009234703763164968
583.0,1.1558224287000485e-05,8.843663636071142e-06,2.4152797777787782e-05,0.0,0.0,0.0009631853572500404
584.0,4.765791743466252e-07,0.0,0.0,0.0,0.0,3.9714931195552104e-05
585.0,4.765791743466252e-07,0.0,0.0,0.0,0.0,3.9714931195552104e-05
586.0,4.765791743466252e-07,0.0,0.0,0.0,0.0,3.9714931195552104e-05
587.0,4.765791743466252e-07,0.0,0.0,0.0,0.0,3.9714931195552104e-05
588.0,4.765791743466252e-07,0.0,0.0,0.0,0.0,3.9714931195552104e-05
589.0,4.765791743466252e-07,0.0,0.0,0.0,0.0,3.9714931195552104e-05
590.0,4.765791743466252e-07,0.0,0.0,0.0,0.0,3.9714931195552104e-05
591.0,0.0,0.0,0.0,0.0,0.0,0.0
592.0,4.765791743466252e-07,0.0,0.0,0.0,0.0,3.9714931195552104e-05
593.0,4.765791743466252e-07,0.0,0.0,0.0,0.0,3.9714931195552104e-05
594.0,4.765791743466252e-07,0.0,0.0,0.0,0.0,3.9714931195552104e-05
595.0,4.765791743466252e-07,0.0,0.0,0.0,0.0,3.9714931195552104e-05
596.0,4.765791743466252e-07,0.0,0.0,0.0,0.0,3.9714931195552104e-05
597.0,4.765791743466252e-07,0.0,0.0,0.0,0.0,3.9714931195552104e-05
598.0,4.765791743466252e-07,0.0,0.0,0.0,0.0,3.9714931195552104e-05
599.0,0.0,0.0,0.0,0.0,0.0,0.0
600.0,4.765791743466252e-07,0.0,0.0,0.0,0.0,3.9714931195552104e-05
601.0,4.765791743466252e-07,0.0,0.0,0.0,0.0,3.9714931195552104e-05
602.0,4.765791743466252e-07,0.0,0.0,0.0,0.0,3.9714931195552104e-05
603.0,4.765791743466252e-07,0.0,0.0,0.0,0.0,3.9714931195552104e-05
604.0,4.765791743466252e-07,0.0,0.0,0.0,0.0,3.9714931195552104e-05
605.0,4.765791743466252e-07,0.0,0.0,0.0,0.0,3.9714931195552104e-05
606.0,4.765791743466252e-07,0.0,0.0,0.0,0.0,3.9714931195552104e-05
607.0,1.1081644515797962e-05,8.843663636071142e-06,2.4152797777787782e-05,0.0,0.0,0.0009234703763164968
608.0,1.1558224287000485e-05,8.843663636071142e-06,2.4152797777787782e-05,0.0,0.0,0.0009631853572500404
609.0,4.765791743466252e-07,0.0,0.0,0.0,0.0,3.9714931195552104e-05
610.0,4.765791743466252e-07,0.0,0.0,0.0,0.0,3.9714931195552104e-05
611.0,4.765791743466252e-07,0.0,0.0,0.0,0.0,3.9714931195552104e-05
612.0,4.765791743466252e-07,0.0,0.0,0.0,0.0,3.9714931195552104e-05
613.0,4.765791743466252e-07,0.0,0.0,0.0,0.0,3.9714931195552104e-05
614.0,4.765791743466252e-07,0.0,0.0,0.0,0.0,3.9714931195552104e-05
615.0,4.765791743466252e-07,0.0,0.0,0.0,0.0,3.9714931195552104e-05
616.0,0.0,0.0,0.0,0.0,0.0,0.0
617.0,4.765791743466252e-07,0.0,0.0,0.0,0.0,3.9714931195552104e-05
618.0,4.765791743466252e-07,0.0,0.0,0.0,0.0,3.9714931195552104e-05
619.0,4.765791743466252e-07,0.0,0.0,0.0,0.0,3.9714931195552104e-05
620.0,4.765791743466252e-07,0.0,0.0,0.0,0.0,3.9714931195552104e-05
621.0,4.765791743466252e-07,0.0,0.0,0.0,0.0,3.9714931195552104e-05
622.0,4.765791743466252e-07,0.0,0.0,0.0,0.0,3.9714931195552104e-05
623.0,4.765791743466252e-07,0.0,0.0,0.0,0.0,3.9714931195552104e-05
624.0,0.0,0.0,0.0,0.0,0.0,0.0
625.0,4.765791743466252e-07,0.0,0.0,0.0,0.0,3.9714931195552104e-05
626.0,4.765791743466252e-07,0.0,0.0,0.0,0.0,3.9714931195552104e-05
627.0,4.765791743466252e-07,0.0,0.0,0.0,0.0,3.9714931195552104e-05
628.0,4.765791743466252e-07,0.0,0.0,0.0,0.0,3.9714931195552104e-05
629.0,4.765791743466252e-07,0.0,0.0,0.0,0.0,3.9714931195552104e-05
630.0,4.765791743466252e-07,0.0,0.0,0.0,0.0,3.9714931195552104e-05
631.0,4.765791743466252e-07,0.0,0.0,0.0,0.0,3.9714931195552104e-05
632.0,1.1081644515797962e-05,8.843663636071142e-06,2.4152797777787782e-05,0.0,0.0,0.0009234703763164968
633.0,1.1558224287000485e-05,8.843663636071142e-06,2.4152797777787782e-05,0.0,0.0,0.0009631853572500404
634.0,4.765791743466252e-07,0.0,0.0,0.0,0.0,3.9714931195552104e-05
635.0,4.765791743466252e-07,0.0,0.0,0.0,0.0,3.9714931195552104e-05
636.0,4.765791743466252e-07,0.0,0.0,0.0,0.0,3.9714931195552104e-05
637.0,4.765791743466252e-07,0.0,0.0,0.0,0.0,3.9714931195552104e-05
638.0,4.765791743466252e-07,0.0,0.0,0.0,0.0,3.9714931195552104e-05
639.0,4.765791743466252e-07,0.0,0.0,0.0,0.0,3.9714931195552104e-05
640.0,4.765791743466252e-07,0.0,0.0,0.0,0.0,3.9714931195552104e-05
641.0,0.0,0.0,0.0,0.0,0.0,0.0
642.0,4.765791743466252e-07,0.0,0.0,0.0,0.0,3.9714931195552104e-05
643.0,4.765791743466252e-07,0.0,0.0,0.0,0.0,3.9714931195552104e-05
644.0,4.765791743466252e-07,0.0,0.0,0.0,0.0,3.9714931195552104e-05
645.0,4.765791743466252e-07,0.0,0.0,0.0,0.0,3.9714931195552104e-05
646.0,4.765791743466252e-07,0.0,0.0,0.0,0.0,3.9714931195552104e-05
647.0,4.765791743466252e-07,0.0,0.0,0.0,0.0,3.9714931195552104e-05
648.0,4.765791743466252e-07,0.0,0.0,0.0,0.0,3.9714931195552104e-05
649.0,0.0,0.0,0.0,0.0,0.0,0.0
650.0,4.765791743466252e-07,0.0,0.0,0.0,0.0,3.9714931195552104e-05
651.0,4.765791743466252e-07,0.0,0.0,0.0,0.0,3.9714931195552104e-05
652.0,4.765791743466252e-07,0.0,0.0,0.0,0.0,3.9714931195552104e-05
653.0,4.765791743466252e-07,0.0,0.0,0.0,0.0,3.9714931195552104e-05
654.0,4.765791743466252e-07,0.0,0.0,0.0,0.0,3.9714931195552104e-05
655.0,4.765791743466252e-07,0.0,0.0,0.0,0.0,3.9714931195552104e-05
656.0,4.765791743466252e-07,0.0,0.0,0.0,0.0,3.9714931195552104e-05
657.0,1.1081644515797962e-05,8.843663636071142e-06,2.4152797777787782e-05,0.0,0.0,0.0009234703763164968
658.0,1.1558224287000485e-05,8.843663636071142e-06,2.4152797777787782e-05,0.0,0.0,0.0009631853572500404
659.0,1.977804822672624e-05,0.0,0.0,0.0,0.0,0.00164817068556052
660.0,1.242509824805893e-06,0.0,0.0,0.0,0.0,0.00010354248540049109
661.0,4.765791743466252e-07,0.0,0.0,0.0,0.0,3.9714931195552104e-05
662.0,4.765791743466252e-07,0.0,0.0,0.0,0.0,3.9714931195552104e-05
663.0,4.765791743466252e-07,0.0,0.0,0.0,0.0,3.9714931195552104e-05
664.0,4.765791743466252e-07,0.0,0.0,0.0,0.0,3.9714931195552104e-05
665.0,4.765791743466252e-07,0.0,0.0,0.0,0.0,3.9714931195552104e-05
666.0,4.187090780760627e-06,0.0,0.0,0.0,0.0,0.00034892423173005227
667.0,4.765791743466252e-07,0.0,0.0,0.0,0.0,3.9714931195552104e-05
668.0,4.765791743466252e-07,0.0,0.0,0.0,0.0,3.9714931195552104e-05
669.0,4.765791743466252e-07,0.0,0.0,0.0,0.0,3.9714931195552104e-05
670.0,4.765791743466252e-07,0.0,0.0,0.0,0.0,3.9714931195552104e-05
671.0,4.765791743466252e-07,0.0,0.0,0.0,0.0,3.9714931195552104e-05
672.0,4.765791743466252e-07,0.0,0.0,0.0,0.0,3.9714931195552104e-05
673.0,4.765791743466252e-07,0.0,0.0,0.0,0.0,3.9714931195552104e-05
674.0,0.0,0.0,0.0,0.0,0.0,0.0
675.0,4.765791743466252e-07,0.0,0.0,0.0,0.0,3.9714931195552104e-05
676.0,4.765791743466252e-07,0.0,0.0,0.0,0.0,3.9714931195552104e-05
677.0,4.765791743466252e-07,0.0,0.0,0.0,0.0,3.9714931195552104e-05
678.0,4.765791743466252e-07,0.0,0.0,0.0,0.0,3.9714931195552104e-05
679.0,4.765791743466252e-07,0.0,0.0,0.0,0.0,3.9714931195552104e-05
680.0,4.765791743466252e-07,0.0,0.0,0.0,0.0,3.9714931195552104e-05
681.0,4.765791743466252e-07,0.0,0.0,0.0,0.0,3.9714931195552104e-05
682.0,1.1149728379677981e-05,8.843663636071142e-06,2.4152797777787782e-05,0.0,0.0,0.0009291440316398317
683.0,1.1626308150880504e-05,8.843663636071142e-06,2.4152797777787782e-05,0.0,0.0,0.0009688590125733754
684.0,4.765791743466252e-07,0.0,0.0,0.0,0.0,3.9714931195552104e-05
685.0,4.765791743466252e-07,0.0,0.0,0.0,0.0,3.9714931195552104e-05
686.0,4.765791743466252e-07,0.0,0.0,0.0,0.0,3.9714931195552104e-05
687.0,4.765791743466252e-07,0.0,0.0,0.0,0.0,3.9714931195552104e-05
688.0,4.765791743466252e-07,0.0,0.0,0.0,0.0,3.9714931195552104e-05
689.0,4.765791743466252e-07,0.0,0.0,0.0,0.0,3.9714931195552104e-05
690.0,4.765791743466252e-07,0.0,0.0,0.0,0.0,3.9714931195552104e-05
691.0,0.0,0.0,0.0,0.0,0.0,0.0
692.0,4.765791743466252e-07,0.0,0.0,0.0,0.0,3.9714931195552104e-05
693.0,4.765791743466252e-07,0.0,0.0,0.0,0.0,3.9714931195552104e-05
694.0,4.765791743466252e-07,0.0,0.0,0.0,0.0,3.9714931195552104e-05
695.0,4.765791743466252e-07,0.0,0.0,0.0,0.0,3.9714931195552104e-05
696.0,4.765791743466252e-07,0.0,0.0,0.0,0.0,3.9714931195552104e-05
697.0,4.765791743466252e-07,0.0,0.0,0.0,0.0,3.9714931195552104e-05
698.0,4.765791743466252e-07,0.0,0.0,0.0,0.0,3.9714931195552104e-05
699.0,0.0,0.0,0.0,0.0,0.0,0.0
700.0,4.765791743466252e-07,0.0,0.0,0.0,0.0,3.9714931195552104e-05
701.0,4.765791743466252e-07,0.0,0.0,0.0,0.0,3.9714931195552104e-05
702.0,4.765791743466252e-07,0.0,0.0,0.0,0.0,3.9714931195552104e-05
703.0,4.765791743466252e-07,0.0,0.0,0.0,0.0,3.9714931195552104e-05
704.0,4.765791743466252e-07,0.0,0.0,0.0,0.0,3.9714931195552104e-05
705.0,4.765791743466252e-07,0.0,0.0,0.0,0.0,3.9714931195552104e-05
706.0,4.765791743466252e-07,0.0,0.0,0.0,0.0,3.9714931195552104e-05
707.0,1.1149728379677981e-05,8.843663636071142e-06,2.4152797777787782e-05,0.0,0.0,0.0009291440316398317
708.0,1.1626308150880504e-05,8.843663636071142e-06,2.4152797777787782e-05,0.0,0.0,0.0009688590125733754
709.0,4.765791743466252e-07,0.0,0.0,0.0,0.0,3.9714931195552104e-05
710.0,4.765791743466252e-07,0.0,0.0,0.0,0.0,3.9714931195552104e-05
711.0,4.765791743466252e-07,0.0,0.0,0.0,0.0,3.9714931195552104e-05
712.0,4.765791743466252e-07,0.0,0.0,0.0,0.0,3.9714931195552104e-05
713.0,4.765791743466252e-07,0.0,0.0,0.0,0.0,3.9714931195552104e-05
714.0,4.765791743466252e-07,0.0,0.0,0.0,0.0,3.9714931195552104e-05
715.0,4.765791743466252e-07,0.0,0.0,0.0,0.0,3.9714931195552104e-05
716.0,0.0,0.0,0.0,0.0,0.0,0.0
717.0,4.765791743466252e-07,0.0,0.0,0.0,0.0,3.9714931195552104e-05
718.0,4.765791743466252e-07,0.0,0.0,0.0,0.0,3.9714931195552104e-05
719.0,4.765791743466252e-07,0.0,0.0,0.0,0.0,3.9714931195552104e-05
720.0,4.765791743466252e-07,0.0,0.0,0.0,0.0,3.9714931195552104e-05
721.0,4.765791743466252e-07,0.0,0.0,0.0,0.0,3.9714931195552104e-05
722.0,4.765791743466252e-07,0.0,0.0,0.0,0.0,3.9714931195552104e-05
723.0,4.765791743466252e-07,0.0,0.0,0.0,0.0,3.9714931195552104e-05
724.0,0.0,0.0,0.0,0.0,0.0,0.0
725.0,4.765791743466252e-07,0.0,0.0,0.0,0.0,3.9714931195552104e-05
726.0,4.765791743466252e-07,0.0,0.0,0.0,0.0,3.9714931195552104e-05
727.0,4.765791743466252e-07,0.0,0.0,0.0,0.0,3.9714931195552104e-05
728.0,4.765791743466252e-07,0.0,0.0,0.0,0.0,3.9714931195552104e-05
729.0,4.765791743466252e-07,0.0,0.0,0.0,0.0,3.9714931195552104e-05
730.0,4.765791743466252e-07,0.0,0.0,0.0,0.0,3.9714931195552104e-05
731.0,4.765791743466252e-07,0.0,0.0,0.0,0.0,3.9714931195552104e-05
732.0,1.1149728379677981e-05,8.843663636071142e-06,2.4152797777787782e-05,0.0,0.0,0.0009291440316398317
733.0,1.1626308150880504e-05,8.843663636071142e-06,2.4152797777787782e-05,0.0,0.0,0.0009688590125733754
734.0,4.765791743466252e-07,0.0,0.0,0.0,0.0,3.9714931195552104e-05
735.0,4.765791743466252e-07,0.0,0.0,0.0,0.0,3.9714931195552104e-05
736.0,4.765791743466252e-07,0.0,0.0,0.0,0.0,3.9714931195552104e-05
737.0,4.765791743466252e-07,0.0,0.0,0.0,0.0,3.9714931195552104e-05
738.0,4.765791743466252e-07,0.0,0.0,0.0,0.0,3.9714931195552104e-05
739.0,4.765791743466252e-07,0.0,0.0,0.0,0.0,3.9714931195552104e-05
740.0,4.765791743466252e-07,0.0,0.0,0.0,0.0,3.9714931195552104e-05
741.0,0.0,0.0,0.0,0.0,0.0,0.0
742.0,4.765791743466252e-07,0.0,0.0,0.0,0.0,3.9714931195552104e-05
743.0,4.765791743466252e-07,0.0,0.0,0.0,0.0,3.9714931195552104e-05
744.0,4.765791743466252e-07,0.0,0.0,0.0,0.0,3.9714931195552104e-05
745.0,4.765791743466252e-07,0.0,0.0,0.0,0.0,3.9714931195552104e-05
746.0,4.765791743466252e-07,0.0,0.0,0.0,0.0,3.9714931195552104e-05
747.0,4.765791743466252e-07,0.0,0.0,0.0,0.0,3.9714931195552104e-05
748.0,4.765791743466252e-07,0.0,0.0,0.0,0.0,3.9714931195552104e-05
749.0,0.0,0.0,0.0,0.0,0.0,0.0
750.0,4.765791743466252e-07,0.0,0.0,0.0,0.0,3.9714931195552104e-05
751.0,4.765791743466252e-07,0.0,0.0,0.0,0.0,3.9714931195552104e-05
752.0,4.765791743466252e-07,0.0,0.0,0.0,0.0,3.9714931195552104e-05
753.0,4.765791743466252e-07,0.0,0.0,0.0,0.0,3.9714931195552104e-05
754.0,4.765791743466252e-07,0.0,0.0,0.0,0.0,3.9714931195552104e-05
755.0,4.765791743466252e-07,0.0,0.0,0.0,0.0,3.9714931195552104e-05
756.0,4.765791743466252e-07,0.0,0.0,0.0,0.0,3.9714931195552104e-05
757.0,1.1149728379677981e-05,8.843663636071142e-06,2.4152797777787782e-05,0.0,0.0,0.0009291440316398317
758.0,1.1626308150880504e-05,8.843663636071142e-06,2.4152797777787782e-05,0.0,0.0,0.0009688590125733754
759.0,4.765791743466252e-07,0.0,0.0,0.0,0.0,3.9714931195552104e-05
760.0,4.765791743466252e-07,0.0,0.0,0.0,0.0,3.9714931195552104e-05
761.0,4.765791743466252e-07,0.0,0.0,0.0,0.0,3.9714931195552104e-05
762.0,0.04618072509765625,0.013102797791361809,0.0,0.0007749529904685915,0.2881944444444444,3.8483937581380205
763.0,0.0,0.0,0.0,0.0,0.0,0.0
764.0,0.0,0.0,0.0,0.0,0.0,0.0
765.0,0.0,0.0,0.0,0.0,0.0,0.0
766.0,0.0,0.0,0.0,0.0,0.0,0.0
767.0,0.0,0.0,0.0,0.0,0.0,0.0
768.0,0.0,0.0,0.0,0.0,0.0,0.0
769.0,0.0,0.0,0.0,0.0,0.0,0.0
770.0,5.046140813647071e-06,4.090283255209215e-06,1.557855102873873e-05,0.0,0.0,0.00042051173447058926
771.0,5.046140813647071e-06,4.090283255209215e-06,1.557855102873873e-05,0.0,0.0,0.00042051173447058926
772.0,0.0,0.0,0.0,0.0,0.0,0.0
773.0,0.0,0.0,0.0,0.0,0.0,0.0
774.0,0.0,0.0,0.0,0.0,0.0,0.0
775.0,0.0,0.0,0.0,0.0,0.0,0.0
776.0,0.0,0.0,0.0,0.0,0.0,0.0
777.0,0.0,0.0,0.0,0.0,0.0,0.0
778.0,0.0,0.0,0.0,0.0,0.0,0.0
779.0,0.0,0.0,0.0,0.0,0.0,0.0
780.0,0.0,0.0,0.0,0.0,0.0,0.0
781.0,0.0,0.0,0.0,0.0,0.0,0.0
782.0,0.0,0.0,0.0,0.0,0.0,0.0
783.0,0.0,0.0,0.0,0.0,0.0,0.0
784.0,0.0,0.0,0.0,0.0,0.0,0.0
785.0,0.0,0.0,0.0,0.0,0.0,0.0
786.0,0.0,0.0,0.0,0.0,0.0,0.0
787.0,0.0,0.0,0.0,0.0,0.0,0.0
788.0,0.0,0.0,0.0,0.0,0.0,0.0
789.0,0.0,0.0,0.0,0.0,0.0,0.0
790.0,0.0,0.0,0.0,0.0,0.0,0.0
791.0,0.0,0.0,0.0,0.0,0.0,0.0
792.0,0.0,0.0,0.0,0.0,0.0,0.0
793.0,0.0011026646243408322,0.0010020731715485454,2.828946207955596e-06,0.0,0.029513888888888888,0.19675925925925927
794.0,0.00044796764268539846,0.0016464596847072244,0.0,0.0,0.008680555555555556,0.05787037037037038
795.0,0.00027111658710055053,3.116439620498568e-05,1.75696550286375e-05,0.0,0.003472222222222222,0.023148148148148147
796.0,0.0005592569359578192,4.200340754323406e-06,1.557855102873873e-05,0.0,0.015625,0.10416666666666667
797.0,0.00011381739022908732,0.0,0.0,0.0,0.0,0.00948478251909061
798.0,0.0,0.0,0.0,0.0,0.0,0.0
799.0,0.0,0.0,0.0,0.0,0.0,0.0
800.0,2.9326654839678667e-05,0.0,0.0,0.0,0.0,0.0024438879033065555
801.0,7.771648961352184e-05,0.0,0.0,0.0,0.0,0.006476374134460154
802.0,0.0,0.0,0.0,0.0,0.0,0.0
803.0,0.0,0.0,0.0,0.0,0.0,0.0
804.0,0.00010877926251851022,0.0,0.0,0.0,0.0,0.009064938543209186
805.0,2.485021695974865e-06,0.0,0.0,0.0,0.0,0.00020708514133123876
806.0,7.941856165416539e-05,0.0,0.0,0.0,0.0,0.006618213471180449
807.0,0.00012513613910414279,0.0,0.0,0.0,0.003472222222222222,0.023148148148148147
808.0,0.00024065558682195842,0.0,0.0,0.0,0.001736111111111111,0.0200546322351632
809.0,0.0001304295874433592,0.0,0.0,0.0,0.0,0.0108691322869466
810.0,0.0,0.0,0.0,0.0,0.0,0.0
811.0,0.0,0.0,0.0,0.0,0.0,0.0
812.0,0.00010016678425017744,0.0,0.0,0.0,0.0,0.00834723202084812
813.0,1.821214573283214e-05,0.0,0.0,0.0,0.0,0.001517678811069345
814.0,0.0,0.0,0.0,0.0,0.0,0.0
815.0,0.0,0.0,0.0,0.0,0.0,0.0
816.0,0.0,0.0,0.0,0.0,0.0,0.0
817.0,0.00013722083531320095,0.0,0.0,0.0,0.001736111111111111,0.011574074074074073
818.0,0.0004326660418882966,0.0,0.0,0.0,0.010416666666666666,0.06944444444444445
819.0,0.00011808957788161933,0.0,0.0,0.0,0.0,0.009840798156801611
820.0,1.16671908472199e-05,4.200340754323406e-06,1.557855102873873e-05,0.0,0.0,0.0009722659039349916
821.0,4.9440145630796906e-06,4.200340754323406e-06,1.557855102873873e-05,0.0,0.0,0.0004120012135899742
822.0,0.0,0.0,0.0,0.0,0.0,0.0
823.0,4.255173553247005e-05,0.0,0.0,0.0,0.0,0.0035459779610391706
824.0,0.00016700704873073846,0.0,0.0,0.0,0.0,0.013917254060894871
825.0,2.3999193672352703e-06,0.0,0.0,0.0,0.0,0.0001999932806029392
826.0,6.986994412727654e-05,0.0,0.0,0.0,0.0,0.005822495343939711
827.0,0.0001959422224899754,0.0,0.0,0.0,0.003472222222222222,0.023148148148148147
828.0,0.00033986923517659307,0.0,0.0,0.0,0.005208333333333333,0.034722222222222224
829.0,2.1446077880682424e-05,0.0,0.0,0.0,0.0,0.0017871731567235352
830.0,0.00014193558308761567,0.0,0.0,0.0,0.0,0.011827965257301306
831.0,0.0,0.0,0.0,0.0,0.0,0.0
832.0,9.453293023398146e-05,0.0,0.0,0.0,0.001736111111111111,0.011574074074074073
833.0,0.0001847085659392178,0.0,0.0,0.0,0.0,0.015392380494934816
834.0,0.0001903594529721886,0.0,0.0,0.0,0.001736111111111111,0.01586328774768238
835.0,0.0,0.0,0.0,0.0,0.0,0.0
836.0,0.0,0.0,0.0,0.0,0.0,0.0
837.0,1.0280504284310155e-05,0.0,0.0,0.0,0.0,0.0008567086903591795
838.0,0.0,0.0,0.0,0.0,0.0,0.0
839.0,0.0,0.0,0.0,0.0,0.0,0.0
840.0,0.0,0.0,0.0,0.0,0.0,0.0
841.0,0.0,0.0,0.0,0.0,0.0,0.0
842.0,0.0,0.0,0.0,0.0,0.0,0.0
843.0,0.0,0.0,0.0,0.0,0.0,0.0
844.0,0.0,0.0,0.0,0.0,0.0,0.0
845.0,5.965257514617406e-06,4.200340754323406e-06,1.557855102873873e-05,0.0,0.0,0.0004971047928847838
846.0,5.965257514617406e-06,4.200340754323406e-06,1.557855102873873e-05,0.0,0.0,0.0004971047928847838
847.0,0.0,0.0,0.0,0.0,0.0,0.0
848.0,0.0,0.0,0.0,0.0,0.0,0.0
849.0,0.0,0.0,0.0,0.0,0.0,0.0
850.0,0.0,0.0,0.0,0.0,0.0,0.0
851.0,0.0,0.0,0.0,0.0,0.0,0.0
852.0,0.0,0.0,0.0,0.0,0.0,0.0
853.0,0.00018407880270387977,0.0,0.0,0.0,0.001736111111111111,0.015339900225323314
854.0,0.00019437630544416606,0.0,0.0,0.0,0.0,0.016198025453680504
855.0,0.00014234406989999115,0.0,0.0,0.0,0.003472222222222222,0.023148148148148147
856.0,0.00010091571311932057,0.0,0.0,0.0,0.0,0.008409642759943381
857.0,0.0,0.0,0.0,0.0,0.0,0.0
858.0,0.0,0.0,0.0,0.0,0.0,0.0
859.0,0.0,0.0,0.0,0.0,0.0,0.0
860.0,0.0,0.0,0.0,0.0,0.0,0.0
861.0,0.0,0.0,0.0,0.0,0.0,0.0
862.0,6.672120434814133e-06,0.0,0.0,0.0,0.0,0.0005560100362345111
863.0,0.0,0.0,0.0,0.0,0.0,0.0
864.0,0.0,0.0,0.0,0.0,0.0,0.0
865.0,0.0,0.0,0.0,0.0,0.0,0.0
866.0,0.0,0.0,0.0,0.0,0.0,0.0
867.0,0.0,0.0,0.0,0.0,0.0,0.0
868.0,0.0,0.0,0.0,0.0,0.0,0.0
869.0,0.0,0.0,0.0,0.0,0.0,0.0
870.0,6.067381491448032e-06,4.200340754323406e-06,1.557855102873873e-05,0.0,0.0,0.000505615124287336
871.0,8.943879947764799e-06,4.200340754323406e-06,1.557855102873873e-05,0.0,0.0,0.0007453233289803999
872.0,0.0,0.0,0.0,0.0,0.0,0.0
873.0,0.0,0.0,0.0,0.0,0.0,0.0
874.0,0.0,0.0,0.0,0.0,0.0,0.0
875.0,0.0,0.0,0.0,0.0,0.0,0.0
876.0,0.0,0.0,0.0,0.0,0.0,0.0
877.0,0.0,0.0,0.0,0.0,0.0,0.0
878.0,0.0,0.0,0.0,0.0,0.0,0.0
879.0,2.2807732875662623e-06,0.0,0.0,0.0,0.0,0.00019006444063052186
880.0,0.0,0.0,0.0,0.0,0.0,0.0
881.0,0.0,0.0,0.0,0.0,0.0,0.0
882.0,0.0,0.0,0.0,0.0,0.0,0.0
883.0,0.0,0.0,0.0,0.0,0.0,0.0
884.0,0.0,0.0,0.0,0.0,0.0,0.0
885.0,0.0,0.0,0.0,0.0,0.0,0.0
886.0,0.0,0.0,0.0,0.0,0.0,0.0
887.0,0.0,0.0,0.0,0.0,0.0,0.0
888.0,0.0,0.0,0.0,0.0,0.0,0.0
889.0,0.0,0.0,0.0,0.0,0.0,0.0
890.0,0.0,0.0,0.0,0.0,0.0,0.0
891.0,0.0,0.0,0.0,0.0,0.0,0.0
892.0,0.0,0.0,0.0,0.0,0.0,0.0
893.0,0.0,0.0,0.0,0.0,0.0,0.0
894.0,0.0,0.0,0.0,0.0,0.0,0.0
895.0,6.033340014255373e-06,4.200340754323406e-06,1.557855102873873e-05,0.0,0.0,0.0005027783345212811
896.0,6.033340014255373e-06,4.200340754323406e-06,1.557855102873873e-05,0.0,0.0,0.0005027783345212811
897.0,0.0,0.0,0.0,0.0,0.0,0.0
898.0,0.0,0.0,0.0,0.0,0.0,0.0
899.0,0.0,0.0,0.0,0.0,0.0,0.0
900.0,0.0,0.0,0.0,0.0,0.0,0.0
901.0,0.0,0.0,0.0,0.0,0.0,0.0
902.0,0.0,0.0,0.0,0.0,0.0,0.0
903.0,0.0,0.0,0.0,0.0,0.0,0.0
904.0,0.0,0.0,0.0,0.0,0.0,0.0
905.0,0.0,0.0,0.0,0.0,0.0,0.0
906.0,0.0,0.0,0.0,0.0,0.0,0.0
907.0,0.0,0.0,0.0,0.0,0.0,0.0
908.0,0.0,0.0,0.0,0.0,0.0,0.0
909.0,0.0,0.0,0.0,0.0,0.0,0.0
910.0,0.0,0.0,0.0,0.0,0.0,0.0
911.0,0.0,0.0,0.0,0.0,0.0,0.0
912.0,0.0,0.0,0.0,0.0,0.0,0.0
913.0,0.043997786939144135,0.04380832612514496,2.4152797777787782e-05,0.0004007741517852992,0.3854166666666667,3.6664822449286776
914.0,7.1403228503186256e-06,9.642708391766064e-06,2.4152797777787782e-05,0.0,0.0,0.0005950269041932188
915.0,0.0,0.0,0.0,0.0,0.0,0.0
916.0,0.0,0.0,0.0,0.0,0.0,0.0
917.0,0.0,0.0,0.0,0.0,0.0,0.0
918.0,0.0,0.0,0.0,0.0,0.0,0.0
919.0,0.0,0.0,0.0,0.0,0.0,0.0
920.0,0.0,0.0,0.0,0.0,0.0,0.0
921.0,0.0,0.0,0.0,0.0,0.0,0.0
922.0,0.0,0.0,0.0,0.0,0.0,0.0
923.0,0.0,0.0,0.0,0.0,0.0,0.0
924.0,0.0,0.0,0.0,0.0,0.0,0.0
925.0,0.0,0.0,0.0,0.0,0.0,0.0
926.0,0.0,0.0,0.0,0.0,0.0,0.0
927.0,0.0,0.0,0.0,0.0,0.0,0.0
928.0,0.0,0.0,0.0,0.0,0.0,0.0
929.0,0.0,0.0,0.0,0.0,0.0,0.0
930.0,0.0,0.0,0.0,0.0,0.0,0.0
931.0,1.839937067416031e-05,0.0,0.0,0.0,0.001736111111111111,0.011574074074074073
932.0,0.000300534360576421,0.0,0.0,0.0,0.003472222222222222,0.025044530048035085
933.0,0.0002578635176178068,0.0,0.0,0.0,0.001736111111111111,0.021488626468150567
934.0,0.0002634463016875088,0.0,0.0,0.0,0.005208333333333333,0.034722222222222224
935.0,0.00031083193607628345,0.0,0.0,0.0,0.005208333333333333,0.034722222222222224
936.0,0.0002763480006251484,0.0,0.0,0.0,0.005208333333333333,0.034722222222222224
937.0,0.00020678440341725945,0.0,0.0,0.0,0.003472222222222222,0.023148148148148147
938.0,2.125047285517212e-05,9.642708391766064e-06,2.4152797777787782e-05,0.0,0.001736111111111111,0.011574074074074073
939.0,5.8815141528612e-05,9.642708391766064e-06,2.4152797777787782e-05,0.0,0.005208333333333333,0.034722222222222224
940.0,3.4262655390193686e-05,0.0,0.0,0.0,0.001736111111111111,0.011574074074074073
941.0,0.00019781451555900276,0.0,0.0,0.0,0.005208333333333333,0.034722222222222224
942.0,0.0001599775132490322,0.0,0.0,0.0,0.003472222222222222,0.023148148148148147
943.0,0.0002526211319491267,0.0,0.0,0.0,0.003472222222222222,0.023148148148148147
944.0,7.160605309763923e-05,0.0,0.0,0.0,0.003472222222222222,0.023148148148148147
945.0,0.0,0.0,0.0,0.0,0.0,0.0
946.0,0.00019779748981818557,0.0,0.0,0.0,0.001736111111111111,0.016483124151515465
947.0,0.0001227191969519481,0.0,0.0,0.0,0.001736111111111111,0.011574074074074073
948.0,0.00020428237621672451,0.0,0.0,0.0,0.001736111111111111,0.01702353135139371
949.0,0.00024662987561896443,0.0,0.0,0.0,0.001736111111111111,0.0205524896349137
950.0,0.0,0.0,0.0,0.0,0.0,0.0
951.0,8.605662151239812e-05,0.0,0.0,0.0,0.001736111111111111,0.011574074074074073
952.0,0.0,0.0,0.0,0.0,0.0,0.0
953.0,0.0,0.0,0.0,0.0,0.0,0.0
954.0,8.510374271963883e-08,0.0,0.0,0.0,0.0,7.0919785599699026e-06
955.0,7.45507531973999e-06,0.0,0.0,0.0,0.0,0.0006212562766449992
956.0,0.0,0.0,0.0,0.0,0.0,0.0
957.0,0.0,0.0,0.0,0.0,0.0,0.0
958.0,0.0,0.0,0.0,0.0,0.0,0.0
959.0,0.0,0.0,0.0,0.0,0.0,0.0
960.0,0.0,0.0,0.0,0.0,0.0,0.0
961.0,0.0,0.0,0.0,0.0,0.0,0.0
962.0,0.0,0.0,0.0,0.0,0.0,0.0
963.0,8.3147497207392e-06,9.642708391766064e-06,2.4152797777787782e-05,0.0,0.0,0.0006928958100616001
964.0,8.3147497207392e-06,9.642708391766064e-06,2.4152797777787782e-05,0.0,0.0,0.0006928958100616001
965.0,0.0,0.0,0.0,0.0,0.0,0.0
966.0,0.0,0.0,0.0,0.0,0.0,0.0
967.0,0.0,0.0,0.0,0.0,0.0,0.0
968.0,0.0,0.0,0.0,0.0,0.0,0.0
969.0,0.0,0.0,0.0,0.0,0.0,0.0
970.0,0.0,0.0,0.0,0.0,0.0,0.0
971.0,0.0,0.0,0.0,0.0,0.0,0.0
972.0,0.0032539654057472944,0.0,0.0,0.0,0.05555555555555555,0.37037037037037035
973.0,0.0,0.0,0.0,0.0,0.0,0.0
974.0,0.0,0.0,0.0,0.0,0.0,0.0
975.0,0.0,0.0,0.0,0.0,0.0,0.0
976.0,0.0,0.0,0.0,0.0,0.0,0.0
977.0,0.0,0.0,0.0,0.0,0.0,0.0
978.0,0.0,0.0,0.0,0.0,0.0,0.0
979.0,0.0,0.0,0.0,0.0,0.0,0.0
980.0,0.0,0.0,0.0,0.0,0.0,0.0
981.0,0.0,0.0,0.0,0.0,0.0,0.0
982.0,0.0,0.0,0.0,0.0,0.0,0.0
983.0,0.0,0.0,0.0,0.0,0.0,0.0
984.0,0.0,0.0,0.0,0.0,0.0,0.0
985.0,0.0,0.0,0.0,0.0,0.0,0.0
986.0,0.0,0.0,0.0,0.0,0.0,0.0
987.0,0.0,0.0,0.0,0.0,0.0,0.0
988.0,7.1403228503186256e-06,9.642708391766064e-06,2.4152797777787782e-05,0.0,0.0,0.0005950269041932188
989.0,7.1403228503186256e-06,9.642708391766064e-06,2.4152797777787782e-05,0.0,0.0,0.0005950269041932188
990.0,0.0,0.0,0.0,0.0,0.0,0.0
991.0,0.0,0.0,0.0,0.0,0.0,0.0
992.0,0.0,0.0,0.0,0.0,0.0,0.0
993.0,0.0,0.0,0.0,0.0,0.0,0.0
994.0,0.0,0.0,0.0,0.0,0.0,0.0
995.0,0.0,0.0,0.0,0.0,0.0,0.0
996.0,0.0,0.0,0.0,0.0,0.0,0.0
997.0,0.0,0.0,0.0,0.0,0.0,0.0
998.0,0.0,0.0,0.0,0.0,0.0,0.0
999.0,0.0,0.0,0.0,0.0,0.0,0.0
1000.0,0.0,0.0,0.0,0.0,0.0,0.0
1001.0,0.0,0.0,0.0,0.0,0.0,0.0
1002.0,0.0,0.0,0.0,0.0,0.0,0.0
1003.0,0.0,0.0,0.0,0.0,0.0,0.0
1004.0,0.0,0.0,0.0,0.0,0.0,0.0
1005.0,0.0,0.0,0.0,0.0,0.0,0.0
1006.0,0.0,0.0,0.0,0.0,0.0,0.0
1007.0,0.0,0.0,0.0,0.0,0.0,0.0
1008.0,0.0,0.0,0.0,0.0,0.0,0.0
1009.0,0.0,0.0,0.0,0.0,0.0,0.0
1010.0,0.0,0.0,0.0,0.0,0.0,0.0
1011.0,0.0,0.0,0.0,0.0,0.0,0.0
1012.0,0.0,0.0,0.0,0.0,0.0,0.0
1013.0,7.1403228503186256e-06,9.642708391766064e-06,2.4152797777787782e-05,0.0,0.0,0.0005950269041932188
1014.0,7.1403228503186256e-06,9.642708391766064e-06,2.4152797777787782e-05,0.0,0.0,0.0005950269041932188
1015.0,0.0,0.0,0.0,0.0,0.0,0.0
1016.0,0.0,0.0,0.0,0.0,0.0,0.0
1017.0,0.0,0.0,0.0,0.0,0.0,0.0
1018.0,0.0,0.0,0.0,0.0,0.0,0.0
1019.0,0.0,0.0,0.0,0.0,0.0,0.0
1020.0,0.0,0.0,0.0,0.0,0.0,0.0
1021.0,0.0,0.0,0.0,0.0,0.0,0.0
1022.0,0.0,0.0,0.0,0.0,0.0,0.0
1023.0,0.0,0.0,0.0,0.0,0.0,0.0
1024.0,0.0,0.0,0.0,0.0,0.0,0.0
1025.0,0.0,0.0,0.0,0.0,0.0,0.0
1026.0,0.0,0.0,0.0,0.0,0.0,0.0
1027.0,0.0,0.0,0.0,0.0,0.0,0.0
1028.0,0.0,0.0,0.0,0.0,0.0,0.0
1029.0,0.0,0.0,0.0,0.0,0.0,0.0
1030.0,0.0,0.0,0.0,0.0,0.0,0.0
1031.0,0.0,0.0,0.0,0.0,0.0,0.0
1032.0,0.0,0.0,0.0,0.0,0.0,0.0
1033.0,0.0,0.0,0.0,0.0,0.0,0.0
1034.0,0.0,0.0,0.0,0.0,0.0,0.0
1035.0,0.0,0.0,0.0,0.0,0.0,0.0
1036.0,0.0,0.0,0.0,0.0,0.0,0.0
1037.0,0.0,0.0,0.0,0.0,0.0,0.0
1038.0,7.1403228503186256e-06,9.642708391766064e-06,2.4152797777787782e-05,0.0,0.0,0.0005950269041932188
1039.0,7.1403228503186256e-06,9.642708391766064e-06,2.4152797777787782e-05,0.0,0.0,0.0005950269041932188
1040.0,0.0,0.0,0.0,0.0,0.0,0.0
1041.0,0.0,0.0,0.0,0.0,0.0,0.0
1042.0,0.0,0.0,0.0,0.0,0.0,0.0
1043.0,0.0,0.0,0.0,0.0,0.0,0.0
1044.0,0.0,0.0,0.0,0.0,0.0,0.0
1045.0,0.0,0.0,0.0,0.0,0.0,0.0
1046.0,0.0,0.0,0.0,0.0,0.0,0.0
1047.0,0.0,0.0,0.0,0.0,0.0,0.0
1048.0,0.0,0.0,0.0,0.0,0.0,0.0
1049.0,0.0,0.0,0.0,0.0,0.0,0.0
1050.0,0.0,0.0,0.0,0.0,0.0,0.0
1051.0,0.0,0.0,0.0,0.0,0.0,0.0
1052.0,0.0,0.0,0.0,0.0,0.0,0.0
1053.0,0.0,0.0,0.0,0.0,0.0,0.0
1054.0,0.0,0.0,0.0,0.0,0.0,0.0
1055.0,0.0,0.0,0.0,0.0,0.0,0.0
1056.0,0.0,0.0,0.0,0.0,0.0,0.0
1057.0,0.0,0.0,0.0,0.0,0.0,0.0
1058.0,0.0,0.0,0.0,0.0,0.0,0.0
1059.0,0.0,0.0,0.0,0.0,0.0,0.0
1060.0,0.0,0.0,0.0,0.0,0.0,0.0
1061.0,0.00017357702017761767,0.0,0.0,0.0,0.006944444444444444,0.046296296296296294
1062.0,0.0,0.0,0.0,0.0,0.0,0.0
1063.0,0.0002607656642794609,9.642708391766064e-06,2.4152797777787782e-05,0.0,0.003472222222222222,0.023148148148148147
1064.0,0.0002986197068821639,9.642708391766064e-06,2.4152797777787782e-05,0.0,0.005208333333333333,0.034722222222222224
1065.0,6.847424810985103e-05,0.0,0.0,0.0,0.001736111111111111,0.011574074074074073
1066.0,0.0,0.0,0.0,0.0,0.0,0.0
1067.0,0.0,0.0,0.0,0.0,0.0,0.0
1068.0,0.0,0.0,0.0,0.0,0.0,0.0
1069.0,0.0,0.0,0.0,0.0,0.0,0.0
1070.0,0.0,0.0,0.0,0.0,0.0,0.0
1071.0,0.0,0.0,0.0,0.0,0.0,0.0
1072.0,3.999870386905968e-06,0.0,0.0,0.0,0.0,0.000333322532242164
1073.0,0.0,0.0,0.0,0.0,0.0,0.0
1074.0,5.8755435020430014e-05,0.0,0.0,0.0,0.003472222222222222,0.023148148148148147
1075.0,9.642223449191079e-05,0.0,0.0,0.0,0.001736111111111111,0.011574074074074073
1076.0,0.0,0.0,0.0,0.0,0.0,0.0
1077.0,0.0,0.0,0.0,0.0,0.0,0.0
1078.0,0.0,0.0,0.0,0.0,0.0,0.0
1079.0,0.0,0.0,0.0,0.0,0.0,0.0
1080.0,1.9233427792642033e-06,0.0,0.0,0.0,0.0,0.00016027856493868362
1081.0,0.0,0.0,0.0,0.0,0.0,0.0
1082.0,0.0,0.0,0.0,0.0,0.0,0.0
1083.0,0.0,0.0,0.0,0.0,0.0,0.0
1084.0,0.0,0.0,0.0,0.0,0.0,0.0
1085.0,0.0,0.0,0.0,0.0,0.0,0.0
1086.0,0.0,0.0,0.0,0.0,0.0,0.0
1087.0,0.0,0.0,0.0,0.0,0.0,0.0
1088.0,7.412654213112546e-06,9.642708391766064e-06,2.4152797777787782e-05,0.0,0.0,0.0006177211844260455
1089.0,7.412654213112546e-06,9.642708391766064e-06,2.4152797777787782e-05,0.0,0.0,0.0006177211844260455
1090.0,0.0,0.0,0.0,0.0,0.0,0.0
1091.0,0.0,0.0,0.0,0.0,0.0,0.0
1092.0,0.00011213233665330335,0.0,0.0,0.0,0.0,0.00934436138777528
1093.0,9.91285196505487e-05,0.0,0.0,0.0,0.001736111111111111,0.011574074074074073
1094.0,0.0,0.0,0.0,0.0,0.0,0.0
1095.0,0.00021793296036776155,0.0,0.0,0.0,0.003472222222222222,0.023148148148148147
1096.0,9.693285392131656e-05,0.0,0.0,0.0,0.001736111111111111,0.011574074074074073
1097.0,4.9019631660485175e-06,0.0,0.0,0.0,0.0,0.0004084969305040431
1098.0,0.0,0.0,0.0,0.0,0.0,0.0
1099.0,0.0,0.0,0.0,0.0,0.0,0.0
1100.0,0.0,0.0,0.0,0.0,0.0,0.0
1101.0,0.0,0.0,0.0,0.0,0.0,0.0
1102.0,0.0,0.0,0.0,0.0,0.0,0.0
1103.0,0.0,0.0,0.0,0.0,0.0,0.0
1104.0,0.0,0.0,0.0,0.0,0.0,0.0
1105.0,0.0,0.0,0.0,0.0,0.0,0.0
1106.0,0.0,0.0,0.0,0.0,0.0,0.0
1107.0,0.0,0.0,0.0,0.0,0.0,0.0
1108.0,0.0,0.0,0.0,0.0,0.0,0.0
1109.0,0.0,0.0,0.0,0.0,0.0,0.0
1110.0,0.0,0.0,0.0,0.0,0.0,0.0
1111.0,0.00023868119751568884,0.0,0.0,0.0,0.006944444444444444,0.046296296296296294
1112.0,0.00021103958715684712,0.0,0.0,0.0,0.005208333333333333,0.034722222222222224
1113.0,0.00022226489090826362,9.642708391766064e-06,2.4152797777787782e-05,0.0,0.003472222222222222,0.023148148148148147
1114.0,0.00012088962830603123,9.642708391766064e-06,2.4152797777787782e-05,0.0,0.001736111111111111,0.011574074074074073
1115.0,5.735971626563696e-06,0.0,0.0,0.0,0.001736111111111111,0.011574074074074073
1116.0,0.0,0.0,0.0,0.0,0.0,0.0
1117.0,0.0,0.0,0.0,0.0,0.0,0.0
1118.0,0.0,0.0,0.0,0.0,0.0,0.0
1119.0,0.0,0.0,0.0,0.0,0.0,0.0
1120.0,0.0,0.0,0.0,0.0,0.0,0.0
1121.0,0.0,0.0,0.0,0.0,0.0,0.0
1122.0,1.514848804617941e-06,0.0,0.0,0.0,0.0,0.00012623740038482842
1123.0,0.0,0.0,0.0,0.0,0.0,0.0
1124.0,0.0,0.0,0.0,0.0,0.0,0.0
1125.0,0.0,0.0,0.0,0.0,0.0,0.0
1126.0,0.0,0.0,0.0,0.0,0.0,0.0
1127.0,0.0,0.0,0.0,0.0,0.0,0.0
1128.0,0.0,0.0,0.0,0.0,0.0,0.0
1129.0,0.0,0.0,0.0,0.0,0.0,0.0
1130.0,0.0,0.0,0.0,0.0,0.0,0.0
1131.0,0.0,0.0,0.0,0.0,0.0,0.0
1132.0,0.0,0.0,0.0,0.0,0.0,0.0
1133.0,0.0,0.0,0.0,0.0,0.0,0.0
1134.0,0.0,0.0,0.0,0.0,0.0,0.0
1135.0,0.0,0.0,0.0,0.0,0.0,0.0
1136.0,0.0,0.0,0.0,0.0,0.0,0.0
1137.0,0.0,0.0,0.0,0.0,0.0,0.0
1138.0,7.804130291333422e-06,9.642708391766064e-06,2.4152797777787782e-05,0.0,0.0,0.0006503441909444518
1139.0,7.804130291333422e-06,9.642708391766064e-06,2.4152797777787782e-05,0.0,0.0,0.0006503441909444518
1140.0,0.0,0.0,0.0,0.0,0.0,0.0
1141.0,0.0,0.0,0.0,0.0,0.0,0.0
1142.0,0.0,0.0,0.0,0.0,0.0,0.0
1143.0,0.0,0.0,0.0,0.0,0.0,0.0
1144.0,0.0,0.0,0.0,0.0,0.0,0.0
1145.0,0.0,0.0,0.0,0.0,0.0,0.0
1146.0,0.0,0.0,0.0,0.0,0.0,0.0
1147.0,0.0,0.0,0.0,0.0,0.0,0.0
1148.0,0.0,0.0,0.0,0.0,0.0,0.0
1149.0,0.0,0.0,0.0,0.0,0.0,0.0
1150.0,0.0,0.0,0.0,0.0,0.0,0.0
1151.0,0.0,0.0,0.0,0.0,0.0,0.0
1152.0,0.0,0.0,0.0,0.0,0.0,0.0
1153.0,0.0,0.0,0.0,0.0,0.0,0.0
1154.0,0.0,0.0,0.0,0.0,0.0,0.0
1155.0,0.0,0.0,0.0,0.0,0.0,0.0
1156.0,0.0,0.0,0.0,0.0,0.0,0.0
1157.0,0.0,0.0,0.0,0.0,0.0,0.0
1158.0,0.0,0.0,0.0,0.0,0.0,0.0
1159.0,0.0,0.0,0.0,0.0,0.0,0.0
1160.0,0.0,0.0,0.0,0.0,0.0,0.0
1161.0,0.0,0.0,0.0,0.0,0.0,0.0
1162.0,0.0,0.0,0.0,0.0,0.0,0.0
1163.0,2.3514230633736588e-05,9.642708391766064e-06,2.4152797777787782e-05,0.0,0.001736111111111111,0.011574074074074073
1164.0,0.0003846593026537448,9.642708391766064e-06,2.4152797777787782e-05,0.0,0.008680555555555556,0.05787037037037038
1165.0,0.00025854434352368116,0.0,0.0,0.0,0.001736111111111111,0.021545361960306764
1166.0,0.00025762521545402706,0.0,0.0,0.0,0.008680555555555556,0.05787037037037038
1167.0,0.00023120909463614225,0.0,0.0,0.0,0.003472222222222222,0.023148148148148147
1168.0,0.0,0.0,0.0,0.0,0.0,0.0
1169.0,0.0002809265279211104,0.0,0.0,0.0,0.0,0.023410543993425865
1170.0,0.0,0.0,0.0,0.0,0.0,0.0
1171.0,0.0001591094332979992,0.0,0.0,0.0,0.0,0.013259119441499934
1172.0,3.6934929084964097e-05,0.0,0.0,0.0,0.0,0.0030779107570803412
1173.0,4.908768823952414e-05,0.0,0.0,0.0,0.001736111111111111,0.011574074074074073
1174.0,0.0,0.0,0.0,0.0,0.0,0.0
1175.0,0.0,0.0,0.0,0.0,0.0,0.0
1176.0,0.0,0.0,0.0,0.0,0.0,0.0
1177.0,0.0,0.0,0.0,0.0,0.0,0.0
1178.0,0.0,0.0,0.0,0.0,0.0,0.0
1179.0,0.0,0.0,0.0,0.0,0.0,0.0
1180.0,0.045627616345882416,0.05135490372776985,0.0,0.00023011676967144012,0.23958333333333334,3.802301362156868
1181.0,5.238355151959695e-05,5.6841043260646984e-05,0.0,4.6345999180630315e-06,0.0,0.004365295959966413
1182.0,0.0,0.0,0.0,0.0,0.0,0.0
1183.0,0.0,0.0,0.0,0.0,0.0,0.0
1184.0,0.0,0.0,0.0,0.0,0.0,0.0
1185.0,0.0,0.0,0.0,0.0,0.0,0.0
1186.0,0.0,0.0,0.0,0.0,0.0,0.0
1187.0,0.0,0.0,0.0,0.0,0.0,0.0
1188.0,0.00023213180247694254,0.0002877982333302498,2.4152797777787782e-05,5.5500728194601834e-05,0.0,0.019344316873078544
1189.0,9.674231478129514e-06,1.0748914974101353e-05,2.4152797777787782e-05,0.0,0.0,0.0008061859565107928
1190.0,0.0,0.0,0.0,0.0,0.0,0.0
1191.0,0.0,0.0,0.0,0.0,0.0,0.0
1192.0,0.0,0.0,0.0,0.0,0.0,0.0
1193.0,0.00021369480236899108,0.0013803406618535519,0.0,0.0,0.006944444444444444,0.046296296296296294
1194.0,0.00022674967476632446,0.001463324180804193,0.0,0.0,0.003472222222222222,0.036583104520104825
1195.0,0.0003690256562549621,0.002386156003922224,0.0,0.0,0.006944444444444444,0.0596539000980556
1196.0,0.00015441174036823213,0.0009984414791688323,0.0,0.0,0.003472222222222222,0.024961036979220808
1197.0,0.0002644018968567252,0.0017061266116797924,0.0,0.0,0.008680555555555556,0.05787037037037038
1198.0,0.0002168436476495117,0.0013994909822940826,0.0,0.0,0.001736111111111111,0.034987274557352066
1199.0,0.0,0.0,0.0,0.0,0.0,0.0
1200.0,0.0,0.0,0.0,0.0,0.0,0.0
1201.0,0.0,0.0,0.0,0.0,0.0,0.0
1202.0,0.0,0.0,0.0,0.0,0.0,0.0
1203.0,0.0,0.0,0.0,0.0,0.0,0.0
1204.0,0.0,0.0,0.0,0.0,0.0,0.0
1205.0,4.8266670091834385e-06,2.7734517061617225e-05,0.0,0.0,0.0,0.0006933629265404306
1206.0,9.80475700629313e-09,0.0,0.0,0.0,0.0,8.170630838577608e-07
1207.0,0.0,0.0,0.0,0.0,0.0,0.0
1208.0,0.0,0.0,0.0,0.0,0.0,0.0
1209.0,0.00022191580501385033,0.0005926594603806734,0.0,0.0,0.008680555555555556,0.05787037037037038
1210.0,0.0,0.0,0.0,0.0,0.0,0.0
1211.0,0.0,0.0,0.0,0.0,0.0,0.0
1212.0,0.0,0.0,0.0,0.0,0.0,0.0
1213.0,1.2658776540774852e-05,1.959179098776076e-05,2.4152797777787782e-05,0.0,0.0,0.001054898045064571
1214.0,0.00023140873236116022,0.0006049874937161803,2.4152797777787782e-05,0.0,0.008680555555555556,0.05787037037037038
1215.0,0.0,0.0,0.0,0.0,0.0,0.0
1216.0,0.0,0.0,0.0,0.0,0.0,0.0
1217.0,0.0,0.0,0.0,0.0,0.0,0.0
1218.0,0.0002008442097576335,0.0,0.0,0.0,0.006944444444444444,0.046296296296296294
1219.0,6.118939199950546e-05,0.0,0.0,0.0,0.001736111111111111,0.011574074074074073
1220.0,0.00020402706286404282,3.3017246892086405e-07,0.0,0.0,0.003472222222222222,0.023148148148148147
1221.0,0.0,0.0,0.0,0.0,0.0,0.0
1222.0,5.412593964138068e-06,3.3017246892086405e-07,0.0,0.0,0.0,0.00045104949701150565
1223.0,0.0,0.0,0.0,0.0,0.0,0.0
1224.0,0.0,0.0,0.0,0.0,0.0,0.0
1225.0,0.0,0.0,0.0,0.0,0.0,0.0
1226.0,0.0,0.0,0.0,0.0,0.0,0.0
1227.0,0.0,0.0,0.0,0.0,0.0,0.0
1228.0,5.7529928199073765e-06,0.0,0.0,0.0,0.001736111111111111,0.011574074074074073
1229.0,0.00030261091887950897,8.24330491013825e-05,0.0,0.0,0.003472222222222222,0.025217576573292416
1230.0,0.0002201905008405447,4.402299396133458e-07,0.0,0.0,0.008680555555555556,0.05787037037037038
1231.0,0.00029223912861198187,0.0,0.0,0.0,0.005208333333333333,0.034722222222222224
1232.0,0.00016108383715618402,0.0,0.0,0.0,0.001736111111111111,0.013423653096348668
1233.0,0.00026482497924007475,0.0,0.0,0.0,0.005208333333333333,0.034722222222222224
1234.0,0.0002205881755799055,0.0,0.0,0.0,0.005208333333333333,0.034722222222222224
1235.0,0.00031049150857143104,0.0,0.0,0.0,0.005208333333333333,0.034722222222222224
1236.0,0.000299155741231516,0.0,0.0,0.0,0.005208333333333333,0.034722222222222224
1237.0,5.788737689726986e-05,0.0,0.0,0.0,0.0,0.004823948074772488
1238.0,2.8385940822772682e-05,1.4859335351502523e-05,2.4152797777787782e-05,0.0,0.0,0.0023654950685643903
1239.0,1.1024788364011329e-05,1.4088928764977027e-05,2.4152797777787782e-05,0.0,0.0,0.0009187323636676107
1240.0,0.0,0.0,0.0,0.0,0.0,0.0
1241.0,0.0,0.0,0.0,0.0,0.0,0.0
1242.0,0.0,0.0,0.0,0.0,0.0,0.0
1243.0,0.0,0.0,0.0,0.0,0.0,0.0
1244.0,0.0,0.0,0.0,0.0,0.0,0.0
1245.0,0.0,0.0,0.0,0.0,0.0,0.0
1246.0,0.0,0.0,0.0,0.0,0.0,0.0
1247.0,0.0,0.0,0.0,0.0,0.0,0.0
1248.0,0.0,0.0,0.0,0.0,0.0,0.0
1249.0,0.0,0.0,0.0,0.0,0.0,0.0
1250.0,0.0,0.0,0.0,0.0,0.0,0.0
1251.0,0.0,0.0,0.0,0.0,0.0,0.0
1252.0,0.0,0.0,0.0,0.0,0.0,0.0
1253.0,0.0,0.0,0.0,0.0,0.0,0.0
1254.0,0.0,0.0,0.0,0.0,0.0,0.0
1255.0,9.80475700629313e-09,0.0,0.0,0.0,0.0,8.170630838577608e-07
1256.0,9.80475700629313e-09,0.0,0.0,0.0,0.0,8.170630838577608e-07
1257.0,0.0,0.0,0.0,0.0,0.0,0.0
1258.0,0.0,0.0,0.0,0.0,0.0,0.0
1259.0,0.0,0.0,0.0,0.0,0.0,0.0
1260.0,0.0,0.0,0.0,0.0,0.0,0.0
1261.0,0.0,0.0,0.0,0.0,0.0,0.0
1262.0,0.0,0.0,0.0,0.0,0.0,0.0
1263.0,1.1024788364011329e-05,1.4088928764977027e-05,2.4152797777787782e-05,0.0,0.0,0.0009187323636676107
1264.0,1.1024788364011329e-05,1.4088928764977027e-05,2.4152797777787782e-05,0.0,0.0,0.0009187323636676107
1265.0,0.0,0.0,0.0,0.0,0.0,0.0
1266.0,0.0,0.0,0.0,0.0,0.0,0.0
1267.0,0.0,0.0,0.0,0.0,0.0,0.0
1268.0,0.0,0.0,0.0,0.0,0.0,0.0
1269.0,0.0,0.0,0.0,0.0,0.0,0.0
1270.0,0.0,0.0,0.0,0.0,0.0,0.0
1271.0,0.0,0.0,0.0,0.0,0.0,0.0
1272.0,0.0002162138553103432,0.0,0.0,0.0,0.001736111111111111,0.018017821275861934
1273.0,0.0003238186764065176,0.0,0.0,0.0,0.003472222222222222,0.026984889700543135
1274.0,3.5777498851530254e-05,0.0,0.0,0.0,0.001736111111111111,0.011574074074074073
1275.0,0.0,0.0,0.0,0.0,0.0,0.0
1276.0,0.0,0.0,0.0,0.0,0.0,0.0
1277.0,0.0,0.0,0.0,0.0,0.0,0.0
1278.0,0.0,0.0,0.0,0.0,0.0,0.0
1279.0,0.0,0.0,0.0,0.0,0.0,0.0
1280.0,9.80475700629313e-09,0.0,0.0,0.0,0.0,8.170630838577608e-07
1281.0,9.80475700629313e-09,0.0,0.0,0.0,0.0,8.170630838577608e-07
1282.0,0.0,0.0,0.0,0.0,0.0,0.0
1283.0,0.0,0.0,0.0,0.0,0.0,0.0
1284.0,6.48488276056014e-06,0.0,0.0,0.0,0.0,0.000540406896713345
1285.0,0.00022858790180180222,0.0,0.0,0.0,0.005208333333333333,0.034722222222222224
1286.0,0.00023714931739959866,0.0,0.0,0.0,0.001736111111111111,0.01976244311663322
1287.0,0.00025651889154687524,0.0,0.0,0.0,0.001736111111111111,0.021376574295572937
1288.0,4.338112557888962e-05,1.4088928764977027e-05,2.4152797777787782e-05,0.0,0.0,0.003615093798240802
1289.0,1.1348180123604834e-05,1.4088928764977027e-05,2.4152797777787782e-05,0.0,0.0,0.0009456816769670695
1290.0,0.0,0.0,0.0,0.0,0.0,0.0
1291.0,0.0,0.0,0.0,0.0,0.0,0.0
1292.0,0.0,0.0,0.0,0.0,0.0,0.0
1293.0,0.0,0.0,0.0,0.0,0.0,0.0
1294.0,0.0,0.0,0.0,0.0,0.0,0.0
1295.0,0.0,0.0,0.0,0.0,0.0,0.0
1296.0,0.0,0.0,0.0,0.0,0.0,0.0
1297.0,1.0382621439930517e-05,0.0,0.0,0.0,0.001736111111111111,0.011574074074074073
1298.0,0.00015034379612188786,0.0,0.0,0.0,0.001736111111111111,0.012528649676823989
1299.0,0.0,0.0,0.0,0.0,0.0,0.0
1300.0,0.0,0.0,0.0,0.0,0.0,0.0
1301.0,0.0,0.0,0.0,0.0,0.0,0.0
1302.0,0.0,0.0,0.0,0.0,0.0,0.0
1303.0,0.0,0.0,0.0,0.0,0.0,0.0
1304.0,0.0,0.0,0.0,0.0,0.0,0.0
1305.0,1.252315087185707e-06,0.0,0.0,0.0,0.0,0.00010435959059880891
1306.0,9.80475700629313e-09,0.0,0.0,0.0,0.0,8.170630838577608e-07
1307.0,0.0,0.0,0.0,0.0,0.0,0.0
1308.0,0.0,0.0,0.0,0.0,0.0,0.0
1309.0,0.0,0.0,0.0,0.0,0.0,0.0
1310.0,0.0,0.0,0.0,0.0,0.0,0.0
1311.0,0.0,0.0,0.0,0.0,0.0,0.0
1312.0,1.0637936611601617e-05,0.0,0.0,0.0,0.0,0.0008864947176334681
1313.0,1.2675795915129129e-05,1.4088928764977027e-05,2.4152797777787782e-05,0.0,0.0,0.0010563163262607607
1314.0,1.1314139555906877e-05,1.4088928764977027e-05,2.4152797777787782e-05,0.0,0.0,0.0009428449629922397
1315.0,0.0,0.0,0.0,0.0,0.0,0.0
1316.0,0.0,0.0,0.0,0.0,0.0,0.0
1317.0,0.0,0.0,0.0,0.0,0.0,0.0
1318.0,0.0,0.0,0.0,0.0,0.0,0.0
1319.0,0.0,0.0,0.0,0.0,0.0,0.0
1320.0,0.0,0.0,0.0,0.0,0.0,0.0
1321.0,0.0,0.0,0.0,0.0,0.0,0.0
1322.0,0.0,0.0,0.0,0.0,0.0,0.0
1323.0,0.0,0.0,0.0,0.0,0.0,0.0
1324.0,0.0,0.0,0.0,0.0,0.0,0.0
1325.0,0.0,0.0,0.0,0.0,0.0,0.0
1326.0,0.0,0.0,0.0,0.0,0.0,0.0
1327.0,0.0,0.0,0.0,0.0,0.0,0.0
1328.0,0.0,0.0,0.0,0.0,0.0,0.0
1329.0,0.0,0.0,0.0,0.0,0.0,0.0
1330.0,9.80475700629313e-09,0.0,0.0,0.0,0.0,8.170630838577608e-07
1331.0,9.80475700629313e-09,0.0,0.0,0.0,0.0,8.170630838577608e-07
1332.0,0.0,0.0,0.0,0.0,0.0,0.0
1333.0,0.0,0.0,0.0,0.0,0.0,0.0
1334.0,0.0,0.0,0.0,0.0,0.0,0.0
1335.0,0.0,0.0,0.0,0.0,0.0,0.0
1336.0,0.0,0.0,0.0,0.0,0.0,0.0
1337.0,0.0,0.0,0.0,0.0,0.0,0.0
1338.0,1.1314139555906877e-05,1.4088928764977027e-05,2.4152797777787782e-05,0.0,0.0,0.0009428449629922397
1339.0,1.1314139555906877e-05,1.4088928764977027e-05,2.4152797777787782e-05,0.0,0.0,0.0009428449629922397
1340.0,0.0002246050862595439,0.0,0.0,0.0,0.005208333333333333,0.034722222222222224
1341.0,0.000244468217715621,0.0,0.0,0.0,0.001736111111111111,0.02037235147630175
1342.0,0.00016372204117942601,0.0,0.0,0.0,0.003472222222222222,0.023148148148148147
1343.0,0.00029244954930618405,0.0,0.0,0.0,0.008680555555555556,0.05787037037037038
1344.0,0.00021595855650957674,0.0,0.0,0.0,0.003472222222222222,0.023148148148148147
1345.0,0.00031886567012406886,0.0,0.0,0.0,0.003472222222222222,0.026572139177005738
1346.0,2.4986376956803724e-05,0.0,0.0,0.0,0.001736111111111111,0.011574074074074073
1347.0,0.00024125132767949253,0.0,0.0,0.0,0.005208333333333333,0.034722222222222224
1348.0,0.0,0.0,0.0,0.0,0.0,0.0
1349.0,0.0,0.0,0.0,0.0,0.0,0.0
1350.0,0.00022734541562385857,0.0,0.0,0.0,0.005208333333333333,0.034722222222222224
1351.0,0.0,0.0,0.0,0.0,0.0,0.0
1352.0,0.0,0.0,0.0,0.0,0.0,0.0
1353.0,0.000398828909965232,0.0,0.0,0.0,0.010416666666666666,0.06944444444444445
1354.0,0.00020640995353460312,0.0,0.0,0.0,0.006944444444444444,0.046296296296296294
1355.0,0.00023532507475465536,0.0,0.0,0.0,0.006944444444444444,0.046296296296296294
1356.0,0.00014727699453942478,0.0,0.0,0.0,0.006944444444444444,0.046296296296296294
1357.0,0.00031554666929878294,0.0,0.0,0.0,0.010416666666666666,0.06944444444444445
1358.0,0.0002598549472168088,0.0,0.0,0.0,0.013888888888888888,0.09259259259259259
1359.0,0.00020862264500465244,0.0,0.0,0.0,0.003472222222222222,0.023148148148148147
1360.0,0.00021248633856885135,0.0,0.0,0.0,0.006944444444444444,0.046296296296296294
1361.0,0.0002221711038146168,0.0,0.0,0.0,0.006944444444444444,0.046296296296296294
1362.0,0.0003074617707170546,0.0,0.0,0.0,0.006944444444444444,0.046296296296296294
1363.0,0.00013076535833533853,1.4088928764977027e-05,2.4152797777787782e-05,0.0,0.003472222222222222,0.023148148148148147
1364.0,2.484558535797987e-05,1.4088928764977027e-05,2.4152797777787782e-05,0.0,0.0,0.0020704654464983228
1365.0,0.0,0.0,0.0,0.0,0.0,0.0
1366.0,0.0,0.0,0.0,0.0,0.0,0.0
1367.0,0.0,0.0,0.0,0.0,0.0,0.0
1368.0,0.0,0.0,0.0,0.0,0.0,0.0
1369.0,0.0,0.0,0.0,0.0,0.0,0.0
1370.0,0.0,0.0,0.0,0.0,0.0,0.0
1371.0,0.0,0.0,0.0,0.0,0.0,0.0
1372.0,7.29506864445284e-05,0.0,0.0,0.0,0.003472222222222222,0.023148148148148147
1373.0,0.00016884527576621622,0.0,0.0,0.0,0.006944444444444444,0.046296296296296294
1374.0,0.00019078496552538127,0.0,0.0,0.0,0.006944444444444444,0.046296296296296294
1375.0,0.0001588711456861347,0.0,0.0,0.0,0.006944444444444444,0.046296296296296294
1376.0,0.00029874721076339483,0.0,0.0,0.0,0.017361111111111112,0.11574074074074076
1377.0,0.00014447164721786976,0.0,0.0,0.0,0.003472222222222222,0.023148148148148147
1378.0,0.0002341026411158964,0.0,0.0,0.0,0.006944444444444444,0.046296296296296294
1379.0,0.0002706460654735565,0.0,0.0,0.0,0.010416666666666666,0.06944444444444445
1380.0,0.00028081820346415043,0.0,0.0,0.0,0.006944444444444444,0.046296296296296294
1381.0,0.0,0.0,0.0,0.0,0.0,0.0
1382.0,0.0,0.0,0.0,0.0,0.0,0.0
1383.0,0.0,0.0,0.0,0.0,0.0,0.0
1384.0,0.0,0.0,0.0,0.0,0.0,0.0
1385.0,0.0,0.0,0.0,0.0,0.0,0.0
1386.0,0.0,0.0,0.0,0.0,0.0,0.0
1387.0,0.0,0.0,0.0,0.0,0.0,0.0
1388.0,1.4537245078827254e-05,1.4088928764977027e-05,2.4152797777787782e-05,0.0,0.0,0.0012114370899022713
1389.0,1.2828978469769936e-05,1.4088928764977027e-05,2.4152797777787782e-05,0.0,0.0,0.0010690815391474946
1390.0,0.0,0.0,0.0,0.0,0.0,0.0
1391.0,0.0,0.0,0.0,0.0,0.0,0.0
1392.0,0.0,0.0,0.0,0.0,0.0,0.0
1393.0,0.0,0.0,0.0,0.0,0.0,0.0
1394.0,0.0,0.0,0.0,0.0,0.0,0.0
1395.0,0.0,0.0,0.0,0.0,0.0,0.0
1396.0,0.0,0.0,0.0,0.0,0.0,0.0
1397.0,0.0,0.0,0.0,0.0,0.0,0.0
1398.0,4.663669824367389e-05,0.0,0.0,0.0,0.003472222222222222,0.023148148148148147
1399.0,7.52655032556504e-05,0.0,0.0,0.0,0.0,0.0062721252713042
1400.0,0.00011444713163655251,0.0,0.0,0.0,0.003472222222222222,0.023148148148148147
1401.0,0.0002506297023501247,0.0,0.0,0.0,0.003472222222222222,0.023148148148148147
1402.0,0.00025097012985497713,0.0,0.0,0.0,0.003472222222222222,0.023148148148148147
1403.0,0.00021000130800530314,0.0,0.0,0.0,0.006944444444444444,0.046296296296296294
1404.0,0.00010477939213160425,0.0,0.0,0.0,0.003472222222222222,0.023148148148148147
1405.0,0.0002062665589619428,0.0,0.0,0.0,0.003472222222222222,0.023148148148148147
1406.0,9.80475700629313e-09,0.0,0.0,0.0,0.0,8.170630838577608e-07
1407.0,0.0,0.0,0.0,0.0,0.0,0.0
1408.0,0.0,0.0,0.0,0.0,0.0,0.0
1409.0,0.0,0.0,0.0,0.0,0.0,0.0
1410.0,0.0,0.0,0.0,0.0,0.0,0.0
1411.0,0.0,0.0,0.0,0.0,0.0,0.0
1412.0,0.0,0.0,0.0,0.0,0.0,0.0
1413.0,1.4236790775612462e-05,1.4088928764977027e-05,2.4152797777787782e-05,0.0,0.0,0.0011863992313010385
1414.0,1.333469663222786e-05,1.4088928764977027e-05,2.4152797777787782e-05,0.0,0.0,0.0011112247193523217
1415.0,0.0,0.0,0.0,0.0,0.0,0.0
1416.0,0.0,0.0,0.0,0.0,0.0,0.0
1417.0,0.0,0.0,0.0,0.0,0.0,0.0
1418.0,0.0,0.0,0.0,0.0,0.0,0.0
1419.0,0.0,0.0,0.0,0.0,0.0,0.0
1420.0,0.0,0.0,0.0,0.0,0.0,0.0
1421.0,0.0,0.0,0.0,0.0,0.0,0.0
1422.0,0.0,0.0,0.0,0.0,0.0,0.0
1423.0,0.0,0.0,0.0,0.0,0.0,0.0
1424.0,0.0,0.0,0.0,0.0,0.0,0.0
1425.0,0.0,0.0,0.0,0.0,0.0,0.0
1426.0,0.0,0.0,0.0,0.0,0.0,0.0
1427.0,0.0,0.0,0.0,0.0,0.0,0.0
1428.0,0.0,0.0,0.0,0.0,0.0,0.0
1429.0,0.0,0.0,0.0,0.0,0.0,0.0
1430.0,9.80475700629313e-09,0.0,0.0,0.0,0.0,8.170630838577608e-07
1431.0,9.80475700629313e-09,0.0,0.0,0.0,0.0,8.170630838577608e-07
1432.0,0.0,0.0,0.0,0.0,0.0,0.0
1433.0,0.0,0.0,0.0,0.0,0.0,0.0
1434.0,0.0,0.0,0.0,0.0,0.0,0.0
1435.0,6.80820093634793e-08,0.0,0.0,0.0,0.0,5.673500780289942e-06
1436.0,0.011536422185599804,0.009356316179037094,0.0,0.0,0.17708333333333334,1.1805555555555556
1437.0,0.0,0.0,0.0,0.0,0.0,0.0
1438.0,1.1677503607643303e-05,1.2806559425371233e-05,2.4152797777787782e-05,0.0,0.0,0.0009731253006369418
1439.0,9.674231478129514e-06,1.0748914974101353e-05,2.4152797777787782e-05,0.0,0.0,0.0008061859565107928
1440.0,0.0,0.0,0.0,0.0,0.0,0.0
1441.0,0.0,0.0,0.0,0.0,0.0,0.0
1442.0,0.0,0.0,0.0,0.0,0.0,0.0
1443.0,0.0,0.0,0.0,0.0,0.0,0.0
1444.0,0.0,0.0,0.0,0.0,0.0,0.0
1445.0,0.0,0.0,0.0,0.0,0.0,0.0
1446.0,0.0,0.0,0.0,0.0,0.0,0.0
1447.0,0.0,0.0,0.0,0.0,0.0,0.0
1448.0,0.0,0.0,0.0,0.0,0.0,0.0
1449.0,0.0,0.0,0.0,0.0,0.0,0.0
1450.0,0.0,0.0,0.0,0.0,0.0,0.0
1451.0,0.0,0.0,0.0,0.0,0.0,0.0
1452.0,0.0,0.0,0.0,0.0,0.0,0.0
1453.0,0.0,0.0,0.0,0.0,0.0,0.0
1454.0,0.0,0.0,0.0,0.0,0.0,0.0
1455.0,9.80475700629313e-09,0.0,0.0,0.0,0.0,8.170630838577608e-07
1456.0,9.80475700629313e-09,0.0,0.0,0.0,0.0,8.170630838577608e-07
1457.0,0.0,0.0,0.0,0.0,0.0,0.0
1458.0,0.0,0.0,0.0,0.0,0.0,0.0
1459.0,0.00010711122013162822,0.0,0.0,0.0,0.003472222222222222,0.023148148148148147
1460.0,0.0001287615450564772,0.0,0.0,0.0,0.003472222222222222,0.023148148148148147
1461.0,0.00020441853848751634,0.0,0.0,0.0,0.001736111111111111,0.01703487820729303
1462.0,0.00011003878171322867,0.0,0.0,0.0,0.001736111111111111,0.011574074074074073
1463.0,1.4916599866410252e-05,1.0748914974101353e-05,2.4152797777787782e-05,0.0,0.0,0.001243049988867521
1464.0,9.793376193556469e-06,1.0748914974101353e-05,2.4152797777787782e-05,0.0,0.0,0.0008161146827963724
1465.0,4.435592200024985e-05,0.0,0.0,0.0,0.003472222222222222,0.023148148148148147
1466.0,0.00016242850688286126,0.0,0.0,0.0,0.005208333333333333,0.034722222222222224
1467.0,0.00020329518883954734,0.0,0.0,0.0,0.003472222222222222,0.023148148148148147
1468.0,0.0002794627798721194,0.0,0.0,0.0,0.005208333333333333,0.034722222222222224
1469.0,0.0,0.0,0.0,0.0,0.0,0.0
1470.0,0.0,0.0,0.0,0.0,0.0,0.0
1471.0,0.0,0.0,0.0,0.0,0.0,0.0
1472.0,6.484897767222719e-06,0.0,0.0,0.0,0.0,0.0005404081472685599
1473.0,0.0,0.0,0.0,0.0,0.0,0.0
1474.0,0.0,0.0,0.0,0.0,0.0,0.0
1475.0,0.0,0.0,0.0,0.0,0.0,0.0
1476.0,0.0,0.0,0.0,0.0,0.0,0.0
1477.0,0.0,0.0,0.0,0.0,0.0,0.0
1478.0,0.0,0.0,0.0,0.0,0.0,0.0
1479.0,0.0,0.0,0.0,0.0,0.0,0.0
1480.0,9.80475700629313e-09,0.0,0.0,0.0,0.0,8.170630838577608e-07
1481.0,9.80475700629313e-09,0.0,0.0,0.0,0.0,8.170630838577608e-07
1482.0,0.0,0.0,0.0,0.0,0.0,0.0
1483.0,0.0,0.0,0.0,0.0,0.0,0.0
1484.0,0.0,0.0,0.0,0.0,0.0,0.0
1485.0,0.0,0.0,0.0,0.0,0.0,0.0
1486.0,0.0,0.0,0.0,0.0,0.0,0.0
1487.0,0.0,0.0,0.0,0.0,0.0,0.0
1488.0,9.98060295387404e-06,1.0748914974101353e-05,2.4152797777787782e-05,0.0,0.0,0.0008317169128228367
1489.0,9.98060295387404e-06,1.0748914974101353e-05,2.4152797777787782e-05,0.0,0.0,0.0008317169128228367
1490.0,0.0,0.0,0.0,0.0,0.0,0.0
1491.0,0.0,0.0,0.0,0.0,0.0,0.0
1492.0,0.0,0.0,0.0,0.0,0.0,0.0
1493.0,0.0,0.0,0.0,0.0,0.0,0.0
1494.0,0.0,0.0,0.0,0.0,0.0,0.0
1495.0,0.0,0.0,0.0,0.0,0.0,0.0
1496.0,0.0,0.0,0.0,0.0,0.0,0.0
1497.0,0.0,0.0,0.0,0.0,0.0,0.0
1498.0,0.0,0.0,0.0,0.0,0.0,0.0
1499.0,0.0,0.0,0.0,0.0,0.0,0.0
1500.0,0.0,0.0,0.0,0.0,0.0,0.0
1501.0,0.0,0.0,0.0,0.0,0.0,0.0
1502.0,0.0,0.0,0.0,0.0,0.0,0.0
1503.0,0.0,0.0,0.0,0.0,0.0,0.0
1504.0,0.0,0.0,0.0,0.0,0.0,0.0
1505.0,9.80475700629313e-09,0.0,0.0,0.0,0.0,8.170630838577608e-07
1506.0,9.80475700629313e-09,0.0,0.0,0.0,0.0,8.170630838577608e-07
1507.0,0.0,0.0,0.0,0.0,0.0,0.0
1508.0,0.0,0.0,0.0,0.0,0.0,0.0
1509.0,0.0,0.0,0.0,0.0,0.0,0.0
1510.0,0.0,0.0,0.0,0.0,0.0,0.0
1511.0,0.0,0.0,0.0,0.0,0.0,0.0
1512.0,0.0,0.0,0.0,0.0,0.0,0.0
1513.0,9.98060295387404e-06,1.0748914974101353e-05,2.4152797777787782e-05,0.0,0.0,0.0008317169128228367
1514.0,9.98060295387404e-06,1.0748914974101353e-05,2.4152797777787782e-05,0.0,0.0,0.0008317169128228367
1515.0,0.0,0.0,0.0,0.0,0.0,0.0
1516.0,0.0,0.0,0.0,0.0,0.0,0.0
1517.0,0.0,0.0,0.0,0.0,0.0,0.0
1518.0,0.0,0.0,0.0,0.0,0.0,0.0
1519.0,0.0,0.0,0.0,0.0,0.0,0.0
1520.0,0.0,0.0,0.0,0.0,0.0,0.0
1521.0,0.0,0.0,0.0,0.0,0.0,0.0
1522.0,0.0,0.0,0.0,0.0,0.0,0.0
1523.0,0.0,0.0,0.0,0.0,0.0,0.0
1524.0,0.0,0.0,0.0,0.0,0.0,0.0
1525.0,0.0,0.0,0.0,0.0,0.0,0.0
1526.0,0.0,0.0,0.0,0.0,0.0,0.0
1527.0,0.0,0.0,0.0,0.0,0.0,0.0
1528.0,0.0,0.0,0.0,0.0,0.0,0.0
1529.0,0.0,0.0,0.0,0.0,0.0,0.0
1530.0,9.80475700629313e-09,0.0,0.0,0.0,0.0,8.170630838577608e-07
1531.0,9.80475700629313e-09,0.0,0.0,0.0,0.0,8.170630838577608e-07
1532.0,0.0,0.0,0.0,0.0,0.0,0.0
1533.0,0.0,0.0,0.0,0.0,0.0,0.0
1534.0,0.0,0.0,0.0,0.0,0.0,0.0
1535.0,0.0,0.0,0.0,0.0,0.0,0.0
1536.0,0.0,0.0,0.0,0.0,0.0,0.0
1537.0,0.0,0.0,0.0,0.0,0.0,0.0
1538.0,9.98060295387404e-06,1.0748914974101353e-05,2.4152797777787782e-05,0.0,0.0,0.0008317169128228367
1539.0,9.98060295387404e-06,1.0748914974101353e-05,2.4152797777787782e-05,0.0,0.0,0.0008317169128228367
1540.0,0.0,0.0,0.0,0.0,0.0,0.0
1541.0,0.0,0.0,0.0,0.0,0.0,0.0
1542.0,0.0,0.0,0.0,0.0,0.0,0.0
1543.0,0.0,0.0,0.0,0.0,0.0,0.0
1544.0,0.0,0.0,0.0,0.0,0.0,0.0
1545.0,0.0,0.0,0.0,0.0,0.0,0.0
1546.0,0.0,0.0,0.0,0.0,0.0,0.0
1547.0,0.0,0.0,0.0,0.0,0.0,0.0
1548.0,0.0,0.0,0.0,0.0,0.0,0.0
1549.0,0.0,0.0,0.0,0.0,0.0,0.0
1550.0,0.0,0.0,0.0,0.0,0.0,0.0
1551.0,0.0,0.0,0.0,0.0,0.0,0.0
1552.0,0.057262785732746124,0.04302043467760086,2.4152797777787782e-05,0.0004906513495370746,0.1684027777777778,4.771898811062177
1553.0,1.0147653483727481e-05,5.471496933751041e-06,2.4152797777787782e-05,0.0,0.0,0.0008456377903106235
1554.0,2.553106241975911e-07,0.0,0.0,0.0,0.0,2.1275885349799257e-05
1555.0,2.553106241975911e-07,0.0,0.0,0.0,0.0,2.1275885349799257e-05
1556.0,2.553106241975911e-07,0.0,0.0,0.0,0.0,2.1275885349799257e-05
1557.0,2.553106241975911e-07,0.0,0.0,0.0,0.0,2.1275885349799257e-05
1558.0,2.553106241975911e-07,0.0,0.0,0.0,0.0,2.1275885349799257e-05
1559.0,2.553106241975911e-07,0.0,0.0,0.0,0.0,2.1275885349799257e-05
1560.0,2.553106241975911e-07,0.0,0.0,0.0,0.0,2.1275885349799257e-05
1561.0,0.0,0.0,0.0,0.0,0.0,0.0
1562.0,2.553106241975911e-07,0.0,0.0,0.0,0.0,2.1275885349799257e-05
1563.0,2.553106241975911e-07,0.0,0.0,0.0,0.0,2.1275885349799257e-05
1564.0,2.553106241975911e-07,0.0,0.0,0.0,0.0,2.1275885349799257e-05
1565.0,2.553106241975911e-07,0.0,0.0,0.0,0.0,2.1275885349799257e-05
1566.0,2.553106241975911e-07,0.0,0.0,0.0,0.0,2.1275885349799257e-05
1567.0,2.553106241975911e-07,0.0,0.0,0.0,0.0,2.1275885349799257e-05
1568.0,2.553106241975911e-07,0.0,0.0,0.0,0.0,2.1275885349799257e-05
1569.0,0.0,0.0,0.0,0.0,0.0,0.0
1570.0,2.553106241975911e-07,0.0,0.0,0.0,0.0,2.1275885349799257e-05
1571.0,2.553106241975911e-07,0.0,0.0,0.0,0.0,2.1275885349799257e-05
1572.0,2.553106241975911e-07,0.0,0.0,0.0,0.0,2.1275885349799257e-05
1573.0,2.553106241975911e-07,0.0,0.0,0.0,0.0,2.1275885349799257e-05
1574.0,2.553106241975911e-07,0.0,0.0,0.0,0.0,2.1275885349799257e-05
1575.0,2.553106241975911e-07,0.0,0.0,0.0,0.0,2.1275885349799257e-05
1576.0,2.553106241975911e-07,0.0,0.0,0.0,0.0,2.1275885349799257e-05
1577.0,1.0164672858081758e-05,5.471496933751041e-06,2.4152797777787782e-05,0.0,0.0,0.0008470560715068132
1578.0,1.0147653483727481e-05,5.471496933751041e-06,2.4152797777787782e-05,0.0,0.0,0.0008456377903106235
1579.0,2.553106241975911e-07,0.0,0.0,0.0,0.0,2.1275885349799257e-05
1580.0,2.553106241975911e-07,0.0,0.0,0.0,0.0,2.1275885349799257e-05
1581.0,2.553106241975911e-07,0.0,0.0,0.0,0.0,2.1275885349799257e-05
1582.0,2.553106241975911e-07,0.0,0.0,0.0,0.0,2.1275885349799257e-05
1583.0,2.553106241975911e-07,0.0,0.0,0.0,0.0,2.1275885349799257e-05
1584.0,2.553106241975911e-07,0.0,0.0,0.0,0.0,2.1275885349799257e-05
1585.0,2.553106241975911e-07,0.0,0.0,0.0,0.0,2.1275885349799257e-05
1586.0,0.0,0.0,0.0,0.0,0.0,0.0
1587.0,2.553106241975911e-07,0.0,0.0,0.0,0.0,2.1275885349799257e-05
1588.0,2.553106241975911e-07,0.0,0.0,0.0,0.0,2.1275885349799257e-05
1589.0,2.553106241975911e-07,0.0,0.0,0.0,0.0,2.1275885349799257e-05
1590.0,2.553106241975911e-07,0.0,0.0,0.0,0.0,2.1275885349799257e-05
1591.0,2.553106241975911e-07,0.0,0.0,0.0,0.0,2.1275885349799257e-05
1592.0,2.553106241975911e-07,0.0,0.0,0.0,0.0,2.1275885349799257e-05
1593.0,2.553106241975911e-07,0.0,0.0,0.0,0.0,2.1275885349799257e-05
1594.0,0.0,0.0,0.0,0.0,0.0,0.0
1595.0,2.553106241975911e-07,0.0,0.0,0.0,0.0,2.1275885349799257e-05
1596.0,2.553106241975911e-07,0.0,0.0,0.0,0.0,2.1275885349799257e-05
1597.0,0.00010869413381442428,0.0,0.0,0.0,0.003472222222222222,0.023148148148148147
1598.0,0.0004523759998846799,0.0,0.0,0.0,0.006944444444444444,0.046296296296296294
1599.0,2.553106241975911e-07,0.0,0.0,0.0,0.0,2.1275885349799257e-05
1600.0,0.0005883542471565306,0.001909166923724115,0.0,0.0,0.017361111111111112,0.11574074074074076
1601.0,0.00022286898456513882,0.0,0.0,0.0,0.005208333333333333,0.034722222222222224
1602.0,2.6266256099916063e-05,2.4071192456176504e-05,2.4152797777787782e-05,0.0,0.0,0.002188854674993005
1603.0,1.1747596545319539e-05,5.581554432865232e-06,2.4152797777787782e-05,0.0,0.0,0.0009789663787766283
1604.0,3.072235267609358e-05,0.0,0.0,0.0,0.0,0.0025601960563411317
1605.0,3.2339244171453174e-07,0.0,0.0,0.0,0.0,2.6949370142877644e-05
1606.0,3.2339244171453174e-07,0.0,0.0,0.0,0.0,2.6949370142877644e-05
1607.0,3.2339244171453174e-07,0.0,0.0,0.0,0.0,2.6949370142877644e-05
1608.0,3.2339244171453174e-07,0.0,0.0,0.0,0.0,2.6949370142877644e-05
1609.0,3.2339244171453174e-07,0.0,0.0,0.0,0.0,2.6949370142877644e-05
1610.0,3.2339244171453174e-07,0.0,0.0,0.0,0.0,2.6949370142877644e-05
1611.0,1.3446342563838698e-06,0.0,0.0,0.0,0.0,0.00011205285469865581
1612.0,3.2339244171453174e-07,0.0,0.0,0.0,0.0,2.6949370142877644e-05
1613.0,3.2339244171453174e-07,0.0,0.0,0.0,0.0,2.6949370142877644e-05
1614.0,3.2339244171453174e-07,0.0,0.0,0.0,0.0,2.6949370142877644e-05
1615.0,0.000165236895554699,0.0,0.0,0.0,0.001736111111111111,0.013769741296224916
1616.0,0.0002545274328440428,0.0,0.0,0.0,0.005208333333333333,0.034722222222222224
1617.0,0.00037597009213641286,0.0018179293256253004,0.0,0.0,0.013888888888888888,0.09259259259259259
1618.0,1.3888883586332668e-05,8.8156019046437e-05,0.0,0.0,0.001736111111111111,0.011574074074074073
1619.0,6.04234173806617e-06,0.0,0.0,0.0,0.0,0.0005035284781721808
1620.0,9.851576760411263e-05,0.0,0.0,0.0,0.003472222222222222,0.023148148148148147
1621.0,0.0003305929130874574,0.0,0.0,0.0,0.003472222222222222,0.027549409423954785
1622.0,0.00010384325287304819,0.0,0.0,0.0,0.005208333333333333,0.034722222222222224
1623.0,0.00043647870188578963,0.0,0.0,0.0,0.008680555555555556,0.05787037037037038
1624.0,0.0002283496141899377,0.0,0.0,0.0,0.003472222222222222,0.023148148148148147
1625.0,0.00010588574514258653,0.0,0.0,0.0,0.0,0.008823812095215544
1626.0,5.106234723939451e-08,0.0,0.0,0.0,0.0,4.255195603282876e-06
1627.0,2.515989945095498e-05,5.471496933751041e-06,2.4152797777787782e-05,0.0,0.0,0.0020966582875795816
1628.0,1.1968864782829769e-05,5.471496933751041e-06,2.4152797777787782e-05,0.0,0.0,0.0009974053985691473
1629.0,3.2339244171453174e-07,0.0,0.0,0.0,0.0,2.6949370142877644e-05
1630.0,3.2339244171453174e-07,0.0,0.0,0.0,0.0,2.6949370142877644e-05
1631.0,7.863561222620774e-06,0.0,0.0,0.0,0.0,0.0006552967685517311
1632.0,3.2339244171453174e-07,0.0,0.0,0.0,0.0,2.6949370142877644e-05
1633.0,3.2339244171453174e-07,0.0,0.0,0.0,0.0,2.6949370142877644e-05
1634.0,3.2339244171453174e-07,0.0,0.0,0.0,0.0,2.6949370142877644e-05
1635.0,3.2339244171453174e-07,0.0,0.0,0.0,0.0,2.6949370142877644e-05
1636.0,1.0893257922361954e-06,0.0,0.0,0.0,0.0,9.077714935301628e-05
1637.0,3.2339244171453174e-07,0.0,0.0,0.0,0.0,2.6949370142877644e-05
1638.0,3.2339244171453174e-07,0.0,0.0,0.0,0.0,2.6949370142877644e-05
1639.0,3.2339244171453174e-07,0.0,0.0,0.0,0.0,2.6949370142877644e-05
1640.0,3.2339244171453174e-07,0.0,0.0,0.0,0.0,2.6949370142877644e-05
1641.0,3.2339244171453174e-07,0.0,0.0,0.0,0.0,2.6949370142877644e-05
1642.0,3.2339244171453174e-07,0.0,0.0,0.0,0.0,2.6949370142877644e-05
1643.0,3.2339244171453174e-07,0.0,0.0,0.0,0.0,2.6949370142877644e-05
1644.0,0.0,0.0,0.0,0.0,0.0,0.0
1645.0,3.2339244171453174e-07,0.0,0.0,0.0,0.0,2.6949370142877644e-05
1646.0,0.00015250542492140085,0.0,0.0,0.0,0.001736111111111111,0.012708785410116738
1647.0,8.845655247569084e-05,0.0,0.0,0.0,0.001736111111111111,0.011574074074074073
1648.0,3.2339244171453174e-07,0.0,0.0,0.0,0.0,2.6949370142877644e-05
1649.0,3.2339244171453174e-07,0.0,0.0,0.0,0.0,2.6949370142877644e-05
1650.0,3.2339244171453174e-07,0.0,0.0,0.0,0.0,2.6949370142877644e-05
1651.0,3.2339244171453174e-07,0.0,0.0,0.0,0.0,2.6949370142877644e-05
1652.0,0.0002326762187294662,5.471496933751041e-06,2.4152797777787782e-05,0.0,0.001736111111111111,0.019389684894122183
1653.0,0.00012154810974607244,5.471496933751041e-06,2.4152797777787782e-05,0.0,0.001736111111111111,0.011574074074074073
1654.0,5.106234723939451e-08,0.0,0.0,0.0,0.0,4.255195603282876e-06
1655.0,5.106234723939451e-08,0.0,0.0,0.0,0.0,4.255195603282876e-06
1656.0,0.00017158561968244612,0.0,0.0,0.0,0.003472222222222222,0.023148148148148147
1657.0,6.076385034248233e-06,0.0,0.0,0.0,0.0,0.000506365419520686
1658.0,5.106234723939451e-08,0.0,0.0,0.0,0.0,4.255195603282876e-06
1659.0,5.106234723939451e-08,0.0,0.0,0.0,0.0,4.255195603282876e-06
1660.0,5.106234723939451e-08,0.0,0.0,0.0,0.0,4.255195603282876e-06
1661.0,3.3479704143246636e-05,0.0,0.0,0.0,0.001736111111111111,0.011574074074074073
1662.0,0.00010736654076026753,0.0,0.0,0.0,0.0,0.008947211730022294
1663.0,3.649236532510258e-05,0.0,0.0,0.0,0.001736111111111111,0.011574074074074073
1664.0,7.10443637217395e-05,0.0,0.0,0.0,0.0,0.005920363643478292
1665.0,5.106234723939451e-08,0.0,0.0,0.0,0.0,4.255195603282876e-06
1666.0,5.106234723939451e-08,0.0,0.0,0.0,0.0,4.255195603282876e-06
1667.0,5.106234723939451e-08,0.0,0.0,0.0,0.0,4.255195603282876e-06
1668.0,5.106234723939451e-08,0.0,0.0,0.0,0.0,4.255195603282876e-06
1669.0,3.591366066757473e-06,0.0,0.0,0.0,0.0,0.00029928050556312275
1670.0,2.553106241975911e-07,0.0,0.0,0.0,0.0,2.1275885349799257e-05
1671.0,2.553106241975911e-07,0.0,0.0,0.0,0.0,2.1275885349799257e-05
1672.0,2.553106241975911e-07,0.0,0.0,0.0,0.0,2.1275885349799257e-05
1673.0,2.553106241975911e-07,0.0,0.0,0.0,0.0,2.1275885349799257e-05
1674.0,2.553106241975911e-07,0.0,0.0,0.0,0.0,2.1275885349799257e-05
1675.0,2.553106241975911e-07,0.0,0.0,0.0,0.0,2.1275885349799257e-05
1676.0,2.553106241975911e-07,0.0,0.0,0.0,0.0,2.1275885349799257e-05
1677.0,1.0692314390325919e-05,5.471496933751041e-06,2.4152797777787782e-05,0.0,0.0,0.0008910261991938265
1678.0,1.0675295015971642e-05,5.471496933751041e-06,2.4152797777787782e-05,0.0,0.0,0.0008896079179976368
1679.0,0.0002272432902827859,0.0,0.0,0.0,0.005208333333333333,0.034722222222222224
1680.0,0.0003069852537009865,0.0,0.0,0.0,0.013888888888888888,0.09259259259259259
1681.0,0.00014339933113660663,0.0,0.0,0.0,0.003472222222222222,0.023148148148148147
1682.0,2.553106241975911e-07,0.0,0.0,0.0,0.0,2.1275885349799257e-05
1683.0,2.2041796910343692e-05,0.0,0.0,0.0,0.003472222222222222,0.023148148148148147
1684.0,0.00016219020471908152,0.0,0.0,0.0,0.0,0.013515850393256793
1685.0,2.553106241975911e-07,0.0,0.0,0.0,0.0,2.1275885349799257e-05
1686.0,1.165917274192907e-05,0.0,0.0,0.0,0.0,0.0009715977284940891
1687.0,2.553106241975911e-07,0.0,0.0,0.0,0.0,2.1275885349799257e-05
1688.0,2.553106241975911e-07,0.0,0.0,0.0,0.0,2.1275885349799257e-05
1689.0,2.553106241975911e-07,0.0,0.0,0.0,0.0,2.1275885349799257e-05
1690.0,2.553106241975911e-07,0.0,0.0,0.0,0.0,2.1275885349799257e-05
1691.0,2.553106241975911e-07,0.0,0.0,0.0,0.0,2.1275885349799257e-05
1692.0,2.553106241975911e-07,0.0,0.0,0.0,0.0,2.1275885349799257e-05
1693.0,2.553106241975911e-07,0.0,0.0,0.0,0.0,2.1275885349799257e-05
1694.0,0.0,0.0,0.0,0.0,0.0,0.0
1695.0,2.553106241975911e-07,0.0,0.0,0.0,0.0,2.1275885349799257e-05
1696.0,2.553106241975911e-07,0.0,0.0,0.0,0.0,2.1275885349799257e-05
1697.0,2.553106241975911e-07,0.0,0.0,0.0,0.0,2.1275885349799257e-05
1698.0,2.553106241975911e-07,0.0,0.0,0.0,0.0,2.1275885349799257e-05
1699.0,2.553106241975911e-07,0.0,0.0,0.0,0.0,2.1275885349799257e-05
1700.0,2.553106241975911e-07,0.0,0.0,0.0,0.0,2.1275885349799257e-05
1701.0,2.553106241975911e-07,0.0,0.0,0.0,0.0,2.1275885349799257e-05
1702.0,1.1934822396142408e-05,5.471496933751041e-06,2.4152797777787782e-05,0.0,0.0,0.0009945685330118674
1703.0,1.191780211229343e-05,5.471496933751041e-06,2.4152797777787782e-05,0.0,0.0,0.0009931501760244525
1704.0,2.553106241975911e-07,0.0,0.0,0.0,0.0,2.1275885349799257e-05
1705.0,2.553106241975911e-07,0.0,0.0,0.0,0.0,2.1275885349799257e-05
1706.0,2.553106241975911e-07,0.0,0.0,0.0,0.0,2.1275885349799257e-05
1707.0,2.553106241975911e-07,0.0,0.0,0.0,0.0,2.1275885349799257e-05
1708.0,2.553106241975911e-07,0.0,0.0,0.0,0.0,2.1275885349799257e-05
1709.0,2.553106241975911e-07,0.0,0.0,0.0,0.0,2.1275885349799257e-05
1710.0,2.553106241975911e-07,0.0,0.0,0.0,0.0,2.1275885349799257e-05
1711.0,0.0,0.0,0.0,0.0,0.0,0.0
1712.0,0.0030985663179308176,0.0,0.0,0.0,0.0642361111111111,0.4282407407407407
1713.0,0.00013267631584312767,0.0007701822323724627,0.0,0.0,0.006944444444444444,0.046296296296296294
1714.0,0.00036342584644444287,0.001428545918315649,0.0,0.0,0.006944444444444444,0.046296296296296294
1715.0,0.0004483931988943368,0.0,0.0,0.0,0.008680555555555556,0.05787037037037038
1716.0,0.00023590680211782455,0.0,0.0,0.0,0.008680555555555556,0.05787037037037038
1717.0,0.0002939303813036531,0.0,0.0,0.0,0.006944444444444444,0.046296296296296294
1718.0,0.000391561072319746,0.0,0.0,0.0,0.005208333333333333,0.034722222222222224
1719.0,0.00021364375425036997,2.234171006421093e-05,0.0,0.0,0.010416666666666666,0.06944444444444445
1720.0,0.00037271916517056525,0.0002814169565681368,0.0,0.0,0.003472222222222222,0.031059930430880435
1721.0,0.0004469804698601365,0.0,0.0,0.0,0.013888888888888888,0.09259259259259259
1722.0,0.0002117884869221598,0.0,0.0,0.0,0.010416666666666666,0.06944444444444445
1723.0,0.0003646343247964978,0.0,0.0,0.0,0.003472222222222222,0.030386193733041484
1724.0,0.0003506263019517064,0.0,0.0,0.0,0.013888888888888888,0.09259259259259259
1725.0,5.106234723939451e-08,0.0,0.0,0.0,0.0,4.255195603282876e-06
1726.0,0.00020681845489889383,0.001333456370048225,0.0,0.0,0.003472222222222222,0.03333640925120562
1727.0,3.281923636677675e-05,3.1665200367569923e-05,2.4152797777787782e-05,0.0,0.0,0.0027349363638980626
1728.0,1.132208217313746e-05,7.12236032995861e-06,2.4152797777787782e-05,0.0,0.0,0.000943506847761455
1729.0,2.553106241975911e-07,0.0,0.0,0.0,0.0,2.1275885349799257e-05
1730.0,2.553106241975911e-07,0.0,0.0,0.0,0.0,2.1275885349799257e-05
1731.0,1.2850622624682728e-05,8.122240978991613e-05,0.0,0.0,0.005208333333333333,0.034722222222222224
1732.0,0.00020463978580664843,0.0006188530824147165,0.0,0.0,0.0,0.01705331548388737
1733.0,5.106234723939451e-08,0.0,0.0,0.0,0.0,4.255195603282876e-06
1734.0,5.106234723939451e-08,0.0,0.0,0.0,0.0,4.255195603282876e-06
1735.0,5.106234723939451e-08,0.0,0.0,0.0,0.0,4.255195603282876e-06
1736.0,3.5913601550419116e-06,7.263775842147879e-06,0.0,0.0,0.0,0.0002992800129201593
1737.0,2.553106241975911e-07,0.0,0.0,0.0,0.0,2.1275885349799257e-05
1738.0,2.553106241975911e-07,0.0,0.0,0.0,0.0,2.1275885349799257e-05
1739.0,2.553106241975911e-07,0.0,0.0,0.0,0.0,2.1275885349799257e-05
1740.0,2.553106241975911e-07,0.0,0.0,0.0,0.0,2.1275885349799257e-05
1741.0,2.553106241975911e-07,0.0,0.0,0.0,0.0,2.1275885349799257e-05
1742.0,2.553106241975911e-07,0.0,0.0,0.0,0.0,2.1275885349799257e-05
1743.0,2.553106241975911e-07,0.0,0.0,0.0,0.0,2.1275885349799257e-05
1744.0,0.0,0.0,0.0,0.0,0.0,0.0
1745.0,2.553106241975911e-07,0.0,0.0,0.0,0.0,2.1275885349799257e-05
1746.0,2.553106241975911e-07,0.0,0.0,0.0,0.0,2.1275885349799257e-05
1747.0,0.00016521986981388181,0.0010677776299417019,0.0,0.0,0.005208333333333333,0.034722222222222224
1748.0,4.1479430365143344e-05,0.0002652385155670345,0.0,0.0,0.0,0.006630962889175862
1749.0,5.106234723939451e-08,0.0,0.0,0.0,0.0,4.255195603282876e-06
1750.0,5.106234723939451e-08,0.0,0.0,0.0,0.0,4.255195603282876e-06
1751.0,5.106234723939451e-08,0.0,0.0,0.0,0.0,4.255195603282876e-06
1752.0,1.314329438173445e-05,1.3395626410783734e-05,2.4152797777787782e-05,0.0,0.0,0.001095274531811204
1753.0,1.0862523595278617e-05,6.351957836159272e-06,2.4152797777787782e-05,0.0,0.0,0.0009052102996065514
1754.0,0.00015837755927350372,0.0,0.0,0.0,0.005208333333333333,0.034722222222222224
1755.0,2.553106241975911e-07,0.0,0.0,0.0,0.0,2.1275885349799257e-05
1756.0,2.553106241975911e-07,0.0,0.0,0.0,0.0,2.1275885349799257e-05
1757.0,2.553106241975911e-07,0.0,0.0,0.0,0.0,2.1275885349799257e-05
1758.0,2.553106241975911e-07,0.0,0.0,0.0,0.0,2.1275885349799257e-05
1759.0,0.0001197405654238537,0.0006742121186107397,0.0,0.0,0.005208333333333333,0.034722222222222224
1760.0,0.00010615806968417019,2.5643385015428066e-05,0.0,0.0,0.0,0.008846505807014182
1761.0,3.3190333397215e-06,0.0,0.0,0.0,0.0,0.0002765861116434583
1762.0,2.553106241975911e-07,0.0,0.0,0.0,0.0,2.1275885349799257e-05
1763.0,2.260348446725402e-05,0.0,0.0,0.0,0.0,0.0018836237056045015
1764.0,2.553106241975911e-07,0.0,0.0,0.0,0.0,2.1275885349799257e-05
1765.0,2.553106241975911e-07,0.0,0.0,0.0,0.0,2.1275885349799257e-05
1766.0,2.553106241975911e-07,0.0,0.0,0.0,0.0,2.1275885349799257e-05
1767.0,2.553106241975911e-07,0.0,0.0,0.0,0.0,2.1275885349799257e-05
1768.0,2.553106241975911e-07,0.0,0.0,0.0,0.0,2.1275885349799257e-05
1769.0,3.3871156119857915e-06,0.0,0.0,0.0,0.0,0.0002822596343321493
1770.0,2.553106241975911e-07,0.0,0.0,0.0,0.0,2.1275885349799257e-05
1771.0,2.553106241975911e-07,0.0,0.0,0.0,0.0,2.1275885349799257e-05
1772.0,2.553106241975911e-07,0.0,0.0,0.0,0.0,2.1275885349799257e-05
1773.0,2.553106241975911e-07,0.0,0.0,0.0,0.0,2.1275885349799257e-05
1774.0,2.553106241975911e-07,0.0,0.0,0.0,0.0,2.1275885349799257e-05
1775.0,2.553106241975911e-07,0.0,0.0,0.0,0.0,2.1275885349799257e-05
1776.0,6.297656364040449e-05,0.0,0.0,0.0,0.005208333333333333,0.034722222222222224
1777.0,0.00013092649169266224,6.351957836159272e-06,2.4152797777787782e-05,0.0,0.005208333333333333,0.034722222222222224
1778.0,0.0001348412479273975,6.351957836159272e-06,2.4152797777787782e-05,0.0,0.005208333333333333,0.034722222222222224
1779.0,9.089049854082987e-05,0.0,0.0,0.0,0.001736111111111111,0.011574074074074073
1780.0,0.0001488459820393473,0.0,0.0,0.0,0.003472222222222222,0.023148148148148147
1781.0,8.503538265358657e-05,0.0,0.0,0.0,0.003472222222222222,0.023148148148148147
1782.0,0.0001292381202802062,0.0,0.0,0.0,0.006944444444444444,0.046296296296296294
1783.0,0.00018087890930473804,0.0,0.0,0.0,0.003472222222222222,0.023148148148148147
1784.0,2.553106241975911e-07,0.0,0.0,0.0,0.0,2.1275885349799257e-05
1785.0,2.7913940357393585e-05,0.0,0.0,0.0,0.0,0.0023261616964494656
1786.0,0.00013185931311454624,0.0,0.0,0.0,0.0,0.010988276092878854
1787.0,1.3105934158375021e-05,0.0,0.0,0.0,0.0,0.0010921611798645852
1788.0,3.085852222284302e-05,0.0,0.0,0.0,0.0,0.0025715435185702518
1789.0,2.5003402697620913e-05,0.0,0.0,0.0,0.0,0.0020836168914684094
1790.0,2.553106241975911e-07,0.0,0.0,0.0,0.0,2.1275885349799257e-05
1791.0,2.553106241975911e-07,0.0,0.0,0.0,0.0,2.1275885349799257e-05
1792.0,2.553106241975911e-07,0.0,0.0,0.0,0.0,2.1275885349799257e-05
1793.0,9.051606321008876e-05,0.0,0.0,0.0,0.0,0.007543005267507397
1794.0,6.554668652825058e-05,0.0,0.0,0.0,0.0,0.005462223877354215
1795.0,2.553106241975911e-07,0.0,0.0,0.0,0.0,2.1275885349799257e-05
1796.0,2.553106241975911e-07,0.0,0.0,0.0,0.0,2.1275885349799257e-05
1797.0,0.00016067535034380853,0.0,0.0,0.0,0.0,0.01338961252865071
1798.0,2.5565081159584224e-05,0.0,0.0,0.0,0.0,0.002130423429965352
1799.0,2.553106241975911e-07,0.0,0.0,0.0,0.0,2.1275885349799257e-05
1800.0,9.662647062214091e-05,0.0,0.0,0.0,0.0,0.00805220588517841
1801.0,9.351167682325467e-05,0.0,0.0,0.0,0.0,0.007792639735271223
1802.0,1.3211378245614469e-05,6.351957836159272e-06,2.4152797777787782e-05,0.0,0.0,0.001100948187134539
1803.0,1.0828481208591256e-05,6.351957836159272e-06,2.4152797777787782e-05,0.0,0.0,0.0009023734340492713
1804.0,0.00018831696070265025,0.0,0.0,0.0,0.006944444444444444,0.046296296296296294
1805.0,3.652640953077935e-05,0.0,0.0,0.0,0.0,0.0030438674608982788
1806.0,2.553106241975911e-07,0.0,0.0,0.0,0.0,2.1275885349799257e-05
1807.0,2.553106241975911e-07,0.0,0.0,0.0,0.0,2.1275885349799257e-05
1808.0,2.553106241975911e-07,0.0,0.0,0.0,0.0,2.1275885349799257e-05
1809.0,2.553106241975911e-07,0.0,0.0,0.0,0.0,2.1275885349799257e-05
1810.0,2.553106241975911e-07,0.0,0.0,0.0,0.0,2.1275885349799257e-05
1811.0,2.6041639102913905e-06,0.0,0.0,0.0,0.0,0.0002170136591909492
1812.0,1.2629357115656603e-05,0.0,0.0,0.0,0.0,0.0010524464263047169
1813.0,2.553106241975911e-07,0.0,0.0,0.0,0.0,2.1275885349799257e-05
1814.0,2.553106241975911e-07,0.0,0.0,0.0,0.0,2.1275885349799257e-05
1815.0,2.553106241975911e-07,0.0,0.0,0.0,0.0,2.1275885349799257e-05
1816.0,2.553106241975911e-07,0.0,0.0,0.0,0.0,2.1275885349799257e-05
1817.0,2.553106241975911e-07,0.0,0.0,0.0,0.0,2.1275885349799257e-05
1818.0,2.553106241975911e-07,0.0,0.0,0.0,0.0,2.1275885349799257e-05
1819.0,1.0893237458731164e-06,0.0,0.0,0.0,0.0,9.07769788227597e-05
1820.0,2.553106241975911e-07,0.0,0.0,0.0,0.0,2.1275885349799257e-05
1821.0,2.553106241975911e-07,0.0,0.0,0.0,0.0,2.1275885349799257e-05
1822.0,2.553106241975911e-07,0.0,0.0,0.0,0.0,2.1275885349799257e-05
1823.0,2.553106241975911e-07,0.0,0.0,0.0,0.0,2.1275885349799257e-05
1824.0,2.553106241975911e-07,0.0,0.0,0.0,0.0,2.1275885349799257e-05
1825.0,2.553106241975911e-07,0.0,0.0,0.0,0.0,2.1275885349799257e-05
1826.0,2.553106241975911e-07,0.0,0.0,0.0,0.0,2.1275885349799257e-05
1827.0,1.0879542969632894e-05,6.351957836159272e-06,2.4152797777787782e-05,0.0,0.0,0.0009066285808027411
1828.0,1.0862523595278617e-05,6.351957836159272e-06,2.4152797777787782e-05,0.0,0.0,0.0009052102996065514
1829.0,2.553106241975911e-07,0.0,0.0,0.0,0.0,2.1275885349799257e-05
1830.0,2.553106241975911e-07,0.0,0.0,0.0,0.0,2.1275885349799257e-05
1831.0,2.553106241975911e-07,0.0,0.0,0.0,0.0,2.1275885349799257e-05
1832.0,2.553106241975911e-07,0.0,0.0,0.0,0.0,2.1275885349799257e-05
1833.0,0.00522074056789279,0.0024735417682677507,0.0,0.0,0.140625,0.9375
1834.0,2.553106241975911e-07,0.0,0.0,0.0,0.0,2.1275885349799257e-05
1835.0,2.553106241975911e-07,0.0,0.0,0.0,0.0,2.1275885349799257e-05
1836.0,1.3105908465149696e-06,0.0,0.0,0.0,0.0,0.00010921590387624747
1837.0,2.553106241975911e-07,0.0,0.0,0.0,0.0,2.1275885349799257e-05
1838.0,2.553106241975911e-07,0.0,0.0,0.0,0.0,2.1275885349799257e-05
1839.0,2.553106241975911e-07,0.0,0.0,0.0,0.0,2.1275885349799257e-05
1840.0,2.553106241975911e-07,0.0,0.0,0.0,0.0,2.1275885349799257e-05
1841.0,2.553106241975911e-07,0.0,0.0,0.0,0.0,2.1275885349799257e-05
1842.0,2.553106241975911e-07,0.0,0.0,0.0,0.0,2.1275885349799257e-05
1843.0,2.553106241975911e-07,0.0,0.0,0.0,0.0,2.1275885349799257e-05
1844.0,0.0,0.0,0.0,0.0,0.0,0.0
1845.0,2.553106241975911e-07,0.0,0.0,0.0,0.0,2.1275885349799257e-05
1846.0,2.553106241975911e-07,0.0,0.0,0.0,0.0,2.1275885349799257e-05
1847.0,2.553106241975911e-07,0.0,0.0,0.0,0.0,2.1275885349799257e-05
1848.0,2.553106241975911e-07,0.0,0.0,0.0,0.0,2.1275885349799257e-05
1849.0,2.553106241975911e-07,0.0,0.0,0.0,0.0,2.1275885349799257e-05
1850.0,2.553106241975911e-07,0.0,0.0,0.0,0.0,2.1275885349799257e-05
1851.0,2.553106241975911e-07,0.0,0.0,0.0,0.0,2.1275885349799257e-05
1852.0,1.0164672858081758e-05,5.471496933751041e-06,2.4152797777787782e-05,0.0,0.0,0.0008470560715068132
1853.0,1.0147653483727481e-05,5.471496933751041e-06,2.4152797777787782e-05,0.0,0.0,0.0008456377903106235
1854.0,2.553106241975911e-07,0.0,0.0,0.0,0.0,2.1275885349799257e-05
1855.0,2.553106241975911e-07,0.0,0.0,0.0,0.0,2.1275885349799257e-05
1856.0,2.553106241975911e-07,0.0,0.0,0.0,0.0,2.1275885349799257e-05
1857.0,2.553106241975911e-07,0.0,0.0,0.0,0.0,2.1275885349799257e-05
1858.0,2.553106241975911e-07,0.0,0.0,0.0,0.0,2.1275885349799257e-05
1859.0,2.553106241975911e-07,0.0,0.0,0.0,0.0,2.1275885349799257e-05
1860.0,2.553106241975911e-07,0.0,0.0,0.0,0.0,2.1275885349799257e-05
1861.0,0.0,0.0,0.0,0.0,0.0,0.0
1862.0,2.553106241975911e-07,0.0,0.0,0.0,0.0,2.1275885349799257e-05
1863.0,2.553106241975911e-07,0.0,0.0,0.0,0.0,2.1275885349799257e-05
1864.0,2.553106241975911e-07,0.0,0.0,0.0,0.0,2.1275885349799257e-05
1865.0,2.553106241975911e-07,0.0,0.0,0.0,0.0,2.1275885349799257e-05
1866.0,2.553106241975911e-07,0.0,0.0,0.0,0.0,2.1275885349799257e-05
1867.0,2.553106241975911e-07,0.0,0.0,0.0,0.0,2.1275885349799257e-05
1868.0,2.553106241975911e-07,0.0,0.0,0.0,0.0,2.1275885349799257e-05
1869.0,0.0,0.0,0.0,0.0,0.0,0.0
1870.0,0.04595082625746727,0.010001728311181068,0.0,0.0003775098593905568,0.203125,3.8292355214556055
1871.0,2.126495382981375e-05,2.4047611191235774e-07,0.0,0.0,0.0,0.0017720794858178124
1872.0,0.0,0.0,0.0,0.0,0.0,0.0
1873.0,0.0,0.0,0.0,0.0,0.0,0.0
1874.0,0.0,0.0,0.0,0.0,0.0,0.0
1875.0,0.0,0.0,0.0,0.0,0.0,0.0
1876.0,0.0,0.0,0.0,0.0,0.0,0.0
1877.0,0.00021496438421308994,3.5676388506544754e-05,2.4152797777787782e-05,4.4260257709538564e-05,0.001736111111111111,0.017913698684424162
1878.0,1.0273825864715036e-05,3.930692400899716e-06,2.4152797777787782e-05,0.0,0.0,0.0008561521553929197
1879.0,0.0,0.0,0.0,0.0,0.0,0.0
1880.0,0.0,0.0,0.0,0.0,0.0,0.0
1881.0,0.0,0.0,0.0,0.0,0.0,0.0
1882.0,0.0,0.0,0.0,0.0,0.0,0.0
1883.0,0.0,0.0,0.0,0.0,0.0,0.0
1884.0,0.0,0.0,0.0,0.0,0.0,0.0
1885.0,0.0,0.0,0.0,0.0,0.0,0.0
1886.0,0.0,0.0,0.0,0.0,0.0,0.0
1887.0,0.0,0.0,0.0,0.0,0.0,0.0
1888.0,0.0,0.0,0.0,0.0,0.0,0.0
1889.0,0.0,0.0,0.0,0.0,0.0,0.0
1890.0,0.00012957854778505862,0.0,0.0,0.0,0.003472222222222222,0.023148148148148147
1891.0,0.00033590340171940625,0.0,0.0,0.0,0.005208333333333333,0.034722222222222224
1892.0,0.0003715277125593275,0.0,0.0,0.0,0.008680555555555556,0.05787037037037038
1893.0,0.00021143104822840542,0.0,0.0,0.0,0.001736111111111111,0.017619254019033786
1894.0,0.0003936375433113426,0.0,0.0,0.0,0.008680555555555556,0.05787037037037038
1895.0,0.00016642834816593677,0.0,0.0,0.0,0.001736111111111111,0.013869029013828063
1896.0,0.0,0.0,0.0,0.0,0.0,0.0
1897.0,0.0,0.0,0.0,0.0,0.0,0.0
1898.0,0.0,0.0,0.0,0.0,0.0,0.0
1899.0,0.0,0.0,0.0,0.0,0.0,0.0
1900.0,0.0,0.0,0.0,0.0,0.0,0.0
1901.0,0.0,0.0,0.0,0.0,0.0,0.0
1902.0,1.582257573318202e-05,3.930692400899716e-06,2.4152797777787782e-05,0.0,0.0,0.0013185479777651683
1903.0,8.376917685382068e-05,3.930692400899716e-06,2.4152797777787782e-05,0.0,0.003472222222222222,0.023148148148148147
1904.0,0.00022838368022348732,0.0,0.0,0.0,0.003472222222222222,0.023148148148148147
1905.0,0.00023864714603405446,0.0,0.0,0.0,0.0,0.019887262169504538
1906.0,0.00019808681099675596,0.0,0.0,0.0,0.0,0.016507234249729663
1907.0,6.445735925808549e-05,0.0,0.0,0.0,0.0,0.0053714466048404574
1908.0,0.0,0.0,0.0,0.0,0.0,0.0
1909.0,0.0,0.0,0.0,0.0,0.0,0.0
1910.0,0.00021779679809696972,0.0,0.0,0.0,0.0,0.018149733174747478
1911.0,4.2245366785209626e-05,0.0,0.0,0.0,0.001736111111111111,0.011574074074074073
1912.0,0.0,0.0,0.0,0.0,0.0,0.0
1913.0,0.0,0.0,0.0,0.0,0.0,0.0
1914.0,0.0,0.0,0.0,0.0,0.0,0.0
1915.0,0.0,0.0,0.0,0.0,0.0,0.0
1916.0,0.0,0.0,0.0,0.0,0.0,0.0
1917.0,0.0,0.0,0.0,0.0,0.0,0.0
1918.0,0.0,0.0,0.0,0.0,0.0,0.0
1919.0,0.0,0.0,0.0,0.0,0.0,0.0
1920.0,0.0,0.0,0.0,0.0,0.0,0.0
1921.0,0.0,0.0,0.0,0.0,0.0,0.0
1922.0,0.0,0.0,0.0,0.0,0.0,0.0
1923.0,0.0,0.0,0.0,0.0,0.0,0.0
1924.0,0.0,0.0,0.0,0.0,0.0,0.0
1925.0,0.0,0.0,0.0,0.0,0.0,0.0
1926.0,0.0,0.0,0.0,0.0,0.0,0.0
1927.0,1.0886572454182897e-05,3.930692400899716e-06,2.4152797777787782e-05,0.0,0.0,0.0009072143711819081
1928.0,1.0886572454182897e-05,3.930692400899716e-06,2.4152797777787782e-05,0.0,0.0,0.0009072143711819081
1929.0,0.0,0.0,0.0,0.0,0.0,0.0
1930.0,0.0,0.0,0.0,0.0,0.0,0.0
1931.0,0.0,0.0,0.0,0.0,0.0,0.0
1932.0,0.0,0.0,0.0,0.0,0.0,0.0
1933.0,0.0,0.0,0.0,0.0,0.0,0.0
1934.0,0.0,0.0,0.0,0.0,0.0,0.0
1935.0,0.0001868701947387308,0.0,0.0,0.0,0.0,0.015572516228227565
1936.0,0.0001745642366586253,0.0,0.0,0.0,0.0,0.014547019721552108
1937.0,8.256738510681316e-05,0.0,0.0,0.0,0.0,0.006880615425567764
1938.0,0.0,0.0,0.0,0.0,0.0,0.0
1939.0,8.016744686756283e-06,5.1506885938579217e-05,0.0,0.0,0.003472222222222222,0.023148148148148147
1940.0,0.0001656624226598069,0.0010711894137784839,0.0,0.0,0.0,0.026779735344462097
1941.0,0.00017344085790682584,0.0,0.0,0.0,0.005208333333333333,0.034722222222222224
1942.0,0.0,0.0,0.0,0.0,0.0,0.0
1943.0,0.0,0.0,0.0,0.0,0.0,0.0
1944.0,0.00017793435836210847,0.00112247618380934,0.0,0.0,0.003472222222222222,0.0280619045952335
1945.0,0.0,0.0,0.0,0.0,0.0,0.0
1946.0,0.0,0.0,0.0,0.0,0.0,0.0
1947.0,0.00022477527090813965,0.0,0.0,0.0,0.005208333333333333,0.034722222222222224
1948.0,0.0,0.0,0.0,0.0,0.0,0.0
1949.0,0.0,0.0,0.0,0.0,0.0,0.0
1950.0,0.0,0.0,0.0,0.0,0.0,0.0
1951.0,0.0,0.0,0.0,0.0,0.0,0.0
1952.0,1.3643923011841252e-05,3.930692400899716e-06,2.4152797777787782e-05,0.0,0.0,0.0011369935843201044
1953.0,1.0920613931375556e-05,3.930692400899716e-06,2.4152797777787782e-05,0.0,0.0,0.0009100511609479629
1954.0,0.0,0.0,0.0,0.0,0.0,0.0
1955.0,0.0,0.0,0.0,0.0,0.0,0.0
1956.0,0.0,0.0,0.0,0.0,0.0,0.0
1957.0,0.0,0.0,0.0,0.0,0.0,0.0
1958.0,0.0,0.0,0.0,0.0,0.0,0.0
1959.0,0.0,0.0,0.0,0.0,0.0,0.0
1960.0,9.504354966338724e-05,0.0,0.0,0.0,0.001736111111111111,0.011574074074074073
1961.0,8.745232480578125e-05,0.0,0.0,0.0,0.003472222222222222,0.023148148148148147
1962.0,0.0,0.0,0.0,0.0,0.0,0.0
1963.0,0.0,0.0,0.0,0.0,0.0,0.0
1964.0,0.0,0.0,0.0,0.0,0.0,0.0
1965.0,5.38194362889044e-05,0.0,0.0,0.0,0.001736111111111111,0.011574074074074073
1966.0,0.00010042210487881675,0.0,0.0,0.0,0.001736111111111111,0.011574074074074073
1967.0,0.0,0.0,0.0,0.0,0.0,0.0
1968.0,0.0,0.0,0.0,0.0,0.0,0.0
1969.0,3.6254073165764567e-06,0.0,0.0,0.0,0.0,0.00030211727638137137
1970.0,0.0,0.0,0.0,0.0,0.0,0.0
1971.0,0.0,0.0,0.0,0.0,0.0,0.0
1972.0,0.0,0.0,0.0,0.0,0.0,0.0
1973.0,0.0,0.0,0.0,0.0,0.0,0.0
1974.0,0.0,0.0,0.0,0.0,0.0,0.0
1975.0,0.000212282087886706,0.0,0.0,0.0,0.003472222222222222,0.023148148148148147
1976.0,0.0,0.0,0.0,0.0,0.0,0.0
1977.0,1.3133299034961965e-05,3.930692400899716e-06,2.4152797777787782e-05,0.0,0.0,0.0010944415862468304
1978.0,6.448473141063005e-05,3.930692400899716e-06,2.4152797777787782e-05,0.0,0.0,0.005373727617552504
1979.0,0.00013306777691468596,0.0,0.0,0.0,0.001736111111111111,0.011574074074074073
1980.0,5.4806638217996806e-05,0.0,0.0,0.0,0.003472222222222222,0.023148148148148147
1981.0,0.0,0.0,0.0,0.0,0.0,0.0
1982.0,0.0,0.0,0.0,0.0,0.0,0.0
1983.0,0.0,0.0,0.0,0.0,0.0,0.0
1984.0,0.0,0.0,0.0,0.0,0.0,0.0
1985.0,0.0,0.0,0.0,0.0,0.0,0.0
1986.0,2.1105643099872395e-06,0.0,0.0,0.0,0.0,0.0001758803591656033
1987.0,0.0,0.0,0.0,0.0,0.0,0.0
1988.0,0.0,0.0,0.0,0.0,0.0,0.0
1989.0,0.0,0.0,0.0,0.0,0.0,0.0
1990.0,0.0,0.0,0.0,0.0,0.0,0.0
1991.0,0.0,0.0,0.0,0.0,0.0,0.0
1992.0,0.0,0.0,0.0,0.0,0.0,0.0
1993.0,0.0,0.0,0.0,0.0,0.0,0.0
1994.0,0.0,0.0,0.0,0.0,0.0,0.0
1995.0,0.0,0.0,0.0,0.0,0.0,0.0
1996.0,0.0,0.0,0.0,0.0,0.0,0.0
1997.0,0.0,0.0,0.0,0.0,0.0,0.0
1998.0,0.0,0.0,0.0,0.0,0.0,0.0
1999.0,0.0,0.0,0.0,0.0,0.0,0.0
2000.0,0.0,0.0,0.0,0.0,0.0,0.0
2001.0,0.0,0.0,0.0,0.0,0.0,0.0
2002.0,1.0988695976266172e-05,3.930692400899716e-06,2.4152797777787782e-05,0.0,0.0,0.0009157246646888476
2003.0,1.0988695976266172e-05,3.930692400899716e-06,2.4152797777787782e-05,0.0,0.0,0.0009157246646888476
2004.0,0.0,0.0,0.0,0.0,0.0,0.0
2005.0,0.0,0.0,0.0,0.0,0.0,0.0
2006.0,0.0,0.0,0.0,0.0,0.0,0.0
2007.0,0.0,0.0,0.0,0.0,0.0,0.0
2008.0,0.0,0.0,0.0,0.0,0.0,0.0
2009.0,0.0,0.0,0.0,0.0,0.0,0.0
2010.0,0.0,0.0,0.0,0.0,0.0,0.0
2011.0,0.0,0.0,0.0,0.0,0.0,0.0
2012.0,0.0,0.0,0.0,0.0,0.0,0.0
2013.0,0.0,0.0,0.0,0.0,0.0,0.0
2014.0,0.0,0.0,0.0,0.0,0.0,0.0
2015.0,0.0,0.0,0.0,0.0,0.0,0.0
2016.0,0.0,0.0,0.0,0.0,0.0,0.0
2017.0,0.0,0.0,0.0,0.0,0.0,0.0
2018.0,0.0,0.0,0.0,0.0,0.0,0.0
2019.0,0.0,0.0,0.0,0.0,0.0,0.0
2020.0,0.0,0.0,0.0,0.0,0.0,0.0
2021.0,0.0,0.0,0.0,0.0,0.0,0.0
2022.0,0.0,0.0,0.0,0.0,0.0,0.0
2023.0,0.0,0.0,0.0,0.0,0.0,0.0
2024.0,0.0,0.0,0.0,0.0,0.0,0.0
2025.0,0.0,0.0,0.0,0.0,0.0,0.0
2026.0,0.0,0.0,0.0,0.0,0.0,0.0
2027.0,1.0988695976266172e-05,3.930692400899716e-06,2.4152797777787782e-05,0.0,0.0,0.0009157246646888476
2028.0,1.0988695976266172e-05,3.930692400899716e-06,2.4152797777787782e-05,0.0,0.0,0.0009157246646888476
2029.0,0.0,0.0,0.0,0.0,0.0,0.0
2030.0,0.00015611380513291806,0.0010091169970110059,0.0,0.0,0.001736111111111111,0.025227924925275147
2031.0,0.0,0.0,0.0,0.0,0.0,0.0
2032.0,0.0,0.0,0.0,0.0,0.0,0.0
2033.0,0.00017013885371852666,0.0,0.0,0.0,0.003472222222222222,0.023148148148148147
2034.0,0.00018161079788114876,0.0,0.0,0.0,0.003472222222222222,0.023148148148148147
2035.0,0.0,0.0,0.0,0.0,0.0,0.0
2036.0,2.587150902400026e-06,9.134812898992095e-06,0.0,0.0,0.0,0.00022837032247480238
2037.0,0.0,0.0,0.0,0.0,0.0,0.0
2038.0,0.0,0.0,0.0,0.0,0.0,0.0
2039.0,0.0,0.0,0.0,0.0,0.0,0.0
2040.0,0.00017514295177534223,0.0,0.0,0.0,0.005208333333333333,0.034722222222222224
2041.0,0.0,0.0,0.0,0.0,0.0,0.0
2042.0,0.0,0.0,0.0,0.0,0.0,0.0
2043.0,0.0,0.0,0.0,0.0,0.0,0.0
2044.0,3.812643853962072e-06,0.0,0.0,0.0,0.0,0.000317720321163506
2045.0,0.0,0.0,0.0,0.0,0.0,0.0
2046.0,0.0,0.0,0.0,0.0,0.0,0.0
2047.0,0.0,0.0,0.0,0.0,0.0,0.0
2048.0,0.0,0.0,0.0,0.0,0.0,0.0
2049.0,0.0,0.0,0.0,0.0,0.0,0.0
2050.0,0.00015580742910970002,0.0010074661113321781,0.0,0.0,0.001736111111111111,0.025186652783304453
2051.0,0.0,0.0,0.0,0.0,0.0,0.0
2052.0,1.0835509783646557e-05,3.930692400899716e-06,2.4152797777787782e-05,0.0,0.0,0.000902959148637213
2053.0,0.00010913002188317478,3.930692400899716e-06,2.4152797777787782e-05,0.0,0.001736111111111111,0.011574074074074073
2054.0,2.042483538389206e-05,0.0,0.0,0.0,0.0,0.0017020696153243382
2055.0,0.0,0.0,0.0,0.0,0.0,0.0
2056.0,0.0,0.0,0.0,0.0,0.0,0.0
2057.0,0.0,0.0,0.0,0.0,0.0,0.0
2058.0,0.0,0.0,0.0,0.0,0.0,0.0
2059.0,0.0,0.0,0.0,0.0,0.0,0.0
2060.0,0.0,0.0,0.0,0.0,0.0,0.0
2061.0,1.7701554497762118e-06,0.0,0.0,0.0,0.0,0.00014751295414801766
2062.0,0.0,0.0,0.0,0.0,0.0,0.0
2063.0,0.0,0.0,0.0,0.0,0.0,0.0
2064.0,0.0,0.0,0.0,0.0,0.0,0.0
2065.0,0.0,0.0,0.0,0.0,0.0,0.0
2066.0,0.0,0.0,0.0,0.0,0.0,0.0
2067.0,0.0,0.0,0.0,0.0,0.0,0.0
2068.0,0.0,0.0,0.0,0.0,0.0,0.0
2069.0,0.0,0.0,0.0,0.0,0.0,0.0
2070.0,0.0,0.0,0.0,0.0,0.0,0.0
2071.0,0.0,0.0,0.0,0.0,0.0,0.0
2072.0,0.0,0.0,0.0,0.0,0.0,0.0
2073.0,0.0,0.0,0.0,0.0,0.0,0.0
2074.0,0.0,0.0,0.0,0.0,0.0,0.0
2075.0,0.0,0.0,0.0,0.0,0.0,0.0
2076.0,0.0,0.0,0.0,0.0,0.0,0.0
2077.0,1.0835509783646557e-05,3.930692400899716e-06,2.4152797777787782e-05,0.0,0.0,0.000902959148637213
2078.0,1.0835509783646557e-05,3.930692400899716e-06,2.4152797777787782e-05,0.0,0.0,0.000902959148637213
2079.0,0.0,0.0,0.0,0.0,0.0,0.0
2080.0,0.0,0.0,0.0,0.0,0.0,0.0
2081.0,0.0,0.0,0.0,0.0,0.0,0.0
2082.0,0.0,0.0,0.0,0.0,0.0,0.0
2083.0,3.453499812167138e-05,0.0,0.0,0.0,0.0,0.0028779165101392814
2084.0,0.0,0.0,0.0,0.0,0.0,0.0
2085.0,0.0,0.0,0.0,0.0,0.0,0.0
2086.0,6.365741228364641e-06,0.0,0.0,0.0,0.0,0.0005304784356970534
2087.0,0.0,0.0,0.0,0.0,0.0,0.0
2088.0,0.0,0.0,0.0,0.0,0.0,0.0
2089.0,0.0,0.0,0.0,0.0,0.0,0.0
2090.0,0.0,0.0,0.0,0.0,0.0,0.0
2091.0,0.0,0.0,0.0,0.0,0.0,0.0
2092.0,0.0,0.0,0.0,0.0,0.0,0.0
2093.0,0.0,0.0,0.0,0.0,0.0,0.0
2094.0,1.0212423973143814e-07,0.0,0.0,0.0,0.0,8.510353310953178e-06
2095.0,1.0212423973143814e-07,0.0,0.0,0.0,0.0,8.510353310953178e-06
2096.0,0.0,0.0,0.0,0.0,0.0,0.0
2097.0,0.0,0.0,0.0,0.0,0.0,0.0
2098.0,0.0,0.0,0.0,0.0,0.0,0.0
2099.0,0.0,0.0,0.0,0.0,0.0,0.0
2100.0,0.0,0.0,0.0,0.0,0.0,0.0
2101.0,0.0,0.0,0.0,0.0,0.0,0.0
2102.0,1.1209966032765806e-05,3.930692400899716e-06,2.4152797777787782e-05,0.0,0.0,0.0009341638360638171
2103.0,1.1209966032765806e-05,3.930692400899716e-06,2.4152797777787782e-05,0.0,0.0,0.0009341638360638171
2104.0,0.0,0.0,0.0,0.0,0.0,0.0
2105.0,0.0,0.0,0.0,0.0,0.0,0.0
2106.0,0.0,0.0,0.0,0.0,0.0,0.0
2107.0,0.0,0.0,0.0,0.0,0.0,0.0
2108.0,0.04878852888941765,0.007567958440631628,0.0,0.0002581081062089652,0.1892361111111111,4.065710740784804
2109.0,5.276402816889458e-07,0.0,0.0,0.0,0.0,4.397002347407882e-05
2110.0,0.0,0.0,0.0,0.0,0.0,0.0
2111.0,0.0,0.0,0.0,0.0,0.0,0.0
2112.0,0.0,0.0,0.0,0.0,0.0,0.0
2113.0,0.0,0.0,0.0,0.0,0.0,0.0
2114.0,0.0,0.0,0.0,0.0,0.0,0.0
2115.0,0.0,0.0,0.0,0.0,0.0,0.0
2116.0,5.78702611164772e-07,0.0,0.0,0.0,0.0,4.822521759706433e-05
2117.0,5.78702611164772e-07,0.0,0.0,0.0,0.0,4.822521759706433e-05
2118.0,0.0,0.0,0.0,0.0,0.0,0.0
2119.0,0.0,0.0,0.0,0.0,0.0,0.0
2120.0,0.0,0.0,0.0,0.0,0.0,0.0
2121.0,0.0,0.0,0.0,0.0,0.0,0.0
2122.0,0.0,0.0,0.0,0.0,0.0,0.0
2123.0,0.0,0.0,0.0,0.0,0.0,0.0
2124.0,0.0,0.0,0.0,0.0,0.0,0.0
2125.0,2.5530965785947046e-07,0.0,0.0,0.0,0.0,2.127580482162254e-05
2126.0,2.5530965785947046e-07,0.0,0.0,0.0,0.0,2.127580482162254e-05
2127.0,0.0,0.0,0.0,0.0,0.0,0.0
2128.0,0.0,0.0,0.0,0.0,0.0,0.0
2129.0,0.0,0.0,0.0,0.0,0.0,0.0
2130.0,0.0,0.0,0.0,0.0,0.0,0.0
2131.0,0.0,0.0,0.0,0.0,0.0,0.0
2132.0,0.0,0.0,0.0,0.0,0.0,0.0
2133.0,5.276402816889458e-07,0.0,0.0,0.0,0.0,4.397002347407882e-05
2134.0,5.276402816889458e-07,0.0,0.0,0.0,0.0,4.397002347407882e-05
2135.0,0.0,0.0,0.0,0.0,0.0,0.0
2136.0,0.0,0.0,0.0,0.0,0.0,0.0
2137.0,0.0,0.0,0.0,0.0,0.0,0.0
2138.0,0.0,0.0,0.0,0.0,0.0,0.0
2139.0,0.0,0.0,0.0,0.0,0.0,0.0
2140.0,0.0,0.0,0.0,0.0,0.0,0.0
2141.0,5.78702611164772e-07,0.0,0.0,0.0,0.0,4.822521759706433e-05
2142.0,5.78702611164772e-07,0.0,0.0,0.0,0.0,4.822521759706433e-05
2143.0,0.0,0.0,0.0,0.0,0.0,0.0
2144.0,0.0,0.0,0.0,0.0,0.0,0.0
2145.0,0.0,0.0,0.0,0.0,0.0,0.0
2146.0,0.0,0.0,0.0,0.0,0.0,0.0
2147.0,0.0,0.0,0.0,0.0,0.0,0.0
2148.0,0.0,0.0,0.0,0.0,0.0,0.0
2149.0,0.0,0.0,0.0,0.0,0.0,0.0
2150.0,2.5530965785947046e-07,0.0,0.0,0.0,0.0,2.127580482162254e-05
2151.0,2.5530965785947046e-07,0.0,0.0,0.0,0.0,2.127580482162254e-05
2152.0,0.0,0.0,0.0,0.0,0.0,0.0
2153.0,0.0,0.0,0.0,0.0,0.0,0.0
2154.0,0.0,0.0,0.0,0.0,0.0,0.0
2155.0,0.0,0.0,0.0,0.0,0.0,0.0
2156.0,0.0,0.0,0.0,0.0,0.0,0.0
2157.0,0.0,0.0,0.0,0.0,0.0,0.0
2158.0,5.276402816889458e-07,0.0,0.0,0.0,0.0,4.397002347407882e-05
2159.0,5.276402816889458e-07,0.0,0.0,0.0,0.0,4.397002347407882e-05
2160.0,0.0,0.0,0.0,0.0,0.0,0.0
2161.0,0.0,0.0,0.0,0.0,0.0,0.0
2162.0,0.0,0.0,0.0,0.0,0.0,0.0
2163.0,0.0,0.0,0.0,0.0,0.0,0.0
2164.0,0.0,0.0,0.0,0.0,0.0,0.0
2165.0,0.0,0.0,0.0,0.0,0.0,0.0
2166.0,5.78702611164772e-07,0.0,0.0,0.0,0.0,4.822521759706433e-05
2167.0,5.78702611164772e-07,0.0,0.0,0.0,0.0,4.822521759706433e-05
2168.0,0.0,0.0,0.0,0.0,0.0,0.0
2169.0,0.0,0.0,0.0,0.0,0.0,0.0
2170.0,0.0,0.0,0.0,0.0,0.0,0.0
2171.0,0.0,0.0,0.0,0.0,0.0,0.0
2172.0,0.0,0.0,0.0,0.0,0.0,0.0
2173.0,0.0,0.0,0.0,0.0,0.0,0.0
2174.0,0.0,0.0,0.0,0.0,0.0,0.0
2175.0,2.5530965785947046e-07,0.0,0.0,0.0,0.0,2.127580482162254e-05
2176.0,2.5530965785947046e-07,0.0,0.0,0.0,0.0,2.127580482162254e-05
2177.0,0.0,0.0,0.0,0.0,0.0,0.0
2178.0,0.0,0.0,0.0,0.0,0.0,0.0
2179.0,0.0,0.0,0.0,0.0,0.0,0.0
2180.0,0.0,0.0,0.0,0.0,0.0,0.0
2181.0,0.0,0.0,0.0,0.0,0.0,0.0
2182.0,0.0,0.0,0.0,0.0,0.0,0.0
2183.0,5.276402816889458e-07,0.0,0.0,0.0,0.0,4.397002347407882e-05
2184.0,5.276402816889458e-07,0.0,0.0,0.0,0.0,4.397002347407882e-05
2185.0,0.0,0.0,0.0,0.0,0.0,0.0
2186.0,0.0,0.0,0.0,0.0,0.0,0.0
2187.0,0.0,0.0,0.0,0.0,0.0,0.0
2188.0,0.0,0.0,0.0,0.0,0.0,0.0
2189.0,0.0,0.0,0.0,0.0,0.0,0.0
2190.0,0.0,0.0,0.0,0.0,0.0,0.0
2191.0,5.78702611164772e-07,0.0,0.0,0.0,0.0,4.822521759706433e-05
2192.0,5.78702611164772e-07,0.0,0.0,0.0,0.0,4.822521759706433e-05
2193.0,0.0,0.0,0.0,0.0,0.0,0.0
2194.0,0.0,0.0,0.0,0.0,0.0,0.0
2195.0,0.0,0.0,0.0,0.0,0.0,0.0
2196.0,0.0,0.0,0.0,0.0,0.0,0.0
2197.0,0.0,0.0,0.0,0.0,0.0,0.0
2198.0,0.0,0.0,0.0,0.0,0.0,0.0
2199.0,0.0,0.0,0.0,0.0,0.0,0.0
2200.0,2.5530965785947046e-07,0.0,0.0,0.0,0.0,2.127580482162254e-05
2201.0,2.5530965785947046e-07,0.0,0.0,0.0,0.0,2.127580482162254e-05
2202.0,0.0,0.0,0.0,0.0,0.0,0.0
2203.0,0.0,0.0,0.0,0.0,0.0,0.0
2204.0,0.0,0.0,0.0,0.0,0.0,0.0
2205.0,0.0,0.0,0.0,0.0,0.0,0.0
2206.0,0.0,0.0,0.0,0.0,0.0,0.0
2207.0,0.0,0.0,0.0,0.0,0.0,0.0
2208.0,5.276402816889458e-07,0.0,0.0,0.0,0.0,4.397002347407882e-05
2209.0,5.276402816889458e-07,0.0,0.0,0.0,0.0,4.397002347407882e-05
2210.0,0.0,0.0,0.0,0.0,0.0,0.0
2211.0,0.0,0.0,0.0,0.0,0.0,0.0
2212.0,0.0,0.0,0.0,0.0,0.0,0.0
2213.0,0.0,0.0,0.0,0.0,0.0,0.0
2214.0,0.0,0.0,0.0,0.0,0.0,0.0
2215.0,0.0,0.0,0.0,0.0,0.0,0.0
2216.0,5.78702611164772e-07,0.0,0.0,0.0,0.0,4.822521759706433e-05
2217.0,5.78702611164772e-07,0.0,0.0,0.0,0.0,4.822521759706433e-05
2218.0,0.0,0.0,0.0,0.0,0.0,0.0
2219.0,0.0,0.0,0.0,0.0,0.0,0.0
2220.0,0.0,0.0,0.0,0.0,0.0,0.0
2221.0,0.0,0.0,0.0,0.0,0.0,0.0
2222.0,0.00020475892233662307,0.0,0.0,0.0,0.001736111111111111,0.017063243528051924
2223.0,0.00045739710913039744,0.0,0.0,0.0,0.010416666666666666,0.06944444444444445
2224.0,0.0,0.0,0.0,0.0,0.0,0.0
2225.0,6.348721399263013e-06,0.0,0.0,0.0,0.0,0.0005290601166052511
2226.0,2.5530965785947046e-07,0.0,0.0,0.0,0.0,2.127580482162254e-05
2227.0,0.0,0.0,0.0,0.0,0.0,0.0
2228.0,0.0,0.0,0.0,0.0,0.0,0.0
2229.0,0.0,0.0,0.0,0.0,0.0,0.0
2230.0,0.0,0.0,0.0,0.0,0.0,0.0
2231.0,0.0,0.0,0.0,0.0,0.0,0.0
2232.0,0.0,0.0,0.0,0.0,0.0,0.0
2233.0,5.276402816889458e-07,0.0,0.0,0.0,0.0,4.397002347407882e-05
2234.0,5.276402816889458e-07,0.0,0.0,0.0,0.0,4.397002347407882e-05
2235.0,0.0,0.0,0.0,0.0,0.0,0.0
2236.0,0.0,0.0,0.0,0.0,0.0,0.0
2237.0,0.0,0.0,0.0,0.0,0.0,0.0
2238.0,0.0,0.0,0.0,0.0,0.0,0.0
2239.0,0.0,0.0,0.0,0.0,0.0,0.0
2240.0,0.0,0.0,0.0,0.0,0.0,0.0
2241.0,5.78702611164772e-07,0.0,0.0,0.0,0.0,4.822521759706433e-05
2242.0,5.78702611164772e-07,0.0,0.0,0.0,0.0,4.822521759706433e-05
2243.0,0.0,0.0,0.0,0.0,0.0,0.0
2244.0,0.0,0.0,0.0,0.0,0.0,0.0
2245.0,0.0,0.0,0.0,0.0,0.0,0.0
2246.0,0.0,0.0,0.0,0.0,0.0,0.0
2247.0,0.0,0.0,0.0,0.0,0.0,0.0
2248.0,0.0,0.0,0.0,0.0,0.0,0.0
2249.0,0.0,0.0,0.0,0.0,0.0,0.0
2250.0,2.5530965785947046e-07,0.0,0.0,0.0,0.0,2.127580482162254e-05
2251.0,2.5530965785947046e-07,0.0,0.0,0.0,0.0,2.127580482162254e-05
2252.0,0.0,0.0,0.0,0.0,0.0,0.0
2253.0,0.0,0.0,0.0,0.0,0.0,0.0
2254.0,0.0,0.0,0.0,0.0,0.0,0.0
2255.0,0.0,0.0,0.0,0.0,0.0,0.0
2256.0,0.0,0.0,0.0,0.0,0.0,0.0
2257.0,0.0,0.0,0.0,0.0,0.0,0.0
2258.0,5.276402816889458e-07,0.0,0.0,0.0,0.0,4.397002347407882e-05
2259.0,5.276402816889458e-07,0.0,0.0,0.0,0.0,4.397002347407882e-05
2260.0,0.0,0.0,0.0,0.0,0.0,0.0
2261.0,0.0,0.0,0.0,0.0,0.0,0.0
2262.0,0.0,0.0,0.0,0.0,0.0,0.0
2263.0,0.0,0.0,0.0,0.0,0.0,0.0
2264.0,0.0,0.0,0.0,0.0,0.0,0.0
2265.0,0.0,0.0,0.0,0.0,0.0,0.0
2266.0,5.78702611164772e-07,0.0,0.0,0.0,0.0,4.822521759706433e-05
2267.0,5.78702611164772e-07,0.0,0.0,0.0,0.0,4.822521759706433e-05
2268.0,0.0,0.0,0.0,0.0,0.0,0.0
2269.0,0.0,0.0,0.0,0.0,0.0,0.0
2270.0,0.0,0.0,0.0,0.0,0.0,0.0
2271.0,0.0,0.0,0.0,0.0,0.0,0.0
2272.0,0.0,0.0,0.0,0.0,0.0,0.0
2273.0,0.0,0.0,0.0,0.0,0.0,0.0
2274.0,0.04773176088929176,0.02120862901210785,0.0,0.0006628206465393305,0.2326388888888889,3.9776467407743135
2275.0,8.340157933162118e-07,0.0,0.0,0.0,0.0,6.950131610968431e-05
2276.0,0.0,0.0,0.0,0.0,0.0,0.0
2277.0,0.0,0.0,0.0,0.0,0.0,0.0
2278.0,0.0,0.0,0.0,0.0,0.0,0.0
2279.0,0.0,0.0,0.0,0.0,0.0,0.0
2280.0,0.0,0.0,0.0,0.0,0.0,0.0
2281.0,0.0,0.0,0.0,0.0,0.0,0.0
2282.0,0.0,0.0,0.0,0.0,0.0,0.0
2283.0,0.0,0.0,0.0,0.0,0.0,0.0
2284.0,0.04876651242375374,0.019583234563469887,0.3913913667201996,0.0037227084394544363,0.4357638888888889,4.063876035312812
2285.0,0.0,0.0,0.0,0.0,0.0,0.0
2286.0,0.0,0.0,0.0,0.0,0.0,0.0
2287.0,0.0,0.0,0.0,0.0,0.0,0.0
2288.0,0.0,0.0,0.0,0.0,0.0,0.0
2289.0,0.0,0.0,0.0,0.0,0.0,0.0
2290.0,0.0,0.0,0.0,0.0,0.0,0.0
2291.0,0.0,0.0,0.0,0.0,0.0,0.0
2292.0,0.0001755854464136064,0.0,0.0,0.0,0.006944444444444444,0.046296296296296294
2293.0,0.0006829212652519345,0.0,0.0,0.0,0.013888888888888888,0.09259259259259259
2294.0,0.0002973174850922078,0.0,0.0,0.0,0.012152777777777778,0.08101851851851852
2295.0,0.0005099910777062178,0.0,0.0,0.0,0.010416666666666666,0.06944444444444445
2296.0,0.00017955130897462368,0.0,0.0,0.0,0.006944444444444444,0.046296296296296294
2297.0,0.0004907236434519291,0.0,0.0,0.0,0.010416666666666666,0.06944444444444445
2298.0,0.00031884864438325167,0.0,0.0,0.0,0.003472222222222222,0.026570720365270972
2299.0,0.00031180214136838913,0.0,0.0,0.0,0.006944444444444444,0.046296296296296294
2300.0,0.0005286457599140704,0.0,0.0,0.0,0.010416666666666666,0.06944444444444445
2301.0,0.000625595566816628,0.0,0.0,0.0,0.013888888888888888,0.09259259259259259
2302.0,0.0005262457998469472,0.0,0.0,0.0,0.015625,0.10416666666666667
2303.0,0.000363136496162042,0.0,0.0,0.0,0.003472222222222222,0.030261374680170167
2304.0,0.000440053001511842,0.0,0.0,0.0,0.006944444444444444,0.046296296296296294
2305.0,0.00037916997098363936,0.0,0.0,0.0,0.005208333333333333,0.034722222222222224
2306.0,0.0001700197026366368,0.0,0.0,0.0,0.006944444444444444,0.046296296296296294
2307.0,8.510328797228794e-08,0.0,0.0,0.0,0.0,7.091940664357328e-06
2308.0,2.7267167752142996e-05,0.0,0.0,0.0,0.0,0.0022722639793452495
2309.0,0.0,0.0,0.0,0.0,0.0,0.0
2310.0,0.0,0.0,0.0,0.0,0.0,0.0
2311.0,8.27035546535626e-05,0.0,0.0,0.0,0.001736111111111111,0.011574074074074073
2312.0,0.00010876222950173542,0.0,0.0,0.0,0.001736111111111111,0.011574074074074073
2313.0,0.0,0.0,0.0,0.0,0.0,0.0
2314.0,0.0,0.0,0.0,0.0,0.0,0.0
2315.0,0.0,0.0,0.0,0.0,0.0,0.0
2316.0,2.8254330572963227e-06,0.0,0.0,0.0,0.0,0.00023545275477469355
2317.0,0.0,0.0,0.0,0.0,0.0,0.0
2318.0,0.0,0.0,0.0,0.0,0.0,0.0
2319.0,0.0,0.0,0.0,0.0,0.0,0.0
2320.0,0.0,0.0,0.0,0.0,0.0,0.0
2321.0,0.0,0.0,0.0,0.0,0.0,0.0
2322.0,0.0,0.0,0.0,0.0,0.0,0.0
2323.0,0.0,0.0,0.0,0.0,0.0,0.0
2324.0,1.3616478611311322e-07,0.0,0.0,0.0,0.0,1.1347065509426102e-05
2325.0,1.3616478611311322e-07,0.0,0.0,0.0,0.0,1.1347065509426102e-05
2326.0,0.0,0.0,0.0,0.0,0.0,0.0
2327.0,0.0,0.0,0.0,0.0,0.0,0.0
2328.0,0.0,0.0,0.0,0.0,0.0,0.0
2329.0,0.0,0.0,0.0,0.0,0.0,0.0
2330.0,0.0,0.0,0.0,0.0,0.0,0.0
2331.0,0.0,0.0,0.0,0.0,0.0,0.0
2332.0,0.0,0.0,0.0,0.0,0.0,0.0
2333.0,0.0,0.0,0.0,0.0,0.0,0.0
2334.0,0.0,0.0,0.0,0.0,0.0,0.0
2335.0,0.0,0.0,0.0,0.0,0.0,0.0
2336.0,0.0,0.0,0.0,0.0,0.0,0.0
2337.0,0.0,0.0,0.0,0.0,0.0,0.0
2338.0,0.0,0.0,0.0,0.0,0.0,0.0
2339.0,0.0,0.0,0.0,0.0,0.0,0.0
2340.0,0.0,0.0,0.0,0.0,0.0,0.0
2341.0,0.0,0.0,0.0,0.0,0.0,0.0
2342.0,0.0,0.0,0.0,0.0,0.0,0.0
2343.0,0.0,0.0,0.0,0.0,0.0,0.0
2344.0,0.0,0.0,0.0,0.0,0.0,0.0
2345.0,0.0,0.0,0.0,0.0,0.0,0.0
2346.0,0.0,0.0,0.0,0.0,0.0,0.0
2347.0,0.0,0.0,0.0,0.0,0.0,0.0
2348.0,0.0,0.0,0.0,0.0,0.0,0.0
2349.0,1.3616478611311322e-07,0.0,0.0,0.0,0.0,1.1347065509426102e-05
2350.0,1.3616478611311322e-07,0.0,0.0,0.0,0.0,1.1347065509426102e-05
2351.0,0.00010808141087181866,0.0,0.0,0.0,0.003472222222222222,0.023148148148148147
2352.0,0.00010554532491369173,0.0,0.0,0.0,0.0,0.008795443742807644
2353.0,0.0,0.0,0.0,0.0,0.0,0.0
2354.0,0.0,0.0,0.0,0.0,0.0,0.0
2355.0,0.0,0.0,0.0,0.0,0.0,0.0
2356.0,0.0,0.0,0.0,0.0,0.0,0.0
2357.0,0.0,0.0,0.0,0.0,0.0,0.0
2358.0,0.00012678714119829237,0.0,0.0,0.0,0.0,0.010565595099857697
2359.0,0.0,0.0,0.0,0.0,0.0,0.0
2360.0,0.0,0.0,0.0,0.0,0.0,0.0
2361.0,0.0,0.0,0.0,0.0,0.0,0.0
2362.0,0.0,0.0,0.0,0.0,0.0,0.0
2363.0,0.0,0.0,0.0,0.0,0.0,0.0
2364.0,0.0,0.0,0.0,0.0,0.0,0.0
2365.0,0.0,0.0,0.0,0.0,0.0,0.0
2366.0,2.1275852759572444e-06,0.0,0.0,0.0,0.0,0.00017729877299643704
2367.0,0.0,0.0,0.0,0.0,0.0,0.0
2368.0,0.0,0.0,0.0,0.0,0.0,0.0
2369.0,0.0,0.0,0.0,0.0,0.0,0.0
2370.0,0.0,0.0,0.0,0.0,0.0,0.0
2371.0,0.0,0.0,0.0,0.0,0.0,0.0
2372.0,0.0,0.0,0.0,0.0,0.0,0.0
2373.0,0.0,0.0,0.0,0.0,0.0,0.0
2374.0,0.0,0.0,0.0,0.0,0.0,0.0
2375.0,6.377654062816873e-05,0.0,0.0,0.0,0.0,0.005314711719014061
2376.0,0.00010379218292655423,0.0,0.0,0.0,0.003472222222222222,0.023148148148148147
2377.0,0.0,0.0,0.0,0.0,0.0,0.0
2378.0,0.0,0.0,0.0,0.0,0.0,0.0
2379.0,0.0,0.0,0.0,0.0,0.0,0.0
2380.0,0.0,0.0,0.0,0.0,0.0,0.0
2381.0,0.0,0.0,0.0,0.0,0.0,0.0
2382.0,0.0,0.0,0.0,0.0,0.0,0.0
2383.0,1.2935707900396665e-06,0.0,0.0,0.0,0.0,0.00010779756583663887
2384.0,0.0,0.0,0.0,0.0,0.0,0.0
2385.0,0.0,0.0,0.0,0.0,0.0,0.0
2386.0,0.0,0.0,0.0,0.0,0.0,0.0
2387.0,0.0,0.0,0.0,0.0,0.0,0.0
2388.0,0.0,0.0,0.0,0.0,0.0,0.0
2389.0,0.0,0.0,0.0,0.0,0.0,0.0
2390.0,0.0,0.0,0.0,0.0,0.0,0.0
2391.0,0.0,0.0,0.0,0.0,0.0,0.0
2392.0,0.0,0.0,0.0,0.0,0.0,0.0
2393.0,0.0,0.0,0.0,0.0,0.0,0.0
2394.0,0.0,0.0,0.0,0.0,0.0,0.0
2395.0,0.0,0.0,0.0,0.0,0.0,0.0
2396.0,0.0,0.0,0.0,0.0,0.0,0.0
2397.0,0.0,0.0,0.0,0.0,0.0,0.0
2398.0,0.0,0.0,0.0,0.0,0.0,0.0
2399.0,0.0,0.0,0.0,0.0,0.0,0.0
2400.0,0.0,0.0,0.0,0.0,0.0,0.0
2401.0,0.0,0.0,0.0,0.0,0.0,0.0
2402.0,0.0,0.0,0.0,0.0,0.0,0.0
2403.0,0.0,0.0,0.0,0.0,0.0,0.0
2404.0,0.0,0.0,0.0,0.0,0.0,0.0
2405.0,0.0,0.0,0.0,0.0,0.0,0.0
2406.0,0.0,0.0,0.0,0.0,0.0,0.0
2407.0,0.0,0.0,0.0,0.0,0.0,0.0
2408.0,0.0,0.0,0.0,0.0,0.0,0.0
2409.0,0.0,0.0,0.0,0.0,0.0,0.0
2410.0,0.0,0.0,0.0,0.0,0.0,0.0
2411.0,0.0,0.0,0.0,0.0,0.0,0.0
2412.0,0.0,0.0,0.0,0.0,0.0,0.0
2413.0,0.0,0.0,0.0,0.0,0.0,0.0
2414.0,0.0,0.0,0.0,0.0,0.0,0.0
2415.0,0.0,0.0,0.0,0.0,0.0,0.0
2416.0,0.0,0.0,0.0,0.0,0.0,0.0
2417.0,0.0,0.0,0.0,0.0,0.0,0.0
2418.0,8.70778676471673e-05,0.0,0.0,0.0,0.001736111111111111,0.011574074074074073
2419.0,8.227803482441232e-05,0.0,0.0,0.0,0.005208333333333333,0.034722222222222224
2420.0,0.0,0.0,0.0,0.0,0.0,0.0
2421.0,0.0,0.0,0.0,0.0,0.0,0.0
2422.0,0.0,0.0,0.0,0.0,0.0,0.0
2423.0,0.0,0.0,0.0,0.0,0.0,0.0
2424.0,9.361391448692302e-07,0.0,0.0,0.0,0.0,7.801159540576919e-05
2425.0,0.00021100553567521274,0.0,0.0,0.0,0.003472222222222222,0.023148148148148147
2426.0,0.0,0.0,0.0,0.0,0.0,0.0
2427.0,0.0,0.0,0.0,0.0,0.0,0.0
2428.0,8.41843502712436e-05,0.0,0.0,0.0,0.001736111111111111,0.011574074074074073
2429.0,0.00015563722990918905,0.0,0.0,0.0,0.001736111111111111,0.012969769159099087
2430.0,0.0,0.0,0.0,0.0,0.0,0.0
2431.0,0.0,0.0,0.0,0.0,0.0,0.0
2432.0,0.0,0.0,0.0,0.0,0.0,0.0
2433.0,3.931784704036545e-06,0.0,0.0,0.0,0.0,0.00032764872533637873
2434.0,0.0,0.0,0.0,0.0,0.0,0.0
2435.0,0.0,0.0,0.0,0.0,0.0,0.0
2436.0,0.0,0.0,0.0,0.0,0.0,0.0
2437.0,0.0,0.0,0.0,0.0,0.0,0.0
2438.0,0.0,0.0,0.0,0.0,0.0,0.0
2439.0,0.0,0.0,0.0,0.0,0.0,0.0
2440.0,0.0,0.0,0.0,0.0,0.0,0.0
2441.0,0.0,0.0,0.0,0.0,0.0,0.0
2442.0,0.0,0.0,0.0,0.0,0.0,0.0
2443.0,0.0,0.0,0.0,0.0,0.0,0.0
2444.0,0.0,0.0,0.0,0.0,0.0,0.0
2445.0,0.0,0.0,0.0,0.0,0.0,0.0
2446.0,0.0,0.0,0.0,0.0,0.0,0.0
2447.0,0.0,0.0,0.0,0.0,0.0,0.0
2448.0,0.0,0.0,0.0,0.0,0.0,0.0
2449.0,4.3300653487676755e-05,0.0,0.0,0.0,0.0,0.0036083877906397293
2450.0,3.404165127562919e-08,0.0,0.0,0.0,0.0,2.8368042729690992e-06
2451.0,0.0,0.0,0.0,0.0,0.0,0.0
2452.0,0.0,0.0,0.0,0.0,0.0,0.0
2453.0,0.0,0.0,0.0,0.0,0.0,0.0
2454.0,0.0,0.0,0.0,0.0,0.0,0.0
2455.0,0.0,0.0,0.0,0.0,0.0,0.0
2456.0,0.0,0.0,0.0,0.0,0.0,0.0
2457.0,0.0,0.0,0.0,0.0,0.0,0.0
2458.0,0.0,0.0,0.0,0.0,0.0,0.0
2459.0,0.0,0.0,0.0,0.0,0.0,0.0
2460.0,0.0,0.0,0.0,0.0,0.0,0.0
2461.0,0.0,0.0,0.0,0.0,0.0,0.0
2462.0,0.0,0.0,0.0,0.0,0.0,0.0
2463.0,0.0,0.0,0.0,0.0,0.0,0.0
2464.0,0.0,0.0,0.0,0.0,0.0,0.0
2465.0,0.0,0.0,0.0,0.0,0.0,0.0
2466.0,0.0,0.0,0.0,0.0,0.0,0.0
2467.0,0.0,0.0,0.0,0.0,0.0,0.0
2468.0,0.0,0.0,0.0,0.0,0.0,0.0
2469.0,0.0,0.0,0.0,0.0,0.0,0.0
2470.0,0.0,0.0,0.0,0.0,0.0,0.0
2471.0,0.0,0.0,0.0,0.0,0.0,0.0
2472.0,0.0,0.0,0.0,0.0,0.0,0.0
2473.0,0.00016673473874107003,0.0,0.0,0.0,0.0,0.013894561561755836
2474.0,1.3786790304948227e-06,0.0,0.0,0.0,0.0,0.00011488991920790188
2475.0,3.404165127562919e-08,0.0,0.0,0.0,0.0,2.8368042729690992e-06
2476.0,0.0,0.0,0.0,0.0,0.0,0.0
2477.0,0.00015739037189632654,0.0,0.0,0.0,0.003472222222222222,0.023148148148148147
2478.0,0.0003619109920691699,0.0,0.0,0.0,0.005208333333333333,0.034722222222222224
2479.0,6.135959847597405e-05,0.0,0.0,0.0,0.0,0.005113299872997838
2480.0,0.0,0.0,0.0,0.0,0.0,0.0
2481.0,0.0,0.0,0.0,0.0,0.0,0.0
2482.0,0.0,0.0,0.0,0.0,0.0,0.0
2483.0,7.216787707875483e-06,0.0,0.0,0.0,0.0,0.0006013989756562902
2484.0,0.0,0.0,0.0,0.0,0.0,0.0
2485.0,0.0,0.0,0.0,0.0,0.0,0.0
2486.0,0.0,0.0,0.0,0.0,0.0,0.0
2487.0,0.0,0.0,0.0,0.0,0.0,0.0
2488.0,0.0,0.0,0.0,0.0,0.0,0.0
2489.0,0.0,0.0,0.0,0.0,0.0,0.0
2490.0,0.0,0.0,0.0,0.0,0.0,0.0
2491.0,0.0,0.0,0.0,0.0,0.0,0.0
2492.0,0.0,0.0,0.0,0.0,0.0,0.0
2493.0,0.0,0.0,0.0,0.0,0.0,0.0
2494.0,0.0,0.0,0.0,0.0,0.0,0.0
2495.0,5.770013558503706e-06,0.0,0.0,0.0,0.0,0.00048083446320864215
2496.0,0.0001367442455375567,0.0,0.0,0.0,0.0,0.011395353794796392
2497.0,4.842387352255173e-05,0.0,0.0,0.0,0.0,0.004035322793545977
2498.0,0.0,0.0,0.0,0.0,0.0,0.0
2499.0,2.161626071028877e-06,0.0,0.0,0.0,0.0,0.0001801355059190731
2500.0,3.404165127562919e-08,0.0,0.0,0.0,0.0,2.8368042729690992e-06
2501.0,0.0,0.0,0.0,0.0,0.0,0.0
2502.0,0.0,0.0,0.0,0.0,0.0,0.0
2503.0,0.0,0.0,0.0,0.0,0.0,0.0
2504.0,0.0,0.0,0.0,0.0,0.0,0.0
2505.0,0.0,0.0,0.0,0.0,0.0,0.0
2506.0,0.0,0.0,0.0,0.0,0.0,0.0
2507.0,0.0,0.0,0.0,0.0,0.0,0.0
2508.0,0.0,0.0,0.0,0.0,0.0,0.0
2509.0,0.0,0.0,0.0,0.0,0.0,0.0
2510.0,0.0,0.0,0.0,0.0,0.0,0.0
2511.0,0.0,0.0,0.0,0.0,0.0,0.0
2512.0,0.0,0.0,0.0,0.0,0.0,0.0
2513.0,0.0,0.0,0.0,0.0,0.0,0.0
2514.0,0.0,0.0,0.0,0.0,0.0,0.0
2515.0,0.0,0.0,0.0,0.0,0.0,0.0
2516.0,3.404139192753064e-08,0.0,0.0,0.0,0.0,2.8367826606275535e-06
2517.0,0.0,0.0,0.0,0.0,0.0,0.0
2518.0,0.0,0.0,0.0,0.0,0.0,0.0
2519.0,0.0,0.0,0.0,0.0,0.0,0.0
2520.0,2.7726709959097207e-05,0.0,0.0,0.0,0.0,0.0023105591632581004
2521.0,0.000180095958057791,0.0,0.0,0.0,0.0,0.015007996504815916
2522.0,0.0,0.0,0.0,0.0,0.0,0.0
2523.0,0.0,0.0,0.0,0.0,0.0,0.0
2524.0,2.8424560696294066e-06,0.0,0.0,0.0,0.0,0.00023687133913578387
2525.0,3.404165127562919e-08,0.0,0.0,0.0,0.0,2.8368042729690992e-06
2526.0,0.0,0.0,0.0,0.0,0.0,0.0
2527.0,0.0,0.0,0.0,0.0,0.0,0.0
2528.0,0.0,0.0,0.0,0.0,0.0,0.0
2529.0,0.0,0.0,0.0,0.0,0.0,0.0
2530.0,0.0,0.0,0.0,0.0,0.0,0.0
2531.0,0.0,0.0,0.0,0.0,0.0,0.0
2532.0,0.0,0.0,0.0,0.0,0.0,0.0
2533.0,3.233936070046184e-07,0.0,0.0,0.0,0.0,2.6949467250384867e-05
2534.0,0.0,0.0,0.0,0.0,0.0,0.0
2535.0,0.055240731686353683,0.019583234563469887,0.3913913667201996,0.0037227084394544363,0.3767361111111111,4.60339430719614
2536.0,0.0,0.0,0.0,0.0,0.0,0.0
2537.0,0.0,0.0,0.0,0.0,0.0,0.0
2538.0,0.0,0.0,0.0,0.0,0.0,0.0
2539.0,0.0,0.0,0.0,0.0,0.0,0.0
2540.0,0.0,0.0,0.0,0.0,0.0,0.0
2541.0,0.0,0.0,0.0,0.0,0.0,0.0
2542.0,0.0,0.0,0.0,0.0,0.0,0.0
2543.0,0.0,0.0,0.0,0.0,0.0,0.0
2544.0,0.0,0.0,0.0,0.0,0.0,0.0
2545.0,0.0,0.0,0.0,0.0,0.0,0.0
2546.0,0.0,0.0,0.0,0.0,0.0,0.0
2547.0,0.0,0.0,0.0,0.0,0.0,0.0
2548.0,0.0,0.0,0.0,0.0,0.0,0.0
2549.0,0.0,0.0,0.0,0.0,0.0,0.0
2550.0,0.0,0.0,0.0,0.0,0.0,0.0
2551.0,7.648523023817688e-06,1.559956558594422e-06,2.4152797777787782e-05,0.0,0.0,0.0006373769186514741
2552.0,7.648523023817688e-06,1.559956558594422e-06,2.4152797777787782e-05,0.0,0.0,0.0006373769186514741
2553.0,0.0,0.0,0.0,0.0,0.0,0.0
2554.0,0.0,0.0,0.0,0.0,0.0,0.0
2555.0,0.0,0.0,0.0,0.0,0.0,0.0
2556.0,0.0,0.0,0.0,0.0,0.0,0.0
2557.0,0.0,0.0,0.0,0.0,0.0,0.0
2558.0,0.055240731686353683,0.019583234563469887,0.3913913667201996,0.0037227084394544363,0.3767361111111111,4.60339430719614
2559.0,0.00023091975890565664,0.0,0.0,0.0,0.003472222222222222,0.023148148148148147
2560.0,0.00017633437528274953,0.0,0.0,0.0,0.001736111111111111,0.014694531273562461
2561.0,0.0,0.0,0.0,0.0,0.0,0.0
2562.0,0.0,0.0,0.0,0.0,0.0,0.0
2563.0,0.0,0.0,0.0,0.0,0.0,0.0
2564.0,0.0,0.0,0.0,0.0,0.0,0.0
2565.0,0.0,0.0,0.0,0.0,0.0,0.0
2566.0,3.1318054425355513e-06,0.0,0.0,0.0,0.0,0.0002609837868779626
2567.0,0.05544087663292885,0.019583234563469887,0.3913913667201996,0.0037227084394544363,0.3715277777777778,4.620073052744071
2568.0,0.0,0.0,0.0,0.0,0.0,0.0
2569.0,0.0,0.0,0.0,0.0,0.0,0.0
2570.0,0.0,0.0,0.0,0.0,0.0,0.0
2571.0,0.0,0.0,0.0,0.0,0.0,0.0
2572.0,0.0,0.0,0.0,0.0,0.0,0.0
2573.0,0.0,0.0,0.0,0.0,0.0,0.0
2574.0,0.0,0.0,0.0,0.0,0.0,0.0
2575.0,8.340157933162118e-07,0.0,0.0,0.0,0.0,6.950131610968431e-05
2576.0,8.340157933162118e-07,0.0,0.0,0.0,0.0,6.950131610968431e-05
2577.0,0.0,0.0,0.0,0.0,0.0,0.0
2578.0,0.0,0.0,0.0,0.0,0.0,0.0
2579.0,0.0,0.0,0.0,0.0,0.0,0.0
2580.0,0.0,0.0,0.0,0.0,0.0,0.0
2581.0,0.0,0.0,0.0,0.0,0.0,0.0
2582.0,0.0,0.0,0.0,0.0,0.0,0.0
2583.0,0.0,0.0,0.0,0.0,0.0,0.0
2584.0,0.0,0.0,0.0,0.0,0.0,0.0
2585.0,0.0,0.0,0.0,0.0,0.0,0.0
2586.0,0.0,0.0,0.0,0.0,0.0,0.0
2587.0,0.0,0.0,0.0,0.0,0.0,0.0
2588.0,0.0,0.0,0.0,0.0,0.0,0.0
2589.0,0.0,0.0,0.0,0.0,0.0,0.0
2590.0,0.0,0.0,0.0,0.0,0.0,0.0
2591.0,0.0,0.0,0.0,0.0,0.0,0.0
2592.0,0.0,0.0,0.0,0.0,0.0,0.0
2593.0,0.0,0.0,0.0,0.0,0.0,0.0
2594.0,0.0,0.0,0.0,0.0,0.0,0.0
2595.0,0.0,0.0,0.0,0.0,0.0,0.0
2596.0,0.0,0.0,0.0,0.0,0.0,0.0
2597.0,0.0,0.0,0.0,0.0,0.0,0.0
2598.0,0.0,0.0,0.0,0.0,0.0,0.0
2599.0,0.0,0.0,0.0,0.0,0.0,0.0
2600.0,8.340157933162118e-07,0.0,0.0,0.0,0.0,6.950131610968431e-05
2601.0,8.340157933162118e-07,0.0,0.0,0.0,0.0,6.950131610968431e-05
2602.0,0.0,0.0,0.0,0.0,0.0,0.0
2603.0,0.0,0.0,0.0,0.0,0.0,0.0
2604.0,0.0,0.0,0.0,0.0,0.0,0.0
2605.0,0.0,0.0,0.0,0.0,0.0,0.0
2606.0,0.0,0.0,0.0,0.0,0.0,0.0
2607.0,0.0,0.0,0.0,0.0,0.0,0.0
2608.0,0.0,0.0,0.0,0.0,0.0,0.0
2609.0,0.0,0.0,0.0,0.0,0.0,0.0
2610.0,0.0,0.0,0.0,0.0,0.0,0.0
2611.0,0.0,0.0,0.0,0.0,0.0,0.0
2612.0,0.0,0.0,0.0,0.0,0.0,0.0
2613.0,0.0,0.0,0.0,0.0,0.0,0.0
2614.0,0.0,0.0,0.0,0.0,0.0,0.0
2615.0,0.0,0.0,0.0,0.0,0.0,0.0
2616.0,0.0,0.0,0.0,0.0,0.0,0.0
2617.0,0.0,0.0,0.0,0.0,0.0,0.0
2618.0,0.0,0.0,0.0,0.0,0.0,0.0
2619.0,0.0,0.0,0.0,0.0,0.0,0.0
2620.0,0.0,0.0,0.0,0.0,0.0,0.0
2621.0,0.0,0.0,0.0,0.0,0.0,0.0
2622.0,0.0,0.0,0.0,0.0,0.0,0.0
2623.0,0.0,0.0,0.0,0.0,0.0,0.0
2624.0,0.0,0.0,0.0,0.0,0.0,0.0
2625.0,8.340157933162118e-07,0.0,0.0,0.0,0.0,6.950131610968431e-05
2626.0,8.340157933162118e-07,0.0,0.0,0.0,0.0,6.950131610968431e-05
2627.0,0.0,0.0,0.0,0.0,0.0,0.0
2628.0,0.0,0.0,0.0,0.0,0.0,0.0
2629.0,0.0,0.0,0.0,0.0,0.0,0.0
2630.0,0.0,0.0,0.0,0.0,0.0,0.0
2631.0,0.0,0.0,0.0,0.0,0.0,0.0
2632.0,0.0,0.0,0.0,0.0,0.0,0.0
2633.0,0.0,0.0,0.0,0.0,0.0,0.0
2634.0,0.0,0.0,0.0,0.0,0.0,0.0
2635.0,0.0,0.0,0.0,0.0,0.0,0.0
2636.0,0.0,0.0,0.0,0.0,0.0,0.0
2637.0,0.0,0.0,0.0,0.0,0.0,0.0
2638.0,0.0,0.0,0.0,0.0,0.0,0.0
2639.0,0.0,0.0,0.0,0.0,0.0,0.0
2640.0,0.0,0.0,0.0,0.0,0.0,0.0
2641.0,0.0,0.0,0.0,0.0,0.0,0.0
2642.0,0.0,0.0,0.0,0.0,0.0,0.0
2643.0,0.0,0.0,0.0,0.0,0.0,0.0
2644.0,0.0,0.0,0.0,0.0,0.0,0.0
2645.0,0.0,0.0,0.0,0.0,0.0,0.0
2646.0,0.0,0.0,0.0,0.0,0.0,0.0
2647.0,0.0,0.0,0.0,0.0,0.0,0.0
2648.0,0.0,0.0,0.0,0.0,0.0,0.0
2649.0,0.05544087663292885,0.019583234563469887,0.3913913667201996,0.0037227084394544363,0.3715277777777778,4.620073052744071
2650.0,0.00812547467648983,0.0,0.0,0.0,0.15104166666666666,1.0069444444444444
2651.0,0.0,0.0,0.0,0.0,0.0,0.0
2652.0,0.0,0.0,0.0,0.0,0.0,0.0
2653.0,0.0,0.0,0.0,0.0,0.0,0.0
2654.0,0.0,0.0,0.0,0.0,0.0,0.0
2655.0,0.0,0.0,0.0,0.0,0.0,0.0
2656.0,0.0,0.0,0.0,0.0,0.0,0.0
2657.0,0.0,0.0,0.0,0.0,0.0,0.0
2658.0,0.0,0.0,0.0,0.0,0.0,0.0
2659.0,0.0,0.0,0.0,0.0,0.0,0.0
2660.0,0.0,0.0,0.0,0.0,0.0,0.0
2661.0,0.0,0.0,0.0,0.0,0.0,0.0
2662.0,0.0,0.0,0.0,0.0,0.0,0.0
2663.0,0.0,0.0,0.0,0.0,0.0,0.0
2664.0,0.0,0.0,0.0,0.0,0.0,0.0
2665.0,0.0,0.0,0.0,0.0,0.0,0.0
2666.0,0.0,0.0,0.0,0.0,0.0,0.0
2667.0,0.0,0.0,0.0,0.0,0.0,0.0
2668.0,0.00013424221833702177,0.0008680232567712665,0.0,0.0,0.005208333333333333,0.034722222222222224
2669.0,0.0005079315160401165,0.003284335369244218,0.0,0.0,0.006944444444444444,0.08210838423110545
2670.0,0.00035991959157399833,0.0012570766266435385,0.0,0.0,0.010416666666666666,0.06944444444444445
2671.0,0.0004207515448797494,0.0,0.0,0.0,0.008680555555555556,0.05787037037037038
2672.0,0.00017944916908163577,0.0006739919190295041,0.0,0.0,0.003472222222222222,0.023148148148148147
2673.0,0.00039784167893230915,0.0,0.0,0.0,0.010416666666666666,0.06944444444444445
2674.0,0.0004112880560569465,4.688446279033087e-05,0.0,0.0,0.010416666666666666,0.06944444444444445
2675.0,0.0005243565537966788,0.0,0.0,0.0,0.010416666666666666,0.06944444444444445
2676.0,0.00039443757850676775,0.0,0.0,0.0,0.005208333333333333,0.034722222222222224
2677.0,0.00035466020926833153,0.0,0.0,0.0,0.006944444444444444,0.046296296296296294
2678.0,0.00028404133627191186,0.0,0.0,0.0,0.005208333333333333,0.034722222222222224
2679.0,4.760688534588553e-05,0.0002521416754461825,0.00088751275325194,0.0,0.001736111111111111,0.011574074074074073
2680.0,7.880581688368693e-05,8.287328819278628e-05,0.0014841329539194703,0.0,0.001736111111111111,0.011574074074074073
2681.0,7.885687227826566e-05,0.0004725867765955627,0.0005156732513569295,0.0,0.001736111111111111,0.011814669414889067
2682.0,8.226103818742558e-05,0.0004039109335280955,0.001076173735782504,0.0,0.0,0.010097773338202387
2683.0,6.910401134518906e-05,0.00044617289677262306,0.0,0.0,0.003472222222222222,0.023148148148148147
2684.0,1.5624995285179466e-05,0.0,0.0,0.0,0.0,0.001302082940431622
2685.0,1.35314485305571e-05,0.0,0.0,0.0,0.0,0.0011276207108797582
2686.0,0.0,0.0,0.0,0.0,0.0,0.0
2687.0,0.0,0.0,0.0,0.0,0.0,0.0
2688.0,0.0,0.0,0.0,0.0,0.0,0.0
2689.0,0.0,0.0,0.0,0.0,0.0,0.0
2690.0,3.846677373076091e-06,5.833042450831272e-06,1.612487039892585e-06,0.0,0.0,0.0003205564477563409
2691.0,1.4127172107691877e-06,1.5408031686092727e-06,1.612487039892585e-06,0.0,0.0,0.00011772643423076563
2692.0,0.0,0.0,0.0,0.0,0.0,0.0
2693.0,0.0,0.0,0.0,0.0,0.0,0.0
2694.0,0.0,0.0,0.0,0.0,0.0,0.0
2695.0,0.0,0.0,0.0,0.0,0.0,0.0
2696.0,0.0,0.0,0.0,0.0,0.0,0.0
2697.0,0.0,0.0,0.0,0.0,0.0,0.0
2698.0,0.0,0.0,0.0,0.0,0.0,0.0
2699.0,0.0,0.0,0.0,0.0,0.0,0.0
2700.0,0.0,0.0,0.0,0.0,0.0,0.0
2701.0,0.0,0.0,0.0,0.0,0.0,0.0
2702.0,0.0,0.0,0.0,0.0,0.0,0.0
2703.0,0.0,0.0,0.0,0.0,0.0,0.0
2704.0,0.0,0.0,0.0,0.0,0.0,0.0
2705.0,0.0,0.0,0.0,0.0,0.0,0.0
2706.0,0.0,0.0,0.0,0.0,0.0,0.0
2707.0,0.0,0.0,0.0,0.0,0.0,0.0
2708.0,0.0,0.0,0.0,0.0,0.0,0.0
2709.0,0.0,0.0,0.0,0.0,0.0,0.0
2710.0,0.0,0.0,0.0,0.0,0.0,0.0
2711.0,0.0,0.0,0.0,0.0,0.0,0.0
2712.0,0.0,0.0,0.0,0.0,0.0,0.0
2713.0,0.0,0.0,0.0,0.0,0.0,0.0
2714.0,0.0,0.0,0.0,0.0,0.0,0.0
2715.0,1.4127172107691877e-06,1.5408031686092727e-06,1.612487039892585e-06,0.0,0.0,0.00011772643423076563
2716.0,1.4127172107691877e-06,1.5408031686092727e-06,1.612487039892585e-06,0.0,0.0,0.00011772643423076563
2717.0,2.0526955267996527e-05,3.6098852433497086e-05,0.00038893180317245424,0.0,0.0,0.0017105796056663773
2718.0,0.00021953291434329003,0.0010029537370428443,0.0035268310457468033,0.0,0.003472222222222222,0.025073843426071107
2719.0,4.743667159345932e-05,0.00030673015862703323,1.8704829926718958e-05,0.0,0.0,0.007668253965675831
2720.0,4.188791717751883e-05,0.0002701910270843655,0.0,0.0,0.003472222222222222,0.023148148148148147
2721.0,0.0,0.0,0.0,0.0,0.0,0.0
2722.0,0.0,0.0,0.0,0.0,0.0,0.0
2723.0,0.0,0.0,0.0,0.0,0.0,0.0
2724.0,2.229710617029923e-06,4.292236553737894e-06,0.0,0.0,0.001736111111111111,0.011574074074074073
2725.0,5.492577838595025e-05,0.00027690461138263345,0.0007159441593103111,0.0,0.003472222222222222,0.023148148148148147
2726.0,0.00020225689513608813,0.0013071525609120727,0.0,0.0,0.001736111111111111,0.032678814022801816
2727.0,0.00015990942483767867,0.0010339899454265833,0.0,0.0,0.005208333333333333,0.034722222222222224
2728.0,0.00010380922321928665,0.0006712405593134463,0.0,0.0,0.001736111111111111,0.016781013982836157
2729.0,0.00018676805484574288,0.0012076605344191194,8.771927241468802e-05,0.0,0.008680555555555556,0.05787037037037038
2730.0,0.00011875339987454936,0.0007678709807805717,0.0,0.0,0.001736111111111111,0.019196774519514292
2731.0,0.0,0.0,0.0,0.0,0.0,0.0
2732.0,7.1997537816059776e-06,4.501350485952571e-05,5.482450887939194e-06,0.0,0.0,0.0011253376214881428
2733.0,0.0,0.0,0.0,0.0,0.0,0.0
2734.0,0.0,0.0,0.0,0.0,0.0,0.0
2735.0,0.0,0.0,0.0,0.0,0.0,0.0
2736.0,0.0,0.0,0.0,0.0,0.0,0.0
2737.0,0.0,0.0,0.0,0.0,0.0,0.0
2738.0,0.0,0.0,0.0,0.0,0.0,0.0
2739.0,0.0,0.0,0.0,0.0,0.0,0.0
2740.0,1.9403594251343748e-06,5.392817911342718e-06,0.0,0.0,0.0,0.0001616966187611979
2741.0,1.9403594251343748e-06,5.392817911342718e-06,0.0,0.0,0.0,0.0001616966187611979
2742.0,0.0,0.0,0.0,0.0,0.0,0.0
2743.0,0.0,0.0,0.0,0.0,0.0,0.0
2744.0,0.0,0.0,0.0,0.0,0.0,0.0
2745.0,0.0,0.0,0.0,0.0,0.0,0.0
2746.0,0.0,0.0,0.0,0.0,0.0,0.0
2747.0,0.0,0.0,0.0,0.0,0.0,0.0
2748.0,0.0,0.0,0.0,0.0,0.0,0.0
2749.0,0.0,0.0,0.0,0.0,0.0,0.0
2750.0,0.0,0.0,0.0,0.0,0.0,0.0
2751.0,0.0002364855317864567,0.0,0.0,0.0,0.005208333333333333,0.034722222222222224
2752.0,0.00015909240755718201,0.0,0.0,0.0,0.003472222222222222,0.023148148148148147
2753.0,0.00020714185666292906,0.0,0.0,0.0,0.003472222222222222,0.023148148148148147
2754.0,0.00023262182367034256,0.0,0.0,0.0,0.003472222222222222,0.023148148148148147
2755.0,0.0001630922924960032,0.0,0.0,0.0,0.003472222222222222,0.023148148148148147
2756.0,0.0007034652517177165,0.0,0.0,0.0,0.017361111111111112,0.11574074074074076
2757.0,0.000635076139587909,0.0,0.0,0.0,0.012152777777777778,0.08101851851851852
2758.0,0.0004926809924654663,0.0,0.0,0.0,0.008680555555555556,0.05787037037037038
2759.0,0.0,0.0,0.0,0.0,0.0,0.0
2760.0,8.862675167620182e-05,0.0,0.0,0.0,0.001736111111111111,0.011574074074074073
2761.0,0.00016329654317814857,0.0,0.0,0.0,0.0,0.013608045264845714
2762.0,0.0,0.0,0.0,0.0,0.0,0.0
2763.0,0.0,0.0,0.0,0.0,0.0,0.0
2764.0,0.00014862469106446952,0.0,0.0,0.0,0.0,0.012385390922039127
2765.0,0.0001824958890210837,5.392817911342718e-06,0.0,0.0,0.0,0.015207990751756975
2766.0,0.00017744074284564704,5.392817911342718e-06,0.0,0.0,0.0,0.014786728570470586
2767.0,0.00019968677952419966,0.0,0.0,0.0,0.0,0.016640564960349973
2768.0,0.0,0.0,0.0,0.0,0.0,0.0
2769.0,0.0,0.0,0.0,0.0,0.0,0.0
2770.0,0.0,0.0,0.0,0.0,0.0,0.0
2771.0,0.0,0.0,0.0,0.0,0.0,0.0
2772.0,0.0,0.0,0.0,0.0,0.0,0.0
2773.0,0.0,0.0,0.0,0.0,0.0,0.0
2774.0,5.667881850968115e-06,0.0,0.0,0.0,0.0,0.0004723234875806762
2775.0,0.0,0.0,0.0,0.0,0.0,0.0
2776.0,0.0,0.0,0.0,0.0,0.0,0.0
2777.0,3.233932375223958e-06,0.0,0.0,0.0,0.0,0.0002694943646019965
2778.0,1.8688720956561156e-05,0.0,0.0,0.0,0.001736111111111111,0.011574074074074073
2779.0,0.0,0.0,0.0,0.0,0.0,0.0
2780.0,0.0,0.0,0.0,0.0,0.0,0.0
2781.0,0.0,0.0,0.0,0.0,0.0,0.0
2782.0,7.829512469470501e-07,0.0,0.0,0.0,0.0,6.524593724558751e-05
2783.0,0.0,0.0,0.0,0.0,0.0,0.0
2784.0,0.00010515384201426059,0.0,0.0,0.0016265594167634845,0.001736111111111111,0.20331992709543556
2785.0,0.0,0.0,0.0,0.0,0.0,0.0
2786.0,0.0,0.0,0.0,0.0,0.0,0.0
2787.0,0.0,0.0,0.0,0.0,0.0,0.0
2788.0,0.0,0.0,0.0,0.0,0.0,0.0
2789.0,0.0,0.0,0.0,0.0,0.0,0.0
2790.0,5.66788958167308e-06,5.392817911342718e-06,0.0,1.6711164789739996e-05,0.0,0.0020888955987174995
2791.0,4.6636700972158e-06,5.392817911342718e-06,0.0,0.0,0.0,0.0003886391747679833
2792.0,0.0,0.0,0.0,0.0,0.0,0.0
2793.0,0.0,0.0,0.0,0.0,0.0,0.0
2794.0,0.0,0.0,0.0,0.0,0.0,0.0
2795.0,0.0,0.0,0.0,0.0,0.0,0.0
2796.0,0.0,0.0,0.0,0.0,0.0,0.0
2797.0,0.0,0.0,0.0,0.0,0.0,0.0
2798.0,0.0,0.0,0.0,0.0,0.0,0.0
2799.0,0.0,0.0,0.0,0.0,0.0,0.0
2800.0,0.0,0.0,0.0,0.0,0.0,0.0
2801.0,0.0,0.0,0.0,0.0,0.0,0.0
2802.0,0.0,0.0,0.0,0.0,0.0,0.0
2803.0,0.0,0.0,0.0,0.0,0.0,0.0
2804.0,0.0,0.0,0.0,0.0,0.0,0.0
2805.0,0.0,0.0,0.0,0.0,0.0,0.0
2806.0,0.0,0.0,0.0,0.0,0.0,0.0
2807.0,0.00010981751984218135,0.0,0.0,0.0,0.0,0.009151459986848446
2808.0,1.0586872122075874e-05,0.0,0.0,0.0,0.0,0.0008822393435063228
2809.0,0.00010539213690208271,0.0,0.0,0.0,0.003472222222222222,0.023148148148148147
2810.0,1.890999192255549e-05,0.0,0.0,0.0,0.0,0.0015758326602129575
2811.0,0.0,0.0,0.0,0.0,0.0,0.0
2812.0,0.0,0.0,0.0,0.0,0.0,0.0
2813.0,0.0,0.0,0.0,0.0,0.0,0.0
2814.0,0.0,0.0,0.0,0.0,0.0,0.0
2815.0,6.331695658445824e-06,5.392817911342718e-06,0.0,0.0,0.0,0.0005276413048704853
2816.0,4.714731858257437e-06,5.392817911342718e-06,0.0,0.0,0.0,0.0003928943215214531
2817.0,0.0,0.0,0.0,0.0,0.0,0.0
2818.0,0.0,0.0,0.0,0.0,0.0,0.0
2819.0,0.0,0.0,0.0,0.0,0.0,0.0
2820.0,0.0,0.0,0.0,0.0,0.0,0.0
2821.0,0.0,0.0,0.0,0.0,0.0,0.0
2822.0,0.0,0.0,0.0,0.0,0.0,0.0
2823.0,0.0,0.0,0.0,0.0,0.0,0.0
2824.0,0.0,0.0,0.0,0.0,0.0,0.0
2825.0,0.0,0.0,0.0,0.0,0.0,0.0
2826.0,0.0,0.0,0.0,0.0,0.0,0.0
2827.0,9.512864926364273e-05,0.0006151112611405551,0.0,0.0,0.0,0.015377781528513879
2828.0,0.0011541391722857952,0.000806941359769553,0.0,0.0,0.029513888888888888,0.19675925925925927
2829.0,0.00015652229194529355,0.0,0.0,0.0,0.0,0.013043524328774462
2830.0,0.0,0.0,0.0,0.0,0.0,0.0
2831.0,0.0,0.0,0.0,0.0,0.0,0.0
2832.0,1.439952575310599e-05,1.0235334229946602e-05,0.0,0.0,0.0,0.0011999604794254992
2833.0,0.0,0.0,0.0,0.0,0.0,0.0
2834.0,0.0,0.0,0.0,0.0,0.0,0.0
2835.0,0.0,0.0,0.0,0.0,0.0,0.0
2836.0,0.0,0.0,0.0,0.0,0.0,0.0
2837.0,0.0,0.0,0.0,0.0,0.0,0.0
2838.0,0.0,0.0,0.0,0.0,0.0,0.0
2839.0,0.0,0.0,0.0,0.0,0.0,0.0
2840.0,5.378539299272234e-06,6.82356903780601e-06,0.0,0.0,0.0,0.00044821160827268614
2841.0,5.378539299272234e-06,6.82356903780601e-06,0.0,0.0,0.0,0.00044821160827268614
2842.0,0.0,0.0,0.0,0.0,0.0,0.0
2843.0,0.0,0.0,0.0,0.0,0.0,0.0
2844.0,0.0,0.0,0.0,0.0,0.0,0.0
2845.0,0.0,0.0,0.0,0.0,0.0,0.0
2846.0,0.0,0.0,0.0,0.0,0.0,0.0
2847.0,0.0,0.0,0.0,0.0,0.0,0.0
2848.0,0.0,0.0,0.0,0.0,0.0,0.0
2849.0,0.0,0.0,0.0,0.0,0.0,0.0
2850.0,0.0,0.0,0.0,0.0,0.0,0.0
2851.0,0.0,0.0,0.0,0.0,0.0,0.0
2852.0,0.0,0.0,0.0,0.0,0.0,0.0
2853.0,0.0,0.0,0.0,0.0,0.0,0.0
2854.0,0.0,0.0,0.0,0.0,0.0,0.0
2855.0,0.0,0.0,0.0,0.0,0.0,0.0
2856.0,0.0,0.0,0.0,0.0,0.0,0.0
2857.0,5.9317113482393324e-05,0.0003803586005233228,0.0,0.0,0.0,0.00950896501308307
2858.0,0.000447065569460392,0.0010500584030523896,0.0,0.0,0.006944444444444444,0.046296296296296294
2859.0,0.0006765045109204948,0.0,0.0,0.0,0.017361111111111112,0.11574074074074076
2860.0,0.00012568080273922533,0.0,0.0,0.0,0.001736111111111111,0.011574074074074073
2861.0,3.9658218156546354e-05,0.0,0.0,0.0,0.0,0.0033048515130455294
2862.0,6.469565414590761e-05,0.0,0.0,0.0,0.003472222222222222,0.023148148148148147
2863.0,0.0,0.0,0.0,0.0,0.0,0.0
2864.0,0.0,0.0,0.0,0.0,0.0,0.0
2865.0,5.752991455665324e-06,5.2827604122285265e-06,0.0,0.0,0.0,0.00047941595463877695
2866.0,4.714731858257437e-06,5.392817911342718e-06,0.0,0.0,0.0,0.0003928943215214531
2867.0,0.0,0.0,0.0,0.0,0.0,0.0
2868.0,0.0,0.0,0.0,0.0,0.0,0.0
2869.0,0.0,0.0,0.0,0.0,0.0,0.0
2870.0,0.0,0.0,0.0,0.0,0.0,0.0
2871.0,0.0,0.0,0.0,0.0,0.0,0.0
2872.0,0.0003517837030813098,0.0021980677265673876,0.0007146541029214859,0.0,0.005208333333333333,0.05495169316418469
2873.0,0.00014697368897031993,0.0009503461769782007,0.0,0.0,0.001736111111111111,0.023758654424455017
2874.0,0.00011376630573067814,0.0007335330592468381,8.804176468402147e-05,0.0,0.008680555555555556,0.05787037037037038
2875.0,0.0001919253554660827,0.0012410080526024103,0.0,0.0,0.005208333333333333,0.034722222222222224
2876.0,2.1990736058796756e-05,0.00014219425793271512,0.0,0.0,0.001736111111111111,0.011574074074074073
2877.0,0.0,0.0,0.0,0.0,0.0,0.0
2878.0,0.0,0.0,0.0,0.0,0.0,0.0
2879.0,0.0,0.0,0.0,0.0,0.0,0.0
2880.0,7.284856110345572e-06,0.0,0.0,0.0,0.003472222222222222,0.023148148148148147
2881.0,0.00017141540593001992,0.0,0.0,0.0,0.001736111111111111,0.014284617160834992
2882.0,0.00013371456589084119,2.2011163025581482e-07,0.0,0.0,0.003472222222222222,0.023148148148148147
2883.0,0.0001420036278432235,0.0,0.0,0.0,0.003472222222222222,0.023148148148148147
2884.0,0.00023965135915204883,0.0,0.0,0.0,0.001736111111111111,0.01997094659600407
2885.0,0.00022918361355550587,0.0,0.0,0.0,0.006944444444444444,0.046296296296296294
2886.0,0.0001263616286450997,0.0,0.0,0.0,0.003472222222222222,0.023148148148148147
2887.0,0.00015529681695625186,0.0,0.0,0.0,0.001736111111111111,0.012941401413020989
2888.0,0.00019381463062018156,0.0,0.0,0.0,0.001736111111111111,0.016151219218348462
2889.0,0.00014198663120623678,0.0,0.0,0.0,0.003472222222222222,0.023148148148148147
2890.0,0.00023102188424672931,6.603465863008751e-07,0.0,0.0,0.001736111111111111,0.019251823687227443
2891.0,0.0002471234474796802,6.603465863008751e-07,0.0,0.0,0.003472222222222222,0.023148148148148147
2892.0,0.0,0.0,0.0,0.0,0.0,0.0
2893.0,0.0,0.0,0.0,0.0,0.0,0.0
2894.0,0.0,0.0,0.0,0.0,0.0,0.0
2895.0,0.0,0.0,0.0,0.0,0.0,0.0
2896.0,0.0,0.0,0.0,0.0,0.0,0.0
2897.0,0.0,0.0,0.0,0.0,0.0,0.0
2898.0,0.0,0.0,0.0,0.0,0.0,0.0
2899.0,2.2977960725256708e-06,0.0,0.0,0.0,0.0,0.0001914830060438059
2900.0,0.0,0.0,0.0,0.0,0.0,0.0
2901.0,0.0,0.0,0.0,0.0,0.0,0.0
2902.0,0.0,0.0,0.0,0.0,0.0,0.0
2903.0,0.0,0.0,0.0,0.0,0.0,0.0
2904.0,0.0,0.0,0.0,0.0,0.0,0.0
2905.0,0.0,0.0,0.0,0.0,0.0,0.0
2906.0,0.0,0.0,0.0,0.0,0.0,0.0
2907.0,0.0,0.0,0.0,0.0,0.0,0.0
2908.0,0.0,0.0,0.0,0.0,0.0,0.0
2909.0,0.0,0.0,0.0,0.0,0.0,0.0
2910.0,8.510218663104752e-08,0.0,0.0,0.0,0.0,7.091848885920626e-06
2911.0,0.00014945871953386813,0.0,0.0,0.0,0.0,0.012454893294489011
2912.0,0.00024714047322049737,0.0,0.0,0.0,0.001736111111111111,0.020595039435041446
2913.0,0.00014920340618118644,0.0,0.0,0.0,0.005208333333333333,0.034722222222222224
2914.0,0.0,0.0,0.0,0.0,0.0,0.0
2915.0,9.480517292104196e-06,6.603465863008751e-07,0.0,0.0,0.0,0.0007900431076753497
2916.0,4.493462256505154e-06,6.603465863008751e-07,0.0,0.0,0.0,0.00037445518804209615
2917.0,0.00026489305309951305,0.0,0.0,0.0,0.005208333333333333,0.034722222222222224
2918.0,0.00014334828301798552,0.0,0.0,0.0,0.0,0.011945690251498794
2919.0,0.0,0.0,0.0,0.0,0.0,0.0
2920.0,0.0,0.0,0.0,0.0,0.0,0.0
2921.0,0.0,0.0,0.0,0.0,0.0,0.0
2922.0,0.0002700673649087548,0.0,0.0,0.0,0.0,0.022505613742396235
2923.0,0.0005600489675998688,0.0,0.0,0.0,0.001736111111111111,0.04667074729998907
2924.0,0.00012384256115183234,0.0,0.0,0.0,0.001736111111111111,0.011574074074074073
2925.0,0.00023774504370521754,0.0,0.0,0.0,0.003472222222222222,0.023148148148148147
2926.0,7.965682925714646e-06,0.0,0.0,0.0,0.001736111111111111,0.011574074074074073
2927.0,0.0,0.0,0.0,0.0,0.0,0.0
2928.0,0.0,0.0,0.0,0.0,0.0,0.0
2929.0,4.379424353828654e-05,0.0,0.0,0.0,0.001736111111111111,0.011574074074074073
2930.0,0.00032084007398225367,0.0,0.0,0.0,0.003472222222222222,0.026736672831854474
2931.0,0.0001085409676306881,0.0,0.0,0.0,0.0,0.009045080635890676
2932.0,0.00014688858937006444,0.0,0.0,0.0,0.0,0.012240715780838704
2933.0,0.00019568692368920892,0.0,0.0,0.0,0.0,0.01630724364076741
2934.0,8.125679596560076e-05,0.0,0.0,0.0,0.0,0.0067713996638000635
2935.0,0.00015305007400456816,0.0,0.0,0.0,0.0,0.012754172833714014
2936.0,0.0,0.0,0.0,0.0,0.0,0.0
2937.0,0.0,0.0,0.0,0.0,0.0,0.0
2938.0,0.0,0.0,0.0,0.0,0.0,0.0
2939.0,0.0,0.0,0.0,0.0,0.0,0.0
2940.0,9.03798354556784e-06,6.603465863008751e-07,0.0,0.0,0.0,0.0007531652954639867
2941.0,4.90195952806971e-06,6.603465863008751e-07,0.0,0.0,0.0,0.00040849662733914255
2942.0,0.0,0.0,0.0,0.0,0.0,0.0
2943.0,0.0,0.0,0.0,0.0,0.0,0.0
2944.0,0.0,0.0,0.0,0.0,0.0,0.0
2945.0,2.7011841666535474e-05,0.0001746611960697919,0.0004202140844427049,0.0,0.001736111111111111,0.011574074074074073
2946.0,2.760756433417555e-05,0.0001773025724105537,0.0,0.0,0.001736111111111111,0.011574074074074073
2947.0,0.0,0.0,0.0,0.0,0.0,0.0
2948.0,0.0,0.0,0.0,0.0,0.0,0.0
2949.0,7.14867155693355e-07,3.4117720133508556e-06,3.869964075420285e-06,0.0,0.0,8.529430033377139e-05
2950.0,5.45513212273363e-05,0.0003527341759763658,0.0004208590544294566,0.0,0.003472222222222222,0.023148148148148147
2951.0,0.0,0.0,0.0,0.0,0.0,0.0
2952.0,0.0,0.0,0.0,0.0,0.0,0.0
2953.0,0.0,0.0,0.0,0.0,0.0,0.0
2954.0,0.0,0.0,0.0,0.0,0.0,0.0
2955.0,0.0,0.0,0.0,0.0,0.0,0.0
2956.0,0.00015131397231016308,0.0009776406222954392,0.0,0.0,0.001736111111111111,0.02444101555738598
2957.0,0.00015294794866349548,1.1335929229971953e-05,0.0,0.0,0.001736111111111111,0.012745662388624623
2958.0,0.0,0.0,0.0,0.0,0.0,0.0
2959.0,8.627789065940306e-05,0.0005564505700021982,0.0004350489180069417,0.0,0.003472222222222222,0.023148148148148147
2960.0,0.00017980662232730538,0.0011460284003987908,0.0005240582395344973,0.0,0.003472222222222222,0.02865071000996977
2961.0,0.0001179363825940527,0.0005511678755283356,0.0,0.0,0.0,0.01377919688820839
2962.0,0.00014733114221598953,0.0,0.0,0.0,0.003472222222222222,0.023148148148148147
2963.0,0.00013871864939574152,0.0,0.0,0.0,0.001736111111111111,0.011574074074074073
2964.0,0.0,0.0,0.0,0.0,0.0,0.0
2965.0,1.2901696209155489e-05,2.366234730288852e-05,8.384922693949193e-06,0.0,0.0,0.0010751413507629575
2966.0,5.855117251485353e-06,2.6413797513669124e-06,1.612482151358563e-06,0.0,0.0,0.0004879264376237794
2967.0,0.0,0.0,0.0,0.0,0.0,0.0
2968.0,0.0,0.0,0.0,0.0,0.0,0.0
2969.0,0.0,0.0,0.0,0.0,0.0,0.0
2970.0,0.0,0.0,0.0,0.0,0.0,0.0
2971.0,0.0,0.0,0.0,0.0,0.0,0.0
2972.0,0.0,0.0,0.0,0.0,0.0,0.0
2973.0,0.0,0.0,0.0,0.0,0.0,0.0
2974.0,0.0,0.0,0.0,0.0,0.0,0.0
2975.0,0.0,0.0,0.0,0.0,0.0,0.0
2976.0,0.0,0.0,0.0,0.0,0.0,0.0
2977.0,0.0,0.0,0.0,0.0,0.0,0.0
2978.0,0.0,0.0,0.0,0.0,0.0,0.0
2979.0,0.0,0.0,0.0,0.0,0.0,0.0
2980.0,0.0,0.0,0.0,0.0,0.0,0.0
2981.0,0.0,0.0,0.0,0.0,0.0,0.0
2982.0,0.0,0.0,0.0,0.0,0.0,0.0
2983.0,0.0,0.0,0.0,0.0,0.0,0.0
2984.0,0.0,0.0,0.0,0.0,0.0,0.0
2985.0,0.0,0.0,0.0,0.0,0.0,0.0
2986.0,0.0,0.0,0.0,0.0,0.0,0.0
2987.0,0.0,0.0,0.0,0.0,0.0,0.0
2988.0,0.0,0.0,0.0,0.0,0.0,0.0
2989.0,0.0,0.0,0.0,0.0,0.0,0.0
2990.0,5.855117251485353e-06,2.6413797513669124e-06,1.612482151358563e-06,0.0,0.0,0.0004879264376237794
2991.0,5.855117251485353e-06,2.6413797513669124e-06,1.612482151358563e-06,0.0,0.0,0.0004879264376237794
2992.0,0.0,0.0,0.0,0.0,0.0,0.0
2993.0,0.0,0.0,0.0,0.0,0.0,0.0
2994.0,0.0,0.0,0.0,0.0,0.0,0.0
2995.0,0.0,0.0,0.0,0.0,0.0,0.0
2996.0,0.0,0.0,0.0,0.0,0.0,0.0
2997.0,0.00020572914218064398,0.0010599634842947125,0.0,0.0,0.001736111111111111,0.026499087107367814
2998.0,0.0,0.0,0.0,0.0,0.0,0.0
2999.0,2.2126904752894916e-07,0.0,0.0,0.0,0.0,1.8439087294079098e-05
3000.0,0.00010476237366674468,0.0006769634783267975,0.0,0.0,0.005208333333333333,0.034722222222222224
3001.0,4.767496284330264e-05,0.00030673015862703323,0.0,0.0,0.0,0.007668253965675831
3002.0,0.0,0.0,0.0,0.0,0.0,0.0
3003.0,0.0,0.0,0.0,0.0,0.0,0.0
3004.0,0.0,0.0,0.0,0.0,0.0,0.0
3005.0,0.0,0.0,0.0,0.0,0.0,0.0
3006.0,0.0,0.0,0.0,0.0,0.0,0.0
3007.0,1.4978236322349403e-06,7.70400856708875e-06,0.0,0.0,0.0,0.00019260021417721873
3008.0,0.0,0.0,0.0,0.0,0.0,0.0
3009.0,0.0,0.0,0.0,0.0,0.0,0.0
3010.0,0.0,0.0,0.0,0.0,0.0,0.0
3011.0,0.0,0.0,0.0,0.0,0.0,0.0
3012.0,0.0,0.0,0.0,0.0,0.0,0.0
3013.0,0.0,0.0,0.0,0.0,0.0,0.0
3014.0,0.0,0.0,0.0,0.0,0.0,0.0
3015.0,6.076385488995584e-06,4.072122010256862e-06,1.612482151358563e-06,0.0,0.0,0.0005063654574162987
3016.0,6.076385488995584e-06,4.072122010256862e-06,1.612482151358563e-06,0.0,0.0,0.0005063654574162987
3017.0,0.0,0.0,0.0,0.0,0.0,0.0
3018.0,0.0,0.0,0.0,0.0,0.0,0.0
3019.0,0.0,0.0,0.0,0.0,0.0,0.0
3020.0,0.0,0.0,0.0,0.0,0.0,0.0
3021.0,0.0,0.0,0.0,0.0,0.0,0.0
3022.0,0.0,0.0,0.0,0.0,0.0,0.0
3023.0,0.0,0.0,0.0,0.0,0.0,0.0
3024.0,0.0,0.0,0.0,0.0,0.0,0.0
3025.0,0.0,0.0,0.0,0.0,0.0,0.0
3026.0,0.0,0.0,0.0,0.0,0.0,0.0
3027.0,0.0001513820607215166,0.0009788512252271175,0.0,0.0,0.005208333333333333,0.034722222222222224
3028.0,0.0001887765247374773,0.0012034783139824867,0.0009652345324866474,0.0,0.005208333333333333,0.034722222222222224
3029.0,0.0,0.0,0.0,0.0,0.0,0.0
3030.0,0.0,0.0,0.0,0.0,0.0,0.0
3031.0,6.9274201450753026e-06,4.4793378037866205e-05,0.00013093388406559825,0.0,0.001736111111111111,0.011574074074074073
3032.0,0.00022193283075466752,0.001431737677194178,7.320689473999664e-05,0.0,0.005208333333333333,0.03579344192985445
3033.0,0.00010864309297176078,0.00040677248034626245,0.0,0.0,0.0,0.010169312008656561
3034.0,0.0,0.0,0.0,0.0,0.0,0.0
3035.0,0.0,0.0,0.0,0.0,0.0,0.0
3036.0,0.0,0.0,0.0,0.0,0.0,0.0
3037.0,0.0,0.0,0.0,0.0,0.0,0.0
3038.0,0.00015999450988601893,0.0010345402406528592,0.00019769083883147687,0.0,0.003472222222222222,0.02586350601632148
3039.0,0.00013541665975935757,0.0006460374570451677,0.0,0.0,0.0,0.016150936426129192
3040.0,6.265316915232688e-05,0.00021879427367821336,0.0,0.0,0.003472222222222222,0.023148148148148147
3041.0,0.00013471879356075078,6.603465863008751e-07,0.0,0.0,0.001736111111111111,0.011574074074074073
3042.0,0.0,0.0,0.0,0.0,0.0,0.0
3043.0,0.0,0.0,0.0,0.0,0.0,0.0
3044.0,0.0,0.0,0.0,0.0,0.0,0.0
3045.0,0.0,0.0,0.0,0.0,0.0,0.0
3046.0,0.0,0.0,0.0,0.0,0.0,0.0
3047.0,0.0,0.0,0.0,0.0,0.0,0.0
3048.0,0.0,0.0,0.0,0.0,0.0,0.0
3049.0,0.0,0.0,0.0,0.0,0.0,0.0
3050.0,0.0,0.0,0.0,0.0,0.0,0.0
3051.0,0.0,0.0,0.0,0.0,0.0,0.0
3052.0,0.0,0.0,0.0,0.0,0.0,0.0
3053.0,0.0,0.0,0.0,0.0,0.0,0.0
3054.0,0.0,0.0,0.0,0.0,0.0,0.0
3055.0,0.0001730834337649867,0.0011184039758518338,0.0,0.0,0.001736111111111111,0.027960099396295846
3056.0,8.593747043050826e-05,0.0005556801334023476,0.0,0.0,0.0,0.013892003335058689
3057.0,0.00018278522475156933,0.0011819071369245648,0.0,0.0,0.0,0.02954767842311412
3058.0,0.00020772055722773075,0.0013431415427476168,0.0,0.0,0.003472222222222222,0.03357853856869042
3059.0,0.00013078701158519834,0.0008444709819741547,0.0,0.0,0.003472222222222222,0.023148148148148147
3060.0,0.0001369314850308001,0.0008854123298078775,0.0,0.0,0.0,0.02213530824519694
3061.0,0.0,0.0,0.0,0.0,0.0,0.0
3062.0,0.0,0.0,0.0,0.0,0.0,0.0
3063.0,0.0,0.0,0.0,0.0,0.0,0.0
3064.0,0.0,0.0,0.0,0.0,0.0,0.0
3065.0,1.2084701666026376e-05,4.380294194561429e-05,0.0,0.0,0.0,0.0010950735486403573
3066.0,6.33169884167728e-06,7.263804036483634e-06,0.0,0.0,0.0,0.0005276415701397733
3067.0,0.0,0.0,0.0,0.0,0.0,0.0
3068.0,0.0,0.0,0.0,0.0,0.0,0.0
3069.0,0.0,0.0,0.0,0.0,0.0,0.0
3070.0,0.0,0.0,0.0,0.0,0.0,0.0
3071.0,0.0,0.0,0.0,0.0,0.0,0.0
3072.0,0.0,0.0,0.0,0.0,0.0,0.0
3073.0,0.0,0.0,0.0,0.0,0.0,0.0
3074.0,0.0,0.0,0.0,0.0,0.0,0.0
3075.0,0.0,0.0,0.0,0.0,0.0,0.0
3076.0,0.00010295817628502846,0.0002824074763339013,0.0019472390413284302,0.0,0.003472222222222222,0.023148148148148147
3077.0,2.042482236674914e-07,6.603440851904452e-07,0.0,0.0,0.0,1.7020685305624284e-05
3078.0,9.68307358562015e-05,0.0006228152778930962,0.0011558305704966187,0.0,0.0,0.015570381947327405
3079.0,0.0,0.0,0.0,0.0,0.0,0.0
3080.0,0.0,0.0,0.0,0.0,0.0,0.0
3081.0,0.0,0.0,0.0,0.0,0.0,0.0
3082.0,3.812640670730616e-06,1.3867240340914577e-05,4.385975262266584e-05,0.0,0.0,0.00034668100852286443
3083.0,0.0,0.0,0.0,0.0,0.0,0.0
3084.0,0.0,0.0,0.0,0.0,0.0,0.0
3085.0,0.0,0.0,0.0,0.0,0.0,0.0
3086.0,0.0,0.0,0.0,0.0,0.0,0.0
3087.0,0.0,0.0,0.0,0.0,0.0,0.0
3088.0,0.0,0.0,0.0,0.0,0.0,0.0
3089.0,0.0,0.0,0.0,0.0,0.0,0.0
3090.0,0.0003006365441251546,0.0019097172189503908,3.8699686228937935e-06,0.0,0.0,0.04774293047375977
3091.0,0.00032982704578898847,0.0020978054963052273,3.8699686228937935e-06,0.0,0.003472222222222222,0.05244513740763068
3092.0,4.061137224198319e-05,0.00026259711012244225,0.0,0.0,0.003472222222222222,0.023148148148148147
3093.0,0.0,0.0,0.0,0.0,0.0,0.0
3094.0,0.0,0.0,0.0,0.0,0.0,0.0
3095.0,9.802217391552404e-05,0.000633820949587971,0.0,0.0,0.006944444444444444,0.046296296296296294
3096.0,0.00022276683012023568,0.0014404321555048227,0.0,0.0,0.001736111111111111,0.03601080388762057
3097.0,0.0002737948962021619,0.0017703844932839274,0.0,0.0,0.005208333333333333,0.044259612332098186
3098.0,2.12077811738709e-05,0.0001371316029690206,0.0,0.0,0.001736111111111111,0.011574074074074073
3099.0,5.7700194702192675e-06,3.609888153732754e-05,0.0,0.0,0.0,0.0009024720384331886
3100.0,0.0,0.0,0.0,0.0,0.0,0.0
3101.0,0.0,0.0,0.0,0.0,0.0,0.0
3102.0,0.0001453396980650723,0.0009397807298228145,0.0,0.0,0.003472222222222222,0.02349451824557036
3103.0,0.0001701218425296247,0.0010988138383254409,0.0,0.0,0.001736111111111111,0.027470345958136022
3104.0,3.351374471094459e-05,0.00021670313435606658,0.0,0.0,0.0,0.005417578358901665
3105.0,0.0,0.0,0.0,0.0,0.0,0.0
3106.0,5.4142823501024395e-05,0.0003500928287394345,0.0,0.0,0.001736111111111111,0.011574074074074073
3107.0,0.00021267357806209475,0.0013736274559050798,0.0,0.0,0.001736111111111111,0.034340686397626996
3108.0,0.00020571208733599633,0.00132861384190619,0.0,0.0,0.001736111111111111,0.03321534604765475
3109.0,0.00024125128402374685,0.0015590742696076632,0.0,0.0,0.005208333333333333,0.03897685674019158
3110.0,7.37847076379694e-05,0.00028967129765078425,0.0,0.0,0.001736111111111111,0.011574074074074073
3111.0,0.0,0.0,0.0,0.0,0.0,0.0
3112.0,0.0,0.0,0.0,0.0,0.0,0.0
3113.0,0.0,0.0,0.0,0.0,0.0,0.0
3114.0,0.0001466843532398343,5.2167237299727276e-05,0.0,0.0,0.003472222222222222,0.023148148148148147
3115.0,0.00012013205559924245,0.00018302552052773535,3.8699686228937935e-06,0.0,0.0,0.010011004633270204
3116.0,8.884800081432331e-06,1.7829308490036055e-05,3.8699686228937935e-06,0.0,0.0,0.0007404000067860276
3117.0,0.0,0.0,0.0,0.0,0.0,0.0
3118.0,0.0,0.0,0.0,0.0,0.0,0.0
3119.0,0.00015526276547461748,0.0,0.0,0.0,0.001736111111111111,0.012938563789551457
3120.0,0.0002198392612626776,0.0,0.0,0.0,0.005208333333333333,0.034722222222222224
3121.0,6.038942592567764e-05,0.0,0.0,0.0,0.0,0.005032452160473137
3122.0,0.0,0.0,0.0,0.0,0.0,0.0
3123.0,0.0,0.0,0.0,0.0,0.0,0.0
3124.0,2.153117566194851e-05,0.0,0.0,0.0,0.0,0.001794264638495709
3125.0,1.218681973114144e-05,0.0,0.0,0.0,0.0,0.0010155683109284535
3126.0,0.0,0.0,0.0,0.0,0.0,0.0
3127.0,0.0,0.0,0.0,0.0,0.0,0.0
3128.0,0.00014479504898190498,0.0,0.0,0.0,0.005208333333333333,0.034722222222222224
3129.0,0.00014678644947707653,0.0,0.0,0.0,0.001736111111111111,0.01223220412308971
3130.0,0.00018350010213907808,0.0,0.0,0.0,0.008680555555555556,0.05787037037037038
3131.0,0.00029093469493091106,0.0,0.0,0.0,0.001736111111111111,0.024244557910909254
3132.0,0.000320993218338117,0.0,0.0,0.0,0.006944444444444444,0.046296296296296294
3133.0,8.510322402344173e-08,0.0,0.0,0.0,0.0,7.09193533528681e-06
3134.0,0.0,0.0,0.0,0.0,0.0,0.0
3135.0,0.0,0.0,0.0,0.0,0.0,0.0
3136.0,0.0,0.0,0.0,0.0,0.0,0.0
3137.0,0.0,0.0,0.0,0.0,0.0,0.0
3138.0,0.0,0.0,0.0,0.0,0.0,0.0
3139.0,0.0,0.0,0.0,0.0,0.0,0.0
3140.0,1.0978345017065294e-05,1.7829308490036055e-05,3.8699686228937935e-06,0.0,0.0,0.0009148620847554412
3141.0,9.889020475384314e-06,1.7829308490036055e-05,3.8699686228937935e-06,0.0,0.0,0.0008240850396153595
3142.0,0.0,0.0,0.0,0.0,0.0,0.0
3143.0,6.855935498606414e-05,0.0,0.0,0.0,0.003472222222222222,0.023148148148148147
3144.0,0.0001537819771328941,0.0,0.0,0.0,0.003472222222222222,0.023148148148148147
3145.0,0.00015842862194404006,0.0,0.0,0.0,0.003472222222222222,0.023148148148148147
3146.0,0.00023456219059880823,0.0,0.0,0.0,0.001736111111111111,0.019546849216567352
3147.0,0.0002162479213438928,0.0,0.0,0.0,0.005208333333333333,0.034722222222222224
3148.0,0.0002728757681325078,0.0,0.0,0.0,0.001736111111111111,0.02273964734437565
3149.0,0.00040892220567911863,0.0,0.0,0.0,0.008680555555555556,0.05787037037037038
3150.0,0.00016225827857851982,0.0,0.0,0.0,0.0,0.013521523214876652
3151.0,0.0,0.0,0.0,0.0,0.0,0.0
3152.0,0.0,0.0,0.0,0.0,0.0,0.0
3153.0,0.0,0.0,0.0,0.0,0.0,0.0
3154.0,0.0,0.0,0.0,0.0,0.0,0.0
3155.0,0.0,0.0,0.0,0.0,0.0,0.0
3156.0,0.0,0.0,0.0,0.0,0.0,0.0
3157.0,5.259403224044945e-06,0.0,0.0,0.0,0.0,0.0004382836020037454
3158.0,0.0,0.0,0.0,0.0,0.0,0.0
3159.0,0.0,0.0,0.0,0.0,0.0,0.0
3160.0,0.0,0.0,0.0,0.0,0.0,0.0
3161.0,0.0,0.0,0.0,0.0,0.0,0.0
3162.0,0.0,0.0,0.0,0.0,0.0,0.0
3163.0,0.0,0.0,0.0,0.0,0.0,0.0
3164.0,0.0,0.0,0.0,0.0,0.0,0.0
3165.0,1.1454923878773116e-05,1.7829308490036055e-05,3.8699686228937935e-06,0.0,0.0,0.0009545769898977596
3166.0,1.1454923878773116e-05,1.7829308490036055e-05,3.8699686228937935e-06,0.0,0.0,0.0009545769898977596
3167.0,0.0,0.0,0.0,0.0,0.0,0.0
3168.0,0.0,0.0,0.0,0.0,0.0,0.0
3169.0,0.0,0.0,0.0,0.0,0.0,0.0
3170.0,0.0,0.0,0.0,0.0,0.0,0.0
3171.0,0.0,0.0,0.0,0.0,0.0,0.0
3172.0,0.0,0.0,0.0,0.0,0.0,0.0
3173.0,0.0,0.0,0.0,0.0,0.0,0.0
3174.0,0.0,0.0,0.0,0.0,0.0,0.0
3175.0,0.0,0.0,0.0,0.0,0.0,0.0
3176.0,0.0,0.0,0.0,0.0,0.0,0.0
3177.0,0.0,0.0,0.0,0.0,0.0,0.0
3178.0,6.8252966229920276e-06,0.0,0.0,0.0,0.001736111111111111,0.011574074074074073
3179.0,0.00019129557767882943,0.0,0.0,0.0,0.001736111111111111,0.015941298139902454
3180.0,5.468748349812813e-05,0.0,0.0,0.0,0.001736111111111111,0.011574074074074073
3181.0,0.00021289483993314207,0.0,0.0,0.0,0.001736111111111111,0.017741236661095172
3182.0,0.000185202166903764,0.0,0.0,0.0,0.001736111111111111,0.015433513908647
3183.0,0.00020654611580539495,0.0,0.0,0.0,0.001736111111111111,0.017212176317116246
3184.0,0.00014869279402773827,0.0,0.0,0.0,0.001736111111111111,0.01239106616897819
3185.0,0.0001291870721615851,0.0,0.0,0.0,0.001736111111111111,0.011574074074074073
3186.0,0.000182087387656793,0.0,0.0,0.0,0.003472222222222222,0.023148148148148147
3187.0,0.0,0.0,0.0,0.0,0.0,0.0
3188.0,0.00024128535005729645,0.0,0.0,0.0,0.006944444444444444,0.046296296296296294
3189.0,0.00012780839460901916,0.0,0.0,0.0,0.003472222222222222,0.023148148148148147
3190.0,0.0002480596012901515,1.7829308490036055e-05,3.8699686228937935e-06,0.0,0.001736111111111111,0.020671633440845955
3191.0,0.0002437703515170142,1.7829308490036055e-05,3.8699686228937935e-06,0.0,0.005208333333333333,0.034722222222222224
3192.0,9.092454274650663e-05,0.0,0.0,0.0,0.0,0.007577045228875552
3193.0,0.0,0.0,0.0,0.0,0.0,0.0
3194.0,0.0,0.0,0.0,0.0,0.0,0.0
3195.0,0.0,0.0,0.0,0.0,0.0,0.0
3196.0,0.0001490672439103946,0.0,0.0,0.0,0.006944444444444444,0.046296296296296294
3197.0,0.00023898757353890687,0.0,0.0,0.0,0.001736111111111111,0.01991563112824224
3198.0,0.00013376562856137753,0.0,0.0,0.0,0.003472222222222222,0.023148148148148147
3199.0,0.0002769096754491329,0.0,0.0,0.0,0.001736111111111111,0.023075806287427742
3200.0,0.00023064740526024252,0.0,0.0,0.0,0.006944444444444444,0.046296296296296294
3201.0,7.47719022911042e-05,0.0,0.0,0.0,0.003472222222222222,0.023148148148148147
3202.0,7.730798824923113e-05,0.0,0.0,0.0,0.005208333333333333,0.034722222222222224
3203.0,0.0,0.0,0.0,0.0,0.0,0.0
3204.0,0.0,0.0,0.0,0.0,0.0,0.0
3205.0,0.00012113628326915205,0.0,0.0,0.0,0.005208333333333333,0.034722222222222224
3206.0,8.51034798188266e-08,0.0,0.0,0.0,0.0,7.091956651568883e-06
3207.0,0.00017778117035049945,0.0,0.0,0.0,0.005208333333333333,0.034722222222222224
3208.0,9.148622484644875e-05,0.0,0.0,0.0,0.001736111111111111,0.011574074074074073
3209.0,0.0002661526086740196,0.0,0.0,0.0,0.005208333333333333,0.034722222222222224
3210.0,0.0,0.0,0.0,0.0,0.0,0.0
3211.0,0.0,0.0,0.0,0.0,0.0,0.0
3212.0,0.0,0.0,0.0,0.0,0.0,0.0
3213.0,0.0,0.0,0.0,0.0,0.0,0.0
3214.0,0.0,0.0,0.0,0.0,0.0,0.0
3215.0,1.8961056412081234e-05,1.7829308490036055e-05,3.8699686228937935e-06,0.0,0.0,0.001580088034340103
3216.0,1.4603752788389102e-05,1.7829308490036055e-05,3.8699686228937935e-06,0.0,0.0,0.0012169793990324251
3217.0,0.0,0.0,0.0,0.0,0.0,0.0
3218.0,0.0,0.0,0.0,0.0,0.0,0.0
3219.0,7.201456173788756e-05,0.0,0.0,0.0,0.003472222222222222,0.023148148148148147
3220.0,0.0004083945241291076,0.0,0.0,0.0,0.003472222222222222,0.034032877010758966
3221.0,6.639772618655115e-05,0.0,0.0,0.0,0.0,0.005533143848879263
3222.0,0.0,0.0,0.0,0.0,0.0,0.0
3223.0,7.565697887912393e-05,0.0,0.0,0.0,0.003472222222222222,0.023148148148148147
3224.0,0.00014207173080649227,0.0,0.0,0.0,0.001736111111111111,0.011839310900541022
3225.0,0.0001751259114826098,0.0,0.0,0.0,0.001736111111111111,0.01459382595688415
3226.0,0.0,0.0,0.0,0.0,0.0,0.0
3227.0,0.0,0.0,0.0,0.0,0.0,0.0
3228.0,0.0,0.0,0.0,0.0,0.0,0.0
3229.0,0.0,0.0,0.0,0.0,0.0,0.0
3230.0,0.0,0.0,0.0,0.0,0.0,0.0
3231.0,0.0,0.0,0.0,0.0,0.0,0.0
3232.0,2.8594779450941132e-06,0.0,0.0,0.0,0.0,0.00023828982875784277
3233.0,0.0,0.0,0.0,0.0,0.0,0.0
3234.0,0.0,0.0,0.0,0.0,0.0,0.0
3235.0,0.0,0.0,0.0,0.0,0.0,0.0
3236.0,0.0,0.0,0.0,0.0,0.0,0.0
3237.0,0.0,0.0,0.0,0.0,0.0,0.0
3238.0,0.0,0.0,0.0,0.0,0.0,0.0
3239.0,0.0,0.0,0.0,0.0,0.0,0.0
3240.0,1.5046290172904264e-05,1.7829308490036055e-05,3.8699686228937935e-06,0.0,0.0,0.0012538575144086888
3241.0,1.5046290172904264e-05,1.7829308490036055e-05,3.8699686228937935e-06,0.0,0.0,0.0012538575144086888
3242.0,0.0,0.0,0.0,0.0,0.0,0.0
3243.0,0.00013769741053692997,0.0,0.0,0.0,0.005208333333333333,0.034722222222222224
3244.0,0.0,0.0,0.0,0.0,0.0,0.0
3245.0,0.0,0.0,0.0,0.0,0.0,0.0
3246.0,0.0,0.0,0.0,0.0,0.0,0.0
3247.0,0.0,0.0,0.0,0.0,0.0,0.0
3248.0,0.0,0.0,0.0,0.0,0.0,0.0
3249.0,1.2765534620484686e-06,0.0,0.0,0.0,0.0,0.00010637945517070572
3250.0,0.00015737333160359412,0.0,0.0,0.0,0.0,0.01311444430029951
3251.0,0.0,0.0,0.0,0.0,0.0,0.0
3252.0,0.00010042209760285914,0.0,0.0,0.0,0.001736111111111111,0.011574074074074073
3253.0,0.00013334011600818485,0.0,0.0,0.0,0.003472222222222222,0.023148148148148147
3254.0,0.00011837892816402018,0.0,0.0,0.0,0.003472222222222222,0.023148148148148147
3255.0,4.321553569752723e-05,0.0,0.0,0.0,0.005208333333333333,0.034722222222222224
3256.0,0.0,0.0,0.0,0.0,0.0,0.0
3257.0,0.00011575773532968014,0.0,0.0,0.0,0.003472222222222222,0.023148148148148147
3258.0,5.718952252209419e-06,0.0,0.0,0.0,0.0,0.0004765793543507849
3259.0,0.0001024305383907631,0.0,0.0,0.0,0.003472222222222222,0.023148148148148147
3260.0,0.00022637523943558335,0.0,0.0,0.0,0.006944444444444444,0.046296296296296294
3261.0,0.0002146990445908159,0.0,0.0,0.0,0.001736111111111111,0.01789158704923466
3262.0,0.00012360427353996783,0.0,0.0,0.0,0.003472222222222222,0.023148148148148147
3263.0,0.0001935763721121475,0.0,0.0,0.0,0.005208333333333333,0.034722222222222224
3264.0,4.227940735290758e-05,0.0,0.0,0.0,0.0,0.0035232839460756318
3265.0,2.4509799914085306e-05,1.7829308490036055e-05,3.8699686228937935e-06,0.0,0.0,0.0020424833261737754
3266.0,0.0001572882174514234,1.7829308490036055e-05,3.8699686228937935e-06,0.0,0.001736111111111111,0.013107351454285284
3267.0,9.189473348669708e-05,0.0,0.0,0.0,0.003472222222222222,0.023148148148148147
3268.0,0.00021131191169843078,0.0,0.0,0.0,0.001736111111111111,0.017609325974869233
3269.0,7.414213177980855e-05,0.0,0.0,0.0,0.0,0.006178510981650713
3270.0,0.0,0.0,0.0,0.0,0.0,0.0
3271.0,0.0,0.0,0.0,0.0,0.0,0.0
3272.0,0.0,0.0,0.0,0.0,0.0,0.0
3273.0,0.0,0.0,0.0,0.0,0.0,0.0
3274.0,5.327487087924965e-06,0.0,0.0,0.0,0.0,0.00044395725732708036
3275.0,0.0,0.0,0.0,0.0,0.0,0.0
3276.0,0.0,0.0,0.0,0.0,0.0,0.0
3277.0,0.0,0.0,0.0,0.0,0.0,0.0
3278.0,0.0,0.0,0.0,0.0,0.0,0.0
3279.0,0.0,0.0,0.0,0.0,0.0,0.0
3280.0,0.0,0.0,0.0,0.0,0.0,0.0
3281.0,0.0,0.0,0.0,0.0,0.0,0.0
3282.0,0.0,0.0,0.0,0.0,0.0,0.0
3283.0,0.0,0.0,0.0,0.0,0.0,0.0
3284.0,0.0,0.0,0.0,0.0,0.0,0.0
3285.0,0.0,0.0,0.0,0.0,0.0,0.0
3286.0,0.0,0.0,0.0,0.0,0.0,0.0
3287.0,0.0,0.0,0.0,0.0,0.0,0.0
3288.0,0.0,0.0,0.0,0.0,0.0,0.0
3289.0,0.0003750169707927853,0.0,0.0,0.0,0.008680555555555556,0.05787037037037038
3290.0,0.001001497614197433,1.7829308490036055e-05,3.8699686228937935e-06,0.0,0.013888888888888888,0.09259259259259259
3291.0,0.00019350825459696352,1.7829308490036055e-05,3.8699686228937935e-06,0.0,0.005208333333333333,0.034722222222222224
3292.0,0.000579844054300338,0.0,0.0,0.0,0.008680555555555556,0.05787037037037038
3293.0,0.00010413259587949142,0.0,0.0,0.0,0.006944444444444444,0.046296296296296294
3294.0,0.00010922178626060486,0.0,0.0,0.0,0.003472222222222222,0.023148148148148147
3295.0,2.5769330022740178e-05,0.0,0.0,0.0,0.003472222222222222,0.023148148148148147
3296.0,0.0,0.0,0.0,0.0,0.0,0.0
3297.0,0.0,0.0,0.0,0.0,0.0,0.0
3298.0,0.0,0.0,0.0,0.0,0.0,0.0
3299.0,2.3828999928809935e-07,0.0,0.0,0.0,0.0,1.9857499940674945e-05
3300.0,0.0,0.0,0.0,0.0,0.0,0.0
3301.0,0.0,0.0,0.0,0.0,0.0,0.0
3302.0,0.0,0.0,0.0,0.0,0.0,0.0
3303.0,0.0,0.0,0.0,0.0,0.0,0.0
3304.0,0.0,0.0,0.0,0.0,0.0,0.0
3305.0,0.0,0.0,0.0,0.0,0.0,0.0
3306.0,0.0,0.0,0.0,0.0,0.0,0.0
3307.0,0.0,0.0,0.0,0.0,0.0,0.0
3308.0,0.0,0.0,0.0,0.0,0.0,0.0
3309.0,0.0,0.0,0.0,0.0,0.0,0.0
3310.0,0.0,0.0,0.0,0.0,0.0,0.0
3311.0,0.0,0.0,0.0,0.0,0.0,0.0
3312.0,0.0,0.0,0.0,0.0,0.0,0.0
3313.0,0.0,0.0,0.0,0.0,0.0,0.0
3314.0,0.0,0.0,0.0,0.0,0.0,0.0
3315.0,0.0001775428536348045,0.0010678876424208283,3.8699686228937935e-06,0.0,0.003472222222222222,0.02669719106052071
3316.0,1.5165433978836518e-05,1.7939364624908194e-05,3.8699686228937935e-06,0.0,0.0,0.001263786164903043
3317.0,0.0,0.0,0.0,0.0,0.0,0.0
3318.0,0.0,0.0,0.0,0.0,0.0,0.0
3319.0,0.0,0.0,0.0,0.0,0.0,0.0
3320.0,0.0,0.0,0.0,0.0,0.0,0.0
3321.0,0.0,0.0,0.0,0.0,0.0,0.0
3322.0,0.0,0.0,0.0,0.0,0.0,0.0
3323.0,9.204790694639087e-05,0.0,0.0,0.0,0.005208333333333333,0.034722222222222224
3324.0,7.109543366823345e-05,0.0,0.0,0.0,0.0,0.005924619472352788
3325.0,0.0,0.0,0.0,0.0,0.0,0.0
3326.0,0.00010386026406195015,0.0,0.0,0.0,0.003472222222222222,0.023148148148148147
3327.0,9.526481153443456e-05,0.0,0.0,0.0,0.001736111111111111,0.011574074074074073
3328.0,0.00016201999096665531,0.0,0.0,0.0,0.001736111111111111,0.013501665913887942
3329.0,0.00011402163363527507,0.0,0.0,0.0,0.001736111111111111,0.011574074074074073
3330.0,0.00014671839016955346,0.0,0.0,0.0,0.001736111111111111,0.012226532514129454
3331.0,0.00013803782348986715,0.0,0.0,0.0,0.005208333333333333,0.034722222222222224
3332.0,0.0001923678646562621,0.0,0.0,0.0,0.003472222222222222,0.023148148148148147
3333.0,0.00011871934111695737,0.0,0.0,0.0,0.003472222222222222,0.023148148148148147
3334.0,0.0,0.0,0.0,0.0,0.0,0.0
3335.0,0.0,0.0,0.0,0.0,0.0,0.0
3336.0,0.0,0.0,0.0,0.0,0.0,0.0
3337.0,0.0,0.0,0.0,0.0,0.0,0.0
3338.0,0.0,0.0,0.0,0.0,0.0,0.0
3339.0,0.0,0.0,0.0,0.0,0.0,0.0
3340.0,9.056711132870987e-05,1.7939364624908194e-05,3.8699686228937935e-06,0.0,0.003472222222222222,0.023148148148148147
3341.0,1.6118594430736266e-05,1.7939364624908194e-05,3.8699686228937935e-06,0.0,0.0,0.0013432162025613554
3342.0,2.9462822567438707e-05,0.0,0.0,0.0,0.0,0.0024552352139532254
3343.0,5.041529584559612e-05,0.0,0.0,0.0,0.0,0.004201274653799676
3344.0,2.6637386326910928e-05,0.0,0.0,0.0,0.0,0.002219782193909244
3345.0,0.0,0.0,0.0,0.0,0.0,0.0
3346.0,3.332651613163762e-05,0.0,0.0,0.0,0.005208333333333333,0.034722222222222224
3347.0,0.0002407917781965807,0.0,0.0,0.0,0.001736111111111111,0.020065981516381726
3348.0,0.00023442599922418594,0.0,0.0,0.0,0.003472222222222222,0.023148148148148147
3349.0,0.00013773146201856434,0.0,0.0,0.0,0.001736111111111111,0.011574074074074073
3350.0,0.00010784311598399654,0.0,0.0,0.0,0.0,0.008986926331999712
3351.0,4.939404971082695e-05,0.0,0.0,0.0,0.003472222222222222,0.023148148148148147
3352.0,6.455948459915817e-05,0.0,0.0,0.0,0.005208333333333333,0.034722222222222224
3353.0,7.475489837815985e-05,0.0,0.0,0.0,0.0,0.006229574864846654
3354.0,8.07121250545606e-05,0.0,0.0,0.0,0.001736111111111111,0.011574074074074073
3355.0,0.0002093375223921612,0.0,0.0,0.0,0.005208333333333333,0.034722222222222224
3356.0,6.120641774032265e-05,0.0,0.0,0.0,0.001736111111111111,0.011574074074074073
3357.0,0.00020870774460490793,0.0,0.0,0.0,0.001736111111111111,0.017392312050408993
3358.0,0.00014266745711211115,0.0,0.0,0.0,0.005208333333333333,0.034722222222222224
3359.0,0.00024664687225595117,0.0,0.0,0.0,0.001736111111111111,0.020553906021329265
3360.0,0.00017468338774051517,0.0,0.0,0.0,0.0,0.014556948978376264
3361.0,9.625202073948458e-05,0.0,0.0,0.0,0.0,0.008021001728290381
3362.0,4.3419790017651394e-05,0.0,0.0,0.0,0.001736111111111111,0.011574074074074073
3363.0,0.0,0.0,0.0,0.0,0.0,0.0
3364.0,0.0,0.0,0.0,0.0,0.0,0.0
3365.0,2.5718261895235628e-05,1.7939364624908194e-05,3.8699686228937935e-06,0.0,0.0,0.0021431884912696355
3366.0,1.7820662833401002e-05,1.7939364624908194e-05,3.8699686228937935e-06,0.0,0.0,0.0014850552361167502
3367.0,0.0,0.0,0.0,0.0,0.0,0.0
3368.0,0.0002487915044184774,0.0011188443750143051,0.001878547016531229,0.0,0.006944444444444444,0.046296296296296294
3369.0,0.0,0.0,0.0,0.0,0.0,0.0
3370.0,0.0,0.0,0.0,0.0,0.0,0.0
3371.0,0.0,0.0,0.0,0.0,0.0,0.0
3372.0,0.0,0.0,0.0,0.0,0.0,0.0
3373.0,0.0,0.0,0.0,0.0,0.0,0.0
3374.0,2.9616037409141427e-06,1.1996277862635907e-05,1.967237585631665e-05,0.0,0.0,0.00029990694656589767
3375.0,0.0,0.0,0.0,0.0,0.0,0.0
3376.0,0.0,0.0,0.0,0.0,0.0,0.0
3377.0,0.0,0.0,0.0,0.0,0.0,0.0
3378.0,0.0,0.0,0.0,0.0,0.0,0.0
3379.0,0.0,0.0,0.0,0.0,0.0,0.0
3380.0,0.0,0.0,0.0,0.0,0.0,0.0
3381.0,0.00013973987370263785,0.0006791646592319012,0.0,0.0,0.005208333333333333,0.034722222222222224
3382.0,0.00015567125228699297,6.273260169109562e-06,0.0,0.0,0.003472222222222222,0.023148148148148147
3383.0,0.0,0.0,0.0,0.0,0.0,0.0
3384.0,0.0,0.0,0.0,0.0,0.0,0.0
3385.0,7.61675983085297e-05,0.0004904160741716623,0.0,0.0,0.0,0.012260401854291558
3386.0,0.0,0.0,0.0,0.0,0.0,0.0
3387.0,0.0,0.0,0.0,0.0,0.0,0.0
3388.0,0.0,0.0,0.0,0.0,0.0,0.0
3389.0,0.0,0.0,0.0,0.0,0.0,0.0
3390.0,2.0595032765413634e-05,2.3662354578846134e-05,3.8699686228937935e-06,0.0,0.0,0.0017162527304511361
3391.0,1.8110014934791252e-05,1.881982279883232e-05,3.8699686228937935e-06,0.0,0.0,0.0015091679112326044
3392.0,0.0001578669180162251,0.0006003635353408754,0.002097845310345292,0.0,0.003472222222222222,0.023148148148148147
3393.0,0.00016406246868427843,0.0010608439333736897,0.0,0.0,0.003472222222222222,0.02652109833434224
3394.0,1.0467727406648919e-05,6.76853524055332e-05,0.0,0.0,0.0,0.0016921338101383299
3395.0,0.0,0.0,0.0,0.0,0.0,0.0
3396.0,0.0,0.0,0.0,0.0,0.0,0.0
3397.0,0.00012084692571079358,0.0003644003008957952,0.0019933562725782394,0.0,0.0,0.010070577142566131
3398.0,3.644130265456624e-05,0.00023563300783280283,0.00010319912689737976,0.0,0.003472222222222222,0.023148148148148147
3399.0,2.0254603896319168e-06,9.685040822660085e-06,1.2899896546514356e-06,0.0,0.0,0.00024212602056650212
3400.0,0.0,0.0,0.0,0.0,0.0,0.0
3401.0,0.0,0.0,0.0,0.0,0.0,0.0
3402.0,0.0,0.0,0.0,0.0,0.0,0.0
3403.0,0.0,0.0,0.0,0.0,0.0,0.0
3404.0,0.0,0.0,0.0,0.0,0.0,0.0
3405.0,0.0,0.0,0.0,0.0,0.0,0.0
3406.0,0.0,0.0,0.0,0.0,0.0,0.0
3407.0,0.0,0.0,0.0,0.0,0.0,0.0
3408.0,0.0,0.0,0.0,0.0,0.0,0.0
3409.0,0.0,0.0,0.0,0.0,0.0,0.0
3410.0,0.0,0.0,0.0,0.0,0.0,0.0
3411.0,0.0,0.0,0.0,0.0,0.0,0.0
3412.0,0.0,0.0,0.0,0.0,0.0,0.0
3413.0,0.0,0.0,0.0,0.0,0.0,0.0
3414.0,0.0,0.0,0.0,0.0,0.0,0.0
3415.0,1.8382343114353716e-05,2.058073914668057e-05,3.8699686228937935e-06,0.0,0.0,0.001531861926196143
3416.0,1.8382343114353716e-05,2.058073914668057e-05,3.8699686228937935e-06,0.0,0.0,0.001531861926196143
3417.0,0.0,0.0,0.0,0.0,0.0,0.0
3418.0,0.0,0.0,0.0,0.0,0.0,0.0
3419.0,0.0,0.0,0.0,0.0,0.0,0.0
3420.0,0.0,0.0,0.0,0.0,0.0,0.0
3421.0,0.0,0.0,0.0,0.0,0.0,0.0
3422.0,0.0,0.0,0.0,0.0,0.0,0.0
3423.0,0.0,0.0,0.0,0.0,0.0,0.0
3424.0,0.0,0.0,0.0,0.0,0.0,0.0
3425.0,0.0,0.0,0.0,0.0,0.0,0.0
3426.0,0.0,0.0,0.0,0.0,0.0,0.0
3427.0,0.0,0.0,0.0,0.0,0.0,0.0
3428.0,0.0,0.0,0.0,0.0,0.0,0.0
3429.0,0.0,0.0,0.0,0.0,0.0,0.0
3430.0,0.0,0.0,0.0,0.0,0.0,0.0
3431.0,0.0,0.0,0.0,0.0,0.0,0.0
3432.0,0.0,0.0,0.0,0.0,0.0,0.0
3433.0,0.0,0.0,0.0,0.0,0.0,0.0
3434.0,0.0,0.0,0.0,0.0,0.0,0.0
3435.0,0.0,0.0,0.0,0.0,0.0,0.0
3436.0,0.0,0.0,0.0,0.0,0.0,0.0
3437.0,0.0,0.0,0.0,0.0,0.0,0.0
3438.0,0.0,0.0,0.0,0.0,0.0,0.0
3439.0,0.0,0.0,0.0,0.0,0.0,0.0
3440.0,1.8382343114353716e-05,2.058073914668057e-05,3.8699686228937935e-06,0.0,0.0,0.001531861926196143
3441.0,1.8382343114353716e-05,2.058073914668057e-05,3.8699686228937935e-06,0.0,0.0,0.001531861926196143
3442.0,0.0,0.0,0.0,0.0,0.0,0.0
3443.0,0.0,0.0,0.0,0.0,0.0,0.0
3444.0,0.0,0.0,0.0,0.0,0.0,0.0
3445.0,0.0,0.0,0.0,0.0,0.0,0.0
3446.0,0.0,0.0,0.0,0.0,0.0,0.0
3447.0,0.0,0.0,0.0,0.0,0.0,0.0
3448.0,0.0,0.0,0.0,0.0,0.0,0.0
3449.0,0.0,0.0,0.0,0.0,0.0,0.0
3450.0,0.0,0.0,0.0,0.0,0.0,0.0
3451.0,0.0,0.0,0.0,0.0,0.0,0.0
3452.0,0.0,0.0,0.0,0.0,0.0,0.0
3453.0,0.0,0.0,0.0,0.0,0.0,0.0
3454.0,0.0,0.0,0.0,0.0,0.0,0.0
3455.0,0.0,0.0,0.0,0.0,0.0,0.0
3456.0,0.0,0.0,0.0,0.0,0.0,0.0
3457.0,0.0,0.0,0.0,0.0,0.0,0.0
3458.0,0.0,0.0,0.0,0.0,0.0,0.0
3459.0,0.0,0.0,0.0,0.0,0.0,0.0
3460.0,0.0,0.0,0.0,0.0,0.0,0.0
3461.0,0.0,0.0,0.0,0.0,0.0,0.0
3462.0,0.0,0.0,0.0,0.0,0.0,0.0
3463.0,0.0,0.0,0.0,0.0,0.0,0.0
3464.0,0.0,0.0,0.0,0.0,0.0,0.0
3465.0,1.8382343114353716e-05,2.058073914668057e-05,3.8699686228937935e-06,0.0,0.0,0.001531861926196143
3466.0,1.8382343114353716e-05,2.058073914668057e-05,3.8699686228937935e-06,0.0,0.0,0.001531861926196143
3467.0,0.0,0.0,0.0,0.0,0.0,0.0
3468.0,0.0,0.0,0.0,0.0,0.0,0.0
3469.0,0.0,0.0,0.0,0.0,0.0,0.0
3470.0,0.0,0.0,0.0,0.0,0.0,0.0
3471.0,0.0,0.0,0.0,0.0,0.0,0.0
3472.0,0.0,0.0,0.0,0.0,0.0,0.0
3473.0,0.0,0.0,0.0,0.0,0.0,0.0
3474.0,0.0,0.0,0.0,0.0,0.0,0.0
3475.0,0.0,0.0,0.0,0.0,0.0,0.0
3476.0,0.0,0.0,0.0,0.0,0.0,0.0
3477.0,0.0,0.0,0.0,0.0,0.0,0.0
3478.0,0.0,0.0,0.0,0.0,0.0,0.0
3479.0,0.0,0.0,0.0,0.0,0.0,0.0
3480.0,0.0,0.0,0.0,0.0,0.0,0.0
3481.0,0.0,0.0,0.0,0.0,0.0,0.0
3482.0,0.0,0.0,0.0,0.0,0.0,0.0
3483.0,0.0,0.0,0.0,0.0,0.0,0.0
3484.0,0.0,0.0,0.0,0.0,0.0,0.0
3485.0,0.0,0.0,0.0,0.0,0.0,0.0
3486.0,0.0,0.0,0.0,0.0,0.0,0.0
3487.0,0.0,0.0,0.0,0.0,0.0,0.0
3488.0,0.0,0.0,0.0,0.0,0.0,0.0
3489.0,0.0,0.0,0.0,0.0,0.0,0.0
3490.0,1.8382343114353716e-05,2.058073914668057e-05,3.8699686228937935e-06,0.0,0.0,0.001531861926196143
3491.0,1.8382343114353716e-05,2.058073914668057e-05,3.8699686228937935e-06,0.0,0.0,0.001531861926196143
3492.0,0.0,0.0,0.0,0.0,0.0,0.0
3493.0,0.0,0.0,0.0,0.0,0.0,0.0
3494.0,0.0,0.0,0.0,0.0,0.0,0.0
3495.0,0.0,0.0,0.0,0.0,0.0,0.0
3496.0,0.0,0.0,0.0,0.0,0.0,0.0
3497.0,0.0,0.0,0.0,0.0,0.0,0.0
3498.0,0.0,0.0,0.0,0.0,0.0,0.0
3499.0,0.0,0.0,0.0,0.0,0.0,0.0
3500.0,0.025257058441638947,0.025438904762268066,0.004980003926903009,0.0016265593003481627,0.4739583333333333,3.1597222222222223
3501.0,0.04876651242375374,0.019583234563469887,0.3913913667201996,0.0037227084394544363,0.4357638888888889,4.063876035312812
3502.0,0.0,0.0,0.0,0.0,0.0,0.0
3503.0,0.0,0.0,0.0,0.0,0.0,0.0
3504.0,0.0,0.0,0.0,0.0,0.0,0.0
3505.0,0.0,0.0,0.0,0.0,0.0,0.0
3506.0,0.0,0.0,0.0,0.0,0.0,0.0
3507.0,0.0,0.0,0.0,0.0,0.0,0.0
3508.0,0.0,0.0,0.0,0.0,0.0,0.0
3509.0,1.7020825637814596e-08,0.0,0.0,0.0,0.0,1.4184021364845496e-06
3510.0,1.7020825637814596e-08,0.0,0.0,0.0,0.0,1.4184021364845496e-06
3511.0,0.0,0.0,0.0,0.0,0.0,0.0
3512.0,0.0,0.0,0.0,0.0,0.0,0.0
3513.0,0.0,0.0,0.0,0.0,0.0,0.0
3514.0,0.0,0.0,0.0,0.0,0.0,0.0
3515.0,0.0,0.0,0.0,0.0,0.0,0.0
3516.0,0.0,0.0,0.0,0.0,0.0,0.0
3517.0,0.0,0.0,0.0,0.0,0.0,0.0
3518.0,0.0,0.0,0.0,0.0,0.0,0.0
3519.0,0.0,0.0,0.0,0.0,0.0,0.0
3520.0,0.0,0.0,0.0,0.0,0.0,0.0
3521.0,0.0,0.0,0.0,0.0,0.0,0.0
3522.0,0.0,0.0,0.0,0.0,0.0,0.0
3523.0,0.0,0.0,0.0,0.0,0.0,0.0
3524.0,0.0,0.0,0.0,0.0,0.0,0.0
3525.0,0.0,0.0,0.0,0.0,0.0,0.0
3526.0,0.0,0.0,0.0,0.0,0.0,0.0
3527.0,0.0,0.0,0.0,0.0,0.0,0.0
3528.0,0.0,0.0,0.0,0.0,0.0,0.0
3529.0,0.0,0.0,0.0,0.0,0.0,0.0
3530.0,0.0,0.0,0.0,0.0,0.0,0.0
3531.0,0.0,0.0,0.0,0.0,0.0,0.0
3532.0,0.0,0.0,0.0,0.0,0.0,0.0
3533.0,0.0,0.0,0.0,0.0,0.0,0.0
3534.0,1.7020825637814596e-08,0.0,0.0,0.0,0.0,1.4184021364845496e-06
3535.0,1.7020825637814596e-08,0.0,0.0,0.0,0.0,1.4184021364845496e-06
3536.0,1.007183755064034e-06,2.6605189304973464e-06,0.0,0.0,0.0,8.393197958866949e-05
3537.0,0.03742785379290581,0.008209331892430782,0.0,0.0005516437231563032,0.21180555555555555,3.118987816075484
3538.0,1.4978228364270763e-06,0.0,0.0,0.0,0.0,0.00012481856970225635
3539.0,1.4978228364270763e-06,0.0,0.0,0.0,0.0,0.00012481856970225635
3540.0,1.4978228364270763e-06,0.0,0.0,0.0,0.0,0.00012481856970225635
3541.0,1.4978228364270763e-06,0.0,0.0,0.0,0.0,0.00012481856970225635
3542.0,1.4978228364270763e-06,0.0,0.0,0.0,0.0,0.00012481856970225635
3543.0,1.4978228364270763e-06,0.0,0.0,0.0,0.0,0.00012481856970225635
3544.0,1.4978228364270763e-06,0.0,0.0,0.0,0.0,0.00012481856970225635
3545.0,0.0,0.0,0.0,0.0,0.0,0.0
3546.0,1.4978228364270763e-06,0.0,0.0,0.0,0.0,0.00012481856970225635
3547.0,1.4978228364270763e-06,0.0,0.0,0.0,0.0,0.00012481856970225635
3548.0,1.4978228364270763e-06,0.0,0.0,0.0,0.0,0.00012481856970225635
3549.0,1.4978228364270763e-06,0.0,0.0,0.0,0.0,0.00012481856970225635
3550.0,1.4978228364270763e-06,0.0,0.0,0.0,0.0,0.00012481856970225635
3551.0,1.4978228364270763e-06,0.0,0.0,0.0,0.0,0.00012481856970225635
3552.0,1.4978228364270763e-06,0.0,0.0,0.0,0.0,0.00012481856970225635
3553.0,7.999778972589411e-07,0.0,0.0,0.0,0.0,6.666482477157842e-05
3554.0,1.2765542578563327e-06,0.0,0.0,0.0,0.0,0.00010637952148802772
3555.0,1.4978228364270763e-06,0.0,0.0,0.0,0.0,0.00012481856970225635
3556.0,1.4978228364270763e-06,0.0,0.0,0.0,0.0,0.00012481856970225635
3557.0,1.4978228364270763e-06,0.0,0.0,0.0,0.0,0.00012481856970225635
3558.0,1.4978228364270763e-06,0.0,0.0,0.0,0.0,0.00012481856970225635
3559.0,1.4978228364270763e-06,0.0,0.0,0.0,0.0,0.00012481856970225635
3560.0,1.4978228364270763e-06,0.0,0.0,0.0,0.0,0.00012481856970225635
3561.0,1.4978228364270763e-06,0.0,0.0,0.0,0.0,0.00012481856970225635
3562.0,0.0,0.0,0.0,0.0,0.0,0.0
3563.0,1.4978228364270763e-06,0.0,0.0,0.0,0.0,0.00012481856970225635
3564.0,1.4978228364270763e-06,0.0,0.0,0.0,0.0,0.00012481856970225635
3565.0,1.4978228364270763e-06,0.0,0.0,0.0,0.0,0.00012481856970225635
3566.0,1.4978228364270763e-06,0.0,0.0,0.0,0.0,0.00012481856970225635
3567.0,1.4978228364270763e-06,0.0,0.0,0.0,0.0,0.00012481856970225635
3568.0,1.4978228364270763e-06,0.0,0.0,0.0,0.0,0.00012481856970225635
3569.0,1.4978228364270763e-06,0.0,0.0,0.0,0.0,0.00012481856970225635
3570.0,0.0,0.0,0.0,0.0,0.0,0.0
3571.0,1.4978228364270763e-06,0.0,0.0,0.0,0.0,0.00012481856970225635
3572.0,1.4978228364270763e-06,0.0,0.0,0.0,0.0,0.00012481856970225635
3573.0,1.4978228364270763e-06,0.0,0.0,0.0,0.0,0.00012481856970225635
3574.0,1.4978228364270763e-06,0.0,0.0,0.0,0.0,0.00012481856970225635
3575.0,1.4978228364270763e-06,0.0,0.0,0.0,0.0,0.00012481856970225635
3576.0,1.4978228364270763e-06,0.0,0.0,0.0,0.0,0.00012481856970225635
3577.0,1.4978228364270763e-06,0.0,0.0,0.0,0.0,0.00012481856970225635
3578.0,7.999778972589411e-07,0.0,0.0,0.0,0.0,6.666482477157842e-05
3579.0,1.2765542578563327e-06,0.0,0.0,0.0,0.0,0.00010637952148802772
3580.0,1.4978228364270763e-06,0.0,0.0,0.0,0.0,0.00012481856970225635
3581.0,1.4978228364270763e-06,0.0,0.0,0.0,0.0,0.00012481856970225635
3582.0,1.4978228364270763e-06,0.0,0.0,0.0,0.0,0.00012481856970225635
3583.0,1.4978228364270763e-06,0.0,0.0,0.0,0.0,0.00012481856970225635
3584.0,1.4978228364270763e-06,0.0,0.0,0.0,0.0,0.00012481856970225635
3585.0,1.4978228364270763e-06,0.0,0.0,0.0,0.0,0.00012481856970225635
3586.0,1.4978228364270763e-06,0.0,0.0,0.0,0.0,0.00012481856970225635
3587.0,0.0,0.0,0.0,0.0,0.0,0.0
3588.0,1.4978228364270763e-06,0.0,0.0,0.0,0.0,0.00012481856970225635
3589.0,1.4978228364270763e-06,0.0,0.0,0.0,0.0,0.00012481856970225635
3590.0,1.4978228364270763e-06,0.0,0.0,0.0,0.0,0.00012481856970225635
3591.0,1.4978228364270763e-06,0.0,0.0,0.0,0.0,0.00012481856970225635
3592.0,1.4978228364270763e-06,0.0,0.0,0.0,0.0,0.00012481856970225635
3593.0,1.4978228364270763e-06,0.0,0.0,0.0,0.0,0.00012481856970225635
3594.0,1.4978228364270763e-06,0.0,0.0,0.0,0.0,0.00012481856970225635
3595.0,0.0,0.0,0.0,0.0,0.0,0.0
3596.0,1.4978228364270763e-06,0.0,0.0,0.0,0.0,0.00012481856970225635
3597.0,1.4978228364270763e-06,0.0,0.0,0.0,0.0,0.00012481856970225635
3598.0,1.4978228364270763e-06,0.0,0.0,0.0,0.0,0.00012481856970225635
3599.0,1.4978228364270763e-06,0.0,0.0,0.0,0.0,0.00012481856970225635
3600.0,1.4978228364270763e-06,0.0,0.0,0.0,0.0,0.00012481856970225635
3601.0,1.4978228364270763e-06,0.0,0.0,0.0,0.0,0.00012481856970225635
3602.0,1.4978228364270763e-06,0.0,0.0,0.0,0.0,0.00012481856970225635
3603.0,7.999778972589411e-07,0.0,0.0,0.0,0.0,6.666482477157842e-05
3604.0,5.97426242165966e-06,3.719941378221847e-05,0.0,0.0,0.001736111111111111,0.011574074074074073
3605.0,0.00030244074878282845,0.0019484576769173145,0.0,0.0,0.008680555555555556,0.05787037037037038
3606.0,1.4808020978307468e-06,0.0,0.0,0.0,0.0,0.0001234001748192289
3607.0,0.00016699002298992127,0.001070088823325932,0.0,0.0,0.008680555555555556,0.05787037037037038
3608.0,0.00014390997239388525,0.0009205207461491227,0.0,0.0,0.001736111111111111,0.023013018653728068
3609.0,0.00026191442157141864,0.0016838792944326997,0.0,0.0,0.005208333333333333,0.04209698236081749
3610.0,0.00036155356792733073,0.0023326680529862642,0.0,0.0,0.001736111111111111,0.058316701324656606
3611.0,0.00025684226420708,0.0016555946785956621,0.0,0.0,0.003472222222222222,0.04138986696489155
3612.0,0.000258947053225711,0.001673716469667852,0.0,0.0,0.008680555555555556,0.05787037037037038
3613.0,0.0003298610099591315,0.0020700711756944656,0.0,0.0,0.003472222222222222,0.05175177939236164
3614.0,0.0002174904220737517,0.00024906007456593215,0.0,0.0,0.006944444444444444,0.046296296296296294
3615.0,0.00015100761083886027,0.0,0.0,0.0,0.001736111111111111,0.012583967569905022
3616.0,3.7054054701002315e-05,0.0,0.0,0.0,0.003472222222222222,0.023148148148148147
3617.0,0.000347817869624123,0.0,0.0,0.0,0.006944444444444444,0.046296296296296294
3618.0,0.0002697269374039024,0.0,0.0,0.0,0.005208333333333333,0.034722222222222224
3619.0,5.3070525609655306e-05,0.0,0.0,0.0,0.0,0.0044225438008046085
3620.0,1.5795219951542094e-05,3.741959517356008e-05,0.0,0.0,0.0,0.0013162683292951745
3621.0,1.4978228364270763e-06,0.0,0.0,0.0,0.0,0.00012481856970225635
3622.0,1.4978228364270763e-06,0.0,0.0,0.0,0.0,0.00012481856970225635
3623.0,1.4978228364270763e-06,0.0,0.0,0.0,0.0,0.00012481856970225635
3624.0,1.4978228364270763e-06,0.0,0.0,0.0,0.0,0.00012481856970225635
3625.0,1.4978228364270763e-06,0.0,0.0,0.0,0.0,0.00012481856970225635
3626.0,1.4978228364270763e-06,0.0,0.0,0.0,0.0,0.00012481856970225635
3627.0,1.4978228364270763e-06,0.0,0.0,0.0,0.0,0.00012481856970225635
3628.0,7.999778972589411e-07,0.0,0.0,0.0,0.0,6.666482477157842e-05
3629.0,1.2765542578563327e-06,0.0,0.0,0.0,0.0,0.00010637952148802772
3630.0,7.233795713545987e-06,0.0,0.0,0.0,0.001736111111111111,0.011574074074074073
3631.0,0.00020576315000653267,0.0,0.0,0.0,0.001736111111111111,0.017146929167211056
3632.0,0.00010224330617347732,0.0,0.0,0.0,0.001736111111111111,0.011574074074074073
3633.0,0.00013962075172457844,0.0,0.0,0.0,0.001736111111111111,0.01163506264371487
3634.0,0.0002085715823341161,0.0,0.0,0.0,0.005208333333333333,0.034722222222222224
3635.0,0.0002598209248390049,0.0,0.0,0.0,0.005208333333333333,0.034722222222222224
3636.0,0.0002554295933805406,0.0,0.0,0.0,0.001736111111111111,0.021285799448378384
3637.0,0.00024867235333658755,0.0,0.0,0.0,0.001736111111111111,0.020722696111382295
3638.0,1.4280362847785e-05,0.0,0.0,0.0,0.0,0.0011900302373154166
3639.0,5.1147180784028023e-05,0.0,0.0,0.0,0.006944444444444444,0.046296296296296294
3640.0,1.4978228364270763e-06,0.0,0.0,0.0,0.0,0.00012481856970225635
3641.0,1.4978228364270763e-06,0.0,0.0,0.0,0.0,0.00012481856970225635
3642.0,0.00014556095993611962,0.0,0.0,0.0,0.001736111111111111,0.012130079994676635
3643.0,1.4978228364270763e-06,0.0,0.0,0.0,0.0,0.00012481856970225635
3644.0,1.4978228364270763e-06,0.0,0.0,0.0,0.0,0.00012481856970225635
3645.0,5.940219580224948e-06,0.0,0.0,0.0,0.0,0.000495018298352079
3646.0,1.4978228364270763e-06,0.0,0.0,0.0,0.0,0.00012481856970225635
3647.0,1.4978228364270763e-06,0.0,0.0,0.0,0.0,0.00012481856970225635
3648.0,1.4978228364270763e-06,0.0,0.0,0.0,0.0,0.00012481856970225635
3649.0,1.4978228364270763e-06,0.0,0.0,0.0,0.0,0.00012481856970225635
3650.0,1.4978228364270763e-06,0.0,0.0,0.0,0.0,0.00012481856970225635
3651.0,1.4978228364270763e-06,0.0,0.0,0.0,0.0,0.00012481856970225635
3652.0,1.4978228364270763e-06,0.0,0.0,0.0,0.0,0.00012481856970225635
3653.0,7.999778972589411e-07,0.0,0.0,0.0,0.0,6.666482477157842e-05
3654.0,1.2765542578563327e-06,0.0,0.0,0.0,0.0,0.00010637952148802772
3655.0,1.4978228364270763e-06,0.0,0.0,0.0,0.0,0.00012481856970225635
3656.0,1.4978228364270763e-06,0.0,0.0,0.0,0.0,0.00012481856970225635
3657.0,1.4978228364270763e-06,0.0,0.0,0.0,0.0,0.00012481856970225635
3658.0,1.4978228364270763e-06,0.0,0.0,0.0,0.0,0.00012481856970225635
3659.0,1.4978228364270763e-06,0.0,0.0,0.0,0.0,0.00012481856970225635
3660.0,1.4978228364270763e-06,0.0,0.0,0.0,0.0,0.00012481856970225635
3661.0,1.4978228364270763e-06,0.0,0.0,0.0,0.0,0.00012481856970225635
3662.0,0.0,0.0,0.0,0.0,0.0,0.0
3663.0,1.4978228364270763e-06,0.0,0.0,0.0,0.0,0.00012481856970225635
3664.0,1.4978228364270763e-06,0.0,0.0,0.0,0.0,0.00012481856970225635
3665.0,1.4978228364270763e-06,0.0,0.0,0.0,0.0,0.00012481856970225635
3666.0,1.4978228364270763e-06,0.0,0.0,0.0,0.0,0.00012481856970225635
3667.0,1.4978228364270763e-06,0.0,0.0,0.0,0.0,0.00012481856970225635
3668.0,1.4978228364270763e-06,0.0,0.0,0.0,0.0,0.00012481856970225635
3669.0,1.4978228364270763e-06,0.0,0.0,0.0,0.0,0.00012481856970225635
3670.0,0.0,0.0,0.0,0.0,0.0,0.0
3671.0,1.4978228364270763e-06,0.0,0.0,0.0,0.0,0.00012481856970225635
3672.0,1.0893257922361954e-06,0.0,0.0,0.0,0.0,9.077714935301628e-05
3673.0,1.072303803084651e-06,0.0,0.0,0.0,0.0,8.935865025705425e-05
3674.0,0.004738595336675644,0.013523862697184086,0.0,0.0,0.09722222222222222,0.6481481481481481
3675.0,0.0,0.0,0.0,0.0,0.0,0.0
3676.0,0.0,0.0,0.0,0.0,0.0,0.0
3677.0,0.0,0.0,0.0,0.0,0.0,0.0
3678.0,0.0,0.0,0.0,0.0,0.0,0.0
3679.0,0.0,0.0,0.0,0.0,0.0,0.0
3680.0,0.0,0.0,0.0,0.0,0.0,0.0
3681.0,7.659326115572185e-07,0.0,0.0,0.0,0.0,6.38277176297682e-05
3682.0,4.249357516528107e-06,1.833341343626671e-06,0.0,0.0,0.0,0.00035411312637734227
3683.0,0.0,0.0,0.0,0.0,0.0,0.0
3684.0,0.0,0.0,0.0,0.0,0.0,0.0
3685.0,0.0,0.0,0.0,0.0,0.0,0.0
3686.0,0.0,0.0,0.0,0.0,0.0,0.0
3687.0,0.0,0.0,0.0,0.0,0.0,0.0
3688.0,0.0,0.0,0.0,0.0,0.0,0.0
3689.0,0.0,0.0,0.0,0.0,0.0,0.0
3690.0,0.0,0.0,0.0,0.0,0.0,0.0
3691.0,0.0,0.0,0.0,0.0,0.0,0.0
3692.0,0.0,0.0,0.0,0.0,0.0,0.0
3693.0,0.0,0.0,0.0,0.0,0.0,0.0
3694.0,0.0,0.0,0.0,0.0,0.0,0.0
3695.0,0.0,0.0,0.0,0.0,0.0,0.0
3696.0,0.0,0.0,0.0,0.0,0.0,0.0
3697.0,0.0,0.0,0.0,0.0,0.0,0.0
3698.0,1.3616711669328652e-07,0.0,0.0,0.0,0.0,1.1347259724440542e-05
3699.0,1.3616711669328652e-07,0.0,0.0,0.0,0.0,1.1347259724440542e-05
3700.0,0.0,0.0,0.0,0.0,0.0,0.0
3701.0,0.0,0.0,0.0,0.0,0.0,0.0
3702.0,0.0,0.0,0.0,0.0,0.0,0.0
3703.0,0.0,0.0,0.0,0.0,0.0,0.0
3704.0,0.0,0.0,0.0,0.0,0.0,0.0
3705.0,9.854982636170462e-05,0.0,0.0,0.0,0.003472222222222222,0.023148148148148147
3706.0,0.000528050004504621,0.0,0.0,0.0,0.013888888888888888,0.09259259259259259
3707.0,0.000660896475892514,0.0,0.0,0.0,0.017361111111111112,0.11574074074074076
3708.0,3.574348852453113e-07,0.0,0.0,0.0,0.0,2.9786240437109274e-05
3709.0,9.946893260348588e-05,0.0,0.0,0.0,0.001736111111111111,0.011574074074074073
3710.0,0.00020198457059450448,0.0,0.0,0.0,0.0,0.01683204754954204
3711.0,0.0003271888417657465,0.0,0.0,0.0,0.001736111111111111,0.027265736813812207
3712.0,0.0004494654422160238,0.0,0.0,0.0,0.015625,0.10416666666666667
3713.0,0.00030058546690270305,0.0,0.0,0.0,0.005208333333333333,0.034722222222222224
3714.0,0.0011379525531083345,0.0,0.0,0.0,0.024305555555555556,0.16203703703703703
3715.0,0.00013812292309012264,0.0,0.0,0.0,0.001736111111111111,0.011574074074074073
3716.0,0.0,0.0,0.0,0.0,0.0,0.0
3717.0,0.0,0.0,0.0,0.0,0.0,0.0
3718.0,0.0,0.0,0.0,0.0,0.0,0.0
3719.0,0.0,0.0,0.0,0.0,0.0,0.0
3720.0,0.0,0.0,0.0,0.0,0.0,0.0
3721.0,0.0,0.0,0.0,0.0,0.0,0.0
3722.0,0.0,0.0,0.0,0.0,0.0,0.0
3723.0,1.3616711669328652e-07,0.0,0.0,0.0,0.0,1.1347259724440542e-05
3724.0,1.3616711669328652e-07,0.0,0.0,0.0,0.0,1.1347259724440542e-05
3725.0,0.0,0.0,0.0,0.0,0.0,0.0
3726.0,0.0,0.0,0.0,0.0,0.0,0.0
3727.0,0.0,0.0,0.0,0.0,0.0,0.0
3728.0,0.0,0.0,0.0,0.0,0.0,0.0
3729.0,0.0,0.0,0.0,0.0,0.0,0.0
3730.0,0.0,0.0,0.0,0.0,0.0,0.0
3731.0,9.872009059108677e-07,0.0,0.0,0.0,0.0,8.226674215923897e-05
3732.0,9.872009059108677e-07,0.0,0.0,0.0,0.0,8.226674215923897e-05
3733.0,0.0,0.0,0.0,0.0,0.0,0.0
3734.0,0.0,0.0,0.0,0.0,0.0,0.0
3735.0,0.003901364281773567,0.0,0.0,0.0,0.08506944444444445,0.5671296296296297
3736.0,0.0,0.0,0.0,0.0,0.0,0.0
3737.0,0.0,0.0,0.0,0.0,0.0,0.0
3738.0,0.0,0.0,0.0,0.0,0.0,0.0
3739.0,0.0,0.0,0.0,0.0,0.0,0.0
3740.0,2.553106241975911e-06,0.0,0.0,0.0,0.0,0.0002127588534979926
3741.0,0.0,0.0,0.0,0.0,0.0,0.0
3742.0,0.0,0.0,0.0,0.0,0.0,0.0
3743.0,0.0,0.0,0.0,0.0,0.0,0.0
3744.0,0.0,0.0,0.0,0.0,0.0,0.0
3745.0,0.0,0.0,0.0,0.0,0.0,0.0
3746.0,0.0,0.0,0.0,0.0,0.0,0.0
3747.0,0.0,0.0,0.0,0.0,0.0,0.0
3748.0,1.3616711669328652e-07,0.0,0.0,0.0,0.0,1.1347259724440542e-05
3749.0,0.00011111108324257657,0.0,0.0,0.0,0.005208333333333333,0.034722222222222224
3750.0,0.0007616590010002255,0.0,0.0,0.0,0.019097222222222224,0.12731481481481483
3751.0,4.6245222620200366e-05,0.0,0.0,0.0,0.0,0.0038537685516833635
3752.0,4.2364503315184265e-05,0.0,0.0,0.0,0.0,0.0035303752762653553
3753.0,9.613289876142517e-05,0.0,0.0,0.0,0.0,0.00801107489678543
3754.0,1.702069596376532e-08,0.0,0.0,0.0,0.0,1.4183913303137767e-06
3755.0,0.0,0.0,0.0,0.0,0.0,0.0
3756.0,9.872009059108677e-07,0.0,0.0,0.0,0.0,8.226674215923897e-05
3757.0,1.2612371392606292e-05,0.0,0.0,0.0,0.0,0.0010510309493838577
3758.0,0.0,0.0,0.0,0.0,0.0,0.0
3759.0,0.0,0.0,0.0,0.0,0.0,0.0
3760.0,0.0004108455032110214,0.0,0.0,0.0,0.005208333333333333,0.034722222222222224
3761.0,0.0004654478980228305,0.0,0.0,0.0,0.013888888888888888,0.09259259259259259
3762.0,0.00018218951299786568,0.0,0.0,0.0,0.005208333333333333,0.034722222222222224
3763.0,0.0,0.0,0.0,0.0,0.0,0.0
3764.0,9.987742669181898e-05,0.0,0.0,0.0,0.005208333333333333,0.034722222222222224
3765.0,0.0009428783087059855,0.0,0.0,0.0,0.020833333333333332,0.1388888888888889
3766.0,0.0004790644452441484,0.0,0.0,0.0,0.012152777777777778,0.08101851851851852
3767.0,0.0006985462969169021,0.0,0.0,0.0,0.017361111111111112,0.11574074074074076
3768.0,1.754833101585973e-05,0.0,0.0,0.0,0.0,0.0014623609179883108
3769.0,0.00020792479335796088,0.0,0.0,0.0,0.003472222222222222,0.023148148148148147
3770.0,9.434571984456852e-05,0.0,0.0,0.0,0.001736111111111111,0.011574074074074073
3771.0,0.0003173337900079787,0.0,0.0,0.0,0.012152777777777778,0.08101851851851852
3772.0,0.0007496594917029142,0.0,0.0,0.0,0.013888888888888888,0.09259259259259259
3773.0,0.0002474638749845326,0.0,0.0,0.0,0.003472222222222222,0.023148148148148147
3774.0,2.3811951905372553e-05,0.0,0.0,0.0,0.0,0.0019843293254477126
3775.0,0.0,0.0,0.0,0.0,0.0,0.0
3776.0,0.0,0.0,0.0,0.0,0.0,0.0
3777.0,0.0,0.0,0.0,0.0,0.0,0.0
3778.0,3.8602931454079226e-05,0.0,0.0,0.0,0.0,0.003216910954506602
3779.0,5.293435606290586e-05,0.0,0.0,0.0,0.0,0.004411196338575489
3780.0,0.0,0.0,0.0,0.0,0.0,0.0
3781.0,9.872009059108677e-07,0.0,0.0,0.0,0.0,8.226674215923897e-05
3782.0,7.194647332653403e-05,0.0,0.0,0.0,0.0,0.005995539443877836
3783.0,0.00010898349864874035,0.0,0.0,0.0,0.001736111111111111,0.011574074074074073
3784.0,1.199958842335036e-05,0.0,0.0,0.0,0.0,0.0009999657019458634
3785.0,0.0,0.0,0.0,0.0,0.0,0.0
3786.0,0.00020669930381700397,0.0,0.0,0.0,0.005208333333333333,0.034722222222222224
3787.0,0.00041251350194215775,0.0,0.0,0.0,0.008680555555555556,0.05787037037037038
3788.0,0.00048553230590187013,0.0,0.0,0.0,0.006944444444444444,0.046296296296296294
3789.0,0.00027062901062890887,0.0,0.0,0.0,0.003472222222222222,0.023148148148148147
3790.0,1.9046181478188373e-05,0.0,0.0,0.0,0.0,0.001587181789849031
3791.0,5.4381107474910095e-05,0.0,0.0,0.0,0.001736111111111111,0.011574074074074073
3792.0,0.0,0.0,0.0,0.0,0.0,0.0
3793.0,0.0,0.0,0.0,0.0,0.0,0.0
3794.0,0.0,0.0,0.0,0.0,0.0,0.0
3795.0,0.00014011433813720942,0.0,0.0,0.0,0.0,0.011676194844767451
3796.0,0.00034267763840034604,0.0,0.0,0.0,0.003472222222222222,0.0285564698666955
3797.0,0.00031689126626588404,0.0,0.0,0.0,0.006944444444444444,0.046296296296296294
3798.0,0.0003863697638735175,0.0,0.0,0.0,0.005208333333333333,0.034722222222222224
3799.0,4.112199894734658e-05,0.0,0.0,0.0,0.005208333333333333,0.034722222222222224
3800.0,0.00020780565682798624,0.0,0.0,0.0,0.005208333333333333,0.034722222222222224
3801.0,0.0001853894063970074,0.0,0.0,0.0,0.003472222222222222,0.023148148148148147
3802.0,0.0003705064591486007,0.0,0.0,0.0,0.003472222222222222,0.03087553826238339
3803.0,0.003193354234099388,0.0,0.0,0.0,0.08159722222222222,0.5439814814814815
3804.0,0.0,0.0,0.0,0.0,0.0,0.0
3805.0,0.0,0.0,0.0,0.0,0.0,0.0
3806.0,7.659326115572185e-07,0.0,0.0,0.0,0.0,6.38277176297682e-05
3807.0,2.280776698171394e-06,0.0,0.0,0.0,0.0,0.00019006472484761616
3808.0,0.0,0.0,0.0,0.0,0.0,0.0
3809.0,0.0,0.0,0.0,0.0,0.0,0.0
3810.0,0.0,0.0,0.0,0.0,0.0,0.0
3811.0,0.0,0.0,0.0,0.0,0.0,0.0
3812.0,0.0,0.0,0.0,0.0,0.0,0.0
3813.0,0.0,0.0,0.0,0.0,0.0,0.0
3814.0,0.0,0.0,0.0,0.0,0.0,0.0
3815.0,0.0,0.0,0.0,0.0,0.0,0.0
3816.0,0.0,0.0,0.0,0.0,0.0,0.0
3817.0,0.0,0.0,0.0,0.0,0.0,0.0
3818.0,0.0,0.0,0.0,0.0,0.0,0.0
3819.0,0.0,0.0,0.0,0.0,0.0,0.0
3820.0,0.0,0.0,0.0,0.0,0.0,0.0
3821.0,0.0,0.0,0.0,0.0,0.0,0.0
3822.0,0.0,0.0,0.0,0.0,0.0,0.0
3823.0,1.3616711669328652e-07,0.0,0.0,0.0,0.0,1.1347259724440542e-05
3824.0,1.3616711669328652e-07,0.0,0.0,0.0,0.0,1.1347259724440542e-05
3825.0,0.0,0.0,0.0,0.0,0.0,0.0
3826.0,0.0,0.0,0.0,0.0,0.0,0.0
3827.0,0.0,0.0,0.0,0.0,0.0,0.0
3828.0,0.0,0.0,0.0,0.0,0.0,0.0
3829.0,0.0,0.0,0.0,0.0,0.0,0.0
3830.0,0.0,0.0,0.0,0.0,0.0,0.0
3831.0,9.872009059108677e-07,0.0,0.0,0.0,0.0,8.226674215923897e-05
3832.0,9.872009059108677e-07,0.0,0.0,0.0,0.0,8.226674215923897e-05
3833.0,0.0,0.0,0.0,0.0,0.0,0.0
3834.0,0.0,0.0,0.0,0.0,0.0,0.0
3835.0,0.0,0.0,0.0,0.0,0.0,0.0
3836.0,0.0,0.0,0.0,0.0,0.0,0.0
3837.0,0.0,0.0,0.0,0.0,0.0,0.0
3838.0,0.0,0.0,0.0,0.0,0.0,0.0
3839.0,0.0,0.0,0.0,0.0,0.0,0.0
3840.0,0.0,0.0,0.0,0.0,0.0,0.0
3841.0,0.0,0.0,0.0,0.0,0.0,0.0
3842.0,0.0,0.0,0.0,0.0,0.0,0.0
3843.0,0.0,0.0,0.0,0.0,0.0,0.0
3844.0,0.0,0.0,0.0,0.0,0.0,0.0
3845.0,0.0,0.0,0.0,0.0,0.0,0.0
3846.0,0.0,0.0,0.0,0.0,0.0,0.0
3847.0,0.0,0.0,0.0,0.0,0.0,0.0
3848.0,1.3616711669328652e-07,0.0,0.0,0.0,0.0,1.1347259724440542e-05
3849.0,1.3616711669328652e-07,0.0,0.0,0.0,0.0,1.1347259724440542e-05
3850.0,0.0,0.0,0.0,0.0,0.0,0.0
3851.0,0.0,0.0,0.0,0.0,0.0,0.0
3852.0,0.0,0.0,0.0,0.0,0.0,0.0
3853.0,0.0,0.0,0.0,0.0,0.0,0.0
3854.0,0.0,0.0,0.0,0.0,0.0,0.0
3855.0,0.03771385923027992,0.0032624865416437387,0.0,0.00029054173501208425,0.1527777777777778,3.142821602523327
3856.0,6.127453957560647e-07,0.0,0.0,0.0,0.0,5.106211631300539e-05
3857.0,0.0,0.0,0.0,0.0,0.0,0.0
3858.0,0.0,0.0,0.0,0.0,0.0,0.0
3859.0,0.0,0.0,0.0,0.0,0.0,0.0
3860.0,0.0,0.0,0.0,0.0,0.0,0.0
3861.0,0.0,0.0,0.0,0.0,0.0,0.0
3862.0,0.0,0.0,0.0,0.0,0.0,0.0
3863.0,0.0,0.0,0.0,0.0,0.0,0.0
3864.0,0.0,0.0,0.0,0.0,0.0,0.0
3865.0,0.0,0.0,0.0,0.0,0.0,0.0
3866.0,0.0,0.0,0.0,0.0,0.0,0.0
3867.0,0.0,0.0,0.0,0.0,0.0,0.0
3868.0,0.0,0.0,0.0,0.0,0.0,0.0
3869.0,0.0,0.0,0.0,0.0,0.0,0.0
3870.0,0.0,0.0,0.0,0.0,0.0,0.0
3871.0,0.0,0.0,0.0,0.0,0.0,0.0
3872.0,0.0,0.0,0.0,0.0,0.0,0.0
3873.0,0.0,0.0,0.0,0.0,0.0,0.0
3874.0,0.0,0.0,0.0,0.0,0.0,0.0
3875.0,0.0,0.0,0.0,0.0,0.0,0.0
3876.0,0.0,0.0,0.0,0.0,0.0,0.0
3877.0,0.0,0.0,0.0,0.0,0.0,0.0
3878.0,0.0,0.0,0.0,0.0,0.0,0.0
3879.0,0.0,0.0,0.0,0.0,0.0,0.0
3880.0,6.127453957560647e-07,0.0,0.0,0.0,0.0,5.106211631300539e-05
3881.0,6.127453957560647e-07,0.0,0.0,0.0,0.0,5.106211631300539e-05
3882.0,0.0,0.0,0.0,0.0,0.0,0.0
3883.0,0.0,0.0,0.0,0.0,0.0,0.0
3884.0,0.0,0.0,0.0,0.0,0.0,0.0
3885.0,0.0,0.0,0.0,0.0,0.0,0.0
3886.0,0.0,0.0,0.0,0.0,0.0,0.0
3887.0,0.0,0.0,0.0,0.0,0.0,0.0
3888.0,0.0,0.0,0.0,0.0,0.0,0.0
3889.0,0.0,0.0,0.0,0.0,0.0,0.0
3890.0,0.0,0.0,0.0,0.0,0.0,0.0
3891.0,0.0,0.0,0.0,0.0,0.0,0.0
3892.0,0.0,0.0,0.0,0.0,0.0,0.0
3893.0,0.00022193283075466752,0.0014345991658046842,0.0,0.0,0.006944444444444444,0.046296296296296294
3894.0,0.00040575629100203514,0.002621459076181054,0.0,0.0,0.010416666666666666,0.06944444444444445
3895.0,1.6356889318558387e-05,0.00010477472824277356,0.0,0.0,0.0,0.002619368206069339
3896.0,0.0,0.0,0.0,0.0,0.0,0.0
3897.0,6.908699288032949e-05,0.00044320145389065146,0.0,0.0,0.0,0.011080036347266287
3898.0,0.00023122612037695944,0.0014930396573618054,0.0,0.0,0.0,0.037325991434045136
3899.0,0.0003370438062120229,0.002178147668018937,0.0,0.0,0.0,0.05445369170047343
3900.0,0.00028140313224866986,0.0018195802113041282,0.0,0.0,0.0,0.045489505282603204
3901.0,0.0,0.0,0.0,0.0,0.0,0.0
3902.0,0.0,0.0,0.0,0.0,0.0,0.0
3903.0,0.0,0.0,0.0,0.0,0.0,0.0
3904.0,9.819238039199263e-05,0.0006349215982481837,0.0,0.0,0.003472222222222222,0.023148148148148147
3905.0,0.0003584217338357121,0.0023110967595130205,0.0,0.0,0.006944444444444444,0.05777741898782551
3906.0,0.000367544824257493,0.0013313650852069259,0.0,0.0,0.005208333333333333,0.034722222222222224
3907.0,2.2807744244346395e-06,1.4307480341813061e-05,0.0,0.0,0.0,0.00035768700854532653
3908.0,0.0,0.0,0.0,0.0,0.0,0.0
3909.0,0.0,0.0,0.0,0.0,0.0,0.0
3910.0,9.766473522176966e-05,0.00010213333735009655,0.0,0.0,0.0,0.008138727935147472
3911.0,0.00018530427769292146,0.0,0.0,0.0,0.005208333333333333,0.034722222222222224
3912.0,0.0,0.0,0.0,0.0,0.0,0.0
3913.0,1.7020436615666767e-08,0.0,0.0,0.0,0.0,1.4183697179722306e-06
3914.0,0.00023196797701530159,1.3537058293877635e-05,0.0,0.0,0.005208333333333333,0.034722222222222224
3915.0,0.00013934841263107955,0.0,0.0,0.0,0.001736111111111111,0.01161236771925663
3916.0,0.0,0.0,0.0,0.0,0.0,0.0
3917.0,7.148689746827586e-06,0.0,0.0,0.0,0.0,0.0005957241455689655
3918.0,0.00020220584701746702,0.0,0.0,0.0,0.003472222222222222,0.023148148148148147
3919.0,8.891610923456028e-05,0.0005741698550991714,0.0,0.0,0.0,0.014354246377479285
3920.0,1.0246458259643987e-05,6.416351243387908e-05,0.0,0.0,0.0,0.001604087810846977
3921.0,0.00033043973962776363,0.0021354451309889555,0.0,0.0,0.0,0.05338612827472389
3922.0,0.0003343544958624989,0.0021260904613882303,0.0,0.0,0.0,0.05315226153470576
3923.0,9.609884000383317e-05,0.0006206140387803316,0.0,0.0,0.005208333333333333,0.034722222222222224
3924.0,3.2032949093263596e-05,0.0002063577703665942,0.0,0.0,0.0,0.005158944259164855
3925.0,0.00013548471906688064,0.0,0.0,0.0,0.003472222222222222,0.023148148148148147
3926.0,0.0001490842696512118,0.0,0.0,0.0,0.005208333333333333,0.034722222222222224
3927.0,0.0,0.0,0.0,0.0,0.0,0.0
3928.0,0.00025835714768618345,0.0013484242372214794,0.0,0.0,0.005208333333333333,0.034722222222222224
3929.0,0.0004876258608419448,0.0012536647263914347,0.0,0.0,0.010416666666666666,0.06944444444444445
3930.0,0.00010302627924829721,0.00024234667944256216,0.0,0.0,0.001736111111111111,0.011574074074074073
3931.0,0.00015388407337013632,0.0009894167305901647,0.0,0.0,0.001736111111111111,0.024735418264754117
3932.0,0.00045273342402651906,0.001752335112541914,0.0,0.0,0.0,0.04380837781354785
3933.0,0.00021313312754500657,0.0005198014550842345,0.0,0.0,0.0,0.01776109396208388
3934.0,0.0,0.0,0.0,0.0,0.0,0.0
3935.0,0.0001993123150896281,0.0,0.0,0.0,0.003472222222222222,0.023148148148148147
3936.0,0.00014205470506567508,0.0,0.0,0.0,0.006944444444444444,0.046296296296296294
3937.0,5.6134245824068785e-05,0.0,0.0,0.0,0.003472222222222222,0.023148148148148147
3938.0,0.00024004283477552235,0.0,0.0,0.0,0.008680555555555556,0.05787037037037038
3939.0,0.00010443898645462468,0.00019579226500354707,0.0,0.0,0.005208333333333333,0.034722222222222224
3940.0,0.00021585643116850406,0.0,0.0,0.0,0.010416666666666666,0.06944444444444445
3941.0,0.0003212315496057272,0.0,0.0,0.0,0.006944444444444444,0.046296296296296294
3942.0,0.0002499999536667019,0.0,0.0,0.0,0.003472222222222222,0.023148148148148147
3943.0,0.0001838915777625516,1.1005748490333644e-07,0.0,0.0,0.0,0.0153242981468793
3944.0,0.0002070907794404775,0.0,0.0,0.0,0.0,0.017257564953373123
3945.0,0.0001455779856769368,5.502874387275369e-07,0.0,0.0,0.0,0.0121314988064114
3946.0,2.1888616174692288e-05,0.0,0.0,0.0,0.0,0.0018240513478910239
3947.0,1.2339988643361721e-05,1.6508606677234638e-06,0.0,0.0,0.0,0.0010283323869468102
3948.0,0.0,0.0,0.0,0.0,0.0,0.0
3949.0,0.0,0.0,0.0,0.0,0.0,0.0
3950.0,0.0,0.0,0.0,0.0,0.0,0.0
3951.0,0.0,0.0,0.0,0.0,0.0,0.0
3952.0,0.0,0.0,0.0,0.0,0.0,0.0
3953.0,0.0,0.0,0.0,0.0,0.0,0.0
3954.0,0.0,0.0,0.0,0.0,0.0,0.0
3955.0,8.680566452312632e-07,1.6508677163074026e-06,0.0,0.0,0.0,7.233805376927194e-05
3956.0,8.680566452312632e-07,1.6508677163074026e-06,0.0,0.0,0.0,7.233805376927194e-05
3957.0,0.0,0.0,0.0,0.0,0.0,0.0
3958.0,0.0,0.0,0.0,0.0,0.0,0.0
3959.0,0.0,0.0,0.0,0.0,0.0,0.0
3960.0,0.0,0.0,0.0,0.0,0.0,0.0
3961.0,0.0,0.0,0.0,0.0,0.0,0.0
3962.0,0.0,0.0,0.0,0.0,0.0,0.0
3963.0,0.0,0.0,0.0,0.0,0.0,0.0
3964.0,0.0,0.0,0.0,0.0,0.0,0.0
3965.0,0.0,0.0,0.0,0.0,0.0,0.0
3966.0,0.0,0.0,0.0,0.0,0.0,0.0
3967.0,7.906112296041101e-05,0.0,0.0,0.0,0.003472222222222222,0.023148148148148147
3968.0,0.0003219975042156875,0.0,0.0,0.0,0.006944444444444444,0.046296296296296294
3969.0,0.0004864344373345375,0.0,0.0,0.0,0.012152777777777778,0.08101851851851852
3970.0,0.00027100348961539567,0.0,0.0,0.0,0.0,0.022583624134616304
3971.0,0.00043673402979038656,0.0,0.0,0.0,0.0,0.03639450248253221
3972.0,1.547182364447508e-05,0.0,0.0,0.0,0.0,0.00128931863703959
3973.0,0.0,0.0,0.0,0.0,0.0,0.0
3974.0,0.0,0.0,0.0,0.0,0.0,0.0
3975.0,5.565767060033977e-05,0.0,0.0,0.0,0.0,0.004638139216694981
3976.0,9.460101864533499e-05,0.0,0.0,0.0,0.005208333333333333,0.034722222222222224
3977.0,0.0,0.0,0.0,0.0,0.0,0.0
3978.0,0.00013250610209070146,0.0,0.0,0.0,0.006944444444444444,0.046296296296296294
3979.0,0.0001267871557502076,0.0,0.0,0.0,0.010416666666666666,0.06944444444444445
3980.0,0.0003441073640715331,1.6508677163074026e-06,0.0,0.0,0.013888888888888888,0.09259259259259259
3981.0,0.0004797111905645579,1.6508677163074026e-06,0.0,0.0,0.017361111111111112,0.11574074074074076
3982.0,0.0002479234244674444,0.0,0.0,0.0,0.006944444444444444,0.046296296296296294
3983.0,0.00046524364734068513,0.0,0.0,0.0,0.003472222222222222,0.038770303945057094
3984.0,1.702069596376532e-08,0.0,0.0,0.0,0.0,1.4183913303137767e-06
3985.0,0.0,0.0,0.0,0.0,0.0,0.0
3986.0,0.0001802661718102172,0.0,0.0,0.0,0.010416666666666666,0.06944444444444445
3987.0,0.00018055552209261805,0.0,0.0,0.0,0.010416666666666666,0.06944444444444445
3988.0,4.369211819721386e-05,0.0,0.0,0.0,0.003472222222222222,0.023148148148148147
3989.0,1.7173901142086834e-05,0.0,0.0,0.0,0.0,0.001431158428507236
3990.0,0.0015225691022351384,0.0,0.0,0.0,0.052083333333333336,0.34722222222222227
3991.0,0.0002656930300872773,0.0,0.0,0.0,0.006944444444444444,0.046296296296296294
3992.0,1.9692941350513138e-05,0.0,0.0,0.0,0.0,0.0016410784458760948
3993.0,0.00017527909949421883,0.0,0.0,0.0,0.010416666666666666,0.06944444444444445
3994.0,0.0003295716887805611,0.0,0.0,0.0,0.013888888888888888,0.09259259259259259
3995.0,0.00020057187066413462,0.0,0.0,0.0,0.010416666666666666,0.06944444444444445
3996.0,5.38194362889044e-05,0.0,0.0,0.0,0.003472222222222222,0.023148148148148147
3997.0,7.35975118004717e-05,0.0,0.0,0.0,0.0,0.006133125983372641
3998.0,8.769061969360337e-05,0.0,0.0,0.0,0.0,0.007307551641133614
3999.0,9.22691760933958e-05,0.0,0.0,0.0,0.003472222222222222,0.023148148148148147
4000.0,0.00018845310842152685,0.0,0.0,0.0,0.010416666666666666,0.06944444444444445
4001.0,6.741897232132033e-05,0.0,0.0,0.0,0.0,0.005618247693443361
4002.0,0.0,0.0,0.0,0.0,0.0,0.0
4003.0,0.0,0.0,0.0,0.0,0.0,0.0
4004.0,0.0,0.0,0.0,0.0,0.0,0.0
4005.0,6.638083505094983e-06,1.6508677163074026e-06,0.0,0.0,0.0,0.0005531736254245819
4006.0,9.872018154055695e-07,1.6508677163074026e-06,0.0,0.0,0.0,8.226681795046413e-05
4007.0,0.0,0.0,0.0,0.0,0.0,0.0
4008.0,0.015095720067620277,0.026290088891983032,0.0,0.0,0.22395833333333334,1.4930555555555556
4009.0,0.0,0.0,0.0,0.0,0.0,0.0
4010.0,0.0,0.0,0.0,0.0,0.0,0.0
4011.0,0.0,0.0,0.0,0.0,0.0,0.0
4012.0,0.0,0.0,0.0,0.0,0.0,0.0
4013.0,0.0,0.0,0.0,0.0,0.0,0.0
4014.0,2.3588479507452575e-06,0.0,0.0,0.0,0.0,0.0001965706625621048
4015.0,0.0,0.0,0.0,0.0,0.0,0.0
4016.0,0.00014713741256855428,0.0,0.0,0.0,0.001736111111111111,0.012261451047379524
4017.0,0.00020302791381254792,0.0,0.0,0.0,0.003472222222222222,0.023148148148148147
4018.0,0.0002697424788493663,0.0,0.0,0.0,0.006944444444444444,0.046296296296296294
4019.0,0.00010372410179115832,0.0,0.0,0.0,0.001736111111111111,0.011574074074074073
4020.0,0.0,0.0,0.0,0.0,0.0,0.0
4021.0,0.0,0.0,0.0,0.0,0.0,0.0
4022.0,9.291670721722767e-06,0.0,0.0,0.0,0.0,0.0007743058934768973
4023.0,0.0,0.0,0.0,0.0,0.0,0.0
4024.0,0.0,0.0,0.0,0.0,0.0,0.0
4025.0,0.0,0.0,0.0,0.0,0.0,0.0
4026.0,0.0,0.0,0.0,0.0,0.0,0.0
4027.0,0.00030619860626757145,0.0,0.0,0.0,0.005208333333333333,0.034722222222222224
4028.0,0.000170513303601183,0.0,0.0,0.0,0.0,0.01420944196676525
4029.0,0.0,0.0,0.0,0.0,0.0,0.0
4030.0,6.095862772781402e-06,0.0,0.0,0.0,0.0,0.0005079885643984502
4031.0,6.80828179611126e-07,0.0,0.0,0.0,0.0,5.6735681634260494e-05
4032.0,0.0,0.0,0.0,0.0,0.0,0.0
4033.0,0.0,0.0,0.0,0.0,0.0,0.0
4034.0,0.0,0.0,0.0,0.0,0.0,0.0
4035.0,0.0,0.0,0.0,0.0,0.0,0.0
4036.0,0.0,0.0,0.0,0.0,0.0,0.0
4037.0,0.0,0.0,0.0,0.0,0.0,0.0
4038.0,0.0,0.0,0.0,0.0,0.0,0.0
4039.0,0.0,0.0,0.0,0.0,0.0,0.0
4040.0,0.0,0.0,0.0,0.0,0.0,0.0
4041.0,0.0,0.0,0.0,0.0,0.0,0.0
4042.0,0.0,0.0,0.0,0.0,0.0,0.0
4043.0,0.0,0.0,0.0,0.0,0.0,0.0
4044.0,0.0,0.0,0.0,0.0,0.0,0.0
4045.0,0.0,0.0,0.0,0.0,0.0,0.0
4046.0,0.0,0.0,0.0,0.0,0.0,0.0
4047.0,0.0,0.0,0.0,0.0,0.0,0.0
4048.0,0.0,0.0,0.0,0.0,0.0,0.0
4049.0,0.0,0.0,0.0,0.0,0.0,0.0
4050.0,0.0,0.0,0.0,0.0,0.0,0.0
4051.0,0.0,0.0,0.0,0.0,0.0,0.0
4052.0,0.0,0.0,0.0,0.0,0.0,0.0
4053.0,0.0,0.0,0.0,0.0,0.0,0.0
4054.0,0.0,0.0,0.0,0.0,0.0,0.0
4055.0,6.80828179611126e-07,0.0,0.0,0.0,0.0,5.6735681634260494e-05
4056.0,6.80828179611126e-07,0.0,0.0,0.0,0.0,5.6735681634260494e-05
4057.0,0.0,0.0,0.0,0.0,0.0,0.0
4058.0,0.0,0.0,0.0,0.0,0.0,0.0
4059.0,0.0,0.0,0.0,0.0,0.0,0.0
4060.0,0.0,0.0,0.0,0.0,0.0,0.0
4061.0,0.0,0.0,0.0,0.0,0.0,0.0
4062.0,0.0,0.0,0.0,0.0,0.0,0.0
4063.0,0.0,0.0,0.0,0.0,0.0,0.0
4064.0,0.0,0.0,0.0,0.0,0.0,0.0
4065.0,0.0,0.0,0.0,0.0,0.0,0.0
4066.0,0.0,0.0,0.0,0.0,0.0,0.0
4067.0,0.0,0.0,0.0,0.0,0.0,0.0
4068.0,0.0,0.0,0.0,0.0,0.0,0.0
4069.0,0.0,0.0,0.0,0.0,0.0,0.0
4070.0,0.0,0.0,0.0,0.0,0.0,0.0
4071.0,0.0,0.0,0.0,0.0,0.0,0.0
4072.0,0.0,0.0,0.0,0.0,0.0,0.0
4073.0,0.0,0.0,0.0,0.0,0.0,0.0
4074.0,0.0,0.0,0.0,0.0,0.0,0.0
4075.0,0.0,0.0,0.0,0.0,0.0,0.0
4076.0,0.0,0.0,0.0,0.0,0.0,0.0
4077.0,0.0,0.0,0.0,0.0,0.0,0.0
4078.0,0.0,0.0,0.0,0.0,0.0,0.0
4079.0,0.0,0.0,0.0,0.0,0.0,0.0
4080.0,6.80828179611126e-07,0.0,0.0,0.0,0.0,5.6735681634260494e-05
4081.0,6.80828179611126e-07,0.0,0.0,0.0,0.0,5.6735681634260494e-05
4082.0,0.0,0.0,0.0,0.0,0.0,0.0
4083.0,0.0,0.0,0.0,0.0,0.0,0.0
4084.0,0.0,0.0,0.0,0.0,0.0,0.0
4085.0,0.0012032582890242338,0.0,0.0,0.0,0.019097222222222224,0.12731481481481483
4086.0,0.0,0.0,0.0,0.0,0.0,0.0
4087.0,0.0,0.0,0.0,0.0,0.0,0.0
4088.0,0.0,0.0,0.0,0.0,0.0,0.0
4089.0,1.64065272656444e-06,0.0,0.0,0.0,0.0,0.00013672106054703667
4090.0,0.0,0.0,0.0,0.0,0.0,0.0
4091.0,0.0,0.0,0.0,0.0,0.0,0.0
4092.0,0.04353805631399155,0.0018507788190618157,0.0,0.000984333106316626,0.2604166666666667,3.6281713594992953
4093.0,5.106206231175747e-07,0.0,0.0,0.0,0.0,4.255171859313123e-05
4094.0,0.0,0.0,0.0,0.0,0.0,0.0
4095.0,0.0,0.0,0.0,0.0,0.0,0.0
4096.0,0.0,0.0,0.0,0.0,0.0,0.0
4097.0,0.0,0.0,0.0,0.0,0.0,0.0
4098.0,0.0,0.0,0.0,0.0,0.0,0.0
4099.0,0.0,0.0,0.0,0.0,0.0,0.0
4100.0,0.0,0.0,0.0,0.0,0.0,0.0
4101.0,0.0,0.0,0.0,0.0,0.0,0.0
4102.0,0.0,0.0,0.0,0.0,0.0,0.0
4103.0,0.0,0.0,0.0,0.0,0.0,0.0
4104.0,0.0,0.0,0.0,0.0,0.0,0.0
4105.0,0.0,0.0,0.0,0.0,0.0,0.0
4106.0,0.0,0.0,0.0,0.0,0.0,0.0
4107.0,0.0,0.0,0.0,0.0,0.0,0.0
4108.0,0.0,0.0,0.0,0.0,0.0,0.0
4109.0,0.0,0.0,0.0,0.0,0.0,0.0
4110.0,0.0,0.0,0.0,0.0,0.0,0.0
4111.0,0.0,0.0,0.0,0.0,0.0,0.0
4112.0,0.0,0.0,0.0,0.0,0.0,0.0
4113.0,0.0,0.0,0.0,0.0,0.0,0.0
4114.0,0.0,0.0,0.0,0.0,0.0,0.0
4115.0,0.0,0.0,0.0,0.0,0.0,0.0
4116.0,0.0,0.0,0.0,0.0,0.0,0.0
4117.0,5.106206231175747e-07,0.0,0.0,0.0,0.0,4.255171859313123e-05
4118.0,5.106206231175747e-07,0.0,0.0,0.0,0.0,4.255171859313123e-05
4119.0,0.0,0.0,0.0,0.0,0.0,0.0
4120.0,0.0,0.0,0.0,0.0,0.0,0.0
4121.0,0.0,0.0,0.0,0.0,0.0,0.0
4122.0,0.0,0.0,0.0,0.0,0.0,0.0
4123.0,0.0,0.0,0.0,0.0,0.0,0.0
4124.0,0.0,0.0,0.0,0.0,0.0,0.0
4125.0,0.0,0.0,0.0,0.0,0.0,0.0
4126.0,0.0,0.0,0.0,0.0,0.0,0.0
4127.0,0.0,0.0,0.0,0.0,0.0,0.0
4128.0,0.0,0.0,0.0,0.0,0.0,0.0
4129.0,0.0,0.0,0.0,0.0,0.0,0.0
4130.0,0.0,0.0,0.0,0.0,0.0,0.0
4131.0,0.0,0.0,0.0,0.0,0.0,0.0
4132.0,0.0,0.0,0.0,0.0,0.0,0.0
4133.0,0.0,0.0,0.0,0.0,0.0,0.0
4134.0,0.0,0.0,0.0,0.0,0.0,0.0
4135.0,0.0,0.0,0.0,0.0,0.0,0.0
4136.0,0.0,0.0,0.0,0.0,0.0,0.0
4137.0,0.0,0.0,0.0,0.0,0.0,0.0
4138.0,0.0,0.0,0.0,0.0,0.0,0.0
4139.0,0.0,0.0,0.0,0.0,0.0,0.0
4140.0,0.0,0.0,0.0,0.0,0.0,0.0
4141.0,0.0,0.0,0.0,0.0,0.0,0.0
4142.0,0.00013451454287860543,0.0,0.0,0.0,0.006944444444444444,0.046296296296296294
4143.0,0.000686155166476965,0.0,0.0,0.0,0.017361111111111112,0.11574074074074076
4144.0,0.00035734946141019464,0.0,0.0,0.0,0.003472222222222222,0.029779121784182884
4145.0,0.00034681367105804384,0.0,0.0,0.0,0.001736111111111111,0.028901139254836984
4146.0,0.0005141610745340586,0.0,0.0,0.0,0.013888888888888888,0.09259259259259259
4147.0,0.0006307187722995877,0.0,0.0,0.0,0.012152777777777778,0.08101851851851852
4148.0,0.0003789316688198596,0.0,0.0,0.0,0.003472222222222222,0.03157763906832164
4149.0,2.4731063604122028e-05,0.0,0.0,0.0,0.001736111111111111,0.011574074074074073
4150.0,0.0,0.0,0.0,0.0,0.0,0.0
4151.0,2.357366611249745e-05,0.0,0.0,0.0,0.0,0.001964472176041454
4152.0,0.0,0.0,0.0,0.0,0.0,0.0
4153.0,0.0,0.0,0.0,0.0,0.0,0.0
4154.0,0.0,0.0,0.0,0.0,0.0,0.0
4155.0,0.0,0.0,0.0,0.0,0.0,0.0
4156.0,0.0,0.0,0.0,0.0,0.0,0.0
4157.0,0.0,0.0,0.0,0.0,0.0,0.0
4158.0,0.0001790917303878814,0.0,0.0,0.0,0.005208333333333333,0.034722222222222224
4159.0,0.00015802010602783412,0.0,0.0,0.0,0.0,0.013168342168986177
4160.0,4.4866555981570855e-05,0.0,0.0,0.0,0.0,0.0037388796651309044
4161.0,0.00035804734216071665,0.0,0.0,0.0,0.006944444444444444,0.046296296296296294
4162.0,0.00020094632054679096,0.0,0.0,0.0,0.001736111111111111,0.01674552671223258
4163.0,0.00026666323537938297,0.0,0.0,0.0,0.0,0.022221936281615246
4164.0,4.651755443774164e-05,0.0,0.0,0.0,0.0,0.003876462869811803
4165.0,0.0,0.0,0.0,0.0,0.0,0.0
4166.0,0.0,0.0,0.0,0.0,0.0,0.0
4167.0,1.0144345651497133e-05,0.0,0.0,0.0,0.0,0.0008453621376247611
4168.0,5.106206231175747e-07,0.0,0.0,0.0,0.0,4.255171859313123e-05
4169.0,0.0003948120283894241,0.0,0.0,0.0,0.003472222222222222,0.03290100236578534
4170.0,0.0,0.0,0.0,0.0,0.0,0.0
4171.0,0.0,0.0,0.0,0.0,0.0,0.0
4172.0,0.00011233659461140633,0.0,0.0,0.0,0.0,0.009361382884283861
4173.0,0.0,0.0,0.0,0.0,0.0,0.0
4174.0,0.0,0.0,0.0,0.0,0.0,0.0
4175.0,0.00012877857079729438,0.0,0.0,0.0,0.005208333333333333,0.034722222222222224
4176.0,0.0004371254763100296,0.0,0.0,0.0,0.006944444444444444,0.046296296296296294
4177.0,0.00044184023863635957,0.0,0.0,0.0,0.008680555555555556,0.05787037037037038
4178.0,0.00015570528921671212,0.0,0.0,0.0,0.001736111111111111,0.012975440768059343
4179.0,0.00026278250152245164,0.0,0.0,0.0,0.0,0.021898541793537635
4180.0,6.501904863398522e-05,0.0,0.0,0.0,0.0,0.0054182540528321015
4181.0,7.194648060249165e-05,0.0,0.0,0.0,0.0,0.005995540050207637
4182.0,0.0001800108584575355,0.0,0.0,0.0,0.0,0.015000904871461291
4183.0,7.08231091266498e-05,0.0,0.0,0.0,0.0,0.00590192576055415
4184.0,0.0002320261119166389,0.0,0.0,0.0,0.0,0.019335509326386575
4185.0,0.00011328973778290674,0.0,0.0,0.0,0.0,0.009440811481908895
4186.0,0.0,0.0,0.0,0.0,0.0,0.0
4187.0,0.0,0.0,0.0,0.0,0.0,0.0
4188.0,0.0,0.0,0.0,0.0,0.0,0.0
4189.0,0.0,0.0,0.0,0.0,0.0,0.0
4190.0,3.502859181025997e-05,0.0,0.0,0.0,0.0,0.002919049317521664
4191.0,0.00010922179353656247,0.0,0.0,0.0,0.003472222222222222,0.023148148148148147
4192.0,6.886573100928217e-05,0.0,0.0,0.0,0.001736111111111111,0.011574074074074073
4193.0,0.00013063382357358932,0.0,0.0,0.0,0.003472222222222222,0.023148148148148147
4194.0,0.000462979864096269,0.0,0.0,0.0,0.013888888888888888,0.09259259259259259
4195.0,0.0006588370306417346,0.0,0.0,0.01453319750726223,0.024305555555555556,1.8166496884077787
4196.0,0.00021752447355538607,0.0,0.0,0.0,0.0,0.01812703946294884
4197.0,8.884802809916437e-05,0.0,0.0,0.0,0.0,0.00740400234159703
4198.0,7.83973082434386e-05,0.0,0.0,0.0,0.0,0.00653310902028655
4199.0,6.765725993318483e-05,0.0,0.0,0.0,0.003472222222222222,0.023148148148148147
4200.0,0.0,0.0,0.0,0.0,0.0,0.0
4201.0,1.278253967029741e-05,0.0,0.0,0.00012811952910851687,0.0,0.01601494113856461
4202.0,0.0,0.0,0.0,0.0,0.0,0.0
4203.0,0.0,0.0,0.0,0.0,0.0,0.0
4204.0,4.946213448420167e-05,0.0,0.0,0.0,0.003472222222222222,0.023148148148148147
4205.0,9.587757085682824e-05,0.0,0.0,0.0,0.0,0.007989797571402354
4206.0,6.0270274843787774e-05,0.0,0.0,0.0,0.0,0.005022522903648981
4207.0,0.00015068422362674028,0.0,0.0,0.0,0.0,0.01255701863556169
4208.0,2.7896914616576396e-05,0.0,0.0,0.0,0.0,0.0023247428847147
4209.0,4.8509073167224415e-06,0.0,0.0,0.0,0.0,0.00040424227639353677
4210.0,0.0,0.0,0.0,0.0,0.0,0.0
4211.0,0.0,0.0,0.0,0.0,0.0,0.0
4212.0,0.0,0.0,0.0,0.0,0.0,0.0
4213.0,0.0,0.0,0.0,0.0,0.0,0.0
4214.0,0.0,0.0,0.0,0.0,0.0,0.0
4215.0,0.0,0.0,0.0,0.0,0.0,0.0
4216.0,0.0,0.0,0.0,0.0,0.0,0.0
4217.0,5.106206231175747e-07,0.0,0.0,0.0,0.0,4.255171859313123e-05
4218.0,5.106206231175747e-07,0.0,0.0,0.0,0.0,4.255171859313123e-05
4219.0,0.0,0.0,0.0,0.0,0.0,0.0
4220.0,0.0,0.0,0.0,0.0,0.0,0.0
4221.0,0.0,0.0,0.0,0.0,0.0,0.0
4222.0,0.0,0.0,0.0,0.0,0.0,0.0
4223.0,0.0,0.0,0.0,0.0,0.0,0.0
4224.0,0.0,0.0,0.0,0.0,0.0,0.0
4225.0,0.0,0.0,0.0,0.0,0.0,0.0
4226.0,0.0,0.0,0.0,0.0,0.0,0.0
4227.0,0.00017791731806937605,0.0,0.0,0.0,0.006944444444444444,0.046296296296296294
4228.0,0.00011174086830578744,0.0,0.0,0.0,0.003472222222222222,0.023148148148148147
4229.0,0.0,0.0,0.0,0.0,0.0,0.0
4230.0,0.0,0.0,0.0,0.0,0.0,0.0
4231.0,0.0,0.0,0.0,0.0,0.0,0.0
4232.0,0.0,0.0,0.0,0.0,0.0,0.0
4233.0,0.0,0.0,0.0,0.0,0.0,0.0
4234.0,3.0296851036837325e-06,0.0,0.0,0.0,0.0,0.000252473758640311
4235.0,0.0,0.0,0.0,0.0,0.0,0.0
4236.0,0.0,0.0,0.0,0.0,0.0,0.0
4237.0,0.0,0.0,0.0,0.0,0.0,0.0
4238.0,0.0,0.0,0.0,0.0,0.0,0.0
4239.0,0.0,0.0,0.0,0.0,0.0,0.0
4240.0,0.0,0.0,0.0,0.0,0.0,0.0
4241.0,0.0,0.0,0.0,0.0,0.0,0.0
4242.0,5.106206231175747e-07,0.0,0.0,0.0,0.0,4.255171859313123e-05
4243.0,5.106206231175747e-07,0.0,0.0,0.0,0.0,4.255171859313123e-05
4244.0,0.0,0.0,0.0,0.0,0.0,0.0
4245.0,0.0,0.0,0.0,0.0,0.0,0.0
4246.0,0.00018409582844469696,0.0,0.0,0.0,0.003472222222222222,0.023148148148148147
4247.0,0.0001247106265509501,0.0,0.0,0.0,0.003472222222222222,0.023148148148148147
4248.0,8.850761901157966e-07,0.0,0.0,0.0,0.0,7.375634917631639e-05
4249.0,0.0,0.0,0.0,0.0,0.0,0.0
4250.0,0.0,0.0,0.0,0.0,0.0,0.0
4251.0,3.9317787923209835e-06,0.0,0.0,0.0,0.0,0.0003276482326934153
4252.0,0.0,0.0,0.0,0.0,0.0,0.0
4253.0,0.0,0.0,0.0,0.0,0.0,0.0
4254.0,0.0,0.0,0.0,0.0,0.0,0.0
4255.0,0.0,0.0,0.0,0.0,0.0,0.0
4256.0,0.0,0.0,0.0,0.0,0.0,0.0
4257.0,0.0,0.0,0.0,0.0,0.0,0.0
4258.0,0.0,0.0,0.0,0.0,0.0,0.0
4259.0,0.0,0.0,0.0,0.0,0.0,0.0
4260.0,3.0909577617421746e-05,0.0,0.0,0.0,0.0,0.0025757981347851455
4261.0,0.00010089866555063054,0.0,0.0,0.0,0.0,0.008408222129219212
4262.0,6.467863568104804e-05,0.0,0.0,0.0,0.003472222222222222,0.023148148148148147
4263.0,7.9741956142243e-05,0.0,0.0,0.0,0.0,0.006645163011853583
4264.0,1.5114375855773687e-05,0.0,0.0,0.0,0.0,0.0012595313213144739
4265.0,7.630377513123676e-05,0.0,0.0,0.0,0.0,0.006358647927603063
4266.0,0.0,0.0,0.0,0.0,0.0,0.0
4267.0,5.3274798119673505e-06,0.0,0.0,0.0,0.0,0.0004439566509972792
4268.0,0.000229609155212529,0.0,0.0,0.003108288161456585,0.003472222222222222,0.3885360201820731
4269.0,0.0002052429917966947,0.0,0.0,0.028931142762303352,0.006944444444444444,3.616392845287919
4270.0,0.0,0.0,0.0,0.0,0.0,0.0
4271.0,0.0,0.0,0.0,0.0,0.0,0.0
4272.0,0.0,0.0,0.0,0.0,0.0,0.0
4273.0,0.0,0.0,0.0,0.0,0.0,0.0
4274.0,0.0,0.0,0.0,0.0,0.0,0.0
4275.0,0.0,0.0,0.0,0.0,0.0,0.0
4276.0,3.816506250586826e-06,0.0,0.0,0.00027636761660687625,0.0,0.03454595207585953
4277.0,0.0,0.0,0.0,0.0,0.0,0.0
4278.0,0.0,0.0,0.0,0.0,0.0,0.0
4279.0,0.0,0.0,0.0,0.0,0.0,0.0
4280.0,0.0,0.0,0.0,0.0,0.0,0.0
4281.0,0.0,0.0,0.0,0.0,0.0,0.0
4282.0,0.0,0.0,0.0,0.0,0.0,0.0
4283.0,0.0,0.0,0.0,0.0,0.0,0.0
4284.0,0.0,0.0,0.0,0.0,0.0,0.0
4285.0,0.0,0.0,0.0,0.0,0.0,0.0
4286.0,0.0,0.0,0.0,0.0,0.0,0.0
4287.0,0.0,0.0,0.0,0.0,0.0,0.0
4288.0,0.0,0.0,0.0,0.0,0.0,0.0
4289.0,0.0,0.0,0.0,0.0,0.0,0.0
4290.0,0.0,0.0,0.0,0.0,0.0,0.0
4291.0,0.0,0.0,0.0,0.0,0.0,0.0
4292.0,5.106206231175747e-07,0.0,0.0,0.0,0.0,4.255171859313123e-05
4293.0,5.106206231175747e-07,0.0,0.0,0.0,0.0,4.255171859313123e-05
4294.0,0.0,0.0,0.0,0.0,0.0,0.0
4295.0,0.0,0.0,0.0,0.0,0.0,0.0
4296.0,0.0,0.0,0.0,0.0,0.0,0.0
4297.0,0.0,0.0,0.0,0.0,0.0,0.0
4298.0,0.0,0.0,0.0,0.0,0.0,0.0
4299.0,0.0,0.0,0.0,0.0,0.0,0.0
4300.0,0.0,0.0,0.0,0.0,0.0,0.0
4301.0,0.0,0.0,0.0,0.0,0.0,0.0
4302.0,0.009869999252259731,0.0,0.0,0.046544432640075684,0.13020833333333334,5.8180540800094604
4303.0,0.0,0.0,0.0,0.0,0.0,0.0
4304.0,0.0,0.0,0.0,0.0,0.0,0.0
4305.0,0.0,0.0,0.0,0.0,0.0,0.0
4306.0,0.0,0.0,0.0,0.0,0.0,0.0
4307.0,0.0,0.0,0.0,0.0,0.0,0.0
4308.0,0.00018811391782946885,0.0,0.0,0.0,0.0,0.015676159819122404
4309.0,3.818591267190641e-06,0.0,0.0,4.812554470845498e-05,0.0,0.006015693088556873
4310.0,0.0,0.0,0.0,0.0,0.0,0.0
4311.0,0.0,0.0,0.0,0.0,0.0,0.0
4312.0,0.0,0.0,0.0,0.0,0.0,0.0
4313.0,0.0,0.0,0.0,0.0,0.0,0.0
4314.0,0.0,0.0,0.0,0.0,0.0,0.0
4315.0,0.0,0.0,0.0,0.0,0.0,0.0
4316.0,0.0,0.0,0.0,0.0,0.0,0.0
4317.0,5.446620434668148e-07,0.0,0.0,0.0,0.0,4.5388503622234566e-05
4318.0,5.446620434668148e-07,0.0,0.0,0.0,0.0,4.5388503622234566e-05
4319.0,0.0,0.0,0.0,0.0,0.0,0.0
4320.0,0.0,0.0,0.0,0.0,0.0,0.0
4321.0,0.0,0.0,0.0,0.0,0.0,0.0
4322.0,0.0,0.0,0.0,0.0,0.0,0.0
4323.0,0.0,0.0,0.0,0.0,0.0,0.0
4324.0,0.0,0.0,0.0,0.0,0.0,0.0
4325.0,0.0,0.0,0.0,0.0,0.0,0.0
4326.0,0.0,0.0,0.0,0.0,0.0,0.0
4327.0,0.0,0.0,0.0,0.0,0.0,0.0
4328.0,0.0,0.0,0.0,0.0,0.0,0.0
4329.0,0.0,0.0,0.0,0.0,0.0,0.0
4330.0,0.0,0.0,0.0,0.0,0.0,0.0
4331.0,0.0,0.0,0.0,0.0,0.0,0.0
4332.0,0.0,0.0,0.0,0.0,0.0,0.0
4333.0,0.0,0.0,0.0,0.0,0.0,0.0
4334.0,0.0,0.0,0.0,0.0,0.0,0.0
4335.0,0.0,0.0,0.0,0.0,0.0,0.0
4336.0,0.0,0.0,0.0,0.0,0.0,0.0
4337.0,0.0,0.0,0.0,0.0,0.0,0.0
4338.0,0.0,0.0,0.0,0.0,0.0,0.0
4339.0,0.0,0.0,0.0,0.0,0.0,0.0
4340.0,0.0,0.0,0.0,0.0,0.0,0.0
4341.0,0.0,0.0,0.0,0.0,0.0,0.0
4342.0,5.446620434668148e-07,0.0,0.0,0.0,0.0,4.5388503622234566e-05
4343.0,5.446620434668148e-07,0.0,0.0,0.0,0.0,4.5388503622234566e-05
4344.0,0.0,0.0,0.0,0.0,0.0,0.0
4345.0,0.0,0.0,0.0,0.0,0.0,0.0
4346.0,0.0,0.0,0.0,0.0,0.0,0.0
4347.0,0.0,0.0,0.0,0.0,0.0,0.0
4348.0,0.0,0.0,0.0,0.0,0.0,0.0
4349.0,0.0,0.0,0.0,0.0,0.0,0.0
4350.0,0.0,0.0,0.0,0.0,0.0,0.0
4351.0,0.0,0.0,0.0,0.0,0.0,0.0
4352.0,0.0,0.0,0.0,0.0,0.0,0.0
4353.0,0.0,0.0,0.0,0.0,0.0,0.0
4354.0,0.0,0.0,0.0,0.0,0.0,0.0
4355.0,0.0,0.0,0.0,0.0,0.0,0.0
4356.0,0.0,0.0,0.0,0.0,0.0,0.0
4357.0,0.0,0.0,0.0,0.0,0.0,0.0
4358.0,0.0,0.0,0.0,0.0,0.0,0.0
4359.0,0.0,0.0,0.0,0.0,0.0,0.0
4360.0,0.0,0.0,0.0,0.0,0.0,0.0
4361.0,0.0,0.0,0.0,0.0,0.0,0.0
4362.0,0.0,0.0,0.0,0.0,0.0,0.0
4363.0,0.0001888445985969156,0.0,0.0,0.0,0.0,0.0157370498830763
4364.0,0.0,0.0,0.0,0.0,0.0,0.0
4365.0,0.0,0.0,0.0,0.0,0.0,0.0
4366.0,0.0,0.0,0.0,0.0,0.0,0.0
4367.0,1.2595314728969242e-06,0.0,0.0,0.0,0.0,0.00010496095607474369
4368.0,5.106206231175747e-07,0.0,0.0,0.0,0.0,4.255171859313123e-05
4369.0,0.0,0.0,0.0,0.0,0.0,0.0
4370.0,0.0,0.0,0.0,0.0,0.0,0.0
4371.0,0.0,0.0,0.0,0.0,0.0,0.0
4372.0,0.0,0.0,0.0,0.0,0.0,0.0
4373.0,0.0,0.0,0.0,0.0,0.0,0.0
4374.0,0.0,0.0,0.0,0.0,0.0,0.0
4375.0,0.0,0.0,0.0,0.0,0.0,0.0
4376.0,0.0,0.0,0.0,0.0,0.0,0.0
4377.0,0.0,0.0,0.0,0.0,0.0,0.0
4378.0,0.0,0.0,0.0,0.0,0.0,0.0
4379.0,0.0,0.0,0.0,0.0,0.0,0.0
4380.0,0.0,0.0,0.0,0.0,0.0,0.0
4381.0,0.00015800310939084738,0.0,0.0,0.0,0.003472222222222222,0.023148148148148147
4382.0,0.0003071724495384842,0.0,0.0,0.0,0.006944444444444444,0.046296296296296294
4383.0,0.00017985768499784172,0.0,0.0,0.0,0.006944444444444444,0.046296296296296294
4384.0,0.0002977600088343024,0.0,0.0,0.0,0.003472222222222222,0.0248133340695252
4385.0,0.00016964525275398046,0.0,0.0,0.0,0.001736111111111111,0.014137104396165038
4386.0,0.00021143106278032064,0.0,0.0,0.0,0.005208333333333333,0.034722222222222224
4387.0,0.00020052079344168305,0.0,0.0,0.0,0.001736111111111111,0.016710066120140254
4388.0,0.0,0.0,0.0,0.0,0.0,0.0
4389.0,0.0,0.0,0.0,0.0,0.0,0.0
4390.0,5.230459646554664e-05,0.0,0.0,0.0,0.0,0.004358716372128886
4391.0,0.00022046903904993087,0.0,0.0,0.0,0.0,0.01837241992082757
4392.0,0.00017236855637747794,0.0,0.0,0.0,0.001736111111111111,0.014364046364789829
4393.0,0.00022407743381336331,0.0,0.0,0.0,0.001736111111111111,0.018673119484446943
4394.0,0.00011817467748187482,0.0,0.0,0.0,0.001736111111111111,0.011574074074074073
4395.0,9.487334318691865e-05,0.0,0.0,0.0,0.001736111111111111,0.011574074074074073
4396.0,0.0002175414701923728,0.0,0.0,0.0,0.0,0.0181284558493644
4397.0,9.626903192838654e-05,0.0,0.0,0.0,0.001736111111111111,0.011574074074074073
4398.0,0.001194257172755897,0.0,0.0,0.0,0.013888888888888888,0.09952143106299143
4399.0,0.0,0.0,0.0,0.0,0.0,0.0
4400.0,0.0,0.0,0.0,0.0,0.0,0.0
4401.0,1.251021330972435e-05,0.0,0.0,0.0,0.0,0.0010425177758103625
4402.0,0.0,0.0,0.0,0.0,0.0,0.0
4403.0,0.0,0.0,0.0,0.0,0.0,0.0
4404.0,0.0,0.0,0.0,0.0,0.0,0.0
4405.0,0.0,0.0,0.0,0.0,0.0,0.0
4406.0,0.0,0.0,0.0,0.0,0.0,0.0
4407.0,0.0,0.0,0.0,0.0,0.0,0.0
4408.0,0.0,0.0,0.0,0.0,0.0,0.0
4409.0,0.0003104063798673451,0.0,0.0,0.0,0.003472222222222222,0.025867198322278757
4410.0,0.0,0.0,0.0,0.0,0.0,0.0
4411.0,0.0001310082880081609,0.0,0.0,0.0,0.006944444444444444,0.046296296296296294
4412.0,0.00020099735411349684,0.0,0.0,0.0,0.003472222222222222,0.023148148148148147
4413.0,0.00016030088590923697,0.0,0.0,0.0,0.005208333333333333,0.034722222222222224
4414.0,0.0002361110527999699,0.0,0.0,0.0,0.003472222222222222,0.023148148148148147
4415.0,0.00021582240879070014,0.0,0.0,0.0,0.006944444444444444,0.046296296296296294
4416.0,0.0002695567673072219,0.0,0.0,0.0,0.003472222222222222,0.023148148148148147
4417.0,0.0002443150442559272,0.0,0.0,0.0,0.006944444444444444,0.046296296296296294
4418.0,0.0002599059953354299,0.0,0.0,0.0,0.003472222222222222,0.023148148148148147
4419.0,0.0002387662825640291,0.0,0.0,0.0,0.003472222222222222,0.023148148148148147
4420.0,1.361650561193528e-07,0.0,0.0,0.0,0.0,1.1347088009946068e-05
4421.0,0.0,0.0,0.0,0.0,0.0,0.0
4422.0,0.0,0.0,0.0,0.0,0.0,0.0
4423.0,0.0,0.0,0.0,0.0,0.0,0.0
4424.0,0.0,0.0,0.0,0.0,0.0,0.0
4425.0,0.0,0.0,0.0,0.0,0.0,0.0
4426.0,5.77001037527225e-06,0.0,0.0,0.0,0.0,0.0004808341979393541
4427.0,0.0,0.0,0.0,0.0,0.0,0.0
4428.0,0.0,0.0,0.0,0.0,0.0,0.0
4429.0,0.0,0.0,0.0,0.0,0.0,0.0
4430.0,0.0,0.0,0.0,0.0,0.0,0.0
4431.0,0.006150425877422094,2.1857374576939037e-06,0.0,0.0,0.09895833333333333,0.6597222222222222
4432.0,0.04369698092341423,0.04741491749882698,0.0,0.0006685690605081618,0.3090277777777778,3.6414150769511857
4433.0,0.0,0.0,0.0,0.0,0.0,0.0
4434.0,0.0,0.0,0.0,0.0,0.0,0.0
4435.0,0.0,0.0,0.0,0.0,0.0,0.0
4436.0,0.0,0.0,0.0,0.0,0.0,0.0
4437.0,0.0,0.0,0.0,0.0,0.0,0.0
4438.0,0.0,0.0,0.0,0.0,0.0,0.0
4439.0,0.0,0.0,0.0,0.0,0.0,0.0
4440.0,0.0,0.0,0.0,0.0,0.0,0.0
4441.0,0.0,0.0,0.0,0.0,0.0,0.0
4442.0,0.0,0.0,0.0,0.0,0.0,0.0
4443.0,0.0,0.0,0.0,0.0,0.0,0.0
4444.0,0.0,0.0,0.0,0.0,0.0,0.0
4445.0,0.0,0.0,0.0,0.0,0.0,0.0
4446.0,0.0,0.0,0.0,0.0,0.0,0.0
4447.0,0.0,0.0,0.0,0.0,0.0,0.0
4448.0,1.88929652722436e-06,5.5028579026839e-07,0.0,0.0,0.0,0.00015744137726869667
4449.0,1.88929652722436e-06,5.5028579026839e-07,0.0,0.0,0.0,0.00015744137726869667
4450.0,0.0,0.0,0.0,0.0,0.0,0.0
4451.0,0.0,0.0,0.0,0.0,0.0,0.0
4452.0,0.0,0.0,0.0,0.0,0.0,0.0
4453.0,0.0,0.0,0.0,0.0,0.0,0.0
4454.0,0.0,0.0,0.0,0.0,0.0,0.0
4455.0,0.0,0.0,0.0,0.0,0.0,0.0
4456.0,0.04705622419714928,0.047670286148786545,0.0,0.0013329461216926575,0.2534722222222222,3.9213520164291062
4457.0,0.00021202581410761923,2.1064410248072818e-05,0.0,5.7345256209373474e-05,0.0,0.017668817842301603
4458.0,0.0,0.0,0.0,0.0,0.0,0.0
4459.0,0.0,0.0,0.0,0.0,0.0,0.0
4460.0,0.0,0.0,0.0,0.0,0.0,0.0
4461.0,0.0,0.0,0.0,0.0,0.0,0.0
4462.0,0.0,0.0,0.0,0.0,0.0,0.0
4463.0,0.04353868216276169,0.0018529539229348302,0.0,0.000984333106316626,0.2604166666666667,3.6282235135634737
4464.0,0.04372022673487663,0.04747428372502327,0.0,0.0006653462769463658,0.3090277777777778,3.643352227906386
4465.0,0.0,0.0,0.0,0.0,0.0,0.0
4466.0,0.0,0.0,0.0,0.0,0.0,0.0
4467.0,0.0,0.0,0.0,0.0,0.0,0.0
4468.0,0.0,0.0,0.0,0.0,0.0,0.0
4469.0,0.0,0.0,0.0,0.0,0.0,0.0
4470.0,0.0,0.0,0.0,0.0,0.0,0.0
4471.0,0.0002270585100632161,0.00045943408622406423,3.405734241823666e-05,3.609933264669962e-05,0.0,0.018921542505268008
4472.0,1.4292799278337043e-05,2.2905811420059763e-05,3.405734241823666e-05,0.0,0.0,0.0011910666065280868
4473.0,0.0,0.0,0.0,0.0,0.0,0.0
4474.0,0.0,0.0,0.0,0.0,0.0,0.0
4475.0,0.0,0.0,0.0,0.0,0.0,0.0
4476.0,0.0,0.0,0.0,0.0,0.0,0.0
4477.0,0.0,0.0,0.0,0.0,0.0,0.0
4478.0,0.0,0.0,0.0,0.0,0.0,0.0
4479.0,0.0,0.0,0.0,0.0,0.0,0.0
4480.0,0.0,0.0,0.0,0.0,0.0,0.0
4481.0,0.0,0.0,0.0,0.0,0.0,0.0
4482.0,0.0,0.0,0.0,0.0,0.0,0.0
4483.0,0.0,0.0,0.0,0.0,0.0,0.0
4484.0,0.0,0.0,0.0,0.0,0.0,0.0
4485.0,0.0,0.0,0.0,0.0,0.0,0.0
4486.0,0.0,0.0,0.0,0.0,0.0,0.0
4487.0,0.0,0.0,0.0,0.0,0.0,0.0
4488.0,3.9147440134001954e-07,2.2011163025581482e-07,0.0,0.0,0.0,3.262286677833496e-05
4489.0,3.9147440134001954e-07,2.2011163025581482e-07,0.0,0.0,0.0,3.262286677833496e-05
4490.0,0.0,0.0,0.0,0.0,0.0,0.0
4491.0,0.0,0.0,0.0,0.0,0.0,0.0
4492.0,0.0,0.0,0.0,0.0,0.0,0.0
4493.0,0.0,0.0,0.0,0.0,0.0,0.0
4494.0,0.0,0.0,0.0,0.0,0.0,0.0
4495.0,0.0,0.0,0.0,0.0,0.0,0.0
4496.0,1.4292799278337043e-05,2.2905811420059763e-05,3.405734241823666e-05,0.0,0.0,0.0011910666065280868
4497.0,1.4292799278337043e-05,2.2905811420059763e-05,3.405734241823666e-05,0.0,0.0,0.0011910666065280868
4498.0,0.0,0.0,0.0,0.0,0.0,0.0
4499.0,0.0,0.0,0.0,0.0,0.0,0.0
4500.0,0.0,0.0,0.0,0.0,0.0,0.0
4501.0,0.0,0.0,0.0,0.0,0.0,0.0
4502.0,0.0,0.0,0.0,0.0,0.0,0.0
4503.0,0.0,0.0,0.0,0.0,0.0,0.0
4504.0,0.0,0.0,0.0,0.0,0.0,0.0
4505.0,0.0,0.0,0.0,0.0,0.0,0.0
4506.0,0.0,0.0,0.0,0.0,0.0,0.0
4507.0,0.0,0.0,0.0,0.0,0.0,0.0
4508.0,0.0,0.0,0.0,0.0,0.0,0.0
4509.0,0.0,0.0,0.0,0.0,0.0,0.0
4510.0,0.0,0.0,0.0,0.0,0.0,0.0
4511.0,0.0,0.0,0.0,0.0,0.0,0.0
4512.0,0.0,0.0,0.0,0.0,0.0,0.0
4513.0,3.9147440134001954e-07,2.2011163025581482e-07,0.0,0.0,0.0,3.262286677833496e-05
4514.0,0.00021657129400409758,2.2011163025581482e-07,0.0,0.0,0.006944444444444444,0.046296296296296294
4515.0,0.0003029343206435442,0.0,0.0,0.0,0.005208333333333333,0.034722222222222224
4516.0,8.355457975994796e-05,0.0,0.0,0.0,0.005208333333333333,0.034722222222222224
4517.0,0.00022829855151940137,0.0,0.0,0.0,0.003472222222222222,0.023148148148148147
4518.0,0.0002509531332179904,0.0,0.0,0.0,0.001736111111111111,0.0209127611014992
4519.0,0.00018566171638667583,0.0,0.0,0.0,0.001736111111111111,0.015471809698889652
4520.0,0.0001437227474525571,0.0,0.0,0.0,0.003472222222222222,0.023148148148148147
4521.0,2.682003287191037e-05,2.2905811420059763e-05,3.405734241823666e-05,0.0,0.0,0.0022350027393258642
4522.0,1.4786400242883246e-05,2.2905811420059763e-05,3.405734241823666e-05,0.0,0.0,0.0012322000202402705
4523.0,0.0,0.0,0.0,0.0,0.0,0.0
4524.0,0.0,0.0,0.0,0.0,0.0,0.0
4525.0,0.0,0.0,0.0,0.0,0.0,0.0
4526.0,0.00021706492407247424,0.0,0.0,0.0,0.003472222222222222,0.023148148148148147
4527.0,0.00016838574083521962,0.0,0.0,0.0,0.001736111111111111,0.014032145069601635
4528.0,0.00010248159378534183,0.0,0.0,0.0,0.005208333333333333,0.034722222222222224
4529.0,0.0,0.0,0.0,0.0,0.0,0.0
4530.0,4.782828455063282e-06,0.0,0.0,0.0,0.0,0.00039856903792194015
4531.0,0.0,0.0,0.0,0.0,0.0,0.0
4532.0,0.0,0.0,0.0,0.0,0.0,0.0
4533.0,0.0,0.0,0.0,0.0,0.0,0.0
4534.0,0.0,0.0,0.0,0.0,0.0,0.0
4535.0,0.0,0.0,0.0,0.0,0.0,0.0
4536.0,0.0,0.0,0.0,0.0,0.0,0.0
4537.0,0.0,0.0,0.0,0.0,0.0,0.0
4538.0,3.9147440134001954e-07,2.2011163025581482e-07,0.0,0.0,0.0,3.262286677833496e-05
4539.0,3.9147440134001954e-07,2.2011163025581482e-07,0.0,0.0,0.0,3.262286677833496e-05
4540.0,0.0,0.0,0.0,0.0,0.0,0.0
4541.0,0.0,0.0,0.0,0.0,0.0,0.0
4542.0,0.0,0.0,0.0,0.0,0.0,0.0
4543.0,0.0,0.0,0.0,0.0,0.0,0.0
4544.0,0.0,0.0,0.0,0.0,0.0,0.0
4545.0,0.0,0.0,0.0,0.0,0.0,0.0
4546.0,1.4854483197268564e-05,2.2905811420059763e-05,3.405734241823666e-05,0.0,0.0,0.0012378735997723804
4547.0,1.4854483197268564e-05,2.2905811420059763e-05,3.405734241823666e-05,0.0,0.0,0.0012378735997723804
4548.0,0.0,0.0,0.0,0.0,0.0,0.0
4549.0,0.0,0.0,0.0,0.0,0.0,0.0
4550.0,0.0,0.0,0.0,0.0,0.0,0.0
4551.0,0.0,0.0,0.0,0.0,0.0,0.0
4552.0,0.0,0.0,0.0,0.0,0.0,0.0
4553.0,0.0,0.0,0.0,0.0,0.0,0.0
4554.0,0.0,0.0,0.0,0.0,0.0,0.0
4555.0,0.0,0.0,0.0,0.0,0.0,0.0
4556.0,0.0,0.0,0.0,0.0,0.0,0.0
4557.0,0.0,0.0,0.0,0.0,0.0,0.0
4558.0,0.0,0.0,0.0,0.0,0.0,0.0
4559.0,0.0,0.0,0.0,0.0,0.0,0.0
4560.0,0.0,0.0,0.0,0.0,0.0,0.0
4561.0,0.0,0.0,0.0,0.0,0.0,0.0
4562.0,0.0,0.0,0.0,0.0,0.0,0.0
4563.0,3.9147440134001954e-07,2.2011163025581482e-07,0.0,0.0,0.0,3.262286677833496e-05
4564.0,3.9147440134001954e-07,2.2011163025581482e-07,0.0,0.0,0.0,3.262286677833496e-05
4565.0,1.021241769194603e-05,0.0,0.0,0.0,0.001736111111111111,0.011574074074074073
4566.0,0.00018418091349303722,0.0,0.0,0.0,0.006944444444444444,0.046296296296296294
4567.0,0.0002693184360396117,0.0,0.0,0.0,0.005208333333333333,0.034722222222222224
4568.0,0.00010074548481497914,0.0,0.0,0.0,0.003472222222222222,0.023148148148148147
4569.0,0.00026262932806275785,0.0,0.0,0.0,0.003472222222222222,0.023148148148148147
4570.0,0.0001450333365937695,0.0,0.0,0.0,0.003472222222222222,0.023148148148148147
4571.0,0.00027615620638243854,2.2905811420059763e-05,3.405734241823666e-05,0.0,0.003472222222222222,0.023148148148148147
4572.0,0.00015588794485665858,2.2905811420059763e-05,3.405734241823666e-05,0.0,0.0,0.012990662071388215
4573.0,0.00018715954502113163,0.0,0.0,0.0,0.001736111111111111,0.015596628751760969
4574.0,1.9982293451903388e-05,0.0,0.0,0.0,0.0,0.001665191120991949
4575.0,0.0,0.0,0.0,0.0,0.0,0.0
4576.0,0.0,0.0,0.0,0.0,0.0,0.0
4577.0,0.0,0.0,0.0,0.0,0.0,0.0
4578.0,0.0,0.0,0.0,0.0,0.0,0.0
4579.0,0.0,0.0,0.0,0.0,0.0,0.0
4580.0,4.323253506299807e-06,0.0,0.0,0.0,0.0,0.0003602711255249839
4581.0,0.0,0.0,0.0,0.0,0.0,0.0
4582.0,0.0,0.0,0.0,0.0,0.0,0.0
4583.0,0.00022952407016418874,0.0,0.0,0.0,0.003472222222222222,0.023148148148148147
4584.0,0.00023891948512755334,0.0,0.0,0.0,0.003472222222222222,0.023148148148148147
4585.0,0.0,0.0,0.0,0.0,0.0,0.0
4586.0,0.0,0.0,0.0,0.0,0.0,0.0
4587.0,6.438928539864719e-05,0.0,0.0,0.0,0.0,0.005365773783220599
4588.0,0.00047761769383214414,2.2011163025581482e-07,0.0,0.0,0.008680555555555556,0.05787037037037038
4589.0,1.9352528397575952e-05,2.2011163025581482e-07,0.0,0.0,0.0,0.001612710699797996
4590.0,0.0,0.0,0.0,0.0,0.0,0.0
4591.0,0.0,0.0,0.0,0.0,0.0,0.0
4592.0,0.0,0.0,0.0,0.0,0.0,0.0
4593.0,0.0,0.0,0.0,0.0,0.0,0.0
4594.0,0.0,0.0,0.0,0.0,0.0,0.0
4595.0,0.0,0.0,0.0,0.0,0.0,0.0
4596.0,1.9245811927248724e-05,2.2905811420059763e-05,3.405734241823666e-05,0.0,0.0,0.0016038176606040604
4597.0,1.5756580978631973e-05,2.2905811420059763e-05,3.405734241823666e-05,0.0,0.0,0.0013130484148859978
4598.0,0.0,0.0,0.0,0.0,0.0,0.0
4599.0,0.0,0.0,0.0,0.0,0.0,0.0
4600.0,0.0,0.0,0.0,0.0,0.0,0.0
4601.0,0.0,0.0,0.0,0.0,0.0,0.0
4602.0,0.0,0.0,0.0,0.0,0.0,0.0
4603.0,0.0,0.0,0.0,0.0,0.0,0.0
4604.0,0.0,0.0,0.0,0.0,0.0,0.0
4605.0,0.0,0.0,0.0,0.0,0.0,0.0
4606.0,0.0,0.0,0.0,0.0,0.0,0.0
4607.0,0.0,0.0,0.0,0.0,0.0,0.0
4608.0,0.0,0.0,0.0,0.0,0.0,0.0
4609.0,0.0,0.0,0.0,0.0,0.0,0.0
4610.0,0.0,0.0,0.0,0.0,0.0,0.0
4611.0,0.0,0.0,0.0,0.0,0.0,0.0
4612.0,0.0,0.0,0.0,0.0,0.0,0.0
4613.0,4.595571851950808e-07,2.2011163025581482e-07,0.0,0.0,0.0,3.829643209959007e-05
4614.0,4.595571851950808e-07,2.2011163025581482e-07,0.0,0.0,0.0,3.829643209959007e-05
4615.0,0.0,0.0,0.0,0.0,0.0,0.0
4616.0,0.04699331894516945,0.03748220577836037,0.0,0.00041687392513267696,0.3402777777777778,3.916109912097454
4617.0,0.0,0.0,0.0,0.0,0.0,0.0
4618.0,0.0,0.0,0.0,0.0,0.0,0.0
4619.0,0.0,0.0,0.0,0.0,0.0,0.0
4620.0,0.0,0.0,0.0,0.0,0.0,0.0
4621.0,0.0,0.0,0.0,0.0,0.0,0.0
4622.0,0.0,0.0,0.0,0.0,0.0,0.0
4623.0,0.0,0.0,0.0,0.0,0.0,0.0
4624.0,0.0,0.0,0.0,0.0,0.0,0.0
4625.0,0.0,0.0,0.0,0.0,0.0,0.0
4626.0,0.0,0.0,0.0,0.0,0.0,0.0
4627.0,0.0,0.0,0.0,0.0,0.0,0.0
4628.0,0.0,0.0,0.0,0.0,0.0,0.0
4629.0,0.0,0.0,0.0,0.0,0.0,0.0
4630.0,0.0,0.0,0.0,0.0,0.0,0.0
4631.0,0.0,0.0,0.0,0.0,0.0,0.0
4632.0,1.1972453648922965e-05,8.199496733141132e-06,3.405734241823666e-05,0.0,0.0,0.0009977044707435805
4633.0,1.1972453648922965e-05,8.199496733141132e-06,3.405734241823666e-05,0.0,0.0,0.0009977044707435805
4634.0,0.0,0.0,0.0,0.0,0.0,0.0
4635.0,0.0,0.0,0.0,0.0,0.0,0.0
4636.0,0.0,0.0,0.0,0.0,0.0,0.0
4637.0,0.0,0.0,0.0,0.0,0.0,0.0
4638.0,0.0,0.0,0.0,0.0,0.0,0.0
4639.0,0.0,0.0,0.0,0.0,0.0,0.0
4640.0,0.0,0.0,0.0,0.0,0.0,0.0
4641.0,0.0,0.0,0.0,0.0,0.0,0.0
4642.0,0.0,0.0,0.0,0.0,0.0,0.0
4643.0,0.0,0.0,0.0,0.0,0.0,0.0
4644.0,0.0,0.0,0.0,0.0,0.0,0.0
4645.0,0.0,0.0,0.0,0.0,0.0,0.0
4646.0,0.0,0.0,0.0,0.0,0.0,0.0
4647.0,0.0,0.0,0.0,0.0,0.0,0.0
4648.0,0.0,0.0,0.0,0.0,0.0,0.0
4649.0,0.0,0.0,0.0,0.0,0.0,0.0
4650.0,0.0,0.0,0.0,0.0,0.0,0.0
4651.0,0.0,0.0,0.0,0.0,0.0,0.0
4652.0,0.0,0.0,0.0,0.0,0.0,0.0
4653.0,0.0,0.0,0.0,0.0,0.0,0.0
4654.0,0.0,0.0,0.0,0.0,0.0,0.0
4655.0,0.0,0.0,0.0,0.0,0.0,0.0
4656.0,0.0,0.0,0.0,0.0,0.0,0.0
4657.0,1.1972453648922965e-05,8.199496733141132e-06,3.405734241823666e-05,0.0,0.0,0.0009977044707435805
4658.0,1.1972453648922965e-05,8.199496733141132e-06,3.405734241823666e-05,0.0,0.0,0.0009977044707435805
4659.0,0.0,0.0,0.0,0.0,0.0,0.0
4660.0,0.0,0.0,0.0,0.0,0.0,0.0
4661.0,0.0,0.0,0.0,0.0,0.0,0.0
4662.0,0.0,0.0,0.0,0.0,0.0,0.0
4663.0,0.0,0.0,0.0,0.0,0.0,0.0
4664.0,0.0,0.0,0.0,0.0,0.0,0.0
4665.0,0.0,0.0,0.0,0.0,0.0,0.0
4666.0,1.0212417578259192e-07,0.0,0.0,0.0,0.0,8.51034798188266e-06
4667.0,0.04699321836233139,0.03748220577836037,0.0,0.00041687392513267696,0.3402777777777778,3.9161015301942825
4668.0,0.0,0.0,0.0,0.0,0.0,0.0
4669.0,0.0,0.0,0.0,0.0,0.0,0.0
4670.0,0.0,0.0,0.0,0.0,0.0,0.0
4671.0,0.0,0.0,0.0,0.0,0.0,0.0
4672.0,5.412579866970191e-06,0.0,0.0,0.0,0.001736111111111111,0.011574074074074073
4673.0,0.00018001087300945073,0.0,0.0,0.0,0.0,0.015000906084120894
4674.0,0.0005011913599446416,0.0,0.0,0.0,0.001736111111111111,0.041765946662053466
4675.0,0.0001117408464779146,0.0,0.0,0.0,0.0,0.009311737206492884
4676.0,0.0,0.0,0.0,0.0,0.0,0.0
4677.0,0.0,0.0,0.0,0.0,0.0,0.0
4678.0,5.346200123312883e-05,0.0,0.0,0.0,0.0,0.004455166769427403
4679.0,0.00042660668259486556,0.0,0.0,0.0,0.003472222222222222,0.03555055688290546
4680.0,0.0004477804177440703,0.0,0.0,0.0,0.0,0.037315034812005855
4681.0,0.0003858931886497885,0.0,0.0,0.0,0.0,0.03215776572081571
4682.0,0.0006328974850475788,0.0,0.0,0.0,0.0,0.05274145708729824
4683.0,0.00034155428875237703,5.502874387275369e-07,0.0,0.0,0.0,0.028462857396031417
4684.0,0.0003793061769101769,5.502874387275369e-07,0.0,0.0,0.001736111111111111,0.03160884807584807
4685.0,0.0005094293737784028,0.0,0.0,0.0,0.0,0.0424524478148669
4686.0,0.0,0.0,0.0,0.0,0.0,0.0
4687.0,0.0006122004124335945,0.0,0.0,0.0,0.001736111111111111,0.05101670103613287
4688.0,0.0,0.0,0.0,0.0,0.0,0.0
4689.0,0.0,0.0,0.0,0.0,0.0,0.0
4690.0,0.0,0.0,0.0,0.0,0.0,0.0
4691.0,0.0,0.0,0.0,0.0,0.0,0.0
4692.0,2.423747537250165e-05,0.0,0.0,0.0,0.0,0.0020197896143751373
4693.0,0.0,0.0,0.0,0.0,0.0,0.0
4694.0,0.0,0.0,0.0,0.0,0.0,0.0
4695.0,0.0,0.0,0.0,0.0,0.0,0.0
4696.0,0.0,0.0,0.0,0.0,0.0,0.0
4697.0,0.0,0.0,0.0,0.0,0.0,0.0
4698.0,0.0,0.0,0.0,0.0,0.0,0.0
4699.0,0.0,0.0,0.0,0.0,0.0,0.0
4700.0,0.0090365931391716,0.0,0.0,0.0,0.09375,0.7530494282643
4701.0,0.04281681403517723,0.03748220577836037,0.0,0.00041687392513267696,0.28125,3.568067836264769
4702.0,0.0,0.0,0.0,0.0,0.0,0.0
4703.0,0.0,0.0,0.0,0.0,0.0,0.0
4704.0,0.0,0.0,0.0,0.0,0.0,0.0
4705.0,0.0,0.0,0.0,0.0,0.0,0.0
4706.0,0.0,0.0,0.0,0.0,0.0,0.0
4707.0,0.0,0.0,0.0,0.0,0.0,0.0
4708.0,0.0,0.0,0.0,0.0,0.0,0.0
4709.0,0.0,0.0,0.0,0.0,0.0,0.0
4710.0,0.0,0.0,0.0,0.0,0.0,0.0
4711.0,0.0,0.0,0.0,0.0,0.0,0.0
4712.0,0.0,0.0,0.0,0.0,0.0,0.0
4713.0,0.0,0.0,0.0,0.0,0.0,0.0
4714.0,0.0,0.0,0.0,0.0,0.0,0.0
4715.0,0.0,0.0,0.0,0.0,0.0,0.0
4716.0,0.0,0.0,0.0,0.0,0.0,0.0
4717.0,0.0,0.0,0.0,0.0,0.0,0.0
4718.0,0.0,0.0,0.0,0.0,0.0,0.0
4719.0,0.0,0.0,0.0,0.0,0.0,0.0
4720.0,0.0,0.0,0.0,0.0,0.0,0.0
4721.0,0.0,0.0,0.0,0.0,0.0,0.0
4722.0,0.0,0.0,0.0,0.0,0.0,0.0
4723.0,0.0,0.0,0.0,0.0,0.0,0.0
4724.0,0.0,0.0,0.0,0.0,0.0,0.0
4725.0,0.0,0.0,0.0,0.0,0.0,0.0
4726.0,0.0,0.0,0.0,0.0,0.0,0.0
4727.0,0.0,0.0,0.0,0.0,0.0,0.0
4728.0,0.0,0.0,0.0,0.0,0.0,0.0
4729.0,0.0,0.0,0.0,0.0,0.0,0.0
4730.0,0.0,0.0,0.0,0.0,0.0,0.0
4731.0,0.0,0.0,0.0,0.0,0.0,0.0
4732.0,0.0,0.0,0.0,0.0,0.0,0.0
4733.0,0.0,0.0,0.0,0.0,0.0,0.0
4734.0,0.0,0.0,0.0,0.0,0.0,0.0
4735.0,0.0,0.0,0.0,0.0,0.0,0.0
4736.0,0.0,0.0,0.0,0.0,0.0,0.0
4737.0,0.0,0.0,0.0,0.0,0.0,0.0
4738.0,0.0,0.0,0.0,0.0,0.0,0.0
4739.0,0.0,0.0,0.0,0.0,0.0,0.0
4740.0,0.0,0.0,0.0,0.0,0.0,0.0
4741.0,0.0,0.0,0.0,0.0,0.0,0.0
4742.0,0.0,0.0,0.0,0.0,0.0,0.0
4743.0,0.0,0.0,0.0,0.0,0.0,0.0
4744.0,0.0,0.0,0.0,0.0,0.0,0.0
4745.0,0.0,0.0,0.0,0.0,0.0,0.0
4746.0,0.0,0.0,0.0,0.0,0.0,0.0
4747.0,0.0,0.0,0.0,0.0,0.0,0.0
4748.0,0.0,0.0,0.0,0.0,0.0,0.0
4749.0,0.0,0.0,0.0,0.0,0.0,0.0
4750.0,0.0,0.0,0.0,0.0,0.0,0.0
4751.0,0.0,0.0,0.0,0.0,0.0,0.0
4752.0,0.0,0.0,0.0,0.0,0.0,0.0
4753.0,0.0,0.0,0.0,0.0,0.0,0.0
4754.0,0.0,0.0,0.0,0.0,0.0,0.0
4755.0,0.0,0.0,0.0,0.0,0.0,0.0
4756.0,0.0,0.0,0.0,0.0,0.0,0.0
4757.0,0.0,0.0,0.0,0.0,0.0,0.0
4758.0,0.0,0.0,0.0,0.0,0.0,0.0
4759.0,0.0,0.0,0.0,0.0,0.0,0.0
4760.0,0.0,0.0,0.0,0.0,0.0,0.0
4761.0,0.0,0.0,0.0,0.0,0.0,0.0
4762.0,0.0,0.0,0.0,0.0,0.0,0.0
4763.0,0.0,0.0,0.0,0.0,0.0,0.0
4764.0,0.0,0.0,0.0,0.0,0.0,0.0
4765.0,0.0,0.0,0.0,0.0,0.0,0.0
4766.0,0.0,0.0,0.0,0.0,0.0,0.0
4767.0,0.0,0.0,0.0,0.0,0.0,0.0
4768.0,0.0,0.0,0.0,0.0,0.0,0.0
4769.0,0.04283493012189865,0.037547919899225235,0.0,0.00038815446896478534,0.28125,3.569577510158221
4770.0,0.0,0.0,0.0,0.0,0.0,0.0
4771.0,1.3872333681774762e-07,0.0,0.0,2.270018376293592e-05,0.0,0.00283752297036699
4772.0,1.3872333681774762e-07,0.0,0.0,2.270018376293592e-05,0.0,0.00283752297036699
4773.0,3.705273047671653e-05,0.0,0.0,2.7635514925350435e-05,0.0,0.0034544393656688044
4774.0,0.00043111969716846943,0.0,0.0,2.270018376293592e-05,0.005208333333333333,0.035926641430705786
4775.0,0.0,0.0,0.0,0.0,0.0,0.0
4776.0,0.0002032722404692322,0.00032260947045870125,0.0,6.0843725805170834e-05,0.0,0.016939353372436017
4777.0,0.00028770079370588064,1.4307473747976474e-06,0.0,0.0,0.001736111111111111,0.02397506614215672
4778.0,0.00020935454813297838,0.0,0.0,0.0,0.005208333333333333,0.034722222222222224
4779.0,7.6082483246864285e-06,0.0,0.0,0.0,0.0,0.000634020693723869
4780.0,0.00011516201630001888,0.0,0.0,0.0,0.001736111111111111,0.011574074074074073
4781.0,0.00011560454731807113,0.0,0.0,0.0,0.0,0.009633712276505927
4782.0,0.0,0.0,0.0,0.0,0.0,0.0
4783.0,0.0,0.0,0.0,0.0,0.0,0.0
4784.0,0.0,0.0,0.0,0.0,0.0,0.0
4785.0,1.2237883311172482e-05,0.0,0.0,0.0,0.0,0.0010198236092643735
4786.0,0.04401582106947899,0.03748220577836037,0.0,0.00041687392513267696,0.2951388888888889,3.667985089123249
4787.0,0.0,0.0,0.0,0.0,0.0,0.0
4788.0,0.0,0.0,0.0,0.0,0.0,0.0
4789.0,0.04401582106947899,0.03748220577836037,0.0,0.00041687392513267696,0.2951388888888889,3.667985089123249
4790.0,0.0,0.0,0.0,0.0,0.0,0.0
4791.0,0.0,0.0,0.0,0.0,0.0,0.0
4792.0,0.0,0.0,0.0,0.0,0.0,0.0
4793.0,0.0001747854839777574,0.0,0.0,0.0,0.003472222222222222,0.023148148148148147
4794.0,0.000483183452161029,0.0,0.0,0.0,0.008680555555555556,0.05787037037037038
4795.0,6.697643402731046e-05,0.0,0.0,0.0,0.0,0.005581369502275872
4796.0,0.00039651410770602524,0.0,0.0,0.0,0.0,0.03304284230883544
4797.0,5.965755553916097e-05,0.0,0.0,0.0,0.0,0.004971462961596747
4798.0,2.89351305582386e-07,0.0,0.0,0.0,0.0,2.4112608798532165e-05
4799.0,0.0,0.0,0.0,0.0,0.0,0.0
4800.0,0.0,0.0,0.0,0.0,0.0,0.0
4801.0,0.0,0.0,0.0,0.0,0.0,0.0
4802.0,0.0,0.0,0.0,0.0,0.0,0.0
4803.0,0.0,0.0,0.0,0.0,0.0,0.0
4804.0,0.0,0.0,0.0,0.0,0.0,0.0
4805.0,1.0876444321183953e-05,1.14591739475145e-05,2.4152797777787782e-05,0.0,0.0,0.0009063703600986628
4806.0,1.0876444321183953e-05,1.14591739475145e-05,2.4152797777787782e-05,0.0,0.0,0.0009063703600986628
4807.0,0.0,0.0,0.0,0.0,0.0,0.0
4808.0,0.0,0.0,0.0,0.0,0.0,0.0
4809.0,0.00017618120182305574,0.0,0.0,0.0,0.003472222222222222,0.023148148148148147
4810.0,0.0,0.0,0.0,0.0,0.0,0.0
4811.0,0.00011306846863590181,0.0,0.0,0.0,0.005208333333333333,0.034722222222222224
4812.0,0.00014133984223008156,0.0,0.0,0.0,0.001736111111111111,0.01177832018584013
4813.0,0.00016404545749537647,0.0,0.0,0.0,0.001736111111111111,0.013670454791281372
4814.0,0.0007252007490023971,0.0,0.0,0.0,0.005208333333333333,0.06043339575019975
4815.0,0.0,0.0,0.0,0.0,0.0,0.0
4816.0,0.0,0.0,0.0,0.0,0.0,0.0
4817.0,0.0,0.0,0.0,0.0,0.0,0.0
4818.0,0.0,0.0,0.0,0.0,0.0,0.0
4819.0,0.003665831871330738,0.0,0.0,0.0,0.043402777777777776,0.3054859892775615
4820.0,0.042811982333660126,0.03748220577836037,0.0,0.00041687392513267696,0.28125,3.567665194471677
4821.0,2.3828923190194473e-07,0.0,0.0,0.0,0.0,1.9857435991828726e-05
4822.0,0.0,0.0,0.0,0.0,0.0,0.0
4823.0,0.0,0.0,0.0,0.0,0.0,0.0
4824.0,0.0,0.0,0.0,0.0,0.0,0.0
4825.0,0.0,0.0,0.0,0.0,0.0,0.0
4826.0,0.0,0.0,0.0,0.0,0.0,0.0
4827.0,0.0,0.0,0.0,0.0,0.0,0.0
4828.0,0.0,0.0,0.0,0.0,0.0,0.0
4829.0,0.0,0.0,0.0,0.0,0.0,0.0
4830.0,0.0,0.0,0.0,0.0,0.0,0.0
4831.0,0.0,0.0,0.0,0.0,0.0,0.0
4832.0,0.0,0.0,0.0,0.0,0.0,0.0
4833.0,0.0,0.0,0.0,0.0,0.0,0.0
4834.0,0.0,0.0,0.0,0.0,0.0,0.0
4835.0,0.0,0.0,0.0,0.0,0.0,0.0
4836.0,0.0,0.0,0.0,0.0,0.0,0.0
4837.0,0.0,0.0,0.0,0.0,0.0,0.0
4838.0,0.0,0.0,0.0,0.0,0.0,0.0
4839.0,0.0,0.0,0.0,0.0,0.0,0.0
4840.0,0.0,0.0,0.0,0.0,0.0,0.0
4841.0,0.0,0.0,0.0,0.0,0.0,0.0
4842.0,0.0,0.0,0.0,0.0,0.0,0.0
4843.0,0.0,0.0,0.0,0.0,0.0,0.0
4844.0,0.0,0.0,0.0,0.0,0.0,0.0
4845.0,2.3828923190194473e-07,0.0,0.0,0.0,0.0,1.9857435991828726e-05
4846.0,2.3828923190194473e-07,0.0,0.0,0.0,0.0,1.9857435991828726e-05
4847.0,0.0,0.0,0.0,0.0,0.0,0.0
4848.0,0.0,0.0,0.0,0.0,0.0,0.0
4849.0,0.0,0.0,0.0,0.0,0.0,0.0
4850.0,0.0,0.0,0.0,0.0,0.0,0.0
4851.0,0.0,0.0,0.0,0.0,0.0,0.0
4852.0,0.0,0.0,0.0,0.0,0.0,0.0
4853.0,0.0,0.0,0.0,0.0,0.0,0.0
4854.0,0.0,0.0,0.0,0.0,0.0,0.0
4855.0,0.0,0.0,0.0,0.0,0.0,0.0
4856.0,0.0,0.0,0.0,0.0,0.0,0.0
4857.0,0.0,0.0,0.0,0.0,0.0,0.0
4858.0,0.04489552229642868,0.041092824190855026,3.405734241823666e-05,0.0002789893187582493,0.2760416666666667,3.7412935247023897
4859.0,1.1224485206184909e-05,2.4416933229076676e-05,3.405734241823666e-05,0.0,0.0,0.0009353737671820757
4860.0,0.0,0.0,0.0,0.0,0.0,0.0
4861.0,0.0,0.0,0.0,0.0,0.0,0.0
4862.0,0.0,0.0,0.0,0.0,0.0,0.0
4863.0,0.0,0.0,0.0,0.0,0.0,0.0
4864.0,0.0,0.0,0.0,0.0,0.0,0.0
4865.0,0.0,0.0,0.0,0.0,0.0,0.0
4866.0,0.0,0.0,0.0,0.0,0.0,0.0
4867.0,0.0,0.0,0.0,0.0,0.0,0.0
4868.0,0.0,0.0,0.0,0.0,0.0,0.0
4869.0,0.0,0.0,0.0,0.0,0.0,0.0
4870.0,0.0,0.0,0.0,0.0,0.0,0.0
4871.0,0.0,0.0,0.0,0.0,0.0,0.0
4872.0,0.0,0.0,0.0,0.0,0.0,0.0
4873.0,0.0,0.0,0.0,0.0,0.0,0.0
4874.0,0.0,0.0,0.0,0.0,0.0,0.0
4875.0,0.0,0.0,0.0,0.0,0.0,0.0
4876.0,0.0,0.0,0.0,0.0,0.0,0.0
4877.0,0.0,0.0,0.0,0.0,0.0,0.0
4878.0,0.0,0.0,0.0,0.0,0.0,0.0
4879.0,0.0,0.0,0.0,0.0,0.0,0.0
4880.0,0.0,0.0,0.0,0.0,0.0,0.0
4881.0,0.0,0.0,0.0,0.0,0.0,0.0
4882.0,0.0,0.0,0.0,0.0,0.0,0.0
4883.0,1.1224485206184909e-05,2.4416933229076676e-05,3.405734241823666e-05,0.0,0.0,0.0009353737671820757
4884.0,1.1224485206184909e-05,2.4416933229076676e-05,3.405734241823666e-05,0.0,0.0,0.0009353737671820757
4885.0,0.0,0.0,0.0,0.0,0.0,0.0
4886.0,0.0,0.0,0.0,0.0,0.0,0.0
4887.0,0.0,0.0,0.0,0.0,0.0,0.0
4888.0,0.0,0.0,0.0,0.0,0.0,0.0
4889.0,0.0,0.0,0.0,0.0,0.0,0.0
4890.0,0.0,0.0,0.0,0.0,0.0,0.0
4891.0,0.0,0.0,0.0,0.0,0.0,0.0
4892.0,0.0,0.0,0.0,0.0,0.0,0.0
4893.0,0.0,0.0,0.0,0.0,0.0,0.0
4894.0,0.0,0.0,0.0,0.0,0.0,0.0
4895.0,0.0,0.0,0.0,0.0,0.0,0.0
4896.0,0.0,0.0,0.0,0.0,0.0,0.0
4897.0,0.0,0.0,0.0,0.0,0.0,0.0
4898.0,0.0,0.0,0.0,0.0,0.0,0.0
4899.0,0.0,0.0,0.0,0.0,0.0,0.0
4900.0,0.0,0.0,0.0,0.0,0.0,0.0
4901.0,0.0,0.0,0.0,0.0,0.0,0.0
4902.0,0.0,0.0,0.0,0.0,0.0,0.0
4903.0,0.0,0.0,0.0,0.0,0.0,0.0
4904.0,0.0,0.0,0.0,0.0,0.0,0.0
4905.0,0.0,0.0,0.0,0.0,0.0,0.0
4906.0,0.0,0.0,0.0,0.0,0.0,0.0
4907.0,0.0,0.0,0.0,0.0,0.0,0.0
4908.0,1.1224485206184909e-05,2.4416933229076676e-05,3.405734241823666e-05,0.0,0.0,0.0009353737671820757
4909.0,1.1224485206184909e-05,2.4416933229076676e-05,3.405734241823666e-05,0.0,0.0,0.0009353737671820757
4910.0,0.0,0.0,0.0,0.0,0.0,0.0
4911.0,0.0,0.0,0.0,0.0,0.0,0.0
4912.0,0.0,0.0,0.0,0.0,0.0,0.0
4913.0,0.0,0.0,0.0,0.0,0.0,0.0
4914.0,0.0,0.0,0.0,0.0,0.0,0.0
4915.0,0.0,0.0,0.0,0.0,0.0,0.0
4916.0,0.0,0.0,0.0,0.0,0.0,0.0
4917.0,0.0,0.0,0.0,0.0,0.0,0.0
4918.0,0.0,0.0,0.0,0.0,0.0,0.0
4919.0,0.0,0.0,0.0,0.0,0.0,0.0
4920.0,0.0,0.0,0.0,0.0,0.0,0.0
4921.0,0.0,0.0,0.0,0.0,0.0,0.0
4922.0,0.0,0.0,0.0,0.0,0.0,0.0
4923.0,0.0,0.0,0.0,0.0,0.0,0.0
4924.0,0.0,0.0,0.0,0.0,0.0,0.0
4925.0,0.0,0.0,0.0,0.0,0.0,0.0
4926.0,0.0,0.0,0.0,0.0,0.0,0.0
4927.0,0.0,0.0,0.0,0.0,0.0,0.0
4928.0,0.0,0.0,0.0,0.0,0.0,0.0
4929.0,0.0,0.0,0.0,0.0,0.0,0.0
4930.0,0.0,0.0,0.0,0.0,0.0,0.0
4931.0,0.0,0.0,0.0,0.0,0.0,0.0
4932.0,0.0,0.0,0.0,0.0,0.0,0.0
4933.0,1.1224485206184909e-05,2.4416933229076676e-05,3.405734241823666e-05,0.0,0.0,0.0009353737671820757
4934.0,1.1224485206184909e-05,2.4416933229076676e-05,3.405734241823666e-05,0.0,0.0,0.0009353737671820757
4935.0,0.0,0.0,0.0,0.0,0.0,0.0
4936.0,0.0,0.0,0.0,0.0,0.0,0.0
4937.0,0.0,0.0,0.0,0.0,0.0,0.0
4938.0,0.0,0.0,0.0,0.0,0.0,0.0
4939.0,0.0,0.0,0.0,0.0,0.0,0.0
4940.0,0.0,0.0,0.0,0.0,0.0,0.0
4941.0,0.0,0.0,0.0,0.0,0.0,0.0
4942.0,0.0,0.0,0.0,0.0,0.0,0.0
4943.0,0.0,0.0,0.0,0.0,0.0,0.0
4944.0,0.0,0.0,0.0,0.0,0.0,0.0
4945.0,0.0,0.0,0.0,0.0,0.0,0.0
4946.0,0.0,0.0,0.0,0.0,0.0,0.0
4947.0,0.0,0.0,0.0,0.0,0.0,0.0
4948.0,0.0,0.0,0.0,0.0,0.0,0.0
4949.0,0.0,0.0,0.0,0.0,0.0,0.0
4950.0,0.0,0.0,0.0,0.0,0.0,0.0
4951.0,0.0,0.0,0.0,0.0,0.0,0.0
4952.0,0.0,0.0,0.0,0.0,0.0,0.0
4953.0,0.0,0.0,0.0,0.0,0.0,0.0
4954.0,0.0,0.0,0.0,0.0,0.0,0.0
4955.0,0.0,0.0,0.0,0.0,0.0,0.0
4956.0,0.0,0.0,0.0,0.0,0.0,0.0
4957.0,0.0,0.0,0.0,0.0,0.0,0.0
4958.0,1.1224485206184909e-05,2.4416933229076676e-05,3.405734241823666e-05,0.0,0.0,0.0009353737671820757
4959.0,1.1224485206184909e-05,2.4416933229076676e-05,3.405734241823666e-05,0.0,0.0,0.0009353737671820757
4960.0,0.0,0.0,0.0,0.0,0.0,0.0
4961.0,0.0,0.0,0.0,0.0,0.0,0.0
4962.0,0.0,0.0,0.0,0.0,0.0,0.0
4963.0,0.0002617101708892733,0.0,0.0,0.0,0.006944444444444444,0.046296296296296294
4964.0,0.000934265844989568,0.0,0.0,0.0,0.017361111111111112,0.11574074074074076
4965.0,0.0005151142831891775,0.0,0.0,0.0,0.006944444444444444,0.046296296296296294
4966.0,0.00021502241725102067,0.0,0.0,0.0,0.0,0.017918534770918388
4967.0,0.00013271035277284682,0.0,0.0,0.0,0.0,0.011059196064403901
4968.0,1.4399502106243744e-05,0.0,0.0,0.0,0.0,0.0011999585088536453
4969.0,0.0,0.0,0.0,0.0,0.0,0.0
4970.0,0.0,0.0,0.0,0.0,0.0,0.0
4971.0,0.0,0.0,0.0,0.0,0.0,0.0
4972.0,0.0,0.0,0.0,0.0,0.0,0.0
4973.0,0.0,0.0,0.0,0.0,0.0,0.0
4974.0,0.0,0.0,0.0,0.0,0.0,0.0
4975.0,1.3616539717986598e-06,0.0,0.0,0.0,0.0,0.00011347116431655498
4976.0,0.0,0.0,0.0,0.0,0.0,0.0
4977.0,0.0,0.0,0.0,0.0,0.0,0.0
4978.0,0.0,0.0,0.0,0.0,0.0,0.0
4979.0,0.0,0.0,0.0,0.0,0.0,0.0
4980.0,0.0,0.0,0.0,0.0,0.0,0.0
4981.0,0.0,0.0,0.0,0.0,0.0,0.0
4982.0,0.0,0.0,0.0,0.0,0.0,0.0
4983.0,1.14797958303825e-05,2.4416933229076676e-05,3.405734241823666e-05,0.0,0.0,0.000956649652531875
4984.0,1.14797958303825e-05,2.4416933229076676e-05,3.405734241823666e-05,0.0,0.0,0.000956649652531875
4985.0,0.0,0.0,0.0,0.0,0.0,0.0
4986.0,0.0,0.0,0.0,0.0,0.0,0.0
4987.0,0.0,0.0,0.0,0.0,0.0,0.0
4988.0,0.0,0.0,0.0,0.0,0.0,0.0
4989.0,0.0,0.0,0.0,0.0,0.0,0.0
4990.0,0.0,0.0,0.0,0.0,0.0,0.0
4991.0,0.0,0.0,0.0,0.0,0.0,0.0
4992.0,0.0,0.0,0.0,0.0,0.0,0.0
4993.0,0.0,0.0,0.0,0.0,0.0,0.0
4994.0,0.0,0.0,0.0,0.0,0.0,0.0
4995.0,0.0,0.0,0.0,0.0,0.0,0.0
4996.0,0.0,0.0,0.0,0.0,0.0,0.0
4997.0,0.0,0.0,0.0,0.0,0.0,0.0
4998.0,0.0,0.0,0.0,0.0,0.0,0.0
4999.0,0.0,0.0,0.0,0.0,0.0,0.0
5000.0,0.0,0.0,0.0,0.0,0.0,0.0
5001.0,0.0,0.0,0.0,0.0,0.0,0.0
5002.0,0.042248282581567764,0.053805336356163025,0.0,0.000383609818527475,0.3003472222222222,3.520690215130647
5003.0,0.0,0.0,0.0,0.0,0.0,0.0
5004.0,0.0,0.0,0.0,0.0,0.0,0.0
5005.0,0.0,0.0,0.0,0.0,0.0,0.0
5006.0,0.0,0.0,0.0,0.0,0.0,0.0
5007.0,0.0,0.0,0.0,0.0,0.0,0.0
5008.0,0.00015608727699145675,0.0002879451203625649,3.405734241823666e-05,3.7656376662198454e-05,0.0,0.013007273082621396
5009.0,9.624540325603448e-06,2.111517642333638e-05,3.405734241823666e-05,0.0,0.0,0.0008020450271336207
5010.0,0.0,0.0,0.0,0.0,0.0,0.0
5011.0,0.0,0.0,0.0,0.0,0.0,0.0
5012.0,0.0,0.0,0.0,0.0,0.0,0.0
5013.0,0.0,0.0,0.0,0.0,0.0,0.0
5014.0,0.0,0.0,0.0,0.0,0.0,0.0
5015.0,0.0,0.0,0.0,0.0,0.0,0.0
5016.0,0.0,0.0,0.0,0.0,0.0,0.0
5017.0,0.0,0.0,0.0,0.0,0.0,0.0
5018.0,0.0,0.0,0.0,0.0,0.0,0.0
5019.0,0.0,0.0,0.0,0.0,0.0,0.0
5020.0,0.0,0.0,0.0,0.0,0.0,0.0
5021.0,0.0,0.0,0.0,0.0,0.0,0.0
5022.0,0.0,0.0,0.0,0.0,0.0,0.0
5023.0,0.0,0.0,0.0,0.0,0.0,0.0
5024.0,0.0,0.0,0.0,0.0,0.0,0.0
5025.0,0.0,0.0,0.0,0.0,0.0,0.0
5026.0,0.0,0.0,0.0,0.0,0.0,0.0
5027.0,0.0,0.0,0.0,0.0,0.0,0.0
5028.0,0.0,0.0,0.0,0.0,0.0,0.0
5029.0,0.0,0.0,0.0,0.0,0.0,0.0
5030.0,0.024246463552117348,0.0,0.0,0.06672412157058716,0.2690972222222222,8.340515196323395
5031.0,0.0,0.0,0.0,0.0,0.0,0.0
5032.0,0.0,0.0,0.0,0.0,0.0,0.0
5033.0,0.0002008743758779019,2.111517642333638e-05,3.405734241823666e-05,0.00041307229548692703,0.0,0.05163403693586588
5034.0,1.7777440007193945e-05,2.111517642333638e-05,3.405734241823666e-05,0.0,0.0,0.0014814533339328289
5035.0,0.0,0.0,0.0,0.0,0.0,0.0
5036.0,0.0,0.0,0.0,0.0,0.0,0.0
5037.0,0.0,0.0,0.0,0.0,0.0,0.0
5038.0,0.0,0.0,0.0,0.0,0.0,0.0
5039.0,0.0,0.0,0.0,0.0,0.0,0.0
5040.0,0.0,0.0,0.0,0.0,0.0,0.0
5041.0,0.0,0.0,0.0,0.0,0.0,0.0
5042.0,0.0,0.0,0.0,0.0,0.0,0.0
5043.0,0.0,0.0,0.0,0.0,0.0,0.0
5044.0,0.0,0.0,0.0,0.0,0.0,0.0
5045.0,0.0,0.0,0.0,0.0,0.0,0.0
5046.0,0.0,0.0,0.0,0.0,0.0,0.0
5047.0,0.0,0.0,0.0,0.0,0.0,0.0
5048.0,0.0,0.0,0.0,0.0,0.0,0.0
5049.0,0.0,0.0,0.0,0.0,0.0,0.0
5050.0,0.0,0.0,0.0,0.0,0.0,0.0
5051.0,0.0,0.0,0.0,0.0,0.0,0.0
5052.0,0.0,0.0,0.0,0.0,0.0,0.0
5053.0,0.0,0.0,0.0,0.0,0.0,0.0
5054.0,0.0,0.0,0.0,0.0,0.0,0.0
5055.0,0.0,0.0,0.0,0.0,0.0,0.0
5056.0,0.0,0.0,0.0,0.0,0.0,0.0
5057.0,0.0,0.0,0.0,0.0,0.0,0.0
5058.0,1.7777440007193945e-05,2.111517642333638e-05,3.405734241823666e-05,0.0,0.0,0.0014814533339328289
5059.0,1.7777440007193945e-05,2.111517642333638e-05,3.405734241823666e-05,0.0,0.0,0.0014814533339328289
5060.0,0.0,0.0,0.0,0.0,0.0,0.0
5061.0,0.0,0.0,0.0,0.0,0.0,0.0
5062.0,0.0,0.0,0.0,0.0,0.0,0.0
5063.0,0.0,0.0,0.0,0.0,0.0,0.0
5064.0,0.00017071755428332835,0.0,0.0,0.0,0.003472222222222222,0.023148148148148147
5065.0,1.0212443868340415e-07,0.0,0.0,0.0,0.0,8.510369890283679e-06
5066.0,0.0,0.0,0.0,0.0,0.0,0.0
5067.0,1.8892988009611145e-06,0.0,0.0,0.0,0.0,0.00015744156674675955
5068.0,0.0,0.0,0.0,0.0,0.0,0.0
5069.0,0.0,0.0,0.0,0.0,0.0,0.0
5070.0,0.0,0.0,0.0,0.0,0.0,0.0
5071.0,0.0,0.0,0.0,0.0,0.0,0.0
5072.0,0.0,0.0,0.0,0.0,0.0,0.0
5073.0,0.0,0.0,0.0,0.0,0.0,0.0
5074.0,0.0,0.0,0.0,0.0,0.0,0.0
5075.0,0.0,0.0,0.0,0.0,0.0,0.0
5076.0,0.0,0.0,0.0,0.0,0.0,0.0
5077.0,0.0,0.0,0.0,0.0,0.0,0.0
5078.0,0.0,0.0,0.0,0.0,0.0,0.0
5079.0,0.0,0.0,0.0,0.0,0.0,0.0
5080.0,0.0,0.0,0.0,0.0,0.0,0.0
5081.0,0.0,0.0,0.0,0.0,0.0,0.0
5082.0,0.0,0.0,0.0,0.0,0.0,0.0
5083.0,1.7862543245428242e-05,2.111517642333638e-05,3.405734241823666e-05,0.0,0.0,0.0014885452704523534
5084.0,1.7862543245428242e-05,2.111517642333638e-05,3.405734241823666e-05,0.0,0.0,0.0014885452704523534
5085.0,0.0,0.0,0.0,0.0,0.0,0.0
5086.0,3.033087523363065e-05,0.0,0.0,0.0,0.0,0.0025275729361358876
5087.0,4.445805461728014e-05,0.0,0.0,0.0,0.0,0.0037048378847733448
5088.0,0.0,0.0,0.0,0.0,0.0,0.0
5089.0,0.0,0.0,0.0,0.0,0.0,0.0
5090.0,0.0,0.0,0.0,0.0,0.0,0.0
5091.0,0.0,0.0,0.0,0.0,0.0,0.0
5092.0,1.7020664699884946e-06,0.0,0.0,0.0,0.0,0.00014183887249904123
5093.0,6.200639472808689e-05,0.0,0.0,0.0,0.0,0.005167199560673907
5094.0,0.0,0.0,0.0,0.0,0.0,0.0
5095.0,0.0,0.0,0.0,0.0,0.0,0.0
5096.0,0.0,0.0,0.0,0.0,0.0,0.0
5097.0,0.00014065900177229196,0.0,0.0,0.0,0.0,0.01172158348102433
5098.0,5.106247513708695e-08,0.0,0.0,0.0,0.0,4.255206261423912e-06
5099.0,5.974264240649063e-06,0.0,0.0,0.0,0.0,0.0004978553533874219
5100.0,2.876492771974881e-06,0.0,0.0,0.0,0.0,0.00023970773099790676
5101.0,0.0,0.0,0.0,0.0,0.0,0.0
5102.0,0.0,0.0,0.0,0.0,0.0,0.0
5103.0,0.0,0.0,0.0,0.0,0.0,0.0
5104.0,0.0,0.0,0.0,0.0,0.0,0.0
5105.0,3.281589670223184e-05,0.0,0.0,0.0,0.0,0.00273465805851932
5106.0,0.0001087111741071567,0.0,0.0,0.0,0.0,0.009059264508929724
5107.0,0.0,0.0,0.0,0.0,0.0,0.0
5108.0,1.845826227508951e-05,2.111517642333638e-05,3.405734241823666e-05,0.0,0.0,0.0015381885229241259
5109.0,1.7930624380824156e-05,2.111517642333638e-05,3.405734241823666e-05,0.0,0.0,0.001494218698402013
5110.0,0.0,0.0,0.0,0.0,0.0,0.0
5111.0,0.0,0.0,0.0,0.0,0.0,0.0
5112.0,0.0,0.0,0.0,0.0,0.0,0.0
5113.0,0.0,0.0,0.0,0.0,0.0,0.0
5114.0,0.0,0.0,0.0,0.0,0.0,0.0
5115.0,0.0,0.0,0.0,0.0,0.0,0.0
5116.0,0.0,0.0,0.0,0.0,0.0,0.0
5117.0,0.0,0.0,0.0,0.0,0.0,0.0
5118.0,0.0,0.0,0.0,0.0,0.0,0.0
5119.0,0.0,0.0,0.0,0.0,0.0,0.0
5120.0,0.0,0.0,0.0,0.0,0.0,0.0
5121.0,0.0,0.0,0.0,0.0,0.0,0.0
5122.0,0.0,0.0,0.0,0.0,0.0,0.0
5123.0,0.0,0.0,0.0,0.0,0.0,0.0
5124.0,0.0,0.0,0.0,0.0,0.0,0.0
5125.0,0.0,0.0,0.0,0.0,0.0,0.0
5126.0,0.0,0.0,0.0,0.0,0.0,0.0
5127.0,0.0,0.0,0.0,0.0,0.0,0.0
5128.0,0.0,0.0,0.0,0.0,0.0,0.0
5129.0,0.0,0.0,0.0,0.0,0.0,0.0
5130.0,3.2339309541384864e-07,0.0,0.0,0.0,0.0,2.694942461782072e-05
5131.0,0.0,0.0,0.0,0.0,0.0,0.0
5132.0,0.0,0.0,0.0,0.0,0.0,0.0
5133.0,1.830508335842751e-05,2.111517642333638e-05,3.405734241823666e-05,0.0,0.0,0.0015254236132022925
5134.0,1.7930624380824156e-05,2.111517642333638e-05,3.405734241823666e-05,0.0,0.0,0.001494218698402013
5135.0,0.036340806633234024,0.0,0.0,0.0664929673075676,0.1875,8.31162091344595
5136.0,0.0,0.0,0.0,0.0,0.0,0.0
5137.0,0.0,0.0,0.0,0.0,0.0,0.0
5138.0,0.0,0.0,0.0,0.0,0.0,0.0
5139.0,0.0,0.0,0.0,0.0,0.0,0.0
5140.0,0.0,0.0,0.0,0.0,0.0,0.0
5141.0,0.0,0.0,0.0,0.0,0.0,0.0
5142.0,0.00016554236935917288,0.0,0.0,0.0001223907311214134,0.0,0.015298841390176676
5143.0,0.0,0.0,0.0,0.0,0.0,0.0
5144.0,0.0,0.0,0.0,0.0,0.0,0.0
5145.0,0.0,0.0,0.0,0.0,0.0,0.0
5146.0,0.0,0.0,0.0,0.0,0.0,0.0
5147.0,0.0,0.0,0.0,0.0,0.0,0.0
5148.0,0.0,0.0,0.0,0.0,0.0,0.0
5149.0,0.0,0.0,0.0,0.0,0.0,0.0
5150.0,5.106182854319741e-08,0.0,0.0,0.0,0.0,4.255152378599784e-06
5151.0,5.106182854319741e-08,0.0,0.0,0.0,0.0,4.255152378599784e-06
5152.0,0.0,0.0,0.0,0.0,0.0,0.0
5153.0,0.0,0.0,0.0,0.0,0.0,0.0
5154.0,0.0,0.0,0.0,0.0,0.0,0.0
5155.0,0.0,0.0,0.0,0.0,0.0,0.0
5156.0,0.0,0.0,0.0,0.0,0.0,0.0
5157.0,0.0,0.0,0.0,0.0,0.0,0.0
5158.0,2.290066913701594e-05,2.111517642333638e-05,3.405734241823666e-05,0.0,0.0,0.0019083890947513282
5159.0,2.290066913701594e-05,2.111517642333638e-05,3.405734241823666e-05,0.0,0.0,0.0019083890947513282
5160.0,0.0,0.0,0.0,0.0,0.0,0.0
5161.0,0.0,0.0,0.0,0.0,0.0,0.0
5162.0,0.0,0.0,0.0,0.0,0.0,0.0
5163.0,0.0,0.0,0.0,0.0,0.0,0.0
5164.0,0.0,0.0,0.0,0.0,0.0,0.0
5165.0,0.0,0.0,0.0,0.0,0.0,0.0
5166.0,0.0,0.0,0.0,0.0,0.0,0.0
5167.0,0.0,0.0,0.0,0.0,0.0,0.0
5168.0,0.0,0.0,0.0,0.0,0.0,0.0
5169.0,0.0,0.0,0.0,0.0,0.0,0.0
5170.0,0.0,0.0,0.0,0.0,0.0,0.0
5171.0,0.0,0.0,0.0,0.0,0.0,0.0
5172.0,0.0,0.0,0.0,0.0,0.0,0.0
5173.0,0.0,0.0,0.0,0.0,0.0,0.0
5174.0,0.0,0.0,0.0,0.0,0.0,0.0
5175.0,5.106182854319741e-08,0.0,0.0,0.0,0.0,4.255152378599784e-06
5176.0,5.106182854319741e-08,0.0,0.0,0.0,0.0,4.255152378599784e-06
5177.0,0.0,0.0,0.0,0.0,0.0,0.0
5178.0,0.0,0.0,0.0,0.0,0.0,0.0
5179.0,0.0,0.0,0.0,0.0,0.0,0.0
5180.0,0.0,0.0,0.0,0.0,0.0,0.0
5181.0,0.0,0.0,0.0,0.0,0.0,0.0
5182.0,0.0,0.0,0.0,0.0,0.0,0.0
5183.0,2.290066913701594e-05,2.111517642333638e-05,3.405734241823666e-05,0.0,0.0,0.0019083890947513282
5184.0,2.290066913701594e-05,2.111517642333638e-05,3.405734241823666e-05,0.0,0.0,0.0019083890947513282
5185.0,0.0,0.0,0.0,0.0,0.0,0.0
5186.0,0.0,0.0,0.0,0.0,0.0,0.0
5187.0,0.0,0.0,0.0,0.0,0.0,0.0
5188.0,0.0,0.0,0.0,0.0,0.0,0.0
5189.0,0.0,0.0,0.0,0.0,0.0,0.0
5190.0,0.0,0.0,0.0,0.0,0.0,0.0
5191.0,0.05963549017906189,0.03182263672351837,0.0,0.0003772004274651408,0.2951388888888889,4.9696241815884905
5192.0,1.1454752666395507e-06,0.0,0.0,0.0,0.0,9.545627221996256e-05
5193.0,0.0,0.0,0.0,0.0,0.0,0.0
5194.0,0.0,0.0,0.0,0.0,0.0,0.0
5195.0,0.0,0.0,0.0,0.0,0.0,0.0
5196.0,0.0,0.0,0.0,0.0,0.0,0.0
5197.0,0.0,0.0,0.0,0.0,0.0,0.0
5198.0,0.0,0.0,0.0,0.0,0.0,0.0
5199.0,0.0,0.0,0.0,0.0,0.0,0.0
5200.0,0.0,0.0,0.0,0.0,0.0,0.0
5201.0,0.0,0.0,0.0,0.0,0.0,0.0
5202.0,0.0,0.0,0.0,0.0,0.0,0.0
5203.0,0.0,0.0,0.0,0.0,0.0,0.0
5204.0,0.0,0.0,0.0,0.0,0.0,0.0
5205.0,0.0,0.0,0.0,0.0,0.0,0.0
5206.0,0.0,0.0,0.0,0.0,0.0,0.0
5207.0,0.0,0.0,0.0,0.0,0.0,0.0
5208.0,1.8722739980603365e-07,0.0,0.0,0.0,0.0,1.560228331716947e-05
5209.0,1.8722739980603365e-07,0.0,0.0,0.0,0.0,1.560228331716947e-05
5210.0,0.0,0.0,0.0,0.0,0.0,0.0
5211.0,0.0,0.0,0.0,0.0,0.0,0.0
5212.0,0.0,0.0,0.0,0.0,0.0,0.0
5213.0,0.0,0.0,0.0,0.0,0.0,0.0
5214.0,0.0,0.0,0.0,0.0,0.0,0.0
5215.0,0.0,0.0,0.0,0.0,0.0,0.0
5216.0,1.1454752666395507e-06,0.0,0.0,0.0,0.0,9.545627221996256e-05
5217.0,1.1454752666395507e-06,0.0,0.0,0.0,0.0,9.545627221996256e-05
5218.0,0.0,0.0,0.0,0.0,0.0,0.0
5219.0,0.0,0.0,0.0,0.0,0.0,0.0
5220.0,0.0,0.0,0.0,0.0,0.0,0.0
5221.0,0.0,0.0,0.0,0.0,0.0,0.0
5222.0,0.0,0.0,0.0,0.0,0.0,0.0
5223.0,0.0,0.0,0.0,0.0,0.0,0.0
5224.0,0.0,0.0,0.0,0.0,0.0,0.0
5225.0,0.0,0.0,0.0,0.0,0.0,0.0
5226.0,0.0,0.0,0.0,0.0,0.0,0.0
5227.0,0.0,0.0,0.0,0.0,0.0,0.0
5228.0,0.0,0.0,0.0,0.0,0.0,0.0
5229.0,0.0,0.0,0.0,0.0,0.0,0.0
5230.0,0.0,0.0,0.0,0.0,0.0,0.0
5231.0,0.0,0.0,0.0,0.0,0.0,0.0
5232.0,0.0,0.0,0.0,0.0,0.0,0.0
5233.0,1.8722739980603365e-07,0.0,0.0,0.0,0.0,1.560228331716947e-05
5234.0,1.8722739980603365e-07,0.0,0.0,0.0,0.0,1.560228331716947e-05
5235.0,0.0,0.0,0.0,0.0,0.0,0.0
5236.0,0.0,0.0,0.0,0.0,0.0,0.0
5237.0,0.0,0.0,0.0,0.0,0.0,0.0
5238.0,0.0,0.0,0.0,0.0,0.0,0.0
5239.0,0.0,0.0,0.0,0.0,0.0,0.0
5240.0,0.0,0.0,0.0,0.0,0.0,0.0
5241.0,1.1454752666395507e-06,0.0,0.0,0.0,0.0,9.545627221996256e-05
5242.0,1.1454752666395507e-06,0.0,0.0,0.0,0.0,9.545627221996256e-05
5243.0,0.0,0.0,0.0,0.0,0.0,0.0
5244.0,0.0,0.0,0.0,0.0,0.0,0.0
5245.0,0.0,0.0,0.0,0.0,0.0,0.0
5246.0,0.0,0.0,0.0,0.0,0.0,0.0
5247.0,0.0,0.0,0.0,0.0,0.0,0.0
5248.0,0.0,0.0,0.0,0.0,0.0,0.0
5249.0,0.0,0.0,0.0,0.0,0.0,0.0
5250.0,0.0,0.0,0.0,0.0,0.0,0.0
5251.0,0.0,0.0,0.0,0.0,0.0,0.0
5252.0,0.0,0.0,0.0,0.0,0.0,0.0
5253.0,0.0,0.0,0.0,0.0,0.0,0.0
5254.0,0.0,0.0,0.0,0.0,0.0,0.0
5255.0,0.0,0.0,0.0,0.0,0.0,0.0
5256.0,0.0,0.0,0.0,0.0,0.0,0.0
5257.0,0.0,0.0,0.0,0.0,0.0,0.0
5258.0,1.8722739980603365e-07,0.0,0.0,0.0,0.0,1.560228331716947e-05
5259.0,1.8722739980603365e-07,0.0,0.0,0.0,0.0,1.560228331716947e-05
5260.0,0.0,0.0,0.0,0.0,0.0,0.0
5261.0,0.0,0.0,0.0,0.0,0.0,0.0
5262.0,0.0,0.0,0.0,0.0,0.0,0.0
5263.0,0.0,0.0,0.0,0.0,0.0,0.0
5264.0,0.0,0.0,0.0,0.0,0.0,0.0
5265.0,0.0,0.0,0.0,0.0,0.0,0.0
5266.0,1.1454752666395507e-06,0.0,0.0,0.0,0.0,9.545627221996256e-05
5267.0,1.1454752666395507e-06,0.0,0.0,0.0,0.0,9.545627221996256e-05
5268.0,0.0,0.0,0.0,0.0,0.0,0.0
5269.0,0.0,0.0,0.0,0.0,0.0,0.0
5270.0,0.0,0.0,0.0,0.0,0.0,0.0
5271.0,0.0,0.0,0.0,0.0,0.0,0.0
5272.0,0.0,0.0,0.0,0.0,0.0,0.0
5273.0,0.0,0.0,0.0,0.0,0.0,0.0
5274.0,0.0,0.0,0.0,0.0,0.0,0.0
5275.0,0.0,0.0,0.0,0.0,0.0,0.0
5276.0,0.0,0.0,0.0,0.0,0.0,0.0
5277.0,0.0,0.0,0.0,0.0,0.0,0.0
5278.0,0.0,0.0,0.0,0.0,0.0,0.0
5279.0,0.0,0.0,0.0,0.0,0.0,0.0
5280.0,0.0,0.0,0.0,0.0,0.0,0.0
5281.0,0.0,0.0,0.0,0.0,0.0,0.0
5282.0,0.0,0.0,0.0,0.0,0.0,0.0
5283.0,1.8722739980603365e-07,0.0,0.0,0.0,0.0,1.560228331716947e-05
5284.0,1.8722739980603365e-07,0.0,0.0,0.0,0.0,1.560228331716947e-05
5285.0,0.0,0.0,0.0,0.0,0.0,0.0
5286.0,0.0,0.0,0.0,0.0,0.0,0.0
5287.0,0.0,0.0,0.0,0.0,0.0,0.0
5288.0,0.0,0.0,0.0,0.0,0.0,0.0
5289.0,0.0,0.0,0.0,0.0,0.0,0.0
5290.0,0.0,0.0,0.0,0.0,0.0,0.0
5291.0,1.1454752666395507e-06,0.0,0.0,0.0,0.0,9.545627221996256e-05
5292.0,1.1454752666395507e-06,0.0,0.0,0.0,0.0,9.545627221996256e-05
5293.0,0.0,0.0,0.0,0.0,0.0,0.0
5294.0,0.0,0.0,0.0,0.0,0.0,0.0
5295.0,0.0,0.0,0.0,0.0,0.0,0.0
5296.0,0.0,0.0,0.0,0.0,0.0,0.0
5297.0,0.0,0.0,0.0,0.0,0.0,0.0
5298.0,0.0,0.0,0.0,0.0,0.0,0.0
5299.0,0.0,0.0,0.0,0.0,0.0,0.0
5300.0,0.0,0.0,0.0,0.0,0.0,0.0
5301.0,0.0,0.0,0.0,0.0,0.0,0.0
5302.0,0.0,0.0,0.0,0.0,0.0,0.0
5303.0,0.0,0.0,0.0,0.0,0.0,0.0
5304.0,0.0,0.0,0.0,0.0,0.0,0.0
5305.0,0.0,0.0,0.0,0.0,0.0,0.0
5306.0,0.0,0.0,0.0,0.0,0.0,0.0
5307.0,0.0,0.0,0.0,0.0,0.0,0.0
5308.0,1.8722739980603365e-07,0.0,0.0,0.0,0.0,1.560228331716947e-05
5309.0,1.8722739980603365e-07,0.0,0.0,0.0,0.0,1.560228331716947e-05
5310.0,0.0,0.0,0.0,0.0,0.0,0.0
5311.0,0.047498662024736404,0.0019118580967187881,0.0,0.00023142299323808402,0.3003472222222222,3.9582218353947
5312.0,0.0,0.0,0.0,0.0,0.0,0.0
5313.0,0.0,0.0,0.0,0.0,0.0,0.0
5314.0,0.0,0.0,0.0,0.0,0.0,0.0
5315.0,0.0,0.0,0.0,0.0,0.0,0.0
5316.0,0.0,0.0,0.0,0.0,0.0,0.0
5317.0,0.0,0.0,0.0,0.0,0.0,0.0
5318.0,0.0,0.0,0.0,0.0,0.0,0.0
5319.0,1.1233652230657754e-06,0.0,0.0,0.0,0.0,9.361376858881461e-05
5320.0,1.1233652230657754e-06,0.0,0.0,0.0,0.0,9.361376858881461e-05
5321.0,0.0,0.0,0.0,0.0,0.0,0.0
5322.0,0.0,0.0,0.0,0.0,0.0,0.0
5323.0,0.0,0.0,0.0,0.0,0.0,0.0
5324.0,0.0,0.0,0.0,0.0,0.0,0.0
5325.0,0.0,0.0,0.0,0.0,0.0,0.0
5326.0,0.0,0.0,0.0,0.0,0.0,0.0
5327.0,0.0,0.0,0.0,0.0,0.0,0.0
5328.0,0.0,0.0,0.0,0.0,0.0,0.0
5329.0,0.0,0.0,0.0,0.0,0.0,0.0
5330.0,0.0,0.0,0.0,0.0,0.0,0.0
5331.0,0.0,0.0,0.0,0.0,0.0,0.0
5332.0,0.0,0.0,0.0,0.0,0.0,0.0
5333.0,0.0,0.0,0.0,0.0,0.0,0.0
5334.0,0.0,0.0,0.0,0.0,0.0,0.0
5335.0,0.0,0.0,0.0,0.0,0.0,0.0
5336.0,0.0,0.0,0.0,0.0,0.0,0.0
5337.0,0.0,0.0,0.0,0.0,0.0,0.0
5338.0,0.0,0.0,0.0,0.0,0.0,0.0
5339.0,0.0,0.0,0.0,0.0,0.0,0.0
5340.0,0.0,0.0,0.0,0.0,0.0,0.0
5341.0,0.0,0.0,0.0,0.0,0.0,0.0
5342.0,0.0,0.0,0.0,0.0,0.0,0.0
5343.0,0.0,0.0,0.0,0.0,0.0,0.0
5344.0,1.1233652230657754e-06,0.0,0.0,0.0,0.0,9.361376858881461e-05
5345.0,1.1233652230657754e-06,0.0,0.0,0.0,0.0,9.361376858881461e-05
5346.0,0.0,0.0,0.0,0.0,0.0,0.0
5347.0,0.0,0.0,0.0,0.0,0.0,0.0
5348.0,0.0,0.0,0.0,0.0,0.0,0.0
5349.0,0.0,0.0,0.0,0.0,0.0,0.0
5350.0,0.0,0.0,0.0,0.0,0.0,0.0
5351.0,0.0,0.0,0.0,0.0,0.0,0.0
5352.0,7.271555659826845e-05,0.00046521288459189236,0.0,0.0,0.003472222222222222,0.023148148148148147
5353.0,0.00025619863299652934,0.0016516325995326042,0.0,0.0,0.003472222222222222,0.041290814988315105
5354.0,0.0010640486143529415,0.005157843232154846,0.0,0.0,0.020833333333333332,0.1388888888888889
5355.0,0.0002046057634288445,0.0,0.0,0.0,0.003472222222222222,0.023148148148148147
5356.0,0.0,0.0,0.0,0.0,0.0,0.0
5357.0,0.0001512288727099076,0.0009302057442255318,0.0,0.0,0.005208333333333333,0.034722222222222224
5358.0,6.432436202885583e-05,0.00041095467167906463,0.0,0.0,0.0,0.010273866791976616
5359.0,0.0,0.0,0.0,0.0,0.0,0.0
5360.0,0.00015116078429855406,0.0,0.0,0.0,0.003472222222222222,0.023148148148148147
5361.0,1.6836625945870765e-05,6.515398854389787e-05,0.0,0.0,0.0,0.0016288497135974467
5362.0,0.0,0.0,0.0,0.0,0.0,0.0
5363.0,0.0,0.0,0.0,0.0,0.0,0.0
5364.0,0.0,0.0,0.0,0.0,0.0,0.0
5365.0,0.0,0.0,0.0,0.0,0.0,0.0
5366.0,0.0,0.0,0.0,0.0,0.0,0.0
5367.0,0.0,0.0,0.0,0.0,0.0,0.0
5368.0,1.702069596376532e-08,1.1005748490333644e-07,0.0,0.0,0.0,2.751437122583411e-06
5369.0,0.00010386025678599253,0.000664306920953095,0.0,0.0,0.0,0.016607673023827374
5370.0,0.00011492371413623914,0.0007358442526310682,0.0,0.0,0.001736111111111111,0.018396106315776706
5371.0,0.0,0.0,0.0,0.0,0.0,0.0
5372.0,0.0,0.0,0.0,0.0,0.0,0.0
5373.0,0.0,0.0,0.0,0.0,0.0,0.0
5374.0,0.0,0.0,0.0,0.0,0.0,0.0
5375.0,0.0,0.0,0.0,0.0,0.0,0.0
5376.0,0.0,0.0,0.0,0.0,0.0,0.0
5377.0,0.0,0.0,0.0,0.0,0.0,0.0
5378.0,1.8722738559517893e-06,1.1225843991269358e-05,0.0,0.0,0.0,0.00028064609978173394
5379.0,0.0,0.0,0.0,0.0,0.0,0.0
5380.0,0.0,0.0,0.0,0.0,0.0,0.0
5381.0,0.0,0.0,0.0,0.0,0.0,0.0
5382.0,3.395628300495446e-05,0.0002194546104874462,0.0,0.0,0.0,0.005486365262186155
5383.0,0.00016625376883894205,0.0010749029461294413,0.0,0.0,0.003472222222222222,0.02687257365323603
5384.0,0.0,0.0,0.0,0.0,0.0,0.0
5385.0,0.0,0.0,0.0,0.0,0.0,0.0
5386.0,2.8721094622596866e-06,1.84612836164888e-05,0.0,0.0,0.0,0.00046153209041222
5387.0,0.0,0.0,0.0,0.0,0.0,0.0
5388.0,0.0,0.0,0.0,0.0,0.0,0.0
5389.0,0.0,0.0,0.0,0.0,0.0,0.0
5390.0,0.0,0.0,0.0,0.0,0.0,0.0
5391.0,0.0,0.0,0.0,0.0,0.0,0.0
5392.0,0.0,0.0,0.0,0.0,0.0,0.0
5393.0,0.0,0.0,0.0,0.0,0.0,0.0
5394.0,1.1233652230657754e-06,0.0,0.0,0.0,0.0,9.361376858881461e-05
5395.0,1.1233652230657754e-06,0.0,0.0,0.0,0.0,9.361376858881461e-05
5396.0,0.0,0.0,0.0,0.0,0.0,0.0
5397.0,0.0,0.0,0.0,0.0,0.0,0.0
5398.0,0.0,0.0,0.0,0.0,0.0,0.0
5399.0,0.0,0.0,0.0,0.0,0.0,0.0
5400.0,0.0,0.0,0.0,0.0,0.0,0.0
5401.0,0.0,0.0,0.0,0.0,0.0,0.0
5402.0,0.0,0.0,0.0,0.0,0.0,0.0
5403.0,0.0,0.0,0.0,0.0,0.0,0.0
5404.0,0.0,0.0,0.0,0.0,0.0,0.0
5405.0,0.0,0.0,0.0,0.0,0.0,0.0
5406.0,0.0,0.0,0.0,0.0,0.0,0.0
5407.0,0.0,0.0,0.0,0.0,0.0,0.0
5408.0,0.0,0.0,0.0,0.0,0.0,0.0
5409.0,0.0,0.0,0.0,0.0,0.0,0.0
5410.0,0.0,0.0,0.0,0.0,0.0,0.0
5411.0,0.0,0.0,0.0,0.0,0.0,0.0
5412.0,0.0,0.0,0.0,0.0,0.0,0.0
5413.0,0.0,0.0,0.0,0.0,0.0,0.0
5414.0,0.0,0.0,0.0,0.0,0.0,0.0
5415.0,0.0,0.0,0.0,0.0,0.0,0.0
5416.0,0.0,0.0,0.0,0.0,0.0,0.0
5417.0,0.0,0.0,0.0,0.0,0.0,0.0
5418.0,0.0,0.0,0.0,0.0,0.0,0.0
5419.0,1.1233652230657754e-06,0.0,0.0,0.0,0.0,9.361376858881461e-05
5420.0,1.1233652230657754e-06,0.0,0.0,0.0,0.0,9.361376858881461e-05
5421.0,0.0,0.0,0.0,0.0,0.0,0.0
5422.0,0.0,0.0,0.0,0.0,0.0,0.0
5423.0,0.0,0.0,0.0,0.0,0.0,0.0
5424.0,0.0,0.0,0.0,0.0,0.0,0.0
5425.0,0.0,0.0,0.0,0.0,0.0,0.0
5426.0,0.0,0.0,0.0,0.0,0.0,0.0
5427.0,0.0,0.0,0.0,0.0,0.0,0.0
5428.0,0.0,0.0,0.0,0.0,0.0,0.0
5429.0,0.0,0.0,0.0,0.0,0.0,0.0
5430.0,0.0,0.0,0.0,0.0,0.0,0.0
5431.0,0.0,0.0,0.0,0.0,0.0,0.0
5432.0,0.0,0.0,0.0,0.0,0.0,0.0
5433.0,0.0,0.0,0.0,0.0,0.0,0.0
5434.0,0.046081941574811935,0.05429296940565109,0.0,0.0006524177733808756,0.4357638888888889,3.8401617979009943
5435.0,0.04608474671840668,0.05430007725954056,1.557855102873873e-05,0.0006524177733808756,0.4357638888888889,3.840395559867223
5436.0,5.421316018328071e-06,3.4345687254244694e-06,1.557855102873873e-05,0.0,0.0,0.00045177633486067254
5437.0,0.0,0.0,0.0,0.0,0.0,0.0
5438.0,0.0,0.0,0.0,0.0,0.0,0.0
5439.0,0.0,0.0,0.0,0.0,0.0,0.0
5440.0,0.0,0.0,0.0,0.0,0.0,0.0
5441.0,0.0,0.0,0.0,0.0,0.0,0.0
5442.0,0.0,0.0,0.0,0.0,0.0,0.0
5443.0,0.0,0.0,0.0,0.0,0.0,0.0
5444.0,0.0,0.0,0.0,0.0,0.0,0.0
5445.0,0.0,0.0,0.0,0.0,0.0,0.0
5446.0,0.0,0.0,0.0,0.0,0.0,0.0
5447.0,0.0,0.0,0.0,0.0,0.0,0.0
5448.0,0.0,0.0,0.0,0.0,0.0,0.0
5449.0,0.0,0.0,0.0,0.0,0.0,0.0
5450.0,0.0,0.0,0.0,0.0,0.0,0.0
5451.0,0.0,0.0,0.0,0.0,0.0,0.0
5452.0,0.0,0.0,0.0,0.0,0.0,0.0
