timestamp_s,full_change,title_change,header_change,counter_change,hash_change,candidate_score
1.0,2.89351305582386e-07,0.0,0.0,0.0,0.0,2.4112608798532165e-05
2.0,1.7020721543303807e-07,0.0,0.0,0.0,0.0,1.4183934619419839e-05
3.0,1.7020721543303807e-07,0.0,0.0,0.0,0.0,1.4183934619419839e-05
4.0,1.7020721543303807e-07,0.0,0.0,0.0,0.0,1.4183934619419839e-05
5.0,1.7020721543303807e-07,0.0,0.0,0.0,0.0,1.4183934619419839e-05
6.0,1.7020721543303807e-07,0.0,0.0,0.0,0.0,1.4183934619419839e-05
7.0,1.7020721543303807e-07,0.0,0.0,0.0,0.0,1.4183934619419839e-05
8.0,0.0002214371197624132,0.00017541898705530912,0.0005860156379640102,0.00012323200644459575,0.001736111111111111,0.018453093313534435
9.0,1.480799141972966e-06,0.0,0.0,0.0,0.0,0.00012339992849774717
10.0,8.850785206959699e-07,0.0,0.0,0.0,0.0,7.375654339133082e-05
11.0,8.850785206959699e-07,0.0,0.0,0.0,0.0,7.375654339133082e-05
12.0,8.850785206959699e-07,0.0,0.0,0.0,0.0,7.375654339133082e-05
13.0,8.850785206959699e-07,0.0,0.0,0.0,0.0,7.375654339133082e-05
14.0,8.850785206959699e-07,0.0,0.0,0.0,0.0,7.375654339133082e-05
15.0,8.850785206959699e-07,0.0,0.0,0.0,0.0,7.375654339133082e-05
16.0,8.850785206959699e-07,0.0,0.0,0.0,0.0,7.375654339133082e-05
17.0,0.0,0.0,0.0,0.0,0.0,0.0
18.0,8.850785206959699e-07,0.0,0.0,0.0,0.0,7.375654339133082e-05
19.0,8.850785206959699e-07,0.0,0.0,0.0,0.0,7.375654339133082e-05
20.0,8.850785206959699e-07,0.0,0.0,0.0,0.0,7.375654339133082e-05
21.0,8.850785206959699e-07,0.0,0.0,0.0,0.0,7.375654339133082e-05
22.0,8.850785206959699e-07,0.0,0.0,0.0,0.0,7.375654339133082e-05
23.0,8.850785206959699e-07,0.0,0.0,0.0,0.0,7.375654339133082e-05
24.0,8.850785206959699e-07,0.0,0.0,0.0,0.0,7.375654339133082e-05
25.0,1.702069596376532e-08,0.0,0.0,0.0,0.0,1.4183913303137767e-06
26.0,9.020992024488805e-07,0.0,0.0,0.0,0.0,7.517493353740672e-05
27.0,8.850785206959699e-07,0.0,0.0,0.0,0.0,7.375654339133082e-05
28.0,8.850785206959699e-07,0.0,0.0,0.0,0.0,7.375654339133082e-05
29.0,8.850785206959699e-07,0.0,0.0,0.0,0.0,7.375654339133082e-05
30.0,8.850785206959699e-07,0.0,0.0,0.0,0.0,7.375654339133082e-05
31.0,8.850785206959699e-07,0.0,0.0,0.0,0.0,7.375654339133082e-05
32.0,8.850785206959699e-07,0.0,0.0,0.0,0.0,7.375654339133082e-05
33.0,1.2765515293722274e-06,0.0,0.0,0.0,0.0,0.00010637929411435228
34.0,1.480799141972966e-06,0.0,0.0,0.0,0.0,0.00012339992849774717
35.0,8.850785206959699e-07,0.0,0.0,0.0,0.0,7.375654339133082e-05
36.0,8.850785206959699e-07,0.0,0.0,0.0,0.0,7.375654339133082e-05
37.0,8.850785206959699e-07,0.0,0.0,0.0,0.0,7.375654339133082e-05
38.0,8.850785206959699e-07,0.0,0.0,0.0,0.0,7.375654339133082e-05
39.0,8.850785206959699e-07,0.0,0.0,0.0,0.0,7.375654339133082e-05
40.0,8.850785206959699e-07,0.0,0.0,0.0,0.0,7.375654339133082e-05
41.0,8.850785206959699e-07,0.0,0.0,0.0,0.0,7.375654339133082e-05
42.0,0.0,0.0,0.0,0.0,0.0,0.0
43.0,8.850785206959699e-07,0.0,0.0,0.0,0.0,7.375654339133082e-05
44.0,8.850785206959699e-07,0.0,0.0,0.0,0.0,7.375654339133082e-05
45.0,8.850785206959699e-07,0.0,0.0,0.0,0.0,7.375654339133082e-05
46.0,8.850785206959699e-07,0.0,0.0,0.0,0.0,7.375654339133082e-05
47.0,8.850785206959699e-07,0.0,0.0,0.0,0.0,7.375654339133082e-05
48.0,8.850785206959699e-07,0.0,0.0,0.0,0.0,7.375654339133082e-05
49.0,8.850785206959699e-07,0.0,0.0,0.0,0.0,7.375654339133082e-05
50.0,1.702069596376532e-08,0.0,0.0,0.0,0.0,1.4183913303137767e-06
51.0,9.020992024488805e-07,0.0,0.0,0.0,0.0,7.517493353740672e-05
52.0,8.850785206959699e-07,0.0,0.0,0.0,0.0,7.375654339133082e-05
53.0,8.850785206959699e-07,0.0,0.0,0.0,0.0,7.375654339133082e-05
54.0,8.850785206959699e-07,0.0,0.0,0.0,0.0,7.375654339133082e-05
55.0,8.850785206959699e-07,0.0,0.0,0.0,0.0,7.375654339133082e-05
56.0,8.850785206959699e-07,0.0,0.0,0.0,0.0,7.375654339133082e-05
57.0,8.850785206959699e-07,0.0,0.0,0.0,0.0,7.375654339133082e-05
58.0,1.2765515293722274e-06,0.0,0.0,0.0,0.0,0.00010637929411435228
59.0,1.480799141972966e-06,0.0,0.0,0.0,0.0,0.00012339992849774717
60.0,8.850785206959699e-07,0.0,0.0,0.0,0.0,7.375654339133082e-05
61.0,8.850785206959699e-07,0.0,0.0,0.0,0.0,7.375654339133082e-05
62.0,8.850785206959699e-07,0.0,0.0,0.0,0.0,7.375654339133082e-05
63.0,8.850785206959699e-07,0.0,0.0,0.0,0.0,7.375654339133082e-05
64.0,8.850785206959699e-07,0.0,0.0,0.0,0.0,7.375654339133082e-05
65.0,8.850785206959699e-07,0.0,0.0,0.0,0.0,7.375654339133082e-05
66.0,8.850785206959699e-07,0.0,0.0,0.0,0.0,7.375654339133082e-05
67.0,0.0,0.0,0.0,0.0,0.0,0.0
68.0,8.850785206959699e-07,0.0,0.0,0.0,0.0,7.375654339133082e-05
69.0,8.850785206959699e-07,0.0,0.0,0.0,0.0,7.375654339133082e-05
70.0,8.850785206959699e-07,0.0,0.0,0.0,0.0,7.375654339133082e-05
71.0,8.850785206959699e-07,0.0,0.0,0.0,0.0,7.375654339133082e-05
72.0,8.850785206959699e-07,0.0,0.0,0.0,0.0,7.375654339133082e-05
73.0,8.850785206959699e-07,0.0,0.0,0.0,0.0,7.375654339133082e-05
74.0,8.850785206959699e-07,0.0,0.0,0.0,0.0,7.375654339133082e-05
75.0,1.702069596376532e-08,0.0,0.0,0.0,0.0,1.4183913303137767e-06
76.0,9.020992024488805e-07,0.0,0.0,0.0,0.0,7.517493353740672e-05
77.0,8.850785206959699e-07,0.0,0.0,0.0,0.0,7.375654339133082e-05
78.0,8.850785206959699e-07,0.0,0.0,0.0,0.0,7.375654339133082e-05
79.0,8.850785206959699e-07,0.0,0.0,0.0,0.0,7.375654339133082e-05
80.0,8.850785206959699e-07,0.0,0.0,0.0,0.0,7.375654339133082e-05
81.0,8.850785206959699e-07,0.0,0.0,0.0,0.0,7.375654339133082e-05
82.0,8.850785206959699e-07,0.0,0.0,0.0,0.0,7.375654339133082e-05
83.0,1.2765515293722274e-06,0.0,0.0,0.0,0.0,0.00010637929411435228
84.0,1.480799141972966e-06,0.0,0.0,0.0,0.0,0.00012339992849774717
85.0,8.850785206959699e-07,0.0,0.0,0.0,0.0,7.375654339133082e-05
86.0,8.850785206959699e-07,0.0,0.0,0.0,0.0,7.375654339133082e-05
87.0,8.850785206959699e-07,0.0,0.0,0.0,0.0,7.375654339133082e-05
88.0,8.850785206959699e-07,0.0,0.0,0.0,0.0,7.375654339133082e-05
89.0,8.850785206959699e-07,0.0,0.0,0.0,0.0,7.375654339133082e-05
90.0,8.850785206959699e-07,0.0,0.0,0.0,0.0,7.375654339133082e-05
91.0,8.850785206959699e-07,0.0,0.0,0.0,0.0,7.375654339133082e-05
92.0,8.951182826422155e-05,0.00057461007963866,0.0,0.0,0.003472222222222222,0.023148148148148147
93.0,0.00017206219490617514,0.0011116905370727181,0.0,0.0,0.003472222222222222,0.027792263426817954
94.0,0.0002742714714258909,0.0017701643519103527,0.0,0.0,0.003472222222222222,0.04425410879775882
95.0,0.00016229231550823897,0.0010446655796840787,0.0,0.0,0.003472222222222222,0.026116639492101967
96.0,0.0003083468764089048,0.0019888486713171005,0.0,0.0,0.005208333333333333,0.04972121678292751
97.0,0.0003040236188098788,0.001961114350706339,0.0,0.0,0.001736111111111111,0.04902785876765847
98.0,0.0001587349979672581,0.0010216636583209038,0.0,0.0,0.003472222222222222,0.025541591458022594
99.0,0.00017541526176501065,0.0011295197764411569,0.0,0.0,0.001736111111111111,0.02823799441102892
100.0,0.0002527062315493822,0.0016331428196281195,0.0,0.0,0.005208333333333333,0.04082857049070299
101.0,0.0001607945014256984,0.0010337698040530086,0.0,0.0,0.005208333333333333,0.034722222222222224
102.0,0.00026594832888804376,0.0017148054903373122,0.0,0.0,0.005208333333333333,0.042870137258432806
103.0,0.00021054600074421614,0.0013574487529695034,0.0,0.0,0.001736111111111111,0.033936218824237585
104.0,0.0002772330481093377,0.0017676330171525478,0.0,0.0,0.006944444444444444,0.046296296296296294
105.0,0.00020932052575517446,1.1005748774550739e-06,0.0,0.0,0.006944444444444444,0.046296296296296294
106.0,0.0002716332965064794,0.0,0.0,0.0,0.005208333333333333,0.034722222222222224
107.0,0.00017178987036459148,0.0,0.0,0.0,0.003472222222222222,0.023148148148148147
108.0,0.00017851305892691016,6.636478065047413e-05,0.0,0.0,0.003472222222222222,0.023148148148148147
109.0,0.00027975215925835073,1.4307431683846517e-06,0.0,0.0,0.006944444444444444,0.046296296296296294
110.0,0.000264756876276806,0.0,0.0,0.0,0.001736111111111111,0.022063073023067165
111.0,8.215888374252245e-05,0.0,0.0,0.0,0.008680555555555556,0.05787037037037038
112.0,0.0,0.0,0.0,0.0,0.0,0.0
113.0,0.0,0.0,0.0,0.0,0.0,0.0
114.0,0.0,0.0,0.0,0.0,0.0,0.0
115.0,0.0,0.0,0.0,0.0,0.0,0.0
116.0,0.0,0.0,0.0,0.0,0.0,0.0
117.0,1.2867647456005216e-05,0.0,0.0,0.0,0.0,0.0010723039546671014
118.0,1.4127190297585912e-06,0.0,0.0,0.0,0.0,0.00011772658581321593
119.0,7.99975055087998e-07,0.0,0.0,0.0,0.0,6.666458792399983e-05
120.0,7.99975055087998e-07,0.0,0.0,0.0,0.0,6.666458792399983e-05
121.0,7.99975055087998e-07,0.0,0.0,0.0,0.0,6.666458792399983e-05
122.0,0.004219038411974907,0.0179767869412899,0.0,0.0,0.08680555555555555,0.5787037037037037
123.0,7.99975055087998e-07,0.0,0.0,0.0,0.0,6.666458792399983e-05
124.0,7.99975055087998e-07,0.0,0.0,0.0,0.0,6.666458792399983e-05
125.0,5.106209300720366e-06,0.0,0.0,0.0,0.0,0.00042551744172669714
126.0,9.020992024488805e-07,0.0,0.0,0.0,0.0,7.517493353740672e-05
127.0,8.850785206959699e-07,0.0,0.0,0.0,0.0,7.375654339133082e-05
128.0,8.850785206959699e-07,0.0,0.0,0.0,0.0,7.375654339133082e-05
129.0,8.850785206959699e-07,0.0,0.0,0.0,0.0,7.375654339133082e-05
130.0,8.850785206959699e-07,0.0,0.0,0.0,0.0,7.375654339133082e-05
131.0,8.850785206959699e-07,0.0,0.0,0.0,0.0,7.375654339133082e-05
132.0,8.850785206959699e-07,0.0,0.0,0.0,0.0,7.375654339133082e-05
133.0,1.2765515293722274e-06,0.0,0.0,0.0,0.0,0.00010637929411435228
134.0,1.480799141972966e-06,0.0,0.0,0.0,0.0,0.00012339992849774717
135.0,8.850785206959699e-07,0.0,0.0,0.0,0.0,7.375654339133082e-05
136.0,8.850785206959699e-07,0.0,0.0,0.0,0.0,7.375654339133082e-05
137.0,8.850785206959699e-07,0.0,0.0,0.0,0.0,7.375654339133082e-05
138.0,8.850785206959699e-07,0.0,0.0,0.0,0.0,7.375654339133082e-05
139.0,8.850785206959699e-07,0.0,0.0,0.0,0.0,7.375654339133082e-05
140.0,8.850785206959699e-07,0.0,0.0,0.0,0.0,7.375654339133082e-05
141.0,8.850785206959699e-07,0.0,0.0,0.0,0.0,7.375654339133082e-05
142.0,0.0,0.0,0.0,0.0,0.0,0.0
143.0,8.850785206959699e-07,0.0,0.0,0.0,0.0,7.375654339133082e-05
144.0,0.00013504218077287078,0.0008694539428688586,0.0,0.0,0.006944444444444444,0.046296296296296294
145.0,0.00019195939239580184,0.0012364956783130765,0.0,0.0,0.001736111111111111,0.030912391957826912
146.0,0.00041316033457405865,0.0026668026112020016,0.0,0.0,0.008680555555555556,0.06667006528005004
147.0,0.00015764568524900824,0.0010145098203793168,0.0,0.0,0.006944444444444444,0.046296296296296294
148.0,0.0003112914855591953,0.002007998526096344,0.0,0.0,0.005208333333333333,0.0501999631524086
149.0,0.00012358726235106587,0.0007942848023958504,0.0,0.0,0.001736111111111111,0.01985712005989626
150.0,0.0006462899618782103,0.004176552873104811,0.0,0.0,0.010416666666666666,0.10441382182762027
151.0,8.023554255487397e-05,0.0005123174632899463,0.0,0.0,0.0,0.012807936582248658
152.0,0.00010830266546690837,0.0006946827052161098,0.0,0.0,0.006944444444444444,0.046296296296296294
153.0,1.1148556041007396e-05,6.66948253638111e-05,0.0,0.0,0.001736111111111111,0.011574074074074073
154.0,0.00044706554035656154,0.0028858170844614506,0.0,0.0,0.003472222222222222,0.07214542711153626
155.0,0.00026036554481834173,0.0016787067288532853,0.0,0.0,0.001736111111111111,0.04196766822133213
156.0,8.425243868259713e-05,0.0005399420624598861,0.0,0.0,0.0,0.013498551561497152
157.0,7.489095992241346e-07,0.0,0.0,0.0,0.0,6.240913326867788e-05
158.0,1.114152473746799e-05,5.762467117165215e-05,0.0,0.0,0.0,0.0014406167792913038
159.0,1.480799141972966e-06,0.0,0.0,0.0,0.0,0.00012339992849774717
160.0,0.00011148555495310575,0.000715263478923589,0.0,0.0,0.0,0.017881586973089725
161.0,0.00011189404176548123,0.000718125025741756,0.0,0.0,0.0,0.0179531256435439
162.0,0.0002269879769301042,0.0014623337192460895,0.0,0.0,0.0,0.036558342981152236
163.0,0.00017669182852841914,0.0011374439345672727,0.0,0.0,0.0,0.028436098364181817
164.0,6.978477813390782e-07,0.0,0.0,0.0,0.0,5.8153981778256515e-05
165.0,6.978477813390782e-07,0.0,0.0,0.0,0.0,5.8153981778256515e-05
166.0,6.978477813390782e-07,0.0,0.0,0.0,0.0,5.8153981778256515e-05
167.0,9.082017641048878e-06,4.81596689496655e-05,0.0,0.0,0.0,0.0012039917237416375
168.0,8.850785206959699e-07,0.0,0.0,0.0,0.0,7.375654339133082e-05
169.0,8.850785206959699e-07,0.0,0.0,0.0,0.0,7.375654339133082e-05
170.0,8.850785206959699e-07,0.0,0.0,0.0,0.0,7.375654339133082e-05
171.0,8.850785206959699e-07,0.0,0.0,0.0,0.0,7.375654339133082e-05
172.0,8.850785206959699e-07,0.0,0.0,0.0,0.0,7.375654339133082e-05
173.0,8.850785206959699e-07,0.0,0.0,0.0,0.0,7.375654339133082e-05
174.0,8.850785206959699e-07,0.0,0.0,0.0,0.0,7.375654339133082e-05
175.0,1.702069596376532e-08,0.0,0.0,0.0,0.0,1.4183913303137767e-06
176.0,9.020992024488805e-07,0.0,0.0,0.0,0.0,7.517493353740672e-05
177.0,8.850785206959699e-07,0.0,0.0,0.0,0.0,7.375654339133082e-05
178.0,8.850785206959699e-07,0.0,0.0,0.0,0.0,7.375654339133082e-05
179.0,8.850785206959699e-07,0.0,0.0,0.0,0.0,7.375654339133082e-05
180.0,8.850785206959699e-07,0.0,0.0,0.0,0.0,7.375654339133082e-05
181.0,8.850785206959699e-07,0.0,0.0,0.0,0.0,7.375654339133082e-05
182.0,8.850785206959699e-07,0.0,0.0,0.0,0.0,7.375654339133082e-05
183.0,1.2765515293722274e-06,0.0,0.0,0.0,0.0,0.00010637929411435228
184.0,1.480799141972966e-06,0.0,0.0,0.0,0.0,0.00012339992849774717
185.0,8.850785206959699e-07,0.0,0.0,0.0,0.0,7.375654339133082e-05
186.0,8.850785206959699e-07,0.0,0.0,0.0,0.0,7.375654339133082e-05
187.0,8.850785206959699e-07,0.0,0.0,0.0,0.0,7.375654339133082e-05
188.0,8.850785206959699e-07,0.0,0.0,0.0,0.0,7.375654339133082e-05
189.0,8.850785206959699e-07,0.0,0.0,0.0,0.0,7.375654339133082e-05
190.0,8.850785206959699e-07,0.0,0.0,0.0,0.0,7.375654339133082e-05
191.0,0.0003387458564247936,0.0019594633486121893,0.0,0.0,0.006944444444444444,0.04898658371530473
192.0,0.00034444776247255504,0.0006156615563668311,0.0,0.0,0.0,0.028703980206046253
193.0,0.00031442323233932257,0.0017110634362325072,0.0,0.0,0.006944444444444444,0.046296296296296294
194.0,0.0005447132862173021,0.001192252617329359,0.0,0.0,0.010416666666666666,0.06944444444444445
195.0,8.340164185938193e-07,0.0,0.0,0.0,0.0,6.95013682161516e-05
196.0,0.0005452919867821038,0.0018106657080352306,0.0,0.0,0.005208333333333333,0.045440998898508646
197.0,8.340164185938193e-07,0.0,0.0,0.0,0.0,6.95013682161516e-05
198.0,8.340164185938193e-07,0.0,0.0,0.0,0.0,6.95013682161516e-05
199.0,8.340164185938193e-07,0.0,0.0,0.0,0.0,6.95013682161516e-05
200.0,1.649306977924425e-05,4.402308331918903e-05,0.0,0.0,0.0,0.0013744224816036876
201.0,1.1063467582062003e-06,0.0,0.0,0.0,0.0,9.219556318385003e-05
202.0,9.020992024488805e-07,0.0,0.0,0.0,0.0,7.517493353740672e-05
203.0,9.020992024488805e-07,0.0,0.0,0.0,0.0,7.517493353740672e-05
204.0,9.020992024488805e-07,0.0,0.0,0.0,0.0,7.517493353740672e-05
205.0,9.020992024488805e-07,0.0,0.0,0.0,0.0,7.517493353740672e-05
206.0,9.020992024488805e-07,0.0,0.0,0.0,0.0,7.517493353740672e-05
207.0,9.020992024488805e-07,0.0,0.0,0.0,0.0,7.517493353740672e-05
208.0,1.327613631474378e-06,0.0,0.0,0.0,0.0,0.0001106344692895315
209.0,1.5488819826714462e-06,0.0,0.0,0.0,0.0,0.00012907349855595385
210.0,9.020992024488805e-07,0.0,0.0,0.0,0.0,7.517493353740672e-05
211.0,9.020992024488805e-07,0.0,0.0,0.0,0.0,7.517493353740672e-05
212.0,9.020992024488805e-07,0.0,0.0,0.0,0.0,7.517493353740672e-05
213.0,9.020992024488805e-07,0.0,0.0,0.0,0.0,7.517493353740672e-05
214.0,9.020992024488805e-07,0.0,0.0,0.0,0.0,7.517493353740672e-05
215.0,9.020992024488805e-07,0.0,0.0,0.0,0.0,7.517493353740672e-05
216.0,9.020992024488805e-07,0.0,0.0,0.0,0.0,7.517493353740672e-05
217.0,0.0,0.0,0.0,0.0,0.0,0.0
218.0,9.020992024488805e-07,0.0,0.0,0.0,0.0,7.517493353740672e-05
219.0,9.020992024488805e-07,0.0,0.0,0.0,0.0,7.517493353740672e-05
220.0,9.020992024488805e-07,0.0,0.0,0.0,0.0,7.517493353740672e-05
221.0,9.020992024488805e-07,0.0,0.0,0.0,0.0,7.517493353740672e-05
222.0,9.020992024488805e-07,0.0,0.0,0.0,0.0,7.517493353740672e-05
223.0,0.0056488788686692715,0.030351320281624794,0.0,0.0,0.08506944444444445,0.7587830070406199
224.0,0.0,0.0,0.0,0.0,0.0,0.0
225.0,3.145967411910533e-06,1.192138029182388e-06,0.0,0.0,0.0,0.0002621639509925444
226.0,9.020992024488805e-07,0.0,0.0,0.0,0.0,7.517493353740672e-05
227.0,8.850785206959699e-07,0.0,0.0,0.0,0.0,7.375654339133082e-05
228.0,8.850785206959699e-07,0.0,0.0,0.0,0.0,7.375654339133082e-05
229.0,8.850785206959699e-07,0.0,0.0,0.0,0.0,7.375654339133082e-05
230.0,8.850785206959699e-07,0.0,0.0,0.0,0.0,7.375654339133082e-05
231.0,8.850785206959699e-07,0.0,0.0,0.0,0.0,7.375654339133082e-05
232.0,8.850785206959699e-07,0.0,0.0,0.0,0.0,7.375654339133082e-05
233.0,1.2765515293722274e-06,0.0,0.0,0.0,0.0,0.00010637929411435228
234.0,1.480799141972966e-06,0.0,0.0,0.0,0.0,0.00012339992849774717
235.0,8.850785206959699e-07,0.0,0.0,0.0,0.0,7.375654339133082e-05
236.0,8.850785206959699e-07,0.0,0.0,0.0,0.0,7.375654339133082e-05
237.0,8.850785206959699e-07,0.0,0.0,0.0,0.0,7.375654339133082e-05
238.0,8.850785206959699e-07,0.0,0.0,0.0,0.0,7.375654339133082e-05
239.0,8.850785206959699e-07,0.0,0.0,0.0,0.0,7.375654339133082e-05
240.0,8.850785206959699e-07,0.0,0.0,0.0,0.0,7.375654339133082e-05
241.0,8.850785206959699e-07,0.0,0.0,0.0,0.0,7.375654339133082e-05
242.0,0.0,0.0,0.0,0.0,0.0,0.0
243.0,8.850785206959699e-07,0.0,0.0,0.0,0.0,7.375654339133082e-05
244.0,8.850785206959699e-07,0.0,0.0,0.0,0.0,7.375654339133082e-05
245.0,8.850785206959699e-07,0.0,0.0,0.0,0.0,7.375654339133082e-05
246.0,8.850785206959699e-07,0.0,0.0,0.0,0.0,7.375654339133082e-05
247.0,8.850785206959699e-07,0.0,0.0,0.0,0.0,7.375654339133082e-05
248.0,8.850785206959699e-07,0.0,0.0,0.0,0.0,7.375654339133082e-05
249.0,8.850785206959699e-07,0.0,0.0,0.0,0.0,7.375654339133082e-05
250.0,1.702069596376532e-08,0.0,0.0,0.0,0.0,1.4183913303137767e-06
251.0,9.020992024488805e-07,0.0,0.0,0.0,0.0,7.517493353740672e-05
252.0,8.850785206959699e-07,0.0,0.0,0.0,0.0,7.375654339133082e-05
253.0,8.850785206959699e-07,0.0,0.0,0.0,0.0,7.375654339133082e-05
254.0,4.2551894807729695e-07,0.0,0.0,0.0,0.0,3.5459912339774746e-05
255.0,0.03843863680958748,0.0019892833661288023,0.0,0.00039223526255227625,0.19444444444444445,3.20321973413229
256.0,0.0,0.0,0.0,0.0,0.0,0.0
257.0,0.0,0.0,0.0,0.0,0.0,0.0
258.0,0.0,0.0,0.0,0.0,0.0,0.0
259.0,0.0,0.0,0.0,0.0,0.0,0.0
260.0,0.0,0.0,0.0,0.0,0.0,0.0
261.0,0.0,0.0,0.0,0.0,0.0,0.0
262.0,0.0,0.0,0.0,0.0,0.0,0.0
263.0,5.923200205870671e-06,0.0,0.0,0.0,0.0,0.0004936000171558893
264.0,0.00023339284234680235,0.0,0.0,0.0,0.0,0.019449403528900195
265.0,0.0,0.0,0.0,0.0,0.0,0.0
266.0,0.0,0.0,0.0,0.0,0.0,0.0
267.0,0.0,0.0,0.0,0.0,0.0,0.0
268.0,0.00020945665892213583,0.0,0.0,0.0,0.0,0.01745472157684465
269.0,0.0,0.0,0.0,0.0,0.0,0.0
270.0,0.0,0.0,0.0,0.0,0.0,0.0
271.0,5.31554724148009e-06,0.0,0.0,0.0,0.0,0.0004429622701233408
272.0,2.2126879173356429e-07,0.0,0.0,0.0,0.0,1.8439065977797025e-05
273.0,0.0,0.0,0.0,0.0,0.0,0.0
274.0,0.0,0.0,0.0,0.0,0.0,0.0
275.0,0.0,0.0,0.0,0.0,0.0,0.0
276.0,0.0,0.0,0.0,0.0,0.0,0.0
277.0,0.0004461294156499207,0.0,0.0,0.0,0.0,0.03717745130416006
278.0,0.0,0.0,0.0,0.0,0.0,0.0
279.0,0.0,0.0,0.0,0.0,0.0,0.0
280.0,1.3956976090412354e-06,0.0,0.0,0.0,0.0,0.00011630813408676961
281.0,0.0,0.0,0.0,0.0,0.0,0.0
282.0,0.0,0.0,0.0,0.0,0.0,0.0
283.0,0.0,0.0,0.0,0.0,0.0,0.0
284.0,0.0,0.0,0.0,0.0,0.0,0.0
285.0,0.0,0.0,0.0,0.0,0.0,0.0
286.0,0.0,0.0,0.0,0.0,0.0,0.0
287.0,0.0,0.0,0.0,0.0,0.0,0.0
288.0,0.0,0.0,0.0,0.0,0.0,0.0
289.0,0.0,0.0,0.0,0.0,0.0,0.0
290.0,0.0,0.0,0.0,0.0,0.0,0.0
291.0,0.0,0.0,0.0,0.0,0.0,0.0
292.0,0.0,0.0,0.0,0.0,0.0,0.0
293.0,0.0,0.0,0.0,0.0,0.0,0.0
294.0,0.0,0.0,0.0,0.0,0.0,0.0
295.0,0.0,0.0,0.0,0.0,0.0,0.0
296.0,1.2288941434235312e-05,0.0,0.0,0.0,0.0,0.0010240784528529427
297.0,4.76580083841327e-07,0.0,0.0,0.0,0.0,3.971500698677725e-05
298.0,0.00010840479808393866,0.0004115048795938492,0.0,0.0,0.006944444444444444,0.046296296296296294
299.0,0.0009378573158755898,0.005860450677573681,0.0,0.0,0.022569444444444444,0.15046296296296297
300.0,7.88398610893637e-05,0.0002774548775050789,0.0,0.0,0.0,0.006936371937626973
301.0,0.0,0.0,0.0,0.0,0.0,0.0
302.0,0.0,0.0,0.0,0.0,0.0,0.0
303.0,0.0,0.0,0.0,0.0,0.0,0.0
304.0,0.0,0.0,0.0,0.0,0.0,0.0
305.0,8.595464350946713e-06,4.4463326048571616e-05,0.0,0.0,0.0,0.0011115831512142904
306.0,0.0,0.0,0.0,0.0,0.0,0.0
307.0,1.7020436615666767e-08,1.1005581512790741e-07,0.0,0.0,0.0,2.751395378197685e-06
308.0,0.001135348342359066,0.006543136667460203,0.0,0.0,0.029513888888888888,0.19675925925925927
309.0,0.0,0.0,0.0,0.0,0.0,0.0
310.0,0.0,0.0,0.0,0.0,0.0,0.0
311.0,0.0,0.0,0.0,0.0,0.0,0.0
312.0,0.0,0.0,0.0,0.0,0.0,0.0
313.0,0.0,0.0,0.0,0.0,0.0,0.0
314.0,0.0,0.0,0.0,0.0,0.0,0.0
315.0,0.0,0.0,0.0,0.0,0.0,0.0
316.0,0.0,0.0,0.0,0.0,0.0,0.0
317.0,0.0,0.0,0.0,0.0,0.0,0.0
318.0,0.0,0.0,0.0,0.0,0.0,0.0
319.0,0.0,0.0,0.0,0.0,0.0,0.0
320.0,0.0,0.0,0.0,0.0,0.0,0.0
321.0,2.2126930332433403e-07,0.0,0.0,0.0,0.0,1.843910861036117e-05
322.0,2.2126930332433403e-07,0.0,0.0,0.0,0.0,1.843910861036117e-05
323.0,0.0,0.0,0.0,0.0,0.0,0.0
324.0,0.0,0.0,0.0,0.0,0.0,0.0
325.0,0.0,0.0,0.0,0.0,0.0,0.0
326.0,0.0,0.0,0.0,0.0,0.0,0.0
327.0,0.0,0.0,0.0,0.0,0.0,0.0
328.0,0.0,0.0,0.0,0.0,0.0,0.0
329.0,0.0,0.0,0.0,0.0,0.0,0.0
330.0,0.0,0.0,0.0,0.0,0.0,0.0
331.0,0.0,0.0,0.0,0.0,0.0,0.0
332.0,0.0,0.0,0.0,0.0,0.0,0.0
333.0,0.0,0.0,0.0,0.0,0.0,0.0
334.0,0.0,0.0,0.0,0.0,0.0,0.0
335.0,0.0,0.0,0.0,0.0,0.0,0.0
336.0,0.0,0.0,0.0,0.0,0.0,0.0
337.0,0.03780115023255348,0.020966770127415657,0.3919726610183716,0.003754103323444724,0.2517361111111111,3.15009585271279
338.0,0.0,0.0,0.0,0.0,0.0,0.0
339.0,0.0,0.0,0.0,0.0,0.0,0.0
340.0,0.0,0.0,0.0,0.0,0.0,0.0
341.0,0.0,0.0,0.0,0.0,0.0,0.0
342.0,0.0001337996800430119,0.0008651618263684213,0.0,0.0,0.003472222222222222,0.023148148148148147
343.0,0.0,0.0,0.0,0.0,0.0,0.0
344.0,0.00043443619506433606,0.002809107070788741,0.0,0.0,0.008680555555555556,0.07022767676971853
345.0,0.00022499656188301742,0.0014548498438671231,0.0,0.0,0.003472222222222222,0.03637124609667808
346.0,0.000164913508342579,0.0010663468856364489,0.0,0.0,0.001736111111111111,0.02665867214091122
347.0,0.00010782609024317935,0.0006972140981815755,0.0,0.0,0.0,0.01743035245453939
348.0,0.0,0.0,0.0,0.0,0.0,0.0
349.0,0.0,0.0,0.0,0.0,0.0,0.0
350.0,1.1335780072840862e-05,7.329827349167317e-05,0.0,0.0,0.001736111111111111,0.011574074074074073
351.0,0.0001221575221279636,0.000789882440585643,0.0,0.0,0.0,0.019747061014641076
352.0,4.093477036803961e-05,0.00026468822034075856,0.0,0.0,0.0,0.006617205508518964
353.0,0.0003881398879457265,0.002509750658646226,0.0,0.0,0.010416666666666666,0.06944444444444445
354.0,0.00021788191224914044,0.0014088456518948078,0.0,0.0,0.005208333333333333,0.035221141297370195
355.0,0.00017846196715254337,0.0011539525585249066,0.0,0.0,0.003472222222222222,0.028848813963122666
356.0,8.455880742985755e-05,0.0005467655137181282,0.0,0.0,0.0,0.013669137842953205
357.0,0.0,0.0,0.0,0.0,0.0,0.0
358.0,7.555486081400886e-05,0.0004885451635345817,0.0,0.0,0.0,0.012213629088364542
359.0,9.826046880334616e-05,0.0006353618227876723,0.0,0.0,0.0,0.015884045569691807
360.0,0.0005654615233652294,0.003656329121440649,0.0,0.0,0.017361111111111112,0.11574074074074076
361.0,0.00020746522932313383,0.0012191066052764654,0.0,0.0,0.003472222222222222,0.030477665131911635
362.0,0.0002181372110499069,0.001410056371241808,0.0,0.0,0.001736111111111111,0.0352514092810452
363.0,6.889976793900132e-05,0.00044364164932630956,0.0,0.0,0.0,0.011091041233157739
364.0,0.0,0.0,0.0,0.0,0.0,0.0
365.0,0.0,0.0,0.0,0.0,0.0,0.0
366.0,5.770014013251057e-06,3.7309477193048224e-05,0.0,0.0,0.001736111111111111,0.011574074074074073
367.0,0.00035404745722189546,0.00016046379460021853,0.0,0.0,0.005208333333333333,0.034722222222222224
368.0,0.0002796159533318132,0.0001820350589696318,0.0,0.0,0.005208333333333333,0.034722222222222224
369.0,0.0,0.0,0.0,0.0,0.0,0.0
370.0,0.0,0.0,0.0,0.0,0.0,0.0
371.0,0.0002650462556630373,3.301716787973419e-06,0.0,0.0,0.006944444444444444,0.046296296296296294
372.0,0.00041986649739556015,0.0,0.0,0.0,0.006944444444444444,0.046296296296296294
373.0,3.851782457786612e-05,0.0,0.0,0.0,0.0,0.003209818714822177
374.0,0.0,0.0,0.0,0.0,0.0,0.0
375.0,0.0,0.0,0.0,0.0,0.0,0.0
376.0,0.0,0.0,0.0,0.0,0.0,0.0
377.0,0.0,0.0,0.0,0.0,0.0,0.0
378.0,0.0,0.0,0.0,0.0,0.0,0.0
379.0,0.0,0.0,0.0,0.0,0.0,0.0
380.0,5.650871116813505e-06,0.0,0.0,0.0,0.0,0.0004709059264011254
381.0,0.0,0.0,0.0,0.0,0.0,0.0
382.0,0.0002878709929063916,0.0,0.0,0.0,0.006944444444444444,0.046296296296296294
383.0,0.0002912240452133119,0.0,0.0,0.0,0.001736111111111111,0.024268670434442658
384.0,0.00013897396274842322,0.0,0.0,0.0,0.003472222222222222,0.023148148148148147
385.0,0.0003290270396973938,0.0,0.0,0.0,0.008680555555555556,0.05787037037037038
386.0,0.00033343539689667523,0.0,0.0,0.0,0.005208333333333333,0.034722222222222224
387.0,0.0001792960101738572,0.0,0.0,0.0,0.005208333333333333,0.034722222222222224
388.0,0.0002229030360467732,0.0,0.0,0.0,0.006944444444444444,0.046296296296296294
389.0,0.00012852325744461268,0.0,0.0,0.0,0.003472222222222222,0.023148148148148147
390.0,0.0,0.0,0.0,0.0,0.0,0.0
391.0,0.0,0.0,0.0,0.0,0.0,0.0
392.0,0.00020433342433534563,0.00132123997900635,0.0,0.0,0.001736111111111111,0.03303099947515875
393.0,0.00013631873298436403,0.0008814503089524806,0.0,0.0,0.001736111111111111,0.022036257723812014
394.0,0.00040449679363518953,0.0026149654295295477,0.0,0.0,0.005208333333333333,0.06537413573823869
395.0,0.0002521105343475938,0.001627860008738935,0.0,0.0,0.005208333333333333,0.040696500218473375
396.0,4.214323780615814e-05,0.00025291205383837223,0.0,0.0,0.003472222222222222,0.023148148148148147
397.0,0.0,0.0,0.0,0.0,0.0,0.0
398.0,0.0,0.0,0.0,0.0,0.0,0.0
399.0,0.0,0.0,0.0,0.0,0.0,0.0
400.0,0.0,0.0,0.0,0.0,0.0,0.0
401.0,0.0,0.0,0.0,0.0,0.0,0.0
402.0,6.343611312331632e-05,0.00041018411866389215,0.0,0.0,0.005208333333333333,0.034722222222222224
403.0,1.9914198219339596e-06,1.2876715118181892e-05,0.0,0.0,0.0,0.0003219178779545473
404.0,0.0,0.0,0.0,0.0,0.0,0.0
405.0,7.829492005839711e-07,5.062625859864056e-06,0.0,0.0,0.0,0.0001265656464966014
406.0,0.0,0.0,0.0,0.0,0.0,0.0
407.0,0.0,0.0,0.0,0.0,0.0,0.0
408.0,0.0,0.0,0.0,0.0,0.0,0.0
409.0,0.0,0.0,0.0,0.0,0.0,0.0
410.0,0.0,0.0,0.0,0.0,0.0,0.0
411.0,0.0,0.0,0.0,0.0,0.0,0.0
412.0,0.0,0.0,0.0,0.0,0.0,0.0
413.0,0.0,0.0,0.0,0.0,0.0,0.0
414.0,0.00010249863407807425,0.0006627661059610546,0.0,0.0,0.003472222222222222,0.023148148148148147
415.0,0.00011647260544123128,0.0007531233131885529,0.0,0.0,0.003472222222222222,0.023148148148148147
416.0,0.00018847013416234404,0.001218666322529316,0.0,0.0,0.001736111111111111,0.0304666580632329
417.0,0.0,0.0,0.0,0.0,0.0,0.0
418.0,0.0,0.0,0.0,0.0,0.0,0.0
419.0,0.0,0.0,0.0,0.0,0.0,0.0
420.0,0.0,0.0,0.0,0.0,0.0,0.0
421.0,3.3700925996527076e-06,2.179134935431648e-05,0.0,0.0,0.001736111111111111,0.011574074074074073
422.0,0.0,0.0,0.0,0.0,0.0,0.0
423.0,0.0,0.0,0.0,0.0,0.0,0.0
424.0,0.04340111091732979,0.038676679134368896,0.3919726610183716,0.003754103323444724,0.3055555555555556,3.6167592431108155
425.0,2.2126930332433403e-07,0.0,0.0,0.0,0.0,1.843910861036117e-05
426.0,0.0,0.0,0.0,0.0,0.0,0.0
427.0,0.0,0.0,0.0,0.0,0.0,0.0
428.0,0.0001876361493486911,0.0,0.0,0.0,0.0,0.015636345779057592
429.0,0.043759893625974655,0.03868009150028229,0.3919726610183716,0.003754103323444724,0.3055555555555556,3.6466578021645546
430.0,1.8212134591522045e-06,6.9336165324784815e-06,0.0,0.0,0.0,0.00017334041331196204
431.0,0.0,0.0,0.0,0.0,0.0,0.0
432.0,0.0,0.0,0.0,0.0,0.0,0.0
433.0,0.0,0.0,0.0,0.0,0.0,0.0
434.0,0.0,0.0,0.0,0.0,0.0,0.0
435.0,0.0,0.0,0.0,0.0,0.0,0.0
436.0,0.0,0.0,0.0,0.0,0.0,0.0
437.0,0.0,0.0,0.0,0.0,0.0,0.0
438.0,0.0,0.0,0.0,0.0,0.0,0.0
439.0,0.0,0.0,0.0,0.0,0.0,0.0
440.0,0.0,0.0,0.0,0.0,0.0,0.0
441.0,0.00026162510039284825,0.0,0.0,0.0,0.005208333333333333,0.034722222222222224
442.0,0.0002868497685994953,0.0,0.0,0.0,0.006944444444444444,0.046296296296296294
443.0,0.0003512220282573253,0.0,0.0,0.0,0.003472222222222222,0.029268502354777105
444.0,0.0002465106954332441,0.0,0.0,0.0,0.006944444444444444,0.046296296296296294
445.0,0.0001048134290613234,0.0,0.0,0.0,0.003472222222222222,0.023148148148148147
446.0,2.8254346034373157e-05,0.0,0.0,0.0,0.001736111111111111,0.011574074074074073
447.0,0.00028196480707265437,0.0,0.0,0.0,0.006944444444444444,0.046296296296296294
448.0,0.0003360906266607344,0.0,0.0,0.0,0.003472222222222222,0.028007552221727867
449.0,0.00033906922908499837,0.0,0.0,0.0,0.010416666666666666,0.06944444444444445
450.0,0.0002443150442559272,0.0,0.0,0.0,0.006944444444444444,0.046296296296296294
451.0,3.404139192753064e-08,0.0,0.0,0.0,0.0,2.8367826606275535e-06
452.0,0.0,0.0,0.0,0.0,0.0,0.0
453.0,0.0,0.0,0.0,0.0,0.0,0.0
454.0,0.0001923508825711906,6.9336165324784815e-06,0.0,0.0,0.003472222222222222,0.023148148148148147
455.0,6.551265687448904e-05,6.9336165324784815e-06,0.0,0.0,0.003472222222222222,0.023148148148148147
456.0,4.008373070973903e-05,0.0,0.0,0.0,0.0,0.0033403108924782523
457.0,5.9095851611346006e-05,0.0,0.0,0.0,0.0,0.004924654300945501
458.0,4.404955689096823e-05,0.0,0.0,0.0,0.0,0.003670796407580686
459.0,0.0,0.0,0.0,0.0,0.0,0.0
460.0,0.0,0.0,0.0,0.0,0.0,0.0
461.0,0.0,0.0,0.0,0.0,0.0,0.0
462.0,3.23563399433624e-05,0.0,0.0,0.0,0.001736111111111111,0.011574074074074073
463.0,0.00029011775040999055,0.0,0.0,0.0,0.005208333333333333,0.034722222222222224
464.0,8.158018317772076e-05,0.0,0.0,0.0,0.001736111111111111,0.011574074074074073
465.0,0.0,0.0,0.0,0.0,0.0,0.0
466.0,0.0,0.0,0.0,0.0,0.0,0.0
467.0,0.0001892871514428407,1.2546550351544283e-05,0.0,0.0,0.003472222222222222,0.023148148148148147
468.0,0.00041215610690414906,0.0,0.0,0.0,0.006944444444444444,0.046296296296296294
469.0,0.0,0.0,0.0,0.0,0.0,0.0
470.0,0.0,0.0,0.0,0.0,0.0,0.0
471.0,0.00013310182839632034,0.0,0.0,0.0,0.006944444444444444,0.046296296296296294
472.0,0.0007680928683839738,0.0,0.0,0.0,0.020833333333333332,0.1388888888888889
473.0,8.961394632933661e-05,0.0,0.0,0.0,0.0,0.0074678288607780505
474.0,0.0,0.0,0.0,0.0,0.0,0.0
475.0,0.0,0.0,0.0,0.0,0.0,0.0
476.0,0.0,0.0,0.0,0.0,0.0,0.0
477.0,0.0,0.0,0.0,0.0,0.0,0.0
478.0,0.00020309092360548675,0.0013132058084011078,0.0,0.0,0.001736111111111111,0.032830145210027695
479.0,9.315425268141553e-05,0.0005357597256079316,0.0,0.0,0.003472222222222222,0.023148148148148147
480.0,0.00018659787019714713,0.0011931330664083362,0.0,0.0,0.001736111111111111,0.029828326660208404
481.0,3.404165127562919e-08,0.0,0.0,0.0,0.0,2.8368042729690992e-06
482.0,0.0,0.0,0.0,0.0,0.0,0.0
483.0,7.812498552084435e-06,5.051638072472997e-05,0.0,0.0,0.0,0.0012629095181182493
484.0,0.00012625950330402702,0.0008164063328877091,0.0,0.0,0.0,0.02041015832219273
485.0,0.00031563176889903843,0.0020409058779478073,0.0,0.0,0.010416666666666666,0.06944444444444445
486.0,0.0002329281996935606,0.0015061364974826574,0.0,0.0,0.001736111111111111,0.037653412437066436
487.0,6.80825280596764e-08,4.402282911541988e-07,0.0,0.0,0.0,1.100570727885497e-05
488.0,0.0002481957490090281,0.0016046379460021853,0.0,0.0,0.001736111111111111,0.040115948650054634
489.0,0.0,0.0,0.0,0.0,0.0,0.0
490.0,0.0,0.0,0.0,0.0,0.0,0.0
491.0,0.0,0.0,0.0,0.0,0.0,0.0
492.0,0.0,0.0,0.0,0.0,0.0,0.0
493.0,0.0,0.0,0.0,0.0,0.0,0.0
494.0,0.0,0.0,0.0,0.0,0.0,0.0
495.0,0.0,0.0,0.0,0.0,0.0,0.0
496.0,2.025464027610724e-06,1.3096849215799011e-05,0.0,0.0,0.0,0.0003274212303949753
497.0,0.0,0.0,0.0,0.0,0.0,0.0
498.0,0.0,0.0,0.0,0.0,0.0,0.0
499.0,0.0,0.0,0.0,0.0,0.0,0.0
500.0,0.0,0.0,0.0,0.0,0.0,0.0
501.0,0.0,0.0,0.0,0.0,0.0,0.0
502.0,0.0,0.0,0.0,0.0,0.0,0.0
503.0,0.0,0.0,0.0,0.0,0.0,0.0
504.0,2.8424553875083802e-06,4.9525860958965495e-06,0.0,0.0,0.0,0.000236871282292365
505.0,6.055962876416743e-05,4.9525860958965495e-06,0.0,0.0,0.003472222222222222,0.023148148148148147
506.0,0.00018086189811583608,0.0,0.0,0.0,0.003472222222222222,0.023148148148148147
507.0,0.0,0.0,0.0,0.0,0.0,0.0
508.0,0.0,0.0,0.0,0.0,0.0,0.0
509.0,0.0,0.0,0.0,0.0,0.0,0.0
510.0,0.0,0.0,0.0,0.0,0.0,0.0
511.0,0.0,0.0,0.0,0.0,0.0,0.0
512.0,0.0,0.0,0.0,0.0,0.0,0.0
513.0,2.825437832143507e-06,0.0,0.0,0.0,0.0,0.00023545315267862557
514.0,0.0,0.0,0.0,0.0,0.0,0.0
515.0,0.0002496765519026667,0.0,0.0,0.0,0.001736111111111111,0.020806379325222224
516.0,7.718884444329888e-05,0.0,0.0,0.0,0.003472222222222222,0.023148148148148147
517.0,7.519742212025449e-05,0.0,0.0,0.0,0.003472222222222222,0.023148148148148147
518.0,0.0,0.0,0.0,0.0,0.0,0.0
519.0,0.0,0.0,0.0,0.0,0.0,0.0
520.0,0.0,0.0,0.0,0.0,0.0,0.0
521.0,0.0,0.0,0.0,0.0,0.0,0.0
522.0,0.0,0.0,0.0,0.0,0.0,0.0
523.0,0.0,0.0,0.0,0.0,0.0,0.0
524.0,0.0,0.0,0.0,0.0,0.0,0.0
525.0,0.0,0.0,0.0,0.0,0.0,0.0
526.0,0.0,0.0,0.0,0.0,0.0,0.0
527.0,0.00012622546637430787,0.0,0.0,0.0,0.003472222222222222,0.023148148148148147
528.0,2.3709826564299874e-05,0.0,0.0,0.0,0.0,0.001975818880358323
529.0,6.0270274843787774e-05,4.9525860958965495e-06,0.0,0.0,0.001736111111111111,0.011574074074074073
530.0,2.8424553875083802e-06,4.9525860958965495e-06,0.0,0.0,0.0,0.000236871282292365
531.0,0.0,0.0,0.0,0.0,0.0,0.0
532.0,0.0,0.0,0.0,0.0,0.0,0.0
533.0,0.0,0.0,0.0,0.0,0.0,0.0
534.0,0.00016617303481325507,0.0,0.0,0.0,0.006944444444444444,0.046296296296296294
535.0,0.00021812018530908972,0.0,0.0,0.0,0.003472222222222222,0.023148148148148147
536.0,8.430349407717586e-05,0.0,0.0,0.0,0.003472222222222222,0.023148148148148147
537.0,5.072166459285654e-06,0.0,0.0,0.0,0.0,0.00042268053827380453
538.0,4.067942882102216e-06,0.0,0.0,0.0,0.0,0.0003389952401751846
539.0,0.00015250541036948562,0.0,0.0,0.0,0.005208333333333333,0.034722222222222224
540.0,0.00012688926653936505,0.0,0.0,0.0,0.003472222222222222,0.023148148148148147
541.0,0.00011521307897055522,0.0,0.0,0.0,0.005208333333333333,0.034722222222222224
542.0,0.00015301605162676424,0.0,0.0,0.0,0.001736111111111111,0.012751337635563686
543.0,0.00020566103921737522,0.0,0.0,0.0,0.0,0.017138419934781268
544.0,7.492509030271322e-05,0.0,0.0,0.0,0.001736111111111111,0.011574074074074073
545.0,0.0,0.0,0.0,0.0,0.0,0.0
546.0,6.82530298945494e-06,0.0,0.0,0.0,0.0,0.000568775249121245
547.0,0.0,0.0,0.0,0.0,0.0,0.0
548.0,0.0,0.0,0.0,0.0,0.0,0.0
549.0,0.0,0.0,0.0,0.0,0.0,0.0
550.0,0.0,0.0,0.0,0.0,0.0,0.0
551.0,0.0,0.0,0.0,0.0,0.0,0.0
552.0,0.0,0.0,0.0,0.0,0.0,0.0
553.0,0.0,0.0,0.0,0.0,0.0,0.0
554.0,3.4041381695715245e-06,4.9525860958965495e-06,0.0,0.0,0.0,0.000283678180797627
555.0,8.081425039563328e-05,0.0005054939538240433,0.0,0.0,0.003472222222222222,0.023148148148148147
556.0,0.00017907473375089467,0.001157474354840815,0.0,0.0,0.001736111111111111,0.028936858871020377
557.0,0.0001579009840497747,0.0010207830928266048,0.0,0.0,0.0,0.02551957732066512
558.0,9.829450573306531e-05,0.000635581964161247,0.0,0.0,0.0,0.015889549104031175
559.0,0.0,0.0,0.0,0.0,0.0,0.0
560.0,0.0,0.0,0.0,0.0,0.0,0.0
561.0,0.0,0.0,0.0,0.0,0.0,0.0
562.0,0.0,0.0,0.0,0.0,0.0,0.0
563.0,6.689138444926357e-06,3.554860086296685e-05,0.0,0.0,0.0,0.0008887150215741713
564.0,0.0,0.0,0.0,0.0,0.0,0.0
565.0,0.0,0.0,0.0,0.0,0.0,0.0
566.0,0.0,0.0,0.0,0.0,0.0,0.0
567.0,0.0,0.0,0.0,0.0,0.0,0.0
568.0,0.0,0.0,0.0,0.0,0.0,0.0
569.0,0.0,0.0,0.0,0.0,0.0,0.0
570.0,0.0,0.0,0.0,0.0,0.0,0.0
571.0,0.0,0.0,0.0,0.0,0.0,0.0
572.0,0.0,0.0,0.0,0.0,0.0,0.0
573.0,0.0,0.0,0.0,0.0,0.0,0.0
574.0,0.0,0.0,0.0,0.0,0.0,0.0
575.0,0.0,0.0,0.0,0.0,0.0,0.0
576.0,0.0,0.0,0.0,0.0,0.0,0.0
577.0,0.0,0.0,0.0,0.0,0.0,0.0
578.0,0.0,0.0,0.0,0.0,0.0,0.0
579.0,3.914758053724654e-06,8.584475835959893e-06,0.0,0.0,0.0,0.00032622983781038783
580.0,3.914758053724654e-06,8.584475835959893e-06,0.0,0.0,0.0,0.00032622983781038783
581.0,0.0,0.0,0.0,0.0,0.0,0.0
582.0,0.0,0.0,0.0,0.0,0.0,0.0
583.0,0.0,0.0,0.0,0.0,0.0,0.0
584.0,0.0,0.0,0.0,0.0,0.0,0.0
585.0,0.0,0.0,0.0,0.0,0.0,0.0
586.0,0.0,0.0,0.0,0.0,0.0,0.0
587.0,0.0,0.0,0.0,0.0,0.0,0.0
588.0,0.0,0.0,0.0,0.0,0.0,0.0
589.0,0.0,0.0,0.0,0.0,0.0,0.0
590.0,0.0,0.0,0.0,0.0,0.0,0.0
591.0,0.0,0.0,0.0,0.0,0.0,0.0
592.0,0.0,0.0,0.0,0.0,0.0,0.0
593.0,0.0,0.0,0.0,0.0,0.0,0.0
594.0,0.0,0.0,0.0,0.0,0.0,0.0
595.0,0.0,0.0,0.0,0.0,0.0,0.0
596.0,0.0,0.0,0.0,0.0,0.0,0.0
597.0,0.0,0.0,0.0,0.0,0.0,0.0
598.0,0.0,0.0,0.0,0.0,0.0,0.0
599.0,0.0,0.0,0.0,0.0,0.0,0.0
600.0,0.0,0.0,0.0,0.0,0.0,0.0
601.0,0.0,0.0,0.0,0.0,0.0,0.0
602.0,0.0003335375222377479,0.002156686270609498,0.0,0.0,0.003472222222222222,0.05391715676523745
603.0,0.00020688652875833213,0.0013338964199647307,0.0,0.0,0.001736111111111111,0.03334741049911827
604.0,3.965820724260993e-06,7.593970622110646e-06,0.0,0.0,0.0,0.0003304850603550828
605.0,3.4041381695715245e-06,4.9525860958965495e-06,0.0,0.0,0.0,0.000283678180797627
606.0,0.0,0.0,0.0,0.0,0.0,0.0
607.0,0.0,0.0,0.0,0.0,0.0,0.0
608.0,0.0,0.0,0.0,0.0,0.0,0.0
609.0,0.0,0.0,0.0,0.0,0.0,0.0
610.0,0.0,0.0,0.0,0.0,0.0,0.0
611.0,0.0,0.0,0.0,0.0,0.0,0.0
612.0,0.0,0.0,0.0,0.0,0.0,0.0
613.0,0.0,0.0,0.0,0.0,0.0,0.0
614.0,0.0,0.0,0.0,0.0,0.0,0.0
615.0,0.00015381601406261325,0.0,0.0,0.0,0.003472222222222222,0.023148148148148147
616.0,0.0001624284777790308,0.0,0.0,0.0,0.006944444444444444,0.046296296296296294
617.0,1.0212404788489948e-07,0.0,0.0,0.0,0.0,8.510337323741624e-06
618.0,0.00037460846942849457,0.0,0.0,0.0,0.003472222222222222,0.031217372452374548
619.0,0.0001711941440589726,0.0,0.0,0.0,0.006944444444444444,0.046296296296296294
620.0,0.00046667337301187217,0.0,0.0,0.0,0.006944444444444444,0.046296296296296294
621.0,1.2408109796524514e-05,0.0,0.0,0.0,0.0,0.001034009149710376
622.0,0.00019308274204377085,0.0,0.0,0.0,0.006944444444444444,0.046296296296296294
623.0,0.0006412546499632299,0.0,0.0,0.0,0.008680555555555556,0.05787037037037038
624.0,6.808174646266707e-08,0.0,0.0,0.0,0.0,5.673478871888922e-06
625.0,4.816855835088063e-06,0.0,0.0,0.0,0.0,0.00040140465292400523
626.0,0.00048401745152659714,0.0,0.0,0.0,0.003472222222222222,0.04033478762721643
627.0,3.753062628675252e-05,0.0,0.0,0.0,0.005208333333333333,0.034722222222222224
628.0,0.0,0.0,0.0,0.0,0.0,0.0
629.0,1.2186817002657335e-05,4.9525860958965495e-06,0.0,0.0,0.0,0.001015568083554778
630.0,0.00017978958203457296,4.9525860958965495e-06,0.0,0.0,0.005208333333333333,0.034722222222222224
631.0,5.424495611805469e-05,0.0,0.0,0.0,0.0,0.004520413009837891
632.0,0.00017311748524662107,0.0,0.0,0.0,0.001736111111111111,0.014426457103885088
633.0,0.00022106476535554975,0.0,0.0,0.0,0.001736111111111111,0.018422063779629145
634.0,0.00016065832460299134,0.0,0.0,0.0,0.0,0.013388193716915945
635.0,4.370914030005224e-05,0.0,0.0,0.0,0.0,0.0036424283583376864
636.0,7.712077058386058e-05,0.0,0.0,0.0,0.0,0.006426730881988381
637.0,0.0,0.0,0.0,0.0,0.0,0.0
638.0,9.616699571779463e-06,0.0,0.0,0.0,0.0,0.0008013916309816219
639.0,0.0,0.0,0.0,0.0,0.0,0.0
640.0,0.0,0.0,0.0,0.0,0.0,0.0
641.0,0.0,0.0,0.0,0.0,0.0,0.0
642.0,0.0,0.0,0.0,0.0,0.0,0.0
643.0,0.0,0.0,0.0,0.0,0.0,0.0
644.0,0.0,0.0,0.0,0.0,0.0,0.0
645.0,0.0,0.0,0.0,0.0,0.0,0.0
646.0,0.0,0.0,0.0,0.0,0.0,0.0
647.0,0.0,0.0,0.0,0.0,0.0,0.0
648.0,0.0,0.0,0.0,0.0,0.0,0.0
649.0,0.0,0.0,0.0,0.0,0.0,0.0
650.0,0.0,0.0,0.0,0.0,0.0,0.0
651.0,0.0,0.0,0.0,0.0,0.0,0.0
652.0,0.00012777434312738478,0.0,0.0,0.0,0.0,0.010647861927282065
653.0,0.00020729501557070762,0.0,0.0,0.0,0.001736111111111111,0.017274584630892303
654.0,4.59558623333578e-06,4.9525860958965495e-06,0.0,0.0,0.0,0.00038296551944464835
655.0,4.187090780760627e-06,4.9525860958965495e-06,0.0,0.0,0.0,0.00034892423173005227
656.0,7.158903463277966e-05,0.0,0.0,0.0,0.0,0.005965752886064972
657.0,0.00023485152632929385,0.0,0.0,0.0,0.001736111111111111,0.019570960527441155
658.0,7.432937127305195e-05,0.0,0.0,0.0,0.0,0.006194114272754329
659.0,0.0,0.0,0.0,0.0,0.0,0.0
660.0,0.0,0.0,0.0,0.0,0.0,0.0
661.0,0.0,0.0,0.0,0.0,0.0,0.0
662.0,0.0,0.0,0.0,0.0,0.0,0.0
663.0,3.1488259537582053e-06,0.0,0.0,0.0,0.0,0.0002624021628131838
664.0,0.0,0.0,0.0,0.0,0.0,0.0
665.0,0.0,0.0,0.0,0.0,0.0,0.0
666.0,0.0,0.0,0.0,0.0,0.0,0.0
667.0,0.0,0.0,0.0,0.0,0.0,0.0
668.0,0.0,0.0,0.0,0.0,0.0,0.0
669.0,0.0,0.0,0.0,0.0,0.0,0.0
670.0,0.0,0.0,0.0,0.0,0.0,0.0
671.0,0.0,0.0,0.0,0.0,0.0,0.0
672.0,0.0,0.0,0.0,0.0,0.0,0.0
673.0,0.0,0.0,0.0,0.0,0.0,0.0
674.0,0.0,0.0,0.0,0.0,0.0,0.0
675.0,0.0,0.0,0.0,0.0,0.0,0.0
676.0,0.0,0.0,0.0,0.0,0.0,0.0
677.0,0.0,0.0,0.0,0.0,0.0,0.0
678.0,0.0,0.0,0.0,0.0,0.0,0.0
679.0,4.510484359343536e-06,4.9525860958965495e-06,0.0,0.0,0.0,0.00037587369661196135
680.0,0.00021332035248633474,4.9525860958965495e-06,0.0,0.0,0.006944444444444444,0.046296296296296294
681.0,0.00015415642701555043,0.0,0.0,0.0,0.006944444444444444,0.046296296296296294
682.0,0.00019699751283042133,0.0,0.0,0.0,0.006944444444444444,0.046296296296296294
683.0,8.231205720221624e-05,0.0,0.0,0.0,0.003472222222222222,0.023148148148148147
684.0,7.155499770306051e-05,0.0,0.0,0.0,0.001736111111111111,0.011574074074074073
685.0,0.0,0.0,0.0,0.0,0.0,0.0
686.0,0.0,0.0,0.0,0.0,0.0,0.0
687.0,0.0,0.0,0.0,0.0,0.0,0.0
688.0,6.025327365932753e-06,0.0,0.0,0.0,0.0,0.0005021106138277295
689.0,0.0,0.0,0.0,0.0,0.0,0.0
690.0,0.0,0.0,0.0,0.0,0.0,0.0
691.0,0.0,0.0,0.0,0.0,0.0,0.0
692.0,0.0,0.0,0.0,0.0,0.0,0.0
693.0,0.0,0.0,0.0,0.0,0.0,0.0
694.0,0.0,0.0,0.0,0.0,0.0,0.0
695.0,0.0,0.0,0.0,0.0,0.0,0.0
696.0,0.0,0.0,0.0,0.0,0.0,0.0
697.0,0.0,0.0,0.0,0.0,0.0,0.0
698.0,0.0,0.0,0.0,0.0,0.0,0.0
699.0,0.0,0.0,0.0,0.0,0.0,0.0
700.0,0.0,0.0,0.0,0.0,0.0,0.0
701.0,0.0,0.0,0.0,0.0,0.0,0.0
702.0,0.0002102055586874485,0.0,0.0,0.0,0.005208333333333333,0.034722222222222224
703.0,0.0001655773085076362,0.0,0.0,0.0,0.001736111111111111,0.013798109042303016
704.0,0.0002955133095383644,4.9525860958965495e-06,0.0,0.0,0.005208333333333333,0.034722222222222224
705.0,0.00010486448445590213,4.9525860958965495e-06,0.0,0.0,0.0,0.008738707037991844
706.0,0.0,0.0,0.0,0.0,0.0,0.0
707.0,0.0,0.0,0.0,0.0,0.0,0.0
708.0,0.0,0.0,0.0,0.0,0.0,0.0
709.0,0.0,0.0,0.0,0.0,0.0,0.0
710.0,0.0,0.0,0.0,0.0,0.0,0.0
711.0,0.0,0.0,0.0,0.0,0.0,0.0
712.0,0.0,0.0,0.0,0.0,0.0,0.0
713.0,6.978488045206177e-07,0.0,0.0,0.0,0.0,5.8154067043384806e-05
714.0,0.0,0.0,0.0,0.0,0.0,0.0
715.0,0.0,0.0,0.0,0.0,0.0,0.0
716.0,0.0,0.0,0.0,0.0,0.0,0.0
717.0,0.0,0.0,0.0,0.0,0.0,0.0
718.0,0.0,0.0,0.0,0.0,0.0,0.0
719.0,0.0,0.0,0.0,0.0,0.0,0.0
720.0,0.0,0.0,0.0,0.0,0.0,0.0
721.0,0.0,0.0,0.0,0.0,0.0,0.0
722.0,0.0,0.0,0.0,0.0,0.0,0.0
723.0,0.0,0.0,0.0,0.0,0.0,0.0
724.0,0.0,0.0,0.0,0.0,0.0,0.0
725.0,0.0,0.0,0.0,0.0,0.0,0.0
726.0,0.0,0.0,0.0,0.0,0.0,0.0
727.0,0.0,0.0,0.0,0.0,0.0,0.0
728.0,0.0,0.0,0.0,0.0,0.0,0.0
729.0,5.497683105204487e-06,4.9525860958965495e-06,0.0,0.0,0.0,0.00045814025876704057
730.0,5.497683105204487e-06,4.9525860958965495e-06,0.0,0.0,0.0,0.00045814025876704057
731.0,0.0,0.0,0.0,0.0,0.0,0.0
732.0,0.016097577288746834,0.020866896957159042,0.0,0.0,0.3385416666666667,2.2569444444444446
733.0,0.0,0.0,0.0,0.0,0.0,0.0
734.0,2.4322569515788928e-05,0.0001572721084812656,0.0,0.0,0.001736111111111111,0.011574074074074073
735.0,0.00036713635199703276,0.001882203039713204,0.0,0.0,0.012152777777777778,0.08101851851851852
736.0,0.0001459013728890568,0.0009434125968255103,0.0,0.0,0.005208333333333333,0.034722222222222224
737.0,0.00033685658127069473,0.0007953853346407413,0.0,0.0,0.015625,0.10416666666666667
738.0,0.00015686270489823073,0.00029792552231810987,0.0,0.0,0.003472222222222222,0.023148148148148147
739.0,0.0,0.0,0.0,0.0,0.0,0.0
740.0,0.0001793470437405631,0.0007406867807731032,0.0,0.0,0.006944444444444444,0.046296296296296294
741.0,0.0,0.0,0.0,0.0,0.0,0.0
742.0,0.0,0.0,0.0,0.0,0.0,0.0
743.0,0.0,0.0,0.0,0.0,0.0,0.0
744.0,0.0,0.0,0.0,0.0,0.0,0.0
745.0,0.0,0.0,0.0,0.0,0.0,0.0
746.0,1.940360107255401e-06,9.244839020539075e-06,0.0,0.0,0.0,0.00023112097551347688
747.0,0.0,0.0,0.0,0.0,0.0,0.0
748.0,0.0,0.0,0.0,0.0,0.0,0.0
749.0,0.0,0.0,0.0,0.0,0.0,0.0
750.0,0.0,0.0,0.0,0.0,0.0,0.0
751.0,0.0,0.0,0.0,0.0,0.0,0.0
752.0,0.0,0.0,0.0,0.0,0.0,0.0
753.0,0.0,0.0,0.0,0.0,0.0,0.0
754.0,1.5318626367388788e-07,4.402299396133458e-07,0.0,0.0,0.0,1.276552197282399e-05
755.0,1.5318626367388788e-07,4.402299396133458e-07,0.0,0.0,0.0,1.276552197282399e-05
756.0,0.0,0.0,0.0,0.0,0.0,0.0
757.0,0.0,0.0,0.0,0.0,0.0,0.0
758.0,0.0,0.0,0.0,0.0,0.0,0.0
759.0,0.0,0.0,0.0,0.0,0.0,0.0
760.0,0.0,0.0,0.0,0.0,0.0,0.0
761.0,0.00026637385599315166,0.0,0.0,0.0,0.006944444444444444,0.046296296296296294
762.0,0.0002964494051411748,0.0,0.0,0.0,0.003472222222222222,0.0247041170950979
763.0,0.0003911185485776514,0.0,0.0,0.0,0.008680555555555556,0.05787037037037038
764.0,0.0001882148499134928,0.0,0.0,0.0,0.005208333333333333,0.034722222222222224
765.0,0.0002135756512871012,0.0,0.0,0.0,0.005208333333333333,0.034722222222222224
766.0,0.00028053505229763687,0.0,0.0,0.0,0.005208333333333333,0.034722222222222224
767.0,0.00022154132602736354,0.0,0.0,0.0,0.006944444444444444,0.046296296296296294
768.0,0.00015235223690979183,0.0,0.0,0.0,0.001736111111111111,0.012696019742482653
769.0,0.0,0.0,0.0,0.0,0.0,0.0
770.0,0.0,0.0,0.0,0.0,0.0,0.0
771.0,0.00019281043205410242,0.0,0.0,0.0,0.006944444444444444,0.046296296296296294
772.0,0.00029636433464474976,0.0,0.0,0.0,0.005208333333333333,0.034722222222222224
773.0,0.00017493868654128164,0.0,0.0,0.0,0.001736111111111111,0.014578223878440136
774.0,0.00033054189407266676,0.0,0.0,0.0,0.006944444444444444,0.046296296296296294
775.0,0.00013739103451371193,0.0,0.0,0.0,0.005208333333333333,0.034722222222222224
776.0,0.00017519399989396334,0.0,0.0,0.0,0.001736111111111111,0.014599499991163611
777.0,0.0,0.0,0.0,0.0,0.0,0.0
778.0,0.0,0.0,0.0,0.0,0.0,0.0
779.0,1.3939959899289533e-05,4.402299396133458e-07,0.0,0.0,0.001736111111111111,0.011574074074074073
780.0,1.514841414973489e-06,4.402299396133458e-07,0.0,0.0,0.0,0.00012623678458112408
781.0,0.00023696210701018572,0.0,0.0,0.0,0.005208333333333333,0.034722222222222224
782.0,0.000337265053531155,0.0,0.0,0.0,0.005208333333333333,0.034722222222222224
783.0,0.0006359441904351115,0.0,0.0,0.0,0.010416666666666666,0.06944444444444445
784.0,8.837143832352012e-05,0.0,0.0,0.0,0.005208333333333333,0.034722222222222224
785.0,0.0,0.0,0.0,0.0,0.0,0.0
786.0,0.0,0.0,0.0,0.0,0.0,0.0
787.0,0.0,0.0,0.0,0.0,0.0,0.0
788.0,0.0,0.0,0.0,0.0,0.0,0.0
789.0,0.0,0.0,0.0,0.0,0.0,0.0
790.0,0.040811557322740555,0.025622131302952766,0.3919726610183716,0.003754103323444724,0.2673611111111111,3.4009631102283797
791.0,0.0001870233827503398,0.0,0.0,0.0,0.0,0.01558528189586165
792.0,0.0,0.0,0.0,0.0,0.0,0.0
793.0,0.0,0.0,0.0,0.0,0.0,0.0
794.0,0.00039025049773044884,0.0,0.0,0.0,0.0,0.03252087481087074
795.0,3.6934902709617745e-06,0.0,0.0,0.0,0.0,0.0003077908559134812
796.0,0.0,0.0,0.0,0.0,0.0,0.0
797.0,0.0,0.0,0.0,0.0,0.0,0.0
798.0,9.090274033951573e-06,1.9092781258223113e-06,1.958332177309785e-05,0.0,0.0,0.000757522836162631
799.0,6.843543360446347e-06,1.9092781258223113e-06,1.958332177309785e-05,0.0,0.0,0.0005702952800371955
800.0,0.0,0.0,0.0,0.0,0.0,0.0
801.0,0.0,0.0,0.0,0.0,0.0,0.0
802.0,0.0,0.0,0.0,0.0,0.0,0.0
803.0,0.0,0.0,0.0,0.0,0.0,0.0
804.0,4.904170782538131e-05,0.0,0.0,0.0,0.003472222222222222,0.023148148148148147
805.0,0.000443729484686628,0.0,0.0,0.0,0.008680555555555556,0.05787037037037038
806.0,0.0001388378004776314,0.0,0.0,0.0,0.001736111111111111,0.011574074074074073
807.0,5.349577804736327e-06,0.0,0.0,0.0,0.0,0.00044579815039469395
808.0,0.00042944910819642246,0.0,0.0,0.0,0.012152777777777778,0.08101851851851852
809.0,0.00017529609613120556,0.0,0.0,0.0,0.001736111111111111,0.014608008010933796
810.0,0.0003490995441097766,0.0,0.0,0.0,0.012152777777777778,0.08101851851851852
811.0,0.00015597764286212623,0.0,0.0,0.0,0.0,0.012998136905177185
812.0,0.0,0.0,0.0,0.0,0.0,0.0
813.0,0.0,0.0,0.0,0.0,0.0,0.0
814.0,0.0,0.0,0.0,0.0,0.0,0.0
815.0,1.0200505130342208e-05,0.0,0.0,0.0,0.0,0.000850042094195184
816.0,0.0,0.0,0.0,0.0,0.0,0.0
817.0,0.0,0.0,0.0,0.0,0.0,0.0
818.0,0.0,0.0,0.0,0.0,0.0,0.0
819.0,0.000211958700674586,0.0,0.0,0.0,0.003472222222222222,0.023148148148148147
820.0,0.00029438993078656495,0.0,0.0,0.0,0.008680555555555556,0.05787037037037038
821.0,0.0,0.0,0.0,0.0,0.0,0.0
822.0,0.0,0.0,0.0,0.0,0.0,0.0
823.0,7.200977961474564e-06,1.9092781258223113e-06,1.958332177309785e-05,0.0,0.0,0.000600081496789547
824.0,0.00030987997888587415,1.9092781258223113e-06,1.958332177309785e-05,0.0,0.006944444444444444,0.046296296296296294
825.0,9.676772606326267e-05,0.0,0.0,0.0,0.001736111111111111,0.011574074074074073
826.0,0.0,0.0,0.0,0.0,0.0,0.0
827.0,0.0009220790234394372,0.0,0.0,0.0,0.019097222222222224,0.12731481481481483
828.0,0.0004971744492650032,0.0,0.0,0.0,0.005208333333333333,0.04143120410541693
829.0,9.192876314045861e-05,0.0,0.0,0.0,0.0,0.0076607302617048845
830.0,0.0,0.0,0.0,0.0,0.0,0.0
831.0,0.003536695847287774,0.0,0.0,0.0,0.06076388888888889,0.4050925925925926
832.0,8.901612886802468e-07,0.0,0.0,0.0,0.0,7.418010739002057e-05
833.0,0.0,0.0,0.0,0.0,0.0,0.0
834.0,0.0,0.0,0.0,0.0,0.0,0.0
835.0,0.0,0.0,0.0,0.0,0.0,0.0
836.0,0.0,0.0,0.0,0.0,0.0,0.0
837.0,0.0,0.0,0.0,0.0,0.0,0.0
838.0,0.0,0.0,0.0,0.0,0.0,0.0
839.0,0.0,0.0,0.0,0.0,0.0,0.0
840.0,0.0,0.0,0.0,0.0,0.0,0.0
841.0,4.0696479118196294e-05,0.0,0.0,0.0,0.003472222222222222,0.023148148148148147
842.0,0.0002899815735872835,0.0,0.0,0.0,0.003472222222222222,0.024165131132273625
843.0,0.0001503948587924242,0.0,0.0,0.0,0.003472222222222222,0.023148148148148147
844.0,0.00038977392250671983,0.0,0.0,0.0,0.003472222222222222,0.03248116020889332
845.0,4.386232831166126e-05,0.0,0.0,0.0,0.0,0.0036551940259717712
846.0,0.0,0.0,0.0,0.0,0.0,0.0
847.0,0.0,0.0,0.0,0.0,0.0,0.0
848.0,1.436668935639318e-05,1.9092781258223113e-06,1.958332177309785e-05,0.0,0.0,0.001197224113032765
849.0,7.149916655180277e-06,1.9092781258223113e-06,1.958332177309785e-05,0.0,0.0,0.0005958263879316897
850.0,0.0,0.0,0.0,0.0,0.0,0.0
851.0,0.0,0.0,0.0,0.0,0.0,0.0
852.0,0.0,0.0,0.0,0.0,0.0,0.0
853.0,0.0,0.0,0.0,0.0,0.0,0.0
854.0,0.0,0.0,0.0,0.0,0.0,0.0
855.0,0.0,0.0,0.0,0.0,0.0,0.0
856.0,0.0,0.0,0.0,0.0,0.0,0.0
857.0,0.0,0.0,0.0,0.0,0.0,0.0
858.0,0.0,0.0,0.0,0.0,0.0,0.0
859.0,0.0,0.0,0.0,0.0,0.0,0.0
860.0,0.0,0.0,0.0,0.0,0.0,0.0
861.0,0.0,0.0,0.0,0.0,0.0,0.0
862.0,0.0,0.0,0.0,0.0,0.0,0.0
863.0,0.0,0.0,0.0,0.0,0.0,0.0
864.0,0.0,0.0,0.0,0.0,0.0,0.0
865.0,0.0,0.0,0.0,0.0,0.0,0.0
866.0,0.0,0.0,0.0,0.0,0.0,0.0
867.0,0.0,0.0,0.0,0.0,0.0,0.0
868.0,0.0,0.0,0.0,0.0,0.0,0.0
869.0,0.0,0.0,0.0,0.0,0.0,0.0
870.0,0.0,0.0,0.0,0.0,0.0,0.0
871.0,0.0,0.0,0.0,0.0,0.0,0.0
872.0,0.0,0.0,0.0,0.0,0.0,0.0
873.0,7.149916655180277e-06,1.9092781258223113e-06,1.958332177309785e-05,0.0,0.0,0.0005958263879316897
874.0,7.149916655180277e-06,1.9092781258223113e-06,1.958332177309785e-05,0.0,0.0,0.0005958263879316897
875.0,0.0,0.0,0.0,0.0,0.0,0.0
876.0,0.0,0.0,0.0,0.0,0.0,0.0
877.0,0.0,0.0,0.0,0.0,0.0,0.0
878.0,0.0,0.0,0.0,0.0,0.0,0.0
879.0,0.04652218148112297,0.019657745957374573,1.958332177309785e-05,0.0002311333955731243,0.3420138888888889,3.8768484567602473
880.0,4.061017534695566e-06,5.5985160543059465e-06,1.958332177309785e-05,0.0,0.0,0.00033841812789129716
881.0,0.0,0.0,0.0,0.0,0.0,0.0
882.0,0.0,0.0,0.0,0.0,0.0,0.0
883.0,0.0,0.0,0.0,0.0,0.0,0.0
884.0,0.0,0.0,0.0,0.0,0.0,0.0
885.0,0.0,0.0,0.0,0.0,0.0,0.0
886.0,0.0,0.0,0.0,0.0,0.0,0.0
887.0,0.0,0.0,0.0,0.0,0.0,0.0
888.0,0.0,0.0,0.0,0.0,0.0,0.0
889.0,0.0,0.0,0.0,0.0,0.0,0.0
890.0,0.0,0.0,0.0,0.0,0.0,0.0
891.0,0.0,0.0,0.0,0.0,0.0,0.0
892.0,0.0,0.0,0.0,0.0,0.0,0.0
893.0,0.0,0.0,0.0,0.0,0.0,0.0
894.0,0.0,0.0,0.0,0.0,0.0,0.0
895.0,0.0,0.0,0.0,0.0,0.0,0.0
896.0,0.0,0.0,0.0,0.0,0.0,0.0
897.0,0.0,0.0,0.0,0.0,0.0,0.0
898.0,0.0,0.0,0.0,0.0,0.0,0.0
899.0,0.0,0.0,0.0,0.0,0.0,0.0
900.0,0.0,0.0,0.0,0.0,0.0,0.0
901.0,0.0,0.0,0.0,0.0,0.0,0.0
902.0,0.0,0.0,0.0,0.0,0.0,0.0
903.0,0.0,0.0,0.0,0.0,0.0,0.0
904.0,4.061017534695566e-06,5.5985160543059465e-06,1.958332177309785e-05,0.0,0.0,0.00033841812789129716
905.0,4.061017534695566e-06,5.5985160543059465e-06,1.958332177309785e-05,0.0,0.0,0.00033841812789129716
906.0,0.0,0.0,0.0,0.0,0.0,0.0
907.0,0.0,0.0,0.0,0.0,0.0,0.0
908.0,0.0,0.0,0.0,0.0,0.0,0.0
909.0,0.0,0.0,0.0,0.0,0.0,0.0
910.0,0.0,0.0,0.0,0.0,0.0,0.0
911.0,0.0,0.0,0.0,0.0,0.0,0.0
912.0,0.0,0.0,0.0,0.0,0.0,0.0
913.0,0.0,0.0,0.0,0.0,0.0,0.0
914.0,0.0,0.0,0.0,0.0,0.0,0.0
915.0,0.0,0.0,0.0,0.0,0.0,0.0
916.0,0.0,0.0,0.0,0.0,0.0,0.0
917.0,0.0,0.0,0.0,0.0,0.0,0.0
918.0,0.0,0.0,0.0,0.0,0.0,0.0
919.0,0.0,0.0,0.0,0.0,0.0,0.0
920.0,0.0,0.0,0.0,0.0,0.0,0.0
921.0,0.0,0.0,0.0,0.0,0.0,0.0
922.0,0.0,0.0,0.0,0.0,0.0,0.0
923.0,0.0,0.0,0.0,0.0,0.0,0.0
924.0,0.0,0.0,0.0,0.0,0.0,0.0
925.0,0.0,0.0,0.0,0.0,0.0,0.0
926.0,0.0,0.0,0.0,0.0,0.0,0.0
927.0,0.0,0.0,0.0,0.0,0.0,0.0
928.0,0.00012544252967927605,0.0005980524001643062,0.0,0.0,0.006944444444444444,0.046296296296296294
929.0,0.00011038930097129196,1.2422105100995395e-05,1.958332177309785e-05,0.0,0.0,0.00919910841427433
930.0,1.5107444596651476e-05,5.598514690063894e-06,1.958332177309785e-05,0.0,0.0,0.001258953716387623
931.0,0.00015992643602658063,0.0,0.0,0.0,0.003472222222222222,0.023148148148148147
932.0,0.0,0.0,0.0,0.0,0.0,0.0
933.0,0.0,0.0,0.0,0.0,0.0,0.0
934.0,0.00014316105807665735,0.0,0.0,0.0,0.006944444444444444,0.046296296296296294
935.0,0.00019551670993678272,0.0,0.0,0.0,0.003472222222222222,0.023148148148148147
936.0,0.00010893245053011924,0.0,0.0,0.0,0.003472222222222222,0.023148148148148147
937.0,0.0,0.0,0.0,0.0,0.0,0.0
938.0,5.753004188591149e-06,0.0,0.0,0.0,0.0,0.00047941701571592904
939.0,0.0,0.0,0.0,0.0,0.0,0.0
940.0,0.0,0.0,0.0,0.0,0.0,0.0
941.0,0.0,0.0,0.0,0.0,0.0,0.0
942.0,0.0,0.0,0.0,0.0,0.0,0.0
943.0,0.0,0.0,0.0,0.0,0.0,0.0
944.0,0.0,0.0,0.0,0.0,0.0,0.0
945.0,0.0,0.0,0.0,0.0,0.0,0.0
946.0,0.0,0.0,0.0,0.0,0.0,0.0
947.0,0.0,0.0,0.0,0.0,0.0,0.0
948.0,0.0,0.0,0.0,0.0,0.0,0.0
949.0,0.0,0.0,0.0,0.0,0.0,0.0
950.0,0.0,0.0,0.0,0.0,0.0,0.0
951.0,0.0,0.0,0.0,0.0,0.0,0.0
952.0,0.0,0.0,0.0,0.0,0.0,0.0
953.0,0.0,0.0,0.0,0.0,0.0,0.0
954.0,4.367389465187443e-06,5.598514690063894e-06,1.958332177309785e-05,0.0,0.0,0.00036394912209895364
955.0,4.367389465187443e-06,5.598514690063894e-06,1.958332177309785e-05,0.0,0.0,0.00036394912209895364
956.0,0.0,0.0,0.0,0.0,0.0,0.0
957.0,0.0,0.0,0.0,0.0,0.0,0.0
958.0,0.0,0.0,0.0,0.0,0.0,0.0
959.0,0.0,0.0,0.0,0.0,0.0,0.0
960.0,0.0,0.0,0.0,0.0,0.0,0.0
961.0,0.0,0.0,0.0,0.0,0.0,0.0
962.0,0.0,0.0,0.0,0.0,0.0,0.0
963.0,9.774984937394038e-05,0.0,0.0,0.0,0.0,0.008145820781161698
964.0,6.808330255125838e-08,0.0,0.0,0.0,0.0,5.6736085459381984e-06
965.0,0.00011528116010595113,0.0,0.0,0.0,0.0,0.009606763342162594
966.0,0.00012479571159929037,0.0,0.0,0.0,0.0,0.010399642633274198
967.0,0.0,0.0,0.0,0.0,0.0,0.0
968.0,0.0,0.0,0.0,0.0,0.0,0.0
969.0,0.001166393980383873,0.000595410936512053,0.0,0.0,0.020833333333333332,0.1388888888888889
970.0,0.0,0.0,0.0,0.0,0.0,0.0
971.0,0.00015820734552107751,3.301717924841796e-06,0.0,0.0,0.0,0.013183945460089793
972.0,0.00010203906276728958,0.0,0.0,0.0,0.0,0.008503255230607465
973.0,0.0,0.0,0.0,0.0,0.0,0.0
974.0,8.51034798188266e-08,0.0,0.0,0.0,0.0,7.091956651568883e-06
975.0,0.0001497310440754518,0.0,0.0,0.0,0.0,0.01247758700628765
976.0,0.00015306711429730058,0.0,0.0,0.0,0.0,0.01275559285810838
977.0,0.0001390080142300576,0.0,0.0,0.0,0.0,0.011584001185838133
978.0,0.0,0.0,0.0,0.0,0.0,0.0
979.0,1.3388355910137761e-05,5.5985160543059465e-06,1.958332177309785e-05,0.0,0.0,0.0011156963258448134
980.0,4.452495431905845e-06,5.5985160543059465e-06,1.958332177309785e-05,0.0,0.0,0.00037104128599215375
981.0,0.0,0.0,0.0,0.0,0.0,0.0
982.0,0.0,0.0,0.0,0.0,0.0,0.0
983.0,0.0,0.0,0.0,0.0,0.0,0.0
984.0,0.0,0.0,0.0,0.0,0.0,0.0
985.0,0.0,0.0,0.0,0.0,0.0,0.0
986.0,0.0,0.0,0.0,0.0,0.0,0.0
987.0,0.0,0.0,0.0,0.0,0.0,0.0
988.0,0.0,0.0,0.0,0.0,0.0,0.0
989.0,0.0,0.0,0.0,0.0,0.0,0.0
990.0,0.0,0.0,0.0,0.0,0.0,0.0
991.0,0.0,0.0,0.0,0.0,0.0,0.0
992.0,5.6849107750167605e-06,0.0,0.0,0.0,0.0,0.00047374256458473
993.0,0.00020239310106262565,0.0,0.0,0.0,0.003472222222222222,0.023148148148148147
994.0,0.0,0.0,0.0,0.0,0.0,0.0
995.0,0.0,0.0,0.0,0.0,0.0,0.0
996.0,2.4169414700736525e-06,0.0,0.0,0.0,0.0,0.00020141178917280436
997.0,0.0,0.0,0.0,0.0,0.0,0.0
998.0,0.0,0.0,0.0,0.0,0.0,0.0
999.0,0.0,0.0,0.0,0.0,0.0,0.0
1000.0,0.0,0.0,0.0,0.0,0.0,0.0
1001.0,0.0,0.0,0.0,0.0,0.0,0.0
1002.0,0.0,0.0,0.0,0.0,0.0,0.0
1003.0,0.0,0.0,0.0,0.0,0.0,0.0
1004.0,4.486536909098504e-06,5.5985160543059465e-06,1.958332177309785e-05,0.0,0.0,0.0003738780757582087
1005.0,4.486536909098504e-06,5.5985160543059465e-06,1.958332177309785e-05,0.0,0.0,0.0003738780757582087
1006.0,0.0,0.0,0.0,0.0,0.0,0.0
1007.0,0.0,0.0,0.0,0.0,0.0,0.0
1008.0,0.0,0.0,0.0,0.0,0.0,0.0
1009.0,0.0,0.0,0.0,0.0,0.0,0.0
1010.0,2.556508479756303e-05,0.0,0.0,0.0,0.0,0.0021304237331302525
1011.0,2.0288665837142617e-05,0.0,0.0,0.0,0.0,0.0016907221530952181
1012.0,0.0,0.0,0.0,0.0,0.0,0.0
1013.0,1.0552855655987514e-06,0.0,0.0,0.0,0.0,8.794046379989595e-05
1014.0,0.00016567941929679364,0.0,0.0,0.0,0.003472222222222222,0.023148148148148147
1015.0,0.0002272262645419687,0.0,0.0,0.0,0.0,0.01893552204516406
1016.0,0.00010425174696138129,0.0,0.0,0.0,0.0,0.008687645580115108
1017.0,0.0,0.0,0.0,0.0,0.0,0.0
1018.0,0.0,0.0,0.0,0.0,0.0,0.0
1019.0,0.0,0.0,0.0,0.0,0.0,0.0
1020.0,0.0,0.0,0.0,0.0,0.0,0.0
1021.0,1.591435466252733e-05,0.0,0.0,0.0,0.0,0.0013261962218772776
1022.0,0.00023834078456275165,0.0,0.0,0.0,0.0,0.01986173204689597
1023.0,0.00015403727593366057,0.0,0.0,0.0,0.0,0.01283643966113838
1024.0,0.0001676368119660765,0.0,0.0,0.0,0.0,0.013969734330506373
1025.0,0.00011957038077525795,0.0,0.0,0.0,0.0,0.009964198397938162
1026.0,0.0,0.0,0.0,0.0,0.0,0.0
1027.0,0.0,0.0,0.0,0.0,0.0,0.0
1028.0,2.8186272174934857e-05,0.0,0.0,0.0,0.0,0.0023488560145779047
1029.0,8.211794192902744e-05,5.5985160543059465e-06,1.958332177309785e-05,0.0,0.0,0.006843161827418953
1030.0,3.9940645365277305e-05,5.5985160543059465e-06,1.958332177309785e-05,0.0,0.0,0.003328387113773109
1031.0,5.817673445562832e-05,0.0,0.0,0.0,0.0,0.004848061204635694
1032.0,0.0,0.0,0.0,0.0,0.0,0.0
1033.0,0.0,0.0,0.0,0.0,0.0,0.0
1034.0,0.0,0.0,0.0,0.0,0.0,0.0
1035.0,0.0,0.0,0.0,0.0,0.0,0.0
1036.0,0.0,0.0,0.0,0.0,0.0,0.0
1037.0,0.0,0.0,0.0,0.0,0.0,0.0
1038.0,7.421036571031436e-06,0.0,0.0,0.0,0.0,0.0006184197142526197
1039.0,0.0,0.0,0.0,0.0,0.0,0.0
1040.0,0.0,0.0,0.0,0.0,0.0,0.0
1041.0,0.0,0.0,0.0,0.0,0.0,0.0
1042.0,0.0,0.0,0.0,0.0,0.0,0.0
1043.0,8.510412641271614e-08,0.0,0.0,0.0,0.0,7.092010534393012e-06
1044.0,0.049246061593294144,0.007895302958786488,0.0,0.0006480842712335289,0.375,4.103838466107845
1045.0,0.0,0.0,0.0,0.0,0.0,0.0
1046.0,0.0,0.0,0.0,0.0,0.0,0.0
1047.0,0.0,0.0,0.0,0.0,0.0,0.0
1048.0,0.0,0.0,0.0,0.0,0.0,0.0
1049.0,0.0,0.0,0.0,0.0,0.0,0.0
1050.0,0.0,0.0,0.0,0.0,0.0,0.0
1051.0,0.0,0.0,0.0,0.0,0.0,0.0
1052.0,0.0,0.0,0.0,0.0,0.0,0.0
1053.0,0.0,0.0,0.0,0.0,0.0,0.0
1054.0,0.0,0.0,0.0,0.0,0.0,0.0
1055.0,0.0,0.0,0.0,0.0,0.0,0.0
1056.0,0.0,0.0,0.0,0.0,0.0,0.0
1057.0,0.0,0.0,0.0,0.0,0.0,0.0
1058.0,0.0,0.0,0.0,0.0,0.0,0.0
1059.0,0.0,0.0,0.0,0.0,0.0,0.0
1060.0,4.676723165175645e-06,1.6568191085752915e-06,1.4041219401406124e-05,0.0,0.0,0.00038972693043130374
1061.0,4.676723165175645e-06,1.6568191085752915e-06,1.4041219401406124e-05,0.0,0.0,0.00038972693043130374
1062.0,0.0,0.0,0.0,0.0,0.0,0.0
1063.0,0.0,0.0,0.0,0.0,0.0,0.0
1064.0,0.0,0.0,0.0,0.0,0.0,0.0
1065.0,0.0,0.0,0.0,0.0,0.0,0.0
1066.0,0.0,0.0,0.0,0.0,0.0,0.0
1067.0,0.0,0.0,0.0,0.0,0.0,0.0
1068.0,0.0,0.0,0.0,0.0,0.0,0.0
1069.0,0.0,0.0,0.0,0.0,0.0,0.0
1070.0,0.0,0.0,0.0,0.0,0.0,0.0
1071.0,0.0,0.0,0.0,0.0,0.0,0.0
1072.0,0.0,0.0,0.0,0.0,0.0,0.0
1073.0,0.0,0.0,0.0,0.0,0.0,0.0
1074.0,0.0,0.0,0.0,0.0,0.0,0.0
1075.0,0.0,0.0,0.0,0.0,0.0,0.0
1076.0,0.0,0.0,0.0,0.0,0.0,0.0
1077.0,0.0,0.0,0.0,0.0,0.0,0.0
1078.0,0.0,0.0,0.0,0.0,0.0,0.0
1079.0,0.0,0.0,0.0,0.0,0.0,0.0
1080.0,0.0,0.0,0.0,0.0,0.0,0.0
1081.0,0.0,0.0,0.0,0.0,0.0,0.0
1082.0,0.0,0.0,0.0,0.0,0.0,0.0
1083.0,0.0,0.0,0.0,0.0,0.0,0.0
1084.0,0.0,0.0,0.0,0.0,0.0,0.0
1085.0,4.676723165175645e-06,1.6568191085752915e-06,1.4041219401406124e-05,0.0,0.0,0.00038972693043130374
1086.0,4.676723165175645e-06,1.6568191085752915e-06,1.4041219401406124e-05,0.0,0.0,0.00038972693043130374
1087.0,0.0,0.0,0.0,0.0,0.0,0.0
1088.0,0.0,0.0,0.0,0.0,0.0,0.0
1089.0,0.0,0.0,0.0,0.0,0.0,0.0
1090.0,0.0,0.0,0.0,0.0,0.0,0.0
1091.0,0.0,0.0,0.0,0.0,0.0,0.0
1092.0,0.0,0.0,0.0,0.0,0.0,0.0
1093.0,8.459285163553432e-05,0.0,0.0,0.0,0.0,0.007049404302961193
1094.0,0.0005033019697293639,0.0,0.0,0.0,0.0,0.041941830810780324
1095.0,7.1640097303316e-05,0.0,0.0,0.0,0.0,0.005970008108609666
1096.0,0.0,0.0,0.0,0.0,0.0,0.0
1097.0,0.0,0.0,0.0,0.0,0.0,0.0
1098.0,0.031821053475141525,0.0020799243357032537,1.4041219401406124e-05,0.0005310113192535937,0.14756944444444445,2.6517544562617936
1099.0,2.699365495573147e-06,1.7543289914101479e-06,1.4041219401406124e-05,0.0,0.0,0.0002249471246310956
1100.0,0.0,0.0,0.0,0.0,0.0,0.0
1101.0,0.0,0.0,0.0,0.0,0.0,0.0
1102.0,0.0,0.0,0.0,0.0,0.0,0.0
1103.0,0.0,0.0,0.0,0.0,0.0,0.0
1104.0,0.0,0.0,0.0,0.0,0.0,0.0
1105.0,0.0,0.0,0.0,0.0,0.0,0.0
1106.0,0.0,0.0,0.0,0.0,0.0,0.0
1107.0,0.0,0.0,0.0,0.0,0.0,0.0
1108.0,0.0007042741635814309,0.004550986457616091,0.0,0.0,0.024305555555555556,0.16203703703703703
1109.0,0.000368974608136341,0.002385825850069523,0.0,0.0,0.005208333333333333,0.05964564625173807
1110.0,0.0,0.0,0.0,0.0,0.0,0.0
1111.0,0.0002933856740128249,0.0007108612335287035,0.0,0.0,0.005208333333333333,0.034722222222222224
1112.0,0.0003818592813331634,0.0,0.0,0.0,0.008680555555555556,0.05787037037037038
1113.0,0.0,0.0,0.0,0.0,0.0,0.0
1114.0,0.0,0.0,0.0,0.0,0.0,0.0
1115.0,2.1369858586695045e-05,0.0001024635203066282,0.0,0.0,0.0,0.002561588007665705
1116.0,0.00029827060643583536,0.0008421597885899246,0.0,0.0,0.003472222222222222,0.024855883869652946
1117.0,0.00048696206067688763,0.0,0.0,0.0,0.013888888888888888,0.09259259259259259
1118.0,0.00037481272011063993,0.0,0.0,0.0,0.003472222222222222,0.031234393342553325
1119.0,0.0005694953724741936,0.0013703255681321025,0.0,0.0,0.006944444444444444,0.0474579477061828
1120.0,0.000376966199837625,0.0,0.0,0.0,0.006944444444444444,0.046296296296296294
1121.0,0.0008704723441042006,0.0,0.0,0.0,0.017361111111111112,0.11574074074074076
1122.0,0.00042665773071348667,0.0,0.0,0.0,0.008680555555555556,0.05787037037037038
1123.0,3.103069684584625e-05,2.618709550006315e-05,1.4041219401406124e-05,0.0,0.0,0.0025858914038205207
1124.0,2.903613449234399e-06,2.6347872790211113e-06,1.4041219401406124e-05,0.0,0.0,0.0002419677874361999
1125.0,0.0,0.0,0.0,0.0,0.0,0.0
1126.0,0.0,0.0,0.0,0.0,0.0,0.0
1127.0,0.0,0.0,0.0,0.0,0.0,0.0
1128.0,0.0,0.0,0.0,0.0,0.0,0.0
1129.0,0.00033893308136612177,0.0,0.0,0.0,0.005208333333333333,0.034722222222222224
1130.0,1.828022323024925e-05,0.0,0.0,0.0,0.0,0.0015233519358541041
1131.0,8.222696487791836e-05,0.0,0.0,0.0,0.0,0.006852247073159863
1132.0,4.935995093546808e-06,0.0,0.0,0.0,0.0,0.00041133292446223396
1133.0,0.0,0.0,0.0,0.0,0.0,0.0
1134.0,0.0,0.0,0.0,0.0,0.0,0.0
1135.0,0.0,0.0,0.0,0.0,0.0,0.0
1136.0,0.0,0.0,0.0,0.0,0.0,0.0
1137.0,0.0,0.0,0.0,0.0,0.0,0.0
1138.0,0.00010917072359006852,0.0,0.0,0.0,0.001736111111111111,0.011574074074074073
1139.0,0.00019393378170207143,0.0,0.0,0.0,0.0,0.01616114847517262
1140.0,0.00010071143333334476,0.0,0.0,0.0,0.0,0.008392619444445396
1141.0,0.0001954064646270126,0.0,0.0,0.0,0.005208333333333333,0.034722222222222224
1142.0,4.675584932556376e-05,0.0,0.0,0.0,0.0,0.0038963207771303132
1143.0,0.0,0.0,0.0,0.0,0.0,0.0
1144.0,0.0,0.0,0.0,0.0,0.0,0.0
1145.0,0.0,0.0,0.0,0.0,0.0,0.0
1146.0,0.0,0.0,0.0,0.0,0.0,0.0
1147.0,0.0,0.0,0.0,0.0,0.0,0.0
1148.0,6.3506745391350705e-06,2.6347872790211113e-06,1.4041219401406124e-05,0.0,0.0,0.0005292228782612559
1149.0,3.1248823688656557e-06,2.6347872790211113e-06,1.4041219401406124e-05,0.0,0.0,0.000260406864072138
1150.0,0.0,0.0,0.0,0.0,0.0,0.0
1151.0,0.0,0.0,0.0,0.0,0.0,0.0
1152.0,0.0,0.0,0.0,0.0,0.0,0.0
1153.0,0.0,0.0,0.0,0.0,0.0,0.0
1154.0,0.0,0.0,0.0,0.0,0.0,0.0
1155.0,0.0,0.0,0.0,0.0,0.0,0.0
1156.0,0.0,0.0,0.0,0.0,0.0,0.0
1157.0,0.0,0.0,0.0,0.0,0.0,0.0
1158.0,0.0,0.0,0.0,0.0,0.0,0.0
1159.0,0.0,0.0,0.0,0.0,0.0,0.0
1160.0,0.0,0.0,0.0,0.0,0.0,0.0
1161.0,0.0,0.0,0.0,0.0,0.0,0.0
1162.0,0.0,0.0,0.0,0.0,0.0,0.0
1163.0,0.0,0.0,0.0,0.0,0.0,0.0
1164.0,0.0,0.0,0.0,0.0,0.0,0.0
1165.0,0.0,0.0,0.0,0.0,0.0,0.0
1166.0,0.0,0.0,0.0,0.0,0.0,0.0
1167.0,0.0,0.0,0.0,0.0,0.0,0.0
1168.0,0.0,0.0,0.0,0.0,0.0,0.0
1169.0,0.0,0.0,0.0,0.0,0.0,0.0
1170.0,0.0,0.0,0.0,0.0,0.0,0.0
1171.0,0.0,0.0,0.0,0.0,0.0,0.0
1172.0,0.0,0.0,0.0,0.0,0.0,0.0
1173.0,1.2486262676247861e-05,2.6347872790211113e-06,1.4041219401406124e-05,0.0,0.001736111111111111,0.011574074074074073
1174.0,0.00025613748584873974,2.6347872790211113e-06,1.4041219401406124e-05,0.0,0.005208333333333333,0.034722222222222224
1175.0,0.00021543091861531138,0.0,0.0,0.0,0.008680555555555556,0.05787037037037038
1176.0,1.2680415238719434e-05,0.0,0.0,0.0,0.001736111111111111,0.011574074074074073
1177.0,8.668639929965138e-05,0.0,0.0,0.0,0.003472222222222222,0.023148148148148147
1178.0,0.00039011429180391133,0.0,0.0,0.0,0.006944444444444444,0.046296296296296294
1179.0,0.00027250131824985147,0.0,0.0,0.0,0.001736111111111111,0.02270844318748762
1180.0,0.00024537034914828837,0.0,0.0,0.0,0.003472222222222222,0.023148148148148147
1181.0,0.0,0.0,0.0,0.0,0.0,0.0
1182.0,1.4790994100621901e-05,0.0,0.0,0.0,0.0,0.0012325828417184919
1183.0,0.0,0.0,0.0,0.0,0.0,0.0
1184.0,0.00010278796253260225,0.0,0.0,0.0,0.005208333333333333,0.034722222222222224
1185.0,0.0,0.0,0.0,0.0,0.0,0.0
1186.0,0.0,0.0,0.0,0.0,0.0,0.0
1187.0,9.3273401944316e-06,0.0,0.0,0.0,0.001736111111111111,0.011574074074074073
1188.0,0.0004755411937367171,0.0,0.0,0.0,0.003472222222222222,0.03962843281139309
1189.0,0.0003824549785349518,0.0,0.0,0.0,0.012152777777777778,0.08101851851851852
1190.0,0.00035765583743341267,0.0,0.0,0.0,0.005208333333333333,0.034722222222222224
1191.0,0.00028696891968138516,0.0,0.0,0.0,0.003472222222222222,0.02391407664011543
1192.0,5.519810656551272e-05,0.0,0.0,0.0,0.006944444444444444,0.046296296296296294
1193.0,0.0003799188998527825,0.0,0.0,0.0,0.013888888888888888,0.09259259259259259
1194.0,0.0004035946913063526,0.0,0.0,0.0,0.006944444444444444,0.046296296296296294
1195.0,0.00021061406005173922,0.0,0.0,0.0,0.0,0.017551171670978267
1196.0,7.121457747416571e-05,0.0,0.0,0.0,0.001736111111111111,0.011574074074074073
1197.0,0.00012084692571079358,0.0,0.0,0.0,0.005208333333333333,0.034722222222222224
1198.0,2.0605153622454964e-05,2.6347872790211113e-06,1.4041219401406124e-05,0.0,0.0,0.0017170961352045804
1199.0,0.00022880228061694652,2.6347872790211113e-06,1.4041219401406124e-05,0.0,0.006944444444444444,0.046296296296296294
1200.0,0.0005411559250205755,0.0,0.0,0.0,0.012152777777777778,0.08101851851851852
1201.0,0.00016489648260176182,0.0,0.0,0.0,0.001736111111111111,0.013741373550146818
1202.0,0.00011071960761910304,0.0,0.0,0.0,0.001736111111111111,0.011574074074074073
1203.0,0.0,0.0,0.0,0.0,0.0,0.0
1204.0,6.544456846313551e-05,0.0,0.0,0.0,0.0,0.005453714038594626
1205.0,0.00026661212905310094,0.0,0.0,0.0,0.0,0.022217677421091746
1206.0,9.681371011538431e-05,0.0,0.0,0.0,0.0,0.008067809176282026
1207.0,6.539349124068394e-05,0.0,0.0,0.0,0.013888888888888888,0.09259259259259259
1208.0,0.0,0.0,0.0,0.0,0.0,0.0
1209.0,0.0,0.0,0.0,0.0,0.0,0.0
1210.0,0.0,0.0,0.0,0.0,0.0,0.0
1211.0,0.0,0.0,0.0,0.0,0.0,0.0
1212.0,0.0,0.0,0.0,0.0,0.0,0.0
1213.0,0.00018023212032858282,0.0,0.0,0.0,0.006944444444444444,0.046296296296296294
1214.0,0.00019056370365433395,0.0,0.0,0.0,0.013888888888888888,0.09259259259259259
1215.0,0.00030264497036114335,0.0,0.0,0.0,0.010416666666666666,0.06944444444444445
1216.0,0.0,0.0,0.0,0.0,0.0,0.0
1217.0,0.0,0.0,0.0,0.0,0.0,0.0
1218.0,0.0,0.0,0.0,0.0,0.0,0.0
1219.0,0.0,0.0,0.0,0.0,0.0,0.0
1220.0,0.0,0.0,0.0,0.0,0.0,0.0
1221.0,0.0,0.0,0.0,0.0,0.0,0.0
1222.0,0.0,0.0,0.0,0.0,0.0,0.0
1223.0,5.252468781691277e-06,2.6347872790211113e-06,1.4041219401406124e-05,0.0,0.0,0.0004377057318076064
1224.0,4.180165433353977e-06,2.6347872790211113e-06,1.4041219401406124e-05,0.0,0.0,0.00034834711944616476
1225.0,0.0,0.0,0.0,0.0,0.0,0.0
1226.0,0.0,0.0,0.0,0.0,0.0,0.0
1227.0,0.0,0.0,0.0,0.0,0.0,0.0
1228.0,0.0,0.0,0.0,0.0,0.0,0.0
1229.0,0.04453583434224129,0.011967274360358715,0.0,0.0005310113192535937,0.3333333333333333,3.7113195285201073
1230.0,0.049932826310396194,0.007884076796472073,0.0,0.0006287433789111674,0.375,4.161068859199683
1231.0,0.0,0.0,0.0,0.0,0.0,0.0
1232.0,0.0,0.0,0.0,0.0,0.0,0.0
1233.0,0.00015367985179182142,0.0004941580118611455,0.0,0.0,0.003472222222222222,0.023148148148148147
1234.0,0.00012733181938529015,1.4747701243322808e-05,0.0,0.0,0.0,0.01061098494877418
1235.0,5.610021617030725e-05,3.3017079204000765e-07,0.0,0.0,0.0,0.004675018014192271
1236.0,0.00036701723001897335,0.00013316953845787793,0.0,0.0,0.0,0.030584769168247778
1237.0,0.00029393035219982266,0.0,0.0,0.0,0.0,0.024494196016651888
1238.0,0.0004626682784873992,0.0013051716377958655,0.0,3.8107686123112217e-05,0.006944444444444444,0.046296296296296294
1239.0,0.00018630851991474628,0.0012031482765451074,0.0,0.0,0.003472222222222222,0.030078706913627684
1240.0,0.0001702409645076841,0.001100794761441648,0.0,0.0,0.013888888888888888,0.09259259259259259
1241.0,0.0001820703619159758,0.0011772848665714264,0.0,0.0,0.0,0.02943212166428566
1242.0,0.0001632284402148798,0.0008265316137112677,0.0,0.0,0.003472222222222222,0.023148148148148147
1243.0,0.0002958707045763731,0.0001726801710901782,0.0,0.0,0.003472222222222222,0.02465589204803109
1244.0,5.616829730570316e-05,0.0,0.0,0.0,0.0,0.0046806914421419306
1245.0,0.0,0.0,0.0,0.0,0.0,0.0
1246.0,0.00011764704686356708,5.689973113476299e-05,0.0,0.0,0.003472222222222222,0.023148148148148147
1247.0,0.00016079448687378317,0.0,0.0,0.0,0.0,0.013399540572815264
1248.0,0.00028628806467168033,0.0,0.0,0.0,0.010416666666666666,0.06944444444444445
1249.0,0.0002180010633310303,0.0,0.0,0.0,0.006944444444444444,0.046296296296296294
1250.0,0.00016739852435421199,0.0,0.0,0.0,0.003472222222222222,0.023148148148148147
1251.0,6.258509529288858e-05,0.0,0.0,0.0,0.0,0.005215424607740715
1252.0,0.0002225455828011036,0.0,0.0,0.0,0.003472222222222222,0.023148148148148147
1253.0,0.0002186137717217207,0.0,0.0,0.0,0.006944444444444444,0.046296296296296294
1254.0,0.0002230562240583822,8.804582307675446e-07,0.0,0.0,0.0,0.018588018671531852
1255.0,7.657609967282042e-05,9.905173783408827e-07,0.0,0.0,0.0,0.006381341639401701
1256.0,0.0,0.0,0.0,0.0,0.0,0.0
1257.0,0.0,0.0,0.0,0.0,0.0,0.0
1258.0,0.0,0.0,0.0,0.0,0.0,0.0
1259.0,0.05386844277381897,0.014230431988835335,0.0,0.0006480842712335289,0.40625,4.489036897818248
1260.0,0.04455858841538429,0.01198788732290268,0.0,0.0005140210851095617,0.3333333333333333,3.7132157012820244
1261.0,0.0,0.0,0.0,0.0,0.0,0.0
1262.0,0.0,0.0,0.0,0.0,0.0,0.0
1263.0,0.0,0.0,0.0,0.0,0.0,0.0
1264.0,0.0,0.0,0.0,0.0,0.0,0.0
1265.0,0.0,0.0,0.0,0.0,0.0,0.0
1266.0,0.012773809023201466,0.009906383231282234,0.0,0.0,0.2465277777777778,1.6435185185185186
1267.0,0.0,0.0,0.0,0.0,0.0,0.0
1268.0,0.00012832526408601552,2.4993081751745194e-05,0.0,4.645221270038746e-05,0.001736111111111111,0.011574074074074073
1269.0,0.0,0.0,0.0,0.0,0.0,0.0
1270.0,0.0,0.0,0.0,0.0,0.0,0.0
1271.0,0.0,0.0,0.0,0.0,0.0,0.0
1272.0,0.0,0.0,0.0,0.0,0.0,0.0
1273.0,0.0,0.0,0.0,0.0,0.0,0.0
1274.0,0.0,0.0,0.0,0.0,0.0,0.0
1275.0,0.0,0.0,0.0,0.0,0.0,0.0
1276.0,0.0,0.0,0.0,0.0,0.0,0.0
1277.0,0.0,0.0,0.0,0.0,0.0,0.0
1278.0,0.0,0.0,0.0,0.0,0.0,0.0
1279.0,0.0,0.0,0.0,0.0,0.0,0.0
1280.0,0.0,0.0,0.0,0.0,0.0,0.0
1281.0,0.0,0.0,0.0,0.0,0.0,0.0
1282.0,0.0,0.0,0.0,0.0,0.0,0.0
1283.0,0.0,0.0,0.0,0.0,0.0,0.0
1284.0,0.0,0.0,0.0,0.0,0.0,0.0
1285.0,0.0,0.0,0.0,0.0,0.0,0.0
1286.0,0.0,0.0,0.0,0.0,0.0,0.0
1287.0,0.0,0.0,0.0,0.0,0.0,0.0
1288.0,5.684909865522059e-06,0.0,0.0,0.0,0.0,0.0004737424887935049
1289.0,0.00027005033916793764,0.0,0.0,0.0,0.0,0.02250419493066147
1290.0,0.0,0.0,0.0,0.0,0.0,0.0
1291.0,0.0,0.0,0.0,0.0,0.0,0.0
1292.0,0.0,0.0,0.0,0.0,0.0,0.0
1293.0,3.608387487474829e-06,0.0,0.0,0.0,0.0,0.0003006989572895691
1294.0,0.0,0.0,0.0,0.0,0.0,0.0
1295.0,0.0,0.0,0.0,0.0,0.0,0.0
1296.0,0.0,0.0,0.0,0.0,0.0,0.0
1297.0,0.0,0.0,0.0,0.0,0.0,0.0
1298.0,0.0,0.0,0.0,0.0,0.0,0.0
1299.0,0.0,0.0,0.0,0.0,0.0,0.0
1300.0,0.0,0.0,0.0,0.0,0.0,0.0
1301.0,0.0,0.0,0.0,0.0,0.0,0.0
1302.0,0.0,0.0,0.0,0.0,0.0,0.0
1303.0,0.0,0.0,0.0,0.0,0.0,0.0
1304.0,0.0,0.0,0.0,0.0,0.0,0.0
1305.0,0.0,0.0,0.0,0.0,0.0,0.0
1306.0,0.0,0.0,0.0,0.0,0.0,0.0
1307.0,0.0,0.0,0.0,0.0,0.0,0.0
1308.0,0.0,0.0,0.0,0.0,0.0,0.0
1309.0,3.4041320873257064e-07,0.0,0.0,0.0,0.0,2.8367767394380884e-05
1310.0,0.00027489312924444675,0.0,0.0,0.0,0.0,0.02290776077037056
1311.0,0.0,0.0,0.0,0.0,0.0,0.0
1312.0,0.0,0.0,0.0,0.0,0.0,0.0
1313.0,0.0,0.0,0.0,0.0,0.0,0.0
1314.0,0.0,0.0,0.0,0.0,0.0,0.0
1315.0,0.0,0.0,0.0,0.0,0.0,0.0
1316.0,0.02818635292351246,0.014285282231867313,0.0,0.00027119030710309744,0.13541666666666666,2.348862743626038
1317.0,0.0,0.0,0.0,0.0,0.0,0.0
1318.0,0.0,0.0,0.0,0.0,0.0,0.0
1319.0,0.0,0.0,0.0,0.0,0.0,0.0
1320.0,0.0,0.0,0.0,0.0,0.0,0.0
1321.0,0.0,0.0,0.0,0.0,0.0,0.0
1322.0,0.0,0.0,0.0,0.0,0.0,0.0
1323.0,0.0,0.0,0.0,0.0,0.0,0.0
1324.0,0.0,0.0,0.0,0.0,0.0,0.0
1325.0,0.0,0.0,0.0,0.0,0.0,0.0
1326.0,0.0,0.0,0.0,0.0,0.0,0.0
1327.0,0.0,0.0,0.0,0.0,0.0,0.0
1328.0,0.0,0.0,0.0,0.0,0.0,0.0
1329.0,0.0,0.0,0.0,0.0,0.0,0.0
1330.0,0.0,0.0,0.0,0.0,0.0,0.0
1331.0,0.0,0.0,0.0,0.0,0.0,0.0
1332.0,8.133421943057328e-06,2.3615020836587064e-06,3.0443079594988376e-05,0.0,0.0,0.000677785161921444
1333.0,8.133421943057328e-06,2.3615020836587064e-06,3.0443079594988376e-05,0.0,0.0,0.000677785161921444
1334.0,0.0,0.0,0.0,0.0,0.0,0.0
1335.0,0.0,0.0,0.0,0.0,0.0,0.0
1336.0,0.0,0.0,0.0,0.0,0.0,0.0
1337.0,0.0,0.0,0.0,0.0,0.0,0.0
1338.0,4.4973756303079426e-05,0.0,0.0,0.0,0.0,0.003747813025256619
1339.0,0.0001996357023017481,0.0,0.0,0.0,0.0,0.016636308525145676
1340.0,0.0,0.0,0.0,0.0,0.0,0.0
1341.0,2.592234523035586e-06,0.0,0.0,0.0,0.0,0.00021601954358629882
1342.0,0.0,0.0,0.0,0.0,0.0,0.0
1343.0,0.0,0.0,0.0,0.0,0.0,0.0
1344.0,0.0,0.0,0.0,0.0,0.0,0.0
1345.0,0.0,0.0,0.0,0.0,0.0,0.0
1346.0,0.0,0.0,0.0,0.0,0.0,0.0
1347.0,0.0,0.0,0.0,0.0,0.0,0.0
1348.0,0.0,0.0,0.0,0.0,0.0,0.0
1349.0,0.0,0.0,0.0,0.0,0.0,0.0
1350.0,0.0,0.0,0.0,0.0,0.0,0.0
1351.0,0.0,0.0,0.0,0.0,0.0,0.0
1352.0,0.0,0.0,0.0,0.0,0.0,0.0
1353.0,0.0,0.0,0.0,0.0,0.0,0.0
1354.0,0.0,0.0,0.0,0.0,0.0,0.0
1355.0,0.0,0.0,0.0,0.0,0.0,0.0
1356.0,0.0002149373322026804,0.0,0.0,0.0,0.0,0.017911444350223366
1357.0,1.0465256309544202e-05,2.3615020836587064e-06,3.0443079594988376e-05,0.0,0.0,0.0008721046924620168
1358.0,8.286608135676943e-06,2.3615020836587064e-06,3.0443079594988376e-05,0.0,0.0,0.0006905506779730786
1359.0,0.0,0.0,0.0,0.0,0.0,0.0
1360.0,0.0,0.0,0.0,0.0,0.0,0.0
1361.0,0.0,0.0,0.0,0.0,0.0,0.0
1362.0,0.0,0.0,0.0,0.0,0.0,0.0
1363.0,0.0,0.0,0.0,0.0,0.0,0.0
1364.0,0.0,0.0,0.0,0.0,0.0,0.0
1365.0,0.0,0.0,0.0,0.0,0.0,0.0
1366.0,0.0,0.0,0.0,0.0,0.0,0.0
1367.0,0.0,0.0,0.0,0.0,0.0,0.0
1368.0,0.0,0.0,0.0,0.0,0.0,0.0
1369.0,0.0,0.0,0.0,0.0,0.0,0.0
1370.0,0.0,0.0,0.0,0.0,0.0,0.0
1371.0,0.0,0.0,0.0,0.0,0.0,0.0
1372.0,0.0,0.0,0.0,0.0,0.0,0.0
1373.0,0.0,0.0,0.0,0.0,0.0,0.0
1374.0,0.0,0.0,0.0,0.0,0.0,0.0
1375.0,0.0004595247155521065,0.0,0.0,0.0,0.0,0.03829372629600888
1376.0,0.0,0.0,0.0,0.0,0.0,0.0
1377.0,0.0,0.0,0.0,0.0,0.0,0.0
1378.0,0.0,0.0,0.0,0.0,0.0,0.0
1379.0,0.0,0.0,0.0,0.0,0.0,0.0
1380.0,0.0,0.0,0.0,0.0,0.0,0.0
1381.0,0.0002454724453855306,0.0,0.0,0.0,0.0,0.020456037115460884
1382.0,7.776507118251175e-05,2.3615020836587064e-06,3.0443079594988376e-05,0.0,0.0,0.006480422598542646
1383.0,8.916375008993782e-06,2.3615020836587064e-06,3.0443079594988376e-05,0.0,0.0,0.0007430312507494818
1384.0,0.0,0.0,0.0,0.0,0.0,0.0
1385.0,0.0,0.0,0.0,0.0,0.0,0.0
1386.0,0.0,0.0,0.0,0.0,0.0,0.0
1387.0,0.0,0.0,0.0,0.0,0.0,0.0
1388.0,0.0,0.0,0.0,0.0,0.0,0.0
1389.0,0.0,0.0,0.0,0.0,0.0,0.0
1390.0,0.0,0.0,0.0,0.0,0.0,0.0
1391.0,0.0,0.0,0.0,0.0,0.0,0.0
1392.0,0.0,0.0,0.0,0.0,0.0,0.0
1393.0,0.0002846881397999823,0.0,0.0,0.0,0.0,0.023724011649998527
1394.0,0.0,0.0,0.0,0.0,0.0,0.0
1395.0,0.0,0.0,0.0,0.0,0.0,0.0
1396.0,0.0,0.0,0.0,0.0,0.0,0.0
1397.0,0.0,0.0,0.0,0.0,0.0,0.0
1398.0,0.0,0.0,0.0,0.0,0.0,0.0
1399.0,3.6254089081921848e-06,0.0,0.0,0.0,0.0,0.0003021174090160154
1400.0,0.0,0.0,0.0,0.0,0.0,0.0
1401.0,0.0,0.0,0.0,0.0,0.0,0.0
1402.0,0.0,0.0,0.0,0.0,0.0,0.0
1403.0,0.0,0.0,0.0,0.0,0.0,0.0
1404.0,0.0,0.0,0.0,0.0,0.0,0.0
1405.0,0.0,0.0,0.0,0.0,0.0,0.0
1406.0,0.0,0.0,0.0,0.0,0.0,0.0
1407.0,1.0243989891023375e-05,2.3615020836587064e-06,3.0443079594988376e-05,0.0,0.0,0.0008536658242519479
1408.0,1.0243989891023375e-05,2.3615020836587064e-06,3.0443079594988376e-05,0.0,0.0,0.0008536658242519479
1409.0,0.0,0.0,0.0,0.0,0.0,0.0
1410.0,0.0,0.0,0.0,0.0,0.0,0.0
1411.0,0.0,0.0,0.0,0.0,0.0,0.0
1412.0,0.0,0.0,0.0,0.0,0.0,0.0
1413.0,0.0,0.0,0.0,0.0,0.0,0.0
1414.0,0.0,0.0,0.0,0.0,0.0,0.0
1415.0,0.0,0.0,0.0,0.0,0.0,0.0
1416.0,0.0,0.0,0.0,0.0,0.0,0.0
1417.0,0.0,0.0,0.0,0.0,0.0,0.0
1418.0,0.0,0.0,0.0,0.0,0.0,0.0
1419.0,0.0,0.0,0.0,0.0,0.0,0.0
1420.0,0.0,0.0,0.0,0.0,0.0,0.0
1421.0,0.0,0.0,0.0,0.0,0.0,0.0
1422.0,0.0,0.0,0.0,0.0,0.0,0.0
1423.0,0.0,0.0,0.0,0.0,0.0,0.0
1424.0,0.0,0.0,0.0,0.0,0.0,0.0
1425.0,0.0005942094721831381,0.0,0.0,0.0,0.0,0.04951745601526151
1426.0,0.0,0.0,0.0,0.0,0.0,0.0
1427.0,0.0,0.0,0.0,0.0,0.0,0.0
1428.0,0.0,0.0,0.0,0.0,0.0,0.0
1429.0,0.0,0.0,0.0,0.0,0.0,0.0
1430.0,0.0,0.0,0.0,0.0,0.0,0.0
1431.0,0.0,0.0,0.0,0.0,0.0,0.0
1432.0,1.0141862730961293e-05,2.3615020836587064e-06,3.0443079594988376e-05,0.0,0.0,0.0008451552275801077
1433.0,8.133421943057328e-06,2.3615020836587064e-06,3.0443079594988376e-05,0.0,0.0,0.000677785161921444
1434.0,0.0,0.0,0.0,0.0,0.0,0.0
1435.0,0.0,0.0,0.0,0.0,0.0,0.0
1436.0,0.0,0.0,0.0,0.0,0.0,0.0
1437.0,0.0,0.0,0.0,0.0,0.0,0.0
1438.0,0.0,0.0,0.0,0.0,0.0,0.0
1439.0,0.0,0.0,0.0,0.0,0.0,0.0
1440.0,0.0,0.0,0.0,0.0,0.0,0.0
1441.0,0.0,0.0,0.0,0.0,0.0,0.0
1442.0,0.0,0.0,0.0,0.0,0.0,0.0
1443.0,0.0,0.0,0.0,0.0,0.0,0.0
1444.0,0.0,0.0,0.0,0.0,0.0,0.0
1445.0,0.0,0.0,0.0,0.0,0.0,0.0
1446.0,0.0,0.0,0.0,0.0,0.0,0.0
1447.0,0.0,0.0,0.0,0.0,0.0,0.0
1448.0,0.0,0.0,0.0,0.0,0.0,0.0
1449.0,0.0,0.0,0.0,0.0,0.0,0.0
1450.0,0.0,0.0,0.0,0.0,0.0,0.0
1451.0,0.0,0.0,0.0,0.0,0.0,0.0
1452.0,0.0,0.0,0.0,0.0,0.0,0.0
1453.0,0.0,0.0,0.0,0.0,0.0,0.0
1454.0,0.0,0.0,0.0,0.0,0.0,0.0
1455.0,0.0,0.0,0.0,0.0,0.0,0.0
1456.0,0.0,0.0,0.0,0.0,0.0,0.0
1457.0,0.000240193578065373,2.3615020836587064e-06,3.0443079594988376e-05,0.0,0.0,0.02001613150544775
1458.0,4.443856596481055e-05,2.3615020836587064e-06,3.0443079594988376e-05,0.0,0.0,0.003703213830400879
1459.0,0.00022745266323909163,0.0,0.0,0.0,0.0,0.018954388603257637
1460.0,0.0,0.0,0.0,0.0,0.0,0.0
1461.0,0.0,0.0,0.0,0.0,0.0,0.0
1462.0,0.0,0.0,0.0,0.0,0.0,0.0
1463.0,0.0,0.0,0.0,0.0,0.0,0.0
1464.0,0.0,0.0,0.0,0.0,0.0,0.0
1465.0,0.0,0.0,0.0,0.0,0.0,0.0
1466.0,3.613488161136047e-06,0.0,0.0,0.0,0.0,0.00030112401342800393
1467.0,0.0,0.0,0.0,0.0,0.0,0.0
1468.0,0.0,0.0,0.0,0.0,0.0,0.0
1469.0,0.0,0.0,0.0,0.0,0.0,0.0
1470.0,0.0,0.0,0.0,0.0,0.0,0.0
1471.0,0.0,0.0,0.0,0.0,0.0,0.0
1472.0,0.0,0.0,0.0,0.0,0.0,0.0
1473.0,0.0,0.0,0.0,0.0,0.0,0.0
1474.0,0.0,0.0,0.0,0.0,0.0,0.0
1475.0,0.0,0.0,0.0,0.0,0.0,0.0
1476.0,0.0,0.0,0.0,0.0,0.0,0.0
1477.0,0.0,0.0,0.0,0.0,0.0,0.0
1478.0,0.0,0.0,0.0,0.0,0.0,0.0
1479.0,0.0,0.0,0.0,0.0,0.0,0.0
1480.0,0.0,0.0,0.0,0.0,0.0,0.0
1481.0,0.0,0.0,0.0,0.0,0.0,0.0
1482.0,8.269587851827964e-06,2.3615020836587064e-06,3.0443079594988376e-05,0.0,0.0,0.0006891323209856637
1483.0,8.269587851827964e-06,2.3615020836587064e-06,3.0443079594988376e-05,0.0,0.0,0.0006891323209856637
1484.0,0.0,0.0,0.0,0.0,0.0,0.0
1485.0,0.0,0.0,0.0,0.0,0.0,0.0
1486.0,0.0,0.0,0.0,0.0,0.0,0.0
1487.0,0.0,0.0,0.0,0.0,0.0,0.0
1488.0,0.0,0.0,0.0,0.0,0.0,0.0
1489.0,0.0,0.0,0.0,0.0,0.0,0.0
1490.0,0.0004950298462063074,0.0,0.0,0.0,0.0,0.04125248718385895
1491.0,0.0,0.0,0.0,0.0,0.0,0.0
1492.0,0.0,0.0,0.0,0.0,0.0,0.0
1493.0,0.0,0.0,0.0,0.0,0.0,0.0
1494.0,0.0,0.0,0.0,0.0,0.0,0.0
1495.0,0.0,0.0,0.0,0.0,0.0,0.0
1496.0,0.0,0.0,0.0,0.0,0.0,0.0
1497.0,0.0,0.0,0.0,0.0,0.0,0.0
1498.0,5.7529928199073765e-06,0.0,0.0,0.0,0.0,0.0004794160683256147
1499.0,1.7020566289716044e-08,0.0,0.0,0.0,0.0,1.4183805241430036e-06
1500.0,0.0,0.0,0.0,0.0,0.0,0.0
1501.0,0.0,0.0,0.0,0.0,0.0,0.0
1502.0,0.0,0.0,0.0,0.0,0.0,0.0
1503.0,0.0,0.0,0.0,0.0,0.0,0.0
1504.0,0.0,0.0,0.0,0.0,0.0,0.0
1505.0,0.0,0.0,0.0,0.0,0.0,0.0
1506.0,0.0,0.0,0.0,0.0,0.0,0.0
1507.0,8.133421943057328e-06,2.3615020836587064e-06,3.0443079594988376e-05,0.0,0.0,0.000677785161921444
1508.0,8.133421943057328e-06,2.3615020836587064e-06,3.0443079594988376e-05,0.0,0.0,0.000677785161921444
1509.0,0.0,0.0,0.0,0.0,0.0,0.0
1510.0,0.0,0.0,0.0,0.0,0.0,0.0
1511.0,0.0,0.0,0.0,0.0,0.0,0.0
1512.0,0.0,0.0,0.0,0.0,0.0,0.0
1513.0,6.808304675587351e-08,0.0,0.0,0.0,0.0,5.673587229656126e-06
1514.0,0.00039540775469504297,0.0,0.0,0.0,0.0,0.03295064622458691
1515.0,2.0254638002370484e-06,0.0,0.0,0.0,0.0,0.00016878865001975404
1516.0,3.5062498682236765e-06,0.0,0.0,0.0,0.0,0.0002921874890186397
1517.0,0.0,0.0,0.0,0.0,0.0,0.0
1518.0,0.0,0.0,0.0,0.0,0.0,0.0
1519.0,0.0,0.0,0.0,0.0,0.0,0.0
1520.0,0.0,0.0,0.0,0.0,0.0,0.0
1521.0,0.0,0.0,0.0,0.0,0.0,0.0
1522.0,0.0,0.0,0.0,0.0,0.0,0.0
1523.0,0.0,0.0,0.0,0.0,0.0,0.0
1524.0,0.0,0.0,0.0,0.0,0.0,0.0
1525.0,0.0,0.0,0.0,0.0,0.0,0.0
1526.0,0.0,0.0,0.0,0.0,0.0,0.0
1527.0,0.000402113888412714,0.0,0.0,0.0,0.0,0.0335094907010595
1528.0,1.0212415872956626e-05,0.0,0.0,0.0,0.0,0.0008510346560797188
1529.0,1.0229436156805605e-05,0.0,0.0,0.0,0.0,0.0008524530130671337
1530.0,0.00035991959157399833,0.0,0.0,0.0,0.0,0.029993299297833193
1531.0,0.00012168093962827697,0.0,0.0,0.0,0.0,0.010140078302356414
1532.0,1.2133286872995086e-05,2.3615020836587064e-06,3.0443079594988376e-05,0.0,0.0,0.0010111072394162572
1533.0,8.592981430410873e-06,2.3615020836587064e-06,3.0443079594988376e-05,0.0,0.0,0.0007160817858675728
1534.0,0.0,0.0,0.0,0.0,0.0,0.0
1535.0,0.0,0.0,0.0,0.0,0.0,0.0
1536.0,0.0,0.0,0.0,0.0,0.0,0.0
1537.0,0.0,0.0,0.0,0.0,0.0,0.0
1538.0,0.0,0.0,0.0,0.0,0.0,0.0
1539.0,0.0,0.0,0.0,0.0,0.0,0.0
1540.0,0.0,0.0,0.0,0.0,0.0,0.0
1541.0,0.0,0.0,0.0,0.0,0.0,0.0
1542.0,0.0,0.0,0.0,0.0,0.0,0.0
1543.0,0.0,0.0,0.0,0.0,0.0,0.0
1544.0,0.0,0.0,0.0,0.0,0.0,0.0
1545.0,0.0,0.0,0.0,0.0,0.0,0.0
1546.0,0.0,0.0,0.0,0.0,0.0,0.0
1547.0,0.0,0.0,0.0,0.0,0.0,0.0
1548.0,0.0,0.0,0.0,0.0,0.0,0.0
1549.0,1.0212482237648146e-07,0.0,0.0,0.0,0.0,8.510401864706788e-06
1550.0,1.0212482237648146e-07,0.0,0.0,0.0,0.0,8.510401864706788e-06
1551.0,0.0,0.0,0.0,0.0,0.0,0.0
1552.0,0.0,0.0,0.0,0.0,0.0,0.0
1553.0,0.0,0.0,0.0,0.0,0.0,0.0
1554.0,0.0,0.0,0.0,0.0,0.0,0.0
1555.0,0.0,0.0,0.0,0.0,0.0,0.0
1556.0,0.0,0.0,0.0,0.0,0.0,0.0
1557.0,8.592981430410873e-06,2.3615020836587064e-06,3.0443079594988376e-05,0.0,0.0,0.0007160817858675728
1558.0,8.592981430410873e-06,2.3615020836587064e-06,3.0443079594988376e-05,0.0,0.0,0.0007160817858675728
1559.0,0.0,0.0,0.0,0.0,0.0,0.0
1560.0,0.0,0.0,0.0,0.0,0.0,0.0
1561.0,0.0,0.0,0.0,0.0,0.0,0.0
1562.0,0.0,0.0,0.0,0.0,0.0,0.0
1563.0,0.0,0.0,0.0,0.0,0.0,0.0
1564.0,0.0,0.0,0.0,0.0,0.0,0.0
1565.0,0.0,0.0,0.0,0.0,0.0,0.0
1566.0,0.0,0.0,0.0,0.0,0.0,0.0
1567.0,0.0,0.0,0.0,0.0,0.0,0.0
1568.0,0.0,0.0,0.0,0.0,0.0,0.0
1569.0,0.0,0.0,0.0,0.0,0.0,0.0
1570.0,0.0,0.0,0.0,0.0,0.0,0.0
1571.0,0.0,0.0,0.0,0.0,0.0,0.0
1572.0,0.0,0.0,0.0,0.0,0.0,0.0
1573.0,0.0,0.0,0.0,0.0,0.0,0.0
1574.0,1.0212482237648146e-07,0.0,0.0,0.0,0.0,8.510401864706788e-06
1575.0,1.0212482237648146e-07,0.0,0.0,0.0,0.0,8.510401864706788e-06
1576.0,0.0,0.0,0.0,0.0,0.0,0.0
1577.0,0.0,0.0,0.0,0.0,0.0,0.0
1578.0,0.0,0.0,0.0,0.0,0.0,0.0
1579.0,0.0,0.0,0.0,0.0,0.0,0.0
1580.0,0.0,0.0,0.0,0.0,0.0,0.0
1581.0,0.0,0.0,0.0,0.0,0.0,0.0
1582.0,8.592981430410873e-06,2.3615020836587064e-06,3.0443079594988376e-05,0.0,0.0,0.0007160817858675728
1583.0,8.592981430410873e-06,2.3615020836587064e-06,3.0443079594988376e-05,0.0,0.0,0.0007160817858675728
1584.0,0.0,0.0,0.0,0.0,0.0,0.0
1585.0,0.0,0.0,0.0,0.0,0.0,0.0
1586.0,0.0,0.0,0.0,0.0,0.0,0.0
1587.0,0.0,0.0,0.0,0.0,0.0,0.0
1588.0,0.0,0.0,0.0,0.0,0.0,0.0
1589.0,0.0,0.0,0.0,0.0,0.0,0.0
1590.0,0.0,0.0,0.0,0.0,0.0,0.0
1591.0,0.0,0.0,0.0,0.0,0.0,0.0
1592.0,0.0,0.0,0.0,0.0,0.0,0.0
1593.0,0.0,0.0,0.0,0.0,0.0,0.0
1594.0,0.0,0.0,0.0,0.0,0.0,0.0
1595.0,0.0,0.0,0.0,0.0,0.0,0.0
1596.0,0.0,0.0,0.0,0.0,0.0,0.0
1597.0,0.0,0.0,0.0,0.0,0.0,0.0
1598.0,0.0,0.0,0.0,0.0,0.0,0.0
1599.0,1.0212482237648146e-07,0.0,0.0,0.0,0.0,8.510401864706788e-06
1600.0,1.0212482237648146e-07,0.0,0.0,0.0,0.0,8.510401864706788e-06
1601.0,0.0,0.0,0.0,0.0,0.0,0.0
1602.0,0.0,0.0,0.0,0.0,0.0,0.0
1603.0,0.0,0.0,0.0,0.0,0.0,0.0
1604.0,0.0,0.0,0.0,0.0,0.0,0.0
1605.0,0.0,0.0,0.0,0.0,0.0,0.0
1606.0,0.0,0.0,0.0,0.0,0.0,0.0
1607.0,8.592981430410873e-06,2.3615020836587064e-06,3.0443079594988376e-05,0.0,0.0,0.0007160817858675728
1608.0,8.592981430410873e-06,2.3615020836587064e-06,3.0443079594988376e-05,0.0,0.0,0.0007160817858675728
1609.0,0.0,0.0,0.0,0.0,0.0,0.0
1610.0,0.0005014296621084213,0.0,0.0,0.0,0.0,0.041785805175701775
1611.0,0.0,0.0,0.0,0.0,0.0,0.0
1612.0,0.0,0.0,0.0,0.0,0.0,0.0
1613.0,0.0,0.0,0.0,0.0,0.0,0.0
1614.0,0.0,0.0,0.0,0.0,0.0,0.0
1615.0,0.0,0.0,0.0,0.0,0.0,0.0
1616.0,2.3828974349271448e-07,0.0,0.0,0.0,0.0,1.9857478624392872e-05
1617.0,0.0,0.0,0.0,0.0,0.0,0.0
1618.0,0.0,0.0,0.0,0.0,0.0,0.0
1619.0,0.0,0.0,0.0,0.0,0.0,0.0
1620.0,0.0,0.0,0.0,0.0,0.0,0.0
1621.0,0.0,0.0,0.0,0.0,0.0,0.0
1622.0,0.0,0.0,0.0,0.0,0.0,0.0
1623.0,0.0,0.0,0.0,0.0,0.0,0.0
1624.0,0.0,0.0,0.0,0.0,0.0,0.0
1625.0,0.0,0.0,0.0,0.0,0.0,0.0
1626.0,0.0,0.0,0.0,0.0,0.0,0.0
1627.0,0.0,0.0,0.0,0.0,0.0,0.0
1628.0,0.0,0.0,0.0,0.0,0.0,0.0
1629.0,0.0,0.0,0.0,0.0,0.0,0.0
1630.0,0.0,0.0,0.0,0.0,0.0,0.0
1631.0,0.0,0.0,0.0,0.0,0.0,0.0
1632.0,8.133421943057328e-06,2.3615020836587064e-06,3.0443079594988376e-05,0.0,0.0,0.000677785161921444
1633.0,8.133421943057328e-06,2.3615020836587064e-06,3.0443079594988376e-05,0.0,0.0,0.000677785161921444
1634.0,0.0,0.0,0.0,0.0,0.0,0.0
1635.0,0.0,0.0,0.0,0.0,0.0,0.0
1636.0,0.0,0.0,0.0,0.0,0.0,0.0
1637.0,0.0,0.0,0.0,0.0,0.0,0.0
1638.0,0.0,0.0,0.0,0.0,0.0,0.0
1639.0,0.0,0.0,0.0,0.0,0.0,0.0
1640.0,0.0,0.0,0.0,0.0,0.0,0.0
1641.0,0.0,0.0,0.0,0.0,0.0,0.0
1642.0,0.0,0.0,0.0,0.0,0.0,0.0
1643.0,0.0,0.0,0.0,0.0,0.0,0.0
1644.0,0.0,0.0,0.0,0.0,0.0,0.0
1645.0,0.0,0.0,0.0,0.0,0.0,0.0
1646.0,0.0,0.0,0.0,0.0,0.0,0.0
1647.0,0.0,0.0,0.0,0.0,0.0,0.0
1648.0,0.0,0.0,0.0,0.0,0.0,0.0
1649.0,0.0,0.0,0.0,0.0,0.0,0.0
1650.0,0.0,0.0,0.0,0.0,0.0,0.0
1651.0,0.0,0.0,0.0,0.0,0.0,0.0
1652.0,0.0,0.0,0.0,0.0,0.0,0.0
1653.0,0.0,0.0,0.0,0.0,0.0,0.0
1654.0,0.0,0.0,0.0,0.0,0.0,0.0
1655.0,0.0,0.0,0.0,0.0,0.0,0.0
1656.0,0.0,0.0,0.0,0.0,0.0,0.0
1657.0,8.133421943057328e-06,2.3615020836587064e-06,3.0443079594988376e-05,0.0,0.0,0.000677785161921444
1658.0,8.133421943057328e-06,2.3615020836587064e-06,3.0443079594988376e-05,0.0,0.0,0.000677785161921444
1659.0,0.0,0.0,0.0,0.0,0.0,0.0
1660.0,0.0,0.0,0.0,0.0,0.0,0.0
1661.0,0.0,0.0,0.0,0.0,0.0,0.0
1662.0,0.0,0.0,0.0,0.0,0.0,0.0
1663.0,0.0,0.0,0.0,0.0,0.0,0.0
1664.0,0.0,0.0,0.0,0.0,0.0,0.0
1665.0,0.0,0.0,0.0,0.0,0.0,0.0
1666.0,0.0,0.0,0.0,0.0,0.0,0.0
1667.0,0.0,0.0,0.0,0.0,0.0,0.0
1668.0,0.0,0.0,0.0,0.0,0.0,0.0
1669.0,0.0,0.0,0.0,0.0,0.0,0.0
1670.0,0.0,0.0,0.0,0.0,0.0,0.0
1671.0,0.0,0.0,0.0,0.0,0.0,0.0
1672.0,0.0,0.0,0.0,0.0,0.0,0.0
1673.0,0.0,0.0,0.0,0.0,0.0,0.0
1674.0,0.00014913530321791768,0.0,0.0,0.0,0.0,0.012427941934826473
1675.0,0.00015060418809298426,0.0,0.0,0.0,0.0,0.012550349007748688
1676.0,0.0,0.0,0.0,0.0,0.0,0.0
1677.0,0.0,0.0,0.0,0.0,0.0,0.0
1678.0,0.0,0.0,0.0,0.0,0.0,0.0
1679.0,0.03705095127224922,0.02662191167473793,0.3919726610183716,0.0038444935344159603,0.24305555555555555,3.087579272687435
1680.0,0.0,0.0,0.0,0.0,0.0,0.0
1681.0,0.003204894484952092,0.004769340623170137,0.0,0.0,0.08854166666666667,0.5902777777777778
1682.0,0.0,0.0,0.0,0.0,0.0,0.0
1683.0,0.0,0.0,0.0,0.0,0.0,0.0
1684.0,0.0,0.0,0.0,0.0,0.0,0.0
1685.0,0.0,0.0,0.0,0.0,0.0,0.0
1686.0,0.00026557384990155697,0.001426234724931419,0.0,0.0,0.005208333333333333,0.03565586812328547
1687.0,0.0013891609851270914,0.007252678275108337,0.0,0.0,0.03125,0.20833333333333334
1688.0,0.000254204060183838,0.0003864118189085275,0.0,0.0,0.003472222222222222,0.023148148148148147
1689.0,0.0003059640002902597,0.00197839317843318,0.0,0.0,0.010416666666666666,0.06944444444444445
1690.0,0.0003217761986888945,0.002080636564642191,0.0,0.0,0.005208333333333333,0.05201591411605477
1691.0,0.00033256737515330315,0.002150413114577532,0.0,0.0,0.001736111111111111,0.053760327864438295
1692.0,0.0,0.0,0.0,0.0,0.0,0.0
1693.0,0.0001448290713597089,0.0009364789584651589,0.0,0.0,0.0,0.023411973961628973
1694.0,1.5829240510356613e-05,0.00010235342051601037,0.0,0.0,0.001736111111111111,0.011574074074074073
1695.0,0.0,0.0,0.0,0.0,0.0,0.0
1696.0,1.540373887110036e-05,8.331357821589336e-05,0.0,0.0,0.0,0.002082839455397334
1697.0,0.0,0.0,0.0,0.0,0.0,0.0
1698.0,0.0,0.0,0.0,0.0,0.0,0.0
1699.0,0.0,0.0,0.0,0.0,0.0,0.0
1700.0,0.0,0.0,0.0,0.0,0.0,0.0
1701.0,0.0,0.0,0.0,0.0,0.0,0.0
1702.0,0.0,0.0,0.0,0.0,0.0,0.0
1703.0,0.0,0.0,0.0,0.0,0.0,0.0
1704.0,0.0,0.0,0.0,0.0,0.0,0.0
1705.0,0.0,0.0,0.0,0.0,0.0,0.0
1706.0,0.0,0.0,0.0,0.0,0.0,0.0
1707.0,0.0,0.0,0.0,0.0,0.0,0.0
1708.0,0.0,0.0,0.0,0.0,0.0,0.0
1709.0,0.0,0.0,0.0,0.0,0.0,0.0
1710.0,0.0001242850994458422,0.0,0.0,0.0,0.005208333333333333,0.034722222222222224
1711.0,0.00011797043407568708,0.0,0.0,0.0,0.0,0.009830869506307257
1712.0,0.0003795614466071129,0.0,0.0,0.0,0.010416666666666666,0.06944444444444445
1713.0,0.00022389022342395037,0.0,0.0,0.0,0.003472222222222222,0.023148148148148147
1714.0,0.00017975555965676904,0.0,0.0,0.0,0.005208333333333333,0.034722222222222224
1715.0,0.0005656657158397138,0.0,0.0,0.0,0.010416666666666666,0.06944444444444445
1716.0,4.7657749746576883e-07,0.0,0.0,0.0,0.0,3.9714791455480736e-05
1717.0,0.00022489442199002951,0.0,0.0,0.0,0.005208333333333333,0.034722222222222224
1718.0,0.00026637385599315166,0.0,0.0,0.0,0.001736111111111111,0.02219782133276264
1719.0,0.00013926329847890884,0.0,0.0,0.0,0.003472222222222222,0.023148148148148147
1720.0,0.0003472221433185041,0.0,0.0,0.0,0.003472222222222222,0.02893517860987534
1721.0,0.0002199073787778616,0.0,0.0,0.0,0.003472222222222222,0.023148148148148147
1722.0,0.00023670679365750402,0.0,0.0,0.0,0.003472222222222222,0.023148148148148147
1723.0,5.5827873438829556e-05,0.0,0.0,0.0,0.001736111111111111,0.011574074074074073
1724.0,0.0003358182730153203,0.0,0.0,0.0,0.012152777777777778,0.08101851851851852
1725.0,0.001293504610657692,0.0,0.0,0.0,0.03298611111111111,0.2199074074074074
1726.0,0.00013037851022090763,0.0,0.0,0.0,0.0,0.010864875851742303
1727.0,5.186205089557916e-05,0.0,0.0,0.0,0.0,0.004321837574631597
1728.0,0.0002056780649581924,0.0,0.0,0.0,0.001736111111111111,0.017139838746516034
1729.0,0.00013373162073548883,0.0,0.0,0.0,0.0,0.011144301727957403
1730.0,0.00030647459789179265,0.0,0.0,0.0,0.008680555555555556,0.05787037037037038
1731.0,0.0002543061855249107,0.0,0.0,0.0,0.003472222222222222,0.023148148148148147
1732.0,0.0002286219532834366,0.0,0.0,0.0,0.003472222222222222,0.023148148148148147
1733.0,0.00020635889086406678,0.0,0.0,0.0,0.005208333333333333,0.034722222222222224
1734.0,0.0,0.0,0.0,0.0,0.0,0.0
1735.0,0.0,0.0,0.0,0.0,0.0,0.0
1736.0,0.0,0.0,0.0,0.0,0.0,0.0
1737.0,1.055284337780904e-05,0.0,0.0,0.0,0.0,0.00087940361481742
1738.0,0.0,0.0,0.0,0.0,0.0,0.0
1739.0,0.0,0.0,0.0,0.0,0.0,0.0
1740.0,0.0,0.0,0.0,0.0,0.0,0.0
1741.0,0.0,0.0,0.0,0.0,0.0,0.0
1742.0,0.0,0.0,0.0,0.0,0.0,0.0
1743.0,0.0,0.0,0.0,0.0,0.0,0.0
1744.0,0.0,0.0,0.0,0.0,0.0,0.0
1745.0,0.0,0.0,0.0,0.0,0.0,0.0
1746.0,0.0,0.0,0.0,0.0,0.0,0.0
1747.0,0.0,0.0,0.0,0.0,0.0,0.0
1748.0,2.8901136829517782e-05,0.0,0.0,0.0,0.0,0.0024084280691264817
1749.0,0.00010336667764931917,0.0,0.0,0.0,0.0,0.008613889804109931
1750.0,0.0,0.0,0.0,0.0,0.0,0.0
1751.0,0.0,0.0,0.0,0.0,0.0,0.0
1752.0,0.0,0.0,0.0,0.0,0.0,0.0
1753.0,0.0,0.0,0.0,0.0,0.0,0.0
1754.0,2.4509779450454516e-06,0.0,0.0,0.0,0.0,0.00020424816208712096
1755.0,0.0,0.0,0.0,0.0,0.0,0.0
1756.0,0.0,0.0,0.0,0.0,0.0,0.0
1757.0,0.0,0.0,0.0,0.0,0.0,0.0
1758.0,0.0,0.0,0.0,0.0,0.0,0.0
1759.0,0.0,0.0,0.0,0.0,0.0,0.0
1760.0,0.0,0.0,0.0,0.0,0.0,0.0
1761.0,0.0,0.0,0.0,0.0,0.0,0.0
1762.0,0.0,0.0,0.0,0.0,0.0,0.0
1763.0,0.0,0.0,0.0,0.0,0.0,0.0
1764.0,0.0,0.0,0.0,0.0,0.0,0.0
1765.0,0.0,0.0,0.0,0.0,0.0,0.0
1766.0,0.0,0.0,0.0,0.0,0.0,0.0
1767.0,0.0,0.0,0.0,0.0,0.0,0.0
1768.0,0.0,0.0,0.0,0.0,0.0,0.0
1769.0,0.0,0.0,0.0,0.0,0.0,0.0
1770.0,0.0,0.0,0.0,0.0,0.0,0.0
1771.0,0.0,0.0,0.0,0.0,0.0,0.0
1772.0,0.0,0.0,0.0,0.0,0.0,0.0
1773.0,0.0,0.0,0.0,0.0,0.0,0.0
1774.0,0.0,0.0,0.0,0.0,0.0,0.0
1775.0,0.0,0.0,0.0,0.0,0.0,0.0
1776.0,0.0,0.0,0.0,0.0,0.0,0.0
1777.0,0.0,0.0,0.0,0.0,0.0,0.0
1778.0,0.0,0.0,0.0,0.0,0.0,0.0
1779.0,0.0,0.0,0.0,0.0,0.0,0.0
1780.0,0.0,0.0,0.0,0.0,0.0,0.0
1781.0,0.0,0.0,0.0,0.0,0.0,0.0
1782.0,0.0,0.0,0.0,0.0,0.0,0.0
1783.0,0.0,0.0,0.0,0.0,0.0,0.0
1784.0,0.0,0.0,0.0,0.0,0.0,0.0
1785.0,0.0,0.0,0.0,0.0,0.0,0.0
1786.0,0.0,0.0,0.0,0.0,0.0,0.0
1787.0,0.0,0.0,0.0,0.0,0.0,0.0
1788.0,0.0,0.0,0.0,0.0,0.0,0.0
1789.0,0.0,0.0,0.0,0.0,0.0,0.0
1790.0,0.0,0.0,0.0,0.0,0.0,0.0
1791.0,0.0,0.0,0.0,0.0,0.0,0.0
1792.0,0.0,0.0,0.0,0.0,0.0,0.0
1793.0,0.0,0.0,0.0,0.0,0.0,0.0
1794.0,0.0,0.0,0.0,0.0,0.0,0.0
1795.0,0.0,0.0,0.0,0.0,0.0,0.0
1796.0,0.0,0.0,0.0,0.0,0.0,0.0
1797.0,0.0003394607047084719,0.0016334730898961425,0.0,0.0,0.005208333333333333,0.04083682724740356
1798.0,0.0,0.0,0.0,0.0,0.0,0.0
1799.0,0.0,0.0,0.0,0.0,0.0,0.0
1800.0,0.0,0.0,0.0,0.0,0.0,0.0
1801.0,0.0,0.0,0.0,0.0,0.0,0.0
1802.0,0.043502457439899445,0.038302768021821976,0.3919617235660553,0.0038444935344159603,0.3611111111111111,3.625204786658287
1803.0,2.948481096609612e-06,7.362926908172085e-07,1.4041219401406124e-05,0.0,0.0,0.000245706758050801
1804.0,0.00029910466400906444,0.0,0.0,0.0,0.0,0.024925388667422037
1805.0,0.0,0.0,0.0,0.0,0.0,0.0
1806.0,0.0,0.0,0.0,0.0,0.0,0.0
1807.0,0.0,0.0,0.0,0.0,0.0,0.0
1808.0,0.0,0.0,0.0,0.0,0.0,0.0
1809.0,0.0,0.0,0.0,0.0,0.0,0.0
1810.0,0.0002587996132206172,0.0,0.0,0.0,0.0,0.02156663443505143
1811.0,2.314812036274816e-06,0.0,0.0,0.0,0.0,0.00019290100302290133
1812.0,0.0,0.0,0.0,0.0,0.0,0.0
1813.0,0.0,0.0,0.0,0.0,0.0,0.0
1814.0,0.0,0.0,0.0,0.0,0.0,0.0
1815.0,0.0,0.0,0.0,0.0,0.0,0.0
1816.0,0.0,0.0,0.0,0.0,0.0,0.0
1817.0,0.0,0.0,0.0,0.0,0.0,0.0
1818.0,0.0,0.0,0.0,0.0,0.0,0.0
1819.0,0.0,0.0,0.0,0.0,0.0,0.0
1820.0,0.0,0.0,0.0,0.0,0.0,0.0
1821.0,0.0,0.0,0.0,0.0,0.0,0.0
1822.0,0.0,0.0,0.0,0.0,0.0,0.0
1823.0,0.0,0.0,0.0,0.0,0.0,0.0
1824.0,0.0,0.0,0.0,0.0,0.0,0.0
1825.0,0.0,0.0,0.0,0.0,0.0,0.0
1826.0,0.0,0.0,0.0,0.0,0.0,0.0
1827.0,3.1697500162408687e-06,7.362926908172085e-07,1.4041219401406124e-05,0.0,0.0,0.0002641458346867391
1828.0,3.1697500162408687e-06,7.362926908172085e-07,1.4041219401406124e-05,0.0,0.0,0.0002641458346867391
1829.0,0.0,0.0,0.0,0.0,0.0,0.0
1830.0,0.0,0.0,0.0,0.0,0.0,0.0
1831.0,0.0,0.0,0.0,0.0,0.0,0.0
1832.0,0.0,0.0,0.0,0.0,0.0,0.0
1833.0,0.0,0.0,0.0,0.0,0.0,0.0
1834.0,0.0,0.0,0.0,0.0,0.0,0.0
1835.0,0.0,0.0,0.0,0.0,0.0,0.0
1836.0,0.0,0.0,0.0,0.0,0.0,0.0
1837.0,0.0,0.0,0.0,0.0,0.0,0.0
1838.0,0.0,0.0,0.0,0.0,0.0,0.0
1839.0,0.0,0.0,0.0,0.0,0.0,0.0
1840.0,0.0,0.0,0.0,0.0,0.0,0.0
1841.0,0.0,0.0,0.0,0.0,0.0,0.0
1842.0,0.00025834006373770535,0.0,0.0,0.0,0.0,0.02152833864480878
1843.0,0.0,0.0,0.0,0.0,0.0,0.0
1844.0,6.467865887316293e-07,0.0,0.0,0.0,0.0,5.389888239430244e-05
1845.0,0.0,0.0,0.0,0.0,0.0,0.0
1846.0,0.0,0.0,0.0,0.0,0.0,0.0
1847.0,0.0,0.0,0.0,0.0,0.0,0.0
1848.0,0.0,0.0,0.0,0.0,0.0,0.0
1849.0,0.0,0.0,0.0,0.0,0.0,0.0
1850.0,0.0,0.0,0.0,0.0,0.0,0.0
1851.0,0.0,0.0,0.0,0.0,0.0,0.0
1852.0,3.770478542719502e-06,1.649100909162371e-06,1.4041219401406124e-05,0.0,0.0,0.00031420654522662517
1853.0,0.030198602005839348,0.018443258479237556,1.4041219401406124e-05,0.001017734524793923,0.2951388888888889,2.516550167153279
1854.0,0.04260530322790146,0.04490837827324867,0.0,0.0006870267097838223,0.2690972222222222,3.550441935658455
1855.0,0.0,0.0,0.0,0.0,0.0,0.0
1856.0,0.0,0.0,0.0,0.0,0.0,0.0
1857.0,0.0,0.0,0.0,0.0,0.0,0.0
1858.0,0.0,0.0,0.0,0.0,0.0,0.0
1859.0,0.0,0.0,0.0,0.0,0.0,0.0
1860.0,0.0,0.0,0.0,0.0,0.0,0.0
1861.0,0.0,0.0,0.0,0.0,0.0,0.0
1862.0,0.00023222995514515787,0.0003905977646354586,0.0,0.0001346660719718784,0.001736111111111111,0.01935249626209649
1863.0,0.0,0.0,0.0,0.0,0.0,0.0
1864.0,0.0,0.0,0.0,0.0,0.0,0.0
1865.0,0.0,0.0,0.0,0.0,0.0,0.0
1866.0,0.0,0.0,0.0,0.0,0.0,0.0
1867.0,0.0,0.0,0.0,0.0,0.0,0.0
1868.0,0.0,0.0,0.0,0.0,0.0,0.0
1869.0,0.0,0.0,0.0,0.0,0.0,0.0
1870.0,0.0,0.0,0.0,0.0,0.0,0.0
1871.0,0.0,0.0,0.0,0.0,0.0,0.0
1872.0,0.0,0.0,0.0,0.0,0.0,0.0
1873.0,0.0,0.0,0.0,0.0,0.0,0.0
1874.0,0.0,0.0,0.0,0.0,0.0,0.0
1875.0,0.0,0.0,0.0,0.0,0.0,0.0
1876.0,0.0,0.0,0.0,0.0,0.0,0.0
1877.0,0.0,0.0,0.0,0.0,0.0,0.0
1878.0,1.4421607374970336e-07,2.201149698066729e-07,0.0,0.0,0.0,1.2018006145808613e-05
1879.0,1.4421607374970336e-07,2.201149698066729e-07,0.0,0.0,0.0,1.2018006145808613e-05
1880.0,0.0,0.0,0.0,0.0,0.0,0.0
1881.0,0.0,0.0,0.0,0.0,0.0,0.0
1882.0,0.0,0.0,0.0,0.0,0.0,0.0
1883.0,0.0,0.0,0.0,0.0,0.0,0.0
1884.0,0.0,0.0,0.0,0.0,0.0,0.0
1885.0,0.0,0.0,0.0,0.0,0.0,0.0
1886.0,0.0,0.0,0.0,0.0,0.0,0.0
1887.0,0.0,0.0,0.0,0.0,0.0,0.0
1888.0,0.0,0.0,0.0,0.0,0.0,0.0
1889.0,0.0,0.0,0.0,0.0,0.0,0.0
1890.0,0.0,0.0,0.0,0.0,0.0,0.0
1891.0,0.0,0.0,0.0,0.0,0.0,0.0
1892.0,0.0,0.0,0.0,0.0,0.0,0.0
1893.0,0.0,0.0,0.0,0.0,0.0,0.0
1894.0,0.0,0.0,0.0,0.0,0.0,0.0
1895.0,0.0,0.0,0.0,0.0,0.0,0.0
1896.0,0.0,0.0,0.0,0.0,0.0,0.0
1897.0,0.000314472388708964,0.0013327960623428226,0.0,0.0,0.0,0.033319901558570564
1898.0,0.00028090953128412366,0.00028879084857180715,0.0,0.0,0.0,0.023409127607010305
1899.0,0.00019206151773687452,0.000504283350892365,0.0,0.0,0.0,0.016005126478072878
1900.0,0.00016414758283644915,0.0005280557670630515,0.0,0.0,0.0,0.013678965236370763
1901.0,0.00018110017117578536,0.00030375862843357027,0.0,0.0,0.0,0.015091680931315446
1902.0,0.00022632416221313179,0.0002742632059380412,0.0,0.0,0.0,0.018860346851094317
1903.0,0.0002388234861427918,6.658486381638795e-05,0.0,0.0,0.0,0.019901957178565983
1904.0,0.0003835864190477878,2.201149698066729e-07,0.0,0.0,0.001736111111111111,0.031965534920648984
1905.0,0.00017847705748863518,0.0,0.0,0.0,0.008680555555555556,0.05787037037037038
1906.0,3.404165127562919e-08,0.0,0.0,0.0,0.0,2.8368042729690992e-06
1907.0,0.0,0.0,0.0,0.0,0.0,0.0
1908.0,0.0,0.0,0.0,0.0,0.0,0.0
1909.0,0.0,0.0,0.0,0.0,0.0,0.0
1910.0,0.0,0.0,0.0,0.0,0.0,0.0
1911.0,0.0,0.0,0.0,0.0,0.0,0.0
1912.0,6.074449174775509e-06,4.402266142733424e-07,0.0,0.0,0.0,0.0005062040978979591
1913.0,0.0,0.0,0.0,0.0,0.0,0.0
1914.0,0.002143960678949952,0.0032531889155507088,0.0,0.0,0.010416666666666666,0.178663389912496
1915.0,0.0,0.0,0.0,0.0,0.0,0.0
1916.0,0.0,0.0,0.0,0.0,0.0,0.0
1917.0,0.0,0.0,0.0,0.0,0.0,0.0
1918.0,0.0,0.0,0.0,0.0,0.0,0.0
1919.0,0.0,0.0,0.0,0.0,0.0,0.0
1920.0,1.6850481188157573e-06,0.0,0.0,0.0,0.0,0.00014042067656797977
1921.0,0.0,0.0,0.0,0.0,0.0,0.0
1922.0,0.0,0.0,0.0,0.0,0.0,0.0
1923.0,0.0,0.0,0.0,0.0,0.0,0.0
1924.0,0.0,0.0,0.0,0.0,0.0,0.0
1925.0,0.0,0.0,0.0,0.0,0.0,0.0
1926.0,0.0,0.0,0.0,0.0,0.0,0.0
1927.0,0.0,0.0,0.0,0.0,0.0,0.0
1928.0,1.4421607374970336e-07,2.201149698066729e-07,0.0,0.0,0.0,1.2018006145808613e-05
1929.0,1.4421607374970336e-07,2.201149698066729e-07,0.0,0.0,0.0,1.2018006145808613e-05
1930.0,0.0,0.0,0.0,0.0,0.0,0.0
1931.0,0.0,0.0,0.0,0.0,0.0,0.0
1932.0,0.0,0.0,0.0,0.0,0.0,0.0
1933.0,0.0,0.0,0.0,0.0,0.0,0.0
1934.0,0.0,0.0,0.0,0.0,0.0,0.0
1935.0,0.0,0.0,0.0,0.0,0.0,0.0
1936.0,0.0,0.0,0.0,0.0,0.0,0.0
1937.0,0.0,0.0,0.0,0.0,0.0,0.0
1938.0,0.0,0.0,0.0,0.0,0.0,0.0
1939.0,0.0,0.0,0.0,0.0,0.0,0.0
1940.0,0.0,0.0,0.0,0.0,0.0,0.0
1941.0,0.0,0.0,0.0,0.0,0.0,0.0
1942.0,0.0,0.0,0.0,0.0,0.0,0.0
1943.0,0.0,0.0,0.0,0.0,0.0,0.0
1944.0,0.0,0.0,0.0,0.0,0.0,0.0
1945.0,0.0,0.0,0.0,0.0,0.0,0.0
1946.0,0.0,0.0,0.0,0.0,0.0,0.0
1947.0,0.0,0.0,0.0,0.0,0.0,0.0
1948.0,0.0,0.0,0.0,0.0,0.0,0.0
1949.0,0.0,0.0,0.0,0.0,0.0,0.0
1950.0,0.0,0.0,0.0,0.0,0.0,0.0
1951.0,0.0,0.0,0.0,0.0,0.0,0.0
1952.0,0.0,0.0,0.0,0.0,0.0,0.0
1953.0,1.4421607374970336e-07,2.201149698066729e-07,0.0,0.0,0.0,1.2018006145808613e-05
1954.0,1.4421607374970336e-07,2.201149698066729e-07,0.0,0.0,0.0,1.2018006145808613e-05
1955.0,0.0,0.0,0.0,0.0,0.0,0.0
1956.0,0.0,0.0,0.0,0.0,0.0,0.0
1957.0,0.0,0.0,0.0,0.0,0.0,0.0
1958.0,0.0,0.0,0.0,0.0,0.0,0.0
1959.0,0.0,0.0,0.0,0.0,0.0,0.0
1960.0,0.0,0.0,0.0,0.0,0.0,0.0
1961.0,0.0,0.0,0.0,0.0,0.0,0.0
1962.0,0.0,0.0,0.0,0.0,0.0,0.0
1963.0,0.0,0.0,0.0,0.0,0.0,0.0
1964.0,0.0,0.0,0.0,0.0,0.0,0.0
1965.0,0.0,0.0,0.0,0.0,0.0,0.0
1966.0,0.0,0.0,0.0,0.0,0.0,0.0
1967.0,0.0,0.0,0.0,0.0,0.0,0.0
1968.0,0.0,0.0,0.0,0.0,0.0,0.0
1969.0,0.0,0.0,0.0,0.0,0.0,0.0
1970.0,0.0,0.0,0.0,0.0,0.0,0.0
1971.0,0.0,0.0,0.0,0.0,0.0,0.0
1972.0,0.0,0.0,0.0,0.0,0.0,0.0
1973.0,0.0,0.0,0.0,0.0,0.0,0.0
1974.0,0.0,0.0,0.0,0.0,0.0,0.0
1975.0,0.0,0.0,0.0,0.0,0.0,0.0
1976.0,0.0,0.0,0.0,0.0,0.0,0.0
1977.0,0.0,0.0,0.0,0.0,0.0,0.0
1978.0,1.4421607374970336e-07,2.201149698066729e-07,0.0,0.0,0.0,1.2018006145808613e-05
1979.0,1.4421607374970336e-07,2.201149698066729e-07,0.0,0.0,0.0,1.2018006145808613e-05
1980.0,0.0,0.0,0.0,0.0,0.0,0.0
1981.0,0.0,0.0,0.0,0.0,0.0,0.0
1982.0,0.0,0.0,0.0,0.0,0.0,0.0
1983.0,0.0,0.0,0.0,0.0,0.0,0.0
1984.0,0.0,0.0,0.0,0.0,0.0,0.0
1985.0,0.0,0.0,0.0,0.0,0.0,0.0
1986.0,0.0,0.0,0.0,0.0,0.0,0.0
1987.0,0.0,0.0,0.0,0.0,0.0,0.0
1988.0,0.0,0.0,0.0,0.0,0.0,0.0
1989.0,0.0,0.0,0.0,0.0,0.0,0.0
1990.0,0.0,0.0,0.0,0.0,0.0,0.0
1991.0,0.0,0.0,0.0,0.0,0.0,0.0
1992.0,0.0,0.0,0.0,0.0,0.0,0.0
1993.0,0.0,0.0,0.0,0.0,0.0,0.0
1994.0,0.0,0.0,0.0,0.0,0.0,0.0
1995.0,0.0,0.0,0.0,0.0,0.0,0.0
1996.0,0.0,0.0,0.0,0.0,0.0,0.0
1997.0,0.0,0.0,0.0,0.0,0.0,0.0
1998.0,0.0,0.0,0.0,0.0,0.0,0.0
1999.0,0.0,0.0,0.0,0.0,0.0,0.0
2000.0,0.0,0.0,0.0,0.0,0.0,0.0
2001.0,0.0,0.0,0.0,0.0,0.0,0.0
2002.0,0.0,0.0,0.0,0.0,0.0,0.0
2003.0,1.4421607374970336e-07,2.201149698066729e-07,0.0,0.0,0.0,1.2018006145808613e-05
2004.0,1.4421607374970336e-07,2.201149698066729e-07,0.0,0.0,0.0,1.2018006145808613e-05
2005.0,0.0,0.0,0.0,0.0,0.0,0.0
2006.0,0.0,0.0,0.0,0.0,0.0,0.0
2007.0,0.0,0.0,0.0,0.0,0.0,0.0
2008.0,0.0,0.0,0.0,0.0,0.0,0.0
2009.0,0.0,0.0,0.0,0.0,0.0,0.0
2010.0,0.0,0.0,0.0,0.0,0.0,0.0
2011.0,0.0,0.0,0.0,0.0,0.0,0.0
2012.0,0.0,0.0,0.0,0.0,0.0,0.0
2013.0,0.0,0.0,0.0,0.0,0.0,0.0
2014.0,0.0,0.0,0.0,0.0,0.0,0.0
2015.0,0.0,0.0,0.0,0.0,0.0,0.0
2016.0,0.0,0.0,0.0,0.0,0.0,0.0
2017.0,0.0,0.0,0.0,0.0,0.0,0.0
2018.0,0.0,0.0,0.0,0.0,0.0,0.0
2019.0,0.0,0.0,0.0,0.0,0.0,0.0
2020.0,0.0,0.0,0.0,0.0,0.0,0.0
2021.0,0.0,0.0,0.0,0.0,0.0,0.0
2022.0,5.732569843530655e-05,0.0,0.0,0.0,0.0,0.004777141536275546
2023.0,0.00024839999969117343,0.0,0.0,0.0,0.001736111111111111,0.020699999974264454
2024.0,0.0002874965430237353,0.0,0.0,0.0,0.0,0.02395804525197794
2025.0,1.872268882152639e-07,0.0,0.0,0.0,0.0,1.5602240684605324e-05
2026.0,0.0,0.0,0.0,0.0,0.0,0.0
2027.0,0.0,0.0,0.0,0.0,0.0,0.0
2028.0,5.250436515780166e-06,2.201149698066729e-07,0.0,0.0,0.0,0.0004375363763150138
2029.0,1.4421607374970336e-07,2.201149698066729e-07,0.0,0.0,0.0,1.2018006145808613e-05
2030.0,0.0005909584579057992,0.0,0.0,0.0,0.001736111111111111,0.0492465381588166
2031.0,0.0,0.0,0.0,0.0,0.0,0.0
2032.0,0.0,0.0,0.0,0.0,0.0,0.0
2033.0,0.0,0.0,0.0,0.0,0.0,0.0
2034.0,0.0,0.0,0.0,0.0,0.0,0.0
2035.0,0.0,0.0,0.0,0.0,0.0,0.0
2036.0,0.0,0.0,0.0,0.0,0.0,0.0
2037.0,0.0,0.0,0.0,0.0,0.0,0.0
2038.0,0.0,0.0,0.0,0.0,0.0,0.0
2039.0,0.0,0.0,0.0,0.0,0.0,0.0
2040.0,0.0,0.0,0.0,0.0,0.0,0.0
2041.0,0.0,0.0,0.0,0.0,0.0,0.0
2042.0,0.0,0.0,0.0,0.0,0.0,0.0
2043.0,0.0,0.0,0.0,0.0,0.0,0.0
2044.0,0.0,0.0,0.0,0.0,0.0,0.0
2045.0,0.0,0.0,0.0,0.0,0.0,0.0
2046.0,0.0,0.0,0.0,0.0,0.0,0.0
2047.0,0.0,0.0,0.0,0.0,0.0,0.0
2048.0,0.0,0.0,0.0,0.0,0.0,0.0
2049.0,0.0,0.0,0.0,0.0,0.0,0.0
2050.0,0.0,0.0,0.0,0.0,0.0,0.0
2051.0,0.0,0.0,0.0,0.0,0.0,0.0
2052.0,0.0,0.0,0.0,0.0,0.0,0.0
2053.0,1.4421607374970336e-07,2.201149698066729e-07,0.0,0.0,0.0,1.2018006145808613e-05
2054.0,1.4421607374970336e-07,2.201149698066729e-07,0.0,0.0,0.0,1.2018006145808613e-05
2055.0,0.0,0.0,0.0,0.0,0.0,0.0
2056.0,0.0,0.0,0.0,0.0,0.0,0.0
2057.0,0.0,0.0,0.0,0.0,0.0,0.0
2058.0,0.0,0.0,0.0,0.0,0.0,0.0
2059.0,0.0,0.0,0.0,0.0,0.0,0.0
2060.0,0.0,0.0,0.0,0.0,0.0,0.0
2061.0,0.0,0.0,0.0,0.0,0.0,0.0
2062.0,0.0,0.0,0.0,0.0,0.0,0.0
2063.0,0.0,0.0,0.0,0.0,0.0,0.0
2064.0,0.0,0.0,0.0,0.0,0.0,0.0
2065.0,0.0,0.0,0.0,0.0,0.0,0.0
2066.0,0.0,0.0,0.0,0.0,0.0,0.0
2067.0,0.0,0.0,0.0,0.0,0.0,0.0
2068.0,0.0,0.0,0.0,0.0,0.0,0.0
2069.0,0.0,0.0,0.0,0.0,0.0,0.0
2070.0,0.0,0.0,0.0,0.0,0.0,0.0
2071.0,7.798882143106312e-05,0.0,0.0,0.0,0.003472222222222222,0.023148148148148147
2072.0,5.28322379977908e-05,0.0,0.0,0.0,0.0,0.0044026864998159
2073.0,0.00021577133156824857,0.0,0.0,0.0,0.001736111111111111,0.017980944297354046
2074.0,0.00014556095993611962,0.0,0.0,0.0,0.0,0.012130079994676635
2075.0,0.00018460644059814513,0.0,0.0,0.0,0.003472222222222222,0.023148148148148147
2076.0,0.00020664824114646763,0.0,0.0,0.0,0.001736111111111111,0.017220686762205634
2077.0,0.00021742233366239816,0.0,0.0,0.0,0.001736111111111111,0.018118527805199847
2078.0,0.0002010735188378021,2.201149698066729e-07,0.0,0.0,0.001736111111111111,0.016756126569816843
2079.0,5.930814950261265e-05,2.201149698066729e-07,0.0,0.0,0.001736111111111111,0.011574074074074073
2080.0,0.00012244688696227968,0.0,0.0,0.0,0.0,0.01020390724685664
2081.0,0.0,0.0,0.0,0.0,0.0,0.0
2082.0,0.0,0.0,0.0,0.0,0.0,0.0
2083.0,0.0,0.0,0.0,0.0,0.0,0.0
2084.0,0.0,0.0,0.0,0.0,0.0,0.0
2085.0,0.0014735495205968618,0.0,0.0,0.0,0.015625,0.12279579338307181
2086.0,0.0,0.0,0.0,0.0,0.0,0.0
2087.0,1.8722714401064877e-07,0.0,0.0,0.0,0.0,1.5602262000887397e-05
2088.0,0.04261372983455658,0.044858112931251526,0.0,0.0007804876076988876,0.2673611111111111,3.551144152879715
2089.0,2.296091042808257e-05,0.0,0.0,0.0,0.0,0.001913409202340214
2090.0,0.0,0.0,0.0,0.0,0.0,0.0
2091.0,0.0,0.0,0.0,0.0,0.0,0.0
2092.0,0.0,0.0,0.0,0.0,0.0,0.0
2093.0,0.0,0.0,0.0,0.0,0.0,0.0
2094.0,0.0,0.0,0.0,0.0,0.0,0.0
2095.0,0.0,0.0,0.0,0.0,0.0,0.0
2096.0,0.0,0.0,0.0,0.0,0.0,0.0
2097.0,0.0,0.0,0.0,0.0,0.0,0.0
2098.0,0.0,0.0,0.0,0.0,0.0,0.0
2099.0,0.0,0.0,0.0,0.0,0.0,0.0
2100.0,0.0,0.0,0.0,0.0,0.0,0.0
2101.0,0.0,0.0,0.0,0.0,0.0,0.0
2102.0,0.0,0.0,0.0,0.0,0.0,0.0
2103.0,0.0,0.0,0.0,0.0,0.0,0.0
2104.0,0.0,0.0,0.0,0.0,0.0,0.0
2105.0,0.0,0.0,0.0,0.0,0.0,0.0
2106.0,0.0,0.0,0.0,0.0,0.0,0.0
2107.0,0.0,0.0,0.0,0.0,0.0,0.0
2108.0,0.0,0.0,0.0,0.0,0.0,0.0
2109.0,0.0,0.0,0.0,0.0,0.0,0.0
2110.0,0.0,0.0,0.0,0.0,0.0,0.0
2111.0,0.0,0.0,0.0,0.0,0.0,0.0
2112.0,0.0,0.0,0.0,0.0,0.0,0.0
2113.0,2.296091042808257e-05,0.0,0.0,0.0,0.0,0.001913409202340214
2114.0,2.296091042808257e-05,0.0,0.0,0.0,0.0,0.001913409202340214
2115.0,0.0,0.0,0.0,0.0,0.0,0.0
2116.0,0.0,0.0,0.0,0.0,0.0,0.0
2117.0,0.0,0.0,0.0,0.0,0.0,0.0
2118.0,0.0,0.0,0.0,0.0,0.0,0.0
2119.0,0.0,0.0,0.0,0.0,0.0,0.0
2120.0,0.0,0.0,0.0,0.0,0.0,0.0
2121.0,0.0,0.0,0.0,0.0,0.0,0.0
2122.0,0.0,0.0,0.0,0.0,0.0,0.0
2123.0,0.0,0.0,0.0,0.0,0.0,0.0
2124.0,0.0,0.0,0.0,0.0,0.0,0.0
2125.0,0.0,0.0,0.0,0.0,0.0,0.0
2126.0,0.0,0.0,0.0,0.0,0.0,0.0
2127.0,0.0,0.0,0.0,0.0,0.0,0.0
2128.0,0.0,0.0,0.0,0.0,0.0,0.0
2129.0,0.0,0.0,0.0,0.0,0.0,0.0
2130.0,0.0,0.0,0.0,0.0,0.0,0.0
2131.0,0.0001546500134281814,0.0,0.0,0.0,0.0,0.012887501119015118
2132.0,1.9573787994886516e-06,0.0,0.0,0.0,0.0,0.00016311489995738762
2133.0,4.119007826375309e-06,0.0,0.0,0.0,0.0,0.00034325065219794243
2134.0,0.0,0.0,0.0,0.0,0.0,0.0
2135.0,0.0,0.0,0.0,0.0,0.0,0.0
2136.0,0.0,0.0,0.0,0.0,0.0,0.0
2137.0,0.0,0.0,0.0,0.0,0.0,0.0
2138.0,0.00047417948371730745,0.0,0.0,0.0,0.012152777777777778,0.08101851851851852
2139.0,1.9046152374357916e-05,0.0,0.0,0.0,0.0,0.0015871793645298264
2140.0,0.0008709659450687468,0.0,0.0,0.0,0.020833333333333332,0.1388888888888889
2141.0,0.0006186681566759944,0.0,0.0,0.0,0.015625,0.10416666666666667
2142.0,0.00023840887297410518,0.0,0.0,0.0,0.001736111111111111,0.01986740608117543
2143.0,0.0002756841713562608,0.0,0.0,0.0,0.005208333333333333,0.034722222222222224
2144.0,0.0001074516330845654,0.0,0.0,0.0,0.001736111111111111,0.011574074074074073
2145.0,0.0,0.0,0.0,0.0,0.0,0.0
2146.0,0.0,0.0,0.0,0.0,0.0,0.0
2147.0,4.22623852500692e-05,0.0,0.0,0.0,0.0,0.0035218654375057667
2148.0,2.365876071053208e-06,0.0,0.0,0.0,0.0,0.000197156339254434
2149.0,1.9709961634362116e-05,0.0,0.0,0.0,0.0,0.0016424968028635096
2150.0,0.0,0.0,0.0,0.0,0.0,0.0
2151.0,0.0,0.0,0.0,0.0,0.0,0.0
2152.0,0.0,0.0,0.0,0.0,0.0,0.0
2153.0,0.0,0.0,0.0,0.0,0.0,0.0
2154.0,0.0,0.0,0.0,0.0,0.0,0.0
2155.0,2.296091588505078e-05,0.0,0.0,0.0,0.0,0.001913409657087565
2156.0,4.323257144278614e-06,0.0,0.0,0.0,0.0,0.0003602714286898845
2157.0,1.841638732003048e-05,0.0,0.0,0.0,0.0,0.0015346989433358733
2158.0,3.233940049085504e-07,0.0,0.0,0.0,0.0,2.6949500409045868e-05
2159.0,0.00028450091485865414,0.0,0.0,0.0,0.006944444444444444,0.046296296296296294
2160.0,0.0004178239905741066,0.0,0.0,0.0,0.008680555555555556,0.05787037037037038
2161.0,0.00022976234322413802,0.0,0.0,0.0,0.001736111111111111,0.019146861935344834
2162.0,9.395423694513738e-05,0.0,0.0,0.0,0.0,0.007829519745428115
2163.0,0.00015408835315611213,0.0,0.0,0.0,0.0,0.012840696096342677
2164.0,0.00021643513173330575,0.0,0.0,0.0,0.0,0.01803626097777548
2165.0,0.00012882964801974595,0.0,0.0,0.0,0.0,0.010735804001645496
2166.0,1.792278817447368e-05,0.0,0.0,0.0,0.0,0.00149356568120614
2167.0,0.0,0.0,0.0,0.0,0.0,0.0
2168.0,0.0,0.0,0.0,0.0,0.0,0.0
2169.0,0.0,0.0,0.0,0.0,0.0,0.0
2170.0,0.0,0.0,0.0,0.0,0.0,0.0
2171.0,0.0,0.0,0.0,0.0,0.0,0.0
2172.0,2.5718265533214435e-05,0.0,0.0,0.0,0.0,0.0021431887944345362
2173.0,2.365876071053208e-06,0.0,0.0,0.0,0.0,0.000197156339254434
2174.0,1.9709961634362116e-05,0.0,0.0,0.0,0.0,0.0016424968028635096
2175.0,0.0,0.0,0.0,0.0,0.0,0.0
2176.0,0.0,0.0,0.0,0.0,0.0,0.0
2177.0,0.0,0.0,0.0,0.0,0.0,0.0
2178.0,0.0,0.0,0.0,0.0,0.0,0.0
2179.0,0.0,0.0,0.0,0.0,0.0,0.0
2180.0,2.296091588505078e-05,0.0,0.0,0.0,0.0,0.001913409657087565
2181.0,4.323257144278614e-06,0.0,0.0,0.0,0.0,0.0003602714286898845
2182.0,1.841638732003048e-05,0.0,0.0,0.0,0.0,0.0015346989433358733
2183.0,3.233940049085504e-07,0.0,0.0,0.0,0.0,2.6949500409045868e-05
2184.0,0.0,0.0,0.0,0.0,0.0,0.0
2185.0,0.0,0.0,0.0,0.0,0.0,0.0
2186.0,0.0,0.0,0.0,0.0,0.0,0.0
2187.0,0.0,0.0,0.0,0.0,0.0,0.0
2188.0,2.5190624000970274e-05,0.0,0.0,0.0,0.0,0.002099218666747523
2189.0,6.246595603442984e-06,0.0,0.0,0.0,0.0,0.0005205496336202486
2190.0,4.084967258677352e-06,0.0,0.0,0.0,0.0,0.00034041393822311267
2191.0,1.7071753973141313e-05,0.0,0.0,0.0,0.0,0.0014226461644284427
2192.0,0.0,0.0,0.0,0.0,0.0,0.0
2193.0,0.0,0.0,0.0,0.0,0.0,0.0
2194.0,0.0,0.0,0.0,0.0,0.0,0.0
2195.0,0.0,0.0,0.0,0.0,0.0,0.0
2196.0,0.0,0.0,0.0,0.0,0.0,0.0
2197.0,0.0004188111633993685,0.0,0.0,0.0,0.006944444444444444,0.046296296296296294
2198.0,0.00010488151019671932,0.0,0.0,0.0,0.0,0.00874012584972661
2199.0,1.986314782698173e-05,0.0,0.0,0.0,0.0,0.0016552623189151443
2200.0,0.0,0.0,0.0,0.0,0.0,0.0
2201.0,0.0,0.0,0.0,0.0,0.0,0.0
2202.0,0.0,0.0,0.0,0.0,0.0,0.0
2203.0,0.0,0.0,0.0,0.0,0.0,0.0
2204.0,0.0,0.0,0.0,0.0,0.0,0.0
2205.0,3.1811690860195085e-05,0.0,0.0,0.0,0.0,0.0026509742383495905
2206.0,4.323257144278614e-06,0.0,0.0,0.0,0.0,0.0003602714286898845
2207.0,1.841638732003048e-05,0.0,0.0,0.0,0.0,0.0015346989433358733
2208.0,3.233940049085504e-07,0.0,0.0,0.0,0.0,2.6949500409045868e-05
2209.0,0.0,0.0,0.0,0.0,0.0,0.0
2210.0,0.0,0.0,0.0,0.0,0.0,0.0
2211.0,0.0,0.0,0.0,0.0,0.0,0.0
2212.0,0.0,0.0,0.0,0.0,0.0,0.0
2213.0,2.5190624000970274e-05,0.0,0.0,0.0,0.0,0.002099218666747523
2214.0,6.246595603442984e-06,0.0,0.0,0.0,0.0,0.0005205496336202486
2215.0,4.084967258677352e-06,0.0,0.0,0.0,0.0,0.00034041393822311267
2216.0,1.7071753973141313e-05,0.0,0.0,0.0,0.0,0.0014226461644284427
2217.0,0.004671227186918259,0.0,0.0,0.0,0.08159722222222222,0.5439814814814815
2218.0,0.0,0.0,0.0,0.0,0.0,0.0
2219.0,0.0,0.0,0.0,0.0,0.0,0.0
2220.0,0.0,0.0,0.0,0.0,0.0,0.0
2221.0,0.0,0.0,0.0,0.0,0.0,0.0
2222.0,1.1403797088860301e-06,0.0,0.0,0.0,0.0,9.503164240716917e-05
2223.0,0.0002259327011415735,0.0,0.0,0.0,0.006944444444444444,0.046296296296296294
2224.0,0.0003606344398576766,0.0,0.0,0.0,0.012152777777777778,0.08101851851851852
2225.0,0.0004764583718497306,0.0,0.0,0.0,0.006944444444444444,0.046296296296296294
2226.0,0.00024123431649059057,0.0,0.0,0.0,0.003472222222222222,0.023148148148148147
2227.0,0.00015446278848685324,0.0,0.0,0.0,0.0,0.012871899040571103
2228.0,0.00010951114381896332,0.0,0.0,0.0,0.003472222222222222,0.023148148148148147
2229.0,0.0003704724076669663,0.0,0.0,0.0,0.001736111111111111,0.03087270063891386
2230.0,0.00012435129610821605,0.0,0.0,0.0,0.0,0.010362608009018004
2231.0,0.00025102117797359824,0.0,0.0,0.0,0.006944444444444444,0.046296296296296294
2232.0,0.00017493868654128164,0.0,0.0,0.0,0.0,0.014578223878440136
2233.0,0.00019112537847831845,0.0,0.0,0.0,0.003472222222222222,0.023148148148148147
2234.0,0.00012069374497514218,0.0,0.0,0.0,0.003472222222222222,0.023148148148148147
2235.0,5.5844899179646745e-05,0.0,0.0,0.0,0.0,0.0046537415983038954
2236.0,6.217658665264025e-05,0.0,0.0,0.0,0.001736111111111111,0.011574074074074073
2237.0,5.2542884077411145e-05,0.0,0.0,0.0,0.0,0.004378573673117596
2238.0,0.00013202952686697245,0.0,0.0,0.0,0.0,0.011002460572247704
2239.0,0.00010462621867191046,0.0,0.0,0.0,0.0,0.008718851555992538
2240.0,0.0,0.0,0.0,0.0,0.0,0.0
2241.0,0.0,0.0,0.0,0.0,0.0,0.0
2242.0,0.0,0.0,0.0,0.0,0.0,0.0
2243.0,0.0,0.0,0.0,0.0,0.0,0.0
2244.0,0.0,0.0,0.0,0.0,0.0,0.0
2245.0,0.0,0.0,0.0,0.0,0.0,0.0
2246.0,0.0,0.0,0.0,0.0,0.0,0.0
2247.0,2.5020419798238436e-06,0.0,0.0,0.0,0.0,0.00020850349831865364
2248.0,0.0,0.0,0.0,0.0,0.0,0.0
2249.0,0.0,0.0,0.0,0.0,0.0,0.0
2250.0,0.0,0.0,0.0,0.0,0.0,0.0
2251.0,0.0,0.0,0.0,0.0,0.0,0.0
2252.0,0.0,0.0,0.0,0.0,0.0,0.0
2253.0,0.0,0.0,0.0,0.0,0.0,0.0
2254.0,0.0,0.0,0.0,0.0,0.0,0.0
2255.0,0.0,0.0,0.0,0.0,0.0,0.0
2256.0,0.0,0.0,0.0,0.0,0.0,0.0
2257.0,0.003131382167339325,0.0,0.0,0.0,0.050347222222222224,0.3356481481481482
2258.0,0.0,0.0,0.0,0.0,0.0,0.0
2259.0,0.0,0.0,0.0,0.0,0.0,0.0
2260.0,0.0,0.0,0.0,0.0,0.0,0.0
2261.0,0.0,0.0,0.0,0.0,0.0,0.0
2262.0,0.0,0.0,0.0,0.0,0.0,0.0
2263.0,2.296091042808257e-05,0.0,0.0,0.0,0.0,0.001913409202340214
2264.0,2.296091042808257e-05,0.0,0.0,0.0,0.0,0.001913409202340214
2265.0,0.0,0.0,0.0,0.0,0.0,0.0
2266.0,0.0,0.0,0.0,0.0,0.0,0.0
2267.0,0.0,0.0,0.0,0.0,0.0,0.0
2268.0,0.0,0.0,0.0,0.0,0.0,0.0
2269.0,0.0,0.0,0.0,0.0,0.0,0.0
2270.0,0.0,0.0,0.0,0.0,0.0,0.0
2271.0,0.0,0.0,0.0,0.0,0.0,0.0
2272.0,0.0,0.0,0.0,0.0,0.0,0.0
2273.0,0.0,0.0,0.0,0.0,0.0,0.0
2274.0,0.0,0.0,0.0,0.0,0.0,0.0
2275.0,0.0,0.0,0.0,0.0,0.0,0.0
2276.0,0.0,0.0,0.0,0.0,0.0,0.0
2277.0,0.0,0.0,0.0,0.0,0.0,0.0
2278.0,0.0,0.0,0.0,0.0,0.0,0.0
2279.0,0.0,0.0,0.0,0.0,0.0,0.0
2280.0,0.0,0.0,0.0,0.0,0.0,0.0
2281.0,0.0,0.0,0.0,0.0,0.0,0.0
2282.0,0.0,0.0,0.0,0.0,0.0,0.0
2283.0,0.0,0.0,0.0,0.0,0.0,0.0
2284.0,0.0,0.0,0.0,0.0,0.0,0.0
2285.0,0.0,0.0,0.0,0.0,0.0,0.0
2286.0,0.0,0.0,0.0,0.0,0.0,0.0
2287.0,0.0,0.0,0.0,0.0,0.0,0.0
2288.0,2.296091042808257e-05,0.0,0.0,0.0,0.0,0.001913409202340214
2289.0,2.296091042808257e-05,0.0,0.0,0.0,0.0,0.001913409202340214
2290.0,0.0,0.0,0.0,0.0,0.0,0.0
2291.0,0.0,0.0,0.0,0.0,0.0,0.0
2292.0,0.0,0.0,0.0,0.0,0.0,0.0
2293.0,0.0,0.0,0.0,0.0,0.0,0.0
2294.0,0.0,0.0,0.0,0.0,0.0,0.0
2295.0,0.0,0.0,0.0,0.0,0.0,0.0
2296.0,0.0,0.0,0.0,0.0,0.0,0.0
2297.0,0.0,0.0,0.0,0.0,0.0,0.0
2298.0,0.0,0.0,0.0,0.0,0.0,0.0
2299.0,0.0,0.0,0.0,0.0,0.0,0.0
2300.0,0.0,0.0,0.0,0.0,0.0,0.0
2301.0,0.0,0.0,0.0,0.0,0.0,0.0
2302.0,0.0,0.0,0.0,0.0,0.0,0.0
2303.0,0.0,0.0,0.0,0.0,0.0,0.0
2304.0,0.0,0.0,0.0,0.0,0.0,0.0
2305.0,0.0,0.0,0.0,0.0,0.0,0.0
2306.0,0.0,0.0,0.0,0.0,0.0,0.0
2307.0,0.0,0.0,0.0,0.0,0.0,0.0
2308.0,0.0,0.0,0.0,0.0,0.0,0.0
2309.0,0.0,0.0,0.0,0.0,0.0,0.0
2310.0,0.0,0.0,0.0,0.0,0.0,0.0
2311.0,0.0,0.0,0.0,0.0,0.0,0.0
2312.0,0.0,0.0,0.0,0.0,0.0,0.0
2313.0,2.296091042808257e-05,0.0,0.0,0.0,0.0,0.001913409202340214
2314.0,8.299289766000584e-05,0.0,0.0,0.0,0.0,0.006916074805000487
2315.0,0.0001475164172006771,0.0,0.0,0.0,0.0,0.01229303476672309
2316.0,0.0002162479213438928,0.0,0.0,0.0,0.0,0.018020660111991067
2317.0,8.050788892433047e-05,0.0,0.0,0.0,0.0,0.006708990743694206
2318.0,0.0,0.0,0.0,0.0,0.0,0.0
2319.0,0.0,0.0,0.0,0.0,0.0,0.0
2320.0,0.0,0.0,0.0,0.0,0.0,0.0
2321.0,0.0,0.0,0.0,0.0,0.0,0.0
2322.0,6.309376476565376e-05,0.0,0.0,0.0,0.0,0.005257813730471146
2323.0,0.0001805895590223372,0.0,0.0,0.0,0.0,0.015049129918528099
2324.0,0.0001592096232343465,0.0,0.0,0.0,0.0,0.013267468602862209
2325.0,2.679057615750935e-05,0.0,0.0,0.0,0.0,0.002232548013125779
2326.0,0.0,0.0,0.0,0.0,0.0,0.0
2327.0,0.0,0.0,0.0,0.0,0.0,0.0
2328.0,0.0,0.0,0.0,0.0,0.0,0.0
2329.0,0.0,0.0,0.0,0.0,0.0,0.0
2330.0,5.54680855202605e-06,0.0,0.0,0.0,0.0,0.00046223404600217083
2331.0,0.0,0.0,0.0,0.0,0.0,0.0
2332.0,0.0,0.0,0.0,0.0,0.0,0.0
2333.0,0.0,0.0,0.0,0.0,0.0,0.0
2334.0,0.0,0.0,0.0,0.0,0.0,0.0
2335.0,0.0,0.0,0.0,0.0,0.0,0.0
2336.0,0.0,0.0,0.0,0.0,0.0,0.0
2337.0,0.0009273895993828773,0.0,0.0,0.0,0.0,0.07728246661523978
2338.0,2.3709817469352856e-05,0.0,0.0,0.0,0.0,0.0019758181224460714
2339.0,2.296091042808257e-05,0.0,0.0,0.0,0.0,0.001913409202340214
2340.0,5.605088517768309e-07,2.523738658055663e-06,0.0,0.0,0.0,6.309346645139158e-05
2341.0,0.04059324786067009,0.02184096910059452,0.0,0.0004120607045479119,0.3524305555555556,3.382770655055841
2342.0,0.0,0.0,0.0,0.0,0.0,0.0
2343.0,0.0,0.0,0.0,0.0,0.0,0.0
2344.0,0.0,0.0,0.0,0.0,0.0,0.0
2345.0,0.0,0.0,0.0,0.0,0.0,0.0
2346.0,0.0,0.0,0.0,0.0,0.0,0.0
2347.0,0.0,0.0,0.0,0.0,0.0,0.0
2348.0,0.0,0.0,0.0,0.0,0.0,0.0
2349.0,0.0,0.0,0.0,0.0,0.0,0.0
2350.0,0.0,0.0,0.0,0.0,0.0,0.0
2351.0,0.0,0.0,0.0,0.0,0.0,0.0
2352.0,0.0,0.0,0.0,0.0,0.0,0.0
2353.0,0.0,0.0,0.0,0.0,0.0,0.0
2354.0,0.0,0.0,0.0,0.0,0.0,0.0
2355.0,0.0,0.0,0.0,0.0,0.0,0.0
2356.0,0.0,0.0,0.0,0.0,0.0,0.0
2357.0,1.3548121842177352e-06,7.261555765580852e-07,0.0,0.0,0.0,0.00011290101535147792
2358.0,1.3548121842177352e-06,7.261555765580852e-07,0.0,0.0,0.0,0.00011290101535147792
2359.0,0.0,0.0,0.0,0.0,0.0,0.0
2360.0,0.0,0.0,0.0,0.0,0.0,0.0
2361.0,0.0,0.0,0.0,0.0,0.0,0.0
2362.0,0.0,0.0,0.0,0.0,0.0,0.0
2363.0,0.0,0.0,0.0,0.0,0.0,0.0
2364.0,0.0,0.0,0.0,0.0,0.0,0.0
2365.0,0.0,0.0,0.0,0.0,0.0,0.0
2366.0,0.0,0.0,0.0,0.0,0.0,0.0
2367.0,0.0,0.0,0.0,0.0,0.0,0.0
2368.0,0.0,0.0,0.0,0.0,0.0,0.0
2369.0,0.0,0.0,0.0,0.0,0.0,0.0
2370.0,0.0,0.0,0.0,0.0,0.0,0.0
2371.0,0.0,0.0,0.0,0.0,0.0,0.0
2372.0,0.0,0.0,0.0,0.0,0.0,0.0
2373.0,0.0,0.0,0.0,0.0,0.0,0.0
2374.0,0.0,0.0,0.0,0.0,0.0,0.0
2375.0,0.05219625309109688,0.042061202228069305,0.3919726610183716,0.0037582225631922483,0.3489583333333333,4.349687757591407
2376.0,0.009681795723736286,0.017940029501914978,0.0,0.0,0.1892361111111111,1.2615740740740742
2377.0,0.0,0.0,0.0,0.0,0.0,0.0
2378.0,0.00031896779546514153,0.0,0.0,0.0,0.012152777777777778,0.08101851851851852
2379.0,0.0009090752573683858,0.0,0.0,0.0,0.022569444444444444,0.15046296296296297
2380.0,3.819444100372493e-05,0.0,0.0,0.0,0.0,0.0031828700836437442
2381.0,0.0002854880876839161,0.0,0.0,0.0,0.005208333333333333,0.034722222222222224
2382.0,0.0003014705434907228,0.0,0.0,0.0,0.003472222222222222,0.025122545290893566
2383.0,0.0004163942357990891,0.0,0.0,0.0,0.0,0.03469951964992409
2384.0,8.862675895215943e-05,0.0,0.0,0.0,0.0,0.007385563246013286
2385.0,0.0,0.0,0.0,0.0,0.0,0.0
2386.0,0.0001317572023253888,0.0,0.0,0.0,0.001736111111111111,0.011574074074074073
2387.0,0.00013599536032415926,0.0,0.0,0.0,0.0,0.011332946693679938
2388.0,0.0,0.0,0.0,0.0,0.0,0.0
2389.0,0.0,0.0,0.0,0.0,0.0,0.0
2390.0,0.0,0.0,0.0,0.0,0.0,0.0
2391.0,9.974150088964961e-06,0.0,0.0,0.0,0.0,0.0008311791740804134
2392.0,0.0,0.0,0.0,0.0,0.0,0.0
2393.0,0.0,0.0,0.0,0.0,0.0,0.0
2394.0,0.0,0.0,0.0,0.0,0.0,0.0
2395.0,0.0,0.0,0.0,0.0,0.0,0.0
2396.0,0.0,0.0,0.0,0.0,0.0,0.0
2397.0,0.0,0.0,0.0,0.0,0.0,0.0
2398.0,0.0,0.0,0.0,0.0,0.0,0.0
2399.0,0.0,0.0,0.0,0.0,0.0,0.0
2400.0,0.0,0.0,0.0,0.0,0.0,0.0
2401.0,0.0,0.0,0.0,0.0,0.0,0.0
2402.0,0.0,0.0,0.0,0.0,0.0,0.0
2403.0,0.0,0.0,0.0,0.0,0.0,0.0
2404.0,0.0,0.0,0.0,0.0,0.0,0.0
2405.0,0.0,0.0,0.0,0.0,0.0,0.0
2406.0,0.0,0.0,0.0,0.0,0.0,0.0
2407.0,1.3616582350550743e-07,0.0,0.0,0.0,0.0,1.1347151958792287e-05
2408.0,1.3616582350550743e-07,0.0,0.0,0.0,0.0,1.1347151958792287e-05
2409.0,0.0,0.0,0.0,0.0,0.0,0.0
2410.0,0.0,0.0,0.0,0.0,0.0,0.0
2411.0,0.0432322658598423,0.02915233187377453,0.3919726610183716,0.003594279522076249,0.3420138888888889,3.602688821653525
2412.0,3.4634274470590753e-06,9.408076948602684e-06,0.0,0.0,0.0,0.0002886189539215896
2413.0,0.0,0.0,0.0,0.0,0.0,0.0
2414.0,0.0,0.0,0.0,0.0,0.0,0.0
2415.0,0.0,0.0,0.0,0.0,0.0,0.0
2416.0,0.0,0.0,0.0,0.0,0.0,0.0
2417.0,0.0,0.0,0.0,0.0,0.0,0.0
2418.0,0.0,0.0,0.0,0.0,0.0,0.0
2419.0,0.00017721723997965455,0.000189974409295246,0.0,0.00013526766269933432,0.0,0.01690845783741679
2420.0,8.340053341271414e-07,0.0,0.0,0.0,0.0,6.950044451059512e-05
2421.0,0.0,0.0,0.0,0.0,0.0,0.0
2422.0,0.0,0.0,0.0,0.0,0.0,0.0
2423.0,0.0,0.0,0.0,0.0,0.0,0.0
2424.0,0.04059351235628128,0.021841561421751976,0.0,0.0004120607045479119,0.3524305555555556,3.3827926963567734
2425.0,0.0,0.0,0.0,0.0,0.0,0.0
2426.0,0.0,0.0,0.0,0.0,0.0,0.0
2427.0,0.0,0.0,0.0,0.0,0.0,0.0
2428.0,0.0,0.0,0.0,0.0,0.0,0.0
2429.0,0.0,0.0,0.0,0.0,0.0,0.0
2430.0,0.0,0.0,0.0,0.0,0.0,0.0
2431.0,0.0,0.0,0.0,0.0,0.0,0.0
2432.0,6.39942641100788e-07,6.160981342873129e-07,0.0,0.0,0.0,5.332855342506567e-05
2433.0,6.39942641100788e-07,6.160981342873129e-07,0.0,0.0,0.0,5.332855342506567e-05
2434.0,0.0,0.0,0.0,0.0,0.0,0.0
2435.0,0.0,0.0,0.0,0.0,0.0,0.0
2436.0,0.0,0.0,0.0,0.0,0.0,0.0
2437.0,0.0,0.0,0.0,0.0,0.0,0.0
2438.0,0.0,0.0,0.0,0.0,0.0,0.0
2439.0,0.0,0.0,0.0,0.0,0.0,0.0
2440.0,0.0,0.0,0.0,0.0,0.0,0.0
2441.0,0.0,0.0,0.0,0.0,0.0,0.0
2442.0,0.0,0.0,0.0,0.0,0.0,0.0
2443.0,0.0,0.0,0.0,0.0,0.0,0.0
2444.0,0.0,0.0,0.0,0.0,0.0,0.0
2445.0,0.0,0.0,0.0,0.0,0.0,0.0
2446.0,0.0,0.0,0.0,0.0,0.0,0.0
2447.0,0.0,0.0,0.0,0.0,0.0,0.0
2448.0,0.0,0.0,0.0,0.0,0.0,0.0
2449.0,0.0,0.0,0.0,0.0,0.0,0.0
2450.0,0.0002773862797766924,0.0,0.0,0.0,0.0,0.023115523314724367
2451.0,0.00024860427947714925,0.0,0.0,0.0,0.0,0.020717023289762437
2452.0,0.00021944782929494977,0.0,0.0,0.0,0.0,0.01828731910791248
2453.0,0.00028959009796380997,0.0,0.0,0.0,0.001736111111111111,0.02413250816365083
2454.0,0.00040844560135155916,0.0,0.0,0.0,0.0,0.034037133445963264
2455.0,0.0002151075314031914,0.0,0.0,0.0,0.0,0.017925627616932616
2456.0,6.638054514951364e-07,0.0,0.0,0.0,0.0,5.5317120957928026e-05
2457.0,3.491966344881803e-05,6.160981342873129e-07,0.0,0.0,0.0,0.002909971954068169
2458.0,7.250465046126919e-07,6.160981342873129e-07,0.0,0.0,0.0,6.042054205105766e-05
2459.0,0.00013422519259620458,0.0,0.0,0.0,0.001736111111111111,0.011574074074074073
2460.0,0.0,0.0,0.0,0.0,0.0,0.0
2461.0,0.00018625745724420995,0.0,0.0,0.0,0.003472222222222222,0.023148148148148147
2462.0,0.0,0.0,0.0,0.0,0.0,0.0
2463.0,0.0,0.0,0.0,0.0,0.0,0.0
2464.0,0.0,0.0,0.0,0.0,0.0,0.0
2465.0,0.0,0.0,0.0,0.0,0.0,0.0
2466.0,3.0807450457359664e-06,0.0,0.0,0.0,0.0,0.00025672875381133053
2467.0,0.0,0.0,0.0,0.0,0.0,0.0
2468.0,0.0,0.0,0.0,0.0,0.0,0.0
2469.0,0.00014581628784071654,0.0,0.0,0.0,0.0,0.012151357320059711
2470.0,8.940971019910648e-05,0.0,0.0,0.0,0.0,0.007450809183258873
2471.0,0.0,0.0,0.0,0.0,0.0,0.0
2472.0,3.465413101366721e-05,0.0,0.0,0.0,0.0,0.0028878442511389344
2473.0,0.0,0.0,0.0,0.0,0.0,0.0
2474.0,1.092728507501306e-05,0.0,0.0,0.0,0.0,0.0009106070895844216
2475.0,0.0003362608258612454,0.0,0.0,0.0,0.006944444444444444,0.046296296296296294
2476.0,0.00046566917444579303,0.0,0.0,0.0,0.008680555555555556,0.05787037037037038
2477.0,0.00040715208160690963,0.0,0.0,0.0,0.0,0.033929340133909136
2478.0,0.00011820871441159397,0.0,0.0,0.0,0.0,0.009850726200966164
2479.0,0.0,0.0,0.0,0.0,0.0,0.0
2480.0,0.0,0.0,0.0,0.0,0.0,0.0
2481.0,0.0,0.0,0.0,0.0,0.0,0.0
2482.0,2.002654036914464e-05,6.160981342873129e-07,0.0,0.0,0.001736111111111111,0.011574074074074073
2483.0,7.761083793411672e-07,6.160981342873129e-07,0.0,0.0,0.0,6.46756982784306e-05
2484.0,0.0,0.0,0.0,0.0,0.0,0.0
2485.0,0.0,0.0,0.0,0.0,0.0,0.0
2486.0,0.0,0.0,0.0,0.0,0.0,0.0
2487.0,0.0,0.0,0.0,0.0,0.0,0.0
2488.0,0.0,0.0,0.0,0.0,0.0,0.0
2489.0,0.0,0.0,0.0,0.0,0.0,0.0
2490.0,0.0,0.0,0.0,0.0,0.0,0.0
2491.0,0.0,0.0,0.0,0.0,0.0,0.0
2492.0,0.0,0.0,0.0,0.0,0.0,0.0
2493.0,0.0,0.0,0.0,0.0,0.0,0.0
2494.0,0.0,0.0,0.0,0.0,0.0,0.0
2495.0,0.0,0.0,0.0,0.0,0.0,0.0
2496.0,1.4382484550878871e-05,9.299855446442962e-05,0.0,0.0,0.001736111111111111,0.011574074074074073
2497.0,0.0006109237438067794,0.0010579824447631836,0.0,0.0,0.003472222222222222,0.05091031198389828
2498.0,0.0,0.0,0.0,0.0,0.0,0.0
2499.0,1.317401802225504e-05,1.1996262401225977e-05,0.0,0.0,0.0,0.0010978348351879201
2500.0,0.0,0.0,0.0,0.0,0.0,0.0
2501.0,0.0,0.0,0.0,0.0,0.0,0.0
2502.0,0.0,0.0,0.0,0.0,0.0,0.0
2503.0,0.0,0.0,0.0,0.0,0.0,0.0
2504.0,0.0,0.0,0.0,0.0,0.0,0.0
2505.0,0.0,0.0,0.0,0.0,0.0,0.0
2506.0,0.0,0.0,0.0,0.0,0.0,0.0
2507.0,8.782322993283742e-07,6.160981342873129e-07,0.0,0.0,0.0,7.318602494403119e-05
2508.0,8.782322993283742e-07,6.160981342873129e-07,0.0,0.0,0.0,7.318602494403119e-05
2509.0,0.0,0.0,0.0,0.0,0.0,0.0
2510.0,0.00012949344818480313,0.0,0.0,0.0,0.001736111111111111,0.011574074074074073
2511.0,0.0,0.0,0.0,0.0,0.0,0.0
2512.0,0.0,0.0,0.0,0.0,0.0,0.0
2513.0,0.0,0.0,0.0,0.0,0.0,0.0
2514.0,0.0,0.0,0.0,0.0,0.0,0.0
2515.0,0.00024666389799676836,0.0,0.0,0.0,0.0,0.02055532483306403
2516.0,5.548746048589237e-05,0.0,0.0,0.0,0.0,0.004623955040491031
2517.0,0.0,0.0,0.0,0.0,0.0,0.0
2518.0,0.0,0.0,0.0,0.0,0.0,0.0
2519.0,0.0,0.0,0.0,0.0,0.0,0.0
2520.0,0.0,0.0,0.0,0.0,0.0,0.0
2521.0,0.0,0.0,0.0,0.0,0.0,0.0
2522.0,0.0002554806414991617,0.0007061288342811167,0.0,0.0,0.001736111111111111,0.021290053458263476
2523.0,0.0003698256332427263,6.63646642351523e-05,0.0,0.0,0.001736111111111111,0.030818802770227194
2524.0,0.00011534922668943182,0.00038255975232459605,0.0,0.0,0.001736111111111111,0.011574074074074073
2525.0,0.00012990193499717861,0.0,0.0,0.0,0.001736111111111111,0.011574074074074073
2526.0,0.0003209932765457779,0.0,0.0,0.0,0.005208333333333333,0.034722222222222224
2527.0,9.529887029202655e-05,0.0,0.0,0.0,0.001736111111111111,0.011574074074074073
2528.0,0.00053618592210114,0.0,0.0,0.0,0.012152777777777778,0.08101851851851852
2529.0,0.00024200024199672043,0.0,0.0,0.0,0.001736111111111111,0.020166686833060037
2530.0,0.0025844562333077192,0.0,0.0,0.0,0.003472222222222222,0.21537135277564326
2531.0,0.0,0.0,0.0,0.0,0.0,0.0
2532.0,2.416254392301198e-05,6.160981342873129e-07,0.0,0.0,0.0,0.002013545326917665
2533.0,0.00019418224110268056,6.160981342873129e-07,0.0,0.0,0.0,0.01618185342522338
2534.0,0.0001874318695627153,0.0,0.0,0.0,0.0,0.015619322463559607
2535.0,0.00023394945310428739,0.0,0.0,0.0,0.0,0.019495787758690614
2536.0,0.0,0.0,0.0,0.0,0.0,0.0
2537.0,0.0,0.0,0.0,0.0,0.0,0.0
2538.0,0.0,0.0,0.0,0.0,0.0,0.0
2539.0,0.0,0.0,0.0,0.0,0.0,0.0
2540.0,0.0,0.0,0.0,0.0,0.0,0.0
2541.0,1.0161357749893796e-05,0.0,0.0,0.0,0.0,0.0008467798124911496
2542.0,0.0,0.0,0.0,0.0,0.0,0.0
2543.0,0.0,0.0,0.0,0.0,0.0,0.0
2544.0,0.0,0.0,0.0,0.0,0.0,0.0
2545.0,0.0002450979663990438,0.001007135957479477,0.0,0.0,0.006944444444444444,0.046296296296296294
2546.0,0.00037476164288818836,0.002275328151881695,0.0,0.0,0.003472222222222222,0.05688320379704237
2547.0,0.00011368120613042265,0.0007350738160312176,0.0,0.0,0.005208333333333333,0.034722222222222224
2548.0,0.00012285535922273993,0.0007939545903354883,0.0,0.0,0.0,0.019848864758387208
2549.0,8.476315088046249e-06,4.6444343752227724e-05,0.0,0.0,0.0,0.001161108593805693
2550.0,0.0,0.0,0.0,0.0,0.0,0.0
2551.0,0.0,0.0,0.0,0.0,0.0,0.0
2552.0,0.0014806811232119799,0.004879067651927471,0.0,0.0,0.013888888888888888,0.12339009360099831
2553.0,0.0003585579397622496,0.0023182507138699293,0.0,0.0,0.005208333333333333,0.05795626784674823
2554.0,0.00026068894658237696,0.0016851999098435044,0.0,0.0,0.003472222222222222,0.04212999774608761
2555.0,0.00019275935483165085,0.0012464007595553994,0.0,0.0,0.003472222222222222,0.031160018988884985
2556.0,0.00016150936426129192,0.0010443353094160557,0.0,0.0,0.0,0.026108382735401392
2557.0,0.0003305179998278618,0.002072888193652034,0.0,0.0,0.0,0.051822204841300845
2558.0,0.00020538187527563423,0.0007097164052538574,0.0,0.0,0.0,0.017742910131346434
2559.0,0.0,0.0,0.0,0.0,0.0,0.0
2560.0,0.0,0.0,0.0,0.0,0.0,0.0
2561.0,0.0,0.0,0.0,0.0,0.0,0.0
2562.0,0.0,0.0,0.0,0.0,0.0,0.0
2563.0,0.0,0.0,0.0,0.0,0.0,0.0
2564.0,0.0,0.0,0.0,0.0,0.0,0.0
2565.0,0.0,0.0,0.0,0.0,0.0,0.0
2566.0,7.012527021288406e-06,1.2876727851107717e-05,0.0,0.0,0.0,0.0005843772517740339
2567.0,0.0,0.0,0.0,0.0,0.0,0.0
2568.0,0.0,0.0,0.0,0.0,0.0,0.0
2569.0,0.0,0.0,0.0,0.0,0.0,0.0
2570.0,0.0,0.0,0.0,0.0,0.0,0.0
2571.0,0.0,0.0,0.0,0.0,0.0,0.0
2572.0,0.0,0.0,0.0,0.0,0.0,0.0
2573.0,0.0,0.0,0.0,0.0,0.0,0.0
2574.0,0.0004667585017159581,0.0,0.0,0.0,0.006944444444444444,0.046296296296296294
2575.0,0.0007314302492886782,0.0,0.0,0.0,0.006944444444444444,0.06095252077405651
2576.0,1.5318651946927275e-07,0.0,0.0,0.0,0.0,1.2765543289106063e-05
2577.0,3.2798878237372264e-05,0.0,0.0,0.0,0.0,0.0027332398531143554
2578.0,4.946213448420167e-05,0.0,0.0,0.0,0.0,0.004121844540350139
2579.0,0.0,0.0,0.0,0.0,0.0,0.0
2580.0,0.00010588574514258653,0.0,0.0,0.0,0.0,0.008823812095215544
2581.0,0.0,0.0,0.0,0.0,0.0,0.0
2582.0,2.2851980247651227e-05,2.780030445137527e-05,0.0,0.0,0.0,0.0019043316873042688
2583.0,0.0028867877554148436,0.009102148935198784,0.0,0.0,0.027777777777777776,0.24056564628457028
2584.0,0.0,0.0,0.0,0.0,0.0,0.0
2585.0,0.0,0.0,0.0,0.0,0.0,0.0
2586.0,0.0,0.0,0.0,0.0,0.0,0.0
2587.0,0.0,0.0,0.0,0.0,0.0,0.0
2588.0,0.038001496344804764,0.0062957219779491425,0.0,0.00029458609060384333,0.3923611111111111,3.166791362067064
2589.0,1.6336380781467597e-07,6.160981342873129e-07,0.0,0.0,0.0,1.540245335718282e-05
2590.0,0.0,0.0,0.0,0.0,0.0,0.0
2591.0,0.0,0.0,0.0,0.0,0.0,0.0
2592.0,0.0,0.0,0.0,0.0,0.0,0.0
2593.0,0.0,0.0,0.0,0.0,0.0,0.0
2594.0,0.0,0.0,0.0,0.0,0.0,0.0
2595.0,0.0,0.0,0.0,0.0,0.0,0.0
2596.0,0.0,0.0,0.0,0.0,0.0,0.0
2597.0,0.0,0.0,0.0,0.0,0.0,0.0
2598.0,0.0,0.0,0.0,0.0,0.0,0.0
2599.0,0.0,0.0,0.0,0.0,0.0,0.0
2600.0,0.0,0.0,0.0,0.0,0.0,0.0
2601.0,0.0,0.0,0.0,0.0,0.0,0.0
2602.0,0.0,0.0,0.0,0.0,0.0,0.0
2603.0,0.0,0.0,0.0,0.0,0.0,0.0
2604.0,0.0,0.0,0.0,0.0,0.0,0.0
2605.0,0.0,0.0,0.0,0.0,0.0,0.0
2606.0,0.0,0.0,0.0,0.0,0.0,0.0
2607.0,0.0,0.0,0.0,0.0,0.0,0.0
2608.0,0.0,0.0,0.0,0.0,0.0,0.0
2609.0,0.0,0.0,0.0,0.0,0.0,0.0
2610.0,0.0,0.0,0.0,0.0,0.0,0.0
2611.0,0.0,0.0,0.0,0.0,0.0,0.0
2612.0,0.0,0.0,0.0,0.0,0.0,0.0
2613.0,1.6336380781467597e-07,6.160981342873129e-07,0.0,0.0,0.0,1.540245335718282e-05
2614.0,1.6336380781467597e-07,6.160981342873129e-07,0.0,0.0,0.0,1.540245335718282e-05
2615.0,0.0,0.0,0.0,0.0,0.0,0.0
2616.0,0.0,0.0,0.0,0.0,0.0,0.0
2617.0,0.0,0.0,0.0,0.0,0.0,0.0
2618.0,0.0,0.0,0.0,0.0,0.0,0.0
2619.0,0.0,0.0,0.0,0.0,0.0,0.0
2620.0,0.0,0.0,0.0,0.0,0.0,0.0
2621.0,0.0,0.0,0.0,0.0,0.0,0.0
2622.0,0.0,0.0,0.0,0.0,0.0,0.0
2623.0,0.0,0.0,0.0,0.0,0.0,0.0
2624.0,0.0,0.0,0.0,0.0,0.0,0.0
2625.0,0.0,0.0,0.0,0.0,0.0,0.0
2626.0,0.00024148958618752658,0.0,0.0,0.0,0.005208333333333333,0.034722222222222224
2627.0,0.00037785936729051173,0.0,0.0,0.0,0.005208333333333333,0.034722222222222224
2628.0,0.0,0.0,0.0,0.0,0.0,0.0
2629.0,0.0,0.0,0.0,0.0,0.0,0.0
2630.0,4.953017651132541e-06,0.0,0.0,0.0,0.0,0.00041275147092771175
2631.0,0.038642093539237976,0.00629939790815115,0.0,0.00025329506024718285,0.4010416666666667,3.2201744616031647
2632.0,2.553104536673345e-07,0.0,0.0,0.0,0.0,2.127587113894454e-05
2633.0,0.0,0.0,0.0,0.0,0.0,0.0
2634.0,0.0,0.0,0.0,0.0,0.0,0.0
2635.0,0.00011475350765977055,0.0,0.0,0.0,0.0,0.00956279230498088
2636.0,0.0003807528701145202,0.0,0.0,0.0,0.001736111111111111,0.03172940584287668
2637.0,1.3225078873801976e-05,0.0,0.0,0.0,0.001736111111111111,0.011574074074074073
2638.0,0.00013925202074460685,3.0441668059211224e-05,0.0,4.38310053141322e-05,0.001736111111111111,0.011604335062050572
2639.0,7.080249133650796e-07,6.160981342873129e-07,0.0,0.0,0.0,5.900207611375663e-05
2640.0,0.0,0.0,0.0,0.0,0.0,0.0
2641.0,0.0,0.0,0.0,0.0,0.0,0.0
2642.0,0.0,0.0,0.0,0.0,0.0,0.0
2643.0,0.0,0.0,0.0,0.0,0.0,0.0
2644.0,0.0,0.0,0.0,0.0,0.0,0.0
2645.0,0.0,0.0,0.0,0.0,0.0,0.0
2646.0,0.0,0.0,0.0,0.0,0.0,0.0
2647.0,0.0,0.0,0.0,0.0,0.0,0.0
2648.0,0.00023730253451503813,0.0,0.0,0.0,0.0,0.019775211209586512
2649.0,0.0001751259114826098,0.0,0.0,0.0,0.0,0.01459382595688415
2650.0,0.0009210407733917236,0.0,0.0,0.0,0.003472222222222222,0.07675339778264363
2651.0,0.0,0.0,0.0,0.0,0.0,0.0
2652.0,0.00021143104822840542,0.0,0.0,0.0,0.0,0.017619254019033786
2653.0,4.7249446652131155e-05,0.0,0.0,0.0,0.0,0.003937453887677596
2654.0,8.033767517190427e-05,0.0,0.0,0.0,0.0,0.006694806264325355
2655.0,0.0001757726859068498,0.0,0.0,0.0,0.0,0.014647723825570816
2656.0,5.75299454794731e-05,0.0,0.0,0.0,0.0,0.004794162123289425
2657.0,8.86437701410614e-05,0.0,0.0,0.0,0.0,0.007386980845088449
2658.0,0.0,0.0,0.0,0.0,0.0,0.0
2659.0,0.0,0.0,0.0,0.0,0.0,0.0
2660.0,0.0,0.0,0.0,0.0,0.0,0.0
2661.0,0.0,0.0,0.0,0.0,0.0,0.0
2662.0,0.0,0.0,0.0,0.0,0.0,0.0
2663.0,7.056743015709799e-06,6.160981342873129e-07,0.0,0.0,0.0,0.0005880619179758165
2664.0,6.39942641100788e-07,6.160981342873129e-07,0.0,0.0,0.0,5.332855342506567e-05
2665.0,0.0,0.0,0.0,0.0,0.0,0.0
2666.0,8.023554983083159e-05,0.0,0.0,0.0,0.003472222222222222,0.023148148148148147
2667.0,8.358862396562472e-05,0.0,0.0,0.0,0.001736111111111111,0.011574074074074073
2668.0,0.00018409582844469696,0.0,0.0,0.0,0.005208333333333333,0.034722222222222224
2669.0,0.00014334828301798552,0.0,0.0,0.0,0.003472222222222222,0.023148148148148147
2670.0,7.455064042005688e-05,0.0,0.0,0.0,0.0,0.006212553368338074
2671.0,0.0,0.0,0.0,0.0,0.0,0.0
2672.0,9.242246960639022e-06,0.0,0.0,0.0,0.0,0.0007701872467199186
2673.0,0.0,0.0,0.0,0.0,0.0,0.0
2674.0,0.0,0.0,0.0,0.0,0.0,0.0
2675.0,0.0,0.0,0.0,0.0,0.0,0.0
2676.0,0.03958212956786156,0.006294886115938425,0.0,0.00029458609060384333,0.3888888888888889,3.2985107973217964
2677.0,0.0006217318587005138,0.0,0.0,0.0,0.006944444444444444,0.05181098822504282
2678.0,0.0,0.0,0.0,0.0,0.0,0.0
2679.0,0.0,0.0,0.0,0.0,0.0,0.0
2680.0,0.0,0.0,0.0,0.0,0.0,0.0
2681.0,0.0,0.0,0.0,0.0,0.0,0.0
2682.0,0.0,0.0,0.0,0.0,0.0,0.0
2683.0,0.0,0.0,0.0,0.0,0.0,0.0
2684.0,1.1357762559782714e-05,6.558893801411614e-06,3.0443079594988376e-05,0.0,0.003472222222222222,0.023148148148148147
2685.0,9.842924555414356e-06,6.558893801411614e-06,3.0443079594988376e-05,0.0,0.0,0.0008202437129511964
2686.0,0.0,0.0,0.0,0.0,0.0,0.0
2687.0,0.0,0.0,0.0,0.0,0.0,0.0
2688.0,0.0,0.0,0.0,0.0,0.0,0.0
2689.0,0.0,0.0,0.0,0.0,0.0,0.0
2690.0,0.0,0.0,0.0,0.0,0.0,0.0
2691.0,0.0,0.0,0.0,0.0,0.0,0.0
2692.0,0.0,0.0,0.0,0.0,0.0,0.0
2693.0,0.0,0.0,0.0,0.0,0.0,0.0
2694.0,0.0,0.0,0.0,0.0,0.0,0.0
2695.0,0.0,0.0,0.0,0.0,0.0,0.0
2696.0,0.0,0.0,0.0,0.0,0.0,0.0
2697.0,0.0,0.0,0.0,0.0,0.0,0.0
2698.0,0.0,0.0,0.0,0.0,0.0,0.0
2699.0,0.0,0.0,0.0,0.0,0.0,0.0
2700.0,0.0,0.0,0.0,0.0,0.0,0.0
2701.0,0.0,0.0,0.0,0.0,0.0,0.0
2702.0,0.0,0.0,0.0,0.0,0.0,0.0
2703.0,0.0,0.0,0.0,0.0,0.0,0.0
2704.0,0.0,0.0,0.0,0.0,0.0,0.0
2705.0,0.0,0.0,0.0,0.0,0.0,0.0
2706.0,0.0,0.0,0.0,0.0,0.0,0.0
2707.0,0.0,0.0,0.0,0.0,0.0,0.0
2708.0,0.0,0.0,0.0,0.0,0.0,0.0
2709.0,9.842924555414356e-06,6.558893801411614e-06,3.0443079594988376e-05,0.0,0.0,0.0008202437129511964
2710.0,9.842924555414356e-06,6.558893801411614e-06,3.0443079594988376e-05,0.0,0.0,0.0008202437129511964
2711.0,0.0,0.0,0.0,0.0,0.0,0.0
2712.0,0.0,0.0,0.0,0.0,0.0,0.0
2713.0,0.0,0.0,0.0,0.0,0.0,0.0
2714.0,0.0,0.0,0.0,0.0,0.0,0.0
2715.0,0.0,0.0,0.0,0.0,0.0,0.0
2716.0,0.0,0.0,0.0,0.0,0.0,0.0
2717.0,0.0,0.0,0.0,0.0,0.0,0.0
2718.0,0.0,0.0,0.0,0.0,0.0,0.0
2719.0,0.0,0.0,0.0,0.0,0.0,0.0
2720.0,0.0,0.0,0.0,0.0,0.0,0.0
2721.0,0.0,0.0,0.0,0.0,0.0,0.0
2722.0,0.0,0.0,0.0,0.0,0.0,0.0
2723.0,0.0,0.0,0.0,0.0,0.0,0.0
2724.0,0.0,0.0,0.0,0.0,0.0,0.0
2725.0,0.0,0.0,0.0,0.0,0.0,0.0
2726.0,0.0,0.0,0.0,0.0,0.0,0.0
2727.0,0.0,0.0,0.0,0.0,0.0,0.0
2728.0,0.0,0.0,0.0,0.0,0.0,0.0
2729.0,0.0,0.0,0.0,0.0,0.0,0.0
2730.0,0.0,0.0,0.0,0.0,0.0,0.0
2731.0,0.0,0.0,0.0,0.0,0.0,0.0
2732.0,0.0,0.0,0.0,0.0,0.0,0.0
2733.0,0.0,0.0,0.0,0.0,0.0,0.0
2734.0,9.842924555414356e-06,6.558893801411614e-06,3.0443079594988376e-05,0.0,0.0,0.0008202437129511964
2735.0,9.842924555414356e-06,6.558893801411614e-06,3.0443079594988376e-05,0.0,0.0,0.0008202437129511964
2736.0,0.0,0.0,0.0,0.0,0.0,0.0
2737.0,0.0,0.0,0.0,0.0,0.0,0.0
2738.0,0.0,0.0,0.0,0.0,0.0,0.0
2739.0,0.0,0.0,0.0,0.0,0.0,0.0
2740.0,0.0,0.0,0.0,0.0,0.0,0.0
2741.0,0.0,0.0,0.0,0.0,0.0,0.0
2742.0,0.0,0.0,0.0,0.0,0.0,0.0
2743.0,0.03675183281302452,0.013880488462746143,0.0,0.0004741150187328458,0.11805555555555555,3.06265273441871
2744.0,0.0,0.0,0.0,0.0,0.0,0.0
2745.0,0.0,0.0,0.0,0.0,0.0,0.0
2746.0,0.0,0.0,0.0,0.0,0.0,0.0
2747.0,0.0,0.0,0.0,0.0,0.0,0.0
2748.0,0.0,0.0,0.0,0.0,0.0,0.0
2749.0,0.0,0.0,0.0,0.0,0.0,0.0
2750.0,0.0,0.0,0.0,0.0,0.0,0.0
2751.0,0.0,0.0,0.0,0.0,0.0,0.0
2752.0,0.0,0.0,0.0,0.0,0.0,0.0
2753.0,0.0,0.0,0.0,0.0,0.0,0.0
2754.0,0.0,0.0,0.0,0.0,0.0,0.0
2755.0,0.0,0.0,0.0,0.0,0.0,0.0
2756.0,0.0,0.0,0.0,0.0,0.0,0.0
2757.0,0.0,0.0,0.0,0.0,0.0,0.0
2758.0,0.0,0.0,0.0,0.0,0.0,0.0
2759.0,2.5531022629365907e-07,0.0,0.0,0.0,0.0,2.1275852191138256e-05
2760.0,2.5531022629365907e-07,0.0,0.0,0.0,0.0,2.1275852191138256e-05
2761.0,0.0,0.0,0.0,0.0,0.0,0.0
2762.0,0.0,0.0,0.0,0.0,0.0,0.0
2763.0,0.0,0.0,0.0,0.0,0.0,0.0
2764.0,0.0005104846204631031,0.0,0.0,0.0,0.013888888888888888,0.09259259259259259
2765.0,1.2527232684078626e-05,0.0,0.0,0.0,0.0,0.0010439360570065521
2766.0,0.0001416972663719207,0.0,0.0,0.0,0.001736111111111111,0.011808105530993393
2767.0,8.879696542862803e-05,0.0,0.0,0.0,0.001736111111111111,0.011574074074074073
2768.0,0.0003422351146582514,0.0,0.0,0.0,0.006944444444444444,0.046296296296296294
2769.0,0.0004240195266902447,0.0,0.0,0.0,0.010416666666666666,0.06944444444444445
2770.0,0.00019825705385301262,0.0,0.0,0.0,0.003472222222222222,0.023148148148148147
2771.0,0.00011129832273581997,0.0,0.0,0.0,0.001736111111111111,0.011574074074074073
2772.0,0.0002730119158513844,0.0,0.0,0.0,0.003472222222222222,0.023148148148148147
2773.0,0.00048454516218043864,0.0,0.0,0.0,0.005208333333333333,0.04037876351503655
2774.0,8.409926522290334e-05,0.0,0.0,0.0,0.0,0.007008272101908611
2775.0,0.0001839596516219899,0.0,0.0,0.0,0.0,0.015329970968499158
2776.0,0.00014084624126553535,0.0,0.0,0.0,0.0,0.011737186772127947
2777.0,0.00010198799282079563,0.0,0.0,0.0,0.001736111111111111,0.011574074074074073
2778.0,0.00029294315027073026,0.0,0.0,0.0,0.0,0.02441192918922752
2779.0,6.80820093634793e-08,0.0,0.0,0.0,0.0,5.673500780289942e-06
2780.0,0.0,0.0,0.0,0.0,0.0,0.0
2781.0,0.0,0.0,0.0,0.0,0.0,0.0
2782.0,0.0,0.0,0.0,0.0,0.0,0.0
2783.0,0.0,0.0,0.0,0.0,0.0,0.0
2784.0,0.0003089255769737065,0.0,0.0,0.0,0.006944444444444444,0.046296296296296294
2785.0,0.0002585953916423023,0.0,0.0,0.0,0.006944444444444444,0.046296296296296294
2786.0,8.51029611226295e-08,0.0,0.0,0.0,0.0,7.091913426885791e-06
2787.0,0.000341111677698791,0.0,0.0,0.0,0.010416666666666666,0.06944444444444445
2788.0,0.00014385890972334892,0.0,0.0,0.0,0.001736111111111111,0.011988242476945743
2789.0,0.0004356616991572082,0.0,0.0,0.0,0.010416666666666666,0.06944444444444445
2790.0,0.0003489072259981185,0.0,0.0,0.0,0.006944444444444444,0.046296296296296294
2791.0,0.00015693082241341472,0.0,0.0,0.0,0.0,0.013077568534451226
2792.0,0.00014843748067505658,0.0,0.0,0.0,0.0,0.012369790056254715
2793.0,7.456768798874691e-05,0.0,0.0,0.0,0.001736111111111111,0.011574074074074073
2794.0,0.0,0.0,0.0,0.0,0.0,0.0
2795.0,0.0,0.0,0.0,0.0,0.0,0.0
2796.0,0.0,0.0,0.0,0.0,0.0,0.0
2797.0,0.0,0.0,0.0,0.0,0.0,0.0
2798.0,0.0,0.0,0.0,0.0,0.0,0.0
2799.0,0.0,0.0,0.0,0.0,0.0,0.0
2800.0,0.0,0.0,0.0,0.0,0.0,0.0
2801.0,9.531601108392351e-07,0.0,0.0,0.0,0.0,7.943000923660293e-05
2802.0,0.0,0.0,0.0,0.0,0.0,0.0
2803.0,0.0,0.0,0.0,0.0,0.0,0.0
2804.0,0.0,0.0,0.0,0.0,0.0,0.0
2805.0,0.0,0.0,0.0,0.0,0.0,0.0
2806.0,0.0,0.0,0.0,0.0,0.0,0.0
2807.0,0.0,0.0,0.0,0.0,0.0,0.0
2808.0,0.0,0.0,0.0,0.0,0.0,0.0
2809.0,2.5531022629365907e-07,0.0,0.0,0.0,0.0,2.1275852191138256e-05
2810.0,6.115536234574392e-05,0.0,0.0,0.0,0.0,0.00509628019547866
2811.0,0.00014053986524231732,0.0,0.0,0.0,0.0,0.011711655436859777
2812.0,3.7190213333815336e-05,0.0,0.0,0.0,0.0,0.0030991844444846115
2813.0,0.0,0.0,0.0,0.0,0.0,0.0
2814.0,0.0,0.0,0.0,0.0,0.0,0.0
2815.0,0.0,0.0,0.0,0.0,0.0,0.0
2816.0,0.0,0.0,0.0,0.0,0.0,0.0
2817.0,0.0,0.0,0.0,0.0,0.0,0.0
2818.0,0.00022840069141238928,0.0,0.0,0.0,0.0,0.01903339095103244
2819.0,0.0,0.0,0.0,0.0,0.0,0.0
2820.0,0.0,0.0,0.0,0.0,0.0,0.0
2821.0,8.33673620945774e-05,0.0,0.0,0.0,0.0,0.0069472801745481165
2822.0,0.00016556029731873423,0.0,0.0,0.0,0.0,0.013796691443227852
2823.0,0.0,0.0,0.0,0.0,0.0,0.0
2824.0,0.0,0.0,0.0,0.0,0.0,0.0
2825.0,4.8645139031577855e-05,0.0,0.0,0.0,0.001736111111111111,0.011574074074074073
2826.0,0.0001162853732239455,0.0,0.0,0.0,0.001736111111111111,0.011574074074074073
2827.0,5.850012894370593e-05,0.0,0.0,0.0,0.0,0.004875010745308828
2828.0,0.00023791525745764375,0.0,0.0,0.0,0.0,0.019826271454803646
2829.0,7.887389801908284e-05,0.0,0.0,0.0,0.0,0.00657282483492357
2830.0,0.0,0.0,0.0,0.0,0.0,0.0
2831.0,0.0,0.0,0.0,0.0,0.0,0.0
2832.0,0.0,0.0,0.0,0.0,0.0,0.0
2833.0,0.0,0.0,0.0,0.0,0.0,0.0
2834.0,5.021112428948982e-06,0.0,0.0,0.0,0.0,0.0004184260357457485
2835.0,2.5531022629365907e-07,0.0,0.0,0.0,0.0,2.1275852191138256e-05
2836.0,0.0,0.0,0.0,0.0,0.0,0.0
2837.0,0.0,0.0,0.0,0.0,0.0,0.0
2838.0,0.0,0.0,0.0,0.0,0.0,0.0
2839.0,0.0,0.0,0.0,0.0,0.0,0.0
2840.0,0.0,0.0,0.0,0.0,0.0,0.0
2841.0,0.0,0.0,0.0,0.0,0.0,0.0
2842.0,0.0,0.0,0.0,0.0,0.0,0.0
2843.0,0.0,0.0,0.0,0.0,0.0,0.0
2844.0,0.0,0.0,0.0,0.0,0.0,0.0
2845.0,0.0,0.0,0.0,0.0,0.0,0.0
2846.0,0.0,0.0,0.0,0.0,0.0,0.0
2847.0,0.0,0.0,0.0,0.0,0.0,0.0
2848.0,0.0,0.0,0.0,0.0,0.0,0.0
2849.0,0.0,0.0,0.0,0.0,0.0,0.0
2850.0,0.0,0.0,0.0,0.0,0.0,0.0
2851.0,0.0,0.0,0.0,0.0,0.0,0.0
2852.0,0.0,0.0,0.0,0.0,0.0,0.0
2853.0,0.0,0.0,0.0,0.0,0.0,0.0
2854.0,0.0,0.0,0.0,0.0,0.0,0.0
2855.0,0.0,0.0,0.0,0.0,0.0,0.0
2856.0,0.0,0.0,0.0,0.0,0.0,0.0
2857.0,0.0,0.0,0.0,0.0,0.0,0.0
2858.0,0.0,0.0,0.0,0.0,0.0,0.0
2859.0,2.5531022629365907e-07,0.0,0.0,0.0,0.0,2.1275852191138256e-05
2860.0,2.5531022629365907e-07,0.0,0.0,0.0,0.0,2.1275852191138256e-05
2861.0,0.0,0.0,0.0,0.0,0.0,0.0
2862.0,0.0,0.0,0.0,0.0,0.0,0.0
2863.0,0.0,0.0,0.0,0.0,0.0,0.0
2864.0,0.0,0.0,0.0,0.0,0.0,0.0
2865.0,0.0,0.0,0.0,0.0,0.0,0.0
2866.0,0.0,0.0,0.0,0.0,0.0,0.0
2867.0,0.0,0.0,0.0,0.0,0.0,0.0
2868.0,0.0,0.0,0.0,0.0,0.0,0.0
2869.0,0.0,0.0,0.0,0.0,0.0,0.0
2870.0,0.0,0.0,0.0,0.0,0.0,0.0
2871.0,0.0,0.0,0.0,0.0,0.0,0.0
2872.0,0.0,0.0,0.0,0.0,0.0,0.0
2873.0,4.551334131974727e-05,0.0,0.0,0.0,0.0,0.0037927784433122724
2874.0,1.793981391529087e-05,0.0,0.0,0.0,0.0,0.0014949844929409057
2875.0,0.0,0.0,0.0,0.0,0.0,0.0
2876.0,1.0723047125793528e-06,0.0,0.0,0.0,0.0,8.93587260482794e-05
2877.0,0.0,0.0,0.0,0.0,0.0,0.0
2878.0,0.0,0.0,0.0,0.0,0.0,0.0
2879.0,0.0,0.0,0.0,0.0,0.0,0.0
2880.0,0.0,0.0,0.0,0.0,0.0,0.0
2881.0,0.0,0.0,0.0,0.0,0.0,0.0
2882.0,0.0,0.0,0.0,0.0,0.0,0.0
2883.0,0.0,0.0,0.0,0.0,0.0,0.0
2884.0,2.5531022629365907e-07,0.0,0.0,0.0,0.0,2.1275852191138256e-05
2885.0,2.5531022629365907e-07,0.0,0.0,0.0,0.0,2.1275852191138256e-05
2886.0,0.0,0.0,0.0,0.0,0.0,0.0
2887.0,0.0,0.0,0.0,0.0,0.0,0.0
2888.0,0.0,0.0,0.0,0.0,0.0,0.0
2889.0,0.0,0.0,0.0,0.0,0.0,0.0
2890.0,0.0,0.0,0.0,0.0,0.0,0.0
2891.0,0.0,0.0,0.0,0.0,0.0,0.0
2892.0,0.0,0.0,0.0,0.0,0.0,0.0
2893.0,0.0,0.0,0.0,0.0,0.0,0.0
2894.0,0.0,0.0,0.0,0.0,0.0,0.0
2895.0,0.0,0.0,0.0,0.0,0.0,0.0
2896.0,0.0,0.0,0.0,0.0,0.0,0.0
2897.0,0.0,0.0,0.0,0.0,0.0,0.0
2898.0,0.0,0.0,0.0,0.0,0.0,0.0
2899.0,0.04267486184835434,0.0019867538940161467,0.0,0.0004002254572696984,0.22395833333333334,3.5562384873628616
2900.0,0.0,0.0,0.0,0.0,0.0,0.0
2901.0,0.0,0.0,0.0,0.0,0.0,0.0
2902.0,0.042700424790382385,0.0019867538940161467,0.0,0.0004002254572696984,0.22395833333333334,3.558368732531865
2903.0,0.0,0.0,0.0,0.0,0.0,0.0
2904.0,0.0,0.0,0.0,0.0,0.0,0.0
2905.0,0.0,0.0,0.0,0.0,0.0,0.0
2906.0,0.0,0.0,0.0,0.0,0.0,0.0
2907.0,0.0,0.0,0.0,0.0,0.0,0.0
2908.0,0.0,0.0,0.0,0.0,0.0,0.0
2909.0,0.0,0.0,0.0,0.0,0.0,0.0
2910.0,4.786631052411394e-06,1.1634289194262237e-06,1.4041219401406124e-05,0.0,0.0,0.00039888592103428283
2911.0,4.786631052411394e-06,1.1634289194262237e-06,1.4041219401406124e-05,0.0,0.0,0.00039888592103428283
2912.0,0.0,0.0,0.0,0.0,0.0,0.0
2913.0,0.0,0.0,0.0,0.0,0.0,0.0
2914.0,0.0,0.0,0.0,0.0,0.0,0.0
2915.0,0.0,0.0,0.0,0.0,0.0,0.0
2916.0,0.0,0.0,0.0,0.0,0.0,0.0
2917.0,0.0,0.0,0.0,0.0,0.0,0.0
2918.0,0.0,0.0,0.0,0.0,0.0,0.0
2919.0,0.0,0.0,0.0,0.0,0.0,0.0
2920.0,0.0,0.0,0.0,0.0,0.0,0.0
2921.0,0.0,0.0,0.0,0.0,0.0,0.0
2922.0,0.0,0.0,0.0,0.0,0.0,0.0
2923.0,0.0,0.0,0.0,0.0,0.0,0.0
2924.0,0.0,0.0,0.0,0.0,0.0,0.0
2925.0,0.0,0.0,0.0,0.0,0.0,0.0
2926.0,0.0,0.0,0.0,0.0,0.0,0.0
2927.0,0.0,0.0,0.0,0.0,0.0,0.0
2928.0,0.0,0.0,0.0,0.0,0.0,0.0
2929.0,0.0,0.0,0.0,0.0,0.0,0.0
2930.0,0.0,0.0,0.0,0.0,0.0,0.0
2931.0,0.042700424790382385,0.0019867538940161467,0.0,0.0004002254572696984,0.22395833333333334,3.558368732531865
2932.0,0.0,0.0,0.0,0.0,0.0,0.0
2933.0,0.0,0.0,0.0,0.0,0.0,0.0
2934.0,0.0,0.0,0.0,0.0,0.0,0.0
2935.0,0.0,0.0,0.0,0.0,0.0,0.0
2936.0,0.0,0.0,0.0,0.0,0.0,0.0
2937.0,0.0,0.0,0.0,0.0,0.0,0.0
2938.0,0.0,0.0,0.0,0.0,0.0,0.0
2939.0,0.0,0.0,0.0,0.0,0.0,0.0
2940.0,0.0,0.0,0.0,0.0,0.0,0.0
2941.0,0.0,0.0,0.0,0.0,0.0,0.0
2942.0,0.0,0.0,0.0,0.0,0.0,0.0
2943.0,0.0,0.0,0.0,0.0,0.0,0.0
2944.0,0.0,0.0,0.0,0.0,0.0,0.0
2945.0,0.0,0.0,0.0,0.0,0.0,0.0
2946.0,0.0,0.0,0.0,0.0,0.0,0.0
2947.0,1.9018978036910994e-07,1.29210860677631e-07,0.0,0.0,0.0,1.5849148364092496e-05
2948.0,1.9018978036910994e-07,1.29210860677631e-07,0.0,0.0,0.0,1.5849148364092496e-05
2949.0,0.0,0.0,0.0,0.0,0.0,0.0
2950.0,0.0,0.0,0.0,0.0,0.0,0.0
2951.0,0.0,0.0,0.0,0.0,0.0,0.0
2952.0,0.0,0.0,0.0,0.0,0.0,0.0
2953.0,0.0,0.0,0.0,0.0,0.0,0.0
2954.0,0.0,0.0,0.0,0.0,0.0,0.0
2955.0,0.0,0.0,0.0,0.0,0.0,0.0
2956.0,0.0,0.0,0.0,0.0,0.0,0.0
2957.0,0.0,0.0,0.0,0.0,0.0,0.0
2958.0,0.0,0.0,0.0,0.0,0.0,0.0
2959.0,0.0,0.0,0.0,0.0,0.0,0.0
2960.0,0.0,0.0,0.0,0.0,0.0,0.0
2961.0,0.0,0.0,0.0,0.0,0.0,0.0
2962.0,0.0,0.0,0.0,0.0,0.0,0.0
2963.0,0.0,0.0,0.0,0.0,0.0,0.0
2964.0,0.0,0.0,0.0,0.0,0.0,0.0
2965.0,0.0,0.0,0.0,0.0,0.0,0.0
2966.0,0.0,0.0,0.0,0.0,0.0,0.0
2967.0,0.0,0.0,0.0,0.0,0.0,0.0
2968.0,0.0,0.0,0.0,0.0,0.0,0.0
2969.0,0.0,0.0,0.0,0.0,0.0,0.0
2970.0,0.0,0.0,0.0,0.0,0.0,0.0
2971.0,0.042700424790382385,0.0019867538940161467,0.0,0.0004002254572696984,0.22395833333333334,3.558368732531865
2972.0,0.0,0.0,0.0,0.0,0.0,0.0
2973.0,0.005910997278988361,0.0,0.0,0.0,0.0954861111111111,0.6365740740740741
2974.0,0.0,0.0,0.0,0.0,0.0,0.0
2975.0,0.0,0.0,0.0,0.0,0.0,0.0
2976.0,0.0,0.0,0.0,0.0,0.0,0.0
2977.0,0.0004341979220043868,0.0,0.0,0.0,0.012152777777777778,0.08101851851851852
2978.0,0.00032953766640275717,0.0,0.0,0.0,0.001736111111111111,0.027461472200229764
2979.0,7.948662641865667e-06,0.0,0.0,0.0,0.0,0.0006623885534888055
2980.0,0.00040781585266813636,0.0,0.0,0.0,0.008680555555555556,0.05787037037037038
2981.0,0.00033336732303723693,0.0,0.0,0.0,0.010416666666666666,0.06944444444444445
2982.0,0.0005011573084630072,0.0,0.0,0.0,0.008680555555555556,0.05787037037037038
2983.0,0.0001930997532326728,0.0,0.0,0.0,0.0,0.016091646102722734
2984.0,1.0212417578259192e-07,0.0,0.0,0.0,0.0,8.51034798188266e-06
2985.0,0.0,0.0,0.0,0.0,0.0,0.0
2986.0,0.0,0.0,0.0,0.0,0.0,0.0
2987.0,1.3752715858572628e-05,0.0,0.0,0.0,0.0,0.0011460596548810524
2988.0,2.5531022629365907e-07,0.0,0.0,0.0,0.0,2.1275852191138256e-05
2989.0,0.0,0.0,0.0,0.0,0.0,0.0
2990.0,0.0,0.0,0.0,0.0,0.0,0.0
2991.0,7.84824151196517e-05,0.0,0.0,0.0,0.0,0.006540201259970975
2992.0,5.7512927014613524e-05,0.0,0.0,0.0,0.0,0.004792743917884461
2993.0,0.0,0.0,0.0,0.0,0.0,0.0
2994.0,0.0,0.0,0.0,0.0,0.0,0.0
2995.0,0.0,0.0,0.0,0.0,0.0,0.0
2996.0,3.5913597002945608e-06,0.0,0.0,0.0,0.0,0.00029927997502454673
2997.0,0.0,0.0,0.0,0.0,0.0,0.0
2998.0,0.0,0.0,0.0,0.0,0.0,0.0
2999.0,0.0,0.0,0.0,0.0,0.0,0.0
3000.0,0.0,0.0,0.0,0.0,0.0,0.0
3001.0,0.0,0.0,0.0,0.0,0.0,0.0
3002.0,0.0,0.0,0.0,0.0,0.0,0.0
3003.0,0.0,0.0,0.0,0.0,0.0,0.0
3004.0,0.0,0.0,0.0,0.0,0.0,0.0
3005.0,0.0,0.0,0.0,0.0,0.0,0.0
3006.0,0.03915882855653763,0.0019867538940161467,0.0,0.0004002254572696984,0.17708333333333334,3.263235713044802
3007.0,0.0,0.0,0.0,0.0,0.0,0.0
3008.0,0.0,0.0,0.0,0.0,0.0,0.0
3009.0,0.0,0.0,0.0,0.0,0.0,0.0
3010.0,0.0,0.0,0.0,0.0,0.0,0.0
3011.0,0.0,0.0,0.0,0.0,0.0,0.0
3012.0,0.0,0.0,0.0,0.0,0.0,0.0
3013.0,0.0,0.0,0.0,0.0,0.0,0.0
3014.0,0.0,0.0,0.0,0.0,0.0,0.0
3015.0,0.0,0.0,0.0,0.0,0.0,0.0
3016.0,0.0,0.0,0.0,0.0,0.0,0.0
3017.0,0.0,0.0,0.0,0.0,0.0,0.0
3018.0,0.0,0.0,0.0,0.0,0.0,0.0
3019.0,0.0,0.0,0.0,0.0,0.0,0.0
3020.0,0.0,0.0,0.0,0.0,0.0,0.0
3021.0,0.0,0.0,0.0,0.0,0.0,0.0
3022.0,5.562553269555792e-06,1.8805623085427214e-06,1.958332177309785e-05,0.0,0.0,0.000463546105796316
3023.0,5.562553269555792e-06,1.8805623085427214e-06,1.958332177309785e-05,0.0,0.0,0.000463546105796316
3024.0,0.0,0.0,0.0,0.0,0.0,0.0
3025.0,0.0,0.0,0.0,0.0,0.0,0.0
3026.0,0.0,0.0,0.0,0.0,0.0,0.0
3027.0,0.0,0.0,0.0,0.0,0.0,0.0
3028.0,0.0,0.0,0.0,0.0,0.0,0.0
3029.0,0.0,0.0,0.0,0.0,0.0,0.0
3030.0,0.0,0.0,0.0,0.0,0.0,0.0
3031.0,0.0,0.0,0.0,0.0,0.0,0.0
3032.0,0.0,0.0,0.0,0.0,0.0,0.0
3033.0,0.0,0.0,0.0,0.0,0.0,0.0
3034.0,0.0,0.0,0.0,0.0,0.0,0.0
3035.0,0.0,0.0,0.0,0.0,0.0,0.0
3036.0,0.0,0.0,0.0,0.0,0.0,0.0
3037.0,0.0,0.0,0.0,0.0,0.0,0.0
3038.0,0.0,0.0,0.0,0.0,0.0,0.0
3039.0,0.0,0.0,0.0,0.0,0.0,0.0
3040.0,0.0,0.0,0.0,0.0,0.0,0.0
3041.0,0.0,0.0,0.0,0.0,0.0,0.0
3042.0,0.0,0.0,0.0,0.0,0.0,0.0
3043.0,0.0,0.0,0.0,0.0,0.0,0.0
3044.0,0.0,0.0,0.0,0.0,0.0,0.0
3045.0,0.0,0.0,0.0,0.0,0.0,0.0
3046.0,0.0,0.0,0.0,0.0,0.0,0.0
3047.0,5.562553269555792e-06,1.8805623085427214e-06,1.958332177309785e-05,0.0,0.0,0.000463546105796316
3048.0,5.562553269555792e-06,1.8805623085427214e-06,1.958332177309785e-05,0.0,0.0,0.000463546105796316
3049.0,0.0,0.0,0.0,0.0,0.0,0.0
3050.0,0.0,0.0,0.0,0.0,0.0,0.0
3051.0,0.0,0.0,0.0,0.0,0.0,0.0
3052.0,0.00031456453143619,0.0,0.0,0.0,0.0,0.026213710953015834
3053.0,0.00026996523956768215,0.0,0.0,0.0,0.0,0.022497103297306847
3054.0,0.0,0.0,0.0,0.0,0.0,0.0
3055.0,0.0,0.0,0.0,0.0,0.0,0.0
3056.0,3.4773086099448847e-06,0.0,0.0,0.0,0.0,0.00028977571749540704
3057.0,0.0,0.0,0.0,0.0,0.0,0.0
3058.0,0.0,0.0,0.0,0.0,0.0,0.0
3059.0,0.0,0.0,0.0,0.0,0.0,0.0
3060.0,0.0,0.0,0.0,0.0,0.0,0.0
3061.0,0.0,0.0,0.0,0.0,0.0,0.0
3062.0,0.0,0.0,0.0,0.0,0.0,0.0
3063.0,0.0005843373946845531,0.0,0.0,0.0,0.0,0.04869478289037943
3064.0,3.574351410406962e-07,0.0,0.0,0.0,0.0,2.9786261753391347e-05
3065.0,0.022786060348153114,0.00838767271488905,0.0022892747074365616,0.0002307377872057259,0.2847222222222222,1.8988383623460927
3066.0,0.0,0.0,0.0,0.0,0.0,0.0
3067.0,0.0,0.0,0.0,0.0,0.0,0.0
3068.0,0.0,0.0,0.0,0.0,0.0,0.0
3069.0,0.0,0.0,0.0,0.0,0.0,0.0
3070.0,0.0,0.0,0.0,0.0,0.0,0.0
3071.0,0.0,0.0,0.0,0.0,0.0,0.0
3072.0,1.922793671838008e-05,0.0,6.148434476926923e-05,7.528490095864981e-05,0.0,0.009410612619831227
3073.0,1.6052383671194548e-06,0.0,1.622516538191121e-05,0.0,0.0,0.00013376986392662124
3074.0,0.0,0.0,0.0,0.0,0.0,0.0
3075.0,0.0,0.0,0.0,0.0,0.0,0.0
3076.0,0.0,0.0,0.0,0.0,0.0,0.0
3077.0,0.0,0.0,0.0,0.0,0.0,0.0
3078.0,0.0,0.0,0.0,0.0,0.0,0.0
3079.0,0.0,0.0,0.0,0.0,0.0,0.0
3080.0,0.0,0.0,0.0,0.0,0.0,0.0
3081.0,0.0,0.0,0.0,0.0,0.0,0.0
3082.0,0.0,0.0,0.0,0.0,0.0,0.0
3083.0,0.0,0.0,0.0,0.0,0.0,0.0
3084.0,0.0,0.0,0.0,0.0,0.0,0.0
3085.0,0.0,0.0,0.0,0.0,0.0,0.0
3086.0,0.0,0.0,0.0,0.0,0.0,0.0
3087.0,0.0,0.0,0.0,0.0,0.0,0.0
3088.0,0.01945260725915432,0.008987624198198318,0.0,0.0007686791359446943,0.2517361111111111,1.6782407407407407
3089.0,0.0,0.0,0.0,0.0,0.0,0.0
3090.0,0.0,0.0,0.0,0.0,0.0,0.0
3091.0,0.0,0.0,0.0,0.0,0.0,0.0
3092.0,0.0,0.0,0.0,0.0,0.0,0.0
3093.0,0.0,0.0,0.0,0.0,0.0,0.0
3094.0,0.0,0.0,0.0,0.0,0.0,0.0
3095.0,0.0,0.0,0.0,0.0,0.0,0.0
3096.0,9.278146535507403e-06,8.254312888311688e-06,2.841523200913798e-05,0.0,0.0,0.0007731788779589502
3097.0,9.278146535507403e-06,8.254312888311688e-06,2.841523200913798e-05,0.0,0.0,0.0007731788779589502
3098.0,0.0,0.0,0.0,0.0,0.0,0.0
3099.0,0.0,0.0,0.0,0.0,0.0,0.0
3100.0,0.0,0.0,0.0,0.0,0.0,0.0
3101.0,0.0,0.0,0.0,0.0,0.0,0.0
3102.0,0.0,0.0,0.0,0.0,0.0,0.0
3103.0,0.0,0.0,0.0,0.0,0.0,0.0
3104.0,0.0,0.0,0.0,0.0,0.0,0.0
3105.0,0.0,0.0,0.0,0.0,0.0,0.0
3106.0,0.0,0.0,0.0,0.0,0.0,0.0
3107.0,0.0,0.0,0.0,0.0,0.0,0.0
3108.0,0.0,0.0,0.0,0.0,0.0,0.0
3109.0,0.0,0.0,0.0,0.0,0.0,0.0
3110.0,0.0,0.0,0.0,0.0,0.0,0.0
3111.0,0.0,0.0,0.0,0.0,0.0,0.0
3112.0,0.0,0.0,0.0,0.0,0.0,0.0
3113.0,0.0,0.0,0.0,0.0,0.0,0.0
3114.0,0.0,0.0,0.0,0.0,0.0,0.0
3115.0,0.0,0.0,0.0,0.0,0.0,0.0
3116.0,0.0,0.0,0.0,0.0,0.0,0.0
3117.0,0.0,0.0,0.0,0.0,0.0,0.0
3118.0,0.0,0.0,0.0,0.0,0.0,0.0
3119.0,0.0,0.0,0.0,0.0,0.0,0.0
3120.0,0.0,0.0,0.0,0.0,0.0,0.0
3121.0,9.278146535507403e-06,8.254312888311688e-06,2.841523200913798e-05,0.0,0.0,0.0007731788779589502
3122.0,9.278146535507403e-06,8.254312888311688e-06,2.841523200913798e-05,0.0,0.0,0.0007731788779589502
3123.0,0.0,0.0,0.0,0.0,0.0,0.0
3124.0,6.402990402420983e-05,0.0,0.0,0.0,0.001736111111111111,0.011574074074074073
3125.0,0.00020079314708709717,0.0,0.0,0.0,0.003472222222222222,0.023148148148148147
3126.0,0.0002071588532999158,0.0,0.0,0.0,0.0,0.017263237774992984
3127.0,0.00018693828315008432,0.0,0.0,0.0,0.001736111111111111,0.015578190262507025
3128.0,6.500203016912565e-05,0.0,0.0,0.0,0.001736111111111111,0.011574074074074073
3129.0,0.0,0.0,0.0,0.0,0.0,0.0
3130.0,7.589298093080288e-06,0.0,0.0,0.0,0.0,0.0006324415077566906
3131.0,0.00014532268687617034,0.0,0.0,0.0,0.001736111111111111,0.012110223906347528
3132.0,0.0002216925931861624,0.0,0.0,0.0,0.001736111111111111,0.018474382765513536
3133.0,0.000199737842194736,0.0,0.0,0.0,0.005208333333333333,0.034722222222222224
3134.0,0.00022518380137626082,0.0,0.0,0.0,0.001736111111111111,0.018765316781355068
3135.0,0.0001357740693492815,0.0,0.0,0.0,0.001736111111111111,0.011574074074074073
3136.0,0.0,0.0,0.0,0.0,0.0,0.0
3137.0,0.0,0.0,0.0,0.0,0.0,0.0
3138.0,8.950948540586978e-06,0.0,0.0,0.0,0.0,0.0007459123783822482
3139.0,0.0,0.0,0.0,0.0,0.0,0.0
3140.0,0.0,0.0,0.0,0.0,0.0,0.0
3141.0,0.0,0.0,0.0,0.0,0.0,0.0
3142.0,0.00021447778271976858,0.0,0.0,0.0,0.006944444444444444,0.046296296296296294
3143.0,0.00020732908160425723,0.0,0.0,0.0,0.003472222222222222,0.023148148148148147
3144.0,0.00015837755927350372,0.0,0.0,0.0,0.0,0.013198129939458644
3145.0,0.0,0.0,0.0,0.0,0.0,0.0
3146.0,1.5694946341682225e-05,8.254312888311688e-06,2.841523200913798e-05,0.0,0.0,0.0013079121951401855
3147.0,0.00011141932191094384,8.254312888311688e-06,2.841523200913798e-05,0.0,0.003472222222222222,0.023148148148148147
3148.0,0.00025777844712138176,0.0,0.0,0.0,0.003472222222222222,0.023148148148148147
3149.0,0.00035840473719872534,0.0,0.0,0.0,0.005208333333333333,0.034722222222222224
3150.0,0.00015104164776857942,0.0,0.0,0.0,0.0,0.012586803980714953
3151.0,0.00025612738681957126,0.0,0.0,0.0,0.006944444444444444,0.046296296296296294
3152.0,0.00023890245938673615,0.0,0.0,0.0,0.003472222222222222,0.023148148148148147
3153.0,9.374997898703441e-05,0.0,0.0,0.0,0.001736111111111111,0.011574074074074073
3154.0,0.00031895076972432435,0.0,0.0,0.0,0.005208333333333333,0.034722222222222224
3155.0,1.5352668924606405e-05,0.0,0.0,0.0,0.0,0.0012793890770505338
3156.0,0.0,0.0,0.0,0.0,0.0,0.0
3157.0,0.0,0.0,0.0,0.0,0.0,0.0
3158.0,0.0,0.0,0.0,0.0,0.0,0.0
3159.0,0.0001829724496928975,0.0,0.0,0.0,0.0,0.015247704141074792
3160.0,0.0,0.0,0.0,0.0,0.0,0.0
3161.0,0.0,0.0,0.0,0.0,0.0,0.0
3162.0,0.0,0.0,0.0,0.0,0.0,0.0
3163.0,2.0424838567123516e-06,0.0,0.0,0.0,0.0,0.00017020698805936263
3164.0,0.0,0.0,0.0,0.0,0.0,0.0
3165.0,0.0,0.0,0.0,0.0,0.0,0.0
3166.0,0.0,0.0,0.0,0.0,0.0,0.0
3167.0,0.0,0.0,0.0,0.0,0.0,0.0
3168.0,0.0,0.0,0.0,0.0,0.0,0.0
3169.0,0.0,0.0,0.0,0.0,0.0,0.0
3170.0,0.0,0.0,0.0,0.0,0.0,0.0
3171.0,0.004206462297588587,8.254312888311688e-06,2.841523200913798e-05,0.0,0.06076388888888889,0.4050925925925926
3172.0,9.278146535507403e-06,8.254312888311688e-06,2.841523200913798e-05,0.0,0.0,0.0007731788779589502
3173.0,0.0,0.0,0.0,0.0,0.0,0.0
3174.0,0.0,0.0,0.0,0.0,0.0,0.0
3175.0,0.0,0.0,0.0,0.0,0.0,0.0
3176.0,0.0,0.0,0.0,0.0,0.0,0.0
3177.0,0.0,0.0,0.0,0.0,0.0,0.0
3178.0,0.0,0.0,0.0,0.0,0.0,0.0
3179.0,0.0,0.0,0.0,0.0,0.0,0.0
3180.0,0.0,0.0,0.0,0.0,0.0,0.0
3181.0,0.0,0.0,0.0,0.0,0.0,0.0
3182.0,0.0,0.0,0.0,0.0,0.0,0.0
3183.0,0.0,0.0,0.0,0.0,0.0,0.0
3184.0,0.0,0.0,0.0,0.0,0.0,0.0
3185.0,3.521755047586339e-07,2.277201247125049e-06,0.0,0.0,0.0,5.693003117812623e-05
3186.0,0.03895895928144455,0.013345712795853615,0.0,0.0006211630534380674,0.2673611111111111,3.246579940120379
3187.0,0.0,0.0,0.0,0.0,0.0,0.0
3188.0,0.0,0.0,0.0,0.0,0.0,0.0
3189.0,0.0,0.0,0.0,0.0,0.0,0.0
3190.0,0.0,0.0,0.0,0.0,0.0,0.0
3191.0,0.0,0.0,0.0,0.0,0.0,0.0
3192.0,0.0,0.0,0.0,0.0,0.0,0.0
3193.0,0.0,0.0,0.0,0.0,0.0,0.0
3194.0,0.0,0.0,0.0,0.0,0.0,0.0
3195.0,0.0,0.0,0.0,0.0,0.0,0.0
3196.0,0.0,0.0,0.0,0.0,0.0,0.0
3197.0,5.906177648284938e-06,3.8189922634046525e-05,0.0,0.0,0.001736111111111111,0.011574074074074073
3198.0,0.0005826182896271348,0.0037672671023756266,0.0,0.0,0.010416666666666666,0.09418167755939066
3199.0,0.0003586089878808707,0.002122678328305483,0.0,0.0,0.008680555555555556,0.05787037037037038
3200.0,5.484067150973715e-05,0.00031564480741508305,0.0,0.0,0.0,0.007891120185377076
3201.0,0.00023687700740993023,0.0013311451766639948,0.0,0.0,0.0,0.03327862941659987
3202.0,0.00024514904362149537,0.0006931420066393912,0.0,0.0,0.0,0.02042908696845795
3203.0,8.769061241764575e-05,0.00047181633999571204,0.0,0.0,0.0,0.011795408499892801
3204.0,0.00019093815353699028,0.0012342946138232946,0.0,0.0,0.003472222222222222,0.030857365345582366
3205.0,0.00022501357307191938,0.0014549598563462496,0.0,0.0,0.003472222222222222,0.03637399640865624
3206.0,0.00020440149819478393,0.0013207996962592006,0.0,0.0,0.005208333333333333,0.034722222222222224
3207.0,0.0002698971366044134,0.0017451813910156488,0.0,0.0,0.0,0.04362953477539122
3208.0,0.0,0.0,0.0,0.0,0.0,0.0
3209.0,0.0,0.0,0.0,0.0,0.0,0.0
3210.0,0.0,0.0,0.0,0.0,0.0,0.0
3211.0,9.585997759131715e-06,5.725153096136637e-05,0.0,0.0,0.0,0.0014312882740341593
3212.0,0.0,0.0,0.0,0.0,0.0,0.0
3213.0,0.0,0.0,0.0,0.0,0.0,0.0
3214.0,0.0,0.0,0.0,0.0,0.0,0.0
3215.0,6.0695794672938064e-05,0.0003863017482217401,0.0,0.0,0.003472222222222222,0.023148148148148147
3216.0,0.00027124176267534494,0.0015938522992655635,0.0,0.0,0.001736111111111111,0.03984630748163909
3217.0,0.00016886231605894864,0.0008687936351634562,0.0,0.0,0.001736111111111111,0.021719840879086405
3218.0,0.00017284516070503742,0.0008694540592841804,0.0,0.0,0.001736111111111111,0.02173635148210451
3219.0,0.00022695394000038505,0.0014611231163144112,0.0,0.0,0.0,0.03652807790786028
3220.0,0.0001940869988175109,0.0012549854582175612,0.0,0.0,0.0,0.03137463645543903
3221.0,0.00024085983750410378,0.0015574231510981917,0.0,0.0,0.0,0.03893557877745479
3222.0,0.0001373355189571157,0.0008880249806679785,0.0,0.0,0.0,0.022200624516699463
3223.0,0.00021151428518351167,0.0013667915482074022,0.0,0.0,0.001736111111111111,0.034169788705185056
3224.0,0.0002774883760139346,0.0017942669801414013,0.0,0.0,0.005208333333333333,0.04485667450353503
3225.0,0.0,0.0,0.0,0.0,0.0,0.0
3226.0,0.0,0.0,0.0,0.0,0.0,0.0
3227.0,2.904205939557869e-05,9.809194307308644e-05,0.0,0.0,0.0,0.002452298576827161
3228.0,1.3684641089639626e-05,0.0,0.0,0.0,0.0,0.0011403867574699689
3229.0,0.0,0.0,0.0,0.0,0.0,0.0
3230.0,0.0,0.0,0.0,0.0,0.0,0.0
3231.0,0.0,0.0,0.0,0.0,0.0,0.0
3232.0,0.0,0.0,0.0,0.0,0.0,0.0
3233.0,0.00016469223191961646,0.0,0.0,0.0,0.005208333333333333,0.034722222222222224
3234.0,7.438043667207239e-06,0.0,0.0,0.0,0.0,0.00061983697226727
3235.0,0.00016118597704917192,0.0,0.0,0.0,0.008680555555555556,0.05787037037037038
3236.0,3.1318090805143584e-06,0.0,0.0,0.0,0.0,0.0002609840900428632
3237.0,0.0001273658563150093,0.0,0.0,0.0,0.001736111111111111,0.011574074074074073
3238.0,0.0,0.0,0.0,0.0,0.0,0.0
3239.0,0.00036560450098477304,0.0,0.0,0.0,0.006944444444444444,0.046296296296296294
3240.0,0.0001471609139116481,0.0,0.0,0.0,0.001736111111111111,0.012263409492637342
3241.0,0.00010826863581314683,0.0,0.0,0.0,0.001736111111111111,0.011574074074074073
3242.0,0.00031064468203112483,0.0,0.0,0.0,0.006944444444444444,0.046296296296296294
3243.0,4.97004339194973e-06,0.0,0.0,0.0,0.001736111111111111,0.011574074074074073
3244.0,9.020968718687072e-06,0.0,0.0,0.0,0.0,0.0007517473932239227
3245.0,0.0,0.0,0.0,0.0,0.0,0.0
3246.0,0.0,0.0,0.0,0.0,0.0,0.0
3247.0,6.986994412727654e-05,0.0,0.0,0.0,0.001736111111111111,0.011574074074074073
3248.0,7.575911149615422e-05,0.0,0.0,0.0,0.0,0.006313259291346185
3249.0,0.0,0.0,0.0,0.0,0.0,0.0
3250.0,0.00010860904876608402,0.0,0.0,0.0,0.006944444444444444,0.046296296296296294
3251.0,9.009054338093847e-05,0.0,0.0,0.0,0.0,0.007507545281744872
3252.0,1.6816449715406634e-05,0.0,0.0,0.0,0.0,0.0014013708096172195
3253.0,0.00045503120054490864,0.0,0.0,0.0,0.0,0.03791926671207572
3254.0,0.0010368325747549534,0.0,0.0,0.0,0.024305555555555556,0.16203703703703703
3255.0,9.039691212819889e-05,4.644424552679993e-05,0.0,0.0,0.0,0.00753307601068324
3256.0,0.0,0.0,0.0,0.0,0.0,0.0
3257.0,0.0,0.0,0.0,0.0,0.0,0.0
3258.0,5.940222763456404e-06,3.8410056731663644e-05,0.0,0.0,0.0,0.0009602514182915911
3259.0,0.0002111927606165409,0.0008953175274655223,0.0,0.0,0.0,0.022382938186638057
3260.0,6.690833833999932e-05,2.091088845190825e-06,0.0,0.0,0.0,0.0055756948616666096
3261.0,1.6697291357559152e-05,8.804595381661784e-06,0.0,0.0,0.0,0.0013914409464632627
3262.0,5.3376897994894534e-05,0.0,0.0,0.0,0.0,0.004448074832907878
3263.0,0.00019424014317337424,0.0,0.0,0.0,0.003472222222222222,0.023148148148148147
3264.0,0.00013521240907721221,0.0,0.0,0.0,0.0,0.011267700756434351
3265.0,0.00015148417151067406,0.0,0.0,0.0,0.0,0.012623680959222838
3266.0,6.779342220397666e-05,0.0,0.0,0.0,0.0,0.005649451850331388
3267.0,9.255852637579665e-05,0.0,0.0,0.0,0.0,0.007713210531316387
3268.0,6.838914850959554e-05,0.0,0.0,0.0,0.0,0.005699095709132962
3269.0,8.459291166218463e-06,0.0,0.0,0.0,0.0,0.0007049409305182053
3270.0,0.0,0.0,0.0,0.0,0.0,0.0
3271.0,0.0,0.0,0.0,0.0,0.0,0.0
3272.0,0.0,0.0,0.0,0.0,0.0,0.0
3273.0,0.0,0.0,0.0,0.0,0.0,0.0
3274.0,0.0,0.0,0.0,0.0,0.0,0.0
3275.0,0.0,0.0,0.0,0.0,0.0,0.0
3276.0,0.0,0.0,0.0,0.0,0.0,0.0
3277.0,1.3684641089639626e-05,0.0,0.0,0.0,0.0,0.0011403867574699689
3278.0,1.3684641089639626e-05,0.0,0.0,0.0,0.0,0.0011403867574699689
3279.0,0.0,0.0,0.0,0.0,0.0,0.0
3280.0,0.0,0.0,0.0,0.0,0.0,0.0
3281.0,0.0,0.0,0.0,0.0,0.0,0.0
3282.0,0.0,0.0,0.0,0.0,0.0,0.0
3283.0,0.0,0.0,0.0,0.0,0.0,0.0
3284.0,0.0,0.0,0.0,0.0,0.0,0.0
3285.0,0.0,0.0,0.0,0.0,0.0,0.0
3286.0,0.0,0.0,0.0,0.0,0.0,0.0
3287.0,0.0,0.0,0.0,0.0,0.0,0.0
3288.0,0.0,0.0,0.0,0.0,0.0,0.0
3289.0,0.0,0.0,0.0,0.0,0.0,0.0
3290.0,0.008726442232728004,0.027377577498555183,0.0,0.0,0.10243055555555555,0.7272035193940004
3291.0,0.0,0.0,0.0,0.0,0.0,0.0
3292.0,0.0,0.0,0.0,0.0,0.0,0.0
3293.0,0.0,0.0,0.0,0.0,0.0,0.0
3294.0,2.7818853141070576e-06,9.073289220395964e-06,0.0,0.0,0.0,0.00023182377617558814
3295.0,0.0,0.0,0.0,0.0,0.0,0.0
3296.0,0.0,0.0,0.0,0.0,0.0,0.0
3297.0,0.0,0.0,0.0,0.0,0.0,0.0
3298.0,0.0,0.0,0.0,0.0,0.0,0.0
3299.0,0.0,0.0,0.0,0.0,0.0,0.0
3300.0,0.0,0.0,0.0,0.0,0.0,0.0
3301.0,0.0,0.0,0.0,0.0,0.0,0.0
3302.0,1.3684641089639626e-05,0.0,0.0,0.0,0.0,0.0011403867574699689
3303.0,1.3684641089639626e-05,0.0,0.0,0.0,0.0,0.0011403867574699689
3304.0,0.0,0.0,0.0,0.0,0.0,0.0
3305.0,0.0,0.0,0.0,0.0,0.0,0.0
3306.0,0.0,0.0,0.0,0.0,0.0,0.0
3307.0,0.0,0.0,0.0,0.0,0.0,0.0
3308.0,0.0,0.0,0.0,0.0,0.0,0.0
3309.0,0.0,0.0,0.0,0.0,0.0,0.0
3310.0,0.0,0.0,0.0,0.0,0.0,0.0
3311.0,0.0,0.0,0.0,0.0,0.0,0.0
3312.0,0.0,0.0,0.0,0.0,0.0,0.0
3313.0,0.0,0.0,0.0,0.0,0.0,0.0
3314.0,0.0,0.0,0.0,0.0,0.0,0.0
3315.0,0.0,0.0,0.0,0.0,0.0,0.0
3316.0,0.0,0.0,0.0,0.0,0.0,0.0
3317.0,0.0,0.0,0.0,0.0,0.0,0.0
3318.0,0.0,0.0,0.0,0.0,0.0,0.0
3319.0,0.0,0.0,0.0,0.0,0.0,0.0
3320.0,0.0,0.0,0.0,0.0,0.0,0.0
3321.0,0.0,0.0,0.0,0.0,0.0,0.0
3322.0,0.0,0.0,0.0,0.0,0.0,0.0
3323.0,0.0,0.0,0.0,0.0,0.0,0.0
3324.0,0.0,0.0,0.0,0.0,0.0,0.0
3325.0,0.0,0.0,0.0,0.0,0.0,0.0
3326.0,0.0,0.0,0.0,0.0,0.0,0.0
3327.0,1.3684641089639626e-05,0.0,0.0,0.0,0.0,0.0011403867574699689
3328.0,1.3684641089639626e-05,0.0,0.0,0.0,0.0,0.0011403867574699689
3329.0,0.0,0.0,0.0,0.0,0.0,0.0
3330.0,0.0,0.0,0.0,0.0,0.0,0.0
3331.0,0.0,0.0,0.0,0.0,0.0,0.0
3332.0,0.0,0.0,0.0,0.0,0.0,0.0
3333.0,0.0,0.0,0.0,0.0,0.0,0.0
3334.0,0.0,0.0,0.0,0.0,0.0,0.0
3335.0,0.0,0.0,0.0,0.0,0.0,0.0
3336.0,0.0001817469747038558,0.0,0.0,0.0,0.001736111111111111,0.015145581225321317
3337.0,0.00011524712317623198,0.0,0.0,0.0,0.0,0.009603926931352666
3338.0,0.0,0.0,0.0,0.0,0.0,0.0
3339.0,0.0,0.0,0.0,0.0,0.0,0.0
3340.0,0.0,0.0,0.0,0.0,0.0,0.0
3341.0,0.0,0.0,0.0,0.0,0.0,0.0
3342.0,0.0,0.0,0.0,0.0,0.0,0.0
3343.0,0.0,0.0,0.0,0.0,0.0,0.0
3344.0,2.025461071752943e-05,0.0,0.0,0.0,0.0,0.0016878842264607858
3345.0,0.0,0.0,0.0,0.0,0.0,0.0
3346.0,0.0,0.0,0.0,0.0,0.0,0.0
3347.0,0.0002271581906825304,0.0,0.0,0.0,0.001736111111111111,0.0189298492235442
3348.0,7.1640097303316e-05,0.0,0.0,0.0,0.0,0.005970008108609666
3349.0,0.0,0.0,0.0,0.0,0.0,0.0
3350.0,0.0002018143713939935,0.0,0.0,0.0,0.003472222222222222,0.023148148148148147
3351.0,0.0001196044177049771,0.0,0.0,0.0,0.0,0.00996703480874809
3352.0,8.724809595150873e-05,0.0,0.0,0.0,0.001736111111111111,0.011574074074074073
3353.0,0.000275360798696056,0.0,0.0,0.0,0.0,0.022946733224671334
3354.0,7.317197014344856e-05,0.0,0.0,0.0,0.0,0.006097664178620714
3355.0,0.00030742777744308114,0.0,0.0,0.0,0.003472222222222222,0.025618981453590095
3356.0,0.00015369686298072338,0.0,0.0,0.0,0.003472222222222222,0.023148148148148147
3357.0,0.000259650667430833,0.0,0.0,0.0,0.0,0.021637555619236082
3358.0,0.0,0.0,0.0,0.0,0.0,0.0
3359.0,0.0,0.0,0.0,0.0,0.0,0.0
3360.0,0.0,0.0,0.0,0.0,0.0,0.0
3361.0,1.6356894775526598e-05,0.0,0.0,0.0,0.0,0.0013630745646272164
3362.0,0.0,0.0,0.0,0.0,0.0,0.0
3363.0,0.0,0.0,0.0,0.0,0.0,0.0
3364.0,0.0,0.0,0.0,0.0,0.0,0.0
3365.0,0.0,0.0,0.0,0.0,0.0,0.0
3366.0,0.0,0.0,0.0,0.0,0.0,0.0
3367.0,0.0,0.0,0.0,0.0,0.0,0.0
3368.0,0.0,0.0,0.0,0.0,0.0,0.0
3369.0,0.0,0.0,0.0,0.0,0.0,0.0
3370.0,0.0,0.0,0.0,0.0,0.0,0.0
3371.0,0.0,0.0,0.0,0.0,0.0,0.0
3372.0,0.0,0.0,0.0,0.0,0.0,0.0
3373.0,0.0,0.0,0.0,0.0,0.0,0.0
3374.0,0.0,0.0,0.0,0.0,0.0,0.0
3375.0,0.0,0.0,0.0,0.0,0.0,0.0
3376.0,0.0,0.0,0.0,0.0,0.0,0.0
3377.0,1.3684641999134328e-05,0.0,0.0,0.0,0.0,0.001140386833261194
3378.0,1.3684641999134328e-05,0.0,0.0,0.0,0.0,0.001140386833261194
3379.0,0.0,0.0,0.0,0.0,0.0,0.0
3380.0,0.0,0.0,0.0,0.0,0.0,0.0
3381.0,0.0,0.0,0.0,0.0,0.0,0.0
3382.0,0.0,0.0,0.0,0.0,0.0,0.0
3383.0,0.0,0.0,0.0,0.0,0.0,0.0
3384.0,0.0,0.0,0.0,0.0,0.0,0.0
3385.0,0.0,0.0,0.0,0.0,0.0,0.0
3386.0,0.0020281688775867224,0.0,0.0,0.0,0.015625,0.16901407313222686
3387.0,0.0,0.0,0.0,0.0,0.0,0.0
3388.0,0.0,0.0,0.0,0.0,0.0,0.0
3389.0,0.0,0.0,0.0,0.0,0.0,0.0
3390.0,0.0,0.0,0.0,0.0,0.0,0.0
3391.0,0.0,0.0,0.0,0.0,0.0,0.0
3392.0,0.0,0.0,0.0,0.0,0.0,0.0
3393.0,0.0,0.0,0.0,0.0,0.0,0.0
3394.0,1.2935711311001796e-05,0.0,0.0,0.0,0.0,0.001077975942583483
3395.0,0.0,0.0,0.0,0.0,0.0,0.0
3396.0,0.0,0.0,0.0,0.0,0.0,0.0
3397.0,0.0,0.0,0.0,0.0,0.0,0.0
3398.0,0.0,0.0,0.0,0.0,0.0,0.0
3399.0,0.0,0.0,0.0,0.0,0.0,0.0
3400.0,0.0,0.0,0.0,0.0,0.0,0.0
3401.0,0.0,0.0,0.0,0.0,0.0,0.0
3402.0,0.00013168909936212003,0.0,0.0,0.0,0.003472222222222222,0.023148148148148147
3403.0,0.00014602055307477713,0.0,0.0,0.0,0.003472222222222222,0.023148148148148147
3404.0,0.00016717729158699512,0.0,0.0,0.0,0.0,0.013931440965582926
3405.0,0.00025248495512641966,0.0,0.0,0.0,0.005208333333333333,0.034722222222222224
3406.0,0.0001865808299044147,0.0,0.0,0.0,0.003472222222222222,0.023148148148148147
3407.0,7.698460831306875e-05,0.0,0.0,0.0,0.005208333333333333,0.034722222222222224
3408.0,0.00037974867154844105,0.0,0.0,0.0,0.003472222222222222,0.031645722629036754
3409.0,0.00021250336430966854,0.0,0.0,0.0,0.006944444444444444,0.046296296296296294
3410.0,0.00027762455283664167,0.0,0.0,0.0,0.001736111111111111,0.023135379403053474
3411.0,0.00020564404258038849,0.0,0.0,0.0,0.001736111111111111,0.01713700354836571
3412.0,0.000242306588916108,0.0,0.0,0.0,0.006944444444444444,0.046296296296296294
3413.0,0.00023340477491728961,0.0,0.0,0.0,0.001736111111111111,0.019450397909774136
3414.0,0.00015533086843788624,0.0,0.0,0.0,0.003472222222222222,0.023148148148148147
3415.0,0.00015619890473317355,0.0,0.0,0.0,0.001736111111111111,0.013016575394431129
3416.0,0.0,0.0,0.0,0.0,0.0,0.0
3417.0,0.00036500877467915416,0.0,0.0,0.0,0.003472222222222222,0.03041739788992951
3418.0,3.3207372325705364e-05,0.0,0.0,0.0,0.001736111111111111,0.011574074074074073
3419.0,0.00039511837530881166,0.0,0.0,0.0,0.0,0.032926531275734305
3420.0,3.684980038087815e-05,0.0,0.0,0.0,0.0,0.0030708166984065124
3421.0,0.0,0.0,0.0,0.0,0.0,0.0
3422.0,0.0,0.0,0.0,0.0,0.0,0.0
3423.0,0.0,0.0,0.0,0.0,0.0,0.0
3424.0,0.0,0.0,0.0,0.0,0.0,0.0
3425.0,0.0,0.0,0.0,0.0,0.0,0.0
3426.0,0.0,0.0,0.0,0.0,0.0,0.0
3427.0,1.5931367670418695e-05,0.0,0.0,0.0,0.0,0.0013276139725348912
3428.0,1.3684641089639626e-05,0.0,0.0,0.0,0.0,0.0011403867574699689
3429.0,0.0,0.0,0.0,0.0,0.0,0.0
3430.0,0.0,0.0,0.0,0.0,0.0,0.0
3431.0,0.0,0.0,0.0,0.0,0.0,0.0
3432.0,0.0,0.0,0.0,0.0,0.0,0.0
3433.0,0.0,0.0,0.0,0.0,0.0,0.0
3434.0,0.0,0.0,0.0,0.0,0.0,0.0
3435.0,0.0,0.0,0.0,0.0,0.0,0.0
3436.0,0.0,0.0,0.0,0.0,0.0,0.0
3437.0,0.0,0.0,0.0,0.0,0.0,0.0
3438.0,0.0,0.0,0.0,0.0,0.0,0.0
3439.0,0.0,0.0,0.0,0.0,0.0,0.0
3440.0,0.0,0.0,0.0,0.0,0.0,0.0
3441.0,0.003593596164137125,0.0,0.0,0.0,0.05381944444444445,0.35879629629629634
3442.0,0.0,0.0,0.0,0.0,0.0,0.0
3443.0,0.0,0.0,0.0,0.0,0.0,0.0
3444.0,0.0,0.0,0.0,0.0,0.0,0.0
3445.0,0.0,0.0,0.0,0.0,0.0,0.0
3446.0,0.04075448960065842,0.0019935795571655035,0.0,0.0002716055023483932,0.2013888888888889,3.3962074667215347
3447.0,0.0,0.0,0.0,0.0,0.0,0.0
3448.0,0.0,0.0,0.0,0.0,0.0,0.0
3449.0,0.0,0.0,0.0,0.0,0.0,0.0
3450.0,0.0,0.0,0.0,0.0,0.0,0.0
3451.0,0.0,0.0,0.0,0.0,0.0,0.0
3452.0,0.0,0.0,0.0,0.0,0.0,0.0
3453.0,0.0,0.0,0.0,0.0,0.0,0.0
3454.0,0.0,0.0,0.0,0.0,0.0,0.0
3455.0,0.0,0.0,0.0,0.0,0.0,0.0
3456.0,0.0,0.0,0.0,0.0,0.0,0.0
3457.0,0.0,0.0,0.0,0.0,0.0,0.0
3458.0,0.0,0.0,0.0,0.0,0.0,0.0
3459.0,0.0,0.0,0.0,0.0,0.0,0.0
3460.0,0.0,0.0,0.0,0.0,0.0,0.0
3461.0,0.0,0.0,0.0,0.0,0.0,0.0
3462.0,0.0,0.0,0.0,0.0,0.0,0.0
3463.0,0.0,0.0,0.0,0.0,0.0,0.0
3464.0,0.0,0.0,0.0,0.0,0.0,0.0
3465.0,0.0,0.0,0.0,0.0,0.0,0.0
3466.0,0.0,0.0,0.0,0.0,0.0,0.0
3467.0,0.0,0.0,0.0,0.0,0.0,0.0
3468.0,0.0,0.0,0.0,0.0,0.0,0.0
3469.0,0.0,0.0,0.0,0.0,0.0,0.0
3470.0,0.0,0.0,0.0,0.0,0.0,0.0
3471.0,0.0,0.0,0.0,0.0,0.0,0.0
3472.0,0.0,0.0,0.0,0.0,0.0,0.0
3473.0,0.0,0.0,0.0,0.0,0.0,0.0
3474.0,0.0,0.0,0.0,0.0,0.0,0.0
3475.0,0.0,0.0,0.0,0.0,0.0,0.0
3476.0,0.0,0.0,0.0,0.0,0.0,0.0
3477.0,0.0,0.0,0.0,0.0,0.0,0.0
3478.0,0.0,0.0,0.0,0.0,0.0,0.0
3479.0,0.0,0.0,0.0,0.0,0.0,0.0
3480.0,0.0,0.0,0.0,0.0,0.0,0.0
3481.0,0.0,0.0,0.0,0.0,0.0,0.0
3482.0,0.0,0.0,0.0,0.0,0.0,0.0
3483.0,0.0,0.0,0.0,0.0,0.0,0.0
3484.0,0.0,0.0,0.0,0.0,0.0,0.0
3485.0,0.0,0.0,0.0,0.0,0.0,0.0
3486.0,0.0,0.0,0.0,0.0,0.0,0.0
3487.0,0.0,0.0,0.0,0.0,0.0,0.0
3488.0,0.0,0.0,0.0,0.0,0.0,0.0
3489.0,0.0,0.0,0.0,0.0,0.0,0.0
3490.0,0.0,0.0,0.0,0.0,0.0,0.0
3491.0,0.0,0.0,0.0,0.0,0.0,0.0
3492.0,0.0,0.0,0.0,0.0,0.0,0.0
3493.0,0.0,0.0,0.0,0.0,0.0,0.0
3494.0,0.0,0.0,0.0,0.0,0.0,0.0
3495.0,0.0,0.0,0.0,0.0,0.0,0.0
3496.0,0.0,0.0,0.0,0.0,0.0,0.0
3497.0,0.0,0.0,0.0,0.0,0.0,0.0
3498.0,0.0,0.0,0.0,0.0,0.0,0.0
3499.0,0.0,0.0,0.0,0.0,0.0,0.0
3500.0,0.0,0.0,0.0,0.0,0.0,0.0
3501.0,0.0,0.0,0.0,0.0,0.0,0.0
3502.0,0.0,0.0,0.0,0.0,0.0,0.0
3503.0,0.0,0.0,0.0,0.0,0.0,0.0
3504.0,0.0,0.0,0.0,0.0,0.0,0.0
3505.0,0.0,0.0,0.0,0.0,0.0,0.0
3506.0,0.0,0.0,0.0,0.0,0.0,0.0
3507.0,0.0,0.0,0.0,0.0,0.0,0.0
3508.0,0.0,0.0,0.0,0.0,0.0,0.0
3509.0,0.0,0.0,0.0,0.0,0.0,0.0
3510.0,0.0,0.0,0.0,0.0,0.0,0.0
3511.0,0.0,0.0,0.0,0.0,0.0,0.0
3512.0,0.0,0.0,0.0,0.0,0.0,0.0
3513.0,0.0,0.0,0.0,0.0,0.0,0.0
3514.0,0.0,0.0,0.0,0.0,0.0,0.0
3515.0,0.0,0.0,0.0,0.0,0.0,0.0
3516.0,0.0,0.0,0.0,0.0,0.0,0.0
3517.0,0.0,0.0,0.0,0.0,0.0,0.0
3518.0,0.0,0.0,0.0,0.0,0.0,0.0
3519.0,0.0,0.0,0.0,0.0,0.0,0.0
3520.0,0.0,0.0,0.0,0.0,0.0,0.0
3521.0,0.0,0.0,0.0,0.0,0.0,0.0
3522.0,0.0,0.0,0.0,0.0,0.0,0.0
3523.0,0.0,0.0,0.0,0.0,0.0,0.0
3524.0,0.0,0.0,0.0,0.0,0.0,0.0
3525.0,0.0,0.0,0.0,0.0,0.0,0.0
3526.0,0.0,0.0,0.0,0.0,0.0,0.0
3527.0,0.0,0.0,0.0,0.0,0.0,0.0
3528.0,0.0,0.0,0.0,0.0,0.0,0.0
3529.0,0.0,0.0,0.0,0.0,0.0,0.0
3530.0,0.0,0.0,0.0,0.0,0.0,0.0
3531.0,0.0,0.0,0.0,0.0,0.0,0.0
3532.0,0.0,0.0,0.0,0.0,0.0,0.0
3533.0,0.0,0.0,0.0,0.0,0.0,0.0
3534.0,0.0,0.0,0.0,0.0,0.0,0.0
3535.0,0.0,0.0,0.0,0.0,0.0,0.0
3536.0,6.209149432834238e-05,0.0,0.0,0.0,0.0,0.005174291194028531
3537.0,2.794797910610214e-05,0.0,0.0,0.0,0.0,0.0023289982588418448
3538.0,3.274781192885712e-05,0.0,0.0,0.0,0.0,0.00272898432740476
3539.0,0.00010637933883117512,0.0,0.0,0.0,0.001736111111111111,0.011574074074074073
3540.0,9.029478678712621e-05,0.0,0.0,0.0,0.001736111111111111,0.011574074074074073
3541.0,0.0,0.0,0.0,0.0,0.0,0.0
3542.0,0.0,0.0,0.0,0.0,0.0,0.0
3543.0,0.0,0.0,0.0,0.0,0.0,0.0
3544.0,0.0,0.0,0.0,0.0,0.0,0.0
3545.0,0.0,0.0,0.0,0.0,0.0,0.0
3546.0,1.5488841427213629e-06,0.0,0.0,0.0,0.0,0.00012907367856011356
3547.0,0.0,0.0,0.0,0.0,0.0,0.0
3548.0,0.0,0.0,0.0,0.0,0.0,0.0
3549.0,0.0,0.0,0.0,0.0,0.0,0.0
3550.0,0.0,0.0,0.0,0.0,0.0,0.0
3551.0,0.0,0.0,0.0,0.0,0.0,0.0
3552.0,0.0,0.0,0.0,0.0,0.0,0.0
3553.0,0.0,0.0,0.0,0.0,0.0,0.0
3554.0,0.0,0.0,0.0,0.0,0.0,0.0
3555.0,0.0,0.0,0.0,0.0,0.0,0.0
3556.0,0.0,0.0,0.0,0.0,0.0,0.0
3557.0,0.0,0.0,0.0,0.0,0.0,0.0
3558.0,0.0,0.0,0.0,0.0,0.0,0.0
3559.0,7.868665852583945e-05,0.0,0.0,0.0,0.005208333333333333,0.034722222222222224
3560.0,0.00017384742386639118,0.0,0.0,0.0,0.003472222222222222,0.023148148148148147
3561.0,0.00029777706367895007,0.0,0.0,0.0,0.003472222222222222,0.024814755306579173
3562.0,0.00029721538885496557,0.0,0.0,0.0,0.0,0.02476794907124713
3563.0,0.0003599176707211882,0.0,0.0,0.0,0.008680555555555556,0.05787037037037038
3564.0,0.00030948728090152144,0.0,0.0,0.0,0.003472222222222222,0.025790606741793454
3565.0,1.191447438486648e-07,0.0,0.0,0.0,0.0,9.9287286540554e-06
3566.0,3.753063720068894e-05,0.0,0.0,0.0,0.0,0.003127553100057412
3567.0,0.00015458192501682788,0.0,0.0,0.0,0.006944444444444444,0.046296296296296294
3568.0,0.00022695199004374444,0.0,0.0,0.0,0.005208333333333333,0.034722222222222224
3569.0,0.00023932798649184406,0.0,0.0,0.0,0.006944444444444444,0.046296296296296294
3570.0,0.0003400734276510775,0.0,0.0,0.0,0.003472222222222222,0.028339452304256458
3571.0,1.4516720511892345e-05,0.0,0.0,0.0,0.0,0.001209726709324362
3572.0,0.0,0.0,0.0,0.0,0.0,0.0
3573.0,0.0,0.0,0.0,0.0,0.0,0.0
3574.0,0.0,0.0,0.0,0.0,0.0,0.0
3575.0,0.0,0.0,0.0,0.0,0.0,0.0
3576.0,0.0,0.0,0.0,0.0,0.0,0.0
3577.0,0.0,0.0,0.0,0.0,0.0,0.0
3578.0,0.0,0.0,0.0,0.0,0.0,0.0
3579.0,0.0,0.0,0.0,0.0,0.0,0.0
3580.0,0.0,0.0,0.0,0.0,0.0,0.0
3581.0,0.0,0.0,0.0,0.0,0.0,0.0
3582.0,0.0,0.0,0.0,0.0,0.0,0.0
3583.0,0.0,0.0,0.0,0.0,0.0,0.0
3584.0,0.0,0.0,0.0,0.0,0.0,0.0
3585.0,0.0,0.0,0.0,0.0,0.0,0.0
3586.0,0.0,0.0,0.0,0.0,0.0,0.0
3587.0,0.0,0.0,0.0,0.0,0.0,0.0
3588.0,0.0,0.0,0.0,0.0,0.0,0.0
3589.0,0.002821639645844698,0.0,0.0,0.0,0.050347222222222224,0.3356481481481482
3590.0,0.0,0.0,0.0,0.0,0.0,0.0
3591.0,0.0,0.0,0.0,0.0,0.0,0.0
3592.0,0.0,0.0,0.0,0.0,0.0,0.0
3593.0,0.0,0.0,0.0,0.0,0.0,0.0
3594.0,0.0,0.0,0.0,0.0,0.0,0.0
3595.0,0.0,0.0,0.0,0.0,0.0,0.0
3596.0,1.3276124946060008e-06,0.0,0.0,0.0,0.0,0.00011063437455050007
3597.0,0.0,0.0,0.0,0.0,0.0,0.0
3598.0,0.0,0.0,0.0,0.0,0.0,0.0
3599.0,0.0,0.0,0.0,0.0,0.0,0.0
3600.0,0.0,0.0,0.0,0.0,0.0,0.0
3601.0,0.0,0.0,0.0,0.0,0.0,0.0
3602.0,0.0,0.0,0.0,0.0,0.0,0.0
3603.0,0.0,0.0,0.0,0.0,0.0,0.0
3604.0,0.0,0.0,0.0,0.0,0.0,0.0
3605.0,0.0,0.0,0.0,0.0,0.0,0.0
3606.0,0.0,0.0,0.0,0.0,0.0,0.0
3607.0,0.0,0.0,0.0,0.0,0.0,0.0
3608.0,0.0,0.0,0.0,0.0,0.0,0.0
3609.0,0.0,0.0,0.0,0.0,0.0,0.0
3610.0,0.0,0.0,0.0,0.0,0.0,0.0
3611.0,0.0,0.0,0.0,0.0,0.0,0.0
3612.0,0.0,0.0,0.0,0.0,0.0,0.0
3613.0,0.0,0.0,0.0,0.0,0.0,0.0
3614.0,0.0,0.0,0.0,0.0,0.0,0.0
3615.0,0.0,0.0,0.0,0.0,0.0,0.0
3616.0,0.0,0.0,0.0,0.0,0.0,0.0
3617.0,0.0,0.0,0.0,0.0,0.0,0.0
3618.0,0.0,0.0,0.0,0.0,0.0,0.0
3619.0,0.00011754491424653679,0.0,0.0,0.0,0.003472222222222222,0.023148148148148147
3620.0,0.0001460035127820447,0.0,0.0,0.0,0.003472222222222222,0.023148148148148147
3621.0,0.00016760277503635734,0.0,0.0,0.0,0.005208333333333333,0.034722222222222224
3622.0,1.191447438486648e-07,0.0,0.0,0.0,0.0,9.9287286540554e-06
3623.0,0.0,0.0,0.0,0.0,0.0,0.0
3624.0,0.00016079448687378317,0.0,0.0,0.0,0.003472222222222222,0.023148148148148147
3625.0,2.018654231505934e-05,0.0,0.0,0.0,0.0,0.0016822118595882785
3626.0,0.0001932189188664779,0.0,0.0,0.0,0.005208333333333333,0.034722222222222224
3627.0,2.3794933440512978e-05,0.0,0.0,0.0,0.003472222222222222,0.023148148148148147
3628.0,0.0,0.0,0.0,0.0,0.0,0.0
3629.0,0.0,0.0,0.0,0.0,0.0,0.0
3630.0,4.816867203771835e-06,0.0,0.0,0.0,0.0,0.0004014056003143196
3631.0,0.0,0.0,0.0,0.0,0.0,0.0
3632.0,0.0,0.0,0.0,0.0,0.0,0.0
3633.0,0.0,0.0,0.0,0.0,0.0,0.0
3634.0,0.0,0.0,0.0,0.0,0.0,0.0
3635.0,0.0,0.0,0.0,0.0,0.0,0.0
3636.0,0.0,0.0,0.0,0.0,0.0,0.0
3637.0,0.0008243292686529458,0.0,0.0,0.0,0.024305555555555556,0.16203703703703703
3638.0,4.595585494371335e-07,0.0,0.0,0.0,0.0,3.829654578642779e-05
3639.0,0.0,0.0,0.0,0.0,0.0,0.0
3640.0,0.0,0.0,0.0,0.0,0.0,0.0
3641.0,0.0,0.0,0.0,0.0,0.0,0.0
3642.0,0.0,0.0,0.0,0.0,0.0,0.0
3643.0,0.0,0.0,0.0,0.0,0.0,0.0
3644.0,0.0,0.0,0.0,0.0,0.0,0.0
3645.0,0.0,0.0,0.0,0.0,0.0,0.0
3646.0,0.0,0.0,0.0,0.0,0.0,0.0
3647.0,9.591161506250501e-05,0.0,0.0,0.0,0.0,0.007992634588542083
3648.0,9.635415335651487e-05,0.0,0.0,0.0,0.0,0.008029512779709572
3649.0,0.0001793640840332955,0.0,0.0,0.0,0.0,0.014947007002774626
3650.0,0.00012057460116920993,0.0,0.0,0.0,0.0,0.010047883430767493
3651.0,3.608387123676948e-05,0.0,0.0,0.0,0.0,0.00300698926973079
3652.0,0.0,0.0,0.0,0.0,0.0,0.0
3653.0,0.0,0.0,0.0,0.0,0.0,0.0
3654.0,0.0,0.0,0.0,0.0,0.0,0.0
3655.0,6.484884124802193e-06,0.0,0.0,0.0,0.0,0.0005404070104001827
3656.0,0.0,0.0,0.0,0.0,0.0,0.0
3657.0,0.0,0.0,0.0,0.0,0.0,0.0
3658.0,0.0,0.0,0.0,0.0,0.0,0.0
3659.0,0.0,0.0,0.0,0.0,0.0,0.0
3660.0,0.0,0.0,0.0,0.0,0.0,0.0
3661.0,0.0,0.0,0.0,0.0,0.0,0.0
3662.0,0.0,0.0,0.0,0.0,0.0,0.0
3663.0,0.0,0.0,0.0,0.0,0.0,0.0
3664.0,0.0,0.0,0.0,0.0,0.0,0.0
3665.0,0.0,0.0,0.0,0.0,0.0,0.0
3666.0,0.0,0.0,0.0,0.0,0.0,0.0
3667.0,0.0,0.0,0.0,0.0,0.0,0.0
3668.0,0.0,0.0,0.0,0.0,0.0,0.0
3669.0,0.00034252440673299134,0.0,0.0,0.0,0.006944444444444444,0.046296296296296294
3670.0,0.0,0.0,0.0,0.0,0.0,0.0
3671.0,3.965833457186818e-06,0.0,0.0,0.0,0.0,0.0003304861214322348
3672.0,0.0,0.0,0.0,0.0,0.0,0.0
3673.0,0.0,0.0,0.0,0.0,0.0,0.0
3674.0,0.00022903046919964254,0.0,0.0,0.0,0.003472222222222222,0.023148148148148147
3675.0,0.0,0.0,0.0,0.0,0.0,0.0
3676.0,0.0,0.0,0.0,0.0,0.0,0.0
3677.0,0.0,0.0,0.0,0.0,0.0,0.0
3678.0,0.0,0.0,0.0,0.0,0.0,0.0
3679.0,0.0,0.0,0.0,0.0,0.0,0.0
3680.0,3.285008233433473e-06,0.0,0.0,0.0,0.0,0.0002737506861194561
3681.0,0.0,0.0,0.0,0.0,0.0,0.0
3682.0,0.0,0.0,0.0,0.0,0.0,0.0
3683.0,0.0,0.0,0.0,0.0,0.0,0.0
3684.0,0.0,0.0,0.0,0.0,0.0,0.0
3685.0,0.0,0.0,0.0,0.0,0.0,0.0
3686.0,0.0,0.0,0.0,0.0,0.0,0.0
3687.0,0.0,0.0,0.0,0.0,0.0,0.0
3688.0,0.0,0.0,0.0,0.0,0.0,0.0
3689.0,0.0,0.0,0.0,0.0,0.0,0.0
3690.0,0.0,0.0,0.0,0.0,0.0,0.0
3691.0,0.0,0.0,0.0,0.0,0.0,0.0
3692.0,0.0,0.0,0.0,0.0,0.0,0.0
3693.0,0.0,0.0,0.0,0.0,0.0,0.0
3694.0,0.0,0.0,0.0,0.0,0.0,0.0
3695.0,0.00014236108108889312,0.0,0.0,0.0,0.001736111111111111,0.011863423424074426
3696.0,2.1616272078972543e-06,0.0,0.0,0.0,0.0,0.00018013560065810452
3697.0,0.0002635143755469471,0.0,0.0,0.0,0.006944444444444444,0.046296296296296294
3698.0,0.00023372817668132484,0.0,0.0,0.0,0.005208333333333333,0.034722222222222224
3699.0,0.0,0.0,0.0,0.0,0.0,0.0
3700.0,0.0,0.0,0.0,0.0,0.0,0.0
3701.0,0.0,0.0,0.0,0.0,0.0,0.0
3702.0,0.00014173130330163985,0.0,0.0,0.0,0.001736111111111111,0.011810941941803321
3703.0,0.00013647193554788828,0.0,0.0,0.0,0.003472222222222222,0.023148148148148147
3704.0,0.0,0.0,0.0,0.0,0.0,0.0
3705.0,3.2849945910129463e-06,0.0,0.0,0.0,0.0,0.00027374954925107886
3706.0,0.0,0.0,0.0,0.0,0.0,0.0
3707.0,0.0,0.0,0.0,0.0,0.0,0.0
3708.0,0.0,0.0,0.0,0.0,0.0,0.0
3709.0,0.0,0.0,0.0,0.0,0.0,0.0
3710.0,0.0,0.0,0.0,0.0,0.0,0.0
3711.0,0.0,0.0,0.0,0.0,0.0,0.0
3712.0,0.0,0.0,0.0,0.0,0.0,0.0
3713.0,0.0,0.0,0.0,0.0,0.0,0.0
3714.0,0.0,0.0,0.0,0.0,0.0,0.0
3715.0,0.0,0.0,0.0,0.0,0.0,0.0
3716.0,0.0,0.0,0.0,0.0,0.0,0.0
3717.0,0.0,0.0,0.0,0.0,0.0,0.0
3718.0,0.0,0.0,0.0,0.0,0.0,0.0
3719.0,0.0,0.0,0.0,0.0,0.0,0.0
3720.0,0.0,0.0,0.0,0.0,0.0,0.0
3721.0,0.0,0.0,0.0,0.0,0.0,0.0
3722.0,0.0,0.0,0.0,0.0,0.0,0.0
3723.0,0.0,0.0,0.0,0.0,0.0,0.0
3724.0,0.0,0.0,0.0,0.0,0.0,0.0
3725.0,0.0,0.0,0.0,0.0,0.0,0.0
3726.0,0.0,0.0,0.0,0.0,0.0,0.0
3727.0,0.0,0.0,0.0,0.0,0.0,0.0
3728.0,0.0,0.0,0.0,0.0,0.0,0.0
3729.0,0.0,0.0,0.0,0.0,0.0,0.0
3730.0,0.0001529989967821166,0.0,0.0,0.0,0.005208333333333333,0.034722222222222224
3731.0,0.0,0.0,0.0,0.0,0.0,0.0
3732.0,0.000268263160251081,0.0,0.0,0.0,0.006944444444444444,0.046296296296296294
3733.0,0.00021367780573200434,0.0,0.0,0.0,0.003472222222222222,0.023148148148148147
3734.0,0.00020331217092461884,0.0,0.0,0.0,0.001736111111111111,0.016942680910384905
3735.0,0.00020133779617026448,0.0,0.0,0.0,0.005208333333333333,0.034722222222222224
3736.0,5.327477629180066e-05,0.0,0.0,0.0,0.0,0.004439564690983389
3737.0,0.0,0.0,0.0,0.0,0.0,0.0
3738.0,1.0706028660933953e-05,0.0,0.0,0.0,0.0,0.0008921690550778294
3739.0,0.0,0.0,0.0,0.0,0.0,0.0
3740.0,0.0,0.0,0.0,0.0,0.0,0.0
3741.0,0.0,0.0,0.0,0.0,0.0,0.0
3742.0,0.00028472216217778623,0.0,0.0,0.0,0.006944444444444444,0.046296296296296294
3743.0,0.0001234170631505549,0.0,0.0,0.0,0.001736111111111111,0.011574074074074073
3744.0,0.0002231072576250881,0.0,0.0,0.0,0.005208333333333333,0.034722222222222224
3745.0,0.0002785436518024653,0.0,0.0,0.0,0.003472222222222222,0.023211970983538777
3746.0,0.0003547283122316003,0.0,0.0,0.0,0.003472222222222222,0.02956069268596669
3747.0,4.6636705519631505e-06,0.0,0.0,0.0,0.0,0.00038863921266359586
3748.0,0.0,0.0,0.0,0.0,0.0,0.0
3749.0,0.0001839596516219899,0.0,0.0,0.0,0.001736111111111111,0.015329970968499158
3750.0,0.00039116767584346235,0.0,0.0,0.0,0.003472222222222222,0.03259730632028853
3751.0,0.0001250510395038873,0.0,0.0,0.0,0.005208333333333333,0.034722222222222224
3752.0,0.0,0.0,0.0,0.0,0.0,0.0
3753.0,0.0,0.0,0.0,0.0,0.0,0.0
3754.0,0.00027983722975477576,0.0,0.0,0.0,0.003472222222222222,0.023319769146231312
3755.0,3.283050773461582e-06,0.0,0.0,0.0,0.0,0.0002735875644551318
3756.0,0.00017784727970138192,0.0,0.0,0.0,0.003472222222222222,0.023148148148148147
3757.0,0.0,0.0,0.0,0.0,0.0,0.0
3758.0,0.00020106547162868083,0.0,0.0,0.0,0.003472222222222222,0.023148148148148147
3759.0,0.00015284580877050757,0.0,0.0,0.0,0.005208333333333333,0.034722222222222224
3760.0,0.00030036416137591004,0.0,0.0,0.0,0.006944444444444444,0.046296296296296294
3761.0,9.654137829784304e-05,0.0,0.0,0.0,0.001736111111111111,0.011574074074074073
3762.0,0.00025228073354810476,0.0,0.0,0.0,0.003472222222222222,0.023148148148148147
3763.0,0.00018991497927345335,0.0,0.0,0.0,0.001736111111111111,0.01582624827278778
3764.0,0.00030918087577447295,0.0011031061876565218,0.0,0.0,0.006944444444444444,0.046296296296296294
3765.0,9.17055513127707e-05,0.0,0.0,0.0,0.003472222222222222,0.023148148148148147
3766.0,0.00039101639413274825,0.0,0.0,0.0,0.003472222222222222,0.032584699511062354
3767.0,0.0,0.0,0.0,0.0,0.0,0.0
3768.0,0.0,0.0,0.0,0.0,0.0,0.0
3769.0,0.0,0.0,0.0,0.0,0.0,0.0
3770.0,0.0,0.0,0.0,0.0,0.0,0.0
3771.0,0.0001424782967660576,0.0008670327952131629,0.0,0.0,0.001736111111111111,0.021675819880329072
3772.0,0.00013454857980832458,0.000869344046805054,0.0,0.0,0.005208333333333333,0.034722222222222224
3773.0,0.00014157812984194607,0.0,0.0,0.0,0.003472222222222222,0.023148148148148147
3774.0,0.0001816769508877769,0.0,0.0,0.0,0.001736111111111111,0.015139745907314742
3775.0,0.00022290302149485797,0.0004990005400031805,0.0,0.0,0.005208333333333333,0.034722222222222224
3776.0,0.00019001902546733618,0.0011182940797880292,0.0,0.0,0.0,0.02795735199470073
3777.0,0.0002635824785102159,0.0,0.0,0.0,0.010416666666666666,0.06944444444444445
3778.0,0.00016356886771973222,0.0,0.0,0.0,0.0,0.013630738976644352
3779.0,0.0,0.0,0.0,0.0,0.0,0.0
3780.0,1.35805930767674e-05,2.289196891069878e-05,0.0,0.0,0.0,0.0011317160897306167
3781.0,0.0,0.0,0.0,0.0,0.0,0.0
3782.0,0.00013444299111142755,0.0005946833989582956,0.001225783722475171,0.0,0.0,0.01486708497395739
3783.0,0.0,0.0,0.0,0.0,0.0,0.0
3784.0,0.0,0.0,0.0,0.0,0.0,0.0
3785.0,0.00010522193042561412,0.0006803753203712404,0.0,0.0,0.0,0.01700938300928101
3786.0,0.00019646987493615597,0.0012689626310020685,0.0,0.0,0.0,0.03172406577505171
3787.0,0.00017287918308284134,0.0010090068681165576,0.0,0.0,0.010416666666666666,0.06944444444444445
3788.0,6.281957030296326e-05,0.0003895286936312914,2.8989532438572496e-05,0.0,0.005208333333333333,0.034722222222222224
3789.0,0.0,0.0,0.0,0.0,0.0,0.0
3790.0,0.0,0.0,0.0,0.0,0.0,0.0
3791.0,0.00021410333283711225,0.0013832023832947016,0.0,0.0,0.005208333333333333,0.034722222222222224
3792.0,0.0002775564498733729,0.001794707030057907,0.0,0.0,0.003472222222222222,0.04486767575144768
3793.0,0.00011357331095496193,2.2011664668752928e-07,0.0008742176578380167,0.0,0.003472222222222222,0.023148148148148147
3794.0,0.00029751608963124454,0.0,0.0007951715379022062,0.0,0.006944444444444444,0.046296296296296294
3795.0,0.00024052205844782293,0.0,0.00023192526714410633,0.0,0.003472222222222222,0.023148148148148147
3796.0,1.2960410458617844e-05,2.8725022275466472e-05,4.694407471106388e-05,0.0,0.0,0.0010800342048848204
3797.0,0.0,0.0,0.0,0.0,0.0,0.0
3798.0,0.0,0.0,0.0,0.0,0.0,0.0
3799.0,0.0,0.0,0.0,0.0,0.0,0.0
3800.0,0.000143280194606632,0.0,0.0,0.0,0.0,0.011940016217219332
3801.0,0.0,0.0,0.0,0.0,0.0,0.0
3802.0,0.0,0.0,0.0,0.0,0.0,0.0
3803.0,0.0,0.0,0.0,0.0,0.0,0.0
3804.0,0.0,0.0,0.0,0.0,0.0,0.0
3805.0,2.4339578885701485e-06,0.0,0.0,0.0,0.0,0.00020282982404751237
3806.0,0.0,0.0,0.0,0.0,0.0,0.0
3807.0,0.0,0.0,0.0,0.0,0.0,0.0
3808.0,0.0,0.0,0.0,0.0,0.0,0.0
3809.0,0.0,0.0,0.0,0.0,0.0,0.0
3810.0,0.0,0.0,0.0,0.0,0.0,0.0
3811.0,0.0,0.0,0.0,0.0,0.0,0.0
3812.0,0.0,0.0,0.0,0.0,0.0,0.0
3813.0,0.0,0.0,0.0,0.0,0.0,0.0
3814.0,0.007854648865759373,0.0048726932145655155,0.0031348122283816338,0.0,0.11284722222222222,0.7523148148148149
3815.0,0.0,0.0,0.0,0.0,0.0,0.0
3816.0,0.0,0.0,0.0,0.0,0.0,0.0
3817.0,0.0,0.0,0.0,0.0,0.0,0.0
3818.0,0.0,0.0,0.0,0.0,0.0,0.0
3819.0,0.0,0.0,0.0,0.0,0.0,0.0
3820.0,0.0,0.0,0.0,0.0,0.0,0.0
3821.0,3.460096877461183e-06,0.0,8.155199793691281e-06,0.0,0.0,0.0002883414064550986
3822.0,0.0,0.0,0.0,0.0,0.0,0.0
3823.0,0.0,0.0,0.0,0.0,0.0,0.0
3824.0,0.0,0.0,0.0,0.0,0.0,0.0
3825.0,0.0,0.0,0.0,0.0,0.0,0.0
3826.0,0.0,0.0,0.0,0.0,0.0,0.0
3827.0,0.0,0.0,0.0,0.0,0.0,0.0
3828.0,0.0,0.0,0.0,0.0,0.0,0.0
3829.0,0.0,0.0,0.0,0.0,0.0,0.0
3830.0,0.0,0.0,0.0,0.0,0.0,0.0
3831.0,0.0,0.0,0.0,0.0,0.0,0.0
3832.0,0.0,0.0,0.0,0.0,0.0,0.0
3833.0,0.0,0.0,0.0,0.0,0.0,0.0
3834.0,0.0,0.0,0.0,0.0,0.0,0.0
3835.0,0.0,0.0,0.0,0.0,0.0,0.0
3836.0,0.0,0.0,0.0,0.0,0.0,0.0
3837.0,0.0,0.0,0.0,0.0,0.0,0.0
3838.0,0.0,0.0,0.0,0.0,0.0,0.0
3839.0,0.0,0.0,0.0,0.0,0.0,0.0
3840.0,0.0,0.0,0.0,0.0,0.0,0.0
3841.0,0.0,0.0,0.0,0.0,0.0,0.0
3842.0,0.0,0.0,0.0,0.0,0.0,0.0
3843.0,0.0,0.0,0.0,0.0,0.0,0.0
3844.0,0.0,0.0,0.0,0.0,0.0,0.0
3845.0,0.0,0.0,0.0,0.0,0.0,0.0
3846.0,0.0,0.0,0.0,0.0,0.0,0.0
3847.0,8.51034798188266e-08,0.0,0.0,0.0,0.0,7.091956651568883e-06
3848.0,0.0449371337890625,0.012557483278214931,0.0,0.00047108493163250387,0.25,3.7447611490885415
3849.0,0.0,0.0,0.0,0.0,0.0,0.0
3850.0,0.0,0.0,0.0,0.0,0.0,0.0
3851.0,0.0,0.0,0.0,0.0,0.0,0.0
3852.0,0.0,0.0,0.0,0.0,0.0,0.0
3853.0,0.0,0.0,0.0,0.0,0.0,0.0
3854.0,0.0,0.0,0.0,0.0,0.0,0.0
3855.0,0.0,0.0,0.0,0.0,0.0,0.0
3856.0,0.0,0.0,0.0,0.0,0.0,0.0
3857.0,0.0,0.0,0.0,0.0,0.0,0.0
3858.0,0.0,0.0,0.0,0.0,0.0,0.0
3859.0,0.0,0.0,0.0,0.0,0.0,0.0
3860.0,0.0,0.0,0.0,0.0,0.0,0.0
3861.0,0.0,0.0,0.0,0.0,0.0,0.0
3862.0,0.0,0.0,0.0,0.0,0.0,0.0
3863.0,0.0,0.0,0.0,0.0,0.0,0.0
3864.0,1.3786774388790946e-06,0.0,0.0,0.0,0.0,0.00011488978657325788
3865.0,1.3786774388790946e-06,0.0,0.0,0.0,0.0,0.00011488978657325788
3866.0,0.0,0.0,0.0,0.0,0.0,0.0
3867.0,0.0,0.0,0.0,0.0,0.0,0.0
3868.0,0.0,0.0,0.0,0.0,0.0,0.0
3869.0,0.0,0.0,0.0,0.0,0.0,0.0
3870.0,0.0,0.0,0.0,0.0,0.0,0.0
3871.0,0.0,0.0,0.0,0.0,0.0,0.0
3872.0,0.0,0.0,0.0,0.0,0.0,0.0
3873.0,0.0,0.0,0.0,0.0,0.0,0.0
3874.0,0.0,0.0,0.0,0.0,0.0,0.0
3875.0,0.0,0.0,0.0,0.0,0.0,0.0
3876.0,0.0,0.0,0.0,0.0,0.0,0.0
3877.0,0.0,0.0,0.0,0.0,0.0,0.0
3878.0,0.0,0.0,0.0,0.0,0.0,0.0
3879.0,0.0,0.0,0.0,0.0,0.0,0.0
3880.0,0.0,0.0,0.0,0.0,0.0,0.0
3881.0,0.0,0.0,0.0,0.0,0.0,0.0
3882.0,0.0,0.0,0.0,0.0,0.0,0.0
3883.0,0.0,0.0,0.0,0.0,0.0,0.0
3884.0,0.0,0.0,0.0,0.0,0.0,0.0
3885.0,0.0,0.0,0.0,0.0,0.0,0.0
3886.0,0.0,0.0,0.0,0.0,0.0,0.0
3887.0,0.0,0.0,0.0,0.0,0.0,0.0
3888.0,0.0,0.0,0.0,0.0,0.0,0.0
3889.0,1.3786774388790946e-06,0.0,0.0,0.0,0.0,0.00011488978657325788
3890.0,1.3786774388790946e-06,0.0,0.0,0.0,0.0,0.00011488978657325788
3891.0,0.0,0.0,0.0,0.0,0.0,0.0
3892.0,0.0,0.0,0.0,0.0,0.0,0.0
3893.0,0.0,0.0,0.0,0.0,0.0,0.0
3894.0,0.0,0.0,0.0,0.0,0.0,0.0
3895.0,0.0,0.0,0.0,0.0,0.0,0.0
3896.0,0.0,0.0,0.0,0.0,0.0,0.0
3897.0,0.0,0.0,0.0,0.0,0.0,0.0
3898.0,0.0,0.0,0.0,0.0,0.0,0.0
3899.0,0.0,0.0,0.0,0.0,0.0,0.0
3900.0,0.0,0.0,0.0,0.0,0.0,0.0
3901.0,0.0,0.0,0.0,0.0,0.0,0.0
3902.0,0.0,0.0,0.0,0.0,0.0,0.0
3903.0,0.0,0.0,0.0,0.0,0.0,0.0
3904.0,0.0,0.0,0.0,0.0,0.0,0.0
3905.0,0.0,0.0,0.0,0.0,0.0,0.0
3906.0,0.0,0.0,0.0,0.0,0.0,0.0
3907.0,0.0,0.0,0.0,0.0,0.0,0.0
3908.0,0.0,0.0,0.0,0.0,0.0,0.0
3909.0,0.0,0.0,0.0,0.0,0.0,0.0
3910.0,0.0,0.0,0.0,0.0,0.0,0.0
3911.0,0.0,0.0,0.0,0.0,0.0,0.0
3912.0,0.0,0.0,0.0,0.0,0.0,0.0
3913.0,0.0,0.0,0.0,0.0,0.0,0.0
3914.0,1.3786774388790946e-06,0.0,0.0,0.0,0.0,0.00011488978657325788
3915.0,1.3786774388790946e-06,0.0,0.0,0.0,0.0,0.00011488978657325788
3916.0,0.0,0.0,0.0,0.0,0.0,0.0
3917.0,0.0,0.0,0.0,0.0,0.0,0.0
3918.0,0.0,0.0,0.0,0.0,0.0,0.0
3919.0,0.00020200159633532166,0.0,0.0,0.0,0.006944444444444444,0.046296296296296294
3920.0,0.0,0.0,0.0,0.0,0.0,0.0
3921.0,0.0,0.0,0.0,0.0,0.0,0.0
3922.0,0.0,0.0,0.0,0.0,0.0,0.0
3923.0,1.3276118124849745e-06,0.0,0.0,0.0,0.0,0.00011063431770708121
3924.0,0.0,0.0,0.0,0.0,0.0,0.0
3925.0,0.0,0.0,0.0,0.0,0.0,0.0
3926.0,0.0,0.0,0.0,0.0,0.0,0.0
3927.0,0.0,0.0,0.0,0.0,0.0,0.0
3928.0,0.0,0.0,0.0,0.0,0.0,0.0
3929.0,0.0,0.0,0.0,0.0,0.0,0.0
3930.0,0.0,0.0,0.0,0.0,0.0,0.0
3931.0,0.0,0.0,0.0,0.0,0.0,0.0
3932.0,0.0,0.0,0.0,0.0,0.0,0.0
3933.0,0.0,0.0,0.0,0.0,0.0,0.0
3934.0,0.0,0.0,0.0,0.0,0.0,0.0
3935.0,0.0,0.0,0.0,0.0,0.0,0.0
3936.0,0.0,0.0,0.0,0.0,0.0,0.0
3937.0,0.0,0.0,0.0,0.0,0.0,0.0
3938.0,0.0,0.0,0.0,0.0,0.0,0.0
3939.0,1.3786774388790946e-06,0.0,0.0,0.0,0.0,0.00011488978657325788
3940.0,1.3786774388790946e-06,0.0,0.0,0.0,0.0,0.00011488978657325788
3941.0,0.0,0.0,0.0,0.0,0.0,0.0
3942.0,0.0,0.0,0.0,0.0,0.0,0.0
3943.0,0.0,0.0,0.0,0.0,0.0,0.0
3944.0,0.0,0.0,0.0,0.0,0.0,0.0
3945.0,0.0,0.0,0.0,0.0,0.0,0.0
3946.0,0.0,0.0,0.0,0.0,0.0,0.0
3947.0,0.0,0.0,0.0,0.0,0.0,0.0
3948.0,0.0,0.0,0.0,0.0,0.0,0.0
3949.0,0.0,0.0,0.0,0.0,0.0,0.0
3950.0,0.0,0.0,0.0,0.0,0.0,0.0
3951.0,0.0,0.0,0.0,0.0,0.0,0.0
3952.0,0.0,0.0,0.0,0.0,0.0,0.0
3953.0,0.0,0.0,0.0,0.0,0.0,0.0
3954.0,0.0,0.0,0.0,0.0,0.0,0.0
3955.0,0.0,0.0,0.0,0.0,0.0,0.0
3956.0,0.0,0.0,0.0,0.0,0.0,0.0
3957.0,0.0,0.0,0.0,0.0,0.0,0.0
3958.0,0.0,0.0,0.0,0.0,0.0,0.0
3959.0,0.0,0.0,0.0,0.0,0.0,0.0
3960.0,0.0,0.0,0.0,0.0,0.0,0.0
3961.0,0.0,0.0,0.0,0.0,0.0,0.0
3962.0,0.0,0.0,0.0,0.0,0.0,0.0
3963.0,0.0,0.0,0.0,0.0,0.0,0.0
3964.0,1.3786774388790946e-06,0.0,0.0,0.0,0.0,0.00011488978657325788
3965.0,1.3786774388790946e-06,0.0,0.0,0.0,0.0,0.00011488978657325788
3966.0,0.0,0.0,0.0,0.0,0.0,0.0
3967.0,0.0,0.0,0.0,0.0,0.0,0.0
3968.0,0.0,0.0,0.0,0.0,0.0,0.0
3969.0,0.0,0.0,0.0,0.0,0.0,0.0
3970.0,0.0,0.0,0.0,0.0,0.0,0.0
3971.0,0.0,0.0,0.0,0.0,0.0,0.0
3972.0,0.0,0.0,0.0,0.0,0.0,0.0
3973.0,0.0,0.0,0.0,0.0,0.0,0.0
3974.0,0.0,0.0,0.0,0.0,0.0,0.0
3975.0,0.0,0.0,0.0,0.0,0.0,0.0
3976.0,0.0,0.0,0.0,0.0,0.0,0.0
3977.0,0.0,0.0,0.0,0.0,0.0,0.0
3978.0,0.0,0.0,0.0,0.0,0.0,0.0
3979.0,0.0,0.0,0.0,0.0,0.0,0.0
3980.0,0.0,0.0,0.0,0.0,0.0,0.0
3981.0,0.0,0.0,0.0,0.0,0.0,0.0
3982.0,0.0,0.0,0.0,0.0,0.0,0.0
3983.0,0.0,0.0,0.0,0.0,0.0,0.0
3984.0,0.0,0.0,0.0,0.0,0.0,0.0
3985.0,0.0,0.0,0.0,0.0,0.0,0.0
3986.0,0.0,0.0,0.0,0.0,0.0,0.0
3987.0,0.0,0.0,0.0,0.0,0.0,0.0
3988.0,0.0,0.0,0.0,0.0,0.0,0.0
3989.0,1.3786774388790946e-06,0.0,0.0,0.0,0.0,0.00011488978657325788
3990.0,1.3786774388790946e-06,0.0,0.0,0.0,0.0,0.00011488978657325788
3991.0,0.0,0.0,0.0,0.0,0.0,0.0
3992.0,0.0,0.0,0.0,0.0,0.0,0.0
3993.0,0.0,0.0,0.0,0.0,0.0,0.0
3994.0,0.0,0.0,0.0,0.0,0.0,0.0
3995.0,0.0,0.0,0.0,0.0,0.0,0.0
3996.0,0.0,0.0,0.0,0.0,0.0,0.0
3997.0,0.0,0.0,0.0,0.0,0.0,0.0
3998.0,0.0,0.0,0.0,0.0,0.0,0.0
3999.0,0.0,0.0,0.0,0.0,0.0,0.0
4000.0,0.0,0.0,0.0,0.0,0.0,0.0
4001.0,0.0,0.0,0.0,0.0,0.0,0.0
4002.0,0.0,0.0,0.0,0.0,0.0,0.0
4003.0,0.0,0.0,0.0,0.0,0.0,0.0
4004.0,0.0,0.0,0.0,0.0,0.0,0.0
4005.0,0.0,0.0,0.0,0.0,0.0,0.0
4006.0,0.0,0.0,0.0,0.0,0.0,0.0
4007.0,0.0,0.0,0.0,0.0,0.0,0.0
4008.0,0.0,0.0,0.0,0.0,0.0,0.0
4009.0,0.0,0.0,0.0,0.0,0.0,0.0
4010.0,0.0,0.0,0.0,0.0,0.0,0.0
4011.0,0.0,0.0,0.0,0.0,0.0,0.0
4012.0,0.0,0.0,0.0,0.0,0.0,0.0
4013.0,0.0,0.0,0.0,0.0,0.0,0.0
4014.0,1.3786774388790946e-06,0.0,0.0,0.0,0.0,0.00011488978657325788
4015.0,1.3786774388790946e-06,0.0,0.0,0.0,0.0,0.00011488978657325788
4016.0,0.0,0.0,0.0,0.0,0.0,0.0
4017.0,0.0,0.0,0.0,0.0,0.0,0.0
4018.0,0.0,0.0,0.0,0.0,0.0,0.0
4019.0,0.0,0.0,0.0,0.0,0.0,0.0
4020.0,0.0,0.0,0.0,0.0,0.0,0.0
4021.0,0.0,0.0,0.0,0.0,0.0,0.0
4022.0,0.0,0.0,0.0,0.0,0.0,0.0
4023.0,0.0,0.0,0.0,0.0,0.0,0.0
4024.0,0.0,0.0,0.0,0.0,0.0,0.0
4025.0,0.0,0.0,0.0,0.0,0.0,0.0
4026.0,0.0,0.0,0.0,0.0,0.0,0.0
4027.0,0.0,0.0,0.0,0.0,0.0,0.0
4028.0,0.0,0.0,0.0,0.0,0.0,0.0
4029.0,0.0,0.0,0.0,0.0,0.0,0.0
4030.0,0.00015253944729920477,0.0,0.0,0.0,0.005208333333333333,0.034722222222222224
4031.0,0.001451576012186706,0.0,0.0,0.0,0.029513888888888888,0.19675925925925927
4032.0,0.0006037920829840004,0.0,0.0,0.0,0.015625,0.10416666666666667
4033.0,0.00012838710972573608,0.0,0.0,0.0,0.003472222222222222,0.023148148148148147
4034.0,0.00016002857591956854,0.0,0.0,0.0,0.001736111111111111,0.013335714659964045
4035.0,0.0002169968356611207,0.0,0.0,0.0,0.001736111111111111,0.018083069638426725
4036.0,6.808278385506128e-08,0.0,0.0,0.0,0.0,5.673565321255107e-06
4037.0,0.0,0.0,0.0,0.0,0.0,0.0
4038.0,0.0,0.0,0.0,0.0,0.0,0.0
4039.0,0.00030415982473641634,0.0,0.0,0.0,0.001736111111111111,0.02534665206136803
4040.0,1.3616565865959274e-06,0.0,0.0,0.0,0.0,0.00011347138221632727
4041.0,0.0,0.0,0.0,0.0,0.0,0.0
4042.0,0.0,0.0,0.0,0.0,0.0,0.0
4043.0,0.0,0.0,0.0,0.0,0.0,0.0
4044.0,1.4263342563936021e-05,0.0,0.0,0.0,0.0,0.0011886118803280017
4045.0,8.944374712882563e-05,0.0,0.0,0.0,0.005208333333333333,0.034722222222222224
4046.0,6.799767288612202e-05,0.0,0.0,0.0,0.003472222222222222,0.023148148148148147
4047.0,0.0,0.0,0.0,0.0,0.0,0.0
4048.0,0.00020009528088849038,0.0,0.0,0.0,0.003472222222222222,0.023148148148148147
4049.0,0.00011577476834645495,0.0,0.0,0.0,0.0,0.00964789736220458
4050.0,0.0,0.0,0.0,0.0,0.0,0.0
4051.0,5.0432314310455695e-05,0.0,0.0,0.0,0.003472222222222222,0.023148148148148147
4052.0,0.0002929091569967568,0.0,0.0,0.0,0.003472222222222222,0.024409096416396398
4053.0,6.076388217479689e-06,0.0,0.0,0.0,0.0,0.0005063656847899741
4054.0,0.0,0.0,0.0,0.0,0.0,0.0
4055.0,0.0,0.0,0.0,0.0,0.0,0.0
4056.0,0.00022802624152973294,0.0,0.0,0.0,0.003472222222222222,0.023148148148148147
4057.0,0.00016166256682481617,0.0,0.0,0.0,0.003472222222222222,0.023148148148148147
4058.0,1.012731263472233e-05,0.0,0.0,0.0,0.0,0.0008439427195601942
4059.0,0.0,0.0,0.0,0.0,0.0,0.0
4060.0,0.0,0.0,0.0,0.0,0.0,0.0
4061.0,6.209149432834238e-05,0.0,0.0,0.0,0.001736111111111111,0.011574074074074073
4062.0,0.0003748807648662478,0.0,0.0,0.0,0.008680555555555556,0.05787037037037038
4063.0,0.00021459691924974322,0.0,0.0,0.0,0.006944444444444444,0.046296296296296294
4064.0,4.825366704608314e-05,0.0,0.0,0.0,0.0,0.004021138920506928
4065.0,1.1914497690668213e-06,0.0,0.0,0.0,0.0,9.928748075556844e-05
4066.0,0.0,0.0,0.0,0.0,0.0,0.0
4067.0,0.0,0.0,0.0,0.0,0.0,0.0
4068.0,0.0,0.0,0.0,0.0,0.0,0.0
4069.0,0.0,0.0,0.0,0.0,0.0,0.0
4070.0,0.0,0.0,0.0,0.0,0.0,0.0
4071.0,0.0,0.0,0.0,0.0,0.0,0.0
4072.0,0.0,0.0,0.0,0.0,0.0,0.0
4073.0,0.0,0.0,0.0,0.0,0.0,0.0
4074.0,0.00029987056041136384,0.0,0.0,0.0,0.006944444444444444,0.046296296296296294
4075.0,0.00012615737796295434,0.0,0.0,0.0,0.006944444444444444,0.046296296296296294
4076.0,0.0001426163944415748,0.0,0.0,0.0,0.0,0.011884699536797902
4077.0,0.0002801436057779938,0.0,0.0,0.0,0.003472222222222222,0.023345300481499482
4078.0,0.00015007144247647375,0.0,0.0,0.0,0.003472222222222222,0.023148148148148147
4079.0,0.00022768582857679576,0.0,0.0,0.0,0.003472222222222222,0.023148148148148147
4080.0,6.898487481521443e-05,0.0,0.0,0.0,0.003472222222222222,0.023148148148148147
4081.0,1.3310181202541571e-05,0.0,0.0,0.0,0.0,0.0011091817668784643
4082.0,0.0,0.0,0.0,0.0,0.0,0.0
4083.0,0.0,0.0,0.0,0.0,0.0,0.0
4084.0,0.0,0.0,0.0,0.0,0.0,0.0
4085.0,0.0,0.0,0.0,0.0,0.0,0.0
4086.0,0.0,0.0,0.0,0.0,0.0,0.0
4087.0,0.0,0.0,0.0,0.0,0.0,0.0
4088.0,0.0,0.0,0.0,0.0,0.0,0.0
4089.0,1.1914497690668213e-06,0.0,0.0,0.0,0.0,9.928748075556844e-05
4090.0,1.1914497690668213e-06,0.0,0.0,0.0,0.0,9.928748075556844e-05
4091.0,0.0,0.0,0.0,0.0,0.0,0.0
4092.0,0.0,0.0,0.0,0.0,0.0,0.0
4093.0,0.0,0.0,0.0,0.0,0.0,0.0
4094.0,0.0,0.0,0.0,0.0,0.0,0.0
4095.0,0.0,0.0,0.0,0.0,0.0,0.0
4096.0,0.0,0.0,0.0,0.0,0.0,0.0
4097.0,0.0,0.0,0.0,0.0,0.0,0.0
4098.0,0.0,0.0,0.0,0.0,0.0,0.0
4099.0,1.7020436615666767e-08,0.0,0.0,0.0,0.0,1.4183697179722306e-06
4100.0,0.005619706120342016,3.3017246892086405e-07,0.0,0.0,0.11631944444444445,0.775462962962963
4101.0,0.05301843583583832,0.05788489803671837,0.0,0.0007955087348818779,0.2326388888888889,4.4182029863198595
4102.0,0.0,0.0,0.0,0.0,0.0,0.0
4103.0,0.0,0.0,0.0,0.0,0.0,0.0
4104.0,0.0,0.0,0.0,0.0,0.0,0.0
4105.0,0.0,0.0,0.0,0.0,0.0,0.0
4106.0,0.0,0.0,0.0,0.0,0.0,0.0
4107.0,0.0,0.0,0.0,0.0,0.0,0.0
4108.0,0.0,0.0,0.0,0.0,0.0,0.0
4109.0,0.0,0.0,0.0,0.0,0.0,0.0
4110.0,0.0,0.0,0.0,0.0,0.0,0.0
4111.0,0.0,0.0,0.0,0.0,0.0,0.0
4112.0,0.0,0.0,0.0,0.0,0.0,0.0
4113.0,0.0,0.0,0.0,0.0,0.0,0.0
4114.0,0.0,0.0,0.0,0.0,0.0,0.0
4115.0,0.0,0.0,0.0,0.0,0.0,0.0
4116.0,0.0,0.0,0.0,0.0,0.0,0.0
4117.0,0.0,0.0,0.0,0.0,0.0,0.0
4118.0,0.0,0.0,0.0,0.0,0.0,0.0
4119.0,0.0,0.0,0.0,0.0,0.0,0.0
4120.0,0.0,0.0,0.0,0.0,0.0,0.0
4121.0,0.0,0.0,0.0,0.0,0.0,0.0
4122.0,0.0,0.0,0.0,0.0,0.0,0.0
4123.0,0.0,0.0,0.0,0.0,0.0,0.0
4124.0,0.0,0.0,0.0,0.0,0.0,0.0
4125.0,0.0,0.0,0.0,0.0,0.0,0.0
4126.0,0.0,0.0,0.0,0.0,0.0,0.0
4127.0,0.0,0.0,0.0,0.0,0.0,0.0
4128.0,0.0,0.0,0.0,0.0,0.0,0.0
4129.0,0.0,0.0,0.0,0.0,0.0,0.0
4130.0,0.0,0.0,0.0,0.0,0.0,0.0
4131.0,0.0,0.0,0.0,0.0,0.0,0.0
4132.0,0.0,0.0,0.0,0.0,0.0,0.0
4133.0,0.0001532203023089096,0.0,0.0,0.0,0.001736111111111111,0.012768358525742466
4134.0,0.00014282064512372017,0.0,0.0,0.0,0.003472222222222222,0.023148148148148147
4135.0,0.00013917819887865335,0.0,0.0,0.0,0.0,0.01159818323988778
4136.0,0.00020870774460490793,0.0,0.0,0.0,0.003472222222222222,0.023148148148148147
4137.0,0.00028196480707265437,0.0,0.0,0.0,0.005208333333333333,0.034722222222222224
4138.0,0.0002100183191942051,0.0,0.0,0.0,0.010416666666666666,0.06944444444444445
4139.0,0.0002928751055151224,0.0,0.0,0.0,0.006944444444444444,0.046296296296296294
4140.0,0.00022586459817830473,0.0,0.0,0.0,0.005208333333333333,0.034722222222222224
4141.0,0.0001573733170516789,0.0,0.0,0.0,0.005208333333333333,0.034722222222222224
4142.0,0.00030320664518512785,0.0,0.0,0.0,0.005208333333333333,0.034722222222222224
4143.0,0.00024097900313790888,0.0,0.0,0.0,0.003472222222222222,0.023148148148148147
4144.0,0.00038745906203985214,0.0,0.0,0.0,0.005208333333333333,0.034722222222222224
4145.0,6.27212502877228e-05,0.0,0.0,0.0,0.005208333333333333,0.034722222222222224
4146.0,0.00015257349878083915,0.0,0.0,0.0,0.003472222222222222,0.023148148148148147
4147.0,0.0,0.0,0.0,0.0,0.0,0.0
4148.0,0.0,0.0,0.0,0.0,0.0,0.0
4149.0,0.0,0.0,0.0,0.0,0.0,0.0
4150.0,0.0,0.0,0.0,0.0,0.0,0.0
4151.0,7.914620255178306e-06,0.0,0.0,0.0,0.0,0.0006595516879315255
4152.0,0.0,0.0,0.0,0.0,0.0,0.0
4153.0,0.0,0.0,0.0,0.0,0.0,0.0
4154.0,0.0001307529746554792,0.0,0.0,0.0,0.008680555555555556,0.05787037037037038
4155.0,0.0,0.0,0.0,0.0,0.0,0.0
4156.0,0.0,0.0,0.0,0.0,0.0,0.0
4157.0,0.0,0.0,0.0,0.0,0.0,0.0
4158.0,0.0,0.0,0.0,0.0,0.0,0.0
4159.0,1.1914496553799836e-06,0.0,0.0,0.0,0.0,9.92874712816653e-05
4160.0,0.0,0.0,0.0,0.0,0.0,0.0
4161.0,0.0,0.0,0.0,0.0,0.0,0.0
4162.0,0.0,0.0,0.0,0.0,0.0,0.0
4163.0,0.0,0.0,0.0,0.0,0.0,0.0
4164.0,0.0,0.0,0.0,0.0,0.0,0.0
4165.0,5.368327038013376e-05,0.0,0.0,0.0,0.0,0.004473605865011147
4166.0,7.715480751357973e-05,0.0,0.0,0.0,0.0,0.0064295672927983105
4167.0,1.5999462448235136e-06,0.0,0.0,0.0,0.0,0.0001333288537352928
4168.0,0.0,0.0,0.0,0.0,0.0,0.0
4169.0,0.0,0.0,0.0,0.0,0.0,0.0
4170.0,0.0,0.0,0.0,0.0,0.0,0.0
4171.0,0.0,0.0,0.0,0.0,0.0,0.0
4172.0,0.0,0.0,0.0,0.0,0.0,0.0
4173.0,0.0,0.0,0.0,0.0,0.0,0.0
4174.0,0.0,0.0,0.0,0.0,0.0,0.0
4175.0,0.0,0.0,0.0,0.0,0.0,0.0
4176.0,0.0,0.0,0.0,0.0,0.0,0.0
4177.0,0.0,0.0,0.0,0.0,0.0,0.0
4178.0,0.0,0.0,0.0,0.0,0.0,0.0
4179.0,0.0,0.0,0.0,0.0,0.0,0.0
4180.0,0.0,0.0,0.0,0.0,0.0,0.0
4181.0,0.0,0.0,0.0,0.0,0.0,0.0
4182.0,0.0,0.0,0.0,0.0,0.0,0.0
4183.0,0.0,0.0,0.0,0.0,0.0,0.0
4184.0,0.0,0.0,0.0,0.0,0.0,0.0
4185.0,0.0,0.0,0.0,0.0,0.0,0.0
4186.0,0.0,0.0,0.0,0.0,0.0,0.0
4187.0,6.74359907861799e-05,0.0,0.0,0.0,0.003472222222222222,0.023148148148148147
4188.0,0.0001386676012771204,0.0,0.0,0.0,0.001736111111111111,0.011574074074074073
4189.0,0.0,0.0,0.0,0.0,0.0,0.0
4190.0,3.2424421078758314e-05,0.0,0.0,0.0,0.0,0.002702035089896526
4191.0,0.00016947503900155425,0.0,0.0,0.0,0.0,0.014122919916796187
4192.0,4.782824362337124e-06,0.0,0.0,0.0,0.0,0.000398568696861427
4193.0,4.598990926751867e-05,0.0,0.0,0.0,0.001736111111111111,0.011574074074074073
4194.0,0.00017817263142205775,0.0,0.0,0.0,0.0,0.014847719285171479
4195.0,0.00011735768930520862,0.0,0.0,0.0,0.001736111111111111,0.011574074074074073
4196.0,6.364037108141929e-05,0.0,0.0,0.0,0.0,0.005303364256784941
4197.0,0.0,0.0,0.0,0.0,0.0,0.0
4198.0,0.0,0.0,0.0,0.0,0.0,0.0
4199.0,0.0,0.0,0.0,0.0,0.0,0.0
4200.0,0.0,0.0,0.0,0.0,0.0,0.0
4201.0,3.931778337573633e-06,0.0,0.0,0.0,0.0,0.0003276481947978027
4202.0,0.00015429258928634226,0.0,0.0,0.0,0.001736111111111111,0.012857715773861855
4203.0,5.921499541727826e-05,0.0,0.0,0.0,0.001736111111111111,0.011574074074074073
4204.0,0.0,0.0,0.0,0.0,0.0,0.0
4205.0,0.00017985768499784172,0.0,0.0,0.0,0.001736111111111111,0.014988140416486809
4206.0,0.00014321210619527847,0.0,0.0,0.0,0.001736111111111111,0.011934342182939872
4207.0,0.00015000338316895068,0.0,0.0,0.0,0.003472222222222222,0.023148148148148147
4208.0,0.0,0.0,0.0,0.0,0.0,0.0
4209.0,9.853279334492981e-05,0.0,0.0,0.0,0.0,0.008211066112077484
4210.0,0.00016290505300275981,0.0,0.0,0.0,0.0,0.013575421083563318
4211.0,0.0,0.0,0.0,0.0,0.0,0.0
4212.0,0.0,0.0,0.0,0.0,0.0,0.0
4213.0,0.0,0.0,0.0,0.0,0.0,0.0
4214.0,0.0,0.0,0.0,0.0,0.0,0.0
4215.0,0.0,0.0,0.0,0.0,0.0,0.0
4216.0,0.0,0.0,0.0,0.0,0.0,0.0
4217.0,3.1488311833527405e-06,0.0,0.0,0.0,0.0,0.00026240259861272836
4218.0,0.0,0.0,0.0,0.0,0.0,0.0
4219.0,0.0,0.0,0.0,0.0,0.0,0.0
4220.0,0.0,0.0,0.0,0.0,0.0,0.0
4221.0,0.0,0.0,0.0,0.0,0.0,0.0
4222.0,0.0,0.0,0.0,0.0,0.0,0.0
4223.0,0.0,0.0,0.0,0.0,0.0,0.0
4224.0,0.0,0.0,0.0,0.0,0.0,0.0
4225.0,0.0,0.0,0.0,0.0,0.0,0.0
4226.0,0.0,0.0,0.0,0.0,0.0,0.0
4227.0,0.0,0.0,0.0,0.0,0.0,0.0
4228.0,0.0,0.0,0.0,0.0,0.0,0.0
4229.0,0.0,0.0,0.0,0.0,0.0,0.0
4230.0,0.0,0.0,0.0,0.0,0.0,0.0
4231.0,0.0,0.0,0.0,0.0,0.0,0.0
4232.0,0.0,0.0,0.0,0.0,0.0,0.0
4233.0,0.0,0.0,0.0,0.0,0.0,0.0
4234.0,0.0,0.0,0.0,0.0,0.0,0.0
4235.0,0.0,0.0,0.0,0.0,0.0,0.0
4236.0,0.0,0.0,0.0,0.0,0.0,0.0
4237.0,0.0,0.0,0.0,0.0,0.0,0.0
4238.0,0.0,0.0,0.0,0.0,0.0,0.0
4239.0,0.0,0.0,0.0,0.0,0.0,0.0
4240.0,0.0,0.0,0.0,0.0,0.0,0.0
4241.0,0.0,0.0,0.0,0.0,0.0,0.0
4242.0,0.0,0.0,0.0,0.0,0.0,0.0
4243.0,0.0,0.0,0.0,0.0,0.0,0.0
4244.0,0.0,0.0,0.0,0.0,0.0,0.0
4245.0,0.0,0.0,0.0,0.0,0.0,0.0
4246.0,0.0,0.0,0.0,0.0,0.0,0.0
4247.0,0.00016811337263789028,0.0,0.0,0.0,0.0,0.01400944771982419
4248.0,0.00031003192998468876,0.0,0.0,0.0,0.0,0.02583599416539073
4249.0,4.113901741220616e-05,0.0,0.0,0.0,0.0,0.00342825145101718
4250.0,0.0,0.0,0.0,0.0,0.0,0.0
4251.0,5.770004008809337e-06,0.0,0.0,0.0,0.0,0.0004808336674007781
4252.0,0.0,0.0,0.0,0.0,0.0,0.0
4253.0,0.0,0.0,0.0,0.0,0.0,0.0
4254.0,0.0,0.0,0.0,0.0,0.0,0.0
4255.0,0.0,0.0,0.0,0.0,0.0,0.0
4256.0,0.0,0.0,0.0,0.0,0.0,0.0
4257.0,0.0,0.0,0.0,0.0,0.0,0.0
4258.0,0.0,0.0,0.0,0.0,0.0,0.0
4259.0,0.0,0.0,0.0,0.0,0.0,0.0
4260.0,0.0,0.0,0.0,0.0,0.0,0.0
4261.0,0.0,0.0,0.0,0.0,0.0,0.0
4262.0,0.0,0.0,0.0,0.0,0.0,0.0
4263.0,0.0,0.0,0.0,0.0,0.0,0.0
4264.0,0.0,0.0,0.0,0.0,0.0,0.0
4265.0,0.0,0.0,0.0,0.0,0.0,0.0
4266.0,0.0,0.0,0.0,0.0,0.0,0.0
4267.0,0.0,0.0,0.0,0.0,0.0,0.0
4268.0,0.0,0.0,0.0,0.0,0.0,0.0
4269.0,0.0,0.0,0.0,0.0,0.0,0.0
4270.0,0.0,0.0,0.0,0.0,0.0,0.0
4271.0,0.0,0.0,0.0,0.0,0.0,0.0
4272.0,0.0,0.0,0.0,0.0,0.0,0.0
4273.0,0.0,0.0,0.0,0.0,0.0,0.0
4274.0,0.0,0.0,0.0,0.0,0.0,0.0
4275.0,0.0,0.0,0.0,0.0,0.0,0.0
4276.0,0.0,0.0,0.0,0.0,0.0,0.0
4277.0,0.0,0.0,0.0,0.0,0.0,0.0
4278.0,0.0,0.0,0.0,0.0,0.0,0.0
4279.0,0.0,0.0,0.0,0.0,0.0,0.0
4280.0,0.0,0.0,0.0,0.0,0.0,0.0
4281.0,0.0,0.0,0.0,0.0,0.0,0.0
4282.0,0.0,0.0,0.0,0.0,0.0,0.0
4283.0,0.0,0.0,0.0,0.0,0.0,0.0
4284.0,0.0,0.0,0.0,0.0,0.0,0.0
4285.0,0.0,0.0,0.0,0.0,0.0,0.0
4286.0,0.0,0.0,0.0,0.0,0.0,0.0
4287.0,0.0,0.0,0.0,0.0,0.0,0.0
4288.0,0.0,0.0,0.0,0.0,0.0,0.0
4289.0,0.0,0.0,0.0,0.0,0.0,0.0
4290.0,0.0,0.0,0.0,0.0,0.0,0.0
4291.0,0.0,0.0,0.0,0.0,0.0,0.0
4292.0,0.0,0.0,0.0,0.0,0.0,0.0
4293.0,0.0,0.0,0.0,0.0,0.0,0.0
4294.0,0.0,0.0,0.0,0.0,0.0,0.0
4295.0,0.005474484991282225,0.0,0.0,0.0,0.0920138888888889,0.613425925925926
4296.0,0.05055190995335579,0.052263952791690826,0.39138263463974,0.0037081248592585325,0.3940972222222222,4.212659162779649
4297.0,0.0026081318501383066,0.0,0.0,0.0,0.04513888888888889,0.30092592592592593
4298.0,0.0,0.0,0.0,0.0,0.0,0.0
4299.0,0.0,0.0,0.0,0.0,0.0,0.0
4300.0,0.0,0.0,0.0,0.0,0.0,0.0
4301.0,0.00016297314141411334,0.0010538003407418728,0.0,0.0,0.006944444444444444,0.046296296296296294
4302.0,0.00018327882571611553,0.001185098779387772,0.0,0.0,0.003472222222222222,0.029627469484694302
4303.0,0.0002387833083048463,0.0015439963899552822,0.0,0.0,0.005208333333333333,0.038599909748882055
4304.0,0.00034679664531722665,0.0022424214985221624,0.0,0.0,0.006944444444444444,0.05606053746305406
4305.0,8.003136463230476e-05,0.000517490494530648,0.0,0.0,0.0,0.0129372623632662
4306.0,8.212485408876091e-05,0.000531027268152684,0.0,0.0,0.003472222222222222,0.023148148148148147
4307.0,0.000302049214951694,0.0019530798308551311,0.0,0.0,0.005208333333333333,0.04882699577137828
4308.0,0.000241183239268139,0.0015595144359394908,0.0,0.0,0.008680555555555556,0.05787037037037038
4309.0,0.00010951114381896332,0.0007081096991896629,0.0,0.0,0.005208333333333333,0.034722222222222224
4310.0,0.0001675006642471999,0.0010830755345523357,0.0,0.0,0.0,0.027076888363808393
4311.0,5.419388980953954e-05,0.0003504230116959661,0.0,0.0,0.003472222222222222,0.023148148148148147
4312.0,0.0,0.0,0.0,0.0,0.0,0.0
4313.0,0.00016661557310726494,6.515403219964355e-05,0.0,0.0,0.003472222222222222,0.023148148148148147
4314.0,0.00019163599063176662,0.0,0.0,0.0,0.005208333333333333,0.034722222222222224
4315.0,0.00022419658489525318,0.0,0.0,0.0,0.003472222222222222,0.023148148148148147
4316.0,0.00018230864952784032,0.0,0.0,0.0,0.005208333333333333,0.034722222222222224
4317.0,0.00012605525262188166,0.0,0.0,0.0,0.003472222222222222,0.023148148148148147
4318.0,0.00033973308745771646,0.0,0.0,0.0,0.001736111111111111,0.02831109062147637
4319.0,0.0003508985973894596,0.0,0.0,0.0,0.005208333333333333,0.034722222222222224
4320.0,4.801537579623982e-05,0.0,0.0,0.0,0.003472222222222222,0.023148148148148147
4321.0,7.376769644906744e-05,0.0,0.0,0.0,0.001736111111111111,0.011574074074074073
4322.0,8.775868627708405e-05,0.0,0.0,0.0,0.006944444444444444,0.046296296296296294
4323.0,0.0,0.0,0.0,0.0,0.0,0.0
4324.0,0.0,0.0,0.0,0.0,0.0,0.0
4325.0,0.0,0.0,0.0,0.0,0.0,0.0
4326.0,0.00040204584365710616,0.0,0.0,0.0,0.010416666666666666,0.06944444444444445
4327.0,0.00023171973589342088,0.0,0.0,0.0,0.003472222222222222,0.023148148148148147
4328.0,0.0005493258940987289,0.0,0.0,0.0,0.010416666666666666,0.06944444444444445
4329.0,0.00031032130937092006,0.0,0.0,0.0,0.008680555555555556,0.05787037037037038
4330.0,1.5199517292785458e-05,0.0,0.0,0.0,0.0,0.0012666264410654549
4331.0,0.0008562429575249553,0.0,0.0,0.0,0.026041666666666668,0.17361111111111113
4332.0,0.00023406858963426203,0.0,0.0,0.0,0.003472222222222222,0.023148148148148147
4333.0,0.00109015847556293,0.0,0.0,0.0,0.029513888888888888,0.19675925925925927
4334.0,6.476374255726114e-05,0.0,0.0,0.0,0.0,0.0053969785464384286
4335.0,0.0,0.0,0.0,0.0,0.0,0.0
4336.0,0.0,0.0,0.0,0.0,0.0,0.0
4337.0,3.7854017136851326e-05,0.0,0.0,0.0,0.0,0.003154501428070944
4338.0,0.0006121492478996515,0.0,0.0,0.0,0.006944444444444444,0.05101243732497096
4339.0,0.00017640246369410306,0.0,0.0,0.0,0.001736111111111111,0.014700205307841921
4340.0,7.23890116205439e-05,0.0,0.0,0.0,0.0,0.0060324176350453245
4341.0,0.0,0.0,0.0,0.0,0.0,0.0
4342.0,0.0,0.0,0.0,0.0,0.0,0.0
4343.0,0.0,0.0,0.0,0.0,0.0,0.0
4344.0,0.0,0.0,0.0,0.0,0.0,0.0
4345.0,0.0,0.0,0.0,0.0,0.0,0.0
4346.0,6.059363386157202e-06,0.0,0.0,0.0,0.0,0.0005049469488464334
4347.0,0.0,0.0,0.0,0.0,0.0,0.0
4348.0,0.0,0.0,0.0,0.0,0.0,0.0
4349.0,0.0,0.0,0.0,0.0,0.0,0.0
4350.0,0.0,0.0,0.0,0.0,0.0,0.0
4351.0,0.0,0.0,0.0,0.0,0.0,0.0
4352.0,0.0,0.0,0.0,0.0,0.0,0.0
4353.0,0.0,0.0,0.0,0.0,0.0,0.0
4354.0,0.0,0.0,0.0,0.0,0.0,0.0
4355.0,0.0,0.0,0.0,0.0,0.0,0.0
4356.0,0.0,0.0,0.0,0.0,0.0,0.0
4357.0,0.0,0.0,0.0,0.0,0.0,0.0
4358.0,0.0,0.0,0.0,0.0,0.0,0.0
4359.0,0.0,0.0,0.0,0.0,0.0,0.0
4360.0,0.0,0.0,0.0,0.0,0.0,0.0
4361.0,0.0,0.0,0.0,0.0,0.0,0.0
4362.0,0.0,0.0,0.0,0.0,0.0,0.0
4363.0,0.0,0.0,0.0,0.0,0.0,0.0
4364.0,0.0,0.0,0.0,0.0,0.0,0.0
4365.0,4.856003579334356e-05,0.0,0.0,0.0,0.001736111111111111,0.011574074074074073
4366.0,0.00018545749480836093,0.0,0.0,0.0,0.003472222222222222,0.023148148148148147
4367.0,0.00023905564739834517,0.0,0.0,0.0,0.003472222222222222,0.023148148148148147
4368.0,0.000214920291909948,0.0,0.0,0.0,0.003472222222222222,0.023148148148148147
4369.0,0.0,0.0,0.0,0.0,0.0,0.0
4370.0,6.450842920457944e-05,0.0,0.0,0.0,0.003472222222222222,0.023148148148148147
4371.0,0.0002632250252645463,0.0,0.0,0.0,0.005208333333333333,0.034722222222222224
4372.0,0.0002175074623664841,0.0,0.0,0.0,0.006944444444444444,0.046296296296296294
4373.0,0.00025822094175964594,0.0,0.0,0.0,0.001736111111111111,0.021518411813303828
4374.0,9.93668072624132e-05,0.0,0.0,0.0,0.001736111111111111,0.011574074074074073
4375.0,0.0001676197862252593,0.0,0.0,0.0,0.005208333333333333,0.034722222222222224
4376.0,0.0,0.0,0.0,0.0,0.0,0.0
4377.0,0.0,0.0,0.0,0.0,0.0,0.0
4378.0,0.0,0.0,0.0,0.0,0.0,0.0
4379.0,0.0,0.0,0.0,0.0,0.0,0.0
4380.0,8.45929480419727e-06,0.0,0.0,0.0,0.0,0.0007049412336831059
4381.0,0.0,0.0,0.0,0.0,0.0,0.0
4382.0,0.0,0.0,0.0,0.0,0.0,0.0
4383.0,0.0,0.0,0.0,0.0,0.0,0.0
4384.0,0.00011551944771781564,0.0,0.0,0.0,0.003472222222222222,0.023148148148148147
4385.0,0.0005380581133067608,0.0,0.0,0.0,0.006944444444444444,0.046296296296296294
4386.0,0.00011955335503444076,0.0,0.0,0.0,0.003472222222222222,0.023148148148148147
4387.0,0.0,0.0,0.0,0.0,0.0,0.0
4388.0,0.000516322732437402,0.0,0.0,0.0,0.015625,0.10416666666666667
4389.0,0.0005668061203323305,0.0,0.0,0.0,0.017361111111111112,0.11574074074074076
4390.0,1.3786760973744094e-05,0.0,0.0,0.0,0.0,0.0011488967478120078
4391.0,0.00015371387416962534,0.0,0.0,0.0,0.005208333333333333,0.034722222222222224
4392.0,0.00022159241780173033,0.0,0.0,0.0,0.001736111111111111,0.01846603481681086
4393.0,9.999657777370885e-05,0.0,0.0,0.0,0.0,0.008333048147809071
4394.0,0.00050078280037269,0.0,0.0,0.0,0.012152777777777778,0.08101851851851852
4395.0,0.000930895796045661,0.0,0.0,0.0,0.017361111111111112,0.11574074074074076
4396.0,0.0001231787755386904,0.0,0.0,0.0,0.0,0.010264897961557532
4397.0,0.0,0.0,0.0,0.0,0.0,0.0
4398.0,0.0,0.0,0.0,0.0,0.0,0.0
4399.0,0.00014408017159439623,0.0,0.0,0.0,0.003472222222222222,0.023148148148148147
4400.0,0.00010346880299039185,0.0,0.0,0.0,0.003472222222222222,0.023148148148148147
4401.0,0.00025357428239658475,0.0,0.0,0.0,0.0,0.021131190199715395
4402.0,0.0,0.0,0.0,0.0,0.0,0.0
4403.0,0.0,0.0,0.0,0.0,0.0,0.0
4404.0,0.0,0.0,0.0,0.0,0.0,0.0
4405.0,7.608247415191727e-06,0.0,0.0,0.0,0.0,0.0006340206179326439
4406.0,0.0,0.0,0.0,0.0,0.0,0.0
4407.0,0.00022067328973207623,0.0,0.0,0.0,0.001736111111111111,0.018389440811006352
4408.0,0.00010966432455461472,0.0,0.0,0.0,0.0,0.00913869371288456
4409.0,0.0,0.0,0.0,0.0,0.0,0.0
4410.0,0.0,0.0,0.0,0.0,0.0,0.0
4411.0,0.0,0.0,0.0,0.0,0.0,0.0
4412.0,0.0,0.0,0.0,0.0,0.0,0.0
4413.0,3.4381862406007713e-06,0.0,0.0,0.0,0.0,0.00028651552005006425
4414.0,0.0,0.0,0.0,0.0,0.0,0.0
4415.0,0.0,0.0,0.0,0.0,0.0,0.0
4416.0,0.0,0.0,0.0,0.0,0.0,0.0
4417.0,0.0,0.0,0.0,0.0,0.0,0.0
4418.0,0.0,0.0,0.0,0.0,0.0,0.0
4419.0,0.0,0.0,0.0,0.0,0.0,0.0
4420.0,0.0,0.0,0.0,0.0,0.0,0.0
4421.0,0.0,0.0,0.0,0.0,0.0,0.0
4422.0,0.0,0.0,0.0,0.0,0.0,0.0
4423.0,0.0,0.0,0.0,0.0,0.0,0.0
4424.0,0.0,0.0,0.0,0.0,0.0,0.0
4425.0,0.0,0.0,0.0,0.0,0.0,0.0
4426.0,0.0,0.0,0.0,0.0,0.0,0.0
4427.0,0.0,0.0,0.0,0.0,0.0,0.0
4428.0,0.0,0.0,0.0,0.0,0.0,0.0
4429.0,0.0,0.0,0.0,0.0,0.0,0.0
4430.0,0.0,0.0,0.0,0.0,0.0,0.0
4431.0,0.0,0.0,0.0,0.0,0.0,0.0
4432.0,1.5573936252621934e-05,0.0,0.0,0.0,0.0,0.0012978280210518278
4433.0,0.0007494381861761212,0.0,0.0,0.0,0.012152777777777778,0.08101851851851852
4434.0,0.00020918433438055217,0.0,0.0,0.0,0.003472222222222222,0.023148148148148147
4435.0,0.00012375746155157685,0.0,0.0,0.0,0.0,0.010313121795964738
4436.0,2.2126671694877587e-07,0.0,0.0,0.0,0.0,1.8438893079064655e-05
4437.0,0.0,0.0,0.0,0.0,0.0,0.0
4438.0,1.3208063137426507e-05,0.0,0.0,0.0,0.0,0.0011006719281188755
4439.0,9.114581916946918e-05,0.0,0.0,0.0,0.0,0.007595484930789098
4440.0,0.0,0.0,0.0,0.0,0.0,0.0
4441.0,0.0,0.0,0.0,0.0,0.0,0.0
4442.0,0.0,0.0,0.0,0.0,0.0,0.0
4443.0,0.0001182768028229475,0.0,0.0,0.0,0.001736111111111111,0.011574074074074073
4444.0,0.0,0.0,0.0,0.0,0.0,0.0
4445.0,0.0,0.0,0.0,0.0,0.0,0.0
4446.0,1.565903403388802e-06,0.0,0.0,0.0,0.0,0.00013049195028240015
4447.0,0.0,0.0,0.0,0.0,0.0,0.0
4448.0,0.015901174396276474,0.01262634340673685,0.0,0.0,0.3350694444444444,2.2337962962962963
4449.0,0.0,0.0,0.0,0.0,0.0,0.0
4450.0,0.0,0.0,0.0,0.0,0.0,0.0
4451.0,0.0,0.0,0.0,0.0,0.0,0.0
4452.0,0.0,0.0,0.0,0.0,0.0,0.0
4453.0,0.0,0.0,0.0,0.0,0.0,0.0
4454.0,0.0,0.0,0.0,0.0,0.0,0.0
4455.0,0.0,0.0,0.0,0.0,0.0,0.0
4456.0,0.0,0.0,0.0,0.0,0.0,0.0
4457.0,0.0,0.0,0.0,0.0,0.0,0.0
4458.0,0.0,0.0,0.0,0.0,0.0,0.0
4459.0,0.0,0.0,0.0,0.0,0.0,0.0
4460.0,0.0,0.0,0.0,0.0,0.0,0.0
4461.0,0.0,0.0,0.0,0.0,0.0,0.0
4462.0,0.0,0.0,0.0,0.0,0.0,0.0
4463.0,0.0,0.0,0.0,0.0,0.0,0.0
4464.0,0.0,0.0,0.0,0.0,0.0,0.0
4465.0,0.0,0.0,0.0,0.0,0.0,0.0
4466.0,0.0,0.0,0.0,0.0,0.0,0.0
4467.0,0.0,0.0,0.0,0.0,0.0,0.0
4468.0,0.0,0.0,0.0,0.0,0.0,0.0
4469.0,0.0,0.0,0.0,0.0,0.0,0.0
4470.0,0.0,0.0,0.0,0.0,0.0,0.0
4471.0,0.0,0.0,0.0,0.0,0.0,0.0
4472.0,0.0,0.0,0.0,0.0,0.0,0.0
4473.0,0.0,0.0,0.0,0.0,0.0,0.0
4474.0,0.0,0.0,0.0,0.0,0.0,0.0
4475.0,0.00016712621436454356,0.0,0.0,0.0,0.006944444444444444,0.046296296296296294
4476.0,0.00019323593005537987,0.0,0.0,0.0,0.003472222222222222,0.023148148148148147
4477.0,0.000279292551567778,0.0,0.0,0.0,0.006944444444444444,0.046296296296296294
4478.0,9.848172339843586e-05,0.0,0.0,0.0,0.003472222222222222,0.023148148148148147
4479.0,0.00030572569812648,0.0,0.0,0.0,0.006944444444444444,0.046296296296296294
4480.0,0.0003196486213710159,0.0,0.0,0.0,0.005208333333333333,0.034722222222222224
4481.0,0.0002013037446886301,0.0,0.0,0.0,0.003472222222222222,0.023148148148148147
4482.0,0.00025028930394910276,0.0,0.0,0.0,0.003472222222222222,0.023148148148148147
4483.0,0.00018007894686888903,0.0,0.0,0.0,0.006944444444444444,0.046296296296296294
4484.0,0.0003869825159199536,0.0,0.0,0.0,0.003472222222222222,0.032248542993329465
4485.0,6.284040136961266e-05,0.0,0.0,0.0,0.0,0.005236700114134389
4486.0,0.0001460886123823002,0.0,0.0,0.0,0.005208333333333333,0.034722222222222224
4487.0,0.00021212892897892743,0.0,0.0,0.0,0.005208333333333333,0.034722222222222224
4488.0,1.6442008927697316e-05,0.0,0.0,0.0,0.0,0.001370167410641443
4489.0,0.0,0.0,0.0,0.0,0.0,0.0
4490.0,1.702069596376532e-07,0.0,0.0,0.0,0.0,1.4183913303137766e-05
4491.0,0.0,0.0,0.0,0.0,0.0,0.0
4492.0,0.0,0.0,0.0,0.0,0.0,0.0
4493.0,0.0,0.0,0.0,0.0,0.0,0.0
4494.0,0.0,0.0,0.0,0.0,0.0,0.0
4495.0,0.0,0.0,0.0,0.0,0.0,0.0
4496.0,1.702069596376532e-08,0.0,0.0,0.0,0.0,1.4183913303137767e-06
4497.0,0.0,0.0,0.0,0.0,0.0,0.0
4498.0,0.0,0.0,0.0,0.0,0.0,0.0
4499.0,0.0,0.0,0.0,0.0,0.0,0.0
4500.0,0.00023034105834085494,0.0,0.0,0.0,0.005208333333333333,0.034722222222222224
4501.0,0.00019946551765315235,0.0,0.0,0.0,0.005208333333333333,0.034722222222222224
4502.0,0.0002765352255664766,0.0,0.0,0.0,0.005208333333333333,0.034722222222222224
4503.0,0.00015172245912253857,0.0,0.0,0.0,0.005208333333333333,0.034722222222222224
4504.0,0.00024494479293935,0.0,0.0,0.0,0.003472222222222222,0.023148148148148147
4505.0,0.00028904544888064265,0.0,0.0,0.0,0.001736111111111111,0.024087120740053553
4506.0,8.31290744827129e-05,0.0,0.0,0.0,0.001736111111111111,0.011574074074074073
4507.0,0.0002241625334136188,0.0,0.0,0.0,0.005208333333333333,0.034722222222222224
4508.0,0.00012705948029179126,0.0,0.0,0.0,0.001736111111111111,0.011574074074074073
4509.0,3.974332139478065e-05,0.0,0.0,0.0,0.0,0.0033119434495650544
4510.0,8.833740866975859e-05,0.0,0.0,0.0,0.0,0.007361450722479882
4511.0,0.0,0.0,0.0,0.0,0.0,0.0
4512.0,0.0,0.0,0.0,0.0,0.0,0.0
4513.0,7.948675374791492e-06,0.0,0.0,0.0,0.0,0.0006623896145659577
4514.0,0.0,0.0,0.0,0.0,0.0,0.0
4515.0,0.0,0.0,0.0,0.0,0.0,0.0
4516.0,0.0,0.0,0.0,0.0,0.0,0.0
4517.0,0.0,0.0,0.0,0.0,0.0,0.0
4518.0,0.0,0.0,0.0,0.0,0.0,0.0
4519.0,0.0,0.0,0.0,0.0,0.0,0.0
4520.0,0.0,0.0,0.0,0.0,0.0,0.0
4521.0,0.0,0.0,0.0,0.0,0.0,0.0
4522.0,0.0,0.0,0.0,0.0,0.0,0.0
4523.0,0.0,0.0,0.0,0.0,0.0,0.0
4524.0,0.0,0.0,0.0,0.0,0.0,0.0
4525.0,0.0,0.0,0.0,0.0,0.0,0.0
4526.0,0.0,0.0,0.0,0.0,0.0,0.0
4527.0,0.0,0.0,0.0,0.0,0.0,0.0
4528.0,0.0,0.0,0.0,0.0,0.0,0.0
4529.0,0.0,0.0,0.0,0.0,0.0,0.0
4530.0,0.0,0.0,0.0,0.0,0.0,0.0
4531.0,0.0,0.0,0.0,0.0,0.0,0.0
4532.0,0.0,0.0,0.0,0.0,0.0,0.0
4533.0,0.0,0.0,0.0,0.0,0.0,0.0
4534.0,0.0,0.0,0.0,0.0,0.0,0.0
4535.0,0.05236172303557396,0.052263952791690826,0.39138263463974,0.0037081248592585325,0.4236111111111111,4.363476919631164
4536.0,0.0,0.0,0.0,0.0,0.0,0.0
4537.0,0.0,0.0,0.0,0.0,0.0,0.0
4538.0,0.0,0.0,0.0,0.0,0.0,0.0
4539.0,0.0,0.0,0.0,0.0,0.0,0.0
4540.0,0.0,0.0,0.0,0.0,0.0,0.0
4541.0,0.0,0.0,0.0,0.0,0.0,0.0
4542.0,0.0,0.0,0.0,0.0,0.0,0.0
4543.0,0.0,0.0,0.0,0.0,0.0,0.0
4544.0,0.0,0.0,0.0,0.0,0.0,0.0
4545.0,0.0,0.0,0.0,0.0,0.0,0.0
4546.0,0.0,0.0,0.0,0.0,0.0,0.0
4547.0,0.0,0.0,0.0,0.0,0.0,0.0
4548.0,0.0,0.0,0.0,0.0,0.0,0.0
4549.0,0.05197824165225029,0.04875895380973816,0.0,0.00039864087011665106,0.4722222222222222,4.331520137687524
4550.0,4.4059805759388837e-07,3.17627410595378e-07,0.0,0.0,0.0,3.67165047994907e-05
4551.0,0.0,0.0,0.0,0.0,0.0,0.0
4552.0,0.0,0.0,0.0,0.0,0.0,0.0
4553.0,0.0,0.0,0.0,0.0,0.0,0.0
4554.0,0.0,0.0,0.0,0.0,0.0,0.0
4555.0,0.0,0.0,0.0,0.0,0.0,0.0
4556.0,0.0,0.0,0.0,0.0,0.0,0.0
4557.0,0.0,0.0,0.0,0.0,0.0,0.0
4558.0,0.0,0.0,0.0,0.0,0.0,0.0
4559.0,0.0,0.0,0.0,0.0,0.0,0.0
4560.0,0.0,0.0,0.0,0.0,0.0,0.0
4561.0,0.0,0.0,0.0,0.0,0.0,0.0
4562.0,0.0,0.0,0.0,0.0,0.0,0.0
4563.0,0.0,0.0,0.0,0.0,0.0,0.0
4564.0,0.0,0.0,0.0,0.0,0.0,0.0
4565.0,0.0,0.0,0.0,0.0,0.0,0.0
4566.0,0.0,0.0,0.0,0.0,0.0,0.0
4567.0,0.0,0.0,0.0,0.0,0.0,0.0
4568.0,0.0,0.0,0.0,0.0,0.0,0.0
4569.0,0.0,0.0,0.0,0.0,0.0,0.0
4570.0,0.0,0.0,0.0,0.0,0.0,0.0
4571.0,0.0,0.0,0.0,0.0,0.0,0.0
4572.0,0.0,0.0,0.0,0.0,0.0,0.0
4573.0,0.0,0.0,0.0,0.0,0.0,0.0
4574.0,4.4059805759388837e-07,3.17627410595378e-07,0.0,0.0,0.0,3.67165047994907e-05
4575.0,4.4059805759388837e-07,3.17627410595378e-07,0.0,0.0,0.0,3.67165047994907e-05
4576.0,0.0,0.0,0.0,0.0,0.0,0.0
4577.0,0.0,0.0,0.0,0.0,0.0,0.0
4578.0,0.0,0.0,0.0,0.0,0.0,0.0
4579.0,0.0,0.0,0.0,0.0,0.0,0.0
4580.0,0.0,0.0,0.0,0.0,0.0,0.0
4581.0,0.0,0.0,0.0,0.0,0.0,0.0
4582.0,0.0,0.0,0.0,0.0,0.0,0.0
4583.0,0.0,0.0,0.0,0.0,0.0,0.0
4584.0,0.0,0.0,0.0,0.0,0.0,0.0
4585.0,0.0,0.0,0.0,0.0,0.0,0.0
4586.0,0.0,0.0,0.0,0.0,0.0,0.0
4587.0,0.0,0.0,0.0,0.0,0.0,0.0
4588.0,0.0,0.0,0.0,0.0,0.0,0.0
4589.0,0.0,0.0,0.0,0.0,0.0,0.0
4590.0,0.0,0.0,0.0,0.0,0.0,0.0
4591.0,0.0,0.0,0.0,0.0,0.0,0.0
4592.0,0.0,0.0,0.0,0.0,0.0,0.0
4593.0,0.0,0.0,0.0,0.0,0.0,0.0
4594.0,0.0,0.0,0.0,0.0,0.0,0.0
4595.0,0.0,0.0,0.0,0.0,0.0,0.0
4596.0,0.0,0.0,0.0,0.0,0.0,0.0
4597.0,0.0,0.0,0.0,0.0,0.0,0.0
4598.0,0.0,0.0,0.0,0.0,0.0,0.0
4599.0,4.4059805759388837e-07,3.17627410595378e-07,0.0,0.0,0.0,3.67165047994907e-05
4600.0,4.4059805759388837e-07,3.17627410595378e-07,0.0,0.0,0.0,3.67165047994907e-05
4601.0,0.0,0.0,0.0,0.0,0.0,0.0
4602.0,0.0,0.0,0.0,0.0,0.0,0.0
4603.0,0.0,0.0,0.0,0.0,0.0,0.0
4604.0,0.0,0.0,0.0,0.0,0.0,0.0
4605.0,0.0,0.0,0.0,0.0,0.0,0.0
4606.0,0.0,0.0,0.0,0.0,0.0,0.0
4607.0,0.0,0.0,0.0,0.0,0.0,0.0
4608.0,0.0,0.0,0.0,0.0,0.0,0.0
4609.0,0.0,0.0,0.0,0.0,0.0,0.0
4610.0,0.0,0.0,0.0,0.0,0.0,0.0
4611.0,0.0,0.0,0.0,0.0,0.0,0.0
4612.0,0.0,0.0,0.0,0.0,0.0,0.0
4613.0,0.0,0.0,0.0,0.0,0.0,0.0
4614.0,0.0,0.0,0.0,0.0,0.0,0.0
4615.0,0.0,0.0,0.0,0.0,0.0,0.0
4616.0,0.0,0.0,0.0,0.0,0.0,0.0
4617.0,0.0,0.0,0.0,0.0,0.0,0.0
4618.0,0.0,0.0,0.0,0.0,0.0,0.0
4619.0,0.0,0.0,0.0,0.0,0.0,0.0
4620.0,0.0,0.0,0.0,0.0,0.0,0.0
4621.0,0.0,0.0,0.0,0.0,0.0,0.0
4622.0,0.0,0.0,0.0,0.0,0.0,0.0
4623.0,0.0,0.0,0.0,0.0,0.0,0.0
4624.0,4.4059805759388837e-07,3.17627410595378e-07,0.0,0.0,0.0,3.67165047994907e-05
4625.0,4.4059805759388837e-07,3.17627410595378e-07,0.0,0.0,0.0,3.67165047994907e-05
4626.0,0.0,0.0,0.0,0.0,0.0,0.0
4627.0,0.0,0.0,0.0,0.0,0.0,0.0
4628.0,0.0,0.0,0.0,0.0,0.0,0.0
4629.0,0.0,0.0,0.0,0.0,0.0,0.0
4630.0,0.0,0.0,0.0,0.0,0.0,0.0
4631.0,0.0,0.0,0.0,0.0,0.0,0.0
4632.0,0.0,0.0,0.0,0.0,0.0,0.0
4633.0,0.0,0.0,0.0,0.0,0.0,0.0
4634.0,3.0024501029402018e-05,0.0,0.0,0.0,0.001736111111111111,0.011574074074074073
4635.0,0.00039779063081368804,0.0,0.0,0.0,0.006944444444444444,0.046296296296296294
4636.0,0.00010072845907416195,0.0,0.0,0.0,0.0,0.008394038256180162
4637.0,6.341911648632959e-05,0.0,0.0,0.0,0.0,0.005284926373860799
4638.0,2.161628572139307e-06,0.0,0.0,0.0,0.0,0.00018013571434494224
4639.0,0.0,0.0,0.0,0.0,0.0,0.0
4640.0,0.0,0.0,0.0,0.0,0.0,0.0
4641.0,6.3146785578283016e-06,0.0,0.0,0.0,0.0,0.0005262232131523584
4642.0,0.0,0.0,0.0,0.0,0.0,0.0
4643.0,0.0,0.0,0.0,0.0,0.0,0.0
4644.0,0.0,0.0,0.0,0.0,0.0,0.0
4645.0,0.0,0.0,0.0,0.0,0.0,0.0
4646.0,0.0,0.0,0.0,0.0,0.0,0.0
4647.0,0.0,0.0,0.0,0.0,0.0,0.0
4648.0,0.0,0.0,0.0,0.0,0.0,0.0
4649.0,4.4059805759388837e-07,3.17627410595378e-07,0.0,0.0,0.0,3.67165047994907e-05
4650.0,4.4059805759388837e-07,3.17627410595378e-07,0.0,0.0,0.0,3.67165047994907e-05
4651.0,0.0,0.0,0.0,0.0,0.0,0.0
4652.0,0.9442739486694336,0.9650489687919617,0.600821316242218,0.9883571267127991,0.5,123.54464083909988
4653.0,0.0,0.0,0.0,0.0,0.0,0.0
4654.0,0.0,0.0,0.0,0.0,0.0,0.0
