timestamp_s,full_change,title_change,header_change,counter_change,hash_change,candidate_score
1.0,1.5080182436122413e-08,9.75099325728479e-08,0.0,0.0,0.0,2.4377483143211975e-06
2.0,0.0,0.0,0.0,0.0,0.0,0.0
3.0,0.0,0.0,0.0,0.0,0.0,0.0
4.0,0.0,0.0,0.0,0.0,0.0,0.0
5.0,0.0,0.0,0.0,0.0,0.0,0.0
6.0,0.0,0.0,0.0,0.0,0.0,0.0
7.0,0.0,0.0,0.0,0.0,0.0,0.0
8.0,0.00019515040912665427,0.00018098752480000257,0.0005104800220578909,0.00014810146240051836,0.0,0.018512682800064795
9.0,1.791244130799896e-06,7.154969352995977e-06,1.3635200275530224e-06,0.0,0.0,0.00017887423382489942
10.0,0.032824739813804626,0.00923643447458744,0.0,0.00042121869046241045,0.2690972222222222,2.735394984483719
11.0,1.0645085239957552e-05,3.881666543747997e-06,0.0,0.0,0.0,0.0008870904366631294
12.0,0.0,0.0,0.0,0.0,0.0,0.0
13.0,0.0,0.0,0.0,0.0,0.0,0.0
14.0,0.0,0.0,0.0,0.0,0.0,0.0
15.0,0.0,0.0,0.0,0.0,0.0,0.0
16.0,0.0,0.0,0.0,0.0,0.0,0.0
17.0,0.0,0.0,0.0,0.0,0.0,0.0
18.0,0.0001674089435255155,3.1893137929728255e-05,7.185251433838857e-07,4.8044857976492494e-05,0.0,0.013950745293792957
19.0,6.788860105189087e-07,6.227006110748334e-07,7.185251433838857e-07,0.0,0.0,5.657383420990906e-05
20.0,0.0,0.0,0.0,0.0,0.0,0.0
21.0,0.0,0.0,0.0,0.0,0.0,0.0
22.0,0.0,0.0,0.0,0.0,0.0,0.0
23.0,0.0,0.0,0.0,0.0,0.0,0.0
24.0,0.0,0.0,0.0,0.0,0.0,0.0
25.0,0.0,0.0,0.0,0.0,0.0,0.0
26.0,0.0,0.0,0.0,0.0,0.0,0.0
27.0,0.0,0.0,0.0,0.0,0.0,0.0
28.0,0.0,0.0,0.0,0.0,0.0,0.0
29.0,0.0,0.0,0.0,0.0,0.0,0.0
30.0,0.0,0.0,0.0,0.0,0.0,0.0
31.0,0.0,0.0,0.0,0.0,0.0,0.0
32.0,0.0,0.0,0.0,0.0,0.0,0.0
33.0,0.0,0.0,0.0,0.0,0.0,0.0
34.0,0.0,0.0,0.0,0.0,0.0,0.0
35.0,0.0,0.0,0.0,0.0,0.0,0.0
36.0,0.0,0.0,0.0,0.0,0.0,0.0
37.0,0.0,0.0,0.0,0.0,0.0,0.0
38.0,0.0,0.0,0.0,0.0,0.0,0.0
39.0,0.0,0.0,0.0,0.0,0.0,0.0
40.0,0.0,0.0,0.0,0.0,0.0,0.0
41.0,0.0,0.0,0.0,0.0,0.0,0.0
42.0,0.0,0.0,0.0,0.0,0.0,0.0
43.0,6.788860105189087e-07,6.227006110748334e-07,7.185251433838857e-07,0.0,0.0,5.657383420990906e-05
44.0,6.788860105189087e-07,6.227006110748334e-07,7.185251433838857e-07,0.0,0.0,5.657383420990906e-05
45.0,0.0,0.0,0.0,0.0,0.0,0.0
46.0,0.0,0.0,0.0,0.0,0.0,0.0
47.0,0.0,0.0,0.0,0.0,0.0,0.0
48.0,0.0,0.0,0.0,0.0,0.0,0.0
49.0,0.0,0.0,0.0,0.0,0.0,0.0
50.0,0.0,0.0,0.0,0.0,0.0,0.0
51.0,0.0,0.0,0.0,0.0,0.0,0.0
52.0,0.0,0.0,0.0,0.0,0.0,0.0
53.0,0.0,0.0,0.0,0.0,0.0,0.0
54.0,0.0,0.0,0.0,0.0,0.0,0.0
55.0,0.0,0.0,0.0,0.0,0.0,0.0
56.0,0.0,0.0,0.0,0.0,0.0,0.0
57.0,0.0,0.0,0.0,0.0,0.0,0.0
58.0,0.0,0.0,0.0,0.0,0.0,0.0
59.0,0.0,0.0,0.0,0.0,0.0,0.0
60.0,0.0,0.0,0.0,0.0,0.0,0.0
61.0,0.0,0.0,0.0,0.0,0.0,0.0
62.0,0.0,0.0,0.0,0.0,0.0,0.0
63.0,0.0,0.0,0.0,0.0,0.0,0.0
64.0,0.0,0.0,0.0,0.0,0.0,0.0
65.0,0.0,0.0,0.0,0.0,0.0,0.0
66.0,0.0,0.0,0.0,0.0,0.0,0.0
67.0,0.0,0.0,0.0,0.0,0.0,0.0
68.0,6.788860105189087e-07,6.227006110748334e-07,7.185251433838857e-07,0.0,0.0,5.657383420990906e-05
69.0,6.788860105189087e-07,6.227006110748334e-07,7.185251433838857e-07,0.0,0.0,5.657383420990906e-05
70.0,0.0,0.0,0.0,0.0,0.0,0.0
71.0,0.0,0.0,0.0,0.0,0.0,0.0
72.0,0.0,0.0,0.0,0.0,0.0,0.0
73.0,0.0,0.0,0.0,0.0,0.0,0.0
74.0,0.0,0.0,0.0,0.0,0.0,0.0
75.0,0.0,0.0,0.0,0.0,0.0,0.0
76.0,0.0,0.0,0.0,0.0,0.0,0.0
77.0,0.0,0.0,0.0,0.0,0.0,0.0
78.0,0.0,0.0,0.0,0.0,0.0,0.0
79.0,0.0,0.0,0.0,0.0,0.0,0.0
80.0,0.0,0.0,0.0,0.0,0.0,0.0
81.0,0.0,0.0,0.0,0.0,0.0,0.0
82.0,0.0,0.0,0.0,0.0,0.0,0.0
83.0,0.0,0.0,0.0,0.0,0.0,0.0
84.0,0.0,0.0,0.0,0.0,0.0,0.0
85.0,0.000481668597785756,0.0,0.0,0.0,0.013888888888888888,0.09259259259259259
86.0,0.0006206305115483701,0.0,1.7053667988875532e-06,0.0,0.012152777777777778,0.08101851851851852
87.0,0.000584507710300386,0.0,0.0,0.0,0.005208333333333333,0.0487089758583655
88.0,6.774233952455688e-06,0.0,0.0,0.0,0.0,0.000564519496037974
89.0,0.00029561540577560663,0.0,0.0,0.0,0.006944444444444444,0.046296296296296294
90.0,3.4041523377936755e-08,0.0,0.0,0.0,0.0,2.836793614828063e-06
91.0,0.0,0.0,0.0,0.0,0.0,0.0
92.0,0.0001408802781952545,0.0,0.0,0.0,0.005208333333333333,0.034722222222222224
93.0,0.000768844794947654,6.227006110748334e-07,2.4238920559582766e-06,0.0,0.015625,0.10416666666666667
94.0,0.0006386996246874332,6.227006110748334e-07,7.185251433838857e-07,0.0,0.008680555555555556,0.05787037037037038
95.0,0.0003833570808637887,0.0,0.0,0.0,0.006944444444444444,0.046296296296296294
96.0,0.0,0.0,0.0,0.0,0.0,0.0
97.0,0.0,0.0,0.0,0.0,0.0,0.0
98.0,0.0,0.0,0.0,0.0,0.0,0.0
99.0,0.0,0.0,0.0,0.0,0.0,0.0
100.0,0.0,0.0,0.0,0.0,0.0,0.0
101.0,0.0,0.0,0.0,0.0,0.0,0.0
102.0,1.2050668374286033e-05,0.0,0.0,0.0,0.0,0.0010042223645238362
103.0,0.0,0.0,0.0,0.0,0.0,0.0
104.0,0.0,0.0,0.0,0.0,0.0,0.0
105.0,0.0,0.0,0.0,0.0,0.0,0.0
106.0,6.7572141233540606e-06,0.0,0.0,0.0,0.0,0.0005631011769461717
107.0,0.00017073458002414554,0.0,0.0,0.0,0.001736111111111111,0.014227881668678794
108.0,0.00011810660362243652,0.0,0.0,0.0,0.001736111111111111,0.011574074074074073
109.0,0.000325367582263425,0.0,0.0,0.0,0.001736111111111111,0.02711396518861875
110.0,9.310334462497849e-06,0.0,0.0,0.0,0.0,0.000775861205208154
111.0,0.00014341635687742382,0.0,0.0,0.0,0.008680555555555556,0.05787037037037038
112.0,0.0003169253177475184,0.0,0.0,0.0,0.010416666666666666,0.06944444444444445
113.0,0.0008811953593976796,0.0,0.0,0.0,0.017361111111111112,0.11574074074074076
114.0,0.00017941514670383185,0.0,0.0,0.0,0.001736111111111111,0.01495126222531932
115.0,0.0007923368830233812,1.2568764304887736e-06,6.351215688482625e-06,0.0,0.010416666666666666,0.06944444444444445
116.0,0.00046020554145798087,0.0,0.0,0.0,0.001736111111111111,0.03835046178816507
117.0,5.276414867694257e-06,0.0,0.0,0.0,0.0,0.0004397012389745214
118.0,2.4365726858377457e-05,2.3632626380276633e-06,3.715429556905292e-05,0.0,0.0,0.0020304772381981215
119.0,2.8880234822281636e-05,6.227006110748334e-07,6.817624580435222e-07,0.0,0.003472222222222222,0.023148148148148147
120.0,2.6994819563697092e-05,0.0,0.0,0.0,0.001736111111111111,0.011574074074074073
121.0,0.0,0.0,0.0,0.0,0.0,0.0
122.0,0.0,0.0,0.0,0.0,0.0,0.0
123.0,0.0,0.0,0.0,0.0,0.0,0.0
124.0,0.0,0.0,0.0,0.0,0.0,0.0
125.0,0.0,0.0,0.0,0.0,0.0,0.0
126.0,0.0,0.0,0.0,0.0,0.0,0.0
127.0,2.134397618647199e-06,4.861110483034281e-07,3.0121314921416342e-05,0.0,0.0,0.00017786646822059993
128.0,0.0,0.0,0.0,0.0,0.0,0.0
129.0,0.0,0.0,0.0,0.0,0.0,0.0
130.0,0.0,0.0,0.0,0.0,0.0,0.0
131.0,0.0,0.0,0.0,0.0,0.0,0.0
132.0,0.0,0.0,0.0,0.0,0.0,0.0
133.0,0.0,0.0,0.0,0.0,0.0,0.0
134.0,0.0,0.0,0.0,0.0,0.0,0.0
135.0,0.007239429745823145,0.0,0.0,0.0,0.125,0.8333333333333334
136.0,0.0,0.0,0.0,0.0,0.0,0.0
137.0,0.0,0.0,0.0,0.0,0.0,0.0
138.0,0.0,0.0,0.0,0.0,0.0,0.0
139.0,0.0,0.0,0.0,0.0,0.0,0.0
140.0,0.0,0.0,0.0,0.0,0.0,0.0
141.0,0.0,0.0,0.0,0.0,0.0,0.0
142.0,0.0,0.0,0.0,0.0,0.0,0.0
143.0,1.3779416576653603e-06,6.227006110748334e-07,7.185251433838857e-07,0.0,0.0,0.00011482847147211335
144.0,6.788860105189087e-07,6.227006110748334e-07,7.185251433838857e-07,0.0,0.0,5.657383420990906e-05
145.0,0.033065345138311386,0.002267018426209688,0.0,0.00039515114622190595,0.1996527777777778,2.7554454281926155
146.0,0.0,0.0,0.0,0.0,0.0,0.0
147.0,0.0,0.0,0.0,0.0,0.0,0.0
148.0,0.0,0.0,0.0,0.0,0.0,0.0
149.0,0.0,0.0,0.0,0.0,0.0,0.0
150.0,0.0,0.0,0.0,0.0,0.0,0.0
151.0,0.0,0.0,0.0,0.0,0.0,0.0
152.0,0.0,0.0,0.0,0.0,0.0,0.0
153.0,0.0,0.0,0.0,0.0,0.0,0.0
154.0,0.0,0.0,0.0,0.0,0.0,0.0
155.0,0.0,0.0,0.0,0.0,0.0,0.0
156.0,0.0,0.0,0.0,0.0,0.0,0.0
157.0,0.0,0.0,0.0,0.0,0.0,0.0
158.0,0.0,0.0,0.0,0.0,0.0,0.0
159.0,0.0,0.0,0.0,0.0,0.0,0.0
160.0,0.0,0.0,0.0,0.0,0.0,0.0
161.0,5.636237006001465e-07,3.1762323260409175e-07,3.960277581427363e-07,0.0,0.0,4.696864171667888e-05
162.0,5.636237006001465e-07,3.1762323260409175e-07,3.960277581427363e-07,0.0,0.0,4.696864171667888e-05
163.0,0.0,0.0,0.0,0.0,0.0,0.0
164.0,0.0,0.0,0.0,0.0,0.0,0.0
165.0,0.00015092248213477433,0.0,0.0,0.0,0.003472222222222222,0.023148148148148147
166.0,9.570735710440204e-05,0.0,0.0,0.0,0.0,0.007975613092033504
167.0,0.0,0.0,0.0,0.0,0.0,0.0
168.0,0.0,0.0,0.0,0.0,0.0,0.0
169.0,9.415848035132512e-05,0.0,0.0,0.0,0.003472222222222222,0.023148148148148147
170.0,0.00011431096936576068,0.0,0.0,0.0,0.0,0.009525914113813391
171.0,0.0,0.0,0.0,0.0,0.0,0.0
172.0,0.0,0.0,0.0,0.0,0.0,0.0
173.0,0.0,0.0,0.0,0.0,0.0,0.0
174.0,0.0,0.0,0.0,0.0,0.0,0.0
175.0,0.0,0.0,0.0,0.0,0.0,0.0
176.0,0.00015846267342567444,0.0,0.0,0.0,0.0,0.01320522278547287
177.0,6.53764873277396e-05,0.0,0.0,0.0,0.0,0.005448040610644966
178.0,3.506263965391554e-06,0.0,0.0,0.0,0.0,0.0002921886637826295
179.0,0.0,0.0,0.0,0.0,0.0,0.0
180.0,0.0,0.0,0.0,0.0,0.0,0.0
181.0,0.0,0.0,0.0,0.0,0.0,0.0
182.0,0.0,0.0,0.0,0.0,0.0,0.0
183.0,6.488287908723578e-05,0.0,0.0,0.0,0.0,0.005406906590602982
184.0,0.00033035464002750814,0.0,0.0,0.0,0.005208333333333333,0.034722222222222224
185.0,0.0,0.0,0.0,0.0,0.0,0.0
186.0,6.418747489078669e-06,3.1762323260409175e-07,3.960277581427363e-07,0.0,0.0,0.0005348956240898891
187.0,5.636237006001465e-07,3.1762323260409175e-07,3.960277581427363e-07,0.0,0.0,4.696864171667888e-05
188.0,0.0,0.0,0.0,0.0,0.0,0.0
189.0,0.0,0.0,0.0,0.0,0.0,0.0
190.0,0.0,0.0,0.0,0.0,0.0,0.0
191.0,0.0,0.0,0.0,0.0,0.0,0.0
192.0,0.0,0.0,0.0,0.0,0.0,0.0
193.0,0.0,0.0,0.0,0.0,0.0,0.0
194.0,0.0,0.0,0.0,0.0,0.0,0.0
195.0,0.0010651209158822894,0.0,0.0,0.0,0.012152777777777778,0.08876007632352412
196.0,0.0,0.0,0.0,0.0,0.0,0.0
197.0,0.0,0.0,0.0,0.0,0.0,0.0
198.0,0.0,0.0,0.0,0.0,0.0,0.0
199.0,0.0,0.0,0.0,0.0,0.0,0.0
200.0,0.0,0.0,0.0,0.0,0.0,0.0
201.0,2.1650321286870167e-05,0.0,0.0,0.0,0.0,0.0018041934405725137
202.0,0.0005371050210669637,0.0,0.0,0.0,0.0,0.044758751755580306
203.0,0.0001490161957917735,0.0,0.0,0.0,0.0,0.012418016315981125
204.0,0.0,0.0,0.0,0.0,0.0,0.0
205.0,0.0,0.0,0.0,0.0,0.0,0.0
206.0,0.00020346537348814309,0.0,0.0,0.0,0.0,0.01695544779067859
207.0,0.00012443828745745122,0.0,0.0,0.0,0.0,0.010369857288120935
208.0,0.0,0.0,0.0,0.0,0.0,0.0
209.0,0.0,0.0,0.0,0.0,0.0,0.0
210.0,0.0,0.0,0.0,0.0,0.0,0.0
211.0,0.00103174545802176,3.1762323260409175e-07,3.960277581427363e-07,0.0,0.0,0.08597878816848
212.0,5.636237006001465e-07,3.1762323260409175e-07,3.960277581427363e-07,0.0,0.0,4.696864171667888e-05
213.0,0.0,0.0,0.0,0.0,0.0,0.0
214.0,5.320669151842594e-05,0.0,0.0,0.0,0.0,0.004433890959868829
215.0,0.00014367168478202075,0.0,0.0,0.0,0.0,0.01197264039850173
216.0,0.00015158629685174674,0.0,0.0,0.0,0.0,0.012632191404312229
217.0,2.2433277990785427e-05,0.0,0.0,0.0,0.0,0.0018694398325654522
218.0,0.00013842929911334068,0.0,0.0,0.0,0.0,0.011535774926111722
219.0,0.0,0.0,0.0,0.0,0.0,0.0
220.0,7.046567134239012e-06,0.0,0.0,0.0,0.0,0.000587213927853251
221.0,0.0,0.0,0.0,0.0,0.0,0.0
222.0,0.0,0.0,0.0,0.0,0.0,0.0
223.0,0.0,0.0,0.0,0.0,0.0,0.0
224.0,0.0,0.0,0.0,0.0,0.0,0.0
225.0,0.0,0.0,0.0,0.0,0.0,0.0
226.0,0.0,0.0,0.0,0.0,0.0,0.0
227.0,0.0,0.0,0.0,0.0,0.0,0.0
228.0,0.0,0.0,0.0,0.0,0.0,0.0
229.0,0.0,0.0,0.0,0.0,0.0,0.0
230.0,0.0005095996311865747,0.0,0.0,0.0,0.0,0.04246663593221456
231.0,0.03409980237483978,0.003574787639081478,0.0,0.00023745825455989689,0.14930555555555555,2.841650197903315
232.0,0.0,0.0,0.0,0.0,0.0,0.0
233.0,0.0,0.0,0.0,0.0,0.0,0.0
234.0,0.0,0.0,0.0,0.0,0.0,0.0
235.0,0.0,0.0,0.0,0.0,0.0,0.0
236.0,0.0,0.0,0.0,0.0,0.0,0.0
237.0,0.0,0.0,0.0,0.0,0.0,0.0
238.0,0.0,0.0,0.0,0.0,0.0,0.0
239.0,0.0,0.0,0.0,0.0,0.0,0.0
240.0,0.0,0.0,0.0,0.0,0.0,0.0
241.0,0.0,0.0,0.0,0.0,0.0,0.0
242.0,0.0,0.0,0.0,0.0,0.0,0.0
243.0,0.0,0.0,0.0,0.0,0.0,0.0
244.0,0.0,0.0,0.0,0.0,0.0,0.0
245.0,0.0,0.0,0.0,0.0,0.0,0.0
246.0,0.0,0.0,0.0,0.0,0.0,0.0
247.0,1.381053067461835e-07,3.1762323260409175e-07,3.960277581427363e-07,0.0,0.0,1.1508775562181958e-05
248.0,1.381053067461835e-07,3.1762323260409175e-07,3.960277581427363e-07,0.0,0.0,1.1508775562181958e-05
249.0,0.0,0.0,0.0,0.0,0.0,0.0
250.0,0.0,0.0,0.0,0.0,0.0,0.0
251.0,0.0,0.0,0.0,0.0,0.0,0.0
252.0,0.0,0.0,0.0,0.0,0.0,0.0
253.0,0.0,0.0,0.0,0.0,0.0,0.0
254.0,0.0,0.0,0.0,0.0,0.0,0.0
255.0,0.0,0.0,0.0,0.0,0.0,0.0
256.0,0.0,0.0,0.0,0.0,0.0,0.0
257.0,0.0,0.0,0.0,0.0,0.0,0.0
258.0,0.0,0.0,0.0,0.0,0.0,0.0
259.0,0.0,0.0,0.0,0.0,0.0,0.0
260.0,0.0,0.0,0.0,0.0,0.0,0.0
261.0,0.0,0.0,0.0,0.0,0.0,0.0
262.0,0.0,0.0,0.0,0.0,0.0,0.0
263.0,0.0,0.0,0.0,0.0,0.0,0.0
264.0,0.0,0.0,0.0,0.0,0.0,0.0
265.0,0.0,0.0,0.0,0.0,0.0,0.0
266.0,0.0,0.0,0.0,0.0,0.0,0.0
267.0,0.0,0.0,0.0,0.0,0.0,0.0
268.0,0.0,0.0,0.0,0.0,0.0,0.0
269.0,0.0,0.0,0.0,0.0,0.0,0.0
270.0,0.0,0.0,0.0,0.0,0.0,0.0
271.0,0.0,0.0,0.0,0.0,0.0,0.0
272.0,1.381053067461835e-07,3.1762323260409175e-07,3.960277581427363e-07,0.0,0.0,1.1508775562181958e-05
273.0,1.381053067461835e-07,3.1762323260409175e-07,3.960277581427363e-07,0.0,0.0,1.1508775562181958e-05
274.0,0.0,0.0,0.0,0.0,0.0,0.0
275.0,0.0,0.0,0.0,0.0,0.0,0.0
276.0,0.0,0.0,0.0,0.0,0.0,0.0
277.0,0.0,0.0,0.0,0.0,0.0,0.0
278.0,0.0,0.0,0.0,0.0,0.0,0.0
279.0,0.0,0.0,0.0,0.0,0.0,0.0
280.0,0.0,0.0,0.0,0.0,0.0,0.0
281.0,0.0,0.0,0.0,0.0,0.0,0.0
282.0,0.0,0.0,0.0,0.0,0.0,0.0
283.0,0.0,0.0,0.0,0.0,0.0,0.0
284.0,0.0,0.0,0.0,0.0,0.0,0.0
285.0,0.0,0.0,0.0,0.0,0.0,0.0
286.0,0.0,0.0,0.0,0.0,0.0,0.0
287.0,0.00017374721937812865,0.0,0.0,0.0,0.006944444444444444,0.046296296296296294
288.0,9.36648721108213e-05,0.0,0.0,0.0,0.001736111111111111,0.011574074074074073
289.0,0.0002562975569162518,0.0,0.0,0.0,0.003472222222222222,0.023148148148148147
290.0,0.00021633300639223307,0.0,0.0,0.0,0.006944444444444444,0.046296296296296294
291.0,0.0007364173070527613,0.0,0.0,0.0,0.020833333333333332,0.1388888888888889
292.0,0.000595571065787226,0.0,0.0,0.0,0.013888888888888888,0.09259259259259259
293.0,0.0005694443825632334,0.0,0.0,0.0,0.010416666666666666,0.06944444444444445
294.0,8.689064998179674e-05,0.0,0.0,0.0,0.0,0.007240887498483062
295.0,0.00024392356863245368,0.0,0.0,0.0,0.003472222222222222,0.023148148148148147
296.0,0.0,0.0,0.0,0.0,0.0,0.0
297.0,0.00020450558804441243,3.1762323260409175e-07,3.960277581427363e-07,0.0,0.0,0.01704213233703437
298.0,3.593739563712006e-07,3.1762323260409175e-07,3.960277581427363e-07,0.0,0.0,2.994782969760005e-05
299.0,0.00017752584244590253,0.0,0.0,0.0,0.001736111111111111,0.01479382020382521
300.0,0.00037324678851291537,0.0,0.0,0.0,0.003472222222222222,0.031103899042742945
301.0,0.00013938246411271393,0.0,0.0,0.0,0.001736111111111111,0.011615205342726162
302.0,0.0,0.0,0.0,0.0,0.0,0.0
303.0,0.0,0.0,0.0,0.0,0.0,0.0
304.0,0.0,0.0,0.0,0.0,0.0,0.0
305.0,0.00016891336417756975,0.0,0.0,0.0,0.0,0.014076113681464145
306.0,0.00039142489549703896,0.0,0.0,0.0,0.0,0.032618741291419916
307.0,0.0003972970589529723,0.0,0.0,0.0,0.005208333333333333,0.034722222222222224
308.0,0.00017502380069345236,0.0,0.0,0.0,0.0,0.014585316724454362
309.0,0.0004529717261902988,0.0,0.0,0.0,0.0,0.03774764384919157
310.0,8.510387061733127e-08,0.0,0.0,0.0,0.0,7.091989218110939e-06
311.0,0.0,0.0,0.0,0.0,0.0,0.0
312.0,0.0,0.0,0.0,0.0,0.0,0.0
313.0,0.0,0.0,0.0,0.0,0.0,0.0
314.0,1.8110022210748866e-05,0.0,0.0,0.0,0.0,0.0015091685175624054
315.0,0.0,0.0,0.0,0.0,0.0,0.0
316.0,0.0,0.0,0.0,0.0,0.0,0.0
317.0,0.0,0.0,0.0,0.0,0.0,0.0
318.0,0.0,0.0,0.0,0.0,0.0,0.0
319.0,0.0,0.0,0.0,0.0,0.0,0.0
320.0,0.0,0.0,0.0,0.0,0.0,0.0
321.0,0.0,0.0,0.0,0.0,0.0,0.0
322.0,1.381053067461835e-07,3.1762323260409175e-07,3.960277581427363e-07,0.0,0.0,1.1508775562181958e-05
323.0,1.381053067461835e-07,3.1762323260409175e-07,3.960277581427363e-07,0.0,0.0,1.1508775562181958e-05
324.0,0.0,0.0,0.0,0.0,0.0,0.0
325.0,0.0,0.0,0.0,0.0,0.0,0.0
326.0,0.0,0.0,0.0,0.0,0.0,0.0
327.0,0.0,0.0,0.0,0.0,0.0,0.0
328.0,0.0,0.0,0.0,0.0,0.0,0.0
329.0,0.0,0.0,0.0,0.0,0.0,0.0
330.0,0.0,0.0,0.0,0.0,0.0,0.0
331.0,0.0,0.0,0.0,0.0,0.0,0.0
332.0,0.0,0.0,0.0,0.0,0.0,0.0
333.0,0.0,0.0,0.0,0.0,0.0,0.0
334.0,0.0,0.0,0.0,0.0,0.0,0.0
335.0,0.0002429023152217269,0.0,0.0,0.0,0.010416666666666666,0.06944444444444445
336.0,0.00020474192569963634,0.0,0.0,0.0,0.0,0.01706182714163636
337.0,0.0,0.0,0.0,0.0,0.0,0.0
338.0,0.0,0.0,0.0,0.0,0.0,0.0
339.0,4.1360344766872e-06,0.0,0.0,0.0,0.0,0.0003446695397239334
340.0,9.05330671230331e-05,0.0,0.0,0.0,0.001736111111111111,0.011574074074074073
341.0,0.00026278250152245164,0.0,0.0,0.0,0.003472222222222222,0.023148148148148147
342.0,0.0,0.0,0.0,0.0,0.0,0.0
343.0,0.0,0.0,0.0,0.0,0.0,0.0
344.0,0.0,0.0,0.0,0.0,0.0,0.0
345.0,0.0,0.0,0.0,0.0,0.0,0.0
346.0,0.0,0.0,0.0,0.0,0.0,0.0
347.0,0.0005450386088341475,3.1762323260409175e-07,3.960277581427363e-07,0.0,0.010416666666666666,0.06944444444444445
348.0,0.0007338491268455982,3.1762323260409175e-07,3.960277581427363e-07,0.0,0.013888888888888888,0.09259259259259259
349.0,0.00036630232352763414,0.0,0.0,0.0,0.006944444444444444,0.046296296296296294
350.0,0.0,0.0,0.0,0.0,0.0,0.0
351.0,0.0,0.0,0.0,0.0,0.0,0.0
352.0,0.0001299870345974341,0.0,0.0,0.0,0.0,0.010832252883119509
353.0,5.3802414186066017e-05,0.0,0.0,0.0,0.0,0.004483534515505501
354.0,4.607501978171058e-05,0.0,0.0,0.0,0.0,0.0038395849818092147
355.0,0.000108779247966595,0.0,0.0,0.0,0.0,0.009064937330549583
356.0,6.55126350466162e-05,0.0,0.0,0.0,0.0,0.005459386253884683
357.0,0.0,0.0,0.0,0.0,0.0,0.0
358.0,0.0,0.0,0.0,0.0,0.0,0.0
359.0,0.0001389058743370697,0.0,0.0,0.0,0.0,0.011575489528089141
360.0,5.707038872060366e-05,0.0,0.0,0.0,0.0,0.004755865726716972
361.0,0.0,0.0,0.0,0.0,0.0,0.0
362.0,0.0,0.0,0.0,0.0,0.0,0.0
363.0,0.0,0.0,0.0,0.0,0.0,0.0
364.0,4.5104789023753256e-06,0.0,0.0,0.0,0.0,0.00037587324186461046
365.0,0.0,0.0,0.0,0.0,0.0,0.0
366.0,7.938451017253101e-05,0.0,0.0,0.0,0.0,0.006615375847710918
367.0,0.00012636164319701493,0.0,0.0,0.0,0.0,0.010530136933084577
368.0,2.0799288904527202e-05,0.0,0.0,0.0,0.0,0.0017332740753772669
369.0,0.0,0.0,0.0,0.0,0.0,0.0
370.0,0.00021012047363910824,0.0,0.0,0.0,0.0,0.017510039469925687
371.0,0.0,0.0,0.0,0.0,0.0,0.0
372.0,6.083389962441288e-05,3.1762323260409175e-07,3.960277581427363e-07,0.0,0.0,0.00506949163536774
373.0,0.0001810340181691572,3.1762323260409175e-07,3.960277581427363e-07,0.0,0.0,0.0150861681807631
374.0,0.0,0.0,0.0,0.0,0.0,0.0
375.0,0.0,0.0,0.0,0.0,0.0,0.0
376.0,0.00014288871898315847,0.0,0.0,0.0,0.0,0.01190739324859654
377.0,0.0,0.0,0.0,0.0,0.0,0.0
378.0,0.0,0.0,0.0,0.0,0.0,0.0
379.0,0.0,0.0,0.0,0.0,0.0,0.0
380.0,0.0,0.0,0.0,0.0,0.0,0.0
381.0,3.52328038388805e-06,0.0,0.0,0.0,0.0,0.0002936066986573375
382.0,0.0,0.0,0.0,0.0,0.0,0.0
383.0,0.00012023417366435751,0.0,0.0,0.0,0.0,0.010019514472029792
384.0,5.4806627304060385e-05,0.0,0.0,0.0,0.0,0.004567218942005032
385.0,0.00020964386931154877,0.0,0.0,0.0,0.0,0.017470322442629065
386.0,0.0,0.0,0.0,0.0,0.0,0.0
387.0,0.0,0.0,0.0,0.0,0.0,0.0
388.0,0.00010951115109492093,0.0,0.0,0.0,0.0,0.009125929257910078
389.0,0.0001146513968706131,0.0,0.0,0.0,0.0,0.009554283072551092
390.0,7.540167280239984e-05,0.0,0.0,0.0,0.0,0.00628347273353332
391.0,0.0,0.0,0.0,0.0,0.0,0.0
392.0,0.0,0.0,0.0,0.0,0.0,0.0
393.0,0.0,0.0,0.0,0.0,0.0,0.0
394.0,0.0,0.0,0.0,0.0,0.0,0.0
395.0,0.0,0.0,0.0,0.0,0.0,0.0
396.0,0.0,0.0,0.0,0.0,0.0,0.0
397.0,5.862120815436356e-05,3.1762323260409175e-07,3.960277581427363e-07,0.0,0.0,0.0048851006795302965
398.0,0.00019466759113129228,3.1762323260409175e-07,3.960277581427363e-07,0.0,0.0,0.016222299260941025
399.0,0.0,0.0,0.0,0.0,0.0,0.0
400.0,0.0,0.0,0.0,0.0,0.0,0.0
401.0,0.0,0.0,0.0,0.0,0.0,0.0
402.0,0.00039467585156671703,0.0,0.0,0.0,0.006944444444444444,0.046296296296296294
403.0,0.0004059265193063766,0.0,0.0,0.0,0.008680555555555556,0.05787037037037038
404.0,0.0,0.0,0.0,0.0,0.0,0.0
405.0,0.0,0.0,0.0,0.0,0.0,0.0
406.0,3.897732312907465e-06,0.0,0.0,0.0,0.0,0.00032481102607562207
407.0,0.0,0.0,0.0,0.0,0.0,0.0
408.0,0.0,0.0,0.0,0.0,0.0,0.0
409.0,0.0,0.0,0.0,0.0,0.0,0.0
410.0,0.0,0.0,0.0,0.0,0.0,0.0
411.0,0.0,0.0,0.0,0.0,0.0,0.0
412.0,0.0,0.0,0.0,0.0,0.0,0.0
413.0,0.0,0.0,0.0,0.0,0.0,0.0
414.0,0.0,0.0,0.0,0.0,0.0,0.0
415.0,0.0,0.0,0.0,0.0,0.0,0.0
416.0,0.0,0.0,0.0,0.0,0.0,0.0
417.0,0.0,0.0,0.0,0.0,0.0,0.0
418.0,0.0,0.0,0.0,0.0,0.0,0.0
419.0,0.0,0.0,0.0,0.0,0.0,0.0
420.0,0.0002702716155909002,0.0,0.0,0.0,0.006944444444444444,0.046296296296296294
421.0,0.0,0.0,0.0,0.0,0.0,0.0
422.0,3.082689545408357e-06,3.1762323260409175e-07,3.960277581427363e-07,0.0,0.0,0.00025689079545069643
423.0,0.00011310444824630395,3.1762323260409175e-07,3.960277581427363e-07,0.0,0.0,0.009425370687191995
424.0,6.774235953344032e-05,0.0,0.0,0.0,0.0,0.005645196627786693
425.0,0.0,0.0,0.0,0.0,0.0,0.0
426.0,1.8348306184634566e-05,0.0,0.0,0.0,0.0,0.0015290255153862138
427.0,0.0002346472756471485,0.0,0.0,0.0,0.0,0.019553939637262374
428.0,0.0,0.0,0.0,0.0,0.0,0.0
429.0,0.0002553955127950758,0.0,0.0,0.0,0.0,0.021282959399589647
430.0,0.0001200980186695233,0.0,0.0,0.0,0.0,0.010008168222460275
431.0,5.9572362260951195e-06,0.0,0.0,0.0,0.0,0.0004964363521745933
432.0,0.0,0.0,0.0,0.0,0.0,0.0
433.0,0.0,0.0,0.0,0.0,0.0,0.0
434.0,0.0,0.0,0.0,0.0,0.0,0.0
435.0,0.00018651277059689164,0.0,0.0,0.0,0.0,0.015542730883074302
436.0,0.00010026890231529251,0.0,0.0,0.0,0.0,0.00835574185960771
437.0,0.0,0.0,0.0,0.0,0.0,0.0
438.0,0.0,0.0,0.0,0.0,0.0,0.0
439.0,0.00018472557712811977,0.0,0.0,0.0,0.0,0.01539379809400998
440.0,0.0,0.0,0.0,0.0,0.0,0.0
441.0,6.290848250500858e-05,0.0,0.0,0.0,0.0,0.0052423735420840485
442.0,5.548746048589237e-05,0.0,0.0,0.0,0.0,0.004623955040491031
443.0,0.0,0.0,0.0,0.0,0.0,0.0
444.0,0.00020341429626569152,0.0,0.0,0.0,0.0,0.016951191355474293
445.0,0.0,0.0,0.0,0.0,0.0,0.0
446.0,1.7020632014919101e-07,0.0,0.0,0.0,0.0,1.4183860012432584e-05
447.0,0.0002070757036563009,3.1762323260409175e-07,3.960277581427363e-07,0.0,0.0,0.017256308638025075
448.0,1.381053067461835e-07,3.1762323260409175e-07,3.960277581427363e-07,0.0,0.0,1.1508775562181958e-05
449.0,0.00010833671694854274,0.0,0.0,0.0,0.0,0.009028059745711895
450.0,0.000160930649144575,0.0,0.0,0.0,0.0,0.013410887428714583
451.0,0.0,0.0,0.0,0.0,0.0,0.0
452.0,0.00017284513160120696,0.0,0.0,0.0,0.0,0.014403760966767246
453.0,1.5437768524861895e-05,0.0,0.0,0.0,0.0,0.0012864807104051579
454.0,0.0,0.0,0.0,0.0,0.0,0.0
455.0,0.00020414619939401746,0.0,0.0,0.0,0.0,0.017012183282834787
456.0,1.176130444946466e-05,0.0,0.0,0.0,0.0,0.000980108704122055
457.0,0.0003016577393282205,0.0,0.0,0.0,0.006944444444444444,0.046296296296296294
458.0,0.00022332853404805064,0.0,0.0,0.0,0.005208333333333333,0.034722222222222224
459.0,0.0,0.0,0.0,0.0,0.0,0.0
460.0,0.0,0.0,0.0,0.0,0.0,0.0
461.0,0.0,0.0,0.0,0.0,0.0,0.0
462.0,0.0,0.0,0.0,0.0,0.0,0.0
463.0,0.0,0.0,0.0,0.0,0.0,0.0
464.0,4.595589416567236e-06,0.0,0.0,0.0,0.0,0.00038296578471393633
465.0,0.0,0.0,0.0,0.0,0.0,0.0
466.0,0.0,0.0,0.0,0.0,0.0,0.0
467.0,0.0,0.0,0.0,0.0,0.0,0.0
468.0,0.0,0.0,0.0,0.0,0.0,0.0
469.0,0.0,0.0,0.0,0.0,0.0,0.0
470.0,0.0,0.0,0.0,0.0,0.0,0.0
471.0,0.0,0.0,0.0,0.0,0.0,0.0
472.0,1.551260027099488e-07,3.1762323260409175e-07,3.960277581427363e-07,0.0,0.0,1.2927166892495734e-05
473.0,1.551260027099488e-07,3.1762323260409175e-07,3.960277581427363e-07,0.0,0.0,1.2927166892495734e-05
474.0,0.0,0.0,0.0,0.0,0.0,0.0
475.0,0.0,0.0,0.0,0.0,0.0,0.0
476.0,0.0,0.0,0.0,0.0,0.0,0.0
477.0,0.00010750271030701697,0.0,0.0,0.0,0.003472222222222222,0.023148148148148147
478.0,0.00036185994395054877,0.0,0.0,0.0,0.001736111111111111,0.030154995329212397
479.0,0.00039985013427212834,0.0,0.0,0.0,0.0,0.03332084452267736
480.0,9.007351036416367e-05,0.0,0.0,0.0,0.001736111111111111,0.011574074074074073
481.0,1.2101697393518407e-05,0.0,0.0,0.0,0.0,0.0010084747827932006
482.0,0.0,0.0,0.0,0.0,0.0,0.0
483.0,0.0,0.0,0.0,0.0,0.0,0.0
484.0,0.0003049767983611673,0.0,0.0,0.0,0.001736111111111111,0.025414733196763944
485.0,7.255921082105488e-05,0.0,0.0,0.0,0.005208333333333333,0.034722222222222224
486.0,0.0,0.0,0.0,0.0,0.0,0.0
487.0,2.224604759248905e-05,0.0,0.0,0.0,0.0,0.0018538372993740873
488.0,0.00018375540093984455,0.0,0.0,0.0,0.0,0.015312950078320378
489.0,2.7062924345955253e-06,0.0,0.0,0.0,0.0,0.0002255243695496271
490.0,0.0,0.0,0.0,0.0,0.0,0.0
491.0,0.0,0.0,0.0,0.0,0.0,0.0
492.0,0.0,0.0,0.0,0.0,0.0,0.0
493.0,0.0,0.0,0.0,0.0,0.0,0.0
494.0,0.0,0.0,0.0,0.0,0.0,0.0
495.0,0.0,0.0,0.0,0.0,0.0,0.0
496.0,0.0,0.0,0.0,0.0,0.0,0.0
497.0,0.000146260776091367,3.1762323260409175e-07,3.960277581427363e-07,0.0,0.005208333333333333,0.034722222222222224
498.0,1.551260027099488e-07,3.1762323260409175e-07,3.960277581427363e-07,0.0,0.0,1.2927166892495734e-05
499.0,0.0,0.0,0.0,0.0,0.0,0.0
500.0,0.00039122061571106315,0.0,0.0,0.0,0.012152777777777778,0.08101851851851852
501.0,0.0,0.0,0.0,0.0,0.0,0.0
502.0,0.0,0.0,0.0,0.0,0.0,0.0
503.0,0.00019781450100708753,0.0,0.0,0.0,0.0,0.016484541750590626
504.0,2.047589441644959e-05,0.0,0.0,0.0,0.0,0.0017063245347041327
505.0,0.0,0.0,0.0,0.0,0.0,0.0
506.0,6.893380486872047e-06,0.0,0.0,0.0,0.0,0.0005744483739060039
507.0,0.00020586528989952058,0.0,0.0,0.0,0.005208333333333333,0.034722222222222224
508.0,7.327408093260601e-05,0.0,0.0,0.0,0.0,0.006106173411050501
509.0,0.0001562329416628927,0.0,0.0,0.0,0.0,0.013019411805241058
510.0,0.0,0.0,0.0,0.0,0.0,0.0
511.0,0.00016719427367206663,0.0,0.0,0.0,0.0,0.013932856139338885
512.0,9.989443788072094e-05,0.0,0.0,0.0,0.0,0.008324536490060078
513.0,0.0,0.0,0.0,0.0,0.0,0.0
514.0,6.94443997417693e-06,0.0,0.0,0.0,0.0,0.0005787033311814108
515.0,0.0,0.0,0.0,0.0,0.0,0.0
516.0,0.0,0.0,0.0,0.0,0.0,0.0
517.0,0.0002289964322699234,0.0,0.0,0.0,0.0,0.019083036022493616
518.0,0.00016205401334445924,0.0,0.0,0.0,0.0,0.01350450111203827
519.0,0.0,0.0,0.0,0.0,0.0,0.0
520.0,0.0,0.0,0.0,0.0,0.0,0.0
521.0,0.00016710917407181114,0.0,0.0,0.0,0.0,0.013925764505984262
522.0,0.00019914403674192727,3.1762323260409175e-07,3.960277581427363e-07,0.0,0.0,0.016595336395160604
523.0,1.7214644287832925e-07,3.1762323260409175e-07,3.960277581427363e-07,0.0,0.0,1.4345536906527437e-05
524.0,0.0,0.0,0.0,0.0,0.0,0.0
525.0,0.0,0.0,0.0,0.0,0.0,0.0
526.0,0.0,0.0,0.0,0.0,0.0,0.0
527.0,0.00025285943411290646,0.0,0.0,0.0,0.0,0.021071619509408872
528.0,0.0,0.0,0.0,0.0,0.0,0.0
529.0,0.0,0.0,0.0,0.0,0.0,0.0
530.0,0.00024048538762144744,0.0,0.0,0.0,0.005208333333333333,0.034722222222222224
531.0,0.00015849669580347836,0.0,0.0,0.0,0.006944444444444444,0.046296296296296294
532.0,0.0,0.0,0.0,0.0,0.0,0.0
533.0,0.0,0.0,0.0,0.0,0.0,0.0
534.0,0.0,0.0,0.0,0.0,0.0,0.0
535.0,0.0,0.0,0.0,0.0,0.0,0.0
536.0,0.0,0.0,0.0,0.0,0.0,0.0
537.0,0.0,0.0,0.0,0.0,0.0,0.0
538.0,0.0,0.0,0.0,0.0,0.0,0.0
539.0,0.0,0.0,0.0,0.0,0.0,0.0
540.0,0.0,0.0,0.0,0.0,0.0,0.0
541.0,0.0,0.0,0.0,0.0,0.0,0.0
542.0,0.0,0.0,0.0,0.0,0.0,0.0
543.0,0.0,0.0,0.0,0.0,0.0,0.0
544.0,0.0,0.0,0.0,0.0,0.0,0.0
545.0,0.0,0.0,0.0,0.0,0.0,0.0
546.0,0.0,0.0,0.0,0.0,0.0,0.0
547.0,1.7214644287832925e-07,3.1762323260409175e-07,3.960277581427363e-07,0.0,0.0,1.4345536906527437e-05
548.0,1.7214644287832925e-07,3.1762323260409175e-07,3.960277581427363e-07,0.0,0.0,1.4345536906527437e-05
549.0,0.0,0.0,0.0,0.0,0.0,0.0
550.0,0.0,0.0,0.0,0.0,0.0,0.0
551.0,0.0,0.0,0.0,0.0,0.0,0.0
552.0,0.0,0.0,0.0,0.0,0.0,0.0
553.0,0.0,0.0,0.0,0.0,0.0,0.0
554.0,0.008319681510329247,0.0,0.0,0.0,0.13020833333333334,0.8680555555555557
555.0,0.0,0.0,0.0,0.0,0.0,0.0
556.0,1.9403603346290765e-06,0.0,0.0,0.0,0.0,0.00016169669455242305
557.0,0.00010799629671964794,0.0,0.0,0.0,0.0,0.008999691393303996
558.0,0.0,0.0,0.0,0.0,0.0,0.0
559.0,0.00010736654076026753,0.0,0.0,0.0,0.0,0.008947211730022294
560.0,0.0,0.0,0.0,0.0,0.0,0.0
561.0,0.0,0.0,0.0,0.0,0.0,0.0
562.0,0.0,0.0,0.0,0.0,0.0,0.0
563.0,0.0,0.0,0.0,0.0,0.0,0.0
564.0,8.340115300597972e-07,0.0,0.0,0.0,0.0,6.950096083831643e-05
565.0,0.00028356476104818285,0.0,0.0,0.0,0.0,0.023630396754015237
566.0,3.9385882701026276e-05,0.0,0.0,0.0,0.001736111111111111,0.011574074074074073
567.0,0.0,0.0,0.0,0.0,0.0,0.0
568.0,0.0,0.0,0.0,0.0,0.0,0.0
569.0,0.0,0.0,0.0,0.0,0.0,0.0
570.0,0.0,0.0,0.0,0.0,0.0,0.0
571.0,0.0,0.0,0.0,0.0,0.0,0.0
572.0,2.8443976134440163e-06,3.1762323260409175e-07,3.960277581427363e-07,0.0,0.0,0.00023703313445366803
573.0,1.381053067461835e-07,3.1762323260409175e-07,3.960277581427363e-07,0.0,0.0,1.1508775562181958e-05
574.0,0.0,0.0,0.0,0.0,0.0,0.0
575.0,0.0,0.0,0.0,0.0,0.0,0.0
576.0,0.0,0.0,0.0,0.0,0.0,0.0
577.0,0.0,0.0,0.0,0.0,0.0,0.0
578.0,0.0,0.0,0.0,0.0,0.0,0.0
579.0,0.0,0.0,0.0,0.0,0.0,0.0
580.0,0.0,0.0,0.0,0.0,0.0,0.0
581.0,0.00032300170278176665,0.0,0.0,0.0,0.001736111111111111,0.02691680856514722
582.0,0.0,0.0,0.0,0.0,0.0,0.0
583.0,0.0,0.0,0.0,0.0,0.0,0.0
584.0,0.0,0.0,0.0,0.0,0.0,0.0
585.0,0.0,0.0,0.0,0.0,0.0,0.0
586.0,0.0,0.0,0.0,0.0,0.0,0.0
587.0,0.0,0.0,0.0,0.0,0.0,0.0
588.0,0.0,0.0,0.0,0.0,0.0,0.0
589.0,4.765795438288478e-07,0.0,0.0,0.0,0.0,3.971496198573732e-05
590.0,0.0,0.0,0.0,0.0,0.0,0.0
591.0,0.0,0.0,0.0,0.0,0.0,0.0
592.0,0.0,0.0,0.0,0.0,0.0,0.0
593.0,0.0,0.0,0.0,0.0,0.0,0.0
594.0,0.0,0.0,0.0,0.0,0.0,0.0
595.0,0.0,0.0,0.0,0.0,0.0,0.0
596.0,0.0,0.0,0.0,0.0,0.0,0.0
597.0,1.381053067461835e-07,3.1762323260409175e-07,3.960277581427363e-07,0.0,0.0,1.1508775562181958e-05
598.0,1.381053067461835e-07,3.1762323260409175e-07,3.960277581427363e-07,0.0,0.0,1.1508775562181958e-05
599.0,0.0,0.0,0.0,0.0,0.0,0.0
600.0,0.0,0.0,0.0,0.0,0.0,0.0
601.0,0.0,0.0,0.0,0.0,0.0,0.0
602.0,0.0,0.0,0.0,0.0,0.0,0.0
603.0,0.0,0.0,0.0,0.0,0.0,0.0
604.0,0.0,0.0,0.0,0.0,0.0,0.0
605.0,0.0,0.0,0.0,0.0,0.0,0.0
606.0,0.0,0.0,0.0,0.0,0.0,0.0
607.0,0.0,0.0,0.0,0.0,0.0,0.0
608.0,0.0,0.0,0.0,0.0,0.0,0.0
609.0,0.0,0.0,0.0,0.0,0.0,0.0
610.0,0.0,0.0,0.0,0.0,0.0,0.0
611.0,0.0,0.0,0.0,0.0,0.0,0.0
612.0,0.0,0.0,0.0,0.0,0.0,0.0
613.0,0.0,0.0,0.0,0.0,0.0,0.0
614.0,0.0,0.0,0.0,0.0,0.0,0.0
615.0,0.0,0.0,0.0,0.0,0.0,0.0
616.0,0.0,0.0,0.0,0.0,0.0,0.0
617.0,0.0,0.0,0.0,0.0,0.0,0.0
618.0,0.0,0.0,0.0,0.0,0.0,0.0
619.0,0.0,0.0,0.0,0.0,0.0,0.0
620.0,0.0,0.0,0.0,0.0,0.0,0.0
621.0,0.0,0.0,0.0,0.0,0.0,0.0
622.0,1.381053067461835e-07,3.1762323260409175e-07,3.960277581427363e-07,0.0,0.0,1.1508775562181958e-05
623.0,1.381053067461835e-07,3.1762323260409175e-07,3.960277581427363e-07,0.0,0.0,1.1508775562181958e-05
624.0,0.0,0.0,0.0,0.0,0.0,0.0
625.0,0.0,0.0,0.0,0.0,0.0,0.0
626.0,0.0,0.0,0.0,0.0,0.0,0.0
627.0,0.0,0.0,0.0,0.0,0.0,0.0
628.0,0.0,0.0,0.0,0.0,0.0,0.0
629.0,0.0,0.0,0.0,0.0,0.0,0.0
630.0,0.0,0.0,0.0,0.0,0.0,0.0
631.0,0.0,0.0,0.0,0.0,0.0,0.0
632.0,0.0,0.0,0.0,0.0,0.0,0.0
633.0,0.0,0.0,0.0,0.0,0.0,0.0
634.0,0.0,0.0,0.0,0.0,0.0,0.0
635.0,0.0,0.0,0.0,0.0,0.0,0.0
636.0,0.0,0.0,0.0,0.0,0.0,0.0
637.0,0.0,0.0,0.0,0.0,0.0,0.0
638.0,0.0,0.0,0.0,0.0,0.0,0.0
639.0,0.0,0.0,0.0,0.0,0.0,0.0
640.0,0.0,0.0,0.0,0.0,0.0,0.0
641.0,0.0,0.0,0.0,0.0,0.0,0.0
642.0,0.0,0.0,0.0,0.0,0.0,0.0
643.0,0.0,0.0,0.0,0.0,0.0,0.0
644.0,0.0,0.0,0.0,0.0,0.0,0.0
645.0,0.0,0.0,0.0,0.0,0.0,0.0
646.0,0.0,0.0,0.0,0.0,0.0,0.0
647.0,1.381053067461835e-07,3.1762323260409175e-07,3.960277581427363e-07,0.0,0.0,1.1508775562181958e-05
648.0,1.381053067461835e-07,3.1762323260409175e-07,3.960277581427363e-07,0.0,0.0,1.1508775562181958e-05
649.0,0.0,0.0,0.0,0.0,0.0,0.0
650.0,0.0,0.0,0.0,0.0,0.0,0.0
651.0,0.0,0.0,0.0,0.0,0.0,0.0
652.0,0.0,0.0,0.0,0.0,0.0,0.0
653.0,0.0,0.0,0.0,0.0,0.0,0.0
654.0,0.0,0.0,0.0,0.0,0.0,0.0
655.0,0.0,0.0,0.0,0.0,0.0,0.0
656.0,0.0,0.0,0.0,0.0,0.0,0.0
657.0,0.0,0.0,0.0,0.0,0.0,0.0
658.0,0.0,0.0,0.0,0.0,0.0,0.0
659.0,0.0,0.0,0.0,0.0,0.0,0.0
660.0,1.8722610661825456e-07,0.0,0.0,0.0,0.0,1.5602175551521213e-05
661.0,0.036607544869184494,0.003864659694954753,0.0,0.0006318266969174147,0.1232638888888889,3.0506287390987077
662.0,0.0,0.0,0.0,0.0,0.0,0.0
663.0,0.0,0.0,0.0,0.0,0.0,0.0
664.0,0.0,0.0,0.0,0.0,0.0,0.0
665.0,0.0,0.0,0.0,0.0,0.0,0.0
666.0,0.0,0.0,0.0,0.0,0.0,0.0
667.0,0.0,0.0,0.0,0.0,0.0,0.0
668.0,0.0,0.0,0.0,0.0,0.0,0.0
669.0,0.0,0.0,0.0,0.0,0.0,0.0
670.0,0.0,0.0,0.0,0.0,0.0,0.0
671.0,0.0,0.0,0.0,0.0,0.0,0.0
672.0,0.0007120606605894864,0.0036261738277971745,0.0,0.0,0.019097222222222224,0.12731481481481483
673.0,0.0003893994726240635,0.0012472813250496984,0.0,0.0,0.013888888888888888,0.09259259259259259
674.0,0.0009506057831458747,0.0,0.0,0.0,0.027777777777777776,0.18518518518518517
675.0,0.0006247956189326942,0.0,0.0,0.0,0.019097222222222224,0.12731481481481483
676.0,0.00041382413473911583,0.0,0.0,0.0,0.012152777777777778,0.08101851851851852
677.0,0.0009231424191966653,3.931749961338937e-05,1.3635200275530224e-06,0.0,0.022569444444444444,0.15046296296296297
678.0,5.527127200366522e-07,1.3476459344019531e-06,1.3635200275530224e-06,0.0,0.0,4.605939333638768e-05
679.0,0.0,0.0,0.0,0.0,0.0,0.0
680.0,0.0,0.0,0.0,0.0,0.0,0.0
681.0,0.0,0.0,0.0,0.0,0.0,0.0
682.0,0.0,0.0,0.0,0.0,0.0,0.0
683.0,0.0,0.0,0.0,0.0,0.0,0.0
684.0,0.0,0.0,0.0,0.0,0.0,0.0
685.0,0.00039564602775499225,0.0021544850897043943,0.0,0.0,0.005208333333333333,0.05386212724260986
686.0,0.0011812702286988497,2.2341686417348683e-05,0.0,0.0,0.022569444444444444,0.15046296296296297
687.0,9.999657777370885e-05,0.0,0.0,0.0,0.006944444444444444,0.046296296296296294
688.0,0.00012379151303321123,0.0,0.0,0.0,0.0,0.01031595941943427
689.0,0.0,0.0,0.0,0.0,0.0,0.0
690.0,0.0,0.0,0.0,0.0,0.0,0.0
691.0,0.0,0.0,0.0,0.0,0.0,0.0
692.0,0.0,0.0,0.0,0.0,0.0,0.0
693.0,0.0,0.0,0.0,0.0,0.0,0.0
694.0,1.1063460988225415e-05,0.0,0.0,0.0,0.0,0.0009219550823521179
695.0,0.0,0.0,0.0,0.0,0.0,0.0
696.0,0.0,0.0,0.0,0.0,0.0,0.0
697.0,0.0,0.0,0.0,0.0,0.0,0.0
698.0,0.0,0.0,0.0,0.0,0.0,0.0
699.0,0.0,0.0,0.0,0.0,0.0,0.0
700.0,0.0,0.0,0.0,0.0,0.0,0.0
701.0,0.0,0.0,0.0,0.0,0.0,0.0
702.0,5.527127200366522e-07,1.3476459344019531e-06,1.3635200275530224e-06,0.0,0.0,4.605939333638768e-05
703.0,5.527127200366522e-07,1.3476459344019531e-06,1.3635200275530224e-06,0.0,0.0,4.605939333638768e-05
704.0,0.0,0.0,0.0,0.0,0.0,0.0
705.0,0.0,0.0,0.0,0.0,0.0,0.0
706.0,0.0,0.0,0.0,0.0,0.0,0.0
707.0,0.0,0.0,0.0,0.0,0.0,0.0
708.0,0.0,0.0,0.0,0.0,0.0,0.0
709.0,0.0,0.0,0.0,0.0,0.0,0.0
710.0,0.0,0.0,0.0,0.0,0.0,0.0
711.0,0.0,0.0,0.0,0.0,0.0,0.0
712.0,0.0,0.0,0.0,0.0,0.0,0.0
713.0,0.0,0.0,0.0,0.0,0.0,0.0
714.0,0.0,0.0,0.0,0.0,0.0,0.0
715.0,0.0,0.0,0.0,0.0,0.0,0.0
716.0,0.0,0.0,0.0,0.0,0.0,0.0
717.0,0.0,0.0,0.0,0.0,0.0,0.0
718.0,0.0,0.0,0.0,0.0,0.0,0.0
719.0,0.0,0.0,0.0,0.0,0.0,0.0
720.0,0.0,0.0,0.0,0.0,0.0,0.0
721.0,0.00016685387527104467,0.001078893430531025,0.0,0.0,0.001736111111111111,0.026972335763275623
722.0,0.00015173949941527098,0.0009811624186113477,0.0,0.0,0.0,0.024529060465283692
723.0,0.0,0.0,0.0,0.0,0.0,0.0
724.0,0.0,0.0,0.0,0.0,0.0,0.0
725.0,0.00013182526163291186,0.0008523950818926096,0.0,0.0,0.005208333333333333,0.034722222222222224
726.0,0.00025959964841604233,0.0007586262654513121,0.0,0.0,0.0,0.021633304034670193
727.0,0.00030253388104029,4.096839620615356e-05,1.3635200275530224e-06,0.0,0.003472222222222222,0.0252111567533575
728.0,5.527127200366522e-07,1.3476459344019531e-06,1.3635200275530224e-06,0.0,0.0,4.605939333638768e-05
729.0,0.0,0.0,0.0,0.0,0.0,0.0
730.0,0.0,0.0,0.0,0.0,0.0,0.0
731.0,0.0,0.0,0.0,0.0,0.0,0.0
732.0,0.0,0.0,0.0,0.0,0.0,0.0
733.0,0.0,0.0,0.0,0.0,0.0,0.0
734.0,0.0,0.0,0.0,0.0,0.0,0.0
735.0,0.0,0.0,0.0,0.0,0.0,0.0
736.0,0.0,0.0,0.0,0.0,0.0,0.0
737.0,0.0,0.0,0.0,0.0,0.0,0.0
738.0,0.0,0.0,0.0,0.0,0.0,0.0
739.0,0.0,0.0,0.0,0.0,0.0,0.0
740.0,0.0,0.0,0.0,0.0,0.0,0.0
741.0,0.0,0.0,0.0,0.0,0.0,0.0
742.0,0.0,0.0,0.0,0.0,0.0,0.0
743.0,0.0,0.0,0.0,0.0,0.0,0.0
744.0,0.0,0.0,0.0,0.0,0.0,0.0
745.0,0.0,0.0,0.0,0.0,0.0,0.0
746.0,0.0,0.0,0.0,0.0,0.0,0.0
747.0,0.0,0.0,0.0,0.0,0.0,0.0
748.0,0.0,0.0,0.0,0.0,0.0,0.0
749.0,0.0,0.0,0.0,0.0,0.0,0.0
750.0,0.0,0.0,0.0,0.0,0.0,0.0
751.0,0.0,0.0,0.0,0.0,0.0,0.0
752.0,5.527127200366522e-07,1.3476459344019531e-06,1.3635200275530224e-06,0.0,0.0,4.605939333638768e-05
753.0,5.527127200366522e-07,1.3476459344019531e-06,1.3635200275530224e-06,0.0,0.0,4.605939333638768e-05
754.0,0.0,0.0,0.0,0.0,0.0,0.0
755.0,0.0,0.0,0.0,0.0,0.0,0.0
756.0,0.0,0.0,0.0,0.0,0.0,0.0
757.0,0.0,0.0,0.0,0.0,0.0,0.0
758.0,0.0,0.0,0.0,0.0,0.0,0.0
759.0,0.0,0.0,0.0,0.0,0.0,0.0
760.0,0.0,0.0,0.0,0.0,0.0,0.0
761.0,0.0,0.0,0.0,0.0,0.0,0.0
762.0,0.0,0.0,0.0,0.0,0.0,0.0
763.0,0.0,0.0,0.0,0.0,0.0,0.0
764.0,0.0,0.0,0.0,0.0,0.0,0.0
765.0,0.0,0.0,0.0,0.0,0.0,0.0
766.0,0.0,0.0,0.0,0.0,0.0,0.0
767.0,0.0,0.0,0.0,0.0,0.0,0.0
768.0,0.0,0.0,0.0,0.0,0.0,0.0
769.0,0.0,0.0,0.0,0.0,0.0,0.0
770.0,0.0,0.0,0.0,0.0,0.0,0.0
771.0,0.0,0.0,0.0,0.0,0.0,0.0
772.0,0.0,0.0,0.0,0.0,0.0,0.0
773.0,0.0,0.0,0.0,0.0,0.0,0.0
774.0,0.0,0.0,0.0,0.0,0.0,0.0
775.0,0.0,0.0,0.0,0.0,0.0,0.0
776.0,0.0,0.0,0.0,0.0,0.0,0.0
777.0,5.527127200366522e-07,1.3476459344019531e-06,1.3635200275530224e-06,0.0,0.0,4.605939333638768e-05
778.0,5.527127200366522e-07,1.3476459344019531e-06,1.3635200275530224e-06,0.0,0.0,4.605939333638768e-05
779.0,0.0,0.0,0.0,0.0,0.0,0.0
780.0,0.0,0.0,0.0,0.0,0.0,0.0
781.0,0.0,0.0,0.0,0.0,0.0,0.0
782.0,0.0,0.0,0.0,0.0,0.0,0.0
783.0,0.0,0.0,0.0,0.0,0.0,0.0
784.0,0.0,0.0,0.0,0.0,0.0,0.0
785.0,0.0,0.0,0.0,0.0,0.0,0.0
786.0,0.0,0.0,0.0,0.0,0.0,0.0
787.0,0.0,0.0,0.0,0.0,0.0,0.0
788.0,0.0,0.0,0.0,0.0,0.0,0.0
789.0,0.0,0.0,0.0,0.0,0.0,0.0
790.0,0.0,0.0,0.0,0.0,0.0,0.0
791.0,0.0,0.0,0.0,0.0,0.0,0.0
792.0,0.0,0.0,0.0,0.0,0.0,0.0
793.0,0.0,0.0,0.0,0.0,0.0,0.0
794.0,0.0,0.0,0.0,0.0,0.0,0.0
795.0,0.0,0.0,0.0,0.0,0.0,0.0
796.0,0.0,0.0,0.0,0.0,0.0,0.0
797.0,0.0,0.0,0.0,0.0,0.0,0.0
798.0,0.0,0.0,0.0,0.0,0.0,0.0
799.0,0.0,0.0,0.0,0.0,0.0,0.0
800.0,0.0,0.0,0.0,0.0,0.0,0.0
801.0,0.0,0.0,0.0,0.0,0.0,0.0
802.0,5.527127200366522e-07,1.3476459344019531e-06,1.3635200275530224e-06,0.0,0.0,4.605939333638768e-05
803.0,5.527127200366522e-07,1.3476459344019531e-06,1.3635200275530224e-06,0.0,0.0,4.605939333638768e-05
804.0,0.0,0.0,0.0,0.0,0.0,0.0
805.0,0.0,0.0,0.0,0.0,0.0,0.0
806.0,0.0,0.0,0.0,0.0,0.0,0.0
807.0,0.0,0.0,0.0,0.0,0.0,0.0
808.0,0.0,0.0,0.0,0.0,0.0,0.0
809.0,0.0,0.0,0.0,0.0,0.0,0.0
810.0,0.0,0.0,0.0,0.0,0.0,0.0
811.0,0.0,0.0,0.0,0.0,0.0,0.0
812.0,0.0,0.0,0.0,0.0,0.0,0.0
813.0,0.0,0.0,0.0,0.0,0.0,0.0
814.0,0.0,0.0,0.0,0.0,0.0,0.0
815.0,0.0,0.0,0.0,0.0,0.0,0.0
816.0,0.0,0.0,0.0,0.0,0.0,0.0
817.0,0.0,0.0,0.0,0.0,0.0,0.0
818.0,0.0,0.0,0.0,0.0,0.0,0.0
819.0,0.0,0.0,0.0,0.0,0.0,0.0
820.0,0.0,0.0,0.0,0.0,0.0,0.0
821.0,0.0,0.0,0.0,0.0,0.0,0.0
822.0,0.0,0.0,0.0,0.0,0.0,0.0
823.0,0.0,0.0,0.0,0.0,0.0,0.0
824.0,0.0,0.0,0.0,0.0,0.0,0.0
825.0,0.0,0.0,0.0,0.0,0.0,0.0
826.0,0.0,0.0,0.0,0.0,0.0,0.0
827.0,5.527127200366522e-07,1.3476459344019531e-06,1.3635200275530224e-06,0.0,0.0,4.605939333638768e-05
828.0,5.527127200366522e-07,1.3476459344019531e-06,1.3635200275530224e-06,0.0,0.0,4.605939333638768e-05
829.0,0.0,0.0,0.0,0.0,0.0,0.0
830.0,0.0,0.0,0.0,0.0,0.0,0.0
831.0,0.0,0.0,0.0,0.0,0.0,0.0
832.0,0.0,0.0,0.0,0.0,0.0,0.0
833.0,0.0,0.0,0.0,0.0,0.0,0.0
834.0,0.0,0.0,0.0,0.0,0.0,0.0
835.0,0.0,0.0,0.0,0.0,0.0,0.0
836.0,0.0,0.0,0.0,0.0,0.0,0.0
837.0,0.0,0.0,0.0,0.0,0.0,0.0
838.0,0.0,0.0,0.0,0.0,0.0,0.0
839.0,0.0,0.0,0.0,0.0,0.0,0.0
840.0,0.006778116803616285,0.010692632757127285,0.0,0.0,0.15625,1.0416666666666667
841.0,0.0,0.0,0.0,0.0,0.0,0.0
842.0,0.0,0.0,0.0,0.0,0.0,0.0
843.0,0.030923992395401,0.008443515747785568,1.3635200275530224e-06,0.0005105557502247393,0.14930555555555555,2.5769993662834167
844.0,7.265285830726498e-07,0.0,1.3635200275530224e-06,0.0,0.0,6.054404858938748e-05
845.0,0.0,0.0,0.0,0.0,0.0,0.0
846.0,0.0,0.0,0.0,0.0,0.0,0.0
847.0,0.0,0.0,0.0,0.0,0.0,0.0
848.0,0.0,0.0,0.0,0.0,0.0,0.0
849.0,0.0,0.0,0.0,0.0,0.0,0.0
850.0,0.0,0.0,0.0,0.0,0.0,0.0
851.0,0.0,0.0,0.0,0.0,0.0,0.0
852.0,0.0,0.0,0.0,0.0,0.0,0.0
853.0,0.0,0.0,0.0,0.0,0.0,0.0
854.0,5.531725037144497e-05,0.0003576867457013577,0.0,0.0,0.003472222222222222,0.023148148148148147
855.0,0.00030426192097365856,0.001959573244675994,0.0,0.0,0.005208333333333333,0.04898933111689985
856.0,0.0002812329330481589,0.0018184796208515763,0.0,0.0,0.001736111111111111,0.04546199052128941
857.0,0.0003582175704650581,0.002316269790753722,0.0,0.0,0.008680555555555556,0.057906744768843055
858.0,0.00034936677548103034,2.201133071366712e-07,0.0,0.0,0.008680555555555556,0.05787037037037038
859.0,0.0003851272340398282,0.0,0.0,0.0,0.008680555555555556,0.05787037037037038
860.0,0.00015980990428943187,0.000591999210882932,0.0,0.0,0.003472222222222222,0.023148148148148147
861.0,0.00038946751737967134,0.0014623337192460895,0.0,0.0,0.005208333333333333,0.036558342981152236
862.0,0.0002500510308891535,0.0,0.0,0.0,0.008680555555555556,0.05787037037037038
863.0,0.0003015071270056069,0.0,0.0,0.0,0.006944444444444444,0.046296296296296294
864.0,0.00030181094189174473,0.0,0.0,0.0,0.005208333333333333,0.034722222222222224
865.0,0.0002573869423940778,0.0,0.0,0.0,0.005208333333333333,0.034722222222222224
866.0,0.0002376599732087925,0.0,0.0,0.0,0.003472222222222222,0.023148148148148147
867.0,0.00013191037578508258,0.0,0.0,0.0,0.005208333333333333,0.034722222222222224
868.0,8.97448044270277e-05,2.0910962120979093e-05,1.3635200275530224e-06,0.0,0.001736111111111111,0.011574074074074073
869.0,7.112412276910618e-05,0.0,1.3635200275530224e-06,0.0,0.0,0.005927010230758849
870.0,8.729915134608746e-05,0.0,0.0,0.0,0.0,0.007274929278840621
871.0,0.0,0.0,0.0,0.0,0.0,0.0
872.0,0.0,0.0,0.0,0.0,0.0,0.0
873.0,0.0,0.0,0.0,0.0,0.0,0.0
874.0,0.0,0.0,0.0,0.0,0.0,0.0
875.0,0.0,0.0,0.0,0.0,0.0,0.0
876.0,0.0,0.0,0.0,0.0,0.0,0.0
877.0,3.6083856684854254e-06,0.0,0.0,0.0,0.0,0.00030069880570711877
878.0,0.0,0.0,0.0,0.0,0.0,0.0
879.0,0.00022194987104739994,0.0,0.0,0.0,0.006944444444444444,0.046296296296296294
880.0,0.00019027433882001787,0.0,0.0,0.0,0.005208333333333333,0.034722222222222224
881.0,0.0001783768821042031,0.0,0.0,0.0,0.001736111111111111,0.014864740175350258
882.0,0.00021810317412018776,0.0,0.0,0.0,0.005208333333333333,0.034722222222222224
883.0,0.00013296566612552851,0.0,0.0,0.0,0.003472222222222222,0.023148148148148147
884.0,0.00037111921119503677,0.0,0.0,0.0,0.005208333333333333,0.034722222222222224
885.0,0.00013578492507804185,0.0,0.0,0.0,0.001736111111111111,0.011574074074074073
886.0,0.00034404030884616077,0.0,0.0,0.0,0.008680555555555556,0.05787037037037038
887.0,4.438275209395215e-05,0.0,0.0,0.0,0.001736111111111111,0.011574074074074073
888.0,0.00016162850079126656,0.0,0.0,0.0,0.0,0.013469041732605547
889.0,0.0,0.0,0.0,0.0,0.0,0.0
890.0,0.0004128198779653758,0.0,0.0,0.0,0.006944444444444444,0.046296296296296294
891.0,0.00032449953141622245,0.0,0.0,0.0,0.001736111111111111,0.027041627618018538
892.0,0.0,0.0,0.0,0.0,0.0,0.0
893.0,1.595691173861269e-05,0.0,1.3635200275530224e-06,0.0,0.0,0.0013297426448843908
894.0,8.255038892457378e-07,0.0,1.3635200275530224e-06,0.0,0.0,6.879199077047815e-05
895.0,1.222085666086059e-05,0.0,0.0,0.0,0.0,0.0010184047217383825
896.0,0.00038187630707398057,0.0,0.0,0.0,0.006944444444444444,0.046296296296296294
897.0,0.00032992911292240024,0.0,0.0,0.0,0.0,0.027494092743533354
898.0,2.8747948817908764e-05,0.0,0.0,0.0,0.0,0.002395662401492397
899.0,0.0,0.0,0.0,0.0,0.0,0.0
900.0,0.0,0.0,0.0,0.0,0.0,0.0
901.0,0.0,0.0,0.0,0.0,0.0,0.0
902.0,1.0212416782451328e-05,0.0,0.0,0.0,0.0,0.000851034731870944
903.0,0.0,0.0,0.0,0.0,0.0,0.0
904.0,0.0,0.0,0.0,0.0,0.0,0.0
905.0,0.0,0.0,0.0,0.0,0.0,0.0
906.0,0.0,0.0,0.0,0.0,0.0,0.0
907.0,0.0,0.0,0.0,0.0,0.0,0.0
908.0,0.0,0.0,0.0,0.0,0.0,0.0
909.0,0.0,0.0,0.0,0.0,0.0,0.0
910.0,0.007430605590343475,0.00843458529561758,0.0,0.0,0.1371527777777778,0.914351851851852
911.0,0.0,0.0,0.0,0.0,0.0,0.0
912.0,0.0,0.0,0.0,0.0,0.0,0.0
913.0,0.0,0.0,0.0,0.0,0.0,0.0
914.0,0.0,0.0,0.0,0.0,0.0,0.0
915.0,0.0,0.0,0.0,0.0,0.0,0.0
916.0,0.0,0.0,0.0,0.0,0.0,0.0
917.0,0.0,0.0,0.0,0.0,0.0,0.0
918.0,7.265285830726498e-07,0.0,1.3635200275530224e-06,0.0,0.0,6.054404858938748e-05
919.0,7.265285830726498e-07,0.0,1.3635200275530224e-06,0.0,0.0,6.054404858938748e-05
920.0,0.0,0.0,0.0,0.0,0.0,0.0
921.0,0.0,0.0,0.0,0.0,0.0,0.0
922.0,0.0,0.0,0.0,0.0,0.0,0.0
923.0,0.0,0.0,0.0,0.0,0.0,0.0
924.0,0.0,0.0,0.0,0.0,0.0,0.0
925.0,0.0,0.0,0.0,0.0,0.0,0.0
926.0,0.0,0.0,0.0,0.0,0.0,0.0
927.0,0.0,0.0,0.0,0.0,0.0,0.0
928.0,0.0,0.0,0.0,0.0,0.0,0.0
929.0,0.0,0.0,0.0,0.0,0.0,0.0
930.0,0.0,0.0,0.0,0.0,0.0,0.0
931.0,0.0,0.0,0.0,0.0,0.0,0.0
932.0,0.0,0.0,0.0,0.0,0.0,0.0
933.0,0.0,0.0,0.0,0.0,0.0,0.0
934.0,0.0,0.0,0.0,0.0,0.0,0.0
935.0,0.0,0.0,0.0,0.0,0.0,0.0
936.0,0.0,0.0,0.0,0.0,0.0,0.0
937.0,0.0,0.0,0.0,0.0,0.0,0.0
938.0,0.0,0.0,0.0,0.0,0.0,0.0
939.0,0.0,0.0,0.0,0.0,0.0,0.0
940.0,0.0,0.0,0.0,0.0,0.0,0.0
941.0,0.0,0.0,0.0,0.0,0.0,0.0
942.0,0.0,0.0,0.0,0.0,0.0,0.0
943.0,7.265285830726498e-07,0.0,1.3635200275530224e-06,0.0,0.0,6.054404858938748e-05
944.0,7.265285830726498e-07,0.0,1.3635200275530224e-06,0.0,0.0,6.054404858938748e-05
945.0,0.0,0.0,0.0,0.0,0.0,0.0
946.0,0.0,0.0,0.0,0.0,0.0,0.0
947.0,0.0,0.0,0.0,0.0,0.0,0.0
948.0,0.0,0.0,0.0,0.0,0.0,0.0
949.0,0.0,0.0,0.0,0.0,0.0,0.0
950.0,9.50946343891701e-08,0.0,1.8017930187852471e-06,0.0,0.0,7.924552865764175e-06
951.0,0.03725774213671684,0.0032284543849527836,1.8017930187852471e-06,0.0002726358361542225,0.19618055555555555,3.1048118447264037
952.0,0.0,0.0,0.0,0.0,0.0,0.0
953.0,0.0,0.0,0.0,0.0,0.0,0.0
954.0,0.0,0.0,0.0,0.0,0.0,0.0
955.0,0.0,0.0,0.0,0.0,0.0,0.0
956.0,0.0,0.0,0.0,0.0,0.0,0.0
957.0,0.0,0.0,0.0,0.0,0.0,0.0
958.0,0.0,0.0,0.0,0.0,0.0,0.0
959.0,1.3490408719007974e-06,6.306295858848898e-07,2.4593278794782236e-05,0.0,0.0,0.00011242007265839978
960.0,0.0,0.0,0.0,0.0,0.0,0.0
961.0,0.0,0.0,0.0,0.0,0.0,0.0
962.0,0.0,0.0,0.0,0.0,0.0,0.0
963.0,0.0,0.0,0.0,0.0,0.0,0.0
964.0,5.375135151552968e-05,0.0,0.0,0.0,0.003472222222222222,0.023148148148148147
965.0,0.00010772397217806429,0.0,0.0,0.0,0.0,0.008976997681505358
966.0,0.0,0.0,0.0,0.0,0.0,0.0
967.0,6.196328286023345e-06,6.306295858848898e-07,9.04503667698009e-06,0.0,0.0,0.0005163606905019454
968.0,1.3616540854854975e-06,0.0,0.0,0.0,0.0,0.00011347117379045812
969.0,0.0,0.0,0.0,0.0,0.0,0.0
970.0,0.0002178989234380424,0.0,0.0,0.0,0.001736111111111111,0.018158243619836867
971.0,0.00010511981236049905,0.0,0.0,0.0,0.0,0.00875998436337492
972.0,0.0,0.0,0.0,0.0,0.0,0.0
973.0,0.0,0.0,0.0,0.0,0.0,0.0
974.0,0.0,0.0,0.0,0.0,0.0,0.0
975.0,0.0,0.0,0.0,0.0,0.0,0.0
976.0,3.046703341169632e-06,0.0,0.0,0.0,0.0,0.0002538919450974693
977.0,0.0,0.0,0.0,0.0,0.0,0.0
978.0,0.0,0.0,0.0,0.0,0.0,0.0
979.0,0.0,0.0,0.0,0.0,0.0,0.0
980.0,0.0,0.0,0.0,0.0,0.0,0.0
981.0,0.0,0.0,0.0,0.0,0.0,0.0
982.0,0.0,0.0,0.0,0.0,0.0,0.0
983.0,0.0,0.0,0.0,0.0,0.0,0.0
984.0,0.0,0.0,0.0,0.0,0.0,0.0
985.0,0.0,0.0,0.0,0.0,0.0,0.0
986.0,4.374316631583497e-06,0.0,0.0,0.0,0.0,0.0003645263859652914
987.0,5.2713094191858545e-05,0.0,0.0,0.0,0.0,0.004392757849321545
988.0,1.0348583600716665e-05,0.0,0.0,0.0,0.0,0.0008623819667263888
989.0,0.0,0.0,0.0,0.0,0.0,0.0
990.0,0.0,0.0,0.0,0.0,0.0,0.0
991.0,0.0,0.0,0.0,0.0,0.0,0.0
992.0,2.093544026138261e-06,0.0,0.0,0.0,0.0,0.0001744620021781884
993.0,1.3616540854854975e-06,0.0,0.0,0.0,0.0,0.00011347117379045812
994.0,0.0,0.0,0.0,0.0,0.0,0.0
995.0,0.0,0.0,0.0,0.0,0.0,0.0
996.0,0.0,0.0,0.0,0.0,0.0,0.0
997.0,0.0,0.0,0.0,0.0,0.0,0.0
998.0,0.0,0.0,0.0,0.0,0.0,0.0
999.0,0.0,0.0,0.0,0.0,0.0,0.0
1000.0,0.0,0.0,0.0,0.0,0.0,0.0
1001.0,0.0,0.0,0.0,0.0,0.0,0.0
1002.0,0.0,0.0,0.0,0.0,0.0,0.0
1003.0,0.0,0.0,0.0,0.0,0.0,0.0
1004.0,0.0,0.0,0.0,0.0,0.0,0.0
1005.0,0.0,0.0,0.0,0.0,0.0,0.0
1006.0,0.0,0.0,0.0,0.0,0.0,0.0
1007.0,0.0,0.0,0.0,0.0,0.0,0.0
1008.0,0.0,0.0,0.0,0.0,0.0,0.0
1009.0,0.0,0.0,0.0,0.0,0.0,0.0
1010.0,0.0,0.0,0.0,0.0,0.0,0.0
1011.0,0.00017514295177534223,0.0,0.0,0.0,0.008680555555555556,0.05787037037037038
1012.0,0.00016327950288541615,0.0,0.0,0.0,0.006944444444444444,0.046296296296296294
1013.0,0.00017667478823568672,0.0,0.0,0.0,0.005208333333333333,0.034722222222222224
1014.0,0.00043801055289804935,0.0,0.0,0.0,0.006944444444444444,0.046296296296296294
1015.0,0.00018545746570453048,0.0,0.0,0.0,0.001736111111111111,0.015454788808710873
1016.0,0.00025095310411415994,0.0,0.0,0.0,0.005208333333333333,0.034722222222222224
1017.0,0.00024203424982260913,0.0,0.0,0.0,0.005208333333333333,0.034722222222222224
1018.0,0.00023863012029323727,0.0,0.0,0.0,0.006944444444444444,0.046296296296296294
1019.0,0.00025515721063129604,0.0,0.0,0.0,0.003472222222222222,0.023148148148148147
1020.0,0.0003342523705214262,0.0,0.0,0.0,0.005208333333333333,0.034722222222222224
1021.0,0.0,0.0,0.0,0.0,0.0,0.0
1022.0,0.0,0.0,0.0,0.0,0.0,0.0
1023.0,0.0,0.0,0.0,0.0,0.0,0.0
1024.0,0.0,0.0,0.0,0.0,0.0,0.0
1025.0,0.0,0.0,0.0,0.0,0.0,0.0
1026.0,8.833749234327115e-06,0.0,0.0,0.0,0.0,0.0007361457695272596
1027.0,0.0,0.0,0.0,0.0,0.0,0.0
1028.0,0.0,0.0,0.0,0.0,0.0,0.0
1029.0,0.0,0.0,0.0,0.0,0.0,0.0
1030.0,0.0,0.0,0.0,0.0,0.0,0.0
1031.0,0.0,0.0,0.0,0.0,0.0,0.0
1032.0,0.0,0.0,0.0,0.0,0.0,0.0
1033.0,0.0,0.0,0.0,0.0,0.0,0.0
1034.0,0.0,0.0,0.0,0.0,0.0,0.0
1035.0,0.0,0.0,0.0,0.0,0.0,0.0
1036.0,0.0001866999955382198,0.0,0.0,0.0,0.005208333333333333,0.034722222222222224
1037.0,0.0006229233695194125,0.0,0.0,0.0,0.015625,0.10416666666666667
1038.0,3.2594631193205714e-05,0.0,0.0,0.0,0.001736111111111111,0.011574074074074073
1039.0,0.0,0.0,0.0,0.0,0.0,0.0
1040.0,0.0,0.0,0.0,0.0,0.0,0.0
1041.0,0.0,0.0,0.0,0.0,0.0,0.0
1042.0,9.854989912128076e-06,0.0,0.0,0.0,0.0,0.0008212491593440063
1043.0,6.641474465141073e-05,0.0004204195865895599,0.0,0.0,0.001736111111111111,0.011574074074074073
1044.0,0.00020823114027734846,0.0007970361621119082,0.0,0.0,0.003472222222222222,0.023148148148148147
1045.0,0.0002723481156863272,0.00027899566339328885,0.0,0.0,0.006944444444444444,0.046296296296296294
1046.0,0.00019682729907799512,0.0,0.0,0.0,0.010416666666666666,0.06944444444444445
1047.0,2.527573269617278e-05,0.0,0.0,0.0,0.0,0.0021063110580143984
1048.0,0.00010231138730887324,0.0,0.0,0.0,0.003472222222222222,0.023148148148148147
1049.0,0.00029517285292968154,0.0,0.0,0.0,0.0,0.02459773774414013
1050.0,8.951182826422155e-05,0.0,0.0,0.0,0.0,0.007459319022018462
1051.0,1.3293162737681996e-05,1.4967806237109471e-05,0.0,0.0,0.003472222222222222,0.023148148148148147
1052.0,0.00020212074741721153,0.0,0.0,0.0,0.003472222222222222,0.023148148148148147
1053.0,1.6714320736355148e-05,0.0,0.0,0.0,0.003472222222222222,0.023148148148148147
1054.0,0.0,0.0,0.0,0.0,0.0,0.0
1055.0,0.0004041904176119715,0.0,0.0,0.0,0.006944444444444444,0.046296296296296294
1056.0,0.0,0.0,0.0,0.0,0.0,0.0
1057.0,0.0003195294993929565,0.0,0.0,0.0,0.001736111111111111,0.026627458282746375
1058.0,8.552897634217516e-05,0.0,0.0,0.0,0.005208333333333333,0.034722222222222224
1059.0,5.106215184014218e-08,0.0,0.0,0.0,0.0,4.255179320011848e-06
1060.0,0.0,0.0,0.0,0.0,0.0,0.0
1061.0,0.0003199550264980644,0.0,0.0,0.0,0.006944444444444444,0.046296296296296294
1062.0,0.0,0.0,0.0,0.0,0.0,0.0
1063.0,0.0,0.0,0.0,0.0,0.0,0.0
1064.0,0.00027679052436724305,0.0,0.0,0.0,0.003472222222222222,0.023148148148148147
1065.0,0.00028079035109840333,0.0,0.0,0.0,0.006944444444444444,0.046296296296296294
1066.0,9.599670738680288e-05,0.0,0.0,0.0,0.001736111111111111,0.011574074074074073
1067.0,1.1335792805766687e-05,0.0,0.0,0.0,0.0,0.0009446494004805572
1068.0,1.3276127219796763e-06,0.0,0.0,0.0,0.0,0.00011063439349830635
1069.0,0.000203176008653827,0.0,0.0,0.0,0.003472222222222222,0.023148148148148147
1070.0,0.0,0.0,0.0,0.0,0.0,0.0
1071.0,0.0,0.0,0.0,0.0,0.0,0.0
1072.0,0.0003184912202414125,0.0,0.0,0.0,0.003472222222222222,0.02654093502011771
1073.0,0.0,0.0,0.0,0.0,0.0,0.0
1074.0,0.0,0.0,0.0,0.0,0.0,0.0
1075.0,0.0,0.0,0.0,0.0,0.0,0.0
1076.0,2.8594745344889816e-06,0.0,0.0,0.0,0.0,0.00023828954454074847
1077.0,0.0,0.0,0.0,0.0,0.0,0.0
1078.0,0.0,0.0,0.0,0.0,0.0,0.0
1079.0,0.0,0.0,0.0,0.0,0.0,0.0
1080.0,0.0,0.0,0.0,0.0,0.0,0.0
1081.0,0.0,0.0,0.0,0.0,0.0,0.0
1082.0,0.0,0.0,0.0,0.0,0.0,0.0
1083.0,0.0,0.0,0.0,0.0,0.0,0.0
1084.0,0.0,0.0,0.0,0.0,0.0,0.0
1085.0,0.0,0.0,0.0,0.0,0.0,0.0
1086.0,0.00016610496095381677,0.0,0.0,0.0,0.006944444444444444,0.046296296296296294
1087.0,0.00020286967628635466,0.0,0.0,0.0,0.001736111111111111,0.016905806357196223
1088.0,8.306097879540175e-05,0.0,0.0,0.0,0.003472222222222222,0.023148148148148147
1089.0,0.0004457379400264472,0.0,0.0,0.0,0.005208333333333333,0.03714482833553726
1090.0,0.00019587413407862186,0.0,0.0,0.0,0.005208333333333333,0.034722222222222224
1091.0,0.0,0.0,0.0,0.0,0.0,0.0
1092.0,1.2476204574340954e-05,0.0,0.0,0.0,0.0,0.0010396837145284128
1093.0,1.3276127219796763e-06,0.0,0.0,0.0,0.0,0.00011063439349830635
1094.0,0.00031190423760563135,0.0,0.0,0.0,0.003472222222222222,0.02599201980046928
1095.0,0.00013014022260904312,0.0,0.0,0.0,0.003472222222222222,0.023148148148148147
1096.0,0.0,0.0,0.0,0.0,0.0,0.0
1097.0,0.0,0.0,0.0,0.0,0.0,0.0
1098.0,0.0,0.0,0.0,0.0,0.0,0.0
1099.0,0.0,0.0,0.0,0.0,0.0,0.0
1100.0,0.0,0.0,0.0,0.0,0.0,0.0
1101.0,4.953034022037173e-06,0.0,0.0,0.0,0.0,0.0004127528351697644
1102.0,0.0,0.0,0.0,0.0,0.0,0.0
1103.0,0.0,0.0,0.0,0.0,0.0,0.0
1104.0,0.0,0.0,0.0,0.0,0.0,0.0
1105.0,0.0,0.0,0.0,0.0,0.0,0.0
1106.0,0.0,0.0,0.0,0.0,0.0,0.0
1107.0,0.0,0.0,0.0,0.0,0.0,0.0
1108.0,0.0,0.0,0.0,0.0,0.0,0.0
1109.0,0.0,0.0,0.0,0.0,0.0,0.0
1110.0,0.0,0.0,0.0,0.0,0.0,0.0
1111.0,0.0,0.0,0.0,0.0,0.0,0.0
1112.0,0.0,0.0,0.0,0.0,0.0,0.0
1113.0,0.0,0.0,0.0,0.0,0.0,0.0
1114.0,0.0,0.0,0.0,0.0,0.0,0.0
1115.0,0.0,0.0,0.0,0.0,0.0,0.0
1116.0,0.0,0.0,0.0,0.0,0.0,0.0
1117.0,1.3276127219796763e-06,0.0,0.0,0.0,0.0,0.00011063439349830635
1118.0,1.3276127219796763e-06,0.0,0.0,0.0,0.0,0.00011063439349830635
1119.0,0.0,0.0,0.0,0.0,0.0,0.0
1120.0,0.0,0.0,0.0,0.0,0.0,0.0
1121.0,0.0,0.0,0.0,0.0,0.0,0.0
1122.0,0.0,0.0,0.0,0.0,0.0,0.0
1123.0,0.0,0.0,0.0,0.0,0.0,0.0
1124.0,0.0,0.0,0.0,0.0,0.0,0.0
1125.0,0.0,0.0,0.0,0.0,0.0,0.0
1126.0,0.0,0.0,0.0,0.0,0.0,0.0
1127.0,0.0,0.0,0.0,0.0,0.0,0.0
1128.0,0.0,0.0,0.0,0.0,0.0,0.0
1129.0,0.0,0.0,0.0,0.0,0.0,0.0
1130.0,0.0,0.0,0.0,0.0,0.0,0.0
1131.0,0.0,0.0,0.0,0.0,0.0,0.0
1132.0,0.0,0.0,0.0,0.0,0.0,0.0
1133.0,0.0,0.0,0.0,0.0,0.0,0.0
1134.0,0.0,0.0,0.0,0.0,0.0,0.0
1135.0,0.0,0.0,0.0,0.0,0.0,0.0
1136.0,0.0,0.0,0.0,0.0,0.0,0.0
1137.0,0.0,0.0,0.0,0.0,0.0,0.0
1138.0,0.0,0.0,0.0,0.0,0.0,0.0
1139.0,0.0,0.0,0.0,0.0,0.0,0.0
1140.0,0.0,0.0,0.0,0.0,0.0,0.0
1141.0,0.0,0.0,0.0,0.0,0.0,0.0
1142.0,1.3276127219796763e-06,0.0,0.0,0.0,0.0,0.00011063439349830635
1143.0,1.3276127219796763e-06,0.0,0.0,0.0,0.0,0.00011063439349830635
1144.0,0.0,0.0,0.0,0.0,0.0,0.0
1145.0,0.0,0.0,0.0,0.0,0.0,0.0
1146.0,0.0,0.0,0.0,0.0,0.0,0.0
1147.0,0.007488335948437452,0.00150063366163522,2.057436176983174e-05,0.0,0.14583333333333334,0.9722222222222223
1148.0,0.0,0.0,0.0,0.0,0.0,0.0
1149.0,0.03186897560954094,0.012272238731384277,3.1755713280290365e-05,0.0006143496721051633,0.1753472222222222,2.655747967461745
1150.0,3.702766889546183e-06,1.4428391068577184e-06,2.916508492489811e-05,0.0,0.0,0.00030856390746218193
1151.0,0.0,0.0,0.0,0.0,0.0,0.0
1152.0,0.0,0.0,0.0,0.0,0.0,0.0
1153.0,0.0,0.0,0.0,0.0,0.0,0.0
1154.0,0.0,0.0,0.0,0.0,0.0,0.0
1155.0,0.0,0.0,0.0,0.0,0.0,0.0
1156.0,0.0,0.0,0.0,0.0,0.0,0.0
1157.0,0.0,0.0,0.0,0.0,0.0,0.0
1158.0,0.0,0.0,0.0,0.0,0.0,0.0
1159.0,0.0,0.0,0.0,0.0,0.0,0.0
1160.0,0.0,0.0,0.0,0.0,0.0,0.0
1161.0,0.0,0.0,0.0,0.0,0.0,0.0
1162.0,0.0,0.0,0.0,0.0,0.0,0.0
1163.0,0.0,0.0,0.0,0.0,0.0,0.0
1164.0,0.0,0.0,0.0,0.0,0.0,0.0
1165.0,0.0,0.0,0.0,0.0,0.0,0.0
1166.0,0.0,0.0,0.0,0.0,0.0,0.0
1167.0,0.0,0.0,0.0,0.0,0.0,0.0
1168.0,0.0,0.0,0.0,0.0,0.0,0.0
1169.0,0.0,0.0,0.0,0.0,0.0,0.0
1170.0,0.0,0.0,0.0,0.0,0.0,0.0
1171.0,0.0,0.0,0.0,0.0,0.0,0.0
1172.0,0.0,0.0,0.0,0.0,0.0,0.0
1173.0,0.0,0.0,0.0,0.0,0.0,0.0
1174.0,3.702766889546183e-06,1.4428391068577184e-06,2.916508492489811e-05,0.0,0.0,0.00030856390746218193
1175.0,3.702766889546183e-06,1.4428391068577184e-06,2.916508492489811e-05,0.0,0.0,0.00030856390746218193
1176.0,0.0,0.0,0.0,0.0,0.0,0.0
1177.0,0.0,0.0,0.0,0.0,0.0,0.0
1178.0,0.0,0.0,0.0,0.0,0.0,0.0
1179.0,0.0,0.0,0.0,0.0,0.0,0.0
1180.0,0.0,0.0,0.0,0.0,0.0,0.0
1181.0,0.0,0.0,0.0,0.0,0.0,0.0
1182.0,0.0,0.0,0.0,0.0,0.0,0.0
1183.0,0.0,0.0,0.0,0.0,0.0,0.0
1184.0,0.0,0.0,0.0,0.0,0.0,0.0
1185.0,0.0,0.0,0.0,0.0,0.0,0.0
1186.0,0.0,0.0,0.0,0.0,0.0,0.0
1187.0,0.0,0.0,0.0,0.0,0.0,0.0
1188.0,0.0,0.0,0.0,0.0,0.0,0.0
1189.0,0.0,0.0,0.0,0.0,0.0,0.0
1190.0,0.0,0.0,0.0,0.0,0.0,0.0
1191.0,0.0,0.0,0.0,0.0,0.0,0.0
1192.0,0.00023122612037695944,0.0,0.0,0.0,0.0,0.01926884336474662
1193.0,0.0004064201202709228,0.0,0.0,0.0,0.0,0.033868343355910234
1194.0,0.0,0.0,0.0,0.0,0.0,0.0
1195.0,0.0,0.0,0.0,0.0,0.0,0.0
1196.0,0.0,0.0,0.0,0.0,0.0,0.0
1197.0,0.00015041185542941093,0.0,0.0,0.0,0.001736111111111111,0.012534321285784245
1198.0,0.00017471742467023432,0.0,0.0,0.0,0.0,0.014559785389186192
1199.0,0.00011680529860313982,1.4428391068577184e-06,2.916508492489811e-05,0.0,0.0,0.009733774883594984
1200.0,0.00017098215175792575,1.4428391068577184e-06,2.916508492489811e-05,0.0,0.0,0.014248512646493811
1201.0,2.6960778995999135e-05,0.0,0.0,0.0,0.0,0.002246731582999928
1202.0,0.00016986651462502778,0.0,0.0,0.0,0.0,0.014155542885418981
1203.0,0.00019316785619594157,0.0,0.0,0.0,0.0,0.016097321349661797
1204.0,2.0424842261945741e-07,0.0,0.0,0.0,0.0,1.7020701884954786e-05
1205.0,4.341978637967259e-05,0.0,0.0,0.0,0.0,0.0036183155316393822
1206.0,0.00020070803293492645,0.0,0.0,0.0,0.0,0.01672566941124387
1207.0,0.0001883339718915522,0.0,0.0,0.0,0.0,0.015694497657629352
1208.0,0.0002674972638487816,0.0,0.0,0.0,0.001736111111111111,0.022291438654065132
1209.0,0.0001746663765516132,0.0,0.0,0.0,0.0,0.014555531379301101
1210.0,0.0,0.0,0.0,0.0,0.0,0.0
1211.0,0.0,0.0,0.0,0.0,0.0,0.0
1212.0,0.0,0.0,0.0,0.0,0.0,0.0
1213.0,0.0,0.0,0.0,0.0,0.0,0.0
1214.0,0.0,0.0,0.0,0.0,0.0,0.0
1215.0,0.0024783662520349026,0.0,0.0,0.0,0.003472222222222222,0.20653052100290856
1216.0,8.442265425401274e-06,0.0,0.0,0.0,0.0,0.0007035221187834395
1217.0,0.0,0.0,0.0,0.0,0.0,0.0
1218.0,0.0,0.0,0.0,0.0,0.0,0.0
1219.0,0.0,0.0,0.0,0.0,0.0,0.0
1220.0,0.0,0.0,0.0,0.0,0.0,0.0
1221.0,3.0637110626230424e-07,0.0,0.0,0.0,0.0,2.5530925521858688e-05
1222.0,0.018751192837953568,0.001983626978471875,0.0,0.0006808380712755024,0.07118055555555555,1.5625994031627972
1223.0,0.0,0.0,0.0,0.0,0.0,0.0
1224.0,0.0,0.0,0.0,0.0,0.0,0.0
1225.0,0.0,0.0,0.0,0.0,0.0,0.0
1226.0,0.0,0.0,0.0,0.0,0.0,0.0
1227.0,0.0,0.0,0.0,0.0,0.0,0.0
1228.0,0.0,0.0,0.0,0.0,0.0,0.0
1229.0,0.0,0.0,0.0,0.0,0.0,0.0
1230.0,0.0,0.0,0.0,0.0,0.0,0.0
1231.0,0.0,0.0,0.0,0.0,0.0,0.0
1232.0,0.0,0.0,0.0,0.0,0.0,0.0
1233.0,0.0,0.0,0.0,0.0,0.0,0.0
1234.0,0.0,0.0,0.0,0.0,0.0,0.0
1235.0,0.0,0.0,0.0,0.0,0.0,0.0
1236.0,0.0,0.0,0.0,0.0,0.0,0.0
1237.0,0.0,0.0,0.0,0.0,0.0,0.0
1238.0,1.2302513141548843e-07,0.0,7.185251433838857e-07,0.0,0.0,1.0252094284624036e-05
1239.0,1.2302513141548843e-07,0.0,7.185251433838857e-07,0.0,0.0,1.0252094284624036e-05
1240.0,0.0,0.0,0.0,0.0,0.0,0.0
1241.0,0.0,0.0,0.0,0.0,0.0,0.0
1242.0,0.0,0.0,0.0,0.0,0.0,0.0
1243.0,0.0,0.0,0.0,0.0,0.0,0.0
1244.0,0.0,0.0,0.0,0.0,0.0,0.0
1245.0,0.0,0.0,0.0,0.0,0.0,0.0
1246.0,0.0,0.0,0.0,0.0,0.0,0.0
1247.0,0.0,0.0,0.0,0.0,0.0,0.0
1248.0,0.0,0.0,0.0,0.0,0.0,0.0
1249.0,0.0,0.0,0.0,0.0,0.0,0.0
1250.0,0.0,0.0,0.0,0.0,0.0,0.0
1251.0,0.0,0.0,0.0,0.0,0.0,0.0
1252.0,0.00019005306239705533,0.0,0.0,0.0,0.0,0.01583775519975461
1253.0,0.00029968333547003567,0.0,0.0,0.0,0.001736111111111111,0.02497361128916964
1254.0,0.0,0.0,0.0,0.0,0.0,0.0
1255.0,5.038123163103592e-06,0.0,0.0,0.0,0.0,0.0004198435969252993
1256.0,0.0,0.0,0.0,0.0,0.0,0.0
1257.0,0.0,0.0,0.0,0.0,0.0,0.0
1258.0,0.0,0.0,0.0,0.0,0.0,0.0
1259.0,0.0,0.0,0.0,0.0,0.0,0.0
1260.0,0.0,0.0,0.0,0.0,0.0,0.0
1261.0,0.0,0.0,0.0,0.0,0.0,0.0
1262.0,0.0,0.0,0.0,0.0,0.0,0.0
1263.0,1.9110817106593458e-07,0.0,7.185251433838857e-07,0.0,0.0,1.5925680922161217e-05
1264.0,1.9110817106593458e-07,0.0,7.185251433838857e-07,0.0,0.0,1.5925680922161217e-05
1265.0,0.02245241031050682,0.0005806043045595288,0.0,0.0003926639328710735,0.08854166666666667,1.871034192542235
1266.0,1.9573792542360025e-06,0.0,0.0,0.0,0.0,0.0001631149378530002
1267.0,0.0,0.0,0.0,0.0,0.0,0.0
1268.0,0.0,0.0,0.0,0.0,0.0,0.0
1269.0,0.0,0.0,0.0,0.0,0.0,0.0
1270.0,0.0,0.0,0.0,0.0,0.0,0.0
1271.0,0.0,0.0,0.0,0.0,0.0,0.0
1272.0,0.0001210437694680877,1.2544631317723542e-05,0.0,5.344000965123996e-05,0.001736111111111111,0.011574074074074073
1273.0,0.0,0.0,0.0,0.0,0.0,0.0
1274.0,0.0,0.0,0.0,0.0,0.0,0.0
1275.0,0.0,0.0,0.0,0.0,0.0,0.0
1276.0,0.0,0.0,0.0,0.0,0.0,0.0
1277.0,0.0,0.0,0.0,0.0,0.0,0.0
1278.0,0.0,0.0,0.0,0.0,0.0,0.0
1279.0,0.0,0.0,0.0,0.0,0.0,0.0
1280.0,0.0,0.0,0.0,0.0,0.0,0.0
1281.0,0.0,0.0,0.0,0.0,0.0,0.0
1282.0,0.0,0.0,0.0,0.0,0.0,0.0
1283.0,0.0,0.0,0.0,0.0,0.0,0.0
1284.0,0.0,0.0,0.0,0.0,0.0,0.0
1285.0,0.0,0.0,0.0,0.0,0.0,0.0
1286.0,0.0,0.0,0.0,0.0,0.0,0.0
1287.0,0.0002781691728159785,0.0,0.0,0.0,0.0,0.023180764401331544
1288.0,5.3994435802451335e-06,0.0,7.185251433838857e-07,0.0,0.0,0.00044995363168709446
1289.0,0.00010369394294684753,0.0,7.185251433838857e-07,0.0,0.0,0.008641161912237294
1290.0,8.603961032349616e-05,0.0,0.0,0.0,0.0,0.007169967526958013
1291.0,0.0,0.0,0.0,0.0,0.0,0.0
1292.0,0.0,0.0,0.0,0.0,0.0,0.0
1293.0,0.0,0.0,0.0,0.0,0.0,0.0
1294.0,0.0,0.0,0.0,0.0,0.0,0.0
1295.0,0.0,0.0,0.0,0.0,0.0,0.0
1296.0,0.0,0.0,0.0,0.0,0.0,0.0
1297.0,1.4127155054666218e-06,0.0,0.0,0.0,0.0,0.00011772629212221848
1298.0,0.0,0.0,0.0,0.0,0.0,0.0
1299.0,0.0,0.0,0.0,0.0,0.0,0.0
1300.0,0.0,0.0,0.0,0.0,0.0,0.0
1301.0,5.855117706232704e-06,0.0,0.0,0.0,0.0,0.000487926475519392
1302.0,0.00013756126281805336,0.0,0.0,0.0,0.0,0.011463438568171114
1303.0,0.0,0.0,0.0,0.0,0.0,0.0
1304.0,0.0,0.0,0.0,0.0,0.0,0.0
1305.0,2.314815674253623e-06,0.0,0.0,0.0,0.0,0.0001929013061878019
1306.0,0.0,0.0,0.0,0.0,0.0,0.0
1307.0,0.0,0.0,0.0,0.0,0.0,0.0
1308.0,0.0,0.0,0.0,0.0,0.0,0.0
1309.0,0.0006098515586927533,0.0,0.0,0.0,0.0,0.05082096322439611
1310.0,0.0,0.0,0.0,0.0,0.0,0.0
1311.0,0.0,0.0,0.0,0.0,0.0,0.0
1312.0,0.0,0.0,0.0,0.0,0.0,0.0
1313.0,9.229974011759623e-07,0.0,7.185251433838857e-07,0.0,0.0,7.691645009799686e-05
1314.0,3.4429527318025066e-07,0.0,7.185251433838857e-07,0.0,0.0,2.8691272765020887e-05
1315.0,0.0,0.0,0.0,0.0,0.0,0.0
1316.0,0.0,0.0,0.0,0.0,0.0,0.0
1317.0,0.0,0.0,0.0,0.0,0.0,0.0
1318.0,0.0,0.0,0.0,0.0,0.0,0.0
1319.0,0.0,0.0,0.0,0.0,0.0,0.0
1320.0,0.0,0.0,0.0,0.0,0.0,0.0
1321.0,0.0,0.0,0.0,0.0,0.0,0.0
1322.0,0.0,0.0,0.0,0.0,0.0,0.0
1323.0,0.0,0.0,0.0,0.0,0.0,0.0
1324.0,0.0,0.0,0.0,0.0,0.0,0.0
1325.0,0.0,0.0,0.0,0.0,0.0,0.0
1326.0,0.0,0.0,0.0,0.0,0.0,0.0
1327.0,0.0,0.0,0.0,0.0,0.0,0.0
1328.0,0.0,0.0,0.0,0.0,0.0,0.0
1329.0,0.0,0.0,0.0,0.0,0.0,0.0
1330.0,0.0,0.0,0.0,0.0,0.0,0.0
1331.0,0.0,0.0,0.0,0.0,0.0,0.0
1332.0,0.0,0.0,0.0,0.0,0.0,0.0
1333.0,0.0,0.0,0.0,0.0,0.0,0.0
1334.0,0.0,0.0,0.0,0.0,0.0,0.0
1335.0,0.0,0.0,0.0,0.0,0.0,0.0
1336.0,0.0,0.0,0.0,0.0,0.0,0.0
1337.0,0.0,0.0,0.0,0.0,0.0,0.0
1338.0,3.4429527318025066e-07,0.0,7.185251433838857e-07,0.0,0.0,2.8691272765020887e-05
1339.0,3.783366651077813e-07,0.0,7.185251433838857e-07,0.0,0.0,3.152805542564844e-05
1340.0,0.018570607528090477,0.0009547813097015023,0.0,0.0002454075147397816,0.08506944444444445,1.547550627340873
1341.0,2.893530108849518e-07,0.0,0.0,0.0,0.0,2.4112750907079317e-05
1342.0,0.0,0.0,0.0,0.0,0.0,0.0
1343.0,0.0,0.0,0.0,0.0,0.0,0.0
1344.0,0.0,0.0,0.0,0.0,0.0,0.0
1345.0,0.0,0.0,0.0,0.0,0.0,0.0
1346.0,0.0,0.0,0.0,0.0,0.0,0.0
1347.0,9.489225340075791e-05,1.1279558748356067e-05,0.0,4.851297489949502e-05,0.001736111111111111,0.011574074074074073
1348.0,0.0,0.0,0.0,0.0,0.0,0.0
1349.0,0.0,0.0,0.0,0.0,0.0,0.0
1350.0,0.0,0.0,0.0,0.0,0.0,0.0
1351.0,0.0,0.0,0.0,0.0,0.0,0.0
1352.0,0.0,0.0,0.0,0.0,0.0,0.0
1353.0,0.0,0.0,0.0,0.0,0.0,0.0
1354.0,0.0,0.0,0.0,0.0,0.0,0.0
1355.0,0.0,0.0,0.0,0.0,0.0,0.0
1356.0,0.0,0.0,0.0,0.0,0.0,0.0
1357.0,0.0,0.0,0.0,0.0,0.0,0.0
1358.0,0.0,0.0,0.0,0.0,0.0,0.0
1359.0,0.0,0.0,0.0,0.0,0.0,0.0
1360.0,0.0,0.0,0.0,0.0,0.0,0.0
1361.0,0.0,0.0,0.0,0.0,0.0,0.0
1362.0,0.0,0.0,0.0,0.0,0.0,0.0
1363.0,5.4942599803098346e-08,0.0,7.185251433838857e-07,0.0,0.0,4.578549983591529e-06
1364.0,5.4942599803098346e-08,0.0,7.185251433838857e-07,0.0,0.0,4.578549983591529e-06
1365.0,0.0,0.0,0.0,0.0,0.0,0.0
1366.0,0.0,0.0,0.0,0.0,0.0,0.0
1367.0,0.0,0.0,0.0,0.0,0.0,0.0
1368.0,0.0,0.0,0.0,0.0,0.0,0.0
1369.0,0.0,0.0,0.0,0.0,0.0,0.0
1370.0,0.0,0.0,0.0,0.0,0.0,0.0
1371.0,0.0,0.0,0.0,0.0,0.0,0.0
1372.0,0.0,0.0,0.0,0.0,0.0,0.0
1373.0,0.0,0.0,0.0,0.0,0.0,0.0
1374.0,0.0,0.0,0.0,0.0,0.0,0.0
1375.0,0.0,0.0,0.0,0.0,0.0,0.0
1376.0,0.0,0.0,0.0,0.0,0.0,0.0
1377.0,0.0,0.0,0.0,0.0,0.0,0.0
1378.0,0.0,0.0,0.0,0.0,0.0,0.0
1379.0,0.0,0.0,0.0,0.0,0.0,0.0
1380.0,0.0,0.0,0.0,0.0,0.0,0.0
1381.0,0.0,0.0,0.0,0.0,0.0,0.0
1382.0,0.0,0.0,0.0,0.0,0.0,0.0
1383.0,0.0,0.0,0.0,0.0,0.0,0.0
1384.0,0.0,0.0,0.0,0.0,0.0,0.0
1385.0,0.0,0.0,0.0,0.0,0.0,0.0
1386.0,0.0,0.0,0.0,0.0,0.0,0.0
1387.0,0.0,0.0,0.0,0.0,0.0,0.0
1388.0,5.4942599803098346e-08,0.0,7.185251433838857e-07,0.0,0.0,4.578549983591529e-06
1389.0,5.4942599803098346e-08,0.0,7.185251433838857e-07,0.0,0.0,4.578549983591529e-06
1390.0,0.0,0.0,0.0,0.0,0.0,0.0
1391.0,0.0,0.0,0.0,0.0,0.0,0.0
1392.0,0.0,0.0,0.0,0.0,0.0,0.0
1393.0,0.0,0.0,0.0,0.0,0.0,0.0
1394.0,0.0,0.0,0.0,0.0,0.0,0.0
1395.0,0.0,0.0,0.0,0.0,0.0,0.0
1396.0,0.0,0.0,0.0,0.0,0.0,0.0
1397.0,0.0,0.0,0.0,0.0,0.0,0.0
1398.0,0.0,0.0,0.0,0.0,0.0,0.0
1399.0,0.0,0.0,0.0,0.0,0.0,0.0
1400.0,0.0,0.0,0.0,0.0,0.0,0.0
1401.0,0.0,0.0,0.0,0.0,0.0,0.0
1402.0,0.0,0.0,0.0,0.0,0.0,0.0
1403.0,0.0,0.0,0.0,0.0,0.0,0.0
1404.0,0.0,0.0,0.0,0.0,0.0,0.0
1405.0,0.0,0.0,0.0,0.0,0.0,0.0
1406.0,0.0,0.0,0.0,0.0,0.0,0.0
1407.0,0.0,0.0,0.0,0.0,0.0,0.0
1408.0,0.0,0.0,0.0,0.0,0.0,0.0
1409.0,0.0,0.0,0.0,0.0,0.0,0.0
1410.0,0.0,0.0,0.0,0.0,0.0,0.0
1411.0,0.0,0.0,0.0,0.0,0.0,0.0
1412.0,0.0,0.0,0.0,0.0,0.0,0.0
1413.0,5.4942599803098346e-08,0.0,7.185251433838857e-07,0.0,0.0,4.578549983591529e-06
1414.0,5.4942599803098346e-08,0.0,7.185251433838857e-07,0.0,0.0,4.578549983591529e-06
1415.0,0.0,0.0,0.0,0.0,0.0,0.0
1416.0,0.0,0.0,0.0,0.0,0.0,0.0
1417.0,0.0,0.0,0.0,0.0,0.0,0.0
1418.0,0.0,0.0,0.0,0.0,0.0,0.0
1419.0,0.0,0.0,0.0,0.0,0.0,0.0
1420.0,0.0,0.0,0.0,0.0,0.0,0.0
1421.0,0.0,0.0,0.0,0.0,0.0,0.0
1422.0,0.0,0.0,0.0,0.0,0.0,0.0
1423.0,0.0,0.0,0.0,0.0,0.0,0.0
1424.0,0.0,0.0,0.0,0.0,0.0,0.0
1425.0,0.0,0.0,0.0,0.0,0.0,0.0
1426.0,1.665641502768267e-05,0.0,0.0,0.0,0.0,0.0013880345856402225
1427.0,0.00035671735531650484,0.0,0.0,0.0,0.0,0.029726446276375402
1428.0,0.0,0.0,0.0,0.0,0.0,0.0
1429.0,0.0,0.0,0.0,0.0,0.0,0.0
1430.0,2.562772124292678e-06,0.0,0.0,0.0,0.0,0.0002135643436910565
1431.0,0.0,0.0,0.0,0.0,0.0,0.0
1432.0,0.0,0.0,0.0,0.0,0.0,0.0
1433.0,0.0,0.0,0.0,0.0,0.0,0.0
1434.0,0.0,0.0,0.0,0.0,0.0,0.0
1435.0,0.0,0.0,0.0,0.0,0.0,0.0
1436.0,0.0,0.0,0.0,0.0,0.0,0.0
1437.0,0.0,0.0,0.0,0.0,0.0,0.0
1438.0,5.4942599803098346e-08,0.0,7.185251433838857e-07,0.0,0.0,4.578549983591529e-06
1439.0,5.4942599803098346e-08,0.0,7.185251433838857e-07,0.0,0.0,4.578549983591529e-06
1440.0,0.0,0.0,0.0,0.0,0.0,0.0
1441.0,0.0,0.0,0.0,0.0,0.0,0.0
1442.0,0.0,0.0,0.0,0.0,0.0,0.0
1443.0,0.02719864435493946,0.0009829039918258786,0.0,0.0003695274062920362,0.13541666666666666,2.266553696244955
1444.0,0.0,0.0,0.0,0.0,0.0,0.0
1445.0,0.0,0.0,0.0,0.0,0.0,0.0
1446.0,0.0,0.0,0.0,0.0,0.0,0.0
1447.0,0.0,0.0,0.0,0.0,0.0,0.0
1448.0,0.0,0.0,0.0,0.0,0.0,0.0
1449.0,0.0,0.0,0.0,0.0,0.0,0.0
1450.0,0.0,0.0,0.0,0.0,0.0,0.0
1451.0,7.899789125076495e-07,0.0,7.185251433838857e-07,0.0,0.0,6.583157604230412e-05
1452.0,7.899789125076495e-07,0.0,7.185251433838857e-07,0.0,0.0,6.583157604230412e-05
1453.0,0.0,0.0,0.0,0.0,0.0,0.0
1454.0,0.0,0.0,0.0,0.0,0.0,0.0
1455.0,0.0,0.0,0.0,0.0,0.0,0.0
1456.0,0.0,0.0,0.0,0.0,0.0,0.0
1457.0,0.0,0.0,0.0,0.0,0.0,0.0
1458.0,0.0,0.0,0.0,0.0,0.0,0.0
1459.0,0.0,0.0,0.0,0.0,0.0,0.0
1460.0,0.0,0.0,0.0,0.0,0.0,0.0
1461.0,0.0,0.0,0.0,0.0,0.0,0.0
1462.0,0.0,0.0,0.0,0.0,0.0,0.0
1463.0,0.0,0.0,0.0,0.0,0.0,0.0
1464.0,0.0,0.0,0.0,0.0,0.0,0.0
1465.0,0.0,0.0,0.0,0.0,0.0,0.0
1466.0,0.0,0.0,0.0,0.0,0.0,0.0
1467.0,0.0001744110486470163,0.0007461896748282015,0.0,0.0,0.005208333333333333,0.034722222222222224
1468.0,0.00018275118782185018,0.0004821617912966758,0.0,0.0,0.001736111111111111,0.015229265651820848
1469.0,0.00016140825755428523,0.0005257445736788213,0.0,0.0,0.005208333333333333,0.034722222222222224
1470.0,0.00027143879560753703,0.00030023674480617046,0.0,0.0,0.006944444444444444,0.046296296296296294
1471.0,0.0003675448533613235,0.0,0.0,0.0,0.008680555555555556,0.05787037037037038
1472.0,0.00045778852654621005,0.0,0.0,0.0,0.008680555555555556,0.05787037037037038
1473.0,0.0002737948962021619,0.0,0.0,0.0,0.005208333333333333,0.034722222222222224
1474.0,4.786219506058842e-05,0.0,0.0,0.0,0.001736111111111111,0.011574074074074073
1475.0,0.00010842182382475585,0.0,0.0,0.0,0.001736111111111111,0.011574074074074073
1476.0,0.0001798585435608402,7.043671757855918e-06,7.185251433838857e-07,0.0,0.001736111111111111,0.014988211963403348
1477.0,0.0002882705011870712,0.0,7.185251433838857e-07,0.0,0.003472222222222222,0.024022541765589267
1478.0,0.0001764803600963205,0.0,0.0,0.0,0.006944444444444444,0.046296296296296294
1479.0,0.0002419151132926345,0.0,0.0,0.0,0.006944444444444444,0.046296296296296294
1480.0,6.338505772873759e-05,0.0,0.0,0.0,0.005208333333333333,0.034722222222222224
1481.0,0.000267871655523777,0.0,0.0,0.0,0.008680555555555556,0.05787037037037038
1482.0,0.00019837617583107203,0.0,0.0,0.0,0.006944444444444444,0.046296296296296294
1483.0,0.00040480316965840757,0.0,0.0,0.0,0.010416666666666666,0.06944444444444445
1484.0,0.0002906793961301446,0.0,0.0,0.0,0.006944444444444444,0.046296296296296294
1485.0,0.00032881557126529515,0.0,0.0,0.0,0.003472222222222222,0.02740129760544126
1486.0,9.418530680704862e-05,0.0,0.0,0.0,0.003472222222222222,0.023148148148148147
1487.0,2.042471862750972e-07,0.0,0.0,0.0,0.0,1.70205988562581e-05
1488.0,0.00015388408792205155,0.0,0.0,0.0,0.001736111111111111,0.012823673993504295
1489.0,0.0,0.0,0.0,0.0,0.0,0.0
1490.0,0.0001232978975167498,0.0,0.0,0.0,0.0,0.010274824793062484
1491.0,6.364037108141929e-05,0.0,0.0,0.0,0.001736111111111111,0.011574074074074073
1492.0,0.00027418637182563543,0.0,0.0,0.0,0.003472222222222222,0.023148148148148147
1493.0,0.0001144909838330932,0.0,0.0,0.0,0.001736111111111111,0.011574074074074073
1494.0,0.00011091664782725275,0.0,0.0,0.0,0.003472222222222222,0.023148148148148147
1495.0,0.0002206052013207227,0.0,0.0,0.0,0.001736111111111111,0.01838376677672689
1496.0,8.813315071165562e-05,0.0,0.0,0.0,0.003472222222222222,0.023148148148148147
1497.0,0.00011863423424074426,0.0,0.0,0.0,0.003472222222222222,0.023148148148148147
1498.0,0.00036378329969011247,0.0,0.0,0.0,0.005208333333333333,0.034722222222222224
1499.0,0.00018385752628091723,0.0,0.0,0.0,0.005208333333333333,0.034722222222222224
1500.0,0.000115723698399961,0.0,0.0,0.0,0.001736111111111111,0.011574074074074073
1501.0,1.529563269286882e-05,0.0,7.185251433838857e-07,0.0,0.0,0.0012746360577390685
1502.0,8.620464200248534e-07,0.0,7.185251433838857e-07,0.0,0.0,7.183720166873779e-05
1503.0,0.0,0.0,0.0,0.0,0.0,0.0
1504.0,0.0,0.0,0.0,0.0,0.0,0.0
1505.0,0.0,0.0,0.0,0.0,0.0,0.0
1506.0,4.0968810935737565e-05,0.0002649083035066724,0.0,0.0,0.001736111111111111,0.011574074074074073
1507.0,0.0002140862779924646,0.0013734070817008615,0.0,0.0,0.006944444444444444,0.046296296296296294
1508.0,0.00011596199328778312,0.0007498216000385582,0.0,0.0,0.0,0.018745540000963956
1509.0,0.00019837619038298726,0.0012823896249756217,0.0,0.0,0.006944444444444444,0.046296296296296294
1510.0,0.0001673344086157158,0.0010738307610154152,0.0,0.0,0.0,0.02684576902538538
1511.0,0.00011349797568982467,0.0007302313460968435,0.0,0.0,0.003472222222222222,0.023148148148148147
1512.0,0.00010804735939018428,0.0006986448424868286,0.0,0.0,0.0,0.017466121062170714
1513.0,0.00011710237595252693,0.0005638244329020381,0.0,0.0,0.0,0.014095610822550952
1514.0,0.00013316990225575864,0.000610488816164434,0.0,0.0,0.0,0.015262220404110849
1515.0,3.0245771995396353e-05,0.0,0.0,0.0,0.0,0.0025204809996163626
1516.0,0.0,0.0,0.0,0.0,0.0,0.0
1517.0,0.00013837823644280434,0.0,0.0,0.0,0.006944444444444444,0.046296296296296294
1518.0,0.00010901135829044506,4.105142943444662e-05,0.0,0.0,0.003472222222222222,0.023148148148148147
1519.0,0.00014009112783242017,3.3017414580172044e-07,0.0,0.0,0.006944444444444444,0.046296296296296294
1520.0,0.00016045407392084599,0.0,0.0,0.0,0.005208333333333333,0.034722222222222224
1521.0,0.000114208844024688,0.0,0.0,0.0,0.001736111111111111,0.011574074074074073
1522.0,0.0,0.0,0.0,0.0,0.0,0.0
1523.0,0.0,0.0,0.0,0.0,0.0,0.0
1524.0,0.00013430870603770018,0.0,0.0011693454580381513,0.0,0.0,0.011192392169808349
1525.0,5.135143510415219e-05,0.0,0.0,0.0,0.0,0.004279286258679349
1526.0,9.535622666589916e-06,1.1005748774550739e-06,1.4453783478529658e-05,0.0,0.0,0.0007946352222158263
1527.0,0.00018206766981165856,8.553681141165725e-07,7.185251433838857e-07,0.0,0.006944444444444444,0.046296296296296294
1528.0,0.00011661858297884464,0.0,0.0,0.0,0.0,0.009718215248237053
1529.0,0.0,0.0,0.0,0.0,0.0,0.0
1530.0,0.0,0.0,0.0,0.0,0.0,0.0
1531.0,0.0,0.0,0.0,0.0,0.0,0.0
1532.0,0.0,0.0,0.0,0.0,0.0,0.0
1533.0,0.0,0.0,0.0,0.0,0.0,0.0
1534.0,0.0,0.0,0.0,0.0,0.0,0.0
1535.0,4.425377028383082e-06,3.3017079204000765e-07,0.0,0.0,0.0,0.00036878141903192346
1536.0,0.0,0.0,0.0,0.0,0.0,0.0
1537.0,0.0,0.0,0.0,0.0,0.0,0.0
1538.0,0.0,0.0,0.0,0.0,0.0,0.0
1539.0,0.0,0.0,0.0,0.0,0.0,0.0
1540.0,0.0,0.0,0.0,0.0,0.0,0.0
1541.0,0.0,0.0,0.0,0.0,0.0,0.0
1542.0,0.0,0.0,0.0,0.0,0.0,0.0
1543.0,9.80475700629313e-09,0.0,0.0,0.0,0.0,8.170630838577608e-07
1544.0,9.80475700629313e-09,0.0,0.0,0.0,0.0,8.170630838577608e-07
1545.0,0.0,0.0,0.0,0.0,0.0,0.0
1546.0,0.0,0.0,0.0,0.0,0.0,0.0
1547.0,0.0,0.0,0.0,0.0,0.0,0.0
1548.0,0.0,0.0,0.0,0.0,0.0,0.0
1549.0,0.00016908359248191118,0.0,0.0,0.0,0.006944444444444444,0.046296296296296294
1550.0,8.386095578316599e-05,0.0,0.0,0.0,0.003472222222222222,0.023148148148148147
1551.0,0.0001723416498862207,5.251973220765649e-07,7.185251433838857e-07,0.0,0.003472222222222222,0.023148148148148147
1552.0,1.0794354921017657e-06,5.251973220765649e-07,7.185251433838857e-07,0.0,0.0,8.995295767514715e-05
1553.0,0.0,0.0,0.0,0.0,0.0,0.0
1554.0,0.00017357702017761767,0.0,0.0,0.0,0.006944444444444444,0.046296296296296294
1555.0,0.00015172245912253857,0.0,0.0,0.0,0.003472222222222222,0.023148148148148147
1556.0,6.706152817059774e-06,0.0,0.0,0.0,0.003472222222222222,0.023148148148148147
1557.0,0.00027919039712287486,0.0,0.0,0.0,0.013888888888888888,0.09259259259259259
1558.0,0.00030029608751647174,0.0,0.0,0.0,0.006944444444444444,0.046296296296296294
1559.0,0.000189831800526008,0.0,0.0,0.0,0.0,0.01581931671050067
1560.0,0.00031835504341870546,0.0,0.0,0.0,0.003472222222222222,0.026529586951558787
1561.0,3.404171522447541e-08,0.0,0.0,0.0,0.0,2.8368096020396174e-06
1562.0,0.0,0.0,0.0,0.0,0.0,0.0
1563.0,0.00011148554767714813,0.0,0.0,0.0,0.003472222222222222,0.023148148148148147
1564.0,0.00013846333604305983,0.0,0.0,0.0,0.006944444444444444,0.046296296296296294
1565.0,0.00010403048509033397,0.0,0.0,0.0,0.003472222222222222,0.023148148148148147
1566.0,0.00014923742855899036,0.0,0.0,0.0,0.006944444444444444,0.046296296296296294
1567.0,1.702069596376532e-08,0.0,0.0,0.0,0.0,1.4183913303137767e-06
1568.0,0.00021002814173698425,0.0,0.0,0.0,0.0,0.017502345144748688
1569.0,0.0001233928051078692,0.0,0.0,0.0,0.003472222222222222,0.023148148148148147
1570.0,1.1454928426246624e-05,0.0,0.0,0.0,0.0,0.0009545773688538853
1571.0,0.0002545615134295076,0.0,0.0,0.0,0.006944444444444444,0.046296296296296294
1572.0,0.0001880956842796877,0.0,0.0,0.0,0.0,0.01567464035664064
1573.0,5.531726856133901e-06,0.0,0.0,0.0,0.0,0.00046097723801115836
1574.0,7.388683297904208e-05,0.0,0.0,0.0,0.0,0.0061572360815868405
1575.0,0.0,0.0,0.0,0.0,0.0,0.0
1576.0,7.564324732811656e-06,5.251973220765649e-07,7.185251433838857e-07,0.0,0.0,0.0006303603944009714
1577.0,1.1304985036986182e-06,5.251973220765649e-07,7.185251433838857e-07,0.0,0.0,9.420820864155151e-05
1578.0,0.0,0.0,0.0,0.0,0.0,0.0
1579.0,0.0,0.0,0.0,0.0,0.0,0.0
1580.0,0.0,0.0,0.0,0.0,0.0,0.0
1581.0,0.011998958885669708,0.00936468131840229,0.0011719355825334787,0.0,0.19270833333333334,1.2847222222222223
1582.0,0.0,0.0,0.0,0.0,0.0,0.0
1583.0,0.0,0.0,0.0,0.0,0.0,0.0
1584.0,0.0,0.0,0.0,0.0,0.0,0.0
1585.0,3.6493688639893662e-06,3.0508070381074504e-07,0.0,0.0,0.0,0.00030411407199911383
1586.0,0.0,0.0,0.0,0.0,0.0,0.0
1587.0,0.0,0.0,0.0,0.0,0.0,0.0
1588.0,0.0,0.0,0.0,0.0,0.0,0.0
1589.0,0.0,0.0,0.0,0.0,0.0,0.0
1590.0,0.0,0.0,0.0,0.0,0.0,0.0
1591.0,0.0,0.0,0.0,0.0,0.0,0.0
1592.0,0.0,0.0,0.0,0.0,0.0,0.0
1593.0,0.0,0.0,0.0,0.0,0.0,0.0
1594.0,0.0002847231808118522,0.0,0.0,0.0,0.006944444444444444,0.046296296296296294
1595.0,1.1192918947244834e-07,0.0,0.0,0.0,0.0,9.327432456037362e-06
1596.0,0.0,0.0,0.0,0.0,0.0,0.0
1597.0,0.0003783019492402673,0.0,0.0,0.0,0.008680555555555556,0.05787037037037038
1598.0,0.0001242340513272211,0.0,0.0,0.0,0.001736111111111111,0.011574074074074073
1599.0,0.0003149679396301508,0.0,0.0,0.0,0.008680555555555556,0.05787037037037038
1600.0,0.00013466773089021444,0.0,0.0,0.0,0.003472222222222222,0.023148148148148147
1601.0,0.0001303963945247233,4.985603300156072e-05,7.185251433838857e-07,0.0,0.005208333333333333,0.034722222222222224
1602.0,0.00024748791474848986,0.001593412016518414,7.185251433838857e-07,0.0,0.008680555555555556,0.05787037037037038
1603.0,0.0,0.0,0.0,0.0,0.0,0.0
1604.0,0.0,0.0,0.0,0.0,0.0,0.0
1605.0,5.6066157412715256e-05,0.0,0.0,0.0,0.001736111111111111,0.011574074074074073
1606.0,0.0,0.0,0.0,0.0,0.0,0.0
1607.0,0.0,0.0,0.0,0.0,0.0,0.0
1608.0,7.633883797097951e-05,0.0,0.0,0.0,0.0,0.006361569830914959
1609.0,2.845138260454405e-05,0.0,0.0,0.0,0.0,0.002370948550378671
1610.0,0.00010234543879050761,1.771937240846455e-05,0.0,0.0,0.001736111111111111,0.011574074074074073
1611.0,0.0001180895633297041,0.0,0.0,0.0,0.003472222222222222,0.023148148148148147
1612.0,0.00019275936938356608,0.0,0.0,0.0,0.003472222222222222,0.023148148148148147
1613.0,0.0,0.0,0.0,0.0,0.0,0.0
1614.0,0.0,0.0,0.0,0.0,0.0,0.0
1615.0,0.00022332851949613541,0.0013305948814377189,0.0,0.0,0.003472222222222222,0.03326487203594297
1616.0,4.685797102865763e-05,0.0001971129677258432,0.0,0.0,0.003472222222222222,0.023148148148148147
1617.0,0.0,0.0,0.0,0.0,0.0,0.0
1618.0,8.044611604418606e-06,1.661872011027299e-05,0.0,0.0,0.0,0.0006703843003682172
1619.0,0.0001269233034690842,0.0004605904978234321,0.0,0.0,0.0,0.011514762445585802
1620.0,0.00017112605564761907,0.0004966894630342722,0.0,0.0,0.001736111111111111,0.014260504637301588
1621.0,0.00026700360467657447,0.0002240770118078217,0.0,0.0,0.003472222222222222,0.023148148148148147
1622.0,7.275726966327056e-05,0.0,0.0,0.0,0.0,0.006063105805272547
1623.0,0.0002765692479442805,0.0,0.0,0.0,0.006944444444444444,0.046296296296296294
1624.0,8.940969564719126e-05,0.0,0.0,0.0,0.0,0.007450807970599271
1625.0,0.00014239511801861227,0.0,0.0,0.0,0.003472222222222222,0.023148148148148147
1626.0,0.00029433966847136617,8.694542884768452e-06,7.185251433838857e-07,0.0,0.003472222222222222,0.02452830570594718
1627.0,0.00019014622375834733,0.0,7.185251433838857e-07,0.0,0.001736111111111111,0.015845518646528944
1628.0,0.00025782224838621914,0.0,0.0,0.0,0.003472222222222222,0.023148148148148147
1629.0,0.00020266539650037885,0.0,0.0,0.0,0.001736111111111111,0.016888783041698236
1630.0,0.0002247412339784205,0.0,0.0,0.0,0.001736111111111111,0.018728436164868374
1631.0,0.00010173267946811393,0.0,0.0,0.0,0.001736111111111111,0.011574074074074073
1632.0,0.0,0.0,0.0,0.0,0.0,0.0
1633.0,0.0,0.0,0.0,0.0,0.0,0.0
1634.0,0.0,0.0,0.0,0.0,0.0,0.0
1635.0,1.0189209206146188e-05,0.0,0.0,0.0,0.0,0.000849100767178849
1636.0,7.853348506614566e-05,0.0005067045567557216,0.0,0.0,0.001736111111111111,0.01266761391889304
1637.0,2.3829026929433894e-07,1.5408081708301324e-06,0.0,0.0,0.0,3.852020427075331e-05
1638.0,0.0002537157852202654,0.0016385000199079514,0.00021209876285865903,0.0,0.003472222222222222,0.040962500497698784
1639.0,0.0,0.0,0.0,0.0,0.0,0.0
1640.0,0.0,0.0,0.0,0.0,0.0,0.0
1641.0,0.0,0.0,0.0,0.0,0.0,0.0
1642.0,0.0,0.0,0.0,0.0,0.0,0.0
1643.0,5.5823933507781476e-05,0.0003578113974072039,6.002705777063966e-05,0.0,0.0,0.008945284935180098
1644.0,0.00020085193682461977,0.0012987282825633883,0.00015688073472119868,0.0,0.003472222222222222,0.03246820706408471
1645.0,0.0,0.0,0.0,0.0,0.0,0.0
1646.0,0.00013601043610833585,0.0008781359647400677,0.00038599257823079824,0.0,0.001736111111111111,0.021953399118501693
1647.0,0.00022356680710799992,0.001445164903998375,6.449948273257178e-07,0.0,0.003472222222222222,0.036129122599959373
1648.0,0.0002395162300672382,0.0010457660537213087,0.0,0.0,0.003472222222222222,0.026144151343032718
1649.0,9.090032108360901e-05,0.0,0.0,0.0,0.001736111111111111,0.011574074074074073
1650.0,0.00019645286374725401,0.0,0.0,0.0,0.001736111111111111,0.016371071978937835
1651.0,1.0706874491006602e-05,3.213685340597294e-05,3.943491719837766e-06,0.0,0.0,0.0008922395409172168
1652.0,0.00016917569155339152,0.0,7.185251433838857e-07,0.0,0.0,0.014097974296115959
1653.0,0.00017268575902562588,0.0,0.0,0.0,0.003472222222222222,0.023148148148148147
1654.0,0.0,0.0,0.0,0.0,0.0,0.0
1655.0,0.00015316923963837326,0.0,0.0,0.0,0.003472222222222222,0.023148148148148147
1656.0,0.00021369480236899108,0.0,0.0,0.0,0.003472222222222222,0.023148148148148147
1657.0,0.00010930689313681796,0.0,0.0,0.0,0.001736111111111111,0.011574074074074073
1658.0,0.00020438448700588197,0.0,0.0,0.0,0.001736111111111111,0.017032040583823498
1659.0,0.0,0.0,0.0,0.0,0.0,0.0
1660.0,1.1006202839780599e-05,0.0,0.0,0.0,0.0,0.0009171835699817166
1661.0,0.0,0.0,0.0,0.0,0.0,0.0
1662.0,0.0,0.0,0.0,0.0,0.0,0.0
1663.0,0.0,0.0,0.0,0.0,0.0,0.0
1664.0,0.0,0.0,0.0,0.0,0.0,0.0
1665.0,0.0,0.0,0.0,0.0,0.0,0.0
1666.0,0.0,0.0,0.0,0.0,0.0,0.0
1667.0,0.0,0.0,0.0,0.0,0.0,0.0
1668.0,0.0,0.0,0.0,0.0,0.0,0.0
1669.0,0.0,0.0,0.0,0.0,0.0,0.0
1670.0,0.0,0.0,0.0,0.0,0.0,0.0
1671.0,0.0,0.0,0.0,0.0,0.0,0.0
1672.0,0.0,0.0,0.0,0.0,0.0,0.0
1673.0,0.0,0.0,0.0,0.0,0.0,0.0
1674.0,0.0,0.0,0.0,0.0,0.0,0.0
1675.0,0.0,0.0,0.0,0.0,0.0,0.0
1676.0,8.240203328568896e-07,0.0,7.185251433838857e-07,0.0,0.0,6.866836107140746e-05
1677.0,8.240203328568896e-07,0.0,7.185251433838857e-07,0.0,0.0,6.866836107140746e-05
1678.0,0.0,0.0,0.0,0.0,0.0,0.0
1679.0,0.0,0.0,0.0,0.0,0.0,0.0
1680.0,0.0,0.0,0.0,0.0,0.0,0.0
1681.0,0.0,0.0,0.0,0.0,0.0,0.0
1682.0,0.0,0.0,0.0,0.0,0.0,0.0
1683.0,0.0,0.0,0.0,0.0,0.0,0.0
1684.0,0.0,0.0,0.0,0.0,0.0,0.0
1685.0,0.0,0.0,0.0,0.0,0.0,0.0
1686.0,0.0,0.0,0.0,0.0,0.0,0.0
1687.0,0.0,0.0,0.0,0.0,0.0,0.0
1688.0,0.006818913854658604,0.008218860253691673,0.00038470260915346444,0.0,0.11458333333333333,0.7638888888888888
1689.0,0.0,0.0,0.0,0.0,0.0,0.0
1690.0,0.0,0.0,0.0,0.0,0.0,0.0
1691.0,0.0,0.0,0.0,0.0,0.0,0.0
1692.0,0.0,0.0,0.0,0.0,0.0,0.0
1693.0,0.0,0.0,0.0,0.0,0.0,0.0
1694.0,0.0,0.0,0.0,0.0,0.0,0.0
1695.0,0.0,0.0,0.0,0.0,0.0,0.0
1696.0,0.0,0.0,0.0,0.0,0.0,0.0
1697.0,0.0,0.0,0.0,0.0,0.0,0.0
1698.0,0.0,0.0,0.0,0.0,0.0,0.0
1699.0,0.0,0.0,0.0,0.0,0.0,0.0
1700.0,0.0,0.0,0.0,0.0,0.0,0.0
1701.0,7.899789125076495e-07,0.0,7.185251433838857e-07,0.0,0.0,6.583157604230412e-05
1702.0,7.899789125076495e-07,0.0,7.185251433838857e-07,0.0,0.0,6.583157604230412e-05
1703.0,0.0,0.0,0.0,0.0,0.0,0.0
1704.0,0.0,0.0,0.0,0.0,0.0,0.0
1705.0,0.0,0.0,0.0,0.0,0.0,0.0
1706.0,0.0,0.0,0.0,0.0,0.0,0.0
1707.0,0.0,0.0,0.0,0.0,0.0,0.0
1708.0,0.0,0.0,0.0,0.0,0.0,0.0
1709.0,0.0,0.0,0.0,0.0,0.0,0.0
1710.0,0.0,0.0,0.0,0.0,0.0,0.0
1711.0,0.0,0.0,0.0,0.0,0.0,0.0
1712.0,0.0,0.0,0.0,0.0,0.0,0.0
1713.0,0.0,0.0,0.0,0.0,0.0,0.0
1714.0,5.877244984731078e-05,0.0,0.0,0.0,0.0,0.004897704153942565
1715.0,0.0004934299504384398,0.0,0.0,0.0,0.0,0.041119162536536656
1716.0,2.0424900526450074e-07,0.0,0.0,0.0,0.0,1.7020750438708394e-05
1717.0,0.0,0.0,0.0,0.0,0.0,0.0
1718.0,3.965812538808677e-06,0.0,0.0,0.0,0.0,0.00033048437823405646
1719.0,0.0,0.0,0.0,0.0,0.0,0.0
1720.0,0.0,0.0,0.0,0.0,0.0,0.0
1721.0,0.0,0.0,0.0,0.0,0.0,0.0
1722.0,0.0,0.0,0.0,0.0,0.0,0.0
1723.0,0.0002419151132926345,0.0,0.0,0.0,0.006944444444444444,0.046296296296296294
1724.0,0.00011308548710076138,0.0,0.0,0.0,0.003472222222222222,0.023148148148148147
1725.0,0.00018302351236343384,0.0,0.0,0.0,0.008680555555555556,0.05787037037037038
1726.0,0.00028575045871548355,0.0,7.185251433838857e-07,0.0,0.008680555555555556,0.05787037037037038
1727.0,0.00031640470842830837,0.0,7.185251433838857e-07,0.0,0.006944444444444444,0.046296296296296294
1728.0,1.021249502741739e-07,0.0,0.0,0.0,0.0,8.510412522847824e-06
1729.0,0.0,0.0,0.0,0.0,0.0,0.0
1730.0,0.0,0.0,0.0,0.0,0.0,0.0
1731.0,0.0,0.0,0.0,0.0,0.0,0.0
1732.0,0.0,0.0,0.0,0.0,0.0,0.0
1733.0,0.0,0.0,0.0,0.0,0.0,0.0
1734.0,0.0,0.0,0.0,0.0,0.0,0.0
1735.0,5.56576878807391e-06,0.0,0.0,0.0,0.0,0.00046381406567282585
1736.0,0.0,0.0,0.0,0.0,0.0,0.0
1737.0,0.0,0.0,0.0,0.0,0.0,0.0
1738.0,0.0,0.0,0.0,0.0,0.0,0.0
1739.0,0.0,0.0,0.0,0.0,0.0,0.0
1740.0,0.0,0.0,0.0,0.0,0.0,0.0
1741.0,0.0,0.0,0.0,0.0,0.0,0.0
1742.0,0.0,0.0,0.0,0.0,0.0,0.0
1743.0,0.0,0.0,0.0,0.0,0.0,0.0
1744.0,0.0,0.0,0.0,0.0,0.0,0.0
1745.0,0.0,0.0,0.0,0.0,0.0,0.0
1746.0,0.0,0.0,0.0,0.0,0.0,0.0
1747.0,0.0,0.0,0.0,0.0,0.0,0.0
1748.0,0.0,0.0,0.0,0.0,0.0,0.0
1749.0,0.0,0.0,0.0,0.0,0.0,0.0
1750.0,0.0,0.0,0.0,0.0,0.0,0.0
1751.0,0.001682570786215365,0.0,7.185251433838857e-07,0.0,0.034722222222222224,0.2314814814814815
1752.0,7.899789125076495e-07,0.0,7.185251433838857e-07,0.0,0.0,6.583157604230412e-05
1753.0,0.0,0.0,0.0,0.0,0.0,0.0
1754.0,0.00023508982849307358,0.0,0.0,0.0,0.0,0.019590819041089464
1755.0,0.00016314334061462432,0.0,0.0,0.0,0.0,0.013595278384552026
1756.0,0.0003980119072366506,0.0,0.0,0.0,0.0,0.03316765893638755
1757.0,4.084960494310508e-07,0.0,0.0,0.0,0.0,3.404133745258756e-05
1758.0,0.0,0.0,0.0,0.0,0.0,0.0
1759.0,0.0,0.0,0.0,0.0,0.0,0.0
1760.0,1.2084681202395586e-06,0.0,0.0,0.0,0.0,0.00010070567668662989
1761.0,0.0,0.0,0.0,0.0,0.0,0.0
1762.0,0.0,0.0,0.0,0.0,0.0,0.0
1763.0,0.0,0.0,0.0,0.0,0.0,0.0
1764.0,0.0,0.0,0.0,0.0,0.0,0.0
1765.0,0.0265278909355402,0.0005393242463469505,0.0,0.00036923756124451756,0.1388888888888889,2.2106575779616833
1766.0,0.0,0.0,0.0,0.0,0.0,0.0
1767.0,0.0,0.0,0.0,0.0,0.0,0.0
1768.0,0.0,0.0,0.0,0.0,0.0,0.0
1769.0,0.0,0.0,0.0,0.0,0.0,0.0
1770.0,0.0,0.0,0.0,0.0,0.0,0.0
1771.0,0.0,0.0,0.0,0.0,0.0,0.0
1772.0,0.0,0.0,0.0,0.0,0.0,0.0
1773.0,6.416084943339229e-06,2.0385843981785e-06,2.916508492489811e-05,0.0,0.0,0.000534673745278269
1774.0,6.416084943339229e-06,2.0385843981785e-06,2.916508492489811e-05,0.0,0.0,0.000534673745278269
1775.0,0.0,0.0,0.0,0.0,0.0,0.0
1776.0,0.0,0.0,0.0,0.0,0.0,0.0
1777.0,0.0,0.0,0.0,0.0,0.0,0.0
1778.0,0.0,0.0,0.0,0.0,0.0,0.0
1779.0,0.0,0.0,0.0,0.0,0.0,0.0
1780.0,0.0,0.0,0.0,0.0,0.0,0.0
1781.0,0.0,0.0,0.0,0.0,0.0,0.0
1782.0,0.0,0.0,0.0,0.0,0.0,0.0
1783.0,0.0,0.0,0.0,0.0,0.0,0.0
1784.0,0.0,0.0,0.0,0.0,0.0,0.0
1785.0,0.0,0.0,0.0,0.0,0.0,0.0
1786.0,0.0,0.0,0.0,0.0,0.0,0.0
1787.0,0.0,0.0,0.0,0.0,0.0,0.0
1788.0,0.0,0.0,0.0,0.0,0.0,0.0
1789.0,0.00011032813927158713,0.0,0.0,0.0,0.001736111111111111,0.011574074074074073
1790.0,0.0003239378274884075,0.0,0.0,0.0,0.008680555555555556,0.05787037037037038
1791.0,6.1614914557139855e-06,0.0,0.0,0.0,0.0,0.0005134576213094988
1792.0,0.0,0.0,0.0,0.0,0.0,0.0
1793.0,0.0,0.0,0.0,0.0,0.0,0.0
1794.0,0.0,0.0,0.0,0.0,0.0,0.0
1795.0,0.0,0.0,0.0,0.0,0.0,0.0
1796.0,0.0,0.0,0.0,0.0,0.0,0.0
1797.0,0.0,0.0,0.0,0.0,0.0,0.0
1798.0,9.224499990523327e-06,2.0385843981785e-06,2.916508492489811e-05,0.0,0.0,0.0007687083325436106
1799.0,6.722458238073159e-06,2.0385843981785e-06,2.916508492489811e-05,0.0,0.0,0.0005602048531727633
1800.0,0.0,0.0,0.0,0.0,0.0,0.0
1801.0,0.0,0.0,0.0,0.0,0.0,0.0
1802.0,0.0,0.0,0.0,0.0,0.0,0.0
1803.0,0.0,0.0,0.0,0.0,0.0,0.0
1804.0,0.0,0.0,0.0,0.0,0.0,0.0
1805.0,0.0,0.0,0.0,0.0,0.0,0.0
1806.0,0.0,0.0,0.0,0.0,0.0,0.0
1807.0,0.00043561062193475664,0.0,0.0,0.0,0.010416666666666666,0.06944444444444445
1808.0,0.0,0.0,0.0,0.0,0.0,0.0
1809.0,0.0,0.0,0.0,0.0,0.0,0.0
1810.0,0.0,0.0,0.0,0.0,0.0,0.0
1811.0,0.0,0.0,0.0,0.0,0.0,0.0
1812.0,0.0,0.0,0.0,0.0,0.0,0.0
1813.0,0.0,0.0,0.0,0.0,0.0,0.0
1814.0,0.0,0.0,0.0,0.0,0.0,0.0
1815.0,1.0552821549936198e-06,0.0,0.0,0.0,0.0,8.794017958280165e-05
1816.0,0.0,0.0,0.0,0.0,0.0,0.0
1817.0,0.0,0.0,0.0,0.0,0.0,0.0
1818.0,0.0,0.0,0.0,0.0,0.0,0.0
1819.0,0.0,0.0,0.0,0.0,0.0,0.0
1820.0,0.0,0.0,0.0,0.0,0.0,0.0
1821.0,0.0,0.0,0.0,0.0,0.0,0.0
1822.0,0.0,0.0,0.0,0.0,0.0,0.0
1823.0,6.416084943339229e-06,2.0385843981785e-06,2.916508492489811e-05,0.0,0.0,0.000534673745278269
1824.0,6.416084943339229e-06,2.0385843981785e-06,2.916508492489811e-05,0.0,0.0,0.000534673745278269
1825.0,0.0,0.0,0.0,0.0,0.0,0.0
1826.0,0.0,0.0,0.0,0.0,0.0,0.0
1827.0,0.026309126988053322,0.0011409741127863526,0.0,0.00024670545826666057,0.1388888888888889,2.1924272490044436
1828.0,0.0,0.0,0.0,0.0,0.0,0.0
1829.0,0.0,0.0,0.0,0.0,0.0,0.0
1830.0,0.0,0.0,0.0,0.0,0.0,0.0
1831.0,0.0,0.0,0.0,0.0,0.0,0.0
1832.0,0.0,0.0,0.0,0.0,0.0,0.0
1833.0,0.0,0.0,0.0,0.0,0.0,0.0
1834.0,0.0,0.0,0.0,0.0,0.0,0.0
1835.0,4.842744942834543e-07,2.961756422337203e-07,3.960277581427363e-07,0.0,0.0,4.035620785695452e-05
1836.0,4.842744942834543e-07,2.961756422337203e-07,3.960277581427363e-07,0.0,0.0,4.035620785695452e-05
1837.0,0.0,0.0,0.0,0.0,0.0,0.0
1838.0,0.0,0.0,0.0,0.0,0.0,0.0
1839.0,0.0,0.0,0.0,0.0,0.0,0.0
1840.0,0.0,0.0,0.0,0.0,0.0,0.0
1841.0,0.00015207759861368686,0.0,0.0,0.0,0.0,0.012673133217807239
1842.0,0.00016209084424190223,0.0,0.0,0.0,0.0,0.013507570353491852
1843.0,0.0,0.0,0.0,0.0,0.0,0.0
1844.0,2.881590262404643e-06,0.0,0.0,0.0,0.0,0.00024013252186705358
1845.0,0.0,0.0,0.0,0.0,0.0,0.0
1846.0,0.0,0.0,0.0,0.0,0.0,0.0
1847.0,0.0,0.0,0.0,0.0,0.0,0.0
1848.0,0.0,0.0,0.0,0.0,0.0,0.0
1849.0,0.0,0.0,0.0,0.0,0.0,0.0
1850.0,0.0,0.0,0.0,0.0,0.0,0.0
1851.0,0.0,0.0,0.0,0.0,0.0,0.0
1852.0,0.0,0.0,0.0,0.0,0.0,0.0
1853.0,0.0,0.0,0.0,0.0,0.0,0.0
1854.0,0.0,0.0,0.0,0.0,0.0,0.0
1855.0,0.0,0.0,0.0,0.0,0.0,0.0
1856.0,0.0,0.0,0.0,0.0,0.0,0.0
1857.0,0.0,0.0,0.0,0.0,0.0,0.0
1858.0,0.0,0.0,0.0,0.0,0.0,0.0
1859.0,0.00017675990238785744,0.0,0.0,0.0,0.006944444444444444,0.046296296296296294
1860.0,0.000209300997084938,2.961756422337203e-07,3.960277581427363e-07,0.0,0.003472222222222222,0.023148148148148147
1861.0,6.590782868443057e-05,2.961756422337203e-07,3.960277581427363e-07,0.0,0.0,0.005492319057035881
1862.0,0.00014669449592474848,0.0,0.0,0.0,0.003472222222222222,0.023148148148148147
1863.0,9.38220473472029e-05,0.0,0.0,0.0,0.0,0.007818503945600241
1864.0,0.0,0.0,0.0,0.0,0.0,0.0
1865.0,0.00018671700672712177,0.0012040287256240845,0.0,0.0,0.006944444444444444,0.046296296296296294
1866.0,0.0,0.0,0.0,0.0,0.0,0.0
1867.0,0.0,0.0,0.0,0.0,0.0,0.0
1868.0,0.00022850281675346196,0.0,0.0,0.0,0.003472222222222222,0.023148148148148147
1869.0,0.00026919928495772183,1.0675579687813297e-05,0.0,0.0,0.003472222222222222,0.023148148148148147
1870.0,0.0,0.0,0.0,0.0,0.0,0.0
1871.0,0.0,0.0,0.0,0.0,0.0,0.0
1872.0,0.0,0.0,0.0,0.0,0.0,0.0
1873.0,0.0,0.0,0.0,0.0,0.0,0.0
1874.0,0.0,0.0,0.0,0.0,0.0,0.0
1875.0,0.0,0.0,0.0,0.0,0.0,0.0
1876.0,0.0,0.0,0.0,0.0,0.0,0.0
1877.0,0.00032109543099068105,0.0,0.0,0.0,0.0,0.026757952582556754
1878.0,0.0002630548260640353,0.0,0.0,0.0,0.0,0.021921235505336274
1879.0,0.0,0.0,0.0,0.0,0.0,0.0
1880.0,0.00225486746057868,0.0012045791372656822,0.0,0.0,0.027777777777777776,0.18790562171489
1881.0,0.0,0.0,0.0,0.0,0.0,0.0
1882.0,0.0,0.0,0.0,0.0,0.0,0.0
1883.0,0.0,0.0,0.0,0.0,0.0,0.0
1884.0,0.0,0.0,0.0,0.0,0.0,0.0
1885.0,1.1991422752544167e-06,2.961756422337203e-07,3.960277581427363e-07,0.0,0.0,9.992852293786807e-05
1886.0,4.842744942834543e-07,2.961756422337203e-07,3.960277581427363e-07,0.0,0.0,4.035620785695452e-05
1887.0,0.0,0.0,0.0,0.0,0.0,0.0
1888.0,0.0,0.0,0.0,0.0,0.0,0.0
1889.0,0.0,0.0,0.0,0.0,0.0,0.0
1890.0,0.0,0.0,0.0,0.0,0.0,0.0
1891.0,0.0,0.0,0.0,0.0,0.0,0.0
1892.0,0.0,0.0,0.0,0.0,0.0,0.0
1893.0,0.0,0.0,0.0,0.0,0.0,0.0
1894.0,5.106208789129596e-08,0.0,0.0,0.0,0.0,4.25517399094133e-06
1895.0,0.00046844352618791163,0.0,0.0,0.0,0.0,0.0390369605156593
1896.0,1.696963227004744e-05,0.0,0.0,0.0,0.0,0.0014141360225039534
1897.0,0.0,0.0,0.0,0.0,0.0,0.0
1898.0,0.0,0.0,0.0,0.0,0.0,0.0
1899.0,0.0,0.0,0.0,0.0,0.0,0.0
1900.0,0.0,0.0,0.0,0.0,0.0,0.0
1901.0,0.0,0.0,0.0,0.0,0.0,0.0
1902.0,3.982843281846726e-06,0.0,0.0,0.0,0.0,0.0003319036068205605
1903.0,0.0,0.0,0.0,0.0,0.0,0.0
1904.0,0.025390874594449997,0.0106295645236969,0.005809700582176447,0.0006402244325727224,0.3038194444444444,2.1159062162041664
1905.0,1.2935721542817191e-06,0.0,0.0,0.0,0.0,0.00010779767952347659
1906.0,0.0,0.0,0.0,0.0,0.0,0.0
1907.0,0.0,0.0,0.0,0.0,0.0,0.0
1908.0,0.0,0.0,0.0,0.0,0.0,0.0
1909.0,0.0,0.0,0.0,0.0,0.0,0.0
1910.0,3.1066778319654986e-05,3.0611950023740064e-06,0.00012936510029248893,6.433585076592863e-05,0.0,0.008041981345741078
1911.0,0.0,0.0,0.0,0.0,0.0,0.0
1912.0,0.0,0.0,0.0,0.0,0.0,0.0
1913.0,0.0,0.0,0.0,0.0,0.0,0.0
1914.0,0.0,0.0,0.0,0.0,0.0,0.0
1915.0,0.0,0.0,0.0,0.0,0.0,0.0
1916.0,0.0,0.0,0.0,0.0,0.0,0.0
1917.0,0.0,0.0,0.0,0.0,0.0,0.0
1918.0,0.0,0.0,0.0,0.0,0.0,0.0
1919.0,0.0,0.0,0.0,0.0,0.0,0.0
1920.0,0.0,0.0,0.0,0.0,0.0,0.0
1921.0,0.0,0.0,0.0,0.0,0.0,0.0
1922.0,0.0,0.0,0.0,0.0,0.0,0.0
1923.0,0.0,0.0,0.0,0.0,0.0,0.0
1924.0,0.0,0.0,0.0,0.0,0.0,0.0
1925.0,0.0,0.0,0.0,0.0,0.0,0.0
1926.0,0.0,0.0,0.0,0.0,0.0,0.0
1927.0,0.0,0.0,0.0,0.0,0.0,0.0
1928.0,0.0,0.0,0.0,0.0,0.0,0.0
1929.0,0.0,0.0,0.0,0.0,0.0,0.0
1930.0,0.0,0.0,0.0,0.0,0.0,0.0
1931.0,0.0,0.0,0.0,0.0,0.0,0.0
1932.0,0.0,0.0,0.0,0.0,0.0,0.0
1933.0,0.0,0.0,0.0,0.0,0.0,0.0
1934.0,0.0,0.0,0.0,0.0,0.0,0.0
1935.0,0.0,0.0,0.0,0.0,0.0,0.0
1936.0,0.0,0.0,0.0,0.0,0.0,0.0
1937.0,0.0,0.0,0.0,0.0,0.0,0.0
1938.0,0.0,0.0,0.0,0.0,0.0,0.0
1939.0,0.0,0.0,0.0,0.0,0.0,0.0
1940.0,0.0,0.0,0.0,0.0,0.0,0.0
1941.0,0.0,0.0,0.0,0.0,0.0,0.0
1942.0,0.0,0.0,0.0,0.0,0.0,0.0
1943.0,0.0,0.0,0.0,0.0,0.0,0.0
1944.0,0.0,0.0,0.0,0.0,0.0,0.0
1945.0,0.0,0.0,0.0,0.0,0.0,0.0
1946.0,0.0,0.0,0.0,0.0,0.0,0.0
1947.0,0.0,0.0,0.0,0.0,0.0,0.0
1948.0,0.0,0.0,0.0,0.0,0.0,0.0
1949.0,0.0,0.0,0.0,0.0,0.0,0.0
1950.0,0.0,0.0,0.0,0.0,0.0,0.0
1951.0,0.0,0.0,0.0,0.0,0.0,0.0
1952.0,0.0,0.0,0.0,0.0,0.0,0.0
1953.0,0.030452143400907516,0.007457790430635214,0.0,0.0005184744368307292,0.3072916666666667,2.537678616742293
1954.0,0.0,0.0,0.0,0.0,0.0,0.0
1955.0,0.0,0.0,0.0,0.0,0.0,0.0
1956.0,0.0,0.0,0.0,0.0,0.0,0.0
1957.0,0.0,0.0,0.0,0.0,0.0,0.0
1958.0,0.0,0.0,0.0,0.0,0.0,0.0
1959.0,0.0,0.0,0.0,0.0,0.0,0.0
1960.0,0.0,0.0,0.0,0.0,0.0,0.0
1961.0,7.430884352288558e-07,9.52874700033135e-07,0.0,0.0,0.0,6.192403626907132e-05
1962.0,7.430884352288558e-07,9.52874700033135e-07,0.0,0.0,0.0,6.192403626907132e-05
1963.0,0.0,0.0,0.0,0.0,0.0,0.0
1964.0,0.0,0.0,0.0,0.0,0.0,0.0
1965.0,0.0,0.0,0.0,0.0,0.0,0.0
1966.0,0.0,0.0,0.0,0.0,0.0,0.0
1967.0,0.0,0.0,0.0,0.0,0.0,0.0
1968.0,0.0,0.0,0.0,0.0,0.0,0.0
1969.0,0.0,0.0,0.0,0.0,0.0,0.0
1970.0,0.0,0.0,0.0,0.0,0.0,0.0
1971.0,0.0,0.0,0.0,0.0,0.0,0.0
1972.0,0.0,0.0,0.0,0.0,0.0,0.0
1973.0,0.0,0.0,0.0,0.0,0.0,0.0
1974.0,0.0,0.0,0.0,0.0,0.0,0.0
1975.0,0.0,0.0,0.0,0.0,0.0,0.0
1976.0,0.0,0.0,0.0,0.0,0.0,0.0
1977.0,0.0,0.0,0.0,0.0,0.0,0.0
1978.0,0.0,0.0,0.0,0.0,0.0,0.0
1979.0,0.0,0.0,0.0,0.0,0.0,0.0
1980.0,0.0,0.0,0.0,0.0,0.0,0.0
1981.0,0.0,0.0,0.0,0.0,0.0,0.0
1982.0,0.0,0.0,0.0,0.0,0.0,0.0
1983.0,0.0,0.0,0.0,0.0,0.0,0.0
1984.0,0.0,0.0,0.0,0.0,0.0,0.0
1985.0,0.0,0.0,0.0,0.0,0.0,0.0
1986.0,7.430884352288558e-07,9.52874700033135e-07,0.0,0.0,0.0,6.192403626907132e-05
1987.0,7.430884352288558e-07,9.52874700033135e-07,0.0,0.0,0.0,6.192403626907132e-05
1988.0,0.0,0.0,0.0,0.0,0.0,0.0
1989.0,0.0,0.0,0.0,0.0,0.0,0.0
1990.0,0.0,0.0,0.0,0.0,0.0,0.0
1991.0,0.0,0.0,0.0,0.0,0.0,0.0
1992.0,0.0,0.0,0.0,0.0,0.0,0.0
1993.0,0.0,0.0,0.0,0.0,0.0,0.0
1994.0,0.0,0.0,0.0,0.0,0.0,0.0
1995.0,0.0,0.0,0.0,0.0,0.0,0.0
1996.0,0.0,0.0,0.0,0.0,0.0,0.0
1997.0,0.0,0.0,0.0,0.0,0.0,0.0
1998.0,0.0,0.0,0.0,0.0,0.0,0.0
1999.0,0.0,0.0,0.0,0.0,0.0,0.0
2000.0,0.0,0.0,0.0,0.0,0.0,0.0
2001.0,0.0,0.0,0.0,0.0,0.0,0.0
2002.0,0.0,0.0,0.0,0.0,0.0,0.0
2003.0,0.0,0.0,0.0,0.0,0.0,0.0
2004.0,0.0,0.0,0.0,0.0,0.0,0.0
2005.0,0.0,0.0,0.0,0.0,0.0,0.0
2006.0,0.0,0.0,0.0,0.0,0.0,0.0
2007.0,0.0,0.0,0.0,0.0,0.0,0.0
2008.0,0.0,0.0,0.0,0.0,0.0,0.0
2009.0,0.0,0.0,0.0,0.0,0.0,0.0
2010.0,0.0,0.0,0.0,0.0,0.0,0.0
2011.0,7.430884352288558e-07,9.52874700033135e-07,0.0,0.0,0.0,6.192403626907132e-05
2012.0,7.430884352288558e-07,9.52874700033135e-07,0.0,0.0,0.0,6.192403626907132e-05
2013.0,0.0,0.0,0.0,0.0,0.0,0.0
2014.0,0.0,0.0,0.0,0.0,0.0,0.0
2015.0,0.0,0.0,0.0,0.0,0.0,0.0
2016.0,0.0,0.0,0.0,0.0,0.0,0.0
2017.0,0.0,0.0,0.0,0.0,0.0,0.0
2018.0,0.0,0.0,0.0,0.0,0.0,0.0
2019.0,0.0,0.0,0.0,0.0,0.0,0.0
2020.0,0.0,0.0,0.0,0.0,0.0,0.0
2021.0,0.0,0.0,0.0,0.0,0.0,0.0
2022.0,0.0,0.0,0.0,0.0,0.0,0.0
2023.0,0.0,0.0,0.0,0.0,0.0,0.0
2024.0,0.0,0.0,0.0,0.0,0.0,0.0
2025.0,0.0,0.0,0.0,0.0,0.0,0.0
2026.0,0.0,0.0,0.0,0.0,0.0,0.0
2027.0,0.0,0.0,0.0,0.0,0.0,0.0
2028.0,0.0,0.0,0.0,0.0,0.0,0.0
2029.0,0.0,0.0,0.0,0.0,0.0,0.0
2030.0,0.0,0.0,0.0,0.0,0.0,0.0
2031.0,0.0,0.0,0.0,0.0,0.0,0.0
2032.0,0.0,0.0,0.0,0.0,0.0,0.0
2033.0,0.0,0.0,0.0,0.0,0.0,0.0
2034.0,0.0,0.0,0.0,0.0,0.0,0.0
2035.0,0.0,0.0,0.0,0.0,0.0,0.0
2036.0,7.430884352288558e-07,9.52874700033135e-07,0.0,0.0,0.0,6.192403626907132e-05
2037.0,7.430884352288558e-07,9.52874700033135e-07,0.0,0.0,0.0,6.192403626907132e-05
2038.0,0.0,0.0,0.0,0.0,0.0,0.0
2039.0,0.0,0.0,0.0,0.0,0.0,0.0
2040.0,0.0,0.0,0.0,0.0,0.0,0.0
2041.0,0.0,0.0,0.0,0.0,0.0,0.0
2042.0,0.0,0.0,0.0,0.0,0.0,0.0
2043.0,0.0,0.0,0.0,0.0,0.0,0.0
2044.0,0.0,0.0,0.0,0.0,0.0,0.0
2045.0,0.0,0.0,0.0,0.0,0.0,0.0
2046.0,0.0,0.0,0.0,0.0,0.0,0.0
2047.0,0.0,0.0,0.0,0.0,0.0,0.0
2048.0,0.0,0.0,0.0,0.0,0.0,0.0
2049.0,0.0,0.0,0.0,0.0,0.0,0.0
2050.0,0.0,0.0,0.0,0.0,0.0,0.0
2051.0,0.0,0.0,0.0,0.0,0.0,0.0
2052.0,0.0,0.0,0.0,0.0,0.0,0.0
2053.0,0.0,0.0,0.0,0.0,0.0,0.0
2054.0,0.0,0.0,0.0,0.0,0.0,0.0
2055.0,0.0,0.0,0.0,0.0,0.0,0.0
2056.0,0.0,0.0,0.0,0.0,0.0,0.0
2057.0,0.0,0.0,0.0,0.0,0.0,0.0
2058.0,0.0,0.0,0.0,0.0,0.0,0.0
2059.0,0.0,0.0,0.0,0.0,0.0,0.0
2060.0,0.0,0.0,0.0,0.0,0.0,0.0
2061.0,0.00016742672596592456,9.52874700033135e-07,0.0,0.0,0.0,0.013952227163827047
2062.0,0.0001286536135012284,9.52874700033135e-07,0.0,0.0,0.0,0.0107211344584357
2063.0,0.0,0.0,0.0,0.0,0.0,0.0
2064.0,0.0,0.0,0.0,0.0,0.0,0.0
2065.0,0.0,0.0,0.0,0.0,0.0,0.0
2066.0,0.0,0.0,0.0,0.0,0.0,0.0
2067.0,0.0,0.0,0.0,0.0,0.0,0.0
2068.0,0.0,0.0,0.0,0.0,0.0,0.0
2069.0,0.0,0.0,0.0,0.0,0.0,0.0
2070.0,2.1956811906420626e-06,0.0,0.0,0.0,0.0,0.0001829734325535052
2071.0,0.0,0.0,0.0,0.0,0.0,0.0
2072.0,0.0,0.0,0.0,0.0,0.0,0.0
2073.0,0.0,0.0,0.0,0.0,0.0,0.0
2074.0,0.0,0.0,0.0,0.0,0.0,0.0
2075.0,0.0,0.0,0.0,0.0,0.0,0.0
2076.0,0.0,0.0,0.0,0.0,0.0,0.0
2077.0,0.00018632554565556347,0.0,0.0,0.0,0.003472222222222222,0.023148148148148147
2078.0,0.0002183754841098562,0.0,0.0,0.0,0.005208333333333333,0.034722222222222224
2079.0,0.00017178985581267625,0.0,0.0,0.0,0.005208333333333333,0.034722222222222224
2080.0,0.00013631873298436403,0.0,0.0,0.0,0.003472222222222222,0.023148148148148147
2081.0,0.0,0.0,0.0,0.0,0.0,0.0
2082.0,0.0,0.0,0.0,0.0,0.0,0.0
2083.0,0.0,0.0,0.0,0.0,0.0,0.0
2084.0,0.0,0.0,0.0,0.0,0.0,0.0
2085.0,0.0,0.0,0.0,0.0,0.0,0.0
2086.0,6.223756827239413e-06,9.52874700033135e-07,0.0,0.0,0.0,0.0005186464022699511
2087.0,7.430884352288558e-07,9.52874700033135e-07,0.0,0.0,0.0,6.192403626907132e-05
2088.0,0.0,0.0,0.0,0.0,0.0,0.0
2089.0,0.0,0.0,0.0,0.0,0.0,0.0
2090.0,0.0,0.0,0.0,0.0,0.0,0.0
2091.0,0.0,0.0,0.0,0.0,0.0,0.0
2092.0,0.0,0.0,0.0,0.0,0.0,0.0
2093.0,0.0,0.0,0.0,0.0,0.0,0.0
2094.0,0.0,0.0,0.0,0.0,0.0,0.0
2095.0,0.0,0.0,0.0,0.0,0.0,0.0
2096.0,0.0,0.0,0.0,0.0,0.0,0.0
2097.0,0.0,0.0,0.0,0.0,0.0,0.0
2098.0,0.0,0.0,0.0,0.0,0.0,0.0
2099.0,0.0,0.0,0.0,0.0,0.0,0.0
2100.0,0.0,0.0,0.0,0.0,0.0,0.0
2101.0,0.0,0.0,0.0,0.0,0.0,0.0
2102.0,0.0,0.0,0.0,0.0,0.0,0.0
2103.0,0.0,0.0,0.0,0.0,0.0,0.0
2104.0,0.0,0.0,0.0,0.0,0.0,0.0
2105.0,0.0,0.0,0.0,0.0,0.0,0.0
2106.0,0.0,0.0,0.0,0.0,0.0,0.0
2107.0,0.0,0.0,0.0,0.0,0.0,0.0
2108.0,0.0,0.0,0.0,0.0,0.0,0.0
2109.0,0.0,0.0,0.0,0.0,0.0,0.0
2110.0,0.0,0.0,0.0,0.0,0.0,0.0
2111.0,7.430884352288558e-07,9.52874700033135e-07,0.0,0.0,0.0,6.192403626907132e-05
2112.0,8.452123552160629e-07,9.52874700033135e-07,0.0,0.0,0.0,7.043436293467191e-05
2113.0,0.04532211273908615,0.02471195161342621,0.0,0.0002784649550449103,0.2065972222222222,3.7768427282571793
2114.0,0.0,0.0,0.0,0.0,0.0,0.0
2115.0,0.0,0.0,0.0,0.0,0.0,0.0
2116.0,0.0,0.0,0.0,0.0,0.0,0.0
2117.0,0.0,0.0,0.0,0.0,0.0,0.0
2118.0,0.0,0.0,0.0,0.0,0.0,0.0
2119.0,0.0,0.0,0.0,0.0,0.0,0.0
2120.0,0.0,0.0,0.0,0.0,0.0,0.0
2121.0,0.0,0.0,0.0,0.0,0.0,0.0
2122.0,0.0,0.0,0.0,0.0,0.0,0.0
2123.0,0.0,0.0,0.0,0.0,0.0,0.0
2124.0,0.0,0.0,0.0,0.0,0.0,0.0
2125.0,0.0,0.0,0.0,0.0,0.0,0.0
2126.0,0.0,0.0,0.0,0.0,0.0,0.0
2127.0,0.0,0.0,0.0,0.0,0.0,0.0
2128.0,0.0,0.0,0.0,0.0,0.0,0.0
2129.0,6.782662239857018e-06,5.710448022000492e-06,2.4061226213234477e-05,0.0,0.0,0.0005652218533214182
2130.0,6.782662239857018e-06,5.710448022000492e-06,2.4061226213234477e-05,0.0,0.0,0.0005652218533214182
2131.0,0.0,0.0,0.0,0.0,0.0,0.0
2132.0,0.0,0.0,0.0,0.0,0.0,0.0
2133.0,0.0,0.0,0.0,0.0,0.0,0.0
2134.0,0.0,0.0,0.0,0.0,0.0,0.0
2135.0,0.0,0.0,0.0,0.0,0.0,0.0
2136.0,0.0,0.0,0.0,0.0,0.0,0.0
2137.0,0.0,0.0,0.0,0.0,0.0,0.0
2138.0,0.0,0.0,0.0,0.0,0.0,0.0
2139.0,0.0,0.0,0.0,0.0,0.0,0.0
2140.0,0.0,0.0,0.0,0.0,0.0,0.0
2141.0,0.0,0.0,0.0,0.0,0.0,0.0
2142.0,0.0,0.0,0.0,0.0,0.0,0.0
2143.0,0.0,0.0,0.0,0.0,0.0,0.0
2144.0,0.0,0.0,0.0,0.0,0.0,0.0
2145.0,0.0,0.0,0.0,0.0,0.0,0.0
2146.0,0.0,0.0,0.0,0.0,0.0,0.0
2147.0,0.0,0.0,0.0,0.0,0.0,0.0
2148.0,0.0,0.0,0.0,0.0,0.0,0.0
2149.0,0.0,0.0,0.0,0.0,0.0,0.0
2150.0,0.0,0.0,0.0,0.0,0.0,0.0
2151.0,0.0,0.0,0.0,0.0,0.0,0.0
2152.0,0.0,0.0,0.0,0.0,0.0,0.0
2153.0,0.0,0.0,0.0,0.0,0.0,0.0
2154.0,6.782662239857018e-06,5.710448022000492e-06,2.4061226213234477e-05,0.0,0.0,0.0005652218533214182
2155.0,6.782662239857018e-06,5.710448022000492e-06,2.4061226213234477e-05,0.0,0.0,0.0005652218533214182
2156.0,0.0,0.0,0.0,0.0,0.0,0.0
2157.0,0.0,0.0,0.0,0.0,0.0,0.0
2158.0,0.0,0.0,0.0,0.0,0.0,0.0
2159.0,0.0,0.0,0.0,0.0,0.0,0.0
2160.0,0.0,0.0,0.0,0.0,0.0,0.0
2161.0,0.0,0.0,0.0,0.0,0.0,0.0
2162.0,0.0,0.0,0.0,0.0,0.0,0.0
2163.0,0.0,0.0,0.0,0.0,0.0,0.0
2164.0,0.0,0.0,0.0,0.0,0.0,0.0
2165.0,0.0,0.0,0.0,0.0,0.0,0.0
2166.0,0.0,0.0,0.0,0.0,0.0,0.0
2167.0,0.0,0.0,0.0,0.0,0.0,0.0
2168.0,0.0,0.0,0.0,0.0,0.0,0.0
2169.0,0.0,0.0,0.0,0.0,0.0,0.0
2170.0,0.0,0.0,0.0,0.0,0.0,0.0
2171.0,0.0,0.0,0.0,0.0,0.0,0.0
2172.0,0.0,0.0,0.0,0.0,0.0,0.0
2173.0,0.0,0.0,0.0,0.0,0.0,0.0
2174.0,0.0,0.0,0.0,0.0,0.0,0.0
2175.0,0.0,0.0,0.0,0.0,0.0,0.0
2176.0,0.0,0.0,0.0,0.0,0.0,0.0
2177.0,0.0,0.0,0.0,0.0,0.0,0.0
2178.0,0.0,0.0,0.0,0.0,0.0,0.0
2179.0,6.782662239857018e-06,5.710448022000492e-06,2.4061226213234477e-05,0.0,0.0,0.0005652218533214182
2180.0,6.782662239857018e-06,5.710448022000492e-06,2.4061226213234477e-05,0.0,0.0,0.0005652218533214182
2181.0,0.0,0.0,0.0,0.0,0.0,0.0
2182.0,0.0,0.0,0.0,0.0,0.0,0.0
2183.0,0.0,0.0,0.0,0.0,0.0,0.0
2184.0,0.0,0.0,0.0,0.0,0.0,0.0
2185.0,0.0,0.0,0.0,0.0,0.0,0.0
2186.0,0.0,0.0,0.0,0.0,0.0,0.0
2187.0,0.0,0.0,0.0,0.0,0.0,0.0
2188.0,0.0,0.0,0.0,0.0,0.0,0.0
2189.0,0.0,0.0,0.0,0.0,0.0,0.0
2190.0,0.0,0.0,0.0,0.0,0.0,0.0
2191.0,0.0,0.0,0.0,0.0,0.0,0.0
2192.0,0.0,0.0,0.0,0.0,0.0,0.0
2193.0,0.0,0.0,0.0,0.0,0.0,0.0
2194.0,0.0,0.0,0.0,0.0,0.0,0.0
2195.0,0.0,0.0,0.0,0.0,0.0,0.0
2196.0,0.0,0.0,0.0,0.0,0.0,0.0
2197.0,0.0,0.0,0.0,0.0,0.0,0.0
2198.0,0.0,0.0,0.0,0.0,0.0,0.0
2199.0,0.0,0.0,0.0,0.0,0.0,0.0
2200.0,0.0,0.0,0.0,0.0,0.0,0.0
2201.0,0.0,0.0,0.0,0.0,0.0,0.0
2202.0,0.0,0.0,0.0,0.0,0.0,0.0
2203.0,0.0,0.0,0.0,0.0,0.0,0.0
2204.0,6.782662239857018e-06,5.710448022000492e-06,2.4061226213234477e-05,0.0,0.0,0.0005652218533214182
2205.0,6.782662239857018e-06,5.710448022000492e-06,2.4061226213234477e-05,0.0,0.0,0.0005652218533214182
2206.0,0.0,0.0,0.0,0.0,0.0,0.0
2207.0,0.0004094838513992727,0.0,0.0,0.0,0.003472222222222222,0.03412365428327272
2208.0,0.0005563554586842656,0.0,0.0,0.0,0.005208333333333333,0.04636295489035547
2209.0,2.226306969532743e-05,0.0,0.0,0.0,0.0,0.0018552558079439525
2210.0,0.0,0.0,0.0,0.0,0.0,0.0
2211.0,0.0,0.0,0.0,0.0,0.0,0.0
2212.0,0.0,0.0,0.0,0.0,0.0,0.0
2213.0,9.735837920743506e-06,0.0,0.0,0.0,0.0,0.0008113198267286256
2214.0,3.559027027222328e-05,0.0,0.0,0.0,0.0,0.0029658558560186066
2215.0,6.789554754504934e-05,0.0,0.0,0.0,0.0,0.005657962295420778
2216.0,9.659244096837938e-05,0.0,0.0,0.0,0.0,0.008049370080698282
2217.0,0.0,0.0,0.0,0.0,0.0,0.0
2218.0,0.0,0.0,0.0,0.0,0.0,0.0
2219.0,0.0,0.0,0.0,0.0,0.0,0.0
2220.0,0.0,0.0,0.0,0.0,0.0,0.0
2221.0,2.7062915251008235e-06,0.0,0.0,0.0,0.0,0.00022552429375840194
2222.0,0.0,0.0,0.0,0.0,0.0,0.0
2223.0,0.0,0.0,0.0,0.0,0.0,0.0
2224.0,0.0,0.0,0.0,0.0,0.0,0.0
2225.0,0.00010981752711813897,0.0,0.0,0.0,0.0,0.009151460593178248
2226.0,3.9947575714904815e-05,0.0,0.0,0.0,0.0,0.0033289646429087347
2227.0,2.236519503640011e-05,0.0,0.0,0.0,0.0,0.0018637662530333423
2228.0,0.0,0.0,0.0,0.0,0.0,0.0
2229.0,7.480509793822421e-06,5.710448022000492e-06,2.4061226213234477e-05,0.0,0.0,0.0006233758161518684
2230.0,6.782661785109667e-06,5.710448022000492e-06,2.4061226213234477e-05,0.0,0.0,0.0005652218154258056
2231.0,0.0,0.0,0.0,0.0,0.0,0.0
2232.0,0.0,0.0,0.0,0.0,0.0,0.0
2233.0,0.0,0.0,0.0,0.0,0.0,0.0
2234.0,0.0,0.0,0.0,0.0,0.0,0.0
2235.0,0.0,0.0,0.0,0.0,0.0,0.0
2236.0,0.0,0.0,0.0,0.0,0.0,0.0
2237.0,0.0,0.0,0.0,0.0,0.0,0.0
2238.0,0.0,0.0,0.0,0.0,0.0,0.0
2239.0,0.0,0.0,0.0,0.0,0.0,0.0
2240.0,0.0,0.0,0.0,0.0,0.0,0.0
2241.0,0.0,0.0,0.0,0.0,0.0,0.0
2242.0,0.0,0.0,0.0,0.0,0.0,0.0
2243.0,0.0,0.0,0.0,0.0,0.0,0.0
2244.0,0.0,0.0,0.0,0.0,0.0,0.0
2245.0,0.0,0.0,0.0,0.0,0.0,0.0
2246.0,0.0,0.0,0.0,0.0,0.0,0.0
2247.0,0.0,0.0,0.0,0.0,0.0,0.0
2248.0,0.0,0.0,0.0,0.0,0.0,0.0
2249.0,0.0,0.0,0.0,0.0,0.0,0.0
2250.0,0.0,0.0,0.0,0.0,0.0,0.0
2251.0,0.0,0.0,0.0,0.0,0.0,0.0
2252.0,0.0,0.0,0.0,0.0,0.0,0.0
2253.0,0.0,0.0,0.0,0.0,0.0,0.0
2254.0,6.782661785109667e-06,5.710448022000492e-06,2.4061226213234477e-05,0.0,0.0,0.0005652218154258056
2255.0,6.782661785109667e-06,5.710448022000492e-06,2.4061226213234477e-05,0.0,0.0,0.0005652218154258056
2256.0,0.0,0.0,0.0,0.0,0.0,0.0
2257.0,0.0,0.0,0.0,0.0,0.0,0.0
2258.0,0.0,0.0,0.0,0.0,0.0,0.0
2259.0,0.0,0.0,0.0,0.0,0.0,0.0
2260.0,0.0,0.0,0.0,0.0,0.0,0.0
2261.0,1.5846264432184398e-05,0.0,0.0,0.0,0.0,0.0013205220360153664
2262.0,0.00011837892816402018,0.0,0.0,0.0,0.001736111111111111,0.011574074074074073
2263.0,1.2765506198775256e-06,0.0,0.0,0.0,0.0,0.00010637921832312713
2264.0,0.0,0.0,0.0,0.0,0.0,0.0
2265.0,0.0,0.0,0.0,0.0,0.0,0.0
2266.0,0.0,0.0,0.0,0.0,0.0,0.0
2267.0,0.0,0.0,0.0,0.0,0.0,0.0
2268.0,0.0,0.0,0.0,0.0,0.0,0.0
2269.0,0.0,0.0,0.0,0.0,0.0,0.0
2270.0,1.7258982552448288e-05,0.0,0.0,0.0,0.0,0.0014382485460373573
2271.0,0.00017316856246907264,0.0,0.0,0.0,0.0,0.014430713539089386
2272.0,1.2714461263385601e-05,0.0,0.0,0.0,0.0,0.0010595384386154667
2273.0,0.0,0.0,0.0,0.0,0.0,0.0
2274.0,0.0,0.0,0.0,0.0,0.0,0.0
2275.0,0.00022497953614220023,0.0,0.0,0.0,0.001736111111111111,0.018748294678516686
2276.0,3.1249997846316546e-05,0.0,0.0,0.0,0.0,0.0026041664871930457
2277.0,0.0,0.0,0.0,0.0,0.0,0.0
2278.0,0.0,0.0,0.0,0.0,0.0,0.0
2279.0,0.00011513641220517457,5.710448022000492e-06,2.4061226213234477e-05,0.0,0.0,0.009594701017097881
2280.0,6.782661785109667e-06,5.710448022000492e-06,2.4061226213234477e-05,0.0,0.0,0.0005652218154258056
2281.0,0.00019764430180657655,0.0,0.0,0.0,0.003472222222222222,0.023148148148148147
2282.0,7.795478268235456e-06,0.0,0.0,0.0,0.0,0.0006496231890196213
2283.0,0.0,0.0,0.0,0.0,0.0,0.0
2284.0,0.0,0.0,0.0,0.0,0.0,0.0
2285.0,0.0,0.0,0.0,0.0,0.0,0.0
2286.0,0.00018281929078511894,0.0,0.0,0.0,0.0,0.015234940898759911
2287.0,7.897602336015552e-05,0.0,0.0,0.0,0.0,0.0065813352800129605
2288.0,3.472217940725386e-06,0.0,0.0,0.0,0.0,0.00028935149506044883
2289.0,0.0,0.0,0.0,0.0,0.0,0.0
2290.0,0.0,0.0,0.0,0.0,0.0,0.0
2291.0,0.0,0.0,0.0,0.0,0.0,0.0
2292.0,0.0,0.0,0.0,0.0,0.0,0.0
2293.0,0.0,0.0,0.0,0.0,0.0,0.0
2294.0,0.0,0.0,0.0,0.0,0.0,0.0
2295.0,0.0,0.0,0.0,0.0,0.0,0.0
2296.0,0.0,0.0,0.0,0.0,0.0,0.0
2297.0,0.0,0.0,0.0,0.0,0.0,0.0
2298.0,0.0,0.0,0.0,0.0,0.0,0.0
2299.0,0.0,0.0,0.0,0.0,0.0,0.0
2300.0,0.0,0.0,0.0,0.0,0.0,0.0
2301.0,0.0,0.0,0.0,0.0,0.0,0.0
2302.0,0.0,0.0,0.0,0.0,0.0,0.0
2303.0,0.0,0.0,0.0,0.0,0.0,0.0
2304.0,6.833724455646006e-06,5.710448022000492e-06,2.4061226213234477e-05,0.0,0.0,0.0005694770379705005
2305.0,6.833724455646006e-06,5.710448022000492e-06,2.4061226213234477e-05,0.0,0.0,0.0005694770379705005
2306.0,0.0,0.0,0.0,0.0,0.0,0.0
2307.0,0.0,0.0,0.0,0.0,0.0,0.0
2308.0,0.0,0.0,0.0,0.0,0.0,0.0
2309.0,7.073799497447908e-05,0.0,0.0,0.0,0.001736111111111111,0.011574074074074073
2310.0,7.567400461994112e-05,0.0,0.0,0.0,0.0,0.00630616705166176
2311.0,0.0,0.0,0.0,0.0,0.0,0.0
2312.0,0.0,0.0,0.0,0.0,0.0,0.0
2313.0,2.6892694222624414e-06,0.0,0.0,0.0,0.0,0.00022410578518853677
2314.0,0.0,0.0,0.0,0.0,0.0,0.0
2315.0,0.0,0.0,0.0,0.0,0.0,0.0
2316.0,0.0,0.0,0.0,0.0,0.0,0.0
2317.0,0.0,0.0,0.0,0.0,0.0,0.0
2318.0,0.0,0.0,0.0,0.0,0.0,0.0
2319.0,0.0,0.0,0.0,0.0,0.0,0.0
2320.0,0.0,0.0,0.0,0.0,0.0,0.0
2321.0,0.0,0.0,0.0,0.0,0.0,0.0
2322.0,0.0,0.0,0.0,0.0,0.0,0.0
2323.0,0.0,0.0,0.0,0.0,0.0,0.0
2324.0,0.0,0.0,0.0,0.0,0.0,0.0
2325.0,0.0,0.0,0.0,0.0,0.0,0.0
2326.0,0.0,0.0,0.0,0.0,0.0,0.0
2327.0,0.0,0.0,0.0,0.0,0.0,0.0
2328.0,0.0,0.0,0.0,0.0,0.0,0.0
2329.0,6.850744739494985e-06,5.710448022000492e-06,2.4061226213234477e-05,0.0,0.0,0.0005708953949579154
2330.0,6.850744739494985e-06,5.710448022000492e-06,2.4061226213234477e-05,0.0,0.0,0.0005708953949579154
2331.0,0.0,0.0,0.0,0.0,0.0,0.0
2332.0,0.0001616114896023646,0.0002700810437090695,0.0,0.0,0.003472222222222222,0.023148148148148147
2333.0,0.0002758543996606022,0.0,0.0,0.0,0.003472222222222222,0.023148148148148147
2334.0,0.00018566173093859106,0.0,0.0,0.0,0.005208333333333333,0.034722222222222224
2335.0,0.0002748671977315098,0.0,0.0,0.0,0.005208333333333333,0.034722222222222224
2336.0,0.00021354161435738206,0.0,0.0,0.0,0.006944444444444444,0.046296296296296294
2337.0,0.00011677898146444932,0.0,0.0,0.0,0.005208333333333333,0.034722222222222224
2338.0,1.3701667739951517e-05,1.2106289659641334e-06,0.0,0.0,0.0,0.0011418056449959597
2339.0,0.0,0.0,0.0,0.0,0.0,0.0
2340.0,0.0,0.0,0.0,0.0,0.0,0.0
2341.0,0.0,0.0,0.0,0.0,0.0,0.0
2342.0,0.0001755514385877177,0.0,0.0,0.0,0.006944444444444444,0.046296296296296294
2343.0,0.0,0.0,0.0,0.0,0.0,0.0
2344.0,0.0,0.0,0.0,0.0,0.0,0.0
2345.0,0.0,0.0,0.0,0.0,0.0,0.0
2346.0,1.5659015843993984e-06,0.0,0.0,0.0,0.0,0.00013049179869994987
2347.0,0.0,0.0,0.0,0.0,0.0,0.0
2348.0,0.0,0.0,0.0,0.0,0.0,0.0
2349.0,0.0,0.0,0.0,0.0,0.0,0.0
2350.0,0.0,0.0,0.0,0.0,0.0,0.0
2351.0,0.0,0.0,0.0,0.0,0.0,0.0
2352.0,0.0,0.0,0.0,0.0,0.0,0.0
2353.0,0.0,0.0,0.0,0.0,0.0,0.0
2354.0,6.578412467206363e-06,5.710448022000492e-06,2.4061226213234477e-05,0.0,0.0,0.0005482010389338635
2355.0,6.578412467206363e-06,5.710448022000492e-06,2.4061226213234477e-05,0.0,0.0,0.0005482010389338635
2356.0,0.0,0.0,0.0,0.0,0.0,0.0
2357.0,0.0,0.0,0.0,0.0,0.0,0.0
2358.0,0.0,0.0,0.0,0.0,0.0,0.0
2359.0,0.0,0.0,0.0,0.0,0.0,0.0
2360.0,8.29418349894695e-05,0.0,0.0,0.0,0.003472222222222222,0.023148148148148147
2361.0,0.0002694545837584883,0.0,0.0,0.0,0.001736111111111111,0.02245454864654069
2362.0,0.00022579652431886643,0.0,0.0,0.0,0.001736111111111111,0.0188163770265722
2363.0,0.0002877688384614885,0.0,0.0,0.0,0.005208333333333333,0.034722222222222224
2364.0,4.1343268094351515e-05,0.0,0.0,0.0,0.003472222222222222,0.023148148148148147
2365.0,0.00011427694698795676,0.0,0.0,0.0,0.005208333333333333,0.034722222222222224
2366.0,0.0002522977301850915,0.0,0.0,0.0,0.005208333333333333,0.034722222222222224
2367.0,5.998093183734454e-05,0.0,0.0,0.0,0.001736111111111111,0.011574074074074073
2368.0,0.0002605527697596699,0.0,0.0,0.0,0.006944444444444444,0.046296296296296294
2369.0,0.00015110972162801772,0.0,0.0,0.0,0.003472222222222222,0.023148148148148147
2370.0,0.00013431029219646007,0.0,0.0,0.0,0.003472222222222222,0.023148148148148147
2371.0,3.0620245524914935e-05,0.0,0.0,0.0,0.0,0.0025516871270762445
2372.0,0.00023939606035128236,0.0,0.0,0.0,0.005208333333333333,0.034722222222222224
2373.0,0.0002635143755469471,0.0,0.0,0.0,0.005208333333333333,0.034722222222222224
2374.0,0.00017196006956510246,0.0,0.0,0.0,0.001736111111111111,0.014330005797091872
2375.0,4.7249446652131155e-05,0.0,0.0,0.0,0.001736111111111111,0.011574074074074073
2376.0,0.0,0.0,0.0,0.0,0.0,0.0
2377.0,0.0,0.0,0.0,0.0,0.0,0.0
2378.0,0.0,0.0,0.0,0.0,0.0,0.0
2379.0,8.402256207773462e-05,5.710448022000492e-06,2.4061226213234477e-05,0.0,0.003472222222222222,0.023148148148148147
2380.0,0.00012121278996346518,5.710448022000492e-06,2.4061226213234477e-05,0.0,0.0,0.010101065830288766
2381.0,0.00017926195869222283,0.0,0.0,0.0,0.001736111111111111,0.014938496557685236
2382.0,0.00012486381456255913,0.0,0.0,0.0,0.006944444444444444,0.046296296296296294
2383.0,0.0002561614674050361,0.0,0.0,0.0,0.001736111111111111,0.021346788950419675
2384.0,3.325843863422051e-05,0.0,0.0,0.0,0.0,0.002771536552851709
2385.0,0.00011643856851151213,0.0,0.0,0.0,0.0,0.00970321404262601
2386.0,0.00013483793009072542,0.0,0.0,0.0,0.001736111111111111,0.011574074074074073
2387.0,2.2007752704666927e-05,0.0,0.0,0.0,0.001736111111111111,0.011574074074074073
2388.0,1.121664718084503e-05,0.0,0.0,0.0,0.0,0.0009347205984037524
2389.0,0.0,0.0,0.0,0.0,0.0,0.0
2390.0,0.0,0.0,0.0,0.0,0.0,0.0
2391.0,0.0,0.0,0.0,0.0,0.0,0.0
2392.0,0.00023754077847115695,0.0,0.0,0.0,0.005208333333333333,0.034722222222222224
2393.0,1.702069596376532e-08,0.0,0.0,0.0,0.0,1.4183913303137767e-06
2394.0,0.0,0.0,0.0,0.0,0.0,0.0
2395.0,1.2169794899818953e-05,0.0,0.0,0.0,0.0,0.0010141495749849128
2396.0,0.0001653560611885041,0.0,0.0,0.0,0.001736111111111111,0.013779671765708676
2397.0,0.0,0.0,0.0,0.0,0.0,0.0
2398.0,0.00016605386917944998,0.0,0.0,0.0,0.001736111111111111,0.01383782243162083
2399.0,0.0,0.0,0.0,0.0,0.0,0.0
2400.0,0.00012134052667533979,0.0,0.0,0.0,0.001736111111111111,0.011574074074074073
2401.0,3.948801168007776e-05,0.0,0.0,0.0,0.003472222222222222,0.023148148148148147
2402.0,0.00021822232520207763,0.0,0.0,0.0,0.001736111111111111,0.018185193766839802
2403.0,0.0001774747797753662,0.0,0.0,0.0,0.001736111111111111,0.014789564981280515
2404.0,0.00023273237457033247,5.710448022000492e-06,2.4061226213234477e-05,0.0,0.003472222222222222,0.023148148148148147
2405.0,9.510305244475603e-05,5.710448022000492e-06,2.4061226213234477e-05,0.0,0.0,0.007925254370396336
2406.0,0.00018607021775096655,0.0,0.0,0.0,0.0,0.015505851479247212
2407.0,3.8892289012437686e-05,0.0,0.0,0.0,0.001736111111111111,0.011574074074074073
2408.0,0.00013276141544338316,0.0,0.0,0.0,0.0,0.011063451286948597
2409.0,0.0,0.0,0.0,0.0,0.0,0.0
2410.0,0.00012797859380953014,0.0,0.0,0.0,0.003472222222222222,0.023148148148148147
2411.0,1.0212417578259192e-07,0.0,0.0,0.0,0.0,8.51034798188266e-06
2412.0,0.0,0.0,0.0,0.0,0.0,0.0
2413.0,6.859344011900248e-06,0.0,0.0,0.0,0.0,0.0005716120009916873
2414.0,0.0,0.0,0.0,0.0,0.0,0.0
2415.0,0.0,0.0,0.0,0.0,0.0,0.0
2416.0,0.0,0.0,0.0,0.0,0.0,0.0
2417.0,4.124113911530003e-05,0.0,0.0,0.0,0.003472222222222222,0.023148148148148147
2418.0,4.953020834363997e-06,0.0,0.0,0.0,0.003472222222222222,0.023148148148148147
2419.0,9.271172166336328e-05,0.0,0.0,0.0,0.005208333333333333,0.034722222222222224
2420.0,0.00018019808339886367,0.0,0.0,0.0,0.001736111111111111,0.015016506949905306
2421.0,0.00015861584688536823,0.0,0.0,0.0,0.003472222222222222,0.023148148148148147
2422.0,0.0,0.0,0.0,0.0,0.0,0.0
2423.0,0.0,0.0,0.0,0.0,0.0,0.0
2424.0,0.0,0.0,0.0,0.0,0.0,0.0
2425.0,0.0,0.0,0.0,0.0,0.0,0.0
2426.0,7.965685654198751e-06,0.0,0.0,0.0,0.0,0.0006638071378498959
2427.0,0.0005285945953801274,0.0,0.0,0.0,0.005208333333333333,0.04404954961501062
2428.0,0.0001703601301414892,0.0,0.0,0.0,0.015625,0.10416666666666667
2429.0,2.450119973218534e-05,5.710448022000492e-06,2.4061226213234477e-05,0.0,0.003472222222222222,0.023148148148148147
2430.0,8.076232916209847e-06,5.710448022000492e-06,2.4061226213234477e-05,0.0,0.0,0.0006730194096841539
2431.0,1.0859203030122444e-05,0.0,0.0,0.0,0.001736111111111111,0.011574074074074073
2432.0,9.116283763432875e-05,0.0,0.0,0.0,0.0,0.0075969031361940624
2433.0,8.062703273026273e-05,0.0,0.0,0.0,0.0,0.0067189193941885605
2434.0,6.0627717175520957e-05,0.0,0.0,0.0,0.0,0.005052309764626746
2435.0,0.00015451385115738958,0.0,0.0,0.0,0.001736111111111111,0.012876154263115799
2436.0,5.4091760830488056e-05,0.0,0.0,0.0,0.0,0.004507646735874005
2437.0,0.00014326319796964526,0.0,0.0,0.0,0.003472222222222222,0.023148148148148147
2438.0,0.00013827614020556211,0.0,0.0,0.0,0.0,0.011523011683796843
2439.0,0.0,0.0,0.0,0.0,0.0,0.0
2440.0,0.0001802491460694,0.0,0.0,0.0,0.012152777777777778,0.08101851851851852
2441.0,0.00013740807480644435,0.0,0.0,0.0,0.001736111111111111,0.011574074074074073
2442.0,7.967387500684708e-05,0.0,0.0,0.0,0.0,0.006639489583903924
2443.0,0.00015888817142695189,0.0,0.0,0.0,0.003472222222222222,0.023148148148148147
2444.0,6.08319605817087e-05,0.0,0.0,0.0,0.0,0.005069330048475725
2445.0,8.384395187022164e-05,0.0,0.0,0.0,0.003472222222222222,0.023148148148148147
2446.0,5.2338647947181016e-05,0.0,0.0,0.0,0.003472222222222222,0.023148148148148147
2447.0,0.00022535398602485657,0.0,0.0,3.620757706812583e-05,0.003472222222222222,0.023148148148148147
2448.0,0.00010580063099041581,0.0,0.0,5.5704945225443225e-06,0.003472222222222222,0.023148148148148147
2449.0,0.0001697984553175047,0.0,0.0,0.004665216896682978,0.0,0.5831521120853722
2450.0,9.991147089749575e-05,0.0,0.0,0.010204989463090897,0.0,1.275623682886362
2451.0,6.632965232711285e-05,0.0,0.0,0.009522615000605583,0.0,1.190326875075698
2452.0,0.00018574684509076178,0.0,0.0,2.7852143830386922e-05,0.010416666666666666,0.06944444444444445
2453.0,0.0002028015733230859,0.0,0.0,0.0,0.006944444444444444,0.046296296296296294
2454.0,0.0001720536092761904,5.710448022000492e-06,2.4061226213234477e-05,0.00020331986888777465,0.003472222222222222,0.02541498361097183
2455.0,0.0002097374090226367,5.710448022000492e-06,2.4061226213234477e-05,2.2281607016338967e-05,0.003472222222222222,0.023148148148148147
2456.0,0.0,0.0,0.0,0.0,0.0,0.0
2457.0,0.0,0.0,0.0,0.0,0.0,0.0
2458.0,0.0,0.0,0.0,0.0,0.0,0.0
2459.0,0.0,0.0,0.0,0.0,0.0,0.0
2460.0,0.0,0.0,0.0,0.0,0.0,0.0
2461.0,0.0,0.0,0.0,0.0,0.0,0.0
2462.0,0.0,0.0,0.0,0.0,0.0,0.0
2463.0,2.0084396510355873e-06,0.0,0.0,0.0,0.0,0.00016736997091963227
2464.0,0.0,0.0,0.0,0.0,0.0,0.0
2465.0,0.0,0.0,0.0,0.0,0.0,0.0
2466.0,0.0,0.0,0.0,0.0,0.0,0.0
2467.0,0.0,0.0,0.0,0.0,0.0,0.0
2468.0,0.0,0.0,0.0,0.0,0.0,0.0
2469.0,0.0,0.0,0.0,0.0,0.0,0.0
2470.0,0.0001271105429623276,0.0,0.0,0.0,0.0,0.010592545246860633
2471.0,4.4526124838739634e-05,0.0,0.0,0.0,0.003472222222222222,0.023148148148148147
2472.0,3.404145587637686e-08,0.0,0.0,0.0,0.0,2.8367879896980717e-06
2473.0,0.00020693759142886847,0.0,0.0,0.0,0.003472222222222222,0.023148148148148147
2474.0,0.00011017495853593573,0.0,0.0,0.0,0.0,0.009181246544661311
2475.0,4.403253478812985e-05,0.0,0.0,0.0,0.003472222222222222,0.023148148148148147
2476.0,0.0,0.0,0.0,0.0,0.0,0.0
2477.0,0.0,0.0,0.0,0.0,0.0,0.0
2478.0,0.0,0.0,0.0,0.0,0.0,0.0
2479.0,1.3471802049025428e-05,5.710448022000492e-06,2.4061226213234477e-05,1.671119753154926e-05,0.0,0.0020888996914436575
2480.0,9.557033990859054e-06,5.710448022000492e-06,2.4061226213234477e-05,1.671119753154926e-05,0.0,0.0020888996914436575
2481.0,0.0,0.0,0.0,0.0,0.0,0.0
2482.0,0.0,0.0,0.0,0.0,0.0,0.0
2483.0,0.0,0.0,0.0,0.0,0.0,0.0
2484.0,0.0,0.0,0.0,0.0,0.0,0.0
2485.0,0.0,0.0,0.0,0.0,0.0,0.0
2486.0,0.0,0.0,0.0,0.0,0.0,0.0
2487.0,0.0,0.0,0.0,0.0,0.0,0.0
2488.0,0.0,0.0,0.0,0.0,0.0,0.0
2489.0,0.0,0.0,0.0,0.0,0.0,0.0
2490.0,0.0,0.0,0.0,0.0,0.0,0.0
2491.0,0.0,0.0,0.0,0.0,0.0,0.0
2492.0,0.0,0.0,0.0,0.0,0.0,0.0
2493.0,0.012824038043618202,0.00027041122666560113,0.0,0.024593355134129524,0.18055555555555555,3.0741693917661905
2494.0,0.0,0.0,0.0,0.0,0.0,0.0
2495.0,0.0,0.0,0.0,0.0,0.0,0.0
2496.0,6.212548669282114e-06,0.0,0.0,0.0,0.0,0.0005177123891068428
2497.0,0.0,0.0,0.0,0.0,0.0,0.0
2498.0,0.0,0.0,0.0,0.0,0.0,0.0
2499.0,0.0,0.0,0.0,0.0,0.0,0.0
2500.0,0.0,0.0,0.0,0.0,0.0,0.0
2501.0,0.0,0.0,0.0,0.0,0.0,0.0
2502.0,0.0,0.0,0.0,0.0,0.0,0.0
2503.0,0.0,0.0,0.0,0.0,0.0,0.0
2504.0,6.782662239857018e-06,5.710448022000492e-06,2.4061226213234477e-05,0.0,0.0,0.0005652218533214182
2505.0,6.782662239857018e-06,5.710448022000492e-06,2.4061226213234477e-05,0.0,0.0,0.0005652218533214182
2506.0,0.0,0.0,0.0,0.0,0.0,0.0
2507.0,0.0,0.0,0.0,0.0,0.0,0.0
2508.0,0.0,0.0,0.0,0.0,0.0,0.0
2509.0,0.0,0.0,0.0,0.0,0.0,0.0
2510.0,0.0,0.0,0.0,0.0,0.0,0.0
2511.0,0.0,0.0,0.0,0.0,0.0,0.0
2512.0,0.0,0.0,0.0,0.0,0.0,0.0
2513.0,0.0,0.0,0.0,0.0,0.0,0.0
2514.0,0.0,0.0,0.0,0.0,0.0,0.0
2515.0,0.0,0.0,0.0,0.0,0.0,0.0
2516.0,0.0,0.0,0.0,0.0,0.0,0.0
2517.0,0.00012625953240785748,0.0,0.0,0.0,0.0,0.01052162770065479
2518.0,0.00011415781045798212,0.0,0.0,0.0,0.0,0.00951315087149851
2519.0,0.0,0.0,0.0,0.0,0.0,0.0
2520.0,0.0,0.0,0.0,0.0,0.0,0.0
2521.0,1.378676415697555e-06,0.0,0.0,0.0,0.0,0.00011488970130812959
2522.0,0.0,0.0,0.0,0.0,0.0,0.0
2523.0,6.297655636444688e-05,0.0,0.0,0.0,0.0,0.0052480463637039065
2524.0,0.00013165509153623134,0.0,0.0,0.0,0.0,0.010971257628019279
2525.0,1.702069596376532e-08,0.0,0.0,0.0,0.0,1.4183913303137767e-06
2526.0,0.0,0.0,0.0,0.0,0.0,0.0
2527.0,0.0002601442683953792,0.0,0.0,0.0,0.005208333333333333,0.034722222222222224
2528.0,5.276415322441608e-06,0.0,0.0,0.0,0.0,0.00043970127687013394
2529.0,1.134420745074749e-05,5.710448022000492e-06,2.4061226213234477e-05,0.0,0.0,0.0009453506208956242
2530.0,6.901807410031324e-06,5.710448022000492e-06,2.4061226213234477e-05,0.0,0.0,0.0005751506175026103
2531.0,6.779342947993428e-05,0.0,0.0,0.0,0.0,0.00564945245666119
2532.0,9.157134627457708e-06,0.0,0.0,0.0,0.0,0.0007630945522881424
2533.0,0.0,0.0,0.0,0.0,0.0,0.0
2534.0,0.0,0.0,0.0,0.0,0.0,0.0
2535.0,0.0,0.0,0.0,0.0,0.0,0.0
2536.0,0.0,0.0,0.0,0.0,0.0,0.0
2537.0,0.0,0.0,0.0,0.0,0.0,0.0
2538.0,0.0007786116329953074,0.0,0.0,0.0,0.005208333333333333,0.06488430274960895
2539.0,0.0,0.0,0.0,0.0,0.0,0.0
2540.0,0.0,0.0,0.0,0.0,0.0,0.0
2541.0,0.0,0.0,0.0,0.0,0.0,0.0
2542.0,0.0,0.0,0.0,0.0,0.0,0.0
2543.0,0.0,0.0,0.0,0.0,0.0,0.0
2544.0,0.04300700128078461,0.03446727618575096,0.0,0.0004755234986077994,0.2725694444444444,3.583916773398717
2545.0,1.03689922070771e-06,5.487454018293647e-06,0.0,0.0,0.0,0.00013718635045734118
2546.0,0.0,0.0,0.0,0.0,0.0,0.0
2547.0,0.0,0.0,0.0,0.0,0.0,0.0
2548.0,0.0,0.0,0.0,0.0,0.0,0.0
2549.0,0.0,0.0,0.0,0.0,0.0,0.0
2550.0,0.0,0.0,0.0,0.0,0.0,0.0
2551.0,0.0,0.0,0.0,0.0,0.0,0.0
2552.0,0.0,0.0,0.0,0.0,0.0,0.0
2553.0,0.0,0.0,0.0,0.0,0.0,0.0
2554.0,0.0,0.0,0.0,0.0,0.0,0.0
2555.0,0.0,0.0,0.0,0.0,0.0,0.0
2556.0,0.0,0.0,0.0,0.0,0.0,0.0
2557.0,0.0,0.0,0.0,0.0,0.0,0.0
2558.0,0.0,0.0,0.0,0.0,0.0,0.0
2559.0,0.0,0.0,0.0,0.0,0.0,0.0
2560.0,0.0,0.0,0.0,0.0,0.0,0.0
2561.0,1.8096373821663292e-07,3.2731367127780686e-07,0.0,0.0,0.0,1.5080311518052742e-05
2562.0,1.8096373821663292e-07,3.2731367127780686e-07,0.0,0.0,0.0,1.5080311518052742e-05
2563.0,0.0,0.0,0.0,0.0,0.0,0.0
2564.0,0.0,0.0,0.0,0.0,0.0,0.0
2565.0,0.0,0.0,0.0,0.0,0.0,0.0
2566.0,0.0,0.0,0.0,0.0,0.0,0.0
2567.0,0.0,0.0,0.0,0.0,0.0,0.0
2568.0,0.0,0.0,0.0,0.0,0.0,0.0
2569.0,1.03689922070771e-06,5.487454018293647e-06,0.0,0.0,0.0,0.00013718635045734118
2570.0,1.03689922070771e-06,5.487454018293647e-06,0.0,0.0,0.0,0.00013718635045734118
2571.0,0.0,0.0,0.0,0.0,0.0,0.0
2572.0,0.0,0.0,0.0,0.0,0.0,0.0
2573.0,0.0,0.0,0.0,0.0,0.0,0.0
2574.0,0.0,0.0,0.0,0.0,0.0,0.0
2575.0,0.0,0.0,0.0,0.0,0.0,0.0
2576.0,0.0,0.0,0.0,0.0,0.0,0.0
2577.0,0.0,0.0,0.0,0.0,0.0,0.0
2578.0,0.0,0.0,0.0,0.0,0.0,0.0
2579.0,0.0,0.0,0.0,0.0,0.0,0.0
2580.0,0.00021886911417823285,0.0,0.0,0.0,0.0,0.018239092848186072
2581.0,7.523147360188887e-05,0.0,0.0,0.0,0.0,0.006269289466824072
2582.0,0.0,0.0,0.0,0.0,0.0,0.0
2583.0,0.0,0.0,0.0,0.0,0.0,0.0
2584.0,0.0,0.0,0.0,0.0,0.0,0.0
2585.0,0.0,0.0,0.0,0.0,0.0,0.0
2586.0,2.6489567517273827e-06,3.2731367127780686e-07,0.0,0.0,0.0,0.00022074639597728188
2587.0,1.8096373821663292e-07,3.2731367127780686e-07,0.0,0.0,0.0,1.5080311518052742e-05
2588.0,0.0,0.0,0.0,0.0,0.0,0.0
2589.0,0.0,0.0,0.0,0.0,0.0,0.0
2590.0,0.0,0.0,0.0,0.0,0.0,0.0
2591.0,9.283085819333792e-05,0.0,0.0,0.0,0.001736111111111111,0.011574074074074073
2592.0,7.945260585984215e-05,0.0,0.0,0.0,0.0,0.006621050488320179
2593.0,9.688179852673784e-05,0.0,0.0,0.0,0.0,0.008073483210561486
2594.0,3.419796939851949e-06,5.487454018293647e-06,0.0,0.0,0.0,0.00028498307832099573
2595.0,1.03689922070771e-06,5.487454018293647e-06,0.0,0.0,0.0,0.00013718635045734118
2596.0,0.0,0.0,0.0,0.0,0.0,0.0
2597.0,0.0,0.0,0.0,0.0,0.0,0.0
2598.0,0.0,0.0,0.0,0.0,0.0,0.0
2599.0,0.0,0.0,0.0,0.0,0.0,0.0
2600.0,0.0,0.0,0.0,0.0,0.0,0.0
2601.0,0.0,0.0,0.0,0.0,0.0,0.0
2602.0,0.0,0.0,0.0,0.0,0.0,0.0
2603.0,0.0,0.0,0.0,0.0,0.0,0.0
2604.0,0.0,0.0,0.0,0.0,0.0,0.0
2605.0,0.0,0.0,0.0,0.0,0.0,0.0
2606.0,0.0,0.0,0.0,0.0,0.0,0.0
2607.0,0.0,0.0,0.0,0.0,0.0,0.0
2608.0,0.0,0.0,0.0,0.0,0.0,0.0
2609.0,0.0,0.0,0.0,0.0,0.0,0.0
2610.0,0.0,0.0,0.0,0.0,0.0,0.0
2611.0,1.8096373821663292e-07,3.2731367127780686e-07,0.0,0.0,0.0,1.5080311518052742e-05
2612.0,1.8096373821663292e-07,3.2731367127780686e-07,0.0,0.0,0.0,1.5080311518052742e-05
2613.0,0.0,0.0,0.0,0.0,0.0,0.0
2614.0,0.0,0.0,0.0,0.0,0.0,0.0
2615.0,0.0,0.0,0.0,0.0,0.0,0.0
2616.0,0.0,0.0,0.0,0.0,0.0,0.0
2617.0,0.0,0.0,0.0,0.0,0.0,0.0
2618.0,0.0,0.0,0.0,0.0,0.0,0.0
2619.0,1.03689922070771e-06,5.487454018293647e-06,0.0,0.0,0.0,0.00013718635045734118
2620.0,0.0005639113369397819,5.487454018293647e-06,0.0,0.0,0.001736111111111111,0.04699261141164849
2621.0,0.0,0.0,0.0,0.0,0.0,0.0
2622.0,0.0,0.0,0.0,0.0,0.0,0.0
2623.0,0.0,0.0,0.0,0.0,0.0,0.0
2624.0,0.0,0.0,0.0,0.0,0.0,0.0
2625.0,0.0,0.0,0.0,0.0,0.0,0.0
2626.0,0.0,0.0,0.0,0.0,0.0,0.0
2627.0,0.0,0.0,0.0,0.0,0.0,0.0
2628.0,1.0552870435276418e-06,0.0,0.0,0.0,0.0,8.794058696063682e-05
2629.0,0.0,0.0,0.0,0.0,0.0,0.0
2630.0,0.0,0.0,0.0,0.0,0.0,0.0
2631.0,0.0,0.0,0.0,0.0,0.0,0.0
2632.0,0.0,0.0,0.0,0.0,0.0,0.0
2633.0,0.0,0.0,0.0,0.0,0.0,0.0
2634.0,0.0,0.0,0.0,0.0,0.0,0.0
2635.0,0.0,0.0,0.0,0.0,0.0,0.0
2636.0,1.8096373821663292e-07,3.2731367127780686e-07,0.0,0.0,0.0,1.5080311518052742e-05
2637.0,1.8096373821663292e-07,3.2731367127780686e-07,0.0,0.0,0.0,1.5080311518052742e-05
2638.0,0.0,0.0,0.0,0.0,0.0,0.0
2639.0,0.0,0.0,0.0,0.0,0.0,0.0
2640.0,0.0,0.0,0.0,0.0,0.0,0.0
2641.0,0.0,0.0,0.0,0.0,0.0,0.0
2642.0,0.0,0.0,0.0,0.0,0.0,0.0
2643.0,0.0,0.0,0.0,0.0,0.0,0.0
2644.0,1.03689922070771e-06,5.487454018293647e-06,0.0,0.0,0.0,0.00013718635045734118
2645.0,1.03689922070771e-06,5.487454018293647e-06,0.0,0.0,0.0,0.00013718635045734118
2646.0,0.0,0.0,0.0,0.0,0.0,0.0
2647.0,0.0,0.0,0.0,0.0,0.0,0.0
2648.0,0.0,0.0,0.0,0.0,0.0,0.0
2649.0,0.0,0.0,0.0,0.0,0.0,0.0
2650.0,0.0,0.0,0.0,0.0,0.0,0.0
2651.0,0.0,0.0,0.0,0.0,0.0,0.0
2652.0,0.059731319546699524,0.05412635579705238,0.0,0.0007033617584966123,0.2795138888888889,4.97760996222496
2653.0,0.0,0.0,0.0,0.0,0.0,0.0
2654.0,0.0,0.0,0.0,0.0,0.0,0.0
2655.0,0.0,0.0,0.0,0.0,0.0,0.0
2656.0,0.0,0.0,0.0,0.0,0.0,0.0
2657.0,0.0,0.0,0.0,0.0,0.0,0.0
2658.0,0.0,0.0,0.0,0.0,0.0,0.0
2659.0,0.0,0.0,0.0,0.0,0.0,0.0
2660.0,4.2551894807729695e-07,0.0,0.0,0.0,0.0,3.5459912339774746e-05
2661.0,4.2551894807729695e-07,0.0,0.0,0.0,0.0,3.5459912339774746e-05
2662.0,0.0,0.0,0.0,0.0,0.0,0.0
2663.0,0.0,0.0,0.0,0.0,0.0,0.0
2664.0,0.0,0.0,0.0,0.0,0.0,0.0
2665.0,0.0,0.0,0.0,0.0,0.0,0.0
2666.0,0.0,0.0,0.0,0.0,0.0,0.0
2667.0,0.0,0.0,0.0,0.0,0.0,0.0
2668.0,0.0,0.0,0.0,0.0,0.0,0.0
2669.0,0.0,0.0,0.0,0.0,0.0,0.0
2670.0,0.0,0.0,0.0,0.0,0.0,0.0
2671.0,0.0,0.0,0.0,0.0,0.0,0.0
2672.0,0.0,0.0,0.0,0.0,0.0,0.0
2673.0,0.0,0.0,0.0,0.0,0.0,0.0
2674.0,0.0,0.0,0.0,0.0,0.0,0.0
2675.0,0.0,0.0,0.0,0.0,0.0,0.0
2676.0,0.0,0.0,0.0,0.0,0.0,0.0
2677.0,0.0,0.0,0.0,0.0,0.0,0.0
2678.0,0.0,0.0,0.0,0.0,0.0,0.0
2679.0,0.0,0.0,0.0,0.0,0.0,0.0
2680.0,0.0,0.0,0.0,0.0,0.0,0.0
2681.0,0.0,0.0,0.0,0.0,0.0,0.0
2682.0,0.0,0.0,0.0,0.0,0.0,0.0
2683.0,0.0,0.0,0.0,0.0,0.0,0.0
2684.0,0.0,0.0,0.0,0.0,0.0,0.0
2685.0,4.2551894807729695e-07,0.0,0.0,0.0,0.0,3.5459912339774746e-05
2686.0,4.2551894807729695e-07,0.0,0.0,0.0,0.0,3.5459912339774746e-05
2687.0,0.0,0.0,0.0,0.0,0.0,0.0
2688.0,0.0,0.0,0.0,0.0,0.0,0.0
2689.0,0.0,0.0,0.0,0.0,0.0,0.0
2690.0,0.0,0.0,0.0,0.0,0.0,0.0
2691.0,0.0,0.0,0.0,0.0,0.0,0.0
2692.0,0.0,0.0,0.0,0.0,0.0,0.0
2693.0,0.0,0.0,0.0,0.0,0.0,0.0
2694.0,0.0,0.0,0.0,0.0,0.0,0.0
2695.0,0.0,0.0,0.0,0.0,0.0,0.0
2696.0,0.0,0.0,0.0,0.0,0.0,0.0
2697.0,0.0,0.0,0.0,0.0,0.0,0.0
2698.0,0.0,0.0,0.0,0.0,0.0,0.0
2699.0,0.0,0.0,0.0,0.0,0.0,0.0
2700.0,0.0,0.0,0.0,0.0,0.0,0.0
2701.0,0.0,0.0,0.0,0.0,0.0,0.0
2702.0,0.0,0.0,0.0,0.0,0.0,0.0
2703.0,0.0,0.0,0.0,0.0,0.0,0.0
2704.0,0.0,0.0,0.0,0.0,0.0,0.0
2705.0,0.0,0.0,0.0,0.0,0.0,0.0
2706.0,0.0,0.0,0.0,0.0,0.0,0.0
2707.0,0.0,0.0,0.0,0.0,0.0,0.0
2708.0,0.0,0.0,0.0,0.0,0.0,0.0
2709.0,0.0,0.0,0.0,0.0,0.0,0.0
2710.0,4.2551894807729695e-07,0.0,0.0,0.0,0.0,3.5459912339774746e-05
2711.0,4.2551894807729695e-07,0.0,0.0,0.0,0.0,3.5459912339774746e-05
2712.0,0.0,0.0,0.0,0.0,0.0,0.0
2713.0,0.0,0.0,0.0,0.0,0.0,0.0
2714.0,0.0,0.0,0.0,0.0,0.0,0.0
2715.0,0.0,0.0,0.0,0.0,0.0,0.0
2716.0,0.0,0.0,0.0,0.0,0.0,0.0
2717.0,0.0,0.0,0.0,0.0,0.0,0.0
2718.0,0.0,0.0,0.0,0.0,0.0,0.0
2719.0,0.0,0.0,0.0,0.0,0.0,0.0
2720.0,0.0,0.0,0.0,0.0,0.0,0.0
2721.0,0.0,0.0,0.0,0.0,0.0,0.0
2722.0,0.0,0.0,0.0,0.0,0.0,0.0
2723.0,0.0,0.0,0.0,0.0,0.0,0.0
2724.0,0.0,0.0,0.0,0.0,0.0,0.0
2725.0,0.0,0.0,0.0,0.0,0.0,0.0
2726.0,0.0,0.0,0.0,0.0,0.0,0.0
2727.0,0.0,0.0,0.0,0.0,0.0,0.0
2728.0,0.0,0.0,0.0,0.0,0.0,0.0
2729.0,0.0,0.0,0.0,0.0,0.0,0.0
2730.0,0.0,0.0,0.0,0.0,0.0,0.0
2731.0,0.0,0.0,0.0,0.0,0.0,0.0
2732.0,0.0,0.0,0.0,0.0,0.0,0.0
2733.0,0.00021721809753216803,0.0,0.0,0.0,0.0,0.01810150812768067
2734.0,0.0006662750383839011,0.0,0.0,0.0,0.0,0.05552291986532509
2735.0,5.63214962312486e-05,0.0,0.0,0.0,0.003472222222222222,0.023148148148148147
2736.0,9.361407364849583e-07,0.0,0.0,0.0,0.0,7.801172804041319e-05
2737.0,0.00013688647595699877,0.0,0.0,0.0,0.003472222222222222,0.023148148148148147
2738.0,0.0,0.0,0.0,0.0,0.0,0.0
2739.0,0.0,0.0,0.0,0.0,0.0,0.0
2740.0,0.0,0.0,0.0,0.0,0.0,0.0
2741.0,0.0,0.0,0.0,0.0,0.0,0.0
2742.0,0.0,0.0,0.0,0.0,0.0,0.0
2743.0,0.0,0.0,0.0,0.0,0.0,0.0
2744.0,1.62593630648189e-06,0.0,0.0,0.0,0.0,0.00013549469220682417
2745.0,0.0,0.0,0.0,0.0,0.0,0.0
2746.0,0.0,0.0,0.0,0.0,0.0,0.0
2747.0,0.0,0.0,0.0,0.0,0.0,0.0
2748.0,0.0,0.0,0.0,0.0,0.0,0.0
2749.0,0.0,0.0,0.0,0.0,0.0,0.0
2750.0,0.0,0.0,0.0,0.0,0.0,0.0
2751.0,0.0,0.0,0.0,0.0,0.0,0.0
2752.0,0.0,0.0,0.0,0.0,0.0,0.0
2753.0,0.0,0.0,0.0,0.0,0.0,0.0
2754.0,0.0,0.0,0.0,0.0,0.0,0.0
2755.0,0.0,0.0,0.0,0.0,0.0,0.0
2756.0,0.0,0.0,0.0,0.0,0.0,0.0
2757.0,0.0,0.0,0.0,0.0,0.0,0.0
2758.0,0.0,0.0,0.0,0.0,0.0,0.0
2759.0,0.0,0.0,0.0,0.0,0.0,0.0
2760.0,9.361407364849583e-07,0.0,0.0,0.0,0.0,7.801172804041319e-05
2761.0,9.361407364849583e-07,0.0,0.0,0.0,0.0,7.801172804041319e-05
2762.0,0.0,0.0,0.0,0.0,0.0,0.0
2763.0,0.0,0.0,0.0,0.0,0.0,0.0
2764.0,0.0,0.0,0.0,0.0,0.0,0.0
2765.0,0.0,0.0,0.0,0.0,0.0,0.0
2766.0,0.0,0.0,0.0,0.0,0.0,0.0
2767.0,9.3273401944316e-06,0.0,0.0,0.0,0.0,0.0007772783495359666
2768.0,0.00027230093837715685,0.0,0.0,0.0,0.005208333333333333,0.034722222222222224
2769.0,1.296975005971035e-05,0.0,0.0,0.0,0.0,0.0010808125049758626
2770.0,0.0,0.0,0.0,0.0,0.0,0.0
2771.0,0.0,0.0,0.0,0.0,0.0,0.0
2772.0,0.0,0.0,0.0,0.0,0.0,0.0
2773.0,0.0,0.0,0.0,0.0,0.0,0.0
2774.0,0.0,0.0,0.0,0.0,0.0,0.0
2775.0,0.0,0.0,0.0,0.0,0.0,0.0
2776.0,0.0,0.0,0.0,0.0,0.0,0.0
2777.0,0.0,0.0,0.0,0.0,0.0,0.0
2778.0,0.0,0.0,0.0,0.0,0.0,0.0
2779.0,0.0,0.0,0.0,0.0,0.0,0.0
2780.0,0.0,0.0,0.0,0.0,0.0,0.0
2781.0,0.0,0.0,0.0,0.0,0.0,0.0
2782.0,0.0,0.0,0.0,0.0,0.0,0.0
2783.0,0.0,0.0,0.0,0.0,0.0,0.0
2784.0,0.0,0.0,0.0,0.0,0.0,0.0
2785.0,1.0212442020929302e-06,0.0,0.0,0.0,0.0,8.510368350774418e-05
2786.0,1.0212442020929302e-06,0.0,0.0,0.0,0.0,8.510368350774418e-05
2787.0,0.0,0.0,0.0,0.0,0.0,0.0
2788.0,0.0,0.0,0.0,0.0,0.0,0.0
2789.0,0.0,0.0,0.0,0.0,0.0,0.0
2790.0,0.0013437585439532995,0.0,0.0,0.0,0.012152777777777778,0.11197987866277495
2791.0,0.0,0.0,0.0,0.0,0.0,0.0
2792.0,0.0,0.0,0.0,0.0,0.0,0.0
2793.0,0.0,0.0,0.0,0.0,0.0,0.0
2794.0,1.168126254924573e-05,0.0,0.0,0.0,0.0,0.0009734385457704775
2795.0,0.0,0.0,0.0,0.0,0.0,0.0
2796.0,0.0,0.0,0.0,0.0,0.0,0.0
2797.0,0.0,0.0,0.0,0.0,0.0,0.0
2798.0,0.0,0.0,0.0,0.0,0.0,0.0
2799.0,4.0951974256131507e-07,1.0300302619725699e-06,1.1935609336433117e-06,0.0,0.0,3.412664521344292e-05
2800.0,0.05711475387215614,0.037538688629865646,1.1935609336433117e-06,0.0004092104791197926,0.4097222222222222,4.759562822679679
2801.0,0.0,0.0,0.0,0.0,0.0,0.0
2802.0,0.0,0.0,0.0,0.0,0.0,0.0
2803.0,0.0,0.0,0.0,0.0,0.0,0.0
2804.0,0.0,0.0,0.0,0.0,0.0,0.0
2805.0,0.0,0.0,0.0,0.0,0.0,0.0
2806.0,0.0,0.0,0.0,0.0,0.0,0.0
2807.0,0.0,0.0,0.0,0.0,0.0,0.0
2808.0,0.0,0.0,0.0,0.0,0.0,0.0
2809.0,0.0,0.0,0.0,0.0,0.0,0.0
2810.0,0.0,0.0,0.0,0.0,0.0,0.0
2811.0,0.0,0.0,0.0,0.0,0.0,0.0
2812.0,0.0,0.0,0.0,0.0,0.0,0.0
2813.0,0.0,0.0,0.0,0.0,0.0,0.0
2814.0,0.0,0.0,0.0,0.0,0.0,0.0
2815.0,0.0,0.0,0.0,0.0,0.0,0.0
2816.0,0.0,0.0,0.0,0.0,0.0,0.0
2817.0,0.0,0.0,0.0,0.0,0.0,0.0
2818.0,0.0,0.0,0.0,0.0,0.0,0.0
2819.0,0.0,0.0,0.0,0.0,0.0,0.0
2820.0,0.0,0.0,0.0,0.0,0.0,0.0
2821.0,0.0,0.0,0.0,0.0,0.0,0.0
2822.0,0.0,0.0,0.0,0.0,0.0,0.0
2823.0,0.0,0.0,0.0,0.0,0.0,0.0
2824.0,0.0,0.0,0.0,0.0,0.0,0.0
2825.0,0.0,0.0,0.0,0.0,0.0,0.0
2826.0,0.0,0.0,0.0,0.0,0.0,0.0
2827.0,0.0,0.0,0.0,0.0,0.0,0.0
2828.0,0.0,0.0,0.0,0.0,0.0,0.0
2829.0,0.0,0.0,0.0,0.0,0.0,0.0
2830.0,0.0,0.0,0.0,0.0,0.0,0.0
2831.0,0.0,0.0,0.0,0.0,0.0,0.0
2832.0,0.0,0.0,0.0,0.0,0.0,0.0
2833.0,0.0,0.0,0.0,0.0,0.0,0.0
2834.0,1.3105935067869723e-05,0.0,0.0,0.0,0.0,0.0010921612556558102
2835.0,0.000239191809669137,0.0,0.0,0.0,0.0,0.019932650805761416
2836.0,0.00013987607962917536,0.0,0.0,0.0,0.0,0.011656339969097948
2837.0,7.07550352672115e-05,0.0,0.0,0.0,0.0,0.005896252938934292
2838.0,0.00046309904428198934,0.0,0.0,0.0,0.0,0.03859158702349911
2839.0,0.00021173742425162345,0.0,0.0,0.0,0.0,0.017644785354301955
2840.0,0.0003276483912486583,0.0,0.0,0.0,0.0,0.027304032604054857
2841.0,0.0002069886540994048,0.0,0.0,0.0,0.0,0.017249054508283734
2842.0,0.0002713268913794309,0.0,0.0,0.0,0.003472222222222222,0.023148148148148147
2843.0,0.00025966769317165017,0.0,0.0,0.0,0.0,0.021638974430970848
2844.0,6.469566142186522e-05,0.0,0.0,0.0,0.0,0.005391305118488769
2845.0,0.0,0.0,0.0,0.0,0.0,0.0
2846.0,9.769878488441464e-06,0.0,0.0,0.0,0.0,0.0008141565407034553
2847.0,1.2799563592125196e-05,0.0,0.0,0.0,0.0,0.0010666302993437664
2848.0,3.9249724068213254e-05,0.0,0.0,0.0,0.0,0.003270810339017771
2849.0,3.267973806941882e-05,0.0,0.0,0.0,0.0,0.0027233115057849013
2850.0,1.0348579053243157e-05,0.0,0.0,0.0,0.0,0.0008623815877702631
2851.0,0.0,0.0,0.0,0.0,0.0,0.0
2852.0,0.0,0.0,0.0,0.0,0.0,0.0
2853.0,0.0,0.0,0.0,0.0,0.0,0.0
2854.0,0.0,0.0,0.0,0.0,0.0,0.0
2855.0,0.0,0.0,0.0,0.0,0.0,0.0
2856.0,0.001424087444320321,0.0,0.0,0.0,0.003472222222222222,0.11867395369336009
2857.0,9.70176984083082e-07,0.0,0.0,0.0,0.0,8.08480820069235e-05
2858.0,1.167618938779924e-05,0.0,0.0,0.0,0.0,0.0009730157823166034
2859.0,0.0,0.0,0.0,0.0,0.0,0.0
2860.0,0.0,0.0,0.0,0.0,0.0,0.0
2861.0,0.0,0.0,0.0,0.0,0.0,0.0
2862.0,0.00010031996498582885,0.0,0.0,0.0,0.0,0.008359997082152404
2863.0,0.00039976503467187285,0.0,0.0,0.0,0.0,0.033313752889322736
2864.0,0.0003469838702585548,0.0,0.0,0.0,0.001736111111111111,0.028915322521546234
2865.0,7.793775876052678e-05,0.0,0.0,0.0,0.0,0.006494813230043898
2866.0,5.1981205615447834e-05,0.0,0.0,0.0,0.0,0.0043317671346206526
2867.0,0.00031862742616795003,0.0,0.0,0.0,0.0,0.026552285513995837
2868.0,0.0,0.0,0.0,0.0,0.0,0.0
2869.0,0.0,0.0,0.0,0.0,0.0,0.0
2870.0,0.0003191550204064697,0.0,0.0,0.0,0.0,0.026596251700539142
2871.0,3.933482730644755e-05,0.0,0.0,0.0,0.0,0.0032779022755372957
2872.0,0.0016424971399828792,0.0,0.0,0.0,0.001736111111111111,0.13687476166523993
2873.0,0.0,0.0,0.0,0.0,0.0,0.0
2874.0,0.0,0.0,0.0,0.0,0.0,0.0
2875.0,7.931641448521987e-06,0.0,0.0,0.0,0.0,0.0006609701207101656
2876.0,0.0,0.0,0.0,0.0,0.0,0.0
2877.0,0.0,0.0,0.0,0.0,0.0,0.0
2878.0,0.0,0.0,0.0,0.0,0.0,0.0
2879.0,0.0,0.0,0.0,0.0,0.0,0.0
2880.0,0.0,0.0,0.0,0.0,0.0,0.0
2881.0,0.0,0.0,0.0,0.0,0.0,0.0
2882.0,0.0,0.0,0.0,0.0,0.0,0.0
2883.0,0.0,0.0,0.0,0.0,0.0,0.0
2884.0,0.0,0.0,0.0,0.0,0.0,0.0
2885.0,0.0,0.0,0.0,0.0,0.0,0.0
2886.0,0.0,0.0,0.0,0.0,0.0,0.0
2887.0,0.048868704587221146,0.017427725717425346,0.0,0.0002557211264502257,0.2743055555555556,4.072392048935096
2888.0,2.3828870610032027e-07,0.0,0.0,0.0,0.0,1.985739217502669e-05
2889.0,0.0,0.0,0.0,0.0,0.0,0.0
2890.0,0.0,0.0,0.0,0.0,0.0,0.0
2891.0,0.0,0.0,0.0,0.0,0.0,0.0
2892.0,0.0,0.0,0.0,0.0,0.0,0.0
2893.0,0.0,0.0,0.0,0.0,0.0,0.0
2894.0,0.0,0.0,0.0,0.0,0.0,0.0
2895.0,1.433752004231792e-05,1.2735960808640812e-05,4.148511652601883e-05,0.0,0.0,0.0011947933368598267
2896.0,2.1571313482127152e-05,1.2735960808640812e-05,4.148511652601883e-05,0.0,0.0,0.0017976094568439294
2897.0,0.0002384769613854587,0.0,0.0,0.0,0.0,0.019873080115454893
2898.0,4.33517197961919e-05,0.0,0.0,0.0,0.0,0.003612643316349325
2899.0,0.0,0.0,0.0,0.0,0.0,0.0
2900.0,0.0,0.0,0.0,0.0,0.0,0.0
2901.0,0.0,0.0,0.0,0.0,0.0,0.0
2902.0,0.0001621050905669108,0.0,0.0,0.0,0.003472222222222222,0.023148148148148147
2903.0,3.404139192753064e-08,0.0,0.0,0.0,0.0,2.8367826606275535e-06
2904.0,6.484899586212123e-06,0.0,0.0,0.0,0.0,0.0005404082988510103
2905.0,0.0,0.0,0.0,0.0,0.0,0.0
2906.0,0.0,0.0,0.0,0.0,0.0,0.0
2907.0,0.0,0.0,0.0,0.0,0.0,0.0
2908.0,0.0,0.0,0.0,0.0,0.0,0.0
2909.0,0.0,0.0,0.0,0.0,0.0,0.0
2910.0,0.0,0.0,0.0,0.0,0.0,0.0
2911.0,0.0,0.0,0.0,0.0,0.0,0.0
2912.0,2.3828870610032027e-07,0.0,0.0,0.0,0.0,1.985739217502669e-05
2913.0,2.3828870610032027e-07,0.0,0.0,0.0,0.0,1.985739217502669e-05
2914.0,0.0,0.0,0.0,0.0,0.0,0.0
2915.0,0.0,0.0,0.0,0.0,0.0,0.0
2916.0,0.0,0.0,0.0,0.0,0.0,0.0
2917.0,0.0,0.0,0.0,0.0,0.0,0.0
2918.0,0.0,0.0,0.0,0.0,0.0,0.0
2919.0,0.0,0.0,0.0,0.0,0.0,0.0
2920.0,1.4371560610015877e-05,1.2735960808640812e-05,4.148511652601883e-05,0.0,0.0,0.0011976300508346565
2921.0,1.4371560610015877e-05,1.2735960808640812e-05,4.148511652601883e-05,0.0,0.0,0.0011976300508346565
2922.0,0.0004499420174397528,0.0,0.0,0.0,0.003472222222222222,0.037495168119979404
2923.0,1.7020436615666767e-08,0.0,0.0,0.0,0.0,1.4183697179722306e-06
2924.0,0.00016273485380224884,0.0,0.0,0.0,0.0,0.013561237816854069
2925.0,0.00011921293480554596,0.0,0.0,0.0,0.0,0.009934411233795496
2926.0,0.0,0.0,0.0,0.0,0.0,0.0
2927.0,0.0,0.0,0.0,0.0,0.0,0.0
2928.0,0.00011378333874745294,0.0,0.0,0.0,0.0,0.009481944895621078
2929.0,0.00012699139188043773,0.0,0.0,0.0,0.006944444444444444,0.046296296296296294
2930.0,7.950366125442088e-05,0.0,0.0,0.0,0.0,0.006625305104535073
2931.0,0.0,0.0,0.0,0.0,0.0,0.0
2932.0,0.0,0.0,0.0,0.0,0.0,0.0
2933.0,6.278933869907632e-05,0.0,0.0,0.0,0.0,0.005232444891589694
2934.0,3.911355452146381e-05,0.0,0.0,0.0,0.0,0.003259462876788651
2935.0,0.0,0.0,0.0,0.0,0.0,0.0
2936.0,0.0,0.0,0.0,0.0,0.0,0.0
2937.0,2.6211855583824217e-06,0.0,0.0,0.0,0.0,0.0002184321298652018
2938.0,2.3828870610032027e-07,0.0,0.0,0.0,0.0,1.985739217502669e-05
2939.0,0.0,0.0,0.0,0.0,0.0,0.0
2940.0,0.0,0.0,0.0,0.0,0.0,0.0
2941.0,0.0,0.0,0.0,0.0,0.0,0.0
2942.0,0.0,0.0,0.0,0.0,0.0,0.0
2943.0,0.0,0.0,0.0,0.0,0.0,0.0
2944.0,0.0,0.0,0.0,0.0,0.0,0.0
2945.0,1.4711975381942466e-05,1.2735960808640812e-05,4.148511652601883e-05,0.0,0.0,0.0012259979484952055
2946.0,1.4711975381942466e-05,1.2735960808640812e-05,4.148511652601883e-05,0.0,0.0,0.0012259979484952055
2947.0,0.0,0.0,0.0,0.0,0.0,0.0
2948.0,0.0007005207589827478,0.0,0.0,0.0,0.006944444444444444,0.05837672991522898
2949.0,0.0,0.0,0.0,0.0,0.0,0.0
2950.0,0.0,0.0,0.0,0.0,0.0,0.0
2951.0,0.0,0.0,0.0,0.0,0.0,0.0
2952.0,0.0,0.0,0.0,0.0,0.0,0.0
2953.0,0.0,0.0,0.0,0.0,0.0,0.0
2954.0,6.127437472969177e-07,0.0,0.0,0.0,0.0,5.106197894140981e-05
2955.0,0.0,0.0,0.0,0.0,0.0,0.0
2956.0,0.0,0.0,0.0,0.0,0.0,0.0
2957.0,0.0,0.0,0.0,0.0,0.0,0.0
2958.0,0.0,0.0,0.0,0.0,0.0,0.0
2959.0,0.0,0.0,0.0,0.0,0.0,0.0
2960.0,0.0,0.0,0.0,0.0,0.0,0.0
2961.0,0.0,0.0,0.0,0.0,0.0,0.0
2962.0,2.3828870610032027e-07,0.0,0.0,0.0,0.0,1.985739217502669e-05
2963.0,2.3828870610032027e-07,0.0,0.0,0.0,0.0,1.985739217502669e-05
2964.0,0.0,0.0,0.0,0.0,0.0,0.0
2965.0,0.0,0.0,0.0,0.0,0.0,0.0
2966.0,0.0,0.0,0.0,0.0,0.0,0.0
2967.0,0.052159424871206284,0.021929683163762093,0.0,0.0003853497328236699,0.2777777777777778,4.34661873926719
2968.0,2.5530965785947046e-07,0.0,0.0,0.0,0.0,2.127580482162254e-05
2969.0,0.0,0.0,0.0,0.0,0.0,0.0
2970.0,0.0,0.0,0.0,0.0,0.0,0.0
2971.0,0.0,0.0,0.0,0.0,0.0,0.0
2972.0,0.0,0.0,0.0,0.0,0.0,0.0
2973.0,0.0,0.0,0.0,0.0,0.0,0.0
2974.0,0.0,0.0,0.0,0.0,0.0,0.0
2975.0,1.8007978724199347e-05,1.058809084497625e-05,4.148511652601883e-05,0.0,0.0,0.001500664893683279
2976.0,1.8007978724199347e-05,1.058809084497625e-05,4.148511652601883e-05,0.0,0.0,0.001500664893683279
2977.0,0.0,0.0,0.0,0.0,0.0,0.0
2978.0,0.0,0.0,0.0,0.0,0.0,0.0
2979.0,0.0,0.0,0.0,0.0,0.0,0.0
2980.0,0.0,0.0,0.0,0.0,0.0,0.0
2981.0,0.0,0.0,0.0,0.0,0.0,0.0
2982.0,0.0,0.0,0.0,0.0,0.0,0.0
2983.0,0.0,0.0,0.0,0.0,0.0,0.0
2984.0,0.0,0.0,0.0,0.0,0.0,0.0
2985.0,0.0,0.0,0.0,0.0,0.0,0.0
2986.0,0.0,0.0,0.0,0.0,0.0,0.0
2987.0,0.0,0.0,0.0,0.0,0.0,0.0
2988.0,0.0,0.0,0.0,0.0,0.0,0.0
2989.0,0.0,0.0,0.0,0.0,0.0,0.0
2990.0,0.0,0.0,0.0,0.0,0.0,0.0
2991.0,0.0,0.0,0.0,0.0,0.0,0.0
2992.0,2.5530965785947046e-07,0.0,0.0,0.0,0.0,2.127580482162254e-05
2993.0,2.5530965785947046e-07,0.0,0.0,0.0,0.0,2.127580482162254e-05
2994.0,0.0,0.0,0.0,0.0,0.0,0.0
2995.0,0.0,0.0,0.0,0.0,0.0,0.0
2996.0,0.0,0.0,0.0,0.0,0.0,0.0
2997.0,0.0,0.0,0.0,0.0,0.0,0.0
2998.0,0.0,0.0,0.0,0.0,0.0,0.0
2999.0,0.0,0.0,0.0,0.0,0.0,0.0
3000.0,1.8007978724199347e-05,1.058809084497625e-05,4.148511652601883e-05,0.0,0.0,0.001500664893683279
3001.0,1.8007978724199347e-05,1.058809084497625e-05,4.148511652601883e-05,0.0,0.0,0.001500664893683279
3002.0,0.0,0.0,0.0,0.0,0.0,0.0
3003.0,0.0,0.0,0.0,0.0,0.0,0.0
3004.0,0.0,0.0,0.0,0.0,0.0,0.0
3005.0,0.0,0.0,0.0,0.0,0.0,0.0
3006.0,0.0,0.0,0.0,0.0,0.0,0.0
3007.0,0.0,0.0,0.0,0.0,0.0,0.0
3008.0,0.05215932056307793,0.021929683163762093,0.0,0.0003853497328236699,0.2777777777777778,4.3466100469231606
3009.0,8.51034798188266e-08,0.0,0.0,0.0,0.0,7.091956651568883e-06
3010.0,0.0,0.0,0.0,0.0,0.0,0.0
3011.0,0.0,0.0,0.0,0.0,0.0,0.0
3012.0,0.00017451315943617374,0.0,0.0,0.0,0.0,0.01454276328634781
3013.0,6.627857510466129e-05,0.0,0.0,0.0,0.0,0.0055232145920551074
3014.0,0.0003335205256007612,0.0,0.0,0.0,0.0,0.027793377133396763
3015.0,0.0,0.0,0.0,0.0,0.0,0.0
3016.0,7.375791756203398e-05,4.586102477333043e-06,1.9593671822804026e-05,0.0,0.0,0.006146493130169499
3017.0,0.00022672292834613472,4.586102477333043e-06,1.9593671822804026e-05,0.0,0.0,0.018893577362177894
3018.0,1.8552557321527274e-06,0.0,0.0,0.0,0.0,0.0001546046443460606
3019.0,0.0,0.0,0.0,0.0,0.0,0.0
3020.0,0.0006344974972307682,0.0,0.0,0.0,0.03125,0.20833333333333334
3021.0,0.0005886266590096056,0.0,0.0,0.0,0.024305555555555556,0.16203703703703703
3022.0,8.51039985150237e-08,0.0,0.0,0.0,0.0,7.091999876251975e-06
3023.0,0.0007279750425368547,0.0,0.0,0.0,0.024305555555555556,0.16203703703703703
3024.0,0.00010353688412578776,0.0,0.0,0.0,0.003472222222222222,0.023148148148148147
3025.0,2.8084165023756213e-05,0.0,0.0,0.0,0.0,0.002340347085313018
3026.0,0.0,0.0,0.0,0.0,0.0,0.0
3027.0,0.0,0.0,0.0,0.0,0.0,0.0
3028.0,0.0,0.0,0.0,0.0,0.0,0.0
3029.0,0.0,0.0,0.0,0.0,0.0,0.0
3030.0,0.0,0.0,0.0,0.0,0.0,0.0
3031.0,0.0,0.0,0.0,0.0,0.0,0.0
3032.0,0.0,0.0,0.0,0.0,0.0,0.0
3033.0,1.702069596376532e-08,0.0,0.0,0.0,0.0,1.4183913303137767e-06
3034.0,1.702069596376532e-08,0.0,0.0,0.0,0.0,1.4183913303137767e-06
3035.0,0.0,0.0,0.0,0.0,0.0,0.0
3036.0,0.002907168585807085,0.0,0.0,0.0,0.0798611111111111,0.5324074074074074
3037.0,0.0,0.0,0.0,0.0,0.0,0.0
3038.0,0.0,0.0,0.0,0.0,0.0,0.0
3039.0,0.0,0.0,0.0,0.0,0.0,0.0
3040.0,0.0,0.0,0.0,0.0,0.0,0.0
3041.0,1.1138778972963337e-05,4.586102477333043e-06,1.9593671822804026e-05,0.0,0.0,0.000928231581080278
3042.0,5.607058483292349e-06,4.586102477333043e-06,1.9593671822804026e-05,0.0,0.0,0.0004672548736076957
3043.0,0.0,0.0,0.0,0.0,0.0,0.0
3044.0,0.0,0.0,0.0,0.0,0.0,0.0
3045.0,0.0,0.0,0.0,0.0,0.0,0.0
3046.0,0.0,0.0,0.0,0.0,0.0,0.0
3047.0,0.0,0.0,0.0,0.0,0.0,0.0
3048.0,0.0,0.0,0.0,0.0,0.0,0.0
3049.0,0.0,0.0,0.0,0.0,0.0,0.0
3050.0,0.0,0.0,0.0,0.0,0.0,0.0
3051.0,0.0,0.0,0.0,0.0,0.0,0.0
3052.0,0.0,0.0,0.0,0.0,0.0,0.0
3053.0,0.0,0.0,0.0,0.0,0.0,0.0
3054.0,0.0,0.0,0.0,0.0,0.0,0.0
3055.0,0.0,0.0,0.0,0.0,0.0,0.0
3056.0,0.0,0.0,0.0,0.0,0.0,0.0
3057.0,0.0,0.0,0.0,0.0,0.0,0.0
3058.0,8.51034798188266e-08,0.0,0.0,0.0,0.0,7.091956651568883e-06
3059.0,6.978474971219839e-07,0.0,0.0,0.0,0.0,5.815395809349866e-05
3060.0,0.05216376483440399,0.021927516907453537,0.0,0.00038972878246568143,0.2777777777777778,4.346980402867
3061.0,0.0,0.0,0.0,0.0,0.0,0.0
3062.0,0.0,0.0,0.0,0.0,0.0,0.0
3063.0,0.0,0.0,0.0,0.0,0.0,0.0
3064.0,0.0,0.0,0.0,0.0,0.0,0.0
3065.0,2.577978364115552e-07,1.116652015298314e-06,0.0,0.0,0.0,2.7916300382457848e-05
3066.0,0.05022057518362999,0.0271003358066082,0.0,0.0003790500632021576,0.3020833333333333,4.185047931969166
3067.0,0.0,0.0,0.0,0.0,0.0,0.0
3068.0,0.0,0.0,0.0,0.0,0.0,0.0
3069.0,0.0,0.0,0.0,0.0,0.0,0.0
3070.0,0.0,0.0,0.0,0.0,0.0,0.0
3071.0,0.0,0.0,0.0,0.0,0.0,0.0
3072.0,0.0,0.0,0.0,0.0,0.0,0.0
3073.0,0.0,0.0,0.0,0.0,0.0,0.0
3074.0,0.0,0.0,0.0,0.0,0.0,0.0
3075.0,0.0,0.0,0.0,0.0,0.0,0.0
3076.0,0.0,0.0,0.0,0.0,0.0,0.0
3077.0,0.0,0.0,0.0,0.0,0.0,0.0
3078.0,0.0,0.0,0.0,0.0,0.0,0.0
3079.0,0.0,0.0,0.0,0.0,0.0,0.0
3080.0,0.0,0.0,0.0,0.0,0.0,0.0
3081.0,0.0,0.0,0.0,0.0,0.0,0.0
3082.0,0.0,0.0,0.0,0.0,0.0,0.0
3083.0,0.0,0.0,0.0,0.0,0.0,0.0
3084.0,0.0,0.0,0.0,0.0,0.0,0.0
3085.0,0.0,0.0,0.0,0.0,0.0,0.0
3086.0,0.0,0.0,0.0,0.0,0.0,0.0
3087.0,0.0,0.0,0.0,0.0,0.0,0.0
3088.0,0.0,0.0,0.0,0.0,0.0,0.0
3089.0,0.0,0.0,0.0,0.0,0.0,0.0
3090.0,0.0,0.0,0.0,0.0,0.0,0.0
3091.0,0.0,0.0,0.0,0.0,0.0,0.0
3092.0,0.0,0.0,0.0,0.0,0.0,0.0
3093.0,0.0,0.0,0.0,0.0,0.0,0.0
3094.0,0.0,0.0,0.0,0.0,0.0,0.0
3095.0,0.0,0.0,0.0,0.0,0.0,0.0
3096.0,0.0,0.0,0.0,0.0,0.0,0.0
3097.0,0.0,0.0,0.0,0.0,0.0,0.0
3098.0,0.0,0.0,0.0,0.0,0.0,0.0
3099.0,0.0,0.0,0.0,0.0,0.0,0.0
3100.0,0.0,0.0,0.0,0.0,0.0,0.0
3101.0,0.0,0.0,0.0,0.0,0.0,0.0
3102.0,0.0,0.0,0.0,0.0,0.0,0.0
3103.0,0.0,0.0,0.0,0.0,0.0,0.0
3104.0,0.0,0.0,0.0,0.0,0.0,0.0
3105.0,0.0,0.0,0.0,0.0,0.0,0.0
3106.0,0.0,0.0,0.0,0.0,0.0,0.0
3107.0,0.0,0.0,0.0,0.0,0.0,0.0
3108.0,0.0,0.0,0.0,0.0,0.0,0.0
3109.0,0.0,0.0,0.0,0.0,0.0,0.0
3110.0,0.0,0.0,0.0,0.0,0.0,0.0
3111.0,0.0,0.0,0.0,0.0,0.0,0.0
3112.0,0.0,0.0,0.0,0.0,0.0,0.0
3113.0,0.0,0.0,0.0,0.0,0.0,0.0
3114.0,0.0,0.0,0.0,0.0,0.0,0.0
3115.0,0.0,0.0,0.0,0.0,0.0,0.0
3116.0,0.0,0.0,0.0,0.0,0.0,0.0
3117.0,0.0,0.0,0.0,0.0,0.0,0.0
3118.0,0.0,0.0,0.0,0.0,0.0,0.0
3119.0,0.0,0.0,0.0,0.0,0.0,0.0
3120.0,0.0,0.0,0.0,0.0,0.0,0.0
3121.0,0.0,0.0,0.0,0.0,0.0,0.0
3122.0,0.0,0.0,0.0,0.0,0.0,0.0
3123.0,0.0,0.0,0.0,0.0,0.0,0.0
3124.0,0.0,0.0,0.0,0.0,0.0,0.0
3125.0,0.0,0.0,0.0,0.0,0.0,0.0
3126.0,0.0,0.0,0.0,0.0,0.0,0.0
3127.0,0.050215695053339005,0.027094993740320206,1.9593671822804026e-05,0.00038581210537813604,0.3020833333333333,4.184641254444917
3128.0,0.05216077342629433,0.021929264068603516,1.9593671822804026e-05,0.0003635807952377945,0.2777777777777778,4.346731118857861
3129.0,0.0,0.0,0.0,0.0,0.0,0.0
3130.0,0.0,0.0,0.0,0.0,0.0,0.0
3131.0,0.0,0.0,0.0,0.0,0.0,0.0
3132.0,0.0,0.0,0.0,0.0,0.0,0.0
3133.0,0.0,0.0,0.0,0.0,0.0,0.0
3134.0,0.0,0.0,0.0,0.0,0.0,0.0
3135.0,0.0,0.0,0.0,0.0,0.0,0.0
3136.0,0.00026351120322942734,0.00013160565868020058,0.0,3.972230479121208e-05,0.0,0.02195926693578561
3137.0,0.0,0.0,0.0,0.0,0.0,0.0
3138.0,0.0,0.0,0.0,0.0,0.0,0.0
3139.0,0.0,0.0,0.0,0.0,0.0,0.0
3140.0,0.05003815516829491,0.035023972392082214,0.0,0.00025379614089615643,0.3576388888888889,4.169846264024575
3141.0,1.6833255358505994e-05,2.3780157789587975e-05,0.0,1.0620125067362096e-05,0.0,0.0014027712798754994
3142.0,0.0,0.0,0.0,0.0,0.0,0.0
3143.0,0.0,0.0,0.0,0.0,0.0,0.0
3144.0,0.0,0.0,0.0,0.0,0.0,0.0
3145.0,0.053713250905275345,0.03384226933121681,0.0,0.0002386583510087803,0.3090277777777778,4.476104242106278
3146.0,0.0,0.0,0.0,0.0,0.0,0.0
3147.0,0.0,0.0,0.0,0.0,0.0,0.0
3148.0,0.0,0.0,0.0,0.0,0.0,0.0
3149.0,0.0,0.0,0.0,0.0,0.0,0.0
3150.0,0.0,0.0,0.0,0.0,0.0,0.0
3151.0,0.0,0.0,0.0,0.0,0.0,0.0
3152.0,0.0,0.0,0.0,0.0,0.0,0.0
3153.0,0.0,0.0,0.0,0.0,0.0,0.0
3154.0,0.0,0.0,0.0,0.0,0.0,0.0
3155.0,0.0,0.0,0.0,0.0,0.0,0.0
3156.0,0.0,0.0,0.0,0.0,0.0,0.0
3157.0,0.0,0.0,0.0,0.0,0.0,0.0
3158.0,0.0,0.0,0.0,0.0,0.0,0.0
3159.0,0.0,0.0,0.0,0.0,0.0,0.0
3160.0,0.0,0.0,0.0,0.0,0.0,0.0
3161.0,4.2551812384772347e-07,0.0,0.0,0.0,0.0,3.5459843653976954e-05
3162.0,4.2551812384772347e-07,0.0,0.0,0.0,0.0,3.5459843653976954e-05
3163.0,0.0,0.0,0.0,0.0,0.0,0.0
3164.0,0.0,0.0,0.0,0.0,0.0,0.0
3165.0,0.0002436852955725044,0.0,0.0,0.0,0.0,0.020307107964375366
3166.0,0.0,0.0,0.0,0.0,0.0,0.0
3167.0,0.0,0.0,0.0,0.0,0.0,0.0
3168.0,0.0,0.0,0.0,0.0,0.0,0.0
3169.0,0.0,0.0,0.0,0.0,0.0,0.0
3170.0,3.540300440363353e-06,0.0,0.0,0.0,0.0,0.0002950250366969461
3171.0,0.0,0.0,0.0,0.0,0.0,0.0
3172.0,0.00024375335488002747,0.0,0.0,0.0,0.0,0.02031277957333562
3173.0,0.0,0.0,0.0,0.0,0.0,0.0
3174.0,0.0,0.0,0.0,0.0,0.0,0.0
3175.0,0.0,0.0,0.0,0.0,0.0,0.0
3176.0,8.001428795978427e-05,0.0,0.0,0.0,0.0,0.006667857329982023
3177.0,0.0004819920286536217,0.0,0.0,0.0,0.0,0.040166002387801804
3178.0,4.374320724309655e-06,0.0,0.0,0.0,0.0,0.0003645267270258046
3179.0,0.0,0.0,0.0,0.0,0.0,0.0
3180.0,0.0,0.0,0.0,0.0,0.0,0.0
3181.0,0.0,0.0,0.0,0.0,0.0,0.0
3182.0,0.0,0.0,0.0,0.0,0.0,0.0
3183.0,0.0,0.0,0.0,0.0,0.0,0.0
3184.0,0.0,0.0,0.0,0.0,0.0,0.0
3185.0,0.0,0.0,0.0,0.0,0.0,0.0
3186.0,4.2551812384772347e-07,0.0,0.0,0.0,0.0,3.5459843653976954e-05
3187.0,4.2551812384772347e-07,0.0,0.0,0.0,0.0,3.5459843653976954e-05
3188.0,0.0,0.0,0.0,0.0,0.0,0.0
3189.0,0.0,0.0,0.0,0.0,0.0,0.0
3190.0,0.0,0.0,0.0,0.0,0.0,0.0
3191.0,0.0,0.0,0.0,0.0,0.0,0.0
3192.0,1.5318626367388788e-07,0.0,0.0,0.0,0.0,1.276552197282399e-05
3193.0,0.0633670762181282,0.032326001673936844,0.0,0.0006488719373010099,0.3177083333333333,5.280589684844017
3194.0,0.06336723268032074,0.032326001673936844,0.0,0.0006488719373010099,0.3177083333333333,5.280602723360062
3195.0,0.0,0.0,0.0,0.0,0.0,0.0
3196.0,0.0,0.0,0.0,0.0,0.0,0.0
3197.0,0.06336723268032074,0.032326001673936844,0.0,0.0006488719373010099,0.3177083333333333,5.280602723360062
3198.0,0.0,0.0,0.0,0.0,0.0,0.0
3199.0,0.0,0.0,0.0,0.0,0.0,0.0
3200.0,0.0,0.0,0.0,0.0,0.0,0.0
3201.0,0.0,0.0,0.0,0.0,0.0,0.0
3202.0,0.0,0.0,0.0,0.0,0.0,0.0
3203.0,0.0,0.0,0.0,0.0,0.0,0.0
3204.0,0.0,0.0,0.0,0.0,0.0,0.0
3205.0,5.616810199171596e-07,0.0,0.0,0.0,0.0,4.68067516597633e-05
3206.0,5.616810199171596e-07,0.0,0.0,0.0,0.0,4.68067516597633e-05
3207.0,0.0,0.0,0.0,0.0,0.0,0.0
3208.0,0.0,0.0,0.0,0.0,0.0,0.0
3209.0,0.0,0.0,0.0,0.0,0.0,0.0
3210.0,0.0,0.0,0.0,0.0,0.0,0.0
3211.0,0.0,0.0,0.0,0.0,0.0,0.0
3212.0,0.0,0.0,0.0,0.0,0.0,0.0
3213.0,0.0,0.0,0.0,0.0,0.0,0.0
3214.0,0.0,0.0,0.0,0.0,0.0,0.0
3215.0,0.0,0.0,0.0,0.0,0.0,0.0
3216.0,0.0,0.0,0.0,0.0,0.0,0.0
3217.0,0.0,0.0,0.0,0.0,0.0,0.0
3218.0,0.0,0.0,0.0,0.0,0.0,0.0
3219.0,0.0,0.0,0.0,0.0,0.0,0.0
3220.0,0.0,0.0,0.0,0.0,0.0,0.0
3221.0,0.0,0.0,0.0,0.0,0.0,0.0
3222.0,9.293299808632582e-05,0.0,0.0,0.0,0.0,0.007744416507193819
3223.0,0.00011116216774098575,0.0,0.0,0.0,0.0,0.00926351397841548
3224.0,0.0,0.0,0.0,0.0,0.0,0.0
3225.0,0.0,0.0,0.0,0.0,0.0,0.0
3226.0,0.0,0.0,0.0,0.0,0.0,0.0
3227.0,7.652502972632647e-05,0.0,0.0,0.0,0.0,0.0063770858105272055
3228.0,0.00028208395815454423,0.0,0.0,0.0,0.0,0.023506996512878686
3229.0,1.9063181753153913e-05,0.0,0.0,0.0,0.0,0.0015885984794294927
3230.0,0.00021526070486288518,0.0,0.0,0.0,0.0,0.0179383920719071
3231.0,0.0002070907794404775,0.0,0.0,0.0,0.0,0.017257564953373123
3232.0,0.0,0.0,0.0,0.0,0.0,0.0
3233.0,0.0,0.0,0.0,0.0,0.0,0.0
3234.0,0.0,0.0,0.0,0.0,0.0,0.0
3235.0,0.0,0.0,0.0,0.0,0.0,0.0
3236.0,0.0,0.0,0.0,0.0,0.0,0.0
3237.0,0.0,0.0,0.0,0.0,0.0,0.0
3238.0,0.0,0.0,0.0,0.0,0.0,0.0
3239.0,1.2510209671745542e-05,0.0,0.0,0.0,0.0,0.0010425174726454618
3240.0,0.000296517537208274,0.0,0.0,0.0,0.003472222222222222,0.02470979476735617
3241.0,9.095859422814101e-05,0.0,0.0,0.0,0.0,0.007579882852345084
3242.0,4.476443336898228e-06,0.0,0.0,0.0,0.0,0.000373036944741519
3243.0,0.0,0.0,0.0,0.0,0.0,0.0
3244.0,8.563110168324783e-05,0.0,0.0,0.0,0.0,0.007135925140270652
3245.0,9.92817003862001e-05,0.0,0.0,0.0,0.0,0.008273475032183342
3246.0,3.4552008401078638e-06,0.0,0.0,0.0,0.0,0.000287933403342322
3247.0,7.2167727012129035e-06,0.0,0.0,0.0,0.0,0.0006013977251010753
3248.0,0.0,0.0,0.0,0.0,0.0,0.0
3249.0,0.0,0.0,0.0,0.0,0.0,0.0
3250.0,0.0,0.0,0.0,0.0,0.0,0.0
3251.0,9.706902346806601e-05,0.0,0.0,0.0,0.0,0.008089085289005501
3252.0,3.363289943081327e-05,0.0,0.0,0.0,0.0,0.002802741619234439
3253.0,0.0,0.0,0.0,0.0,0.0,0.0
3254.0,0.0,0.0,0.0,0.0,0.0,0.0
3255.0,2.3658744794374797e-06,0.0,0.0,0.0,0.0,0.00019715620661978997
3256.0,7.148665304157475e-07,0.0,0.0,0.0,0.0,5.957221086797896e-05
3257.0,0.00031784441671334207,0.0,0.0,0.0,0.0,0.02648703472611184
3258.0,0.0,0.0,0.0,0.0,0.0,0.0
3259.0,0.0,0.0,0.0,0.0,0.0,0.0
3260.0,0.0,0.0,0.0,0.0,0.0,0.0
3261.0,0.0,0.0,0.0,0.0,0.0,0.0
3262.0,0.0,0.0,0.0,0.0,0.0,0.0
3263.0,0.0,0.0,0.0,0.0,0.0,0.0
3264.0,2.127588231815025e-06,0.0,0.0,0.0,0.0,0.00017729901931791878
3265.0,0.06519956886768341,0.03233291581273079,2.4061226213234477e-05,0.0006488719373010099,0.3177083333333333,5.4332974056402845
3266.0,0.06211654841899872,0.059422411024570465,2.4061226213234477e-05,0.00032355182338505983,0.25,5.17637903491656
3267.0,0.05215989053249359,0.021927591413259506,0.0,0.0003635807952377945,0.2777777777777778,4.346657544374466
3268.0,0.0,0.0,0.0,0.0,0.0,0.0
3269.0,0.0,0.0,0.0,0.0,0.0,0.0
3270.0,0.0,0.0,0.0,0.0,0.0,0.0
3271.0,0.0,0.0,0.0,0.0,0.0,0.0
3272.0,2.2909855033503845e-05,0.0,0.0,0.0,0.0,0.0019091545861253203
3273.0,0.00032220178400166333,0.0,0.0,0.0,0.0,0.02685014866680528
3274.0,0.0008849528967402875,0.00013160565868020058,3.050767531931342e-07,3.972230479121208e-05,0.0,0.0737460747283573
3275.0,0.00010040506458608434,0.0,0.0,0.0,0.003472222222222222,0.023148148148148147
3276.0,0.0,0.0,0.0,0.0,0.0,0.0
3277.0,0.05282595381140709,0.021930748596787453,3.050767531931342e-07,0.0003853497328236699,0.2743055555555556,4.402162817617257
3278.0,0.06211181357502937,0.059417594224214554,0.0,0.00032355182338505983,0.25,5.175984464585781
3279.0,0.06326455622911453,0.03513667359948158,0.0,0.00023259810404852033,0.265625,5.272046352426211
3280.0,2.7350311938789673e-05,2.0785414562851656e-06,0.0,0.0,0.0,0.0022791926615658062
3281.0,0.0,0.0,0.0,0.0,0.0,0.0
3282.0,0.0,0.0,0.0,0.0,0.0,0.0
3283.0,0.0,0.0,0.0,0.0,0.0,0.0
3284.0,0.0,0.0,0.0,0.0,0.0,0.0
3285.0,0.0,0.0,0.0,0.0,0.0,0.0
3286.0,0.0003505832573864609,5.791808507638052e-05,2.4061226213234477e-05,4.346609421190806e-05,0.005208333333333333,0.034722222222222224
3287.0,1.4501089026452973e-05,4.331766376708401e-06,2.4061226213234477e-05,0.0,0.0,0.0012084240855377477
3288.0,1.6169645959962509e-06,0.0,0.0,0.0,0.0,0.00013474704966635423
3289.0,1.6680266980984015e-06,0.0,0.0,0.0,0.0,0.00013900222484153346
3290.0,1.6680266980984015e-06,0.0,0.0,0.0,0.0,0.00013900222484153346
3291.0,1.6680266980984015e-06,0.0,0.0,0.0,0.0,0.00013900222484153346
3292.0,1.6680266980984015e-06,0.0,0.0,0.0,0.0,0.00013900222484153346
3293.0,0.00019866552611347288,0.0,0.0,0.0,0.0,0.016555460509456072
3294.0,3.099468085565604e-05,0.0,0.0,0.0,0.0,0.00258289007130467
3295.0,3.812624754573335e-06,0.0,0.0,0.0,0.0,0.0003177187295477779
3296.0,0.00019580606021918356,0.0,0.0,0.0,0.003472222222222222,0.023148148148148147
3297.0,1.6680266980984015e-06,0.0,0.0,0.0,0.0,0.00013900222484153346
3298.0,1.6680266980984015e-06,0.0,0.0,0.0,0.0,0.00013900222484153346
3299.0,1.6680266980984015e-06,0.0,0.0,0.0,0.0,0.00013900222484153346
3300.0,1.6680266980984015e-06,0.0,0.0,0.0,0.0,0.00013900222484153346
3301.0,1.6680266980984015e-06,0.0,0.0,0.0,0.0,0.00013900222484153346
3302.0,1.6680266980984015e-06,0.0,0.0,0.0,0.0,0.00013900222484153346
3303.0,4.680687197833322e-06,0.0,0.0,0.0,0.0,0.00039005726648611017
3304.0,0.07304778695106506,0.03337989002466202,0.0,0.0002680204634089023,0.2951388888888889,6.087315579255422
3305.0,0.0,0.0,0.0,0.0,0.0,0.0
3306.0,0.0,0.0,0.0,0.0,0.0,0.0
3307.0,0.0,0.0,0.0,0.0,0.0,0.0
3308.0,0.0,0.0,0.0,0.0,0.0,0.0
3309.0,0.0,0.0,0.0,0.0,0.0,0.0
3310.0,0.0,0.0,0.0,0.0,0.0,0.0
3311.0,0.0004608341841958463,0.00025665253633633256,2.4061226213234477e-05,4.273365266271867e-05,0.0,0.03840284868298719
3312.0,1.8181244740844704e-05,1.073896601155866e-05,2.4061226213234477e-05,0.0,0.0,0.0015151037284037254
3313.0,0.0,0.0,0.0,0.0,0.0,0.0
3314.0,0.0,0.0,0.0,0.0,0.0,0.0
3315.0,0.0,0.0,0.0,0.0,0.0,0.0
3316.0,0.0,0.0,0.0,0.0,0.0,0.0
3317.0,5.770013103756355e-06,0.0,0.0,0.0,0.0,0.00048083442531302956
3318.0,0.00014176535478327423,0.0,0.0,0.0,0.0,0.011813779565272853
3319.0,0.00020625675097107887,0.0,0.0,0.0,0.0,0.01718806258092324
3320.0,5.531725946639199e-06,0.0,0.0,0.0,0.0,0.00046097716221993323
3321.0,0.0,0.0,0.0,0.0,0.0,0.0
3322.0,0.0,0.0,0.0,0.0,0.0,0.0
3323.0,0.0,0.0,0.0,0.0,0.0,0.0
3324.0,0.0,0.0,0.0,0.0,0.0,0.0
3325.0,0.00010418367310194299,0.0,0.0,0.0,0.0,0.008681972758495249
3326.0,0.00024046837643254548,0.0,0.0,0.0,0.0,0.02003903136937879
3327.0,0.0,0.0,0.0,0.0,0.0,0.0
3328.0,0.00027352257166057825,0.0,0.0,0.0,0.0,0.022793547638381522
3329.0,5.1181239541620016e-05,0.0,0.0,0.0,0.0,0.004265103295135002
3330.0,0.0,0.0,0.0,0.0,0.0,0.0
3331.0,0.0,0.0,0.0,0.0,0.0,0.0
3332.0,0.0,0.0,0.0,0.0,0.0,0.0
3333.0,0.0,0.0,0.0,0.0,0.0,0.0
3334.0,0.00013332309026736766,0.0,0.0,0.0,0.0,0.011110257522280639
3335.0,0.00016024985234253109,0.0,0.0,0.0,0.0,0.01335415436187759
3336.0,2.4921451768022962e-05,1.073896601155866e-05,2.4061226213234477e-05,0.0,0.0,0.0020767876473352467
3337.0,1.8555701899458654e-05,1.073896601155866e-05,2.4061226213234477e-05,0.0,0.0,0.0015463084916215546
3338.0,0.0,0.0,0.0,0.0,0.0,0.0
3339.0,0.0,0.0,0.0,0.0,0.0,0.0
3340.0,0.0,0.0,0.0,0.0,0.0,0.0
3341.0,0.0,0.0,0.0,0.0,0.0,0.0
3342.0,5.724059519707225e-05,0.0,0.0,0.0,0.0,0.004770049599756021
3343.0,0.0003117680607829243,0.0,0.0,0.0,0.0,0.02598067173191036
3344.0,0.0,0.0,0.0,0.0,0.0,0.0
3345.0,3.1998858958104393e-06,0.0,0.0,0.0,0.0,0.00026665715798420325
3346.0,0.0,0.0,0.0,0.0,0.0,0.0
3347.0,0.0,0.0,0.0,0.0,0.0,0.0
3348.0,0.0,0.0,0.0,0.0,0.0,0.0
3349.0,0.0,0.0,0.0,0.0,0.0,0.0
3350.0,0.0,0.0,0.0,0.0,0.0,0.0
3351.0,0.00025701249251142144,0.0,0.0,0.0,0.0,0.02141770770928512
3352.0,0.00018998498853761703,0.0,0.0,0.0,0.003472222222222222,0.023148148148148147
3353.0,5.395575044531142e-06,0.0,0.0,0.0,0.0,0.0004496312537109285
3354.0,0.0,0.0,0.0,0.0,0.0,0.0
3355.0,0.0,0.0,0.0,0.0,0.0,0.0
3356.0,0.0,0.0,0.0,0.0,0.0,0.0
3357.0,0.0,0.0,0.0,0.0,0.0,0.0
3358.0,0.0,0.0,0.0,0.0,0.0,0.0
3359.0,0.0,0.0,0.0,0.0,0.0,0.0
3360.0,0.0,0.0,0.0,0.0,0.0,0.0
3361.0,1.910036189656239e-05,1.073896601155866e-05,2.4061226213234477e-05,0.0,0.0,0.0015916968247135326
3362.0,1.910036189656239e-05,1.073896601155866e-05,2.4061226213234477e-05,0.0,0.0,0.0015916968247135326
3363.0,0.0,0.0,0.0,0.0,0.0,0.0
3364.0,0.0,0.0,0.0,0.0,0.0,0.0
3365.0,0.0,0.0,0.0,0.0,0.0,0.0
3366.0,0.0,0.0,0.0,0.0,0.0,0.0
3367.0,0.0,0.0,0.0,0.0,0.0,0.0
3368.0,0.0,0.0,0.0,0.0,0.0,0.0
3369.0,0.0,0.0,0.0,0.0,0.0,0.0
3370.0,0.0,0.0,0.0,0.0,0.0,0.0
3371.0,0.0,0.0,0.0,0.0,0.0,0.0
3372.0,7.124862895580009e-05,0.0,0.0,0.0,0.0,0.005937385746316674
3373.0,0.0,0.0,0.0,0.0,0.0,0.0
3374.0,5.7921421102946624e-05,0.0,0.0,0.0,0.0,0.004826785091912218
3375.0,0.00020957579545211047,0.0,0.0,0.0,0.0,0.017464649621009205
3376.0,0.0001402505295118317,0.0,0.0,0.0,0.003472222222222222,0.023148148148148147
3377.0,0.0,0.0,0.0,0.0,0.0,0.0
3378.0,9.684780707175378e-06,0.0,0.0,0.0,0.0,0.0008070650589312814
3379.0,0.0,0.0,0.0,0.0,0.0,0.0
3380.0,0.0,0.0,0.0,0.0,0.0,0.0
3381.0,0.0,0.0,0.0,0.0,0.0,0.0
3382.0,0.0,0.0,0.0,0.0,0.0,0.0
3383.0,0.0,0.0,0.0,0.0,0.0,0.0
3384.0,0.0,0.0,0.0,0.0,0.0,0.0
3385.0,0.00013747614866588265,0.0,0.0,0.0,0.0,0.011456345722156888
3386.0,0.00025784963509067893,1.073896601155866e-05,2.4061226213234477e-05,0.0,0.0,0.021487469590889912
3387.0,1.923652962432243e-05,1.073896601155866e-05,2.4061226213234477e-05,0.0,0.0,0.0016030441353602025
3388.0,0.0,0.0,0.0,0.0,0.0,0.0
3389.0,0.0,0.0,0.0,0.0,0.0,0.0
3390.0,4.350489325588569e-05,0.0,0.0,0.0,0.0,0.0036254077713238075
3391.0,4.920682840747759e-05,0.0,0.0,0.0,0.0,0.004100569033956465
3392.0,0.0,0.0,0.0,0.0,0.0,0.0
3393.0,0.0,0.0,0.0,0.0,0.0,0.0
3394.0,0.0,0.0,0.0,0.0,0.0,0.0
3395.0,1.106343233914231e-06,0.0,0.0,0.0,0.0,9.219526949285257e-05
3396.0,9.046500053955242e-05,0.0,0.0,0.0,0.0,0.007538750044962701
3397.0,9.243940439773723e-05,0.0,0.0,0.0,0.0,0.007703283699811436
3398.0,1.8382348798695602e-06,0.0,0.0,0.0,0.0,0.00015318623998913003
3399.0,1.2084693707947736e-06,0.0,0.0,0.0,0.0,0.00010070578089956446
3400.0,0.0,0.0,0.0,0.0,0.0,0.0
3401.0,8.646513379062526e-06,0.0,0.0,0.0,0.0,0.0007205427815885438
3402.0,0.0,0.0,0.0,0.0,0.0,0.0
3403.0,2.485020104359137e-06,0.0,0.0,0.0,0.0,0.00020708500869659474
3404.0,0.0,0.0,0.0,0.0,0.0,0.0
3405.0,0.0,0.0,0.0,0.0,0.0,0.0
3406.0,0.0,0.0,0.0,0.0,0.0,0.0
3407.0,0.06203693151473999,0.04346787557005882,0.015064200386404991,0.0006155613227747381,0.4131944444444444,5.1697442928949995
3408.0,3.2904770250752335e-06,0.0,3.977103915531188e-05,0.0,0.0,0.00027420641875626944
3409.0,0.0,0.0,0.0,0.0,0.0,0.0
3410.0,0.0,0.0,0.0,0.0,0.0,0.0
3411.0,0.0,0.0,0.0,0.0,0.0,0.0
3412.0,0.0,0.0,0.0,0.0,0.0,0.0
3413.0,0.0,0.0,0.0,0.0,0.0,0.0
3414.0,0.0,0.0,0.0,0.0,0.0,0.0
3415.0,0.0,0.0,0.0,0.0,0.0,0.0
3416.0,0.0,0.0,0.0,0.0,0.0,0.0
3417.0,0.0,0.0,0.0,0.0,0.0,0.0
3418.0,0.0,0.0,0.0,0.0,0.0,0.0
3419.0,0.0,0.0,0.0,0.0,0.0,0.0
3420.0,0.0,0.0,0.0,0.0,0.0,0.0
3421.0,0.0,0.0,0.0,0.0,0.0,0.0
3422.0,0.0,0.0,0.0,0.0,0.0,0.0
3423.0,0.0,0.0,0.0,0.0,0.0,0.0
3424.0,0.0,0.0,0.0,0.0,0.0,0.0
3425.0,0.0,0.0,0.0,0.0,0.0,0.0
3426.0,0.0,0.0,0.0,0.0,0.0,0.0
3427.0,0.0,0.0,0.0,0.0,0.0,0.0
3428.0,0.0,0.0,0.0,0.0,0.0,0.0
3429.0,0.0,0.0,0.0,0.0,0.0,0.0
3430.0,0.0,0.0,0.0,0.0,0.0,0.0
3431.0,0.0,0.0,0.0,0.0,0.0,0.0
3432.0,3.2904770250752335e-06,0.0,3.977103915531188e-05,0.0,0.0,0.00027420641875626944
3433.0,3.2904770250752335e-06,0.0,3.977103915531188e-05,0.0,0.0,0.00027420641875626944
3434.0,0.0,0.0,0.0,0.0,0.0,0.0
3435.0,0.0,0.0,0.0,0.0,0.0,0.0
3436.0,0.0,0.0,0.0,0.0,0.0,0.0
3437.0,0.0,0.0,0.0,0.0,0.0,0.0
3438.0,0.0,0.0,0.0,0.0,0.0,0.0
3439.0,0.0,0.0,0.0,0.0,0.0,0.0
3440.0,0.0,0.0,0.0,0.0,0.0,0.0
3441.0,0.0,0.0,0.0,0.0,0.0,0.0
3442.0,0.0,0.0,0.0,0.0,0.0,0.0
3443.0,0.0,0.0,0.0,0.0,0.0,0.0
3444.0,0.0,0.0,0.0,0.0,0.0,0.0
3445.0,0.0,0.0,0.0,0.0,0.0,0.0
3446.0,0.0,0.0,0.0,0.0,0.0,0.0
3447.0,0.0,0.0,0.0,0.0,0.0,0.0
3448.0,0.0,0.0,0.0,0.0,0.0,0.0
3449.0,0.0,0.0,0.0,0.0,0.0,0.0
3450.0,0.0,0.0,0.0,0.0,0.0,0.0
3451.0,0.0,0.0,0.0,0.0,0.0,0.0
3452.0,0.0,0.0,0.0,0.0,0.0,0.0
3453.0,0.041414014995098114,0.014264638535678387,8.378472102776868e-07,0.0006921543390490115,0.4201388888888889,3.4511679162581763
3454.0,1.0348310297558783e-06,3.874074536724947e-06,8.378472102776868e-07,0.0,0.0,9.685186341812368e-05
3455.0,0.0,0.0,0.0,0.0,0.0,0.0
3456.0,0.0,0.0,0.0,0.0,0.0,0.0
3457.0,0.0,0.0,0.0,0.0,0.0,0.0
3458.0,0.0,0.0,0.0,0.0,0.0,0.0
3459.0,0.0,0.0,0.0,0.0,0.0,0.0
3460.0,0.0,0.0,0.0,0.0,0.0,0.0
3461.0,0.0,0.0,0.0,0.0,0.0,0.0
3462.0,0.0,0.0,0.0,0.0,0.0,0.0
3463.0,0.0,0.0,0.0,0.0,0.0,0.0
3464.0,0.0,0.0,0.0,0.0,0.0,0.0
3465.0,0.0,0.0,0.0,0.0,0.0,0.0
3466.0,0.0,0.0,0.0,0.0,0.0,0.0
3467.0,0.0,0.0,0.0,0.0,0.0,0.0
3468.0,0.0,0.0,0.0,0.0,0.0,0.0
3469.0,0.0,0.0,0.0,0.0,0.0,0.0
3470.0,0.0,0.0,0.0,0.0,0.0,0.0
3471.0,0.0,0.0,0.0,0.0,0.0,0.0
3472.0,0.0,0.0,0.0,0.0,0.0,0.0
3473.0,0.0,0.0,0.0,0.0,0.0,0.0
3474.0,0.0,0.0,0.0,0.0,0.0,0.0
3475.0,0.0,0.0,0.0,0.0,0.0,0.0
3476.0,0.0,0.0,0.0,0.0,0.0,0.0
3477.0,0.0,0.0,0.0,0.0,0.0,0.0
3478.0,1.0348310297558783e-06,3.874074536724947e-06,8.378472102776868e-07,0.0,0.0,9.685186341812368e-05
3479.0,1.0348310297558783e-06,3.874074536724947e-06,8.378472102776868e-07,0.0,0.0,9.685186341812368e-05
3480.0,0.0,0.0,0.0,0.0,0.0,0.0
3481.0,0.0,0.0,0.0,0.0,0.0,0.0
3482.0,0.0,0.0,0.0,0.0,0.0,0.0
3483.0,0.0,0.0,0.0,0.0,0.0,0.0
3484.0,0.0,0.0,0.0,0.0,0.0,0.0
3485.0,0.0,0.0,0.0,0.0,0.0,0.0
3486.0,8.759467891650274e-05,0.0,0.0,0.0,0.0,0.007299556576375228
3487.0,2.0085921278223395e-05,0.0,0.0,0.0,0.0,0.001673826773185283
3488.0,0.0,0.0,0.0,0.0,0.0,0.0
3489.0,0.0,0.0,0.0,0.0,0.0,0.0
3490.0,0.0,0.0,0.0,0.0,0.0,0.0
3491.0,0.0,0.0,0.0,0.0,0.0,0.0
3492.0,1.0212434062850662e-06,0.0,0.0,0.0,0.0,8.510361719042218e-05
3493.0,0.00013534855679608881,0.0,0.0,0.0,0.0,0.011279046399674067
3494.0,0.0,0.0,0.0,0.0,0.0,0.0
3495.0,2.757350785032031e-06,0.0,0.0,0.0,0.0,0.0002297792320860026
3496.0,0.0,0.0,0.0,0.0,0.0,0.0
3497.0,0.0,0.0,0.0,0.0,0.0,0.0
3498.0,0.0,0.0,0.0,0.0,0.0,0.0
3499.0,0.0,0.0,0.0,0.0,0.0,0.0
3500.0,0.0,0.0,0.0,0.0,0.0,0.0
3501.0,0.0,0.0,0.0,0.0,0.0,0.0
3502.0,0.0,0.0,0.0,0.0,0.0,0.0
3503.0,1.0518519957258832e-06,3.874074536724947e-06,8.378472102776868e-07,0.0,0.0,9.685186341812368e-05
3504.0,1.0518519957258832e-06,3.874074536724947e-06,8.378472102776868e-07,0.0,0.0,9.685186341812368e-05
3505.0,0.0,0.0,0.0,0.0,0.0,0.0
3506.0,0.0,0.0,0.0,0.0,0.0,0.0
3507.0,0.0,0.0,0.0,0.0,0.0,0.0
3508.0,0.0,0.0,0.0,0.0,0.0,0.0
3509.0,0.0,0.0,0.0,0.0,0.0,0.0
3510.0,0.0,0.0,0.0,0.0,0.0,0.0
3511.0,0.0,0.0,0.0,0.0,0.0,0.0
3512.0,0.0,0.0,0.0,0.0,0.0,0.0
3513.0,0.0,0.0,0.0,0.0,0.0,0.0
3514.0,0.0,0.0,0.0,0.0,0.0,0.0
3515.0,0.0,0.0,0.0,0.0,0.0,0.0
3516.0,0.0,0.0,0.0,0.0,0.0,0.0
3517.0,0.0,0.0,0.0,0.0,0.0,0.0
3518.0,0.0,0.0,0.0,0.0,0.0,0.0
3519.0,0.0,0.0,0.0,0.0,0.0,0.0
3520.0,0.0,0.0,0.0,0.0,0.0,0.0
3521.0,0.0,0.0,0.0,0.0,0.0,0.0
3522.0,0.0,0.0,0.0,0.0,0.0,0.0
3523.0,0.00023819653142709285,0.0,0.0,0.0,0.0,0.019849710952257738
3524.0,0.0,0.0,0.0,0.0,0.0,0.0
3525.0,0.0,0.0,0.0,0.0,0.0,0.0
3526.0,0.0,0.0,0.0,0.0,0.0,0.0
3527.0,0.0,0.0,0.0,0.0,0.0,0.0
3528.0,2.5732142603374086e-06,3.874074536724947e-06,8.378472102776868e-07,0.0,0.0,0.00021443452169478405
3529.0,1.0348310297558783e-06,3.874074536724947e-06,8.378472102776868e-07,0.0,0.0,9.685186341812368e-05
3530.0,0.0,0.0,0.0,0.0,0.0,0.0
3531.0,0.0,0.0,0.0,0.0,0.0,0.0
3532.0,0.0,0.0,0.0,0.0,0.0,0.0
3533.0,0.0,0.0,0.0,0.0,0.0,0.0
3534.0,0.0,0.0,0.0,0.0,0.0,0.0
3535.0,0.0,0.0,0.0,0.0,0.0,0.0
3536.0,0.0,0.0,0.0,0.0,0.0,0.0
3537.0,0.0,0.0,0.0,0.0,0.0,0.0
3538.0,0.0,0.0,0.0,0.0,0.0,0.0
3539.0,0.0,0.0,0.0,0.0,0.0,0.0
3540.0,0.0,0.0,0.0,0.0,0.0,0.0
3541.0,0.0,0.0,0.0,0.0,0.0,0.0
3542.0,0.0,0.0,0.0,0.0,0.0,0.0
3543.0,0.0,0.0,0.0,0.0,0.0,0.0
3544.0,0.0,0.0,0.0,0.0,0.0,0.0
3545.0,0.0,0.0,0.0,0.0,0.0,0.0
3546.0,0.0,0.0,0.0,0.0,0.0,0.0
3547.0,0.0,0.0,0.0,0.0,0.0,0.0
3548.0,0.0,0.0,0.0,0.0,0.0,0.0
3549.0,0.0,0.0,0.0,0.0,0.0,0.0
3550.0,0.0,0.0,0.0,0.0,0.0,0.0
3551.0,0.0,0.0,0.0,0.0,0.0,0.0
3552.0,0.0,0.0,0.0,0.0,0.0,0.0
3553.0,1.0348310297558783e-06,3.874074536724947e-06,8.378472102776868e-07,0.0,0.0,9.685186341812368e-05
3554.0,1.0348310297558783e-06,3.874074536724947e-06,8.378472102776868e-07,0.0,0.0,9.685186341812368e-05
3555.0,0.0,0.0,0.0,0.0,0.0,0.0
3556.0,0.0,0.0,0.0,0.0,0.0,0.0
3557.0,0.0,0.0,0.0,0.0,0.0,0.0
3558.0,0.0,0.0,0.0,0.0,0.0,0.0
3559.0,0.0,0.0,0.0,0.0,0.0,0.0
3560.0,0.0,0.0,0.0,0.0,0.0,0.0
3561.0,0.0,0.0,0.0,0.0,0.0,0.0
3562.0,0.0,0.0,0.0,0.0,0.0,0.0
3563.0,0.0,0.0,0.0,0.0,0.0,0.0
3564.0,0.0,0.0,0.0,0.0,0.0,0.0
3565.0,0.0,0.0,0.0,0.0,0.0,0.0
3566.0,3.1011702958494425e-05,0.0,0.0,0.0,0.0,0.0025843085798745355
3567.0,0.00028021170874126256,0.0,0.0,0.0,0.0,0.023350975728438545
3568.0,7.196349179139361e-05,0.0,0.0,0.0,0.0,0.005996957649282801
3569.0,2.764160672086291e-05,0.0,0.0,0.0,0.0,0.002303467226738576
3570.0,5.514709300769027e-06,0.0,0.0,0.0,0.0,0.0004595591083974189
3571.0,0.0,0.0,0.0,0.0,0.0,0.0
3572.0,0.0,0.0,0.0,0.0,0.0,0.0
3573.0,0.0,0.0,0.0,0.0,0.0,0.0
3574.0,0.0,0.0,0.0,0.0,0.0,0.0
3575.0,0.0,0.0,0.0,0.0,0.0,0.0
3576.0,0.0,0.0,0.0,0.0,0.0,0.0
3577.0,0.0,0.0,0.0,0.0,0.0,0.0
3578.0,1.0348310297558783e-06,3.874074536724947e-06,8.378472102776868e-07,0.0,0.0,9.685186341812368e-05
3579.0,1.0348310297558783e-06,3.874074536724947e-06,8.378472102776868e-07,0.0,0.0,9.685186341812368e-05
3580.0,0.0,0.0,0.0,0.0,0.0,0.0
3581.0,0.0,0.0,0.0,0.0,0.0,0.0
3582.0,0.0,0.0,0.0,0.0,0.0,0.0
3583.0,0.00012237104238010943,0.0,0.0,0.0,0.0,0.01019758686500912
3584.0,0.0,0.0,0.0,0.0,0.0,0.0
3585.0,0.0,0.0,0.0,0.0,0.0,0.0
3586.0,0.0005314131849445403,0.0,0.0,0.0,0.0,0.04428443207871169
3587.0,2.8258639304112876e-06,0.0,0.0,0.0,0.0,0.00023548866086760728
3588.0,0.0,0.0,0.0,0.0,0.0,0.0
3589.0,0.0,0.0,0.0,0.0,0.0,0.0
3590.0,0.0,0.0,0.0,0.0,0.0,0.0
3591.0,0.0,0.0,0.0,0.0,0.0,0.0
3592.0,0.0,0.0,0.0,0.0,0.0,0.0
3593.0,0.0,0.0,0.0,0.0,0.0,0.0
3594.0,0.0,0.0,0.0,0.0,0.0,0.0
3595.0,0.0,0.0,0.0,0.0,0.0,0.0
3596.0,0.0,0.0,0.0,0.0,0.0,0.0
3597.0,0.0,0.0,0.0,0.0,0.0,0.0
3598.0,0.0,0.0,0.0,0.0,0.0,0.0
3599.0,0.0,0.0,0.0,0.0,0.0,0.0
3600.0,0.0,0.0,0.0,0.0,0.0,0.0
3601.0,0.0,0.0,0.0,0.0,0.0,0.0
3602.0,0.0,0.0,0.0,0.0,0.0,0.0
3603.0,1.0348310297558783e-06,3.874074536724947e-06,8.378472102776868e-07,0.0,0.0,9.685186341812368e-05
3604.0,1.0348310297558783e-06,3.874074536724947e-06,8.378472102776868e-07,0.0,0.0,9.685186341812368e-05
3605.0,0.0,0.0,0.0,0.0,0.0,0.0
3606.0,0.0,0.0,0.0,0.0,0.0,0.0
3607.0,0.0,0.0,0.0,0.0,0.0,0.0
3608.0,0.0,0.0,0.0,0.0,0.0,0.0
3609.0,0.0,0.0,0.0,0.0,0.0,0.0
3610.0,0.0,0.0,0.0,0.0,0.0,0.0
3611.0,0.0,0.0,0.0,0.0,0.0,0.0
3612.0,0.0,0.0,0.0,0.0,0.0,0.0
3613.0,0.0,0.0,0.0,0.0,0.0,0.0
3614.0,0.0,0.0,0.0,0.0,0.0,0.0
3615.0,0.0,0.0,0.0,0.0,0.0,0.0
3616.0,0.0,0.0,0.0,0.0,0.0,0.0
3617.0,0.0,0.0,0.0,0.0,0.0,0.0
3618.0,6.874463724670932e-05,0.0,0.0,0.0,0.0,0.00572871977055911
3619.0,0.0002778188791126013,0.0,0.0,0.0,0.003472222222222222,0.02315157325938344
3620.0,3.855554496112745e-06,0.0,0.0,0.0,0.0,0.00032129620800939546
3621.0,0.0,0.0,0.0,0.0,0.0,0.0
3622.0,0.0,0.0,0.0,0.0,0.0,0.0
3623.0,0.0,0.0,0.0,0.0,0.0,0.0
3624.0,0.0,0.0,0.0,0.0,0.0,0.0
3625.0,0.0,0.0,0.0,0.0,0.0,0.0
3626.0,0.0,0.0,0.0,0.0,0.0,0.0
3627.0,0.0,0.0,0.0,0.0,0.0,0.0
3628.0,1.0348310297558783e-06,3.874074536724947e-06,8.378472102776868e-07,0.0,0.0,9.685186341812368e-05
3629.0,0.00014239166921470314,3.874074536724947e-06,8.378472102776868e-07,0.0,0.003472222222222222,0.023148148148148147
3630.0,0.0003557495365384966,0.0,0.0,0.0,0.003472222222222222,0.029645794711541384
3631.0,0.00017812155419960618,0.0,0.0,0.0,0.006944444444444444,0.046296296296296294
3632.0,0.00014031860337127,0.0,0.0,0.0,0.001736111111111111,0.011693216947605833
3633.0,0.00024618732277303934,0.0,0.0,0.0,0.006944444444444444,0.046296296296296294
3634.0,0.00010750270303105935,0.0,0.0,0.0,0.001736111111111111,0.011574074074074073
3635.0,0.0003688214346766472,0.0,0.0,0.0,0.008680555555555556,0.05787037037037038
3636.0,0.00011465140414657071,0.0,0.0,0.0,0.0,0.009554283678880893
3637.0,0.0001717558188829571,0.0,0.0,0.0,0.001736111111111111,0.01431298490691309
3638.0,0.00024196617596317083,0.0,0.0,0.0,0.006944444444444444,0.046296296296296294
3639.0,0.00023313246492762119,0.0,0.0,0.0,0.006944444444444444,0.046296296296296294
3640.0,0.00018960857414640486,0.0,0.0,0.0,0.006944444444444444,0.046296296296296294
3641.0,0.0,0.0,0.0,0.0,0.0,0.0
3642.0,0.0,0.0,0.0,0.0,0.0,0.0
3643.0,0.0,0.0,0.0,0.0,0.0,0.0
3644.0,6.803171709179878e-05,0.0,0.0,0.0,0.003472222222222222,0.023148148148148147
3645.0,9.670964209362864e-05,0.0,0.0,0.0,0.003472222222222222,0.023148148148148147
3646.0,0.0001861383207142353,0.0,0.0,0.0,0.003472222222222222,0.023148148148148147
3647.0,8.510322402344173e-08,0.0,0.0,0.0,0.0,7.09193533528681e-06
3648.0,0.0,0.0,0.0,0.0,0.0,0.0
3649.0,0.0,0.0,0.0,0.0,0.0,0.0
3650.0,0.0,0.0,0.0,0.0,0.0,0.0
3651.0,0.0,0.0,0.0,0.0,0.0,0.0
3652.0,0.0,0.0,0.0,0.0,0.0,0.0
3653.0,4.558116415864788e-06,3.874074536724947e-06,8.378472102776868e-07,0.0,0.0,0.000379843034655399
3654.0,2.2943640942685306e-06,3.874074536724947e-06,8.378472102776868e-07,0.0,0.0,0.0001911970078557109
3655.0,0.0,0.0,0.0,0.0,0.0,0.0
3656.0,0.0,0.0,0.0,0.0,0.0,0.0
3657.0,0.0,0.0,0.0,0.0,0.0,0.0
3658.0,0.0,0.0,0.0,0.0,0.0,0.0
3659.0,0.0031563176307827234,0.0,0.0,0.0,0.0625,0.4166666666666667
3660.0,0.0,0.0,0.0,0.0,0.0,0.0
3661.0,0.0,0.0,0.0,0.0,0.0,0.0
3662.0,1.0599137567623984e-06,0.0,0.0,0.0,0.0,8.832614639686653e-05
3663.0,0.0,0.0,0.0,0.0,0.0,0.0
3664.0,0.0,0.0,0.0,0.0,0.0,0.0
3665.0,0.0,0.0,0.0,0.0,0.0,0.0
3666.0,0.0,0.0,0.0,0.0,0.0,0.0
3667.0,0.0,0.0,0.0,0.0,0.0,0.0
3668.0,0.0,0.0,0.0,0.0,0.0,0.0
3669.0,0.0,0.0,0.0,0.0,0.0,0.0
3670.0,0.0,0.0,0.0,0.0,0.0,0.0
3671.0,0.0,0.0,0.0,0.0,0.0,0.0
3672.0,0.0,0.0,0.0,0.0,0.0,0.0
3673.0,0.0,0.0,0.0,0.0,0.0,0.0
3674.0,0.0,0.0,0.0,0.0,0.0,0.0
3675.0,0.0,0.0,0.0,0.0,0.0,0.0
3676.0,0.0,0.0,0.0,0.0,0.0,0.0
3677.0,0.0,0.0,0.0,0.0,0.0,0.0
3678.0,1.0348310297558783e-06,3.874074536724947e-06,8.378472102776868e-07,0.0,0.0,9.685186341812368e-05
3679.0,1.0348310297558783e-06,3.874074536724947e-06,8.378472102776868e-07,0.0,0.0,9.685186341812368e-05
3680.0,0.0,0.0,0.0,0.0,0.0,0.0
3681.0,0.0,0.0,0.0,0.0,0.0,0.0
3682.0,0.0,0.0,0.0,0.0,0.0,0.0
3683.0,0.0,0.0,0.0,0.0,0.0,0.0
3684.0,0.0,0.0,0.0,0.0,0.0,0.0
3685.0,7.562294922536239e-05,0.0,0.0,0.0,0.001736111111111111,0.011574074074074073
3686.0,0.00022412849648389965,0.0,0.0,0.0,0.006944444444444444,0.046296296296296294
3687.0,8.840550435706973e-05,0.0,0.0,0.0,0.001736111111111111,0.011574074074074073
3688.0,0.00019521033391356468,0.0012177858734503388,0.0,0.0,0.005208333333333333,0.034722222222222224
3689.0,0.0,0.0,0.0,0.0,0.0,0.0
3690.0,0.0,0.0,0.0,0.0,0.0,0.0
3691.0,0.0,0.0,0.0,0.0,0.0,0.0
3692.0,0.0,0.0,0.0,0.0,0.0,0.0
3693.0,0.0,0.0,0.0,0.0,0.0,0.0
3694.0,0.0,0.0,0.0,0.0,0.0,0.0
3695.0,4.136033112445148e-06,1.089569013856817e-05,0.0,0.0,0.0,0.00034466942603709566
3696.0,0.0,0.0,0.0,0.0,0.0,0.0
3697.0,0.0,0.0,0.0,0.0,0.0,0.0
3698.0,4.936017603540677e-07,0.0,0.0,0.0,0.0,4.113348002950564e-05
3699.0,0.00016285206947941333,0.0,0.0,0.0,0.003472222222222222,0.023148148148148147
3700.0,0.0,0.0,0.0,0.0,0.0,0.0
3701.0,0.0,0.0,0.0,0.0,0.0,0.0
3702.0,0.0,0.0,0.0,0.0,0.0,0.0
3703.0,4.079603513673646e-06,3.874074536724947e-06,8.378472102776868e-07,0.0,0.0,0.00033996695947280386
3704.0,1.0348310297558783e-06,3.874074536724947e-06,8.378472102776868e-07,0.0,0.0,9.685186341812368e-05
3705.0,0.0007373194093815982,0.0012189964763820171,0.0,0.0,0.019097222222222224,0.12731481481481483
3706.0,0.0,0.0,0.0,0.0,0.0,0.0
3707.0,0.0,0.0,0.0,0.0,0.0,0.0
3708.0,0.0,0.0,0.0,0.0,0.0,0.0
3709.0,0.0,0.0,0.0,0.0,0.0,0.0
3710.0,0.0,0.0,0.0,0.0,0.0,0.0
3711.0,0.0,0.0,0.0,0.0,0.0,0.0
3712.0,0.0,0.0,0.0,0.0,0.0,0.0
3713.0,0.0,0.0,0.0,0.0,0.0,0.0
3714.0,0.0,0.0,0.0,0.0,0.0,0.0
3715.0,0.0,0.0,0.0,0.0,0.0,0.0
3716.0,0.0,0.0,0.0,0.0,0.0,0.0
3717.0,0.0,0.0,0.0,0.0,0.0,0.0
3718.0,0.0,0.0,0.0,0.0,0.0,0.0
3719.0,0.0,0.0,0.0,0.0,0.0,0.0
3720.0,0.0,0.0,0.0,0.0,0.0,0.0
3721.0,0.0,0.0,0.0,0.0,0.0,0.0
3722.0,0.0,0.0,0.0,0.0,0.0,0.0
3723.0,0.0,0.0,0.0,0.0,0.0,0.0
3724.0,0.0,0.0,0.0,0.0,0.0,0.0
3725.0,0.0,0.0,0.0,0.0,0.0,0.0
3726.0,0.0,0.0,0.0,0.0,0.0,0.0
3727.0,0.0,0.0,0.0,0.0,0.0,0.0
3728.0,0.06252560764551163,0.06410383433103561,0.0,0.0004201483097858727,0.4131944444444444,5.210467303792636
3729.0,5.086802161713422e-07,9.75099325728479e-08,0.0,0.0,0.0,4.239001801427852e-05
3730.0,2.553105105107534e-07,0.0,0.0,0.0,0.0,2.1275875875896116e-05
3731.0,1.5318549628773326e-07,0.0,0.0,0.0,0.0,1.2765458023977772e-05
3732.0,0.0,0.0,0.0,0.0,0.0,0.0
3733.0,0.0,0.0,0.0,0.0,0.0,0.0
3734.0,0.0,0.0,0.0,0.0,0.0,0.0
3735.0,0.0,0.0,0.0,0.0,0.0,0.0
3736.0,0.0,0.0,0.0,0.0,0.0,0.0
3737.0,7.659302809770452e-07,0.0,0.0,0.0,0.0,6.382752341475377e-05
3738.0,5.446620434668148e-07,0.0,0.0,0.0,0.0,4.5388503622234566e-05
3739.0,4.2551661749712366e-07,0.0,0.0,0.0,0.0,3.545971812476031e-05
3740.0,0.0,0.0,0.0,0.0,0.0,0.0
3741.0,0.0,0.0,0.0,0.0,0.0,0.0
3742.0,0.0,0.0,0.0,0.0,0.0,0.0
3743.0,0.0,0.0,0.0,0.0,0.0,0.0
3744.0,0.0,0.0,0.0,0.0,0.0,0.0
3745.0,2.723301122387056e-07,0.0,0.0,0.0,0.0,2.2694176019892136e-05
3746.0,3.404131518891518e-07,0.0,0.0,0.0,0.0,2.8367762657429314e-05
3747.0,4.765782080085046e-07,0.0,0.0,0.0,0.0,3.971485066737538e-05
3748.0,0.0,0.0,0.0,0.0,0.0,0.0
3749.0,0.0,0.0,0.0,0.0,0.0,0.0
3750.0,0.0,0.0,0.0,0.0,0.0,0.0
3751.0,0.0,0.0,0.0,0.0,0.0,0.0
3752.0,0.0,0.0,0.0,0.0,0.0,0.0
3753.0,5.427207838692993e-07,9.75099325728479e-08,0.0,0.0,0.0,4.522673198910828e-05
3754.0,5.086802161713422e-07,9.75099325728479e-08,0.0,0.0,0.0,4.239001801427852e-05
3755.0,2.553105105107534e-07,0.0,0.0,0.0,0.0,2.1275875875896116e-05
3756.0,1.5318549628773326e-07,0.0,0.0,0.0,0.0,1.2765458023977772e-05
3757.0,0.0,0.0,0.0,0.0,0.0,0.0
3758.0,0.0,0.0,0.0,0.0,0.0,0.0
3759.0,0.0,0.0,0.0,0.0,0.0,0.0
3760.0,0.0,0.0,0.0,0.0,0.0,0.0
3761.0,0.0,0.0,0.0,0.0,0.0,0.0
3762.0,7.659302809770452e-07,0.0,0.0,0.0,0.0,6.382752341475377e-05
3763.0,5.446620434668148e-07,0.0,0.0,0.0,0.0,4.5388503622234566e-05
3764.0,4.2551661749712366e-07,0.0,0.0,0.0,0.0,3.545971812476031e-05
3765.0,0.0,0.0,0.0,0.0,0.0,0.0
3766.0,0.0,0.0,0.0,0.0,0.0,0.0
3767.0,0.0,0.0,0.0,0.0,0.0,0.0
3768.0,0.0,0.0,0.0,0.0,0.0,0.0
3769.0,0.0,0.0,0.0,0.0,0.0,0.0
3770.0,2.723301122387056e-07,0.0,0.0,0.0,0.0,2.2694176019892136e-05
3771.0,3.404131518891518e-07,0.0,0.0,0.0,0.0,2.8367762657429314e-05
3772.0,0.0005397942732088268,0.0,0.0,0.0,0.013888888888888888,0.09259259259259259
3773.0,4.592183540808037e-05,0.0,0.0,0.0,0.0,0.0038268196173400306
3774.0,0.0,0.0,0.0,0.0,0.0,0.0
3775.0,0.0,0.0,0.0,0.0,0.0,0.0
3776.0,0.0,0.0,0.0,0.0,0.0,0.0
3777.0,0.0,0.0,0.0,0.0,0.0,0.0
3778.0,5.019163381803082e-06,9.75099325728479e-08,0.0,0.0,0.0,0.00041826361515025684
3779.0,5.086802161713422e-07,9.75099325728479e-08,0.0,0.0,0.0,4.239001801427852e-05
3780.0,2.553105105107534e-07,0.0,0.0,0.0,0.0,2.1275875875896116e-05
3781.0,1.5318549628773326e-07,0.0,0.0,0.0,0.0,1.2765458023977772e-05
3782.0,0.0,0.0,0.0,0.0,0.0,0.0
3783.0,0.0,0.0,0.0,0.0,0.0,0.0
3784.0,0.0,0.0,0.0,0.0,0.0,0.0
3785.0,0.00013247205060906708,0.0,0.0,0.0,0.003472222222222222,0.023148148148148147
3786.0,0.00010251565254293382,0.0,0.0,0.0,0.001736111111111111,0.011574074074074073
3787.0,0.00012598717876244336,0.0,0.0,0.0,0.001736111111111111,0.011574074074074073
3788.0,0.00020765246881637722,0.0,0.0,0.0,0.003472222222222222,0.023148148148148147
3789.0,4.2551661749712366e-07,0.0,0.0,0.0,0.0,3.545971812476031e-05
3790.0,0.0005275734001770616,0.0,0.0,0.0,0.012152777777777778,0.08101851851851852
3791.0,0.0006399269914254546,0.0,0.0,0.0,0.015625,0.10416666666666667
3792.0,0.0003013343666680157,0.0,0.0,0.0,0.001736111111111111,0.025111197222334642
3793.0,0.00030535124824382365,0.0,0.0,0.0,0.005208333333333333,0.034722222222222224
3794.0,1.8739783627097495e-05,0.0,0.0,0.0,0.0,0.0015616486355914578
3795.0,0.0001950401347130537,0.0,0.0,0.0,0.0,0.01625334455942114
3796.0,0.0001558074145577848,0.0,0.0,0.0,0.0,0.012983951213148734
3797.0,0.00012959555897396058,0.0,0.0,0.0,0.0,0.010799629914496714
3798.0,0.00013888887770008296,0.0,0.0,0.0,0.0,0.01157407314167358
3799.0,0.00013691447384189814,0.0,0.0,0.0,0.0,0.011409539486824846
3800.0,0.0,0.0,0.0,0.0,0.0,0.0
3801.0,0.0,0.0,0.0,0.0,0.0,0.0
3802.0,0.0,0.0,0.0,0.0,0.0,0.0
3803.0,8.440326382697094e-06,9.75099325728479e-08,0.0,0.0,0.0,0.0007033605318914246
3804.0,5.086802161713422e-07,9.75099325728479e-08,0.0,0.0,0.0,4.239001801427852e-05
3805.0,2.553105105107534e-07,0.0,0.0,0.0,0.0,2.1275875875896116e-05
3806.0,1.5318549628773326e-07,0.0,0.0,0.0,0.0,1.2765458023977772e-05
3807.0,0.0,0.0,0.0,0.0,0.0,0.0
3808.0,0.0,0.0,0.0,0.0,0.0,0.0
3809.0,0.0,0.0,0.0,0.0,0.0,0.0
3810.0,0.0,0.0,0.0,0.0,0.0,0.0
3811.0,8.520559640601277e-05,0.0,0.0,0.0,0.001736111111111111,0.011574074074074073
3812.0,0.00015042889572214335,0.0,0.0,0.0,0.0,0.012535741310178613
3813.0,6.239785579964519e-05,0.0,0.0,0.0,0.0,0.005199821316637099
3814.0,4.2551661749712366e-07,0.0,0.0,0.0,0.0,3.545971812476031e-05
3815.0,0.0,0.0,0.0,0.0,0.0,0.0
3816.0,0.0,0.0,0.0,0.0,0.0,0.0
3817.0,0.0,0.0,0.0,0.0,0.0,0.0
3818.0,0.0,0.0,0.0,0.0,0.0,0.0
3819.0,0.0,0.0,0.0,0.0,0.0,0.0
3820.0,3.0977691949374275e-06,0.0,0.0,0.0,0.0,0.0002581474329114523
3821.0,3.404131518891518e-07,0.0,0.0,0.0,0.0,2.8367762657429314e-05
3822.0,4.765782080085046e-07,0.0,0.0,0.0,0.0,3.971485066737538e-05
3823.0,0.0,0.0,0.0,0.0,0.0,0.0
3824.0,0.0,0.0,0.0,0.0,0.0,0.0
3825.0,0.0,0.0,0.0,0.0,0.0,0.0
3826.0,0.0,0.0,0.0,0.0,0.0,0.0
3827.0,0.0,0.0,0.0,0.0,0.0,0.0
3828.0,5.427207838692993e-07,9.75099325728479e-08,0.0,0.0,0.0,4.522673198910828e-05
3829.0,5.086802161713422e-07,9.75099325728479e-08,0.0,0.0,0.0,4.239001801427852e-05
3830.0,2.553105105107534e-07,0.0,0.0,0.0,0.0,2.1275875875896116e-05
3831.0,9.54860879573971e-05,0.0,0.0,0.0,0.003472222222222222,0.023148148148148147
3832.0,8.706084918230772e-05,0.0,0.0,0.0,0.005208333333333333,0.034722222222222224
3833.0,2.321623105672188e-05,0.0,0.0,0.0,0.0,0.00193468592139349
3834.0,0.0,0.0,0.0,0.0,0.0,0.0
3835.0,0.0,0.0,0.0,0.0,0.0,0.0
3836.0,6.244891847018152e-05,0.0,0.0,0.0,0.003472222222222222,0.023148148148148147
3837.0,1.9914214135496877e-06,0.0,0.0,0.0,0.0,0.00016595178446247397
3838.0,5.446620434668148e-07,0.0,0.0,0.0,0.0,4.5388503622234566e-05
3839.0,0.0001993974146898836,0.0,0.0,0.0,0.005208333333333333,0.034722222222222224
3840.0,0.0,0.0,0.0,0.0,0.0,0.0
3841.0,0.00019349128706380725,0.0,0.0,0.0,0.001736111111111111,0.01612427392198394
3842.0,0.0001042347212205641,0.0,0.0,0.0,0.003472222222222222,0.023148148148148147
3843.0,0.00016870912804733962,0.0,0.0,0.0,0.001736111111111111,0.014059094003944967
3844.0,0.0002135075774276629,0.0,0.0,0.0,0.005208333333333333,0.034722222222222224
3845.0,5.2866278565488756e-05,0.0,0.0,0.007255456876009703,0.003472222222222222,0.9069321095012128
3846.0,0.0002957764081656933,0.0,0.0,0.014567890204489231,0.003472222222222222,1.8209862755611539
3847.0,5.787023837910965e-07,0.0,0.0,1.392606645822525e-05,0.0,0.0017407583072781563
3848.0,0.0,0.0,0.0,0.0,0.0,0.0
3849.0,8.459282980766147e-06,0.0,0.0,5.570409484789707e-06,0.003472222222222222,0.023148148148148147
3850.0,8.101850653474685e-06,0.0,0.0,0.0,0.006944444444444444,0.046296296296296294
3851.0,0.00030654267175123096,0.0,0.0,4.45632977061905e-05,0.003472222222222222,0.025545222645935912
3852.0,0.0,0.0,0.0,0.0,0.0,0.0
3853.0,0.00026467759744264185,9.75099325728479e-08,0.0,0.00012660420907195657,0.010416666666666666,0.06944444444444445
3854.0,4.569862358039245e-05,9.75099325728479e-08,0.0,0.0,0.0,0.0038082186316993707
3855.0,2.553105105107534e-07,0.0,0.0,0.0,0.0,2.1275875875896116e-05
3856.0,4.595576399424317e-07,0.0,0.0,0.0,0.0,3.829646999520264e-05
3857.0,0.0,0.0,0.0,0.0,0.0,0.0
3858.0,0.00022484338842332363,0.0,0.0,0.0,0.0,0.018736949035276968
3859.0,6.837213004473597e-05,0.0,0.0,0.0,0.003472222222222222,0.023148148148148147
3860.0,0.0,0.0,0.0,0.0,0.0,0.0
3861.0,0.0,0.0,0.0,0.0,0.0,0.0
3862.0,3.114782657576143e-06,0.0,0.0,0.0,0.0,0.0002595652214646786
3863.0,5.446620434668148e-07,0.0,0.0,0.0,0.0,4.5388503622234566e-05
3864.0,4.2551661749712366e-07,0.0,0.0,0.0,0.0,3.545971812476031e-05
3865.0,0.0,0.0,0.0,0.0,0.0,0.0
3866.0,0.0,0.0,0.0,0.0,0.0,0.0
3867.0,0.0,0.0,0.0,0.0,0.0,0.0
3868.0,0.0,0.0,0.0,0.0,0.0,0.0
3869.0,0.0,0.0,0.0,0.0,0.0,0.0
3870.0,2.723301122387056e-07,0.0,0.0,0.0,0.0,2.2694176019892136e-05
3871.0,3.404131518891518e-07,0.0,0.0,0.0,0.0,2.8367762657429314e-05
3872.0,3.2798878237372264e-05,0.0,0.0,0.0,0.0,0.0027332398531143554
3873.0,5.907882587052882e-05,0.0,0.0,0.0,0.0,0.004923235489210735
3874.0,0.0,0.0,0.0,0.0,0.0,0.0
3875.0,0.0,0.0,0.0,0.0,0.0,0.0
3876.0,0.0,0.0,0.0,0.0,0.0,0.0
3877.0,0.0,0.0,0.0,0.0,0.0,0.0
3878.0,0.00017549841140862554,9.75099325728479e-08,0.0,0.0,0.0,0.014624867617385462
3879.0,0.0001689284690655768,9.75099325728479e-08,0.0,0.0,0.0,0.014077372422131399
3880.0,7.421023474307731e-05,0.0,0.0,0.0,0.0,0.006184186228589776
3881.0,2.553096010160516e-07,0.0,0.0,0.0,0.0,2.1275800084670966e-05
3882.0,0.006172503810375929,0.0,0.0,0.021927913650870323,0.10243055555555555,2.7409892063587904
3883.0,0.0,0.0,0.0,0.0,0.0,0.0
3884.0,0.0,0.0,0.0,0.0,0.0,0.0
3885.0,0.0,0.0,0.0,0.0,0.0,0.0
3886.0,0.0,0.0,0.0,0.0,0.0,0.0
3887.0,2.2807651021139463e-06,0.0,0.0,0.0,0.001736111111111111,0.011574074074074073
3888.0,5.446620434668148e-07,0.0,0.0,0.0,0.0,4.5388503622234566e-05
3889.0,4.2551661749712366e-07,0.0,0.0,0.0,0.0,3.545971812476031e-05
3890.0,0.0,0.0,0.0,0.0,0.0,0.0
3891.0,0.0,0.0,0.0,0.0,0.0,0.0
3892.0,0.0,0.0,0.0,0.0,0.0,0.0
3893.0,0.0,0.0,0.0,0.0,0.0,0.0
3894.0,0.0,0.0,0.0,0.0,0.0,0.0
3895.0,2.723301122387056e-07,0.0,0.0,0.0,0.0,2.2694176019892136e-05
3896.0,3.404131518891518e-07,0.0,0.0,0.0,0.0,2.8367762657429314e-05
3897.0,4.765782080085046e-07,0.0,0.0,0.0,0.0,3.971485066737538e-05
3898.0,0.0,0.0,0.0,0.0,0.0,0.0
3899.0,0.0,0.0,0.0,0.0,0.0,0.0
3900.0,0.0,0.0,0.0,0.0,0.0,0.0
3901.0,0.0,0.0,0.0,0.0,0.0,0.0
3902.0,0.0,0.0,0.0,0.0,0.0,0.0
3903.0,5.427207838692993e-07,9.75099325728479e-08,0.0,0.0,0.0,4.522673198910828e-05
3904.0,5.086802161713422e-07,9.75099325728479e-08,0.0,0.0,0.0,4.239001801427852e-05
3905.0,2.553105105107534e-07,0.0,0.0,0.0,0.0,2.1275875875896116e-05
3906.0,1.5318549628773326e-07,0.0,0.0,0.0,0.0,1.2765458023977772e-05
3907.0,0.0,0.0,0.0,0.0,0.0,0.0
3908.0,0.0,0.0,0.0,0.0,0.0,0.0
3909.0,0.0,0.0,0.0,0.0,0.0,0.0
3910.0,0.0,0.0,0.0,0.0,0.0,0.0
3911.0,0.0,0.0,0.0,0.0,0.0,0.0
3912.0,7.659302809770452e-07,0.0,0.0,0.0,0.0,6.382752341475377e-05
3913.0,5.446620434668148e-07,0.0,0.0,0.0,0.0,4.5388503622234566e-05
3914.0,4.2551661749712366e-07,0.0,0.0,0.0,0.0,3.545971812476031e-05
3915.0,0.0,0.0,0.0,0.0,0.0,0.0
3916.0,0.0,0.0,0.0,0.0,0.0,0.0
3917.0,0.0,0.0,0.0,0.0,0.0,0.0
3918.0,0.0,0.0,0.0,0.0,0.0,0.0
3919.0,0.0,0.0,0.0,0.0,0.0,0.0
3920.0,2.723301122387056e-07,0.0,0.0,0.0,0.0,2.2694176019892136e-05
3921.0,3.404131518891518e-07,0.0,0.0,0.0,0.0,2.8367762657429314e-05
3922.0,4.765782080085046e-07,0.0,0.0,0.0,0.0,3.971485066737538e-05
3923.0,0.0,0.0,0.0,0.0,0.0,0.0
3924.0,0.049544986337423325,0.058976247906684875,0.0,0.00026116325170733035,0.3142361111111111,4.128748861451943
3925.0,0.0,0.0,0.0,0.0,0.0,0.0
3926.0,0.0,0.0,0.0,0.0,0.0,0.0
3927.0,0.0,0.0,0.0,0.0,0.0,0.0
3928.0,0.0,0.0,0.0,0.0,0.0,0.0
3929.0,0.0,0.0,0.0,0.0,0.0,0.0
3930.0,0.0,0.0,0.0,0.0,0.0,0.0
3931.0,0.0,0.0,0.0,0.0,0.0,0.0
3932.0,0.0,0.0,0.0,0.0,0.0,0.0
3933.0,0.0,0.0,0.0,0.0,0.0,0.0
3934.0,0.0,0.0,0.0,0.0,0.0,0.0
3935.0,0.0,0.0,0.0,0.0,0.0,0.0
3936.0,0.0,0.0,0.0,0.0,0.0,0.0
3937.0,0.0,0.0,0.0,0.0,0.0,0.0
3938.0,0.0,0.0,0.0,0.0,0.0,0.0
3939.0,0.0,0.0,0.0,0.0,0.0,0.0
3940.0,1.7020954601321137e-07,0.0,0.0,0.0,0.0,1.418412883443428e-05
3941.0,1.7020954601321137e-07,0.0,0.0,0.0,0.0,1.418412883443428e-05
3942.0,0.0,0.0,0.0,0.0,0.0,0.0
3943.0,0.0,0.0,0.0,0.0,0.0,0.0
3944.0,0.0,0.0,0.0,0.0,0.0,0.0
3945.0,0.0,0.0,0.0,0.0,0.0,0.0
3946.0,0.0,0.0,0.0,0.0,0.0,0.0
3947.0,0.0,0.0,0.0,0.0,0.0,0.0
3948.0,0.0,0.0,0.0,0.0,0.0,0.0
3949.0,0.0,0.0,0.0,0.0,0.0,0.0
3950.0,0.0,0.0,0.0,0.0,0.0,0.0
3951.0,0.0,0.0,0.0,0.0,0.0,0.0
3952.0,0.0,0.0,0.0,0.0,0.0,0.0
3953.0,0.0,0.0,0.0,0.0,0.0,0.0
3954.0,0.0,0.0,0.0,0.0,0.0,0.0
3955.0,0.0,0.0,0.0,0.0,0.0,0.0
3956.0,0.0,0.0,0.0,0.0,0.0,0.0
3957.0,0.0,0.0,0.0,0.0,0.0,0.0
3958.0,0.0,0.0,0.0,0.0,0.0,0.0
3959.0,0.0,0.0,0.0,0.0,0.0,0.0
3960.0,0.0,0.0,0.0,0.0,0.0,0.0
3961.0,0.0,0.0,0.0,0.0,0.0,0.0
3962.0,0.0,0.0,0.0,0.0,0.0,0.0
3963.0,0.0,0.0,0.0,0.0,0.0,0.0
3964.0,0.0,0.0,0.0,0.0,0.0,0.0
3965.0,1.7020954601321137e-07,0.0,0.0,0.0,0.0,1.418412883443428e-05
3966.0,1.7020954601321137e-07,0.0,0.0,0.0,0.0,1.418412883443428e-05
3967.0,0.045988231897354126,0.03792724758386612,0.0,0.0003801665152423084,0.3871527777777778,3.8323526581128435
3968.0,0.0,0.0,0.0,0.0,0.0,0.0
3969.0,0.0,0.0,0.0,0.0,0.0,0.0
3970.0,0.0,0.0,0.0,0.0,0.0,0.0
3971.0,0.0,0.0,0.0,0.0,0.0,0.0
3972.0,0.0,0.0,0.0,0.0,0.0,0.0
3973.0,0.0,0.0,0.0,0.0,0.0,0.0
3974.0,0.0,0.0,0.0,0.0,0.0,0.0
3975.0,1.1409309990995098e-05,1.529775545350276e-05,3.977103915531188e-05,0.0,0.0,0.0009507758325829248
3976.0,1.1409309990995098e-05,1.529775545350276e-05,3.977103915531188e-05,0.0,0.0,0.0009507758325829248
3977.0,0.0,0.0,0.0,0.0,0.0,0.0
3978.0,0.0,0.0,0.0,0.0,0.0,0.0
3979.0,0.0,0.0,0.0,0.0,0.0,0.0
3980.0,0.0,0.0,0.0,0.0,0.0,0.0
3981.0,0.0,0.0,0.0,0.0,0.0,0.0
3982.0,0.0,0.0,0.0,0.0,0.0,0.0
3983.0,0.000556559709366411,0.0,0.0,0.0,0.012152777777777778,0.08101851851851852
3984.0,4.306249138608109e-06,0.0,0.0,0.0,0.001736111111111111,0.011574074074074073
3985.0,0.0,0.0,0.0,0.0,0.0,0.0
3986.0,0.0,0.0,0.0,0.0,0.0,0.0
3987.0,0.0,0.0,0.0,0.0,0.0,0.0
3988.0,0.0,0.0,0.0,0.0,0.0,0.0
3989.0,0.0,0.0,0.0,0.0,0.0,0.0
3990.0,0.0,0.0,0.0,0.0,0.0,0.0
3991.0,0.00018646169337444007,0.0,0.0,0.0,0.003472222222222222,0.023148148148148147
3992.0,0.00016307526675518602,0.0,0.0,0.0,0.001736111111111111,0.013589605562932169
3993.0,0.0,0.0,0.0,0.0,0.0,0.0
3994.0,0.00018196820747107267,0.0,0.0,0.0,0.003472222222222222,0.023148148148148147
3995.0,0.0,0.0,0.0,0.0,0.0,0.0
3996.0,0.0,0.0,0.0,0.0,0.0,0.0
3997.0,0.0,0.0,0.0,0.0,0.0,0.0
3998.0,0.0,0.0,0.0,0.0,0.0,0.0
3999.0,0.0,0.0,0.0,0.0,0.0,0.0
4000.0,1.4013482541486155e-05,1.529775545350276e-05,3.977103915531188e-05,0.0,0.0,0.001167790211790513
4001.0,1.1511434422573075e-05,1.529775545350276e-05,3.977103915531188e-05,0.0,0.0,0.0009592862018810895
4002.0,0.0,0.0,0.0,0.0,0.0,0.0
4003.0,0.0,0.0,0.0,0.0,0.0,0.0
4004.0,0.0,0.0,0.0,0.0,0.0,0.0
4005.0,0.0,0.0,0.0,0.0,0.0,0.0
4006.0,0.0,0.0,0.0,0.0,0.0,0.0
4007.0,0.0,0.0,0.0,0.0,0.0,0.0
4008.0,2.907134148699697e-05,0.0,0.0,0.0,0.0,0.002422611790583081
4009.0,0.00013451454287860543,0.0,0.0,0.0,0.0,0.011209545239883786
4010.0,4.2415565985720605e-05,0.0,0.0,0.0,0.0,0.00353463049881005
4011.0,0.0,0.0,0.0,0.0,0.0,0.0
4012.0,0.0,0.0,0.0,0.0,0.0,0.0
4013.0,0.0,0.0,0.0,0.0,0.0,0.0
4014.0,0.0,0.0,0.0,0.0,0.0,0.0
4015.0,0.0,0.0,0.0,0.0,0.0,0.0
4016.0,0.0,0.0,0.0,0.0,0.0,0.0
4017.0,4.2381534512969665e-06,0.0,0.0,0.0,0.0,0.00035317945427474723
4018.0,5.242373299552128e-05,0.0,0.0,0.0,0.003472222222222222,0.023148148148148147
4019.0,0.0001393314014421776,0.0,0.0,0.0,0.0,0.011610950120181466
4020.0,0.0,0.0,0.0,0.0,0.0,0.0
4021.0,0.0,0.0,0.0,0.0,0.0,0.0
4022.0,0.0,0.0,0.0,0.0,0.0,0.0
4023.0,0.0,0.0,0.0,0.0,0.0,0.0
4024.0,0.0,0.0,0.0,0.0,0.0,0.0
4025.0,1.3502860383596271e-05,1.529775545350276e-05,3.977103915531188e-05,0.0,0.0,0.0011252383652996893
4026.0,1.1749724762921687e-05,1.529775545350276e-05,3.977103915531188e-05,0.0,0.0,0.000979143730243474
4027.0,0.0,0.0,0.0,0.0,0.0,0.0
4028.0,0.0,0.0,0.0,0.0,0.0,0.0
4029.0,0.0,0.0,0.0,0.0,0.0,0.0
4030.0,0.0,0.0,0.0,0.0,0.0,0.0
4031.0,0.0,0.0,0.0,0.0,0.0,0.0
4032.0,0.0,0.0,0.0,0.0,0.0,0.0
4033.0,0.0,0.0,0.0,0.0,0.0,0.0
4034.0,0.0,0.0,0.0,0.0,0.0,0.0
4035.0,0.0,0.0,0.0,0.0,0.0,0.0
4036.0,0.0,0.0,0.0,0.0,0.0,0.0
4037.0,0.0,0.0,0.0,0.0,0.0,0.0
4038.0,0.0,0.0,0.0,0.0,0.0,0.0
4039.0,0.0,0.0,0.0,0.0,0.0,0.0
4040.0,0.0,0.0,0.0,0.0,0.0,0.0
4041.0,0.0,0.0,0.0,0.0,0.0,0.0
4042.0,0.0,0.0,0.0,0.0,0.0,0.0
4043.0,0.00012144265929237008,0.0,0.0,0.0,0.0,0.010120221607697507
4044.0,0.00010202204430243,0.0,0.0,0.0,0.001736111111111111,0.011574074074074073
4045.0,0.00017165369354188442,0.0,0.0,0.0,0.003472222222222222,0.023148148148148147
4046.0,0.0,0.0,0.0,0.0,0.0,0.0
4047.0,0.0,0.0,0.0,0.0,0.0,0.0
4048.0,0.0,0.0,0.0,0.0,0.0,0.0
4049.0,0.0,0.0,0.0,0.0,0.0,0.0
4050.0,1.6924024748732336e-05,1.529775545350276e-05,3.977103915531188e-05,0.0,0.0,0.0014103353957276947
4051.0,4.8735691962065175e-05,1.529775545350276e-05,3.977103915531188e-05,0.0,0.0,0.004061307663505431
4052.0,0.00011715343134710565,0.0,0.0,0.0,0.0,0.009762785945592137
4053.0,0.0,0.0,0.0,0.0,0.0,0.0
4054.0,0.0,0.0,0.0,0.0,0.0,0.0
4055.0,0.0,0.0,0.0,0.0,0.0,0.0
4056.0,0.0001561648678034544,0.0,0.0,0.0,0.0,0.0130137389836212
4057.0,0.00011865126725751907,0.0,0.0,0.0,0.0,0.009887605604793256
4058.0,0.0,0.0,0.0,0.0,0.0,0.0
4059.0,4.119010554859415e-06,0.0,0.0,0.0,0.0,0.0003432508795716179
4060.0,0.0,0.0,0.0,0.0,0.0,0.0
4061.0,0.0,0.0,0.0,0.0,0.0,0.0
4062.0,0.0,0.0,0.0,0.0,0.0,0.0
4063.0,0.0,0.0,0.0,0.0,0.0,0.0
4064.0,3.6390239984029904e-05,0.0,0.0,0.0,0.0,0.0030325199986691587
4065.0,9.839662379818037e-05,0.0,0.0,0.0,0.0,0.008199718649848364
4066.0,0.0,0.0,0.0,0.0,0.0,0.0
4067.0,1.8041890825770679e-06,0.0,0.0,0.0,0.0,0.00015034909021475565
4068.0,0.0,0.0,0.0,0.0,0.0,0.0
4069.0,0.0,0.0,0.0,0.0,0.0,0.0
4070.0,0.0,0.0,0.0,0.0,0.0,0.0
4071.0,0.0,0.0,0.0,0.0,0.0,0.0
4072.0,0.0,0.0,0.0,0.0,0.0,0.0
4073.0,0.0,0.0,0.0,0.0,0.0,0.0
4074.0,0.0,0.0,0.0,0.0,0.0,0.0
4075.0,1.268586129299365e-05,1.529775545350276e-05,3.977103915531188e-05,0.0,0.0,0.0010571551077494707
4076.0,1.268586129299365e-05,1.529775545350276e-05,3.977103915531188e-05,0.0,0.0,0.0010571551077494707
4077.0,0.0024396441876888275,0.0,0.0,0.0,0.03125,0.20833333333333334
4078.0,0.0,0.0,0.0,0.0,0.0,0.0
4079.0,0.0,0.0,0.0,0.0,0.0,0.0
4080.0,0.0,0.0,0.0,0.0,0.0,0.0
4081.0,0.0,0.0,0.0,0.0,0.0,0.0
4082.0,0.0,0.0,0.0,0.0,0.0,0.0
4083.0,0.0,0.0,0.0,0.0,0.0,0.0
4084.0,1.2935769291289034e-06,0.0,0.0,0.0,0.0,0.00010779807742740861
4085.0,0.0,0.0,0.0,0.0,0.0,0.0
4086.0,0.0,0.0,0.0,0.0,0.0,0.0
4087.0,0.00011618326243478805,0.0,0.0,0.0,0.001736111111111111,0.011574074074074073
4088.0,6.655091419816017e-05,0.0,0.0,0.0,0.001736111111111111,0.011574074074074073
4089.0,0.0,0.0,0.0,0.0,0.0,0.0
4090.0,0.0,0.0,0.0,0.0,0.0,0.0
4091.0,0.0,0.0,0.0,0.0,0.0,0.0
4092.0,2.025462663368671e-06,0.0,0.0,0.0,0.0,0.0001687885552807226
4093.0,0.000150701220263727,0.0,0.0,0.0,0.001736111111111111,0.012558435021977251
4094.0,0.00014232704415917397,0.0,0.0,0.0,0.0,0.011860587013264498
4095.0,1.0212391998720705e-07,0.0,0.0,0.0,0.0,8.510326665600587e-06
4096.0,9.906041668727994e-06,0.0,0.0,0.0,0.0,0.0008255034723939995
4097.0,0.0005059061222709715,0.0,0.0,0.0,0.008680555555555556,0.05787037037037038
4098.0,0.0,0.0,0.0,0.0,0.0,0.0
4099.0,0.0,0.0,0.0,0.0,0.0,0.0
4100.0,2.1383464627433568e-05,1.529775545350276e-05,3.977103915531188e-05,0.0,0.0,0.0017819553856194639
4101.0,1.2005033568129875e-05,1.529775545350276e-05,3.977103915531188e-05,0.0,0.0,0.0010004194640108228
4102.0,0.000575469748582691,0.0,0.0,0.0,0.001736111111111111,0.047955812381890915
4103.0,9.264363325200975e-05,0.0,0.0,0.0,0.003472222222222222,0.023148148148148147
4104.0,0.00012358726235106587,0.0,0.0,0.0,0.001736111111111111,0.011574074074074073
4105.0,0.0,0.0,0.0,0.0,0.0,0.0
4106.0,0.001780347665771842,0.0,0.0,0.0,0.020833333333333332,0.14836230548098683
4107.0,0.0,0.0,0.0,0.0,0.0,0.0
4108.0,0.0,0.0,0.0,0.0,0.0,0.0
4109.0,2.2467272629000945e-06,0.0,0.0,0.0,0.0,0.0001872272719083412
4110.0,0.0,0.0,0.0,0.0,0.0,0.0
4111.0,0.0,0.0,0.0,0.0,0.0,0.0
4112.0,0.0,0.0,0.0,0.0,0.0,0.0
4113.0,0.0005641679163090885,0.0,0.0,0.012355167418718338,0.006944444444444444,1.5443959273397923
4114.0,3.657747583929449e-05,0.0,0.0,0.00032308368827216327,0.0,0.04038546103402041
4115.0,0.0,0.0,0.0,0.0,0.0,0.0
4116.0,0.0,0.0,0.0,0.0,0.0,0.0
4117.0,5.531722763407743e-06,0.0,0.0,0.00011419344082241878,0.0,0.014274180102802347
4118.0,0.0,0.0,0.0,0.0,0.0,0.0
4119.0,0.0,0.0,0.0,0.0,0.0,0.0
4120.0,1.9761024304898456e-05,0.0,0.0,0.0,0.0,0.0016467520254082046
4121.0,6.738492811564356e-05,0.0,0.0,0.0,0.001736111111111111,0.011574074074074073
4122.0,1.7020436615666767e-08,0.0,0.0,0.0,0.0,1.4183697179722306e-06
4123.0,0.0,0.0,0.0,0.0,0.0,0.0
4124.0,9.509460505796596e-05,0.0,0.0,0.0,0.0,0.007924550421497164
4125.0,0.00014941308472771198,1.529775545350276e-05,3.977103915531188e-05,0.0,0.0,0.012451090393975997
4126.0,0.00011137183901155367,1.529775545350276e-05,3.977103915531188e-05,0.0,0.0,0.009280986584296139
4127.0,0.0,0.0,0.0,0.0,0.0,0.0
4128.0,0.0,0.0,0.0,0.0,0.0,0.0
4129.0,0.0,0.0,0.0,0.0,0.0,0.0
4130.0,0.0,0.0,0.0,0.0,0.0,0.0
4131.0,0.0,0.0,0.0,0.0,0.0,0.0
4132.0,0.0,0.0,0.0,0.0,0.0,0.0
4133.0,0.0,0.0,0.0,0.0,0.0,0.0
4134.0,1.6169641412489e-06,0.0,0.0,0.0,0.0,0.00013474701177074166
4135.0,0.0010179736418649554,0.0,0.0,0.012608620338141918,0.008680555555555556,1.5760775422677398
4136.0,0.0,0.0,0.0,0.0,0.0,0.0
4137.0,0.0,0.0,0.0,0.0,0.0,0.0
4138.0,0.0,0.0,0.0,0.0,0.0,0.0
4139.0,0.0,0.0,0.0,0.0,0.0,0.0
4140.0,0.0,0.0,0.0,0.0,0.0,0.0
4141.0,0.04565461724996567,0.052111025899648666,0.0,0.0003943011979572475,0.3524305555555556,3.804551437497139
4142.0,0.0,0.0,0.0,0.0,0.0,0.0
4143.0,0.0,0.0,0.0,0.0,0.0,0.0
4144.0,0.0,0.0,0.0,0.0,0.0,0.0
4145.0,0.0,0.0,0.0,0.0,0.0,0.0
4146.0,0.0,0.0,0.0,0.0,0.0,0.0
4147.0,0.0,0.0,0.0,0.0,0.0,0.0
4148.0,0.0,0.0,0.0,0.0,0.0,0.0
4149.0,7.187818340526064e-08,4.647713751637639e-07,0.0,0.0,0.0,1.1619284379094097e-05
4150.0,7.187818340526064e-08,4.647713751637639e-07,0.0,0.0,0.0,1.1619284379094097e-05
4151.0,0.0,0.0,0.0,0.0,0.0,0.0
4152.0,0.0,0.0,0.0,0.0,0.0,0.0
4153.0,0.0,0.0,0.0,0.0,0.0,0.0
4154.0,0.0,0.0,0.0,0.0,0.0,0.0
4155.0,0.0,0.0,0.0,0.0,0.0,0.0
4156.0,0.0,0.0,0.0,0.0,0.0,0.0
4157.0,1.3676859452971257e-05,1.6863126802491024e-05,3.977103915531188e-05,0.0,0.0,0.0011397382877476048
4158.0,1.3676859452971257e-05,1.6863126802491024e-05,3.977103915531188e-05,0.0,0.0,0.0011397382877476048
4159.0,0.0,0.0,0.0,0.0,0.0,0.0
4160.0,0.0,0.0,0.0,0.0,0.0,0.0
4161.0,0.0,0.0,0.0,0.0,0.0,0.0
4162.0,0.0,0.0,0.0,0.0,0.0,0.0
4163.0,0.0,0.0,0.0,0.0,0.0,0.0
4164.0,9.310319001087919e-06,0.0,0.0,0.0,0.0,0.0007758599167573266
4165.0,0.0,0.0,0.0,0.0,0.0,0.0
4166.0,1.5318678947551234e-07,0.0,0.0,0.0,0.0,1.2765565789626029e-05
4167.0,0.0,0.0,0.0,0.0,0.0,0.0
4168.0,0.0,0.0,0.0,0.0,0.0,0.0
4169.0,0.0,0.0,0.0,0.0,0.0,0.0
4170.0,0.0,0.0,0.0,0.0,0.0,0.0
4171.0,0.0,0.0,0.0,0.0,0.0,0.0
4172.0,0.0,0.0,0.0,0.0,0.0,0.0
4173.0,0.0,0.0,0.0,0.0,0.0,0.0
4174.0,7.187818340526064e-08,4.647713751637639e-07,0.0,0.0,0.0,1.1619284379094097e-05
4175.0,7.187818340526064e-08,4.647713751637639e-07,0.0,0.0,0.0,1.1619284379094097e-05
4176.0,0.0,0.0,0.0,0.0,0.0,0.0
4177.0,0.0,0.0,0.0,0.0,0.0,0.0
4178.0,0.0,0.0,0.0,0.0,0.0,0.0
4179.0,0.0,0.0,0.0,0.0,0.0,0.0
4180.0,0.0,0.0,0.0,0.0,0.0,0.0
4181.0,0.0,0.0,0.0,0.0,0.0,0.0
4182.0,0.00022905562946107239,0.0004215338558424264,8.466236613458022e-05,3.7608879210893065e-05,0.0,0.019087969121756032
4183.0,0.045804042369127274,0.04387596994638443,3.9793929317966104e-05,0.0002390882873442024,0.3055555555555556,3.817003530760606
4184.0,0.0,0.0,0.0,0.0,0.0,0.0
4185.0,0.0,0.0,0.0,0.0,0.0,0.0
4186.0,0.0,0.0,0.0,0.0,0.0,0.0
4187.0,0.0,0.0,0.0,0.0,0.0,0.0
4188.0,0.0,0.0,0.0,0.0,0.0,0.0
4189.0,0.0,0.0,0.0,0.0,0.0,0.0
4190.0,0.0,0.0,0.0,0.0,0.0,0.0
4191.0,0.00024707356351427734,0.00030706412508152425,4.5162545575294644e-05,5.5645930842729285e-05,0.001736111111111111,0.02058946362618978
4192.0,6.808278385506128e-08,0.0,0.0,0.0,0.0,5.673565321255107e-06
4193.0,0.0,0.0,0.0,0.0,0.0,0.0
4194.0,0.0,0.0,0.0,0.0,0.0,0.0
4195.0,0.0,0.0,0.0,0.0,0.0,0.0
4196.0,0.0,0.0,0.0,0.0,0.0,0.0
4197.0,0.0,0.0,0.0,0.0,0.0,0.0
4198.0,0.0,0.0,0.0,0.0,0.0,0.0
4199.0,4.0849826632438635e-07,0.0,0.0,0.0,0.0,3.404152219369886e-05
4200.0,4.0849826632438635e-07,0.0,0.0,0.0,0.0,3.404152219369886e-05
4201.0,0.0,0.0,0.0,0.0,0.0,0.0
4202.0,0.0,0.0,0.0,0.0,0.0,0.0
4203.0,0.0,0.0,0.0,0.0,0.0,0.0
4204.0,0.0,0.0,0.0,0.0,0.0,0.0
4205.0,0.0,0.0,0.0,0.0,0.0,0.0
4206.0,0.0,0.0,0.0,0.0,0.0,0.0
4207.0,1.37252563945367e-05,9.833885997068137e-06,3.977103915531188e-05,0.0,0.0,0.0011437713662113917
4208.0,1.37252563945367e-05,9.833885997068137e-06,3.977103915531188e-05,0.0,0.0,0.0011437713662113917
4209.0,0.0,0.0,0.0,0.0,0.0,0.0
4210.0,0.0,0.0,0.0,0.0,0.0,0.0
4211.0,0.0,0.0,0.0,0.0,0.0,0.0
4212.0,0.0,0.0,0.0,0.0,0.0,0.0
4213.0,2.8038047616973927e-07,0.0,1.7650303334448836e-06,0.0,0.0,2.3365039680811606e-05
4214.0,0.045756954699754715,0.04384684935212135,1.7650303334448836e-06,0.00023614078236278147,0.3038194444444444,3.813079558312893
4215.0,0.0,0.0,0.0,0.0,0.0,0.0
4216.0,0.0,0.0,0.0,0.0,0.0,0.0
4217.0,0.0,0.0,0.0,0.0,0.0,0.0
4218.0,0.0,0.0,0.0,0.0,0.0,0.0
4219.0,0.0,0.0,0.0,0.0,0.0,0.0
4220.0,0.0,0.0,0.0,0.0,0.0,0.0
4221.0,0.0,0.0,0.0,0.0,0.0,0.0
4222.0,0.0,0.0,0.0,0.0,0.0,0.0
4223.0,0.0,0.0,0.0,0.0,0.0,0.0
4224.0,0.0,0.0,0.0,0.0,0.0,0.0
4225.0,0.0,0.0,0.0,0.0,0.0,0.0
4226.0,0.0,0.0,0.0,0.0,0.0,0.0
4227.0,0.0,0.0,0.0,0.0,0.0,0.0
4228.0,0.0,0.0,0.0,0.0,0.0,0.0
4229.0,0.0,0.0,0.0,0.0,0.0,0.0
4230.0,6.132241878731293e-07,1.9841327230096795e-06,0.0,0.0,0.0,5.11020156560941e-05
4231.0,6.132241878731293e-07,1.9841327230096795e-06,0.0,0.0,0.0,5.11020156560941e-05
4232.0,0.0,0.0,0.0,0.0,0.0,0.0
4233.0,0.0,0.0,0.0,0.0,0.0,0.0
4234.0,0.0,0.0,0.0,0.0,0.0,0.0
4235.0,0.0,0.0,0.0,0.0,0.0,0.0
4236.0,0.0,0.0,0.0,0.0,0.0,0.0
4237.0,0.0,0.0,0.0,0.0,0.0,0.0
4238.0,0.0,0.0,0.0,0.0,0.0,0.0
4239.0,0.0,0.0,0.0,0.0,0.0,0.0
4240.0,0.0,0.0,0.0,0.0,0.0,0.0
4241.0,0.0,0.0,0.0,0.0,0.0,0.0
4242.0,0.0,0.0,0.0,0.0,0.0,0.0
4243.0,0.0,0.0,0.0,0.0,0.0,0.0
4244.0,0.0,0.0,0.0,0.0,0.0,0.0
4245.0,0.0,0.0,0.0,0.0,0.0,0.0
4246.0,0.0,0.0,0.0,0.0,0.0,0.0
4247.0,0.0,0.0,0.0,0.0,0.0,0.0
4248.0,0.0,0.0,0.0,0.0,0.0,0.0
4249.0,0.0,0.0,0.0,0.0,0.0,0.0
4250.0,0.0,0.0,0.0,0.0,0.0,0.0
4251.0,0.0,0.0,0.0,0.0,0.0,0.0
4252.0,0.04566364362835884,0.052111025899648666,0.0,0.0003943011979572475,0.3524305555555556,3.80530363569657
4253.0,0.0,0.0,0.0,0.0,0.0,0.0
4254.0,0.0,0.0,0.0,0.0,0.0,0.0
4255.0,0.0,0.0,0.0,0.0,0.0,0.0
4256.0,0.00012086394417565316,0.0,0.0,0.0,0.003472222222222222,0.023148148148148147
4257.0,0.0005562872975133359,0.0,0.0,0.0,0.008680555555555556,0.05787037037037038
4258.0,6.808239305655661e-08,0.0,0.0,0.0,0.0,5.673532754713051e-06
4259.0,0.0,0.0,0.0,0.0,0.0,0.0
4260.0,5.140248049428919e-06,0.0,0.0,0.0,0.0,0.0004283540041190766
4261.0,6.135960575193167e-05,0.0,0.0,0.0,0.0,0.005113300479327639
4262.0,0.00011844700202345848,0.0,0.0,0.0,0.003472222222222222,0.023148148148148147
4263.0,0.0001149747840827331,0.0,0.0,0.0,0.001736111111111111,0.011574074074074073
4264.0,0.00011982568685198203,0.0,0.0,0.0,0.001736111111111111,0.011574074074074073
4265.0,0.0,0.0,0.0,0.0,0.0,0.0
4266.0,0.0,0.0,0.0,0.0,0.0,0.0
4267.0,6.92401736159809e-05,0.0,0.0,0.0,0.001736111111111111,0.011574074074074073
4268.0,0.00015975623682606965,0.0,0.0,0.0,0.001736111111111111,0.013313019735505804
4269.0,6.450848104577744e-06,0.0,0.0,0.0,0.0,0.0005375706753814787
4270.0,0.0,0.0,0.0,0.0,0.0,0.0
4271.0,0.0,0.0,0.0,0.0,0.0,0.0
4272.0,0.0,0.0,0.0,0.0,0.0,0.0
4273.0,0.0,0.0,0.0,0.0,0.0,0.0
4274.0,0.0,0.0,0.0,0.0,0.0,0.0
4275.0,0.0,0.0,0.0,0.0,0.0,0.0
4276.0,0.0,0.0,0.0,0.0,0.0,0.0
4277.0,0.0,0.0,0.0,0.0,0.0,0.0
4278.0,0.0,0.0,0.0,0.0,0.0,0.0
4279.0,0.0,0.0,0.0,0.0,0.0,0.0
4280.0,0.0,0.0,0.0,0.0,0.0,0.0
4281.0,0.0,0.0,0.0,0.0,0.0,0.0
4282.0,0.0,0.0,0.0,0.0,0.0,0.0
4283.0,0.0,0.0,0.0,0.0,0.0,0.0
4284.0,0.047526709735393524,0.03718804195523262,0.0,0.0003209724382031709,0.3611111111111111,3.960559144616127
4285.0,8.256901651293447e-07,6.06526441515598e-07,0.0,0.0,0.0,6.880751376077872e-05
4286.0,0.0,0.0,0.0,0.0,0.0,0.0
4287.0,0.0,0.0,0.0,0.0,0.0,0.0
4288.0,0.0,0.0,0.0,0.0,0.0,0.0
4289.0,0.0,0.0,0.0,0.0,0.0,0.0
4290.0,0.0,0.0,0.0,0.0,0.0,0.0
4291.0,0.0,0.0,0.0,0.0,0.0,0.0
4292.0,0.00023901346139609814,0.00027765813865698874,0.0,4.071411967743188e-05,0.001736111111111111,0.019917788449674845
4293.0,5.106237495056121e-07,0.0,0.0,0.0,0.0,4.2551979125467675e-05
4294.0,0.0,0.0,0.0,0.0,0.0,0.0
4295.0,0.0,0.0,0.0,0.0,0.0,0.0
4296.0,0.0,0.0,0.0,0.0,0.0,0.0
4297.0,0.0,0.0,0.0,0.0,0.0,0.0
4298.0,0.0,0.0,0.0,0.0,0.0,0.0
4299.0,0.0,0.0,0.0,0.0,0.0,0.0
4300.0,1.8722610661825456e-07,0.0,0.0,0.0,0.0,1.5602175551521213e-05
4301.0,1.8722610661825456e-07,0.0,0.0,0.0,0.0,1.5602175551521213e-05
4302.0,0.0,0.0,0.0,0.0,0.0,0.0
4303.0,0.0,0.0,0.0,0.0,0.0,0.0
4304.0,0.0,0.0,0.0,0.0,0.0,0.0
4305.0,0.0,0.0,0.0,0.0,0.0,0.0
4306.0,0.0,0.0,0.0,0.0,0.0,0.0
4307.0,0.0,0.0,0.0,0.0,0.0,0.0
4308.0,0.0,0.0,0.0,0.0,0.0,0.0
4309.0,6.808278385506128e-08,0.0,0.0,0.0,0.0,5.673565321255107e-06
4310.0,6.808278385506128e-08,0.0,0.0,0.0,0.0,5.673565321255107e-06
4311.0,0.0,0.0,0.0,0.0,0.0,0.0
4312.0,0.0,0.0,0.0,0.0,0.0,0.0
4313.0,0.0,0.0,0.0,0.0,0.0,0.0
4314.0,0.03503315895795822,0.02391314134001732,0.0,0.0006305399583652616,0.171875,2.919429913163185
4315.0,4.2551707224447455e-07,0.0,0.0,0.0,0.0,3.545975602037288e-05
4316.0,3.574335778466775e-07,0.0,0.0,0.0,0.0,2.9786131487223123e-05
4317.0,3.574335778466775e-07,0.0,0.0,0.0,0.0,2.9786131487223123e-05
4318.0,3.574335778466775e-07,0.0,0.0,0.0,0.0,2.9786131487223123e-05
4319.0,3.574335778466775e-07,0.0,0.0,0.0,0.0,2.9786131487223123e-05
4320.0,3.574335778466775e-07,0.0,0.0,0.0,0.0,2.9786131487223123e-05
4321.0,3.574335778466775e-07,0.0,0.0,0.0,0.0,2.9786131487223123e-05
4322.0,2.8935099294358224e-07,0.0,0.0,0.0,0.0,2.411258274529852e-05
4323.0,5.787023269476776e-07,0.0,0.0,0.0,0.0,4.822519391230647e-05
4324.0,3.574335778466775e-07,0.0,0.0,0.0,0.0,2.9786131487223123e-05
4325.0,3.574335778466775e-07,0.0,0.0,0.0,0.0,2.9786131487223123e-05
4326.0,3.574335778466775e-07,0.0,0.0,0.0,0.0,2.9786131487223123e-05
4327.0,3.574335778466775e-07,0.0,0.0,0.0,0.0,2.9786131487223123e-05
4328.0,3.574335778466775e-07,0.0,0.0,0.0,0.0,2.9786131487223123e-05
4329.0,3.574335778466775e-07,0.0,0.0,0.0,0.0,2.9786131487223123e-05
4330.0,8.197085662686732e-06,5.937947207712568e-06,1.9556884581106715e-05,0.0,0.0,0.0006830904718905609
4331.0,7.839652425900567e-06,5.937947207712568e-06,1.9556884581106715e-05,0.0,0.0,0.0006533043688250473
4332.0,3.574335778466775e-07,0.0,0.0,0.0,0.0,2.9786131487223123e-05
4333.0,3.574335778466775e-07,0.0,0.0,0.0,0.0,2.9786131487223123e-05
4334.0,3.574335778466775e-07,0.0,0.0,0.0,0.0,2.9786131487223123e-05
4335.0,3.574335778466775e-07,0.0,0.0,0.0,0.0,2.9786131487223123e-05
4336.0,3.574335778466775e-07,0.0,0.0,0.0,0.0,2.9786131487223123e-05
4337.0,3.574335778466775e-07,0.0,0.0,0.0,0.0,2.9786131487223123e-05
4338.0,3.574335778466775e-07,0.0,0.0,0.0,0.0,2.9786131487223123e-05
4339.0,7.489092581636214e-07,0.0,0.0,0.0,0.0,6.240910484696845e-05
4340.0,4.2551707224447455e-07,0.0,0.0,0.0,0.0,3.545975602037288e-05
4341.0,3.574335778466775e-07,0.0,0.0,0.0,0.0,2.9786131487223123e-05
4342.0,3.574335778466775e-07,0.0,0.0,0.0,0.0,2.9786131487223123e-05
4343.0,3.574335778466775e-07,0.0,0.0,0.0,0.0,2.9786131487223123e-05
4344.0,3.574335778466775e-07,0.0,0.0,0.0,0.0,2.9786131487223123e-05
4345.0,3.574335778466775e-07,0.0,0.0,0.0,0.0,2.9786131487223123e-05
4346.0,3.574335778466775e-07,0.0,0.0,0.0,0.0,2.9786131487223123e-05
4347.0,2.8935099294358224e-07,0.0,0.0,0.0,0.0,2.411258274529852e-05
4348.0,5.787023269476776e-07,0.0,0.0,0.0,0.0,4.822519391230647e-05
4349.0,3.574335778466775e-07,0.0,0.0,0.0,0.0,2.9786131487223123e-05
4350.0,3.574335778466775e-07,0.0,0.0,0.0,0.0,2.9786131487223123e-05
4351.0,3.574335778466775e-07,0.0,0.0,0.0,0.0,2.9786131487223123e-05
4352.0,3.574335778466775e-07,0.0,0.0,0.0,0.0,2.9786131487223123e-05
4353.0,3.574335778466775e-07,0.0,0.0,0.0,0.0,2.9786131487223123e-05
4354.0,3.574335778466775e-07,0.0,0.0,0.0,0.0,2.9786131487223123e-05
4355.0,8.197085662686732e-06,5.937947207712568e-06,1.9556884581106715e-05,0.0,0.0,0.0006830904718905609
4356.0,0.07820785045623779,0.04486379399895668,1.9556884581106715e-05,0.0005123747396282852,0.3402777777777778,6.517320871353149
4357.0,0.0,0.0,0.0,0.0,0.0,0.0
4358.0,0.0,0.0,0.0,0.0,0.0,0.0
4359.0,0.0,0.0,0.0,0.0,0.0,0.0
4360.0,0.0,0.0,0.0,0.0,0.0,0.0
4361.0,0.0,0.0,0.0,0.0,0.0,0.0
4362.0,0.0,0.0,0.0,0.0,0.0,0.0
4363.0,0.0,0.0,0.0,0.0,0.0,0.0
4364.0,2.255713116028346e-05,3.482921238173731e-05,2.6299481760361232e-05,0.0,0.0,0.0018797609300236218
4365.0,0.0,0.0,0.0,0.0,0.0,0.0
4366.0,0.0,0.0,0.0,0.0,0.0,0.0
4367.0,0.0,0.0,0.0,0.0,0.0,0.0
4368.0,0.0,0.0,0.0,0.0,0.0,0.0
4369.0,0.0,0.0,0.0,0.0,0.0,0.0
4370.0,0.0,0.0,0.0,0.0,0.0,0.0
4371.0,0.0,0.0,0.0,0.0,0.0,0.0
4372.0,2.255713116028346e-05,3.482921238173731e-05,2.6299481760361232e-05,0.0,0.0,0.0018797609300236218
4373.0,0.0,0.0,0.0,0.0,0.0,0.0
4374.0,0.0,0.0,0.0,0.0,0.0,0.0
4375.0,0.0,0.0,0.0,0.0,0.0,0.0
4376.0,0.0,0.0,0.0,0.0,0.0,0.0
4377.0,0.0,0.0,0.0,0.0,0.0,0.0
4378.0,0.0,0.0,0.0,0.0,0.0,0.0
4379.0,0.0,0.0,0.0,0.0,0.0,0.0
4380.0,7.212564923975151e-06,1.2760397112288047e-05,1.9556884581106715e-05,0.0,0.0,0.0006010470769979293
4381.0,7.212564923975151e-06,1.2760397112288047e-05,1.9556884581106715e-05,0.0,0.0,0.0006010470769979293
4382.0,0.0,0.0,0.0,0.0,0.0,0.0
4383.0,0.0,0.0,0.0,0.0,0.0,0.0
4384.0,0.0,0.0,0.0,0.0,0.0,0.0
4385.0,0.0,0.0,0.0,0.0,0.0,0.0
4386.0,0.0,0.0,0.0,0.0,0.0,0.0
4387.0,0.0,0.0,0.0,0.0,0.0,0.0
4388.0,0.0,0.0,0.0,0.0,0.0,0.0
4389.0,0.0,0.0,0.0,0.0,0.0,0.0
4390.0,0.0,0.0,0.0,0.0,0.0,0.0
4391.0,0.0,0.0,0.0,0.0,0.0,0.0
4392.0,0.0,0.0,0.0,0.0,0.0,0.0
4393.0,0.0,0.0,0.0,0.0,0.0,0.0
4394.0,0.0,0.0,0.0,0.0,0.0,0.0
4395.0,0.0,0.0,0.0,0.0,0.0,0.0
4396.0,0.0,0.0,0.0,0.0,0.0,0.0
4397.0,0.0,0.0,0.0,0.0,0.0,0.0
4398.0,0.0,0.0,0.0,0.0,0.0,0.0
4399.0,0.0,0.0,0.0,0.0,0.0,0.0
4400.0,0.0,0.0,0.0,0.0,0.0,0.0
4401.0,0.0,0.0,0.0,0.0,0.0,0.0
4402.0,0.0,0.0,0.0,0.0,0.0,0.0
4403.0,0.0,0.0,0.0,0.0,0.0,0.0
4404.0,0.0,0.0,0.0,0.0,0.0,0.0
4405.0,7.212564923975151e-06,1.2760397112288047e-05,1.9556884581106715e-05,0.0,0.0,0.0006010470769979293
4406.0,7.212564923975151e-06,1.2760397112288047e-05,1.9556884581106715e-05,0.0,0.0,0.0006010470769979293
4407.0,0.0,0.0,0.0,0.0,0.0,0.0
4408.0,0.0,0.0,0.0,0.0,0.0,0.0
4409.0,0.0,0.0,0.0,0.0,0.0,0.0
4410.0,0.0,0.0,0.0,0.0,0.0,0.0
4411.0,0.0,0.0,0.0,0.0,0.0,0.0
4412.0,0.0,0.0,0.0,0.0,0.0,0.0
4413.0,0.0,0.0,0.0,0.0,0.0,0.0
4414.0,0.0,0.0,0.0,0.0,0.0,0.0
4415.0,0.0,0.0,0.0,0.0,0.0,0.0
4416.0,0.0,0.0,0.0,0.0,0.0,0.0
4417.0,0.0,0.0,0.0,0.0,0.0,0.0
4418.0,0.0,0.0,0.0,0.0,0.0,0.0
4419.0,0.0,0.0,0.0,0.0,0.0,0.0
4420.0,0.0,0.0,0.0,0.0,0.0,0.0
4421.0,0.0,0.0,0.0,0.0,0.0,0.0
4422.0,0.0,0.0,0.0,0.0,0.0,0.0
4423.0,0.0,0.0,0.0,0.0,0.0,0.0
4424.0,0.0,0.0,0.0,0.0,0.0,0.0
4425.0,0.0,0.0,0.0,0.0,0.0,0.0
4426.0,0.0,0.0,0.0,0.0,0.0,0.0
4427.0,0.0,0.0,0.0,0.0,0.0,0.0
4428.0,0.0,0.0,0.0,0.0,0.0,0.0
4429.0,0.0,0.0,0.0,0.0,0.0,0.0
4430.0,7.212564923975151e-06,1.2760397112288047e-05,1.9556884581106715e-05,0.0,0.0,0.0006010470769979293
4431.0,7.212564923975151e-06,1.2760397112288047e-05,1.9556884581106715e-05,0.0,0.0,0.0006010470769979293
4432.0,0.0,0.0,0.0,0.0,0.0,0.0
4433.0,0.0,0.0,0.0,0.0,0.0,0.0
4434.0,0.0,0.0,0.0,0.0,0.0,0.0
4435.0,0.0,0.0,0.0,0.0,0.0,0.0
4436.0,0.0,0.0,0.0,0.0,0.0,0.0
4437.0,0.0,0.0,0.0,0.0,0.0,0.0
4438.0,0.0,0.0,0.0,0.0,0.0,0.0
4439.0,0.0,0.0,0.0,0.0,0.0,0.0
4440.0,0.0,0.0,0.0,0.0,0.0,0.0
4441.0,0.0,0.0,0.0,0.0,0.0,0.0
4442.0,0.0,0.0,0.0,0.0,0.0,0.0
4443.0,0.0,0.0,0.0,0.0,0.0,0.0
4444.0,0.0,0.0,0.0,0.0,0.0,0.0
4445.0,0.0,0.0,0.0,0.0,0.0,0.0
4446.0,0.0,0.0,0.0,0.0,0.0,0.0
4447.0,0.0,0.0,0.0,0.0,0.0,0.0
4448.0,0.0,0.0,0.0,0.0,0.0,0.0
4449.0,0.0,0.0,0.0,0.0,0.0,0.0
4450.0,0.0,0.0,0.0,0.0,0.0,0.0
4451.0,0.0,0.0,0.0,0.0,0.0,0.0
4452.0,0.0,0.0,0.0,0.0,0.0,0.0
4453.0,0.0,0.0,0.0,0.0,0.0,0.0
4454.0,0.0,0.0,0.0,0.0,0.0,0.0
4455.0,7.212564923975151e-06,1.2760397112288047e-05,1.9556884581106715e-05,0.0,0.0,0.0006010470769979293
4456.0,4.908346454612911e-05,1.2760397112288047e-05,1.9556884581106715e-05,0.0,0.0,0.004090288712177426
4457.0,0.00021230221318546683,0.0,0.0,0.0,0.0,0.017691851098788902
4458.0,0.0,0.0,0.0,0.0,0.0,0.0
4459.0,0.0,0.0,0.0,0.0,0.0,0.0
4460.0,0.0,0.0,0.0,0.0,0.0,0.0
4461.0,0.0,0.0,0.0,0.0,0.0,0.0
4462.0,0.0,0.0,0.0,0.0,0.0,0.0
4463.0,0.0,0.0,0.0,0.0,0.0,0.0
4464.0,4.572086709231371e-06,0.0,0.0,0.0,0.0,0.0003810072257692809
4465.0,0.00022320145217236131,0.0,0.0,0.0,0.0,0.01860012101436344
4466.0,0.0,0.0,0.0,0.0,0.0,0.0
4467.0,0.0,0.0,0.0,0.0,0.0,0.0
4468.0,0.0,0.0,0.0,0.0,0.0,0.0
4469.0,0.0,0.0,0.0,0.0,0.0,0.0
4470.0,0.0001494127936894074,0.0,0.0,0.0,0.0,0.01245106614078395
4471.0,0.00010867381934076548,0.0,0.0,0.0,0.0,0.009056151611730456
4472.0,1.1611787158471998e-05,0.0,0.0,0.0,0.001736111111111111,0.011574074074074073
4473.0,8.294063445646316e-05,0.0,0.0,0.0,0.0,0.0069117195380385965
4474.0,0.0001504712417954579,0.0,0.0,0.0,0.0,0.012539270149621492
4475.0,2.777331610559486e-05,0.0,0.0,0.0,0.0,0.0023144430087995715
4476.0,0.0,0.0,0.0,0.0,0.0,0.0
4477.0,0.0,0.0,0.0,0.0,0.0,0.0
4478.0,8.917141531128436e-05,0.0,0.0,0.0,0.005208333333333333,0.034722222222222224
4479.0,0.00019053395953960717,0.0,0.0,0.0,0.003472222222222222,0.023148148148148147
4480.0,3.9274204027606174e-05,1.2760397112288047e-05,1.9556884581106715e-05,0.0,0.0,0.003272850335633848
4481.0,7.905037819000427e-06,1.2760397112288047e-05,1.9556884581106715e-05,0.0,0.0,0.0006587531515833689
4482.0,0.0,0.0,0.0,0.0,0.0,0.0
4483.0,0.0,0.0,0.0,0.0,0.0,0.0
4484.0,0.0,0.0,0.0,0.0,0.0,0.0
4485.0,0.0,0.0,0.0,0.0,0.0,0.0
4486.0,0.0,0.0,0.0,0.0,0.0,0.0
4487.0,0.0,0.0,0.0,0.0,0.0,0.0
4488.0,0.0,0.0,0.0,0.0,0.0,0.0
4489.0,0.0,0.0,0.0,0.0,0.0,0.0
4490.0,0.0,0.0,0.0,0.0,0.0,0.0
4491.0,0.0,0.0,0.0,0.0,0.0,0.0
4492.0,0.0,0.0,0.0,0.0,0.0,0.0
4493.0,0.0,0.0,0.0,0.0,0.0,0.0
4494.0,0.0,0.0,0.0,0.0,0.0,0.0
4495.0,0.0,0.0,0.0,0.0,0.0,0.0
4496.0,0.0,0.0,0.0,0.0,0.0,0.0
4497.0,0.0,0.0,0.0,0.0,0.0,0.0
4498.0,0.0,0.0,0.0,0.0,0.0,0.0
4499.0,0.0,0.0,0.0,0.0,0.0,0.0
4500.0,0.0,0.0,0.0,0.0,0.0,0.0
4501.0,0.0,0.0,0.0,0.0,0.0,0.0
4502.0,0.0,0.0,0.0,0.0,0.0,0.0
4503.0,0.0,0.0,0.0,0.0,0.0,0.0
4504.0,0.0,0.0,0.0,0.0,0.0,0.0
4505.0,7.905037819000427e-06,1.2760397112288047e-05,1.9556884581106715e-05,0.0,0.0,0.0006587531515833689
4506.0,7.905037819000427e-06,1.2760397112288047e-05,1.9556884581106715e-05,0.0,0.0,0.0006587531515833689
4507.0,0.0,0.0,0.0,0.0,0.0,0.0
4508.0,0.0,0.0,0.0,0.0,0.0,0.0
4509.0,0.0,0.0,0.0,0.0,0.0,0.0
4510.0,0.0,0.0,0.0,0.0,0.0,0.0
4511.0,0.0,0.0,0.0,0.0,0.0,0.0
4512.0,5.7529928199073765e-06,0.0,0.0,0.0,0.0,0.0004794160683256147
4513.0,0.0,0.0,0.0,0.0,0.0,0.0
4514.0,0.00019098394841421396,0.0,0.0,0.0,0.0,0.01591532903451783
4515.0,3.7164496461628005e-05,0.0,0.0,0.0,0.0,0.0030970413718023337
4516.0,0.0,0.0,0.0,0.0,0.0,0.0
4517.0,0.0,0.0,0.0,0.0,0.0,0.0
4518.0,0.0,0.0,0.0,0.0,0.0,0.0
4519.0,0.0,0.0,0.0,0.0,0.0,0.0
4520.0,0.0,0.0,0.0,0.0,0.0,0.0
4521.0,0.0,0.0,0.0,0.0,0.0,0.0
4522.0,4.1069515646086074e-06,0.0,0.0,0.0,0.0,0.00034224596371738397
4523.0,0.0,0.0,0.0,0.0,0.0,0.0
4524.0,0.0,0.0,0.0,0.0,0.0,0.0
4525.0,0.0,0.0,0.0,0.0,0.0,0.0
4526.0,0.0,0.0,0.0,0.0,0.0,0.0
4527.0,0.0,0.0,0.0,0.0,0.0,0.0
4528.0,0.0,0.0,0.0,0.0,0.0,0.0
4529.0,0.0,0.0,0.0,0.0,0.0,0.0
4530.0,7.88995748735033e-06,1.2760397112288047e-05,1.9556884581106715e-05,0.0,0.0,0.0006574964572791941
4531.0,7.88995748735033e-06,1.2760397112288047e-05,1.9556884581106715e-05,0.0,0.0,0.0006574964572791941
4532.0,0.0,0.0,0.0,0.0,0.0,0.0
4533.0,0.0,0.0,0.0,0.0,0.0,0.0
4534.0,0.0,0.0,0.0,0.0,0.0,0.0
4535.0,0.0,0.0,0.0,0.0,0.0,0.0
4536.0,0.0,0.0,0.0,0.0,0.0,0.0
4537.0,0.0,0.0,0.0,0.0,0.0,0.0
4538.0,0.0,0.0,0.0,0.0,0.0,0.0
4539.0,0.0,0.0,0.0,0.0,0.0,0.0
4540.0,0.0,0.0,0.0,0.0,0.0,0.0
4541.0,0.0,0.0,0.0,0.0,0.0,0.0
4542.0,0.0,0.0,0.0,0.0,0.0,0.0
4543.0,0.0,0.0,0.0,0.0,0.0,0.0
4544.0,0.0,0.0,0.0,0.0,0.0,0.0
4545.0,0.0,0.0,0.0,0.0,0.0,0.0
4546.0,0.0,0.0,0.0,0.0,0.0,0.0
4547.0,0.0,0.0,0.0,0.0,0.0,0.0
4548.0,0.0,0.0,0.0,0.0,0.0,0.0
4549.0,0.0,0.0,0.0,0.0,0.0,0.0
4550.0,0.08941114693880081,0.045836448669433594,7.4590410804376e-05,0.0002831106830853969,0.390625,7.450928911566734
4551.0,4.2647308873711154e-05,3.355126318638213e-05,7.4590410804376e-05,0.0,0.0,0.003553942406142596
4552.0,9.590488616595394e-07,1.3587799685410573e-06,0.0,0.0,0.0,7.992073847162828e-05
4553.0,8.399043167628406e-07,1.3587799685410573e-06,0.0,0.0,0.0,6.999202639690338e-05
4554.0,8.399043167628406e-07,1.3587799685410573e-06,0.0,0.0,0.0,6.999202639690338e-05
4555.0,8.399043167628406e-07,1.3587799685410573e-06,0.0,0.0,0.0,6.999202639690338e-05
4556.0,8.399043167628406e-07,1.3587799685410573e-06,0.0,0.0,0.0,6.999202639690338e-05
4557.0,8.399043167628406e-07,1.3587799685410573e-06,0.0,0.0,0.0,6.999202639690338e-05
4558.0,8.399043167628406e-07,1.3587799685410573e-06,0.0,0.0,0.0,6.999202639690338e-05
4559.0,9.191164167532406e-07,0.0,0.0,0.0,0.0,7.659303472943672e-05
4560.0,4.994902838006965e-07,1.3587799685410573e-06,0.0,0.0,0.0,4.162419031672471e-05
4561.0,8.399043167628406e-07,1.3587799685410573e-06,0.0,0.0,0.0,6.999202639690338e-05
4562.0,8.399043167628406e-07,1.3587799685410573e-06,0.0,0.0,0.0,6.999202639690338e-05
4563.0,8.399043167628406e-07,1.3587799685410573e-06,0.0,0.0,0.0,6.999202639690338e-05
4564.0,8.399043167628406e-07,1.3587799685410573e-06,0.0,0.0,0.0,6.999202639690338e-05
4565.0,8.399043167628406e-07,1.3587799685410573e-06,0.0,0.0,0.0,6.999202639690338e-05
4566.0,8.399043167628406e-07,1.3587799685410573e-06,0.0,0.0,0.0,6.999202639690338e-05
4567.0,6.536604928442102e-07,2.4657190351717873e-06,0.0,0.0,0.0,6.164297587929468e-05
4568.0,8.614165949438757e-07,3.4789184155670227e-06,0.0,0.0,0.0,8.697296038917557e-05
4569.0,5.335314199328423e-07,1.3587799685410573e-06,0.0,0.0,0.0,4.446095166107019e-05
4570.0,8.399043167628406e-07,1.3587799685410573e-06,0.0,0.0,0.0,6.999202639690338e-05
4571.0,8.399043167628406e-07,1.3587799685410573e-06,0.0,0.0,0.0,6.999202639690338e-05
4572.0,8.399043167628406e-07,1.3587799685410573e-06,0.0,0.0,0.0,6.999202639690338e-05
4573.0,8.399043167628406e-07,1.3587799685410573e-06,0.0,0.0,0.0,6.999202639690338e-05
4574.0,8.399043167628406e-07,1.3587799685410573e-06,0.0,0.0,0.0,6.999202639690338e-05
4575.0,4.338052531238645e-05,3.344979268149473e-05,7.4590410804376e-05,0.0,0.0,0.0036150437760322043
4576.0,4.2647308873711154e-05,3.355126318638213e-05,7.4590410804376e-05,0.0,0.0,0.003553942406142596
4577.0,9.590488616595394e-07,1.3587799685410573e-06,0.0,0.0,0.0,7.992073847162828e-05
4578.0,8.399043167628406e-07,1.3587799685410573e-06,0.0,0.0,0.0,6.999202639690338e-05
4579.0,8.399043167628406e-07,1.3587799685410573e-06,0.0,0.0,0.0,6.999202639690338e-05
4580.0,8.399043167628406e-07,1.3587799685410573e-06,0.0,0.0,0.0,6.999202639690338e-05
4581.0,0.0003852012159768492,1.3587799685410573e-06,0.0,0.0,0.0,0.0321001013314041
4582.0,0.0004263912560418248,1.3587799685410573e-06,0.0,0.0,0.0,0.03553260467015207
4583.0,9.372183558298275e-05,1.3587799685410573e-06,0.0,0.0,0.0,0.007810152965248562
4584.0,8.782680197327863e-06,0.0,0.0,0.0,0.0,0.0007318900164439887
4585.0,4.994902838006965e-07,1.3587799685410573e-06,0.0,0.0,0.0,4.162419031672471e-05
4586.0,8.399043167628406e-07,1.3587799685410573e-06,0.0,0.0,0.0,6.999202639690338e-05
4587.0,8.399043167628406e-07,1.3587799685410573e-06,0.0,0.0,0.0,6.999202639690338e-05
4588.0,8.399043167628406e-07,1.3587799685410573e-06,0.0,0.0,0.0,6.999202639690338e-05
4589.0,8.399043167628406e-07,1.3587799685410573e-06,0.0,0.0,0.0,6.999202639690338e-05
4590.0,8.399043167628406e-07,1.3587799685410573e-06,0.0,0.0,0.0,6.999202639690338e-05
4591.0,8.399043167628406e-07,1.3587799685410573e-06,0.0,0.0,0.0,6.999202639690338e-05
4592.0,6.536604928442102e-07,2.4657190351717873e-06,0.0,0.0,0.0,6.164297587929468e-05
4593.0,8.614165949438757e-07,3.4789184155670227e-06,0.0,0.0,0.0,8.697296038917557e-05
4594.0,5.335314199328423e-07,1.3587799685410573e-06,0.0,0.0,0.0,4.446095166107019e-05
4595.0,8.399043167628406e-07,1.3587799685410573e-06,0.0,0.0,0.0,6.999202639690338e-05
4596.0,8.399043167628406e-07,1.3587799685410573e-06,0.0,0.0,0.0,6.999202639690338e-05
4597.0,8.399043167628406e-07,1.3587799685410573e-06,0.0,0.0,0.0,6.999202639690338e-05
4598.0,8.399043167628406e-07,1.3587799685410573e-06,0.0,0.0,0.0,6.999202639690338e-05
4599.0,8.399043167628406e-07,1.3587799685410573e-06,0.0,0.0,0.0,6.999202639690338e-05
4600.0,4.38400857092347e-05,3.344979268149473e-05,7.4590410804376e-05,0.0,0.0,0.003653340475769558
4601.0,4.31068692705594e-05,3.355126318638213e-05,7.4590410804376e-05,0.0,0.0,0.00359223910587995
4602.0,9.590488616595394e-07,1.3587799685410573e-06,0.0,0.0,0.0,7.992073847162828e-05
4603.0,8.399043167628406e-07,1.3587799685410573e-06,0.0,0.0,0.0,6.999202639690338e-05
4604.0,8.399043167628406e-07,1.3587799685410573e-06,0.0,0.0,0.0,6.999202639690338e-05
4605.0,8.399043167628406e-07,1.3587799685410573e-06,0.0,0.0,0.0,6.999202639690338e-05
4606.0,8.399043167628406e-07,1.3587799685410573e-06,0.0,0.0,0.0,6.999202639690338e-05
4607.0,8.399043167628406e-07,1.3587799685410573e-06,0.0,0.0,0.0,6.999202639690338e-05
4608.0,8.399043167628406e-07,1.3587799685410573e-06,0.0,0.0,0.0,6.999202639690338e-05
4609.0,9.191164167532406e-07,0.0,0.0,0.0,0.0,7.659303472943672e-05
4610.0,4.994902838006965e-07,1.3587799685410573e-06,0.0,0.0,0.0,4.162419031672471e-05
4611.0,8.399043167628406e-07,1.3587799685410573e-06,0.0,0.0,0.0,6.999202639690338e-05
4612.0,0.08981789648532867,0.04583548754453659,0.0,0.0002831106830853969,0.390625,7.484824707110723
4613.0,2.666280067842308e-07,3.708938720592414e-07,0.0,0.0,0.0,2.221900056535257e-05
4614.0,0.0,0.0,0.0,0.0,0.0,0.0
4615.0,0.0001332990505034104,0.0,0.0,0.0,0.003472222222222222,0.023148148148148147
4616.0,0.000265962618868798,0.0,0.0,0.0,0.005208333333333333,0.034722222222222224
4617.0,0.00019938040350098163,0.0,0.0,0.0,0.013888888888888888,0.09259259259259259
4618.0,0.0002962622093036771,0.0,0.0,0.0,0.010416666666666666,0.06944444444444445
4619.0,0.00017594291421119124,0.0,0.0,0.0,0.010416666666666666,0.06944444444444445
4620.0,0.0,0.0,0.0,0.0,0.0,0.0
4621.0,1.2664640053117182e-05,0.0,0.0,0.0,0.0,0.0010553866710930986
4622.0,0.0,0.0,0.0,0.0,0.0,0.0
4623.0,0.0,0.0,0.0,0.0,0.0,0.0
4624.0,0.0,0.0,0.0,0.0,0.0,0.0
4625.0,0.0,0.0,0.0,0.0,0.0,0.0
4626.0,0.0,0.0,0.0,0.0,0.0,0.0
4627.0,7.330811786232516e-05,0.0,0.0,0.0,0.003472222222222222,0.023148148148148147
4628.0,0.00016440286708530039,0.0,0.0,0.007152404170483351,0.003472222222222222,0.8940505213104188
4629.0,0.0001826660882215947,0.0,0.0,0.0042446511797606945,0.003472222222222222,0.5305813974700868
4630.0,0.00019742303993552923,0.0,0.0,0.004369985777884722,0.003472222222222222,0.5462482222355902
4631.0,0.00023362605134025216,0.0,0.0,0.012316173873841763,0.006944444444444444,1.5395217342302203
4632.0,3.527668377500959e-05,0.0,0.0,0.005772547796368599,0.0,0.7215684745460749
4633.0,0.0,0.0,0.0,0.0,0.0,0.0
4634.0,0.0,0.0,0.0,0.0,0.0,0.0
4635.0,0.0,0.0,0.0,0.0,0.0,0.0
4636.0,0.0,0.0,0.0,0.0,0.0,0.0
4637.0,5.983271421428071e-06,3.708938720592414e-07,0.0,0.00034220184898003936,0.0,0.04277523112250492
4638.0,3.8577042005272233e-07,3.708938720592414e-07,0.0,0.0,0.0,3.2147535004393525e-05
4639.0,0.0,0.0,0.0,0.0,0.0,0.0
4640.0,0.0,0.0,0.0,0.0,0.0,0.0
4641.0,0.0,0.0,0.0,0.0,0.0,0.0
4642.0,0.0,0.0,0.0,0.0,0.0,0.0
4643.0,0.0,0.0,0.0,0.0,0.0,0.0
4644.0,0.0,0.0,0.0,0.0,0.0,0.0
4645.0,0.0,0.0,0.0,0.0,0.0,0.0
4646.0,0.0,0.0,0.0,0.0,0.0,0.0
4647.0,0.09172993153333664,0.045836448669433594,7.4590410804376e-05,0.034113429486751556,0.3993055555555556,7.644160961111386
4648.0,4.31068692705594e-05,3.355126318638213e-05,7.4590410804376e-05,0.0,0.0,0.00359223910587995
4649.0,9.590488616595394e-07,1.3587799685410573e-06,0.0,0.0,0.0,7.992073847162828e-05
4650.0,0.0009058131254278123,1.3587799685410573e-06,0.0,0.0,0.0,0.07548442711898436
4651.0,2.1013909190514823e-07,1.3587799685410573e-06,0.0,0.0,0.0,3.396949921352643e-05
4652.0,2.1013909190514823e-07,1.3587799685410573e-06,0.0,0.0,0.0,3.396949921352643e-05
4653.0,2.1013909190514823e-07,1.3587799685410573e-06,0.0,0.0,0.0,3.396949921352643e-05
4654.0,2.1013909190514823e-07,1.3587799685410573e-06,0.0,0.0,0.0,3.396949921352643e-05
4655.0,2.1013909190514823e-07,1.3587799685410573e-06,0.0,0.0,0.0,3.396949921352643e-05
4656.0,3.3190381145686843e-06,0.0,0.0,0.0,0.0,0.00027658650954739034
4657.0,4.994902838006965e-07,1.3587799685410573e-06,0.0,0.0,0.0,4.162419031672471e-05
4658.0,8.399043167628406e-07,1.3587799685410573e-06,0.0,0.0,0.0,6.999202639690338e-05
4659.0,8.399043167628406e-07,1.3587799685410573e-06,0.0,0.0,0.0,6.999202639690338e-05
4660.0,8.399043167628406e-07,1.3587799685410573e-06,0.0,0.0,0.0,6.999202639690338e-05
4661.0,8.399043167628406e-07,1.3587799685410573e-06,0.0,0.0,0.0,6.999202639690338e-05
4662.0,8.399043167628406e-07,1.3587799685410573e-06,0.0,0.0,0.0,6.999202639690338e-05
4663.0,8.399043167628406e-07,1.3587799685410573e-06,0.0,0.0,0.0,6.999202639690338e-05
4664.0,6.536604928442102e-07,2.4657190351717873e-06,0.0,0.0,0.0,6.164297587929468e-05
4665.0,8.614165949438757e-07,3.4789184155670227e-06,0.0,0.0,0.0,8.697296038917557e-05
4666.0,0.0001255335082532838,1.3587799685410573e-06,0.0,0.0,0.005208333333333333,0.034722222222222224
4667.0,0.0003072975086979568,1.3587799685410573e-06,0.0,0.0,0.001736111111111111,0.025608125724829733
4668.0,8.399043167628406e-07,1.3587799685410573e-06,0.0,0.0,0.0,6.999202639690338e-05
4669.0,8.399043167628406e-07,1.3587799685410573e-06,0.0,0.0,0.0,6.999202639690338e-05
4670.0,8.399043167628406e-07,1.3587799685410573e-06,0.0,0.0,0.0,6.999202639690338e-05
4671.0,8.399043167628406e-07,1.3587799685410573e-06,0.0,0.0,0.0,6.999202639690338e-05
4672.0,4.729528518510051e-05,3.344979268149473e-05,7.4590410804376e-05,0.0,0.0,0.003941273765425042
4673.0,4.320899097365327e-05,3.355126318638213e-05,7.4590410804376e-05,0.0,0.0,0.003600749247804439
4674.0,9.590488616595394e-07,1.3587799685410573e-06,0.0,0.0,0.0,7.992073847162828e-05
4675.0,8.399043167628406e-07,1.3587799685410573e-06,0.0,0.0,0.0,6.999202639690338e-05
4676.0,8.399043167628406e-07,1.3587799685410573e-06,0.0,0.0,0.0,6.999202639690338e-05
4677.0,0.04910954833030701,0.02119876630604267,1.9556884581106715e-05,0.0006238787318579853,0.16493055555555555,4.092462360858917
4678.0,1.0958400707750116e-05,8.37100378703326e-06,1.9556884581106715e-05,0.0,0.0,0.0009132000589791762
4679.0,0.0,0.0,0.0,0.0,0.0,0.0
4680.0,0.0,0.0,0.0,0.0,0.0,0.0
4681.0,0.0,0.0,0.0,0.0,0.0,0.0
4682.0,0.0,0.0,0.0,0.0,0.0,0.0
4683.0,0.0,0.0,0.0,0.0,0.0,0.0
4684.0,0.0,0.0,0.0,0.0,0.0,0.0
4685.0,0.0,0.0,0.0,0.0,0.0,0.0
4686.0,0.0,0.0,0.0,0.0,0.0,0.0
4687.0,0.0,0.0,0.0,0.0,0.0,0.0
4688.0,0.0,0.0,0.0,0.0,0.0,0.0
4689.0,0.0,0.0,0.0,0.0,0.0,0.0
4690.0,0.0,0.0,0.0,0.0,0.0,0.0
4691.0,0.0,0.0,0.0,0.0,0.0,0.0
4692.0,0.0,0.0,0.0,0.0,0.0,0.0
4693.0,0.0,0.0,0.0,0.0,0.0,0.0
4694.0,0.0,0.0,0.0,0.0,0.0,0.0
4695.0,0.0,0.0,0.0,0.0,0.0,0.0
4696.0,0.00015350962348747998,0.0,0.0,0.0,0.001736111111111111,0.012792468623956665
4697.0,0.00012922112364321947,0.0,0.0,0.0,0.0,0.010768426970268289
4698.0,3.4040873231333535e-08,0.0,0.0,0.0,0.0,2.836739435944461e-06
4699.0,0.0,0.0,0.0,0.0,0.0,0.0
4700.0,0.0,0.0,0.0,0.0,0.0,0.0
4701.0,0.0,0.0,0.0,0.0,0.0,0.0
4702.0,1.4719977116328664e-05,8.37100378703326e-06,1.9556884581106715e-05,0.0,0.0,0.0012266647596940554
4703.0,1.1009463378286455e-05,8.37100378703326e-06,1.9556884581106715e-05,0.0,0.0,0.0009174552815238712
4704.0,0.0,0.0,0.0,0.0,0.0,0.0
4705.0,0.0,0.0,0.0,0.0,0.0,0.0
4706.0,0.0,0.0,0.0,0.0,0.0,0.0
4707.0,0.0,0.0,0.0,0.0,0.0,0.0
4708.0,0.0,0.0,0.0,0.0,0.0,0.0
4709.0,0.0,0.0,0.0,0.0,0.0,0.0
4710.0,0.0,0.0,0.0,0.0,0.0,0.0
4711.0,0.0,0.0,0.0,0.0,0.0,0.0
4712.0,0.0,0.0,0.0,0.0,0.0,0.0
4713.0,0.0,0.0,0.0,0.0,0.0,0.0
4714.0,0.0,0.0,0.0,0.0,0.0,0.0
4715.0,0.0,0.0,0.0,0.0,0.0,0.0
4716.0,0.0,0.0,0.0,0.0,0.0,0.0
4717.0,0.0,0.0,0.0,0.0,0.0,0.0
4718.0,0.0,0.0,0.0,0.0,0.0,0.0
4719.0,0.00028761569410562515,0.0,0.0,0.0,0.001736111111111111,0.023967974508802097
4720.0,0.0,0.0,0.0,0.0,0.0,0.0
4721.0,0.0,0.0,0.0,0.0,0.0,0.0
4722.0,0.0,0.0,0.0,0.0,0.0,0.0
4723.0,0.0,0.0,0.0,0.0,0.0,0.0
4724.0,0.0,0.0,0.0,0.0,0.0,0.0
4725.0,0.0,0.0,0.0,0.0,0.0,0.0
4726.0,0.0,0.0,0.0,0.0,0.0,0.0
4727.0,1.4583811207558028e-05,8.37100378703326e-06,1.9556884581106715e-05,0.0,0.0,0.0012153176006298356
4728.0,1.0958400707750116e-05,8.37100378703326e-06,1.9556884581106715e-05,0.0,0.0,0.0009132000589791762
4729.0,0.0,0.0,0.0,0.0,0.0,0.0
4730.0,0.0,0.0,0.0,0.0,0.0,0.0
4731.0,0.0,0.0,0.0,0.0,0.0,0.0
4732.0,0.0,0.0,0.0,0.0,0.0,0.0
4733.0,0.0,0.0,0.0,0.0,0.0,0.0
4734.0,0.0,0.0,0.0,0.0,0.0,0.0
4735.0,0.0,0.0,0.0,0.0,0.0,0.0
4736.0,0.0,0.0,0.0,0.0,0.0,0.0
4737.0,0.0,0.0,0.0,0.0,0.0,0.0
4738.0,0.0,0.0,0.0,0.0,0.0,0.0
4739.0,0.0,0.0,0.0,0.0,0.0,0.0
4740.0,0.0,0.0,0.0,0.0,0.0,0.0
4741.0,0.0,0.0,0.0,0.0,0.0,0.0
4742.0,0.0,0.0,0.0,0.0,0.0,0.0
4743.0,0.0,0.0,0.0,0.0,0.0,0.0
4744.0,0.0,0.0,0.0,0.0,0.0,0.0
4745.0,0.0,0.0,0.0,0.0,0.0,0.0
4746.0,0.00019944095402024686,0.0,0.0,0.0,0.0,0.01662007950168724
4747.0,0.0,0.0,0.0,0.0,0.0,0.0
4748.0,0.0,0.0,0.0,0.0,0.0,0.0
4749.0,0.0,0.0,0.0,0.0,0.0,0.0
4750.0,0.00038160401163622737,0.0017485931748524308,0.0,0.0,0.012152777777777778,0.08101851851851852
4751.0,0.0004799324960913509,0.0017204184550791979,0.0,0.0,0.008680555555555556,0.05787037037037038
4752.0,0.0004929039278067648,0.0027819289825856686,1.9556884581106715e-05,0.0,0.013888888888888888,0.09259259259259259
4753.0,0.00035083125112578273,0.002206329023465514,1.9556884581106715e-05,0.0,0.003472222222222222,0.055158225586637855
4754.0,0.00014673346595373005,0.0006975442520342767,0.0,0.0,0.003472222222222222,0.023148148148148147
4755.0,0.0004752518143504858,0.0015012940857559443,0.0,0.0,0.006944444444444444,0.046296296296296294
4756.0,0.0,0.0,0.0,0.0,0.0,0.0
4757.0,0.0,0.0,0.0,0.0,0.0,0.0
4758.0,0.0,0.0,0.0,0.0,0.0,0.0
4759.0,0.0,0.0,0.0,0.0,0.0,0.0
4760.0,0.0,0.0,0.0,0.0,0.0,0.0
4761.0,1.1980937415501103e-05,5.06265860167332e-05,0.0,0.0,0.001736111111111111,0.011574074074074073
4762.0,0.0024883251171559095,0.010604147799313068,0.0,0.0,0.046875,0.3125
4763.0,0.0,0.0,0.0,0.0,0.0,0.0
4764.0,0.0,0.0,0.0,0.0,0.0,0.0
4765.0,0.0,0.0,0.0,0.0,0.0,0.0
4766.0,0.0,0.0,0.0,0.0,0.0,0.0
4767.0,0.0,0.0,0.0,0.0,0.0,0.0
4768.0,0.0,0.0,0.0,0.0,0.0,0.0
4769.0,0.00030926859471946955,0.0008005580166354775,0.0,0.0,0.008680555555555556,0.05787037037037038
4770.0,0.0004487676196731627,0.0013543673558160663,0.0,0.0,0.008680555555555556,0.05787037037037038
4771.0,0.00016559431969653815,0.0,0.0,0.0,0.0,0.01379952664137818
4772.0,0.0,0.0,0.0,0.0,0.0,0.0
4773.0,0.0,0.0,0.0,0.0,0.0,0.0
4774.0,0.00019349124340806156,0.0007518025813624263,0.0,0.0,0.005208333333333333,0.034722222222222224
4775.0,0.00039743317756801844,0.0008477727533318102,0.0,0.0,0.006944444444444444,0.046296296296296294
4776.0,0.0,0.0,0.0,0.0,0.0,0.0
4777.0,2.2736714527127333e-05,3.8526766729773954e-05,1.9556884581106715e-05,0.0,0.0,0.0018947262105939444
4778.0,1.1196691048098728e-05,9.251466508430894e-06,1.9556884581106715e-05,0.0,0.0,0.0009330575873415606
4779.0,0.00012338302622083575,0.0007935144240036607,0.0,0.0,0.0,0.019837860600091517
4780.0,0.0002469192259013653,0.0015966036589816213,0.0,0.0,0.003472222222222222,0.03991509147454053
4781.0,0.0002352259907638654,0.0015146109508350492,0.0,0.0,0.005208333333333333,0.03786527377087623
4782.0,4.251769496477209e-05,0.0002629272930789739,0.0,0.0,0.0,0.006573182326974347
4783.0,9.654138557380065e-05,0.00012623592920135707,0.0,0.0,0.0,0.008045115464483388
4784.0,3.691788879223168e-05,0.0,0.0,0.0,0.0,0.0030764907326859734
4785.0,0.00031132553704082966,0.0007164741400629282,0.0,0.0,0.001736111111111111,0.02594379475340247
4786.0,8.871336467564106e-05,0.0005301469354890287,0.0,0.0,0.0,0.013253673387225717
4787.0,6.680623482679948e-05,0.0004318655701354146,0.0,0.0,0.0,0.010796639253385365
4788.0,0.0,0.0,0.0,0.0,0.0,0.0
4789.0,3.914756803169439e-07,2.5313202058896422e-06,0.0,0.0,0.0,6.328300514724106e-05
4790.0,3.0963794415583834e-05,0.00019975432951468974,0.0,0.0,0.0,0.004993858237867244
4791.0,1.702069994280464e-06,1.1005750820913818e-05,0.0,0.0,0.0,0.00027514377052284544
4792.0,0.0,0.0,0.0,0.0,0.0,0.0
4793.0,0.0,0.0,0.0,0.0,0.0,0.0
4794.0,6.761855274817208e-06,2.2011487089912407e-05,0.0,0.0,0.0,0.0005634879395681006
4795.0,0.0,0.0,0.0,0.0,0.0,0.0
4796.0,0.0,0.0,0.0,0.0,0.0,0.0
4797.0,0.0,0.0,0.0,0.0,0.0,0.0
4798.0,0.0,0.0,0.0,0.0,0.0,0.0
4799.0,0.0,0.0,0.0,0.0,0.0,0.0
4800.0,2.7028863769373856e-05,0.0,0.0,0.0,0.0,0.002252405314114488
4801.0,0.0,0.0,0.0,0.0,0.0,0.0
4802.0,1.25413262139773e-05,1.2553189662867226e-05,1.9556884581106715e-05,0.0,0.0,0.0010451105178314417
4803.0,0.002809637226164341,0.009889550507068634,1.9556884581106715e-05,0.0,0.03993055555555555,0.2662037037037037
4804.0,0.0,0.0,0.0,0.0,0.0,0.0
4805.0,0.0,0.0,0.0,0.0,0.0,0.0
4806.0,0.0,0.0,0.0,0.0,0.0,0.0
4807.0,0.0,0.0,0.0,0.0,0.0,0.0
4808.0,0.0,0.0,0.0,0.0,0.0,0.0
4809.0,0.0,0.0,0.0,0.0,0.0,0.0
4810.0,0.0,0.0,0.0,0.0,0.0,0.0
4811.0,0.0,0.0,0.0,0.0,0.0,0.0
4812.0,0.0,0.0,0.0,0.0,0.0,0.0
4813.0,1.3023977771808859e-05,0.0,0.0,0.0,0.0,0.0010853314809840715
4814.0,0.00014161218132358044,0.0,0.0,0.0,0.0,0.011801015110298371
4815.0,4.844089926336892e-05,0.0,0.0,0.0,0.001736111111111111,0.011574074074074073
4816.0,6.94270565873012e-05,0.0,0.0,0.0,0.0,0.005785588048941766
4817.0,0.0,0.0,0.0,0.0,0.0,0.0
4818.0,0.0,0.0,0.0,0.0,0.0,0.0
4819.0,4.434166839928366e-06,0.0,0.0,0.0,0.0,0.00036951390332736384
4820.0,0.0,0.0,0.0,0.0,0.0,0.0
4821.0,0.0,0.0,0.0,0.0,0.0,0.0
4822.0,0.0,0.0,0.0,0.0,0.0,0.0
4823.0,0.0,0.0,0.0,0.0,0.0,0.0
4824.0,0.0,0.0,0.0,0.0,0.0,0.0
4825.0,0.0,0.0,0.0,0.0,0.0,0.0
4826.0,0.0,0.0,0.0,0.0,0.0,0.0
4827.0,1.0450930858496577e-05,8.37100378703326e-06,1.9556884581106715e-05,0.0,0.0,0.0008709109048747147
4828.0,1.0450930858496577e-05,8.37100378703326e-06,1.9556884581106715e-05,0.0,0.0,0.0008709109048747147
4829.0,0.0,0.0,0.0,0.0,0.0,0.0
4830.0,0.0,0.0,0.0,0.0,0.0,0.0
4831.0,0.0,0.0,0.0,0.0,0.0,0.0
4832.0,0.0,0.0,0.0,0.0,0.0,0.0
4833.0,0.0,0.0,0.0,0.0,0.0,0.0
4834.0,0.0,0.0,0.0,0.0,0.0,0.0
4835.0,0.0,0.0,0.0,0.0,0.0,0.0
4836.0,0.0,0.0,0.0,0.0,0.0,0.0
4837.0,0.0,0.0,0.0,0.0,0.0,0.0
4838.0,0.0,0.0,0.0,0.0,0.0,0.0
4839.0,0.0,0.0,0.0,0.0,0.0,0.0
4840.0,0.0,0.0,0.0,0.0,0.0,0.0
4841.0,0.0,0.0,0.0,0.0,0.0,0.0
4842.0,0.0,0.0,0.0,0.0,0.0,0.0
4843.0,0.00027043052250519395,0.0,0.0,0.0,0.001736111111111111,0.02253587687543283
4844.0,1.5920639953037607e-06,0.0,0.0,0.0,0.0,0.00013267199960864673
4845.0,0.00021825634757988155,0.0,0.0,0.0,0.0,0.018188028964990128
4846.0,0.00019413804693613201,0.0,0.0,0.0,0.0,0.016178170578011002
4847.0,2.076524651783984e-06,0.0,0.0,0.0,0.0,0.0001730437209819987
4848.0,0.0,0.0,0.0,0.0,0.0,0.0
4849.0,0.0,0.0,0.0,0.0,0.0,0.0
4850.0,0.0,0.0,0.0,0.0,0.0,0.0
4851.0,0.0,0.0,0.0,0.0,0.0,0.0
4852.0,1.5213569895422552e-05,8.37100378703326e-06,1.9556884581106715e-05,0.0,0.0,0.0012677974912852126
4853.0,1.1009463378286455e-05,8.37100378703326e-06,1.9556884581106715e-05,0.0,0.0,0.0009174552815238712
4854.0,0.0,0.0,0.0,0.0,0.0,0.0
4855.0,0.0,0.0,0.0,0.0,0.0,0.0
4856.0,0.0,0.0,0.0,0.0,0.0,0.0
4857.0,0.0,0.0,0.0,0.0,0.0,0.0
4858.0,0.0,0.0,0.0,0.0,0.0,0.0
4859.0,0.0,0.0,0.0,0.0,0.0,0.0
4860.0,0.0,0.0,0.0,0.0,0.0,0.0
4861.0,0.02983863279223442,0.016761111095547676,0.006543722469359636,0.0006762283737771213,0.2378472222222222,2.4865527326862016
4862.0,3.421160499783582e-06,0.0,0.0,0.0,0.0,0.0002850967083152985
4863.0,8.340138606399705e-07,0.0,0.0,0.0,0.0,6.950115505333088e-05
4864.0,1.1914481774510932e-06,0.0,0.0,0.0,0.0,9.928734812092443e-05
4865.0,5.106203389004804e-07,0.0,0.0,0.0,0.0,4.255169490837337e-05
4866.0,5.276410774968099e-07,0.0,0.0,0.0,0.0,4.3970089791400824e-05
4867.0,5.276410774968099e-07,0.0,0.0,0.0,0.0,4.3970089791400824e-05
4868.0,5.106203389004804e-07,0.0,0.0,0.0,0.0,4.255169490837337e-05
4869.0,4.9174581363331527e-05,3.5263292375020683e-07,0.00019488499674480408,4.123489998164587e-05,0.0,0.005154362497705733
4870.0,4.459423962543951e-06,0.0,0.0,0.0,0.0,0.0003716186635453293
4871.0,0.0,0.0,0.0,0.0,0.0,0.0
4872.0,0.0,0.0,0.0,0.0,0.0,0.0
4873.0,0.036097291857004166,0.019677571952342987,0.0,0.0003888062492478639,0.3854166666666667,3.008107654750347
4874.0,9.052451446223131e-07,4.276815559478564e-07,0.0,0.0,0.0,7.543709538519276e-05
4875.0,0.0,0.0,0.0,0.0,0.0,0.0
4876.0,0.0,0.0,0.0,0.0,0.0,0.0
4877.0,0.049991216510534286,0.03168494999408722,0.0,0.00027640938060358167,0.18055555555555555,4.16593470921119
4878.0,0.0,0.0,0.0,0.0,0.0,0.0
4879.0,0.04426562041044235,0.023028645664453506,0.0,0.00038130825851112604,0.2986111111111111,3.688801700870196
4880.0,0.07055249810218811,0.031332459300756454,0.0,0.00031910112011246383,0.3663194444444444,5.8793748418490095
4881.0,0.07294716686010361,0.037523943930864334,1.823302955017425e-05,0.0003533956769388169,0.3038194444444444,6.078930571675301
4882.0,0.04548463597893715,0.02848375402390957,1.823302955017425e-05,0.00041558072553016245,0.3229166666666667,3.7903863315780955
4883.0,0.04116863012313843,0.03594069927930832,1.7663488733887789e-06,0.0003531055699568242,0.2482638888888889,3.430719176928202
4884.0,0.015512343496084213,0.010783946141600609,0.0,1.00322913567652e-05,0.1284722222222222,1.292695291340351
4885.0,0.04572204500436783,0.038927096873521805,0.0,0.00044161436380818486,0.4652777777777778,3.810170417030652
4886.0,0.029842421412467957,0.02152077481150627,1.7663488733887789e-06,0.0003588373656384647,0.22743055555555555,2.4868684510389962
4887.0,0.038493379950523376,0.017570020630955696,0.0066037545911967754,0.000440463685663417,0.2552083333333333,3.207781662543615
4888.0,0.02984115108847618,0.016762450337409973,0.006543722469359636,0.0006762283737771213,0.2378472222222222,2.4867625907063484
4889.0,1.1403868711568066e-06,0.0,0.0,0.0,0.0,9.503223926306721e-05
4890.0,9.531592581879522e-07,0.0,0.0,0.0,0.0,7.942993818232935e-05
4891.0,8.850756785250269e-07,0.0,0.0,0.0,0.0,7.375630654375225e-05
4892.0,5.106203389004804e-07,0.0,0.0,0.0,0.0,4.255169490837337e-05
4893.0,5.276410774968099e-07,0.0,0.0,0.0,0.0,4.3970089791400824e-05
4894.0,5.276410774968099e-07,0.0,0.0,0.0,0.0,4.3970089791400824e-05
4895.0,5.106203389004804e-07,0.0,0.0,0.0,0.0,4.255169490837337e-05
4896.0,4.638318932848051e-05,3.5263292375020683e-07,0.00019488499674480408,4.123489998164587e-05,0.0,0.005154362497705733
4897.0,0.0,0.0,0.0,0.0,0.0,0.0
4898.0,0.0,0.0,0.0,0.0,0.0,0.0
4899.0,0.0,0.0,0.0,0.0,0.0,0.0
4900.0,0.0,0.0,0.0,0.0,0.0,0.0
4901.0,0.0,0.0,0.0,0.0,0.0,0.0
4902.0,0.0,0.0,0.0,0.0,0.0,0.0
4903.0,0.0,0.0,0.0,0.0,0.0,0.0
4904.0,0.0,0.0,0.0,0.0,0.0,0.0
4905.0,0.0,0.0,0.0,0.0,0.0,0.0
4906.0,0.0,0.0,0.0,0.0,0.0,0.0
4907.0,0.0,0.0,0.0,0.0,0.0,0.0
4908.0,0.0,0.0,0.0,0.0,0.0,0.0
4909.0,0.0,0.0,0.0,0.0,0.0,0.0
4910.0,0.0,0.0,0.0,0.0,0.0,0.0
4911.0,0.0,0.0,0.0,0.0,0.0,0.0
4912.0,1.2340006833255757e-05,0.0,0.0,0.0,0.0,0.001028333902771313
4913.0,1.2340006833255757e-05,0.0,0.0,0.0,0.0,0.001028333902771313
4914.0,0.0,0.0,0.0,0.0,0.0,0.0
4915.0,0.0,0.0,0.0,0.0,0.0,0.0
4916.0,0.0,0.0,0.0,0.0,0.0,0.0
4917.0,0.0,0.0,0.0,0.0,0.0,0.0
4918.0,0.0,0.0,0.0,0.0,0.0,0.0
4919.0,0.0,0.0,0.0,0.0,0.0,0.0
4920.0,0.0,0.0,0.0,0.0,0.0,0.0
4921.0,0.0,0.0,0.0,0.0,0.0,0.0
4922.0,0.0,0.0,0.0,0.0,0.0,0.0
4923.0,0.0,0.0,0.0,0.0,0.0,0.0
4924.0,0.0,0.0,0.0,0.0,0.0,0.0
4925.0,0.0,0.0,0.0,0.0,0.0,0.0
4926.0,0.0,0.0,0.0,0.0,0.0,0.0
4927.0,0.0,0.0,0.0,0.0,0.0,0.0
4928.0,0.0,0.0,0.0,0.0,0.0,0.0
4929.0,0.0,0.0,0.0,0.0,0.0,0.0
4930.0,0.0,0.0,0.0,0.0,0.0,0.0
4931.0,0.0,0.0,0.0,0.0,0.0,0.0
4932.0,0.0,0.0,0.0,0.0,0.0,0.0
4933.0,0.0,0.0,0.0,0.0,0.0,0.0
4934.0,0.0,0.0,0.0,0.0,0.0,0.0
4935.0,0.0,0.0,0.0,0.0,0.0,0.0
4936.0,0.0,0.0,0.0,0.0,0.0,0.0
4937.0,1.2340006833255757e-05,0.0,0.0,0.0,0.0,0.001028333902771313
4938.0,1.2340006833255757e-05,0.0,0.0,0.0,0.0,0.001028333902771313
4939.0,0.0,0.0,0.0,0.0,0.0,0.0
4940.0,0.0,0.0,0.0,0.0,0.0,0.0
4941.0,0.0,0.0,0.0,0.0,0.0,0.0
4942.0,0.0,0.0,0.0,0.0,0.0,0.0
