timestamp_s,full_change,title_change,header_change,counter_change,hash_change,candidate_score
1.0,1.7020436615666767e-08,0.0,0.0,0.0,0.0,1.4183697179722306e-06
2.0,0.0,0.0,0.0,0.0,0.0,0.0
3.0,0.0,0.0,0.0,0.0,0.0,0.0
4.0,0.0,0.0,0.0,0.0,0.0,0.0
5.0,0.0,0.0,0.0,0.0,0.0,0.0
6.0,0.0,0.0,0.0,0.0,0.0,0.0
7.0,0.0,0.0,0.0,0.0,0.0,0.0
8.0,7.156840729294345e-05,7.260070560732856e-05,0.0005832042079418898,0.00017933234630618244,0.0,0.022416543288272806
9.0,0.03537781536579132,0.04108268395066261,2.0875324935332173e-06,0.0002167811180697754,0.3663194444444444,2.94815128048261
10.0,0.0,0.0,0.0,0.0,0.0,0.0
11.0,0.0,0.0,0.0,0.0,0.0,0.0
12.0,0.0,0.0,0.0,0.0,0.0,0.0
13.0,0.0,0.0,0.0,0.0,0.0,0.0
14.0,0.0,0.0,0.0,0.0,0.0,0.0
15.0,0.0,0.0,0.0,0.0,0.0,0.0
16.0,0.0,0.0,0.0,0.0,0.0,0.0
17.0,0.0002520324196666479,0.00035665379255078733,0.0,4.747412458527833e-05,0.005208333333333333,0.034722222222222224
18.0,0.0,0.0,0.0,0.0,0.0,0.0
19.0,0.0,0.0,0.0,0.0,0.0,0.0
20.0,0.0,0.0,0.0,0.0,0.0,0.0
21.0,0.0,0.0,0.0,0.0,0.0,0.0
22.0,0.0,0.0,0.0,0.0,0.0,0.0
23.0,0.0,0.0,0.0,0.0,0.0,0.0
24.0,1.5318755686166696e-07,0.0,0.0,0.0,0.0,1.2765629738472247e-05
25.0,0.04850596934556961,0.03717222437262535,0.0,0.0006500725285150111,0.24479166666666666,4.042164112130801
26.0,0.0,0.0,0.0,0.0,0.0,0.0
27.0,0.0,0.0,0.0,0.0,0.0,0.0
28.0,0.0,0.0,0.0,0.0,0.0,0.0
29.0,0.0,0.0,0.0,0.0,0.0,0.0
30.0,0.0,0.0,0.0,0.0,0.0,0.0
31.0,0.0,0.0,0.0,0.0,0.0,0.0
32.0,0.0,0.0,0.0,0.0,0.0,0.0
33.0,0.0,0.0,0.0,0.0,0.0,0.0
34.0,0.0,0.0,0.0,0.0,0.0,0.0
35.0,0.0,0.0,0.0,0.0,0.0,0.0
36.0,0.0,0.0,0.0,0.0,0.0,0.0
37.0,0.0,0.0,0.0,0.0,0.0,0.0
38.0,0.0,0.0,0.0,0.0,0.0,0.0
39.0,0.0,0.0,0.0,0.0,0.0,0.0
40.0,0.03566468879580498,0.01634591445326805,0.0,0.0005367954145185649,0.2986111111111111,2.972057399650415
41.0,0.0,0.0,0.0,0.0,0.0,0.0
42.0,0.0,0.0,0.0,0.0,0.0,0.0
43.0,0.0,0.0,0.0,0.0,0.0,0.0
44.0,0.0,0.0,0.0,0.0,0.0,0.0
45.0,0.0,0.0,0.0,0.0,0.0,0.0
46.0,0.0,0.0,0.0,0.0,0.0,0.0
47.0,0.0,0.0,0.0,0.0,0.0,0.0
48.0,0.0,0.0,0.0,0.0,0.0,0.0
49.0,0.0,0.0,0.0,0.0,0.0,0.0
50.0,0.0,0.0,0.0,0.0,0.0,0.0
51.0,0.0,0.0,0.0,0.0,0.0,0.0
52.0,0.0,0.0,0.0,0.0,0.0,0.0
53.0,0.0,0.0,0.0,0.0,0.0,0.0
54.0,0.0,0.0,0.0,0.0,0.0,0.0
55.0,0.0,0.0,0.0,0.0,0.0,0.0
56.0,2.864827729354147e-05,2.422192119411193e-05,0.00013063050573691726,0.0,0.0,0.0023873564411284556
57.0,2.864827729354147e-05,2.422192119411193e-05,0.00013063050573691726,0.0,0.0,0.0023873564411284556
58.0,0.0,0.0,0.0,0.0,0.0,0.0
59.0,0.0,0.0,0.0,0.0,0.0,0.0
60.0,0.0,0.0,0.0,0.0,0.0,0.0
61.0,0.0,0.0,0.0,0.0,0.0,0.0
62.0,0.0,0.0,0.0,0.0,0.0,0.0
63.0,0.00023384729865938425,0.0,0.0,0.0,0.0,0.01948727488828202
64.0,1.1914487174635724e-07,0.0,0.0,0.0,0.0,9.928739312196436e-06
65.0,2.6041709588753292e-06,0.0,0.0,0.0,0.0,0.0002170142465729441
66.0,3.2101026590680704e-05,0.0,0.0,0.0,0.0,0.002675085549223392
67.0,0.0001252893271157518,0.0,0.0,0.0,0.0,0.010440777259645984
68.0,0.0,0.0,0.0,0.0,0.0,0.0
69.0,6.302762631094083e-05,0.0,0.0,0.0,0.005208333333333333,0.034722222222222224
70.0,8.164825703715906e-05,0.0,0.0,0.0,0.001736111111111111,0.011574074074074073
71.0,0.00010442194616189227,0.0,0.0,0.0,0.0,0.008701828846824355
72.0,7.92313294368796e-05,0.0,0.0,0.0,0.003472222222222222,0.023148148148148147
73.0,8.52736848173663e-05,0.0,0.0,0.0,0.0,0.007106140401447192
74.0,0.0,0.0,0.0,0.0,0.0,0.0
75.0,0.0,0.0,0.0,0.0,0.0,0.0
76.0,0.0,0.0,0.0,0.0,0.0,0.0
77.0,1.5216499377856962e-05,0.0,0.0,0.0,0.0,0.0012680416148214135
78.0,0.0002114480739692226,0.0,0.0,0.0,0.0,0.01762067283076855
79.0,7.552080933237448e-05,0.0,0.0,0.0,0.003472222222222222,0.023148148148148147
80.0,0.00010508576087886468,0.0,0.0,0.0,0.001736111111111111,0.011574074074074073
81.0,0.0001109432996599935,2.422192119411193e-05,0.00013063050573691726,0.0,0.001736111111111111,0.011574074074074073
82.0,9.4722599897068e-05,2.422192119411193e-05,0.00013063050573691726,0.0,0.001736111111111111,0.011574074074074073
83.0,0.0,0.0,0.0,0.0,0.0,0.0
84.0,0.0,0.0,0.0,0.0,0.0,0.0
85.0,0.0,0.0,0.0,0.0,0.0,0.0
86.0,0.0,0.0,0.0,0.0,0.0,0.0
87.0,0.0,0.0,0.0,0.0,0.0,0.0
88.0,0.0,0.0,0.0,0.0,0.0,0.0
89.0,0.0,0.0,0.0,0.0,0.0,0.0
90.0,5.174293619347736e-06,0.0,0.0,0.0,0.0,0.0004311911349456447
91.0,0.0013423198834061623,0.0,0.0,0.0,0.019097222222222224,0.12731481481481483
92.0,0.00041807928937487304,0.0,0.0,0.0,0.003472222222222222,0.03483994078123942
93.0,1.5318651946927275e-07,0.0,0.0,0.0,0.0,1.2765543289106063e-05
94.0,0.0,0.0,0.0,0.0,0.0,0.0
95.0,0.00035622611176222563,0.0,0.0,0.0,0.0,0.0296855093135188
96.0,2.7233423338657303e-07,0.0,0.0,0.0,0.0,2.2694519448881085e-05
97.0,0.0,0.0,0.0,0.0,0.0,0.0
98.0,1.834831891756039e-05,0.0,0.0,0.0,0.0,0.001529026576463366
99.0,0.00024788937298581004,0.0,0.0,0.0,0.0,0.020657447748817503
100.0,1.8892970956585486e-06,0.0,0.0,0.0,0.0,0.0001574414246382124
101.0,0.0,0.0,0.0,0.0,0.0,0.0
102.0,0.0,0.0,0.0,0.0,0.0,0.0
103.0,0.0,0.0,0.0,0.0,0.0,0.0
104.0,0.0,0.0,0.0,0.0,0.0,0.0
105.0,0.0,0.0,0.0,0.0,0.0,0.0
106.0,3.0929044442018494e-05,2.422192119411193e-05,0.00013063050573691726,0.0,0.0,0.0025774203701682077
107.0,2.8137656045146286e-05,2.422192119411193e-05,0.00013063050573691726,0.0,0.0,0.002344804670428857
108.0,0.0,0.0,0.0,0.0,0.0,0.0
109.0,0.0,0.0,0.0,0.0,0.0,0.0
110.0,0.0,0.0,0.0,0.0,0.0,0.0
111.0,0.0,0.0,0.0,0.0,0.0,0.0
112.0,0.0,0.0,0.0,0.0,0.0,0.0
113.0,0.0,0.0,0.0,0.0,0.0,0.0
114.0,0.0,0.0,0.0,0.0,0.0,0.0
115.0,0.0,0.0,0.0,0.0,0.0,0.0
116.0,0.0,0.0,0.0,0.0,0.0,0.0
117.0,0.0,0.0,0.0,0.0,0.0,0.0
118.0,0.0,0.0,0.0,0.0,0.0,0.0
119.0,0.0,0.0,0.0,0.0,0.0,0.0
120.0,0.0,0.0,0.0,0.0,0.0,0.0
121.0,0.0,0.0,0.0,0.0,0.0,0.0
122.0,0.0,0.0,0.0,0.0,0.0,0.0
123.0,0.0,0.0,0.0,0.0,0.0,0.0
124.0,0.0,0.0,0.0,0.0,0.0,0.0
125.0,0.0,0.0,0.0,0.0,0.0,0.0
126.0,0.0,0.0,0.0,0.0,0.0,0.0
127.0,0.0,0.0,0.0,0.0,0.0,0.0
128.0,0.0,0.0,0.0,0.0,0.0,0.0
129.0,0.0,0.0,0.0,0.0,0.0,0.0
130.0,0.0,0.0,0.0,0.0,0.0,0.0
131.0,2.8137656045146286e-05,2.422192119411193e-05,0.00013063050573691726,0.0,0.0,0.002344804670428857
132.0,2.8137656045146286e-05,2.422192119411193e-05,0.00013063050573691726,0.0,0.0,0.002344804670428857
133.0,0.0,0.0,0.0,0.0,0.0,0.0
134.0,0.0,0.0,0.0,0.0,0.0,0.0
135.0,0.0,0.0,0.0,0.0,0.0,0.0
136.0,0.0,0.0,0.0,0.0,0.0,0.0
137.0,0.0,0.0,0.0,0.0,0.0,0.0
138.0,0.0,0.0,0.0,0.0,0.0,0.0
139.0,0.0,0.0,0.0,0.0,0.0,0.0
140.0,0.0,0.0,0.0,0.0,0.0,0.0
141.0,0.0,0.0,0.0,0.0,0.0,0.0
142.0,0.0,0.0,0.0,0.0,0.0,0.0
143.0,0.0,0.0,0.0,0.0,0.0,0.0
144.0,0.0,0.0,0.0,0.0,0.0,0.0
145.0,0.0,0.0,0.0,0.0,0.0,0.0
146.0,0.0,0.0,0.0,0.0,0.0,0.0
147.0,0.0,0.0,0.0,0.0,0.0,0.0
148.0,0.0,0.0,0.0,0.0,0.0,0.0
149.0,0.0,0.0,0.0,0.0,0.0,0.0
150.0,0.0,0.0,0.0,0.0,0.0,0.0
151.0,0.0,0.0,0.0,0.0,0.0,0.0
152.0,0.0,0.0,0.0,0.0,0.0,0.0
153.0,0.0,0.0,0.0,0.0,0.0,0.0
154.0,0.041305363178253174,0.04680992290377617,0.0,0.00027092837262898684,0.3385416666666667,3.4421135981877646
155.0,1.4426768757402897e-07,9.328489909421478e-07,0.0,0.0,0.0,2.3321224773553695e-05
156.0,0.0,0.0,0.0,0.0,0.0,0.0
157.0,0.0,0.0,0.0,0.0,0.0,0.0
158.0,0.0,0.0,0.0,0.0,0.0,0.0
159.0,0.0,0.0,0.0,0.0,0.0,0.0
160.0,0.0,0.0,0.0,0.0,0.0,0.0
161.0,0.0,0.0,0.0,0.0,0.0,0.0
162.0,0.0,0.0,0.0,0.0,0.0,0.0
163.0,0.0,0.0,0.0,0.0,0.0,0.0
164.0,0.0,0.0,0.0,0.0,0.0,0.0
165.0,0.0,0.0,0.0,0.0,0.0,0.0
166.0,0.0,0.0,0.0,0.0,0.0,0.0
167.0,0.0,0.0,0.0,0.0,0.0,0.0
168.0,0.0,0.0,0.0,0.0,0.0,0.0
169.0,0.0,0.0,0.0,0.0,0.0,0.0
170.0,0.0,0.0,0.0,0.0,0.0,0.0
171.0,0.0,0.0,0.0,0.0,0.0,0.0
172.0,0.0,0.0,0.0,0.0,0.0,0.0
173.0,0.0,0.0,0.0,0.0,0.0,0.0
174.0,0.0,0.0,0.0,0.0,0.0,0.0
175.0,0.0,0.0,0.0,0.0,0.0,0.0
176.0,0.0,0.0,0.0,0.0,0.0,0.0
177.0,0.0,0.0,0.0,0.0,0.0,0.0
178.0,0.04677358269691467,0.05566808581352234,0.3986300528049469,0.0045776646584272385,0.3854166666666667,3.8977985580762224
179.0,0.0,0.0,0.0,0.0,0.0,0.0
180.0,0.0,0.0,0.0,0.0,0.0,0.0
181.0,0.0,0.0,0.0,0.0,0.0,0.0
182.0,0.0,0.0,0.0,0.0,0.0,0.0
183.0,9.674562170403078e-05,0.0,0.0,0.0,0.006944444444444444,0.046296296296296294
184.0,0.00022933681611903012,0.0,0.0,0.0,0.003472222222222222,0.023148148148148147
185.0,0.0,0.0,0.0,0.0,0.0,0.0
186.0,2.0339733964647166e-05,0.0001122586036217399,0.0,0.0,0.003472222222222222,0.023148148148148147
187.0,0.00031985287205316126,0.001712714321911335,0.0,0.0,0.006944444444444444,0.046296296296296294
188.0,0.00024280021898448467,0.0009154579602181911,0.0,0.0,0.005208333333333333,0.034722222222222224
189.0,0.00020516745280474424,0.00038410056731663644,0.0,0.0,0.005208333333333333,0.034722222222222224
190.0,0.00015168842219281942,0.0002158226998290047,0.0,0.0,0.003472222222222222,0.023148148148148147
191.0,0.0003429329372011125,0.0008095827652141452,0.0,0.0,0.010416666666666666,0.06944444444444445
192.0,0.0001534415641799569,0.0002197847788920626,0.0,0.0,0.0,0.01278679701499641
193.0,0.0,0.0,0.0,0.0,0.0,0.0
194.0,1.3412323824013583e-05,3.653908788692206e-05,0.0,0.0,0.0,0.001117693652001132
195.0,1.1914551834024678e-07,5.502899398379668e-07,0.0,0.0,0.0,1.375724849594917e-05
196.0,0.0,0.0,0.0,0.0,0.0,0.0
197.0,0.0,0.0,0.0,0.0,0.0,0.0
198.0,0.0,0.0,0.0,0.0,0.0,0.0
199.0,0.0,0.0,0.0,0.0,0.0,0.0
200.0,0.0,0.0,0.0,0.0,0.0,0.0
201.0,0.00031673809280619025,0.0,0.0,0.0,0.008680555555555556,0.05787037037037038
202.0,0.00033932458609342575,0.0,0.0,0.0,0.005208333333333333,0.034722222222222224
203.0,0.00014202066813595593,0.0,0.0,0.0,0.005208333333333333,0.034722222222222224
204.0,0.00020581424178089947,0.0,0.0,0.0,0.006944444444444444,0.046296296296296294
205.0,0.00010253265645587817,3.8079873775132e-05,0.0,0.0,0.003472222222222222,0.023148148148148147
206.0,0.00022789007925894111,0.0003727646544575691,0.0,0.0,0.001736111111111111,0.01899083993824509
207.0,0.000271769444225356,0.0,0.0,0.0,0.005208333333333333,0.034722222222222224
208.0,0.00017219834262505174,0.0,0.0,0.0,0.003472222222222222,0.023148148148148147
209.0,0.00022926874225959182,0.0,0.0,0.0,0.005208333333333333,0.034722222222222224
210.0,0.00022845175408292562,0.0,0.0,0.0,0.003472222222222222,0.023148148148148147
211.0,0.0001931338047143072,3.5218370157963363e-06,0.0,0.0,0.001736111111111111,0.016094483726192266
212.0,0.0001785300555638969,0.0,0.0,0.0,0.001736111111111111,0.01487750463032474
213.0,0.00017624927568249404,0.0,0.0,0.0,0.003472222222222222,0.023148148148148147
214.0,0.00019949954003095627,0.0,0.0,0.0,0.003472222222222222,0.023148148148148147
215.0,0.00031459348974749446,0.0,0.0,0.0,0.003472222222222222,0.026216124145624537
216.0,4.7657715640525566e-07,0.0,0.0,0.0,0.0,3.9714763033771305e-05
217.0,0.00012787646846845746,0.0,0.0,0.0,0.003472222222222222,0.023148148148148147
218.0,0.0002115672396030277,0.0,0.0,0.0,0.006944444444444444,0.046296296296296294
219.0,1.2442136721801944e-05,5.502899398379668e-07,0.0,0.0,0.0,0.0010368447268168286
220.0,3.6815756175201386e-05,5.502899398379668e-07,0.0,0.0,0.003472222222222222,0.023148148148148147
221.0,0.00024377038062084466,0.0,0.0,0.0,0.003472222222222222,0.023148148148148147
222.0,5.181098822504282e-05,0.0,0.0,0.0,0.0,0.004317582352086902
223.0,0.00018969562370330095,0.0,0.0,0.0,0.005208333333333333,0.034722222222222224
224.0,0.000241506626480259,0.0,0.0,0.0,0.001736111111111111,0.02012555220668825
225.0,0.00020142288121860474,0.0,0.0,0.0,0.005208333333333333,0.034722222222222224
226.0,0.00018501495651435107,0.0,0.0,0.0,0.001736111111111111,0.015417913042862589
227.0,0.00020518444944173098,0.0,0.0,0.0,0.001736111111111111,0.017098704120144248
228.0,0.00021672449656762183,0.0,0.0,0.0,0.001736111111111111,0.018060374713968486
229.0,0.00018293842731509358,0.0,0.0,0.0,0.001736111111111111,0.015244868942924464
230.0,3.477327845757827e-05,0.0,0.0,0.0,0.0,0.0028977732047981894
231.0,0.0,0.0,0.0,0.0,0.0,0.0
232.0,0.0,0.0,0.0,0.0,0.0,0.0
233.0,0.0,0.0,0.0,0.0,0.0,0.0
234.0,0.0,0.0,0.0,0.0,0.0,0.0
235.0,0.0,0.0,0.0,0.0,0.0,0.0
236.0,3.3020166938513285e-06,0.0,0.0,0.0,0.0,0.00027516805782094406
237.0,0.0,0.0,0.0,0.0,0.0,0.0
238.0,0.0,0.0,0.0,0.0,0.0,0.0
239.0,0.0,0.0,0.0,0.0,0.0,0.0
240.0,0.0,0.0,0.0,0.0,0.0,0.0
241.0,0.0,0.0,0.0,0.0,0.0,0.0
242.0,0.0,0.0,0.0,0.0,0.0,0.0
243.0,0.0,0.0,0.0,0.0,0.0,0.0
244.0,7.318898838093446e-07,5.502899398379668e-07,0.0,0.0,0.0,6.0990823650778715e-05
245.0,7.318898838093446e-07,5.502899398379668e-07,0.0,0.0,0.0,6.0990823650778715e-05
246.0,0.0,0.0,0.0,0.0,0.0,0.0
247.0,0.0,0.0,0.0,0.0,0.0,0.0
248.0,0.0,0.0,0.0,0.0,0.0,0.0
249.0,0.0,0.0,0.0,0.0,0.0,0.0
250.0,0.0,0.0,0.0,0.0,0.0,0.0
251.0,0.0,0.0,0.0,0.0,0.0,0.0
252.0,0.0,0.0,0.0,0.0,0.0,0.0
253.0,0.0,0.0,0.0,0.0,0.0,0.0
254.0,0.0,0.0,0.0,0.0,0.0,0.0
255.0,0.0,0.0,0.0,0.0,0.0,0.0
256.0,0.0,0.0,0.0,0.0,0.0,0.0
257.0,0.0,0.0,0.0,0.0,0.0,0.0
258.0,0.0,0.0,0.0,0.0,0.0,0.0
259.0,0.0,0.0,0.0,0.0,0.0,0.0
260.0,0.0,0.0,0.0,0.0,0.0,0.0
261.0,0.0,0.0,0.0,0.0,0.0,0.0
262.0,0.0,0.0,0.0,0.0,0.0,0.0
263.0,0.0,0.0,0.0,0.0,0.0,0.0
264.0,0.0,0.0,0.0,0.0,0.0,0.0
265.0,0.0,0.0,0.0,0.0,0.0,0.0
266.0,0.0,0.0,0.0,0.0,0.0,0.0
267.0,0.0,0.0,0.0,0.0,0.0,0.0
268.0,0.0,0.0,0.0,0.0,0.0,0.0
269.0,7.318898838093446e-07,5.502899398379668e-07,0.0,0.0,0.0,6.0990823650778715e-05
270.0,7.318898838093446e-07,5.502899398379668e-07,0.0,0.0,0.0,6.0990823650778715e-05
271.0,0.0,0.0,0.0,0.0,0.0,0.0
272.0,0.0,0.0,0.0,0.0,0.0,0.0
273.0,0.0,0.0,0.0,0.0,0.0,0.0
274.0,0.0,0.0,0.0,0.0,0.0,0.0
275.0,0.0071516698226332664,0.004778034519404173,0.0,0.0,0.1440972222222222,0.9606481481481481
276.0,0.04677358269691467,0.05566808581352234,0.3986300528049469,0.0045776646584272385,0.3854166666666667,3.8977985580762224
277.0,0.0,0.0,0.0,0.0,0.0,0.0
278.0,0.0,0.0,0.0,0.0,0.0,0.0
279.0,0.0,0.0,0.0,0.0,0.0,0.0
280.0,0.0,0.0,0.0,0.0,0.0,0.0
281.0,0.0,0.0,0.0,0.0,0.0,0.0
282.0,0.0,0.0,0.0,0.0,0.0,0.0
283.0,0.0,0.0,0.0,0.0,0.0,0.0
284.0,8.098090802377556e-07,2.0254890387150226e-06,1.0236166190225049e-06,0.0,0.0,6.748409001981297e-05
285.0,8.098090802377556e-07,2.0254890387150226e-06,1.0236166190225049e-06,0.0,0.0,6.748409001981297e-05
286.0,0.0,0.0,0.0,0.0,0.0,0.0
287.0,0.0,0.0,0.0,0.0,0.0,0.0
288.0,0.0,0.0,0.0,0.0,0.0,0.0
289.0,0.0,0.0,0.0,0.0,0.0,0.0
290.0,0.0,0.0,0.0,0.0,0.0,0.0
291.0,0.0,0.0,0.0,0.0,0.0,0.0
292.0,0.0,0.0,0.0,0.0,0.0,0.0
293.0,0.0,0.0,0.0,0.0,0.0,0.0
294.0,0.0,0.0,0.0,0.0,0.0,0.0
295.0,0.0,0.0,0.0,0.0,0.0,0.0
296.0,0.0,0.0,0.0,0.0,0.0,0.0
297.0,0.0,0.0,0.0,0.0,0.0,0.0
298.0,0.0,0.0,0.0,0.0,0.0,0.0
299.0,0.0,0.0,0.0,0.0,0.0,0.0
300.0,0.0,0.0,0.0,0.0,0.0,0.0
301.0,0.0,0.0,0.0,0.0,0.0,0.0
302.0,0.0,0.0,0.0,0.0,0.0,0.0
303.0,0.0,0.0,0.0,0.0,0.0,0.0
304.0,0.0,0.0,0.0,0.0,0.0,0.0
305.0,0.0,0.0,0.0,0.0,0.0,0.0
306.0,0.0,0.0,0.0,0.0,0.0,0.0
307.0,0.0,0.0,0.0,0.0,0.0,0.0
308.0,0.0,0.0,0.0,0.0,0.0,0.0
309.0,8.098090802377556e-07,2.0254890387150226e-06,1.0236166190225049e-06,0.0,0.0,6.748409001981297e-05
310.0,8.098090802377556e-07,2.0254890387150226e-06,1.0236166190225049e-06,0.0,0.0,6.748409001981297e-05
311.0,0.0,0.0,0.0,0.0,0.0,0.0
312.0,0.0,0.0,0.0,0.0,0.0,0.0
313.0,0.0,0.0,0.0,0.0,0.0,0.0
314.0,0.0,0.0,0.0,0.0,0.0,0.0
315.0,0.0,0.0,0.0,0.0,0.0,0.0
316.0,0.0,0.0,0.0,0.0,0.0,0.0
317.0,0.0,0.0,0.0,0.0,0.0,0.0
318.0,0.0,0.0,0.0,0.0,0.0,0.0
319.0,0.0,0.0,0.0,0.0,0.0,0.0
320.0,0.0,0.0,0.0,0.0,0.0,0.0
321.0,0.0,0.0,0.0,0.0,0.0,0.0
322.0,0.0,0.0,0.0,0.0,0.0,0.0
323.0,0.0,0.0,0.0,0.0,0.0,0.0
324.0,0.0,0.0,0.0,0.0,0.0,0.0
325.0,0.0,0.0,0.0,0.0,0.0,0.0
326.0,0.0,0.0,0.0,0.0,0.0,0.0
327.0,0.0,0.0,0.0,0.0,0.0,0.0
328.0,0.0,0.0,0.0,0.0,0.0,0.0
329.0,0.0,0.0,0.0,0.0,0.0,0.0
330.0,0.0,0.0,0.0,0.0,0.0,0.0
331.0,0.0,0.0,0.0,0.0,0.0,0.0
332.0,0.0,0.0,0.0,0.0,0.0,0.0
333.0,0.0,0.0,0.0,0.0,0.0,0.0
334.0,8.098090802377556e-07,2.0254890387150226e-06,1.0236166190225049e-06,0.0,0.0,6.748409001981297e-05
335.0,8.098090802377556e-07,2.0254890387150226e-06,1.0236166190225049e-06,0.0,0.0,6.748409001981297e-05
336.0,0.0,0.0,0.0,0.0,0.0,0.0
337.0,0.0,0.0,0.0,0.0,0.0,0.0
338.0,0.0,0.0,0.0,0.0,0.0,0.0
339.0,0.0,0.0,0.0,0.0,0.0,0.0
340.0,0.0,0.0,0.0,0.0,0.0,0.0
341.0,0.0,0.0,0.0,0.0,0.0,0.0
342.0,0.0,0.0,0.0,0.0,0.0,0.0
343.0,0.0,0.0,0.0,0.0,0.0,0.0
344.0,0.0,0.0,0.0,0.0,0.0,0.0
345.0,0.0,0.0,0.0,0.0,0.0,0.0
346.0,0.00013023745850659907,0.0,0.0,0.0,0.0,0.01085312154221659
347.0,8.673745469423011e-05,0.0,0.0,0.0,0.0,0.0072281212245191755
348.0,0.0,0.0,0.0,0.0,0.0,0.0
349.0,0.0,0.0,0.0,0.0,0.0,0.0
350.0,0.0,0.0,0.0,0.0,0.0,0.0
351.0,7.684353477088735e-05,0.0,0.0,0.0,0.0,0.006403627897573945
352.0,4.66367018816527e-05,0.0,0.0,0.0,0.001736111111111111,0.011574074074074073
353.0,0.0,0.0,0.0,0.0,0.0,0.0
354.0,0.0,0.0,0.0,0.0,0.0,0.0
355.0,0.0,0.0,0.0,0.0,0.0,0.0
356.0,0.0,0.0,0.0,0.0,0.0,0.0
357.0,3.0075569156906568e-05,0.0,0.0,0.0,0.0,0.002506297429742214
358.0,7.688248297199607e-05,0.0,0.0,0.0,0.0,0.006406873580999672
359.0,5.133063950779615e-06,2.0254890387150226e-06,1.0236166190225049e-06,0.0,0.0,0.00042775532923163456
360.0,8.098090802377556e-07,2.0254890387150226e-06,1.0236166190225049e-06,0.0,0.0,6.748409001981297e-05
361.0,0.00020824820967391133,0.0,0.0,0.0,0.0,0.017354017472825944
362.0,2.1922656742390245e-05,0.0,0.0,0.0,0.0,0.0018268880618658536
363.0,0.0,0.0,0.0,0.0,0.0,0.0
364.0,0.0,0.0,0.0,0.0,0.0,0.0
365.0,0.0,0.0,0.0,0.0,0.0,0.0
366.0,0.0,0.0,0.0,0.0,0.0,0.0
367.0,0.0,0.0,0.0,0.0,0.0,0.0
368.0,2.7743719783757115e-06,0.0,0.0,0.0,0.0,0.0002311976648646426
369.0,0.0,0.0,0.0,0.0,0.0,0.0
370.0,0.0,0.0,0.0,0.0,0.0,0.0
371.0,0.0,0.0,0.0,0.0,0.0,0.0
372.0,0.0,0.0,0.0,0.0,0.0,0.0
373.0,0.0,0.0,0.0,0.0,0.0,0.0
374.0,0.0,0.0,0.0,0.0,0.0,0.0
375.0,0.0,0.0,0.0,0.0,0.0,0.0
376.0,0.0,0.0,0.0,0.0,0.0,0.0
377.0,0.0,0.0,0.0,0.0,0.0,0.0
378.0,0.0,0.0,0.0,0.0,0.0,0.0
379.0,0.0,0.0,0.0,0.0,0.0,0.0
380.0,0.0,0.0,0.0,0.0,0.0,0.0
381.0,6.375952216330916e-05,0.0,0.0,0.0,0.0,0.005313293513609096
382.0,0.0,0.0,0.0,0.0,0.0,0.0
383.0,0.0,0.0,0.0,0.0,0.0,0.0
384.0,2.3586919724039035e-06,2.0254890387150226e-06,1.0236166190225049e-06,0.0,0.0,0.00019655766436699196
385.0,8.098090802377556e-07,2.0254890387150226e-06,1.0236166190225049e-06,0.0,0.0,6.748409001981297e-05
386.0,0.0,0.0,0.0,0.0,0.0,0.0
387.0,0.0,0.0,0.0,0.0,0.0,0.0
388.0,0.0,0.0,0.0,0.0,0.0,0.0
389.0,0.0,0.0,0.0,0.0,0.0,0.0
390.0,0.0,0.0,0.0,0.0,0.0,0.0
391.0,0.0,0.0,0.0,0.0,0.0,0.0
392.0,0.0,0.0,0.0,0.0,0.0,0.0
393.0,0.0,0.0,0.0,0.0,0.0,0.0
394.0,0.0,0.0,0.0,0.0,0.0,0.0
395.0,0.0,0.0,0.0,0.0,0.0,0.0
396.0,0.0,0.0,0.0,0.0,0.0,0.0
397.0,0.0,0.0,0.0,0.0,0.0,0.0
398.0,0.0,0.0,0.0,0.0,0.0,0.0
399.0,0.0,0.0,0.0,0.0,0.0,0.0
400.0,0.0,0.0,0.0,0.0,0.0,0.0
401.0,0.0,0.0,0.0,0.0,0.0,0.0
402.0,0.0,0.0,0.0,0.0,0.0,0.0
403.0,0.0,0.0,0.0,0.0,0.0,0.0
404.0,0.0,0.0,0.0,0.0,0.0,0.0
405.0,0.0,0.0,0.0,0.0,0.0,0.0
406.0,0.0,0.0,0.0,0.0,0.0,0.0
407.0,0.00015175652515608817,0.0,0.0,0.0,0.0,0.01264637709634068
408.0,7.674632797716185e-05,0.0,0.0,0.0,0.0,0.006395527331430155
409.0,0.00034469590173102915,2.0254890387150226e-06,1.0236166190225049e-06,0.0,0.001736111111111111,0.028724658477585763
410.0,0.00014218370779417455,2.0254890387150226e-06,1.0236166190225049e-06,0.0,0.0,0.011848642316181213
411.0,7.199750598374521e-06,0.0,0.0,0.0,0.0,0.0005999792165312101
412.0,0.0,0.0,0.0,0.0,0.0,0.0
413.0,0.0,0.0,0.0,0.0,0.0,0.0
414.0,0.0,0.0,0.0,0.0,0.0,0.0
415.0,0.0,0.0,0.0,0.0,0.0,0.0
416.0,0.0,0.0,0.0,0.0,0.0,0.0
417.0,7.84653821028769e-06,0.0,0.0,0.0,0.0,0.0006538781841906408
418.0,0.00021075023687444627,0.0,0.0,0.0,0.001736111111111111,0.01756251973953719
419.0,4.260279820300639e-05,0.0,0.0,0.0,0.001736111111111111,0.011574074074074073
420.0,0.00026919928495772183,0.0,0.0,0.0,0.0,0.022433273746476818
421.0,2.454384411976207e-05,0.0,0.0,0.0,0.0,0.002045320343313506
422.0,0.0,0.0,0.0,0.0,0.0,0.0
423.0,0.0,0.0,0.0,0.0,0.0,0.0
424.0,0.0,0.0,0.0,0.0,0.0,0.0
425.0,0.0,0.0,0.0,0.0,0.0,0.0
426.0,6.0253264564380515e-06,0.0,0.0,0.0,0.0,0.0005021105380365043
427.0,0.0,0.0,0.0,0.0,0.0,0.0
428.0,0.0,0.0,0.0,0.0,0.0,0.0
429.0,0.0,0.0,0.0,0.0,0.0,0.0
430.0,0.0,0.0,0.0,0.0,0.0,0.0
431.0,0.0,0.0,0.0,0.0,0.0,0.0
432.0,0.0,0.0,0.0,0.0,0.0,0.0
433.0,0.0,0.0,0.0,0.0,0.0,0.0
434.0,7.92788398484845e-07,2.0254890387150226e-06,1.0236166190225049e-06,0.0,0.0,6.606569987373707e-05
435.0,7.92788398484845e-07,2.0254890387150226e-06,1.0236166190225049e-06,0.0,0.0,6.606569987373707e-05
436.0,0.0,0.0,0.0,0.0,0.0,0.0
437.0,0.0,0.0,0.0,0.0,0.0,0.0
438.0,0.0,0.0,0.0,0.0,0.0,0.0
439.0,0.0,0.0,0.0,0.0,0.0,0.0
440.0,0.0,0.0,0.0,0.0,0.0,0.0
441.0,0.0,0.0,0.0,0.0,0.0,0.0
442.0,0.0,0.0,0.0,0.0,0.0,0.0
443.0,0.0,0.0,0.0,0.0,0.0,0.0
444.0,0.0,0.0,0.0,0.0,0.0,0.0
445.0,0.0,0.0,0.0,0.0,0.0,0.0
446.0,0.0,0.0,0.0,0.0,0.0,0.0
447.0,0.0,0.0,0.0,0.0,0.0,0.0
448.0,0.0,0.0,0.0,0.0,0.0,0.0
449.0,0.0,0.0,0.0,0.0,0.0,0.0
450.0,0.0,0.0,0.0,0.0,0.0,0.0
451.0,0.0,0.0,0.0,0.0,0.0,0.0
452.0,0.0,0.0,0.0,0.0,0.0,0.0
453.0,0.0,0.0,0.0,0.0,0.0,0.0
454.0,0.0,0.0,0.0,0.0,0.0,0.0
455.0,0.0,0.0,0.0,0.0,0.0,0.0
456.0,0.0,0.0,0.0,0.0,0.0,0.0
457.0,0.0,0.0,0.0,0.0,0.0,0.0
458.0,0.00011485564027680084,0.0,0.0,0.0,0.003472222222222222,0.023148148148148147
459.0,0.0008281857590191066,0.0011455225758254528,1.0236166190225049e-06,0.0,0.013888888888888888,0.09259259259259259
460.0,0.0005284172366373241,0.0004297088598832488,1.0236166190225049e-06,0.0,0.015625,0.10416666666666667
461.0,0.0004889704869128764,0.0,0.0,0.0,0.008680555555555556,0.05787037037037038
462.0,9.810727351577953e-05,0.0,0.0,0.0,0.0,0.00817560612631496
463.0,0.00015977324801497161,0.0,0.0,0.0,0.0,0.013314437334580967
464.0,0.00029832168365828693,0.0,0.0,0.0,0.0,0.024860140304857243
465.0,0.0003110361867584288,4.7324701881734654e-05,0.0,0.0,0.0,0.025919682229869068
466.0,4.9836584366858006e-05,4.402282911541988e-07,0.0,0.0,0.0,0.004153048697238167
467.0,6.973378185648471e-05,0.0003672617895063013,0.0,0.0,0.0,0.009181544737657532
468.0,0.0005193694378249347,1.122587127611041e-05,0.0,0.0,0.013888888888888888,0.09259259259259259
469.0,0.00042112599476240575,0.0,0.0,0.0,0.006944444444444444,0.046296296296296294
470.0,0.0002946452295873314,0.0,0.0,0.0,0.003472222222222222,0.02455376913227762
471.0,0.0002452292537782341,0.0,0.0,0.0,0.003472222222222222,0.023148148148148147
472.0,0.00022989852004684508,0.0,0.0,0.0,0.005208333333333333,0.034722222222222224
473.0,0.0002966536849271506,0.0,0.0,0.0,0.003472222222222222,0.024721140410595883
474.0,5.3393923735711724e-05,0.0,0.0,0.0,0.0,0.004449493644642644
475.0,0.0,0.0,0.0,0.0,0.0,0.0
476.0,2.1441190256155096e-05,0.0,0.0,0.0,0.0,0.0017867658546795913
477.0,0.00011972356151090935,0.0,0.0,0.0,0.0,0.009976963459242446
478.0,6.394675438059494e-05,0.0,0.0,0.0,0.0,0.005328896198382911
479.0,0.0,0.0,0.0,0.0,0.0,0.0
480.0,0.0,0.0,0.0,0.0,0.0,0.0
481.0,0.0,0.0,0.0,0.0,0.0,0.0
482.0,0.0,0.0,0.0,0.0,0.0,0.0
483.0,0.0,0.0,0.0,0.0,0.0,0.0
484.0,5.4054034990258515e-06,2.0254890387150226e-06,1.0236166190225049e-06,0.0,0.0,0.0004504502915854876
485.0,6.736450472999422e-07,2.0254890387150226e-06,1.0236166190225049e-06,0.0,0.0,5.613708727499518e-05
486.0,0.0,0.0,0.0,0.0,0.0,0.0
487.0,0.0,0.0,0.0,0.0,0.0,0.0
488.0,0.0,0.0,0.0,0.0,0.0,0.0
489.0,0.0,0.0,0.0,0.0,0.0,0.0
490.0,0.0,0.0,0.0,0.0,0.0,0.0
491.0,0.0,0.0,0.0,0.0,0.0,0.0
492.0,0.0,0.0,0.0,0.0,0.0,0.0
493.0,0.0,0.0,0.0,0.0,0.0,0.0
494.0,0.0,0.0,0.0,0.0,0.0,0.0
495.0,0.0,0.0,0.0,0.0,0.0,0.0
496.0,0.0,0.0,0.0,0.0,0.0,0.0
497.0,0.0,0.0,0.0,0.0,0.0,0.0
498.0,0.0,0.0,0.0,0.0,0.0,0.0
499.0,0.0,0.0,0.0,0.0,0.0,0.0
500.0,0.0,0.0,0.0,0.0,0.0,0.0
501.0,0.0,0.0,0.0,0.0,0.0,0.0
502.0,0.0,0.0,0.0,0.0,0.0,0.0
503.0,0.0,0.0,0.0,0.0,0.0,0.0
504.0,0.0,0.0,0.0,0.0,0.0,0.0
505.0,0.0,0.0,0.0,0.0,0.0,0.0
506.0,0.0,0.0,0.0,0.0,0.0,0.0
507.0,0.0,0.0,0.0,0.0,0.0,0.0
508.0,0.0,0.0,0.0,0.0,0.0,0.0
509.0,6.736450472999422e-07,2.0254890387150226e-06,1.0236166190225049e-06,0.0,0.0,5.613708727499518e-05
510.0,6.736450472999422e-07,2.0254890387150226e-06,1.0236166190225049e-06,0.0,0.0,5.613708727499518e-05
511.0,0.0,0.0,0.0,0.0,0.0,0.0
512.0,0.0,0.0,0.0,0.0,0.0,0.0
513.0,0.0,0.0,0.0,0.0,0.0,0.0
514.0,0.0,0.0,0.0,0.0,0.0,0.0
515.0,0.0,0.0,0.0,0.0,0.0,0.0
516.0,0.0,0.0,0.0,0.0,0.0,0.0
517.0,0.005737658590078354,0.001987527823075652,0.0,0.0,0.08159722222222222,0.5439814814814815
518.0,4.782810719916597e-06,0.0,0.0,0.0,0.0,0.00039856755999304977
519.0,0.0,0.0,0.0,0.0,0.0,0.0
520.0,0.0,0.0,0.0,0.0,0.0,0.0
521.0,0.0,0.0,0.0,0.0,0.0,0.0
522.0,0.0,0.0,0.0,0.0,0.0,0.0
523.0,0.0,0.0,0.0,0.0,0.0,0.0
524.0,0.0,0.0,0.0,0.0,0.0,0.0
525.0,0.0,0.0,0.0,0.0,0.0,0.0
526.0,0.0,0.0,0.0,0.0,0.0,0.0
527.0,0.0,0.0,0.0,0.0,0.0,0.0
528.0,0.0,0.0,0.0,0.0,0.0,0.0
529.0,0.0,0.0,0.0,0.0,0.0,0.0
530.0,0.055297333747148514,0.04326144605875015,0.00013063050573691726,0.00045157381100580096,0.2881944444444444,4.60811114559571
531.0,6.288271833909675e-05,6.410050991689786e-05,0.00013063050573691726,0.0,0.0,0.005240226528258063
532.0,6.467856792369275e-07,0.0,0.0,0.0,0.0,5.38988066030773e-05
533.0,2.553101694502402e-07,0.0,0.0,0.0,0.0,2.1275847454186685e-05
534.0,0.0,0.0,0.0,0.0,0.0,0.0
535.0,0.0,0.0,0.0,0.0,0.0,0.0
536.0,0.0,0.0,0.0,0.0,0.0,0.0
537.0,0.0,0.0,0.0,0.0,0.0,0.0
538.0,0.0,0.0,0.0,0.0,0.0,0.0
539.0,7.829512469470501e-07,0.0,0.0,0.0,0.0,6.524593724558751e-05
540.0,4.084964473349828e-07,0.0,0.0,0.0,0.0,3.404137061124857e-05
541.0,7.489095992241346e-07,0.0,0.0,0.0,0.0,6.240913326867788e-05
542.0,0.0,0.0,0.0,0.0,0.0,0.0
543.0,0.0,0.0,0.0,0.0,0.0,0.0
544.0,0.0,0.0,0.0,0.0,0.0,0.0
545.0,0.0,0.0,0.0,0.0,0.0,0.0
546.0,0.0,0.0,0.0,0.0,0.0,0.0
547.0,9.665030802352703e-07,9.667487574915867e-07,0.0,0.0,0.0,8.054192335293919e-05
548.0,7.792753535795782e-07,9.667487574915867e-07,0.0,0.0,0.0,6.493961279829819e-05
549.0,3.9147602137745707e-07,0.0,0.0,0.0,0.0,3.2623001781454754e-05
550.0,0.0,0.0,0.0,0.0,0.0,0.0
551.0,0.0,0.0,0.0,0.0,0.0,0.0
552.0,0.0,0.0,0.0,0.0,0.0,0.0
553.0,0.0,0.0,0.0,0.0,0.0,0.0
554.0,0.0,0.0,0.0,0.0,0.0,0.0
555.0,6.35805627098307e-05,6.410050991689786e-05,0.00013063050573691726,0.0,0.0,0.005298380225819225
556.0,6.288271833909675e-05,6.410050991689786e-05,0.00013063050573691726,0.0,0.0,0.005240226528258063
557.0,6.467856792369275e-07,0.0,0.0,0.0,0.0,5.38988066030773e-05
558.0,2.553101694502402e-07,0.0,0.0,0.0,0.0,2.1275847454186685e-05
559.0,0.0,0.0,0.0,0.0,0.0,0.0
560.0,0.0,0.0,0.0,0.0,0.0,0.0
561.0,0.0,0.0,0.0,0.0,0.0,0.0
562.0,0.0,0.0,0.0,0.0,0.0,0.0
563.0,0.0,0.0,0.0,0.0,0.0,0.0
564.0,7.829512469470501e-07,0.0,0.0,0.0,0.0,6.524593724558751e-05
565.0,4.084964473349828e-07,0.0,0.0,0.0,0.0,3.404137061124857e-05
566.0,7.489095992241346e-07,0.0,0.0,0.0,0.0,6.240913326867788e-05
567.0,0.0,0.0,0.0,0.0,0.0,0.0
568.0,0.0,0.0,0.0,0.0,0.0,0.0
569.0,0.0,0.0,0.0,0.0,0.0,0.0
570.0,0.0,0.0,0.0,0.0,0.0,0.0
571.0,0.0,0.0,0.0,0.0,0.0,0.0
572.0,9.665030802352703e-07,9.667487574915867e-07,0.0,0.0,0.0,8.054192335293919e-05
573.0,7.792753535795782e-07,9.667487574915867e-07,0.0,0.0,0.0,6.493961279829819e-05
574.0,3.9147602137745707e-07,0.0,0.0,0.0,0.0,3.2623001781454754e-05
575.0,0.0,0.0,0.0,0.0,0.0,0.0
576.0,0.0,0.0,0.0,0.0,0.0,0.0
577.0,0.0,0.0,0.0,0.0,0.0,0.0
578.0,0.0,0.0,0.0,0.0,0.0,0.0
579.0,0.0,0.0,0.0,0.0,0.0,0.0
580.0,6.35805627098307e-05,6.410050991689786e-05,0.00013063050573691726,0.0,0.0,0.005298380225819225
581.0,6.288271833909675e-05,6.410050991689786e-05,0.00013063050573691726,0.0,0.0,0.005240226528258063
582.0,6.467856792369275e-07,0.0,0.0,0.0,0.0,5.38988066030773e-05
583.0,2.553101694502402e-07,0.0,0.0,0.0,0.0,2.1275847454186685e-05
584.0,0.0,0.0,0.0,0.0,0.0,0.0
585.0,0.0,0.0,0.0,0.0,0.0,0.0
586.0,0.0,0.0,0.0,0.0,0.0,0.0
587.0,0.0,0.0,0.0,0.0,0.0,0.0
588.0,0.0,0.0,0.0,0.0,0.0,0.0
589.0,7.829512469470501e-07,0.0,0.0,0.0,0.0,6.524593724558751e-05
590.0,0.00031474666320718825,0.0,0.0,0.0,0.006944444444444444,0.046296296296296294
591.0,1.702069596376532e-08,0.0,0.0,0.0,0.0,1.4183913303137767e-06
592.0,0.0,0.0,0.0,0.0,0.0,0.0
593.0,0.00016983247769530863,0.0,0.0,0.0,0.0,0.014152706474609051
594.0,0.0002619654987938702,0.0,0.0,0.0,0.006944444444444444,0.046296296296296294
595.0,6.808278385506128e-08,0.0,0.0,0.0,0.0,5.673565321255107e-06
596.0,4.4628257455769926e-05,0.0,0.0,0.0,0.003472222222222222,0.023148148148148147
597.0,4.064174208906479e-05,9.667487574915867e-07,0.0,0.0,0.0,0.0033868118407553993
598.0,1.242143025592668e-05,9.667487574915867e-07,0.0,0.0,0.0,0.00103511918799389
599.0,3.9147602137745707e-07,0.0,0.0,0.0,0.0,3.2623001781454754e-05
600.0,0.00019527843687683344,0.0,0.0,0.0,0.003472222222222222,0.023148148148148147
601.0,0.0003596472670324147,0.0,0.0,0.0,0.006944444444444444,0.046296296296296294
602.0,0.0002781351504381746,0.0,0.0,0.0,0.006944444444444444,0.046296296296296294
603.0,0.0,0.0,0.0,0.0,0.0,0.0
604.0,0.0,0.0,0.0,0.0,0.0,0.0
605.0,6.417628901544958e-05,6.410050991689786e-05,0.00013063050573691726,0.0,0.0,0.005348024084620799
606.0,6.288271833909675e-05,6.410050991689786e-05,0.00013063050573691726,0.0,0.0,0.005240226528258063
607.0,6.467856792369275e-07,0.0,0.0,0.0,0.0,5.38988066030773e-05
608.0,2.553101694502402e-07,0.0,0.0,0.0,0.0,2.1275847454186685e-05
609.0,0.0,0.0,0.0,0.0,0.0,0.0
610.0,0.0,0.0,0.0,0.0,0.0,0.0
611.0,0.0,0.0,0.0,0.0,0.0,0.0
612.0,0.0,0.0,0.0,0.0,0.0,0.0
613.0,0.0,0.0,0.0,0.0,0.0,0.0
614.0,7.829512469470501e-07,0.0,0.0,0.0,0.0,6.524593724558751e-05
615.0,4.084964473349828e-07,0.0,0.0,0.0,0.0,3.404137061124857e-05
616.0,7.489095992241346e-07,0.0,0.0,0.0,0.0,6.240913326867788e-05
617.0,0.0,0.0,0.0,0.0,0.0,0.0
618.0,0.0,0.0,0.0,0.0,0.0,0.0
619.0,0.0,0.0,0.0,0.0,0.0,0.0
620.0,0.0,0.0,0.0,0.0,0.0,0.0
621.0,0.0,0.0,0.0,0.0,0.0,0.0
622.0,9.665030802352703e-07,9.667487574915867e-07,0.0,0.0,0.0,8.054192335293919e-05
623.0,0.00012862170115113258,9.667487574915867e-07,0.0,0.0,0.003472222222222222,0.023148148148148147
624.0,2.6535259166848846e-05,0.0,0.0,0.0,0.0,0.002211271597237404
625.0,0.00019481885829009116,0.0,0.0,0.0,0.003472222222222222,0.023148148148148147
626.0,0.00018128741066902876,0.0,0.0,0.0,0.003472222222222222,0.023148148148148147
627.0,0.000278169201919809,0.0,0.0,0.0,0.003472222222222222,0.02318076682665075
628.0,0.00013977393973618746,0.0,0.0,0.0,0.003472222222222222,0.023148148148148147
629.0,0.0001709558564471081,0.0,0.0,0.0,0.003472222222222222,0.023148148148148147
630.0,0.0003212228184565902,6.410050991689786e-05,0.00013063050573691726,0.0,0.006944444444444444,0.046296296296296294
631.0,0.00017018118523992598,6.410050991689786e-05,0.00013063050573691726,0.0,0.0,0.014181765436660498
632.0,0.00026056982460431755,0.0,0.0,0.0,0.003472222222222222,0.023148148148148147
633.0,0.00021718406060244888,0.0,0.0,0.0,0.003472222222222222,0.023148148148148147
634.0,0.00021665642270818353,0.0,0.0,0.0,0.003472222222222222,0.023148148148148147
635.0,0.0002151585795218125,0.0,0.0,0.0,0.006944444444444444,0.046296296296296294
636.0,0.00017007076530717313,0.0,0.0,0.0,0.006944444444444444,0.046296296296296294
637.0,0.0002192606043536216,0.0,0.0,0.0,0.003472222222222222,0.023148148148148147
638.0,0.00012884664465673268,0.0,0.0,0.0,0.003472222222222222,0.023148148148148147
639.0,1.7548343748785555e-05,0.0,0.0,0.0,0.0,0.001462361979065463
640.0,4.084964473349828e-07,0.0,0.0,0.0,0.0,3.404137061124857e-05
641.0,7.489095992241346e-07,0.0,0.0,0.0,0.0,6.240913326867788e-05
642.0,0.0,0.0,0.0,0.0,0.0,0.0
643.0,0.0,0.0,0.0,0.0,0.0,0.0
644.0,0.0,0.0,0.0,0.0,0.0,0.0
645.0,0.0,0.0,0.0,0.0,0.0,0.0
646.0,0.0,0.0,0.0,0.0,0.0,0.0
647.0,9.665030802352703e-07,9.667487574915867e-07,0.0,0.0,0.0,8.054192335293919e-05
648.0,7.792753535795782e-07,9.667487574915867e-07,0.0,0.0,0.0,6.493961279829819e-05
649.0,3.9147602137745707e-07,0.0,0.0,0.0,0.0,3.2623001781454754e-05
650.0,0.0,0.0,0.0,0.0,0.0,0.0
651.0,0.0,0.0,0.0,0.0,0.0,0.0
652.0,0.0,0.0,0.0,0.0,0.0,0.0
653.0,0.0,0.0,0.0,0.0,0.0,0.0
654.0,0.0,0.0,0.0,0.0,0.0,0.0
655.0,0.0029561282135546207,6.410050991689786e-05,0.00013063050573691726,0.0,0.059027777777777776,0.39351851851851855
656.0,6.288271833909675e-05,6.410050991689786e-05,0.00013063050573691726,0.0,0.0,0.005240226528258063
657.0,6.467856792369275e-07,0.0,0.0,0.0,0.0,5.38988066030773e-05
658.0,2.553101694502402e-07,0.0,0.0,0.0,0.0,2.1275847454186685e-05
659.0,0.0,0.0,0.0,0.0,0.0,0.0
660.0,0.0,0.0,0.0,0.0,0.0,0.0
661.0,0.0,0.0,0.0,0.0,0.0,0.0
662.0,0.0,0.0,0.0,0.0,0.0,0.0
663.0,0.0,0.0,0.0,0.0,0.0,0.0
664.0,0.00014248021761886775,0.0,0.0,0.0,0.0,0.01187335146823898
665.0,0.00023231546219903976,0.0,0.0,0.0,0.0,0.01935962184991998
666.0,0.00025054460274986923,0.0,0.0,0.0,0.006944444444444444,0.046296296296296294
667.0,0.00016104980022646487,0.0,0.0,0.0,0.003472222222222222,0.023148148148148147
668.0,0.00020869073341600597,0.0,0.0,0.0,0.006944444444444444,0.046296296296296294
669.0,0.0002920750994235277,0.0,0.0,0.0,0.003472222222222222,0.02433959161862731
670.0,0.0002522977301850915,0.0,0.0,0.0,0.003472222222222222,0.023148148148148147
671.0,0.000280807405943051,0.0,0.0,0.0,0.006944444444444444,0.046296296296296294
672.0,0.0001730287476675585,9.667487574915867e-07,0.0,0.0,0.0,0.014419062305629874
673.0,0.0002638341102283448,9.667487574915867e-07,0.0,0.0,0.006944444444444444,0.046296296296296294
674.0,0.0002522636787034571,0.0,0.0,0.0,0.003472222222222222,0.023148148148148147
675.0,0.00018479369464330375,0.0,0.0,0.0,0.003472222222222222,0.023148148148148147
676.0,3.390521669643931e-05,0.0,0.0,0.0,0.0,0.002825434724703276
677.0,0.0,0.0,0.0,0.0,0.0,0.0
678.0,0.0,0.0,0.0,0.0,0.0,0.0
679.0,0.0,0.0,0.0,0.0,0.0,0.0
680.0,7.238027319544926e-05,6.410050991689786e-05,0.00013063050573691726,0.0,0.0,0.0060316894329541055
681.0,6.378481339197606e-05,6.410050991689786e-05,0.00013063050573691726,0.0,0.0,0.005315401115998005
682.0,7.318891448448994e-07,0.0,0.0,0.0,0.0,6.099076207040828e-05
683.0,5.838098149979487e-05,0.0,0.0,0.0,0.006944444444444444,0.046296296296296294
684.0,0.0,0.0,0.0,0.0,0.0,0.0
685.0,0.002756450092419982,0.0,0.0,0.0,0.04861111111111111,0.32407407407407407
686.0,0.0,0.0,0.0,0.0,0.0,0.0
687.0,0.0,0.0,0.0,0.0,0.0,0.0
688.0,0.0,0.0,0.0,0.0,0.0,0.0
689.0,2.3828963549021864e-06,0.0,0.0,0.0,0.0,0.00019857469624184887
690.0,4.084964473349828e-07,0.0,0.0,0.0,0.0,3.404137061124857e-05
691.0,7.489095992241346e-07,0.0,0.0,0.0,0.0,6.240913326867788e-05
692.0,0.0,0.0,0.0,0.0,0.0,0.0
693.0,0.0,0.0,0.0,0.0,0.0,0.0
694.0,0.0,0.0,0.0,0.0,0.0,0.0
695.0,0.0,0.0,0.0,0.0,0.0,0.0
696.0,0.0,0.0,0.0,0.0,0.0,0.0
697.0,9.665030802352703e-07,9.667487574915867e-07,0.0,0.0,0.0,8.054192335293919e-05
698.0,7.792753535795782e-07,9.667487574915867e-07,0.0,0.0,0.0,6.493961279829819e-05
699.0,3.9147602137745707e-07,0.0,0.0,0.0,0.0,3.2623001781454754e-05
700.0,0.0,0.0,0.0,0.0,0.0,0.0
701.0,0.0,0.0,0.0,0.0,0.0,0.0
702.0,0.0,0.0,0.0,0.0,0.0,0.0
703.0,0.0,0.0,0.0,0.0,0.0,0.0
704.0,0.0,0.0,0.0,0.0,0.0,0.0
705.0,6.35805627098307e-05,6.410050991689786e-05,0.00013063050573691726,0.0,0.0,0.005298380225819225
706.0,6.288271833909675e-05,6.410050991689786e-05,0.00013063050573691726,0.0,0.0,0.005240226528258063
707.0,6.467856792369275e-07,0.0,0.0,0.0,0.0,5.38988066030773e-05
708.0,2.553101694502402e-07,0.0,0.0,0.0,0.0,2.1275847454186685e-05
709.0,0.0,0.0,0.0,0.0,0.0,0.0
710.0,0.0,0.0,0.0,0.0,0.0,0.0
711.0,0.0,0.0,0.0,0.0,0.0,0.0
712.0,0.0,0.0,0.0,0.0,0.0,0.0
713.0,0.0,0.0,0.0,0.0,0.0,0.0
714.0,7.829512469470501e-07,0.0,0.0,0.0,0.0,6.524593724558751e-05
715.0,4.084964473349828e-07,0.0,0.0,0.0,0.0,3.404137061124857e-05
716.0,7.489095992241346e-07,0.0,0.0,0.0,0.0,6.240913326867788e-05
717.0,0.0,0.0,0.0,0.0,0.0,0.0
718.0,0.0,0.0,0.0,0.0,0.0,0.0
719.0,0.0,0.0,0.0,0.0,0.0,0.0
720.0,0.0,0.0,0.0,0.0,0.0,0.0
721.0,0.0,0.0,0.0,0.0,0.0,0.0
722.0,9.665030802352703e-07,9.667487574915867e-07,0.0,0.0,0.0,8.054192335293919e-05
723.0,7.792753535795782e-07,9.667487574915867e-07,0.0,0.0,0.0,6.493961279829819e-05
724.0,3.9147602137745707e-07,0.0,0.0,0.0,0.0,3.2623001781454754e-05
725.0,0.0,0.0,0.0,0.0,0.0,0.0
726.0,0.0,0.0,0.0,0.0,0.0,0.0
727.0,0.0,0.0,0.0,0.0,0.0,0.0
728.0,0.0,0.0,0.0,0.0,0.0,0.0
729.0,0.0,0.0,0.0,0.0,0.0,0.0
730.0,6.35805627098307e-05,6.410050991689786e-05,0.00013063050573691726,0.0,0.0,0.005298380225819225
731.0,6.288271833909675e-05,6.410050991689786e-05,0.00013063050573691726,0.0,0.0,0.005240226528258063
732.0,6.467856792369275e-07,0.0,0.0,0.0,0.0,5.38988066030773e-05
733.0,2.553101694502402e-07,0.0,0.0,0.0,0.0,2.1275847454186685e-05
734.0,0.0,0.0,0.0,0.0,0.0,0.0
735.0,0.0,0.0,0.0,0.0,0.0,0.0
736.0,0.0,0.0,0.0,0.0,0.0,0.0
737.0,0.0,0.0,0.0,0.0,0.0,0.0
738.0,0.0,0.0,0.0,0.0,0.0,0.0
739.0,7.829512469470501e-07,0.0,0.0,0.0,0.0,6.524593724558751e-05
740.0,4.084964473349828e-07,0.0,0.0,0.0,0.0,3.404137061124857e-05
741.0,7.489095992241346e-07,0.0,0.0,0.0,0.0,6.240913326867788e-05
742.0,0.0,0.0,0.0,0.0,0.0,0.0
743.0,0.0,0.0,0.0,0.0,0.0,0.0
744.0,0.0,0.0,0.0,0.0,0.0,0.0
745.0,0.0,0.0,0.0,0.0,0.0,0.0
746.0,0.0,0.0,0.0,0.0,0.0,0.0
747.0,9.665030802352703e-07,9.667487574915867e-07,0.0,0.0,0.0,8.054192335293919e-05
748.0,7.792753535795782e-07,9.667487574915867e-07,0.0,0.0,0.0,6.493961279829819e-05
749.0,3.9147602137745707e-07,0.0,0.0,0.0,0.0,3.2623001781454754e-05
750.0,0.0,0.0,0.0,0.0,0.0,0.0
751.0,0.0,0.0,0.0,0.0,0.0,0.0
752.0,0.0,0.0,0.0,0.0,0.0,0.0
753.0,0.0,0.0,0.0,0.0,0.0,0.0
754.0,0.0,0.0,0.0,0.0,0.0,0.0
755.0,6.35805627098307e-05,6.410050991689786e-05,0.00013063050573691726,0.0,0.0,0.005298380225819225
756.0,6.288271833909675e-05,6.410050991689786e-05,0.00013063050573691726,0.0,0.0,0.005240226528258063
757.0,6.467856792369275e-07,0.0,0.0,0.0,0.0,5.38988066030773e-05
758.0,2.553101694502402e-07,0.0,0.0,0.0,0.0,2.1275847454186685e-05
759.0,0.0,0.0,0.0,0.0,0.0,0.0
760.0,0.0,0.0,0.0,0.0,0.0,0.0
761.0,0.0,0.0,0.0,0.0,0.0,0.0
762.0,0.0,0.0,0.0,0.0,0.0,0.0
763.0,0.0,0.0,0.0,0.0,0.0,0.0
764.0,7.829512469470501e-07,0.0,0.0,0.0,0.0,6.524593724558751e-05
765.0,4.084964473349828e-07,0.0,0.0,0.0,0.0,3.404137061124857e-05
766.0,7.489095992241346e-07,0.0,0.0,0.0,0.0,6.240913326867788e-05
767.0,0.0,0.0,0.0,0.0,0.0,0.0
768.0,0.0,0.0,0.0,0.0,0.0,0.0
769.0,0.0,0.0,0.0,0.0,0.0,0.0
770.0,0.0,0.0,0.0,0.0,0.0,0.0
771.0,0.0,0.0,0.0,0.0,0.0,0.0
772.0,9.665030802352703e-07,9.667487574915867e-07,0.0,0.0,0.0,8.054192335293919e-05
773.0,7.792753535795782e-07,9.667487574915867e-07,0.0,0.0,0.0,6.493961279829819e-05
774.0,3.9147602137745707e-07,0.0,0.0,0.0,0.0,3.2623001781454754e-05
775.0,0.0,0.0,0.0,0.0,0.0,0.0
776.0,0.0,0.0,0.0,0.0,0.0,0.0
777.0,0.0,0.0,0.0,0.0,0.0,0.0
778.0,0.0,0.0,0.0,0.0,0.0,0.0
779.0,0.0,0.0,0.0,0.0,0.0,0.0
780.0,6.35805627098307e-05,6.410050991689786e-05,0.00013063050573691726,0.0,0.0,0.005298380225819225
781.0,6.288271833909675e-05,6.410050991689786e-05,0.00013063050573691726,0.0,0.0,0.005240226528258063
782.0,6.467856792369275e-07,0.0,0.0,0.0,0.0,5.38988066030773e-05
783.0,2.553101694502402e-07,0.0,0.0,0.0,0.0,2.1275847454186685e-05
784.0,0.0,0.0,0.0,0.0,0.0,0.0
785.0,0.0,0.0,0.0,0.0,0.0,0.0
786.0,0.0,0.0,0.0,0.0,0.0,0.0
787.0,0.0,0.0,0.0,0.0,0.0,0.0
788.0,0.0,0.0,0.0,0.0,0.0,0.0
789.0,7.829512469470501e-07,0.0,0.0,0.0,0.0,6.524593724558751e-05
790.0,4.084964473349828e-07,0.0,0.0,0.0,0.0,3.404137061124857e-05
791.0,7.489095992241346e-07,0.0,0.0,0.0,0.0,6.240913326867788e-05
792.0,0.0,0.0,0.0,0.0,0.0,0.0
793.0,0.0,0.0,0.0,0.0,0.0,0.0
794.0,0.0,0.0,0.0,0.0,0.0,0.0
795.0,0.0,0.0,0.0,0.0,0.0,0.0
796.0,0.0,0.0,0.0,0.0,0.0,0.0
797.0,9.665030802352703e-07,9.667487574915867e-07,0.0,0.0,0.0,8.054192335293919e-05
798.0,7.792753535795782e-07,9.667487574915867e-07,0.0,0.0,0.0,6.493961279829819e-05
799.0,3.9147602137745707e-07,0.0,0.0,0.0,0.0,3.2623001781454754e-05
800.0,0.0,0.0,0.0,0.0,0.0,0.0
801.0,0.0,0.0,0.0,0.0,0.0,0.0
802.0,0.0,0.0,0.0,0.0,0.0,0.0
803.0,0.0,0.0,0.0,0.0,0.0,0.0
804.0,0.0,0.0,0.0,0.0,0.0,0.0
805.0,6.35805627098307e-05,6.410050991689786e-05,0.00013063050573691726,0.0,0.0,0.005298380225819225
806.0,6.288271833909675e-05,6.410050991689786e-05,0.00013063050573691726,0.0,0.0,0.005240226528258063
807.0,6.467856792369275e-07,0.0,0.0,0.0,0.0,5.38988066030773e-05
808.0,2.553101694502402e-07,0.0,0.0,0.0,0.0,2.1275847454186685e-05
809.0,0.0,0.0,0.0,0.0,0.0,0.0
810.0,0.0,0.0,0.0,0.0,0.0,0.0
811.0,0.0,0.0,0.0,0.0,0.0,0.0
812.0,0.0,0.0,0.0,0.0,0.0,0.0
813.0,0.0,0.0,0.0,0.0,0.0,0.0
814.0,7.829512469470501e-07,0.0,0.0,0.0,0.0,6.524593724558751e-05
815.0,4.084964473349828e-07,0.0,0.0,0.0,0.0,3.404137061124857e-05
816.0,0.053583331406116486,0.04077722877264023,0.0,0.0006664408138021827,0.3402777777777778,4.4652776171763735
817.0,1.147550756286364e-05,1.7609197584533831e-06,0.0,0.0,0.0,0.0009562922969053034
818.0,0.0,0.0,0.0,0.0,0.0,0.0
819.0,0.0,0.0,0.0,0.0,0.0,0.0
820.0,0.0,0.0,0.0,0.0,0.0,0.0
821.0,0.0,0.0,0.0,0.0,0.0,0.0
822.0,0.00016922301438171417,0.00021890075004193932,0.0,4.127951979171485e-05,0.0,0.014101917865142847
823.0,1.4951038451727072e-07,9.667487574915867e-07,0.0,0.0,0.0,2.4168718937289668e-05
824.0,0.0,0.0,0.0,0.0,0.0,0.0
825.0,0.0,0.0,0.0,0.0,0.0,0.0
826.0,0.0,0.0,0.0,0.0,0.0,0.0
827.0,0.0,0.0,0.0,0.0,0.0,0.0
828.0,0.0,0.0,0.0,0.0,0.0,0.0
829.0,0.0,0.0,0.0,0.0,0.0,0.0
830.0,3.578772157197818e-05,6.433315866161138e-05,0.00013063050573691726,0.0,0.0,0.0029823101309981817
831.0,3.578772157197818e-05,6.433315866161138e-05,0.00013063050573691726,0.0,0.0,0.0029823101309981817
832.0,0.0,0.0,0.0,0.0,0.0,0.0
833.0,0.0,0.0,0.0,0.0,0.0,0.0
834.0,0.0,0.0,0.0,0.0,0.0,0.0
835.0,8.712893759366125e-05,0.0005622836179099977,0.0,0.0,0.0,0.014057090447749943
836.0,9.68988097156398e-05,0.0006265571573749185,0.0,0.0,0.0,0.01566392893437296
837.0,0.00021810320322401822,0.0014102765126153827,0.0,0.0,0.0,0.03525691281538457
838.0,0.0,0.0,0.0,0.0,0.0,0.0
839.0,5.225374479778111e-06,3.26872177538462e-05,0.0,0.0,0.0,0.000817180443846155
840.0,0.0,0.0,0.0,0.0,0.0,0.0
841.0,0.0,0.0,0.0,0.0,0.0,0.0
842.0,0.0,0.0,0.0,0.0,0.0,0.0
843.0,0.0,0.0,0.0,0.0,0.0,0.0
844.0,0.0,0.0,0.0,0.0,0.0,0.0
845.0,0.0,0.0,0.0,0.0,0.0,0.0
846.0,0.0,0.0,0.0,0.0,0.0,0.0
847.0,1.4951038451727072e-07,9.667487574915867e-07,0.0,0.0,0.0,2.4168718937289668e-05
848.0,1.4951038451727072e-07,9.667487574915867e-07,0.0,0.0,0.0,2.4168718937289668e-05
849.0,0.0,0.0,0.0,0.0,0.0,0.0
850.0,0.0,0.0,0.0,0.0,0.0,0.0
851.0,0.0,0.0,0.0,0.0,0.0,0.0
852.0,0.0,0.0,0.0,0.0,0.0,0.0
853.0,0.0,0.0,0.0,0.0,0.0,0.0
854.0,0.0,0.0,0.0,0.0,0.0,0.0
855.0,3.60940903192386e-05,6.63141836412251e-05,0.00013063050573691726,0.0,0.0,0.0030078408599365503
856.0,3.60940903192386e-05,6.63141836412251e-05,0.00013063050573691726,0.0,0.0,0.0030078408599365503
857.0,5.5215132306329906e-05,0.0,0.0,0.0,0.0,0.004601261025527492
858.0,9.429465535504278e-06,0.0,0.0,0.0,0.0,0.0007857887946253564
859.0,0.0,0.0,0.0,0.0,0.0,0.0
860.0,0.0,0.0,0.0,0.0,0.0,0.0
861.0,0.0,0.0,0.0,0.0,0.0,0.0
862.0,0.0,0.0,0.0,0.0,0.0,0.0
863.0,0.0,0.0,0.0,0.0,0.0,0.0
864.0,5.44660736068181e-07,0.0,0.0,0.0,0.0,4.538839467234842e-05
865.0,0.0,0.0,0.0,0.0,0.0,0.0
866.0,0.0,0.0,0.0,0.0,0.0,0.0
867.0,0.0,0.0,0.0,0.0,0.0,0.0
868.0,0.0,0.0,0.0,0.0,0.0,0.0
869.0,0.0,0.0,0.0,0.0,0.0,0.0
870.0,0.0,0.0,0.0,0.0,0.0,0.0
871.0,0.0,0.0,0.0,0.0,0.0,0.0
872.0,1.4951038451727072e-07,9.667487574915867e-07,0.0,0.0,0.0,2.4168718937289668e-05
873.0,1.4951038451727072e-07,9.667487574915867e-07,0.0,0.0,0.0,2.4168718937289668e-05
874.0,0.0,0.0,0.0,0.0,0.0,0.0
875.0,0.0,0.0,0.0,0.0,0.0,0.0
876.0,0.0,0.0,0.0,0.0,0.0,0.0
877.0,0.0,0.0,0.0,0.0,0.0,0.0
878.0,0.0,0.0,0.0,0.0,0.0,0.0
879.0,0.0,0.0,0.0,0.0,0.0,0.0
880.0,3.60940903192386e-05,6.63141836412251e-05,0.00013063050573691726,0.0,0.0,0.0030078408599365503
881.0,3.60940903192386e-05,6.63141836412251e-05,0.00013063050573691726,0.0,0.0,0.0030078408599365503
882.0,0.0,0.0,0.0,0.0,0.0,0.0
883.0,0.0,0.0,0.0,0.0,0.0,0.0
884.0,0.0,0.0,0.0,0.0,0.0,0.0
885.0,0.0,0.0,0.0,0.0,0.0,0.0
886.0,0.0,0.0,0.0,0.0,0.0,0.0
887.0,0.0,0.0,0.0,0.0,0.0,0.0
888.0,0.0,0.0,0.0,0.0,0.0,0.0
889.0,0.0,0.0,0.0,0.0,0.0,0.0
890.0,0.0,0.0,0.0,0.0,0.0,0.0
891.0,0.0,0.0,0.0,0.0,0.0,0.0
892.0,0.0,0.0,0.0,0.0,0.0,0.0
893.0,0.0,0.0,0.0,0.0,0.0,0.0
894.0,0.0,0.0,0.0,0.0,0.0,0.0
895.0,0.00027108858921565115,0.0,0.0,0.0,0.006944444444444444,0.046296296296296294
896.0,6.467863386205863e-06,0.0,0.0,0.0,0.0,0.0005389886155171553
897.0,3.247285576435388e-06,9.667487574915867e-07,0.0,0.0,0.0,0.00027060713136961567
898.0,0.00011563491716515273,9.667487574915867e-07,0.0,0.0,0.003472222222222222,0.023148148148148147
899.0,0.00010934093006653711,0.0,0.0,0.0,0.001736111111111111,0.011574074074074073
900.0,0.00016722831060178578,0.0,0.0,0.0,0.005208333333333333,0.034722222222222224
901.0,6.702750397380441e-05,0.0,0.0,0.0,0.001736111111111111,0.011574074074074073
902.0,0.00016979844076558948,0.0,0.0,0.0,0.005208333333333333,0.034722222222222224
903.0,0.0,0.0,0.0,0.0,0.0,0.0
904.0,0.00026186337345279753,0.0,0.0,0.0,0.005208333333333333,0.034722222222222224
905.0,0.00034741961280815303,6.63141836412251e-05,0.00013063050573691726,0.0,0.003472222222222222,0.028951634400679417
906.0,0.0003348753962200135,6.63141836412251e-05,0.00013063050573691726,0.0,0.003472222222222222,0.027906283018334456
907.0,0.00030943623278290033,0.0,0.0,0.0,0.008680555555555556,0.05787037037037038
908.0,0.00028970924904569983,0.0,0.0,0.0,0.005208333333333333,0.034722222222222224
909.0,9.453293023398146e-05,0.0,0.0,0.0,0.0,0.007877744186165122
910.0,0.0,0.0,0.0,0.0,0.0,0.0
911.0,0.0,0.0,0.0,0.0,0.0,0.0
912.0,0.00023034104378893971,0.0,0.0,0.0,0.003472222222222222,0.023148148148148147
913.0,0.00027389699243940413,0.0,0.0,0.0,0.006944444444444444,0.046296296296296294
914.0,1.4433530850510579e-05,0.0,0.0,0.0,0.0,0.0012027942375425482
915.0,0.00020264838531147689,0.0,0.0,0.0,0.005208333333333333,0.034722222222222224
916.0,0.00034662644611671567,0.0,0.0,0.0,0.006944444444444444,0.046296296296296294
917.0,0.00021992438996676356,0.0,0.0,0.0,0.001736111111111111,0.018327032497230295
918.0,0.00014605457545258105,0.0,0.0,0.0,0.003472222222222222,0.023148148148148147
919.0,0.00019240194524172693,0.0,0.0,0.0,0.003472222222222222,0.023148148148148147
920.0,0.0001455779856769368,0.0,0.0,0.0,0.001736111111111111,0.0121314988064114
921.0,0.00022469018585979939,0.0,0.0,0.0,0.006944444444444444,0.046296296296296294
922.0,8.542320574633777e-05,9.667487574915867e-07,0.0,0.0,0.0,0.007118600478861481
923.0,1.4951038451727072e-07,9.667487574915867e-07,0.0,0.0,0.0,2.4168718937289668e-05
924.0,0.0,0.0,0.0,0.0,0.0,0.0
925.0,0.004975200165063143,0.0025969159323722124,0.0,0.0,0.09027777777777778,0.6018518518518519
926.0,0.0,0.0,0.0,0.0,0.0,0.0
927.0,0.0,0.0,0.0,0.0,0.0,0.0
928.0,0.0,0.0,0.0,0.0,0.0,0.0
929.0,0.0,0.0,0.0,0.0,0.0,0.0
930.0,3.619621566031128e-05,6.576388841494918e-05,0.00013063050573691726,0.0,0.0,0.0030163513050259403
931.0,3.578772157197818e-05,6.433315866161138e-05,0.00013063050573691726,0.0,0.0,0.0029823101309981817
932.0,0.0,0.0,0.0,0.0,0.0,0.0
933.0,0.0,0.0,0.0,0.0,0.0,0.0
934.0,0.0,0.0,0.0,0.0,0.0,0.0
935.0,0.0,0.0,0.0,0.0,0.0,0.0
936.0,0.0,0.0,0.0,0.0,0.0,0.0
937.0,0.0,0.0,0.0,0.0,0.0,0.0
938.0,0.0,0.0,0.0,0.0,0.0,0.0
939.0,0.0,0.0,0.0,0.0,0.0,0.0
940.0,0.0,0.0,0.0,0.0,0.0,0.0
941.0,0.0,0.0,0.0,0.0,0.0,0.0
942.0,0.0,0.0,0.0,0.0,0.0,0.0
943.0,0.0,0.0,0.0,0.0,0.0,0.0
944.0,0.0,0.0,0.0,0.0,0.0,0.0
945.0,0.0,0.0,0.0,0.0,0.0,0.0
946.0,0.0,0.0,0.0,0.0,0.0,0.0
947.0,1.4951038451727072e-07,9.667487574915867e-07,0.0,0.0,0.0,2.4168718937289668e-05
948.0,1.4951038451727072e-07,9.667487574915867e-07,0.0,0.0,0.0,2.4168718937289668e-05
949.0,0.0,0.0,0.0,0.0,0.0,0.0
950.0,0.0,0.0,0.0,0.0,0.0,0.0
951.0,0.0,0.0,0.0,0.0,0.0,0.0
952.0,0.0,0.0,0.0,0.0,0.0,0.0
953.0,0.0,0.0,0.0,0.0,0.0,0.0
954.0,0.0,0.0,0.0,0.0,0.0,0.0
955.0,3.578772157197818e-05,6.433315866161138e-05,0.00013063050573691726,0.0,0.0,0.0029823101309981817
956.0,3.578772157197818e-05,6.433315866161138e-05,0.00013063050573691726,0.0,0.0,0.0029823101309981817
957.0,0.0,0.0,0.0,0.0,0.0,0.0
958.0,0.0,0.0,0.0,0.0,0.0,0.0
959.0,0.0,0.0,0.0,0.0,0.0,0.0
960.0,0.0,0.0,0.0,0.0,0.0,0.0
961.0,0.0,0.0,0.0,0.0,0.0,0.0
962.0,0.0,0.0,0.0,0.0,0.0,0.0
963.0,0.0,0.0,0.0,0.0,0.0,0.0
964.0,0.0,0.0,0.0,0.0,0.0,0.0
965.0,0.0,0.0,0.0,0.0,0.0,0.0
966.0,0.0,0.0,0.0,0.0,0.0,0.0
967.0,0.0,0.0,0.0,0.0,0.0,0.0
968.0,0.0,0.0,0.0,0.0,0.0,0.0
969.0,0.0,0.0,0.0,0.0,0.0,0.0
970.0,0.0,0.0,0.0,0.0,0.0,0.0
971.0,0.0,0.0,0.0,0.0,0.0,0.0
972.0,1.4951038451727072e-07,9.667487574915867e-07,0.0,0.0,0.0,2.4168718937289668e-05
973.0,1.4951038451727072e-07,9.667487574915867e-07,0.0,0.0,0.0,2.4168718937289668e-05
974.0,0.0,0.0,0.0,0.0,0.0,0.0
975.0,0.0,0.0,0.0,0.0,0.0,0.0
976.0,0.0,0.0,0.0,0.0,0.0,0.0
977.0,0.0,0.0,0.0,0.0,0.0,0.0
978.0,0.0,0.0,0.0,0.0,0.0,0.0
979.0,0.0,0.0,0.0,0.0,0.0,0.0
980.0,3.578772157197818e-05,6.433315866161138e-05,0.00013063050573691726,0.0,0.0,0.0029823101309981817
981.0,3.578772157197818e-05,6.433315866161138e-05,0.00013063050573691726,0.0,0.0,0.0029823101309981817
982.0,0.0,0.0,0.0,0.0,0.0,0.0
983.0,0.0,0.0,0.0,0.0,0.0,0.0
984.0,0.0,0.0,0.0,0.0,0.0,0.0
985.0,0.0,0.0,0.0,0.0,0.0,0.0
986.0,0.0,0.0,0.0,0.0,0.0,0.0
987.0,0.0,0.0,0.0,0.0,0.0,0.0
988.0,0.0,0.0,0.0,0.0,0.0,0.0
989.0,0.0,0.0,0.0,0.0,0.0,0.0
990.0,0.0,0.0,0.0,0.0,0.0,0.0
991.0,0.0,0.0,0.0,0.0,0.0,0.0
992.0,0.0,0.0,0.0,0.0,0.0,0.0
993.0,0.0,0.0,0.0,0.0,0.0,0.0
994.0,0.0,0.0,0.0,0.0,0.0,0.0
995.0,0.0,0.0,0.0,0.0,0.0,0.0
996.0,0.0,0.0,0.0,0.0,0.0,0.0
997.0,1.4951038451727072e-07,9.667487574915867e-07,0.0,0.0,0.0,2.4168718937289668e-05
998.0,1.4951038451727072e-07,9.667487574915867e-07,0.0,0.0,0.0,2.4168718937289668e-05
999.0,0.0,0.0,0.0,0.0,0.0,0.0
1000.0,0.0,0.0,0.0,0.0,0.0,0.0
1001.0,4.1770411485231307e-07,2.700915729292319e-06,0.0,0.0,0.0,6.752289323230798e-05
1002.0,0.03447047621011734,0.046339381486177444,0.0,0.0004080996732227504,0.22743055555555555,2.872539684176445
1003.0,0.0,0.0,0.0,0.0,0.0,0.0
1004.0,0.0,0.0,0.0,0.0,0.0,0.0
1005.0,0.0,0.0,0.0,0.0,0.0,0.0
1006.0,0.0,0.0,0.0,0.0,0.0,0.0
1007.0,0.0,0.0,0.0,0.0,0.0,0.0
1008.0,0.0,0.0,0.0,0.0,0.0,0.0
1009.0,0.0,0.0,0.0,0.0,0.0,0.0
1010.0,0.0,0.0,0.0,0.0,0.0,0.0
1011.0,0.0,0.0,0.0,0.0,0.0,0.0
1012.0,0.0,0.0,0.0,0.0,0.0,0.0
1013.0,0.0,0.0,0.0,0.0,0.0,0.0
1014.0,0.0,0.0,0.0,0.0,0.0,0.0
1015.0,0.0,0.0,0.0,0.0,0.0,0.0
1016.0,0.0,0.0,0.0,0.0,0.0,0.0
1017.0,4.08496598538477e-05,0.0,0.0,0.0,0.0,0.0034041383211539746
1018.0,0.00010762545571196824,8.846427022035641e-07,1.0236166190225049e-06,0.0,0.0,0.008968787975997353
1019.0,2.589194423308072e-07,8.846427022035641e-07,1.0236166190225049e-06,0.0,0.0,2.2116067555089103e-05
1020.0,0.0,0.0,0.0,0.0,0.0,0.0
1021.0,0.0,0.0,0.0,0.0,0.0,0.0
1022.0,0.0,0.0,0.0,0.0,0.0,0.0
1023.0,0.0,0.0,0.0,0.0,0.0,0.0
1024.0,0.00012307663564570248,0.0,0.0,0.0,0.0,0.01025638630380854
1025.0,1.2135757060605101e-05,0.0,0.0,0.0,0.0,0.0010113130883837584
1026.0,0.0,0.0,0.0,0.0,0.0,0.0
1027.0,1.3276122672323254e-06,0.0,0.0,0.0,0.0,0.00011063435560269377
1028.0,6.935932469787076e-05,0.0,0.0,0.0,0.0,0.005779943724822563
1029.0,0.00013844631030224264,0.0,0.0,0.0,0.0,0.011537192525186887
1030.0,4.578565949486801e-06,0.0,0.0,0.0,0.0,0.00038154716245723347
1031.0,0.0,0.0,0.0,0.0,0.0,0.0
1032.0,0.0,0.0,0.0,0.0,0.0,0.0
1033.0,0.0,0.0,0.0,0.0,0.0,0.0
1034.0,0.0,0.0,0.0,0.0,0.0,0.0
1035.0,1.974398401216604e-06,0.0,0.0,0.0,0.0,0.00016453320010138364
1036.0,0.0,0.0,0.0,0.0,0.0,0.0
1037.0,0.0,0.0,0.0,0.0,0.0,0.0
1038.0,0.0,0.0,0.0,0.0,0.0,0.0
1039.0,0.0,0.0,0.0,0.0,0.0,0.0
1040.0,0.0,0.0,0.0,0.0,0.0,0.0
1041.0,0.0,0.0,0.0,0.0,0.0,0.0
1042.0,0.0,0.0,0.0,0.0,0.0,0.0
1043.0,2.589194423308072e-07,8.846427022035641e-07,1.0236166190225049e-06,0.0,0.0,2.2116067555089103e-05
1044.0,2.589194423308072e-07,8.846427022035641e-07,1.0236166190225049e-06,0.0,0.0,2.2116067555089103e-05
1045.0,0.0,0.0,0.0,0.0,0.0,0.0
1046.0,0.0,0.0,0.0,0.0,0.0,0.0
1047.0,0.0,0.0,0.0,0.0,0.0,0.0
1048.0,0.0,0.0,0.0,0.0,0.0,0.0
1049.0,0.0,0.0,0.0,0.0,0.0,0.0
1050.0,0.0004936171462759376,0.0,0.0,0.0,0.0,0.041134762189661465
1051.0,0.0,0.0,0.0,0.0,0.0,0.0
1052.0,6.638052809648798e-07,0.0,0.0,0.0,0.0,5.531710674707331e-05
1053.0,0.0,0.0,0.0,0.0,0.0,0.0
1054.0,0.0,0.0,0.0,0.0,0.0,0.0
1055.0,0.0,0.0,0.0,0.0,0.0,0.0
1056.0,0.0,0.0,0.0,0.0,0.0,0.0
1057.0,0.0,0.0,0.0,0.0,0.0,0.0
1058.0,0.0,0.0,0.0,0.0,0.0,0.0
1059.0,0.0,0.0,0.0,0.0,0.0,0.0
1060.0,0.0,0.0,0.0,0.0,0.0,0.0
1061.0,0.0,0.0,0.0,0.0,0.0,0.0
1062.0,0.0,0.0,0.0,0.0,0.0,0.0
1063.0,0.0,0.0,0.0,0.0,0.0,0.0
1064.0,0.0,0.0,0.0,0.0,0.0,0.0
1065.0,0.0,0.0,0.0,0.0,0.0,0.0
1066.0,0.0,0.0,0.0,0.0,0.0,0.0
1067.0,0.0,0.0,0.0,0.0,0.0,0.0
1068.0,2.589194423308072e-07,8.846427022035641e-07,1.0236166190225049e-06,0.0,0.0,2.2116067555089103e-05
1069.0,2.589194423308072e-07,8.846427022035641e-07,1.0236166190225049e-06,0.0,0.0,2.2116067555089103e-05
1070.0,0.0,0.0,0.0,0.0,0.0,0.0
1071.0,0.0,0.0,0.0,0.0,0.0,0.0
1072.0,0.0,0.0,0.0,0.0,0.0,0.0
1073.0,0.0,0.0,0.0,0.0,0.0,0.0
1074.0,2.8526681489893235e-05,0.0,0.0,0.0,0.001736111111111111,0.011574074074074073
1075.0,0.00027730115107260644,0.0,0.0,0.0,0.006944444444444444,0.046296296296296294
1076.0,0.0002115331735694781,0.0,0.0,0.0,0.003472222222222222,0.023148148148148147
1077.0,0.00018317671492695808,0.0,0.0,0.0,0.003472222222222222,0.023148148148148147
1078.0,0.0,0.0,0.0,0.0,0.0,0.0
1079.0,0.0003178103652317077,0.0,0.0,0.0,0.005208333333333333,0.034722222222222224
1080.0,1.1914461595097237e-07,0.0,0.0,0.0,0.0,9.928717995914363e-06
1081.0,0.0,0.0,0.0,0.0,0.0,0.0
1082.0,0.000305947003653273,0.0,0.0,0.0,0.003472222222222222,0.02549558363777275
1083.0,1.1795338650699705e-05,0.0,0.0,0.0,0.001736111111111111,0.011574074074074073
1084.0,0.0,0.0,0.0,0.0,0.0,0.0
1085.0,2.2807776076660957e-06,0.0,0.0,0.0,0.0,0.00019006480063884132
1086.0,0.0002490127517376095,0.0,0.0,0.0,0.003472222222222222,0.023148148148148147
1087.0,7.034652662696317e-05,0.0,0.0,0.0,0.003472222222222222,0.023148148148148147
1088.0,0.00019684433937072754,0.0,0.0,0.0,0.003472222222222222,0.023148148148148147
1089.0,8.51034798188266e-08,0.0,0.0,0.0,0.0,7.091956651568883e-06
1090.0,0.00040922858170233667,0.0,0.0,0.0,0.003472222222222222,0.03410238180852806
1091.0,0.00023446006525773555,0.0,0.0,0.0,0.003472222222222222,0.023148148148148147
1092.0,8.670342504046857e-05,0.0,0.0,0.0,0.001736111111111111,0.011574074074074073
1093.0,1.0777720490295906e-05,8.846427022035641e-07,1.0236166190225049e-06,0.0,0.0,0.0008981433741913254
1094.0,0.00024874406517483294,8.846427022035641e-07,1.0236166190225049e-06,0.0,0.005208333333333333,0.034722222222222224
1095.0,0.0,0.0,0.0,0.0,0.0,0.0
1096.0,0.0021904101595282555,0.0,0.0,0.0,0.03993055555555555,0.2662037037037037
1097.0,0.0,0.0,0.0,0.0,0.0,0.0
1098.0,0.0,0.0,0.0,0.0,0.0,0.0
1099.0,0.0,0.0,0.0,0.0,0.0,0.0
1100.0,0.0,0.0,0.0,0.0,0.0,0.0
1101.0,0.0,0.0,0.0,0.0,0.0,0.0
1102.0,3.404113257943209e-08,0.0,0.0,0.0,0.0,2.8367610482860073e-06
1103.0,0.0,0.0,0.0,0.0,0.0,0.0
1104.0,0.0,0.0,0.0,0.0,0.0,0.0
1105.0,0.0,0.0,0.0,0.0,0.0,0.0
1106.0,0.0,0.0,0.0,0.0,0.0,0.0
1107.0,0.0,0.0,0.0,0.0,0.0,0.0
1108.0,0.0,0.0,0.0,0.0,0.0,0.0
1109.0,0.0,0.0,0.0,0.0,0.0,0.0
1110.0,0.0,0.0,0.0,0.0,0.0,0.0
1111.0,0.0,0.0,0.0,0.0,0.0,0.0
1112.0,0.0,0.0,0.0,0.0,0.0,0.0
1113.0,0.0,0.0,0.0,0.0,0.0,0.0
1114.0,0.0,0.0,0.0,0.0,0.0,0.0
1115.0,0.0,0.0,0.0,0.0,0.0,0.0
1116.0,0.0,0.0,0.0,0.0,0.0,0.0
1117.0,0.0,0.0,0.0,0.0,0.0,0.0
1118.0,2.589194423308072e-07,8.846427022035641e-07,1.0236166190225049e-06,0.0,0.0,2.2116067555089103e-05
1119.0,2.589194423308072e-07,8.846427022035641e-07,1.0236166190225049e-06,0.0,0.0,2.2116067555089103e-05
1120.0,0.0,0.0,0.0,0.0,0.0,0.0
1121.0,0.0,0.0,0.0,0.0,0.0,0.0
1122.0,0.0,0.0,0.0,0.0,0.0,0.0
1123.0,0.0,0.0,0.0,0.0,0.0,0.0
1124.0,0.0,0.0,0.0,0.0,0.0,0.0
1125.0,0.0,0.0,0.0,0.0,0.0,0.0
1126.0,0.0,0.0,0.0,0.0,0.0,0.0
1127.0,0.0,0.0,0.0,0.0,0.0,0.0
1128.0,0.0,0.0,0.0,0.0,0.0,0.0
1129.0,0.0,0.0,0.0,0.0,0.0,0.0
1130.0,0.04267841577529907,0.02118351310491562,0.0,0.0002748022961895913,0.3524305555555556,3.5565346479415894
1131.0,0.0,0.0,0.0,0.0,0.0,0.0
1132.0,0.0,0.0,0.0,0.0,0.0,0.0
1133.0,0.0,0.0,0.0,0.0,0.0,0.0
1134.0,0.0,0.0,0.0,0.0,0.0,0.0
1135.0,0.0,0.0,0.0,0.0,0.0,0.0
1136.0,0.0,0.0,0.0,0.0,0.0,0.0
1137.0,0.0,0.0,0.0,0.0,0.0,0.0
1138.0,0.0,0.0,0.0,0.0,0.0,0.0
1139.0,0.0,0.0,0.0,0.0,0.0,0.0
1140.0,0.0,0.0,0.0,0.0,0.0,0.0
1141.0,0.0,0.0,0.0,0.0,0.0,0.0
1142.0,0.0,0.0,0.0,0.0,0.0,0.0
1143.0,0.0,0.0,0.0,0.0,0.0,0.0
1144.0,0.0,0.0,0.0,0.0,0.0,0.0
1145.0,0.0,0.0,0.0,0.0,0.0,0.0
1146.0,5.333768058335409e-07,3.4811057503247866e-07,1.0236166190225049e-06,0.0,0.0,4.444806715279507e-05
1147.0,5.333768058335409e-07,3.4811057503247866e-07,1.0236166190225049e-06,0.0,0.0,4.444806715279507e-05
1148.0,0.0,0.0,0.0,0.0,0.0,0.0
1149.0,0.0,0.0,0.0,0.0,0.0,0.0
1150.0,0.0,0.0,0.0,0.0,0.0,0.0
1151.0,0.0,0.0,0.0,0.0,0.0,0.0
1152.0,0.0,0.0,0.0,0.0,0.0,0.0
1153.0,0.0,0.0,0.0,0.0,0.0,0.0
1154.0,0.0,0.0,0.0,0.0,0.0,0.0
1155.0,0.0,0.0,0.0,0.0,0.0,0.0
1156.0,0.0,0.0,0.0,0.0,0.0,0.0
1157.0,0.0,0.0,0.0,0.0,0.0,0.0
1158.0,0.0,0.0,0.0,0.0,0.0,0.0
1159.0,0.0,0.0,0.0,0.0,0.0,0.0
1160.0,0.0,0.0,0.0,0.0,0.0,0.0
1161.0,0.0,0.0,0.0,0.0,0.0,0.0
1162.0,0.0,0.0,0.0,0.0,0.0,0.0
1163.0,0.0,0.0,0.0,0.0,0.0,0.0
1164.0,0.0,0.0,0.0,0.0,0.0,0.0
1165.0,0.0,0.0,0.0,0.0,0.0,0.0
1166.0,0.0,0.0,0.0,0.0,0.0,0.0
1167.0,0.0,0.0,0.0,0.0,0.0,0.0
1168.0,0.0,0.0,0.0,0.0,0.0,0.0
1169.0,0.0,0.0,0.0,0.0,0.0,0.0
1170.0,0.0,0.0,0.0,0.0,0.0,0.0
1171.0,5.333768058335409e-07,3.4811057503247866e-07,1.0236166190225049e-06,0.0,0.0,4.444806715279507e-05
1172.0,5.333768058335409e-07,3.4811057503247866e-07,1.0236166190225049e-06,0.0,0.0,4.444806715279507e-05
1173.0,0.0,0.0,0.0,0.0,0.0,0.0
1174.0,0.0,0.0,0.0,0.0,0.0,0.0
1175.0,0.0,0.0,0.0,0.0,0.0,0.0
1176.0,0.0,0.0,0.0,0.0,0.0,0.0
1177.0,0.0,0.0,0.0,0.0,0.0,0.0
1178.0,0.0,0.0,0.0,0.0,0.0,0.0
1179.0,0.0,0.0,0.0,0.0,0.0,0.0
1180.0,0.0,0.0,0.0,0.0,0.0,0.0
1181.0,0.0,0.0,0.0,0.0,0.0,0.0
1182.0,0.0,0.0,0.0,0.0,0.0,0.0
1183.0,0.00023515787324868143,0.0,0.0,0.0,0.013888888888888888,0.09259259259259259
1184.0,0.0003028492210432887,0.0,0.0,0.0,0.006944444444444444,0.046296296296296294
1185.0,0.00018317671492695808,0.0,0.0,0.0,0.005208333333333333,0.034722222222222224
1186.0,0.0,0.0,0.0,0.0,0.0,0.0
1187.0,0.0,0.0,0.0,0.0,0.0,0.0
1188.0,0.00020368664991110563,0.0,0.0,0.0,0.012152777777777778,0.08101851851851852
1189.0,0.0003418266132939607,0.0,0.0,0.0,0.006944444444444444,0.046296296296296294
1190.0,0.00019405291823204607,0.0,0.0,0.0,0.010416666666666666,0.06944444444444445
1191.0,0.00023871524899732322,0.0,0.0,0.0,0.006944444444444444,0.046296296296296294
1192.0,9.757964289747179e-05,0.0,0.0,0.0,0.003472222222222222,0.023148148148148147
1193.0,0.00019955061725340784,0.0,0.0,0.0,0.010416666666666666,0.06944444444444445
1194.0,0.00041196885285899043,0.0,0.0,0.0,0.010416666666666666,0.06944444444444445
1195.0,6.467864750447916e-07,0.0,0.0,0.0,0.0,5.38988729203993e-05
1196.0,1.852426430559717e-05,3.4811057503247866e-07,1.0236166190225049e-06,0.0,0.0,0.0015436886921330977
1197.0,5.333768058335409e-07,3.4811057503247866e-07,1.0236166190225049e-06,0.0,0.0,4.444806715279507e-05
1198.0,0.0,0.0,0.0,0.0,0.0,0.0
1199.0,0.0,0.0,0.0,0.0,0.0,0.0
1200.0,0.0,0.0,0.0,0.0,0.0,0.0
1201.0,0.0,0.0,0.0,0.0,0.0,0.0
1202.0,0.0,0.0,0.0,0.0,0.0,0.0
1203.0,0.0,0.0,0.0,0.0,0.0,0.0
1204.0,0.0,0.0,0.0,0.0,0.0,0.0
1205.0,0.002397415926679969,0.0,0.0,0.0,0.08680555555555555,0.5787037037037037
1206.0,0.0,0.0,0.0,0.0,0.0,0.0
1207.0,0.0,0.0,0.0,0.0,0.0,0.0
1208.0,0.0,0.0,0.0,0.0,0.0,0.0
1209.0,0.0,0.0,0.0,0.0,0.0,0.0
1210.0,0.0,0.0,0.0,0.0,0.0,0.0
1211.0,0.0,0.0,0.0,0.0,0.0,0.0
1212.0,0.0,0.0,0.0,0.0,0.0,0.0
1213.0,0.0,0.0,0.0,0.0,0.0,0.0
1214.0,0.0,0.0,0.0,0.0,0.0,0.0
1215.0,0.0,0.0,0.0,0.0,0.0,0.0
1216.0,0.0,0.0,0.0,0.0,0.0,0.0
1217.0,0.0,0.0,0.0,0.0,0.0,0.0
1218.0,0.0,0.0,0.0,0.0,0.0,0.0
1219.0,0.0,0.0,0.0,0.0,0.0,0.0
1220.0,0.0,0.0,0.0,0.0,0.0,0.0
1221.0,5.333768058335409e-07,3.4811057503247866e-07,1.0236166190225049e-06,0.0,0.0,4.444806715279507e-05
1222.0,5.333768058335409e-07,3.4811057503247866e-07,1.0236166190225049e-06,0.0,0.0,4.444806715279507e-05
1223.0,0.0,0.0,0.0,0.0,0.0,0.0
1224.0,0.0,0.0,0.0,0.0,0.0,0.0
1225.0,0.0,0.0,0.0,0.0,0.0,0.0
1226.0,0.0,0.0,0.0,0.0,0.0,0.0
1227.0,0.0,0.0,0.0,0.0,0.0,0.0
1228.0,0.0,0.0,0.0,0.0,0.0,0.0
1229.0,0.0,0.0,0.0,0.0,0.0,0.0
1230.0,0.0,0.0,0.0,0.0,0.0,0.0
1231.0,0.0,0.0,0.0,0.0,0.0,0.0
1232.0,0.0,0.0,0.0,0.0,0.0,0.0
1233.0,0.0,0.0,0.0,0.0,0.0,0.0
1234.0,0.0,0.0,0.0,0.0,0.0,0.0
1235.0,0.0,0.0,0.0,0.0,0.0,0.0
1236.0,0.00016413057164754719,0.0,0.0,0.0,0.012152777777777778,0.08101851851851852
1237.0,0.0001440461492165923,0.0,0.0,0.0,0.001736111111111111,0.01200384576804936
1238.0,0.00012220859935041517,0.0,0.0,0.0,0.006944444444444444,0.046296296296296294
1239.0,0.00012726373097393662,0.0,0.0,0.0,0.005208333333333333,0.034722222222222224
1240.0,4.9870682232722174e-06,0.0,0.0,0.0,0.0,0.0004155890186060181
1241.0,0.0,0.0,0.0,0.0,0.0,0.0
1242.0,0.0,0.0,0.0,0.0,0.0,0.0
1243.0,0.0,0.0,0.0,0.0,0.0,0.0
1244.0,0.0,0.0,0.0,0.0,0.0,0.0
1245.0,0.0,0.0,0.0,0.0,0.0,0.0
1246.0,3.580091970434296e-06,3.4811057503247866e-07,1.0236166190225049e-06,0.0,0.0,0.0002983409975361913
1247.0,5.503974875864515e-07,3.4811057503247866e-07,1.0236166190225049e-06,0.0,0.0,4.5866457298870955e-05
1248.0,0.0,0.0,0.0,0.0,0.0,0.0
1249.0,0.0,0.0,0.0,0.0,0.0,0.0
1250.0,0.0,0.0,0.0,0.0,0.0,0.0
1251.0,0.0,0.0,0.0,0.0,0.0,0.0
1252.0,9.99284748104401e-05,0.0,0.0,0.0,0.001736111111111111,0.011574074074074073
1253.0,9.64903156273067e-05,0.0,0.0,0.0,0.0,0.008040859635608891
1254.0,0.00013441241753753275,0.0,0.0,0.0,0.008680555555555556,0.05787037037037038
1255.0,4.544523562799441e-06,0.0,0.0,0.0,0.0,0.0003787102968999534
1256.0,0.0,0.0,0.0,0.0,0.0,0.0
1257.0,0.0,0.0,0.0,0.0,0.0,0.0
1258.0,0.0,0.0,0.0,0.0,0.0,0.0
1259.0,0.0001963507238542661,0.0,0.0,0.0,0.005208333333333333,0.034722222222222224
1260.0,0.0,0.0,0.0,0.0,0.0,0.0
1261.0,0.0,0.0,0.0,0.0,0.0,0.0
1262.0,0.0003375884552951902,0.0,0.0,0.0,0.010416666666666666,0.06944444444444445
1263.0,3.3190481190104038e-06,0.0,0.0,0.0,0.0,0.000276587343250867
1264.0,0.0,0.0,0.0,0.0,0.0,0.0
1265.0,0.0,0.0,0.0,0.0,0.0,0.0
1266.0,0.0,0.0,0.0,0.0,0.0,0.0
1267.0,0.0,0.0,0.0,0.0,0.0,0.0
1268.0,0.0,0.0,0.0,0.0,0.0,0.0
1269.0,0.0,0.0,0.0,0.0,0.0,0.0
1270.0,0.0,0.0,0.0,0.0,0.0,0.0
1271.0,5.674182261827809e-07,3.4811057503247866e-07,1.0236166190225049e-06,0.0,0.0,4.728485218189841e-05
1272.0,5.674182261827809e-07,3.4811057503247866e-07,1.0236166190225049e-06,0.0,0.0,4.728485218189841e-05
1273.0,0.0,0.0,0.0,0.0,0.0,0.0
1274.0,0.0,0.0,0.0,0.0,0.0,0.0
1275.0,0.0,0.0,0.0,0.0,0.0,0.0
1276.0,0.0,0.0,0.0,0.0,0.0,0.0
1277.0,0.0,0.0,0.0,0.0,0.0,0.0
1278.0,0.0,0.0,0.0,0.0,0.0,0.0
1279.0,0.0,0.0,0.0,0.0,0.0,0.0
1280.0,0.0,0.0,0.0,0.0,0.0,0.0
1281.0,0.0,0.0,0.0,0.0,0.0,0.0
1282.0,0.0,0.0,0.0,0.0,0.0,0.0
1283.0,0.0,0.0,0.0,0.0,0.0,0.0
1284.0,0.0,0.0,0.0,0.0,0.0,0.0
1285.0,0.0,0.0,0.0,0.0,0.0,0.0
1286.0,0.0,0.0,0.0,0.0,0.0,0.0
1287.0,0.0,0.0,0.0,0.0,0.0,0.0
1288.0,0.0,0.0,0.0,0.0,0.0,0.0
1289.0,0.0,0.0,0.0,0.0,0.0,0.0
1290.0,0.0,0.0,0.0,0.0,0.0,0.0
1291.0,0.0,0.0,0.0,0.0,0.0,0.0
1292.0,0.0,0.0,0.0,0.0,0.0,0.0
1293.0,0.0,0.0,0.0,0.0,0.0,0.0
1294.0,0.0,0.0,0.0,0.0,0.0,0.0
1295.0,0.0,0.0,0.0,0.0,0.0,0.0
1296.0,5.674182261827809e-07,3.4811057503247866e-07,1.0236166190225049e-06,0.0,0.0,4.728485218189841e-05
1297.0,5.674182261827809e-07,3.4811057503247866e-07,1.0236166190225049e-06,0.0,0.0,4.728485218189841e-05
1298.0,0.0,0.0,0.0,0.0,0.0,0.0
1299.0,0.0,0.0,0.0,0.0,0.0,0.0
1300.0,0.0,0.0,0.0,0.0,0.0,0.0
1301.0,0.0,0.0,0.0,0.0,0.0,0.0
1302.0,0.0,0.0,0.0,0.0,0.0,0.0
1303.0,0.0,0.0,0.0,0.0,0.0,0.0
1304.0,0.0,0.0,0.0,0.0,0.0,0.0
1305.0,0.0,0.0,0.0,0.0,0.0,0.0
1306.0,6.702748942188919e-05,0.0,0.0,0.0,0.003472222222222222,0.023148148148148147
1307.0,4.25006692239549e-05,0.0,0.0,0.0,0.0,0.003541722435329575
1308.0,0.0,0.0,0.0,0.0,0.0,0.0
1309.0,0.0,0.0,0.0,0.0,0.0,0.0
1310.0,0.0,0.0,0.0,0.0,0.0,0.0
1311.0,0.0,0.0,0.0,0.0,0.0,0.0
1312.0,8.418434299528599e-05,0.0,0.0,0.0,0.003472222222222222,0.023148148148148147
1313.0,0.0001768620131770149,0.0,0.0,0.0,0.006944444444444444,0.046296296296296294
1314.0,8.539282862329856e-05,0.0,0.0,0.0,0.0,0.007116069051941546
1315.0,0.0,0.0,0.0,0.0,0.0,0.0
1316.0,0.0,0.0,0.0,0.0,0.0,0.0
1317.0,0.0,0.0,0.0,0.0,0.0,0.0
1318.0,0.0,0.0,0.0,0.0,0.0,0.0
1319.0,0.0,0.0,0.0,0.0,0.0,0.0
1320.0,0.0,0.0,0.0,0.0,0.0,0.0
1321.0,0.00010044484224636108,3.4811057503247866e-07,1.0236166190225049e-06,0.0,0.003472222222222222,0.023148148148148147
1322.0,4.459995761862956e-05,3.4811057503247866e-07,1.0236166190225049e-06,0.0,0.0,0.0037166631348857964
1323.0,0.0,0.0,0.0,0.0,0.0,0.0
1324.0,0.0,0.0,0.0,0.0,0.0,0.0
1325.0,0.0,0.0,0.0,0.0,0.0,0.0
1326.0,0.0,0.0,0.0,0.0,0.0,0.0
1327.0,0.0,0.0,0.0,0.0,0.0,0.0
1328.0,0.0,0.0,0.0,0.0,0.0,0.0
1329.0,0.0,0.0,0.0,0.0,0.0,0.0
1330.0,1.7871741420094622e-06,0.0,0.0,0.0,0.0,0.00014893117850078852
1331.0,0.0,0.0,0.0,0.0,0.0,0.0
1332.0,0.0,0.0,0.0,0.0,0.0,0.0
1333.0,0.0,0.0,0.0,0.0,0.0,0.0
1334.0,0.0,0.0,0.0,0.0,0.0,0.0
1335.0,0.0,0.0,0.0,0.0,0.0,0.0
1336.0,0.0,0.0,0.0,0.0,0.0,0.0
1337.0,0.0,0.0,0.0,0.0,0.0,0.0
1338.0,0.0,0.0,0.0,0.0,0.0,0.0
1339.0,0.0,0.0,0.0,0.0,0.0,0.0
1340.0,0.0,0.0,0.0,0.0,0.0,0.0
1341.0,0.0,0.0,0.0,0.0,0.0,0.0
1342.0,0.0014053647173568606,0.0,0.0,0.0,0.052083333333333336,0.34722222222222227
1343.0,0.0,0.0,0.0,0.0,0.0,0.0
1344.0,0.0,0.0,0.0,0.0,0.0,0.0
1345.0,0.0,0.0,0.0,0.0,0.0,0.0
1346.0,1.7929124851434608e-06,3.4811057503247866e-07,1.0236166190225049e-06,0.0,0.0,0.00014940937376195507
1347.0,5.333768058335409e-07,3.4811057503247866e-07,1.0236166190225049e-06,0.0,0.0,4.444806715279507e-05
1348.0,0.0,0.0,0.0,0.0,0.0,0.0
1349.0,0.0,0.0,0.0,0.0,0.0,0.0
1350.0,0.0,0.0,0.0,0.0,0.0,0.0
1351.0,0.0,0.0,0.0,0.0,0.0,0.0
1352.0,0.00017076863150577992,0.0,0.0,0.0,0.003472222222222222,0.023148148148148147
1353.0,4.774304397869855e-05,0.0,0.0,0.0,0.003472222222222222,0.023148148148148147
1354.0,0.00017715137801133096,0.0,0.0,0.0,0.006944444444444444,0.046296296296296294
1355.0,0.00017116010712925345,0.0,0.0,0.0,0.006944444444444444,0.046296296296296294
1356.0,7.494210876757279e-05,0.0,0.0,0.0,0.0,0.006245175730631066
1357.0,0.00020712481637019664,0.0,0.0,0.0,0.006944444444444444,0.046296296296296294
1358.0,0.0,0.0,0.0,0.0,0.0,0.0
1359.0,0.0,0.0,0.0,0.0,0.0,0.0
1360.0,0.0,0.0,0.0,0.0,0.0,0.0
1361.0,0.0,0.0,0.0,0.0,0.0,0.0
1362.0,0.00017791731806937605,0.0,0.0,0.0,0.010416666666666666,0.06944444444444445
1363.0,0.00028771781944669783,0.0,0.0,0.0,0.010416666666666666,0.06944444444444445
1364.0,0.00010539214417804033,0.0,0.0,0.0,0.0,0.008782678681503361
1365.0,0.00021275867766235024,0.0,0.0,0.0,0.0,0.017729889805195853
1366.0,0.0,0.0,0.0,0.0,0.0,0.0
1367.0,0.0,0.0,0.0,0.0,0.0,0.0
1368.0,0.0,0.0,0.0,0.0,0.0,0.0
1369.0,0.0,0.0,0.0,0.0,0.0,0.0
1370.0,0.0,0.0,0.0,0.0,0.0,0.0
1371.0,4.431115030456567e-06,3.4811057503247866e-07,1.0236166190225049e-06,0.0,0.0,0.0003692595858713806
1372.0,5.333768058335409e-07,3.4811057503247866e-07,1.0236166190225049e-06,0.0,0.0,4.444806715279507e-05
1373.0,0.0,0.0,0.0,0.0,0.0,0.0
1374.0,0.0,0.0,0.0,0.0,0.0,0.0
1375.0,0.0,0.0,0.0,0.0,0.0,0.0
1376.0,0.0,0.0,0.0,0.0,0.0,0.0
1377.0,0.0,0.0,0.0,0.0,0.0,0.0
1378.0,0.0,0.0,0.0,0.0,0.0,0.0
1379.0,0.0,0.0,0.0,0.0,0.0,0.0
1380.0,0.0,0.0,0.0,0.0,0.0,0.0
1381.0,0.0,0.0,0.0,0.0,0.0,0.0
1382.0,0.0,0.0,0.0,0.0,0.0,0.0
1383.0,0.0,0.0,0.0,0.0,0.0,0.0
1384.0,0.0,0.0,0.0,0.0,0.0,0.0
1385.0,0.0,0.0,0.0,0.0,0.0,0.0
1386.0,0.0,0.0,0.0,0.0,0.0,0.0
1387.0,0.0,0.0,0.0,0.0,0.0,0.0
1388.0,0.0,0.0,0.0,0.0,0.0,0.0
1389.0,0.0,0.0,0.0,0.0,0.0,0.0
1390.0,0.0,0.0,0.0,0.0,0.0,0.0
1391.0,0.0,0.0,0.0,0.0,0.0,0.0
1392.0,0.0016248126048594713,0.0,0.0,0.0,0.04861111111111111,0.32407407407407407
1393.0,0.0,0.0,0.0,0.0,0.0,0.0
1394.0,0.0,0.0,0.0,0.0,0.0,0.0
1395.0,0.0,0.0,0.0,0.0,0.0,0.0
1396.0,5.503977149601269e-07,3.4811057503247866e-07,1.0236166190225049e-06,0.0,0.0,4.5866476246677244e-05
1397.0,5.333768058335409e-07,3.4811057503247866e-07,1.0236166190225049e-06,0.0,0.0,4.444806715279507e-05
1398.0,0.0,0.0,0.0,0.0,0.0,0.0
1399.0,0.0,0.0,0.0,0.0,0.0,0.0
1400.0,0.0,0.0,0.0,0.0,0.0,0.0
1401.0,0.0,0.0,0.0,0.0,0.0,0.0
1402.0,0.0,0.0,0.0,0.0,0.0,0.0
1403.0,0.0,0.0,0.0,0.0,0.0,0.0
1404.0,0.0,0.0,0.0,0.0,0.0,0.0
1405.0,0.0,0.0,0.0,0.0,0.0,0.0
1406.0,0.0,0.0,0.0,0.0,0.0,0.0
1407.0,0.0,0.0,0.0,0.0,0.0,0.0
1408.0,0.0,0.0,0.0,0.0,0.0,0.0
1409.0,0.0,0.0,0.0,0.0,0.0,0.0
1410.0,0.0,0.0,0.0,0.0,0.0,0.0
1411.0,0.0,0.0,0.0,0.0,0.0,0.0
1412.0,0.0,0.0,0.0,0.0,0.0,0.0
1413.0,0.0,0.0,0.0,0.0,0.0,0.0
1414.0,0.0,0.0,0.0,0.0,0.0,0.0
1415.0,0.0,0.0,0.0,0.0,0.0,0.0
1416.0,0.0,0.0,0.0,0.0,0.0,0.0
1417.0,0.0,0.0,0.0,0.0,0.0,0.0
1418.0,0.0,0.0,0.0,0.0,0.0,0.0
1419.0,0.0,0.0,0.0,0.0,0.0,0.0
1420.0,0.0,0.0,0.0,0.0,0.0,0.0
1421.0,5.333768058335409e-07,3.4811057503247866e-07,1.0236166190225049e-06,0.0,0.0,4.444806715279507e-05
1422.0,5.333768058335409e-07,3.4811057503247866e-07,1.0236166190225049e-06,0.0,0.0,4.444806715279507e-05
1423.0,0.0,0.0,0.0,0.0,0.0,0.0
1424.0,0.0,0.0,0.0,0.0,0.0,0.0
1425.0,0.0,0.0,0.0,0.0,0.0,0.0
1426.0,0.0,0.0,0.0,0.0,0.0,0.0
1427.0,0.0,0.0,0.0,0.0,0.0,0.0
1428.0,0.0,0.0,0.0,0.0,0.0,0.0
1429.0,0.0,0.0,0.0,0.0,0.0,0.0
1430.0,0.0,0.0,0.0,0.0,0.0,0.0
1431.0,0.0,0.0,0.0,0.0,0.0,0.0
1432.0,0.0,0.0,0.0,0.0,0.0,0.0
1433.0,0.0,0.0,0.0,0.0,0.0,0.0
1434.0,0.0,0.0,0.0,0.0,0.0,0.0
1435.0,0.0,0.0,0.0,0.0,0.0,0.0
1436.0,0.0,0.0,0.0,0.0,0.0,0.0
1437.0,0.0,0.0,0.0,0.0,0.0,0.0
1438.0,0.0,0.0,0.0,0.0,0.0,0.0
1439.0,0.0,0.0,0.0,0.0,0.0,0.0
1440.0,0.0,0.0,0.0,0.0,0.0,0.0
1441.0,0.0,0.0,0.0,0.0,0.0,0.0
1442.0,0.0,0.0,0.0,0.0,0.0,0.0
1443.0,0.0003761232946999371,0.0,0.0,0.0,0.013888888888888888,0.09259259259259259
1444.0,3.770083640119992e-05,0.0,0.0,0.0,0.0,0.00314173636676666
1445.0,0.00011281316255917773,0.0,0.0,0.0,0.006944444444444444,0.046296296296296294
1446.0,8.807078847894445e-05,3.4811057503247866e-07,1.0236166190225049e-06,0.0,0.005208333333333333,0.034722222222222224
1447.0,7.973066385602579e-05,3.4811057503247866e-07,1.0236166190225049e-06,0.0,0.001736111111111111,0.011574074074074073
1448.0,0.0,0.0,0.0,0.0,0.0,0.0
1449.0,0.00010113696771441028,0.0,0.0,0.0,0.012152777777777778,0.08101851851851852
1450.0,8.229505328927189e-05,0.0,0.0,0.0,0.001736111111111111,0.011574074074074073
1451.0,0.00011354504385963082,0.0,0.0,0.0,0.003472222222222222,0.023148148148148147
1452.0,0.00019367846834938973,0.0,0.0,0.0,0.003472222222222222,0.023148148148148147
1453.0,3.6832781916018575e-05,0.0,0.0,0.0,0.003472222222222222,0.023148148148148147
1454.0,0.0,0.0,0.0,0.0,0.0,0.0
1455.0,6.518939244415378e-06,0.0,0.0,0.0,0.0,0.0005432449370346148
1456.0,0.0,0.0,0.0,0.0,0.0,0.0
1457.0,0.0,0.0,0.0,0.0,0.0,0.0
1458.0,0.0,0.0,0.0,0.0,0.0,0.0
1459.0,0.0,0.0,0.0,0.0,0.0,0.0
1460.0,0.00011301741324132308,0.0,0.0,0.0,0.003472222222222222,0.023148148148148147
1461.0,0.00010258372640237212,0.0,0.0,0.0,0.0,0.008548643866864344
1462.0,0.0,0.0,0.0,0.0,0.0,0.0
1463.0,2.297793571415241e-06,0.0,0.0,0.0,0.0,0.00019148279761793674
1464.0,0.0,0.0,0.0,0.0,0.0,0.0
1465.0,0.0,0.0,0.0,0.0,0.0,0.0
1466.0,0.000210835351026617,0.0,0.0,0.0,0.003472222222222222,0.023148148148148147
1467.0,5.872138444829034e-06,0.0,0.0,0.0,0.0,0.0004893448704024195
1468.0,0.0,0.0,0.0,0.0,0.0,0.0
1469.0,0.0,0.0,0.0,0.0,0.0,0.0
1470.0,7.695055683143437e-05,0.0,0.0,0.0,0.003472222222222222,0.023148148148148147
1471.0,8.90409792191349e-05,3.4811057503247866e-07,1.0236166190225049e-06,0.0,0.0,0.007420081601594575
1472.0,6.917783321114257e-05,3.4811057503247866e-07,1.0236166190225049e-06,0.0,0.0,0.005764819434261881
1473.0,0.0,0.0,0.0,0.0,0.0,0.0
1474.0,0.0,0.0,0.0,0.0,0.0,0.0
1475.0,0.0,0.0,0.0,0.0,0.0,0.0
1476.0,3.676470078062266e-05,0.0,0.0,0.0,0.0,0.0030637250650518886
1477.0,0.00019042749772779644,0.0,0.0,0.0,0.006944444444444444,0.046296296296296294
1478.0,0.0,0.0,0.0,0.0,0.0,0.0
1479.0,2.885007233999204e-05,0.0,0.0,0.0,0.0,0.0024041726949993367
1480.0,9.05330671230331e-05,0.0,0.0,0.0,0.0,0.007544422260252759
1481.0,0.0,0.0,0.0,0.0,0.0,0.0
1482.0,0.0,0.0,0.0,0.0,0.0,0.0
1483.0,0.00014550992636941373,0.0,0.0,0.0,0.003472222222222222,0.023148148148148147
1484.0,0.0,0.0,0.0,0.0,0.0,0.0
1485.0,0.0,0.0,0.0,0.0,0.0,0.0
1486.0,0.0,0.0,0.0,0.0,0.0,0.0
1487.0,0.0,0.0,0.0,0.0,0.0,0.0
1488.0,3.4041377148241736e-06,0.0,0.0,0.0,0.0,0.0002836781429020145
1489.0,0.0,0.0,0.0,0.0,0.0,0.0
1490.0,0.0,0.0,0.0,0.0,0.0,0.0
1491.0,0.0,0.0,0.0,0.0,0.0,0.0
1492.0,0.0,0.0,0.0,0.0,0.0,0.0
1493.0,0.0,0.0,0.0,0.0,0.0,0.0
1494.0,0.0,0.0,0.0,0.0,0.0,0.0
1495.0,0.0,0.0,0.0,0.0,0.0,0.0
1496.0,5.163568630450754e-07,3.4811057503247866e-07,1.0236166190225049e-06,0.0,0.0,4.302973858708962e-05
1497.0,5.163568630450754e-07,3.4811057503247866e-07,1.0236166190225049e-06,0.0,0.0,4.302973858708962e-05
1498.0,0.0,0.0,0.0,0.0,0.0,0.0
1499.0,0.0,0.0,0.0,0.0,0.0,0.0
1500.0,0.0,0.0,0.0,0.0,0.0,0.0
1501.0,0.0,0.0,0.0,0.0,0.0,0.0
1502.0,0.0,0.0,0.0,0.0,0.0,0.0
1503.0,0.0,0.0,0.0,0.0,0.0,0.0
1504.0,0.0,0.0,0.0,0.0,0.0,0.0
1505.0,0.0,0.0,0.0,0.0,0.0,0.0
1506.0,0.0,0.0,0.0,0.0,0.0,0.0
1507.0,0.0,0.0,0.0,0.0,0.0,0.0
1508.0,0.0,0.0,0.0,0.0,0.0,0.0
1509.0,0.0,0.0,0.0,0.0,0.0,0.0
1510.0,0.0,0.0,0.0,0.0,0.0,0.0
1511.0,0.0,0.0,0.0,0.0,0.0,0.0
1512.0,0.0,0.0,0.0,0.0,0.0,0.0
1513.0,0.0,0.0,0.0,0.0,0.0,0.0
1514.0,0.0,0.0,0.0,0.0,0.0,0.0
1515.0,6.0866004787385464e-05,0.0,0.0,0.0,0.0,0.005072167065615456
1516.0,6.088302325224504e-05,0.0,0.0,0.0,0.0,0.00507358527102042
1517.0,0.0,0.0,0.0,0.0,0.0,0.0
1518.0,0.0,0.0,0.0,0.0,0.0,0.0
1519.0,0.0,0.0,0.0,0.0,0.0,0.0
1520.0,0.0,0.0,0.0,0.0,0.0,0.0
1521.0,2.09928384720115e-06,3.4811057503247866e-07,1.0236166190225049e-06,0.0,0.0,0.00017494032060009582
1522.0,5.163568630450754e-07,3.4811057503247866e-07,1.0236166190225049e-06,0.0,0.0,4.302973858708962e-05
1523.0,0.0,0.0,0.0,0.0,0.0,0.0
1524.0,0.002061903942376375,0.0,0.0,0.0,0.0625,0.4166666666666667
1525.0,0.0,0.0,0.0,0.0,0.0,0.0
1526.0,0.0,0.0,0.0,0.0,0.0,0.0
1527.0,0.0,0.0,0.0,0.0,0.0,0.0
1528.0,0.0,0.0,0.0,0.0,0.0,0.0
1529.0,0.0,0.0,0.0,0.0,0.0,0.0
1530.0,7.999715307960287e-07,0.0,0.0,0.0,0.0,6.66642942330024e-05
1531.0,0.0,0.0,0.0,0.0,0.0,0.0
1532.0,0.0,0.0,0.0,0.0,0.0,0.0
1533.0,0.0,0.0,0.0,0.0,0.0,0.0
1534.0,0.0,0.0,0.0,0.0,0.0,0.0
1535.0,0.0,0.0,0.0,0.0,0.0,0.0
1536.0,0.0,0.0,0.0,0.0,0.0,0.0
1537.0,0.0,0.0,0.0,0.0,0.0,0.0
1538.0,0.0,0.0,0.0,0.0,0.0,0.0
1539.0,0.0,0.0,0.0,0.0,0.0,0.0
1540.0,0.0,0.0,0.0,0.0,0.0,0.0
1541.0,0.0,0.0,0.0,0.0,0.0,0.0
1542.0,0.0,0.0,0.0,0.0,0.0,0.0
1543.0,0.0,0.0,0.0,0.0,0.0,0.0
1544.0,0.0,0.0,0.0,0.0,0.0,0.0
1545.0,0.0,0.0,0.0,0.0,0.0,0.0
1546.0,5.333768058335409e-07,3.4811057503247866e-07,1.0236166190225049e-06,0.0,0.0,4.444806715279507e-05
1547.0,5.333768058335409e-07,3.4811057503247866e-07,1.0236166190225049e-06,0.0,0.0,4.444806715279507e-05
1548.0,0.0,0.0,0.0,0.0,0.0,0.0
1549.0,0.0,0.0,0.0,0.0,0.0,0.0
1550.0,0.0,0.0,0.0,0.0,0.0,0.0
1551.0,0.0,0.0,0.0,0.0,0.0,0.0
1552.0,0.0,0.0,0.0,0.0,0.0,0.0
1553.0,0.0,0.0,0.0,0.0,0.0,0.0
1554.0,0.0,0.0,0.0,0.0,0.0,0.0
1555.0,0.0,0.0,0.0,0.0,0.0,0.0
1556.0,0.0,0.0,0.0,0.0,0.0,0.0
1557.0,0.0,0.0,0.0,0.0,0.0,0.0
1558.0,0.0,0.0,0.0,0.0,0.0,0.0
1559.0,0.0,0.0,0.0,0.0,0.0,0.0
1560.0,0.0,0.0,0.0,0.0,0.0,0.0
1561.0,0.0,0.0,0.0,0.0,0.0,0.0
1562.0,0.0,0.0,0.0,0.0,0.0,0.0
1563.0,0.0,0.0,0.0,0.0,0.0,0.0
1564.0,0.0,0.0,0.0,0.0,0.0,0.0
1565.0,0.0,0.0,0.0,0.0,0.0,0.0
1566.0,0.0,0.0,0.0,0.0,0.0,0.0
1567.0,0.0,0.0,0.0,0.0,0.0,0.0
1568.0,0.0,0.0,0.0,0.0,0.0,0.0
1569.0,0.0,0.0,0.0,0.0,0.0,0.0
1570.0,0.0,0.0,0.0,0.0,0.0,0.0
1571.0,5.333768058335409e-07,3.4811057503247866e-07,1.0236166190225049e-06,0.0,0.0,4.444806715279507e-05
1572.0,5.333768058335409e-07,3.4811057503247866e-07,1.0236166190225049e-06,0.0,0.0,4.444806715279507e-05
1573.0,0.0,0.0,0.0,0.0,0.0,0.0
1574.0,0.0,0.0,0.0,0.0,0.0,0.0
1575.0,0.0,0.0,0.0,0.0,0.0,0.0
1576.0,0.0,0.0,0.0,0.0,0.0,0.0
1577.0,0.0,0.0,0.0,0.0,0.0,0.0
1578.0,0.0,0.0,0.0,0.0,0.0,0.0
1579.0,0.0,0.0,0.0,0.0,0.0,0.0
1580.0,0.0,0.0,0.0,0.0,0.0,0.0
1581.0,0.0,0.0,0.0,0.0,0.0,0.0
1582.0,0.0,0.0,0.0,0.0,0.0,0.0
1583.0,0.0,0.0,0.0,0.0,0.0,0.0
1584.0,0.0,0.0,0.0,0.0,0.0,0.0
1585.0,0.0,0.0,0.0,0.0,0.0,0.0
1586.0,0.0,0.0,0.0,0.0,0.0,0.0
1587.0,0.0,0.0,0.0,0.0,0.0,0.0
1588.0,0.0,0.0,0.0,0.0,0.0,0.0
1589.0,0.03338650241494179,0.012373845092952251,0.0,0.00037466036155819893,0.16145833333333334,2.782208534578482
1590.0,7.080604973452864e-06,6.603444035135908e-06,0.0,0.0,0.0,0.0005900504144544053
1591.0,0.0,0.0,0.0,0.0,0.0,0.0
1592.0,0.0,0.0,0.0,0.0,0.0,0.0
1593.0,0.0,0.0,0.0,0.0,0.0,0.0
1594.0,0.0,0.0,0.0,0.0,0.0,0.0
1595.0,0.0,0.0,0.0,0.0,0.0,0.0
1596.0,0.00017316835874225944,9.118238085648045e-05,1.0236166190225049e-06,4.555225677904673e-05,0.001736111111111111,0.014430696561854953
1597.0,1.9296318498618348e-07,3.4811057503247866e-07,1.0236166190225049e-06,0.0,0.0,1.608026541551529e-05
1598.0,0.0,0.0,0.0,0.0,0.0,0.0
1599.0,0.0,0.0,0.0,0.0,0.0,0.0
1600.0,0.0,0.0,0.0,0.0,0.0,0.0
1601.0,0.0,0.0,0.0,0.0,0.0,0.0
1602.0,0.0,0.0,0.0,0.0,0.0,0.0
1603.0,0.0,0.0,0.0,0.0,0.0,0.0
1604.0,0.0,0.0,0.0,0.0,0.0,0.0
1605.0,0.0,0.0,0.0,0.0,0.0,0.0
1606.0,0.0,0.0,0.0,0.0,0.0,0.0
1607.0,0.0,0.0,0.0,0.0,0.0,0.0
1608.0,0.0,0.0,0.0,0.0,0.0,0.0
1609.0,0.0,0.0,0.0,0.0,0.0,0.0
1610.0,0.0,0.0,0.0,0.0,0.0,0.0
1611.0,0.0,0.0,0.0,0.0,0.0,0.0
1612.0,0.0,0.0,0.0,0.0,0.0,0.0
1613.0,0.0,0.0,0.0,0.0,0.0,0.0
1614.0,0.0,0.0,0.0,0.0,0.0,0.0
1615.0,0.0,0.0,0.0,0.0,0.0,0.0
1616.0,0.0,0.0,0.0,0.0,0.0,0.0
1617.0,0.0,0.0,0.0,0.0,0.0,0.0
1618.0,0.0,0.0,0.0,0.0,0.0,0.0
1619.0,0.0,0.0,0.0,0.0,0.0,0.0
1620.0,0.0,0.0,0.0,0.0,0.0,0.0
1621.0,1.9296318498618348e-07,3.4811057503247866e-07,1.0236166190225049e-06,0.0,0.0,1.608026541551529e-05
1622.0,1.9296318498618348e-07,3.4811057503247866e-07,1.0236166190225049e-06,0.0,0.0,1.608026541551529e-05
1623.0,0.0,0.0,0.0,0.0,0.0,0.0
1624.0,0.0,0.0,0.0,0.0,0.0,0.0
1625.0,0.0,0.0,0.0,0.0,0.0,0.0
1626.0,0.0,0.0,0.0,0.0,0.0,0.0
1627.0,0.0,0.0,0.0,0.0,0.0,0.0
1628.0,0.0,0.0,0.0,0.0,0.0,0.0
1629.0,0.0,0.0,0.0,0.0,0.0,0.0
1630.0,0.0,0.0,0.0,0.0,0.0,0.0
1631.0,0.0,0.0,0.0,0.0,0.0,0.0
1632.0,0.0,0.0,0.0,0.0,0.0,0.0
1633.0,0.0,0.0,0.0,0.0,0.0,0.0
1634.0,0.0,0.0,0.0,0.0,0.0,0.0
1635.0,0.0,0.0,0.0,0.0,0.0,0.0
1636.0,0.0,0.0,0.0,0.0,0.0,0.0
1637.0,0.0,0.0,0.0,0.0,0.0,0.0
1638.0,0.0,0.0,0.0,0.0,0.0,0.0
1639.0,0.0,0.0,0.0,0.0,0.0,0.0
1640.0,0.0,0.0,0.0,0.0,0.0,0.0
1641.0,0.0,0.0,0.0,0.0,0.0,0.0
1642.0,0.0,0.0,0.0,0.0,0.0,0.0
1643.0,0.0,0.0,0.0,0.0,0.0,0.0
1644.0,0.0,0.0,0.0,0.0,0.0,0.0
1645.0,0.0,0.0,0.0,0.0,0.0,0.0
1646.0,1.9296318498618348e-07,3.4811057503247866e-07,1.0236166190225049e-06,0.0,0.0,1.608026541551529e-05
1647.0,1.9296318498618348e-07,3.4811057503247866e-07,1.0236166190225049e-06,0.0,0.0,1.608026541551529e-05
1648.0,0.0,0.0,0.0,0.0,0.0,0.0
1649.0,0.0,0.0,0.0,0.0,0.0,0.0
1650.0,0.0,0.0,0.0,0.0,0.0,0.0
1651.0,0.0,0.0,0.0,0.0,0.0,0.0
1652.0,0.0,0.0,0.0,0.0,0.0,0.0
1653.0,0.0,0.0,0.0,0.0,0.0,0.0
1654.0,0.0,0.0,0.0,0.0,0.0,0.0
1655.0,0.0,0.0,0.0,0.0,0.0,0.0
1656.0,0.0,0.0,0.0,0.0,0.0,0.0
1657.0,0.0,0.0,0.0,0.0,0.0,0.0
1658.0,0.0,0.0,0.0,0.0,0.0,0.0
1659.0,0.0,0.0,0.0,0.0,0.0,0.0
1660.0,0.0,0.0,0.0,0.0,0.0,0.0
1661.0,0.0,0.0,0.0,0.0,0.0,0.0
1662.0,0.0,0.0,0.0,0.0,0.0,0.0
1663.0,0.0,0.0,0.0,0.0,0.0,0.0
1664.0,0.0,0.0,0.0,0.0,0.0,0.0
1665.0,0.0,0.0,0.0,0.0,0.0,0.0
1666.0,0.0,0.0,0.0,0.0,0.0,0.0
1667.0,0.0,0.0,0.0,0.0,0.0,0.0
1668.0,0.0,0.0,0.0,0.0,0.0,0.0
1669.0,0.0,0.0,0.0,0.0,0.0,0.0
1670.0,0.0,0.0,0.0,0.0,0.0,0.0
1671.0,1.9296318498618348e-07,3.4811057503247866e-07,1.0236166190225049e-06,0.0,0.0,1.608026541551529e-05
1672.0,1.9296318498618348e-07,3.4811057503247866e-07,1.0236166190225049e-06,0.0,0.0,1.608026541551529e-05
1673.0,0.0,0.0,0.0,0.0,0.0,0.0
1674.0,0.0,0.0,0.0,0.0,0.0,0.0
1675.0,0.0,0.0,0.0,0.0,0.0,0.0
1676.0,0.0,0.0,0.0,0.0,0.0,0.0
1677.0,0.0,0.0,0.0,0.0,0.0,0.0
1678.0,0.0,0.0,0.0,0.0,0.0,0.0
1679.0,0.0,0.0,0.0,0.0,0.0,0.0
1680.0,0.0,0.0,0.0,0.0,0.0,0.0
1681.0,3.3003125281538814e-05,0.0,0.0,0.0,0.003472222222222222,0.023148148148148147
1682.0,0.0005284585640765727,0.0,0.0,0.0,0.006944444444444444,0.046296296296296294
1683.0,0.0004602906119544059,0.0,0.0,0.0,0.008680555555555556,0.05787037037037038
1684.0,0.00013911012501921505,0.0,0.0,0.0,0.008680555555555556,0.05787037037037038
1685.0,7.778456165397074e-06,0.0,0.0,0.0,0.0,0.0006482046804497562
1686.0,0.00031045745708979666,0.0,0.0,0.0,0.005208333333333333,0.034722222222222224
1687.0,0.00010491555440239608,0.0,0.0,0.0,0.0,0.00874296286686634
1688.0,0.00030397254158742726,0.0,0.0,0.0,0.005208333333333333,0.034722222222222224
1689.0,0.00017864919209387153,0.0,0.0,0.0,0.001736111111111111,0.014887432674489293
1690.0,0.00019607838476076722,0.0,0.0,0.0,0.005208333333333333,0.034722222222222224
1691.0,0.0001805044594220817,0.0,0.0,0.0,0.0,0.015042038285173476
1692.0,0.0001692027144599706,0.0,0.0,0.0,0.006944444444444444,0.046296296296296294
1693.0,0.00027730115107260644,0.0,0.0,0.0,0.008680555555555556,0.05787037037037038
1694.0,0.00029777706367895007,0.0,0.0,0.0,0.006944444444444444,0.046296296296296294
1695.0,3.404165127562919e-08,0.0,0.0,0.0,0.0,2.8368042729690992e-06
1696.0,1.6260519259958528e-05,3.4811057503247866e-07,1.0236166190225049e-06,0.0,0.0,0.0013550432716632106
1697.0,1.1971853837167146e-06,3.4811057503247866e-07,1.0236166190225049e-06,0.0,0.0,9.976544864305954e-05
1698.0,0.0,0.0,0.0,0.0,0.0,0.0
1699.0,0.0,0.0,0.0,0.0,0.0,0.0
1700.0,0.0,0.0,0.0,0.0,0.0,0.0
1701.0,0.0,0.0,0.0,0.0,0.0,0.0
1702.0,0.0,0.0,0.0,0.0,0.0,0.0
1703.0,0.0,0.0,0.0,0.0,0.0,0.0
1704.0,0.0,0.0,0.0,0.0,0.0,0.0
1705.0,0.0,0.0,0.0,0.0,0.0,0.0
1706.0,0.0,0.0,0.0,0.0,0.0,0.0
1707.0,0.0,0.0,0.0,0.0,0.0,0.0
1708.0,0.0003754254139494151,0.0,0.0,0.0,0.012152777777777778,0.08101851851851852
1709.0,0.0,0.0,0.0,0.0,0.0,0.0
1710.0,0.003539998084306717,0.0,0.0,0.0,0.0798611111111111,0.5324074074074074
1711.0,0.0,0.0,0.0,0.0,0.0,0.0
1712.0,0.0,0.0,0.0,0.0,0.0,0.0
1713.0,3.302013965367223e-06,0.0,0.0,0.0,0.0,0.0002751678304472686
1714.0,0.0,0.0,0.0,0.0,0.0,0.0
1715.0,0.0,0.0,0.0,0.0,0.0,0.0
1716.0,0.0,0.0,0.0,0.0,0.0,0.0
1717.0,0.0,0.0,0.0,0.0,0.0,0.0
1718.0,0.0,0.0,0.0,0.0,0.0,0.0
1719.0,0.0,0.0,0.0,0.0,0.0,0.0
1720.0,0.0,0.0,0.0,0.0,0.0,0.0
1721.0,1.9296318498618348e-07,3.4811057503247866e-07,1.0236166190225049e-06,0.0,0.0,1.608026541551529e-05
1722.0,1.9296318498618348e-07,3.4811057503247866e-07,1.0236166190225049e-06,0.0,0.0,1.608026541551529e-05
1723.0,0.0,0.0,0.0,0.0,0.0,0.0
1724.0,0.0,0.0,0.0,0.0,0.0,0.0
1725.0,0.0,0.0,0.0,0.0,0.0,0.0
1726.0,0.0,0.0,0.0,0.0,0.0,0.0
1727.0,0.0,0.0,0.0,0.0,0.0,0.0
1728.0,0.0,0.0,0.0,0.0,0.0,0.0
1729.0,0.0,0.0,0.0,0.0,0.0,0.0
1730.0,0.0,0.0,0.0,0.0,0.0,0.0
1731.0,0.0,0.0,0.0,0.0,0.0,0.0
1732.0,0.0,0.0,0.0,0.0,0.0,0.0
1733.0,0.0,0.0,0.0,0.0,0.0,0.0
1734.0,0.0,0.0,0.0,0.0,0.0,0.0
1735.0,0.0,0.0,0.0,0.0,0.0,0.0
1736.0,0.0,0.0,0.0,0.0,0.0,0.0
1737.0,0.0,0.0,0.0,0.0,0.0,0.0
1738.0,0.0,0.0,0.0,0.0,0.0,0.0
1739.0,0.0,0.0,0.0,0.0,0.0,0.0
1740.0,0.0,0.0,0.0,0.0,0.0,0.0
1741.0,0.0,0.0,0.0,0.0,0.0,0.0
1742.0,0.0,0.0,0.0,0.0,0.0,0.0
1743.0,0.0,0.0,0.0,0.0,0.0,0.0
1744.0,0.0,0.0,0.0,0.0,0.0,0.0
1745.0,0.0,0.0,0.0,0.0,0.0,0.0
1746.0,1.9296318498618348e-07,3.4811057503247866e-07,1.0236166190225049e-06,0.0,0.0,1.608026541551529e-05
1747.0,1.9296318498618348e-07,3.4811057503247866e-07,1.0236166190225049e-06,0.0,0.0,1.608026541551529e-05
1748.0,0.0,0.0,0.0,0.0,0.0,0.0
1749.0,0.0,0.0,0.0,0.0,0.0,0.0
1750.0,0.0,0.0,0.0,0.0,0.0,0.0
1751.0,0.0,0.0,0.0,0.0,0.0,0.0
1752.0,0.0,0.0,0.0,0.0,0.0,0.0
1753.0,0.0,0.0,0.0,0.0,0.0,0.0
1754.0,0.0,0.0,0.0,0.0,0.0,0.0
1755.0,0.0,0.0,0.0,0.0,0.0,0.0
1756.0,0.0,0.0,0.0,0.0,0.0,0.0
1757.0,0.0,0.0,0.0,0.0,0.0,0.0
1758.0,0.0,0.0,0.0,0.0,0.0,0.0
1759.0,0.0,0.0,0.0,0.0,0.0,0.0
1760.0,0.0,0.0,0.0,0.0,0.0,0.0
1761.0,0.0,0.0,0.0,0.0,0.0,0.0
1762.0,0.0,0.0,0.0,0.0,0.0,0.0
1763.0,0.0,0.0,0.0,0.0,0.0,0.0
1764.0,0.0001888445985969156,0.0,0.0,0.0,0.006944444444444444,0.046296296296296294
1765.0,0.0002878199447877705,0.0,0.0,0.0,0.005208333333333333,0.034722222222222224
1766.0,0.00016196891374420375,0.0,0.0,0.0,0.001736111111111111,0.013497409478683645
1767.0,0.0,0.0,0.0,0.0,0.0,0.0
1768.0,0.0,0.0,0.0,0.0,0.0,0.0
1769.0,0.0,0.0,0.0,0.0,0.0,0.0
1770.0,0.0,0.0,0.0,0.0,0.0,0.0
1771.0,6.882102297822712e-06,3.4811057503247866e-07,1.0236166190225049e-06,0.0,0.0,0.0005735085248185593
1772.0,0.00032237765844911337,3.4811057503247866e-07,1.0236166190225049e-06,0.0,0.006944444444444444,0.046296296296296294
1773.0,0.00024407674209214747,0.0,0.0,0.0,0.003472222222222222,0.023148148148148147
1774.0,0.00018127041403204203,0.0,0.0,0.0,0.0,0.015105867836003501
1775.0,2.9173468647059053e-05,0.0,0.0,0.0,0.0,0.0024311223872549212
1776.0,0.0,0.0,0.0,0.0,0.0,0.0
1777.0,0.0,0.0,0.0,0.0,0.0,0.0
1778.0,0.0,0.0,0.0,0.0,0.0,0.0
1779.0,0.0,0.0,0.0,0.0,0.0,0.0
1780.0,8.561414688301738e-06,0.0,0.0,0.0,0.0,0.0007134512240251448
1781.0,0.0,0.0,0.0,0.0,0.0,0.0
1782.0,0.00019917613826692104,0.0,0.0,0.0,0.006944444444444444,0.046296296296296294
1783.0,0.00021881803695578128,0.0,0.0,0.0,0.003472222222222222,0.023148148148148147
1784.0,0.00021900526189710945,0.0,0.0,0.0,0.001736111111111111,0.018250438491425786
1785.0,0.00026802485808730125,0.0,0.0,0.0,0.008680555555555556,0.05787037037037038
1786.0,0.0002527062315493822,0.0,0.0,0.0,0.003472222222222222,0.023148148148148147
1787.0,0.0002715311129577458,0.0,0.0,0.0,0.006944444444444444,0.046296296296296294
1788.0,0.0004870131378993392,0.0,0.0,0.0,0.008680555555555556,0.05787037037037038
1789.0,6.3827615122136194e-06,0.0,0.0,0.0,0.001736111111111111,0.011574074074074073
1790.0,0.0,0.0,0.0,0.0,0.0,0.0
1791.0,0.0,0.0,0.0,0.0,0.0,0.0
1792.0,0.0002673099806997925,0.0,0.0,0.0,0.003472222222222222,0.023148148148148147
1793.0,0.0001476715406170115,0.0,0.0,0.0,0.0,0.01230596171808429
1794.0,0.00023308138770516962,0.0,0.0,0.0,0.0,0.0194234489754308
1795.0,7.921431097202003e-05,0.0,0.0,0.0,0.0,0.006601192581001669
1796.0,1.0967061825795099e-05,3.4811057503247866e-07,1.0236166190225049e-06,0.0,0.0,0.0009139218188162582
1797.0,0.0002889660536311567,3.4811057503247866e-07,1.0236166190225049e-06,0.0,0.005208333333333333,0.034722222222222224
1798.0,0.0,0.0,0.0,0.0,0.0,0.0
1799.0,0.0,0.0,0.0,0.0,0.0,0.0
1800.0,0.0,0.0,0.0,0.0,0.0,0.0
1801.0,0.0,0.0,0.0,0.0,0.0,0.0
1802.0,0.0,0.0,0.0,0.0,0.0,0.0
1803.0,0.0,0.0,0.0,0.0,0.0,0.0
1804.0,0.0,0.0,0.0,0.0,0.0,0.0
1805.0,3.0126764158922015e-06,0.0,0.0,0.0,0.0,0.00025105636799101677
1806.0,0.0,0.0,0.0,0.0,0.0,0.0
1807.0,0.0,0.0,0.0,0.0,0.0,0.0
1808.0,0.0,0.0,0.0,0.0,0.0,0.0
1809.0,0.0043327705934643745,0.0,0.0,0.0,0.07465277777777778,0.4976851851851852
1810.0,0.0,0.0,0.0,0.0,0.0,0.0
1811.0,0.0,0.0,0.0,0.0,0.0,0.0
1812.0,0.0,0.0,0.0,0.0,0.0,0.0
1813.0,0.0,0.0,0.0,0.0,0.0,0.0
1814.0,0.0,0.0,0.0,0.0,0.0,0.0
1815.0,0.0,0.0,0.0,0.0,0.0,0.0
1816.0,0.0,0.0,0.0,0.0,0.0,0.0
1817.0,0.0,0.0,0.0,0.0,0.0,0.0
1818.0,0.0,0.0,0.0,0.0,0.0,0.0
1819.0,0.0,0.0,0.0,0.0,0.0,0.0
1820.0,0.0,0.0,0.0,0.0,0.0,0.0
1821.0,1.9296318498618348e-07,3.4811057503247866e-07,1.0236166190225049e-06,0.0,0.0,1.608026541551529e-05
1822.0,1.9296318498618348e-07,3.4811057503247866e-07,1.0236166190225049e-06,0.0,0.0,1.608026541551529e-05
1823.0,0.0,0.0,0.0,0.0,0.0,0.0
1824.0,0.0,0.0,0.0,0.0,0.0,0.0
1825.0,0.0,0.0,0.0,0.0,0.0,0.0
1826.0,0.0,0.0,0.0,0.0,0.0,0.0
1827.0,0.0,0.0,0.0,0.0,0.0,0.0
1828.0,0.0,0.0,0.0,0.0,0.0,0.0
1829.0,0.0,0.0,0.0,0.0,0.0,0.0
1830.0,0.0,0.0,0.0,0.0,0.0,0.0
1831.0,0.0,0.0,0.0,0.0,0.0,0.0
1832.0,0.0,0.0,0.0,0.0,0.0,0.0
1833.0,0.0,0.0,0.0,0.0,0.0,0.0
1834.0,0.0,0.0,0.0,0.0,0.0,0.0
1835.0,0.0,0.0,0.0,0.0,0.0,0.0
1836.0,0.0,0.0,0.0,0.0,0.0,0.0
1837.0,0.0,0.0,0.0,0.0,0.0,0.0
1838.0,0.0,0.0,0.0,0.0,0.0,0.0
1839.0,0.0,0.0,0.0,0.0,0.0,0.0
1840.0,0.0,0.0,0.0,0.0,0.0,0.0
1841.0,0.00029292612452991307,0.0,0.0,0.0,0.008680555555555556,0.05787037037037038
1842.0,0.00010479641787242144,0.0,0.0,0.0,0.003472222222222222,0.023148148148148147
1843.0,0.00022411147074308246,0.0,0.0,0.0,0.005208333333333333,0.034722222222222224
1844.0,0.0001398760505253449,0.0,0.0,0.0,0.006944444444444444,0.046296296296296294
1845.0,0.00036984268808737397,0.0,0.0,0.0,0.003472222222222222,0.030820224007281162
1846.0,0.0003086930373683572,3.4811057503247866e-07,1.0236166190225049e-06,0.0,0.006944444444444444,0.046296296296296294
1847.0,1.9296318498618348e-07,3.4811057503247866e-07,1.0236166190225049e-06,0.0,0.0,1.608026541551529e-05
1848.0,0.0,0.0,0.0,0.0,0.0,0.0
1849.0,0.0,0.0,0.0,0.0,0.0,0.0
1850.0,2.1429057596833445e-05,0.0,0.0,0.0,0.001736111111111111,0.011574074074074073
1851.0,0.0,0.0,0.0,0.0,0.0,0.0
1852.0,0.0,0.0,0.0,0.0,0.0,0.0
1853.0,0.0,0.0,0.0,0.0,0.0,0.0
1854.0,0.0,0.0,0.0,0.0,0.0,0.0
1855.0,1.5659059044992318e-06,0.0,0.0,0.0,0.0,0.00013049215870826933
1856.0,5.735972081311047e-06,0.0,0.0,0.0,0.0,0.00047799767344258726
1857.0,0.0003991692792624235,0.0,0.0,0.0,0.010416666666666666,0.06944444444444445
1858.0,0.0006006432813592255,0.0,0.0,0.0,0.005208333333333333,0.05005360677993546
1859.0,5.492578202392906e-05,0.0,0.0,0.0,0.0,0.004577148501994088
1860.0,0.0,0.0,0.0,0.0,0.0,0.0
1861.0,0.0,0.0,0.0,0.0,0.0,0.0
1862.0,0.0,0.0,0.0,0.0,0.0,0.0
1863.0,1.1914495189557783e-05,0.0,0.0,0.0,0.0,0.0009928745991298153
1864.0,0.0,0.0,0.0,0.0,0.0,0.0
1865.0,0.0,0.0,0.0,0.0,0.0,0.0
1866.0,0.0,0.0,0.0,0.0,0.0,0.0
1867.0,0.0,0.0,0.0,0.0,0.0,0.0
1868.0,0.0,0.0,0.0,0.0,0.0,0.0
1869.0,0.0,0.0,0.0,0.0,0.0,0.0
1870.0,0.0,0.0,0.0,0.0,0.0,0.0
1871.0,1.9296318498618348e-07,3.4811057503247866e-07,1.0236166190225049e-06,0.0,0.0,1.608026541551529e-05
1872.0,1.9296318498618348e-07,3.4811057503247866e-07,1.0236166190225049e-06,0.0,0.0,1.608026541551529e-05
1873.0,0.0,0.0,0.0,0.0,0.0,0.0
1874.0,0.0,0.0,0.0,0.0,0.0,0.0
1875.0,0.0,0.0,0.0,0.0,0.0,0.0
1876.0,0.0,0.0,0.0,0.0,0.0,0.0
1877.0,0.0,0.0,0.0,0.0,0.0,0.0
1878.0,0.0,0.0,0.0,0.0,0.0,0.0
1879.0,0.0,0.0,0.0,0.0,0.0,0.0
1880.0,0.0,0.0,0.0,0.0,0.0,0.0
1881.0,0.0,0.0,0.0,0.0,0.0,0.0
1882.0,0.0,0.0,0.0,0.0,0.0,0.0
1883.0,0.0,0.0,0.0,0.0,0.0,0.0
1884.0,0.0,0.0,0.0,0.0,0.0,0.0
1885.0,0.0,0.0,0.0,0.0,0.0,0.0
1886.0,0.0,0.0,0.0,0.0,0.0,0.0
1887.0,0.0,0.0,0.0,0.0,0.0,0.0
1888.0,0.0,0.0,0.0,0.0,0.0,0.0
1889.0,0.0,0.0,0.0,0.0,0.0,0.0
1890.0,0.0,0.0,0.0,0.0,0.0,0.0
1891.0,0.0,0.0,0.0,0.0,0.0,0.0
1892.0,0.0,0.0,0.0,0.0,0.0,0.0
1893.0,0.0,0.0,0.0,0.0,0.0,0.0
1894.0,0.0,0.0,0.0,0.0,0.0,0.0
1895.0,0.0,0.0,0.0,0.0,0.0,0.0
1896.0,1.9296318498618348e-07,3.4811057503247866e-07,1.0236166190225049e-06,0.0,0.0,1.608026541551529e-05
1897.0,0.035068050026893616,0.011680654250085354,1.0236166190225049e-06,0.00037000898737460375,0.28125,2.9223375022411346
1898.0,1.4888018995407037e-05,6.603432325391623e-07,0.0,0.0,0.0,0.0012406682496172532
1899.0,0.0,0.0,0.0,0.0,0.0,0.0
1900.0,0.0,0.0,0.0,0.0,0.0,0.0
1901.0,0.0,0.0,0.0,0.0,0.0,0.0
1902.0,0.0,0.0,0.0,0.0,0.0,0.0
1903.0,0.0,0.0,0.0,0.0,0.0,0.0
1904.0,0.0,0.0,0.0,0.0,0.0,0.0
1905.0,0.00011974980589002371,1.2730166417895816e-05,0.0,5.989868805045262e-05,0.0,0.009979150490835309
1906.0,0.0,0.0,0.0,0.0,0.0,0.0
1907.0,0.0,0.0,0.0,0.0,0.0,0.0
1908.0,0.0,0.0,0.0,0.0,0.0,0.0
1909.0,0.0,0.0,0.0,0.0,0.0,0.0
1910.0,0.0,0.0,0.0,0.0,0.0,0.0
1911.0,0.0,0.0,0.0,0.0,0.0,0.0
1912.0,0.0,0.0,0.0,0.0,0.0,0.0
1913.0,0.0,0.0,0.0,0.0,0.0,0.0
1914.0,0.0,0.0,0.0,0.0,0.0,0.0
1915.0,0.0,0.0,0.0,0.0,0.0,0.0
1916.0,0.0,0.0,0.0,0.0,0.0,0.0
1917.0,0.0,0.0,0.0,0.0,0.0,0.0
1918.0,0.0,0.0,0.0,0.0,0.0,0.0
1919.0,0.0,0.0,0.0,0.0,0.0,0.0
1920.0,0.0,0.0,0.0,0.0,0.0,0.0
1921.0,2.270052164021763e-07,3.4811057503247866e-07,1.0236166190225049e-06,0.0,0.0,1.8917101366848026e-05
1922.0,2.270052164021763e-07,3.4811057503247866e-07,1.0236166190225049e-06,0.0,0.0,1.8917101366848026e-05
1923.0,0.0,0.0,0.0,0.0,0.0,0.0
1924.0,0.0,0.0,0.0,0.0,0.0,0.0
1925.0,0.0,0.0,0.0,0.0,0.0,0.0
1926.0,0.0,0.0,0.0,0.0,0.0,0.0
1927.0,0.0,0.0,0.0,0.0,0.0,0.0
1928.0,0.0,0.0,0.0,0.0,0.0,0.0
1929.0,0.0,0.0,0.0,0.0,0.0,0.0
1930.0,0.0,0.0,0.0,0.0,0.0,0.0
1931.0,0.0,0.0,0.0,0.0,0.0,0.0
1932.0,0.0,0.0,0.0,0.0,0.0,0.0
1933.0,0.0,0.0,0.0,0.0,0.0,0.0
1934.0,0.0,0.0,0.0,0.0,0.0,0.0
1935.0,0.0,0.0,0.0,0.0,0.0,0.0
1936.0,0.0,0.0,0.0,0.0,0.0,0.0
1937.0,0.0,0.0,0.0,0.0,0.0,0.0
1938.0,0.0,0.0,0.0,0.0,0.0,0.0
1939.0,0.0,0.0,0.0,0.0,0.0,0.0
1940.0,0.0,0.0,0.0,0.0,0.0,0.0
1941.0,0.0,0.0,0.0,0.0,0.0,0.0
1942.0,0.0,0.0,0.0,0.0,0.0,0.0
1943.0,0.0,0.0,0.0,0.0,0.0,0.0
1944.0,0.0,0.0,0.0,0.0,0.0,0.0
1945.0,0.0,0.0,0.0,0.0,0.0,0.0
1946.0,2.270052164021763e-07,3.4811057503247866e-07,1.0236166190225049e-06,0.0,0.0,1.8917101366848026e-05
1947.0,2.270052164021763e-07,3.4811057503247866e-07,1.0236166190225049e-06,0.0,0.0,1.8917101366848026e-05
1948.0,0.0,0.0,0.0,0.0,0.0,0.0
1949.0,0.0,0.0,0.0,0.0,0.0,0.0
1950.0,0.0,0.0,0.0,0.0,0.0,0.0
1951.0,0.0,0.0,0.0,0.0,0.0,0.0
1952.0,0.0,0.0,0.0,0.0,0.0,0.0
1953.0,0.0,0.0,0.0,0.0,0.0,0.0
1954.0,0.0,0.0,0.0,0.0,0.0,0.0
1955.0,0.0,0.0,0.0,0.0,0.0,0.0
1956.0,0.0,0.0,0.0,0.0,0.0,0.0
1957.0,0.0,0.0,0.0,0.0,0.0,0.0
1958.0,0.0,0.0,0.0,0.0,0.0,0.0
1959.0,5.889158273930661e-06,0.0,0.0,0.0,0.0,0.0004907631894942218
1960.0,0.00017783221846912056,0.0,0.0,0.0,0.003472222222222222,0.023148148148148147
1961.0,0.0,0.0,0.0,0.0,0.0,0.0
1962.0,0.0,0.0,0.0,0.0,0.0,0.0
1963.0,1.7871724367068964e-06,0.0,0.0,0.0,0.0,0.00014893103639224137
1964.0,7.027845276752487e-05,0.0,0.0,0.0,0.0,0.005856537730627072
1965.0,0.00011492372141219676,0.0,0.0,0.0,0.003472222222222222,0.023148148148148147
1966.0,0.0,0.0,0.0,0.0,0.0,0.0
1967.0,0.0,0.0,0.0,0.0,0.0,0.0
1968.0,0.0,0.0,0.0,0.0,0.0,0.0
1969.0,0.0,0.0,0.0,0.0,0.0,0.0
1970.0,0.0002868837909772992,0.0,0.0,0.0,0.006944444444444444,0.046296296296296294
1971.0,9.843697625910863e-06,3.4811057503247866e-07,1.0236166190225049e-06,0.0,0.0,0.000820308135492572
1972.0,0.00027151984977535903,3.4811057503247866e-07,1.0236166190225049e-06,0.0,0.006944444444444444,0.046296296296296294
1973.0,0.00021010344789829105,0.0,0.0,0.0,0.003472222222222222,0.023148148148148147
1974.0,7.700162677792832e-05,0.0,0.0,0.0,0.003472222222222222,0.023148148148148147
1975.0,0.00032526548602618277,0.0,0.0,0.0,0.003472222222222222,0.027105457168848563
1976.0,0.00023347284877672791,0.0,0.0,0.0,0.006944444444444444,0.046296296296296294
1977.0,0.00023655362019781023,0.0,0.0,0.0,0.003472222222222222,0.023148148148148147
1978.0,0.0002634803531691432,0.0,0.0,0.0,0.001736111111111111,0.0219566960974286
1979.0,0.00024816172663122416,0.0,0.0,0.0,0.005208333333333333,0.034722222222222224
1980.0,0.0001760961313266307,0.0,0.0,0.0,0.001736111111111111,0.014674677610552559
1981.0,0.00023827269615139812,0.0,0.0,0.0,0.001736111111111111,0.01985605801261651
1982.0,0.0,0.0,0.0,0.0,0.0,0.0
1983.0,0.002549529541283846,0.0,0.0,0.0,0.04513888888888889,0.30092592592592593
1984.0,0.0,0.0,0.0,0.0,0.0,0.0
1985.0,0.0,0.0,0.0,0.0,0.0,0.0
1986.0,0.0,0.0,0.0,0.0,0.0,0.0
1987.0,0.0,0.0,0.0,0.0,0.0,0.0
1988.0,2.604169367259601e-06,0.0,0.0,0.0,0.0,0.00021701411393830009
1989.0,0.0,0.0,0.0,0.0,0.0,0.0
1990.0,0.0,0.0,0.0,0.0,0.0,0.0
1991.0,0.0,0.0,0.0,0.0,0.0,0.0
1992.0,0.0,0.0,0.0,0.0,0.0,0.0
1993.0,0.0,0.0,0.0,0.0,0.0,0.0
1994.0,0.0,0.0,0.0,0.0,0.0,0.0
1995.0,0.0,0.0,0.0,0.0,0.0,0.0
1996.0,2.270052164021763e-07,3.4811057503247866e-07,1.0236166190225049e-06,0.0,0.0,1.8917101366848026e-05
1997.0,2.270052164021763e-07,3.4811057503247866e-07,1.0236166190225049e-06,0.0,0.0,1.8917101366848026e-05
1998.0,0.0,0.0,0.0,0.0,0.0,0.0
1999.0,0.0,0.0,0.0,0.0,0.0,0.0
2000.0,0.0,0.0,0.0,0.0,0.0,0.0
2001.0,0.0,0.0,0.0,0.0,0.0,0.0
2002.0,0.0,0.0,0.0,0.0,0.0,0.0
2003.0,0.0,0.0,0.0,0.0,0.0,0.0
2004.0,0.0,0.0,0.0,0.0,0.0,0.0
2005.0,0.0,0.0,0.0,0.0,0.0,0.0
2006.0,0.0,0.0,0.0,0.0,0.0,0.0
2007.0,0.0,0.0,0.0,0.0,0.0,0.0
2008.0,0.0,0.0,0.0,0.0,0.0,0.0
2009.0,0.0,0.0,0.0,0.0,0.0,0.0
2010.0,0.0,0.0,0.0,0.0,0.0,0.0
2011.0,0.0,0.0,0.0,0.0,0.0,0.0
2012.0,0.0,0.0,0.0,0.0,0.0,0.0
2013.0,0.0,0.0,0.0,0.0,0.0,0.0
2014.0,0.0,0.0,0.0,0.0,0.0,0.0
2015.0,0.0,0.0,0.0,0.0,0.0,0.0
2016.0,0.0,0.0,0.0,0.0,0.0,0.0
2017.0,0.0,0.0,0.0,0.0,0.0,0.0
2018.0,0.0,0.0,0.0,0.0,0.0,0.0
2019.0,0.0,0.0,0.0,0.0,0.0,0.0
2020.0,0.0,0.0,0.0,0.0,0.0,0.0
2021.0,2.270052164021763e-07,3.4811057503247866e-07,1.0236166190225049e-06,0.0,0.0,1.8917101366848026e-05
2022.0,2.270052164021763e-07,3.4811057503247866e-07,1.0236166190225049e-06,0.0,0.0,1.8917101366848026e-05
2023.0,0.0,0.0,0.0,0.0,0.0,0.0
2024.0,0.0,0.0,0.0,0.0,0.0,0.0
2025.0,0.0,0.0,0.0,0.0,0.0,0.0
2026.0,0.0,0.0,0.0,0.0,0.0,0.0
2027.0,0.0,0.0,0.0,0.0,0.0,0.0
2028.0,0.0,0.0,0.0,0.0,0.0,0.0
2029.0,0.0,0.0,0.0,0.0,0.0,0.0
2030.0,0.0,0.0,0.0,0.0,0.0,0.0
2031.0,0.0,0.0,0.0,0.0,0.0,0.0
2032.0,0.0,0.0,0.0,0.0,0.0,0.0
2033.0,0.0,0.0,0.0,0.0,0.0,0.0
2034.0,0.0,0.0,0.0,0.0,0.0,0.0
2035.0,0.0,0.0,0.0,0.0,0.0,0.0
2036.0,0.0,0.0,0.0,0.0,0.0,0.0
2037.0,0.0,0.0,0.0,0.0,0.0,0.0
2038.0,0.0,0.0,0.0,0.0,0.0,0.0
2039.0,0.0,0.0,0.0,0.0,0.0,0.0
2040.0,0.0,0.0,0.0,0.0,0.0,0.0
2041.0,0.0,0.0,0.0,0.0,0.0,0.0
2042.0,0.0,0.0,0.0,0.0,0.0,0.0
2043.0,0.0,0.0,0.0,0.0,0.0,0.0
2044.0,0.0,0.0,0.0,0.0,0.0,0.0
2045.0,0.0,0.0,0.0,0.0,0.0,0.0
2046.0,2.270052164021763e-07,3.4811057503247866e-07,1.0236166190225049e-06,0.0,0.0,1.8917101366848026e-05
2047.0,2.270052164021763e-07,3.4811057503247866e-07,1.0236166190225049e-06,0.0,0.0,1.8917101366848026e-05
2048.0,0.0,0.0,0.0,0.0,0.0,0.0
2049.0,0.0,0.0,0.0,0.0,0.0,0.0
2050.0,0.0,0.0,0.0,0.0,0.0,0.0
2051.0,0.0,0.0,0.0,0.0,0.0,0.0
2052.0,0.0,0.0,0.0,0.0,0.0,0.0
2053.0,0.0,0.0,0.0,0.0,0.0,0.0
2054.0,0.0,0.0,0.0,0.0,0.0,0.0
2055.0,0.0,0.0,0.0,0.0,0.0,0.0
2056.0,0.0,0.0,0.0,0.0,0.0,0.0
2057.0,0.0,0.0,0.0,0.0,0.0,0.0
2058.0,0.0,0.0,0.0,0.0,0.0,0.0
2059.0,0.0,0.0,0.0,0.0,0.0,0.0
2060.0,0.0,0.0,0.0,0.0,0.0,0.0
2061.0,0.0,0.0,0.0,0.0,0.0,0.0
2062.0,0.04063751548528671,0.02245895378291607,0.0,0.00023562020214740187,0.3038194444444444,3.386459623773893
2063.0,0.0,0.0,0.0,0.0,0.0,0.0
2064.0,0.0,0.0,0.0,0.0,0.0,0.0
2065.0,0.0,0.0,0.0,0.0,0.0,0.0
2066.0,0.0,0.0,0.0,0.0,0.0,0.0
2067.0,0.0,0.0,0.0,0.0,0.0,0.0
2068.0,0.0,0.0,0.0,0.0,0.0,0.0
2069.0,0.04063751548528671,0.02245895378291607,0.0,0.00023562020214740187,0.3038194444444444,3.386459623773893
2070.0,0.0,0.0,0.0,0.0,0.0,0.0
2071.0,0.0,0.0,0.0,0.0,0.0,0.0
2072.0,0.0,0.0,0.0,0.0,0.0,0.0
2073.0,9.000547152027139e-08,0.0,1.7053667988875532e-06,0.0,0.0,7.500455960022615e-06
2074.0,0.040637604892253876,0.02245895378291607,1.7053667988875532e-06,0.00023562020214740187,0.3038194444444444,3.38646707435449
2075.0,0.0,0.0,0.0,0.0,0.0,0.0
2076.0,0.0,0.0,0.0,0.0,0.0,0.0
2077.0,0.0,0.0,0.0,0.0,0.0,0.0
2078.0,0.0,0.0,0.0,0.0,0.0,0.0
2079.0,0.0,0.0,0.0,0.0,0.0,0.0
2080.0,0.0,0.0,0.0,0.0,0.0,0.0
2081.0,0.0,0.0,0.0,0.0,0.0,0.0
2082.0,0.0,0.0,0.0,0.0,0.0,0.0
2083.0,0.0,0.0,0.0,0.0,0.0,0.0
2084.0,0.0,0.0,0.0,0.0,0.0,0.0
2085.0,0.0,0.0,0.0,0.0,0.0,0.0
2086.0,0.0,0.0,0.0,0.0,0.0,0.0
2087.0,0.0,0.0,0.0,0.0,0.0,0.0
2088.0,0.0,0.0,0.0,0.0,0.0,0.0
2089.0,0.0,0.0,0.0,0.0,0.0,0.0
2090.0,0.0,0.0,0.0,0.0,0.0,0.0
2091.0,0.0,0.0,0.0,0.0,0.0,0.0
2092.0,0.0,0.0,0.0,0.0,0.0,0.0
2093.0,0.0,0.0,0.0,0.0,0.0,0.0
2094.0,0.0,0.0,0.0,0.0,0.0,0.0
2095.0,0.0,0.0,0.0,0.0,0.0,0.0
2096.0,0.0,0.0,0.0,0.0,0.0,0.0
2097.0,0.0,0.0,0.0,0.0,0.0,0.0
2098.0,0.0,0.0,0.0,0.0,0.0,0.0
2099.0,0.0,0.0,0.0,0.0,0.0,0.0
2100.0,0.0,0.0,0.0,0.0,0.0,0.0
2101.0,0.0,0.0,0.0,0.0,0.0,0.0
2102.0,0.0,0.0,0.0,0.0,0.0,0.0
2103.0,0.0,0.0,0.0,0.0,0.0,0.0
2104.0,0.0,0.0,0.0,0.0,0.0,0.0
2105.0,0.0,0.0,0.0,0.0,0.0,0.0
2106.0,0.0,0.0,0.0,0.0,0.0,0.0
2107.0,0.0,0.0,0.0,0.0,0.0,0.0
2108.0,0.0,0.0,0.0,0.0,0.0,0.0
2109.0,0.0,0.0,0.0,0.0,0.0,0.0
2110.0,0.0,0.0,0.0,0.0,0.0,0.0
2111.0,0.0,0.0,0.0,0.0,0.0,0.0
2112.0,0.0,0.0,0.0,0.0,0.0,0.0
2113.0,0.0,0.0,0.0,0.0,0.0,0.0
2114.0,0.0,0.0,0.0,0.0,0.0,0.0
2115.0,0.0,0.0,0.0,0.0,0.0,0.0
2116.0,0.00014927149459253997,0.0,0.0,0.0,0.006944444444444444,0.046296296296296294
2117.0,0.00020220584701746702,0.0,0.0,0.0,0.001736111111111111,0.016850487251455586
2118.0,0.00033813310437835753,0.0,0.0,0.0,0.012152777777777778,0.08101851851851852
2119.0,0.0009749113232828677,0.0,0.0,0.0,0.020833333333333332,0.1388888888888889
2120.0,0.0004352021205704659,0.0,0.0,0.0,0.001736111111111111,0.03626684338087216
2121.0,0.0004502313968259841,0.0,0.0,0.0,0.006944444444444444,0.046296296296296294
2122.0,0.00047171153710223734,0.0,0.0,0.0,0.001736111111111111,0.039309294758519776
2123.0,0.0,0.0,0.0,0.0,0.0,0.0
2124.0,2.5616165657993406e-05,0.0,0.0,0.0,0.0,0.0021346804714994505
2125.0,0.0004396104777697474,0.0,0.0,0.0,0.012152777777777778,0.08101851851851852
2126.0,0.00011909379827557132,0.0,0.0,0.0,0.0,0.009924483189630942
2127.0,0.0,0.0,0.0,0.0,0.0,0.0
2128.0,0.0005783801898360252,0.0,0.0,0.0,0.013888888888888888,0.09259259259259259
2129.0,0.0002269199030706659,0.0,0.0,0.0,0.0,0.01890999192255549
2130.0,0.0,0.0,0.0,0.0,0.0,0.0
2131.0,0.0,0.0,0.0,0.0,0.0,0.0
2132.0,2.0782268620678224e-05,0.0,0.0,0.0,0.0,0.001731855718389852
2133.0,0.00027902022702619433,0.0,0.0,0.0,0.010416666666666666,0.06944444444444445
2134.0,9.926468919729814e-05,0.0,0.0,0.0,0.0,0.008272057433108179
2135.0,0.0,0.0,0.0,0.0,0.0,0.0
2136.0,0.0,0.0,0.0,0.0,0.0,0.0
2137.0,0.0,0.0,0.0,0.0,0.0,0.0
2138.0,0.0,0.0,0.0,0.0,0.0,0.0
2139.0,0.0,0.0,0.0,0.0,0.0,0.0
2140.0,3.7615764085785486e-06,0.0,0.0,0.0,0.0,0.00031346470071487903
2141.0,0.0,0.0,0.0,0.0,0.0,0.0
2142.0,0.0002085545565932989,0.0,0.0,0.0,0.001736111111111111,0.017379546382774908
2143.0,0.00024012793437577784,0.0,0.0,0.0,0.008680555555555556,0.05787037037037038
2144.0,0.0005155738326720893,0.0,0.0,0.0,0.012152777777777778,0.08101851851851852
2145.0,0.00029660260770469904,0.0,0.0,0.0,0.012152777777777778,0.08101851851851852
2146.0,7.851645932532847e-05,0.0,0.0,0.0,0.0,0.006543038277110706
2147.0,0.0001617136294953525,0.0,0.0,0.0,0.001736111111111111,0.013476135791279376
2148.0,0.00014399508654605597,0.0,0.0,0.0,0.0,0.011999590545504665
2149.0,8.578428605687805e-06,0.0,0.0,0.0,0.0,0.0007148690504739837
2150.0,0.0,0.0,0.0,0.0,0.0,0.0
2151.0,0.0,0.0,0.0,0.0,0.0,0.0
2152.0,0.0,0.0,0.0,0.0,0.0,0.0
2153.0,0.0,0.0,0.0,0.0,0.0,0.0
2154.0,0.0,0.0,0.0,0.0,0.0,0.0
2155.0,0.0,0.0,0.0,0.0,0.0,0.0
2156.0,0.0,0.0,0.0,0.0,0.0,0.0
2157.0,0.0,0.0,0.0,0.0,0.0,0.0
2158.0,0.0,0.0,0.0,0.0,0.0,0.0
2159.0,0.0,0.0,0.0,0.0,0.0,0.0
2160.0,0.0,0.0,0.0,0.0,0.0,0.0
2161.0,0.0,0.0,0.0,0.0,0.0,0.0
2162.0,0.0,0.0,0.0,0.0,0.0,0.0
2163.0,0.0,0.0,0.0,0.0,0.0,0.0
2164.0,0.0,0.0,0.0,0.0,0.0,0.0
2165.0,0.0,0.0,0.0,0.0,0.0,0.0
2166.0,0.0,0.0,0.0,0.0,0.0,0.0
2167.0,0.0,0.0,0.0,0.0,0.0,0.0
2168.0,0.0,0.0,0.0,0.0,0.0,0.0
2169.0,0.0,0.0,0.0,0.0,0.0,0.0
2170.0,0.0,0.0,0.0,0.0,0.0,0.0
2171.0,0.00024089388898573816,0.00155643280595541,0.0,0.0,0.010416666666666666,0.06944444444444445
2172.0,0.0002900326217059046,0.0018753793556243181,0.0,0.0,0.001736111111111111,0.04688448389060795
2173.0,0.00024310656590387225,0.0015719508519396186,0.0,0.0,0.010416666666666666,0.06944444444444445
2174.0,0.00026868865825235844,0.0017181073781102896,0.0,0.0,0.013888888888888888,0.09259259259259259
2175.0,0.00016304121527355164,0.0,0.0,0.0,0.010416666666666666,0.06944444444444445
2176.0,0.0002601612941361964,0.0,0.0,0.0,0.010416666666666666,0.06944444444444445
2177.0,0.00022208601876627654,0.0,0.0,0.0,0.010416666666666666,0.06944444444444445
2178.0,0.0001795172574929893,6.603432325391623e-07,0.0,0.0,0.006944444444444444,0.046296296296296294
2179.0,0.0,0.0,0.0,0.0,0.0,0.0
2180.0,0.00011718747555278242,0.0,0.0,0.0,0.0,0.009765622962731868
2181.0,0.0004721029836218804,6.603432325391623e-07,0.0,0.0,0.006944444444444444,0.046296296296296294
2182.0,1.8178106984123588e-05,2.3552354832645506e-05,0.0,0.0,0.001736111111111111,0.011574074074074073
2183.0,0.0,0.0,0.0,0.0,0.0,0.0
2184.0,0.0,0.0,0.0,0.0,0.0,0.0
2185.0,0.0,0.0,0.0,0.0,0.0,0.0
2186.0,0.0,0.0,0.0,0.0,0.0,0.0
2187.0,0.0,0.0,0.0,0.0,0.0,0.0
2188.0,0.00024504694738425314,0.0,0.0,0.0,0.012152777777777778,0.08101851851851852
2189.0,0.0001425483205821365,0.0,0.0,0.0,0.0,0.011879026715178043
2190.0,0.00019856341532431543,0.0,0.0,0.0,0.006944444444444444,0.046296296296296294
2191.0,0.0001717728446237743,0.0,0.0,0.0,0.003472222222222222,0.023148148148148147
2192.0,0.00022249450557865202,0.0,0.0,0.0,0.006944444444444444,0.046296296296296294
2193.0,0.0003209933056496084,0.0,0.0,0.0,0.006944444444444444,0.046296296296296294
2194.0,0.0001913296291604638,0.0,0.0,0.0,0.003472222222222222,0.023148148148148147
2195.0,3.972630656789988e-05,0.0,0.0,0.0,0.003472222222222222,0.023148148148148147
2196.0,0.0,0.0,0.0,0.0,0.0,0.0
2197.0,0.0,0.0,0.0,0.0,0.0,0.0
2198.0,0.0,0.0,0.0,0.0,0.0,0.0
2199.0,1.337827507086331e-05,0.0,0.0,0.0,0.0,0.001114856255905276
2200.0,0.0002639229060150683,0.001706551294773817,0.0,0.0,0.006944444444444444,0.046296296296296294
2201.0,1.8722739980603365e-07,1.2106306712666992e-06,0.0,0.0,0.0,3.026576678166748e-05
2202.0,0.0001380718604195863,0.0,0.0,0.0,0.0,0.011505988368298858
2203.0,3.443285822868347e-05,0.00022121549409348518,0.00010739157733041793,0.0,0.0,0.005530387352337129
2204.0,0.0002770458231680095,0.0017914054915308952,0.0,0.0,0.006944444444444444,0.046296296296296294
2205.0,0.00029146409360691905,0.0018841838464140892,0.0007301668520085514,0.0,0.003472222222222222,0.04710459616035223
2206.0,0.00020590769418049604,0.0012409585760906339,0.0022157153580337763,0.0,0.003472222222222222,0.031023964402265847
2207.0,3.394567465875298e-05,0.00018641669885255396,0.00041711024823598564,0.0,0.0,0.004660417471313849
2208.0,0.0,0.0,0.0,0.0,0.0,0.0
2209.0,0.0,0.0,0.0,0.0,0.0,0.0
2210.0,0.0,0.0,0.0,0.0,0.0,0.0
2211.0,0.0,0.0,0.0,0.0,0.0,0.0
2212.0,0.0,0.0,0.0,0.0,0.0,0.0
2213.0,0.0,0.0,0.0,0.0,0.0,0.0
2214.0,0.0,0.0,0.0,0.0,0.0,0.0
2215.0,3.72835074813338e-06,6.3486877479590476e-06,7.06424325471744e-05,0.0,0.0,0.00031069589567778166
2216.0,0.0,0.0,0.0,0.0,0.0,0.0
2217.0,0.0,0.0,0.0,0.0,0.0,0.0
2218.0,0.0,0.0,0.0,0.0,0.0,0.0
2219.0,0.0,0.0,0.0,0.0,0.0,0.0
2220.0,0.0,0.0,0.0,0.0,0.0,0.0
2221.0,0.0,0.0,0.0,0.0,0.0,0.0
2222.0,0.0,0.0,0.0,0.0,0.0,0.0
2223.0,0.0,0.0,0.0,0.0,0.0,0.0
2224.0,0.0,0.0,0.0,0.0,0.0,0.0
2225.0,0.0,0.0,0.0,0.0,0.0,0.0
2226.0,0.0,0.0,0.0,0.0,0.0,0.0
2227.0,0.0,0.0,0.0,0.0,0.0,0.0
2228.0,0.0,0.0,0.0,0.0,0.0,0.0
2229.0,0.0,0.0,0.0,0.0,0.0,0.0
2230.0,0.0,0.0,0.0,0.0,0.0,0.0
2231.0,0.0,0.0,0.0,0.0,0.0,0.0
2232.0,0.0,0.0,0.0,0.0,0.0,0.0
2233.0,0.0,0.0,0.0,0.0,0.0,0.0
2234.0,0.0,0.0,0.0,0.0,0.0,0.0
2235.0,0.0,0.0,0.0,0.0,0.0,0.0
2236.0,0.0,0.0,0.0,0.0,0.0,0.0
2237.0,0.0,0.0,0.0,0.0,0.0,0.0
2238.0,0.008307836949825287,0.013539320789277554,0.00326211447827518,0.0,0.140625,0.9375
2239.0,0.0,0.0,0.0,0.0,0.0,0.0
2240.0,3.6831468150921864e-06,1.0865314834518358e-05,5.269355824566446e-05,0.0,0.0,0.0003069289012576822
2241.0,0.0,0.0,0.0,0.0,0.0,0.0
2242.0,0.0,0.0,0.0,0.0,0.0,0.0
2243.0,0.0,0.0,0.0,0.0,0.0,0.0
2244.0,0.0,0.0,0.0,0.0,0.0,0.0
2245.0,0.0,0.0,0.0,0.0,0.0,0.0
2246.0,0.0,0.0,0.0,0.0,0.0,0.0
2247.0,0.0,0.0,0.0,0.0,0.0,0.0
2248.0,0.0,0.0,0.0,0.0,0.0,0.0
2249.0,0.0,0.0,0.0,0.0,0.0,0.0
2250.0,0.0,0.0,0.0,0.0,0.0,0.0
2251.0,0.0,0.0,0.0,0.0,0.0,0.0
2252.0,0.0,0.0,0.0,0.0,0.0,0.0
2253.0,0.0,0.0,0.0,0.0,0.0,0.0
2254.0,0.0,0.0,0.0,0.0,0.0,0.0
2255.0,0.0,0.0,0.0,0.0,0.0,0.0
2256.0,0.0,0.0,0.0,0.0,0.0,0.0
2257.0,2.3335369405685924e-05,0.0,0.0,0.0,0.005208333333333333,0.034722222222222224
2258.0,0.0003076320281252265,0.0,0.0,0.0,0.005208333333333333,0.034722222222222224
2259.0,0.00021934568940196186,0.0,0.0,0.0,0.005208333333333333,0.034722222222222224
2260.0,0.00033811607863754034,0.0,0.0,0.0,0.008680555555555556,0.05787037037037038
2261.0,0.00016719427367206663,0.0,0.0,0.0,0.005208333333333333,0.034722222222222224
2262.0,0.0003328226739540696,0.0,0.0,0.0,0.005208333333333333,0.034722222222222224
2263.0,0.00030895962845534086,0.0,0.0,0.0,0.005208333333333333,0.034722222222222224
2264.0,0.0003616898029576987,0.0,0.0,0.0,0.001736111111111111,0.030140816913141556
2265.0,1.9727007384062745e-05,0.0,0.0,0.0,0.0,0.0016439172820052288
2266.0,0.0,0.0,0.0,0.0,0.0,0.0
2267.0,0.0,0.0,0.0,0.0,0.0,0.0
2268.0,1.0893243597820401e-05,0.0,0.0,0.0,0.001736111111111111,0.011574074074074073
2269.0,0.00041921966476365924,0.0,0.0,0.0,0.003472222222222222,0.03493497206363827
2270.0,0.00026880783843807876,0.0,0.0,0.0,0.003472222222222222,0.023148148148148147
2271.0,3.40412640298382e-08,0.0,0.0,0.0,0.0,2.836772002486517e-06
2272.0,0.0003100830072071403,0.0,0.0,0.0,0.017361111111111112,0.11574074074074076
2273.0,0.00022646035358775407,0.0,0.0,0.0,0.006944444444444444,0.046296296296296294
2274.0,0.0002488936297595501,0.0,0.0,0.0,0.003472222222222222,0.023148148148148147
2275.0,0.0,0.0,0.0,0.0,0.0,0.0
2276.0,0.0,0.0,0.0,0.0,0.0,0.0
2277.0,0.0,0.0,0.0,0.0,0.0,0.0
2278.0,0.0,0.0,0.0,0.0,0.0,0.0
2279.0,0.0,0.0,0.0,0.0,0.0,0.0
2280.0,0.0,0.0,0.0,0.0,0.0,0.0
2281.0,0.0,0.0,0.0,0.0,0.0,0.0
2282.0,2.1275868675729726e-06,0.0,0.0,0.0,0.0,0.00017729890563108105
2283.0,0.0,0.0,0.0,0.0,0.0,0.0
2284.0,0.0,0.0,0.0,0.0,0.0,0.0
2285.0,0.0,0.0,0.0,0.0,0.0,0.0
2286.0,0.0,0.0,0.0,0.0,0.0,0.0
2287.0,0.0,0.0,0.0,0.0,0.0,0.0
2288.0,0.0,0.0,0.0,0.0,0.0,0.0
2289.0,0.0,0.0,0.0,0.0,0.0,0.0
2290.0,0.0,0.0,0.0,0.0,0.0,0.0
2291.0,0.0,0.0,0.0,0.0,0.0,0.0
2292.0,0.0,0.0,0.0,0.0,0.0,0.0
2293.0,0.0,0.0,0.0,0.0,0.0,0.0
2294.0,0.0,0.0,0.0,0.0,0.0,0.0
2295.0,0.0,0.0,0.0,0.0,0.0,0.0
2296.0,0.0,0.0,0.0,0.0,0.0,0.0
2297.0,0.0,0.0,0.0,0.0,0.0,0.0
2298.0,0.0,0.0,0.0,0.0,0.0,0.0
2299.0,0.0,0.0,0.0,0.0,0.0,0.0
2300.0,0.0,0.0,0.0,0.0,0.0,0.0
2301.0,0.0,0.0,0.0,0.0,0.0,0.0
2302.0,0.0,0.0,0.0,0.0,0.0,0.0
2303.0,0.0,0.0,0.0,0.0,0.0,0.0
2304.0,0.0,0.0,0.0,0.0,0.0,0.0
2305.0,0.0,0.0,0.0,0.0,0.0,0.0
2306.0,0.0,0.0,0.0,0.0,0.0,0.0
2307.0,0.0,0.0,0.0,0.0,0.0,0.0
2308.0,0.0,0.0,0.0,0.0,0.0,0.0
2309.0,0.0,0.0,0.0,0.0,0.0,0.0
2310.0,0.0,0.0,0.0,0.0,0.0,0.0
2311.0,0.0,0.0,0.0,0.0,0.0,0.0
2312.0,0.0,0.0,0.0,0.0,0.0,0.0
2313.0,0.0,0.0,0.0,0.0,0.0,0.0
2314.0,0.0,0.0,0.0,0.0,0.0,0.0
2315.0,0.0,0.0,0.0,0.0,0.0,0.0
2316.0,0.0,0.0,0.0,0.0,0.0,0.0
2317.0,0.0,0.0,0.0,0.0,0.0,0.0
2318.0,0.0,0.0,0.0,0.0,0.0,0.0
2319.0,0.0,0.0,0.0,0.0,0.0,0.0
2320.0,0.0,0.0,0.0,0.0,0.0,0.0
2321.0,0.00036378329969011247,0.0,0.0,0.0,0.015625,0.10416666666666667
2322.0,5.8380977861816064e-05,0.0,0.0,0.0,0.0,0.004865081488484672
2323.0,0.0005945158773101866,0.0,0.0,0.0,0.005208333333333333,0.04954298977584889
2324.0,0.000651518115773797,0.0,0.0,0.0,0.027777777777777776,0.18518518518518517
2325.0,0.0003192401200067252,0.0,0.0,0.0,0.010416666666666666,0.06944444444444445
2326.0,0.0,0.0,0.0,0.0,0.0,0.0
2327.0,0.0002592592209111899,0.0,0.0,0.0,0.010416666666666666,0.06944444444444445
2328.0,8.137593977153301e-05,0.0,0.0,0.0,0.0,0.006781328314294417
2329.0,0.0,0.0,0.0,0.0,0.0,0.0
2330.0,0.00017231750825885683,0.0,0.0,0.0,0.0,0.014359792354904736
2331.0,2.0969495380995795e-05,0.0,0.0,0.0,0.0,0.0017474579484163162
2332.0,0.00030414279899559915,0.0,0.0,0.0,0.006944444444444444,0.046296296296296294
2333.0,0.00010743461461970583,0.0,0.0,0.0,0.0,0.008952884551642152
2334.0,0.00019757621339522302,0.0,0.0,0.0,0.006944444444444444,0.046296296296296294
2335.0,0.0002547827607486397,0.0,0.0,0.0,0.006944444444444444,0.046296296296296294
2336.0,0.00017994277004618198,0.0,0.0,0.0,0.0,0.01499523083718183
2337.0,0.00024160875182133168,0.0,0.0,0.0,0.003472222222222222,0.023148148148148147
2338.0,0.0002052525378530845,0.0,0.0,0.0,0.0,0.01710437815442371
2339.0,0.0,0.0,0.0,0.0,0.0,0.0
2340.0,1.560797682031989e-05,0.0,0.0,0.0,0.0,0.0013006647350266576
2341.0,0.0003597834147512913,0.0,0.0,0.0,0.003472222222222222,0.029981951229274273
2342.0,0.00033908625482581556,0.0,0.0,0.0,0.013888888888888888,0.09259259259259259
2343.0,0.00030860223341733217,0.0,0.0,0.0,0.003472222222222222,0.025716852784777682
2344.0,0.0002947984030470252,0.0,0.0,0.0,0.003472222222222222,0.0245665335872521
2345.0,0.0,0.0,0.0,0.0,0.0,0.0
2346.0,0.0,0.0,0.0,0.0,0.0,0.0
2347.0,0.00016801126184873283,0.0,0.0,0.0,0.003472222222222222,0.023148148148148147
2348.0,0.00019325294124428183,0.0,0.0,0.0,0.003472222222222222,0.023148148148148147
2349.0,0.00018749995797406882,0.0,0.0,0.0,0.006944444444444444,0.046296296296296294
2350.0,0.0006944102933630347,0.0,0.0,0.0,0.020833333333333332,0.1388888888888889
2351.0,0.0006325570866465569,0.0,0.0,0.0,0.024305555555555556,0.16203703703703703
2352.0,0.00034906037035398185,0.0,0.0,0.0,0.015625,0.10416666666666667
2353.0,0.0,0.0,0.0,0.0,0.0,0.0
2354.0,3.858591298921965e-05,0.0,0.0,0.0,0.005208333333333333,0.034722222222222224
2355.0,0.0,0.0,0.0,0.0,0.0,0.0
2356.0,0.0,0.0,0.0,0.0,0.0,0.0
2357.0,1.0042209623861709e-06,0.0,0.0,0.0,0.0,8.368508019884757e-05
2358.0,1.6765383406891488e-05,0.0,0.0,0.0,0.0,0.001397115283907624
2359.0,6.442332232836634e-05,0.0,0.0,0.0,0.0,0.005368610194030528
2360.0,0.0,0.0,0.0,0.0,0.0,0.0
2361.0,0.0,0.0,0.0,0.0,0.0,0.0
2362.0,0.0,0.0,0.0,0.0,0.0,0.0
2363.0,0.0,0.0,0.0,0.0,0.0,0.0
2364.0,0.0,0.0,0.0,0.0,0.0,0.0
2365.0,6.527436926262453e-05,0.0,0.0,0.0,0.0,0.005439530771885377
2366.0,3.5743371995522466e-07,0.0,0.0,0.0,0.0,2.9786143329602055e-05
2367.0,0.0,0.0,0.0,0.0,0.0,0.0
2368.0,0.0,0.0,0.0,0.0,0.0,0.0
2369.0,0.0,0.0,0.0,0.0,0.0,0.0
2370.0,0.0,0.0,0.0,0.0,0.0,0.0
2371.0,0.0,0.0,0.0,0.0,0.0,0.0
2372.0,0.0,0.0,0.0,0.0,0.0,0.0
2373.0,0.0,0.0,0.0,0.0,0.0,0.0
2374.0,2.348859197809361e-06,0.0,0.0,0.0,0.0,0.0001957382664841134
2375.0,0.0002562976151239127,0.0,0.0,0.0,0.010416666666666666,0.06944444444444445
2376.0,1.0212391998720705e-07,0.0,0.0,0.0,0.0,8.510326665600587e-06
2377.0,0.00019265722949057817,0.0,0.0,0.0,0.017361111111111112,0.11574074074074076
2378.0,0.00012961258471477777,0.0,0.0,0.0,0.003472222222222222,0.023148148148148147
2379.0,0.00012459147546906024,0.0,0.0,0.0,0.0,0.01038262295575502
2380.0,7.255921809701249e-05,0.0,0.0,0.0,0.0,0.0060466015080843745
2381.0,0.00020654610125347972,0.0,0.0,0.0,0.006944444444444444,0.046296296296296294
2382.0,0.00018979776359628886,0.000215272419154644,0.0,0.0,0.006944444444444444,0.046296296296296294
2383.0,0.00031171695445664227,0.00139519851654768,0.0,0.0,0.013888888888888888,0.09259259259259259
2384.0,0.00013371456589084119,0.0,0.0,0.0,0.006944444444444444,0.046296296296296294
2385.0,0.0,0.0,0.0,0.0,0.0,0.0
2386.0,0.0,0.0,0.0,0.0,0.0,0.0
2387.0,0.0,0.0,0.0,0.0,0.0,0.0
2388.0,0.0,0.0,0.0,0.0,0.0,0.0
2389.0,0.00021915844990871847,0.0,0.0,0.0,0.010416666666666666,0.06944444444444445
2390.0,0.00022520079801324755,1.3206893527240027e-05,0.0,0.0,0.003472222222222222,0.023148148148148147
2391.0,1.2254882904016995e-06,0.0,0.0,0.0,0.0,0.00010212402420014162
2392.0,0.0,0.0,0.0,0.0,0.0,0.0
2393.0,0.0,0.0,0.0,0.0,0.0,0.0
2394.0,0.0,0.0,0.0,0.0,0.0,0.0
2395.0,0.00014203770842868835,0.0,0.0,0.0,0.003472222222222222,0.023148148148148147
2396.0,0.00014168025518301874,0.0,0.0,0.0,0.006944444444444444,0.046296296296296294
2397.0,0.0001808278466342017,0.0,0.0,0.0,0.006944444444444444,0.046296296296296294
2398.0,0.0,0.0,0.0,0.0,0.0,0.0
2399.0,8.901831279217731e-06,0.0,0.0,0.0,0.0,0.0007418192732681442
2400.0,0.0,0.0,0.0,0.0,0.0,0.0
2401.0,0.0,0.0,0.0,0.0,0.0,0.0
2402.0,0.0,0.0,0.0,0.0,0.0,0.0
2403.0,1.669730045250617e-05,0.0,0.0,0.0,0.0,0.001391441704375514
2404.0,0.00012896581029053777,0.0,0.0,0.0,0.0,0.010747150857544815
2405.0,8.440561941824853e-05,0.0,0.0,0.0,0.0,0.007033801618187377
2406.0,5.604914258583449e-05,0.0,0.0,0.0,0.0,0.004670761882152874
2407.0,5.804055945191067e-06,0.0,0.0,0.0,0.0,0.0004836713287659222
2408.0,0.0,0.0,0.0,0.0,0.0,0.0
2409.0,0.0,0.0,0.0,0.0,0.0,0.0
2410.0,0.0,0.0,0.0,0.0,0.0,0.0
2411.0,0.0,0.0,0.0,0.0,0.0,0.0
2412.0,0.0,0.0,0.0,0.0,0.0,0.0
2413.0,0.0,0.0,0.0,0.0,0.0,0.0
2414.0,0.00012266813428141177,0.0,0.0,0.0,0.0,0.01022234452345098
2415.0,0.0001753982505761087,0.0,0.0,0.0,0.003472222222222222,0.023148148148148147
2416.0,4.255167596056708e-07,0.0,0.0,0.0,0.0,3.545972996713923e-05
2417.0,0.0,0.0,0.0,0.0,0.0,0.0
2418.0,0.0,0.0,0.0,0.0,0.0,0.0
2419.0,0.0,0.0,0.0,0.0,0.0,0.0
2420.0,0.0,0.0,0.0,0.0,0.0,0.0
2421.0,0.0,0.0,0.0,0.0,0.0,0.0
2422.0,0.0,0.0,0.0,0.0,0.0,0.0
2423.0,0.0,0.0,0.0,0.0,0.0,0.0
2424.0,0.00010823458433151245,0.0,0.0,0.0,0.006944444444444444,0.046296296296296294
2425.0,0.00023383027291856706,0.0,0.0,0.0,0.0,0.019485856076547254
2426.0,5.106247513708695e-08,0.0,0.0,0.0,0.0,4.255206261423912e-06
2427.0,0.0,0.0,0.0,0.0,0.0,0.0
2428.0,0.0,0.0,0.0,0.0,0.0,0.0
2429.0,0.0,0.0,0.0,0.0,0.0,0.0
2430.0,0.0,0.0,0.0,0.0,0.0,0.0
2431.0,0.0001176129953819327,0.0,0.0,0.0,0.0,0.009801082948494392
2432.0,1.569308187754359e-05,0.0,0.0,0.0,0.0,0.0013077568231286325
2433.0,7.645695586688817e-05,0.0,0.0,0.0,0.003472222222222222,0.023148148148148147
2434.0,0.00021403521532192826,0.0,0.0,0.0,0.003472222222222222,0.023148148148148147
2435.0,1.9046157831326127e-05,0.0,0.0,0.0,0.0,0.0015871798192771773
2436.0,0.0,0.0,0.0,0.0,0.0,0.0
2437.0,1.7582375221536495e-05,0.0,0.0,0.0,0.0,0.0014651979351280413
2438.0,0.00017453019972890615,0.0,0.0,0.0,0.0,0.014544183310742179
2439.0,0.00023765994410496205,0.0,0.0,0.0,0.003472222222222222,0.023148148148148147
2440.0,7.64228570915293e-06,0.0,0.0,0.0,0.0,0.0006368571424294108
2441.0,0.0001632624916965142,0.0,0.0,0.0,0.003472222222222222,0.023148148148148147
2442.0,0.00012808071915060282,0.0,0.0,0.0,0.003472222222222222,0.023148148148148147
2443.0,0.0,0.0,0.0,0.0,0.0,0.0
2444.0,0.0,0.0,0.0,0.0,0.0,0.0
2445.0,0.0,0.0,0.0,0.0,0.0,0.0
2446.0,0.00020819713245145977,0.0,0.0,0.0,0.0,0.017349761037621647
2447.0,8.952885400503874e-05,0.0,0.0,0.0,0.003472222222222222,0.023148148148148147
2448.0,8.125680324155837e-05,0.0,0.0,0.0,0.0,0.006771400270129864
2449.0,6.706164185743546e-06,0.0,0.0,0.0,0.0,0.0005588470154786288
2450.0,0.0,0.0,0.0,0.0,0.0,0.0
2451.0,0.0,0.0,0.0,0.0,0.0,0.0
2452.0,0.0,0.0,0.0,0.0,0.0,0.0
2453.0,0.0,0.0,0.0,0.0,0.0,0.0
2454.0,0.0,0.0,0.0,0.0,0.0,0.0
2455.0,0.0,0.0,0.0,0.0,0.0,0.0
2456.0,0.0,0.0,0.0,0.0,0.0,0.0
2457.0,0.0,0.0,0.0,0.0,0.0,0.0
2458.0,0.0,0.0,0.0,0.0,0.0,0.0
2459.0,0.0,0.0,0.0,0.0,0.0,0.0
2460.0,0.0,0.0,0.0,0.0,0.0,0.0
2461.0,0.0,0.0,0.0,0.0,0.0,0.0
2462.0,0.0,0.0,0.0,0.0,0.0,0.0
2463.0,0.0,0.0,0.0,0.0,0.0,0.0
2464.0,0.0,0.0,0.0,0.0,0.0,0.0
2465.0,3.5743371995522466e-07,0.0,0.0,0.0,0.0,2.9786143329602055e-05
2466.0,3.5743371995522466e-07,0.0,0.0,0.0,0.0,2.9786143329602055e-05
2467.0,0.0,0.0,0.0,0.0,0.0,0.0
2468.0,0.0,0.0,0.0,0.0,0.0,0.0
2469.0,0.0,0.0,0.0,0.0,0.0,0.0
2470.0,0.0,0.0,0.0,0.0,0.0,0.0
2471.0,0.0,0.0,0.0,0.0,0.0,0.0
2472.0,0.0,0.0,0.0,0.0,0.0,0.0
2473.0,0.0,0.0,0.0,0.0,0.0,0.0
2474.0,0.0,0.0,0.0,0.0,0.0,0.0
2475.0,0.0,0.0,0.0,0.0,0.0,0.0
2476.0,0.0,0.0,0.0,0.0,0.0,0.0
2477.0,0.0,0.0,0.0,0.0,0.0,0.0
2478.0,0.0,0.0,0.0,0.0,0.0,0.0
2479.0,0.0,0.0,0.0,0.0,0.0,0.0
2480.0,0.0,0.0,0.0,0.0,0.0,0.0
2481.0,0.0,0.0,0.0,0.0,0.0,0.0
2482.0,0.0,0.0,0.0,0.0,0.0,0.0
2483.0,5.106234723939451e-08,0.0,0.0,0.0,0.0,4.255195603282876e-06
2484.0,0.00036431095213629305,0.0,0.0,0.0,0.003472222222222222,0.030359246011357754
2485.0,2.553111642100703e-07,0.0,0.0,0.0,0.0,2.127593035083919e-05
2486.0,0.0,0.0,0.0,0.0,0.0,0.0
2487.0,0.0,0.0,0.0,0.0,0.0,0.0
2488.0,0.0,0.0,0.0,0.0,0.0,0.0
2489.0,0.0,0.0,0.0,0.0,0.0,0.0
2490.0,4.680689926317427e-06,0.0,0.0,0.0,0.0,0.0003900574938597856
2491.0,3.5743371995522466e-07,0.0,0.0,0.0,0.0,2.9786143329602055e-05
2492.0,0.0,0.0,0.0,0.0,0.0,0.0
2493.0,0.0,0.0,0.0,0.0,0.0,0.0
2494.0,0.0,0.0,0.0,0.0,0.0,0.0
2495.0,0.0,0.0,0.0,0.0,0.0,0.0
2496.0,0.0,0.0,0.0,0.0,0.0,0.0
2497.0,0.0,0.0,0.0,0.0,0.0,0.0
2498.0,0.0,0.0,0.0,0.0,0.0,0.0
2499.0,0.0,0.0,0.0,0.0,0.0,0.0
2500.0,0.0,0.0,0.0,0.0,0.0,0.0
2501.0,0.0,0.0,0.0,0.0,0.0,0.0
2502.0,0.0,0.0,0.0,0.0,0.0,0.0
2503.0,0.0,0.0,0.0,0.0,0.0,0.0
2504.0,0.0,0.0,0.0,0.0,0.0,0.0
2505.0,0.0,0.0,0.0,0.0,0.0,0.0
2506.0,0.0,0.0,0.0,0.0,0.0,0.0
2507.0,0.0,0.0,0.0,0.0,0.0,0.0
2508.0,0.0,0.0,0.0,0.0,0.0,0.0
2509.0,0.0,0.0,0.0,0.0,0.0,0.0
2510.0,0.0,0.0,0.0,0.0,0.0,0.0
2511.0,0.0,0.0,0.0,0.0,0.0,0.0
2512.0,0.0,0.0,0.0,0.0,0.0,0.0
2513.0,0.0,0.0,0.0,0.0,0.0,0.0
2514.0,0.0,0.0,0.0,0.0,0.0,0.0
2515.0,3.5743371995522466e-07,0.0,0.0,0.0,0.0,2.9786143329602055e-05
2516.0,3.5743371995522466e-07,0.0,0.0,0.0,0.0,2.9786143329602055e-05
2517.0,0.0,0.0,0.0,0.0,0.0,0.0
2518.0,0.0,0.0,0.0,0.0,0.0,0.0
2519.0,0.0,0.0,0.0,0.0,0.0,0.0
2520.0,0.0,0.0,0.0,0.0,0.0,0.0
2521.0,0.0004212962230667472,0.0,0.0,0.0,0.010416666666666666,0.06944444444444445
2522.0,0.00010906860552495345,0.0,0.0,0.0,0.003472222222222222,0.023148148148148147
2523.0,0.00010626020230120048,0.0,0.0,0.0,0.0,0.008855016858433373
2524.0,0.00023187290935311466,0.0,0.0,0.0,0.0,0.01932274244609289
2525.0,6.576797022717074e-05,0.0,0.0,0.0,0.0,0.005480664185597561
2526.0,0.0,0.0,0.0,0.0,0.0,0.0
2527.0,0.0,0.0,0.0,0.0,0.0,0.0
2528.0,0.0,0.0,0.0,0.0,0.0,0.0
2529.0,0.0,0.0,0.0,0.0,0.0,0.0
2530.0,0.0,0.0,0.0,0.0,0.0,0.0
2531.0,0.0,0.0,0.0,0.0,0.0,0.0
2532.0,3.33605703417561e-06,0.0,0.0,0.0,0.0,0.0002780047528479675
2533.0,0.0,0.0,0.0,0.0,0.0,0.0
2534.0,0.009318353608250618,0.0016069491393864155,0.0,0.0,0.15104166666666666,1.0069444444444444
2535.0,0.040124911814928055,0.022506028413772583,0.0,0.0006348652532324195,0.19270833333333334,3.3437426512440047
2536.0,0.040123630315065384,0.022506028413772583,0.0,0.0006348652532324195,0.19270833333333334,3.343635859588782
2537.0,0.0,0.0,0.0,0.0,0.0,0.0
2538.0,0.0,0.0,0.0,0.0,0.0,0.0
2539.0,0.0,0.0,0.0,0.0,0.0,0.0
2540.0,0.0,0.0,0.0,0.0,0.0,0.0
2541.0,0.0,0.0,0.0,0.0,0.0,0.0
2542.0,0.0,0.0,0.0,0.0,0.0,0.0
2543.0,0.0,0.0,0.0,0.0,0.0,0.0
2544.0,0.0,0.0,0.0,0.0,0.0,0.0
2545.0,0.0,0.0,0.0,0.0,0.0,0.0
2546.0,0.0,0.0,0.0,0.0,0.0,0.0
2547.0,0.0,0.0,0.0,0.0,0.0,0.0
2548.0,0.0,0.0,0.0,0.0,0.0,0.0
2549.0,0.04063751548528671,0.02245895378291607,0.0,0.00023562020214740187,0.3038194444444444,3.386459623773893
2550.0,0.0,0.0,0.0,0.0,0.0,0.0
2551.0,0.0,0.0,0.0,0.0,0.0,0.0
2552.0,0.0,0.0,0.0,0.0,0.0,0.0
2553.0,0.0,0.0,0.0,0.0,0.0,0.0
2554.0,0.0,0.0,0.0,0.0,0.0,0.0
2555.0,0.0,0.0,0.0,0.0,0.0,0.0
2556.0,0.0,0.0,0.0,0.0,0.0,0.0
2557.0,0.000126429702504538,0.0,0.0,0.0,0.0,0.010535808542044833
2558.0,6.215957546373829e-05,0.0,0.0,0.0,0.0,0.005179964621978191
2559.0,0.0,0.0,0.0,0.0,0.0,0.0
2560.0,0.0,0.0,0.0,0.0,0.0,0.0
2561.0,1.4144194210530259e-05,0.0,0.0,0.0,0.0,0.0011786828508775216
2562.0,0.0,0.0,0.0,0.0,0.0,0.0
2563.0,0.00010120504157384858,0.0,0.0,0.0,0.0,0.008433753464487381
2564.0,0.00015837755927350372,0.0,0.0,0.0,0.0,0.013198129939458644
2565.0,0.00021488626953214407,0.0,0.0,0.0,0.001736111111111111,0.017907189127678674
2566.0,0.00020761843188665807,0.0,0.0,0.0,0.001736111111111111,0.01730153599055484
2567.0,0.0,0.0,0.0,0.0,0.0,0.0
2568.0,0.0,0.0,0.0,0.0,0.0,0.0
2569.0,0.0,0.0,0.0,0.0,0.0,0.0
2570.0,0.0,0.0,0.0,0.0,0.0,0.0
2571.0,0.0,0.0,0.0,0.0,0.0,0.0
2572.0,0.0,0.0,0.0,0.0,0.0,0.0
2573.0,0.0,0.0,0.0,0.0,0.0,0.0
2574.0,1.8212126633443404e-06,0.0,0.0,0.0,0.0,0.0001517677219453617
2575.0,0.0,0.0,0.0,0.0,0.0,0.0
2576.0,0.0,0.0,0.0,0.0,0.0,0.0
2577.0,0.0,0.0,0.0,0.0,0.0,0.0
2578.0,0.0,0.0,0.0,0.0,0.0,0.0
2579.0,0.0,0.0,0.0,0.0,0.0,0.0
2580.0,0.0,0.0,0.0,0.0,0.0,0.0
2581.0,0.0,0.0,0.0,0.0,0.0,0.0
2582.0,0.0,0.0,0.0,0.0,0.0,0.0
2583.0,0.0,0.0,0.0,0.0,0.0,0.0
2584.0,0.0,0.0,0.0,0.0,0.0,0.0
2585.0,0.0,0.0,0.0,0.0,0.0,0.0
2586.0,0.0,0.0,0.0,0.0,0.0,0.0
2587.0,0.0,0.0,0.0,0.0,0.0,0.0
2588.0,0.0,0.0,0.0,0.0,0.0,0.0
2589.0,0.0,0.0,0.0,0.0,0.0,0.0
2590.0,0.0,0.0,0.0,0.0,0.0,0.0
2591.0,0.0,0.0,0.0,0.0,0.0,0.0
2592.0,0.0,0.0,0.0,0.0,0.0,0.0
2593.0,0.0,0.0,0.0,0.0,0.0,0.0
2594.0,0.0,0.0,0.0,0.0,0.0,0.0
2595.0,0.0,0.0,0.0,0.0,0.0,0.0
2596.0,0.0,0.0,0.0,0.0,0.0,0.0
2597.0,0.0,0.0,0.0,0.0,0.0,0.0
2598.0,0.0,0.0,0.0,0.0,0.0,0.0
2599.0,0.0,0.0,0.0,0.0,0.0,0.0
2600.0,0.0,0.0,0.0,0.0,0.0,0.0
2601.0,0.0,0.0,0.0,0.0,0.0,0.0
2602.0,0.0,0.0,0.0,0.0,0.0,0.0
2603.0,7.458467734977603e-05,0.0,0.0,0.0,0.005208333333333333,0.034722222222222224
2604.0,0.00024870637571439147,0.0,0.0,0.0,0.003472222222222222,0.023148148148148147
2605.0,0.00022523486404679716,0.0,0.0,0.0,0.003472222222222222,0.023148148148148147
2606.0,0.0,0.0,0.0,0.0,0.0,0.0
2607.0,6.857639527879655e-05,0.0,0.0,0.0,0.0,0.00571469960656638
2608.0,0.00015563721535727382,0.0,0.0,0.0,0.003472222222222222,0.023148148148148147
2609.0,0.00015609677939210087,0.0,0.0,0.0,0.001736111111111111,0.013008064949341739
2610.0,0.00023633232922293246,0.0,0.0,0.0,0.003472222222222222,0.023148148148148147
2611.0,0.00025079993065446615,0.0,0.0,0.0,0.006944444444444444,0.046296296296296294
2612.0,4.7130299208220094e-05,0.0,0.0,0.0,0.003472222222222222,0.023148148148148147
2613.0,0.00015887116023804992,0.0,0.0,0.0,0.005208333333333333,0.034722222222222224
2614.0,0.00021386500156950206,0.0,0.0,0.0,0.005208333333333333,0.034722222222222224
2615.0,0.00020928644516970962,0.0,0.0,0.0,0.006944444444444444,0.046296296296296294
2616.0,0.00010069442942040041,0.0,0.0,0.0,0.0,0.008391202451700034
2617.0,0.00024092791136354208,0.0,0.0,0.0,0.006944444444444444,0.046296296296296294
2618.0,6.277232751017436e-05,0.0,0.0,0.0,0.0,0.00523102729251453
2619.0,0.0002458468952681869,0.0,0.0,0.0,0.003472222222222222,0.023148148148148147
2620.0,0.0002988493361044675,0.0,0.0,0.0,0.005208333333333333,0.034722222222222224
2621.0,0.0002228689700132236,0.0,0.0,0.0,0.005208333333333333,0.034722222222222224
2622.0,0.00011391950829420239,0.0,0.0,0.0,0.003472222222222222,0.023148148148148147
2623.0,0.00020079313253518194,0.0,0.0,0.0,0.003472222222222222,0.023148148148148147
2624.0,1.589734893059358e-05,0.0,0.0,0.0,0.0,0.001324779077549465
2625.0,0.0001229745103046298,0.0,0.0,0.0,0.0,0.01024787585871915
2626.0,0.00026429735589772463,0.0,0.0,0.0,0.001736111111111111,0.022024779658143718
2627.0,0.00017475146159995347,0.0,0.0,0.0,0.001736111111111111,0.014562621799996123
2628.0,0.00011960440315306187,0.0,0.0,0.0,0.001736111111111111,0.011574074074074073
2629.0,0.00017638543795328587,0.0,0.0,0.0,0.003472222222222222,0.023148148148148147
2630.0,0.0002797521010506898,0.0,0.0,0.0,0.005208333333333333,0.034722222222222224
2631.0,9.797110396903008e-05,0.0,0.0,0.0,0.0,0.00816425866408584
2632.0,7.03975820215419e-05,0.0,0.0,0.0,0.001736111111111111,0.011574074074074073
2633.0,0.00014620776346419007,0.0,0.0,0.0,0.0,0.012183980288682505
2634.0,7.69165126257576e-05,0.0,0.0,0.0,0.001736111111111111,0.011574074074074073
2635.0,5.160673754289746e-05,0.0,0.0,0.0,0.001736111111111111,0.011574074074074073
2636.0,0.00012569782848004252,0.0,0.0,0.0,0.001736111111111111,0.011574074074074073
2637.0,0.0,0.0,0.0,0.0,0.0,0.0
2638.0,0.0,0.0,0.0,0.0,0.0,0.0
2639.0,0.0,0.0,0.0,0.0,0.0,0.0
2640.0,0.0,0.0,0.0,0.0,0.0,0.0
2641.0,5.548745320993476e-06,0.0,0.0,0.0,0.0,0.00046239544341612293
2642.0,0.0,0.0,0.0,0.0,0.0,0.0
2643.0,0.0006415609968826175,0.0,0.0,0.0,0.006944444444444444,0.05346341640688479
2644.0,9.228620183421299e-05,0.0,0.0,0.0,0.0,0.0076905168195177485
2645.0,0.0,0.0,0.0,0.0,0.0,0.0
2646.0,0.0,0.0,0.0,0.0,0.0,0.0
2647.0,0.0,0.0,0.0,0.0,0.0,0.0
2648.0,0.0,0.0,0.0,0.0,0.0,0.0
2649.0,8.748649634071626e-06,0.0,0.0,0.0,0.0,0.0007290541361726355
2650.0,0.0,0.0,0.0,0.0,0.0,0.0
2651.0,0.0,0.0,0.0,0.0,0.0,0.0
2652.0,0.0,0.0,0.0,0.0,0.0,0.0
2653.0,0.0,0.0,0.0,0.0,0.0,0.0
2654.0,0.0,0.0,0.0,0.0,0.0,0.0
2655.0,0.0,0.0,0.0,0.0,0.0,0.0
2656.0,0.0,0.0,0.0,0.0,0.0,0.0
2657.0,0.0,0.0,0.0,0.0,0.0,0.0
2658.0,0.0,0.0,0.0,0.0,0.0,0.0
2659.0,0.0,0.0,0.0,0.0,0.0,0.0
2660.0,0.0,0.0,0.0,0.0,0.0,0.0
2661.0,0.0,0.0,0.0,0.0,0.0,0.0
2662.0,0.0,0.0,0.0,0.0,0.0,0.0
2663.0,0.0,0.0,0.0,0.0,0.0,0.0
2664.0,0.0,0.0,0.0,0.0,0.0,0.0
2665.0,0.0,0.0,0.0,0.0,0.0,0.0
2666.0,0.0,0.0,0.0,0.0,0.0,0.0
2667.0,0.0,0.0,0.0,0.0,0.0,0.0
2668.0,0.0,0.0,0.0,0.0,0.0,0.0
2669.0,0.0,0.0,0.0,0.0,0.0,0.0
2670.0,0.0,0.0,0.0,0.0,0.0,0.0
2671.0,0.0,0.0,0.0,0.0,0.0,0.0
2672.0,0.0,0.0,0.0,0.0,0.0,0.0
2673.0,0.0,0.0,0.0,0.0,0.0,0.0
2674.0,0.0,0.0,0.0,0.0,0.0,0.0
2675.0,0.0,0.0,0.0,0.0,0.0,0.0
2676.0,0.0,0.0,0.0,0.0,0.0,0.0
2677.0,0.0,0.0,0.0,0.0,0.0,0.0
2678.0,0.0068097240291535854,0.0,0.0,0.0,0.1076388888888889,0.7175925925925927
2679.0,0.0,0.0,0.0,0.0,0.0,0.0
2680.0,0.0,0.0,0.0,0.0,0.0,0.0
2681.0,0.0,0.0,0.0,0.0,0.0,0.0
2682.0,4.016885213786736e-06,0.0,0.0,0.0,0.0,0.000334740434482228
2683.0,0.0,0.0,0.0,0.0,0.0,0.0
2684.0,0.0,0.0,0.0,0.0,0.0,0.0
2685.0,0.0,0.0,0.0,0.0,0.0,0.0
2686.0,0.0,0.0,0.0,0.0,0.0,0.0
2687.0,0.0,0.0,0.0,0.0,0.0,0.0
2688.0,0.0,0.0,0.0,0.0,0.0,0.0
2689.0,0.0,0.0,0.0,0.0,0.0,0.0
2690.0,0.0,0.0,0.0,0.0,0.0,0.0
2691.0,0.0,0.0,0.0,0.0,0.0,0.0
2692.0,0.04063751548528671,0.02245895378291607,0.0,0.00023562020214740187,0.3038194444444444,3.386459623773893
2693.0,0.0,0.0,0.0,0.0,0.0,0.0
2694.0,0.04012357071042061,0.022506169974803925,0.0,0.0006348652532324195,0.19270833333333334,3.343630892535051
2695.0,0.0,0.0,0.0,0.0,0.0,0.0
2696.0,0.0,0.0,0.0,0.0,0.0,0.0
2697.0,0.0,0.0,0.0,0.0,0.0,0.0
2698.0,0.0,0.0,0.0,0.0,0.0,0.0
2699.0,0.0,0.0,0.0,0.0,0.0,0.0
2700.0,0.00018730692681856453,2.766221405181568e-05,3.572371497284621e-05,4.348831862444058e-05,0.001736111111111111,0.01560891056821371
2701.0,1.0240585652354639e-05,7.0104383667057846e-06,3.572371497284621e-05,0.0,0.0,0.00085338213769622
2702.0,0.0,0.0,0.0,0.0,0.0,0.0
2703.0,0.0,0.0,0.0,0.0,0.0,0.0
2704.0,0.0,0.0,0.0,0.0,0.0,0.0
2705.0,0.0,0.0,0.0,0.0,0.0,0.0
2706.0,0.0,0.0,0.0,0.0,0.0,0.0
2707.0,0.0,0.0,0.0,0.0,0.0,0.0
2708.0,0.0,0.0,0.0,0.0,0.0,0.0
2709.0,0.0,0.0,0.0,0.0,0.0,0.0
2710.0,0.0,0.0,0.0,0.0,0.0,0.0
2711.0,0.0,0.0,0.0,0.0,0.0,0.0
2712.0,0.0,0.0,0.0,0.0,0.0,0.0
2713.0,0.0,0.0,0.0,0.0,0.0,0.0
2714.0,0.0,0.0,0.0,0.0,0.0,0.0
2715.0,0.0,0.0,0.0,0.0,0.0,0.0
2716.0,0.0,0.0,0.0,0.0,0.0,0.0
2717.0,0.0,0.0,0.0,0.0,0.0,0.0
2718.0,0.0,0.0,0.0,0.0,0.0,0.0
2719.0,0.0,0.0,0.0,0.0,0.0,0.0
2720.0,0.0,0.0,0.0,0.0,0.0,0.0
2721.0,0.0,0.0,0.0,0.0,0.0,0.0
2722.0,0.0,0.0,0.0,0.0,0.0,0.0
2723.0,0.0,0.0,0.0,0.0,0.0,0.0
2724.0,0.0,0.0,0.0,0.0,0.0,0.0
2725.0,1.0240585652354639e-05,7.0104383667057846e-06,3.572371497284621e-05,0.0,0.0,0.00085338213769622
2726.0,1.0240585652354639e-05,7.0104383667057846e-06,3.572371497284621e-05,0.0,0.0,0.00085338213769622
2727.0,0.0,0.0,0.0,0.0,0.0,0.0
2728.0,0.0,0.0,0.0,0.0,0.0,0.0
2729.0,0.0,0.0,0.0,0.0,0.0,0.0
2730.0,0.0,0.0,0.0,0.0,0.0,0.0
2731.0,0.0,0.0,0.0,0.0,0.0,0.0
2732.0,0.0,0.0,0.0,0.0,0.0,0.0
2733.0,0.0,0.0,0.0,0.0,0.0,0.0
2734.0,0.0,0.0,0.0,0.0,0.0,0.0
2735.0,0.0,0.0,0.0,0.0,0.0,0.0
2736.0,0.0,0.0,0.0,0.0,0.0,0.0
2737.0,0.0,0.0,0.0,0.0,0.0,0.0
2738.0,0.0,0.0,0.0,0.0,0.0,0.0
2739.0,0.0,0.0,0.0,0.0,0.0,0.0
2740.0,0.0,0.0,0.0,0.0,0.0,0.0
2741.0,0.0,0.0,0.0,0.0,0.0,0.0
2742.0,0.0,0.0,0.0,0.0,0.0,0.0
2743.0,0.0,0.0,0.0,0.0,0.0,0.0
2744.0,0.0,0.0,0.0,0.0,0.0,0.0
2745.0,0.0003775480727199465,1.3942020586910076e-06,8.630534466647077e-06,0.0,0.006944444444444444,0.046296296296296294
2746.0,0.0002423406403977424,0.0,0.0,0.0,0.003472222222222222,0.023148148148148147
2747.0,0.00034750427585095167,0.0,0.0,0.0,0.006944444444444444,0.046296296296296294
2748.0,0.0001374931598547846,0.0,0.0,0.0,0.003472222222222222,0.023148148148148147
2749.0,0.00024722557282075286,0.0,0.0,0.0,0.010416666666666666,0.06944444444444445
2750.0,0.0001231479545822367,8.99542101251427e-06,5.5648910347372293e-05,0.0,0.001736111111111111,0.011574074074074073
2751.0,0.0004252931394148618,7.0104383667057846e-06,4.0294798964168876e-05,0.0,0.008680555555555556,0.05787037037037038
2752.0,0.0002732672437559813,0.0,0.0,0.0,0.003472222222222222,0.023148148148148147
2753.0,0.0003007726918440312,0.0,0.0,0.0,0.006944444444444444,0.046296296296296294
2754.0,0.00029917273786850274,0.0,0.0,0.0,0.006944444444444444,0.046296296296296294
2755.0,0.00018538942094892263,0.0,0.0,0.0,0.003472222222222222,0.023148148148148147
2756.0,0.0,0.0,0.0,0.0,0.0,0.0
2757.0,0.0,0.0,0.0,0.0,0.0,0.0
2758.0,0.0,0.0,0.0,0.0,0.0,0.0
2759.0,1.6734067685320042e-05,1.2374755442579044e-06,1.0694011507439427e-05,0.0,0.0,0.001394505640443337
2760.0,0.0,0.0,0.0,0.0,0.0,0.0
2761.0,0.0,0.0,0.0,0.0,0.0,0.0
2762.0,0.0,0.0,0.0,0.0,0.0,0.0
2763.0,0.0,0.0,0.0,0.0,0.0,0.0
2764.0,0.0,0.0,0.0,0.0,0.0,0.0
2765.0,0.0,0.0,0.0,0.0,0.0,0.0
2766.0,0.0,0.0,0.0,0.0,0.0,0.0
2767.0,0.0,0.0,0.0,0.0,0.0,0.0
2768.0,0.0,0.0,0.0,0.0,0.0,0.0
2769.0,0.0,0.0,0.0,0.0,0.0,0.0
2770.0,0.0,0.0,0.0,0.0,0.0,0.0
2771.0,0.0,0.0,0.0,0.0,0.0,0.0
2772.0,0.0,0.0,0.0,0.0,0.0,0.0
2773.0,0.0,0.0,0.0,0.0,0.0,0.0
2774.0,0.0,0.0,0.0,0.0,0.0,0.0
2775.0,1.1125660421384964e-05,7.0104383667057846e-06,3.572371497284621e-05,0.0,0.0,0.000927138368448747
2776.0,1.1125660421384964e-05,7.0104383667057846e-06,3.572371497284621e-05,0.0,0.0,0.000927138368448747
2777.0,0.0,0.0,0.0,0.0,0.0,0.0
2778.0,0.0,0.0,0.0,0.0,0.0,0.0
2779.0,0.0,0.0,0.0,0.0,0.0,0.0
2780.0,0.0,0.0,0.0,0.0,0.0,0.0
2781.0,0.0,0.0,0.0,0.0,0.0,0.0
2782.0,0.0,0.0,0.0,0.0,0.0,0.0
2783.0,0.0,0.0,0.0,0.0,0.0,0.0
2784.0,0.0,0.0,0.0,0.0,0.0,0.0
2785.0,0.0,0.0,0.0,0.0,0.0,0.0
2786.0,0.0,0.0,0.0,0.0,0.0,0.0
2787.0,0.0,0.0,0.0,0.0,0.0,0.0
2788.0,0.0,0.0,0.0,0.0,0.0,0.0
2789.0,0.0,0.0,0.0,0.0,0.0,0.0
2790.0,0.0,0.0,0.0,0.0,0.0,0.0
2791.0,0.0,0.0,0.0,0.0,0.0,0.0
2792.0,0.0029121898114681244,0.0,0.0,0.0,0.0625,0.4166666666666667
2793.0,0.0,0.0,0.0,0.0,0.0,0.0
2794.0,0.0,0.0,0.0,0.0,0.0,0.0
2795.0,0.0,0.0,0.0,0.0,0.0,0.0
2796.0,0.0,0.0,0.0,0.0,0.0,0.0
2797.0,0.0,0.0,0.0,0.0,0.0,0.0
2798.0,0.0,0.0,0.0,0.0,0.0,0.0
2799.0,0.0,0.0,0.0,0.0,0.0,0.0
2800.0,1.0342710993427318e-05,7.0104383667057846e-06,3.572371497284621e-05,0.0,0.0,0.0008618925827856098
2801.0,1.0240585652354639e-05,7.0104383667057846e-06,3.572371497284621e-05,0.0,0.0,0.00085338213769622
2802.0,0.0,0.0,0.0,0.0,0.0,0.0
2803.0,0.0003011992375832051,0.0,0.0,0.0,0.006944444444444444,0.046296296296296294
2804.0,0.00015215777966659516,0.0,0.0,0.0,0.005208333333333333,0.034722222222222224
2805.0,0.00023182184668257833,0.0,0.0,0.0,0.005208333333333333,0.034722222222222224
2806.0,0.0003148828400298953,0.0,0.0,0.0,0.005208333333333333,0.034722222222222224
2807.0,0.0,0.0,0.0,0.0,0.0,0.0
2808.0,0.0003141338820569217,0.0,0.0,0.0,0.010416666666666666,0.06944444444444445
2809.0,1.3763557944912463e-05,0.0,0.0,0.0,0.0,0.0011469631620760385
2810.0,0.0,0.0,0.0,0.0,0.0,0.0
2811.0,0.00011087279563071206,0.0,0.0,0.0,0.001736111111111111,0.011574074074074073
2812.0,9.975930879591033e-05,0.0,0.0,0.0,0.003472222222222222,0.023148148148148147
2813.0,0.00023908248113002628,0.0,0.0,0.0,0.001736111111111111,0.019923540094168857
2814.0,0.00013657404633704573,0.0,0.0,0.0,0.001736111111111111,0.011574074074074073
2815.0,0.00014408017159439623,0.0,0.0,0.0,0.001736111111111111,0.012006680966199687
2816.0,4.82877112517599e-05,0.0,0.0,0.0,0.0,0.004023975937646658
2817.0,0.00023750055697746575,0.0,0.0,0.0,0.003472222222222222,0.023148148148148147
2818.0,0.0,0.0,0.0,0.0,0.0,0.0
2819.0,0.0,0.0,0.0,0.0,0.0,0.0
2820.0,0.0,0.0,0.0,0.0,0.0,0.0
2821.0,0.0,0.0,0.0,0.0,0.0,0.0
2822.0,0.0,0.0,0.0,0.0,0.0,0.0
2823.0,0.0,0.0,0.0,0.0,0.0,0.0
2824.0,0.0,0.0,0.0,0.0,0.0,0.0
2825.0,1.15871644084109e-05,7.0104383667057846e-06,3.572371497284621e-05,0.0,0.0,0.0009655970340342416
2826.0,1.0429753274365794e-05,7.0104383667057846e-06,3.572371497284621e-05,0.0,0.0,0.0008691461061971495
2827.0,0.0,0.0,0.0,0.0,0.0,0.0
2828.0,2.8747954274876975e-05,0.0,0.0,0.0,0.0,0.0023956628562397477
2829.0,2.532679536670912e-05,0.0,0.0,0.0,0.0,0.0021105662805590932
2830.0,7.99972610820987e-07,0.0,0.0,0.0,0.0,6.666438423508225e-05
2831.0,0.0,0.0,0.0,0.0,0.0,0.0
2832.0,0.0,0.0,0.0,0.0,0.0,0.0
2833.0,5.616829639620846e-06,0.0,0.0,0.0,0.0,0.0004680691366350705
2834.0,8.287376840598881e-05,0.0,0.0,0.0,0.0,0.006906147367165734
2835.0,0.0,0.0,0.0,0.0,0.0,0.0
2836.0,0.0,0.0,0.0,0.0,0.0,0.0
2837.0,0.0,0.0,0.0,0.0,0.0,0.0
2838.0,0.0,0.0,0.0,0.0,0.0,0.0
2839.0,0.0,0.0,0.0,0.0,0.0,0.0
2840.0,0.0,0.0,0.0,0.0,0.0,0.0
2841.0,0.0,0.0,0.0,0.0,0.0,0.0
2842.0,1.4808013020228827e-06,0.0,0.0,0.0,0.0,0.00012340010850190689
2843.0,0.00012787029845640063,0.0,0.0,0.0,0.003472222222222222,0.023148148148148147
2844.0,0.00018995092250406742,0.0,0.0,0.0,0.001736111111111111,0.015829243542005617
2845.0,4.1615588997956365e-05,0.0,0.0,0.0,0.003472222222222222,0.023148148148148147
2846.0,0.0,0.0,0.0,0.0,0.0,0.0
2847.0,0.0,0.0,0.0,0.0,0.0,0.0
2848.0,0.0,0.0,0.0,0.0,0.0,0.0
2849.0,0.0,0.0,0.0,0.0,0.0,0.0
2850.0,1.5495741536142305e-05,7.0104383667057846e-06,3.572371497284621e-05,0.0,0.0,0.0012913117946785253
2851.0,0.00012247698032297194,7.0104383667057846e-06,3.572371497284621e-05,0.0,0.0,0.010206415026914328
2852.0,4.377722871140577e-05,0.0,0.0,0.0,0.0,0.0036481023926171474
2853.0,0.0,0.0,0.0,0.0,0.0,0.0
2854.0,0.0,0.0,0.0,0.0,0.0,0.0
2855.0,0.0,0.0,0.0,0.0,0.0,0.0
2856.0,0.00013378265430219471,0.0,0.0,0.0,0.0,0.011148554525182893
2857.0,0.00017240260785911232,0.0,0.0,0.0,0.001736111111111111,0.01436688398825936
2858.0,6.961461167520611e-06,0.0,0.0,0.0,0.0,0.0005801217639600509
2859.0,4.4611246266867965e-05,0.0,0.0,0.0,0.0,0.0037176038555723303
2860.0,0.0,0.0,0.0,0.0,0.0,0.0
2861.0,0.0,0.0,0.0,0.0,0.0,0.0
2862.0,0.0,0.0,0.0,0.0,0.0,0.0
2863.0,6.847425538580865e-05,0.0,0.0,0.0,0.003472222222222222,0.023148148148148147
2864.0,0.0002170138614019379,0.0,0.0,0.0,0.003472222222222222,0.023148148148148147
2865.0,0.00013218270032666624,0.0,0.0,0.0,0.005208333333333333,0.034722222222222224
2866.0,3.404113257943209e-08,0.0,0.0,0.0,0.0,2.8367610482860073e-06
2867.0,0.00022310727217700332,0.0,0.0,0.0,0.001736111111111111,0.018592272681416944
2868.0,0.00012099392915843055,0.0,0.0,0.0,0.0,0.010082827429869212
2869.0,0.0,0.0,0.0,0.0,0.0,0.0
2870.0,0.0,0.0,0.0,0.0,0.0,0.0
2871.0,0.0040728310123085976,0.0,0.0,0.0,0.07118055555555555,0.47453703703703703
2872.0,0.0,0.0,0.0,0.0,0.0,0.0
2873.0,0.0,0.0,0.0,0.0,0.0,0.0
2874.0,0.0,0.0,0.0,0.0,0.0,0.0
2875.0,1.1664125850074925e-05,7.0104383667057846e-06,3.572371497284621e-05,0.0,0.0,0.0009720104875062436
2876.0,1.0240585652354639e-05,7.0104383667057846e-06,3.572371497284621e-05,0.0,0.0,0.00085338213769622
2877.0,0.0,0.0,0.0,0.0,0.0,0.0
2878.0,0.0,0.0,0.0,0.0,0.0,0.0
2879.0,0.0,0.0,0.0,0.0,0.0,0.0
2880.0,0.0,0.0,0.0,0.0,0.0,0.0
2881.0,0.0,0.0,0.0,0.0,0.0,0.0
2882.0,0.0,0.0,0.0,0.0,0.0,0.0
2883.0,0.0,0.0,0.0,0.0,0.0,0.0
2884.0,0.0,0.0,0.0,0.0,0.0,0.0
2885.0,0.0,0.0,0.0,0.0,0.0,0.0
2886.0,0.0,0.0,0.0,0.0,0.0,0.0
2887.0,0.0,0.0,0.0,0.0,0.0,0.0
2888.0,0.0,0.0,0.0,0.0,0.0,0.0
2889.0,0.0,0.0,0.0,0.0,0.0,0.0
2890.0,0.0,0.0,0.0,0.0,0.0,0.0
2891.0,0.0,0.0,0.0,0.0,0.0,0.0
2892.0,0.0,0.0,0.0,0.0,0.0,0.0
2893.0,0.0,0.0,0.0,0.0,0.0,0.0
2894.0,0.0,0.0,0.0,0.0,0.0,0.0
2895.0,0.0,0.0,0.0,0.0,0.0,0.0
2896.0,0.0,0.0,0.0,0.0,0.0,0.0
2897.0,0.0,0.0,0.0,0.0,0.0,0.0
2898.0,0.0,0.0,0.0,0.0,0.0,0.0
2899.0,0.0,0.0,0.0,0.0,0.0,0.0
2900.0,1.0240585652354639e-05,7.0104383667057846e-06,3.572371497284621e-05,0.0,0.0,0.00085338213769622
2901.0,1.0240585652354639e-05,7.0104383667057846e-06,3.572371497284621e-05,0.0,0.0,0.00085338213769622
2902.0,0.0,0.0,0.0,0.0,0.0,0.0
2903.0,0.0,0.0,0.0,0.0,0.0,0.0
2904.0,0.0,0.0,0.0,0.0,0.0,0.0
2905.0,0.0,0.0,0.0,0.0,0.0,0.0
2906.0,0.0,0.0,0.0,0.0,0.0,0.0
2907.0,0.0,0.0,0.0,0.0,0.0,0.0
2908.0,0.0,0.0,0.0,0.0,0.0,0.0
2909.0,0.0,0.0,0.0,0.0,0.0,0.0
2910.0,0.0,0.0,0.0,0.0,0.0,0.0
2911.0,0.0,0.0,0.0,0.0,0.0,0.0
2912.0,0.0,0.0,0.0,0.0,0.0,0.0
2913.0,0.0,0.0,0.0,0.0,0.0,0.0
2914.0,0.0,0.0,0.0,0.0,0.0,0.0
2915.0,0.0,0.0,0.0,0.0,0.0,0.0
2916.0,0.0,0.0,0.0,0.0,0.0,0.0
2917.0,0.0,0.0,0.0,0.0,0.0,0.0
2918.0,0.0,0.0,0.0,0.0,0.0,0.0
2919.0,0.0,0.0,0.0,0.0,0.0,0.0
2920.0,0.0,0.0,0.0,0.0,0.0,0.0
2921.0,0.0,0.0,0.0,0.0,0.0,0.0
2922.0,0.0,0.0,0.0,0.0,0.0,0.0
2923.0,0.0,0.0,0.0,0.0,0.0,0.0
2924.0,0.0,0.0,0.0,0.0,0.0,0.0
2925.0,1.0240585652354639e-05,7.0104383667057846e-06,3.572371497284621e-05,0.0,0.0,0.00085338213769622
2926.0,1.0240585652354639e-05,7.0104383667057846e-06,3.572371497284621e-05,0.0,0.0,0.00085338213769622
2927.0,0.0,0.0,0.0,0.0,0.0,0.0
2928.0,0.0,0.0,0.0,0.0,0.0,0.0
2929.0,0.0,0.0,0.0,0.0,0.0,0.0
2930.0,0.0,0.0,0.0,0.0,0.0,0.0
2931.0,0.00026553982752375305,0.0,0.0,0.0,0.010416666666666666,0.06944444444444445
2932.0,0.0,0.0,0.0,0.0,0.0,0.0
2933.0,0.0,0.0,0.0,0.0,0.0,0.0
2934.0,3.6254230053600622e-06,0.0,0.0,0.0,0.0,0.00030211858378000517
2935.0,0.00012013206287520006,0.0,0.0,0.0,0.005208333333333333,0.034722222222222224
2936.0,0.0003465072950348258,0.0,0.0,0.0,0.001736111111111111,0.028875607919568815
2937.0,0.00014550371270161122,0.0,0.0,0.0,0.001736111111111111,0.012125309391800934
2938.0,0.0,0.0,0.0,0.0,0.0,0.0
2939.0,0.0,0.0,0.0,0.0,0.0,0.0
2940.0,0.0,0.0,0.0,0.0,0.0,0.0
2941.0,0.0,0.0,0.0,0.0,0.0,0.0
2942.0,6.631887572439155e-06,0.0,0.0,0.0,0.0,0.0005526572977032629
2943.0,0.0,0.0,0.0,0.0,0.0,0.0
2944.0,0.0,0.0,0.0,0.0,0.0,0.0
2945.0,0.0,0.0,0.0,0.0,0.0,0.0
2946.0,0.0,0.0,0.0,0.0,0.0,0.0
2947.0,0.0,0.0,0.0,0.0,0.0,0.0
2948.0,0.0,0.0,0.0,0.0,0.0,0.0
2949.0,1.6135616533574648e-05,0.0,0.0,0.0,0.0,0.0013446347111312207
2950.0,0.0003007497580256313,7.0104383667057846e-06,3.572371497284621e-05,0.0,0.008680555555555556,0.05787037037037038
2951.0,1.0376752470619977e-05,7.0104383667057846e-06,3.572371497284621e-05,0.0,0.0,0.0008647293725516647
2952.0,0.0,0.0,0.0,0.0,0.0,0.0
2953.0,0.0,0.0,0.0,0.0,0.0,0.0
2954.0,0.0,0.0,0.0,0.0,0.0,0.0
2955.0,0.0,0.0,0.0,0.0,0.0,0.0
2956.0,0.0,0.0,0.0,0.0,0.0,0.0
2957.0,0.0,0.0,0.0,0.0,0.0,0.0
2958.0,0.0,0.0,0.0,0.0,0.0,0.0
2959.0,7.337723218370229e-05,0.0,0.0,0.0,0.001736111111111111,0.011574074074074073
2960.0,0.0003023896424565464,0.0,0.0,0.0,0.006944444444444444,0.046296296296296294
2961.0,0.000189433092600666,0.0,0.0,0.0,0.003472222222222222,0.023148148148148147
2962.0,0.00020852051966357976,0.0,0.0,0.0,0.0,0.01737670997196498
2963.0,0.00011012389586539939,0.0,0.0,0.0,0.003472222222222222,0.023148148148148147
2964.0,0.0,0.0,0.0,0.0,0.0,0.0
2965.0,0.0,0.0,0.0,0.0,0.0,0.0
2966.0,0.0,0.0,0.0,0.0,0.0,0.0
2967.0,8.470125067105982e-06,0.0,0.0,0.0,0.0,0.0007058437555921652
2968.0,0.0,0.0,0.0,0.0,0.0,0.0
2969.0,0.0,0.0,0.0,0.0,0.0,0.0
2970.0,0.0,0.0,0.0,0.0,0.0,0.0
2971.0,0.0,0.0,0.0,0.0,0.0,0.0
2972.0,0.0,0.0,0.0,0.0,0.0,0.0
2973.0,0.0,0.0,0.0,0.0,0.0,0.0
2974.0,0.0,0.0,0.0,0.0,0.0,0.0
2975.0,1.0683124855859205e-05,7.0104383667057846e-06,3.572371497284621e-05,0.0,0.0,0.0008902604046549337
2976.0,1.0683124855859205e-05,7.0104383667057846e-06,3.572371497284621e-05,0.0,0.0,0.0008902604046549337
2977.0,0.0,0.0,0.0,0.0,0.0,0.0
2978.0,0.0,0.0,0.0,0.0,0.0,0.0
2979.0,0.0,0.0,0.0,0.0,0.0,0.0
2980.0,0.0,0.0,0.0,0.0,0.0,0.0
2981.0,0.0,0.0,0.0,0.0,0.0,0.0
2982.0,0.0,0.0,0.0,0.0,0.0,0.0
2983.0,0.0,0.0,0.0,0.0,0.0,0.0
2984.0,0.0,0.0,0.0,0.0,0.0,0.0
2985.0,0.0,0.0,0.0,0.0,0.0,0.0
2986.0,0.0,0.0,0.0,0.0,0.0,0.0
2987.0,0.0,0.0,0.0,0.0,0.0,0.0
2988.0,0.0,0.0,0.0,0.0,0.0,0.0
2989.0,0.0,0.0,0.0,0.0,0.0,0.0
2990.0,0.0,0.0,0.0,0.0,0.0,0.0
2991.0,0.0,0.0,0.0,0.0,0.0,0.0
2992.0,0.0,0.0,0.0,0.0,0.0,0.0
2993.0,0.0,0.0,0.0,0.0,0.0,0.0
2994.0,0.0,0.0,0.0,0.0,0.0,0.0
2995.0,0.0,0.0,0.0,0.0,0.0,0.0
2996.0,0.0,0.0,0.0,0.0,0.0,0.0
2997.0,0.0,0.0,0.0,0.0,0.0,0.0
2998.0,0.0,0.0,0.0,0.0,0.0,0.0
2999.0,0.0,0.0,0.0,0.0,0.0,0.0
3000.0,1.0683124855859205e-05,7.0104383667057846e-06,3.572371497284621e-05,0.0,0.0,0.0008902604046549337
3001.0,1.0683124855859205e-05,7.0104383667057846e-06,3.572371497284621e-05,0.0,0.0,0.0008902604046549337
3002.0,0.0,0.0,0.0,0.0,0.0,0.0
3003.0,0.0,0.0,0.0,0.0,0.0,0.0
3004.0,0.0,0.0,0.0,0.0,0.0,0.0
3005.0,0.0,0.0,0.0,0.0,0.0,0.0
3006.0,0.0,0.0,0.0,0.0,0.0,0.0
3007.0,0.0,0.0,0.0,0.0,0.0,0.0
3008.0,0.0,0.0,0.0,0.0,0.0,0.0
3009.0,0.0,0.0,0.0,0.0,0.0,0.0
3010.0,0.0,0.0,0.0,0.0,0.0,0.0
3011.0,0.0,0.0,0.0,0.0,0.0,0.0
3012.0,0.0,0.0,0.0,0.0,0.0,0.0
3013.0,0.0,0.0,0.0,0.0,0.0,0.0
3014.0,0.0,0.0,0.0,0.0,0.0,0.0
3015.0,0.0,0.0,0.0,0.0,0.0,0.0
3016.0,0.0,0.0,0.0,0.0,0.0,0.0
3017.0,0.0,0.0,0.0,0.0,0.0,0.0
3018.0,0.0,0.0,0.0,0.0,0.0,0.0
3019.0,0.0,0.0,0.0,0.0,0.0,0.0
3020.0,0.0,0.0,0.0,0.0,0.0,0.0
3021.0,0.0,0.0,0.0,0.0,0.0,0.0
3022.0,0.0,0.0,0.0,0.0,0.0,0.0
3023.0,0.0,0.0,0.0,0.0,0.0,0.0
3024.0,0.0,0.0,0.0,0.0,0.0,0.0
3025.0,1.0683124855859205e-05,7.0104383667057846e-06,3.572371497284621e-05,0.0,0.0,0.0008902604046549337
3026.0,1.0683124855859205e-05,7.0104383667057846e-06,3.572371497284621e-05,0.0,0.0,0.0008902604046549337
3027.0,0.0,0.0,0.0,0.0,0.0,0.0
3028.0,0.0,0.0,0.0,0.0,0.0,0.0
3029.0,0.0,0.0,0.0,0.0,0.0,0.0
3030.0,0.0,0.0,0.0,0.0,0.0,0.0
3031.0,0.0,0.0,0.0,0.0,0.0,0.0
3032.0,0.0,0.0,0.0,0.0,0.0,0.0
3033.0,0.0,0.0,0.0,0.0,0.0,0.0
3034.0,0.0,0.0,0.0,0.0,0.0,0.0
3035.0,0.0,0.0,0.0,0.0,0.0,0.0
3036.0,0.0,0.0,0.0,0.0,0.0,0.0
3037.0,0.0,0.0,0.0,0.0,0.0,0.0
3038.0,0.0,0.0,0.0,0.0,0.0,0.0
3039.0,0.0,0.0,0.0,0.0,0.0,0.0
3040.0,0.0,0.0,0.0,0.0,0.0,0.0
3041.0,0.0,0.0,0.0,0.0,0.0,0.0
3042.0,0.0,0.0,0.0,0.0,0.0,0.0
3043.0,0.0,0.0,0.0,0.0,0.0,0.0
3044.0,0.0,0.0,0.0,0.0,0.0,0.0
3045.0,0.0,0.0,0.0,0.0,0.0,0.0
3046.0,0.0,0.0,0.0,0.0,0.0,0.0
3047.0,0.0,0.0,0.0,0.0,0.0,0.0
3048.0,0.0,0.0,0.0,0.0,0.0,0.0
3049.0,0.0,0.0,0.0,0.0,0.0,0.0
3050.0,1.0683124855859205e-05,7.0104383667057846e-06,3.572371497284621e-05,0.0,0.0,0.0008902604046549337
3051.0,1.0683124855859205e-05,7.0104383667057846e-06,3.572371497284621e-05,0.0,0.0,0.0008902604046549337
3052.0,0.0,0.0,0.0,0.0,0.0,0.0
3053.0,0.0,0.0,0.0,0.0,0.0,0.0
3054.0,0.0,0.0,0.0,0.0,0.0,0.0
3055.0,0.0,0.0,0.0,0.0,0.0,0.0
3056.0,0.0,0.0,0.0,0.0,0.0,0.0
3057.0,0.0,0.0,0.0,0.0,0.0,0.0
3058.0,0.0,0.0,0.0,0.0,0.0,0.0
3059.0,0.0,0.0,0.0,0.0,0.0,0.0
3060.0,0.0,0.0,0.0,0.0,0.0,0.0
3061.0,0.0,0.0,0.0,0.0,0.0,0.0
3062.0,0.0,0.0,0.0,0.0,0.0,0.0
3063.0,0.0,0.0,0.0,0.0,0.0,0.0
3064.0,0.0,0.0,0.0,0.0,0.0,0.0
3065.0,0.0,0.0,0.0,0.0,0.0,0.0
3066.0,0.0,0.0,0.0,0.0,0.0,0.0
3067.0,0.00046577127068303525,0.0,0.0,0.0,0.010416666666666666,0.06944444444444445
3068.0,0.000917194178327918,0.0,0.0,0.0,0.022569444444444444,0.15046296296296297
3069.0,0.0006320294342003763,0.0,0.0,0.0,0.017361111111111112,0.11574074074074076
3070.0,0.0006836191168986261,0.0,0.0,0.0,0.015625,0.10416666666666667
3071.0,8.372479351237416e-05,0.0,0.0,0.0,0.0,0.00697706612603118
3072.0,0.00048124309978447855,0.0,0.0,0.0,0.0,0.04010359164870655
3073.0,0.000315938115818426,0.0,0.0,0.0,0.0,0.026328176318202168
3074.0,8.23801656224532e-06,0.0,0.0,0.0,0.0,0.00068650138018711
3075.0,0.00018233683658763766,7.0104383667057846e-06,3.572371497284621e-05,0.0,0.005208333333333333,0.034722222222222224
3076.0,9.253565076505765e-05,7.0104383667057846e-06,3.572371497284621e-05,0.0,0.0,0.0077113042304214705
3077.0,4.893450750387274e-05,0.0,0.0,0.0,0.0,0.004077875625322728
3078.0,8.51034798188266e-08,0.0,0.0,0.0,0.0,7.091956651568883e-06
3079.0,0.0,0.0,0.0,0.0,0.0,0.0
3080.0,0.0,0.0,0.0,0.0,0.0,0.0
3081.0,0.0,0.0,0.0,0.0,0.0,0.0
3082.0,0.0,0.0,0.0,0.0,0.0,0.0
3083.0,0.0,0.0,0.0,0.0,0.0,0.0
3084.0,0.00024172788835130632,0.0,0.0,0.0,0.005208333333333333,0.034722222222222224
3085.0,0.0002230221580248326,0.0,0.0,0.0,0.005208333333333333,0.034722222222222224
3086.0,0.0,0.0,0.0,0.0,0.0,0.0
3087.0,9.00404920685105e-05,0.0,0.0,0.0,0.001736111111111111,0.011574074074074073
3088.0,1.7234746337635443e-05,0.0,0.0,0.0,0.0,0.0014362288614696201
3089.0,1.616966187611979e-06,0.0,0.0,0.0,0.0,0.00013474718230099825
3090.0,3.2237199775408953e-05,0.0,0.0,0.0,0.0,0.0026864333146174126
3091.0,3.142020432278514e-05,0.0,0.0,0.0,0.0,0.0026183503602320948
3092.0,7.125485808501253e-06,0.0,0.0,0.0,0.0,0.000593790484041771
3093.0,0.00012263411190360785,0.0,0.0,0.0,0.001736111111111111,0.011574074074074073
3094.0,6.85933991917409e-05,0.0,0.0,0.0,0.0,0.005716116599311742
3095.0,0.0,0.0,0.0,0.0,0.0,0.0
3096.0,0.0,0.0,0.0,0.0,0.0,0.0
3097.0,0.0,0.0,0.0,0.0,0.0,0.0
3098.0,0.0,0.0,0.0,0.0,0.0,0.0
3099.0,0.0,0.0,0.0,0.0,0.0,0.0
3100.0,1.3440479051496368e-05,7.0104383667057846e-06,3.572371497284621e-05,0.0,0.0,0.0011200399209580307
3101.0,1.1670326784951612e-05,7.0104383667057846e-06,3.572371497284621e-05,0.0,0.0,0.000972527232079301
3102.0,0.0,0.0,0.0,0.0,0.0,0.0
3103.0,0.0,0.0,0.0,0.0,0.0,0.0
3104.0,0.0,0.0,0.0,0.0,0.0,0.0
3105.0,0.0,0.0,0.0,0.0,0.0,0.0
3106.0,0.0,0.0,0.0,0.0,0.0,0.0
3107.0,0.0,0.0,0.0,0.0,0.0,0.0
3108.0,0.0,0.0,0.0,0.0,0.0,0.0
3109.0,0.0,0.0,0.0,0.0,0.0,0.0
3110.0,0.0,0.0,0.0,0.0,0.0,0.0
3111.0,0.0,0.0,0.0,0.0,0.0,0.0
3112.0,0.0,0.0,0.0,0.0,0.0,0.0
3113.0,0.0,0.0,0.0,0.0,0.0,0.0
3114.0,0.0,0.0,0.0,0.0,0.0,0.0
3115.0,0.0,0.0,0.0,0.0,0.0,0.0
3116.0,0.0,0.0,0.0,0.0,0.0,0.0
3117.0,0.0,0.0,0.0,0.0,0.0,0.0
3118.0,0.0,0.0,0.0,0.0,0.0,0.0
3119.0,0.0,0.0,0.0,0.0,0.0,0.0
3120.0,0.0,0.0,0.0,0.0,0.0,0.0
3121.0,0.0,0.0,0.0,0.0,0.0,0.0
3122.0,0.0,0.0,0.0,0.0,0.0,0.0
3123.0,6.59551951684989e-05,0.0,0.0,0.0,0.0,0.005496266264041576
3124.0,0.0,0.0,0.0,0.0,0.0,0.0
3125.0,0.00012072192475898191,7.0104383667057846e-06,3.572371497284621e-05,0.0,0.0,0.010060160396581827
3126.0,7.879993790993467e-05,7.0104383667057846e-06,3.572371497284621e-05,0.0,0.0,0.006566661492494556
3127.0,0.0,0.0,0.0,0.0,0.0,0.0
3128.0,0.0,0.0,0.0,0.0,0.0,0.0
3129.0,0.0,0.0,0.0,0.0,0.0,0.0
3130.0,0.0,0.0,0.0,0.0,0.0,0.0
3131.0,0.0,0.0,0.0,0.0,0.0,0.0
3132.0,0.0,0.0,0.0,0.0,0.0,0.0
3133.0,0.0,0.0,0.0,0.0,0.0,0.0
3134.0,2.2977937987889163e-06,0.0,0.0,0.0,0.0,0.00019148281656574304
3135.0,0.0,0.0,0.0,0.0,0.0,0.0
3136.0,0.0,0.0,0.0,0.0,0.0,0.0
3137.0,0.0,0.0,0.0,0.0,0.0,0.0
3138.0,0.0,0.0,0.0,0.0,0.0,0.0
3139.0,0.0,0.0,0.0,0.0,0.0,0.0
3140.0,0.006975523196160793,0.0,0.0,0.0,0.125,0.8333333333333334
3141.0,0.0,0.0,0.0,0.0,0.0,0.0
3142.0,1.8722739980603365e-07,0.0,0.0,0.0,0.0,1.560228331716947e-05
3143.0,0.0,0.0,0.0,0.0,0.0,0.0
3144.0,0.0,0.0,0.0,0.0,0.0,0.0
3145.0,0.0,0.0,0.0,0.0,0.0,0.0
3146.0,0.0,0.0,0.0,0.0,0.0,0.0
3147.0,0.0,0.0,0.0,0.0,0.0,0.0
3148.0,0.0,0.0,0.0,0.0,0.0,0.0
3149.0,0.0,0.0,0.0,0.0,0.0,0.0
3150.0,1.0240585652354639e-05,7.0104383667057846e-06,3.572371497284621e-05,0.0,0.0,0.00085338213769622
3151.0,1.0240585652354639e-05,7.0104383667057846e-06,3.572371497284621e-05,0.0,0.0,0.00085338213769622
3152.0,0.0,0.0,0.0,0.0,0.0,0.0
3153.0,0.0,0.0,0.0,0.0,0.0,0.0
3154.0,0.0,0.0,0.0,0.0,0.0,0.0
3155.0,0.0,0.0,0.0,0.0,0.0,0.0
3156.0,0.0,0.0,0.0,0.0,0.0,0.0
3157.0,0.0,0.0,0.0,0.0,0.0,0.0
3158.0,0.0,0.0,0.0,0.0,0.0,0.0
3159.0,0.0,0.0,0.0,0.0,0.0,0.0
3160.0,0.0,0.0,0.0,0.0,0.0,0.0
3161.0,0.0,0.0,0.0,0.0,0.0,0.0
3162.0,0.0,0.0,0.0,0.0,0.0,0.0
3163.0,0.0,0.0,0.0,0.0,0.0,0.0
3164.0,0.0,0.0,0.0,0.0,0.0,0.0
3165.0,0.0,0.0,0.0,0.0,0.0,0.0
3166.0,0.0,0.0,0.0,0.0,0.0,0.0
3167.0,0.0,0.0,0.0,0.0,0.0,0.0
3168.0,0.0,0.0,0.0,0.0,0.0,0.0
3169.0,0.0,0.0,0.0,0.0,0.0,0.0
3170.0,0.0,0.0,0.0,0.0,0.0,0.0
3171.0,0.0,0.0,0.0,0.0,0.0,0.0
3172.0,0.0,0.0,0.0,0.0,0.0,0.0
3173.0,0.0,0.0,0.0,0.0,0.0,0.0
3174.0,0.0,0.0,0.0,0.0,0.0,0.0
3175.0,1.0240585652354639e-05,7.0104383667057846e-06,3.572371497284621e-05,0.0,0.0,0.00085338213769622
3176.0,1.0240585652354639e-05,7.0104383667057846e-06,3.572371497284621e-05,0.0,0.0,0.00085338213769622
3177.0,0.0,0.0,0.0,0.0,0.0,0.0
3178.0,0.0,0.0,0.0,0.0,0.0,0.0
3179.0,0.0,0.0,0.0,0.0,0.0,0.0
3180.0,0.0,0.0,0.0,0.0,0.0,0.0
3181.0,0.0,0.0,0.0,0.0,0.0,0.0
3182.0,0.0,0.0,0.0,0.0,0.0,0.0
3183.0,0.0,0.0,0.0,0.0,0.0,0.0
3184.0,0.0,0.0,0.0,0.0,0.0,0.0
3185.0,0.0,0.0,0.0,0.0,0.0,0.0
3186.0,0.0,0.0,0.0,0.0,0.0,0.0
3187.0,0.0,0.0,0.0,0.0,0.0,0.0
3188.0,0.04264505207538605,0.012078159488737583,5.811116716358811e-05,0.0005120463320054114,0.1909722222222222,3.553754339615504
3189.0,1.4018544788996223e-05,1.8426579117658548e-05,5.811116716358811e-05,0.0,0.0,0.0011682120657496853
3190.0,0.0,0.0,0.0,0.0,0.0,0.0
3191.0,0.0,0.0,0.0,0.0,0.0,0.0
3192.0,0.0,0.0,0.0,0.0,0.0,0.0
3193.0,0.0,0.0,0.0,0.0,0.0,0.0
3194.0,0.0,0.0,0.0,0.0,0.0,0.0
3195.0,0.0,0.0,0.0,0.0,0.0,0.0
3196.0,0.0,0.0,0.0,0.0,0.0,0.0
3197.0,0.0,0.0,0.0,0.0,0.0,0.0
3198.0,0.0,0.0,0.0,0.0,0.0,0.0
3199.0,0.0,0.0,0.0,0.0,0.0,0.0
3200.0,0.0,0.0,0.0,0.0,0.0,0.0
3201.0,0.0,0.0,0.0,0.0,0.0,0.0
3202.0,0.0,0.0,0.0,0.0,0.0,0.0
3203.0,0.0,0.0,0.0,0.0,0.0,0.0
3204.0,0.0,0.0,0.0,0.0,0.0,0.0
3205.0,8.054191857809201e-05,0.0,0.0,0.0,0.006944444444444444,0.046296296296296294
3206.0,0.0003131978155579418,0.0,0.0,0.0,0.001736111111111111,0.026099817963161815
3207.0,0.00027563312323763967,0.0,0.0,0.0,0.006944444444444444,0.046296296296296294
3208.0,0.00015013953088782728,0.0,0.0,0.0,0.005208333333333333,0.034722222222222224
3209.0,9.638817573431879e-05,0.0,0.0,0.0,0.005208333333333333,0.034722222222222224
3210.0,0.0003212825977243483,0.0,0.0,0.0,0.005208333333333333,0.034722222222222224
3211.0,0.00019195939239580184,0.0,0.0,0.0,0.006944444444444444,0.046296296296296294
3212.0,0.0,0.0,0.0,0.0,0.0,0.0
3213.0,0.00018734027980826795,1.8426579117658548e-05,5.811116716358811e-05,0.0,0.0,0.015611689984022329
3214.0,0.00014320561604108661,1.8426579117658548e-05,5.811116716358811e-05,0.0,0.0,0.011933801336757218
3215.0,0.00012961257016286254,0.0,0.0,0.0,0.0,0.010801047513571879
3216.0,4.901960437564412e-06,0.0,0.0,0.0,0.0,0.0004084967031303677
3217.0,0.0001606802543392405,0.0,1.7053667988875532e-06,0.0,0.001736111111111111,0.013390021194936708
3218.0,0.00029037302010692656,0.0,0.0,0.0,0.003472222222222222,0.024197751675577212
3219.0,3.5147731978213415e-05,0.0,0.0,0.0,0.0,0.002928977664851118
3220.0,0.0,0.0,0.0,0.0,0.0,0.0
3221.0,0.0,0.0,0.0,0.0,0.0,0.0
3222.0,1.2685330148087814e-05,0.0,1.7053667988875532e-06,0.0,0.0,0.0010571108456739846
3223.0,0.0,0.0,0.0,0.0,0.0,0.0
3224.0,0.0023306605871766806,0.0,0.0,0.0,0.043402777777777776,0.28935185185185186
3225.0,0.0,0.0,0.0,0.0,0.0,0.0
3226.0,0.0,0.0,0.0,0.0,0.0,0.0
3227.0,0.0,0.0,0.0,0.0,0.0,0.0
3228.0,0.0,0.0,0.0,0.0,0.0,0.0
3229.0,0.0,0.0,0.0,0.0,0.0,0.0
3230.0,1.702069596376532e-07,0.0,0.0,0.0,0.0,1.4183913303137766e-05
3231.0,1.702069596376532e-07,0.0,0.0,0.0,0.0,1.4183913303137766e-05
3232.0,0.0,0.0,0.0,0.0,0.0,0.0
3233.0,0.0,0.0,0.0,0.0,0.0,0.0
3234.0,0.0003849570348393172,0.0,0.0,0.0,0.006944444444444444,0.046296296296296294
3235.0,0.00011117916437797248,0.0,0.0,0.0,0.003472222222222222,0.023148148148148147
3236.0,0.0002460681716911495,0.0,0.0,0.0,0.001736111111111111,0.020505680974262457
3237.0,0.0002539146807976067,0.0,0.0,0.0,0.008680555555555556,0.05787037037037038
3238.0,0.00019697401148732752,1.8426579117658548e-05,5.811116716358811e-05,0.0,0.001736111111111111,0.016414500957277294
3239.0,0.00011495126818772405,1.8426579117658548e-05,5.811116716358811e-05,0.0,0.003472222222222222,0.023148148148148147
3240.0,0.00018350008758716285,0.0,0.0,0.0,0.006944444444444444,0.046296296296296294
3241.0,0.0,0.0,0.0,0.0,0.0,0.0
3242.0,0.0,0.0,0.0,0.0,0.0,0.0
3243.0,0.00010285604366799816,0.0,0.0,0.0,0.003472222222222222,0.023148148148148147
3244.0,0.00014792685396969318,0.0,0.0,0.0,0.001736111111111111,0.012327237830807766
3245.0,8.132487710099667e-05,0.0,0.0,0.0,0.0,0.006777073091749723
3246.0,3.404139192753064e-08,0.0,0.0,0.0,0.0,2.8367826606275535e-06
3247.0,7.301882305910112e-06,0.0,0.0,0.0,0.0,0.000608490192159176
3248.0,0.0,0.0,0.0,0.0,0.0,0.0
3249.0,0.00015703291865065694,0.0,0.0,0.0,0.001736111111111111,0.013086076554221412
3250.0,0.0001400122418999672,0.0,0.0,0.0,0.001736111111111111,0.011667686824997267
3251.0,0.0,0.0,0.0,0.0,0.0,0.0
3252.0,0.0,0.0,0.0,0.0,0.0,0.0
3253.0,0.0,0.0,0.0,0.0,0.0,0.0
3254.0,0.0,0.0,0.0,0.0,0.0,0.0
3255.0,5.718955435440876e-06,0.0,0.0,0.0,0.0,0.00047657961962007295
3256.0,1.702069596376532e-07,0.0,0.0,0.0,0.0,1.4183913303137766e-05
3257.0,0.0,0.0,0.0,0.0,0.0,0.0
3258.0,0.0,0.0,0.0,0.0,0.0,0.0
3259.0,0.0,0.0,0.0,0.0,0.0,0.0
3260.0,0.0,0.0,0.0,0.0,0.0,0.0
3261.0,0.0,0.0,0.0,0.0,0.0,0.0
3262.0,0.0,0.0,0.0,0.0,0.0,0.0
3263.0,1.5090848137333523e-05,1.8426579117658548e-05,5.811116716358811e-05,0.0,0.0,0.0012575706781111269
3264.0,1.5090848137333523e-05,1.8426579117658548e-05,5.811116716358811e-05,0.0,0.0,0.0012575706781111269
3265.0,0.0,0.0,0.0,0.0,0.0,0.0
3266.0,0.0,0.0,0.0,0.0,0.0,0.0
3267.0,0.0,0.0,0.0,0.0,0.0,0.0
3268.0,0.00015398621326312423,0.0,0.0,0.0,0.005208333333333333,0.034722222222222224
3269.0,0.0003407713084015995,0.0,0.0,0.0,0.005208333333333333,0.034722222222222224
3270.0,0.00010132419265573844,0.0,0.0,0.0,0.0,0.008443682721311538
3271.0,0.0,0.0,0.0,0.0,0.0,0.0
3272.0,5.361516741686501e-06,0.0,0.0,0.0,0.0,0.00044679306180720835
3273.0,0.0,0.0,0.0,0.0,0.0,0.0
3274.0,0.0,0.0,0.0,0.0,0.0,0.0
3275.0,0.0,0.0,0.0,0.0,0.0,0.0
3276.0,0.0,0.0,0.0,0.0,0.0,0.0
3277.0,0.0,0.0,0.0,0.0,0.0,0.0
3278.0,0.0,0.0,0.0,0.0,0.0,0.0
3279.0,0.0,0.0,0.0,0.0,0.0,0.0
3280.0,1.702069596376532e-07,0.0,0.0,0.0,0.0,1.4183913303137766e-05
3281.0,1.702069596376532e-07,0.0,0.0,0.0,0.0,1.4183913303137766e-05
3282.0,0.0,0.0,0.0,0.0,0.0,0.0
3283.0,0.0,0.0,0.0,0.0,0.0,0.0
3284.0,0.0,0.0,0.0,0.0,0.0,0.0
3285.0,1.0723033483373001e-06,0.0,0.0,0.0,0.0,8.935861236144167e-05
3286.0,0.0,0.0,0.0,0.0,0.0,0.0
3287.0,0.0,0.0,0.0,0.0,0.0,0.0
3288.0,1.5584448192385025e-05,1.8426579117658548e-05,5.811116716358811e-05,0.0,0.0,0.0012987040160320855
3289.0,1.5278075807145797e-05,1.8426579117658548e-05,5.811116716358811e-05,0.0,0.0,0.0012731729839288164
3290.0,0.0,0.0,0.0,0.0,0.0,0.0
3291.0,0.0,0.0,0.0,0.0,0.0,0.0
3292.0,0.0,0.0,0.0,0.0,0.0,0.0
3293.0,0.0,0.0,0.0,0.0,0.0,0.0
3294.0,0.0,0.0,0.0,0.0,0.0,0.0
3295.0,0.0,0.0,0.0,0.0,0.0,0.0
3296.0,0.0,0.0,0.0,0.0,0.0,0.0
3297.0,0.0,0.0,0.0,0.0,0.0,0.0
3298.0,0.0,0.0,0.0,0.0,0.0,0.0
3299.0,0.0,0.0,0.0,0.0,0.0,0.0
3300.0,0.0,0.0,0.0,0.0,0.0,0.0
3301.0,0.0,0.0,0.0,0.0,0.0,0.0
3302.0,0.0,0.0,0.0,0.0,0.0,0.0
3303.0,0.0,0.0,0.0,0.0,0.0,0.0
3304.0,0.0,0.0,0.0,0.0,0.0,0.0
3305.0,1.702069596376532e-07,0.0,0.0,0.0,0.0,1.4183913303137766e-05
3306.0,1.702069596376532e-07,0.0,0.0,0.0,0.0,1.4183913303137766e-05
3307.0,0.0,0.0,0.0,0.0,0.0,0.0
3308.0,0.0,0.0,0.0,0.0,0.0,0.0
3309.0,0.0,0.0,0.0,0.0,0.0,0.0
3310.0,0.0,0.0,0.0,0.0,0.0,0.0
3311.0,0.0,0.0,0.0,0.0,0.0,0.0
3312.0,0.0,0.0,0.0,0.0,0.0,0.0
3313.0,1.5278075807145797e-05,1.8426579117658548e-05,5.811116716358811e-05,0.0,0.0,0.0012731729839288164
3314.0,1.5278075807145797e-05,1.8426579117658548e-05,5.811116716358811e-05,0.0,0.0,0.0012731729839288164
3315.0,0.0,0.0,0.0,0.0,0.0,0.0
3316.0,0.0,0.0,0.0,0.0,0.0,0.0
3317.0,0.0,0.0,0.0,0.0,0.0,0.0
3318.0,0.0,0.0,0.0,0.0,0.0,0.0
3319.0,0.00011245572386542335,0.0,0.0,0.0,0.001736111111111111,0.011574074074074073
3320.0,4.947915658704005e-05,0.0,0.0,0.0,0.0,0.004123263048920005
3321.0,4.8287718527717516e-05,0.0,0.0,0.0,0.0,0.00402397654397646
3322.0,4.529206853476353e-05,0.0,0.0,0.0,0.0,0.0037743390445636273
3323.0,0.0,0.0,0.0,0.0,0.0,0.0
3324.0,0.0,0.0,0.0,0.0,0.0,0.0
3325.0,0.0,0.0,0.0,0.0,0.0,0.0
3326.0,0.0,0.0,0.0,0.0,0.0,0.0
3327.0,0.0,0.0,0.0,0.0,0.0,0.0
3328.0,0.0,0.0,0.0,0.0,0.0,0.0
3329.0,0.0,0.0,0.0,0.0,0.0,0.0
3330.0,0.0029289890080690384,0.0,0.0,0.0,0.05381944444444445,0.35879629629629634
3331.0,1.702069596376532e-07,0.0,0.0,0.0,0.0,1.4183913303137766e-05
3332.0,0.0,0.0,0.0,0.0,0.0,0.0
3333.0,0.0,0.0,0.0,0.0,0.0,0.0
3334.0,0.0,0.0,0.0,0.0,0.0,0.0
3335.0,0.0,0.0,0.0,0.0,0.0,0.0
3336.0,0.000126429702504538,0.0,0.0,0.0,0.003472222222222222,0.023148148148148147
3337.0,0.00021075023687444627,0.0,0.0,0.0,0.003472222222222222,0.023148148148148147
3338.0,1.7695021597319283e-05,1.8426579117658548e-05,5.811116716358811e-05,0.0,0.0,0.0014745851331099402
3339.0,0.00020485457207541913,1.8426579117658548e-05,5.811116716358811e-05,0.0,0.010416666666666666,0.06944444444444445
3340.0,0.00016467517707496881,0.0,0.0,0.0,0.003472222222222222,0.023148148148148147
3341.0,0.0001691856887191534,0.0,0.0,0.0,0.005208333333333333,0.034722222222222224
3342.0,0.00018668296979740262,0.0,0.0,0.0,0.006944444444444444,0.046296296296296294
3343.0,2.5990602807723917e-05,0.0,0.0,0.0,0.0,0.0021658835673103263
3344.0,8.23801656224532e-06,0.0,0.0,0.0,0.0,0.00068650138018711
3345.0,0.0001279275311389938,0.0,0.0,0.0,0.0,0.01066062759491615
3346.0,0.0001292381202802062,0.00029924625414423645,0.0,0.0,0.001736111111111111,0.011574074074074073
3347.0,0.00022722623543813825,0.0014024624833837152,0.0,0.0,0.008680555555555556,0.05787037037037038
3348.0,9.0209573500033e-07,9.90511580312159e-07,0.0,0.0,0.0,7.517464458336083e-05
3349.0,0.0002586455666460097,0.0016720974817872047,0.0005037238588556647,0.0,0.0,0.04180243704468012
3350.0,6.213491360540502e-06,4.017703759018332e-05,0.00011643930338323116,0.0,0.0,0.001004425939754583
3351.0,0.00017342384671792388,0.0011192845413461328,0.0,0.0,0.005208333333333333,0.034722222222222224
3352.0,0.0,0.0,0.0,0.0,0.0,0.0
3353.0,0.0,0.0,0.0,0.0,0.0,0.0
3354.0,0.0,0.0,0.0,0.0,0.0,0.0
3355.0,0.00011688867380144075,5.078542744740844e-05,1.0217062481387984e-05,0.0,0.001736111111111111,0.011574074074074073
3356.0,1.702069596376532e-08,0.0,0.0,0.0,0.0,1.4183913303137767e-06
3357.0,0.0,0.0,0.0,0.0,0.0,0.0
3358.0,0.0,0.0,0.0,0.0,0.0,0.0
3359.0,0.0,0.0,0.0,0.0,0.0,0.0
3360.0,0.0,0.0,0.0,0.0,0.0,0.0
3361.0,0.0,0.0,0.0,0.0,0.0,0.0
3362.0,0.0,0.0,0.0,0.0,0.0,0.0
3363.0,1.564087506267242e-05,2.0332234271336347e-05,5.811116716358811e-05,0.0,0.0,0.0013034062552227017
3364.0,1.4619630746892653e-05,2.0332234271336347e-05,5.811116716358811e-05,0.0,0.0,0.0012183025622410544
3365.0,0.0,0.0,0.0,0.0,0.0,0.0
3366.0,0.0,0.0,0.0,0.0,0.0,0.0
3367.0,0.0,0.0,0.0,0.0,0.0,0.0
3368.0,0.0,0.0,0.0,0.0,0.0,0.0
3369.0,0.0,0.0,0.0,0.0,0.0,0.0
3370.0,0.0,0.0,0.0,0.0,0.0,0.0
3371.0,0.0,0.0,0.0,0.0,0.0,0.0
3372.0,0.0,0.0,0.0,0.0,0.0,0.0
3373.0,0.0,0.0,0.0,0.0,0.0,0.0
3374.0,0.0,0.0,0.0,0.0,0.0,0.0
3375.0,0.0,0.0,0.0,0.0,0.0,0.0
3376.0,0.0,0.0,0.0,0.0,0.0,0.0
3377.0,0.0,0.0,0.0,0.0,0.0,0.0
3378.0,0.0,0.0,0.0,0.0,0.0,0.0
3379.0,0.0,0.0,0.0,0.0,0.0,0.0
3380.0,0.0,0.0,0.0,0.0,0.0,0.0
3381.0,0.0,0.0,0.0,0.0,0.0,0.0
3382.0,0.0,0.0,0.0,0.0,0.0,0.0
3383.0,0.0,0.0,0.0,0.0,0.0,0.0
3384.0,0.0,0.0,0.0,0.0,0.0,0.0
3385.0,0.0001746493362588808,0.0,0.0,0.0,0.006944444444444444,0.046296296296296294
3386.0,0.00025134457973763347,0.0,0.0,0.0,0.005208333333333333,0.034722222222222224
3387.0,0.0,0.0,0.0,0.0,0.0,0.0
3388.0,1.9113111193291843e-05,2.0332234271336347e-05,5.811116716358811e-05,0.0,0.0,0.0015927592661076535
3389.0,1.4823878700553905e-05,2.0332234271336347e-05,5.811116716358811e-05,0.0,0.0,0.0012353232250461588
3390.0,0.0,0.0,0.0,0.0,0.0,0.0
3391.0,0.0,0.0,0.0,0.0,0.0,0.0
3392.0,0.0,0.0,0.0,0.0,0.0,0.0
3393.0,0.0,0.0,0.0,0.0,0.0,0.0
3394.0,0.0,0.0,0.0,0.0,0.0,0.0
3395.0,0.00024339593073818833,0.00157349172513932,0.0,0.0,0.005208333333333333,0.039337293128483
3396.0,7.548677967861295e-05,0.00048777475603856146,0.0,0.0,0.0,0.012194368900964037
3397.0,3.8126368053781334e-06,2.4652883439557627e-05,0.0,0.0,0.0,0.0006163220859889407
3398.0,0.0,0.0,0.0,0.0,0.0,0.0
3399.0,0.0,0.0,0.0,0.0,0.0,0.0
3400.0,0.0,0.0,0.0,0.0,0.0,0.0
3401.0,0.0,0.0,0.0,0.0,0.0,0.0
3402.0,0.0,0.0,0.0,0.0,0.0,0.0
3403.0,0.0,0.0,0.0,0.0,0.0,0.0
3404.0,0.0,0.0,0.0,0.0,0.0,0.0
3405.0,0.0,0.0,0.0,0.0,0.0,0.0
3406.0,0.0,0.0,0.0,0.0,0.0,0.0
3407.0,0.0,0.0,0.0,0.0,0.0,0.0
3408.0,0.0,0.0,0.0,0.0,0.0,0.0
3409.0,0.0028381848242133856,0.006563945673406124,0.0006208303384482861,0.0,0.0642361111111111,0.4282407407407407
3410.0,0.0,0.0,0.0,0.0,0.0,0.0
3411.0,0.0,0.0,0.0,0.0,0.0,0.0
3412.0,0.0003207038971595466,0.0,0.0,0.0,0.012152777777777778,0.08101851851851852
3413.0,8.132429502438754e-05,1.9455506844678894e-05,5.8132460253546014e-05,0.0,0.001736111111111111,0.011574074074074073
3414.0,0.00021663287770934403,1.8426579117658548e-05,5.811116716358811e-05,0.0,0.005208333333333333,0.034722222222222224
3415.0,0.00010479641787242144,0.0,0.0,0.0,0.0,0.008733034822701788
3416.0,1.4144196939014364e-05,0.0,0.0,0.0,0.001736111111111111,0.011574074074074073
3417.0,7.511232979595661e-05,0.0,0.0,0.0,0.0,0.006259360816329718
3418.0,0.00020595041860360652,0.0,0.0,0.0,0.0,0.017162534883633878
3419.0,6.910401862114668e-05,0.0,0.0,0.0,0.001736111111111111,0.011574074074074073
3420.0,0.0,0.0,0.0,0.0,0.0,0.0
3421.0,1.7752581698005088e-05,0.0,0.0,0.0,0.0,0.0014793818081670906
3422.0,0.00023793225409463048,0.0,0.0,0.0,0.006944444444444444,0.046296296296296294
3423.0,0.00018052147061098367,0.0,0.0,0.0,0.003472222222222222,0.023148148148148147
3424.0,0.00020952473278157413,0.0,0.0,0.0,0.0,0.017460394398464512
3425.0,4.03730919060763e-05,0.0,0.0,0.0,0.0,0.003364424325506358
3426.0,0.0,0.0,0.0,0.0,0.0,0.0
3427.0,0.0017301365733146667,0.0,0.0,0.0,0.029513888888888888,0.19675925925925927
3428.0,0.0,0.0,0.0,0.0,0.0,0.0
3429.0,0.0,0.0,0.0,0.0,0.0,0.0
3430.0,6.297661343523941e-07,0.0,0.0,0.0,0.0,5.248051119603284e-05
3431.0,1.702069596376532e-07,0.0,0.0,0.0,0.0,1.4183913303137766e-05
3432.0,0.0,0.0,0.0,0.0,0.0,0.0
3433.0,0.0,0.0,0.0,0.0,0.0,0.0
3434.0,0.0,0.0,0.0,0.0,0.0,0.0
3435.0,0.0,0.0,0.0,0.0,0.0,0.0
3436.0,0.0,0.0,0.0,0.0,0.0,0.0
3437.0,0.0,0.0,0.0,0.0,0.0,0.0
3438.0,1.4018544788996223e-05,1.8426579117658548e-05,5.811116716358811e-05,0.0,0.0,0.0011682120657496853
3439.0,1.4018544788996223e-05,1.8426579117658548e-05,5.811116716358811e-05,0.0,0.0,0.0011682120657496853
3440.0,0.0,0.0,0.0,0.0,0.0,0.0
3441.0,0.0,0.0,0.0,0.0,0.0,0.0
3442.0,0.0,0.0,0.0,0.0,0.0,0.0
3443.0,0.0,0.0,0.0,0.0,0.0,0.0
3444.0,0.0,0.0,0.0,0.0,0.0,0.0
3445.0,0.0,0.0,0.0,0.0,0.0,0.0
3446.0,0.0,0.0,0.0,0.0,0.0,0.0
3447.0,0.0,0.0,0.0,0.0,0.0,0.0
3448.0,0.0,0.0,0.0,0.0,0.0,0.0
3449.0,0.0,0.0,0.0,0.0,0.0,0.0
3450.0,0.0,0.0,0.0,0.0,0.0,0.0
3451.0,0.0,0.0,0.0,0.0,0.0,0.0
3452.0,0.0,0.0,0.0,0.0,0.0,0.0
3453.0,0.000441397656686604,0.0,0.0,0.0,0.010416666666666666,0.06944444444444445
3454.0,0.00015786694712005556,0.0,0.0,0.0,0.003472222222222222,0.023148148148148147
3455.0,9.565632353769615e-05,0.0,0.0,0.0,0.001736111111111111,0.011574074074074073
3456.0,0.00017408764688298106,0.0,0.0,0.0,0.001736111111111111,0.014507303906915087
3457.0,0.0,0.0,0.0,0.0,0.0,0.0
3458.0,5.87213662583963e-06,0.0,0.0,0.0,0.0,0.0004893447188199692
3459.0,0.00024954037507995963,0.0,0.0,0.0,0.001736111111111111,0.020795031256663304
3460.0,0.00022271576744969934,0.0,0.0,0.0,0.001736111111111111,0.018559647287474945
3461.0,0.00021827337332069874,0.0,0.0,0.0,0.006944444444444444,0.046296296296296294
3462.0,3.4040873231333535e-08,0.0,0.0,0.0,0.0,2.836739435944461e-06
3463.0,0.00018327233556192368,1.8426579117658548e-05,5.811116716358811e-05,0.0,0.006944444444444444,0.046296296296296294
3464.0,0.0003279141674283892,1.8426579117658548e-05,5.811116716358811e-05,0.0,0.003472222222222222,0.02732618061903243
3465.0,1.4110155461821705e-05,0.0,0.0,0.0,0.001736111111111111,0.011574074074074073
3466.0,0.00010535808542044833,0.0,0.0,0.0,0.003472222222222222,0.023148148148148147
3467.0,0.00020778863108716905,0.000800117792095989,0.0,0.0,0.005208333333333333,0.034722222222222224
3468.0,0.0002959048142656684,0.0019090570276603103,0.0,0.0,0.001736111111111111,0.04772642569150776
3469.0,0.0001349400554317981,0.0005765911191701889,0.0,0.0,0.001736111111111111,0.014414777979254723
3470.0,0.0,0.0,0.0,0.0,0.0,0.0
3471.0,0.0,0.0,0.0,0.0,0.0,0.0
3472.0,1.2612345926754642e-05,3.796997043536976e-05,0.0,0.0,0.0,0.0010510288272295536
3473.0,0.0,0.0,0.0,0.0,0.0,0.0
3474.0,0.0,0.0,0.0,0.0,0.0,0.0
3475.0,0.00013441241753753275,0.0,0.0,0.0,0.005208333333333333,0.034722222222222224
3476.0,7.148668714762607e-07,0.0,0.0,0.0,0.0,5.957223928968839e-05
3477.0,0.0,0.0,0.0,0.0,0.0,0.0
3478.0,0.0,0.0,0.0,0.0,0.0,0.0
3479.0,0.0,0.0,0.0,0.0,0.0,0.0
3480.0,2.2126873773231637e-06,0.0,0.0,0.0,0.0,0.0001843906147769303
3481.0,0.0,0.0,0.0,0.0,0.0,0.0
3482.0,0.0,0.0,0.0,0.0,0.0,0.0
3483.0,0.0,0.0,0.0,0.0,0.0,0.0
3484.0,0.0,0.0,0.0,0.0,0.0,0.0
3485.0,0.0,0.0,0.0,0.0,0.0,0.0
3486.0,0.0,0.0,0.0,0.0,0.0,0.0
3487.0,0.0,0.0,0.0,0.0,0.0,0.0
3488.0,1.4512141206068918e-05,1.9196981156710535e-05,5.811116716358811e-05,0.0,0.0,0.0012093451005057432
3489.0,1.4512141206068918e-05,1.9196981156710535e-05,5.811116716358811e-05,0.0,0.0,0.0012093451005057432
3490.0,0.0,0.0,0.0,0.0,0.0,0.0
3491.0,0.0,0.0,0.0,0.0,0.0,0.0
3492.0,0.0,0.0,0.0,0.0,0.0,0.0
3493.0,0.0,0.0,0.0,0.0,0.0,0.0
3494.0,0.0,0.0,0.0,0.0,0.0,0.0
3495.0,0.0,0.0,0.0,0.0,0.0,0.0
3496.0,0.00010595381172606722,0.0004416606097947806,0.0,0.0,0.0,0.011041515244869515
3497.0,0.0001373229461023584,6.273281996982405e-06,0.0,0.0,0.0,0.0114435788418632
3498.0,0.0001418674801243469,0.0,0.0,0.0,0.0,0.011822290010362243
3499.0,0.00019721878925338387,2.6193669327767566e-05,0.0,0.0,0.0,0.016434899104448657
3500.0,0.00010377516446169466,0.0,0.0,0.0,0.0,0.008647930371807888
3501.0,5.075570152257569e-05,0.0,0.0,0.0,0.0,0.004229641793547974
3502.0,0.0,0.0,0.0,0.0,0.0,0.0
3503.0,0.0,0.0,0.0,0.0,0.0,0.0
3504.0,0.0,0.0,0.0,0.0,0.0,0.0
3505.0,9.412438885192387e-06,6.603398787774495e-07,0.0,0.0,0.0,0.0007843699070993656
3506.0,1.702069596376532e-07,0.0,0.0,0.0,0.0,1.4183913303137766e-05
3507.0,0.0,0.0,0.0,0.0,0.0,0.0
3508.0,0.0,0.0,0.0,0.0,0.0,0.0
3509.0,0.0,0.0,0.0,0.0,0.0,0.0
3510.0,0.0,0.0,0.0,0.0,0.0,0.0
3511.0,0.0,0.0,0.0,0.0,0.0,0.0
3512.0,0.0,0.0,0.0,0.0,0.0,0.0
3513.0,1.4750434274901636e-05,1.8976867067976855e-05,5.811116716358811e-05,0.0,0.0,0.001229202856241803
3514.0,1.4750434274901636e-05,1.8976867067976855e-05,5.811116716358811e-05,0.0,0.0,0.001229202856241803
3515.0,0.0,0.0,0.0,0.0,0.0,0.0
3516.0,0.0,0.0,0.0,0.0,0.0,0.0
3517.0,0.0,0.0,0.0,0.0,0.0,0.0
3518.0,0.0,0.0,0.0,0.0,0.0,0.0
3519.0,0.0,0.0,0.0,0.0,0.0,0.0
3520.0,3.5181768907932565e-05,0.0,0.0,0.0,0.001736111111111111,0.011574074074074073
3521.0,0.0001538500509923324,0.0,0.0,0.0,0.0,0.012820837582694367
3522.0,0.00015165438526310027,0.0,0.0,0.0,0.0,0.012637865438591689
3523.0,3.002450284839142e-05,0.0,0.0,0.0,0.0,0.0025020419040326183
3524.0,0.0,0.0,0.0,0.0,0.0,0.0
3525.0,0.0,0.0,0.0,0.0,0.0,0.0
3526.0,0.0,0.0,0.0,0.0,0.0,0.0
3527.0,0.0001261914148926735,0.0,0.0,0.0,0.0,0.010515951241056124
3528.0,0.0001627348392503336,0.0,0.0,0.0,0.001736111111111111,0.013561236604194468
3529.0,4.3641059164656326e-05,0.0,0.0,0.0,0.0,0.003636754930388027
3530.0,6.399777248589089e-06,0.0,0.0,0.0,0.0,0.0005333147707157574
3531.0,1.702069596376532e-07,0.0,0.0,0.0,0.0,1.4183913303137766e-05
3532.0,0.0,0.0,0.0,0.0,0.0,0.0
3533.0,0.0,0.0,0.0,0.0,0.0,0.0
3534.0,0.0,0.0,0.0,0.0,0.0,0.0
3535.0,0.0,0.0,0.0,0.0,0.0,0.0
3536.0,0.0,0.0,0.0,0.0,0.0,0.0
3537.0,0.0,0.0,0.0,0.0,0.0,0.0
3538.0,1.5312116374843754e-05,1.8976867067976855e-05,5.811116716358811e-05,0.0,0.0,0.0012760096979036462
3539.0,1.5312116374843754e-05,1.8976867067976855e-05,5.811116716358811e-05,0.0,0.0,0.0012760096979036462
3540.0,0.0,0.0,0.0,0.0,0.0,0.0
3541.0,0.0,0.0,0.0,0.0,0.0,0.0
3542.0,5.638955917675048e-05,0.0003646204131655395,0.0,0.0,0.003472222222222222,0.023148148148148147
3543.0,0.00010409855894977227,0.00045178591972216964,0.0,0.0,0.0,0.011294647993054241
3544.0,4.60579976788722e-05,0.0,0.0,0.0,0.0,0.0038381664732393497
3545.0,0.0,0.0,0.0,0.0,0.0,0.0
3546.0,0.0,0.0,0.0,0.0,0.0,0.0
3547.0,0.0001169491806649603,8.694530151842628e-06,0.0,0.0,0.0,0.009745765055413358
3548.0,0.0,0.0,0.0,0.0,0.0,0.0
3549.0,0.0,0.0,0.0,0.0,0.0,0.0
3550.0,0.0,0.0,0.0,0.0,0.0,0.0
3551.0,0.0,0.0,0.0,0.0,0.0,0.0
3552.0,0.0,0.0,0.0,0.0,0.0,0.0
3553.0,0.0,0.0,0.0,0.0,0.0,0.0
3554.0,0.0,0.0,0.0,0.0,0.0,0.0
3555.0,8.493325731251389e-05,0.0005371904699131846,0.0,0.0,0.003472222222222222,0.023148148148148147
3556.0,0.00011351101420586929,0.0,0.0,0.0,0.0,0.00945925118382244
3557.0,0.0,0.0,0.0,0.0,0.0,0.0
3558.0,0.0,0.0,0.0,0.0,0.0,0.0
3559.0,0.0,0.0,0.0,0.0,0.0,0.0
3560.0,0.0,0.0,0.0,0.0,0.0,0.0
3561.0,0.0,0.0,0.0,0.0,0.0,0.0
3562.0,0.0,0.0,0.0,0.0,0.0,0.0
3563.0,1.8392867787042633e-05,2.3048989532981068e-05,5.811116716358811e-05,0.0,0.0,0.0015327389822535527
3564.0,1.5550407624687068e-05,1.9307039110572077e-05,5.811116716358811e-05,0.0,0.0,0.0012958673020572558
3565.0,0.0,0.0,0.0,0.0,0.0,0.0
3566.0,0.0,0.0,0.0,0.0,0.0,0.0
3567.0,0.0,0.0,0.0,0.0,0.0,0.0
3568.0,0.0,0.0,0.0,0.0,0.0,0.0
3569.0,0.0,0.0,0.0,0.0,0.0,0.0
3570.0,0.0,0.0,0.0,0.0,0.0,0.0
3571.0,0.0,0.0,0.0,0.0,0.0,0.0
3572.0,0.004867867566645145,0.005102264694869518,0.0,0.0,0.0642361111111111,0.4282407407407407
3573.0,0.0,0.0,0.0,0.0,0.0,0.0
3574.0,0.0,0.0,0.0,0.0,0.0,0.0
3575.0,0.0,0.0,0.0,0.0,0.0,0.0
3576.0,0.0,0.0,0.0,0.0,0.0,0.0
3577.0,0.0,0.0,0.0,0.0,0.0,0.0
3578.0,0.0,0.0,0.0,0.0,0.0,0.0
3579.0,0.0,0.0,0.0,0.0,0.0,0.0
3580.0,9.531589739708579e-07,0.0,0.0,0.0,0.0,7.942991449757149e-05
3581.0,1.702069596376532e-07,0.0,0.0,0.0,0.0,1.4183913303137766e-05
3582.0,0.0,0.0,0.0,0.0,0.0,0.0
3583.0,0.0,0.0,0.0,0.0,0.0,0.0
3584.0,0.0,0.0,0.0,0.0,0.0,0.0
3585.0,0.0,0.0,0.0,0.0,0.0,0.0
3586.0,0.0,0.0,0.0,0.0,0.0,0.0
3587.0,0.0,0.0,0.0,0.0,0.0,0.0
3588.0,1.4018544788996223e-05,1.8426579117658548e-05,5.811116716358811e-05,0.0,0.0,0.0011682120657496853
3589.0,1.4018544788996223e-05,1.8426579117658548e-05,5.811116716358811e-05,0.0,0.0,0.0011682120657496853
3590.0,0.0,0.0,0.0,0.0,0.0,0.0
3591.0,0.0,0.0,0.0,0.0,0.0,0.0
3592.0,0.0,0.0,0.0,0.0,0.0,0.0
3593.0,0.0,0.0,0.0,0.0,0.0,0.0
3594.0,0.0,0.0,0.0,0.0,0.0,0.0
3595.0,0.0,0.0,0.0,0.0,0.0,0.0
3596.0,0.0,0.0,0.0,0.0,0.0,0.0
3597.0,0.0,0.0,0.0,0.0,0.0,0.0
3598.0,0.0,0.0,0.0,0.0,0.0,0.0
3599.0,0.0,0.0,0.0,0.0,0.0,0.0
3600.0,0.0,0.0,0.0,0.0,0.0,0.0
3601.0,0.0,0.0,0.0,0.0,0.0,0.0
3602.0,0.0,0.0,0.0,0.0,0.0,0.0
3603.0,0.0,0.0,0.0,0.0,0.0,0.0
3604.0,0.0,0.0,0.0,0.0,0.0,0.0
3605.0,1.702069596376532e-07,0.0,0.0,0.0,0.0,1.4183913303137766e-05
3606.0,1.702069596376532e-07,0.0,0.0,0.0,0.0,1.4183913303137766e-05
3607.0,0.0,0.0,0.0,0.0,0.0,0.0
3608.0,0.0,0.0,0.0,0.0,0.0,0.0
3609.0,0.0,0.0,0.0,0.0,0.0,0.0
3610.0,0.0,0.0,0.0,0.0,0.0,0.0
3611.0,0.0,0.0,0.0,0.0,0.0,0.0
3612.0,0.0,0.0,0.0,0.0,0.0,0.0
3613.0,1.4018544788996223e-05,1.8426579117658548e-05,5.811116716358811e-05,0.0,0.0,0.0011682120657496853
3614.0,1.4018544788996223e-05,1.8426579117658548e-05,5.811116716358811e-05,0.0,0.0,0.0011682120657496853
3615.0,0.0,0.0,0.0,0.0,0.0,0.0
3616.0,0.0,0.0,0.0,0.0,0.0,0.0
3617.0,0.0,0.0,0.0,0.0,0.0,0.0
3618.0,0.0,0.0,0.0,0.0,0.0,0.0
3619.0,0.0,0.0,0.0,0.0,0.0,0.0
3620.0,0.0,0.0,0.0,0.0,0.0,0.0
3621.0,0.0,0.0,0.0,0.0,0.0,0.0
3622.0,0.0,0.0,0.0,0.0,0.0,0.0
3623.0,0.0,0.0,0.0,0.0,0.0,0.0
3624.0,0.0,0.0,0.0,0.0,0.0,0.0
3625.0,0.0,0.0,0.0,0.0,0.0,0.0
3626.0,0.0,0.0,0.0,0.0,0.0,0.0
3627.0,0.0,0.0,0.0,0.0,0.0,0.0
3628.0,0.0,0.0,0.0,0.0,0.0,0.0
3629.0,8.13929655123502e-05,0.0,0.0,0.0,0.003472222222222222,0.023148148148148147
3630.0,0.00033801395329646766,0.0,0.0,0.0,0.006944444444444444,0.046296296296296294
3631.0,0.00020046973077114671,0.0,0.0,0.0,0.003472222222222222,0.023148148148148147
3632.0,6.808278385506128e-08,0.0,0.0,0.0,0.0,5.673565321255107e-06
3633.0,0.0,0.0,0.0,0.0,0.0,0.0
3634.0,0.0,0.0,0.0,0.0,0.0,0.0
3635.0,0.0,0.0,0.0,0.0,0.0,0.0
3636.0,7.698460103711113e-05,0.0,0.0,0.0,0.003472222222222222,0.023148148148148147
3637.0,8.809910650597885e-05,0.0,0.0,0.0,0.001736111111111111,0.011574074074074073
3638.0,0.00012181060446891934,1.8426579117658548e-05,5.811116716358811e-05,0.0,0.001736111111111111,0.011574074074074073
3639.0,9.09520749701187e-05,1.8426579117658548e-05,5.811116716358811e-05,0.0,0.0,0.007579339580843225
3640.0,0.00014099942927714437,0.0,0.0,0.0,0.001736111111111111,0.011749952439762032
3641.0,0.00011398758215364069,0.0,0.0,0.0,0.001736111111111111,0.011574074074074073
3642.0,0.00010951114381896332,0.0,0.0,0.0,0.0,0.009125928651580276
3643.0,0.0,0.0,0.0,0.0,0.0,0.0
3644.0,0.0,0.0,0.0,0.0,0.0,0.0
3645.0,0.0,0.0,0.0,0.0,0.0,0.0
3646.0,0.0,0.0,0.0,0.0,0.0,0.0
3647.0,5.7700112847669516e-06,0.0,0.0,0.0,0.0,0.0004808342737305793
3648.0,0.0,0.0,0.0,0.0,0.0,0.0
3649.0,0.0,0.0,0.0,0.0,0.0,0.0
3650.0,0.0,0.0,0.0,0.0,0.0,0.0
3651.0,0.0,0.0,0.0,0.0,0.0,0.0
3652.0,0.0,0.0,0.0,0.0,0.0,0.0
3653.0,0.0,0.0,0.0,0.0,0.0,0.0
3654.0,0.0,0.0,0.0,0.0,0.0,0.0
3655.0,1.702069596376532e-07,0.0,0.0,0.0,0.0,1.4183913303137766e-05
3656.0,1.702069596376532e-07,0.0,0.0,0.0,0.0,1.4183913303137766e-05
3657.0,0.0,0.0,0.0,0.0,0.0,0.0
3658.0,0.0,0.0,0.0,0.0,0.0,0.0
3659.0,0.0,0.0,0.0,0.0,0.0,0.0
3660.0,0.0,0.0,0.0,0.0,0.0,0.0
3661.0,0.0,0.0,0.0,0.0,0.0,0.0
3662.0,0.0,0.0,0.0,0.0,0.0,0.0
3663.0,1.4324914445751347e-05,1.8426579117658548e-05,5.811116716358811e-05,0.0,0.0,0.001193742870479279
3664.0,1.4324914445751347e-05,1.8426579117658548e-05,5.811116716358811e-05,0.0,0.0,0.001193742870479279
3665.0,0.0,0.0,0.0,0.0,0.0,0.0
3666.0,0.0,0.0,0.0,0.0,0.0,0.0
3667.0,0.0,0.0,0.0,0.0,0.0,0.0
3668.0,0.0,0.0,0.0,0.0,0.0,0.0
3669.0,0.0,0.0,0.0,0.0,0.0,0.0
3670.0,0.0,0.0,0.0,0.0,0.0,0.0
3671.0,0.0,0.0,0.0,0.0,0.0,0.0
3672.0,0.0,0.0,0.0,0.0,0.0,0.0
3673.0,0.0,0.0,0.0,0.0,0.0,0.0
3674.0,0.0,0.0,0.0,0.0,0.0,0.0
3675.0,0.0,0.0,0.0,0.0,0.0,0.0
3676.0,0.0,0.0,0.0,0.0,0.0,0.0
3677.0,0.0,0.0,0.0,0.0,0.0,0.0
3678.0,0.0,0.0,0.0,0.0,0.0,0.0
3679.0,0.0,0.0,0.0,0.0,0.0,0.0
3680.0,1.702069596376532e-07,0.0,0.0,0.0,0.0,1.4183913303137766e-05
3681.0,1.702069596376532e-07,0.0,0.0,0.0,0.0,1.4183913303137766e-05
3682.0,0.0,0.0,0.0,0.0,0.0,0.0
3683.0,0.0,0.0,0.0,0.0,0.0,0.0
3684.0,0.001325826859101653,0.0,0.0,0.0,0.024305555555555556,0.16203703703703703
3685.0,0.0,0.0,0.0,0.0,0.0,0.0
3686.0,0.0,0.0,0.0,0.0,0.0,0.0
3687.0,0.0,0.0,0.0,0.0,0.0,0.0
3688.0,1.4665333765151445e-05,1.8426579117658548e-05,5.811116716358811e-05,0.0,0.0,0.0012221111470959538
3689.0,1.4018544788996223e-05,1.8426579117658548e-05,5.811116716358811e-05,0.0,0.0,0.0011682120657496853
3690.0,0.0,0.0,0.0,0.0,0.0,0.0
3691.0,0.0,0.0,0.0,0.0,0.0,0.0
3692.0,0.0,0.0,0.0,0.0,0.0,0.0
3693.0,0.0,0.0,0.0,0.0,0.0,0.0
3694.0,0.0,0.0,0.0,0.0,0.0,0.0
3695.0,0.0,0.0,0.0,0.0,0.0,0.0
3696.0,0.0,0.0,0.0,0.0,0.0,0.0
3697.0,0.0,0.0,0.0,0.0,0.0,0.0
3698.0,0.0,0.0,0.0,0.0,0.0,0.0
3699.0,0.0,0.0,0.0,0.0,0.0,0.0
3700.0,0.0,0.0,0.0,0.0,0.0,0.0
3701.0,0.0,0.0,0.0,0.0,0.0,0.0
3702.0,0.0,0.0,0.0,0.0,0.0,0.0
3703.0,0.0,0.0,0.0,0.0,0.0,0.0
3704.0,0.0,0.0,0.0,0.0,0.0,0.0
3705.0,1.702069596376532e-07,0.0,0.0,0.0,0.0,1.4183913303137766e-05
3706.0,1.702069596376532e-07,0.0,0.0,0.0,0.0,1.4183913303137766e-05
3707.0,0.0,0.0,0.0,0.0,0.0,0.0
3708.0,0.0,0.0,0.0,0.0,0.0,0.0
3709.0,0.0,0.0,0.0,0.0,0.0,0.0
3710.0,0.0,0.0,0.0,0.0,0.0,0.0
3711.0,0.0,0.0,0.0,0.0,0.0,0.0
3712.0,0.0,0.0,0.0,0.0,0.0,0.0
3713.0,1.4018544788996223e-05,1.8426579117658548e-05,5.811116716358811e-05,0.0,0.0,0.0011682120657496853
3714.0,1.4018544788996223e-05,1.8426579117658548e-05,5.811116716358811e-05,0.0,0.0,0.0011682120657496853
3715.0,0.0,0.0,0.0,0.0,0.0,0.0
3716.0,0.0,0.0,0.0,0.0,0.0,0.0
3717.0,0.0,0.0,0.0,0.0,0.0,0.0
3718.0,0.03937689960002899,0.036328937858343124,0.0,0.00027784117264673114,0.2013888888888889,3.281408300002416
3719.0,0.0,0.0,0.0,0.0,0.0,0.0
3720.0,0.0,0.0,0.0,0.0,0.0,0.0
3721.0,0.0,0.0,0.0,0.0,0.0,0.0
3722.0,0.0,0.0,0.0,0.0,0.0,0.0
3723.0,0.0,0.0,0.0,0.0,0.0,0.0
3724.0,0.0,0.0,0.0,0.0,0.0,0.0
3725.0,0.0,0.0,0.0,0.0,0.0,0.0
3726.0,8.180146551239886e-07,4.2768405705828627e-07,1.0236166190225049e-06,0.0,0.0,6.816788792699906e-05
3727.0,8.180146551239886e-07,4.2768405705828627e-07,1.0236166190225049e-06,0.0,0.0,6.816788792699906e-05
3728.0,0.0,0.0,0.0,0.0,0.0,0.0
3729.0,0.0,0.0,0.0,0.0,0.0,0.0
3730.0,0.0,0.0,0.0,0.0,0.0,0.0
3731.0,0.0,0.0,0.0,0.0,0.0,0.0
3732.0,0.0,0.0,0.0,0.0,0.0,0.0
3733.0,0.0,0.0,0.0,0.0,0.0,0.0
3734.0,0.0,0.0,0.0,0.0,0.0,0.0
3735.0,0.0,0.0,0.0,0.0,0.0,0.0
3736.0,0.0,0.0,0.0,0.0,0.0,0.0
3737.0,0.0,0.0,0.0,0.0,0.0,0.0
3738.0,0.0,0.0,0.0,0.0,0.0,0.0
3739.0,0.0,0.0,0.0,0.0,0.0,0.0
3740.0,0.0,0.0,0.0,0.0,0.0,0.0
3741.0,0.0,0.0,0.0,0.0,0.0,0.0
3742.0,0.0,0.0,0.0,0.0,0.0,0.0
3743.0,0.0,0.0,0.0,0.0,0.0,0.0
3744.0,0.0,0.0,0.0,0.0,0.0,0.0
3745.0,0.0,0.0,0.0,0.0,0.0,0.0
3746.0,0.0,0.0,0.0,0.0,0.0,0.0
3747.0,0.0,0.0,0.0,0.0,0.0,0.0
3748.0,0.0,0.0,0.0,0.0,0.0,0.0
3749.0,0.0,0.0,0.0,0.0,0.0,0.0
3750.0,0.0,0.0,0.0,0.0,0.0,0.0
3751.0,8.180146551239886e-07,4.2768405705828627e-07,1.0236166190225049e-06,0.0,0.0,6.816788792699906e-05
3752.0,8.180146551239886e-07,4.2768405705828627e-07,1.0236166190225049e-06,0.0,0.0,6.816788792699906e-05
3753.0,0.0,0.0,0.0,0.0,0.0,0.0
3754.0,0.0,0.0,0.0,0.0,0.0,0.0
3755.0,0.0,0.0,0.0,0.0,0.0,0.0
3756.0,0.0,0.0,0.0,0.0,0.0,0.0
3757.0,0.0,0.0,0.0,0.0,0.0,0.0
3758.0,0.0,0.0,0.0,0.0,0.0,0.0
3759.0,0.0,0.0,0.0,0.0,0.0,0.0
3760.0,0.0,0.0,0.0,0.0,0.0,0.0
3761.0,0.0,0.0,0.0,0.0,0.0,0.0
3762.0,0.0,0.0,0.0,0.0,0.0,0.0
3763.0,0.0,0.0,0.0,0.0,0.0,0.0
3764.0,0.0,0.0,0.0,0.0,0.0,0.0
3765.0,0.0,0.0,0.0,0.0,0.0,0.0
3766.0,0.0,0.0,0.0,0.0,0.0,0.0
3767.0,0.0,0.0,0.0,0.0,0.0,0.0
3768.0,0.0,0.0,0.0,0.0,0.0,0.0
3769.0,0.0,0.0,0.0,0.0,0.0,0.0
3770.0,0.0,0.0,0.0,0.0,0.0,0.0
3771.0,0.0,0.0,0.0,0.0,0.0,0.0
3772.0,0.0,0.0,0.0,0.0,0.0,0.0
3773.0,0.0,0.0,0.0,0.0,0.0,0.0
3774.0,0.0,0.0,0.0,0.0,0.0,0.0
3775.0,0.0,0.0,0.0,0.0,0.0,0.0
3776.0,8.180146551239886e-07,4.2768405705828627e-07,1.0236166190225049e-06,0.0,0.0,6.816788792699906e-05
3777.0,8.180146551239886e-07,4.2768405705828627e-07,1.0236166190225049e-06,0.0,0.0,6.816788792699906e-05
3778.0,0.0,0.0,0.0,0.0,0.0,0.0
3779.0,0.0,0.0,0.0,0.0,0.0,0.0
3780.0,7.982703209563624e-06,0.0,0.0,0.0,0.001736111111111111,0.011574074074074073
3781.0,2.35225979849929e-05,0.0,0.0,0.0,0.0,0.0019602164987494084
3782.0,7.37847076379694e-05,0.0,0.0,0.0,0.0,0.00614872563649745
3783.0,2.5122550141531974e-05,0.0,0.0,0.0,0.0,0.0020935458451276645
3784.0,3.426265902817249e-05,0.0,0.0,0.0,0.0,0.0028552215856810412
3785.0,2.5360834570165025e-06,0.0,0.0,0.0,0.0,0.00021134028808470853
3786.0,0.0,0.0,0.0,0.0,0.0,0.0
3787.0,0.0,0.0,0.0,0.0,0.0,0.0
3788.0,0.0,0.0,0.0,0.0,0.0,0.0
3789.0,0.0,0.0,0.0,0.0,0.0,0.0
3790.0,0.0,0.0,0.0,0.0,0.0,0.0
3791.0,0.0,0.0,0.0,0.0,0.0,0.0
3792.0,0.0,0.0,0.0,0.0,0.0,0.0
3793.0,0.0,0.0,0.0,0.0,0.0,0.0
3794.0,0.0,0.0,0.0,0.0,0.0,0.0
3795.0,0.0,0.0,0.0,0.0,0.0,0.0
3796.0,0.0,0.0,0.0,0.0,0.0,0.0
3797.0,0.0,0.0,0.0,0.0,0.0,0.0
3798.0,0.0,0.0,0.0,0.0,0.0,0.0
3799.0,0.0,0.0,0.0,0.0,0.0,0.0
3800.0,0.0,0.0,0.0,0.0,0.0,0.0
3801.0,4.946220428792003e-07,4.2768405705828627e-07,1.0236166190225049e-06,0.0,0.0,4.1218503573266695e-05
3802.0,4.946220428792003e-07,4.2768405705828627e-07,1.0236166190225049e-06,0.0,0.0,4.1218503573266695e-05
3803.0,7.928239210741594e-05,0.0,0.0,0.0,0.0,0.006606866008951329
3804.0,5.106182854319741e-08,0.0,0.0,0.0,0.0,4.255152378599784e-06
3805.0,0.0,0.0,0.0,0.0,0.0,0.0
3806.0,0.0,0.0,0.0,0.0,0.0,0.0
3807.0,1.3973991372040473e-05,0.0,0.0,0.0,0.003472222222222222,0.023148148148148147
3808.0,4.129220178583637e-05,0.0,0.0,0.0,0.0,0.003441016815486364
3809.0,0.0,0.0,0.0,0.0,0.0,0.0
3810.0,2.3658785721636377e-06,0.0,0.0,0.0,0.0,0.00019715654768030313
3811.0,5.101102578919381e-05,0.0,0.0,0.0,0.001736111111111111,0.011574074074074073
3812.0,0.0,0.0,0.0,0.0,0.0,0.0
3813.0,0.0,0.0,0.0,0.0,0.0,0.0
3814.0,0.0,0.0,0.0,0.0,0.0,0.0
3815.0,0.0,0.0,0.0,0.0,0.0,0.0
3816.0,6.942740583326668e-05,0.0,0.0,0.0,0.0,0.005785617152772223
3817.0,0.0001406590163242072,0.0,0.0,0.0,0.0,0.011721584693683932
3818.0,3.659457206595107e-06,0.0,0.0,0.0,0.0,0.0003049547672162589
3819.0,0.0,0.0,0.0,0.0,0.0,0.0
3820.0,5.751292337663472e-05,0.0,0.0,0.0,0.001736111111111111,0.011574074074074073
3821.0,3.996459054178558e-05,0.0,0.0,0.0,0.0,0.0033303825451487987
3822.0,0.0,0.0,0.0,0.0,0.0,0.0
3823.0,0.0,0.0,0.0,0.0,0.0,0.0
3824.0,0.0,0.0,0.0,0.0,0.0,0.0
3825.0,0.0,0.0,0.0,0.0,0.0,0.0
3826.0,1.6690505617589224e-06,4.2768405705828627e-07,1.0236166190225049e-06,0.0,0.0,0.00013908754681324353
3827.0,4.946220428792003e-07,4.2768405705828627e-07,1.0236166190225049e-06,0.0,0.0,4.1218503573266695e-05
3828.0,0.0,0.0,0.0,0.0,0.0,0.0
3829.0,0.0,0.0,0.0,0.0,0.0,0.0
3830.0,0.0,0.0,0.0,0.0,0.0,0.0
3831.0,0.0,0.0,0.0,0.0,0.0,0.0
3832.0,0.0,0.0,0.0,0.0,0.0,0.0
3833.0,0.0,0.0,0.0,0.0,0.0,0.0
3834.0,0.0,0.0,0.0,0.0,0.0,0.0
3835.0,0.0,0.0,0.0,0.0,0.0,0.0
3836.0,8.19546403363347e-05,0.0,0.0,0.0,0.0,0.006829553361361225
3837.0,1.9573803911043797e-06,0.0,0.0,0.0,0.0,0.00016311503259203164
3838.0,0.0,0.0,0.0,0.0,0.0,0.0
3839.0,5.773419252363965e-05,0.0,0.0,0.0,0.001736111111111111,0.011574074074074073
3840.0,5.158971907803789e-05,0.0,0.0,0.0,0.0,0.004299143256503157
3841.0,5.838096967636375e-06,0.0,0.0,0.0,0.0,0.0004865080806363645
3842.0,0.0,0.0,0.0,0.0,0.0,0.0
3843.0,4.769198130816221e-05,0.0,0.0,0.0,0.0,0.003974331775680184
3844.0,0.0002419491793261841,0.0,0.0,0.0,0.0,0.02016243161051534
3845.0,6.6210495788254775e-06,0.0,0.0,0.0,0.0,0.0005517541315687898
3846.0,0.0011456799693405628,0.0,0.0,0.0,0.010416666666666666,0.09547333077838023
3847.0,0.00014799492782913148,0.0,0.0,0.0,0.0,0.012332910652427623
3848.0,0.00021211190323811024,0.0,0.0,0.0,0.0,0.017675991936509188
3849.0,0.0,0.0,0.0,0.0,0.0,0.0
3850.0,0.0,0.0,0.0,0.0,0.0,0.0
3851.0,9.175169907393865e-06,4.2768405705828627e-07,1.0236166190225049e-06,0.0,0.0,0.0007645974922828221
3852.0,8.180146551239886e-07,4.2768405705828627e-07,1.0236166190225049e-06,0.0,0.0,6.816788792699906e-05
3853.0,0.0,0.0,0.0,0.0,0.0,0.0
3854.0,0.0,0.0,0.0,0.0,0.0,0.0
3855.0,0.0,0.0,0.0,0.0,0.0,0.0
3856.0,0.0,0.0,0.0,0.0,0.0,0.0
3857.0,0.0,0.0,0.0,0.0,0.0,0.0
3858.0,0.0,0.0,0.0,0.0,0.0,0.0
3859.0,0.0003590345149859786,0.0,0.0,0.0,0.0,0.029919542915498216
3860.0,2.2126724275040033e-07,0.0,0.0,0.0,0.0,1.8438936895866693e-05
3861.0,0.02875930443406105,0.020642578601837158,0.0,0.0007916197646409273,0.1111111111111111,2.396608702838421
3862.0,7.829529522496159e-07,0.0,0.0,0.0,0.0,6.524607935413466e-05
3863.0,0.0,0.0,0.0,0.0,0.0,0.0
3864.0,0.0,0.0,0.0,0.0,0.0,0.0
3865.0,0.0,0.0,0.0,0.0,0.0,0.0
3866.0,0.0,0.0,0.0,0.0,0.0,0.0
3867.0,0.0,0.0,0.0,0.0,0.0,0.0
3868.0,0.00010957774793496355,0.0001431792479706928,0.0,7.230987102957442e-05,0.0,0.009131478994580297
3869.0,0.0,0.0,0.0,0.0,0.0,0.0
3870.0,0.0,0.0,0.0,0.0,0.0,0.0
3871.0,0.0,0.0,0.0,0.0,0.0,0.0
3872.0,0.0,0.0,0.0,0.0,0.0,0.0
3873.0,0.0,0.0,0.0,0.0,0.0,0.0
3874.0,0.0,0.0,0.0,0.0,0.0,0.0
3875.0,0.0,0.0,0.0,0.0,0.0,0.0
3876.0,3.686356819798675e-07,2.7338728614267893e-07,1.0236166190225049e-06,0.0,0.0,3.071964016498896e-05
3877.0,3.686356819798675e-07,2.7338728614267893e-07,1.0236166190225049e-06,0.0,0.0,3.071964016498896e-05
3878.0,0.0,0.0,0.0,0.0,0.0,0.0
3879.0,0.0,0.0,0.0,0.0,0.0,0.0
3880.0,0.0,0.0,0.0,0.0,0.0,0.0
3881.0,0.0,0.0,0.0,0.0,0.0,0.0
3882.0,0.0,0.0,0.0,0.0,0.0,0.0
3883.0,0.0,0.0,0.0,0.0,0.0,0.0
3884.0,0.0,0.0,0.0,0.0,0.0,0.0
3885.0,0.0,0.0,0.0,0.0,0.0,0.0
3886.0,0.0,0.0,0.0,0.0,0.0,0.0
3887.0,0.0,0.0,0.0,0.0,0.0,0.0
3888.0,0.0,0.0,0.0,0.0,0.0,0.0
3889.0,0.0,0.0,0.0,0.0,0.0,0.0
3890.0,0.0,0.0,0.0,0.0,0.0,0.0
3891.0,0.0,0.0,0.0,0.0,0.0,0.0
3892.0,0.0,0.0,0.0,0.0,0.0,0.0
3893.0,0.0,0.0,0.0,0.0,0.0,0.0
3894.0,0.0,0.0,0.0,0.0,0.0,0.0
3895.0,0.0,0.0,0.0,0.0,0.0,0.0
3896.0,0.0,0.0,0.0,0.0,0.0,0.0
3897.0,0.0,0.0,0.0,0.0,0.0,0.0
3898.0,0.0,0.0,0.0,0.0,0.0,0.0
3899.0,0.0,0.0,0.0,0.0,0.0,0.0
3900.0,0.0,0.0,0.0,0.0,0.0,0.0
3901.0,3.686356819798675e-07,2.7338728614267893e-07,1.0236166190225049e-06,0.0,0.0,3.071964016498896e-05
3902.0,3.686356819798675e-07,2.7338728614267893e-07,1.0236166190225049e-06,0.0,0.0,3.071964016498896e-05
3903.0,0.0,0.0,0.0,0.0,0.0,0.0
3904.0,5.9555408370215446e-05,0.0,0.0,0.0,0.0,0.004962950697517954
3905.0,7.499317871406674e-05,0.0,0.0,0.0,0.0,0.006249431559505562
3906.0,2.507148019503802e-05,0.0,0.0,0.0,0.0,0.0020892900162531682
3907.0,0.0,0.0,0.0,0.0,0.0,0.0
3908.0,0.0,0.0,0.0,0.0,0.0,0.0
3909.0,0.0,0.0,0.0,0.0,0.0,0.0
3910.0,1.8212147097074194e-06,0.0,0.0,0.0,0.0,0.00015176789247561828
3911.0,0.0,0.0,0.0,0.0,0.0,0.0
3912.0,0.0,0.0,0.0,0.0,0.0,0.0
3913.0,0.0,0.0,0.0,0.0,0.0,0.0
3914.0,0.0,0.0,0.0,0.0,0.0,0.0
3915.0,4.566652205539867e-05,0.0,0.0,0.0,0.0,0.0038055435046165558
3916.0,8.200570300687104e-05,0.0,0.0,0.0,0.0,0.00683380858390592
3917.0,7.3359187808819115e-06,0.0,0.0,0.0,0.001736111111111111,0.011574074074074073
3918.0,0.0001739004219416529,0.0,0.0,0.0,0.003472222222222222,0.023148148148148147
3919.0,0.0,0.0,0.0,0.0,0.0,0.0
3920.0,0.0,0.0,0.0,0.0,0.0,0.0
3921.0,0.0,0.0,0.0,0.0,0.0,0.0
3922.0,0.0,0.0,0.0,0.0,0.0,0.0
3923.0,0.0,0.0,0.0,0.0,0.0,0.0
3924.0,0.0,0.0,0.0,0.0,0.0,0.0
3925.0,0.0,0.0,0.0,0.0,0.0,0.0
3926.0,2.104749228237779e-06,2.7338728614267893e-07,1.0236166190225049e-06,0.0,0.0,0.0001753957690198149
3927.0,3.686356819798675e-07,2.7338728614267893e-07,1.0236166190225049e-06,0.0,0.0,3.071964016498896e-05
3928.0,0.0,0.0,0.0,0.0,0.0,0.0
3929.0,0.0,0.0,0.0,0.0,0.0,0.0
3930.0,0.0,0.0,0.0,0.0,0.0,0.0
3931.0,0.0,0.0,0.0,0.0,0.0,0.0
3932.0,0.0,0.0,0.0,0.0,0.0,0.0
3933.0,0.0,0.0,0.0,0.0,0.0,0.0
3934.0,0.0,0.0,0.0,0.0,0.0,0.0
3935.0,0.0,0.0,0.0,0.0,0.0,0.0
3936.0,0.0,0.0,0.0,0.0,0.0,0.0
3937.0,0.00030889155459590256,0.0,0.0,0.0,0.0,0.02574096288299188
3938.0,5.378538844524883e-06,0.0,0.0,0.0,0.0,0.00044821157037707354
3939.0,4.139433440286666e-05,0.0,0.0,0.0,0.0,0.003449527866905555
3940.0,1.6424972272943705e-05,0.0,0.0,0.0,0.0,0.0013687476894119754
3941.0,0.0,0.0,0.0,0.0,0.0,0.0
3942.0,8.51034798188266e-08,0.0,0.0,0.0,0.0,7.091956651568883e-06
3943.0,0.0008306098752655089,0.0,0.0,0.0,0.005208333333333333,0.06921748960545908
3944.0,0.0,0.0,0.0,0.0,0.0,0.0
3945.0,0.0,0.0,0.0,0.0,0.0,0.0
3946.0,0.0,0.0,0.0,0.0,0.0,0.0
3947.0,0.0,0.0,0.0,0.0,0.0,0.0
3948.0,0.0,0.0,0.0,0.0,0.0,0.0
3949.0,6.854232924524695e-05,0.0,0.0,0.0,0.0,0.005711860770437245
3950.0,8.37928891996853e-05,0.0,0.0,0.0,0.0,0.0069827407666404415
3951.0,1.784889172995463e-05,2.7338728614267893e-07,1.0236166190225049e-06,0.0,0.0,0.0014874076441628858
3952.0,3.686356819798675e-07,2.7338728614267893e-07,1.0236166190225049e-06,0.0,0.0,3.071964016498896e-05
3953.0,0.0,0.0,0.0,0.0,0.0,0.0
3954.0,0.0,0.0,0.0,0.0,0.0,0.0
3955.0,0.0,0.0,0.0,0.0,0.0,0.0
3956.0,0.0,0.0,0.0,0.0,0.0,0.0
3957.0,0.0,0.0,0.0,0.0,0.0,0.0
3958.0,0.00012202135258121416,0.0,0.0,0.0,0.0,0.010168446048434513
3959.0,0.00017071756883524358,0.0,0.0,0.0,0.001736111111111111,0.014226464069603631
3960.0,3.1998879421735182e-06,0.0,0.0,0.0,0.0,0.00026665732851445984
3961.0,0.0,0.0,0.0,0.0,0.0,0.0
3962.0,0.000459660921478644,0.0,0.0,0.0,0.001736111111111111,0.038305076789887
3963.0,0.0,0.0,0.0,0.0,0.0,0.0
3964.0,0.0,0.0,0.0,0.0,0.0,0.0
3965.0,0.0,0.0,0.0,0.0,0.0,0.0
3966.0,0.0,0.0,0.0,0.0,0.0,0.0
3967.0,0.0,0.0,0.0,0.0,0.0,0.0
3968.0,1.974394990611472e-06,0.0,0.0,0.0,0.0,0.00016453291588428934
3969.0,0.0,0.0,0.0,0.0,0.0,0.0
3970.0,0.0,0.0,0.0,0.0,0.0,0.0
3971.0,0.0,0.0,0.0,0.0,0.0,0.0
3972.0,0.0,0.0,0.0,0.0,0.0,0.0
3973.0,0.0,0.0,0.0,0.0,0.0,0.0
3974.0,0.01697387732565403,0.006358948536217213,0.0,0.000676442519761622,0.06597222222222222,1.4144897771378357
3975.0,0.0,0.0,0.0,0.0,0.0,0.0
3976.0,7.344221376115456e-05,2.6629870262695476e-05,1.0236166190225049e-06,4.6624420065199956e-05,0.0,0.0061201844800962135
3977.0,3.6669487712970295e-07,3.708972258209542e-07,1.0236166190225049e-06,0.0,0.0,3.0557906427475245e-05
3978.0,0.0,0.0,0.0,0.0,0.0,0.0
3979.0,0.0,0.0,0.0,0.0,0.0,0.0
3980.0,0.0,0.0,0.0,0.0,0.0,0.0
3981.0,0.0,0.0,0.0,0.0,0.0,0.0
3982.0,0.0,0.0,0.0,0.0,0.0,0.0
3983.0,0.0,0.0,0.0,0.0,0.0,0.0
3984.0,0.0,0.0,0.0,0.0,0.0,0.0
3985.0,0.0,0.0,0.0,0.0,0.0,0.0
3986.0,0.0,0.0,0.0,0.0,0.0,0.0
3987.0,0.0,0.0,0.0,0.0,0.0,0.0
3988.0,0.0,0.0,0.0,0.0,0.0,0.0
3989.0,0.0,0.0,0.0,0.0,0.0,0.0
3990.0,0.0,0.0,0.0,0.0,0.0,0.0
3991.0,0.0,0.0,0.0,0.0,0.0,0.0
3992.0,5.732569479732774e-05,0.0,0.0,0.0,0.001736111111111111,0.011574074074074073
3993.0,0.00010391132673248649,0.0,0.0,0.0,0.001736111111111111,0.011574074074074073
3994.0,8.011640602489933e-05,0.0,0.0,0.0,0.001736111111111111,0.011574074074074073
3995.0,0.00015745844575576484,0.0,0.0,0.0,0.001736111111111111,0.013121537146313736
3996.0,0.00011243870540056378,0.0,0.0,0.0,0.0,0.009369892116713649
3997.0,0.00013209760072641075,0.0,0.0,0.0,0.003472222222222222,0.023148148148148147
3998.0,0.0,0.0,0.0,0.0,0.0,0.0
3999.0,0.0,0.0,0.0,0.0,0.0,0.0
4000.0,0.0,0.0,0.0,0.0,0.0,0.0
4001.0,5.643109034281224e-06,3.708972258209542e-07,1.0236166190225049e-06,0.0,0.0,0.000470259086190102
4002.0,3.8371555888261355e-07,3.708972258209542e-07,1.0236166190225049e-06,0.0,0.0,3.197629657355113e-05
4003.0,0.0,0.0,0.0,0.0,0.0,0.0
4004.0,0.0,0.0,0.0,0.0,0.0,0.0
4005.0,0.0,0.0,0.0,0.0,0.0,0.0
4006.0,0.0,0.0,0.0,0.0,0.0,0.0
4007.0,0.0,0.0,0.0,0.0,0.0,0.0
4008.0,0.0006405567983165383,0.0,0.0,0.0,0.010416666666666666,0.06944444444444445
4009.0,0.0,0.0,0.0,0.0,0.0,0.0
4010.0,1.1914513464716947e-07,0.0,0.0,0.0,0.0,9.928761220597456e-06
4011.0,0.0,0.0,0.0,0.0,0.0,0.0
4012.0,0.0,0.0,0.0,0.0,0.0,0.0
4013.0,0.0,0.0,0.0,0.0,0.0,0.0
4014.0,0.0,0.0,0.0,0.0,0.0,0.0
4015.0,0.0,0.0,0.0,0.0,0.0,0.0
4016.0,0.0,0.0,0.0,0.0,0.0,0.0
4017.0,0.0,0.0,0.0,0.0,0.0,0.0
4018.0,0.0,0.0,0.0,0.0,0.0,0.0
4019.0,0.0,0.0,0.0,0.0,0.0,0.0
4020.0,0.0,0.0,0.0,0.0,0.0,0.0
4021.0,0.0,0.0,0.0,0.0,0.0,0.0
4022.0,0.0,0.0,0.0,0.0,0.0,0.0
4023.0,0.0,0.0,0.0,0.0,0.0,0.0
4024.0,0.0,0.0,0.0,0.0,0.0,0.0
4025.0,0.0,0.0,0.0,0.0,0.0,0.0
4026.0,3.6669487712970295e-07,3.708972258209542e-07,1.0236166190225049e-06,0.0,0.0,3.0557906427475245e-05
4027.0,3.6669487712970295e-07,3.708972258209542e-07,1.0236166190225049e-06,0.0,0.0,3.0557906427475245e-05
4028.0,0.0,0.0,0.0,0.0,0.0,0.0
4029.0,0.0,0.0,0.0,0.0,0.0,0.0
4030.0,0.0,0.0,0.0,0.0,0.0,0.0
4031.0,0.00018678510969039053,0.0,0.0,0.0,0.001736111111111111,0.015565425807532543
4032.0,0.00022257963428273797,0.0,0.0,0.0,0.001736111111111111,0.018548302856894832
4033.0,7.497616024920717e-05,0.0,0.0,0.0,0.0,0.006248013354100597
4034.0,0.00011904275743290782,0.0,0.0,0.0,0.0,0.009920229786075652
4035.0,7.994621410034597e-05,0.0,0.0,0.0,0.0,0.006662184508362164
4036.0,0.0,0.0,0.0,0.0,0.0,0.0
4037.0,0.0,0.0,0.0,0.0,0.0,0.0
4038.0,0.0,0.0,0.0,0.0,0.0,0.0
4039.0,0.0,0.0,0.0,0.0,0.0,0.0
4040.0,0.0,0.0,0.0,0.0,0.0,0.0
4041.0,0.0,0.0,0.0,0.0,0.0,0.0
4042.0,0.0,0.0,0.0,0.0,0.0,0.0
4043.0,1.8041918110611732e-06,0.0,0.0,0.0,0.0,0.0001503493175884311
4044.0,0.0,0.0,0.0,0.0,0.0,0.0
4045.0,0.0,0.0,0.0,0.0,0.0,0.0
4046.0,0.0,0.0,0.0,0.0,0.0,0.0
4047.0,0.0,0.0,0.0,0.0,0.0,0.0
4048.0,0.0,0.0,0.0,0.0,0.0,0.0
4049.0,0.0,0.0,0.0,0.0,0.0,0.0
4050.0,9.713711187941954e-05,0.0,0.0,0.0,0.0,0.008094759323284961
4051.0,1.8474945591151481e-06,3.708972258209542e-07,1.0236166190225049e-06,0.0,0.0,0.00015395787992626234
4052.0,0.00025166021077893674,3.708972258209542e-07,1.0236166190225049e-06,0.0,0.0,0.020971684231578063
4053.0,0.0,0.0,0.0,0.0,0.0,0.0
4054.0,0.0002154990070266649,0.0,0.0,0.0,0.005208333333333333,0.034722222222222224
4055.0,0.00013109338760841638,0.0,0.0,0.0,0.0,0.010924448967368031
4056.0,1.5284584151231684e-05,0.0,0.0,0.0,0.0,0.0012737153459359736
4057.0,0.0,0.0,0.0,0.0,0.0,0.0
4058.0,0.0,0.0,0.0,0.0,0.0,0.0
4059.0,0.0,0.0,0.0,0.0,0.0,0.0
4060.0,5.872142082807841e-06,0.0,0.0,0.0,0.0,0.0004893451735673201
4061.0,0.0,0.0,0.0,0.0,0.0,0.0
4062.0,0.0,0.0,0.0,0.0,0.0,0.0
4063.0,0.0,0.0,0.0,0.0,0.0,0.0
4064.0,0.0,0.0,0.0,0.0,0.0,0.0
4065.0,0.0,0.0,0.0,0.0,0.0,0.0
4066.0,0.0,0.0,0.0,0.0,0.0,0.0
4067.0,0.0,0.0,0.0,0.0,0.0,0.0
4068.0,0.0,0.0,0.0,0.0,0.0,0.0
4069.0,0.0,0.0,0.0,0.0,0.0,0.0
4070.0,0.0,0.0,0.0,0.0,0.0,0.0
4071.0,0.0,0.0,0.0,0.0,0.0,0.0
4072.0,0.0,0.0,0.0,0.0,0.0,0.0
4073.0,0.00021481819567270577,0.0,0.0,0.0,0.0,0.017901516306058813
4074.0,2.883305751311127e-05,0.0,0.0,0.0,0.0,0.0024027547927592727
4075.0,0.0,0.0,0.0,0.0,0.0,0.0
4076.0,0.0016427618684247136,3.708972258209542e-07,1.0236166190225049e-06,0.0,0.008680555555555556,0.13689682236872613
4077.0,2.290032625751337e-06,3.708972258209542e-07,1.0236166190225049e-06,0.0,0.0,0.00019083605214594476
4078.0,0.0,0.0,0.0,0.0,0.0,0.0
4079.0,0.0,0.0,0.0,0.0,0.0,0.0
4080.0,0.0,0.0,0.0,0.0,0.0,0.0
4081.0,0.0,0.0,0.0,0.0,0.0,0.0
4082.0,9.344361023977399e-05,0.0,0.0,0.0,0.0,0.0077869675199811654
4083.0,0.00011184298637090251,0.0,0.0,0.0,0.001736111111111111,0.011574074074074073
4084.0,0.0,0.0,0.0,0.0,0.0,0.0
4085.0,1.5965410057106055e-05,0.0,0.0,0.0,0.0,0.0013304508380921713
4086.0,0.0,0.0,0.0,0.0,0.0,0.0
4087.0,0.0,0.0,0.0,0.0,0.0,0.0
4088.0,0.00020549084001686424,0.0,0.0,0.0,0.001736111111111111,0.01712423666807202
4089.0,0.0,0.0,0.0,0.0,0.0,0.0
4090.0,0.0,0.0,0.0,0.0,0.0,0.0
4091.0,0.0,0.0,0.0,0.0,0.0,0.0
4092.0,0.0,0.0,0.0,0.0,0.0,0.0
4093.0,5.616806220132275e-07,0.0,0.0,0.0,0.0,4.6806718501102296e-05
4094.0,0.0,0.0,0.0,0.0,0.0,0.0
4095.0,0.0,0.0,0.0,0.0,0.0,0.0
4096.0,7.477191684301943e-05,0.0,0.0,0.0,0.0,0.0062309930702516185
4097.0,0.00017805350944399834,0.0,0.0,0.0,0.0,0.014837792453666527
4098.0,9.717113425722346e-05,0.0,0.0,0.0,0.0,0.008097594521435289
4099.0,5.45513212273363e-05,0.0,0.0,0.0,0.0,0.004545943435611359
4100.0,9.349468018626794e-05,0.0,0.0,0.0,0.0,0.007791223348855661
4101.0,0.00010849917453015223,3.708972258209542e-07,1.0236166190225049e-06,0.0,0.0,0.009041597877512686
4102.0,3.0374178095371462e-05,3.708972258209542e-07,1.0236166190225049e-06,0.0,0.005208333333333333,0.034722222222222224
4103.0,0.000201576083782129,0.0,0.0,0.0,0.001736111111111111,0.016798006981844082
4104.0,0.00020637591660488397,0.0,0.0,0.0,0.003472222222222222,0.023148148148148147
4105.0,0.00018915097462013364,0.0,0.0,0.0,0.003472222222222222,0.023148148148148147
4106.0,0.00010949413263006136,0.0,0.0,0.0,0.005208333333333333,0.034722222222222224
4107.0,0.00016436884470749646,0.0,0.0,0.0,0.003472222222222222,0.023148148148148147
4108.0,0.0001791087561286986,0.0,0.0,0.0,0.0,0.014925729677391548
4109.0,9.055008558789268e-05,0.0,0.0,0.0,0.003472222222222222,0.023148148148148147
4110.0,1.1846430425066501e-05,0.0,0.0,0.0,0.0,0.0009872025354222085
4111.0,0.0,0.0,0.0,0.0,0.0,0.0
4112.0,0.0,0.0,0.0,0.0,0.0,0.0
4113.0,0.0,0.0,0.0,0.0,0.0,0.0
4114.0,0.0,0.0,0.0,0.0,0.0,0.0
4115.0,0.0,0.0,0.0,0.0,0.0,0.0
4116.0,0.0017699820455163717,0.0,0.0,0.0,0.026041666666666668,0.17361111111111113
4117.0,3.74455112250871e-07,0.0,0.0,0.0,0.0,3.1204592687572585e-05
4118.0,5.531720489670988e-06,0.0,0.0,0.0,0.0,0.00046097670747258235
4119.0,0.0,0.0,0.0,0.0,0.0,0.0
4120.0,0.0,0.0,0.0,0.0,0.0,0.0
4121.0,0.0,0.0,0.0,0.0,0.0,0.0
4122.0,0.0,0.0,0.0,0.0,0.0,0.0
4123.0,0.0,0.0,0.0,0.0,0.0,0.0
4124.0,0.0,0.0,0.0,0.0,0.0,0.0
4125.0,0.0,0.0,0.0,0.0,0.0,0.0
4126.0,3.6669487712970295e-07,3.708972258209542e-07,1.0236166190225049e-06,0.0,0.0,3.0557906427475245e-05
4127.0,3.6669487712970295e-07,3.708972258209542e-07,1.0236166190225049e-06,0.0,0.0,3.0557906427475245e-05
4128.0,0.0,0.0,0.0,0.0,0.0,0.0
4129.0,0.0,0.0,0.0,0.0,0.0,0.0
4130.0,0.0,0.0,0.0,0.0,0.0,0.0
4131.0,0.0,0.0,0.0,0.0,0.0,0.0
4132.0,7.191242912085727e-05,0.0,0.0,0.0,0.0,0.005992702426738106
4133.0,0.0002622207975946367,0.0,0.0,0.0,0.003472222222222222,0.023148148148148147
4134.0,0.00010261775605613366,0.0,0.0,0.0,0.0,0.008551479671344472
4135.0,4.901955890090903e-06,0.0,0.0,0.0,0.0,0.0004084963241742419
4136.0,0.0,0.0,0.0,0.0,0.0,0.0
4137.0,0.0,0.0,0.0,0.0,0.0,0.0
4138.0,0.0,0.0,0.0,0.0,0.0,0.0
4139.0,0.0,0.0,0.0,0.0,0.0,0.0
4140.0,0.0,0.0,0.0,0.0,0.0,0.0
4141.0,0.0004375509452074766,0.0,0.0,0.0,0.003472222222222222,0.03646257876728972
4142.0,0.0,0.0,0.0,0.0,0.0,0.0
4143.0,0.024226097390055656,0.009400184266269207,0.0,0.0004130684828851372,0.08680555555555555,2.0188414491713047
4144.0,0.0,0.0,0.0,0.0,0.0,0.0
4145.0,0.0,0.0,0.0,0.0,0.0,0.0
4146.0,0.0,0.0,0.0,0.0,0.0,0.0
4147.0,0.0,0.0,0.0,0.0,0.0,0.0
4148.0,0.0,0.0,0.0,0.0,0.0,0.0
4149.0,0.0,0.0,0.0,0.0,0.0,0.0
4150.0,0.0,0.0,0.0,0.0,0.0,0.0
4151.0,0.0,0.0,0.0,0.0,0.0,0.0
4152.0,0.0,0.0,0.0,0.0,0.0,0.0
4153.0,0.0,0.0,0.0,0.0,0.0,0.0
4154.0,0.0,0.0,0.0,0.0,0.0,0.0
4155.0,0.0,0.0,0.0,0.0,0.0,0.0
4156.0,0.0,0.0,0.0,0.0,0.0,0.0
4157.0,0.0,0.0,0.0,0.0,0.0,0.0
4158.0,0.0,0.0,0.0,0.0,0.0,0.0
4159.0,2.6815376259037293e-05,2.8328569896984845e-05,0.00013063050573691726,0.0,0.0,0.002234614688253108
4160.0,2.6815376259037293e-05,2.8328569896984845e-05,0.00013063050573691726,0.0,0.0,0.002234614688253108
4161.0,0.0,0.0,0.0,0.0,0.0,0.0
4162.0,0.0,0.0,0.0,0.0,0.0,0.0
4163.0,0.0,0.0,0.0,0.0,0.0,0.0
4164.0,0.0,0.0,0.0,0.0,0.0,0.0
4165.0,0.0,0.0,0.0,0.0,0.0,0.0
4166.0,0.0,0.0,0.0,0.0,0.0,0.0
4167.0,0.0,0.0,0.0,0.0,0.0,0.0
4168.0,0.0,0.0,0.0,0.0,0.0,0.0
4169.0,0.0,0.0,0.0,0.0,0.0,0.0
4170.0,0.0,0.0,0.0,0.0,0.0,0.0
4171.0,0.0,0.0,0.0,0.0,0.0,0.0
4172.0,0.0,0.0,0.0,0.0,0.0,0.0
4173.0,0.0,0.0,0.0,0.0,0.0,0.0
4174.0,0.0,0.0,0.0,0.0,0.0,0.0
4175.0,0.0,0.0,0.0,0.0,0.0,0.0
4176.0,0.0,0.0,0.0,0.0,0.0,0.0
4177.0,0.0,0.0,0.0,0.0,0.0,0.0
4178.0,0.0,0.0,0.0,0.0,0.0,0.0
4179.0,0.0,0.0,0.0,0.0,0.0,0.0
4180.0,0.0,0.0,0.0,0.0,0.0,0.0
4181.0,0.0,0.0,0.0,0.0,0.0,0.0
4182.0,0.0,0.0,0.0,0.0,0.0,0.0
4183.0,0.0,0.0,0.0,0.0,0.0,0.0
4184.0,2.6815376259037293e-05,2.8328569896984845e-05,0.00013063050573691726,0.0,0.0,0.002234614688253108
4185.0,2.6815376259037293e-05,2.8328569896984845e-05,0.00013063050573691726,0.0,0.0,0.002234614688253108
4186.0,4.702817750512622e-05,0.00030122732277959585,0.0,0.0,0.0,0.007530683069489896
4187.0,6.690835289191455e-05,0.00022693851497024298,0.0,0.0,0.0,0.005673462874256074
4188.0,0.0,0.0,0.0,0.0,0.0,0.0
4189.0,0.0,0.0,0.0,0.0,0.0,0.0
4190.0,0.0,0.0,0.0,0.0,0.0,0.0
4191.0,0.00017100691911764443,0.0,0.0,0.0,0.0,0.014250576593137035
4192.0,0.00013870163820683956,0.0,0.0,0.0,0.003472222222222222,0.023148148148148147
4193.0,2.1599256797344424e-05,4.952580638928339e-06,0.0,0.0,0.0,0.0017999380664453686
4194.0,0.0,0.0,0.0,0.0,0.0,0.0
4195.0,0.0,0.0,0.0,0.0,0.0,0.0
4196.0,0.0,0.0,0.0,0.0,0.0,0.0
4197.0,0.0,0.0,0.0,0.0,0.0,0.0
4198.0,0.0,0.0,0.0,0.0,0.0,0.0
4199.0,0.0,0.0,0.0,0.0,0.0,0.0
4200.0,9.635414608055726e-05,0.0004230609047226608,0.0,0.0,0.0,0.01057652261806652
4201.0,0.0003466264170128852,0.00010829656821442768,0.0,0.0,0.003472222222222222,0.028885534751073767
4202.0,0.0,0.0,0.0,0.0,0.0,0.0
4203.0,0.0,0.0,0.0,0.0,0.0,0.0
4204.0,0.0,0.0,0.0,0.0,0.0,0.0
4205.0,0.0,0.0,0.0,0.0,0.0,0.0
4206.0,0.0,0.0,0.0,0.0,0.0,0.0
4207.0,0.0,0.0,0.0,0.0,0.0,0.0
4208.0,0.0,0.0,0.0,0.0,0.0,0.0
4209.0,2.8194051992613822e-05,2.8328569896984845e-05,0.00013063050573691726,0.0,0.0,0.0023495043327178187
4210.0,2.6815376259037293e-05,2.8328569896984845e-05,0.00013063050573691726,0.0,0.0,0.002234614688253108
4211.0,0.0,0.0,0.0,0.0,0.0,0.0
4212.0,0.0,0.0,0.0,0.0,0.0,0.0
4213.0,0.0,0.0,0.0,0.0,0.0,0.0
4214.0,4.4781445467378944e-05,0.0002699709730222821,0.0,0.0,0.001736111111111111,0.011574074074074073
4215.0,0.0001000986885628663,0.00040809312486089766,0.0,0.0,0.0,0.010202328121522442
4216.0,4.188792809145525e-05,0.00020833879534620792,0.0,0.0,0.001736111111111111,0.011574074074074073
4217.0,0.00016225827857851982,0.00032048739376477897,0.0,0.0,0.001736111111111111,0.013521523214876652
4218.0,9.569035319145769e-05,0.00026435809559188783,0.0,0.0,0.001736111111111111,0.011574074074074073
4219.0,0.0001220043413923122,0.000424711819505319,0.0,0.0,0.005208333333333333,0.034722222222222224
4220.0,0.00013063382357358932,0.000772493367549032,0.0,0.0,0.005208333333333333,0.034722222222222224
4221.0,7.112948514986783e-05,0.0004181083641014993,0.0,0.0,0.0,0.010452709102537483
4222.0,0.00012033631355734542,0.0007781063904985785,0.0,0.0,0.001736111111111111,0.019452659762464464
4223.0,0.00011992780491709709,0.0007689715130254626,0.0,0.0,0.005208333333333333,0.034722222222222224
4224.0,0.00013133167522028089,0.000834896054584533,0.0,0.0,0.003472222222222222,0.023148148148148147
4225.0,7.049971463857219e-05,0.00041051438893191516,0.0,0.0,0.0,0.010262859723297879
4226.0,5.5742777476552874e-05,0.00034712132764980197,0.0,0.0,0.0,0.00867803319124505
4227.0,0.0,0.0,0.0,0.0,0.0,0.0
4228.0,0.0,0.0,0.0,0.0,0.0,0.0
4229.0,0.0,0.0,0.0,0.0,0.0,0.0
4230.0,0.0,0.0,0.0,0.0,0.0,0.0
4231.0,0.0,0.0,0.0,0.0,0.0,0.0
4232.0,0.0,0.0,0.0,0.0,0.0,0.0
4233.0,0.0,0.0,0.0,0.0,0.0,0.0
4234.0,2.819405017362442e-05,3.570241460693069e-05,0.00013063050573691726,0.0,0.0,0.002349504181135368
4235.0,2.819405017362442e-05,3.570241460693069e-05,0.00013063050573691726,0.0,0.0,0.002349504181135368
4236.0,0.0,0.0,0.0,0.0,0.0,0.0
4237.0,5.220246748649515e-05,0.0,0.0,0.0,0.0,0.004350205623874596
4238.0,0.00012110223906347528,0.0,0.0,0.0,0.001736111111111111,0.011574074074074073
4239.0,0.0,0.0,0.0,0.0,0.0,0.0
4240.0,0.0,0.0,0.0,0.0,0.0,0.0
4241.0,4.818558591068722e-05,0.0,0.0,0.0,0.0,0.004015465492557269
4242.0,0.00012542548938654363,0.0,0.0,0.0,0.001736111111111111,0.011574074074074073
4243.0,5.787039185634058e-07,0.0,0.0,0.0,0.0,4.822532654695048e-05
4244.0,0.0,0.0,0.0,0.0,0.0,0.0
4245.0,0.0,0.0,0.0,0.0,0.0,0.0
4246.0,0.0,0.0,0.0,0.0,0.0,0.0
4247.0,0.0,0.0,0.0,0.0,0.0,0.0
4248.0,5.050040635978803e-05,0.0,0.0,0.0,0.0,0.004208367196649003
4249.0,7.359748269664124e-05,0.0,0.0,0.0,0.0,0.006133123558053437
4250.0,0.0,0.0,0.0,0.0,0.0,0.0
4251.0,1.9914248241548194e-06,0.0,0.0,0.0,0.0,0.00016595206867956827
4252.0,0.0,0.0,0.0,0.0,0.0,0.0
4253.0,0.0,0.0,0.0,0.0,0.0,0.0
4254.0,0.0,0.0,0.0,0.0,0.0,0.0
4255.0,0.0,0.0,0.0,0.0,0.0,0.0
4256.0,0.0,0.0,0.0,0.0,0.0,0.0
4257.0,0.00016157745267264545,0.0,0.0,0.0,0.0,0.013464787722720454
4258.0,5.7700153774931096e-06,0.0,0.0,0.0,0.0,0.00048083461479109246
4259.0,3.0423758289543912e-05,3.570241460693069e-05,0.00013063050573691726,0.0,0.0,0.002535313190795326
4260.0,2.904508619394619e-05,3.570241460693069e-05,0.00013063050573691726,0.0,0.0,0.0024204238494955157
4261.0,0.0,0.0,0.0,0.0,0.0,0.0
4262.0,0.0,0.0,0.0,0.0,0.0,0.0
4263.0,0.0,0.0,0.0,0.0,0.0,0.0
4264.0,0.0,0.0,0.0,0.0,0.0,0.0
4265.0,0.0,0.0,0.0,0.0,0.0,0.0
4266.0,0.0001888616243377328,0.0,0.0,0.0,0.001736111111111111,0.015738468694811065
4267.0,0.0,0.0,0.0,0.0,0.0,0.0
4268.0,2.1275914150464814e-06,0.0,0.0,0.0,0.0,0.00017729928458720678
4269.0,0.0,0.0,0.0,0.0,0.0,0.0
4270.0,0.0,0.0,0.0,0.0,0.0,0.0
4271.0,0.0,0.0,0.0,0.0,0.0,0.0
4272.0,0.0,0.0,0.0,0.0,0.0,0.0
4273.0,0.0,0.0,0.0,0.0,0.0,0.0
4274.0,0.0,0.0,0.0,0.0,0.0,0.0
4275.0,0.0,0.0,0.0,0.0,0.0,0.0
4276.0,0.0,0.0,0.0,0.0,0.0,0.0
4277.0,0.0,0.0,0.0,0.0,0.0,0.0
4278.0,0.0,0.0,0.0,0.0,0.0,0.0
4279.0,0.0,0.0,0.0,0.0,0.0,0.0
4280.0,0.0,0.0,0.0,0.0,0.0,0.0
4281.0,0.0,0.0,0.0,0.0,0.0,0.0
4282.0,0.0,0.0,0.0,0.0,0.0,0.0
4283.0,0.0,0.0,0.0,0.0,0.0,0.0
4284.0,3.0423763746512122e-05,3.570241460693069e-05,0.00013063050573691726,0.0,0.0,0.002535313645542677
4285.0,3.0423763746512122e-05,3.570241460693069e-05,0.00013063050573691726,0.0,0.0,0.002535313645542677
4286.0,0.0,0.0,0.0,0.0,0.0,0.0
4287.0,0.00016787508502602577,0.0,0.0,0.0,0.005208333333333333,0.034722222222222224
4288.0,0.0001790406822692603,0.0,0.0,0.0,0.0,0.01492005685577169
4289.0,0.0004127007850911468,0.0,0.0,0.0,0.006944444444444444,0.046296296296296294
4290.0,0.0002824413822963834,0.0,0.0,0.0,0.0,0.023536781858031947
4291.0,0.0,0.0,0.0,0.0,0.0,0.0
4292.0,0.0,0.0,0.0,0.0,0.0,0.0
4293.0,1.014433382806601e-05,0.0,0.0,0.0,0.0,0.0008453611523388341
4294.0,0.0,0.0,0.0,0.0,0.0,0.0
4295.0,0.0,0.0,0.0,0.0,0.0,0.0
4296.0,0.0006484714103862643,0.0,0.0,0.0,0.008680555555555556,0.05787037037037038
4297.0,0.00014935659419279546,0.0,0.0,0.0,0.0,0.01244638284939962
4298.0,4.7164347051875666e-05,0.0,0.0,0.0,0.0,0.003930362254322972
4299.0,0.0,0.0,0.0,0.0,0.0,0.0
4300.0,0.0,0.0,0.0,0.0,0.0,0.0
4301.0,1.0671978088794276e-05,0.0,0.0,0.0,0.0,0.0008893315073995229
4302.0,0.0,0.0,0.0,0.0,0.0,0.0
4303.0,0.0036161825992166996,0.006160797085613012,0.0,0.0,0.050347222222222224,0.3356481481481482
4304.0,0.0,0.0,0.0,0.0,0.0,0.0
4305.0,0.0,0.0,0.0,0.0,0.0,0.0
4306.0,0.0,0.0,0.0,0.0,0.0,0.0
4307.0,0.0,0.0,0.0,0.0,0.0,0.0
4308.0,0.0,0.0,0.0,0.0,0.0,0.0
4309.0,2.7870655685546808e-05,2.8328569896984845e-05,0.00013063050573691726,0.0,0.0,0.002322554640462234
4310.0,2.6815376259037293e-05,2.8328569896984845e-05,0.00013063050573691726,0.0,0.0,0.002234614688253108
4311.0,0.0,0.0,0.0,0.0,0.0,0.0
4312.0,0.0,0.0,0.0,0.0,0.0,0.0
4313.0,0.0,0.0,0.0,0.0,0.0,0.0
4314.0,0.0,0.0,0.0,0.0,0.0,0.0
4315.0,0.0,0.0,0.0,0.0,0.0,0.0
4316.0,0.0,0.0,0.0,0.0,0.0,0.0
4317.0,0.0,0.0,0.0,0.0,0.0,0.0
4318.0,0.0,0.0,0.0,0.0,0.0,0.0
4319.0,0.0,0.0,0.0,0.0,0.0,0.0
4320.0,0.0,0.0,0.0,0.0,0.0,0.0
4321.0,0.0,0.0,0.0,0.0,0.0,0.0
4322.0,0.0,0.0,0.0,0.0,0.0,0.0
4323.0,0.0,0.0,0.0,0.0,0.0,0.0
4324.0,0.0,0.0,0.0,0.0,0.0,0.0
4325.0,0.0,0.0,0.0,0.0,0.0,0.0
4326.0,0.0,0.0,0.0,0.0,0.0,0.0
4327.0,0.03006627783179283,0.029143258929252625,0.0,0.00024213772849179804,0.10416666666666667,2.5055231526494026
4328.0,0.0,0.0,0.0,0.0,0.0,0.0
4329.0,0.0,0.0,0.0,0.0,0.0,0.0
4330.0,0.0,0.0,0.0,0.0,0.0,0.0
4331.0,0.0,0.0,0.0,0.0,0.0,0.0
4332.0,0.0,0.0,0.0,0.0,0.0,0.0
4333.0,0.0,0.0,0.0,0.0,0.0,0.0
4334.0,0.00014970835763961077,0.00021185296645853668,0.00013063050573691726,2.9743310733465478e-05,0.0,0.012475696469967565
4335.0,2.2964894014876336e-05,3.8649417547276244e-05,0.00013063050573691726,0.0,0.0,0.0019137411679063612
4336.0,3.31662477037753e-07,2.144561904060538e-06,0.0,0.0,0.0,5.361404760151345e-05
4337.0,3.31662477037753e-07,2.144561904060538e-06,0.0,0.0,0.0,5.361404760151345e-05
4338.0,3.31662477037753e-07,2.144561904060538e-06,0.0,0.0,0.0,5.361404760151345e-05
4339.0,3.31662477037753e-07,2.144561904060538e-06,0.0,0.0,0.0,5.361404760151345e-05
4340.0,3.31662477037753e-07,2.144561904060538e-06,0.0,0.0,0.0,5.361404760151345e-05
4341.0,3.31662477037753e-07,2.144561904060538e-06,0.0,0.0,0.0,5.361404760151345e-05
4342.0,3.31662477037753e-07,2.144561904060538e-06,0.0,0.0,0.0,5.361404760151345e-05
4343.0,0.0,0.0,0.0,0.0,0.0,0.0
4344.0,3.31662477037753e-07,2.144561904060538e-06,0.0,0.0,0.0,5.361404760151345e-05
4345.0,3.31662477037753e-07,2.144561904060538e-06,0.0,0.0,0.0,5.361404760151345e-05
4346.0,3.31662477037753e-07,2.144561904060538e-06,0.0,0.0,0.0,5.361404760151345e-05
4347.0,3.31662477037753e-07,2.144561904060538e-06,0.0,0.0,0.0,5.361404760151345e-05
4348.0,3.31662477037753e-07,2.144561904060538e-06,0.0,0.0,0.0,5.361404760151345e-05
4349.0,0.00021121808094903827,2.144561904060538e-06,0.0,0.0,0.003472222222222222,0.023148148148148147
4350.0,0.00021472430671565235,2.144561904060538e-06,0.0,0.0,0.001736111111111111,0.017893692226304363
4351.0,5.225359018368181e-06,0.0,0.0,0.0,0.0,0.00043544658486401505
4352.0,3.31662477037753e-07,2.144561904060538e-06,0.0,0.0,0.0,5.361404760151345e-05
4353.0,3.31662477037753e-07,2.144561904060538e-06,0.0,0.0,0.0,5.361404760151345e-05
4354.0,3.31662477037753e-07,2.144561904060538e-06,0.0,0.0,0.0,5.361404760151345e-05
4355.0,3.31662477037753e-07,2.144561904060538e-06,0.0,0.0,0.0,5.361404760151345e-05
4356.0,3.31662477037753e-07,2.144561904060538e-06,0.0,0.0,0.0,5.361404760151345e-05
4357.0,3.31662477037753e-07,2.144561904060538e-06,0.0,0.0,0.0,5.361404760151345e-05
4358.0,3.31662477037753e-07,2.144561904060538e-06,0.0,0.0,0.0,5.361404760151345e-05
4359.0,2.3297614461625926e-05,3.738903978955932e-05,0.00013063050573691726,0.0,0.0,0.0019414678718021605
4360.0,2.3492535547120497e-05,3.8649417547276244e-05,0.00013063050573691726,0.0,0.0,0.001957711295593375
4361.0,3.0424247597693466e-05,2.144561904060538e-06,0.0,0.0,0.003472222222222222,0.023148148148148147
4362.0,3.31662477037753e-07,2.144561904060538e-06,0.0,0.0,0.0,5.361404760151345e-05
4363.0,3.31662477037753e-07,2.144561904060538e-06,0.0,0.0,0.0,5.361404760151345e-05
4364.0,0.00014956911036279052,2.144561904060538e-06,0.0,0.0,0.0,0.012464092530232543
4365.0,3.31662477037753e-07,2.144561904060538e-06,0.0,0.0,0.0,5.361404760151345e-05
4366.0,8.803929813439026e-05,2.144561904060538e-06,0.0,0.0,0.0,0.007336608177865855
4367.0,0.00016070064157247543,2.144561904060538e-06,0.0,0.0,0.0,0.01339172013103962
4368.0,4.595587597577833e-06,0.0,0.0,0.0,0.0,0.00038296563313148607
4369.0,3.31662477037753e-07,2.144561904060538e-06,0.0,0.0,0.0,5.361404760151345e-05
4370.0,3.31662477037753e-07,2.144561904060538e-06,0.0,0.0,0.0,5.361404760151345e-05
4371.0,3.31662477037753e-07,2.144561904060538e-06,0.0,0.0,0.0,5.361404760151345e-05
4372.0,3.31662477037753e-07,2.144561904060538e-06,0.0,0.0,0.0,5.361404760151345e-05
4373.0,3.31662477037753e-07,2.144561904060538e-06,0.0,0.0,0.0,5.361404760151345e-05
4374.0,3.31662477037753e-07,2.144561904060538e-06,0.0,0.0,0.0,5.361404760151345e-05
4375.0,3.31662477037753e-07,2.144561904060538e-06,0.0,0.0,0.0,5.361404760151345e-05
4376.0,0.0,0.0,0.0,0.0,0.0,0.0
4377.0,3.31662477037753e-07,2.144561904060538e-06,0.0,0.0,0.0,5.361404760151345e-05
4378.0,3.31662477037753e-07,2.144561904060538e-06,0.0,0.0,0.0,5.361404760151345e-05
4379.0,3.31662477037753e-07,2.144561904060538e-06,0.0,0.0,0.0,5.361404760151345e-05
4380.0,3.31662477037753e-07,2.144561904060538e-06,0.0,0.0,0.0,5.361404760151345e-05
4381.0,3.31662477037753e-07,2.144561904060538e-06,0.0,0.0,0.0,5.361404760151345e-05
4382.0,2.237979060737416e-06,2.144561904060538e-06,0.0,0.0,0.0,0.00018649825506145135
4383.0,7.430359983118251e-05,2.144561904060538e-06,0.0,0.0,0.0,0.006191966652598542
4384.0,2.4693312298040837e-05,3.738903978955932e-05,0.00013063050573691726,0.0,0.0,0.0020577760248367363
4385.0,2.3969114408828318e-05,3.8649417547276244e-05,0.00013063050573691726,0.0,0.0,0.0019974262007356933
4386.0,3.31662477037753e-07,2.144561904060538e-06,0.0,0.0,0.0,5.361404760151345e-05
4387.0,3.31662477037753e-07,2.144561904060538e-06,0.0,0.0,0.0,5.361404760151345e-05
4388.0,3.31662477037753e-07,2.144561904060538e-06,0.0,0.0,0.0,5.361404760151345e-05
4389.0,3.31662477037753e-07,2.144561904060538e-06,0.0,0.0,0.0,5.361404760151345e-05
4390.0,3.31662477037753e-07,2.144561904060538e-06,0.0,0.0,0.0,5.361404760151345e-05
4391.0,3.31662477037753e-07,2.144561904060538e-06,0.0,0.0,0.0,5.361404760151345e-05
4392.0,3.31662477037753e-07,2.144561904060538e-06,0.0,0.0,0.0,5.361404760151345e-05
4393.0,0.0,0.0,0.0,0.0,0.0,0.0
4394.0,3.31662477037753e-07,2.144561904060538e-06,0.0,0.0,0.0,5.361404760151345e-05
4395.0,3.31662477037753e-07,2.144561904060538e-06,0.0,0.0,0.0,5.361404760151345e-05
4396.0,3.31662477037753e-07,2.144561904060538e-06,0.0,0.0,0.0,5.361404760151345e-05
4397.0,3.31662477037753e-07,2.144561904060538e-06,0.0,0.0,0.0,5.361404760151345e-05
4398.0,3.31662477037753e-07,2.144561904060538e-06,0.0,0.0,0.0,5.361404760151345e-05
4399.0,3.31662477037753e-07,2.144561904060538e-06,0.0,0.0,0.0,5.361404760151345e-05
4400.0,3.31662477037753e-07,2.144561904060538e-06,0.0,0.0,0.0,5.361404760151345e-05
4401.0,0.0,0.0,0.0,0.0,0.0,0.0
4402.0,3.31662477037753e-07,2.144561904060538e-06,0.0,0.0,0.0,5.361404760151345e-05
4403.0,3.31662477037753e-07,2.144561904060538e-06,0.0,0.0,0.0,5.361404760151345e-05
4404.0,3.31662477037753e-07,2.144561904060538e-06,0.0,0.0,0.0,5.361404760151345e-05
4405.0,3.31662477037753e-07,2.144561904060538e-06,0.0,0.0,0.0,5.361404760151345e-05
4406.0,3.31662477037753e-07,2.144561904060538e-06,0.0,0.0,0.0,5.361404760151345e-05
4407.0,3.31662477037753e-07,2.144561904060538e-06,0.0,0.0,0.0,5.361404760151345e-05
4408.0,3.31662477037753e-07,2.144561904060538e-06,0.0,0.0,0.0,5.361404760151345e-05
4409.0,2.3774193323333748e-05,3.738903978955932e-05,0.00013063050573691726,0.0,0.0,0.001981182776944479
4410.0,0.00017666176427155733,3.8649417547276244e-05,0.00013063050573691726,0.0,0.0,0.014721813689296443
4411.0,0.00011607239139266312,2.144561904060538e-06,0.0,0.0,0.0,0.009672699282721927
4412.0,3.31662477037753e-07,2.144561904060538e-06,0.0,0.0,0.0,5.361404760151345e-05
4413.0,3.31662477037753e-07,2.144561904060538e-06,0.0,0.0,0.0,5.361404760151345e-05
4414.0,3.31662477037753e-07,2.144561904060538e-06,0.0,0.0,0.0,5.361404760151345e-05
4415.0,3.31662477037753e-07,2.144561904060538e-06,0.0,0.0,0.0,5.361404760151345e-05
4416.0,3.31662477037753e-07,2.144561904060538e-06,0.0,0.0,0.0,5.361404760151345e-05
4417.0,3.31662477037753e-07,2.144561904060538e-06,0.0,0.0,0.0,5.361404760151345e-05
4418.0,3.267971351306187e-06,0.0,0.0,0.0,0.0,0.00027233094594218227
4419.0,3.4390071959933266e-05,2.144561904060538e-06,0.0,0.0,0.0,0.0028658393299944387
4420.0,3.31662477037753e-07,2.144561904060538e-06,0.0,0.0,0.0,5.361404760151345e-05
4421.0,8.521385461790487e-05,2.144561904060538e-06,0.0,0.0,0.0,0.007101154551492073
4422.0,8.263304152933415e-06,2.144561904060538e-06,0.0,0.0,0.0,0.0006886086794111179
4423.0,0.00016745785251259804,2.144561904060538e-06,0.0,0.0,0.0,0.013954821042716503
4424.0,3.31662477037753e-07,2.144561904060538e-06,0.0,0.0,0.0,5.361404760151345e-05
4425.0,8.127141882141586e-06,2.144561904060538e-06,0.0,0.0,0.0,0.0006772618235117989
4426.0,3.319036977700307e-06,0.0,0.0,0.0,0.0,0.00027658641480835894
4427.0,3.31662477037753e-07,2.144561904060538e-06,0.0,0.0,0.0,5.361404760151345e-05
4428.0,3.31662477037753e-07,2.144561904060538e-06,0.0,0.0,0.0,5.361404760151345e-05
4429.0,3.31662477037753e-07,2.144561904060538e-06,0.0,0.0,0.0,5.361404760151345e-05
4430.0,3.31662477037753e-07,2.144561904060538e-06,0.0,0.0,0.0,5.361404760151345e-05
4431.0,3.31662477037753e-07,2.144561904060538e-06,0.0,0.0,0.0,5.361404760151345e-05
4432.0,3.31662477037753e-07,2.144561904060538e-06,0.0,0.0,0.0,5.361404760151345e-05
4433.0,3.31662477037753e-07,2.144561904060538e-06,0.0,0.0,0.0,5.361404760151345e-05
4434.0,2.4369917809963226e-05,3.738903978955932e-05,0.00013063050573691726,0.0,0.0,0.0020308264841636023
4435.0,2.4564838895457797e-05,3.8649417547276244e-05,0.00013063050573691726,0.0,0.0,0.0020470699079548163
4436.0,3.31662477037753e-07,2.144561904060538e-06,0.0,0.0,0.0,5.361404760151345e-05
4437.0,3.604107769206166e-05,2.144561904060538e-06,0.0,0.0,0.0,0.0030034231410051384
4438.0,7.34015047783032e-05,2.144561904060538e-06,0.0,0.0,0.0,0.0061167920648586005
4439.0,1.5190727935987525e-05,2.144561904060538e-06,0.0,0.0,0.0,0.0012658939946656271
4440.0,3.31662477037753e-07,2.144561904060538e-06,0.0,0.0,0.0,5.361404760151345e-05
4441.0,3.31662477037753e-07,2.144561904060538e-06,0.0,0.0,0.0,5.361404760151345e-05
4442.0,3.31662477037753e-07,2.144561904060538e-06,0.0,0.0,0.0,5.361404760151345e-05
4443.0,1.0042201665783068e-06,0.0,0.0,0.0,0.0,8.368501388152556e-05
4444.0,3.31662477037753e-07,2.144561904060538e-06,0.0,0.0,0.0,5.361404760151345e-05
4445.0,3.31662477037753e-07,2.144561904060538e-06,0.0,0.0,0.0,5.361404760151345e-05
4446.0,3.31662477037753e-07,2.144561904060538e-06,0.0,0.0,0.0,5.361404760151345e-05
4447.0,3.31662477037753e-07,2.144561904060538e-06,0.0,0.0,0.0,5.361404760151345e-05
4448.0,3.31662477037753e-07,2.144561904060538e-06,0.0,0.0,0.0,5.361404760151345e-05
4449.0,3.31662477037753e-07,2.144561904060538e-06,0.0,0.0,0.0,5.361404760151345e-05
4450.0,3.31662477037753e-07,2.144561904060538e-06,0.0,0.0,0.0,5.361404760151345e-05
4451.0,0.0,0.0,0.0,0.0,0.0,0.0
4452.0,3.31662477037753e-07,2.144561904060538e-06,0.0,0.0,0.0,5.361404760151345e-05
4453.0,3.31662477037753e-07,2.144561904060538e-06,0.0,0.0,0.0,5.361404760151345e-05
4454.0,3.31662477037753e-07,2.144561904060538e-06,0.0,0.0,0.0,5.361404760151345e-05
4455.0,3.31662477037753e-07,2.144561904060538e-06,0.0,0.0,0.0,5.361404760151345e-05
4456.0,0.0272444449365139,0.014130459167063236,1.0236166190225049e-06,0.00037630953011102974,0.1076388888888889,2.2703704113761582
4457.0,3.457929551586858e-07,1.4463770412476151e-06,1.0236166190225049e-06,0.0,0.0,3.615942603119038e-05
4458.0,0.0,0.0,0.0,0.0,0.0,0.0
4459.0,0.0,0.0,0.0,0.0,0.0,0.0
4460.0,0.0,0.0,0.0,0.0,0.0,0.0
4461.0,0.0,0.0,0.0,0.0,0.0,0.0
4462.0,0.0,0.0,0.0,0.0,0.0,0.0
4463.0,0.0,0.0,0.0,0.0,0.0,0.0
4464.0,0.0,0.0,0.0,0.0,0.0,0.0
4465.0,0.0,0.0,0.0,0.0,0.0,0.0
4466.0,0.0,0.0,0.0,0.0,0.0,0.0
4467.0,0.0,0.0,0.0,0.0,0.0,0.0
4468.0,0.0,0.0,0.0,0.0,0.0,0.0
4469.0,0.0,0.0,0.0,0.0,0.0,0.0
4470.0,0.0,0.0,0.0,0.0,0.0,0.0
4471.0,0.0,0.0,0.0,0.0,0.0,0.0
4472.0,0.0,0.0,0.0,0.0,0.0,0.0
4473.0,0.0,0.0,0.0,0.0,0.0,0.0
4474.0,0.0,0.0,0.0,0.0,0.0,0.0
4475.0,0.0,0.0,0.0,0.0,0.0,0.0
4476.0,2.0952475097146817e-05,0.0,0.0,0.0,0.0,0.0017460395914289013
4477.0,0.0003528220113366842,0.0,0.0,0.0,0.0,0.029401834278057017
4478.0,0.00028324141749180853,0.0,0.0,0.0,0.0,0.02360345145765071
4479.0,0.0,0.0,0.0,0.0,0.0,0.0
4480.0,0.0,0.0,0.0,0.0,0.0,0.0
4481.0,7.817880032234825e-06,1.4463770412476151e-06,1.0236166190225049e-06,0.0,0.0,0.0006514900026862355
4482.0,3.457929551586858e-07,1.4463770412476151e-06,1.0236166190225049e-06,0.0,0.0,3.615942603119038e-05
4483.0,0.0,0.0,0.0,0.0,0.0,0.0
4484.0,0.0,0.0,0.0,0.0,0.0,0.0
4485.0,0.0,0.0,0.0,0.0,0.0,0.0
4486.0,0.0,0.0,0.0,0.0,0.0,0.0
4487.0,0.0,0.0,0.0,0.0,0.0,0.0
4488.0,0.0,0.0,0.0,0.0,0.0,0.0
4489.0,0.0,0.0,0.0,0.0,0.0,0.0
4490.0,0.0,0.0,0.0,0.0,0.0,0.0
4491.0,8.151210204232484e-05,0.0,0.0,0.0,0.0,0.0067926751701937365
4492.0,1.7020955311863872e-08,0.0,0.0,0.0,0.0,1.4184129426553227e-06
4493.0,0.00027422039420343935,0.0,0.0,0.0,0.005208333333333333,0.034722222222222224
4494.0,9.499250154476613e-05,0.0,0.0,0.0,0.001736111111111111,0.011574074074074073
4495.0,0.0,0.0,0.0,0.0,0.0,0.0
4496.0,0.00022477527090813965,0.0,0.0,0.0,0.006944444444444444,0.046296296296296294
4497.0,0.00033324817195534706,0.0,0.0,0.0,0.008680555555555556,0.05787037037037038
4498.0,0.00010154546180274338,0.0,0.0,0.0,0.003472222222222222,0.023148148148148147
4499.0,3.523284931361559e-06,0.0,0.0,0.0,0.0,0.0002936070776134632
4500.0,0.0,0.0,0.0,0.0,0.0,0.0
4501.0,0.0,0.0,0.0,0.0,0.0,0.0
4502.0,0.00011628538049990311,0.0,0.0,0.0,0.003472222222222222,0.023148148148148147
4503.0,0.0,0.0,0.0,0.0,0.0,0.0
4504.0,0.0,0.0,0.0,0.0,0.0,0.0
4505.0,0.0,0.0,0.0,0.0,0.0,0.0
4506.0,1.7925508473126683e-06,1.4463770412476151e-06,1.0236166190225049e-06,0.0,0.0,0.0001493792372760557
4507.0,3.968550572608365e-07,1.4463770412476151e-06,1.0236166190225049e-06,0.0,0.0,3.615942603119038e-05
4508.0,0.0,0.0,0.0,0.0,0.0,0.0
4509.0,0.0,0.0,0.0,0.0,0.0,0.0
4510.0,0.0,0.0,0.0,0.0,0.0,0.0
4511.0,0.0,0.0,0.0,0.0,0.0,0.0
4512.0,0.0,0.0,0.0,0.0,0.0,0.0
4513.0,6.944442702661036e-06,0.0,0.0,0.0,0.0,0.0005787035585550863
4514.0,0.00018809569883160293,0.0,0.0,0.0,0.0,0.015674641569300245
4515.0,9.376699745189399e-05,0.0,0.0,0.0,0.001736111111111111,0.011574074074074073
4516.0,5.75299463889678e-06,0.0,0.0,0.0,0.0,0.000479416219908065
4517.0,0.0,0.0,0.0,0.0,0.0,0.0
4518.0,0.0,0.0,0.0,0.0,0.0,0.0
4519.0,0.0,0.0,0.0,0.0,0.0,0.0
4520.0,0.0,0.0,0.0,0.0,0.0,0.0
4521.0,0.0,0.0,0.0,0.0,0.0,0.0
4522.0,0.0,0.0,0.0,0.0,0.0,0.0
4523.0,9.361379511574341e-07,0.0,0.0,0.0,0.0,7.801149592978618e-05
4524.0,0.0,0.0,0.0,0.0,0.0,0.0
4525.0,0.0,0.0,0.0,0.0,0.0,0.0
4526.0,0.0,0.0,0.0,0.0,0.0,0.0
4527.0,0.0,0.0,0.0,0.0,0.0,0.0
4528.0,0.0,0.0,0.0,0.0,0.0,0.0
4529.0,0.0,0.0,0.0,0.0,0.0,0.0
4530.0,0.0,0.0,0.0,0.0,0.0,0.0
4531.0,3.968550572608365e-07,1.4463770412476151e-06,1.0236166190225049e-06,0.0,0.0,3.615942603119038e-05
4532.0,3.968550572608365e-07,1.4463770412476151e-06,1.0236166190225049e-06,0.0,0.0,3.615942603119038e-05
4533.0,0.0,0.0,0.0,0.0,0.0,0.0
4534.0,5.846608110005036e-05,0.0,0.0,0.0,0.003472222222222222,0.023148148148148147
4535.0,0.00020418020721990615,0.0,0.0,0.0,0.003472222222222222,0.023148148148148147
4536.0,0.0002651143295224756,0.0,0.0,0.0,0.005208333333333333,0.034722222222222224
4537.0,0.00010699208360165358,0.0,0.0,0.0,0.0,0.008916006966804465
4538.0,2.0271645553293638e-05,0.0,0.0,0.0,0.0,0.0016893037961078032
4539.0,0.0,0.0,0.0,0.0,0.0,0.0
4540.0,5.991284524498042e-06,0.0,0.0,0.0,0.0,0.0004992737103748368
4541.0,0.0,0.0,0.0,0.0,0.0,0.0
4542.0,0.0,0.0,0.0,0.0,0.0,0.0
4543.0,0.0,0.0,0.0,0.0,0.0,0.0
4544.0,0.0,0.0,0.0,0.0,0.0,0.0
4545.0,0.0,0.0,0.0,0.0,0.0,0.0
4546.0,0.0,0.0,0.0,0.0,0.0,0.0
4547.0,0.0,0.0,0.0,0.0,0.0,0.0
4548.0,0.0,0.0,0.0,0.0,0.0,0.0
4549.0,0.0,0.0,0.0,0.0,0.0,0.0
4550.0,0.0,0.0,0.0,0.0,0.0,0.0
4551.0,0.0,0.0,0.0,0.0,0.0,0.0
4552.0,0.0,0.0,0.0,0.0,0.0,0.0
4553.0,0.0,0.0,0.0,0.0,0.0,0.0
4554.0,0.0,0.0,0.0,0.0,0.0,0.0
4555.0,0.0,0.0,0.0,0.0,0.0,0.0
4556.0,3.968550572608365e-07,1.4463770412476151e-06,1.0236166190225049e-06,0.0,0.0,3.615942603119038e-05
4557.0,0.0006695143529213965,1.4463770412476151e-06,1.0236166190225049e-06,0.0,0.022569444444444444,0.15046296296296297
4558.0,0.0002730799897108227,0.0,0.0,0.0,0.003472222222222222,0.023148148148148147
4559.0,9.951999527402222e-05,0.0,0.0,0.0,0.003472222222222222,0.023148148148148147
4560.0,0.0001080133079085499,0.0,0.0,0.0,0.0,0.009001108992379159
4561.0,0.0,0.0,0.0,0.0,0.0,0.0
4562.0,0.0,0.0,0.0,0.0,0.0,0.0
4563.0,7.286559412023053e-05,0.0002335419412702322,0.0,0.0,0.003472222222222222,0.023148148148148147
4564.0,0.00024005987506825477,0.0007715029059909284,0.0,0.0,0.006944444444444444,0.046296296296296294
4565.0,0.00015369686298072338,0.0008950973278842866,0.0,0.0,0.005208333333333333,0.034722222222222224
4566.0,8.605662878835574e-05,0.0,0.0,0.0,0.001736111111111111,0.011574074074074073
4567.0,0.00023679190780967474,0.0,0.0,0.0,0.001736111111111111,0.01973265898413956
4568.0,0.0001432972348993644,0.0,0.0,0.0,0.001736111111111111,0.011941436241613701
4569.0,0.00013191037578508258,0.0,0.0,0.0,0.003472222222222222,0.023148148148148147
4570.0,0.00022298810654319823,0.00019480173068586737,0.0,0.0,0.006944444444444444,0.046296296296296294
4571.0,5.278117168927565e-05,0.0,0.0,0.0,0.001736111111111111,0.011574074074074073
4572.0,0.0001125578346545808,0.0,0.0,0.0,0.003472222222222222,0.023148148148148147
4573.0,0.0002396003546891734,5.833038812852465e-06,0.0,0.0,0.003472222222222222,0.023148148148148147
4574.0,0.00021675853349734098,0.0,0.0,0.0,0.006944444444444444,0.046296296296296294
4575.0,0.0,0.0,0.0,0.0,0.0,0.0
4576.0,0.0,0.0,0.0,0.0,0.0,0.0
4577.0,0.0,0.0,0.0,0.0,0.0,0.0
4578.0,0.00018028318299911916,0.0,0.0,0.0,0.001736111111111111,0.015023598583259929
4579.0,8.309503755299374e-05,0.0,0.0,0.0,0.001736111111111111,0.011574074074074073
4580.0,9.448187483940274e-05,0.0,0.0,0.0,0.003472222222222222,0.023148148148148147
4581.0,0.0001653103536227718,1.4463770412476151e-06,1.0236166190225049e-06,0.0,0.005208333333333333,0.034722222222222224
4582.0,0.00011206961062271148,1.4463770412476151e-06,1.0236166190225049e-06,0.0,0.001736111111111111,0.011574074074074073
4583.0,0.0001971677120309323,0.0,0.0,0.0,0.001736111111111111,0.01643064266924436
4584.0,0.00016656449588481337,0.0,0.0,0.0,0.003472222222222222,0.023148148148148147
4585.0,0.00014268448285292834,0.0,0.0,0.0,0.001736111111111111,0.011890373571077362
4586.0,0.0,0.0,0.0,0.0,0.0,0.0
4587.0,0.0,0.0,0.0,0.0,0.0,0.0
4588.0,0.0,0.0,0.0,0.0,0.0,0.0
4589.0,0.0001351102691842243,0.0,0.0,0.0,0.001736111111111111,0.011574074074074073
4590.0,6.36233453406021e-05,0.0,0.0,0.0,0.001736111111111111,0.011574074074074073
4591.0,0.0,0.0,0.0,0.0,0.0,0.0
4592.0,0.00010229436884401366,0.0,0.0,0.0,0.0,0.008524530737001138
4593.0,0.0,0.0,0.0,0.0,0.0,0.0
4594.0,0.0001042517542373389,0.0,0.0,0.0,0.003472222222222222,0.023148148148148147
4595.0,0.0001252893271157518,0.0,0.0,0.0,0.0,0.010440777259645984
4596.0,0.0001871084823505953,0.0,0.0,0.0,0.003472222222222222,0.023148148148148147
4597.0,0.00017095584189519286,0.0,0.0,0.0,0.001736111111111111,0.014246320157932738
4598.0,0.0002160947333322838,0.0,0.0,0.0,0.001736111111111111,0.018007894444356982
4599.0,9.99455078272149e-05,0.0,0.0,0.0,0.003472222222222222,0.023148148148148147
4600.0,0.00014967998140491545,0.0,0.0,0.0,0.0,0.012473331783742955
4601.0,0.000187040408491157,0.0,0.0,0.0,0.005208333333333333,0.034722222222222224
4602.0,0.00021280974033288658,0.0,0.0,0.0,0.001736111111111111,0.01773414502774055
4603.0,0.00015604571672156453,0.0,0.0,0.0,0.0,0.013003809726797044
4604.0,0.0001059878632077016,0.0,0.0,0.0,0.001736111111111111,0.011574074074074073
4605.0,0.00020360155031085014,0.0,0.0,0.0,0.001736111111111111,0.01696679585923751
4606.0,0.00021240660862531513,1.4463770412476151e-06,1.0236166190225049e-06,0.0,0.001736111111111111,0.01770055071877626
4607.0,3.968550572608365e-07,1.4463770412476151e-06,1.0236166190225049e-06,0.0,0.0,3.615942603119038e-05
4608.0,0.0,0.0,0.0,0.0,0.0,0.0
4609.0,0.0,0.0,0.0,0.0,0.0,0.0
4610.0,0.0,0.0,0.0,0.0,0.0,0.0
4611.0,0.0,0.0,0.0,0.0,0.0,0.0
4612.0,0.0,0.0,0.0,0.0,0.0,0.0
4613.0,0.0,0.0,0.0,0.0,0.0,0.0
4614.0,0.0,0.0,0.0,0.0,0.0,0.0
4615.0,0.0,0.0,0.0,0.0,0.0,0.0
4616.0,0.0,0.0,0.0,0.0,0.0,0.0
4617.0,0.0,0.0,0.0,0.0,0.0,0.0
4618.0,0.0,0.0,0.0,0.0,0.0,0.0
4619.0,0.0,0.0,0.0,0.0,0.0,0.0
4620.0,0.0,0.0,0.0,0.0,0.0,0.0
4621.0,0.0,0.0,0.0,0.0,0.0,0.0
4622.0,0.0,0.0,0.0,0.0,0.0,0.0
4623.0,0.0,0.0,0.0,0.0,0.0,0.0
4624.0,0.0,0.0,0.0,0.0,0.0,0.0
4625.0,0.0008106785826385021,0.0,0.0,0.0,0.020833333333333332,0.1388888888888889
4626.0,0.0007750032818876207,0.0,0.0,0.0,0.020833333333333332,0.1388888888888889
4627.0,0.00018681913206819445,0.0,0.0,0.0,0.001736111111111111,0.01556826100568287
4628.0,0.0001734919351292774,0.0,0.0,0.0,0.006944444444444444,0.046296296296296294
4629.0,1.2731480637739878e-05,0.0,0.0,0.0,0.0,0.0010609567198116565
4630.0,0.0003185933455824852,0.0,0.0,0.0,0.012152777777777778,0.08101851851851852
4631.0,5.615665213554166e-05,1.4463770412476151e-06,1.0236166190225049e-06,0.0,0.0,0.004679721011295139
4632.0,0.00033960226573981345,1.4463770412476151e-06,1.0236166190225049e-06,0.0,0.013888888888888888,0.09259259259259259
4633.0,0.000285437039565295,0.0,0.0,0.0,0.010416666666666666,0.06944444444444445
4634.0,0.00026046769926324487,0.0,0.0,0.0,0.006944444444444444,0.046296296296296294
4635.0,0.0,0.0,0.0,0.0,0.0,0.0
4636.0,0.0,0.0,0.0,0.0,0.0,0.0
4637.0,0.0,0.0,0.0,0.0,0.0,0.0
4638.0,0.0,0.0,0.0,0.0,0.0,0.0
4639.0,0.0,0.0,0.0,0.0,0.0,0.0
4640.0,8.493339009874035e-06,0.0,0.0,0.0,0.0,0.0007077782508228362
4641.0,0.0,0.0,0.0,0.0,0.0,0.0
4642.0,0.0,0.0,0.0,0.0,0.0,0.0
4643.0,0.0002041972620645538,0.0,0.0,0.0,0.006944444444444444,0.046296296296296294
4644.0,0.00023000063083600253,0.0,0.0,0.0,0.006944444444444444,0.046296296296296294
4645.0,1.731004158500582e-05,0.0,0.0,0.0,0.0,0.0014425034654171516
4646.0,0.00015029274800326675,0.0,0.0,0.0,0.003472222222222222,0.023148148148148147
4647.0,0.00010988560825353488,0.0,0.0,0.0,0.0,0.009157134021127908
4648.0,0.00011373229062883183,0.0,0.0,0.0,0.0,0.009477690885735987
4649.0,0.0,0.0,0.0,0.0,0.0,0.0
4650.0,5.965753007330932e-05,0.0,0.0,0.0,0.0,0.004971460839442443
4651.0,9.085646161111072e-05,0.0,0.0,0.0,0.0,0.007571371800925893
4652.0,0.00011448118311818689,0.0,0.0,0.0,0.006944444444444444,0.046296296296296294
4653.0,0.0005595723050646484,0.0,0.0,0.0,0.017361111111111112,0.11574074074074076
4654.0,0.00013534855679608881,0.0,0.0,0.0,0.0,0.011279046399674067
4655.0,0.00021291188022587448,0.0,0.0,0.0,0.0,0.01774265668548954
4656.0,8.670879469718784e-05,1.4463770412476151e-06,1.0236166190225049e-06,0.0,0.0,0.00722573289143232
4657.0,0.0007674854714423418,1.4463770412476151e-06,1.0236166190225049e-06,0.0,0.017361111111111112,0.11574074074074076
4658.0,0.00022622205142397434,0.0,0.0,0.0,0.0,0.01885183761866453
4659.0,0.00010808141087181866,0.0,0.0,0.0,0.0,0.009006784239318222
4660.0,0.0,0.0,0.0,0.0,0.0,0.0
4661.0,0.0,0.0,0.0,0.0,0.0,0.0
4662.0,0.0007274984382092953,0.0,0.0,0.0,0.027777777777777776,0.18518518518518517
4663.0,0.00023255374981090426,0.0,0.0,0.0,0.010416666666666666,0.06944444444444445
4664.0,0.00024414481595158577,0.0,0.0,0.0,0.006944444444444444,0.046296296296296294
4665.0,0.00018921904847957194,0.0,0.0,0.0,0.006944444444444444,0.046296296296296294
4666.0,2.93777138722362e-05,0.0,0.0,0.0,0.0,0.00244814282268635
4667.0,0.0,0.0,0.0,0.0,0.0,0.0
4668.0,0.0,0.0,0.0,0.0,0.0,0.0
4669.0,0.0,0.0,0.0,0.0,0.0,0.0
4670.0,0.0,0.0,0.0,0.0,0.0,0.0
4671.0,0.0,0.0,0.0,0.0,0.0,0.0
4672.0,0.0,0.0,0.0,0.0,0.0,0.0
4673.0,1.3105941434332635e-06,0.0,0.0,0.0,0.0,0.00010921617861943862
4674.0,0.0001868021208792925,0.0,0.0,0.0,0.0,0.015566843406607706
4675.0,0.00014082921552471817,0.0,0.0,0.0,0.0,0.011735767960393181
4676.0,0.0002112948859576136,0.0,0.0,0.0,0.0,0.017607907163134467
4677.0,0.0,0.0,0.0,0.0,0.0,0.0
4678.0,0.00010076250327983871,0.0,0.0,0.0,0.0,0.008396875273319893
4679.0,8.042277477215976e-05,0.0,0.0,0.0,0.0,0.00670189789767998
4680.0,0.0,0.0,0.0,0.0,0.0,0.0
4681.0,9.17953275347827e-06,1.4463770412476151e-06,1.0236166190225049e-06,0.0,0.0,0.0007649610627898559
4682.0,0.0001298222050536424,1.4463770412476151e-06,1.0236166190225049e-06,0.0,0.003472222222222222,0.023148148148148147
4683.0,0.00012905089533887804,0.0,0.0,0.0,0.003472222222222222,0.023148148148148147
4684.0,0.00032084007398225367,0.0,0.0,0.0,0.013888888888888888,0.09259259259259259
4685.0,1.1386843652871903e-05,0.0,0.0,0.0,0.0,0.0009489036377393252
4686.0,0.0,0.0,0.0,0.0,0.0,0.0
4687.0,0.0,0.0,0.0,0.0,0.0,0.0
4688.0,0.0,0.0,0.0,0.0,0.0,0.0
4689.0,0.0,0.0,0.0,0.0,0.0,0.0
4690.0,7.790371455485001e-05,0.0,0.0,0.0,0.0,0.006491976212904167
4691.0,0.00023420475190505385,0.0,0.0,0.0,0.003472222222222222,0.023148148148148147
4692.0,1.0212391998720705e-07,0.0,0.0,0.0,0.0,8.510326665600587e-06
4693.0,0.0,0.0,0.0,0.0,0.0,0.0
4694.0,0.0,0.0,0.0,0.0,0.0,0.0
4695.0,0.0,0.0,0.0,0.0,0.0,0.0
4696.0,0.0,0.0,0.0,0.0,0.0,0.0
4697.0,0.0,0.0,0.0,0.0,0.0,0.0
4698.0,4.323253051552456e-06,0.0,0.0,0.0,0.0,0.0003602710876293713
4699.0,0.0,0.0,0.0,0.0,0.0,0.0
4700.0,0.0,0.0,0.0,0.0,0.0,0.0
4701.0,0.0,0.0,0.0,0.0,0.0,0.0
4702.0,0.0,0.0,0.0,0.0,0.0,0.0
4703.0,0.0,0.0,0.0,0.0,0.0,0.0
4704.0,1.0450703484821133e-05,0.0,0.0,0.0,0.0,0.0008708919570684277
4705.0,0.0,0.0,0.0,0.0,0.0,0.0
4706.0,1.3670331782122958e-06,1.4463770412476151e-06,1.0236166190225049e-06,0.0,0.0,0.00011391943151769131
4707.0,1.2308686336837127e-06,1.4463770412476151e-06,1.0236166190225049e-06,0.0,0.0,0.00010257238614030939
4708.0,0.0,0.0,0.0,0.0,0.0,0.0
4709.0,0.0,0.0,0.0,0.0,0.0,0.0
4710.0,0.0,0.0,0.0,0.0,0.0,0.0
4711.0,2.9598988476209342e-05,0.0,0.0,0.0,0.0,0.002466582373017445
4712.0,0.0,0.0,0.0,0.0,0.0,0.0
4713.0,0.0,0.0,0.0,0.0,0.0,0.0
4714.0,0.0,0.0,0.0,0.0,0.0,0.0
4715.0,2.348854195588501e-06,0.0,0.0,0.0,0.0,0.0001957378496323751
4716.0,0.0,0.0,0.0,0.0,0.0,0.0
4717.0,0.0,0.0,0.0,0.0,0.0,0.0
4718.0,0.0,0.0,0.0,0.0,0.0,0.0
4719.0,0.017607398331165314,0.0020842684898525476,0.0,0.0,0.2604166666666667,1.7361111111111114
4720.0,0.0,0.0,0.0,0.0,0.0,0.0
4721.0,0.0,0.0,0.0,0.0,0.0,0.0
4722.0,0.00043314258800819516,0.0,0.0,0.0,0.017361111111111112,0.11574074074074076
4723.0,9.242236410500482e-05,0.0,0.0,0.0,0.0,0.0077018636754170675
4724.0,0.0002386811829637736,0.0,0.0,0.0,0.006944444444444444,0.046296296296296294
4725.0,0.0008878674707375467,0.0,0.0,0.0,0.020833333333333332,0.1388888888888889
4726.0,0.000516322732437402,0.0,0.0,0.0,0.008680555555555556,0.05787037037037038
4727.0,7.25081281416351e-06,0.0,0.0,0.0,0.001736111111111111,0.011574074074074073
4728.0,0.0,0.0,0.0,0.0,0.0,0.0
4729.0,0.0,0.0,0.0,0.0,0.0,0.0
4730.0,0.00045640990720130503,0.0,0.0,0.0,0.006944444444444444,0.046296296296296294
4731.0,0.0006388089968822896,1.4463770412476151e-06,1.0236166190225049e-06,0.0,0.008680555555555556,0.05787037037037038
4732.0,0.0006544510251842439,1.4463770412476151e-06,1.0236166190225049e-06,0.0,0.013888888888888888,0.09259259259259259
4733.0,0.00016001153562683612,0.0,0.0,0.0,0.005208333333333333,0.034722222222222224
4734.0,6.808304675587351e-08,0.0,0.0,0.0,0.0,5.673587229656126e-06
4735.0,0.0,0.0,0.0,0.0,0.0,0.0
4736.0,0.0,0.0,0.0,0.0,0.0,0.0
4737.0,0.00017626630142331123,0.0,0.0,0.0,0.001736111111111111,0.014688858451942602
4738.0,6.46275730105117e-05,0.0,0.0,0.0,0.001736111111111111,0.011574074074074073
4739.0,0.0,0.0,0.0,0.0,0.0,0.0
4740.0,1.211873495776672e-05,0.0,0.0,0.0,0.0,0.0010098945798138932
4741.0,0.0,0.0,0.0,0.0,0.0,0.0
4742.0,0.0,0.0,0.0,0.0,0.0,0.0
4743.0,7.250814633152913e-06,0.0,0.0,0.0,0.0,0.0006042345527627427
4744.0,6.117237353464589e-05,0.0,0.0,0.0,0.001736111111111111,0.011574074074074073
4745.0,0.0,0.0,0.0,0.0,0.0,0.0
4746.0,0.0,0.0,0.0,0.0,0.0,0.0
4747.0,0.0,0.0,0.0,0.0,0.0,0.0
4748.0,8.510347697665566e-07,0.0,0.0,0.0,0.0,7.091956414721305e-05
4749.0,0.0,0.0,0.0,0.0,0.0,0.0
4750.0,0.0,0.0,0.0,0.0,0.0,0.0
4751.0,0.0,0.0,0.0,0.0,0.0,0.0
4752.0,0.0,0.0,0.0,0.0,0.0,0.0
4753.0,0.0,0.0,0.0,0.0,0.0,0.0
4754.0,0.0,0.0,0.0,0.0,0.0,0.0
4755.0,0.0,0.0,0.0,0.0,0.0,0.0
4756.0,3.457929551586858e-07,1.4463770412476151e-06,1.0236166190225049e-06,0.0,0.0,3.615942603119038e-05
4757.0,3.457929551586858e-07,1.4463770412476151e-06,1.0236166190225049e-06,0.0,0.0,3.615942603119038e-05
4758.0,0.0,0.0,0.0,0.0,0.0,0.0
4759.0,0.0,0.0,0.0,0.0,0.0,0.0
4760.0,0.0,0.0,0.0,0.0,0.0,0.0
4761.0,0.0,0.0,0.0,0.0,0.0,0.0
4762.0,0.0,0.0,0.0,0.0,0.0,0.0
4763.0,0.0,0.0,0.0,0.0,0.0,0.0
4764.0,0.0,0.0,0.0,0.0,0.0,0.0
4765.0,0.0,0.0,0.0,0.0,0.0,0.0
4766.0,0.0,0.0,0.0,0.0,0.0,0.0
4767.0,0.00010120504157384858,0.0,0.0,0.0,0.0,0.008433753464487381
4768.0,0.0,0.0,0.0,0.0,0.0,0.0
4769.0,0.00013002108607906848,0.0,0.0,0.0,0.0,0.01083509050658904
4770.0,0.00023001767112873495,0.0,0.0,0.0,0.0,0.019168139260727912
4771.0,1.702069596376532e-08,0.0,0.0,0.0,0.0,1.4183913303137767e-06
4772.0,0.0,0.0,0.0,0.0,0.0,0.0
4773.0,5.565772880800068e-06,0.0,0.0,0.0,0.0,0.000463814406733339
4774.0,0.0,0.0,0.0,0.0,0.0,0.0
4775.0,0.0,0.0,0.0,0.0,0.0,0.0
4776.0,0.0,0.0,0.0,0.0,0.0,0.0
4777.0,0.0,0.0,0.0,0.0,0.0,0.0
4778.0,0.0,0.0,0.0,0.0,0.0,0.0
4779.0,0.0,0.0,0.0,0.0,0.0,0.0
4780.0,0.0,0.0,0.0,0.0,0.0,0.0
4781.0,4.649378979593166e-07,1.4463770412476151e-06,1.0236166190225049e-06,0.0,0.0,3.874482482994305e-05
4782.0,6.354096967697842e-06,1.4463770412476151e-06,1.0236166190225049e-06,0.0,0.001736111111111111,0.011574074074074073
4783.0,0.00020290369866415858,0.0,0.0,0.0,0.008680555555555556,0.05787037037037038
4784.0,0.00017036010103765875,0.0,0.0,0.0,0.003472222222222222,0.023148148148148147
4785.0,6.270423909882084e-05,0.0,0.0,0.0,0.0,0.00522535325823507
4786.0,0.0,0.0,0.0,0.0,0.0,0.0
4787.0,0.0,0.0,0.0,0.0,0.0,0.0
4788.0,0.0,0.0,0.0,0.0,0.0,0.0
4789.0,0.0,0.0,0.0,0.0,0.0,0.0
4790.0,4.016883394797333e-06,0.0,0.0,0.0,0.0,0.0003347402828997777
4791.0,0.0,0.0,0.0,0.0,0.0,0.0
4792.0,0.0,0.0,0.0,0.0,0.0,0.0
4793.0,0.0,0.0,0.0,0.0,0.0,0.0
4794.0,0.0,0.0,0.0,0.0,0.0,0.0
4795.0,0.0,0.0,0.0,0.0,0.0,0.0
4796.0,0.0,0.0,0.0,0.0,0.0,0.0
4797.0,0.0001676197862252593,0.0,0.0,0.0,0.003472222222222222,0.023148148148148147
4798.0,1.651008460612502e-06,0.0,0.0,0.0,0.0,0.00013758403838437516
4799.0,0.0,0.0,0.0,0.0,0.0,0.0
4800.0,0.0,0.0,0.0,0.0,0.0,0.0
4801.0,0.0,0.0,0.0,0.0,0.0,0.0
4802.0,8.406521374126896e-05,0.0,0.0,0.0,0.0,0.00700543447843908
4803.0,8.38439300423488e-05,0.0,0.0,0.0,0.003472222222222222,0.023148148148148147
4804.0,0.0,0.0,0.0,0.0,0.0,0.0
4805.0,0.0,0.0,0.0,0.0,0.0,0.0
4806.0,6.181241474223498e-07,1.4463770412476151e-06,1.0236166190225049e-06,0.0,0.0,5.151034561852915e-05
4807.0,0.0002861573302652687,0.00021517799177672714,1.0236166190225049e-06,0.0,0.005208333333333333,0.034722222222222224
4808.0,0.0001595349604031071,0.0,0.0,0.0,0.005208333333333333,0.034722222222222224
4809.0,0.0003075639542657882,0.0,0.0,0.0,0.006944444444444444,0.046296296296296294
4810.0,0.0002516850072424859,0.0,0.0,0.0,0.003472222222222222,0.023148148148148147
4811.0,1.6356887499568984e-05,0.0,0.0,0.0,0.0,0.0013630739582974154
4812.0,0.00012830198102165014,0.0,0.0,0.0,0.006944444444444444,0.046296296296296294
4813.0,0.0001765216002240777,0.0,0.0,0.0,0.001736111111111111,0.014710133352006475
4814.0,0.00018469155475031585,0.0,0.0,0.0,0.006944444444444444,0.046296296296296294
4815.0,0.00014341638598125428,2.0910972580168163e-06,0.0,0.0,0.003472222222222222,0.023148148148148147
4816.0,0.0,0.0,0.0,0.0,0.0,0.0
4817.0,0.0,0.0,0.0,0.0,0.0,0.0
4818.0,0.0,0.0,0.0,0.0,0.0,0.0
4819.0,0.0,0.0,0.0,0.0,0.0,0.0
4820.0,0.0,0.0,0.0,0.0,0.0,0.0
4821.0,0.0,0.0,0.0,0.0,0.0,0.0
4822.0,0.0,0.0,0.0,0.0,0.0,0.0
4823.0,1.310591528635996e-06,0.0,0.0,0.0,0.0,0.00010921596071966633
4824.0,0.0,0.0,0.0,0.0,0.0,0.0
4825.0,0.0001696112158242613,0.0,0.0,0.0,0.0,0.014134267985355109
4826.0,0.00012774030619766563,0.0,0.0,0.0,0.001736111111111111,0.011574074074074073
4827.0,0.0,0.0,0.0,0.0,0.0,0.0
4828.0,0.0,0.0,0.0,0.0,0.0,0.0
4829.0,0.0,0.0,0.0,0.0,0.0,0.0
4830.0,0.0,0.0,0.0,0.0,0.0,0.0
4831.0,5.281799985823454e-06,1.4463770412476151e-06,1.0236166190225049e-06,0.0,0.0,0.00044014999881862116
4832.0,0.00016030625556595623,4.0877498577174265e-06,1.0236166190225049e-06,0.0,0.001736111111111111,0.013358854630496353
4833.0,0.0,0.0,0.0,0.0,0.0,0.0
4834.0,0.0,0.0,0.0,0.0,0.0,0.0
4835.0,0.0,0.0,0.0,0.0,0.0,0.0
4836.0,0.0,0.0,0.0,0.0,0.0,0.0
4837.0,0.0,0.0,0.0,0.0,0.0,0.0
4838.0,0.0,0.0,0.0,0.0,0.0,0.0
4839.0,0.0,0.0,0.0,0.0,0.0,0.0
4840.0,1.8893008473241935e-06,0.0,0.0,0.0,0.0,0.00015744173727701613
4841.0,0.0,0.0,0.0,0.0,0.0,0.0
4842.0,0.0,0.0,0.0,0.0,0.0,0.0
4843.0,0.0,0.0,0.0,0.0,0.0,0.0
4844.0,0.0,0.0,0.0,0.0,0.0,0.0
4845.0,0.0,0.0,0.0,0.0,0.0,0.0
4846.0,0.0,0.0,0.0,0.0,0.0,0.0
4847.0,0.0,0.0,0.0,0.0,0.0,0.0
4848.0,0.0,0.0,0.0,0.0,0.0,0.0
4849.0,0.0,0.0,0.0,0.0,0.0,0.0
4850.0,0.0,0.0,0.0,0.0,0.0,0.0
4851.0,0.0,0.0,0.0,0.0,0.0,0.0
4852.0,0.0,0.0,0.0,0.0,0.0,0.0
4853.0,0.0,0.0,0.0,0.0,0.0,0.0
4854.0,0.0,0.0,0.0,0.0,0.0,0.0
4855.0,0.0,0.0,0.0,0.0,0.0,0.0
4856.0,5.16000113748305e-07,1.4463770412476151e-06,1.0236166190225049e-06,0.0,0.0,4.3000009479025415e-05
4857.0,5.16000113748305e-07,1.4463770412476151e-06,1.0236166190225049e-06,0.0,0.0,4.3000009479025415e-05
4858.0,0.0,0.0,0.0,0.0,0.0,0.0
4859.0,0.0,0.0,0.0,0.0,0.0,0.0
4860.0,0.0,0.0,0.0,0.0,0.0,0.0
4861.0,0.0,0.0,0.0,0.0,0.0,0.0
4862.0,0.00011558752885321155,0.0,0.0,0.0,0.003472222222222222,0.023148148148148147
4863.0,5.79384395678062e-05,0.0,0.0,0.0,0.0,0.0048282032973171836
4864.0,0.0,0.0,0.0,0.0,0.0,0.0
4865.0,1.8552530036686221e-06,0.0,0.0,0.0,0.0,0.00015460441697238517
4866.0,0.0,0.0,0.0,0.0,0.0,0.0
4867.0,0.0,0.0,0.0,0.0,0.0,0.0
4868.0,0.0,0.0,0.0,0.0,0.0,0.0
4869.0,0.0,0.0,0.0,0.0,0.0,0.0
4870.0,0.0,0.0,0.0,0.0,0.0,0.0
4871.0,0.0,0.0,0.0,0.0,0.0,0.0
4872.0,0.0,0.0,0.0,0.0,0.0,0.0
4873.0,0.0,0.0,0.0,0.0,0.0,0.0
4874.0,0.0,0.0,0.0,0.0,0.0,0.0
4875.0,0.0,0.0,0.0,0.0,0.0,0.0
4876.0,0.0,0.0,0.0,0.0,0.0,0.0
4877.0,0.0,0.0,0.0,0.0,0.0,0.0
4878.0,0.0,0.0,0.0,0.0,0.0,0.0
4879.0,0.0,0.0,0.0,0.0,0.0,0.0
4880.0,0.0,0.0,0.0,0.0,0.0,0.0
4881.0,5.16000113748305e-07,1.4463770412476151e-06,1.0236166190225049e-06,0.0,0.0,4.3000009479025415e-05
4882.0,5.16000113748305e-07,1.4463770412476151e-06,1.0236166190225049e-06,0.0,0.0,4.3000009479025415e-05
4883.0,0.0,0.0,0.0,0.0,0.0,0.0
4884.0,0.0,0.0,0.0,0.0,0.0,0.0
4885.0,0.0,0.0,0.0,0.0,0.0,0.0
4886.0,0.0,0.0,0.0,0.0,0.0,0.0
4887.0,0.0,0.0,0.0,0.0,0.0,0.0
4888.0,0.0,0.0,0.0,0.0,0.0,0.0
4889.0,0.0,0.0,0.0,0.0,0.0,0.0
4890.0,0.0,0.0,0.0,0.0,0.0,0.0
4891.0,0.0,0.0,0.0,0.0,0.0,0.0
4892.0,0.0,0.0,0.0,0.0,0.0,0.0
4893.0,0.0,0.0,0.0,0.0,0.0,0.0
4894.0,0.0,0.0,0.0,0.0,0.0,0.0
4895.0,0.0,0.0,0.0,0.0,0.0,0.0
4896.0,0.007528542075306177,0.0002169232611777261,0.0,0.0,0.15625,1.0416666666666667
4897.0,0.0,0.0,0.0,0.0,0.0,0.0
4898.0,1.038264031194558e-06,0.0,0.0,0.0,0.0,8.65220025995465e-05
4899.0,0.0,0.0,0.0,0.0,0.0,0.0
4900.0,8.321415953105316e-05,0.00019282066205050796,0.0,0.0,0.005208333333333333,0.034722222222222224
4901.0,2.1582232875516638e-05,0.0,0.0,0.0,0.001736111111111111,0.011574074074074073
4902.0,0.0,0.0,0.0,0.0,0.0,0.0
4903.0,0.0,0.0,0.0,0.0,0.0,0.0
4904.0,0.0,0.0,0.0,0.0,0.0,0.0
4905.0,1.909721686388366e-05,0.0,0.0,0.0,0.0,0.0015914347386569716
4906.0,0.0002606092020869255,3.427407591516385e-06,1.0236166190225049e-06,0.0,0.005208333333333333,0.034722222222222224
4907.0,6.521662498926162e-07,1.4463770412476151e-06,1.0236166190225049e-06,0.0,0.0,5.4347187491051344e-05
4908.0,0.00010525596735533327,0.0,0.0,0.0,0.008680555555555556,0.05787037037037038
4909.0,0.00020223988394718617,0.0,0.0,0.0,0.006944444444444444,0.046296296296296294
4910.0,4.668776455218904e-05,0.0,0.0,0.0,0.001736111111111111,0.011574074074074073
4911.0,0.0002363833918934688,0.0,0.0,0.0,0.005208333333333333,0.034722222222222224
4912.0,0.0003040236188098788,0.0,0.0,0.0,0.006944444444444444,0.046296296296296294
4913.0,0.00022652841289527714,0.0,0.0,0.0,0.003472222222222222,0.023148148148148147
4914.0,0.00010745165491243824,0.0,0.0,0.0,0.005208333333333333,0.034722222222222224
4915.0,0.00021772872423753142,0.0,0.0,0.0,0.008680555555555556,0.05787037037037038
4916.0,3.976035077357665e-05,0.0,0.0,0.0,0.001736111111111111,0.011574074074074073
4917.0,0.0,0.0,0.0,0.0,0.0,0.0
4918.0,0.00022957510373089463,0.0,0.0,0.0,0.005208333333333333,0.034722222222222224
4919.0,0.00010959624341921881,0.0,0.0,0.0,0.001736111111111111,0.011574074074074073
4920.0,0.0003674938343465328,0.0,0.0,0.0,0.006944444444444444,0.046296296296296294
4921.0,9.060115553438663e-05,0.0,0.0,0.0,0.0,0.007550096294532219
4922.0,0.0,0.0,0.0,0.0,0.0,0.0
4923.0,1.2442164006642997e-05,0.0,0.0,0.0,0.0,0.001036847000553583
4924.0,0.0,0.0,0.0,0.0,0.0,0.0
4925.0,0.0,0.0,0.0,0.0,0.0,0.0
4926.0,0.0,0.0,0.0,0.0,0.0,0.0
4927.0,0.0,0.0,0.0,0.0,0.0,0.0
4928.0,0.0,0.0,0.0,0.0,0.0,0.0
4929.0,0.0,0.0,0.0,0.0,0.0,0.0
4930.0,0.0,0.0,0.0,0.0,0.0,0.0
4931.0,3.457929551586858e-07,1.4463770412476151e-06,1.0236166190225049e-06,0.0,0.0,3.615942603119038e-05
4932.0,3.457929551586858e-07,1.4463770412476151e-06,1.0236166190225049e-06,0.0,0.0,3.615942603119038e-05
4933.0,0.0,0.0,0.0,0.0,0.0,0.0
4934.0,0.0,0.0,0.0,0.0,0.0,0.0
4935.0,0.0,0.0,0.0,0.0,0.0,0.0
4936.0,0.0,0.0,0.0,0.0,0.0,0.0
4937.0,0.0,0.0,0.0,0.0,0.0,0.0
4938.0,0.0,0.0,0.0,0.0,0.0,0.0
4939.0,0.0,0.0,0.0,0.0,0.0,0.0
4940.0,0.0,0.0,0.0,0.0,0.0,0.0
4941.0,0.0,0.0,0.0,0.0,0.0,0.0
4942.0,0.0,0.0,0.0,0.0,0.0,0.0
4943.0,0.0,0.0,0.0,0.0,0.0,0.0
4944.0,0.0,0.0,0.0,0.0,0.0,0.0
4945.0,0.0,0.0,0.0,0.0,0.0,0.0
4946.0,0.0,0.0,0.0,0.0,0.0,0.0
4947.0,0.0,0.0,0.0,0.0,0.0,0.0
4948.0,0.0,0.0,0.0,0.0,0.0,0.0
4949.0,4.098582576261833e-05,0.0,0.0,0.0,0.001736111111111111,0.011574074074074073
4950.0,4.610906034940854e-05,0.0,0.0,0.0,0.0,0.0038424216957840445
4951.0,0.0,0.0,0.0,0.0,0.0,0.0
4952.0,0.0,0.0,0.0,0.0,0.0,0.0
4953.0,0.0,0.0,0.0,0.0,0.0,0.0
4954.0,0.0,0.0,0.0,0.0,0.0,0.0
4955.0,0.0,0.0,0.0,0.0,0.0,0.0
4956.0,1.6223432339756982e-06,1.4463770412476151e-06,1.0236166190225049e-06,0.0,0.0,0.00013519526949797486
4957.0,3.457929551586858e-07,1.4463770412476151e-06,1.0236166190225049e-06,0.0,0.0,3.615942603119038e-05
4958.0,0.0,0.0,0.0,0.0,0.0,0.0
4959.0,0.0,0.0,0.0,0.0,0.0,0.0
4960.0,0.0,0.0,0.0,0.0,0.0,0.0
4961.0,0.0,0.0,0.0,0.0,0.0,0.0
4962.0,0.0,0.0,0.0,0.0,0.0,0.0
4963.0,0.0,0.0,0.0,0.0,0.0,0.0
4964.0,0.0,0.0,0.0,0.0,0.0,0.0
4965.0,0.00019478483591228724,0.0,0.0,0.0,0.0,0.01623206965935727
4966.0,2.580337240942754e-05,0.0,0.0,0.0,0.0,0.0021502810341189615
4967.0,0.0,0.0,0.0,0.0,0.0,0.0
4968.0,0.0,0.0,0.0,0.0,0.0,0.0
4969.0,0.0,0.0,0.0,0.0,0.0,0.0
4970.0,0.0,0.0,0.0,0.0,0.0,0.0
4971.0,0.0,0.0,0.0,0.0,0.0,0.0
4972.0,0.0,0.0,0.0,0.0,0.0,0.0
4973.0,1.6510050500073703e-06,0.0,0.0,0.0,0.0,0.00013758375416728086
4974.0,0.0,0.0,0.0,0.0,0.0,0.0
4975.0,0.0,0.0,0.0,0.0,0.0,0.0
4976.0,0.0,0.0,0.0,0.0,0.0,0.0
4977.0,0.0,0.0,0.0,0.0,0.0,0.0
4978.0,0.0,0.0,0.0,0.0,0.0,0.0
4979.0,0.0,0.0,0.0,0.0,0.0,0.0
4980.0,0.0,0.0,0.0,0.0,0.0,0.0
4981.0,3.457929551586858e-07,1.4463770412476151e-06,1.0236166190225049e-06,0.0,0.0,3.615942603119038e-05
4982.0,3.457929551586858e-07,1.4463770412476151e-06,1.0236166190225049e-06,0.0,0.0,3.615942603119038e-05
4983.0,0.0,0.0,0.0,0.0,0.0,0.0
4984.0,0.0,0.0,0.0,0.0,0.0,0.0
4985.0,0.0,0.0,0.0,0.0,0.0,0.0
4986.0,0.0,0.0,0.0,0.0,0.0,0.0
4987.0,0.0,0.0,0.0,0.0,0.0,0.0
4988.0,0.0,0.0,0.0,0.0,0.0,0.0
4989.0,0.0,0.0,0.0,0.0,0.0,0.0
4990.0,5.8891593653243035e-05,0.0,0.0,0.0,0.001736111111111111,0.011574074074074073
4991.0,6.554668652825058e-05,0.0,0.0,0.0,0.0,0.005462223877354215
4992.0,0.00024712347658351064,0.0,0.0,0.0,0.003472222222222222,0.023148148148148147
4993.0,0.0002058483223663643,0.0,0.0,0.0,0.0,0.01715402686386369
4994.0,0.0,0.0,0.0,0.0,0.0,0.0
4995.0,0.0,0.0,0.0,0.0,0.0,0.0
4996.0,0.0,0.0,0.0,0.0,0.0,0.0
4997.0,0.0,0.0,0.0,0.0,0.0,0.0
4998.0,4.4594230530492496e-06,0.0,0.0,0.0,0.0,0.0003716185877541041
4999.0,0.0,0.0,0.0,0.0,0.0,0.0
5000.0,0.0,0.0,0.0,0.0,0.0,0.0
5001.0,0.0,0.0,0.0,0.0,0.0,0.0
5002.0,0.0,0.0,0.0,0.0,0.0,0.0
5003.0,0.0,0.0,0.0,0.0,0.0,0.0
5004.0,0.0,0.0,0.0,0.0,0.0,0.0
5005.0,0.0,0.0,0.0,0.0,0.0,0.0
5006.0,3.457929551586858e-07,1.4463770412476151e-06,1.0236166190225049e-06,0.0,0.0,3.615942603119038e-05
5007.0,3.457929551586858e-07,1.4463770412476151e-06,1.0236166190225049e-06,0.0,0.0,3.615942603119038e-05
5008.0,0.0001826660882215947,0.0,0.0,0.0,0.006944444444444444,0.046296296296296294
5009.0,0.0004630650219041854,0.0,0.0,0.0,0.013888888888888888,0.09259259259259259
5010.0,0.00015533086843788624,0.0,0.0,0.0,0.005208333333333333,0.034722222222222224
5011.0,0.00015521170280408114,0.0,0.0,0.0,0.001736111111111111,0.012934308567006761
5012.0,0.0,0.0,0.0,0.0,0.0,0.0
5013.0,0.0,0.0,0.0,0.0,0.0,0.0
5014.0,0.0,0.0,0.0,0.0,0.0,0.0
5015.0,1.0127329915121663e-05,0.0,0.0,0.0,0.003472222222222222,0.023148148148148147
5016.0,0.0,0.0,0.0,0.0,0.0,0.0
5017.0,0.00019566989794839174,0.0,0.0,0.0,0.001736111111111111,0.016305824829032645
5018.0,0.0,0.0,0.0,0.0,0.0,0.0
5019.0,0.00010595381900202483,0.0,0.0,0.0,0.001736111111111111,0.011574074074074073
5020.0,0.0,0.0,0.0,0.0,0.0,0.0
5021.0,0.0,0.0,0.0,0.0,0.0,0.0
5022.0,0.0,0.0,0.0,0.0,0.0,0.0
5023.0,3.4381894238322275e-06,0.0,0.0,0.0,0.0,0.0002865157853193523
5024.0,0.0,0.0,0.0,0.0,0.0,0.0
5025.0,6.267019489314407e-05,0.0,0.0,0.0,0.003472222222222222,0.023148148148148147
5026.0,7.009121327428147e-05,0.0,0.0,0.0,0.0,0.005840934439523456
5027.0,9.93668072624132e-05,0.0,0.0,0.0,0.001736111111111111,0.011574074074074073
5028.0,0.00011723853822331876,0.0,0.0,0.0,0.001736111111111111,0.011574074074074073
5029.0,0.00010067739640362561,0.0,0.0,0.0,0.0,0.008389783033635467
5030.0,0.0,0.0,0.0,0.0,0.0,0.0
5031.0,4.158428055234253e-06,1.4463770412476151e-06,1.0236166190225049e-06,0.0,0.0,0.0003465356712695211
5032.0,0.0001355071144644171,1.4463770412476151e-06,1.0236166190225049e-06,0.0,0.003472222222222222,0.023148148148148147
5033.0,0.00020300580945331603,0.0,0.0,0.0,0.001736111111111111,0.016917150787776336
5034.0,9.36989308684133e-05,0.0,0.0,0.0,0.0,0.007808244239034441
5035.0,0.0001226340827997774,0.0,0.0,0.0,0.003472222222222222,0.023148148148148147
5036.0,0.00011968951730523258,0.0,0.0,0.0,0.001736111111111111,0.011574074074074073
5037.0,0.0001003029610728845,0.0,0.0,0.0,0.0,0.008358580089407042
5038.0,0.00012928919750265777,0.0,0.0,0.0,0.005208333333333333,0.034722222222222224
5039.0,0.0,0.0,0.0,0.0,0.0,0.0
5040.0,6.740189292031573e-06,0.0,0.0,0.0,0.0,0.0005616824410026311
5041.0,0.0,0.0,0.0,0.0,0.0,0.0
5042.0,0.0,0.0,0.0,0.0,0.0,0.0
5043.0,0.0,0.0,0.0,0.0,0.0,0.0
5044.0,0.0,0.0,0.0,0.0,0.0,0.0
5045.0,2.6296975192963146e-05,0.0,0.0,0.0,0.0,0.0021914145994135956
5046.0,8.31120487418957e-05,0.0,0.0,0.0,0.0,0.006926004061824642
5047.0,0.0001341230672551319,0.0,0.0,0.0,0.003472222222222222,0.023148148148148147
5048.0,0.0001017667236737907,0.0,0.0,0.0,0.001736111111111111,0.011574074074074073
5049.0,1.9233386410633102e-05,0.0,0.0,0.0,0.0,0.001602782200886092
5050.0,4.758985960506834e-05,0.0,0.0,0.0,0.001736111111111111,0.011574074074074073
5051.0,2.2246045773499645e-05,0.0,0.0,0.0,0.0,0.001853837147791637
5052.0,0.00016668366151861846,0.0,0.0,0.0,0.0,0.013890305126551539
5053.0,0.0,0.0,0.0,0.0,0.0,0.0
5054.0,5.55385195184499e-05,0.0,0.0,0.0,0.0,0.0046282099598708255
5055.0,0.00022239239478949457,0.0,0.0,0.0,0.003472222222222222,0.023148148148148147
5056.0,6.216495239641517e-05,1.4463770412476151e-06,1.0236166190225049e-06,0.0,0.0,0.0051804126997012645
5057.0,5.159992610970221e-07,1.4463770412476151e-06,1.0236166190225049e-06,0.0,0.0,4.299993842475184e-05
5058.0,0.0,0.0,0.0,0.0,0.0,0.0
5059.0,5.102803697809577e-05,0.0,0.0,0.0,0.0,0.004252336414841314
5060.0,0.0,0.0,0.0,0.0,0.0,0.0
5061.0,0.0,0.0,0.0,0.0,0.0,0.0
5062.0,0.0,0.0,0.0,0.0,0.0,0.0
5063.0,3.7105116916791303e-06,0.0,0.0,0.0,0.0,0.00030920930763992754
5064.0,7.422724593197927e-05,0.0,0.0,0.0,0.0,0.006185603827664939
5065.0,1.2935712447870173e-06,0.0,0.0,0.0,0.0,0.00010779760373225145
5066.0,0.0,0.0,0.0,0.0,0.0,0.0
5067.0,0.0,0.0,0.0,0.0,0.0,0.0
5068.0,0.0,0.0,0.0,0.0,0.0,0.0
5069.0,0.0,0.0,0.0,0.0,0.0,0.0
5070.0,0.0,0.0,0.0,0.0,0.0,0.0
5071.0,0.0,0.0,0.0,0.0,0.0,0.0
5072.0,0.0,0.0,0.0,0.0,0.0,0.0
5073.0,0.0,0.0,0.0,0.0,0.0,0.0
5074.0,0.0,0.0,0.0,0.0,0.0,0.0
5075.0,0.0,0.0,0.0,0.0,0.0,0.0
5076.0,0.0,0.0,0.0,0.0,0.0,0.0
5077.0,0.0,0.0,0.0,0.0,0.0,0.0
5078.0,0.0,0.0,0.0,0.0,0.0,0.0
5079.0,0.0,0.0,0.0,0.0,0.0,0.0
5080.0,0.0,0.0,0.0,0.0,0.0,0.0
5081.0,5.159992610970221e-07,1.4463770412476151e-06,1.0236166190225049e-06,0.0,0.0,4.299993842475184e-05
5082.0,5.159992610970221e-07,1.4463770412476151e-06,1.0236166190225049e-06,0.0,0.0,4.299993842475184e-05
5083.0,0.0,0.0,0.0,0.0,0.0,0.0
5084.0,0.0,0.0,0.0,0.0,0.0,0.0
5085.0,0.0,0.0,0.0,0.0,0.0,0.0
5086.0,0.0,0.0,0.0,0.0,0.0,0.0
5087.0,0.0,0.0,0.0,0.0,0.0,0.0
5088.0,0.0,0.0,0.0,0.0,0.0,0.0
5089.0,0.0,0.0,0.0,0.0,0.0,0.0
5090.0,0.0,0.0,0.0,0.0,0.0,0.0
5091.0,0.0,0.0,0.0,0.0,0.0,0.0
5092.0,0.0,0.0,0.0,0.0,0.0,0.0
5093.0,0.0,0.0,0.0,0.0,0.0,0.0
5094.0,0.0,0.0,0.0,0.0,0.0,0.0
5095.0,0.0,0.0,0.0,0.0,0.0,0.0
5096.0,0.0,0.0,0.0,0.0,0.0,0.0
5097.0,0.0,0.0,0.0,0.0,0.0,0.0
5098.0,0.0,0.0,0.0,0.0,0.0,0.0
5099.0,0.0,0.0,0.0,0.0,0.0,0.0
5100.0,0.0,0.0,0.0,0.0,0.0,0.0
5101.0,0.0,0.0,0.0,0.0,0.0,0.0
5102.0,0.0,0.0,0.0,0.0,0.0,0.0
5103.0,0.0,0.0,0.0,0.0,0.0,0.0
5104.0,0.0,0.0,0.0,0.0,0.0,0.0
5105.0,0.0,0.0,0.0,0.0,0.0,0.0
5106.0,5.159992610970221e-07,1.4463770412476151e-06,1.0236166190225049e-06,0.0,0.0,4.299993842475184e-05
5107.0,2.1366347937146202e-05,1.4463770412476151e-06,1.0236166190225049e-06,0.0,0.0,0.0017805289947621834
5108.0,0.00036751086008735,0.0,0.0,0.0,0.003472222222222222,0.030625905007279165
5109.0,0.0,0.0,0.0,0.0,0.0,0.0
5110.0,0.0,0.0,0.0,0.0,0.0,0.0
5111.0,0.0,0.0,0.0,0.0,0.0,0.0
5112.0,0.0,0.0,0.0,0.0,0.0,0.0
5113.0,0.0,0.0,0.0,0.0,0.0,0.0
5114.0,0.0,0.0,0.0,0.0,0.0,0.0
5115.0,4.629631803254597e-06,0.0,0.0,0.0,0.0,0.0003858026502712164
5116.0,0.0,0.0,0.0,0.0,0.0,0.0
5117.0,0.0,0.0,0.0,0.0,0.0,0.0
5118.0,0.0,0.0,0.0,0.0,0.0,0.0
5119.0,1.2459149729693308e-05,0.0,0.0,0.0,0.0,0.0010382624774744424
5120.0,0.0003132148121949285,0.0,0.0,0.0,0.001736111111111111,0.02610123434957738
5121.0,0.0001619178510736674,0.0,0.0,0.0,0.003472222222222222,0.023148148148148147
5122.0,0.0,0.0,0.0,0.0,0.0,0.0
5123.0,4.953018105879892e-06,0.0,0.0,0.0,0.0,0.0004127515088233243
5124.0,0.0,0.0,0.0,0.0,0.0,0.0
5125.0,0.0,0.0,0.0,0.0,0.0,0.0
5126.0,0.0,0.0,0.0,0.0,0.0,0.0
5127.0,0.0,0.0,0.0,0.0,0.0,0.0
5128.0,0.0,0.0,0.0,0.0,0.0,0.0
5129.0,0.0,0.0,0.0,0.0,0.0,0.0
5130.0,0.0,0.0,0.0,0.0,0.0,0.0
5131.0,5.159992610970221e-07,1.4463770412476151e-06,1.0236166190225049e-06,0.0,0.0,4.299993842475184e-05
5132.0,5.159992610970221e-07,1.4463770412476151e-06,1.0236166190225049e-06,0.0,0.0,4.299993842475184e-05
5133.0,0.0,0.0,0.0,0.0,0.0,0.0
5134.0,0.0,0.0,0.0,0.0,0.0,0.0
5135.0,0.0,0.0,0.0,0.0,0.0,0.0
5136.0,0.0,0.0,0.0,0.0,0.0,0.0
5137.0,0.0,0.0,0.0,0.0,0.0,0.0
5138.0,0.0,0.0,0.0,0.0,0.0,0.0
5139.0,0.0,0.0,0.0,0.0,0.0,0.0
5140.0,0.0,0.0,0.0,0.0,0.0,0.0
5141.0,0.0,0.0,0.0,0.0,0.0,0.0
5142.0,0.0,0.0,0.0,0.0,0.0,0.0
5143.0,0.0,0.0,0.0,0.0,0.0,0.0
5144.0,0.0,0.0,0.0,0.0,0.0,0.0
5145.0,0.0,0.0,0.0,0.0,0.0,0.0
5146.0,0.0,0.0,0.0,0.0,0.0,0.0
5147.0,0.0,0.0,0.0,0.0,0.0,0.0
5148.0,0.0,0.0,0.0,0.0,0.0,0.0
5149.0,0.0,0.0,0.0,0.0,0.0,0.0
5150.0,0.0,0.0,0.0,0.0,0.0,0.0
5151.0,0.0,0.0,0.0,0.0,0.0,0.0
5152.0,0.0,0.0,0.0,0.0,0.0,0.0
5153.0,0.0,0.0,0.0,0.0,0.0,0.0
5154.0,0.0,0.0,0.0,0.0,0.0,0.0
5155.0,0.0,0.0,0.0,0.0,0.0,0.0
5156.0,5.159992610970221e-07,1.4463770412476151e-06,1.0236166190225049e-06,0.0,0.0,4.299993842475184e-05
5157.0,5.159992610970221e-07,1.4463770412476151e-06,1.0236166190225049e-06,0.0,0.0,4.299993842475184e-05
5158.0,0.0,0.0,0.0,0.0,0.0,0.0
5159.0,0.0,0.0,0.0,0.0,0.0,0.0
5160.0,6.808330255125838e-08,0.0,0.0,0.0,0.0,5.6736085459381984e-06
5161.0,0.007963710464537144,0.00019480171613395214,0.0,0.0,0.1545138888888889,1.0300925925925928
5162.0,0.0,0.0,0.0,0.0,0.0,0.0
5163.0,0.0,0.0,0.0,0.0,0.0,0.0
5164.0,0.0,0.0,0.0,0.0,0.0,0.0
5165.0,1.5829301673875307e-06,0.0,0.0,0.0,0.0,0.00013191084728229421
5166.0,0.0,0.0,0.0,0.0,0.0,0.0
5167.0,0.0,0.0,0.0,0.0,0.0,0.0
5168.0,0.0,0.0,0.0,0.0,0.0,0.0
5169.0,0.0,0.0,0.0,0.0,0.0,0.0
5170.0,0.0,0.0,0.0,0.0,0.0,0.0
5171.0,0.023513538762927055,0.007686620112508535,0.0,0.0003869295760523528,0.10243055555555555,1.9594615635772545
5172.0,3.31662477037753e-07,2.144561904060538e-06,0.0,0.0,0.0,5.361404760151345e-05
5173.0,3.31662477037753e-07,2.144561904060538e-06,0.0,0.0,0.0,5.361404760151345e-05
5174.0,3.31662477037753e-07,2.144561904060538e-06,0.0,0.0,0.0,5.361404760151345e-05
5175.0,3.31662477037753e-07,2.144561904060538e-06,0.0,0.0,0.0,5.361404760151345e-05
5176.0,3.31662477037753e-07,2.144561904060538e-06,0.0,0.0,0.0,5.361404760151345e-05
5177.0,3.31662477037753e-07,2.144561904060538e-06,0.0,0.0,0.0,5.361404760151345e-05
5178.0,3.31662477037753e-07,2.144561904060538e-06,0.0,0.0,0.0,5.361404760151345e-05
5179.0,5.912954748055199e-06,7.8829652920831e-06,3.572371497284621e-05,0.0,0.0,0.0004927462290046
5180.0,6.18317289990955e-06,9.630222848500125e-06,3.572371497284621e-05,0.0,0.0,0.0005152644083257959
5181.0,3.31662477037753e-07,2.144561904060538e-06,0.0,0.0,0.0,5.361404760151345e-05
5182.0,3.31662477037753e-07,2.144561904060538e-06,0.0,0.0,0.0,5.361404760151345e-05
5183.0,3.31662477037753e-07,2.144561904060538e-06,0.0,0.0,0.0,5.361404760151345e-05
5184.0,3.31662477037753e-07,2.144561904060538e-06,0.0,0.0,0.0,5.361404760151345e-05
5185.0,3.31662477037753e-07,2.144561904060538e-06,0.0,0.0,0.0,5.361404760151345e-05
5186.0,3.31662477037753e-07,2.144561904060538e-06,0.0,0.0,0.0,5.361404760151345e-05
5187.0,3.31662477037753e-07,2.144561904060538e-06,0.0,0.0,0.0,5.361404760151345e-05
5188.0,0.0,0.0,0.0,0.0,0.0,0.0
5189.0,3.31662477037753e-07,2.144561904060538e-06,0.0,0.0,0.0,5.361404760151345e-05
5190.0,3.31662477037753e-07,2.144561904060538e-06,0.0,0.0,0.0,5.361404760151345e-05
5191.0,3.31662477037753e-07,2.144561904060538e-06,0.0,0.0,0.0,5.361404760151345e-05
5192.0,3.31662477037753e-07,2.144561904060538e-06,0.0,0.0,0.0,5.361404760151345e-05
5193.0,3.31662477037753e-07,2.144561904060538e-06,0.0,0.0,0.0,5.361404760151345e-05
5194.0,3.31662477037753e-07,2.144561904060538e-06,0.0,0.0,0.0,5.361404760151345e-05
5195.0,3.31662477037753e-07,2.144561904060538e-06,0.0,0.0,0.0,5.361404760151345e-05
5196.0,7.388682570308447e-05,0.0,0.0,0.0,0.001736111111111111,0.011574074074074073
5197.0,0.0002805093245115131,2.144561904060538e-06,0.0,0.0,0.001736111111111111,0.023375777042626094
5198.0,3.31662477037753e-07,2.144561904060538e-06,0.0,0.0,0.0,5.361404760151345e-05
5199.0,3.31662477037753e-07,2.144561904060538e-06,0.0,0.0,0.0,5.361404760151345e-05
5200.0,3.31662477037753e-07,2.144561904060538e-06,0.0,0.0,0.0,5.361404760151345e-05
5201.0,3.31662477037753e-07,2.144561904060538e-06,0.0,0.0,0.0,5.361404760151345e-05
5202.0,3.31662477037753e-07,2.144561904060538e-06,0.0,0.0,0.0,5.361404760151345e-05
5203.0,3.31662477037753e-07,2.144561904060538e-06,0.0,0.0,0.0,5.361404760151345e-05
5204.0,9.929855877999216e-06,7.8829652920831e-06,3.572371497284621e-05,0.0,0.0,0.000827487989833268
5205.0,6.115090855018934e-06,9.630222848500125e-06,3.572371497284621e-05,0.0,0.0,0.0005095909045849112
5206.0,3.31662477037753e-07,2.144561904060538e-06,0.0,0.0,0.0,5.361404760151345e-05
5207.0,3.31662477037753e-07,2.144561904060538e-06,0.0,0.0,0.0,5.361404760151345e-05
5208.0,3.31662477037753e-07,2.144561904060538e-06,0.0,0.0,0.0,5.361404760151345e-05
5209.0,0.0003116572042927146,2.144561904060538e-06,0.0,0.0,0.0,0.02597143369105955
5210.0,2.1488385755219497e-05,2.144561904060538e-06,0.0,0.0,0.001736111111111111,0.011574074074074073
5211.0,3.31662477037753e-07,2.144561904060538e-06,0.0,0.0,0.0,5.361404760151345e-05
5212.0,3.31662477037753e-07,2.144561904060538e-06,0.0,0.0,0.0,5.361404760151345e-05
5213.0,3.0807414077571593e-06,0.0,0.0,0.0,0.0,0.00025672845064642996
5214.0,0.0001693131198408082,2.144561904060538e-06,0.0,0.0,0.0,0.014109426653400684
5215.0,0.0004783408367075026,2.144561904060538e-06,0.0,0.0,0.003472222222222222,0.03986173639229188
5216.0,7.203983841463923e-05,2.144561904060538e-06,0.0,0.0,0.001736111111111111,0.011574074074074073
5217.0,3.31662477037753e-07,2.144561904060538e-06,0.0,0.0,0.0,5.361404760151345e-05
5218.0,3.31662477037753e-07,2.144561904060538e-06,0.0,0.0,0.0,5.361404760151345e-05
5219.0,3.31662477037753e-07,2.144561904060538e-06,0.0,0.0,0.0,5.361404760151345e-05
5220.0,3.31662477037753e-07,2.144561904060538e-06,0.0,0.0,0.0,5.361404760151345e-05
5221.0,7.795478268235456e-06,0.0,0.0,0.0,0.0,0.0006496231890196213
5222.0,3.31662477037753e-07,2.144561904060538e-06,0.0,0.0,0.0,5.361404760151345e-05
5223.0,3.31662477037753e-07,2.144561904060538e-06,0.0,0.0,0.0,5.361404760151345e-05
5224.0,3.31662477037753e-07,2.144561904060538e-06,0.0,0.0,0.0,5.361404760151345e-05
5225.0,3.31662477037753e-07,2.144561904060538e-06,0.0,0.0,0.0,5.361404760151345e-05
5226.0,3.31662477037753e-07,2.144561904060538e-06,0.0,0.0,0.0,5.361404760151345e-05
5227.0,3.31662477037753e-07,2.144561904060538e-06,0.0,0.0,0.0,5.361404760151345e-05
5228.0,3.31662477037753e-07,2.144561904060538e-06,0.0,0.0,0.0,5.361404760151345e-05
5229.0,5.742748271586606e-06,7.8829652920831e-06,3.572371497284621e-05,0.0,0.0,0.0004785623559655505
5230.0,3.248014036216773e-05,9.630222848500125e-06,3.572371497284621e-05,0.0,0.0,0.0027066783635139777
5231.0,0.0001643941504880786,2.144561904060538e-06,0.0,0.0,0.0,0.013699512540673217
5232.0,3.31662477037753e-07,2.144561904060538e-06,0.0,0.0,0.0,5.361404760151345e-05
5233.0,3.31662477037753e-07,2.144561904060538e-06,0.0,0.0,0.0,5.361404760151345e-05
5234.0,3.31662477037753e-07,2.144561904060538e-06,0.0,0.0,0.0,5.361404760151345e-05
5235.0,3.31662477037753e-07,2.144561904060538e-06,0.0,0.0,0.0,5.361404760151345e-05
5236.0,0.0015955280978232622,2.144561904060538e-06,0.0,0.0,0.010416666666666666,0.13296067481860518
5237.0,0.024905230849981308,0.01064929086714983,0.0,0.0002260780893266201,0.1284722222222222,2.075435904165109
5238.0,6.101673534431029e-06,2.144561904060538e-06,0.0,0.0,0.0,0.0005084727945359191
5239.0,6.101673534431029e-06,2.144561904060538e-06,0.0,0.0,0.0,0.0005084727945359191
5240.0,6.101673534431029e-06,2.144561904060538e-06,0.0,0.0,0.0,0.0005084727945359191
5241.0,6.101673534431029e-06,2.144561904060538e-06,0.0,0.0,0.0,0.0005084727945359191
5242.0,6.101673534431029e-06,2.144561904060538e-06,0.0,0.0,0.0,0.0005084727945359191
5243.0,6.101673534431029e-06,2.144561904060538e-06,0.0,0.0,0.0,0.0005084727945359191
5244.0,6.101673534431029e-06,2.144561904060538e-06,0.0,0.0,0.0,0.0005084727945359191
5245.0,1.7020436615666767e-08,0.0,0.0,0.0,0.0,1.4183697179722306e-06
5246.0,6.118694273027359e-06,2.144561904060538e-06,0.0,0.0,0.0,0.0005098911894189465
5247.0,6.101673534431029e-06,2.144561904060538e-06,0.0,0.0,0.0,0.0005084727945359191
5248.0,6.101673534431029e-06,2.144561904060538e-06,0.0,0.0,0.0,0.0005084727945359191
5249.0,6.101673534431029e-06,2.144561904060538e-06,0.0,0.0,0.0,0.0005084727945359191
5250.0,8.172462548827752e-05,2.144561904060538e-06,0.0,0.0,0.0,0.00681038545735646
5251.0,6.9016464294691104e-06,2.144561904060538e-06,0.0,0.0,0.0,0.0005751372024557592
5252.0,4.74001853945083e-06,2.144561904060538e-06,0.0,0.0,0.0,0.00039500154495423584
5253.0,6.655962351942435e-05,8.445798812317662e-06,3.572371497284621e-05,0.0,0.0,0.005546635293285362
5254.0,1.9699540644069202e-05,1.0193055459239986e-05,3.572371497284621e-05,0.0,0.0,0.0016416283870057669
5255.0,6.101673534431029e-06,2.144561904060538e-06,0.0,0.0,0.0,0.0005084727945359191
5256.0,6.101673534431029e-06,2.144561904060538e-06,0.0,0.0,0.0,0.0005084727945359191
5257.0,6.101673534431029e-06,2.144561904060538e-06,0.0,0.0,0.0,0.0005084727945359191
5258.0,6.101673534431029e-06,2.144561904060538e-06,0.0,0.0,0.0,0.0005084727945359191
5259.0,6.101673534431029e-06,2.144561904060538e-06,0.0,0.0,0.0,0.0005084727945359191
5260.0,0.025046996772289276,0.01064929086714983,0.0,0.0002260780893266201,0.1284722222222222,2.0872497310241065
5261.0,3.31662477037753e-07,2.144561904060538e-06,0.0,0.0,0.0,5.361404760151345e-05
5262.0,0.025068484246730804,0.010671515949070454,0.0,0.00022470760450232774,0.1284722222222222,2.0890403538942337
5263.0,6.565107014466776e-06,2.1696546355087776e-06,0.0,0.0,0.0,0.0005470922512055646
5264.0,7.780782311783696e-07,2.1696546355087776e-06,0.0,0.0,0.0,6.483985259819747e-05
5265.0,7.780782311783696e-07,2.1696546355087776e-06,0.0,0.0,0.0,6.483985259819747e-05
5266.0,7.780782311783696e-07,2.1696546355087776e-06,0.0,0.0,0.0,6.483985259819747e-05
5267.0,7.780782311783696e-07,2.1696546355087776e-06,0.0,0.0,0.0,6.483985259819747e-05
5268.0,0.0001273364177905023,8.51342047099024e-05,3.572371497284621e-05,3.887585990014486e-05,0.0,0.010611368149208525
5269.0,1.3112528904457577e-05,1.0193055459239986e-05,3.572371497284621e-05,0.0,0.0,0.0010927107420381315
5270.0,6.101673534431029e-06,2.144561904060538e-06,0.0,0.0,0.0,0.0005084727945359191
5271.0,6.101673534431029e-06,2.144561904060538e-06,0.0,0.0,0.0,0.0005084727945359191
5272.0,6.101673534431029e-06,2.144561904060538e-06,0.0,0.0,0.0,0.0005084727945359191
5273.0,6.773360655643046e-05,2.144561904060538e-06,0.0,0.0,0.0,0.005644467213035871
5274.0,0.00011893185001099482,2.144561904060538e-06,0.0,0.0,0.0,0.009910987500916235
5275.0,0.00022160069784149528,2.144561904060538e-06,0.0,0.0,0.0,0.018466724820124607
5276.0,1.5911938362478395e-06,2.144561904060538e-06,0.0,0.0,0.0,0.00013259948635398663
5277.0,4.119011009606766e-06,0.0,0.0,0.0,0.0,0.00034325091746723047
5278.0,6.101673534431029e-06,2.144561904060538e-06,0.0,0.0,0.0,0.0005084727945359191
5279.0,6.101673534431029e-06,2.144561904060538e-06,0.0,0.0,0.0,0.0005084727945359191
5280.0,6.101673534431029e-06,2.144561904060538e-06,0.0,0.0,0.0,0.0005084727945359191
5281.0,6.101673534431029e-06,2.144561904060538e-06,0.0,0.0,0.0,0.0005084727945359191
5282.0,6.101673534431029e-06,2.144561904060538e-06,0.0,0.0,0.0,0.0005084727945359191
5283.0,6.101673534431029e-06,2.144561904060538e-06,0.0,0.0,0.0,0.0005084727945359191
5284.0,6.101673534431029e-06,2.144561904060538e-06,0.0,0.0,0.0,0.0005084727945359191
5285.0,1.7020436615666767e-08,0.0,0.0,0.0,0.0,1.4183697179722306e-06
5286.0,5.306177263264544e-05,2.144561904060538e-06,0.0,0.0,0.0,0.004421814386053787
5287.0,0.00031567405676469207,2.144561904060538e-06,0.0,0.0,0.0,0.02630617139705767
5288.0,0.00015283709217328578,2.144561904060538e-06,0.0,0.0,0.0,0.012736424347773815
5289.0,2.9698699108848814e-06,2.144561904060538e-06,0.0,0.0,0.0,0.00024748915924040676
5290.0,2.9698699108848814e-06,2.144561904060538e-06,0.0,0.0,0.0,0.00024748915924040676
5291.0,2.9698699108848814e-06,2.144561904060538e-06,0.0,0.0,0.0,0.00024748915924040676
5292.0,2.9698699108848814e-06,2.144561904060538e-06,0.0,0.0,0.0,0.00024748915924040676
5293.0,1.2791258086508606e-05,8.445798812317662e-06,3.572371497284621e-05,0.0,0.0,0.0010659381738757172
5294.0,1.3555068107962143e-05,1.0193055459239986e-05,3.572371497284621e-05,0.0,0.0,0.0011295890089968452
5295.0,6.101673534431029e-06,2.144561904060538e-06,0.0,0.0,0.0,0.0005084727945359191
5296.0,6.101673534431029e-06,2.144561904060538e-06,0.0,0.0,0.0,0.0005084727945359191
5297.0,6.101673534431029e-06,2.144561904060538e-06,0.0,0.0,0.0,0.0005084727945359191
5298.0,6.101673534431029e-06,2.144561904060538e-06,0.0,0.0,0.0,0.0005084727945359191
5299.0,0.0003232142189517617,2.144561904060538e-06,0.0,0.0,0.0,0.026934518245980144
5300.0,2.3990427507669665e-05,2.144561904060538e-06,0.0,0.0,0.0,0.0019992022923058053
5301.0,2.9698699108848814e-06,2.144561904060538e-06,0.0,0.0,0.0,0.00024748915924040676
5302.0,0.00011419182555982843,0.0,0.0,0.0,0.0,0.009515985463319035
5303.0,4.331523996370379e-06,2.144561904060538e-06,0.0,0.0,0.0,0.0003609603330308649
5304.0,4.331523996370379e-06,2.144561904060538e-06,0.0,0.0,0.0,0.0003609603330308649
5305.0,4.331523996370379e-06,2.144561904060538e-06,0.0,0.0,0.0,0.0003609603330308649
5306.0,4.331523996370379e-06,2.144561904060538e-06,0.0,0.0,0.0,0.0003609603330308649
5307.0,4.331523996370379e-06,2.144561904060538e-06,0.0,0.0,0.0,0.0003609603330308649
5308.0,4.331523996370379e-06,2.144561904060538e-06,0.0,0.0,0.0,0.0003609603330308649
5309.0,4.331523996370379e-06,2.144561904060538e-06,0.0,0.0,0.0,0.0003609603330308649
5310.0,1.5148391412367346e-06,0.0,0.0,0.0,0.0,0.0001262365951030612
5311.0,4.331523996370379e-06,2.144561904060538e-06,0.0,0.0,0.0,0.0003609603330308649
5312.0,4.331523996370379e-06,2.144561904060538e-06,0.0,0.0,0.0,0.0003609603330308649
5313.0,4.331523996370379e-06,2.144561904060538e-06,0.0,0.0,0.0,0.0003609603330308649
5314.0,4.331523996370379e-06,2.144561904060538e-06,0.0,0.0,0.0,0.0003609603330308649
5315.0,4.331523996370379e-06,2.144561904060538e-06,0.0,0.0,0.0,0.0003609603330308649
5316.0,4.331523996370379e-06,2.144561904060538e-06,0.0,0.0,0.0,0.0003609603330308649
5317.0,4.331523996370379e-06,2.144561904060538e-06,0.0,0.0,0.0,0.0003609603330308649
5318.0,7.497818387491861e-06,8.445798812317662e-06,3.572371497284621e-05,0.0,0.0,0.0006248181989576551
5319.0,1.1733857718354557e-05,1.0193055459239986e-05,3.572371497284621e-05,0.0,0.0,0.0009778214765295463
5320.0,4.331523996370379e-06,2.144561904060538e-06,0.0,0.0,0.0,0.0003609603330308649
5321.0,4.331523996370379e-06,2.144561904060538e-06,0.0,0.0,0.0,0.0003609603330308649
5322.0,4.331523996370379e-06,2.144561904060538e-06,0.0,0.0,0.0,0.0003609603330308649
5323.0,0.001507701352238655,2.144561904060538e-06,0.0,0.0,0.0,0.12564177935322127
5324.0,7.256747630890459e-05,2.144561904060538e-06,0.0,0.0,0.0,0.006047289692408715
5325.0,1.5911938362478395e-06,2.144561904060538e-06,0.0,0.0,0.0,0.00013259948635398663
5326.0,1.5911938362478395e-06,2.144561904060538e-06,0.0,0.0,0.0,0.00013259948635398663
5327.0,7.523147814936237e-06,0.0,0.0,0.0,0.0,0.0006269289845780198
5328.0,6.101673534431029e-06,2.144561904060538e-06,0.0,0.0,0.0,0.0005084727945359191
5329.0,6.101673534431029e-06,2.144561904060538e-06,0.0,0.0,0.0,0.0005084727945359191
5330.0,6.101673534431029e-06,2.144561904060538e-06,0.0,0.0,0.0,0.0005084727945359191
5331.0,6.101673534431029e-06,2.144561904060538e-06,0.0,0.0,0.0,0.0005084727945359191
5332.0,6.101673534431029e-06,2.144561904060538e-06,0.0,0.0,0.0,0.0005084727945359191
5333.0,6.101673534431029e-06,2.144561904060538e-06,0.0,0.0,0.0,0.0005084727945359191
5334.0,6.101673534431029e-06,2.144561904060538e-06,0.0,0.0,0.0,0.0005084727945359191
5335.0,0.00016438585589639843,0.0,0.0,0.0,0.001736111111111111,0.01369882132469987
5336.0,1.5326892025768757e-05,2.144561904060538e-06,0.0,0.0,0.0,0.0012772410021473963
5337.0,6.1186947277747095e-06,2.144561904060538e-06,0.0,0.0,0.0,0.0005098912273145592
5338.0,6.1186947277747095e-06,2.144561904060538e-06,0.0,0.0,0.0,0.0005098912273145592
5339.0,6.1186947277747095e-06,2.144561904060538e-06,0.0,0.0,0.0,0.0005098912273145592
5340.0,6.1186947277747095e-06,2.144561904060538e-06,0.0,0.0,0.0,0.0005098912273145592
5341.0,0.00015128820086829364,2.144561904060538e-06,0.0,0.0,0.0,0.012607350072357804
5342.0,0.00028285812004469335,2.144561904060538e-06,0.0,0.0,0.0,0.023571510003724445
5343.0,3.3386299037374556e-05,8.445798812317662e-06,3.572371497284621e-05,0.0,0.0,0.0027821915864478797
5344.0,1.3180612768337596e-05,1.0193055459239986e-05,3.572371497284621e-05,0.0,0.0,0.0010983843973614664
5345.0,6.101673534431029e-06,2.144561904060538e-06,0.0,0.0,0.0,0.0005084727945359191
5346.0,6.101673534431029e-06,2.144561904060538e-06,0.0,0.0,0.0,0.0005084727945359191
5347.0,6.101673534431029e-06,2.144561904060538e-06,0.0,0.0,0.0,0.0005084727945359191
5348.0,6.101673534431029e-06,2.144561904060538e-06,0.0,0.0,0.0,0.0005084727945359191
5349.0,6.101673534431029e-06,2.144561904060538e-06,0.0,0.0,0.0,0.0005084727945359191
5350.0,6.101673534431029e-06,2.144561904060538e-06,0.0,0.0,0.0,0.0005084727945359191
5351.0,6.101673534431029e-06,2.144561904060538e-06,0.0,0.0,0.0,0.0005084727945359191
5352.0,0.0,0.0,0.0,0.0,0.0,0.0
5353.0,6.101673534431029e-06,2.144561904060538e-06,0.0,0.0,0.0,0.0005084727945359191
5354.0,6.101673534431029e-06,2.144561904060538e-06,0.0,0.0,0.0,0.0005084727945359191
5355.0,6.101673534431029e-06,2.144561904060538e-06,0.0,0.0,0.0,0.0005084727945359191
5356.0,6.101673534431029e-06,2.144561904060538e-06,0.0,0.0,0.0,0.0005084727945359191
5357.0,6.101673534431029e-06,2.144561904060538e-06,0.0,0.0,0.0,0.0005084727945359191
5358.0,6.101673534431029e-06,2.144561904060538e-06,0.0,0.0,0.0,0.0005084727945359191
5359.0,6.101673534431029e-06,2.144561904060538e-06,0.0,0.0,0.0,0.0005084727945359191
5360.0,1.7020436615666767e-08,0.0,0.0,0.0,0.0,1.4183697179722306e-06
5361.0,4.698539123637602e-05,2.144561904060538e-06,0.0,0.0,0.001736111111111111,0.011574074074074073
5362.0,0.00018422324501443654,2.144561904060538e-06,0.0,0.0,0.001736111111111111,0.015351937084536377
5363.0,0.00015457319386769086,2.144561904060538e-06,0.0,0.0,0.003472222222222222,0.023148148148148147
5364.0,0.00016338990826625377,2.144561904060538e-06,0.0,0.0,0.003472222222222222,0.023148148148148147
5365.0,0.00011971480853389949,2.144561904060538e-06,0.0,0.0,0.0,0.009976234044491624
5366.0,6.1186947277747095e-06,2.144561904060538e-06,0.0,0.0,0.0,0.0005098912273145592
5367.0,6.1186947277747095e-06,2.144561904060538e-06,0.0,0.0,0.0,0.0005098912273145592
5368.0,1.3727406440011691e-05,8.445798812317662e-06,3.572371497284621e-05,0.0,0.0,0.001143950536667641
5369.0,1.3401881915342528e-05,1.0193055459239986e-05,3.572371497284621e-05,0.0,0.0,0.0011168234929452108
5370.0,6.101673534431029e-06,2.144561904060538e-06,0.0,0.0,0.0,0.0005084727945359191
5371.0,6.101673534431029e-06,2.144561904060538e-06,0.0,0.0,0.0,0.0005084727945359191
5372.0,6.101673534431029e-06,2.144561904060538e-06,0.0,0.0,0.0,0.0005084727945359191
5373.0,0.000253718753810972,2.144561904060538e-06,0.0,0.0,0.001736111111111111,0.021143229484247666
5374.0,0.00030491696088574827,2.144561904060538e-06,0.0,0.0,0.003472222222222222,0.025409746740479022
5375.0,0.00010082183143822476,2.144561904060538e-06,0.0,0.0,0.005208333333333333,0.034722222222222224
5376.0,6.101673534431029e-06,2.144561904060538e-06,0.0,0.0,0.0,0.0005084727945359191
5377.0,0.0,0.0,0.0,0.0,0.0,0.0
5378.0,6.101673534431029e-06,2.144561904060538e-06,0.0,0.0,0.0,0.0005084727945359191
5379.0,6.101673534431029e-06,2.144561904060538e-06,0.0,0.0,0.0,0.0005084727945359191
5380.0,6.101673534431029e-06,2.144561904060538e-06,0.0,0.0,0.0,0.0005084727945359191
5381.0,6.101673534431029e-06,2.144561904060538e-06,0.0,0.0,0.0,0.0005084727945359191
5382.0,6.101673534431029e-06,2.144561904060538e-06,0.0,0.0,0.0,0.0005084727945359191
5383.0,6.101673534431029e-06,2.144561904060538e-06,0.0,0.0,0.0,0.0005084727945359191
5384.0,1.3897155440645292e-05,5.915432484471239e-05,0.0,0.0,0.0,0.0014788581211178098
5385.0,0.00017248769290745258,0.0004921769723296165,0.0,0.0,0.003472222222222222,0.023148148148148147
5386.0,0.0006856018444523215,2.144561904060538e-06,0.0,0.0,0.012152777777777778,0.08101851851851852
5387.0,0.0001400885812472552,2.144561904060538e-06,0.0,0.0,0.0,0.011674048437271267
5388.0,0.00011370649735908955,2.144561904060538e-06,0.0,0.0,0.0,0.009475541446590796
5389.0,1.5911938362478395e-06,2.144561904060538e-06,0.0,0.0,0.0,0.00013259948635398663
5390.0,1.7954424720301176e-06,2.144561904060538e-06,0.0,0.0,0.0,0.0001496202060025098
5391.0,0.0001939420762937516,2.144561904060538e-06,0.0,0.0,0.001736111111111111,0.016161839691145968
5392.0,0.00015780712419655174,2.144561904060538e-06,0.0,0.0,0.0,0.013150593683045978
5393.0,5.1053775678155944e-05,1.1417343557695858e-05,3.572371497284621e-05,0.0,0.0,0.004254481306512996
5394.0,1.2942322427988984e-05,1.0193055459239986e-05,3.572371497284621e-05,0.0,0.0,0.001078526868999082
5395.0,6.101673534431029e-06,2.144561904060538e-06,0.0,0.0,0.0,0.0005084727945359191
5396.0,6.101673534431029e-06,2.144561904060538e-06,0.0,0.0,0.0,0.0005084727945359191
5397.0,6.101673534431029e-06,2.144561904060538e-06,0.0,0.0,0.0,0.0005084727945359191
5398.0,6.101673534431029e-06,2.144561904060538e-06,0.0,0.0,0.0,0.0005084727945359191
5399.0,6.101673534431029e-06,2.144561904060538e-06,0.0,0.0,0.0,0.0005084727945359191
5400.0,5.764034722233191e-05,2.144561904060538e-06,0.0,0.0,0.0,0.0048033622685276596
5401.0,0.00023390664136968553,2.144561904060538e-06,0.0,0.0,0.0,0.019492220114140462
5402.0,0.00026191442157141864,0.0,0.0,0.0,0.001736111111111111,0.02182620179761822
5403.0,6.101673534431029e-06,2.144561904060538e-06,0.0,0.0,0.0,0.0005084727945359191
5404.0,6.101673534431029e-06,2.144561904060538e-06,0.0,0.0,0.0,0.0005084727945359191
5405.0,6.101673534431029e-06,2.144561904060538e-06,0.0,0.0,0.0,0.0005084727945359191
5406.0,6.101673534431029e-06,2.144561904060538e-06,0.0,0.0,0.0,0.0005084727945359191
5407.0,6.101673534431029e-06,2.144561904060538e-06,0.0,0.0,0.0,0.0005084727945359191
5408.0,6.101673534431029e-06,2.144561904060538e-06,0.0,0.0,0.0,0.0005084727945359191
5409.0,6.101673534431029e-06,2.144561904060538e-06,0.0,0.0,0.0,0.0005084727945359191
5410.0,2.008441470024991e-06,0.0,0.0,0.0,0.0,0.00016737012250208258
5411.0,6.118694273027359e-06,2.144561904060538e-06,0.0,0.0,0.0,0.0005098911894189465
5412.0,6.101673534431029e-06,2.144561904060538e-06,0.0,0.0,0.0,0.0005084727945359191
5413.0,9.900062286760658e-05,2.144561904060538e-06,0.0,0.0,0.0,0.008250051905633882
5414.0,0.00025562505470588803,2.144561904060538e-06,0.0,0.0,0.0,0.021302087892157335
5415.0,2.392234091530554e-05,2.144561904060538e-06,0.0,0.0,0.001736111111111111,0.011574074074074073
5416.0,6.1186947277747095e-06,2.144561904060538e-06,0.0,0.0,0.0,0.0005098912273145592
5417.0,6.1186947277747095e-06,2.144561904060538e-06,0.0,0.0,0.0,0.0005098912273145592
5418.0,0.00023416239127982408,8.445798812317662e-06,3.572371497284621e-05,0.0,0.0,0.019513532606652007
5419.0,0.0001686646428424865,1.0193055459239986e-05,3.572371497284621e-05,0.0,0.003472222222222222,0.023148148148148147
5420.0,6.101673534431029e-06,2.144561904060538e-06,0.0,0.0,0.0,0.0005084727945359191
5421.0,6.101673534431029e-06,2.144561904060538e-06,0.0,0.0,0.0,0.0005084727945359191
5422.0,6.101673534431029e-06,2.144561904060538e-06,0.0,0.0,0.0,0.0005084727945359191
5423.0,6.101673534431029e-06,2.144561904060538e-06,0.0,0.0,0.0,0.0005084727945359191
5424.0,6.101673534431029e-06,2.144561904060538e-06,0.0,0.0,0.0,0.0005084727945359191
5425.0,6.101673534431029e-06,2.144561904060538e-06,0.0,0.0,0.0,0.0005084727945359191
5426.0,6.101673534431029e-06,2.144561904060538e-06,0.0,0.0,0.0,0.0005084727945359191
5427.0,1.6339868125214707e-06,0.0,0.0,0.0,0.0,0.00013616556771012256
5428.0,6.101673534431029e-06,2.144561904060538e-06,0.0,0.0,0.0,0.0005084727945359191
5429.0,6.101673534431029e-06,2.144561904060538e-06,0.0,0.0,0.0,0.0005084727945359191
5430.0,6.101673534431029e-06,2.144561904060538e-06,0.0,0.0,0.0,0.0005084727945359191
5431.0,6.101673534431029e-06,2.144561904060538e-06,0.0,0.0,0.0,0.0005084727945359191
5432.0,6.101673534431029e-06,2.144561904060538e-06,0.0,0.0,0.0,0.0005084727945359191
5433.0,6.101673534431029e-06,2.144561904060538e-06,0.0,0.0,0.0,0.0005084727945359191
5434.0,6.101673534431029e-06,2.144561904060538e-06,0.0,0.0,0.0,0.0005084727945359191
5435.0,1.7020436615666767e-08,0.0,0.0,0.0,0.0,1.4183697179722306e-06
5436.0,6.118694273027359e-06,2.144561904060538e-06,0.0,0.0,0.0,0.0005098911894189465
5437.0,6.101673534431029e-06,2.144561904060538e-06,0.0,0.0,0.0,0.0005084727945359191
5438.0,6.101673534431029e-06,2.144561904060538e-06,0.0,0.0,0.0,0.0005084727945359191
5439.0,6.101673534431029e-06,2.144561904060538e-06,0.0,0.0,0.0,0.0005084727945359191
5440.0,6.101673534431029e-06,2.144561904060538e-06,0.0,0.0,0.0,0.0005084727945359191
5441.0,6.101673534431029e-06,2.144561904060538e-06,0.0,0.0,0.0,0.0005084727945359191
5442.0,6.101673534431029e-06,2.144561904060538e-06,0.0,0.0,0.0,0.0005084727945359191
5443.0,7.191446002252633e-06,8.445798812317662e-06,3.572371497284621e-05,0.0,0.0,0.0005992871668543861
5444.0,1.3231674529379234e-05,1.0193055459239986e-05,3.572371497284621e-05,0.0,0.0,0.0011026395441149361
5445.0,6.101673534431029e-06,2.144561904060538e-06,0.0,0.0,0.0,0.0005084727945359191
5446.0,6.101673534431029e-06,2.144561904060538e-06,0.0,0.0,0.0,0.0005084727945359191
5447.0,6.101673534431029e-06,2.144561904060538e-06,0.0,0.0,0.0,0.0005084727945359191
5448.0,6.101673534431029e-06,2.144561904060538e-06,0.0,0.0,0.0,0.0005084727945359191
5449.0,6.101673534431029e-06,2.144561904060538e-06,0.0,0.0,0.0,0.0005084727945359191
5450.0,6.101673534431029e-06,2.144561904060538e-06,0.0,0.0,0.0,0.0005084727945359191
5451.0,6.101673534431029e-06,2.144561904060538e-06,0.0,0.0,0.0,0.0005084727945359191
5452.0,0.0,0.0,0.0,0.0,0.0,0.0
5453.0,6.101673534431029e-06,2.144561904060538e-06,0.0,0.0,0.0,0.0005084727945359191
5454.0,6.101673534431029e-06,2.144561904060538e-06,0.0,0.0,0.0,0.0005084727945359191
5455.0,6.101673534431029e-06,2.144561904060538e-06,0.0,0.0,0.0,0.0005084727945359191
5456.0,0.027871359139680862,0.011195341125130653,0.0,0.0002303784276591614,0.12152777777777778,2.322613261640072
5457.0,3.3554309197825205e-07,2.1696546355087776e-06,0.0,0.0,0.0,5.424136588771944e-05
5458.0,3.3554309197825205e-07,2.1696546355087776e-06,0.0,0.0,0.0,5.424136588771944e-05
5459.0,3.3554309197825205e-07,2.1696546355087776e-06,0.0,0.0,0.0,5.424136588771944e-05
5460.0,0.00010349255171604455,1.2941671229782514e-05,0.0,3.566203304217197e-05,0.001736111111111111,0.011574074074074073
5461.0,4.48407772637438e-05,2.144561904060538e-06,0.0,0.0,0.0,0.0037367314386453168
5462.0,0.0005665590870194137,2.144561904060538e-06,0.0,0.0,0.001736111111111111,0.04721325725161781
5463.0,5.38447275175713e-05,2.144561904060538e-06,0.0,0.0,0.001736111111111111,0.011574074074074073
5464.0,3.31662477037753e-07,2.144561904060538e-06,0.0,0.0,0.0,5.361404760151345e-05
5465.0,3.31662477037753e-07,2.144561904060538e-06,0.0,0.0,0.0,5.361404760151345e-05
5466.0,3.31662477037753e-07,2.144561904060538e-06,0.0,0.0,0.0,5.361404760151345e-05
5467.0,3.31662477037753e-07,2.144561904060538e-06,0.0,0.0,0.0,5.361404760151345e-05
5468.0,1.1291495866316836e-05,7.8829652920831e-06,3.572371497284621e-05,0.0,0.0,0.0009409579888597364
5469.0,6.098070571169956e-06,9.630222848500125e-06,3.572371497284621e-05,0.0,0.0,0.0005081725475974963
5470.0,3.31662477037753e-07,2.144561904060538e-06,0.0,0.0,0.0,5.361404760151345e-05
5471.0,3.31662477037753e-07,2.144561904060538e-06,0.0,0.0,0.0,5.361404760151345e-05
5472.0,3.31662477037753e-07,2.144561904060538e-06,0.0,0.0,0.0,5.361404760151345e-05
5473.0,3.31662477037753e-07,2.144561904060538e-06,0.0,0.0,0.0,5.361404760151345e-05
5474.0,3.31662477037753e-07,2.144561904060538e-06,0.0,0.0,0.0,5.361404760151345e-05
5475.0,3.31662477037753e-07,2.144561904060538e-06,0.0,0.0,0.0,5.361404760151345e-05
5476.0,3.31662477037753e-07,2.144561904060538e-06,0.0,0.0,0.0,5.361404760151345e-05
5477.0,0.0,0.0,0.0,0.0,0.0,0.0
5478.0,0.028515752404928207,0.011220813728868961,0.0,0.00022470760450232774,0.1232638888888889,2.376312700410684
5479.0,0.0034584570676088333,0.0005539523554034531,0.0,0.0,0.026041666666666668,0.28820475563406944
5480.0,0.026107439771294594,0.024227818474173546,0.0,0.0006203431985341012,0.14756944444444445,2.175619980941216
5481.0,0.0,0.0,0.0,0.0,0.0,0.0
5482.0,0.0,0.0,0.0,0.0,0.0,0.0
5483.0,0.0,0.0,0.0,0.0,0.0,0.0
5484.0,0.0,0.0,0.0,0.0,0.0,0.0
5485.0,8.522763528162614e-05,3.8464080716948956e-05,0.0,3.8446858525276184e-05,0.0,0.007102302940135511
5486.0,0.0,0.0,0.0,0.0,0.0,0.0
5487.0,0.0,0.0,0.0,0.0,0.0,0.0
5488.0,0.0,0.0,0.0,0.0,0.0,0.0
5489.0,0.0,0.0,0.0,0.0,0.0,0.0
5490.0,0.0,0.0,0.0,0.0,0.0,0.0
5491.0,0.0,0.0,0.0,0.0,0.0,0.0
5492.0,0.0,0.0,0.0,0.0,0.0,0.0
5493.0,5.6460748965037055e-06,3.846072104352061e-06,3.572371497284621e-05,0.0,0.0,0.0004705062413753088
5494.0,5.6460748965037055e-06,3.846072104352061e-06,3.572371497284621e-05,0.0,0.0,0.0004705062413753088
