timestamp_s,full_change,title_change,header_change,counter_change,hash_change,candidate_score
1.0,0.0,0.0,0.0,0.0,0.0,0.0
2.0,0.0,0.0,0.0,0.0,0.0,0.0
3.0,0.0,0.0,0.0,0.0,0.0,0.0
4.0,0.0,0.0,0.0,0.0,0.0,0.0
5.0,0.0,0.0,0.0,0.0,0.0,0.0
6.0,0.0,0.0,0.0,0.0,0.0,0.0
7.0,0.0,0.0,0.0,0.0,0.0,0.0
8.0,0.0001201894847326912,0.00015826281742192805,0.000669059285428375,0.00016338932618964463,0.0,0.02042366577370558
9.0,5.937833407188009e-07,0.0,0.0,0.0,0.0,4.948194505990008e-05
10.0,0.0,0.0,0.0,0.0,0.0,0.0
11.0,0.0,0.0,0.0,0.0,0.0,0.0
12.0,0.0,0.0,0.0,0.0,0.0,0.0
13.0,0.0,0.0,0.0,0.0,0.0,0.0
14.0,0.0,0.0,0.0,0.0,0.0,0.0
15.0,0.0,0.0,0.0,0.0,0.0,0.0
16.0,0.0,0.0,0.0,0.0,0.0,0.0
17.0,0.0,0.0,0.0,0.0,0.0,0.0
18.0,0.0,0.0,0.0,0.0,0.0,0.0
19.0,0.0,0.0,0.0,0.0,0.0,0.0
20.0,0.0,0.0,0.0,0.0,0.0,0.0
21.0,0.0,0.0,0.0,0.0,0.0,0.0
22.0,0.0,0.0,0.0,0.0,0.0,0.0
23.0,0.0,0.0,0.0,0.0,0.0,0.0
24.0,0.0,0.0,0.0,0.0,0.0,0.0
25.0,0.0,0.0,0.0,0.0,0.0,0.0
26.0,0.0,0.0,0.0,0.0,0.0,0.0
27.0,0.0,0.0,0.0,0.0,0.0,0.0
28.0,0.0,0.0,0.0,0.0,0.0,0.0
29.0,0.0,0.0,0.0,0.0,0.0,0.0
30.0,0.0,0.0,0.0,0.0,0.0,0.0
31.0,0.0,0.0,0.0,0.0,0.0,0.0
32.0,0.0,0.0,0.0,0.0,0.0,0.0
33.0,5.937833407188009e-07,0.0,0.0,0.0,0.0,4.948194505990008e-05
34.0,5.937833407188009e-07,0.0,0.0,0.0,0.0,4.948194505990008e-05
35.0,0.0,0.0,0.0,0.0,0.0,0.0
36.0,0.0,0.0,0.0,0.0,0.0,0.0
37.0,0.0,0.0,0.0,0.0,0.0,0.0
38.0,0.0,0.0,0.0,0.0,0.0,0.0
39.0,0.0,0.0,0.0,0.0,0.0,0.0
40.0,0.0,0.0,0.0,0.0,0.0,0.0
41.0,0.0,0.0,0.0,0.0,0.0,0.0
42.0,0.0,0.0,0.0,0.0,0.0,0.0
43.0,0.0,0.0,0.0,0.0,0.0,0.0
44.0,0.0,0.0,0.0,0.0,0.0,0.0
45.0,0.0,0.0,0.0,0.0,0.0,0.0
46.0,0.0,0.0,0.0,0.0,0.0,0.0
47.0,0.0,0.0,0.0,0.0,0.0,0.0
48.0,0.0,0.0,0.0,0.0,0.0,0.0
49.0,0.0,0.0,0.0,0.0,0.0,0.0
50.0,0.0,0.0,0.0,0.0,0.0,0.0
51.0,0.0,0.0,0.0,0.0,0.0,0.0
52.0,0.0,0.0,0.0,0.0,0.0,0.0
53.0,0.0,0.0,0.0,0.0,0.0,0.0
54.0,0.0,0.0,0.0,0.0,0.0,0.0
55.0,0.0,0.0,0.0,0.0,0.0,0.0
56.0,0.0,0.0,0.0,0.0,0.0,0.0
57.0,0.0,0.0,0.0,0.0,0.0,0.0
58.0,5.937833407188009e-07,0.0,0.0,0.0,0.0,4.948194505990008e-05
59.0,5.937833407188009e-07,0.0,0.0,0.0,0.0,4.948194505990008e-05
60.0,0.0,0.0,0.0,0.0,0.0,0.0
61.0,0.019095638766884804,0.0019902619533240795,0.0,0.0005197471473366022,0.10590277777777778,1.5913032305737336
62.0,0.0,0.0,0.0,0.0,0.0,0.0
63.0,0.0,0.0,0.0,0.0,0.0,0.0
64.0,0.0,0.0,0.0,0.0,0.0,0.0
65.0,0.0,0.0,0.0,0.0,0.0,0.0
66.0,0.0,0.0,0.0,0.0,0.0,0.0
67.0,0.00015618304314557463,2.8205515263834968e-05,0.0,4.3165066017536446e-05,0.0,0.013015253595464552
68.0,0.0,0.0,0.0,0.0,0.0,0.0
69.0,0.0,0.0,0.0,0.0,0.0,0.0
70.0,0.0,0.0,0.0,0.0,0.0,0.0
71.0,0.0,0.0,0.0,0.0,0.0,0.0
72.0,0.0,0.0,0.0,0.0,0.0,0.0
73.0,0.0,0.0,0.0,0.0,0.0,0.0
74.0,0.0,0.0,0.0,0.0,0.0,0.0
75.0,0.0,0.0,0.0,0.0,0.0,0.0
76.0,0.0,0.0,0.0,0.0,0.0,0.0
77.0,0.0,0.0,0.0,0.0,0.0,0.0
78.0,0.0,0.0,0.0,0.0,0.0,0.0
79.0,0.0,0.0,0.0,0.0,0.0,0.0
80.0,0.0,0.0,0.0,0.0,0.0,0.0
81.0,0.0,0.0,0.0,0.0,0.0,0.0
82.0,0.0,0.0,0.0,0.0,0.0,0.0
83.0,2.2126886278783786e-07,0.0,0.0,0.0,0.0,1.8439071898986487e-05
84.0,2.2126886278783786e-07,0.0,0.0,0.0,0.0,1.8439071898986487e-05
85.0,0.0,0.0,0.0,0.0,0.0,0.0
86.0,0.0,0.0,0.0,0.0,0.0,0.0
87.0,0.0,0.0,0.0,0.0,0.0,0.0
88.0,0.0,0.0,0.0,0.0,0.0,0.0
89.0,0.0,0.0,0.0,0.0,0.0,0.0
90.0,0.0,0.0,0.0,0.0,0.0,0.0
91.0,0.0,0.0,0.0,0.0,0.0,0.0
92.0,0.0,0.0,0.0,0.0,0.0,0.0
93.0,0.0,0.0,0.0,0.0,0.0,0.0
94.0,0.0,0.0,0.0,0.0,0.0,0.0
95.0,0.0,0.0,0.0,0.0,0.0,0.0
96.0,0.0,0.0,0.0,0.0,0.0,0.0
97.0,0.0,0.0,0.0,0.0,0.0,0.0
98.0,0.0,0.0,0.0,0.0,0.0,0.0
99.0,0.0,0.0,0.0,0.0,0.0,0.0
100.0,0.0,0.0,0.0,0.0,0.0,0.0
101.0,0.0,0.0,0.0,0.0,0.0,0.0
102.0,0.0,0.0,0.0,0.0,0.0,0.0
103.0,0.0,0.0,0.0,0.0,0.0,0.0
104.0,0.0,0.0,0.0,0.0,0.0,0.0
105.0,0.0,0.0,0.0,0.0,0.0,0.0
106.0,0.0,0.0,0.0,0.0,0.0,0.0
107.0,0.0,0.0,0.0,0.0,0.0,0.0
108.0,2.2126886278783786e-07,0.0,0.0,0.0,0.0,1.8439071898986487e-05
109.0,2.2126886278783786e-07,0.0,0.0,0.0,0.0,1.8439071898986487e-05
110.0,0.0,0.0,0.0,0.0,0.0,0.0
111.0,0.0,0.0,0.0,0.0,0.0,0.0
112.0,0.0,0.0,0.0,0.0,0.0,0.0
113.0,0.0,0.0,0.0,0.0,0.0,0.0
114.0,0.0,0.0,0.0,0.0,0.0,0.0
115.0,0.0,0.0,0.0,0.0,0.0,0.0
116.0,0.0,0.0,0.0,0.0,0.0,0.0
117.0,0.0,0.0,0.0,0.0,0.0,0.0
118.0,0.0,0.0,0.0,0.0,0.0,0.0
119.0,0.00014237807772587985,0.0,0.0,0.0,0.0,0.011864839810489988
120.0,0.00020438451610971242,0.0,0.0,0.0,0.0,0.0170320430091427
121.0,0.0,0.0,0.0,0.0,0.0,0.0
122.0,0.0,0.0,0.0,0.0,0.0,0.0
123.0,0.0,0.0,0.0,0.0,0.0,0.0
124.0,0.0,0.0,0.0,0.0,0.0,0.0
125.0,4.374316631583497e-06,0.0,0.0,0.0,0.0,0.0003645263859652914
126.0,0.0,0.0,0.0,0.0,0.0,0.0
127.0,0.0,0.0,0.0,0.0,0.0,0.0
128.0,0.0,0.0,0.0,0.0,0.0,0.0
129.0,0.0,0.0,0.0,0.0,0.0,0.0
130.0,0.0,0.0,0.0,0.0,0.0,0.0
131.0,0.0,0.0,0.0,0.0,0.0,0.0
132.0,0.0,0.0,0.0,0.0,0.0,0.0
133.0,2.2126886278783786e-07,0.0,0.0,0.0,0.0,1.8439071898986487e-05
134.0,2.2126886278783786e-07,0.0,0.0,0.0,0.0,1.8439071898986487e-05
135.0,0.0,0.0,0.0,0.0,0.0,0.0
136.0,0.0,0.0,0.0,0.0,0.0,0.0
137.0,0.0,0.0,0.0,0.0,0.0,0.0
138.0,0.0,0.0,0.0,0.0,0.0,0.0
139.0,0.0,0.0,0.0,0.0,0.0,0.0
140.0,0.0,0.0,0.0,0.0,0.0,0.0
141.0,2.9343680580495857e-05,0.0,0.0,0.0,0.0,0.0024453067150413212
142.0,0.00039808001019991934,0.0,0.0,0.0,0.0,0.03317333418332661
143.0,0.0006187533144839108,0.0,0.0,0.0,0.0,0.05156277620699257
144.0,0.00010021783964475617,0.0,0.0,0.0,0.0,0.008351486637063013
145.0,0.0,0.0,0.0,0.0,0.0,0.0
146.0,0.0,0.0,0.0,0.0,0.0,0.0
147.0,0.0,0.0,0.0,0.0,0.0,0.0
148.0,0.0,0.0,0.0,0.0,0.0,0.0
149.0,0.0,0.0,0.0,0.0,0.0,0.0
150.0,1.1199615073564928e-05,0.0,0.0,0.0,0.0,0.0009333012561304106
151.0,0.0,0.0,0.0,0.0,0.0,0.0
152.0,0.0,0.0,0.0,0.0,0.0,0.0
153.0,0.0,0.0,0.0,0.0,0.0,0.0
154.0,0.0,0.0,0.0,0.0,0.0,0.0
155.0,0.0,0.0,0.0,0.0,0.0,0.0
156.0,0.0,0.0,0.0,0.0,0.0,0.0
157.0,0.0,0.0,0.0,0.0,0.0,0.0
158.0,1.872274566494525e-07,0.0,0.0,0.0,0.0,1.5602288054121043e-05
159.0,1.872274566494525e-07,0.0,0.0,0.0,0.0,1.5602288054121043e-05
160.0,0.0,0.0,0.0,0.0,0.0,0.0
161.0,0.0,0.0,0.0,0.0,0.0,0.0
162.0,0.0,0.0,0.0,0.0,0.0,0.0
163.0,0.0,0.0,0.0,0.0,0.0,0.0
164.0,0.0,0.0,0.0,0.0,0.0,0.0
165.0,0.0,0.0,0.0,0.0,0.0,0.0
166.0,0.0,0.0,0.0,0.0,0.0,0.0
167.0,0.0,0.0,0.0,0.0,0.0,0.0
168.0,0.0,0.0,0.0,0.0,0.0,0.0
169.0,0.0,0.0,0.0,0.0,0.0,0.0
170.0,1.0527295302154016e-07,0.0,1.9946453448937973e-06,0.0,0.0,8.772746085128347e-06
171.0,0.029071763157844543,0.014865024015307426,1.9946453448937973e-06,0.00027577189030125737,0.3472222222222222,2.4226469298203788
172.0,0.0,0.0,0.0,0.0,0.0,0.0
173.0,0.0,0.0,0.0,0.0,0.0,0.0
174.0,0.0,0.0,0.0,0.0,0.0,0.0
175.0,0.0,0.0,0.0,0.0,0.0,0.0
176.0,0.0,0.0,0.0,0.0,0.0,0.0
177.0,0.0,0.0,0.0,0.0,0.0,0.0
178.0,0.0,0.0,0.0,0.0,0.0,0.0
179.0,0.0,0.0,0.0,0.0,0.0,0.0
180.0,0.0,0.0,0.0,0.0,0.0,0.0
181.0,0.0,0.0,0.0,0.0,0.0,0.0
182.0,0.0,0.0,0.0,0.0,0.0,0.0
183.0,0.0,0.0,0.0,0.0,0.0,0.0
184.0,0.0,0.0,0.0,0.0,0.0,0.0
185.0,0.0,0.0,0.0,0.0,0.0,0.0
186.0,0.00015039484424050897,0.0,0.0,0.0,0.0,0.012532903686709082
187.0,4.204109700367553e-06,0.0,0.0,0.0,0.0,0.00035034247503062943
188.0,0.0,0.0,0.0,0.0,0.0,0.0
189.0,0.0,0.0,0.0,0.0,0.0,0.0
190.0,0.00014663327601738274,0.0,0.0,0.0,0.0,0.012219439668115228
191.0,1.1148554222017992e-05,0.0,0.0,0.0,0.0,0.000929046185168166
192.0,1.0944304449367337e-05,0.0,0.0,0.0,0.0,0.0009120253707806114
193.0,0.00010598787048365921,0.0,0.0,0.0,0.0,0.008832322540304935
194.0,0.0,0.0,0.0,0.0,0.0,0.0
195.0,0.0001473311276640743,0.0,0.0,0.0,0.0,0.012277593972006192
196.0,4.782813448400702e-06,0.0,0.0,0.0,0.0,0.0003985677873667252
197.0,0.0,0.0,0.0,0.0,0.0,0.0
198.0,0.0,0.0,0.0,0.0,0.0,0.0
199.0,0.0,0.0,0.0,0.0,0.0,0.0
200.0,0.0,0.0,0.0,0.0,0.0,0.0
201.0,0.0,0.0,0.0,0.0,0.0,0.0
202.0,0.0,0.0,0.0,0.0,0.0,0.0
203.0,0.0,0.0,0.0,0.0,0.0,0.0
204.0,0.0,0.0,0.0,0.0,0.0,0.0
205.0,0.0,0.0,0.0,0.0,0.0,0.0
206.0,0.00022884322970639914,0.0,0.0,0.0,0.0,0.01907026914219993
207.0,0.00013087211118545383,0.0,0.0,0.0,0.0,0.010906009265454486
208.0,1.702069596376532e-08,0.0,0.0,0.0,0.0,1.4183913303137767e-06
209.0,0.0,0.0,0.0,0.0,0.0,0.0
210.0,0.0,0.0,0.0,0.0,0.0,0.0
211.0,0.0,0.0,0.0,0.0,0.0,0.0
212.0,4.901958618575009e-06,0.0,0.0,0.0,0.0,0.00040849655154791736
213.0,0.0,0.0,0.0,0.0,0.0,0.0
214.0,0.00014125474262982607,0.0,0.0,0.0,0.0,0.011771228552485505
215.0,1.7020686300384114e-06,0.0,0.0,0.0,0.0,0.00014183905250320095
216.0,0.0,0.0,0.0,0.0,0.0,0.0
217.0,0.0,0.0,0.0,0.0,0.0,0.0
218.0,0.0,0.0,0.0,0.0,0.0,0.0
219.0,0.0,0.0,0.0,0.0,0.0,0.0
220.0,0.00011136639659525827,0.0,0.0,0.0,0.0,0.009280533049604855
221.0,5.2645009418483824e-05,0.0,0.0,0.0,0.0,0.004387084118206985
222.0,0.0,0.0,0.0,0.0,0.0,0.0
223.0,0.0,0.0,0.0,0.0,0.0,0.0
224.0,0.0,0.0,0.0,0.0,0.0,0.0
225.0,0.0,0.0,0.0,0.0,0.0,0.0
226.0,0.0,0.0,0.0,0.0,0.0,0.0
227.0,0.0,0.0,0.0,0.0,0.0,0.0
228.0,0.0,0.0,0.0,0.0,0.0,0.0
229.0,5.787033501292171e-07,0.0,0.0,0.0,0.0,4.8225279177434764e-05
230.0,0.0,0.0,0.0,0.0,0.0,0.0
231.0,0.0,0.0,0.0,0.0,0.0,0.0
232.0,0.0,0.0,0.0,0.0,0.0,0.0
233.0,0.0,0.0,0.0,0.0,0.0,0.0
234.0,0.0,0.0,0.0,0.0,0.0,0.0
235.0,0.0,0.0,0.0,0.0,0.0,0.0
236.0,0.0,0.0,0.0,0.0,0.0,0.0
237.0,0.0,0.0,0.0,0.0,0.0,0.0
238.0,0.0,0.0,0.0,0.0,0.0,0.0
239.0,0.0,0.0,0.0,0.0,0.0,0.0
240.0,0.0,0.0,0.0,0.0,0.0,0.0
241.0,0.0,0.0,0.0,0.0,0.0,0.0
242.0,0.0,0.0,0.0,0.0,0.0,0.0
243.0,0.0,0.0,0.0,0.0,0.0,0.0
244.0,0.0,0.0,0.0,0.0,0.0,0.0
245.0,0.0,0.0,0.0,0.0,0.0,0.0
246.0,0.0,0.0,0.0,0.0,0.0,0.0
247.0,0.0,0.0,0.0,0.0,0.0,0.0
248.0,0.0,0.0,0.0,0.0,0.0,0.0
249.0,0.0,0.0,0.0,0.0,0.0,0.0
250.0,0.0,0.0,0.0,0.0,0.0,0.0
251.0,0.0,0.0,0.0,0.0,0.0,0.0
252.0,0.0,0.0,0.0,0.0,0.0,0.0
253.0,0.0012345791328698397,0.0,0.0,0.0,0.0,0.10288159440581997
254.0,5.3785356612934265e-06,0.0,0.0,0.0,0.0,0.0004482113051077855
255.0,0.0,0.0,0.0,0.0,0.0,0.0
256.0,0.0003734680649358779,0.0008956476813182235,0.0,0.0,0.001736111111111111,0.031122338744656492
257.0,0.00041632619104348123,0.0010254054795950651,0.0,0.0,0.005208333333333333,0.034722222222222224
258.0,0.0,0.0,0.0,0.0,0.0,0.0
259.0,0.0,0.0,0.0,0.0,0.0,0.0
260.0,0.0,0.0,0.0,0.0,0.0,0.0
261.0,0.0,0.0,0.0,0.0,0.0,0.0
262.0,1.2050650184391998e-05,3.0155721105984412e-05,0.0,0.0,0.0,0.0010042208486993331
263.0,0.0,0.0,0.0,0.0,0.0,0.0
264.0,0.0,0.0,0.0,0.0,0.0,0.0
265.0,0.0,0.0,0.0,0.0,0.0,0.0
266.0,0.0,0.0,0.0,0.0,0.0,0.0
267.0,0.0007897091563791037,0.001923254458233714,0.0,0.0,0.006944444444444444,0.06580909636492531
268.0,0.0,0.0,0.0,0.0,0.0,0.0
269.0,0.0,0.0,0.0,0.0,0.0,0.0
270.0,0.0,0.0,0.0,0.0,0.0,0.0
271.0,5.191309810470557e-06,1.1666091268125456e-05,0.0,0.0,0.0,0.0004326091508725464
272.0,0.0,0.0,0.0,0.0,0.0,0.0
273.0,0.0,0.0,0.0,0.0,0.0,0.0
274.0,0.0,0.0,0.0,0.0,0.0,0.0
275.0,0.0,0.0,0.0,0.0,0.0,0.0
276.0,0.0,0.0,0.0,0.0,0.0,0.0
277.0,0.0,0.0,0.0,0.0,0.0,0.0
278.0,0.0,0.0,0.0,0.0,0.0,0.0
279.0,0.0,0.0,0.0,0.0,0.0,0.0
280.0,0.0,0.0,0.0,0.0,0.0,0.0
281.0,0.0,0.0,0.0,0.0,0.0,0.0
282.0,0.0,0.0,0.0,0.0,0.0,0.0
283.0,0.0,0.0,0.0,0.0,0.0,0.0
284.0,0.0,0.0,0.0,0.0,0.0,0.0
285.0,0.0,0.0,0.0,0.0,0.0,0.0
286.0,0.0,0.0,0.0,0.0,0.0,0.0
287.0,0.0,0.0,0.0,0.0,0.0,0.0
288.0,0.0,0.0,0.0,0.0,0.0,0.0
289.0,0.0,0.0,0.0,0.0,0.0,0.0
290.0,0.0,0.0,0.0,0.0,0.0,0.0
291.0,0.0,0.0,0.0,0.0,0.0,0.0
292.0,0.0,0.0,0.0,0.0,0.0,0.0
293.0,0.0,0.0,0.0,0.0,0.0,0.0
294.0,0.0,0.0,0.0,0.0,0.0,0.0
295.0,6.348915349008166e-07,2.234293560832157e-06,0.0,0.0,0.0,5.585733902080392e-05
296.0,0.027171950787305832,0.019474118947982788,1.4256240319809876e-05,0.0006630573770962656,0.2569444444444444,2.264329232275486
297.0,0.0,0.0,0.0,0.0,0.0,0.0
298.0,0.0,0.0,0.0,0.0,0.0,0.0
299.0,0.0,0.0,0.0,0.0,0.0,0.0
300.0,0.0,0.0,0.0,0.0,0.0,0.0
301.0,0.0,0.0,0.0,0.0,0.0,0.0
302.0,0.0,0.0,0.0,0.0,0.0,0.0
303.0,0.0,0.0,0.0,0.0,0.0,0.0
304.0,0.00018239807104691863,0.00015106299542821944,1.4256240319809876e-05,0.00010814741835929453,0.0,0.015199839253909886
305.0,0.0,0.0,0.0,0.0,0.0,0.0
306.0,0.0,0.0,0.0,0.0,0.0,0.0
307.0,0.0,0.0,0.0,0.0,0.0,0.0
308.0,0.0,0.0,0.0,0.0,0.0,0.0
309.0,0.0,0.0,0.0,0.0,0.0,0.0
310.0,0.0,0.0,0.0,0.0,0.0,0.0
311.0,0.0,0.0,0.0,0.0,0.0,0.0
312.0,0.0,0.0,0.0,0.0,0.0,0.0
313.0,0.0,0.0,0.0,0.0,0.0,0.0
314.0,0.0,0.0,0.0,0.0,0.0,0.0
315.0,0.0,0.0,0.0,0.0,0.0,0.0
316.0,0.0,0.0,0.0,0.0,0.0,0.0
317.0,8.79118888406083e-05,0.0,0.0,0.0,0.0,0.007325990736717358
318.0,3.429669595789164e-05,0.0,0.0,0.0,0.0,0.0028580579964909703
319.0,0.0,0.0,0.0,0.0,0.0,0.0
320.0,0.00010603893315419555,0.0,0.0,0.0,0.0,0.008836577762849629
321.0,4.016884486190975e-05,0.0,0.0,0.0,0.0,0.003347403738492479
322.0,0.0,0.0,0.0,0.0,0.0,0.0
323.0,0.0,0.0,0.0,0.0,0.0,0.0
324.0,0.0,0.0,0.0,0.0,0.0,0.0
325.0,0.0,0.0,0.0,0.0,0.0,0.0
326.0,0.00012338301166892052,0.0,0.0,0.0,0.0,0.01028191763907671
327.0,0.0,0.0,0.0,0.0,0.0,0.0
328.0,0.00015739037189632654,0.0,0.0,0.0,0.0,0.013115864324693879
329.0,5.02110151501256e-06,0.0,0.0,0.0,0.0,0.0004184251262510467
330.0,0.0,0.0,0.0,0.0,0.0,0.0
331.0,0.0,0.0,0.0,0.0,0.0,0.0
332.0,0.0,0.0,0.0,0.0,0.0,0.0
333.0,0.0,0.0,0.0,0.0,0.0,0.0
334.0,0.0,0.0,0.0,0.0,0.0,0.0
335.0,0.0,0.0,0.0,0.0,0.0,0.0
336.0,0.0,0.0,0.0,0.0,0.0,0.0
337.0,0.0,0.0,0.0,0.0,0.0,0.0
338.0,0.0,0.0,0.0,0.0,0.0,0.0
339.0,0.0,0.0,0.0,0.0,0.0,0.0
340.0,0.0,0.0,0.0,0.0,0.0,0.0
341.0,0.0,0.0,0.0,0.0,0.0,0.0
342.0,0.0,0.0,0.0,0.0,0.0,0.0
343.0,0.0,0.0,0.0,0.0,0.0,0.0
344.0,0.0002464936987962574,0.00015837269893381745,0.0,0.0,0.006944444444444444,0.046296296296296294
345.0,0.00030051733483560383,0.0014379008207470179,0.0,0.0,0.005208333333333333,0.035947520518675447
346.0,0.00047341358731500804,0.0003746356233023107,0.0,0.0,0.008680555555555556,0.05787037037037038
347.0,0.0001643518335185945,0.0,0.0,0.0,0.001736111111111111,0.013695986126549542
348.0,0.0,0.0,0.0,0.0,0.0,0.0
349.0,0.0,0.0,0.0,0.0,0.0,0.0
350.0,0.0,0.0,0.0,0.0,0.0,0.0
351.0,0.0,0.0,0.0,0.0,0.0,0.0
352.0,0.0,0.0,0.0,0.0,0.0,0.0
353.0,0.0,0.0,0.0,0.0,0.0,0.0
354.0,5.242366569291335e-06,2.42126475313853e-06,0.0,0.0,0.0,0.00043686388077427785
355.0,0.0,0.0,0.0,0.0,0.0,0.0
356.0,0.0,0.0,0.0,0.0,0.0,0.0
357.0,0.0,0.0,0.0,0.0,0.0,0.0
358.0,0.0,0.0,0.0,0.0,0.0,0.0
359.0,0.0,0.0,0.0,0.0,0.0,0.0
360.0,0.0,0.0,0.0,0.0,0.0,0.0
361.0,0.0,0.0,0.0,0.0,0.0,0.0
362.0,0.0,0.0,0.0,0.0,0.0,0.0
363.0,0.0,0.0,0.0,0.0,0.0,0.0
364.0,0.0,0.0,0.0,0.0,0.0,0.0
365.0,8.510425431040858e-08,0.0,0.0,0.0,0.0,7.092021192534048e-06
366.0,3.063722715523909e-07,1.760918166837655e-06,0.0,0.0,0.0,4.4022954170941375e-05
367.0,0.0,0.0,0.0,0.0,0.0,0.0
368.0,0.0,0.0,0.0,0.0,0.0,0.0
369.0,0.0,0.0,0.0,0.0,0.0,0.0
370.0,0.0,0.0,0.0,0.0,0.0,0.0
371.0,4.4253914666114724e-07,4.402299396133458e-07,0.0,0.0,0.0,3.687826222176227e-05
372.0,0.0,0.0,0.0,0.0,0.0,0.0
373.0,0.0,0.0,0.0,0.0,0.0,0.0
374.0,0.0,0.0,0.0,0.0,0.0,0.0
375.0,0.0,0.0,0.0,0.0,0.0,0.0
376.0,0.0,0.0,0.0,0.0,0.0,0.0
377.0,0.0,0.0,0.0,0.0,0.0,0.0
378.0,0.0,0.0,0.0,0.0,0.0,0.0
379.0,0.0,0.0,0.0,0.0,0.0,0.0
380.0,0.0,0.0,0.0,0.0,0.0,0.0
381.0,0.0,0.0,0.0,0.0,0.0,0.0
382.0,0.0,0.0,0.0,0.0,0.0,0.0
383.0,0.0,0.0,0.0,0.0,0.0,0.0
384.0,0.0,0.0,0.0,0.0,0.0,0.0
385.0,0.0,0.0,0.0,0.0,0.0,0.0
386.0,0.0,0.0,0.0,0.0,0.0,0.0
387.0,0.0,0.0,0.0,0.0,0.0,0.0
388.0,0.0,0.0,0.0,0.0,0.0,0.0
389.0,0.0,0.0,0.0,0.0,0.0,0.0
390.0,0.0,0.0,0.0,0.0,0.0,0.0
391.0,0.0,0.0,0.0,0.0,0.0,0.0
392.0,0.0,0.0,0.0,0.0,0.0,0.0
393.0,0.0,0.0,0.0,0.0,0.0,0.0
394.0,0.0,0.0,0.0,0.0,0.0,0.0
395.0,0.0,0.0,0.0,0.0,0.0,0.0
396.0,0.0,0.0,0.0,0.0,0.0,0.0
397.0,0.0,0.0,0.0,0.0,0.0,0.0
398.0,0.0,0.0,0.0,0.0,0.0,0.0
399.0,0.0,0.0,0.0,0.0,0.0,0.0
400.0,0.0,0.0,0.0,0.0,0.0,0.0
401.0,0.0,0.0,0.0,0.0,0.0,0.0
402.0,0.0,0.0,0.0,0.0,0.0,0.0
403.0,0.0,0.0,0.0,0.0,0.0,0.0
404.0,0.0,0.0,0.0,0.0,0.0,0.0
405.0,0.0,0.0,0.0,0.0,0.0,0.0
406.0,0.0,0.0,0.0,0.0,0.0,0.0
407.0,0.0,0.0,0.0,0.0,0.0,0.0
408.0,0.0,0.0,0.0,0.0,0.0,0.0
409.0,0.0,0.0,0.0,0.0,0.0,0.0
410.0,0.0,0.0,0.0,0.0,0.0,0.0
411.0,0.0,0.0,0.0,0.0,0.0,0.0
412.0,0.0,0.0,0.0,0.0,0.0,0.0
413.0,0.0,0.0,0.0,0.0,0.0,0.0
414.0,0.0,0.0,0.0,0.0,0.0,0.0
415.0,0.0,0.0,0.0,0.0,0.0,0.0
416.0,4.542823808151297e-05,0.0,0.0,0.0,0.0,0.0037856865067927474
417.0,3.717319850693457e-05,0.0,0.0,0.0,0.0,0.0030977665422445475
418.0,0.0,0.0,0.0,0.0,0.0,0.0
419.0,0.0,0.0,0.0,0.0,0.0,0.0
420.0,0.0,0.0,0.0,0.0,0.0,0.0
421.0,7.599740638397634e-05,0.0,0.0,0.0,0.0,0.006333117198664695
422.0,0.0,0.0,0.0,0.0,0.0,0.0
423.0,0.0,0.0,0.0,0.0,0.0,0.0
424.0,0.0,0.0,0.0,0.0,0.0,0.0
425.0,0.0,0.0,0.0,0.0,0.0,0.0
426.0,0.0,0.0,0.0,0.0,0.0,0.0
427.0,0.0,0.0,0.0,0.0,0.0,0.0
428.0,0.0,0.0,0.0,0.0,0.0,0.0
429.0,6.297664185694885e-07,0.0,0.0,0.0,0.0,5.2480534880790706e-05
430.0,0.0,0.0,0.0,0.0,0.0,0.0
431.0,0.0,0.0,0.0,0.0,0.0,0.0
432.0,0.0,0.0,0.0,0.0,0.0,0.0
433.0,0.0,0.0,0.0,0.0,0.0,0.0
434.0,0.0,0.0,0.0,0.0,0.0,0.0
435.0,0.0,0.0,0.0,0.0,0.0,0.0
436.0,0.0,0.0,0.0,0.0,0.0,0.0
437.0,6.808355834664326e-08,0.0,0.0,0.0,0.0,5.673629862220271e-06
438.0,6.808355834664326e-08,0.0,0.0,0.0,0.0,5.673629862220271e-06
439.0,0.0,0.0,0.0,0.0,0.0,0.0
440.0,0.0,0.0,0.0,0.0,0.0,0.0
441.0,0.0,0.0,0.0,0.0,0.0,0.0
442.0,0.0,0.0,0.0,0.0,0.0,0.0
443.0,0.0,0.0,0.0,0.0,0.0,0.0
444.0,0.0,0.0,0.0,0.0,0.0,0.0
445.0,0.0,0.0,0.0,0.0,0.0,0.0
446.0,0.0,0.0,0.0,0.0,0.0,0.0
447.0,0.0,0.0,0.0,0.0,0.0,0.0
448.0,0.0,0.0,0.0,0.0,0.0,0.0
449.0,0.0,0.0,0.0,0.0,0.0,0.0
450.0,0.0,0.0,0.0,0.0,0.0,0.0
451.0,0.0,0.0,0.0,0.0,0.0,0.0
452.0,0.0,0.0,0.0,0.0,0.0,0.0
453.0,0.0,0.0,0.0,0.0,0.0,0.0
454.0,0.0,0.0,0.0,0.0,0.0,0.0
455.0,0.0,0.0,0.0,0.0,0.0,0.0
456.0,0.0,0.0,0.0,0.0,0.0,0.0
457.0,0.0,0.0,0.0,0.0,0.0,0.0
458.0,0.0,0.0,0.0,0.0,0.0,0.0
459.0,0.0,0.0,0.0,0.0,0.0,0.0
460.0,0.0,0.0,0.0,0.0,0.0,0.0
461.0,0.0,0.0,0.0,0.0,0.0,0.0
462.0,1.872268882152639e-07,0.0,0.0,0.0,0.0,1.5602240684605324e-05
463.0,0.0018829655600711703,0.0019493376603350043,0.0,0.0,0.022569444444444444,0.15691379667259753
464.0,0.0,0.0,0.0,0.0,0.0,0.0
465.0,0.0,0.0,0.0,0.0,0.0,0.0
466.0,0.0,0.0,0.0,0.0,0.0,0.0
467.0,0.0,0.0,0.0,0.0,0.0,0.0
468.0,0.0,0.0,0.0,0.0,0.0,0.0
469.0,0.0,0.0,0.0,0.0,0.0,0.0
470.0,0.0,0.0,0.0,0.0,0.0,0.0
471.0,5.1062020247627515e-06,0.0,0.0,0.0,0.0,0.00042551683539689594
472.0,0.0,0.0,0.0,0.0,0.0,0.0
473.0,0.0,0.0,0.0,0.0,0.0,0.0
474.0,9.755723340276745e-07,5.627440714306431e-06,1.9946453448937973e-06,0.0,0.0,0.00014068601785766077
475.0,0.032471541315317154,0.016705088317394257,1.9946453448937973e-06,0.0006769163883291185,0.3871527777777778,2.7059617762764296
476.0,0.0,0.0,0.0,0.0,0.0,0.0
477.0,0.0,0.0,0.0,0.0,0.0,0.0
478.0,0.0,0.0,0.0,0.0,0.0,0.0
479.0,0.0,0.0,0.0,0.0,0.0,0.0
480.0,0.0,0.0,0.0,0.0,0.0,0.0
481.0,0.0,0.0,0.0,0.0,0.0,0.0
482.0,0.0,0.0,0.0,0.0,0.0,0.0
483.0,0.0,0.0,0.0,0.0,0.0,0.0
484.0,0.0,0.0,0.0,0.0,0.0,0.0
485.0,0.0,0.0,0.0,0.0,0.0,0.0
486.0,0.0,0.0,0.0,0.0,0.0,0.0
487.0,0.0,0.0,0.0,0.0,0.0,0.0
488.0,0.0,0.0,0.0,0.0,0.0,0.0
489.0,0.0,0.0,0.0,0.0,0.0,0.0
490.0,0.0,0.0,0.0,0.0,0.0,0.0
491.0,2.893523571856349e-07,0.0,0.0,0.0,0.0,2.4112696432136243e-05
492.0,2.893523571856349e-07,0.0,0.0,0.0,0.0,2.4112696432136243e-05
493.0,0.0,0.0,0.0,0.0,0.0,0.0
494.0,0.0,0.0,0.0,0.0,0.0,0.0
495.0,0.0,0.0,0.0,0.0,0.0,0.0
496.0,0.0,0.0,0.0,0.0,0.0,0.0
497.0,0.00016996863996610045,0.0005279456381686032,0.0,0.0,0.005208333333333333,0.034722222222222224
498.0,0.00033910328056663275,0.00032048733555711806,0.0,0.0,0.006944444444444444,0.046296296296296294
499.0,0.00028159035718999803,0.00026325747603550553,0.0,0.0,0.003472222222222222,0.0234658630991665
500.0,0.0003283802652731538,8.375381003133953e-05,0.0,0.0,0.003472222222222222,0.02736502210609615
501.0,0.00021944777108728886,0.0,0.0,0.0,0.003472222222222222,0.023148148148148147
502.0,0.0,0.0,0.0,0.0,0.0,0.0
503.0,0.0,0.0,0.0,0.0,0.0,0.0
504.0,0.0,0.0,0.0,0.0,0.0,0.0
505.0,0.00011340886703692377,0.00010323389142286032,0.0,0.0,0.005208333333333333,0.034722222222222224
506.0,0.0,0.0,0.0,0.0,0.0,0.0
507.0,7.318870984818204e-07,1.100591589420219e-06,0.0,0.0,0.0,6.09905915401517e-05
508.0,0.0014429294969886541,0.0012845906894654036,0.0,0.0,0.027777777777777776,0.18518518518518517
509.0,0.0,0.0,0.0,0.0,0.0,0.0
510.0,0.0,0.0,0.0,0.0,0.0,0.0
511.0,0.0,0.0,0.0,0.0,0.0,0.0
512.0,0.0,0.0,0.0,0.0,0.0,0.0
513.0,0.0,0.0,0.0,0.0,0.0,0.0
514.0,0.0,0.0,0.0,0.0,0.0,0.0
515.0,0.0,0.0,0.0,0.0,0.0,0.0
516.0,2.893523571856349e-07,0.0,0.0,0.0,0.0,2.4112696432136243e-05
517.0,2.893523571856349e-07,0.0,0.0,0.0,0.0,2.4112696432136243e-05
518.0,0.0,0.0,0.0,0.0,0.0,0.0
519.0,0.0,0.0,0.0,0.0,0.0,0.0
520.0,0.0,0.0,0.0,0.0,0.0,0.0
521.0,0.0,0.0,0.0,0.0,0.0,0.0
522.0,0.0,0.0,0.0,0.0,0.0,0.0
523.0,0.0,0.0,0.0,0.0,0.0,0.0
524.0,0.0,0.0,0.0,0.0,0.0,0.0
525.0,0.0,0.0,0.0,0.0,0.0,0.0
526.0,0.0,0.0,0.0,0.0,0.0,0.0
527.0,0.0,0.0,0.0,0.0,0.0,0.0
528.0,0.0,0.0,0.0,0.0,0.0,0.0
529.0,0.0,0.0,0.0,0.0,0.0,0.0
530.0,0.0,0.0,0.0,0.0,0.0,0.0
531.0,0.0,0.0,0.0,0.0,0.0,0.0
532.0,0.0,0.0,0.0,0.0,0.0,0.0
533.0,0.0,0.0,0.0,0.0,0.0,0.0
534.0,0.0,0.0,0.0,0.0,0.0,0.0
535.0,0.0,0.0,0.0,0.0,0.0,0.0
536.0,0.0,0.0,0.0,0.0,0.0,0.0
537.0,0.0,0.0,0.0,0.0,0.0,0.0
538.0,0.0,0.0,0.0,0.0,0.0,0.0
539.0,0.0,0.0,0.0,0.0,0.0,0.0
540.0,0.0,0.0,0.0,0.0,0.0,0.0
541.0,2.893523571856349e-07,0.0,0.0,0.0,0.0,2.4112696432136243e-05
542.0,2.893523571856349e-07,0.0,0.0,0.0,0.0,2.4112696432136243e-05
543.0,0.0,0.0,0.0,0.0,0.0,0.0
544.0,4.765550443153188e-07,2.531169229769148e-06,0.0,0.0,0.0,6.32792307442287e-05
545.0,0.031186407431960106,0.017417609691619873,0.0,0.00040506088407710195,0.1597222222222222,2.5988672859966755
546.0,0.0,0.0,0.0,0.0,0.0,0.0
547.0,0.0,0.0,0.0,0.0,0.0,0.0
548.0,0.0,0.0,0.0,0.0,0.0,0.0
549.0,0.0,0.0,0.0,0.0,0.0,0.0
550.0,0.0,0.0,0.0,0.0,0.0,0.0
551.0,0.0,0.0,0.0,0.0,0.0,0.0
552.0,0.0,0.0,0.0,0.0,0.0,0.0
553.0,0.0,0.0,0.0,0.0,0.0,0.0
554.0,0.0,0.0,0.0,0.0,0.0,0.0
555.0,0.0,0.0,0.0,0.0,0.0,0.0
556.0,0.0,0.0,0.0,0.0,0.0,0.0
557.0,0.0,0.0,0.0,0.0,0.0,0.0
558.0,0.0,0.0,0.0,0.0,0.0,0.0
559.0,0.0,0.0,0.0,0.0,0.0,0.0
560.0,0.0,0.0,0.0,0.0,0.0,0.0
561.0,6.638062473030004e-07,0.0,0.0,0.0,0.0,5.5317187275250035e-05
562.0,6.638062473030004e-07,0.0,0.0,0.0,0.0,5.5317187275250035e-05
563.0,0.0,0.0,0.0,0.0,0.0,0.0
564.0,0.0,0.0,0.0,0.0,0.0,0.0
565.0,0.00030885753221809864,0.0,0.0,0.0,0.0,0.025738127684841555
566.0,1.7020688574120868e-06,0.0,0.0,0.0,0.0,0.00014183907145100724
567.0,0.0,0.0,0.0,0.0,0.0,0.0
568.0,0.00011665982310660183,0.0,0.0,0.0,0.006944444444444444,0.046296296296296294
569.0,0.00035358790773898363,0.0,0.0,0.0,0.005208333333333333,0.034722222222222224
570.0,9.871993825072423e-06,0.0,0.0,0.0,0.0,0.0008226661520893686
571.0,0.0,0.0,0.0,0.0,0.0,0.0
572.0,0.0,0.0,0.0,0.0,0.0,0.0
573.0,0.0004690562782343477,0.0,0.0,0.0,0.012152777777777778,0.08101851851851852
574.0,0.0,0.0,0.0,0.0,0.0,0.0
575.0,0.0,0.0,0.0,0.0,0.0,0.0
576.0,0.0,0.0,0.0,0.0,0.0,0.0
577.0,0.0,0.0,0.0,0.0,0.0,0.0
578.0,0.0,0.0,0.0,0.0,0.0,0.0
579.0,0.0,0.0,0.0,0.0,0.0,0.0
580.0,0.0,0.0,0.0,0.0,0.0,0.0
581.0,0.0,0.0,0.0,0.0,0.0,0.0
582.0,0.0,0.0,0.0,0.0,0.0,0.0
583.0,0.0,0.0,0.0,0.0,0.0,0.0
584.0,0.0,0.0,0.0,0.0,0.0,0.0
585.0,0.0,0.0,0.0,0.0,0.0,0.0
586.0,6.297651111708547e-07,0.0,0.0,0.0,0.0,5.248042593090455e-05
587.0,6.297651111708547e-07,0.0,0.0,0.0,0.0,5.248042593090455e-05
588.0,0.0,0.0,0.0,0.0,0.0,0.0
589.0,0.0,0.0,0.0,0.0,0.0,0.0
590.0,0.0,0.0,0.0,0.0,0.0,0.0
591.0,0.0,0.0,0.0,0.0,0.0,0.0
592.0,0.0,0.0,0.0,0.0,0.0,0.0
593.0,5.804054126201663e-06,0.0,0.0,0.0,0.0,0.0004836711771834719
594.0,0.0002090812922688201,0.0,0.0,0.0,0.0,0.017423441022401676
595.0,0.00025379465660080314,0.0,0.0,0.0,0.0,0.021149554716733594
596.0,0.000405841477913782,0.0,0.0,0.0,0.0,0.03382012315948183
597.0,1.890999192255549e-05,0.0,0.0,0.0,0.0,0.0015758326602129575
598.0,0.0,0.0,0.0,0.0,0.0,0.0
599.0,0.0,0.0,0.0,0.0,0.0,0.0
600.0,0.0,0.0,0.0,0.0,0.0,0.0
601.0,0.0,0.0,0.0,0.0,0.0,0.0
602.0,0.0,0.0,0.0,0.0,0.0,0.0
603.0,7.352932243520627e-06,0.0,0.0,0.0,0.0,0.0006127443536267189
604.0,0.0,0.0,0.0,0.0,0.0,0.0
605.0,0.0,0.0,0.0,0.0,0.0,0.0
606.0,0.0,0.0,0.0,0.0,0.0,0.0
607.0,0.0,0.0,0.0,0.0,0.0,0.0
608.0,0.0,0.0,0.0,0.0,0.0,0.0
609.0,0.0,0.0,0.0,0.0,0.0,0.0
610.0,0.0,0.0,0.0,0.0,0.0,0.0
611.0,6.808272132730053e-07,0.0,0.0,0.0,0.0,5.673560110608378e-05
612.0,6.808272132730053e-07,0.0,0.0,0.0,0.0,5.673560110608378e-05
613.0,0.0,0.0,0.0,0.0,0.0,0.0
614.0,0.0,0.0,0.0,0.0,0.0,0.0
615.0,0.0,0.0,0.0,0.0,0.0,0.0
616.0,0.0,0.0,0.0,0.0,0.0,0.0
617.0,0.0,0.0,0.0,0.0,0.0,0.0
618.0,0.0,0.0,0.0,0.0,0.0,0.0
619.0,0.0,0.0,0.0,0.0,0.0,0.0
620.0,0.0,0.0,0.0,0.0,0.0,0.0
621.0,0.0,0.0,0.0,0.0,0.0,0.0
622.0,0.0,0.0,0.0,0.0,0.0,0.0
623.0,0.0,0.0,0.0,0.0,0.0,0.0
624.0,0.0,0.0,0.0,0.0,0.0,0.0
625.0,0.0,0.0,0.0,0.0,0.0,0.0
626.0,0.0,0.0,0.0,0.0,0.0,0.0
627.0,0.0,0.0,0.0,0.0,0.0,0.0
628.0,0.0,0.0,0.0,0.0,0.0,0.0
629.0,0.0,0.0,0.0,0.0,0.0,0.0
630.0,0.0,0.0,0.0,0.0,0.0,0.0
631.0,0.0,0.0,0.0,0.0,0.0,0.0
632.0,0.0,0.0,0.0,0.0,0.0,0.0
633.0,0.0,0.0,0.0,0.0,0.0,0.0
634.0,0.0,0.0,0.0,0.0,0.0,0.0
635.0,0.0,0.0,0.0,0.0,0.0,0.0
636.0,6.808272132730053e-07,0.0,0.0,0.0,0.0,5.673560110608378e-05
637.0,6.808272132730053e-07,0.0,0.0,0.0,0.0,5.673560110608378e-05
638.0,0.0,0.0,0.0,0.0,0.0,0.0
639.0,0.0,0.0,0.0,0.0,0.0,0.0
640.0,0.0,0.0,0.0,0.0,0.0,0.0
641.0,0.0,0.0,0.0,0.0,0.0,0.0
642.0,0.0,0.0,0.0,0.0,0.0,0.0
643.0,0.0,0.0,0.0,0.0,0.0,0.0
644.0,0.0,0.0,0.0,0.0,0.0,0.0
645.0,0.0,0.0,0.0,0.0,0.0,0.0
646.0,0.0,0.0,0.0,0.0,0.0,0.0
647.0,0.0,0.0,0.0,0.0,0.0,0.0
648.0,0.0,0.0,0.0,0.0,0.0,0.0
649.0,0.0,0.0,0.0,0.0,0.0,0.0
650.0,0.0,0.0,0.0,0.0,0.0,0.0
651.0,0.0,0.0,0.0,0.0,0.0,0.0
652.0,0.00044442733633331954,0.0,0.0,0.0,0.0,0.037035611361109964
653.0,0.0005541597492992878,0.0,0.0,0.0,0.0,0.04617997910827398
654.0,0.0,0.0,0.0,0.0,0.0,0.0
655.0,0.0,0.0,0.0,0.0,0.0,0.0
656.0,0.0,0.0,0.0,0.0,0.0,0.0
657.0,0.0,0.0,0.0,0.0,0.0,0.0
658.0,0.0,0.0,0.0,0.0,0.0,0.0
659.0,0.0,0.0,0.0,0.0,0.0,0.0
660.0,0.0,0.0,0.0,0.0,0.0,0.0
661.0,1.0893245416809805e-06,0.0,0.0,0.0,0.0,9.077704514008171e-05
662.0,6.808276111769374e-07,0.0,0.0,0.0,0.0,5.6735634264744775e-05
663.0,0.0,0.0,0.0,0.0,0.0,0.0
664.0,0.0,0.0,0.0,0.0,0.0,0.0
665.0,0.0,0.0,0.0,0.0,0.0,0.0
666.0,0.0,0.0,0.0,0.0,0.0,0.0
667.0,0.0,0.0,0.0,0.0,0.0,0.0
668.0,0.0,0.0,0.0,0.0,0.0,0.0
669.0,0.0,0.0,0.0,0.0,0.0,0.0
670.0,0.0,0.0,0.0,0.0,0.0,0.0
671.0,0.0,0.0,0.0,0.0,0.0,0.0
672.0,0.0,0.0,0.0,0.0,0.0,0.0
673.0,0.0,0.0,0.0,0.0,0.0,0.0
674.0,0.0,0.0,0.0,0.0,0.0,0.0
675.0,0.0,0.0,0.0,0.0,0.0,0.0
676.0,0.0,0.0,0.0,0.0,0.0,0.0
677.0,0.0,0.0,0.0,0.0,0.0,0.0
678.0,0.0,0.0,0.0,0.0,0.0,0.0
679.0,0.0,0.0,0.0,0.0,0.0,0.0
680.0,0.0,0.0,0.0,0.0,0.0,0.0
681.0,0.0,0.0,0.0,0.0,0.0,0.0
682.0,0.0,0.0,0.0,0.0,0.0,0.0
683.0,0.0,0.0,0.0,0.0,0.0,0.0
684.0,0.0,0.0,0.0,0.0,0.0,0.0
685.0,0.0,0.0,0.0,0.0,0.0,0.0
686.0,6.808276111769374e-07,0.0,0.0,0.0,0.0,5.6735634264744775e-05
687.0,1.8492692106519826e-05,7.357156573561952e-05,0.0,0.0,0.0,0.0018392891433904879
688.0,0.000199165238882415,0.0,0.0,0.0,0.001736111111111111,0.01659710324020125
689.0,0.00021536284475587308,0.0,0.0,0.0,0.003472222222222222,0.023148148148148147
690.0,4.493463620747207e-06,0.0,0.0,0.0,0.0,0.0003744553017289339
691.0,0.00020618867711164057,0.0,0.0,0.0,0.003472222222222222,0.023148148148148147
692.0,0.0,0.0,0.0,0.0,0.0,0.0
693.0,0.0,0.0,0.0,0.0,0.0,0.0
694.0,0.03474641218781471,0.025413019582629204,0.0,0.00027242160285823047,0.3993055555555556,2.8955343489845595
695.0,5.106208789129596e-08,3.3017246892086405e-07,0.0,0.0,0.0,8.254311723021601e-06
696.0,0.0,0.0,0.0,0.0,0.0,0.0
697.0,0.0,0.0,0.0,0.0,0.0,0.0
698.0,0.0,0.0,0.0,0.0,0.0,0.0
699.0,0.0,0.0,0.0,0.0,0.0,0.0
700.0,0.0,0.0,0.0,0.0,0.0,0.0
701.0,0.0,0.0,0.0,0.0,0.0,0.0
702.0,0.0,0.0,0.0,0.0,0.0,0.0
703.0,0.0,0.0,0.0,0.0,0.0,0.0
704.0,0.0,0.0,0.0,0.0,0.0,0.0
705.0,0.0,0.0,0.0,0.0,0.0,0.0
706.0,0.0,0.0,0.0,0.0,0.0,0.0
707.0,0.0,0.0,0.0,0.0,0.0,0.0
708.0,0.0,0.0,0.0,0.0,0.0,0.0
709.0,0.0,0.0,0.0,0.0,0.0,0.0
710.0,0.0,0.0,0.0,0.0,0.0,0.0
711.0,0.0,0.0,0.0,0.0,0.0,0.0
712.0,0.0,0.0,0.0,0.0,0.0,0.0
713.0,0.0,0.0,0.0,0.0,0.0,0.0
714.0,0.0,0.0,0.0,0.0,0.0,0.0
715.0,0.0,0.0,0.0,0.0,0.0,0.0
716.0,0.0,0.0,0.0,0.0,0.0,0.0
717.0,0.0,0.0,0.0,0.0,0.0,0.0
718.0,0.0,0.0,0.0,0.0,0.0,0.0
719.0,5.106208789129596e-08,3.3017246892086405e-07,0.0,0.0,0.0,8.254311723021601e-06
720.0,5.106208789129596e-08,3.3017246892086405e-07,0.0,0.0,0.0,8.254311723021601e-06
721.0,0.0,0.0,0.0,0.0,0.0,0.0
722.0,0.0,0.0,0.0,0.0,0.0,0.0
723.0,0.0,0.0,0.0,0.0,0.0,0.0
724.0,0.0,0.0,0.0,0.0,0.0,0.0
725.0,0.0,0.0,0.0,0.0,0.0,0.0
726.0,0.0,0.0,0.0,0.0,0.0,0.0
727.0,0.0,0.0,0.0,0.0,0.0,0.0
728.0,0.0,0.0,0.0,0.0,0.0,0.0
729.0,0.0,0.0,0.0,0.0,0.0,0.0
730.0,0.0,0.0,0.0,0.0,0.0,0.0
731.0,0.0,0.0,0.0,0.0,0.0,0.0
732.0,0.00018162783817388117,0.0,0.0,0.0,0.003472222222222222,0.023148148148148147
733.0,3.5743437365454156e-07,0.0,0.0,0.0,0.0,2.978619780454513e-05
734.0,0.0,0.0,0.0,0.0,0.0,0.0
735.0,0.0,0.0,0.0,0.0,0.0,0.0
736.0,7.472116521967109e-06,0.0,0.0,0.0,0.0,0.0006226763768305924
737.0,0.000182734162081033,0.0,0.0,0.0,0.010416666666666666,0.06944444444444445
738.0,0.0,0.0,0.0,0.0,0.0,0.0
739.0,0.0,0.0,0.0,0.0,0.0,0.0
740.0,0.0,0.0,0.0,0.0,0.0,0.0
741.0,0.0,0.0,0.0,0.0,0.0,0.0
742.0,0.0,0.0,0.0,0.0,0.0,0.0
743.0,0.0,0.0,0.0,0.0,0.0,0.0
744.0,1.8041962448478444e-06,3.3017246892086405e-07,0.0,0.0,0.0,0.0001503496870706537
745.0,5.106208789129596e-08,3.3017246892086405e-07,0.0,0.0,0.0,8.254311723021601e-06
746.0,0.0,0.0,0.0,0.0,0.0,0.0
747.0,0.0,0.0,0.0,0.0,0.0,0.0
748.0,0.0,0.0,0.0,0.0,0.0,0.0
749.0,0.0,0.0,0.0,0.0,0.0,0.0
750.0,0.0,0.0,0.0,0.0,0.0,0.0
751.0,0.0,0.0,0.0,0.0,0.0,0.0
752.0,0.0,0.0,0.0,0.0,0.0,0.0
753.0,0.0,0.0,0.0,0.0,0.0,0.0
754.0,0.0,0.0,0.0,0.0,0.0,0.0
755.0,0.0,0.0,0.0,0.0,0.0,0.0
756.0,0.0,0.0,0.0,0.0,0.0,0.0
757.0,0.0,0.0,0.0,0.0,0.0,0.0
758.0,0.00036437902599573135,0.0,0.0,0.0,0.013888888888888888,0.09259259259259259
759.0,0.0,0.0,0.0,0.0,0.0,0.0
760.0,0.0,0.0,0.0,0.0,0.0,0.0
761.0,5.8211044233758e-06,0.0,0.0,0.0,0.0,0.00048509203528131667
762.0,0.024320662021636963,0.011661773547530174,0.0,0.0003847651823889464,0.3802083333333333,2.5347222222222223
763.0,0.0,0.0,0.0,0.0,0.0,0.0
764.0,0.0,0.0,0.0,0.0,0.0,0.0
765.0,0.0,0.0,0.0,0.0,0.0,0.0
766.0,0.0,0.0,0.0,0.0,0.0,0.0
767.0,0.0,0.0,0.0,0.0,0.0,0.0
768.0,0.0,0.0,0.0,0.0,0.0,0.0
769.0,0.0001073904350050725,2.4099068468785845e-05,0.0,4.968004941474646e-05,0.0,0.008949202917089375
770.0,5.106182854319741e-08,0.0,0.0,0.0,0.0,4.255152378599784e-06
771.0,0.0,0.0,0.0,0.0,0.0,0.0
772.0,0.0,0.0,0.0,0.0,0.0,0.0
773.0,0.0,0.0,0.0,0.0,0.0,0.0
774.0,0.0,0.0,0.0,0.0,0.0,0.0
775.0,0.0,0.0,0.0,0.0,0.0,0.0
776.0,0.0,0.0,0.0,0.0,0.0,0.0
777.0,0.0,0.0,0.0,0.0,0.0,0.0
778.0,0.0,0.0,0.0,0.0,0.0,0.0
779.0,0.0,0.0,0.0,0.0,0.0,0.0
780.0,0.0,0.0,0.0,0.0,0.0,0.0
781.0,0.0,0.0,0.0,0.0,0.0,0.0
782.0,0.0,0.0,0.0,0.0,0.0,0.0
783.0,0.0,0.0,0.0,0.0,0.0,0.0
784.0,0.0,0.0,0.0,0.0,0.0,0.0
785.0,0.0,0.0,0.0,0.0,0.0,0.0
786.0,0.0,0.0,0.0,0.0,0.0,0.0
787.0,0.0,0.0,0.0,0.0,0.0,0.0
788.0,0.0,0.0,0.0,0.0,0.0,0.0
789.0,0.0,0.0,0.0,0.0,0.0,0.0
790.0,0.0,0.0,0.0,0.0,0.0,0.0
791.0,0.0,0.0,0.0,0.0,0.0,0.0
792.0,0.0,0.0,0.0,0.0,0.0,0.0
793.0,0.0,0.0,0.0,0.0,0.0,0.0
794.0,5.106182854319741e-08,0.0,0.0,0.0,0.0,4.255152378599784e-06
795.0,5.106182854319741e-08,0.0,0.0,0.0,0.0,4.255152378599784e-06
796.0,0.0,0.0,0.0,0.0,0.0,0.0
797.0,0.0,0.0,0.0,0.0,0.0,0.0
798.0,0.0,0.0,0.0,0.0,0.0,0.0
799.0,0.0,0.0,0.0,0.0,0.0,0.0
800.0,0.0,0.0,0.0,0.0,0.0,0.0
801.0,0.0,0.0,0.0,0.0,0.0,0.0
802.0,0.0,0.0,0.0,0.0,0.0,0.0
803.0,0.0,0.0,0.0,0.0,0.0,0.0
804.0,0.0,0.0,0.0,0.0,0.0,0.0
805.0,0.0,0.0,0.0,0.0,0.0,0.0
806.0,0.0,0.0,0.0,0.0,0.0,0.0
807.0,0.0,0.0,0.0,0.0,0.0,0.0
808.0,0.0,0.0,0.0,0.0,0.0,0.0
809.0,0.0,0.0,0.0,0.0,0.0,0.0
810.0,0.0,0.0,0.0,0.0,0.0,0.0
811.0,0.0,0.0,0.0,0.0,0.0,0.0
812.0,0.0,0.0,0.0,0.0,0.0,0.0
813.0,0.0,0.0,0.0,0.0,0.0,0.0
814.0,0.0,0.0,0.0,0.0,0.0,0.0
815.0,0.0,0.0,0.0,0.0,0.0,0.0
816.0,0.0,0.0,0.0,0.0,0.0,0.0
817.0,0.0,0.0,0.0,0.0,0.0,0.0
818.0,0.0,0.0,0.0,0.0,0.0,0.0
819.0,5.106182854319741e-08,0.0,0.0,0.0,0.0,4.255152378599784e-06
820.0,5.106182854319741e-08,0.0,0.0,0.0,0.0,4.255152378599784e-06
821.0,0.0,0.0,0.0,0.0,0.0,0.0
822.0,0.0,0.0,0.0,0.0,0.0,0.0
823.0,0.0,0.0,0.0,0.0,0.0,0.0
824.0,0.0,0.0,0.0,0.0,0.0,0.0
825.0,0.0,0.0,0.0,0.0,0.0,0.0
826.0,0.0,0.0,0.0,0.0,0.0,0.0
827.0,0.0,0.0,0.0,0.0,0.0,0.0
828.0,0.0,0.0,0.0,0.0,0.0,0.0
829.0,0.0,0.0,0.0,0.0,0.0,0.0
830.0,0.0,0.0,0.0,0.0,0.0,0.0
831.0,0.0,0.0,0.0,0.0,0.0,0.0
832.0,0.0,0.0,0.0,0.0,0.0,0.0
833.0,0.0,0.0,0.0,0.0,0.0,0.0
834.0,3.404145587637686e-08,0.0,0.0,0.0,0.0,2.8367879896980717e-06
835.0,0.022219739854335785,0.0005961250280961394,0.0,0.00038006072281859815,0.03819444444444445,1.8516449878613153
836.0,0.0,0.0,0.0,0.0,0.0,0.0
837.0,0.0,0.0,0.0,0.0,0.0,0.0
838.0,0.0,0.0,0.0,0.0,0.0,0.0
839.0,0.0,0.0,0.0,0.0,0.0,0.0
840.0,0.0,0.0,0.0,0.0,0.0,0.0
841.0,0.0,0.0,0.0,0.0,0.0,0.0
842.0,0.0,0.0,0.0,0.0,0.0,0.0
843.0,0.0,0.0,0.0,0.0,0.0,0.0
844.0,0.0,0.0,0.0,0.0,0.0,0.0
845.0,0.0,0.0,0.0,0.0,0.0,0.0
846.0,0.0,0.0,0.0,0.0,0.0,0.0
847.0,0.0,0.0,0.0,0.0,0.0,0.0
848.0,0.0,0.0,0.0,0.0,0.0,0.0
849.0,0.0,0.0,0.0,0.0,0.0,0.0
850.0,0.0,0.0,0.0,0.0,0.0,0.0
851.0,2.4683959054527804e-06,2.3705567855358822e-06,1.7570926502230577e-05,0.0,0.0,0.0002056996587877317
852.0,2.4683959054527804e-06,2.3705567855358822e-06,1.7570926502230577e-05,0.0,0.0,0.0002056996587877317
853.0,0.0,0.0,0.0,0.0,0.0,0.0
854.0,0.0,0.0,0.0,0.0,0.0,0.0
855.0,0.0,0.0,0.0,0.0,0.0,0.0
856.0,0.0,0.0,0.0,0.0,0.0,0.0
857.0,0.0,0.0,0.0,0.0,0.0,0.0
858.0,0.0,0.0,0.0,0.0,0.0,0.0
859.0,0.0,0.0,0.0,0.0,0.0,0.0
860.0,0.0,0.0,0.0,0.0,0.0,0.0
861.0,0.0,0.0,0.0,0.0,0.0,0.0
862.0,0.0,0.0,0.0,0.0,0.0,0.0
863.0,0.0,0.0,0.0,0.0,0.0,0.0
864.0,0.0,0.0,0.0,0.0,0.0,0.0
865.0,0.0,0.0,0.0,0.0,0.0,0.0
866.0,0.0,0.0,0.0,0.0,0.0,0.0
867.0,0.0,0.0,0.0,0.0,0.0,0.0
868.0,0.0,0.0,0.0,0.0,0.0,0.0
869.0,0.0,0.0,0.0,0.0,0.0,0.0
870.0,0.0,0.0,0.0,0.0,0.0,0.0
871.0,0.0,0.0,0.0,0.0,0.0,0.0
872.0,0.0,0.0,0.0,0.0,0.0,0.0
873.0,0.0,0.0,0.0,0.0,0.0,0.0
874.0,0.020947998389601707,0.01461886242032051,0.0,0.0002433324116282165,0.1527777777777778,1.745666532466809
875.0,0.0,0.0,0.0,0.0,0.0,0.0
876.0,0.0,0.0,0.0,0.0,0.0,0.0
877.0,0.0,0.0,0.0,0.0,0.0,0.0
878.0,0.0,0.0,0.0,0.0,0.0,0.0
879.0,0.0,0.0,0.0,0.0,0.0,0.0
880.0,0.0,0.0,0.0,0.0,0.0,0.0
881.0,0.0,0.0,0.0,0.0,0.0,0.0
882.0,9.499251609668136e-05,0.0,0.0,0.0,0.0,0.00791604300805678
883.0,6.719770317431539e-05,0.0,0.0,0.0,0.0,0.005599808597859616
884.0,0.00018942332826554775,0.0,0.0,0.0,0.0,0.015785277355462313
885.0,0.00019139771757181734,0.0,0.0,0.0,0.0,0.015949809797651444
886.0,0.00026984611758962274,0.0,0.0,0.0,0.0,0.022487176465801895
887.0,5.250884350971319e-05,0.0,0.0,0.0,0.0,0.004375736959142766
888.0,0.0,0.0,0.0,0.0,0.0,0.0
889.0,0.0,0.0,0.0,0.0,0.0,0.0
890.0,0.0,0.0,0.0,0.0,0.0,0.0
891.0,1.2850651728513185e-05,0.0,0.0,0.0,0.0,0.0010708876440427655
892.0,0.0,0.0,0.0,0.0,0.0,0.0
893.0,0.0,0.0,0.0,0.0,0.0,0.0
894.0,0.0,0.0,0.0,0.0,0.0,0.0
895.0,0.0,0.0,0.0,0.0,0.0,0.0
896.0,0.0,0.0,0.0,0.0,0.0,0.0
897.0,0.0,0.0,0.0,0.0,0.0,0.0
898.0,0.0,0.0,0.0,0.0,0.0,0.0
899.0,0.0,0.0,0.0,0.0,0.0,0.0
900.0,0.0,0.0,0.0,0.0,0.0,0.0
901.0,0.0,0.0,0.0,0.0,0.0,0.0
902.0,0.0,0.0,0.0,0.0,0.0,0.0
903.0,8.866081043379381e-05,0.0,0.0,0.0,0.0,0.007388400869482817
904.0,3.303716948721558e-05,0.0,0.0,0.0,0.0,0.0027530974572679647
905.0,0.00023226441408041865,0.0,0.0,0.0,0.0,0.019355367840034887
906.0,0.0001720451982691884,0.0,0.0,0.0,0.0,0.0143370998557657
907.0,0.0001399441680405289,0.0,0.0,0.0,0.0,0.011662014003377408
908.0,0.0002646547800395638,0.0,0.0,0.0,0.0,0.022054565003296982
909.0,2.3658767531742342e-05,0.0,0.0,0.0,0.0,0.0019715639609785285
910.0,5.5538530432386324e-05,0.0,0.0,0.0,0.0,0.004628210869365527
911.0,0.0,0.0,0.0,0.0,0.0,0.0
912.0,0.0,0.0,0.0,0.0,0.0,0.0
913.0,0.0,0.0,0.0,0.0,0.0,0.0
914.0,0.0,0.0,0.0,0.0,0.0,0.0
915.0,0.0,0.0,0.0,0.0,0.0,0.0
916.0,4.20412879975629e-06,0.0,0.0,0.0,0.0,0.00035034406664635753
917.0,0.0,0.0,0.0,0.0,0.0,0.0
918.0,0.0,0.0,0.0,0.0,0.0,0.0
919.0,0.0,0.0,0.0,0.0,0.0,0.0
920.0,0.0,0.0,0.0,0.0,0.0,0.0
921.0,0.0,0.0,0.0,0.0,0.0,0.0
922.0,0.00018268309941049665,0.0,0.0,0.0,0.003472222222222222,0.023148148148148147
923.0,0.0,0.0,0.0,0.0,0.0,0.0
924.0,1.9063221543547115e-06,0.0,0.0,0.0,0.0,0.0001588601795295593
925.0,0.0,0.0,0.0,0.0,0.0,0.0
926.0,0.0,0.0,0.0,0.0,0.0,0.0
927.0,0.0,0.0,0.0,0.0,0.0,0.0
928.0,0.0,0.0,0.0,0.0,0.0,0.0
929.0,0.0,0.0,0.0,0.0,0.0,0.0
930.0,0.028379255905747414,0.013638410717248917,0.0,0.0006516216672025621,0.234375,2.364937992145618
931.0,0.0,0.0,0.0,0.0,0.0,0.0
932.0,0.0,0.0,0.0,0.0,0.0,0.0
933.0,0.0,0.0,0.0,0.0,0.0,0.0
934.0,0.0,0.0,0.0,0.0,0.0,0.0
935.0,0.0,0.0,0.0,0.0,0.0,0.0
936.0,0.0,0.0,0.0,0.0,0.0,0.0
937.0,0.0,0.0,0.0,0.0,0.0,0.0
938.0,8.340134058926196e-07,0.0,0.0,0.0,0.0,6.95011171577183e-05
939.0,8.340134058926196e-07,0.0,0.0,0.0,0.0,6.95011171577183e-05
940.0,0.0,0.0,0.0,0.0,0.0,0.0
941.0,0.0,0.0,0.0,0.0,0.0,0.0
942.0,0.0,0.0,0.0,0.0,0.0,0.0
943.0,0.0,0.0,0.0,0.0,0.0,0.0
944.0,0.0,0.0,0.0,0.0,0.0,0.0
945.0,0.0,0.0,0.0,0.0,0.0,0.0
946.0,5.748569037677953e-06,3.018884399352828e-06,3.1552168366033584e-05,0.0,0.0,0.00047904741980649607
947.0,5.748569037677953e-06,3.018884399352828e-06,3.1552168366033584e-05,0.0,0.0,0.00047904741980649607
948.0,0.0,0.0,0.0,0.0,0.0,0.0
949.0,0.0,0.0,0.0,0.0,0.0,0.0
950.0,0.0,0.0,0.0,0.0,0.0,0.0
951.0,0.0,0.0,0.0,0.0,0.0,0.0
952.0,0.0,0.0,0.0,0.0,0.0,0.0
953.0,0.0,0.0,0.0,0.0,0.0,0.0
954.0,0.0,0.0,0.0,0.0,0.0,0.0
955.0,0.0,0.0,0.0,0.0,0.0,0.0
956.0,0.0,0.0,0.0,0.0,0.0,0.0
957.0,0.0,0.0,0.0,0.0,0.0,0.0
958.0,0.0,0.0,0.0,0.0,0.0,0.0
959.0,0.0,0.0,0.0,0.0,0.0,0.0
960.0,0.0,0.0,0.0,0.0,0.0,0.0
961.0,0.0,0.0,0.0,0.0,0.0,0.0
962.0,0.0,0.0,0.0,0.0,0.0,0.0
963.0,8.340134058926196e-07,0.0,0.0,0.0,0.0,6.95011171577183e-05
964.0,8.340134058926196e-07,0.0,0.0,0.0,0.0,6.95011171577183e-05
965.0,0.0,0.0,0.0,0.0,0.0,0.0
966.0,0.0,0.0,0.0,0.0,0.0,0.0
967.0,0.0,0.0,0.0,0.0,0.0,0.0
968.0,0.0,0.0,0.0,0.0,0.0,0.0
969.0,0.0,0.0,0.0,0.0,0.0,0.0
970.0,0.0,0.0,0.0,0.0,0.0,0.0
971.0,5.748569037677953e-06,3.018884399352828e-06,3.1552168366033584e-05,0.0,0.0,0.00047904741980649607
972.0,5.748569037677953e-06,3.018884399352828e-06,3.1552168366033584e-05,0.0,0.0,0.00047904741980649607
973.0,0.0,0.0,0.0,0.0,0.0,0.0
974.0,0.0,0.0,0.0,0.0,0.0,0.0
975.0,0.0,0.0,0.0,0.0,0.0,0.0
976.0,0.0,0.0,0.0,0.0,0.0,0.0
977.0,0.0,0.0,0.0,0.0,0.0,0.0
978.0,0.0,0.0,0.0,0.0,0.0,0.0
979.0,0.0,0.0,0.0,0.0,0.0,0.0
980.0,0.0,0.0,0.0,0.0,0.0,0.0
981.0,0.0,0.0,0.0,0.0,0.0,0.0
982.0,0.0,0.0,0.0,0.0,0.0,0.0
983.0,0.0,0.0,0.0,0.0,0.0,0.0
984.0,0.0,0.0,0.0,0.0,0.0,0.0
985.0,0.0,0.0,0.0,0.0,0.0,0.0
986.0,0.0,0.0,0.0,0.0,0.0,0.0
987.0,0.0,0.0,0.0,0.0,0.0,0.0
988.0,8.340134058926196e-07,0.0,0.0,0.0,0.0,6.95011171577183e-05
989.0,8.340134058926196e-07,0.0,0.0,0.0,0.0,6.95011171577183e-05
990.0,0.0,0.0,0.0,0.0,0.0,0.0
991.0,0.0,0.0,0.0,0.0,0.0,0.0
992.0,0.0,0.0,0.0,0.0,0.0,0.0
993.0,0.0,0.0,0.0,0.0,0.0,0.0
994.0,0.0,0.0,0.0,0.0,0.0,0.0
995.0,0.0,0.0,0.0,0.0,0.0,0.0
996.0,6.309128366410732e-05,3.018884399352828e-06,3.1552168366033584e-05,0.0,0.0,0.0052576069720089436
997.0,0.00034326897002756596,3.018884399352828e-06,3.1552168366033584e-05,0.0,0.0,0.028605747502297163
998.0,0.0,0.0,0.0,0.0,0.0,0.0
999.0,0.00017299831961281598,0.0,0.0,0.0,0.0,0.01441652663440133
1000.0,0.0,0.0,0.0,0.0,0.0,0.0
1001.0,0.0,0.0,0.0,0.0,0.0,0.0
1002.0,0.0,0.0,0.0,0.0,0.0,0.0
1003.0,0.00016666663577780128,0.0,0.0,0.0,0.0,0.013888886314816773
1004.0,3.082447801716626e-05,0.0,0.0,0.0,0.0,0.0025687065014305213
1005.0,8.169955435732845e-06,0.0,0.0,0.0,0.0,0.0006808296196444038
1006.0,0.0,0.0,0.0,0.0,0.0,0.0
1007.0,0.0,0.0,0.0,0.0,0.0,0.0
1008.0,0.0,0.0,0.0,0.0,0.0,0.0
1009.0,0.0,0.0,0.0,0.0,0.0,0.0
1010.0,0.0,0.0,0.0,0.0,0.0,0.0
1011.0,0.0,0.0,0.0,0.0,0.0,0.0
1012.0,0.000167228325153701,0.0,0.0,0.0,0.0,0.013935693762808416
1013.0,1.6493051589350216e-05,0.0,0.0,0.0,0.0,0.0013744209657791846
1014.0,8.340134058926196e-07,0.0,0.0,0.0,0.0,6.95011171577183e-05
1015.0,0.0,0.0,0.0,0.0,0.0,0.0
1016.0,0.0,0.0,0.0,0.0,0.0,0.0
1017.0,0.0,0.0,0.0,0.0,0.0,0.0
1018.0,0.0,0.0,0.0,0.0,0.0,0.0
1019.0,0.0,0.0,0.0,0.0,0.0,0.0
1020.0,0.0,0.0,0.0,0.0,0.0,0.0
1021.0,5.935798071732279e-06,3.018884399352828e-06,3.1552168366033584e-05,0.0,0.0,0.0004946498393110232
1022.0,5.935798071732279e-06,3.018884399352828e-06,3.1552168366033584e-05,0.0,0.0,0.0004946498393110232
1023.0,0.0,0.0,0.0,0.0,0.0,0.0
1024.0,0.0,0.0,0.0,0.0,0.0,0.0
1025.0,0.0,0.0,0.0,0.0,0.0,0.0
1026.0,0.0,0.0,0.0,0.0,0.0,0.0
1027.0,0.0,0.0,0.0,0.0,0.0,0.0
1028.0,0.0,0.0,0.0,0.0,0.0,0.0
1029.0,0.0,0.0,0.0,0.0,0.0,0.0
1030.0,0.0,0.0,0.0,0.0,0.0,0.0
1031.0,0.0,0.0,0.0,0.0,0.0,0.0
1032.0,0.0,0.0,0.0,0.0,0.0,0.0
1033.0,0.0009428613702766597,0.0,0.0,0.0,0.0,0.07857178085638832
1034.0,0.0,0.0,0.0,0.0,0.0,0.0
1035.0,0.0,0.0,0.0,0.0,0.0,0.0
1036.0,0.0,0.0,0.0,0.0,0.0,0.0
1037.0,0.0,0.0,0.0,0.0,0.0,0.0
1038.0,1.2425102795532439e-06,0.0,0.0,0.0,0.0,0.00010354252329610365
1039.0,8.340134058926196e-07,0.0,0.0,0.0,0.0,6.95011171577183e-05
1040.0,0.0,0.0,0.0,0.0,0.0,0.0
1041.0,0.0,0.0,0.0,0.0,0.0,0.0
1042.0,0.0,0.0,0.0,0.0,0.0,0.0
1043.0,0.0,0.0,0.0,0.0,0.0,0.0
1044.0,0.0,0.0,0.0,0.0,0.0,0.0
1045.0,0.0,0.0,0.0,0.0,0.0,0.0
1046.0,5.748569037677953e-06,3.018884399352828e-06,3.1552168366033584e-05,0.0,0.0,0.00047904741980649607
1047.0,5.748569037677953e-06,3.018884399352828e-06,3.1552168366033584e-05,0.0,0.0,0.00047904741980649607
1048.0,0.0,0.0,0.0,0.0,0.0,0.0
1049.0,0.0,0.0,0.0,0.0,0.0,0.0
1050.0,0.0,0.0,0.0,0.0,0.0,0.0
1051.0,0.0,0.0,0.0,0.0,0.0,0.0
1052.0,0.0,0.0,0.0,0.0,0.0,0.0
1053.0,0.0,0.0,0.0,0.0,0.0,0.0
1054.0,0.0,0.0,0.0,0.0,0.0,0.0
1055.0,0.0,0.0,0.0,0.0,0.0,0.0
1056.0,0.00020355047308839858,0.0,0.0,0.0,0.0,0.016962539424033213
1057.0,6.1734055634588e-05,0.0,0.0,0.0,0.0,0.005144504636215667
1058.0,0.0,0.0,0.0,0.0,0.0,0.0
1059.0,0.0,0.0,0.0,0.0,0.0,0.0
1060.0,0.0,0.0,0.0,0.0,0.0,0.0
1061.0,0.0,0.0,0.0,0.0,0.0,0.0
1062.0,0.0,0.0,0.0,0.0,0.0,0.0
1063.0,4.101994363736594e-06,0.0,0.0,0.0,0.0,0.00034183286364471616
1064.0,8.340134058926196e-07,0.0,0.0,0.0,0.0,6.95011171577183e-05
1065.0,0.0,0.0,0.0,0.0,0.0,0.0
1066.0,1.702069596376532e-08,0.0,0.0,0.0,0.0,1.4183913303137767e-06
1067.0,0.00026553982752375305,0.0,0.0,0.0,0.0,0.022128318960312754
1068.0,0.0,0.0,0.0,0.0,0.0,0.0
1069.0,0.0,0.0,0.0,0.0,0.0,0.0
1070.0,0.0,0.0,0.0,0.0,0.0,0.0
1071.0,6.463445970439352e-06,3.018884399352828e-06,3.1552168366033584e-05,0.0,0.0,0.0005386204975366127
1072.0,5.748569037677953e-06,3.018884399352828e-06,3.1552168366033584e-05,0.0,0.0,0.00047904741980649607
1073.0,0.0,0.0,0.0,0.0,0.0,0.0
1074.0,0.0,0.0,0.0,0.0,0.0,0.0
1075.0,0.0,0.0,0.0,0.0,0.0,0.0
1076.0,0.0,0.0,0.0,0.0,0.0,0.0
1077.0,0.0,0.0,0.0,0.0,0.0,0.0
1078.0,0.0,0.0,0.0,0.0,0.0,0.0
1079.0,0.0,0.0,0.0,0.0,0.0,0.0
1080.0,0.0,0.0,0.0,0.0,0.0,0.0
1081.0,0.0,0.0,0.0,0.0,0.0,0.0
1082.0,0.0,0.0,0.0,0.0,0.0,0.0
1083.0,0.0,0.0,0.0,0.0,0.0,0.0
1084.0,0.0,0.0,0.0,0.0,0.0,0.0
1085.0,0.0,0.0,0.0,0.0,0.0,0.0
1086.0,0.0,0.0,0.0,0.0,0.0,0.0
1087.0,0.0,0.0,0.0,0.0,0.0,0.0
1088.0,8.340134058926196e-07,0.0,0.0,0.0,0.0,6.95011171577183e-05
1089.0,8.340134058926196e-07,0.0,0.0,0.0,0.0,6.95011171577183e-05
1090.0,0.0,0.0,0.0,0.0,0.0,0.0
1091.0,0.0,0.0,0.0,0.0,0.0,0.0
1092.0,0.0,0.0,0.0,0.0,0.0,0.0
1093.0,0.0,0.0,0.0,0.0,0.0,0.0
1094.0,0.0,0.0,0.0,0.0,0.0,0.0
1095.0,0.0,0.0,0.0,0.0,0.0,0.0
1096.0,5.748569037677953e-06,3.018884399352828e-06,3.1552168366033584e-05,0.0,0.0,0.00047904741980649607
1097.0,5.748569037677953e-06,3.018884399352828e-06,3.1552168366033584e-05,0.0,0.0,0.00047904741980649607
1098.0,0.0,0.0,0.0,0.0,0.0,0.0
1099.0,0.0,0.0,0.0,0.0,0.0,0.0
1100.0,0.0,0.0,0.0,0.0,0.0,0.0
1101.0,0.0,0.0,0.0,0.0,0.0,0.0
1102.0,0.0,0.0,0.0,0.0,0.0,0.0
1103.0,0.0,0.0,0.0,0.0,0.0,0.0
1104.0,0.0,0.0,0.0,0.0,0.0,0.0
1105.0,0.0,0.0,0.0,0.0,0.0,0.0
1106.0,0.0,0.0,0.0,0.0,0.0,0.0
1107.0,0.0,0.0,0.0,0.0,0.0,0.0
1108.0,0.0,0.0,0.0,0.0,0.0,0.0
1109.0,0.0,0.0,0.0,0.0,0.0,0.0
1110.0,0.0,0.0,0.0,0.0,0.0,0.0
1111.0,7.945259130792692e-05,0.0005137482658028603,0.0,0.0,0.006944444444444444,0.046296296296296294
1112.0,0.0002629016526043415,0.0016996175982058048,0.0,0.0,0.006944444444444444,0.046296296296296294
1113.0,0.000771776307374239,0.00497481832280755,0.0,0.0,0.013888888888888888,0.12437045807018876
1114.0,0.000832524208817631,0.003307006787508726,0.0,0.0,0.020833333333333332,0.1388888888888889
1115.0,0.0001500544312875718,0.0009692761232145131,0.0,0.0,0.001736111111111111,0.024231903080362827
1116.0,0.00014646307681687176,0.0009409913327544928,0.0,0.0,0.0,0.02352478331886232
1117.0,0.00019309978233650327,0.0,0.0,0.0,0.005208333333333333,0.034722222222222224
1118.0,0.0004923235974274576,0.0003211477305740118,0.0,0.0,0.005208333333333333,0.04102696645228813
1119.0,6.498501170426607e-05,0.00042019947431981564,0.0,0.0,0.0,0.010504986857995391
1120.0,0.00019910807895939797,0.0,0.0,0.0,0.010416666666666666,0.06944444444444445
1121.0,0.00022131665900815278,5.936835441389121e-05,3.1552168366033584e-05,0.0,0.003472222222222222,0.023148148148148147
1122.0,5.78260960537591e-06,3.3490584883111296e-06,3.1552168366033584e-05,0.0,0.0,0.00048188413378132583
1123.0,0.0,0.0,0.0,0.0,0.0,0.0
1124.0,0.0,0.0,0.0,0.0,0.0,0.0
1125.0,0.0,0.0,0.0,0.0,0.0,0.0
1126.0,0.0,0.0,0.0,0.0,0.0,0.0
1127.0,0.0,0.0,0.0,0.0,0.0,0.0
1128.0,0.00011895762872882187,0.0,0.0,0.0,0.003472222222222222,0.023148148148148147
1129.0,0.0006892699748277664,0.0,0.0,0.0,0.017361111111111112,0.11574074074074076
1130.0,0.0009472256642766297,0.0,0.0,0.0,0.017361111111111112,0.11574074074074076
1131.0,0.0003444648173172027,0.0,0.0,0.0,0.005208333333333333,0.034722222222222224
1132.0,0.0,0.0,0.0,0.0,0.0,0.0
1133.0,0.00017847002891357988,0.0011502106208354235,0.0,0.0,0.0,0.028755265520885587
1134.0,0.00027832240448333323,0.001799219404347241,0.0,0.0,0.0,0.04498048510868102
1135.0,4.1717714339029044e-05,0.00026942064869217575,0.0,0.0,0.005208333333333333,0.034722222222222224
1136.0,0.0001707515912130475,0.0011040966492146254,0.0,0.0,0.0,0.027602416230365634
1137.0,0.0,0.0,0.0,0.0,0.0,0.0
1138.0,0.0003658748755697161,4.7875022573862225e-05,0.0,0.0,0.0,0.030489572964143008
1139.0,0.00010042209032690153,0.0,0.0,0.0,0.005208333333333333,0.034722222222222224
1140.0,0.00022375406115315855,0.0,0.0,0.0,0.001736111111111111,0.018646171762763213
1141.0,9.18777150218375e-05,0.0,0.0,0.0,0.0,0.007656476251819791
1142.0,0.0,0.0,0.0,0.0,0.0,0.0
1143.0,0.0,0.0,0.0,0.0,0.0,0.0
1144.0,0.0,0.0,0.0,0.0,0.0,0.0
1145.0,0.0,0.0,0.0,0.0,0.0,0.0
1146.0,1.406974479323253e-05,5.660266197082819e-06,3.1552168366033584e-05,0.0,0.0,0.0011724787327693775
1147.0,6.003878752380842e-06,5.660266197082819e-06,3.1552168366033584e-05,0.0,0.0,0.0005003232293650702
1148.0,0.0,0.0,0.0,0.0,0.0,0.0
1149.0,0.0,0.0,0.0,0.0,0.0,0.0
1150.0,0.0,0.0,0.0,0.0,0.0,0.0
1151.0,0.0,0.0,0.0,0.0,0.0,0.0
1152.0,0.0,0.0,0.0,0.0,0.0,0.0
1153.0,0.00010988560097757727,0.0007105310214683414,0.0,0.0,0.0,0.017763275536708534
1154.0,0.00018080184236168861,0.00116859027184546,0.0,0.0,0.0,0.0292147567961365
1155.0,0.0001683157024672255,0.0010747113265097141,0.0,0.0,0.0,0.026867783162742853
1156.0,0.0,0.0,0.0,0.0,0.0,0.0
1157.0,0.0,0.0,0.0,0.0,0.0,0.0
1158.0,5.923203389102127e-06,3.830001151072793e-05,0.0,0.0,0.0,0.0009575002877681982
1159.0,0.0002398896758677438,0.001551040099002421,0.0,0.0,0.0,0.03877600247506052
1160.0,0.00011654070112854242,0.0007533433963544667,0.0,0.0,0.0,0.018833584908861667
1161.0,0.0,0.0,0.0,0.0,0.0,0.0
1162.0,0.0,0.0,0.0,0.0,0.0,0.0
1163.0,8.976944627647754e-06,3.2577081583440304e-05,0.0,0.0,0.0,0.0008144270395860076
1164.0,8.340134058926196e-07,0.0,0.0,0.0,0.0,6.95011171577183e-05
1165.0,0.0,0.0,0.0,0.0,0.0,0.0
1166.0,0.0,0.0,0.0,0.0,0.0,0.0
1167.0,0.0,0.0,0.0,0.0,0.0,0.0
1168.0,0.0,0.0,0.0,0.0,0.0,0.0
1169.0,0.0,0.0,0.0,0.0,0.0,0.0
1170.0,0.0,0.0,0.0,0.0,0.0,0.0
1171.0,5.850692559761228e-06,4.669750069297152e-06,3.1552168366033584e-05,0.0,0.0,0.00048755771331343567
1172.0,5.850692559761228e-06,4.669750069297152e-06,3.1552168366033584e-05,0.0,0.0,0.00048755771331343567
1173.0,0.0,0.0,0.0,0.0,0.0,0.0
1174.0,0.0,0.0,0.0,0.0,0.0,0.0
1175.0,0.0,0.0,0.0,0.0,0.0,0.0
1176.0,0.0,0.0,0.0,0.0,0.0,0.0
1177.0,0.0,0.0,0.0,0.0,0.0,0.0
1178.0,0.0,0.0,0.0,0.0,0.0,0.0
1179.0,0.0,0.0,0.0,0.0,0.0,0.0
1180.0,0.0,0.0,0.0,0.0,0.0,0.0
1181.0,0.0,0.0,0.0,0.0,0.0,0.0
1182.0,0.0,0.0,0.0,0.0,0.0,0.0
1183.0,0.0,0.0,0.0,0.0,0.0,0.0
1184.0,0.0,0.0,0.0,0.0,0.0,0.0
1185.0,0.0,0.0,0.0,0.0,0.0,0.0
1186.0,0.0,0.0,0.0,0.0,0.0,0.0
1187.0,0.0,0.0,0.0,0.0,0.0,0.0
1188.0,8.340134058926196e-07,0.0,0.0,0.0,0.0,6.95011171577183e-05
1189.0,8.340134058926196e-07,0.0,0.0,0.0,0.0,6.95011171577183e-05
1190.0,0.0,0.0,0.0,0.0,0.0,0.0
1191.0,0.0,0.0,0.0,0.0,0.0,0.0
1192.0,0.0,0.0,0.0,0.0,0.0,0.0
1193.0,0.0,0.0,0.0,0.0,0.0,0.0
1194.0,0.0,0.0,0.0,0.0,0.0,0.0
1195.0,0.0,0.0,0.0,0.0,0.0,0.0
1196.0,5.850692559761228e-06,4.669750069297152e-06,3.1552168366033584e-05,0.0,0.0,0.00048755771331343567
1197.0,5.850692559761228e-06,4.669750069297152e-06,3.1552168366033584e-05,0.0,0.0,0.00048755771331343567
1198.0,0.0,0.0,0.0,0.0,0.0,0.0
1199.0,0.0,0.0,0.0,0.0,0.0,0.0
1200.0,0.0,0.0,0.0,0.0,0.0,0.0
1201.0,0.0,0.0,0.0,0.0,0.0,0.0
1202.0,0.0,0.0,0.0,0.0,0.0,0.0
1203.0,0.0,0.0,0.0,0.0,0.0,0.0
1204.0,0.0,0.0,0.0,0.0,0.0,0.0
1205.0,0.0,0.0,0.0,0.0,0.0,0.0
1206.0,0.0,0.0,0.0,0.0,0.0,0.0
1207.0,0.0,0.0,0.0,0.0,0.0,0.0
1208.0,0.0,0.0,0.0,0.0,0.0,0.0
1209.0,0.0,0.0,0.0,0.0,0.0,0.0
1210.0,0.0,0.0,0.0,0.0,0.0,0.0
1211.0,0.0,0.0,0.0,0.0,0.0,0.0
1212.0,0.0,0.0,0.0,0.0,0.0,0.0
1213.0,8.340134058926196e-07,0.0,0.0,0.0,0.0,6.95011171577183e-05
1214.0,8.340134058926196e-07,0.0,0.0,0.0,0.0,6.95011171577183e-05
1215.0,0.0,0.0,0.0,0.0,0.0,0.0
1216.0,0.0,0.0,0.0,0.0,0.0,0.0
1217.0,0.0,0.0,0.0,0.0,0.0,0.0
1218.0,0.0,0.0,0.0,0.0,0.0,0.0
1219.0,0.0,0.0,0.0,0.0,0.0,0.0
1220.0,0.0,0.0,0.0,0.0,0.0,0.0
1221.0,5.850692559761228e-06,4.669750069297152e-06,3.1552168366033584e-05,0.0,0.0,0.00048755771331343567
1222.0,5.850692559761228e-06,4.669750069297152e-06,3.1552168366033584e-05,0.0,0.0,0.00048755771331343567
1223.0,0.0,0.0,0.0,0.0,0.0,0.0
1224.0,0.0,0.0,0.0,0.0,0.0,0.0
1225.0,0.0,0.0,0.0,0.0,0.0,0.0
1226.0,0.0,0.0,0.0,0.0,0.0,0.0
1227.0,0.0,0.0,0.0,0.0,0.0,0.0
1228.0,0.0,0.0,0.0,0.0,0.0,0.0
1229.0,0.0,0.0,0.0,0.0,0.0,0.0
1230.0,0.0,0.0,0.0,0.0,0.0,0.0
1231.0,0.0,0.0,0.0,0.0,0.0,0.0
1232.0,0.0,0.0,0.0,0.0,0.0,0.0
1233.0,0.0,0.0,0.0,0.0,0.0,0.0
1234.0,0.00022576248738914728,0.0014598022680729628,0.0,0.0,0.0,0.03649505670182407
1235.0,0.0002023840934270993,0.0013077028561383486,0.0,0.0,0.0,0.032692571403458714
1236.0,0.00015156224253587425,0.0009797316743060946,0.0,0.0,0.0,0.024493291857652366
1237.0,7.76583983679302e-05,0.0005019720993004739,0.0,0.0,0.001736111111111111,0.012549302482511848
1238.0,1.6590563518548151e-06,3.7419520140247187e-06,0.0,0.0,0.0,0.00013825469598790127
1239.0,8.340134058926196e-07,0.0,0.0,0.0,0.0,6.95011171577183e-05
1240.0,0.0,0.0,0.0,0.0,0.0,0.0
1241.0,6.969511559873354e-06,4.413303395267576e-05,0.0,0.0,0.0,0.001103325848816894
1242.0,7.608249688928481e-06,4.919568891637027e-05,0.0,0.0,0.0,0.0012298922229092568
1243.0,0.00015926265041343868,0.001029697828926146,0.0,0.0,0.0,0.02574244572315365
1244.0,0.00014659925363957882,0.0009479249711148441,0.0,0.0,0.001736111111111111,0.023698124277871102
1245.0,0.0,0.0,0.0,0.0,0.0,0.0
1246.0,9.416076863999479e-06,2.6901416276814416e-05,3.1552168366033584e-05,0.0,0.0,0.0007846730719999565
1247.0,5.850692559761228e-06,4.669747795560397e-06,3.1552168366033584e-05,0.0,0.0,0.00048755771331343567
1248.0,0.0,0.0,0.0,0.0,0.0,0.0
1249.0,0.0,0.0,0.0,0.0,0.0,0.0
1250.0,0.00017388341075275093,0.0011243470944464207,0.0,0.0,0.0,0.028108677361160517
1251.0,4.36580776295159e-05,0.00020679799490608275,0.0,0.0,0.003472222222222222,0.023148148148148147
1252.0,0.0,0.0,0.0,0.0,0.0,0.0
1253.0,0.00013999520160723478,0.0009052226669155061,0.0,0.0,0.0,0.022630566672887653
1254.0,0.0,0.0,0.0,0.0,0.0,0.0
1255.0,2.621189196361229e-06,1.6838806914165616e-05,0.0,0.0,0.0,0.0004209701728541404
1256.0,0.0001465651876060292,0.0009477048879489303,0.0,0.0,0.001736111111111111,0.023692622198723257
1257.0,0.0,0.0,0.0,0.0,0.0,0.0
1258.0,0.0,0.0,0.0,0.0,0.0,0.0
1259.0,7.855050353100523e-05,0.0005079152178950608,0.0,0.0,0.0,0.01269788044737652
1260.0,0.0,0.0,0.0,0.0,0.0,0.0
1261.0,7.257623656187207e-05,0.0004692850634455681,0.0,0.0,0.0,0.011732126586139202
1262.0,7.259325502673164e-05,0.000469395105028525,0.0,0.0,0.0,0.011734877625713125
1263.0,1.923333911690861e-06,7.043653113214532e-06,0.0,0.0,0.0,0.0001760913278303633
1264.0,9.703792602522299e-05,0.0006217146292328835,0.0,0.0,0.0,0.015542865730822086
1265.0,4.424187864060514e-05,0.0002854891063179821,0.0,0.0,0.0,0.007137227657949552
1266.0,0.00011643856851151213,0.000752903230022639,0.0,0.0,0.001736111111111111,0.018822580750565976
1267.0,0.0,0.0,0.0,0.0,0.0,0.0
1268.0,0.0,0.0,0.0,0.0,0.0,0.0
1269.0,0.0,0.0,0.0,0.0,0.0,0.0
1270.0,0.0,0.0,0.0,0.0,0.0,0.0
1271.0,8.786301805230323e-06,2.2719175831298344e-05,3.1552168366033584e-05,0.0,0.0,0.0007321918171025269
1272.0,5.78260960537591e-06,4.2295218918297905e-06,3.1552168366033584e-05,0.0,0.0,0.00048188413378132583
1273.0,0.0,0.0,0.0,0.0,0.0,0.0
1274.0,0.0,0.0,0.0,0.0,0.0,0.0
1275.0,0.0,0.0,0.0,0.0,0.0,0.0
1276.0,0.0,0.0,0.0,0.0,0.0,0.0
1277.0,0.0,0.0,0.0,0.0,0.0,0.0
1278.0,0.0,0.0,0.0,0.0,0.0,0.0
1279.0,0.0,0.0,0.0,0.0,0.0,0.0
1280.0,0.0,0.0,0.0,0.0,0.0,0.0
1281.0,0.0,0.0,0.0,0.0,0.0,0.0
1282.0,0.0,0.0,0.0,0.0,0.0,0.0
1283.0,0.0,0.0,0.0,0.0,0.0,0.0
1284.0,0.0,0.0,0.0,0.0,0.0,0.0
1285.0,0.0,0.0,0.0,0.0,0.0,0.0
1286.0,0.0,0.0,0.0,0.0,0.0,0.0
1287.0,0.0,0.0,0.0,0.0,0.0,0.0
1288.0,8.340134058926196e-07,0.0,0.0,0.0,0.0,6.95011171577183e-05
1289.0,8.340134058926196e-07,0.0,0.0,0.0,0.0,6.95011171577183e-05
1290.0,0.0,0.0,0.0,0.0,0.0,0.0
1291.0,0.0,0.0,0.0,0.0,0.0,0.0
1292.0,0.0,0.0,0.0,0.0,0.0,0.0
1293.0,0.0,0.0,0.0,0.0,0.0,0.0
1294.0,0.0,0.0,0.0,0.0,0.0,0.0
1295.0,0.0,0.0,0.0,0.0,0.0,0.0
1296.0,5.78260960537591e-06,4.2295218918297905e-06,3.1552168366033584e-05,0.0,0.0,0.00048188413378132583
1297.0,5.78260960537591e-06,4.2295218918297905e-06,3.1552168366033584e-05,0.0,0.0,0.00048188413378132583
1298.0,0.0,0.0,0.0,0.0,0.0,0.0
1299.0,0.0,0.0,0.0,0.0,0.0,0.0
1300.0,0.0,0.0,0.0,0.0,0.0,0.0
1301.0,0.0,0.0,0.0,0.0,0.0,0.0
1302.0,0.0,0.0,0.0,0.0,0.0,0.0
1303.0,0.0,0.0,0.0,0.0,0.0,0.0
1304.0,0.0,0.0,0.0,0.0,0.0,0.0
1305.0,0.0,0.0,0.0,0.0,0.0,0.0
1306.0,0.0,0.0,0.0,0.0,0.0,0.0
1307.0,0.0,0.0,0.0,0.0,0.0,0.0
1308.0,0.0,0.0,0.0,0.0,0.0,0.0
1309.0,0.0,0.0,0.0,0.0,0.0,0.0
1310.0,0.0,0.0,0.0,0.0,0.0,0.0
1311.0,0.0,0.0,0.0,0.0,0.0,0.0
1312.0,0.0,0.0,0.0,0.0,0.0,0.0
1313.0,8.340134058926196e-07,0.0,0.0,0.0,0.0,6.95011171577183e-05
1314.0,8.340134058926196e-07,0.0,0.0,0.0,0.0,6.95011171577183e-05
1315.0,0.0,0.0,0.0,0.0,0.0,0.0
1316.0,0.0,0.0,0.0,0.0,0.0,0.0
1317.0,0.0,0.0,0.0,0.0,0.0,0.0
1318.0,0.0,0.0,0.0,0.0,0.0,0.0
1319.0,0.0,0.0,0.0,0.0,0.0,0.0
1320.0,0.0,0.0,0.0,0.0,0.0,0.0
1321.0,5.78260960537591e-06,4.2295218918297905e-06,3.1552168366033584e-05,0.0,0.0,0.00048188413378132583
1322.0,5.78260960537591e-06,4.2295218918297905e-06,3.1552168366033584e-05,0.0,0.0,0.00048188413378132583
1323.0,0.0,0.0,0.0,0.0,0.0,0.0
1324.0,0.0,0.0,0.0,0.0,0.0,0.0
1325.0,0.0,0.0,0.0,0.0,0.0,0.0
1326.0,0.0,0.0,0.0,0.0,0.0,0.0
1327.0,0.0,0.0,0.0,0.0,0.0,0.0
1328.0,0.0,0.0,0.0,0.0,0.0,0.0
1329.0,0.0,0.0,0.0,0.0,0.0,0.0
1330.0,0.0,0.0,0.0,0.0,0.0,0.0
1331.0,0.0,0.0,0.0,0.0,0.0,0.0
1332.0,0.0,0.0,0.0,0.0,0.0,0.0
1333.0,0.0,0.0,0.0,0.0,0.0,0.0
1334.0,0.0,0.0,0.0,0.0,0.0,0.0
1335.0,0.0,0.0,0.0,0.0,0.0,0.0
1336.0,0.0,0.0,0.0,0.0,0.0,0.0
1337.0,0.0,0.0,0.0,0.0,0.0,0.0
1338.0,8.340134058926196e-07,0.0,0.0,0.0,0.0,6.95011171577183e-05
1339.0,8.340134058926196e-07,0.0,0.0,0.0,0.0,6.95011171577183e-05
1340.0,0.0,0.0,0.0,0.0,0.0,0.0
1341.0,0.0,0.0,0.0,0.0,0.0,0.0
1342.0,0.0,0.0,0.0,0.0,0.0,0.0
1343.0,0.0,0.0,0.0,0.0,0.0,0.0
1344.0,0.0,0.0,0.0,0.0,0.0,0.0
1345.0,0.0,0.0,0.0,0.0,0.0,0.0
1346.0,5.78260960537591e-06,4.2295218918297905e-06,3.1552168366033584e-05,0.0,0.0,0.00048188413378132583
1347.0,5.78260960537591e-06,4.2295218918297905e-06,3.1552168366033584e-05,0.0,0.0,0.00048188413378132583
1348.0,0.0,0.0,0.0,0.0,0.0,0.0
1349.0,0.0,0.0,0.0,0.0,0.0,0.0
1350.0,0.0,0.0,0.0,0.0,0.0,0.0
1351.0,0.0,0.0,0.0,0.0,0.0,0.0
1352.0,0.0,0.0,0.0,0.0,0.0,0.0
1353.0,0.0,0.0,0.0,0.0,0.0,0.0
1354.0,0.0,0.0,0.0,0.0,0.0,0.0
1355.0,0.0,0.0,0.0,0.0,0.0,0.0
1356.0,0.0,0.0,0.0,0.0,0.0,0.0
1357.0,0.00012077884457539767,0.0,0.0,0.0,0.003472222222222222,0.023148148148148147
1358.0,1.7156859030365013e-05,0.0,0.0,0.0,0.001736111111111111,0.011574074074074073
1359.0,0.00015216499741654843,0.0,0.0,0.0,0.003472222222222222,0.023148148148148147
1360.0,0.000759718706831336,0.0,0.0,0.0,0.015625,0.10416666666666667
1361.0,0.0007420682813972235,0.0,0.0,0.0,0.022569444444444444,0.15046296296296297
1362.0,0.00033037166576832533,0.0,0.0,0.0,0.010416666666666666,0.06944444444444445
1363.0,0.00016222424164880067,0.0,0.0,0.0,0.0,0.013518686804066723
1364.0,0.00021017152175772935,0.0,0.0,0.0,0.003472222222222222,0.023148148148148147
1365.0,0.00025131055735982955,0.0,0.0,0.0,0.010416666666666666,0.06944444444444445
1366.0,0.00023594086815137416,0.0,0.0,0.0,0.003472222222222222,0.023148148148148147
1367.0,0.00015812224592082202,0.0,0.0,0.0,0.0,0.013176853826735169
1368.0,0.0,0.0,0.0,0.0,0.0,0.0
1369.0,0.0,0.0,0.0,0.0,0.0,0.0
1370.0,0.0,0.0,0.0,0.0,0.0,0.0
1371.0,1.4888678379065823e-05,4.2295218918297905e-06,3.1552168366033584e-05,0.0,0.0,0.0012407231982554852
1372.0,5.986858013784513e-06,4.2295218918297905e-06,3.1552168366033584e-05,0.0,0.0,0.0004989048344820427
1373.0,0.0,0.0,0.0,0.0,0.0,0.0
1374.0,0.0,0.0,0.0,0.0,0.0,0.0
1375.0,0.0,0.0,0.0,0.0,0.0,0.0
1376.0,0.0,0.0,0.0,0.0,0.0,0.0
1377.0,0.0,0.0,0.0,0.0,0.0,0.0
1378.0,0.0,0.0,0.0,0.0,0.0,0.0
1379.0,0.0,0.0,0.0,0.0,0.0,0.0
1380.0,0.00018190016271546483,0.0011638577561825514,0.0,0.0,0.0,0.029096443904563785
1381.0,0.00011610621731961146,0.0007366146892309189,0.0,0.0,0.0,0.018415367230772972
1382.0,0.00023970246547833085,0.001549939508549869,0.0,0.0,0.0,0.038748487713746727
1383.0,0.00015815628285054117,0.0009548587258905172,0.0,0.0,0.0,0.02387146814726293
1384.0,0.0,0.0,0.0,0.0,0.0,0.0
1385.0,0.0,0.0,0.0,0.0,0.0,0.0
1386.0,9.003947343444452e-05,0.0,0.0,0.0,0.006944444444444444,0.046296296296296294
1387.0,0.00012145967048127204,0.0,0.0,0.0,0.0,0.01012163920677267
1388.0,1.2552312000480015e-05,5.095668893773109e-05,0.0,0.0,0.0,0.0012739172234432772
1389.0,1.7871705040306551e-06,0.0,0.0,0.0,0.0,0.00014893087533588792
1390.0,0.0,0.0,0.0,0.0,0.0,0.0
1391.0,0.0,0.0,0.0,0.0,0.0,0.0
1392.0,0.0,0.0,0.0,0.0,0.0,0.0
1393.0,0.0,0.0,0.0,0.0,0.0,0.0
1394.0,0.0,0.0,0.0,0.0,0.0,0.0
1395.0,0.0,0.0,0.0,0.0,0.0,0.0
1396.0,6.020899036229821e-06,4.339572569733718e-06,3.1552168366033584e-05,0.0,0.0,0.0005017415863524851
1397.0,6.020899036229821e-06,4.339572569733718e-06,3.1552168366033584e-05,0.0,0.0,0.0005017415863524851
1398.0,0.0,0.0,0.0,0.0,0.0,0.0
1399.0,0.0,0.0,0.0,0.0,0.0,0.0
1400.0,7.846538937883452e-05,0.0,0.0,0.0,0.0,0.006538782448236209
1401.0,0.00010591977479634807,0.0,0.0,0.0,0.0,0.008826647899695672
1402.0,0.0,0.0,0.0,0.0,0.0,0.0
1403.0,0.0,0.0,0.0,0.0,0.0,0.0
1404.0,0.0,0.0,0.0,0.0,0.0,0.0
1405.0,1.6680287444614805e-06,0.0,0.0,0.0,0.0,0.00013900239537179004
1406.0,0.00011019196972483769,0.0,0.0,0.0,0.003472222222222222,0.023148148148148147
1407.0,0.0007454723818227649,0.0,0.0,0.0,0.0,0.0621226984852304
1408.0,1.702069596376532e-08,0.0,0.0,0.0,0.0,1.4183913303137767e-06
1409.0,0.0,0.0,0.0,0.0,0.0,0.0
1410.0,0.0,0.0,0.0,0.0,0.0,0.0
1411.0,0.0,0.0,0.0,0.0,0.0,0.0
1412.0,0.0,0.0,0.0,0.0,0.0,0.0
1413.0,1.1318768883938901e-05,0.0,0.0,0.0,0.0,0.0009432307403282417
1414.0,0.011592947877943516,0.019350307062268257,0.0,0.0,0.19444444444444445,1.2962962962962963
1415.0,0.0,0.0,0.0,0.0,0.0,0.0
1416.0,0.0,0.0,0.0,0.0,0.0,0.0
1417.0,0.0,0.0,0.0,0.0,0.0,0.0
1418.0,0.0,0.0,0.0,0.0,0.0,0.0
1419.0,0.0,0.0,0.0,0.0,0.0,0.0
1420.0,0.0,0.0,0.0,0.0,0.0,0.0
1421.0,6.495540219475515e-06,3.018884399352828e-06,3.1552168366033584e-05,0.0,0.0,0.0005412950182896262
1422.0,5.748569037677953e-06,3.018884399352828e-06,3.1552168366033584e-05,0.0,0.0,0.00047904741980649607
1423.0,0.0,0.0,0.0,0.0,0.0,0.0
1424.0,0.0,0.0,0.0,0.0,0.0,0.0
1425.0,0.0,0.0,0.0,0.0,0.0,0.0
1426.0,0.0,0.0,0.0,0.0,0.0,0.0
1427.0,0.0,0.0,0.0,0.0,0.0,0.0
1428.0,0.0,0.0,0.0,0.0,0.0,0.0
1429.0,0.0,0.0,0.0,0.0,0.0,0.0
1430.0,0.0,0.0,0.0,0.0,0.0,0.0
1431.0,0.0,0.0,0.0,0.0,0.0,0.0
1432.0,0.0,0.0,0.0,0.0,0.0,0.0
1433.0,0.0,0.0,0.0,0.0,0.0,0.0
1434.0,0.0,0.0,0.0,0.0,0.0,0.0
1435.0,0.0,0.0,0.0,0.0,0.0,0.0
1436.0,0.0,0.0,0.0,0.0,0.0,0.0
1437.0,0.0,0.0,0.0,0.0,0.0,0.0
1438.0,8.340134058926196e-07,0.0,0.0,0.0,0.0,6.95011171577183e-05
1439.0,8.340134058926196e-07,0.0,0.0,0.0,0.0,6.95011171577183e-05
1440.0,0.0,0.0,0.0,0.0,0.0,0.0
1441.0,0.0,0.0,0.0,0.0,0.0,0.0
1442.0,0.0,0.0,0.0,0.0,0.0,0.0
1443.0,0.0,0.0,0.0,0.0,0.0,0.0
1444.0,0.0,0.0,0.0,0.0,0.0,0.0
1445.0,0.0,0.0,0.0,0.0,0.0,0.0
1446.0,5.748569037677953e-06,3.018884399352828e-06,3.1552168366033584e-05,0.0,0.0,0.00047904741980649607
1447.0,5.748569037677953e-06,3.018884399352828e-06,3.1552168366033584e-05,0.0,0.0,0.00047904741980649607
1448.0,0.0,0.0,0.0,0.0,0.0,0.0
1449.0,0.025058386847376823,0.014668990857899189,0.0,0.0005259501049295068,0.22569444444444445,2.0881989039480686
1450.0,7.211862111944356e-07,1.581654260007781e-06,0.0,0.0,0.0,6.009885093286963e-05
1451.0,6.531034273393743e-07,1.581654260007781e-06,0.0,0.0,0.0,5.442528561161453e-05
1452.0,6.531034273393743e-07,1.581654260007781e-06,0.0,0.0,0.0,5.442528561161453e-05
1453.0,6.531034273393743e-07,1.581654260007781e-06,0.0,0.0,0.0,5.442528561161453e-05
1454.0,6.531034273393743e-07,1.581654260007781e-06,0.0,0.0,0.0,5.442528561161453e-05
1455.0,6.531034273393743e-07,1.581654260007781e-06,0.0,0.0,0.0,5.442528561161453e-05
1456.0,6.531034273393743e-07,1.581654260007781e-06,0.0,0.0,0.0,5.442528561161453e-05
1457.0,4.774921762873419e-06,3.708849362737965e-06,3.1552168366033584e-05,0.0,0.0,0.0003979101469061182
1458.0,5.076948582427576e-06,3.4606450753926765e-06,3.1552168366033584e-05,0.0,0.0,0.00042307904853563133
1459.0,6.531034273393743e-07,1.581654260007781e-06,0.0,0.0,0.0,5.442528561161453e-05
1460.0,6.531034273393743e-07,1.581654260007781e-06,0.0,0.0,0.0,5.442528561161453e-05
1461.0,6.531034273393743e-07,1.581654260007781e-06,0.0,0.0,0.0,5.442528561161453e-05
1462.0,6.531034273393743e-07,1.581654260007781e-06,0.0,0.0,0.0,5.442528561161453e-05
1463.0,6.531034273393743e-07,1.581654260007781e-06,0.0,0.0,0.0,5.442528561161453e-05
1464.0,6.531034273393743e-07,1.581654260007781e-06,0.0,0.0,0.0,5.442528561161453e-05
1465.0,6.531034273393743e-07,1.581654260007781e-06,0.0,0.0,0.0,5.442528561161453e-05
1466.0,0.0,0.0,0.0,0.0,0.0,0.0
1467.0,6.531034273393743e-07,1.581654260007781e-06,0.0,0.0,0.0,5.442528561161453e-05
1468.0,6.531034273393743e-07,1.581654260007781e-06,0.0,0.0,0.0,5.442528561161453e-05
1469.0,6.531034273393743e-07,1.581654260007781e-06,0.0,0.0,0.0,5.442528561161453e-05
1470.0,6.531034273393743e-07,1.581654260007781e-06,0.0,0.0,0.0,5.442528561161453e-05
1471.0,6.531034273393743e-07,1.581654260007781e-06,0.0,0.0,0.0,5.442528561161453e-05
1472.0,6.531034273393743e-07,1.581654260007781e-06,0.0,0.0,0.0,5.442528561161453e-05
1473.0,0.0,0.0,0.0,0.0,0.0,0.0
1474.0,0.024642661213874817,0.01449959073215723,0.0,0.0002878817031159997,0.20833333333333334,2.0535551011562347
1475.0,0.0,0.0,0.0,0.0,0.0,0.0
1476.0,0.0,0.0,0.0,0.0,0.0,0.0
1477.0,0.0,0.0,0.0,0.0,0.0,0.0
1478.0,0.0,0.0,0.0,0.0,0.0,0.0
1479.0,0.0,0.0,0.0,0.0,0.0,0.0
1480.0,0.0,0.0,0.0,0.0,0.0,0.0
1481.0,0.0,0.0,0.0,0.0,0.0,0.0
1482.0,0.0,0.0,0.0,0.0,0.0,0.0
1483.0,0.0,0.0,0.0,0.0,0.0,0.0
1484.0,0.0,0.0,0.0,0.0,0.0,0.0
1485.0,0.0,0.0,0.0,0.0,0.0,0.0
1486.0,0.0,0.0,0.0,0.0,0.0,0.0
1487.0,0.0,0.0,0.0,0.0,0.0,0.0
1488.0,0.0,0.0,0.0,0.0,0.0,0.0
1489.0,0.0,0.0,0.0,0.0,0.0,0.0
1490.0,3.5743559578804707e-07,0.0,0.0,0.0,0.0,2.9786299649003922e-05
1491.0,3.5743559578804707e-07,0.0,0.0,0.0,0.0,2.9786299649003922e-05
1492.0,0.0,0.0,0.0,0.0,0.0,0.0
1493.0,0.0,0.0,0.0,0.0,0.0,0.0
1494.0,0.0,0.0,0.0,0.0,0.0,0.0
1495.0,0.0,0.0,0.0,0.0,0.0,0.0
1496.0,0.0,0.0,0.0,0.0,0.0,0.0
1497.0,0.0,0.0,0.0,0.0,0.0,0.0
1498.0,0.0,0.0,0.0,0.0,0.0,0.0
1499.0,0.0,0.0,0.0,0.0,0.0,0.0
1500.0,0.0,0.0,0.0,0.0,0.0,0.0
1501.0,0.0,0.0,0.0,0.0,0.0,0.0
1502.0,0.0,0.0,0.0,0.0,0.0,0.0
1503.0,0.0,0.0,0.0,0.0,0.0,0.0
1504.0,0.0,0.0,0.0,0.0,0.0,0.0
1505.0,0.0,0.0,0.0,0.0,0.0,0.0
1506.0,0.0,0.0,0.0,0.0,0.0,0.0
1507.0,0.0,0.0,0.0,0.0,0.0,0.0
1508.0,0.0,0.0,0.0,0.0,0.0,0.0
1509.0,0.0,0.0,0.0,0.0,0.0,0.0
1510.0,0.0,0.0,0.0,0.0,0.0,0.0
1511.0,0.0,0.0,0.0,0.0,0.0,0.0
1512.0,0.0,0.0,0.0,0.0,0.0,0.0
1513.0,0.0,0.0,0.0,0.0,0.0,0.0
1514.0,0.0,0.0,0.0,0.0,0.0,0.0
1515.0,3.5743559578804707e-07,0.0,0.0,0.0,0.0,2.9786299649003922e-05
1516.0,3.5743559578804707e-07,0.0,0.0,0.0,0.0,2.9786299649003922e-05
1517.0,0.0,0.0,0.0,0.0,0.0,0.0
1518.0,0.0,0.0,0.0,0.0,0.0,0.0
1519.0,0.0,0.0,0.0,0.0,0.0,0.0
1520.0,0.0,0.0,0.0,0.0,0.0,0.0
1521.0,0.0,0.0,0.0,0.0,0.0,0.0
1522.0,0.0,0.0,0.0,0.0,0.0,0.0
1523.0,0.0,0.0,0.0,0.0,0.0,0.0
1524.0,0.0,0.0,0.0,0.0,0.0,0.0
1525.0,0.0,0.0,0.0,0.0,0.0,0.0
1526.0,0.0,0.0,0.0,0.0,0.0,0.0
1527.0,0.0,0.0,0.0,0.0,0.0,0.0
1528.0,0.0,0.0,0.0,0.0,0.0,0.0
1529.0,0.0,0.0,0.0,0.0,0.0,0.0
1530.0,0.0,0.0,0.0,0.0,0.0,0.0
1531.0,0.0,0.0,0.0,0.0,0.0,0.0
1532.0,0.0,0.0,0.0,0.0,0.0,0.0
1533.0,0.0,0.0,0.0,0.0,0.0,0.0
1534.0,0.0,0.0,0.0,0.0,0.0,0.0
1535.0,0.0,0.0,0.0,0.0,0.0,0.0
1536.0,0.0,0.0,0.0,0.0,0.0,0.0
1537.0,0.0,0.0,0.0,0.0,0.0,0.0
1538.0,0.0,0.0,0.0,0.0,0.0,0.0
1539.0,0.0,0.0,0.0,0.0,0.0,0.0
1540.0,3.5743559578804707e-07,0.0,0.0,0.0,0.0,2.9786299649003922e-05
1541.0,3.5743559578804707e-07,0.0,0.0,0.0,0.0,2.9786299649003922e-05
1542.0,0.0,0.0,0.0,0.0,0.0,0.0
1543.0,0.0,0.0,0.0,0.0,0.0,0.0
1544.0,0.0,0.0,0.0,0.0,0.0,0.0
1545.0,0.0,0.0,0.0,0.0,0.0,0.0
1546.0,0.0,0.0,0.0,0.0,0.0,0.0
1547.0,0.0,0.0,0.0,0.0,0.0,0.0
1548.0,0.0,0.0,0.0,0.0,0.0,0.0
1549.0,0.0,0.0,0.0,0.0,0.0,0.0
1550.0,0.0,0.0,0.0,0.0,0.0,0.0
1551.0,0.0,0.0,0.0,0.0,0.0,0.0
1552.0,0.0,0.0,0.0,0.0,0.0,0.0
1553.0,0.0,0.0,0.0,0.0,0.0,0.0
1554.0,0.0,0.0,0.0,0.0,0.0,0.0
1555.0,0.0,0.0,0.0,0.0,0.0,0.0
1556.0,1.3020832739130128e-05,0.0,0.0,0.0,0.001736111111111111,0.011574074074074073
1557.0,0.0002209586527897045,0.0,0.0,0.0,0.0,0.01841322106580871
1558.0,0.0,0.0,0.0,0.0,0.0,0.0
1559.0,0.00012079588486813009,0.0,0.0,0.0,0.0,0.01006632373901084
1560.0,4.723242454929277e-05,0.0,0.0,0.0,0.0,0.003936035379107731
1561.0,4.2994270188501105e-05,0.0,0.0,0.0,0.0,0.0035828558490417586
1562.0,0.0,0.0,0.0,0.0,0.0,0.0
1563.0,0.0,0.0,0.0,0.0,0.0,0.0
1564.0,0.0,0.0,0.0,0.0,0.0,0.0
1565.0,3.823195129371015e-06,0.0,0.0,0.0,0.0,0.00031859959411425126
1566.0,4.020291157758038e-07,0.0,0.0,0.0,0.0,3.3502426314650315e-05
1567.0,0.0,0.0,0.0,0.0,0.0,0.0
1568.0,0.0,0.0,0.0,0.0,0.0,0.0
1569.0,0.0,0.0,0.0,0.0,0.0,0.0
1570.0,0.0,0.0,0.0,0.0,0.0,0.0
1571.0,0.0,0.0,0.0,0.0,0.0,0.0
1572.0,0.0,0.0,0.0,0.0,0.0,0.0
1573.0,0.0,0.0,0.0,0.0,0.0,0.0
1574.0,0.0,0.0,0.0,0.0,0.0,0.0
1575.0,0.00044315497507341206,0.0,0.0,0.0,0.001736111111111111,0.03692958125611767
1576.0,0.0,0.0,0.0,0.0,0.0,0.0
1577.0,0.0,0.0,0.0,0.0,0.0,0.0
1578.0,0.0,0.0,0.0,0.0,0.0,0.0
1579.0,0.0,0.0,0.0,0.0,0.0,0.0
1580.0,0.0,0.0,0.0,0.0,0.0,0.0
1581.0,0.0,0.0,0.0,0.0,0.0,0.0
1582.0,1.9858364339597756e-06,0.0,0.0,0.0,0.0,0.00016548636949664797
1583.0,0.0,0.0,0.0,0.0,0.0,0.0
1584.0,0.0,0.0,0.0,0.0,0.0,0.0
1585.0,0.0,0.0,0.0,0.0,0.0,0.0
1586.0,0.0,0.0,0.0,0.0,0.0,0.0
1587.0,0.0,0.0,0.0,0.0,0.0,0.0
1588.0,0.0,0.0,0.0,0.0,0.0,0.0
1589.0,0.0,0.0,0.0,0.0,0.0,0.0
1590.0,3.5743559578804707e-07,0.0,0.0,0.0,0.0,2.9786299649003922e-05
1591.0,3.5743559578804707e-07,0.0,0.0,0.0,0.0,2.9786299649003922e-05
1592.0,0.0,0.0,0.0,0.0,0.0,0.0
1593.0,0.0,0.0,0.0,0.0,0.0,0.0
1594.0,0.0,0.0,0.0,0.0,0.0,0.0
1595.0,0.0,0.0,0.0,0.0,0.0,0.0
1596.0,0.0,0.0,0.0,0.0,0.0,0.0
1597.0,0.0,0.0,0.0,0.0,0.0,0.0
1598.0,0.0,0.0,0.0,0.0,0.0,0.0
1599.0,0.0,0.0,0.0,0.0,0.0,0.0
1600.0,0.02852739952504635,0.013679987750947475,0.0,0.0004900206695310771,0.3159722222222222,2.3772832937538624
1601.0,0.0,0.0,0.0,0.0,0.0,0.0
1602.0,0.0,0.0,0.0,0.0,0.0,0.0
1603.0,0.0,0.0,0.0,0.0,0.0,0.0
1604.0,0.0,0.0,0.0,0.0,0.0,0.0
1605.0,0.0,0.0,0.0,0.0,0.0,0.0
1606.0,0.0,0.0,0.0,0.0,0.0,0.0
1607.0,0.0,0.0,0.0,0.0,0.0,0.0
1608.0,6.83791222400032e-06,4.3318736970832106e-06,4.582108886097558e-05,0.0,0.0,0.0005698260186666934
1609.0,6.83791222400032e-06,4.3318736970832106e-06,4.582108886097558e-05,0.0,0.0,0.0005698260186666934
1610.0,0.00022824750340078026,0.0,0.0,0.0,0.001736111111111111,0.019020625283398356
1611.0,1.0331560588383581e-05,0.0,0.0,0.0,0.0,0.0008609633823652985
1612.0,0.0,0.0,0.0,0.0,0.0,0.0
1613.0,0.0,0.0,0.0,0.0,0.0,0.0
1614.0,0.0,0.0,0.0,0.0,0.0,0.0
1615.0,3.194784221705049e-05,0.0,0.0,0.0,0.0,0.0026623201847542077
1616.0,0.00027406722074374557,0.0,0.0,0.0,0.0,0.0228389350619788
1617.0,5.712147321901284e-05,0.0,0.0,0.0,0.0,0.00476012276825107
1618.0,0.0,0.0,0.0,0.0,0.0,0.0
1619.0,0.0,0.0,0.0,0.0,0.0,0.0
1620.0,0.0002180180890718475,0.0,0.0,0.0,0.0,0.018168174089320626
1621.0,0.00011865125998156145,0.0,0.0,0.0,0.0,0.009887604998463454
1622.0,3.909653241862543e-05,0.0,0.0,0.0,0.0,0.0032580443682187856
1623.0,5.5147047532955185e-05,0.0,0.0,0.0,0.0,0.004595587294412932
1624.0,0.0,0.0,0.0,0.0,0.0,0.0
1625.0,5.855117706232704e-06,0.0,0.0,0.0,0.0,0.000487926475519392
1626.0,0.0,0.0,0.0,0.0,0.0,0.0
1627.0,2.096949356200639e-05,0.0,0.0,0.0,0.0,0.0017474577968338658
1628.0,0.00015936477575451136,0.0,0.0,0.0,0.0,0.013280397979542613
1629.0,1.536968738946598e-05,0.0,0.0,0.0,0.0,0.0012808072824554984
1630.0,0.0,0.0,0.0,0.0,0.0,0.0
1631.0,0.00016059025074355304,0.0,0.0,0.0,0.0,0.013382520895296087
1632.0,0.00011620028089964762,0.0,0.0,0.0,0.0,0.009683356741637303
1633.0,1.8360931790084578e-05,4.3318736970832106e-06,4.582108886097558e-05,0.0,0.0,0.001530077649173715
1634.0,8.420834092248697e-06,4.3318736970832106e-06,4.582108886097558e-05,0.0,0.0,0.0007017361743540581
1635.0,0.0,0.0,0.0,0.0,0.0,0.0
1636.0,0.0,0.0,0.0,0.0,0.0,0.0
1637.0,0.0,0.0,0.0,0.0,0.0,0.0
1638.0,0.0,0.0,0.0,0.0,0.0,0.0
1639.0,0.0,0.0,0.0,0.0,0.0,0.0
1640.0,0.0,0.0,0.0,0.0,0.0,0.0
1641.0,0.0,0.0,0.0,0.0,0.0,0.0
1642.0,0.0,0.0,0.0,0.0,0.0,0.0
1643.0,0.0,0.0,0.0,0.0,0.0,0.0
1644.0,0.0,0.0,0.0,0.0,0.0,0.0
1645.0,0.0,0.0,0.0,0.0,0.0,0.0
1646.0,0.0,0.0,0.0,0.0,0.0,0.0
1647.0,0.0,0.0,0.0,0.0,0.0,0.0
1648.0,0.0,0.0,0.0,0.0,0.0,0.0
1649.0,0.0,0.0,0.0,0.0,0.0,0.0
1650.0,0.0,0.0,0.0,0.0,0.0,0.0
1651.0,0.0,0.0,0.0,0.0,0.0,0.0
1652.0,0.0,0.0,0.0,0.0,0.0,0.0
1653.0,0.0,0.0,0.0,0.0,0.0,0.0
1654.0,0.0,0.0,0.0,0.0,0.0,0.0
1655.0,0.0,0.0,0.0,0.0,0.0,0.0
1656.0,0.0,0.0,0.0,0.0,0.0,0.0
1657.0,0.0,0.0,0.0,0.0,0.0,0.0
1658.0,8.420834092248697e-06,4.3318736970832106e-06,4.582108886097558e-05,0.0,0.0,0.0007017361743540581
1659.0,8.420834092248697e-06,4.3318736970832106e-06,4.582108886097558e-05,0.0,0.0,0.0007017361743540581
1660.0,0.0,0.0,0.0,0.0,0.0,0.0
1661.0,0.0,0.0,0.0,0.0,0.0,0.0
1662.0,0.0,0.0,0.0,0.0,0.0,0.0
1663.0,0.0,0.0,0.0,0.0,0.0,0.0
1664.0,0.00011123024887638167,0.0,0.0,0.0,0.0,0.00926918740636514
1665.0,6.50531001156196e-05,0.0,0.0,0.0,0.0,0.005421091676301633
1666.0,3.3700982839945937e-06,0.0,0.0,0.0,0.0,0.0002808415236662161
1667.0,0.00012719565711449832,0.0,0.0,0.0,0.0,0.01059963809287486
1668.0,0.0002541189605835825,0.0,0.0,0.0,0.0,0.021176580048631877
1669.0,2.2126808119082852e-07,0.0,0.0,0.0,0.0,1.8439006765902377e-05
1670.0,0.0,0.0,0.0,0.0,0.0,0.0
1671.0,0.0,0.0,0.0,0.0,0.0,0.0
1672.0,0.0,0.0,0.0,0.0,0.0,0.0
1673.0,0.0,0.0,0.0,0.0,0.0,0.0
1674.0,0.0,0.0,0.0,0.0,0.0,0.0
1675.0,8.135908501571976e-06,0.0,0.0,0.0,0.0,0.000677992375130998
1676.0,0.0,0.0,0.0,0.0,0.0,0.0
1677.0,0.0,0.0,0.0,0.0,0.0,0.0
1678.0,0.0,0.0,0.0,0.0,0.0,0.0
1679.0,0.0,0.0,0.0,0.0,0.0,0.0
1680.0,0.0,0.0,0.0,0.0,0.0,0.0
1681.0,0.0,0.0,0.0,0.0,0.0,0.0
1682.0,0.0,0.0,0.0,0.0,0.0,0.0
1683.0,8.94847653398756e-06,4.3318736970832106e-06,4.582108886097558e-05,0.0,0.0,0.0007457063778322967
1684.0,8.94847653398756e-06,4.3318736970832106e-06,4.582108886097558e-05,0.0,0.0,0.0007457063778322967
1685.0,0.0,0.0,0.0,0.0,0.0,0.0
1686.0,0.0,0.0,0.0,0.0,0.0,0.0
1687.0,0.0,0.0,0.0,0.0,0.0,0.0
1688.0,0.0,0.0,0.0,0.0,0.0,0.0
1689.0,0.0,0.0,0.0,0.0,0.0,0.0
1690.0,0.0,0.0,0.0,0.0,0.0,0.0
1691.0,0.0,0.0,0.0,0.0,0.0,0.0
1692.0,0.0,0.0,0.0,0.0,0.0,0.0
1693.0,0.0,0.0,0.0,0.0,0.0,0.0
1694.0,0.0,0.0,0.0,0.0,0.0,0.0
1695.0,0.0,0.0,0.0,0.0,0.0,0.0
1696.0,0.0,0.0,0.0,0.0,0.0,0.0
1697.0,0.0,0.0,0.0,0.0,0.0,0.0
1698.0,0.0,0.0,0.0,0.0,0.0,0.0
1699.0,0.0,0.0,0.0,0.0,0.0,0.0
1700.0,0.0,0.0,0.0,0.0,0.0,0.0
1701.0,0.0,0.0,0.0,0.0,0.0,0.0
1702.0,0.0,0.0,0.0,0.0,0.0,0.0
1703.0,0.0,0.0,0.0,0.0,0.0,0.0
1704.0,0.02228766679763794,0.004314344841986895,0.0,0.0006817403482273221,0.2552083333333333,1.8573055664698281
1705.0,0.0,0.0,0.0,0.0,0.0,0.0
1706.0,0.0,0.0,0.0,0.0,0.0,0.0
1707.0,0.0,0.0,0.0,0.0,0.0,0.0
1708.0,0.0,0.0,0.0,0.0,0.0,0.0
1709.0,0.0,0.0,0.0,0.0,0.0,0.0
1710.0,0.0,0.0,0.0,0.0,0.0,0.0
1711.0,0.0,0.0,0.0,0.0,0.0,0.0
1712.0,1.0508590975177867e-07,4.5938082848806516e-07,0.0,0.0,0.0,1.1484520712201629e-05
1713.0,1.0508590975177867e-07,4.5938082848806516e-07,0.0,0.0,0.0,1.1484520712201629e-05
1714.0,0.0,0.0,0.0,0.0,0.0,0.0
1715.0,0.0,0.0,0.0,0.0,0.0,0.0
1716.0,0.0,0.0,0.0,0.0,0.0,0.0
1717.0,0.00015774778148625046,0.0,0.0,0.0,0.001736111111111111,0.013145648457187539
1718.0,0.0,0.0,0.0,0.0,0.0,0.0
1719.0,0.00010289010242559016,0.0,0.0,0.0,0.0,0.008574175202132514
1720.0,0.0001319784641964361,0.0,0.0,0.0,0.001736111111111111,0.011574074074074073
1721.0,0.0001752961106831208,0.0,0.0,0.0,0.001736111111111111,0.014608009223593399
1722.0,0.0001599434472154826,0.0,0.0,0.0,0.0,0.013328620601290217
1723.0,0.00018195121083408594,0.0,0.0,0.0,0.001736111111111111,0.015162600902840495
1724.0,0.00032506120624020696,0.0,0.0,0.0,0.0,0.02708843385335058
1725.0,0.0002900496474467218,0.0,0.0,0.0,0.003472222222222222,0.024170803953893483
1726.0,0.0004445294907782227,0.0,0.0,0.0,0.005208333333333333,0.03704412423151856
1727.0,0.0001735940604703501,0.0,0.0,0.0,0.003472222222222222,0.023148148148148147
1728.0,0.00023537917877547443,0.0,0.0,0.0,0.005208333333333333,0.034722222222222224
1729.0,0.00032562288106419146,0.0,0.0,0.0,0.006944444444444444,0.046296296296296294
1730.0,5.2849256462650374e-05,0.0,0.0,0.0,0.0,0.004404104705220864
1731.0,1.702069596376532e-08,0.0,0.0,0.0,0.0,1.4183913303137767e-06
1732.0,0.002728536492213607,0.0,0.0,0.0,0.027777777777777776,0.22737804101780057
1733.0,0.0,0.0,0.0,0.0,0.0,0.0
1734.0,0.00010263478907290846,0.0,0.0,0.0,0.0,0.008552899089409038
1735.0,0.00010651550110196695,0.0,0.0,0.0,0.0,0.008876291758497246
1736.0,0.00027192261768504977,0.0,0.0,0.0,0.001736111111111111,0.022660218140420813
1737.0,1.4657773135695606e-05,4.5938082848806516e-07,0.0,0.0,0.0,0.0012214810946413006
1738.0,1.2210634281473176e-07,4.5938082848806516e-07,0.0,0.0,0.0,1.1484520712201629e-05
1739.0,0.0,0.0,0.0,0.0,0.0,0.0
1740.0,0.0,0.0,0.0,0.0,0.0,0.0
1741.0,0.0,0.0,0.0,0.0,0.0,0.0
1742.0,0.00013155295164324343,0.0,0.0,0.0,0.0,0.010962745970270285
1743.0,0.0005854267510585487,0.0,0.0,0.0,0.005208333333333333,0.04878556258821239
1744.0,0.0003403628070373088,0.0,0.0,0.0,0.003472222222222222,0.028363567253109068
1745.0,0.00014266745711211115,0.0,0.0,0.0,0.0,0.011888954759342596
1746.0,1.3820814274367876e-05,0.0,0.0,0.0,0.0,0.0011517345228639897
1747.0,0.0,0.0,0.0,0.0,0.0,0.0
1748.0,0.0,0.0,0.0,0.0,0.0,0.0
1749.0,0.0,0.0,0.0,0.0,0.0,0.0
1750.0,0.0,0.0,0.0,0.0,0.0,0.0
1751.0,0.0,0.0,0.0,0.0,0.0,0.0
1752.0,0.0,0.0,0.0,0.0,0.0,0.0
1753.0,0.0,0.0,0.0,0.0,0.0,0.0
1754.0,0.0,0.0,0.0,0.0,0.0,0.0
1755.0,0.0,0.0,0.0,0.0,0.0,0.0
1756.0,0.0,0.0,0.0,0.0,0.0,0.0
1757.0,0.0,0.0,0.0,0.0,0.0,0.0
1758.0,0.0,0.0,0.0,0.0,0.0,0.0
1759.0,0.0,0.0,0.0,0.0,0.0,0.0
1760.0,0.0,0.0,0.0,0.0,0.0,0.0
1761.0,0.0,0.0,0.0,0.0,0.0,0.0
1762.0,1.3912756458012154e-07,4.5938082848806516e-07,0.0,0.0,0.0,1.1593963715010128e-05
1763.0,1.3912756458012154e-07,4.5938082848806516e-07,0.0,0.0,0.0,1.1593963715010128e-05
1764.0,0.0,0.0,0.0,0.0,0.0,0.0
1765.0,0.0,0.0,0.0,0.0,0.0,0.0
1766.0,0.0,0.0,0.0,0.0,0.0,0.0
1767.0,2.0424809576979897e-07,0.0,0.0,0.0,0.0,1.7020674647483247e-05
1768.0,0.0016804530750960112,0.0,0.0,0.0,0.010416666666666666,0.14003775625800094
1769.0,0.0,0.0,0.0,0.0,0.0,0.0
1770.0,0.0,0.0,0.0,0.0,0.0,0.0
1771.0,4.595583504851675e-06,0.0,0.0,0.0,0.0,0.0003829652920709729
1772.0,0.0,0.0,0.0,0.0,0.0,0.0
1773.0,0.0,0.0,0.0,0.0,0.0,0.0
1774.0,0.0,0.0,0.0,0.0,0.0,0.0
1775.0,0.0,0.0,0.0,0.0,0.0,0.0
1776.0,0.0,0.0,0.0,0.0,0.0,0.0
1777.0,0.0,0.0,0.0,0.0,0.0,0.0
1778.0,0.00013402094191405922,0.0,0.0,0.0,0.0,0.011168411826171601
1779.0,4.4236789108254015e-05,0.0,0.0,0.0,0.0,0.003686399092354501
1780.0,0.00015967113722581416,0.0,0.0,0.0,0.001736111111111111,0.01330592810215118
1781.0,1.702069596376532e-08,0.0,0.0,0.0,0.0,1.4183913303137767e-06
1782.0,0.00022387319768313318,0.0,0.0,0.0,0.0,0.018656099806927767
1783.0,4.352191535872407e-05,0.0,0.0,0.0,0.0,0.0036268262798936726
1784.0,0.0,0.0,0.0,0.0,0.0,0.0
1785.0,0.0,0.0,0.0,0.0,0.0,0.0
1786.0,0.0,0.0,0.0,0.0,0.0,0.0
1787.0,6.624016805290012e-06,4.5938082848806516e-07,0.0,0.0,0.0,0.0005520014004408343
1788.0,1.0508590975177867e-07,4.5938082848806516e-07,0.0,0.0,0.0,1.1484520712201629e-05
1789.0,0.0,0.0,0.0,0.0,0.0,0.0
1790.0,0.0,0.0,0.0,0.0,0.0,0.0
1791.0,0.0,0.0,0.0,0.0,0.0,0.0
1792.0,0.0,0.0,0.0,0.0,0.0,0.0
1793.0,0.0,0.0,0.0,0.0,0.0,0.0
1794.0,0.0,0.0,0.0,0.0,0.0,0.0
1795.0,0.0,0.0,0.0,0.0,0.0,0.0
1796.0,0.0,0.0,0.0,0.0,0.0,0.0
1797.0,0.0,0.0,0.0,0.0,0.0,0.0
1798.0,0.0,0.0,0.0,0.0,0.0,0.0
1799.0,0.0,0.0,0.0,0.0,0.0,0.0
1800.0,0.0,0.0,0.0,0.0,0.0,0.0
1801.0,0.00015402025019284338,0.0,0.0,0.0,0.005208333333333333,0.034722222222222224
1802.0,0.0008515964145772159,0.0,0.0,0.0,0.010416666666666666,0.07096636788143466
1803.0,0.0004582140827551484,0.0,0.0,0.0,0.008680555555555556,0.05787037037037038
1804.0,0.0007589867454953492,0.0,0.0,0.0,0.012152777777777778,0.08101851851851852
1805.0,2.9445802283589728e-05,0.0,0.0,0.0,0.0,0.0024538168569658105
1806.0,0.0,0.0,0.0,0.0,0.0,0.0
1807.0,0.0003316652146168053,0.0,0.0,0.0,0.0,0.027638767884733777
1808.0,7.553783507319167e-05,0.0,0.0,0.0,0.0,0.006294819589432639
1809.0,8.576726395403966e-05,0.0,0.0,0.0,0.0,0.007147271996169971
1810.0,0.0,0.0,0.0,0.0,0.0,0.0
1811.0,0.0,0.0,0.0,0.0,0.0,0.0
1812.0,8.053752026171423e-06,4.5938082848806516e-07,0.0,0.0,0.0,0.000671146002180952
1813.0,1.0508590975177867e-07,4.5938082848806516e-07,0.0,0.0,0.0,1.1484520712201629e-05
1814.0,0.0,0.0,0.0,0.0,0.0,0.0
1815.0,0.0,0.0,0.0,0.0,0.0,0.0
1816.0,2.7641608539852314e-05,0.0,0.0,0.0,0.001736111111111111,0.011574074074074073
1817.0,0.0002084864827338606,0.0,0.0,0.0,0.001736111111111111,0.01737387356115505
1818.0,0.00012539145245682448,0.0,0.0,0.0,0.0,0.010449287704735374
1819.0,0.0,0.0,0.0,0.0,0.0,0.0
1820.0,0.0,0.0,0.0,0.0,0.0,0.0
1821.0,5.08918537889258e-06,0.0,0.0,0.0,0.0,0.0004240987815743817
1822.0,0.0,0.0,0.0,0.0,0.0,0.0
1823.0,0.00011032813199562952,0.0,0.0,0.0,0.0,0.009194010999635793
1824.0,0.00018045339675154537,0.0,0.0,0.0,0.001736111111111111,0.01503778306262878
1825.0,0.00029524098499678075,0.0,0.0,0.0,0.0,0.024603415416398395
1826.0,0.0,0.0,0.0,0.0,0.0,0.0
1827.0,0.0,0.0,0.0,0.0,0.0,0.0
1828.0,0.0,0.0,0.0,0.0,0.0,0.0
1829.0,1.2629348020709585e-05,0.0,0.0,0.0,0.0,0.0010524456683924654
1830.0,0.0,0.0,0.0,0.0,0.0,0.0
1831.0,0.0,0.0,0.0,0.0,0.0,0.0
1832.0,0.0,0.0,0.0,0.0,0.0,0.0
1833.0,0.0,0.0,0.0,0.0,0.0,0.0
1834.0,0.004283888265490532,0.0,0.0,0.0,0.043402777777777776,0.35699068879087764
1835.0,0.0,0.0,0.0,0.0,0.0,0.0
1836.0,0.0,0.0,0.0,0.0,0.0,0.0
1837.0,1.6539648868274526e-06,4.5938082848806516e-07,0.0,0.0,0.0,0.00013783040723562104
1838.0,1.0508590975177867e-07,4.5938082848806516e-07,0.0,0.0,0.0,1.1484520712201629e-05
1839.0,0.0,0.0,0.0,0.0,0.0,0.0
1840.0,0.0,0.0,0.0,0.0,0.0,0.0
1841.0,0.0,0.0,0.0,0.0,0.0,0.0
1842.0,0.0,0.0,0.0,0.0,0.0,0.0
1843.0,0.0,0.0,0.0,0.0,0.0,0.0
1844.0,0.0,0.0,0.0,0.0,0.0,0.0
1845.0,0.0,0.0,0.0,0.0,0.0,0.0
1846.0,0.0,0.0,0.0,0.0,0.0,0.0
1847.0,0.0,0.0,0.0,0.0,0.0,0.0
1848.0,0.0,0.0,0.0,0.0,0.0,0.0
1849.0,0.0,0.0,0.0,0.0,0.0,0.0
1850.0,0.0,0.0,0.0,0.0,0.0,0.0
1851.0,0.0,0.0,0.0,0.0,0.0,0.0
1852.0,0.0,0.0,0.0,0.0,0.0,0.0
1853.0,0.0,0.0,0.0,0.0,0.0,0.0
1854.0,0.0,0.0,0.0,0.0,0.0,0.0
1855.0,0.0,0.0,0.0,0.0,0.0,0.0
1856.0,0.0,0.0,0.0,0.0,0.0,0.0
1857.0,0.0,0.0,0.0,0.0,0.0,0.0
1858.0,0.0,0.0,0.0,0.0,0.0,0.0
1859.0,0.0,0.0,0.0,0.0,0.0,0.0
1860.0,0.0,0.0,0.0,0.0,0.0,0.0
1861.0,0.0,0.0,0.0,0.0,0.0,0.0
1862.0,1.0508590975177867e-07,4.5938082848806516e-07,0.0,0.0,0.0,1.1484520712201629e-05
1863.0,1.0508590975177867e-07,4.5938082848806516e-07,0.0,0.0,0.0,1.1484520712201629e-05
1864.0,9.582648999639787e-06,6.174223381094635e-05,0.0,0.0,0.001736111111111111,0.011574074074074073
1865.0,7.497615297324955e-05,0.00012260401854291558,0.0,0.0,0.001736111111111111,0.011574074074074073
1866.0,0.0,0.0,0.0,0.0,0.0,0.0
1867.0,0.0002023249980993569,0.0013082532677799463,0.0,0.0,0.003472222222222222,0.03270633169449866
1868.0,0.00048003465053625405,0.0014929297612980008,0.0,0.0,0.015625,0.10416666666666667
1869.0,0.0002400258235866204,0.0,0.0,0.0,0.005208333333333333,0.034722222222222224
1870.0,0.0004964084946550429,0.0,0.0,0.0,0.003472222222222222,0.04136737455458691
1871.0,4.976852142135613e-05,2.6193813027930446e-05,0.0,0.0,0.0,0.0041473767851130106
1872.0,0.0,0.0,0.0,0.0,0.0,0.0
1873.0,0.0,0.0,0.0,0.0,0.0,0.0
1874.0,0.0,0.0,0.0,0.0,0.0,0.0
1875.0,2.9701106541324407e-05,5.7119810662698e-05,0.0,0.0,0.0,0.0024750922117770338
1876.0,0.0001391441619489342,0.00020250574743840843,0.0,0.0,0.0,0.01159534682907785
1877.0,0.00013269332703202963,7.351837848545983e-05,0.0,0.0,0.0,0.011057777252669135
1878.0,9.538396261632442e-05,0.0,0.0,0.0,0.0,0.007948663551360369
1879.0,0.00012237878399901092,1.001522923615994e-05,0.0,0.0,0.0,0.010198231999917576
1880.0,6.803170981584117e-05,0.0,0.0,0.0,0.0,0.005669309151320097
1881.0,0.0001319784641964361,0.0,0.0,0.0,0.0,0.010998205349703008
1882.0,0.00017187496996484697,0.0,0.0,0.0,0.0,0.014322914163737247
1883.0,0.00012991897528991103,0.0,0.0,0.0,0.0,0.010826581274159253
1884.0,0.0,0.0,0.0,0.0,0.0,0.0
1885.0,6.639772618655115e-05,0.00042757324990816414,0.0,0.0,0.003472222222222222,0.023148148148148147
1886.0,0.0005576490075327456,0.0035973386839032173,0.0,0.0,0.015625,0.10416666666666667
1887.0,0.00043309456668794155,0.002749364823102951,0.0,0.0,0.003472222222222222,0.06873412057757378
1888.0,0.00020884689001832157,0.0013502041110768914,0.0,0.0,0.001736111111111111,0.033755102776922286
1889.0,0.0,0.0,0.0,0.0,0.0,0.0
1890.0,7.763138273730874e-05,0.0005019721575081348,0.0,0.0,0.0,0.012549303937703371
1891.0,0.00010775800910778344,0.000696773873642087,0.0,0.0,0.0,0.017419346841052175
1892.0,0.0,0.0,0.0,0.0,0.0,0.0
1893.0,0.0,0.0,0.0,0.0,0.0,0.0
1894.0,0.00032228685449808836,0.0020839383359998465,0.0,0.0,0.003472222222222222,0.05209845839999616
1895.0,5.43300666322466e-05,0.00035130351898260415,0.0,0.0,0.001736111111111111,0.011574074074074073
1896.0,0.00041178870014846325,0.0023357952013611794,0.0,0.0,0.005208333333333333,0.058394880034029484
1897.0,8.990331116365269e-05,0.0005813236348330975,0.0,0.0,0.0,0.014533090870827436
1898.0,0.0004447847604751587,0.0028758016414940357,0.0,0.0,0.010416666666666666,0.07189504103735089
1899.0,0.00011397057096473873,0.0007369448430836201,0.0,0.0,0.003472222222222222,0.023148148148148147
1900.0,0.0005031657055951655,0.0032535188365727663,0.0,0.0,0.003472222222222222,0.08133797091431916
1901.0,6.823597504990175e-05,0.00044122044346295297,0.0,0.0,0.001736111111111111,0.011574074074074073
1902.0,0.0001533564500277862,0.0009916177950799465,0.0,0.0,0.0,0.024790444876998663
1903.0,6.398079131031409e-05,0.00041370606049895287,0.0,0.0,0.0,0.010342651512473822
1904.0,0.00027861178386956453,0.0017874434124678373,0.0,0.0,0.0,0.04468608531169593
1905.0,4.935997139909887e-07,1.5408031686092727e-06,0.0,0.0,0.0,4.113330949924906e-05
1906.0,0.00017148349434137344,0.001039933180436492,0.0,0.0,0.0,0.0259983295109123
1907.0,0.0,0.0,0.0,0.0,0.0,0.0
1908.0,0.0,0.0,0.0,0.0,0.0,0.0
1909.0,0.0,0.0,0.0,0.0,0.0,0.0
1910.0,0.0,0.0,0.0,0.0,0.0,0.0
1911.0,0.0,0.0,0.0,0.0,0.0,0.0
1912.0,7.4920822044077795e-06,4.349194932729006e-05,0.0,0.0,0.0,0.0010872987331822515
1913.0,2.4125097297655884e-07,8.99609119642264e-07,0.0,0.0,0.0,2.24902279910566e-05
1914.0,0.0,0.0,0.0,0.0,0.0,0.0
1915.0,0.0,0.0,0.0,0.0,0.0,0.0
1916.0,0.0,0.0,0.0,0.0,0.0,0.0
1917.0,0.0,0.0,0.0,0.0,0.0,0.0
1918.0,0.0,0.0,0.0,0.0,0.0,0.0
1919.0,0.0,0.0,0.0,0.0,0.0,0.0
1920.0,0.0,0.0,0.0,0.0,0.0,0.0
1921.0,0.0,0.0,0.0,0.0,0.0,0.0
1922.0,0.0,0.0,0.0,0.0,0.0,0.0
1923.0,0.0,0.0,0.0,0.0,0.0,0.0
1924.0,0.0,0.0,0.0,0.0,0.0,0.0
1925.0,0.0,0.0,0.0,0.0,0.0,0.0
1926.0,0.0,0.0,0.0,0.0,0.0,0.0
1927.0,0.0,0.0,0.0,0.0,0.0,0.0
1928.0,0.0,0.0,0.0,0.0,0.0,0.0
1929.0,0.0,0.0,0.0,0.0,0.0,0.0
1930.0,0.0,0.0,0.0,0.0,0.0,0.0
1931.0,0.0,0.0,0.0,0.0,0.0,0.0
1932.0,0.0,0.0,0.0,0.0,0.0,0.0
1933.0,0.0,0.0,0.0,0.0,0.0,0.0
1934.0,0.0,0.0,0.0,0.0,0.0,0.0
1935.0,0.0,0.0,0.0,0.0,0.0,0.0
1936.0,0.0,0.0,0.0,0.0,0.0,0.0
1937.0,3.0933350103623525e-07,1.339837353953044e-06,0.0,0.0,0.0,3.34959338488261e-05
1938.0,0.0001239476550836116,0.0008003571419976652,0.0,0.0,0.0,0.02000892854994163
1939.0,6.760619726264849e-05,0.00043714832281693816,0.0,0.0,0.0,0.010928708070423454
1940.0,0.00031821889569982886,0.002057634759694338,0.0,0.0,0.0,0.051440868992358446
1941.0,0.00017008782015182078,0.0010998042998835444,0.0,0.0,0.0,0.02749510749708861
1942.0,0.0,0.0,0.0,0.0,0.0,0.0
1943.0,0.0,0.0,0.0,0.0,0.0,0.0
1944.0,0.0,0.0,0.0,0.0,0.0,0.0
1945.0,0.0,0.0,0.0,0.0,0.0,0.0
1946.0,1.5114365851331968e-05,9.563987259753048e-05,0.0,0.0,0.0,0.002390996814938262
1947.0,8.326522947754711e-05,0.0005384011892601848,0.0,0.0,0.0,0.013460029731504619
1948.0,9.436273103347048e-05,0.00060905801365152,0.0,0.0,0.0,0.015226450341288
1949.0,0.0,0.0,0.0,0.0,0.0,0.0
1950.0,0.0,0.0,0.0,0.0,0.0,0.0
1951.0,0.0,0.0,0.0,0.0,0.0,0.0
1952.0,0.0,0.0,0.0,0.0,0.0,0.0
1953.0,0.0,0.0,0.0,0.0,0.0,0.0
1954.0,2.4169357857317664e-06,1.452756805520039e-05,0.0,0.0,0.0,0.00036318920138000976
1955.0,0.0,0.0,0.0,0.0,0.0,0.0
1956.0,0.0,0.0,0.0,0.0,0.0,0.0
1957.0,8.714596333447844e-06,5.634943227050826e-05,0.0,0.0,0.0,0.0014087358067627065
1958.0,0.00013768233475275338,0.0008887267322279513,0.0,0.0,0.0,0.022218168305698782
1959.0,0.0002638718287926167,0.0017049002926796675,0.0,0.0,0.0,0.04262250731699169
1960.0,3.233932375223958e-07,2.0910922557959566e-06,0.0,0.0,0.0,5.2277306394898915e-05
1961.0,0.0,0.0,0.0,0.0,0.0,0.0
1962.0,1.0718791600083932e-05,6.446622137445956e-05,0.0,0.0,0.0,0.0016116555343614891
1963.0,3.09334012627005e-07,1.3398407645581756e-06,0.0,0.0,0.0,3.349601911395439e-05
1964.0,0.0,0.0,0.0,0.0,0.0,0.0
1965.0,0.0,0.0,0.0,0.0,0.0,0.0
1966.0,0.0,0.0,0.0,0.0,0.0,0.0
1967.0,0.0,0.0,0.0,0.0,0.0,0.0
1968.0,0.0,0.0,0.0,0.0,0.0,0.0
1969.0,0.0,0.0,0.0,0.0,0.0,0.0
1970.0,0.0,0.0,0.0,0.0,0.0,0.0
1971.0,0.0,0.0,0.0,0.0,0.0,0.0
1972.0,0.0,0.0,0.0,0.0,0.0,0.0
1973.0,0.0,0.0,0.0,0.0,0.0,0.0
1974.0,0.0,0.0,0.0,0.0,0.0,0.0
1975.0,0.0,0.0,0.0,0.0,0.0,0.0
1976.0,0.0,0.0,0.0,0.0,0.0,0.0
1977.0,0.0,0.0,0.0,0.0,0.0,0.0
1978.0,0.0,0.0,0.0,0.0,0.0,0.0
1979.0,0.0,0.0,0.0,0.0,0.0,0.0
1980.0,1.2033627172058914e-05,7.715026731602848e-05,0.0,0.0,0.0,0.001928756682900712
1981.0,0.00011065154103562236,0.0007154837367124856,0.0,0.0,0.0,0.01788709341781214
1982.0,0.0,0.0,0.0,0.0,0.0,0.0
1983.0,1.2033631719532423e-05,7.781064050504938e-05,0.0,0.0,0.0,0.0019452660126262344
1984.0,0.0,0.0,0.0,0.0,0.0,0.0
1985.0,0.0,0.0,0.0,0.0,0.0,0.0
1986.0,0.0,0.0,0.0,0.0,0.0,0.0
1987.0,4.540161626209738e-06,2.8036442017764784e-05,0.0,0.0,0.0,0.0007009110504441196
1988.0,3.09334012627005e-07,1.3398407645581756e-06,0.0,0.0,0.0,3.349601911395439e-05
1989.0,0.0,0.0,0.0,0.0,0.0,0.0
1990.0,0.0,0.0,0.0,0.0,0.0,0.0
1991.0,0.008042005822062492,0.038396961987018585,0.0,0.0,0.08506944444444445,0.9599240496754646
1992.0,0.0,0.0,0.0,0.0,0.0,0.0
1993.0,0.0,0.0,0.0,0.0,0.0,0.0
1994.0,0.0,0.0,0.0,0.0,0.0,0.0
1995.0,0.0,0.0,0.0,0.0,0.0,0.0
1996.0,3.820470908522111e-07,1.699949280009605e-06,0.0,0.0,0.0,4.2498732000240125e-05
1997.0,0.0,0.0,0.0,0.0,0.0,0.0
1998.0,0.0,0.0,0.0,0.0,0.0,0.0
1999.0,0.0,0.0,0.0,0.0,0.0,0.0
2000.0,0.0,0.0,0.0,0.0,0.0,0.0
2001.0,0.0,0.0,0.0,0.0,0.0,0.0
2002.0,0.0,0.0,0.0,0.0,0.0,0.0
2003.0,0.0,0.0,0.0,0.0,0.0,0.0
2004.0,0.0,0.0,0.0,0.0,0.0,0.0
2005.0,0.0,0.0,0.0,0.0,0.0,0.0
2006.0,0.0,0.0,0.0,0.0,0.0,0.0
2007.0,0.0,0.0,0.0,0.0,0.0,0.0
2008.0,0.0,0.0,0.0,0.0,0.0,0.0
2009.0,0.0,0.0,0.0,0.0,0.0,0.0
2010.0,0.024862153455615044,0.0006109415553510189,0.0,0.00039814214687794447,0.3020833333333333,2.071846121301254
2011.0,0.0,0.0,0.0,0.0,0.0,0.0
2012.0,0.0,0.0,0.0,0.0,0.0,0.0
2013.0,0.0,0.0,0.0,0.0,0.0,0.0
2014.0,0.0,0.0,0.0,0.0,0.0,0.0
2015.0,0.0,0.0,0.0,0.0,0.0,0.0
2016.0,0.0,0.0,0.0,0.0,0.0,0.0
2017.0,0.0,0.0,0.0,0.0,0.0,0.0
2018.0,0.0,0.0,0.0,0.0,0.0,0.0
2019.0,0.0,0.0,0.0,0.0,0.0,0.0
2020.0,0.0,0.0,0.0,0.0,0.0,0.0
2021.0,0.0,0.0,0.0,0.0,0.0,0.0
2022.0,0.0,0.0,0.0,0.0,0.0,0.0
2023.0,0.0,0.0,0.0,0.0,0.0,0.0
2024.0,5.889158273930661e-06,3.8079873775132e-05,0.0,0.0,0.001736111111111111,0.011574074074074073
2025.0,0.00019592522585298866,0.0007032672874629498,0.0,0.0,0.005208333333333333,0.034722222222222224
2026.0,0.0004036968166474253,0.0015414648223668337,0.0,0.0,0.006944444444444444,0.046296296296296294
2027.0,6.927445156179601e-06,2.707424937398173e-05,0.0,0.0,0.0,0.0006768562343495432
2028.0,0.0,0.0,0.0,0.0,0.0,0.0
2029.0,0.0,0.0,0.0,0.0,0.0,0.0
2030.0,0.0,0.0,0.0,0.0,0.0,0.0
2031.0,0.0,0.0,0.0,0.0,0.0,0.0
2032.0,0.0,0.0,0.0,0.0,0.0,0.0
2033.0,0.0,0.0,0.0,0.0,0.0,0.0
2034.0,0.0,0.0,0.0,0.0,0.0,0.0
2035.0,0.0,0.0,0.0,0.0,0.0,0.0
2036.0,0.0,0.0,0.0,0.0,0.0,0.0
2037.0,0.0,0.0,0.0,0.0,0.0,0.0
2038.0,0.0,0.0,0.0,0.0,0.0,0.0
2039.0,0.0,0.0,0.0,0.0,0.0,0.0
2040.0,0.0,0.0,0.0,0.0,0.0,0.0
2041.0,0.0,0.0,0.0,0.0,0.0,0.0
2042.0,0.0,0.0,0.0,0.0,0.0,0.0
2043.0,0.0,0.0,0.0,0.0,0.0,0.0
2044.0,0.0,0.0,0.0,0.0,0.0,0.0
2045.0,0.0,0.0,0.0,0.0,0.0,0.0
2046.0,0.0,0.0,0.0,0.0,0.0,0.0
2047.0,0.0,0.0,0.0,0.0,0.0,0.0
2048.0,0.0,0.0,0.0,0.0,0.0,0.0
2049.0,0.0,0.0,0.0,0.0,0.0,0.0
2050.0,0.0,0.0,0.0,0.0,0.0,0.0
2051.0,0.0,0.0,0.0,0.0,0.0,0.0
2052.0,0.0,0.0,0.0,0.0,0.0,0.0
2053.0,0.0,0.0,0.0,0.0,0.0,0.0
2054.0,0.0,0.0,0.0,0.0,0.0,0.0
2055.0,0.0,0.0,0.0,0.0,0.0,0.0
2056.0,0.0,0.0,0.0,0.0,0.0,0.0
2057.0,0.0,0.0,0.0,0.0,0.0,0.0
2058.0,0.0,0.0,0.0,0.0,0.0,0.0
2059.0,0.0,0.0,0.0,0.0,0.0,0.0
2060.0,0.0,0.0,0.0,0.0,0.0,0.0
2061.0,0.00020637591660488397,0.0,0.0,0.0,0.0,0.017197993050406996
2062.0,8.355457975994796e-05,0.0,0.0,0.0,0.0,0.006962881646662329
2063.0,3.761574134841794e-06,0.0,0.0,0.0,0.0,0.0003134645112368162
2064.0,0.00012749305460602045,0.0,0.0,0.0,0.0,0.01062442121716837
2065.0,0.0,0.0,0.0,0.0,0.0,0.0
2066.0,0.0,0.0,0.0,0.0,0.0,0.0
2067.0,0.0,0.0,0.0,0.0,0.0,0.0
2068.0,0.0,0.0,0.0,0.0,0.0,0.0
2069.0,5.18234446644783e-06,0.0,0.0,0.0,0.0,0.0004318620388706525
2070.0,0.0,0.0,0.0,0.0,0.0,0.0
2071.0,0.0,0.0,0.0,0.0,0.0,0.0
2072.0,0.0,0.0,0.0,0.0,0.0,0.0
2073.0,0.0,0.0,0.0,0.0,0.0,0.0
2074.0,0.0,0.0,0.0,0.0,0.0,0.0
2075.0,0.00021597559680230916,0.0,0.0,0.0,0.010416666666666666,0.06944444444444445
2076.0,0.00018392561469227076,0.0,0.0,0.0,0.0,0.015327134557689229
2077.0,0.00010624316200846806,0.0,0.0,0.0,0.001736111111111111,0.011574074074074073
2078.0,0.0002283496141899377,0.0,0.0,0.0,0.005208333333333333,0.034722222222222224
2079.0,6.622751971008256e-05,0.0,0.0,0.0,0.001736111111111111,0.011574074074074073
2080.0,0.0,0.0,0.0,0.0,0.0,0.0
2081.0,7.155499770306051e-05,0.0,0.0,0.0,0.003472222222222222,0.023148148148148147
2082.0,0.00016869210230652243,0.0,0.0,0.0,0.003472222222222222,0.023148148148148147
2083.0,0.00014363761874847114,0.0,0.0,0.0,0.001736111111111111,0.011969801562372595
2084.0,0.00018212141003459692,0.0,0.0,0.0,0.001736111111111111,0.015176784169549743
2085.0,8.578424058214296e-06,0.0,0.0,0.0,0.0,0.0007148686715178579
2086.0,0.0,0.0,0.0,0.0,0.0,0.0
2087.0,0.0,0.0,0.0,0.0,0.0,0.0
2088.0,0.00022674967476632446,0.0,0.0,0.0,0.006944444444444444,0.046296296296296294
2089.0,1.615263863641303e-05,0.0,0.0,0.0,0.0,0.001346053219701086
2090.0,0.0,0.0,0.0,0.0,0.0,0.0
2091.0,0.0,0.0,0.0,0.0,0.0,0.0
2092.0,0.0,0.0,0.0,0.0,0.0,0.0
2093.0,0.0,0.0,0.0,0.0,0.0,0.0
2094.0,1.6850499378051609e-06,0.0,0.0,0.0,0.0,0.00014042082815043008
2095.0,0.0,0.0,0.0,0.0,0.0,0.0
2096.0,0.0,0.0,0.0,0.0,0.0,0.0
2097.0,0.0,0.0,0.0,0.0,0.0,0.0
2098.0,0.0,0.0,0.0,0.0,0.0,0.0
2099.0,0.0,0.0,0.0,0.0,0.0,0.0
2100.0,0.0,0.0,0.0,0.0,0.0,0.0
2101.0,0.0,0.0,0.0,0.0,0.0,0.0
2102.0,0.0,0.0,0.0,0.0,0.0,0.0
2103.0,0.0,0.0,0.0,0.0,0.0,0.0
2104.0,0.0,0.0,0.0,0.0,0.0,0.0
2105.0,0.0,0.0,0.0,0.0,0.0,0.0
2106.0,0.0,0.0,0.0,0.0,0.0,0.0
2107.0,0.00040276063373312354,0.0,0.0,0.0,0.008680555555555556,0.05787037037037038
2108.0,0.0,0.0,0.0,0.0,0.0,0.0
2109.0,0.0,0.0,0.0,0.0,0.0,0.0
2110.0,3.625406407081755e-06,0.0,0.0,0.0,0.0,0.00030211720059014624
2111.0,0.0,0.0,0.0,0.0,0.0,0.0
2112.0,0.0,0.0,0.0,0.0,0.0,0.0
2113.0,0.0,0.0,0.0,0.0,0.0,0.0
2114.0,0.0,0.0,0.0,0.0,0.0,0.0
2115.0,0.0,0.0,0.0,0.0,0.0,0.0
2116.0,0.0,0.0,0.0,0.0,0.0,0.0
2117.0,0.0,0.0,0.0,0.0,0.0,0.0
2118.0,0.0,0.0,0.0,0.0,0.0,0.0
2119.0,0.0,0.0,0.0,0.0,0.0,0.0
2120.0,0.0,0.0,0.0,0.0,0.0,0.0
2121.0,0.0,0.0,0.0,0.0,0.0,0.0
2122.0,0.0,0.0,0.0,0.0,0.0,0.0
2123.0,0.0,0.0,0.0,0.0,0.0,0.0
2124.0,0.0,0.0,0.0,0.0,0.0,0.0
2125.0,0.0,0.0,0.0,0.0,0.0,0.0
2126.0,0.0,0.0,0.0,0.0,0.0,0.0
2127.0,0.0,0.0,0.0,0.0,0.0,0.0
2128.0,0.0,0.0,0.0,0.0,0.0,0.0
2129.0,0.0,0.0,0.0,0.0,0.0,0.0
2130.0,0.0,0.0,0.0,0.0,0.0,0.0
2131.0,0.0,0.0,0.0,0.0,0.0,0.0
2132.0,0.0,0.0,0.0,0.0,0.0,0.0
2133.0,0.0,0.0,0.0,0.0,0.0,0.0
2134.0,0.0,0.0,0.0,0.0,0.0,0.0
2135.0,0.0,0.0,0.0,0.0,0.0,0.0
2136.0,0.0,0.0,0.0,0.0,0.0,0.0
2137.0,0.0,0.0,0.0,0.0,0.0,0.0
2138.0,6.638068725806079e-07,0.0,0.0,0.0,0.0,5.531723938171732e-05
2139.0,0.0,0.0,0.0,0.0,0.0,0.0
2140.0,0.0,0.0,0.0,0.0,0.0,0.0
2141.0,0.0,0.0,0.0,0.0,0.0,0.0
2142.0,0.0,0.0,0.0,0.0,0.0,0.0
2143.0,0.0,0.0,0.0,0.0,0.0,0.0
2144.0,2.553107094627194e-07,0.0,0.0,0.0,0.0,2.1275892455226614e-05
2145.0,0.0,0.0,0.0,0.0,0.0,0.0
2146.0,0.0,0.0,0.0,0.0,0.0,0.0
2147.0,0.0,0.0,0.0,0.0,0.0,0.0
2148.0,0.0,0.0,0.0,0.0,0.0,0.0
2149.0,0.0,0.0,0.0,0.0,0.0,0.0
2150.0,0.0030383809935301542,0.0022795102559030056,0.0,0.0,0.059027777777777776,0.39351851851851855
2151.0,0.0,0.0,0.0,0.0,0.0,0.0
2152.0,1.3616526075566071e-06,0.0,0.0,0.0,0.0,0.00011347105062971725
2153.0,0.0,0.0,0.0,0.0,0.0,0.0
2154.0,0.0,0.0,0.0,0.0,0.0,0.0
2155.0,0.0,0.0,0.0,0.0,0.0,0.0
2156.0,0.0,0.0,0.0,0.0,0.0,0.0
2157.0,0.0,0.0,0.0,0.0,0.0,0.0
2158.0,0.0,0.0,0.0,0.0,0.0,0.0
2159.0,0.0,0.0,0.0,0.0,0.0,0.0
2160.0,0.0,0.0,0.0,0.0,0.0,0.0
2161.0,0.0,0.0,0.0,0.0,0.0,0.0
2162.0,0.0,0.0,0.0,0.0,0.0,0.0
2163.0,0.0,0.0,0.0,0.0,0.0,0.0
2164.0,0.0,0.0,0.0,0.0,0.0,0.0
2165.0,0.0,0.0,0.0,0.0,0.0,0.0
2166.0,0.0,0.0,0.0,0.0,0.0,0.0
2167.0,0.0,0.0,0.0,0.0,0.0,0.0
2168.0,0.0,0.0,0.0,0.0,0.0,0.0
2169.0,0.0,0.0,0.0,0.0,0.0,0.0
2170.0,0.0,0.0,0.0,0.0,0.0,0.0
2171.0,0.0,0.0,0.0,0.0,0.0,0.0
2172.0,0.0,0.0,0.0,0.0,0.0,0.0
2173.0,0.0,0.0,0.0,0.0,0.0,0.0
2174.0,2.2091165874371654e-07,0.0,3.6667959193437127e-06,0.0,0.0,1.8409304895309713e-05
2175.0,0.03717794269323349,0.0009440324502065778,3.6667959193437127e-06,0.0002619430306367576,0.2378472222222222,3.098161891102791
2176.0,0.0,0.0,0.0,0.0,0.0,0.0
2177.0,0.0,0.0,0.0,0.0,0.0,0.0
2178.0,0.0,0.0,0.0,0.0,0.0,0.0
2179.0,0.0,0.0,0.0,0.0,0.0,0.0
2180.0,0.0,0.0,0.0,0.0,0.0,0.0
2181.0,0.0,0.0,0.0,0.0,0.0,0.0
2182.0,0.0,0.0,0.0,0.0,0.0,0.0
2183.0,0.0,0.0,0.0,0.0,0.0,0.0
2184.0,0.0,0.0,0.0,0.0,0.0,0.0
2185.0,0.0,0.0,0.0,0.0,0.0,0.0
2186.0,0.0,0.0,0.0,0.0,0.0,0.0
2187.0,0.0,0.0,0.0,0.0,0.0,0.0
2188.0,0.0,0.0,0.0,0.0,0.0,0.0
2189.0,0.0,0.0,0.0,0.0,0.0,0.0
2190.0,0.0,0.0,0.0,0.0,0.0,0.0
2191.0,1.4597058850540634e-07,0.0,0.0,0.0,0.0,1.2164215708783862e-05
2192.0,1.4597058850540634e-07,0.0,0.0,0.0,0.0,1.2164215708783862e-05
2193.0,0.0,0.0,0.0,0.0,0.0,0.0
2194.0,0.0,0.0,0.0,0.0,0.0,0.0
2195.0,0.0,0.0,0.0,0.0,0.0,0.0
2196.0,0.0,0.0,0.0,0.0,0.0,0.0
2197.0,0.0,0.0,0.0,0.0,0.0,0.0
2198.0,0.0,0.0,0.0,0.0,0.0,0.0
2199.0,0.0,0.0,0.0,0.0,0.0,0.0
2200.0,0.0,0.0,0.0,0.0,0.0,0.0
2201.0,0.0,0.0,0.0,0.0,0.0,0.0
2202.0,0.0,0.0,0.0,0.0,0.0,0.0
2203.0,0.0,0.0,0.0,0.0,0.0,0.0
2204.0,0.0,0.0,0.0,0.0,0.0,0.0
2205.0,0.0,0.0,0.0,0.0,0.0,0.0
2206.0,0.0,0.0,0.0,0.0,0.0,0.0
2207.0,0.0,0.0,0.0,0.0,0.0,0.0
2208.0,0.0002965783642139286,0.0,0.0,0.0,0.003472222222222222,0.02471486368449405
2209.0,0.00019404571503400803,0.0,0.0,0.0,0.0,0.016170476252834003
2210.0,6.808259200852262e-08,0.0,0.0,0.0,0.0,5.673549334043552e-06
2211.0,0.0,0.0,0.0,0.0,0.0,0.0
2212.0,0.0,0.0,0.0,0.0,0.0,0.0
2213.0,0.0,0.0,0.0,0.0,0.0,0.0
2214.0,0.0,0.0,0.0,0.0,0.0,0.0
2215.0,0.0,0.0,0.0,0.0,0.0,0.0
2216.0,3.6862797969661187e-06,0.0,0.0,0.0,0.0,0.0003071899830805099
2217.0,1.4597058850540634e-07,0.0,0.0,0.0,0.0,1.2164215708783862e-05
2218.0,0.0,0.0,0.0,0.0,0.0,0.0
2219.0,0.0,0.0,0.0,0.0,0.0,0.0
2220.0,0.0,0.0,0.0,0.0,0.0,0.0
2221.0,0.0,0.0,0.0,0.0,0.0,0.0
2222.0,0.0,0.0,0.0,0.0,0.0,0.0
2223.0,0.0,0.0,0.0,0.0,0.0,0.0
2224.0,0.0,0.0,0.0,0.0,0.0,0.0
2225.0,0.0,0.0,0.0,0.0,0.0,0.0
2226.0,0.0,0.0,0.0,0.0,0.0,0.0
2227.0,0.0,0.0,0.0,0.0,0.0,0.0
2228.0,0.0,0.0,0.0,0.0,0.0,0.0
2229.0,0.0,0.0,0.0,0.0,0.0,0.0
2230.0,0.0,0.0,0.0,0.0,0.0,0.0
2231.0,0.0,0.0,0.0,0.0,0.0,0.0
2232.0,0.0,0.0,0.0,0.0,0.0,0.0
2233.0,0.0,0.0,0.0,0.0,0.0,0.0
2234.0,0.0,0.0,0.0,0.0,0.0,0.0
2235.0,0.0,0.0,0.0,0.0,0.0,0.0
2236.0,0.0,0.0,0.0,0.0,0.0,0.0
2237.0,0.0,0.0,0.0,0.0,0.0,0.0
2238.0,0.0,0.0,0.0,0.0,0.0,0.0
2239.0,0.0,0.0,0.0,0.0,0.0,0.0
2240.0,0.0,0.0,0.0,0.0,0.0,0.0
2241.0,0.0001592894404893741,0.0010288171470165253,0.0,0.0,0.005208333333333333,0.034722222222222224
2242.0,0.0006861138972453773,0.004433665424585342,0.0,0.0,0.013888888888888888,0.11084163561463356
2243.0,0.00010042209032690153,0.0006493390537798405,0.0,0.0,0.001736111111111111,0.01623347634449601
2244.0,0.0,0.0,0.0,0.0,0.0,0.0
2245.0,0.0,0.0,0.0,0.0,0.0,0.0
2246.0,0.0,0.0,0.0,0.0,0.0,0.0
2247.0,0.0,0.0,0.0,0.0,0.0,0.0
2248.0,4.5036751544103026e-05,3.741946102309157e-06,0.0,0.0,0.001736111111111111,0.011574074074074073
2249.0,0.00019907405658159405,0.0,0.0,0.0,0.001736111111111111,0.016589504715132836
2250.0,1.0280496098857839e-05,4.754481778945774e-05,0.0,0.0,0.0,0.0011886204447364435
2251.0,0.0,0.0,0.0,0.0,0.0,0.0
2252.0,0.0,0.0,0.0,0.0,0.0,0.0
2253.0,0.0,0.0,0.0,0.0,0.0,0.0
2254.0,0.0,0.0,0.0,0.0,0.0,0.0
2255.0,0.0,0.0,0.0,0.0,0.0,0.0
2256.0,0.0,0.0,0.0,0.0,0.0,0.0
2257.0,8.602259185863659e-05,0.0005562304868362844,0.0,0.0,0.001736111111111111,0.01390576217090711
2258.0,0.00029032197198830545,0.0018747190479189157,0.0,0.0,0.005208333333333333,0.046867976197972894
2259.0,0.00011574070958886296,0.0007483908557333052,0.0,0.0,0.001736111111111111,0.01870977139333263
2260.0,0.0,0.0,0.0,0.0,0.0,0.0
2261.0,0.0,0.0,0.0,0.0,0.0,0.0
2262.0,0.0,0.0,0.0,0.0,0.0,0.0
2263.0,0.0,0.0,0.0,0.0,0.0,0.0
2264.0,0.0,0.0,0.0,0.0,0.0,0.0
2265.0,0.0,0.0,0.0,0.0,0.0,0.0
2266.0,2.596946842459147e-06,1.3537046470446512e-05,0.0,0.0,0.0,0.0003384261617611628
2267.0,1.4597058850540634e-07,0.0,0.0,0.0,0.0,1.2164215708783862e-05
2268.0,0.0,0.0,0.0,0.0,0.0,0.0
2269.0,0.00013550174480769783,0.0008761676144786179,0.0,0.0,0.001736111111111111,0.021904190361965448
2270.0,0.00041493045864626765,0.0026829810813069344,0.0,0.0,0.008680555555555556,0.06707452703267336
2271.0,0.0009002074948512018,0.005489116534590721,0.0,0.0,0.013888888888888888,0.13722791336476803
2272.0,0.0008447371073998511,1.1005748490333644e-07,0.0,0.0,0.006944444444444444,0.07039475894998759
2273.0,0.00038626763853244483,0.00023926493304315954,0.0,0.0,0.0,0.032188969877703734
2274.0,0.0,0.0,0.0,0.0,0.0,0.0
2275.0,2.11056449188618e-05,5.866060018888675e-05,0.0,0.0,0.0,0.001758803743238483
2276.0,0.0,0.0,0.0,0.0,0.0,0.0
2277.0,0.0,0.0,0.0,0.0,0.0,0.0
2278.0,0.0006314337369985878,0.004079059697687626,0.0,0.0,0.0,0.10197649244219065
2279.0,2.2126879173356429e-07,1.4307456694950815e-06,0.0,0.0,0.0,3.576864173737704e-05
2280.0,0.0,0.0,0.0,0.0,0.0,0.0
2281.0,0.0,0.0,0.0,0.0,0.0,0.0
2282.0,0.0,0.0,0.0,0.0,0.0,0.0
2283.0,7.267845376190962e-06,4.314258694648743e-05,0.0,0.0,0.0,0.0010785646736621857
2284.0,0.0,0.0,0.0,0.0,0.0,0.0
2285.0,0.0,0.0,0.0,0.0,0.0,0.0
2286.0,0.0,0.0,0.0,0.0,0.0,0.0
2287.0,0.0,0.0,0.0,0.0,0.0,0.0
2288.0,0.0,0.0,0.0,0.0,0.0,0.0
2289.0,0.0,0.0,0.0,0.0,0.0,0.0
2290.0,0.0,0.0,0.0,0.0,0.0,0.0
2291.0,1.4597058850540634e-07,0.0,0.0,0.0,0.0,1.2164215708783862e-05
2292.0,1.4597058850540634e-07,0.0,0.0,0.0,0.0,1.2164215708783862e-05
2293.0,0.0,0.0,0.0,0.0,0.0,0.0
2294.0,0.0,0.0,0.0,0.0,0.0,0.0
2295.0,0.0,0.0,0.0,0.0,0.0,0.0
2296.0,0.0,0.0,0.0,0.0,0.0,0.0
2297.0,0.0,0.0,0.0,0.0,0.0,0.0
2298.0,0.0,0.0,0.0,0.0,0.0,0.0
2299.0,0.0,0.0,0.0,0.0,0.0,0.0
2300.0,0.0,0.0,0.0,0.0,0.0,0.0
2301.0,0.0,0.0,0.0,0.0,0.0,0.0
2302.0,0.0,0.0,0.0,0.0,0.0,0.0
2303.0,0.0,0.0,0.0,0.0,0.0,0.0
2304.0,0.0,0.0,0.0,0.0,0.0,0.0
2305.0,1.702069596376532e-08,1.1005748490333644e-07,0.0,0.0,0.0,2.751437122583411e-06
2306.0,0.0001798236189642921,0.001158574945293367,0.0,0.0,0.0,0.028964373632334173
2307.0,0.0001993123150896281,0.001288773026317358,0.0,0.0,0.0,0.03221932565793395
2308.0,0.0002127854822902009,0.0013715361710637808,0.0,0.0,0.0,0.03428840427659452
2309.0,0.00014928850578144193,0.0009622325305826962,0.0,0.0,0.0,0.024055813264567405
2310.0,3.2366140658268705e-05,0.00020888909057248384,0.0,0.0,0.0,0.005222227264312096
2311.0,0.0,0.0,0.0,0.0,0.0,0.0
2312.0,0.0,0.0,0.0,0.0,0.0,0.0
2313.0,0.0,0.0,0.0,0.0,0.0,0.0
2314.0,0.0,0.0,0.0,0.0,0.0,0.0
2315.0,0.00022979636560194194,0.0014858858194202185,0.0,0.0,0.0,0.03714714548550546
2316.0,0.00027343022520653903,0.0017626805929467082,0.0,0.0,0.0,0.044067014823667705
2317.0,1.4597058850540634e-07,0.0,0.0,0.0,0.0,1.2164215708783862e-05
2318.0,0.0,0.0,0.0,0.0,0.0,0.0
2319.0,0.0,0.0,0.0,0.0,0.0,0.0
2320.0,0.0,0.0,0.0,0.0,0.0,0.0
2321.0,0.0,0.0,0.0,0.0,0.0,0.0
2322.0,0.0,0.0,0.0,0.0,0.0,0.0
2323.0,0.0,0.0,0.0,0.0,0.0,0.0
2324.0,0.0,0.0,0.0,0.0,0.0,0.0
2325.0,0.0,0.0,0.0,0.0,0.0,0.0
2326.0,0.0,0.0,0.0,0.0,0.0,0.0
2327.0,0.0,0.0,0.0,0.0,0.0,0.0
2328.0,0.0,0.0,0.0,0.0,0.0,0.0
2329.0,0.006740262731909752,0.030781753361225128,0.0,0.0,0.06770833333333333,0.7695438340306282
2330.0,0.0,0.0,0.0,0.0,0.0,0.0
2331.0,0.00018795952200889587,0.0012153645511716604,0.0,0.0,0.006944444444444444,0.046296296296296294
2332.0,0.0007436511223204434,0.004803457763046026,0.0,0.0,0.015625,0.12008644407615066
2333.0,0.0007006737869232893,4.710459688794799e-05,0.0,0.0,0.001736111111111111,0.05838948224360744
2334.0,0.00019749111379496753,0.0,0.0,0.0,0.003472222222222222,0.023148148148148147
2335.0,0.00010554533218964934,0.0,0.0,0.0,0.003472222222222222,0.023148148148148147
2336.0,0.00039435247890651226,0.002548160729929805,0.0,0.0,0.008680555555555556,0.06370401824824512
2337.0,0.00031975077581591904,0.001966616837307811,0.0,0.0,0.010416666666666666,0.06944444444444445
2338.0,0.0005567639600485563,0.0,0.0,0.0,0.006944444444444444,0.04639699667071303
2339.0,5.502790736500174e-05,5.502882913788198e-07,0.0,0.0,0.0,0.004585658947083478
2340.0,0.00020225690968800336,0.0,0.0,0.0,0.003472222222222222,0.023148148148148147
2341.0,0.00020577298710122705,2.641377977852244e-05,0.0,0.0,0.001736111111111111,0.017147748925102253
2342.0,0.00012560551112983376,0.0007557646604254842,0.0,0.0,0.001736111111111111,0.018894116510637105
2343.0,0.00022906449157744646,0.0014349293196573853,0.0,0.0,0.003472222222222222,0.035873232991434634
2344.0,0.00010426876542624086,0.0004831523110624403,0.0,0.0,0.0,0.012078807776561007
2345.0,0.00018077678396366537,0.001165508758276701,0.0,0.0,0.001736111111111111,0.029137718956917524
2346.0,0.0,0.0,0.0,0.0,0.0,0.0
2347.0,0.0,0.0,0.0,0.0,0.0,0.0
2348.0,0.0,0.0,0.0,0.0,0.0,0.0
2349.0,0.0,0.0,0.0,0.0,0.0,0.0
2350.0,6.587023563042749e-06,3.1806674087420106e-05,0.0,0.0,0.0,0.0007951668521855026
2351.0,0.0,0.0,0.0,0.0,0.0,0.0
2352.0,0.0,0.0,0.0,0.0,0.0,0.0
2353.0,0.0,0.0,0.0,0.0,0.0,0.0
2354.0,0.0,0.0,0.0,0.0,0.0,0.0
2355.0,0.0,0.0,0.0,0.0,0.0,0.0
2356.0,0.0,0.0,0.0,0.0,0.0,0.0
2357.0,0.0,0.0,0.0,0.0,0.0,0.0
2358.0,0.0,0.0,0.0,0.0,0.0,0.0
2359.0,0.0,0.0,0.0,0.0,0.0,0.0
2360.0,0.0,0.0,0.0,0.0,0.0,0.0
2361.0,0.0,0.0,0.0,0.0,0.0,0.0
2362.0,0.0,0.0,0.0,0.0,0.0,0.0
2363.0,0.0,0.0,0.0,0.0,0.0,0.0
2364.0,0.0,0.0,0.0,0.0,0.0,0.0
2365.0,0.0,0.0,0.0,0.0,0.0,0.0
2366.0,1.4597058850540634e-07,0.0,0.0,0.0,0.0,1.2164215708783862e-05
2367.0,1.4597058850540634e-07,0.0,0.0,0.0,0.0,1.2164215708783862e-05
2368.0,0.0,0.0,0.0,0.0,0.0,0.0
2369.0,0.0,0.0,0.0,0.0,0.0,0.0
2370.0,0.0,0.0,0.0,0.0,0.0,0.0
2371.0,0.0,0.0,0.0,0.0,0.0,0.0
2372.0,0.0,0.0,0.0,0.0,0.0,0.0
2373.0,0.0,0.0,0.0,0.0,0.0,0.0
2374.0,0.0,0.0,0.0,0.0,0.0,0.0
2375.0,0.0,0.0,0.0,0.0,0.0,0.0
2376.0,0.0,0.0,0.0,0.0,0.0,0.0
2377.0,0.0,0.0,0.0,0.0,0.0,0.0
2378.0,0.0,0.0,0.0,0.0,0.0,0.0
2379.0,0.0,0.0,0.0,0.0,0.0,0.0
2380.0,0.0,0.0,0.0,0.0,0.0,0.0
2381.0,0.0,0.0,0.0,0.0,0.0,0.0
2382.0,0.0,0.0,0.0,0.0,0.0,0.0
2383.0,0.0,0.0,0.0,0.0,0.0,0.0
2384.0,0.0,0.0,0.0,0.0,0.0,0.0
2385.0,0.0,0.0,0.0,0.0,0.0,0.0
2386.0,0.0,0.0,0.0,0.0,0.0,0.0
2387.0,0.0,0.0,0.0,0.0,0.0,0.0
2388.0,0.0,0.0,0.0,0.0,0.0,0.0
2389.0,0.0,0.0,0.0,0.0,0.0,0.0
2390.0,0.0,0.0,0.0,0.0,0.0,0.0
2391.0,0.004278586246073246,0.014383301138877869,0.0,0.0,0.06944444444444445,0.462962962962963
2392.0,1.4597058850540634e-07,0.0,0.0,0.0,0.0,1.2164215708783862e-05
2393.0,0.0,0.0,0.0,0.0,0.0,0.0
2394.0,0.0,0.0,0.0,0.0,0.0,0.0
2395.0,0.0,0.0,0.0,0.0,0.0,0.0
2396.0,0.0,0.0,0.0,0.0,0.0,0.0
2397.0,0.0,0.0,0.0,0.0,0.0,0.0
2398.0,0.0,0.0,0.0,0.0,0.0,0.0
2399.0,0.0,0.0,0.0,0.0,0.0,0.0
2400.0,0.0,0.0,0.0,0.0,0.0,0.0
2401.0,0.0,0.0,0.0,0.0,0.0,0.0
2402.0,0.0,0.0,0.0,0.0,0.0,0.0
2403.0,0.0,0.0,0.0,0.0,0.0,0.0
2404.0,0.0,0.0,0.0,0.0,0.0,0.0
2405.0,0.0,0.0,0.0,0.0,0.0,0.0
2406.0,0.0,0.0,0.0,0.0,0.0,0.0
2407.0,0.0,0.0,0.0,0.0,0.0,0.0
2408.0,0.0,0.0,0.0,0.0,0.0,0.0
2409.0,0.0,0.0,0.0,0.0,0.0,0.0
2410.0,0.0,0.0,0.0,0.0,0.0,0.0
2411.0,0.0,0.0,0.0,0.0,0.0,0.0
2412.0,0.0,0.0,0.0,0.0,0.0,0.0
2413.0,0.0,0.0,0.0,0.0,0.0,0.0
2414.0,0.0,0.0,0.0,0.0,0.0,0.0
2415.0,0.0,0.0,0.0,0.0,0.0,0.0
2416.0,1.4597058850540634e-07,0.0,0.0,0.0,0.0,1.2164215708783862e-05
2417.0,1.4597058850540634e-07,0.0,0.0,0.0,0.0,1.2164215708783862e-05
2418.0,0.0,0.0,0.0,0.0,0.0,0.0
2419.0,0.0,0.0,0.0,0.0,0.0,0.0
2420.0,0.0,0.0,0.0,0.0,0.0,0.0
2421.0,0.0,0.0,0.0,0.0,0.0,0.0
2422.0,0.0,0.0,0.0,0.0,0.0,0.0
2423.0,0.0,0.0,0.0,0.0,0.0,0.0
2424.0,0.0,0.0,0.0,0.0,0.0,0.0
2425.0,0.0,0.0,0.0,0.0,0.0,0.0
2426.0,0.0,0.0,0.0,0.0,0.0,0.0
2427.0,0.0,0.0,0.0,0.0,0.0,0.0
2428.0,0.0,0.0,0.0,0.0,0.0,0.0
2429.0,0.0,0.0,0.0,0.0,0.0,0.0
2430.0,0.0,0.0,0.0,0.0,0.0,0.0
2431.0,0.0,0.0,0.0,0.0,0.0,0.0
2432.0,0.0,0.0,0.0,0.0,0.0,0.0
2433.0,0.0,0.0,0.0,0.0,0.0,0.0
2434.0,0.0,0.0,0.0,0.0,0.0,0.0
2435.0,0.0,0.0,0.0,0.0,0.0,0.0
2436.0,0.0,0.0,0.0,0.0,0.0,0.0
2437.0,0.0,0.0,0.0,0.0,0.0,0.0
2438.0,0.0,0.0,0.0,0.0,0.0,0.0
2439.0,0.0,0.0,0.0,0.0,0.0,0.0
2440.0,0.0,0.0,0.0,0.0,0.0,0.0
2441.0,1.4597058850540634e-07,0.0,0.0,0.0,0.0,1.2164215708783862e-05
2442.0,1.4597058850540634e-07,0.0,0.0,0.0,0.0,1.2164215708783862e-05
2443.0,0.0,0.0,0.0,0.0,0.0,0.0
2444.0,0.0,0.0,0.0,0.0,0.0,0.0
2445.0,0.0,0.0,0.0,0.0,0.0,0.0
2446.0,0.0,0.0,0.0,0.0,0.0,0.0
2447.0,0.0,0.0,0.0,0.0,0.0,0.0
2448.0,0.0,0.0,0.0,0.0,0.0,0.0
2449.0,0.0,0.0,0.0,0.0,0.0,0.0
2450.0,0.0,0.0,0.0,0.0,0.0,0.0
2451.0,0.0,0.0,0.0,0.0,0.0,0.0
2452.0,0.0,0.0,0.0,0.0,0.0,0.0
2453.0,0.0,0.0,0.0,0.0,0.0,0.0
2454.0,0.0,0.0,0.0,0.0,0.0,0.0
2455.0,0.0,0.0,0.0,0.0,0.0,0.0
2456.0,0.0,0.0,0.0,0.0,0.0,0.0
2457.0,0.0,0.0,0.0,0.0,0.0,0.0
2458.0,0.033400263637304306,0.013305206783115864,0.0,0.0003738246741704643,0.3125,2.783355303108692
2459.0,6.808330255125838e-08,0.0,0.0,0.0,0.0,5.6736085459381984e-06
2460.0,0.0,0.0,0.0,0.0,0.0,0.0
2461.0,0.0,0.0,0.0,0.0,0.0,0.0
2462.0,0.0,0.0,0.0,0.0,0.0,0.0
2463.0,0.0,0.0,0.0,0.0,0.0,0.0
2464.0,0.0,0.0,0.0,0.0,0.0,0.0
2465.0,0.0,0.0,0.0,0.0,0.0,0.0
2466.0,0.00012068674550391734,0.00014916443615220487,0.0,4.144101694691926e-05,0.0,0.010057228791993111
2467.0,0.0,0.0,0.0,0.0,0.0,0.0
2468.0,0.0,0.0,0.0,0.0,0.0,0.0
2469.0,0.0,0.0,0.0,0.0,0.0,0.0
2470.0,0.0,0.0,0.0,0.0,0.0,0.0
2471.0,0.0,0.0,0.0,0.0,0.0,0.0
2472.0,1.2493188478401862e-05,0.0,0.0,0.0,0.0,0.0010410990398668218
2473.0,0.00011865125998156145,0.0,0.0,0.0,0.001736111111111111,0.011574074074074073
2474.0,0.0,0.0,0.0,0.0,0.0,0.0
2475.0,0.00010300924623152241,0.0,0.0,0.0,0.001736111111111111,0.011574074074074073
2476.0,0.0,0.0,0.0,0.0,0.0,0.0
2477.0,0.0,0.0,0.0,0.0,0.0,0.0
2478.0,0.00011311953130643815,0.0,0.0,0.0,0.001736111111111111,0.011574074074074073
2479.0,0.0,0.0,0.0,0.0,0.0,0.0
2480.0,0.0,0.0,0.0,0.0,0.0,0.0
2481.0,0.0,0.0,0.0,0.0,0.0,0.0
2482.0,0.0,0.0,0.0,0.0,0.0,0.0
2483.0,4.323258053773316e-06,0.0,0.0,0.0,0.0,0.0003602715044811096
2484.0,6.70274966978468e-05,0.0,0.0,0.0,0.0,0.005585624724820566
2485.0,1.875680754892528e-05,0.0,0.0,0.0,0.0,0.0015630672957437735
2486.0,0.0,0.0,0.0,0.0,0.0,0.0
2487.0,0.0,0.0,0.0,0.0,0.0,0.0
2488.0,0.0,0.0,0.0,0.0,0.0,0.0
2489.0,0.0,0.0,0.0,0.0,0.0,0.0
2490.0,0.0,0.0,0.0,0.0,0.0,0.0
2491.0,6.297658501352998e-07,0.0,0.0,0.0,0.0,5.248048751127499e-05
2492.0,0.0,0.0,0.0,0.0,0.0,0.0
2493.0,0.0,0.0,0.0,0.0,0.0,0.0
2494.0,0.0,0.0,0.0,0.0,0.0,0.0
2495.0,0.0,0.0,0.0,0.0,0.0,0.0
2496.0,0.0,0.0,0.0,0.0,0.0,0.0
2497.0,0.0,0.0,0.0,0.0,0.0,0.0
2498.0,0.0,0.0,0.0,0.0,0.0,0.0
2499.0,0.0,0.0,0.0,0.0,0.0,0.0
2500.0,0.0,0.0,0.0,0.0,0.0,0.0
2501.0,0.0,0.0,0.0,0.0,0.0,0.0
2502.0,0.0,0.0,0.0,0.0,0.0,0.0
2503.0,0.0,0.0,0.0,0.0,0.0,0.0
2504.0,0.0,0.0,0.0,0.0,0.0,0.0
2505.0,0.0,0.0,0.0,0.0,0.0,0.0
2506.0,0.0,0.0,0.0,0.0,0.0,0.0
2507.0,0.0,0.0,0.0,0.0,0.0,0.0
2508.0,0.0,0.0,0.0,0.0,0.0,0.0
2509.0,0.0,0.0,0.0,0.0,0.0,0.0
2510.0,0.0,0.0,0.0,0.0,0.0,0.0
2511.0,0.0,0.0,0.0,0.0,0.0,0.0
2512.0,0.0,0.0,0.0,0.0,0.0,0.0
2513.0,0.0,0.0,0.0,0.0,0.0,0.0
2514.0,0.0,0.0,0.0,0.0,0.0,0.0
2515.0,0.0,0.0,0.0,0.0,0.0,0.0
2516.0,0.0,0.0,0.0,0.0,0.0,0.0
2517.0,0.0,0.0,0.0,0.0,0.0,0.0
2518.0,0.0,0.0,0.0,0.0,0.0,0.0
2519.0,0.0,0.0,0.0,0.0,0.0,0.0
2520.0,0.0,0.0,0.0,0.0,0.0,0.0
2521.0,0.0,0.0,0.0,0.0,0.0,0.0
2522.0,0.0,0.0,0.0,0.0,0.0,0.0
2523.0,0.0,0.0,0.0,0.0,0.0,0.0
2524.0,0.0,0.0,0.0,0.0,0.0,0.0
2525.0,0.0,0.0,0.0,0.0,0.0,0.0
2526.0,0.03098500519990921,0.00837038829922676,6.320470856735483e-05,0.00039011240005493164,0.3489583333333333,2.582083766659101
2527.0,3.6886784073431045e-05,1.7125044905696996e-05,6.320470856735483e-05,0.0,0.0,0.0030738986727859205
2528.0,4.2665647015383e-07,2.758802565949736e-06,0.0,0.0,0.0,6.89700641487434e-05
2529.0,4.2665647015383e-07,2.758802565949736e-06,0.0,0.0,0.0,6.89700641487434e-05
2530.0,4.2665647015383e-07,2.758802565949736e-06,0.0,0.0,0.0,6.89700641487434e-05
2531.0,4.2665647015383e-07,2.758802565949736e-06,0.0,0.0,0.0,6.89700641487434e-05
2532.0,4.2665647015383e-07,2.758802565949736e-06,0.0,0.0,0.0,6.89700641487434e-05
2533.0,4.2665647015383e-07,2.758802565949736e-06,0.0,0.0,0.0,6.89700641487434e-05
2534.0,4.2665647015383e-07,2.758802565949736e-06,0.0,0.0,0.0,6.89700641487434e-05
2535.0,0.0,0.0,0.0,0.0,0.0,0.0
2536.0,4.2665647015383e-07,2.758802565949736e-06,0.0,0.0,0.0,6.89700641487434e-05
2537.0,4.2665647015383e-07,2.758802565949736e-06,0.0,0.0,0.0,6.89700641487434e-05
2538.0,4.2665647015383e-07,2.758802565949736e-06,0.0,0.0,0.0,6.89700641487434e-05
2539.0,4.2665647015383e-07,2.758802565949736e-06,0.0,0.0,0.0,6.89700641487434e-05
2540.0,0.0007595836650580168,0.0047271959483623505,0.0,0.0,0.017361111111111112,0.11817989870905876
2541.0,0.0012181553756818175,0.007211413700133562,0.0,0.0,0.03993055555555555,0.2662037037037037
2542.0,6.505424971692264e-05,0.0002134088281309232,0.0,0.0,0.001736111111111111,0.011574074074074073
2543.0,1.642499955778476e-05,8.562474977225065e-05,0.0,0.0,0.0,0.0021406187443062663
2544.0,1.1728395293175709e-05,2.758802565949736e-06,0.0,0.0,0.0,0.000977366274431309
2545.0,0.0012447074986994267,2.758802565949736e-06,0.0,0.0,0.020833333333333332,0.1388888888888889
2546.0,0.0003563634236343205,2.758802565949736e-06,0.0,0.0,0.001736111111111111,0.029696951969526708
2547.0,0.00010646558803273365,2.758802565949736e-06,0.0,0.0,0.0,0.008872132336061137
2548.0,0.00012587427045218647,2.758802565949736e-06,0.0,0.0,0.0,0.010489522537682205
2549.0,0.00010261889838147908,2.758802565949736e-06,0.0,0.0,0.0,0.008551574865123257
2550.0,6.742010737070814e-05,2.758802565949736e-06,0.0,0.0,0.0,0.005618342280892345
2551.0,0.00022987952979747206,1.739061735861469e-05,6.320470856735483e-05,0.0,0.005208333333333333,0.034722222222222224
2552.0,0.0001455639285268262,1.8665850802790374e-05,6.320470856735483e-05,0.0,0.0,0.012130327377235517
2553.0,4.2665647015383e-07,2.758802565949736e-06,0.0,0.0,0.0,6.89700641487434e-05
2554.0,4.2665647015383e-07,2.758802565949736e-06,0.0,0.0,0.0,6.89700641487434e-05
2555.0,4.2665647015383e-07,2.758802565949736e-06,0.0,0.0,0.0,6.89700641487434e-05
2556.0,4.2665647015383e-07,2.758802565949736e-06,0.0,0.0,0.0,6.89700641487434e-05
2557.0,4.2665647015383e-07,2.758802565949736e-06,0.0,0.0,0.0,6.89700641487434e-05
2558.0,4.2665647015383e-07,2.758802565949736e-06,0.0,0.0,0.0,6.89700641487434e-05
2559.0,4.2665647015383e-07,2.758802565949736e-06,0.0,0.0,0.0,6.89700641487434e-05
2560.0,1.5488825511056348e-06,0.0,0.0,0.0,0.0,0.00012907354592546957
2561.0,4.2665647015383e-07,2.758802565949736e-06,0.0,0.0,0.0,6.89700641487434e-05
2562.0,4.2665647015383e-07,2.758802565949736e-06,0.0,0.0,0.0,6.89700641487434e-05
2563.0,1.0434823707328178e-05,2.758802565949736e-06,0.0,0.0,0.001736111111111111,0.011574074074074073
2564.0,0.000937143515329808,2.758802565949736e-06,0.0,0.0,0.013888888888888888,0.09259259259259259
2565.0,0.0006054611876606941,2.758802565949736e-06,0.0,0.0,0.010416666666666666,0.06944444444444445
2566.0,6.006717012496665e-05,2.758802565949736e-06,0.0,0.0,0.0,0.005005597510413888
2567.0,0.00012129059905419126,2.758802565949736e-06,0.0,0.0,0.0,0.010107549921182605
2568.0,0.00011921294208150357,0.0,0.0,0.0,0.0,0.009934411840125298
2569.0,8.668752707308158e-05,2.758802565949736e-06,0.0,0.0,0.0,0.007223960589423465
2570.0,4.2665647015383e-07,2.758802565949736e-06,0.0,0.0,0.0,6.89700641487434e-05
2571.0,4.2665647015383e-07,2.758802565949736e-06,0.0,0.0,0.0,6.89700641487434e-05
2572.0,4.2665647015383e-07,2.758802565949736e-06,0.0,0.0,0.0,6.89700641487434e-05
2573.0,4.2665647015383e-07,2.758802565949736e-06,0.0,0.0,0.0,6.89700641487434e-05
2574.0,4.2665647015383e-07,2.758802565949736e-06,0.0,0.0,0.0,6.89700641487434e-05
2575.0,4.2665647015383e-07,2.758802565949736e-06,0.0,0.0,0.0,6.89700641487434e-05
2576.0,4.1540461097611114e-05,1.739061735861469e-05,6.320470856735483e-05,0.0,0.0,0.003461705091467593
2577.0,3.818035838776268e-05,1.8665850802790374e-05,6.320470856735483e-05,0.0,0.0,0.003181696532313557
2578.0,4.2665647015383e-07,2.758802565949736e-06,0.0,0.0,0.0,6.89700641487434e-05
2579.0,4.2665647015383e-07,2.758802565949736e-06,0.0,0.0,0.0,6.89700641487434e-05
2580.0,4.2665647015383e-07,2.758802565949736e-06,0.0,0.0,0.0,6.89700641487434e-05
2581.0,4.2665647015383e-07,2.758802565949736e-06,0.0,0.0,0.0,6.89700641487434e-05
2582.0,4.2665647015383e-07,2.758802565949736e-06,0.0,0.0,0.0,6.89700641487434e-05
2583.0,4.2665647015383e-07,2.758802565949736e-06,0.0,0.0,0.0,6.89700641487434e-05
2584.0,4.2665647015383e-07,2.758802565949736e-06,0.0,0.0,0.0,6.89700641487434e-05
2585.0,0.0,0.0,0.0,0.0,0.0,0.0
2586.0,4.2665647015383e-07,2.758802565949736e-06,0.0,0.0,0.0,6.89700641487434e-05
2587.0,4.2665647015383e-07,2.758802565949736e-06,0.0,0.0,0.0,6.89700641487434e-05
2588.0,4.2665647015383e-07,2.758802565949736e-06,0.0,0.0,0.0,6.89700641487434e-05
2589.0,4.2665647015383e-07,2.758802565949736e-06,0.0,0.0,0.0,6.89700641487434e-05
2590.0,4.2665647015383e-07,2.758802565949736e-06,0.0,0.0,0.0,6.89700641487434e-05
2591.0,4.2665647015383e-07,2.758802565949736e-06,0.0,0.0,0.0,6.89700641487434e-05
2592.0,4.2665647015383e-07,2.758802565949736e-06,0.0,0.0,0.0,6.89700641487434e-05
2593.0,4.7657871959927434e-07,0.0,0.0,0.0,0.0,3.9714893299939526e-05
2594.0,9.032351613313949e-07,2.758802565949736e-06,0.0,0.0,0.0,7.526959677761624e-05
2595.0,4.2665647015383e-07,2.758802565949736e-06,0.0,0.0,0.0,6.89700641487434e-05
2596.0,4.2665647015383e-07,2.758802565949736e-06,0.0,0.0,0.0,6.89700641487434e-05
2597.0,4.2665647015383e-07,2.758802565949736e-06,0.0,0.0,0.0,6.89700641487434e-05
2598.0,4.2665647015383e-07,2.758802565949736e-06,0.0,0.0,0.0,6.89700641487434e-05
2599.0,4.2665647015383e-07,2.758802565949736e-06,0.0,0.0,0.0,6.89700641487434e-05
2600.0,4.2665647015383e-07,2.758802565949736e-06,0.0,0.0,0.0,6.89700641487434e-05
2601.0,3.798314355663024e-05,1.739061735861469e-05,6.320470856735483e-05,0.0,0.0,0.00316526196305252
2602.0,7.54727007006295e-05,1.8665850802790374e-05,6.320470856735483e-05,0.0,0.0,0.006289391725052458
2603.0,0.0002183255710406229,2.758802565949736e-06,0.0,0.0,0.0,0.018193797586718574
2604.0,4.170184911345132e-05,2.758802565949736e-06,0.0,0.0,0.0,0.0034751540927876095
2605.0,4.2665647015383e-07,2.758802565949736e-06,0.0,0.0,0.0,6.89700641487434e-05
2606.0,4.2665647015383e-07,2.758802565949736e-06,0.0,0.0,0.0,6.89700641487434e-05
2607.0,4.2665647015383e-07,2.758802565949736e-06,0.0,0.0,0.0,6.89700641487434e-05
2608.0,4.2665647015383e-07,2.758802565949736e-06,0.0,0.0,0.0,6.89700641487434e-05
2609.0,4.2665647015383e-07,2.758802565949736e-06,0.0,0.0,0.0,6.89700641487434e-05
2610.0,4.084967713424703e-06,0.0,0.0,0.0,0.0,0.00034041397611872526
2611.0,4.2665647015383e-07,2.758802565949736e-06,0.0,0.0,0.0,6.89700641487434e-05
2612.0,4.2665647015383e-07,2.758802565949736e-06,0.0,0.0,0.0,6.89700641487434e-05
2613.0,4.2665647015383e-07,2.758802565949736e-06,0.0,0.0,0.0,6.89700641487434e-05
2614.0,1.0911402569036e-05,2.758802565949736e-06,0.0,0.0,0.001736111111111111,0.011574074074074073
2615.0,0.000764451629947871,2.758802565949736e-06,0.0,0.0,0.015625,0.10416666666666667
2616.0,0.0007116023916751146,2.758802565949736e-06,0.0,0.0,0.010416666666666666,0.06944444444444445
2617.0,0.0001444557710783556,2.758802565949736e-06,0.0,0.0,0.0,0.0120379809231963
2618.0,1.3565493645728566e-05,0.0,0.0,0.0,0.0,0.0011304578038107138
2619.0,9.032351613313949e-07,2.758802565949736e-06,0.0,0.0,0.0,7.526959677761624e-05
2620.0,8.627904753666371e-05,2.758802565949736e-06,0.0,0.0,0.0,0.007189920628055309
2621.0,0.00014372386795002967,2.758802565949736e-06,0.0,0.0,0.0,0.011976988995835805
2622.0,0.0001679102861089632,2.758802565949736e-06,0.0,0.0,0.0,0.013992523842413599
2623.0,8.115581294987351e-05,2.758802565949736e-06,0.0,0.0,0.0,0.006762984412489459
2624.0,4.2665647015383e-07,2.758802565949736e-06,0.0,0.0,0.0,6.89700641487434e-05
2625.0,4.2665647015383e-07,2.758802565949736e-06,0.0,0.0,0.0,6.89700641487434e-05
2626.0,4.8927457100944594e-05,1.739061735861469e-05,6.320470856735483e-05,0.0,0.0,0.004077288091745383
2627.0,4.093772076885216e-05,1.8665850802790374e-05,6.320470856735483e-05,0.0,0.0,0.00341147673073768
2628.0,4.2665647015383e-07,2.758802565949736e-06,0.0,0.0,0.0,6.89700641487434e-05
2629.0,4.2665647015383e-07,2.758802565949736e-06,0.0,0.0,0.0,6.89700641487434e-05
2630.0,4.2665647015383e-07,2.758802565949736e-06,0.0,0.0,0.0,6.89700641487434e-05
2631.0,4.2665647015383e-07,2.758802565949736e-06,0.0,0.0,0.0,6.89700641487434e-05
2632.0,4.2665647015383e-07,2.758802565949736e-06,0.0,0.0,0.0,6.89700641487434e-05
2633.0,4.2665647015383e-07,2.758802565949736e-06,0.0,0.0,0.0,6.89700641487434e-05
2634.0,4.2665647015383e-07,2.758802565949736e-06,0.0,0.0,0.0,6.89700641487434e-05
2635.0,0.0,0.0,0.0,0.0,0.0,0.0
2636.0,4.2665647015383e-07,2.758802565949736e-06,0.0,0.0,0.0,6.89700641487434e-05
2637.0,4.2665647015383e-07,2.758802565949736e-06,0.0,0.0,0.0,6.89700641487434e-05
2638.0,4.2665647015383e-07,2.758802565949736e-06,0.0,0.0,0.0,6.89700641487434e-05
2639.0,4.2665647015383e-07,2.758802565949736e-06,0.0,0.0,0.0,6.89700641487434e-05
2640.0,4.2665647015383e-07,2.758802565949736e-06,0.0,0.0,0.0,6.89700641487434e-05
2641.0,4.2665647015383e-07,2.758802565949736e-06,0.0,0.0,0.0,6.89700641487434e-05
2642.0,4.2665647015383e-07,2.758802565949736e-06,0.0,0.0,0.0,6.89700641487434e-05
2643.0,0.00012925516057293862,0.0,0.0,0.0,0.005208333333333333,0.034722222222222224
2644.0,0.0007668344187550247,2.758802565949736e-06,0.0,0.0,0.013888888888888888,0.09259259259259259
2645.0,5.15227802679874e-05,2.758802565949736e-06,0.0,0.0,0.0,0.004293565022332284
2646.0,4.2665647015383e-07,2.758802565949736e-06,0.0,0.0,0.0,6.89700641487434e-05
2647.0,4.2665647015383e-07,2.758802565949736e-06,0.0,0.0,0.0,6.89700641487434e-05
2648.0,4.2665647015383e-07,2.758802565949736e-06,0.0,0.0,0.0,6.89700641487434e-05
2649.0,4.2665647015383e-07,2.758802565949736e-06,0.0,0.0,0.0,6.89700641487434e-05
2650.0,2.2962056391406804e-05,2.758802565949736e-06,0.0,0.0,0.0,0.0019135046992839002
2651.0,0.0002556097460910678,1.739061735861469e-05,6.320470856735483e-05,0.0,0.0,0.02130081217425565
2652.0,0.00014554688823409379,1.8665850802790374e-05,6.320470856735483e-05,0.0,0.0,0.012128907352841148
2653.0,4.777185722559807e-07,2.758802565949736e-06,0.0,0.0,0.0,6.89700641487434e-05
2654.0,0.00015963823534548283,2.758802565949736e-06,0.0,0.0,0.0,0.013303186278790236
2655.0,0.0002288103278260678,2.758802565949736e-06,0.0,0.0,0.0,0.019067527318838984
2656.0,4.2665647015383e-07,2.758802565949736e-06,0.0,0.0,0.0,6.89700641487434e-05
2657.0,4.2665647015383e-07,2.758802565949736e-06,0.0,0.0,0.0,6.89700641487434e-05
2658.0,4.2665647015383e-07,2.758802565949736e-06,0.0,0.0,0.0,6.89700641487434e-05
2659.0,4.2665647015383e-07,2.758802565949736e-06,0.0,0.0,0.0,6.89700641487434e-05
2660.0,5.940226401435211e-06,0.0,0.0,0.0,0.0,0.0004950188667862676
2661.0,0.00039658331661485136,2.758802565949736e-06,0.0,0.0,0.010416666666666666,0.06944444444444445
2662.0,0.0004858908650930971,2.758802565949736e-06,0.0,0.0,0.005208333333333333,0.04049090542442476
2663.0,0.0001779695157893002,2.758802565949736e-06,0.0,0.0,0.0,0.014830792982441682
2664.0,9.383622091263533e-05,2.758802565949736e-06,0.0,0.0,0.0,0.007819685076052943
2665.0,0.00013540075451601297,2.758802565949736e-06,0.0,0.0,0.003472222222222222,0.023148148148148147
2666.0,0.00052144710207358,2.758802565949736e-06,0.0,0.0,0.012152777777777778,0.08101851851851852
2667.0,0.0003488232323434204,2.758802565949736e-06,0.0,0.0,0.010416666666666666,0.06944444444444445
2668.0,0.00026281652390025556,0.0,0.0,0.0,0.0,0.021901376991687965
2669.0,0.0001075719264918007,2.758802565949736e-06,0.0,0.0,0.0,0.008964327207650058
2670.0,0.00011341002391418442,2.758802565949736e-06,0.0,0.0,0.0,0.009450835326182036
2671.0,4.2665647015383e-07,2.758802565949736e-06,0.0,0.0,0.0,6.89700641487434e-05
2672.0,4.2665647015383e-07,2.758802565949736e-06,0.0,0.0,0.0,6.89700641487434e-05
2673.0,4.2665647015383e-07,2.758802565949736e-06,0.0,0.0,0.0,6.89700641487434e-05
2674.0,4.2665647015383e-07,2.758802565949736e-06,0.0,0.0,0.0,6.89700641487434e-05
2675.0,4.2665647015383e-07,2.758802565949736e-06,0.0,0.0,0.0,6.89700641487434e-05
2676.0,0.00016514475282747298,1.739061735861469e-05,6.320470856735483e-05,0.0,0.0,0.013762062735622749
2677.0,0.00013766632764600217,1.8665850802790374e-05,6.320470856735483e-05,0.0,0.0,0.01147219397050018
2678.0,4.2665647015383e-07,2.758802565949736e-06,0.0,0.0,0.0,6.89700641487434e-05
2679.0,4.2665647015383e-07,2.758802565949736e-06,0.0,0.0,0.0,6.89700641487434e-05
2680.0,4.2665647015383e-07,2.758802565949736e-06,0.0,0.0,0.0,6.89700641487434e-05
2681.0,4.2665647015383e-07,2.758802565949736e-06,0.0,0.0,0.0,6.89700641487434e-05
2682.0,0.00011689926031976938,2.758802565949736e-06,0.0,0.0,0.0,0.009741605026647449
2683.0,0.00020780677732545882,2.758802565949736e-06,0.0,0.0,0.0,0.017317231443788234
2684.0,4.2665647015383e-07,2.758802565949736e-06,0.0,0.0,0.0,6.89700641487434e-05
2685.0,5.787028953818663e-07,0.0,0.0,0.0,0.0,4.8225241281822186e-05
2686.0,4.2665647015383e-07,2.758802565949736e-06,0.0,0.0,0.0,6.89700641487434e-05
2687.0,0.00015596176672261208,2.758802565949736e-06,0.0,0.0,0.0,0.012996813893551007
2688.0,4.2665647015383e-07,2.758802565949736e-06,0.0,0.0,0.0,6.89700641487434e-05
2689.0,4.2665647015383e-07,2.758802565949736e-06,0.0,0.0,0.0,6.89700641487434e-05
2690.0,8.236426947405562e-05,2.758802565949736e-06,0.0,0.0,0.0,0.006863689122837968
2691.0,4.2665647015383e-07,2.758802565949736e-06,0.0,0.0,0.0,6.89700641487434e-05
2692.0,4.2665647015383e-07,2.758802565949736e-06,0.0,0.0,0.0,6.89700641487434e-05
2693.0,3.148831410726416e-06,0.0,0.0,0.0,0.0,0.0002624026175605347
2694.0,9.883384564091102e-07,2.758802565949736e-06,0.0,0.0,0.0,8.236153803409252e-05
2695.0,4.2665647015383e-07,2.758802565949736e-06,0.0,0.0,0.0,6.89700641487434e-05
2696.0,4.2665647015383e-07,2.758802565949736e-06,0.0,0.0,0.0,6.89700641487434e-05
2697.0,4.2665647015383e-07,2.758802565949736e-06,0.0,0.0,0.0,6.89700641487434e-05
2698.0,4.2665647015383e-07,2.758802565949736e-06,0.0,0.0,0.0,6.89700641487434e-05
2699.0,4.2665647015383e-07,2.758802565949736e-06,0.0,0.0,0.0,6.89700641487434e-05
2700.0,4.2665647015383e-07,2.758802565949736e-06,0.0,0.0,0.0,6.89700641487434e-05
2701.0,4.3685078708222136e-05,1.739061735861469e-05,6.320470856735483e-05,0.0,0.0,0.003640423225685178
2702.0,4.388230081531219e-05,1.8665850802790374e-05,6.320470856735483e-05,0.0,0.0,0.0036568584012760157
2703.0,2.2264206563704647e-05,2.758802565949736e-06,0.0,0.0,0.0,0.0018553505469753873
2704.0,0.00017388454580213875,2.758802565949736e-06,0.0,0.0,0.0,0.014490378816844895
2705.0,4.2665647015383e-07,2.758802565949736e-06,0.0,0.0,0.0,6.89700641487434e-05
2706.0,0.00037137564504519105,2.758802565949736e-06,0.0,0.0,0.012152777777777778,0.08101851851851852
2707.0,0.00021442784054670483,2.758802565949736e-06,0.0,0.0,0.003472222222222222,0.023148148148148147
2708.0,0.00013696665700990707,2.758802565949736e-06,0.0,0.0,0.003472222222222222,0.023148148148148147
2709.0,7.506238762289286e-05,2.758802565949736e-06,0.0,0.0,0.0,0.006255198968574405
2710.0,9.3954140538699e-06,0.0,0.0,0.0,0.0,0.0007829511711558249
2711.0,4.2665647015383e-07,2.758802565949736e-06,0.0,0.0,0.0,6.89700641487434e-05
2712.0,4.2665647015383e-07,2.758802565949736e-06,0.0,0.0,0.0,6.89700641487434e-05
2713.0,4.2665647015383e-07,2.758802565949736e-06,0.0,0.0,0.0,6.89700641487434e-05
2714.0,4.2665647015383e-07,2.758802565949736e-06,0.0,0.0,0.0,6.89700641487434e-05
2715.0,4.2665647015383e-07,2.758802565949736e-06,0.0,0.0,0.0,6.89700641487434e-05
2716.0,4.2665647015383e-07,2.758802565949736e-06,0.0,0.0,0.0,6.89700641487434e-05
2717.0,4.2665647015383e-07,2.758802565949736e-06,0.0,0.0,0.0,6.89700641487434e-05
2718.0,5.446614750326262e-07,0.0,0.0,0.0,0.0,4.5388456252718847e-05
2719.0,9.713179451864562e-07,2.758802565949736e-06,0.0,0.0,0.0,8.094316209887135e-05
2720.0,4.2665647015383e-07,2.758802565949736e-06,0.0,0.0,0.0,6.89700641487434e-05
2721.0,4.2665647015383e-07,2.758802565949736e-06,0.0,0.0,0.0,6.89700641487434e-05
2722.0,4.2665647015383e-07,2.758802565949736e-06,0.0,0.0,0.0,6.89700641487434e-05
2723.0,4.2665647015383e-07,2.758802565949736e-06,0.0,0.0,0.0,6.89700641487434e-05
2724.0,4.2665647015383e-07,2.758802565949736e-06,0.0,0.0,0.0,6.89700641487434e-05
2725.0,4.2665647015383e-07,2.758802565949736e-06,0.0,0.0,0.0,6.89700641487434e-05
2726.0,4.4570155296241865e-05,1.739061735861469e-05,6.320470856735483e-05,0.0,0.0,0.0037141796080201552
2727.0,4.476737740333192e-05,1.8665850802790374e-05,6.320470856735483e-05,0.0,0.0,0.003730614783610993
2728.0,0.014065205119550228,0.012149142101407051,0.0,0.0,0.21006944444444445,1.400462962962963
2729.0,4.2665647015383e-07,2.758802565949736e-06,0.0,0.0,0.0,6.89700641487434e-05
2730.0,4.2665647015383e-07,2.758802565949736e-06,0.0,0.0,0.0,6.89700641487434e-05
2731.0,4.2665647015383e-07,2.758802565949736e-06,0.0,0.0,0.0,6.89700641487434e-05
2732.0,4.2665647015383e-07,2.758802565949736e-06,0.0,0.0,0.0,6.89700641487434e-05
2733.0,4.2665647015383e-07,2.758802565949736e-06,0.0,0.0,0.0,6.89700641487434e-05
2734.0,4.2665647015383e-07,2.758802565949736e-06,0.0,0.0,0.0,6.89700641487434e-05
2735.0,2.4339583433174994e-06,0.0,0.0,0.0,0.0,0.00020282986194312494
2736.0,4.2665647015383e-07,2.758802565949736e-06,0.0,0.0,0.0,6.89700641487434e-05
2737.0,4.2665647015383e-07,2.758802565949736e-06,0.0,0.0,0.0,6.89700641487434e-05
2738.0,4.2665647015383e-07,2.758802565949736e-06,0.0,0.0,0.0,6.89700641487434e-05
2739.0,4.2665647015383e-07,2.758802565949736e-06,0.0,0.0,0.0,6.89700641487434e-05
2740.0,4.2665647015383e-07,2.758802565949736e-06,0.0,0.0,0.0,6.89700641487434e-05
2741.0,4.2665647015383e-07,2.758802565949736e-06,0.0,0.0,0.0,6.89700641487434e-05
2742.0,4.2665647015383e-07,2.758802565949736e-06,0.0,0.0,0.0,6.89700641487434e-05
2743.0,4.7657871959927434e-07,0.0,0.0,0.0,0.0,3.9714893299939526e-05
2744.0,9.032351613313949e-07,2.758802565949736e-06,0.0,0.0,0.0,7.526959677761624e-05
2745.0,4.2665647015383e-07,2.758802565949736e-06,0.0,0.0,0.0,6.89700641487434e-05
2746.0,4.2665647015383e-07,2.758802565949736e-06,0.0,0.0,0.0,6.89700641487434e-05
2747.0,4.2665647015383e-07,2.758802565949736e-06,0.0,0.0,0.0,6.89700641487434e-05
2748.0,4.2665647015383e-07,2.758802565949736e-06,0.0,0.0,0.0,6.89700641487434e-05
2749.0,4.2665647015383e-07,2.758802565949736e-06,0.0,0.0,0.0,6.89700641487434e-05
2750.0,4.2665647015383e-07,2.758802565949736e-06,0.0,0.0,0.0,6.89700641487434e-05
2751.0,3.66895692422986e-05,1.5849811461521313e-05,6.320470856735483e-05,0.0,0.0,0.0030574641035248837
2752.0,3.6886784073431045e-05,1.7125044905696996e-05,6.320470856735483e-05,0.0,0.0,0.0030738986727859205
2753.0,4.2665647015383e-07,2.758802565949736e-06,0.0,0.0,0.0,6.89700641487434e-05
2754.0,0.029697930440306664,0.001994391204789281,0.0,0.00023394344316329807,0.28125,2.474827536692222
2755.0,4.2665647015383e-07,2.758802565949736e-06,0.0,0.0,0.0,6.89700641487434e-05
2756.0,4.2665647015383e-07,2.758802565949736e-06,0.0,0.0,0.0,6.89700641487434e-05
2757.0,4.2665647015383e-07,2.758802565949736e-06,0.0,0.0,0.0,6.89700641487434e-05
2758.0,4.2665647015383e-07,2.758802565949736e-06,0.0,0.0,0.0,6.89700641487434e-05
2759.0,4.2665647015383e-07,2.758802565949736e-06,0.0,0.0,0.0,6.89700641487434e-05
2760.0,8.384455577470362e-05,2.6322362828068435e-05,0.0,4.1394028812646866e-05,0.003472222222222222,0.023148148148148147
2761.0,4.2665647015383e-07,2.758802565949736e-06,0.0,0.0,0.0,6.89700641487434e-05
2762.0,4.2665647015383e-07,2.758802565949736e-06,0.0,0.0,0.0,6.89700641487434e-05
2763.0,4.2665647015383e-07,2.758802565949736e-06,0.0,0.0,0.0,6.89700641487434e-05
2764.0,4.2665647015383e-07,2.758802565949736e-06,0.0,0.0,0.0,6.89700641487434e-05
2765.0,4.2665647015383e-07,2.758802565949736e-06,0.0,0.0,0.0,6.89700641487434e-05
2766.0,4.2665647015383e-07,2.758802565949736e-06,0.0,0.0,0.0,6.89700641487434e-05
2767.0,4.2665647015383e-07,2.758802565949736e-06,0.0,0.0,0.0,6.89700641487434e-05
2768.0,0.0,0.0,0.0,0.0,0.0,0.0
2769.0,4.2665647015383e-07,2.758802565949736e-06,0.0,0.0,0.0,6.89700641487434e-05
2770.0,4.2665647015383e-07,2.758802565949736e-06,0.0,0.0,0.0,6.89700641487434e-05
2771.0,4.2665647015383e-07,2.758802565949736e-06,0.0,0.0,0.0,6.89700641487434e-05
2772.0,4.2665647015383e-07,2.758802565949736e-06,0.0,0.0,0.0,6.89700641487434e-05
2773.0,4.2665647015383e-07,2.758802565949736e-06,0.0,0.0,0.0,6.89700641487434e-05
2774.0,4.2665647015383e-07,2.758802565949736e-06,0.0,0.0,0.0,6.89700641487434e-05
2775.0,4.2665647015383e-07,2.758802565949736e-06,0.0,0.0,0.0,6.89700641487434e-05
2776.0,1.0280482456437312e-05,1.6290041457978077e-05,6.320470856735483e-05,0.0,0.0,0.000856706871369776
2777.0,0.0283066313713789,0.016376646235585213,6.320470856735483e-05,0.0006442234152927995,0.3038194444444444,2.358885947614908
2778.0,0.0,0.0,0.0,0.0,0.0,0.0
2779.0,0.0,0.0,0.0,0.0,0.0,0.0
2780.0,0.0,0.0,0.0,0.0,0.0,0.0
2781.0,0.0,0.0,0.0,0.0,0.0,0.0
2782.0,0.0,0.0,0.0,0.0,0.0,0.0
2783.0,0.0,0.0,0.0,0.0,0.0,0.0
2784.0,0.0,0.0,0.0,0.0,0.0,0.0
2785.0,2.9212078516138718e-06,7.943847776914481e-06,3.207163535989821e-05,0.0,0.0,0.0002434339876344893
2786.0,0.0,0.0,0.0,0.0,0.0,0.0
2787.0,0.0,0.0,0.0,0.0,0.0,0.0
2788.0,0.0,0.0,0.0,0.0,0.0,0.0
2789.0,0.0,0.0,0.0,0.0,0.0,0.0
2790.0,0.0,0.0,0.0,0.0,0.0,0.0
2791.0,7.538463978562504e-05,0.0,0.0,0.0,0.001736111111111111,0.011574074074074073
2792.0,6.859339191578329e-05,0.0,0.0,0.0,0.0,0.0057161159929819405
2793.0,4.299885404179804e-06,7.943847776914481e-06,3.207163535989821e-05,0.0,0.0,0.00035832378368165035
2794.0,8.510335192113416e-08,0.0,0.0,0.0,0.0,7.091945993427847e-06
2795.0,0.0,0.0,0.0,0.0,0.0,0.0
2796.0,0.0,0.0,0.0,0.0,0.0,0.0
2797.0,0.0,0.0,0.0,0.0,0.0,0.0
2798.0,0.0,0.0,0.0,0.0,0.0,0.0
2799.0,0.0,0.0,0.0,0.0,0.0,0.0
2800.0,0.0,0.0,0.0,0.0,0.0,0.0
2801.0,0.00015528808580711484,1.849952786869835e-05,6.320470856735483e-05,0.0,0.005208333333333333,0.034722222222222224
2802.0,0.00022243471175897866,1.849952786869835e-05,6.320470856735483e-05,0.0,0.008680555555555556,0.05787037037037038
2803.0,7.832922710804269e-05,0.0,0.0,0.0,0.0,0.00652743559233689
2804.0,0.0,0.0,0.0,0.0,0.0,0.0
2805.0,0.0,0.0,0.0,0.0,0.0,0.0
2806.0,0.00013100827345624566,0.0,0.0,0.0,0.005208333333333333,0.034722222222222224
2807.0,0.0001519266952527687,0.0,0.0,0.0,0.005208333333333333,0.034722222222222224
2808.0,0.00012173200957477093,0.0,0.0,0.0,0.003472222222222222,0.023148148148148147
2809.0,0.0,0.0,0.0,0.0,0.0,0.0
2810.0,0.0,0.0,0.0,0.0,0.0,0.0
2811.0,0.0,0.0,0.0,0.0,0.0,0.0
2812.0,0.0,0.0,0.0,0.0,0.0,0.0
2813.0,0.0,0.0,0.0,0.0,0.0,0.0
2814.0,0.0,0.0,0.0,0.0,0.0,0.0
2815.0,0.0,0.0,0.0,0.0,0.0,0.0
2816.0,0.0,0.0,0.0,0.0,0.0,0.0
2817.0,0.0,0.0,0.0,0.0,0.0,0.0
2818.0,8.510335192113416e-08,0.0,0.0,0.0,0.0,7.091945993427847e-06
2819.0,8.510335192113416e-08,0.0,0.0,0.0,0.0,7.091945993427847e-06
2820.0,0.0,0.0,0.0,0.0,0.0,0.0
2821.0,0.0,0.0,0.0,0.0,0.0,0.0
2822.0,0.0,0.0,0.0,0.0,0.0,0.0
2823.0,0.0,0.0,0.0,0.0,0.0,0.0
2824.0,0.0,0.0,0.0,0.0,0.0,0.0
2825.0,0.0,0.0,0.0,0.0,0.0,0.0
2826.0,2.388833490840625e-05,1.849952786869835e-05,6.320470856735483e-05,0.0,0.0,0.001990694575700521
2827.0,2.388833490840625e-05,1.849952786869835e-05,6.320470856735483e-05,0.0,0.0,0.001990694575700521
2828.0,0.0,0.0,0.0,0.0,0.0,0.0
2829.0,0.0,0.0,0.0,0.0,0.0,0.0
2830.0,0.0,0.0,0.0,0.0,0.0,0.0
2831.0,0.0,0.0,0.0,0.0,0.0,0.0
2832.0,0.0,0.0,0.0,0.0,0.0,0.0
2833.0,0.0,0.0,0.0,0.0,0.0,0.0
2834.0,0.0,0.0,0.0,0.0,0.0,0.0
2835.0,0.0,0.0,0.0,0.0,0.0,0.0
2836.0,0.0,0.0,0.0,0.0,0.0,0.0
2837.0,0.0,0.0,0.0,0.0,0.0,0.0
2838.0,0.0,0.0,0.0,0.0,0.0,0.0
2839.0,0.0,0.0,0.0,0.0,0.0,0.0
2840.0,0.0,0.0,0.0,0.0,0.0,0.0
2841.0,0.0,0.0,0.0,0.0,0.0,0.0
2842.0,0.0,0.0,0.0,0.0,0.0,0.0
2843.0,8.510335192113416e-08,0.0,0.0,0.0,0.0,7.091945993427847e-06
2844.0,8.510335192113416e-08,0.0,0.0,0.0,0.0,7.091945993427847e-06
2845.0,0.0,0.0,0.0,0.0,0.0,0.0
2846.0,0.0,0.0,0.0,0.0,0.0,0.0
2847.0,0.0,0.0,0.0,0.0,0.0,0.0
2848.0,0.0,0.0,0.0,0.0,0.0,0.0
2849.0,0.0,0.0,0.0,0.0,0.0,0.0
2850.0,0.0,0.0,0.0,0.0,0.0,0.0
2851.0,2.388833490840625e-05,1.849952786869835e-05,6.320470856735483e-05,0.0,0.0,0.001990694575700521
2852.0,2.388833490840625e-05,1.849952786869835e-05,6.320470856735483e-05,0.0,0.0,0.001990694575700521
2853.0,0.0,0.0,0.0,0.0,0.0,0.0
2854.0,3.662596782305627e-06,0.0,0.0,0.0,0.0,0.00030521639852546895
2855.0,0.00010296521213604137,0.0,0.0,0.0,0.0,0.008580434344670115
2856.0,0.0,0.0,0.0,0.0,0.0,0.0
2857.0,0.0,0.0,0.0,0.0,0.0,0.0
2858.0,0.0,0.0,0.0,0.0,0.0,0.0
2859.0,0.0,0.0,0.0,0.0,0.0,0.0
2860.0,1.3207711617724271e-06,0.0,0.0,0.0,0.0,0.0001100642634810356
2861.0,0.0,0.0,0.0,0.0,0.0,0.0
2862.0,0.0,0.0,0.0,0.0,0.0,0.0
2863.0,0.0,0.0,0.0,0.0,0.0,0.0
2864.0,0.0,0.0,0.0,0.0,0.0,0.0
2865.0,0.0,0.0,0.0,0.0,0.0,0.0
2866.0,0.0,0.0,0.0,0.0,0.0,0.0
2867.0,0.0,0.0,0.0,0.0,0.0,0.0
2868.0,1.1914448805327993e-07,0.0,0.0,0.0,0.0,9.928707337773327e-06
2869.0,1.1914448805327993e-07,0.0,0.0,0.0,0.0,9.928707337773327e-06
2870.0,1.41101527333376e-05,0.0,0.0,0.0,0.001736111111111111,0.011574074074074073
2871.0,9.885618783300743e-05,0.0,0.0,0.0,0.0,0.008238015652750619
2872.0,0.0,0.0,0.0,0.0,0.0,0.0
2873.0,0.0,0.0,0.0,0.0,0.0,0.0
2874.0,0.0,0.0,0.0,0.0,0.0,0.0
2875.0,0.0,0.0,0.0,0.0,0.0,0.0
2876.0,2.5232968255295418e-05,1.849952786869835e-05,6.320470856735483e-05,0.0,0.0,0.0021027473546079514
2877.0,7.784392801113427e-05,1.849952786869835e-05,6.320470856735483e-05,0.0,0.003472222222222222,0.023148148148148147
2878.0,7.475487655028701e-05,0.0,0.0,0.0,0.0,0.006229573045857251
2879.0,0.0,0.0,0.0,0.0,0.0,0.0
2880.0,0.0,0.0,0.0,0.0,0.0,0.0
2881.0,0.0,0.0,0.0,0.0,0.0,0.0
2882.0,0.0,0.0,0.0,0.0,0.0,0.0
2883.0,0.0,0.0,0.0,0.0,0.0,0.0
2884.0,0.00015493937826249748,0.0,0.0,0.0,0.003472222222222222,0.023148148148148147
2885.0,2.5020383418450365e-06,0.0,0.0,0.0,0.0,0.00020850319515375304
2886.0,0.0,0.0,0.0,0.0,0.0,0.0
2887.0,0.0,0.0,0.0,0.0,0.0,0.0
2888.0,0.0,0.0,0.0,0.0,0.0,0.0
2889.0,0.0,0.0,0.0,0.0,0.0,0.0
2890.0,8.166528277797624e-05,0.0,0.0,0.0,0.001736111111111111,0.011574074074074073
2891.0,6.759935058653355e-05,0.0,0.0,0.0,0.0,0.005633279215544462
2892.0,0.0,0.0,0.0,0.0,0.0,0.0
2893.0,1.8994768424818176e-06,0.0,0.0,0.0,0.0,0.0001582897368734848
2894.0,1.8722778349911096e-07,0.0,0.0,0.0,0.0,1.560231529159258e-05
2895.0,0.0,0.0,0.0,0.0,0.0,0.0
2896.0,0.0,0.0,0.0,0.0,0.0,0.0
2897.0,0.0,0.0,0.0,0.0,0.0,0.0
2898.0,0.0,0.0,0.0,0.0,0.0,0.0
2899.0,0.0,0.0,0.0,0.0,0.0,0.0
2900.0,0.0,0.0,0.0,0.0,0.0,0.0
2901.0,2.463724376866594e-05,1.849952786869835e-05,6.320470856735483e-05,0.0,0.0,0.0020531036473888284
2902.0,2.463724376866594e-05,1.849952786869835e-05,6.320470856735483e-05,0.0,0.0,0.0020531036473888284
2903.0,0.0,0.0,0.0,0.0,0.0,0.0
2904.0,0.0,0.0,0.0,0.0,0.0,0.0
2905.0,0.0,0.0,0.0,0.0,0.0,0.0
2906.0,0.0,0.0,0.0,0.0,0.0,0.0
2907.0,0.0,0.0,0.0,0.0,0.0,0.0
2908.0,0.0,0.0,0.0,0.0,0.0,0.0
2909.0,0.0,0.0,0.0,0.0,0.0,0.0
2910.0,0.0,0.0,0.0,0.0,0.0,0.0
2911.0,0.0,0.0,0.0,0.0,0.0,0.0
2912.0,0.0,0.0,0.0,0.0,0.0,0.0
2913.0,0.0,0.0,0.0,0.0,0.0,0.0
2914.0,0.0,0.0,0.0,0.0,0.0,0.0
2915.0,0.0,0.0,0.0,0.0,0.0,0.0
2916.0,0.0007939132046885788,0.0,0.0,0.0,0.012152777777777778,0.08101851851851852
2917.0,0.0,0.0,0.0,0.0,0.0,0.0
2918.0,3.7445420275616925e-07,0.0,0.0,0.0,0.0,3.1204516896347435e-05
2919.0,8.510335192113416e-08,0.0,0.0,0.0,0.0,7.091945993427847e-06
2920.0,0.0,0.0,0.0,0.0,0.0,0.0
2921.0,0.0,0.0,0.0,0.0,0.0,0.0
2922.0,0.0,0.0,0.0,0.0,0.0,0.0
2923.0,0.0,0.0,0.0,0.0,0.0,0.0
2924.0,0.0,0.0,0.0,0.0,0.0,0.0
2925.0,0.0,0.0,0.0,0.0,0.0,0.0
2926.0,2.388833490840625e-05,1.849952786869835e-05,6.320470856735483e-05,0.0,0.0,0.001990694575700521
2927.0,2.388833490840625e-05,1.849952786869835e-05,6.320470856735483e-05,0.0,0.0,0.001990694575700521
2928.0,0.0,0.0,0.0,0.0,0.0,0.0
2929.0,0.0,0.0,0.0,0.0,0.0,0.0
2930.0,0.0,0.0,0.0,0.0,0.0,0.0
2931.0,0.0,0.0,0.0,0.0,0.0,0.0
2932.0,0.0,0.0,0.0,0.0,0.0,0.0
2933.0,0.0,0.0,0.0,0.0,0.0,0.0
2934.0,0.0,0.0,0.0,0.0,0.0,0.0
2935.0,0.00012491487723309547,0.0,0.0,0.0,0.003472222222222222,0.023148148148148147
2936.0,0.0002637356810737401,0.0,0.0,0.0,0.003472222222222222,0.023148148148148147
2937.0,0.00029056024504825473,0.0,0.0,0.0,0.006944444444444444,0.046296296296296294
2938.0,0.0011129322228953242,0.0,0.0,0.0,0.022569444444444444,0.15046296296296297
2939.0,0.001095383777283132,0.0,0.0,0.0,0.020833333333333332,0.1388888888888889
2940.0,0.00016724533634260297,0.0,0.0,0.0,0.0,0.01393711136188358
2941.0,0.0003754594945348799,0.0,0.0,0.0,0.0,0.031288291211239994
2942.0,0.0004758985887747258,0.0,0.0,0.0,0.0,0.03965821573122715
2943.0,0.0005301095079630613,0.0,0.0,0.0,0.001736111111111111,0.04417579233025511
2944.0,2.893525561376009e-07,0.0,0.0,0.0,0.0,2.411271301146674e-05
2945.0,0.0,0.0,0.0,0.0,0.0,0.0
2946.0,0.0,0.0,0.0,0.0,0.0,0.0
2947.0,0.0,0.0,0.0,0.0,0.0,0.0
2948.0,0.0,0.0,0.0,0.0,0.0,0.0
2949.0,0.0,0.0,0.0,0.0,0.0,0.0
2950.0,0.0,0.0,0.0,0.0,0.0,0.0
2951.0,2.850094642781187e-05,1.849952786869835e-05,6.320470856735483e-05,0.0,0.0,0.0023750788689843225
2952.0,2.6492502001929097e-05,1.849952786869835e-05,6.320470856735483e-05,0.0,0.0,0.002207708500160758
2953.0,0.0004246323078405112,0.0,0.0,0.0,0.001736111111111111,0.03538602565337593
2954.0,0.0008896886720322073,0.0,0.0,0.0,0.010416666666666666,0.07414072266935061
2955.0,0.00027856064843945205,0.0,0.0,0.0,0.005208333333333333,0.034722222222222224
2956.0,0.0008160401484929025,0.0,0.0,0.0,0.006944444444444444,0.06800334570774187
2957.0,0.000623961619567126,0.0,0.0,0.0,0.001736111111111111,0.051996801630593836
2958.0,0.0005605936166830361,0.0,0.0,0.0,0.008680555555555556,0.05787037037037038
2959.0,0.00028012660914100707,0.0,0.0,0.0,0.005208333333333333,0.034722222222222224
2960.0,0.00014624180039390922,0.0,0.0,0.0,0.008680555555555556,0.05787037037037038
2961.0,0.0,0.0,0.0,0.0,0.0,0.0
2962.0,0.0,0.0,0.0,0.0,0.0,0.0
2963.0,1.0569850019237492e-05,0.0,0.0,0.0,0.001736111111111111,0.011574074074074073
2964.0,0.00022080945200286806,0.0,0.0,0.0,0.003472222222222222,0.023148148148148147
2965.0,0.0001778083387762308,0.0,0.0,0.0,0.0,0.0148173615646859
2966.0,0.00012144265201641247,0.0,0.0,0.0,0.005208333333333333,0.034722222222222224
2967.0,0.0005604063044302166,0.0,0.0,0.0,0.010416666666666666,0.06944444444444445
2968.0,0.0003121016197837889,0.0,0.0,0.0,0.006944444444444444,0.046296296296296294
2969.0,0.0004742986639030278,0.0,0.0,0.0,0.0,0.039524888658585645
2970.0,8.510360771651904e-08,0.0,0.0,0.0,0.0,7.091967309709919e-06
2971.0,0.0,0.0,0.0,0.0,0.0,0.0
2972.0,0.0,0.0,0.0,0.0,0.0,0.0
2973.0,0.0,0.0,0.0,0.0,0.0,0.0
2974.0,0.0,0.0,0.0,0.0,0.0,0.0
2975.0,0.0,0.0,0.0,0.0,0.0,0.0
2976.0,3.4441171010257676e-05,1.849952786869835e-05,6.320470856735483e-05,0.0,0.0,0.0028700975841881395
2977.0,2.68158928520279e-05,1.849952786869835e-05,6.320470856735483e-05,0.0,0.0,0.0022346577376689916
2978.0,0.0,0.0,0.0,0.0,0.0,0.0
2979.0,0.0,0.0,0.0,0.0,0.0,0.0
2980.0,0.0,0.0,0.0,0.0,0.0,0.0
2981.0,0.0,0.0,0.0,0.0,0.0,0.0
2982.0,0.0,0.0,0.0,0.0,0.0,0.0
2983.0,0.0,0.0,0.0,0.0,0.0,0.0
2984.0,0.0,0.0,0.0,0.0,0.0,0.0
2985.0,0.0,0.0,0.0,0.0,0.0,0.0
2986.0,0.0,0.0,0.0,0.0,0.0,0.0
2987.0,0.0,0.0,0.0,0.0,0.0,0.0
2988.0,0.0,0.0,0.0,0.0,0.0,0.0
2989.0,0.0,0.0,0.0,0.0,0.0,0.0
2990.0,0.0,0.0,0.0,0.0,0.0,0.0
2991.0,0.0,0.0,0.0,0.0,0.0,0.0
2992.0,0.0,0.0,0.0,0.0,0.0,0.0
2993.0,2.2126866383587185e-07,0.0,0.0,0.0,0.0,1.843905531965599e-05
2994.0,2.2126866383587185e-07,0.0,0.0,0.0,0.0,1.843905531965599e-05
2995.0,0.0,0.0,0.0,0.0,0.0,0.0
2996.0,0.0,0.0,0.0,0.0,0.0,0.0
2997.0,0.0,0.0,0.0,0.0,0.0,0.0
2998.0,0.0,0.0,0.0,0.0,0.0,0.0
2999.0,0.0,0.0,0.0,0.0,0.0,0.0
3000.0,0.0,0.0,0.0,0.0,0.0,0.0
3001.0,2.68158928520279e-05,1.849952786869835e-05,6.320470856735483e-05,0.0,0.0,0.0022346577376689916
3002.0,2.68158928520279e-05,1.849952786869835e-05,6.320470856735483e-05,0.0,0.0,0.0022346577376689916
3003.0,0.0,0.0,0.0,0.0,0.0,0.0
3004.0,0.0,0.0,0.0,0.0,0.0,0.0
3005.0,0.0,0.0,0.0,0.0,0.0,0.0
3006.0,0.0,0.0,0.0,0.0,0.0,0.0
3007.0,0.0,0.0,0.0,0.0,0.0,0.0
3008.0,0.0,0.0,0.0,0.0,0.0,0.0
3009.0,0.0,0.0,0.0,0.0,0.0,0.0
3010.0,0.0,0.0,0.0,0.0,0.0,0.0
3011.0,0.0,0.0,0.0,0.0,0.0,0.0
3012.0,0.0,0.0,0.0,0.0,0.0,0.0
3013.0,0.0,0.0,0.0,0.0,0.0,0.0
3014.0,0.0,0.0,0.0,0.0,0.0,0.0
3015.0,0.0,0.0,0.0,0.0,0.0,0.0
3016.0,0.0,0.0,0.0,0.0,0.0,0.0
3017.0,0.0,0.0,0.0,0.0,0.0,0.0
3018.0,2.2126866383587185e-07,0.0,0.0,0.0,0.0,1.843905531965599e-05
3019.0,2.2126866383587185e-07,0.0,0.0,0.0,0.0,1.843905531965599e-05
3020.0,0.0,0.0,0.0,0.0,0.0,0.0
3021.0,0.0,0.0,0.0,0.0,0.0,0.0
3022.0,0.0,0.0,0.0,0.0,0.0,0.0
3023.0,0.0022541694343090057,0.0,0.0,0.0,0.03125,0.20833333333333334
3024.0,0.0,0.0,0.0,0.0,0.0,0.0
3025.0,0.0,0.0,0.0,0.0,0.0,0.0
3026.0,2.407556166872382e-05,1.849952786869835e-05,6.320470856735483e-05,0.0,0.0,0.002006296805726985
3027.0,2.388833490840625e-05,1.849952786869835e-05,6.320470856735483e-05,0.0,0.0,0.001990694575700521
3028.0,0.0,0.0,0.0,0.0,0.0,0.0
3029.0,0.0,0.0,0.0,0.0,0.0,0.0
3030.0,0.0,0.0,0.0,0.0,0.0,0.0
3031.0,0.0,0.0,0.0,0.0,0.0,0.0
3032.0,0.0,0.0,0.0,0.0,0.0,0.0
3033.0,0.0,0.0,0.0,0.0,0.0,0.0
3034.0,0.0,0.0,0.0,0.0,0.0,0.0
3035.0,0.0,0.0,0.0,0.0,0.0,0.0
3036.0,0.0,0.0,0.0,0.0,0.0,0.0
3037.0,0.0,0.0,0.0,0.0,0.0,0.0
3038.0,0.0,0.0,0.0,0.0,0.0,0.0
3039.0,0.0,0.0,0.0,0.0,0.0,0.0
3040.0,0.0,0.0,0.0,0.0,0.0,0.0
3041.0,0.0,0.0,0.0,0.0,0.0,0.0
3042.0,0.0,0.0,0.0,0.0,0.0,0.0
3043.0,8.510335192113416e-08,0.0,0.0,0.0,0.0,7.091945993427847e-06
3044.0,8.510335192113416e-08,0.0,0.0,0.0,0.0,7.091945993427847e-06
3045.0,0.0,0.0,0.0,0.0,0.0,0.0
3046.0,0.0,0.0,0.0,0.0,0.0,0.0
3047.0,9.643924568081275e-05,0.0,0.0,0.0,0.005208333333333333,0.034722222222222224
3048.0,0.00046158418990671635,0.0,0.0,0.0,0.006944444444444444,0.046296296296296294
3049.0,1.702069596376532e-08,0.0,0.0,0.0,0.0,1.4183913303137767e-06
3050.0,0.0001610327890375629,0.0,0.0,0.0,0.0,0.013419399086463576
3051.0,0.0002549612836446613,1.849952786869835e-05,6.320470856735483e-05,0.0,0.0,0.02124677363705511
3052.0,0.0001233742805197835,1.849952786869835e-05,6.320470856735483e-05,0.0,0.0,0.010281190043315291
3053.0,9.419251728104427e-05,0.0,0.0,0.0,0.0,0.007849376440087022
3054.0,0.0,0.0,0.0,0.0,0.0,0.0
3055.0,0.0,0.0,0.0,0.0,0.0,0.0
3056.0,0.0,0.0,0.0,0.0,0.0,0.0
3057.0,0.0,0.0,0.0,0.0,0.0,0.0
3058.0,0.000108132473542355,0.0,0.0,0.0,0.003472222222222222,0.023148148148148147
3059.0,0.0005471472395583987,0.0,0.0,0.0,0.006944444444444444,0.046296296296296294
3060.0,0.0002546976611483842,0.0,0.0,0.0,0.0,0.021224805095698684
3061.0,9.249043796444312e-05,0.0,0.0,0.0,0.001736111111111111,0.011574074074074073
3062.0,6.430417852243409e-05,0.0,0.0,0.0,0.0,0.005358681543536174
3063.0,3.194784221705049e-05,0.0,0.0,0.0,0.0,0.0026623201847542077
3064.0,0.00011865126725751907,0.0,0.0,0.0,0.003472222222222222,0.023148148148148147
3065.0,0.0005207651993259788,0.0,0.0,0.0,0.010416666666666666,0.06944444444444445
3066.0,0.00012976577272638679,0.0,0.0,0.0,0.003472222222222222,0.023148148148148147
3067.0,8.318013715324923e-05,0.0,0.0,0.0,0.0,0.006931678096104103
3068.0,9.766474977368489e-05,0.0,0.0,0.0,0.0,0.008138729147807075
3069.0,8.510335192113416e-08,0.0,0.0,0.0,0.0,7.091945993427847e-06
3070.0,0.0,0.0,0.0,0.0,0.0,0.0
3071.0,0.0,0.0,0.0,0.0,0.0,0.0
3072.0,0.0,0.0,0.0,0.0,0.0,0.0
3073.0,0.0,0.0,0.0,0.0,0.0,0.0
3074.0,0.0,0.0,0.0,0.0,0.0,0.0
3075.0,0.0,0.0,0.0,0.0,0.0,0.0
3076.0,2.5862733309622854e-05,1.849952786869835e-05,6.320470856735483e-05,0.0,0.0,0.0021552277758019045
3077.0,2.4552140530431643e-05,1.849952786869835e-05,6.320470856735483e-05,0.0,0.0,0.0020460117108693034
3078.0,0.0,0.0,0.0,0.0,0.0,0.0
3079.0,0.0,0.0,0.0,0.0,0.0,0.0
3080.0,0.0,0.0,0.0,0.0,0.0,0.0
3081.0,0.0,0.0,0.0,0.0,0.0,0.0
3082.0,0.0,0.0,0.0,0.0,0.0,0.0
3083.0,0.0,0.0,0.0,0.0,0.0,0.0
3084.0,0.0,0.0,0.0,0.0,0.0,0.0
3085.0,0.0,0.0,0.0,0.0,0.0,0.0
3086.0,0.0,0.0,0.0,0.0,0.0,0.0
3087.0,0.0,0.0,0.0,0.0,0.0,0.0
3088.0,0.0,0.0,0.0,0.0,0.0,0.0
3089.0,0.0,0.0,0.0,0.0,0.0,0.0
3090.0,0.0,0.0,0.0,0.0,0.0,0.0
3091.0,0.0,0.0,0.0,0.0,0.0,0.0
3092.0,0.0,0.0,0.0,0.0,0.0,0.0
3093.0,8.510335192113416e-08,0.0,0.0,0.0,0.0,7.091945993427847e-06
3094.0,8.510335192113416e-08,0.0,0.0,0.0,0.0,7.091945993427847e-06
3095.0,0.0,0.0,0.0,0.0,0.0,0.0
3096.0,0.0,0.0,0.0,0.0,0.0,0.0
3097.0,0.0,0.0,0.0,0.0,0.0,0.0
3098.0,0.0,0.0,0.0,0.0,0.0,0.0
3099.0,0.0,0.0,0.0,0.0,0.0,0.0
3100.0,0.0,0.0,0.0,0.0,0.0,0.0
3101.0,2.4552140530431643e-05,1.849952786869835e-05,6.320470856735483e-05,0.0,0.0,0.0020460117108693034
3102.0,0.031139839440584183,0.01636100932955742,6.320470856735483e-05,0.0006309603923000395,0.2951388888888889,2.5949866200486817
3103.0,5.598141328277961e-08,3.619812787292176e-07,0.0,0.0,0.0,9.04953196823044e-06
3104.0,0.0,0.0,0.0,0.0,0.0,0.0
3105.0,0.0,0.0,0.0,0.0,0.0,0.0
3106.0,0.0,0.0,0.0,0.0,0.0,0.0
3107.0,0.0,0.0,0.0,0.0,0.0,0.0
3108.0,0.0,0.0,0.0,0.0,0.0,0.0
3109.0,0.0,0.0,0.0,0.0,0.0,0.0
3110.0,0.00011226066271774471,0.0001333594846073538,0.0,3.8485635741380975e-05,0.001736111111111111,0.011574074074074073
3111.0,4.2665647015383e-07,2.758802565949736e-06,0.0,0.0,0.0,6.89700641487434e-05
3112.0,4.2665647015383e-07,2.758802565949736e-06,0.0,0.0,0.0,6.89700641487434e-05
3113.0,4.2665647015383e-07,2.758802565949736e-06,0.0,0.0,0.0,6.89700641487434e-05
3114.0,4.2665647015383e-07,2.758802565949736e-06,0.0,0.0,0.0,6.89700641487434e-05
3115.0,4.2665647015383e-07,2.758802565949736e-06,0.0,0.0,0.0,6.89700641487434e-05
3116.0,4.2665647015383e-07,2.758802565949736e-06,0.0,0.0,0.0,6.89700641487434e-05
3117.0,4.2665647015383e-07,2.758802565949736e-06,0.0,0.0,0.0,6.89700641487434e-05
3118.0,0.0,0.0,0.0,0.0,0.0,0.0
3119.0,4.2665647015383e-07,2.758802565949736e-06,0.0,0.0,0.0,6.89700641487434e-05
3120.0,4.2665647015383e-07,2.758802565949736e-06,0.0,0.0,0.0,6.89700641487434e-05
3121.0,4.2665647015383e-07,2.758802565949736e-06,0.0,0.0,0.0,6.89700641487434e-05
3122.0,4.2665647015383e-07,2.758802565949736e-06,0.0,0.0,0.0,6.89700641487434e-05
3123.0,4.2665647015383e-07,2.758802565949736e-06,0.0,0.0,0.0,6.89700641487434e-05
3124.0,4.2665647015383e-07,2.758802565949736e-06,0.0,0.0,0.0,6.89700641487434e-05
3125.0,4.2665647015383e-07,2.758802565949736e-06,0.0,0.0,0.0,6.89700641487434e-05
3126.0,1.0280482456437312e-05,1.6290041457978077e-05,6.320470856735483e-05,0.0,0.0,0.000856706871369776
3127.0,1.0477701835043263e-05,1.756527490215376e-05,6.320470856735483e-05,0.0,0.0,0.0008731418195869385
3128.0,4.2665647015383e-07,2.758802565949736e-06,0.0,0.0,0.0,6.89700641487434e-05
3129.0,4.2665647015383e-07,2.758802565949736e-06,0.0,0.0,0.0,6.89700641487434e-05
3130.0,4.2665647015383e-07,2.758802565949736e-06,0.0,0.0,0.0,6.89700641487434e-05
3131.0,4.2665647015383e-07,2.758802565949736e-06,0.0,0.0,0.0,6.89700641487434e-05
3132.0,4.2665647015383e-07,2.758802565949736e-06,0.0,0.0,0.0,6.89700641487434e-05
3133.0,4.2665647015383e-07,2.758802565949736e-06,0.0,0.0,0.0,6.89700641487434e-05
3134.0,4.2665647015383e-07,2.758802565949736e-06,0.0,0.0,0.0,6.89700641487434e-05
3135.0,0.0,0.0,0.0,0.0,0.0,0.0
3136.0,4.2665647015383e-07,2.758802565949736e-06,0.0,0.0,0.0,6.89700641487434e-05
3137.0,4.2665647015383e-07,2.758802565949736e-06,0.0,0.0,0.0,6.89700641487434e-05
3138.0,4.2665647015383e-07,2.758802565949736e-06,0.0,0.0,0.0,6.89700641487434e-05
3139.0,4.2665647015383e-07,2.758802565949736e-06,0.0,0.0,0.0,6.89700641487434e-05
3140.0,4.2665647015383e-07,2.758802565949736e-06,0.0,0.0,0.0,6.89700641487434e-05
3141.0,4.2665647015383e-07,2.758802565949736e-06,0.0,0.0,0.0,6.89700641487434e-05
3142.0,4.2665647015383e-07,2.758802565949736e-06,0.0,0.0,0.0,6.89700641487434e-05
3143.0,0.0,0.0,0.0,0.0,0.0,0.0
3144.0,4.2665647015383e-07,2.758802565949736e-06,0.0,0.0,0.0,6.89700641487434e-05
3145.0,4.2665647015383e-07,2.758802565949736e-06,0.0,0.0,0.0,6.89700641487434e-05
3146.0,4.2665647015383e-07,2.758802565949736e-06,0.0,0.0,0.0,6.89700641487434e-05
3147.0,4.2665647015383e-07,2.758802565949736e-06,0.0,0.0,0.0,6.89700641487434e-05
3148.0,4.2665647015383e-07,2.758802565949736e-06,0.0,0.0,0.0,6.89700641487434e-05
3149.0,4.2665647015383e-07,2.758802565949736e-06,0.0,0.0,0.0,6.89700641487434e-05
3150.0,4.2665647015383e-07,2.758802565949736e-06,0.0,0.0,0.0,6.89700641487434e-05
3151.0,1.0280482456437312e-05,1.6290041457978077e-05,6.320470856735483e-05,0.0,0.0,0.000856706871369776
3152.0,1.0477701835043263e-05,1.756527490215376e-05,6.320470856735483e-05,0.0,0.0,0.0008731418195869385
3153.0,4.2665647015383e-07,2.758802565949736e-06,0.0,0.0,0.0,6.89700641487434e-05
3154.0,4.2665647015383e-07,2.758802565949736e-06,0.0,0.0,0.0,6.89700641487434e-05
3155.0,4.2665647015383e-07,2.758802565949736e-06,0.0,0.0,0.0,6.89700641487434e-05
3156.0,4.2665647015383e-07,2.758802565949736e-06,0.0,0.0,0.0,6.89700641487434e-05
3157.0,4.2665647015383e-07,2.758802565949736e-06,0.0,0.0,0.0,6.89700641487434e-05
3158.0,4.2665647015383e-07,2.758802565949736e-06,0.0,0.0,0.0,6.89700641487434e-05
3159.0,4.2665647015383e-07,2.758802565949736e-06,0.0,0.0,0.0,6.89700641487434e-05
3160.0,0.0,0.0,0.0,0.0,0.0,0.0
3161.0,4.2665647015383e-07,2.758802565949736e-06,0.0,0.0,0.0,6.89700641487434e-05
3162.0,4.2665647015383e-07,2.758802565949736e-06,0.0,0.0,0.0,6.89700641487434e-05
3163.0,4.2665647015383e-07,2.758802565949736e-06,0.0,0.0,0.0,6.89700641487434e-05
3164.0,0.031140323728322983,0.016372477635741234,0.0,0.0006442234152927995,0.296875,2.5950269773602486
3165.0,0.03478625416755676,0.0019883171189576387,0.0,0.000498646404594183,0.2708333333333333,2.8988545139630637
3166.0,0.0,0.0,0.0,0.0,0.0,0.0
3167.0,0.0,0.0,0.0,0.0,0.0,0.0
3168.0,0.0,0.0,0.0,0.0,0.0,0.0
3169.0,0.0,0.0,0.0,0.0,0.0,0.0
3170.0,0.0,0.0,0.0,0.0,0.0,0.0
3171.0,0.0,0.0,0.0,0.0,0.0,0.0
3172.0,0.0001508393615949899,2.9297556466190144e-05,0.0,4.056096076965332e-05,0.0,0.01256994679958249
3173.0,3.7445661860147084e-07,0.0,0.0,0.0,0.0,3.120471821678924e-05
3174.0,0.0,0.0,0.0,0.0,0.0,0.0
3175.0,0.0,0.0,0.0,0.0,0.0,0.0
3176.0,0.0,0.0,0.0,0.0,0.0,0.0
3177.0,0.0,0.0,0.0,0.0,0.0,0.0
3178.0,0.0,0.0,0.0,0.0,0.0,0.0
3179.0,0.0,0.0,0.0,0.0,0.0,0.0
3180.0,0.0,0.0,0.0,0.0,0.0,0.0
3181.0,0.0,0.0,0.0,0.0,0.0,0.0
3182.0,0.0,0.0,0.0,0.0,0.0,0.0
3183.0,0.0,0.0,0.0,0.0,0.0,0.0
3184.0,0.0,0.0,0.0,0.0,0.0,0.0
3185.0,0.0,0.0,0.0,0.0,0.0,0.0
3186.0,0.0,0.0,0.0,0.0,0.0,0.0
3187.0,0.0,0.0,0.0,0.0,0.0,0.0
3188.0,0.0,0.0,0.0,0.0,0.0,0.0
3189.0,0.03389570489525795,0.0006084350752644241,0.0,0.00027424265863373876,0.1736111111111111,2.8246420746048293
3190.0,0.0,0.0,0.0,0.0,0.0,0.0
3191.0,0.0,0.0,0.0,0.0,0.0,0.0
3192.0,0.0,0.0,0.0,0.0,0.0,0.0
3193.0,0.0,0.0,0.0,0.0,0.0,0.0
3194.0,0.0,0.0,0.0,0.0,0.0,0.0
3195.0,0.0,0.0,0.0,0.0,0.0,0.0
3196.0,0.0,0.0,0.0,0.0,0.0,0.0
3197.0,0.0,0.0,0.0,0.0,0.0,0.0
3198.0,0.0,0.0,0.0,0.0,0.0,0.0
3199.0,0.0,0.0,0.0,0.0,0.0,0.0
3200.0,0.0,0.0,0.0,0.0,0.0,0.0
3201.0,0.0,0.0,0.0,0.0,0.0,0.0
3202.0,0.0,0.0,0.0,0.0,0.0,0.0
3203.0,0.0,0.0,0.0,0.0,0.0,0.0
3204.0,0.0,0.0,0.0,0.0,0.0,0.0
3205.0,3.0637175996162114e-07,0.0,0.0,0.0,0.0,2.553097999680176e-05
3206.0,3.0637175996162114e-07,0.0,0.0,0.0,0.0,2.553097999680176e-05
3207.0,0.0,0.0,0.0,0.0,0.0,0.0
3208.0,0.0,0.0,0.0,0.0,0.0,0.0
3209.0,0.0,0.0,0.0,0.0,0.0,0.0
3210.0,0.0,0.0,0.0,0.0,0.0,0.0
3211.0,0.0,0.0,0.0,0.0,0.0,0.0
3212.0,0.0,0.0,0.0,0.0,0.0,0.0
3213.0,0.0,0.0,0.0,0.0,0.0,0.0
3214.0,0.0,0.0,0.0,0.0,0.0,0.0
3215.0,0.0,0.0,0.0,0.0,0.0,0.0
3216.0,0.0,0.0,0.0,0.0,0.0,0.0
3217.0,0.0,0.0,0.0,0.0,0.0,0.0
3218.0,0.0,0.0,0.0,0.0,0.0,0.0
3219.0,0.0,0.0,0.0,0.0,0.0,0.0
3220.0,0.0,0.0,0.0,0.0,0.0,0.0
3221.0,0.0,0.0,0.0,0.0,0.0,0.0
3222.0,0.0,0.0,0.0,0.0,0.0,0.0
3223.0,0.0,0.0,0.0,0.0,0.0,0.0
3224.0,0.0,0.0,0.0,0.0,0.0,0.0
3225.0,0.0,0.0,0.0,0.0,0.0,0.0
3226.0,0.0,0.0,0.0,0.0,0.0,0.0
3227.0,0.0,0.0,0.0,0.0,0.0,0.0
3228.0,0.0,0.0,0.0,0.0,0.0,0.0
3229.0,0.0,0.0,0.0,0.0,0.0,0.0
3230.0,3.0637175996162114e-07,0.0,0.0,0.0,0.0,2.553097999680176e-05
3231.0,3.0637175996162114e-07,0.0,0.0,0.0,0.0,2.553097999680176e-05
3232.0,0.0,0.0,0.0,0.0,0.0,0.0
3233.0,0.0,0.0,0.0,0.0,0.0,0.0
3234.0,0.0,0.0,0.0,0.0,0.0,0.0
3235.0,0.0,0.0,0.0,0.0,0.0,0.0
3236.0,0.0,0.0,0.0,0.0,0.0,0.0
3237.0,0.0,0.0,0.0,0.0,0.0,0.0
3238.0,0.0,0.0,0.0,0.0,0.0,0.0
3239.0,0.0,0.0,0.0,0.0,0.0,0.0
3240.0,0.0,0.0,0.0,0.0,0.0,0.0
3241.0,0.0,0.0,0.0,0.0,0.0,0.0
3242.0,0.0,0.0,0.0,0.0,0.0,0.0
3243.0,0.0,0.0,0.0,0.0,0.0,0.0
3244.0,0.0,0.0,0.0,0.0,0.0,0.0
3245.0,0.0,0.0,0.0,0.0,0.0,0.0
3246.0,0.0,0.0,0.0,0.0,0.0,0.0
3247.0,0.0,0.0,0.0,0.0,0.0,0.0
3248.0,0.0,0.0,0.0,0.0,0.0,0.0
3249.0,0.0,0.0,0.0,0.0,0.0,0.0
3250.0,0.0,0.0,0.0,0.0,0.0,0.0
3251.0,0.0,0.0,0.0,0.0,0.0,0.0
3252.0,0.0,0.0,0.0,0.0,0.0,0.0
3253.0,0.0,0.0,0.0,0.0,0.0,0.0
3254.0,0.0,0.0,0.0,0.0,0.0,0.0
3255.0,3.0637175996162114e-07,0.0,0.0,0.0,0.0,2.553097999680176e-05
3256.0,9.344692557533563e-07,3.841228590317769e-06,0.0,0.0,0.0,9.603071475794422e-05
3257.0,0.0439663790166378,0.015600315295159817,0.0,0.0006150904227979481,0.3402777777777778,3.66386491805315
3258.0,2.2126943122202647e-07,0.0,0.0,0.0,0.0,1.8439119268502207e-05
3259.0,2.2126943122202647e-07,0.0,0.0,0.0,0.0,1.8439119268502207e-05
3260.0,2.2126943122202647e-07,0.0,0.0,0.0,0.0,1.8439119268502207e-05
3261.0,2.2126943122202647e-07,0.0,0.0,0.0,0.0,1.8439119268502207e-05
3262.0,2.2126943122202647e-07,0.0,0.0,0.0,0.0,1.8439119268502207e-05
3263.0,2.2126943122202647e-07,0.0,0.0,0.0,0.0,1.8439119268502207e-05
3264.0,2.2126943122202647e-07,0.0,0.0,0.0,0.0,1.8439119268502207e-05
3265.0,1.702069596376532e-08,0.0,0.0,0.0,0.0,1.4183913303137767e-06
3266.0,2.382901271857918e-07,0.0,0.0,0.0,0.0,1.985751059881598e-05
3267.0,0.00029137724777683616,0.0010886884992942214,0.0,0.0,0.003472222222222222,0.027217212482355535
3268.0,2.8322430807747878e-05,0.0,0.0,0.0,0.0,0.002360202567312323
3269.0,0.0,0.0,0.0,0.0,0.0,0.0
3270.0,0.0,0.0,0.0,0.0,0.0,0.0
3271.0,0.0,0.0,0.0,0.0,0.0,0.0
3272.0,0.0,0.0,0.0,0.0,0.0,0.0
3273.0,9.906045306706801e-06,9.905182196234819e-06,0.0,0.0,0.0,0.0008255037755589001
3274.0,5.821070317324484e-06,0.0,0.0,0.0,0.0,0.00048508919311037363
3275.0,0.0,0.0,0.0,0.0,0.0,0.0
3276.0,0.0,0.0,0.0,0.0,0.0,0.0
3277.0,0.0,0.0,0.0,0.0,0.0,0.0
3278.0,0.0,0.0,0.0,0.0,0.0,0.0
3279.0,0.0,0.0,0.0,0.0,0.0,0.0
3280.0,0.0,0.0,0.0,0.0,0.0,0.0
3281.0,9.390316699864343e-05,0.0,0.0,0.0,0.001736111111111111,0.011574074074074073
3282.0,6.467862476711161e-07,0.0,0.0,0.0,0.0,5.389885397259301e-05
3283.0,0.0,0.0,0.0,0.0,0.0,0.0
3284.0,0.0,0.0,0.0,0.0,0.0,0.0
3285.0,0.0,0.0,0.0,0.0,0.0,0.0
3286.0,3.768381066038273e-05,0.0,0.0,0.0,0.0,0.0031403175550318943
3287.0,5.611723099718802e-05,0.0,0.0,0.0,0.001736111111111111,0.011574074074074073
3288.0,0.0,0.0,0.0,0.0,0.0,0.0
3289.0,0.0,0.0,0.0,0.0,0.0,0.0
3290.0,3.404139192753064e-08,0.0,0.0,0.0,0.0,2.8367826606275535e-06
3291.0,0.0,0.0,0.0,0.0,0.0,0.0
3292.0,0.0,0.0,0.0,0.0,0.0,0.0
3293.0,0.0,0.0,0.0,0.0,0.0,0.0
3294.0,7.94866446085507e-06,0.0,0.0,0.0,0.0,0.0006623887050712559
3295.0,8.85586705408059e-05,0.0,0.0,0.0,0.0,0.0073798892117338255
3296.0,0.0,0.0,0.0,0.0,0.0,0.0
3297.0,0.0,0.0,0.0,0.0,0.0,0.0
3298.0,2.8628797736018896e-05,0.0,0.0,0.0,0.0,0.0023857331446682415
3299.0,6.195525202201679e-06,0.0,0.0,0.0,0.0,0.0005162937668501399
3300.0,0.0,0.0,0.0,0.0,0.0,0.0
3301.0,0.0,0.0,0.0,0.0,0.0,0.0
3302.0,0.0,0.0,0.0,0.0,0.0,0.0
3303.0,0.0,0.0,0.0,0.0,0.0,0.0
3304.0,0.0,0.0,0.0,0.0,0.0,0.0
3305.0,0.0,0.0,0.0,0.0,0.0,0.0
3306.0,0.0,0.0,0.0,0.0,0.0,0.0
3307.0,3.574338336420624e-07,0.0,0.0,0.0,0.0,2.9786152803505196e-05
3308.0,0.0,0.0,0.0,0.0,0.0,0.0
3309.0,0.0,0.0,0.0,0.0,0.0,0.0
3310.0,0.0,0.0,0.0,0.0,0.0,0.0
3311.0,0.0,0.0,0.0,0.0,0.0,0.0
3312.0,0.0,0.0,0.0,0.0,0.0,0.0
3313.0,0.0,0.0,0.0,0.0,0.0,0.0
3314.0,4.8594090912956744e-05,0.0,0.0,0.0,0.0,0.004049507576079729
3315.0,7.790372910676524e-05,0.0,0.0,0.0,0.0,0.00649197742556377
3316.0,0.0,0.0,0.0,0.0,0.0,0.0
3317.0,0.0,0.0,0.0,0.0,0.0,0.0
3318.0,0.0,0.0,0.0,0.0,0.0,0.0
3319.0,0.0,0.0,0.0,0.0,0.0,0.0
3320.0,0.0,0.0,0.0,0.0,0.0,0.0
3321.0,0.0,0.0,0.0,0.0,0.0,0.0
3322.0,0.0,0.0,0.0,0.0,0.0,0.0
3323.0,5.889153271709802e-06,0.0,0.0,0.0,0.0,0.0004907627726424835
3324.0,4.4389958929969e-05,0.0,0.0,0.0,0.0,0.003699163244164083
3325.0,4.4168704334879294e-05,0.0,0.0,0.0,0.0,0.003680725361239941
3326.0,0.0,0.0,0.0,0.0,0.0,0.0
3327.0,0.0,0.0,0.0,0.0,0.0,0.0
3328.0,0.0,0.0,0.0,0.0,0.0,0.0
3329.0,0.0,0.0,0.0,0.0,0.0,0.0
3330.0,0.0,0.0,0.0,0.0,0.0,0.0
3331.0,0.00014882894174661487,0.0,0.0,0.0,0.0,0.012402411812217906
3332.0,1.1318757060507778e-05,0.0,0.0,0.0,0.0,0.0009432297550423148
3333.0,0.0,0.0,0.0,0.0,0.0,0.0
3334.0,8.203975085052662e-06,0.0,0.0,0.0,0.0,0.0006836645904210551
3335.0,5.433005571831018e-05,0.0,0.0,0.0,0.0,0.004527504643192515
3336.0,0.0,0.0,0.0,0.0,0.0,0.0
3337.0,0.0,0.0,0.0,0.0,0.0,0.0
3338.0,0.0,0.0,0.0,0.0,0.0,0.0
3339.0,0.0,0.0,0.0,0.0,0.0,0.0
3340.0,1.07230584944773e-06,0.0,0.0,0.0,0.0,8.935882078731083e-05
3341.0,0.0,0.0,0.0,0.0,0.0,0.0
3342.0,5.113015868118964e-05,0.0,0.0,0.0,0.0,0.004260846556765803
3343.0,0.0,0.0,0.0,0.0,0.0,0.0
3344.0,6.876360203023069e-06,0.0,0.0,0.0,0.0,0.000573030016918589
3345.0,0.0001916530163725838,0.0,0.0,0.0,0.0,0.015971084697715316
3346.0,3.608387487474829e-06,0.0,0.0,0.0,0.0,0.0003006989572895691
3347.0,2.8509661206044257e-05,0.0,0.0,0.0,0.0,0.002375805100503688
3348.0,0.00010906859097303823,0.0,0.0,0.0,0.0,0.009089049247753186
3349.0,5.991277703287778e-06,0.0,0.0,0.0,0.0,0.0004992731419406482
3350.0,9.160537592833862e-05,0.0,0.0,0.0,0.0,0.007633781327361551
3351.0,0.0,0.0,0.0,0.0,0.0,0.0
3352.0,0.0,0.0,0.0,0.0,0.0,0.0
3353.0,0.0,0.0,0.0,0.0,0.0,0.0
3354.0,0.0,0.0,0.0,0.0,0.0,0.0
3355.0,0.0,0.0,0.0,0.0,0.0,0.0
3356.0,0.0,0.0,0.0,0.0,0.0,0.0
3357.0,7.829526680325216e-07,0.0,0.0,0.0,0.0,6.52460556693768e-05
3358.0,0.0,0.0,0.0,0.0,0.0,0.0
3359.0,8.052490738919005e-05,0.0,0.0,0.0,0.0,0.006710408949099171
3360.0,0.0001006944221444428,0.0,0.0,0.0,0.0,0.008391201845370233
3361.0,0.0,0.0,0.0,0.0,0.0,0.0
3362.0,0.0,0.0,0.0,0.0,0.0,0.0
3363.0,0.0,0.0,0.0,0.0,0.0,0.0
3364.0,0.0,0.0,0.0,0.0,0.0,0.0
3365.0,2.944580728581059e-06,0.0,0.0,0.0,0.0,0.0002453817273817549
3366.0,0.0003270526067353785,0.0,0.0,0.0,0.0,0.027254383894614875
3367.0,0.00015214798622764647,0.0,0.0,0.0,0.0,0.012678998852303872
3368.0,0.0,0.0,0.0,0.0,0.0,0.0
3369.0,0.0,0.0,0.0,0.0,0.0,0.0
3370.0,0.0,0.0,0.0,0.0,0.0,0.0
3371.0,0.0,0.0,0.0,0.0,0.0,0.0
3372.0,0.0,0.0,0.0,0.0,0.0,0.0
3373.0,9.957100701285526e-06,0.0,0.0,0.0,0.0,0.0008297583917737938
3374.0,6.0253187257330865e-06,0.0,0.0,0.0,0.0,0.0005021098938110905
3375.0,0.0,0.0,0.0,0.0,0.0,0.0
3376.0,0.0,0.0,0.0,0.0,0.0,0.0
3377.0,0.0,0.0,0.0,0.0,0.0,0.0
3378.0,0.0,0.0,0.0,0.0,0.0,0.0
3379.0,0.0,0.0,0.0,0.0,0.0,0.0
3380.0,0.0,0.0,0.0,0.0,0.0,0.0
3381.0,0.0,0.0,0.0,0.0,0.0,0.0
3382.0,0.0,0.0,0.0,0.0,0.0,0.0
3383.0,0.0,0.0,0.0,0.0,0.0,0.0
3384.0,0.0,0.0,0.0,0.0,0.0,0.0
3385.0,0.0,0.0,0.0,0.0,0.0,0.0
3386.0,0.0,0.0,0.0,0.0,0.0,0.0
3387.0,0.0,0.0,0.0,0.0,0.0,0.0
3388.0,0.0,0.0,0.0,0.0,0.0,0.0
3389.0,0.0,0.0,0.0,0.0,0.0,0.0
3390.0,0.0,0.0,0.0,0.0,0.0,0.0
3391.0,0.0,0.0,0.0,0.0,0.0,0.0
3392.0,0.0,0.0,0.0,0.0,0.0,0.0
3393.0,0.0,0.0,0.0,0.0,0.0,0.0
3394.0,0.0,0.0,0.0,0.0,0.0,0.0
3395.0,0.0,0.0,0.0,0.0,0.0,0.0
3396.0,0.0,0.0,0.0,0.0,0.0,0.0
3397.0,0.0,0.0,0.0,0.0,0.0,0.0
3398.0,6.0253187257330865e-06,0.0,0.0,0.0,0.0,0.0005021098938110905
3399.0,6.0253187257330865e-06,0.0,0.0,0.0,0.0,0.0005021098938110905
3400.0,0.00015061612066347152,0.0,0.0,0.0,0.0,0.012551343388622627
3401.0,0.0,0.0,0.0,0.0,0.0,0.0
3402.0,0.0,0.0,0.0,0.0,0.0,0.0
3403.0,0.0,0.0,0.0,0.0,0.0,0.0
3404.0,0.0,0.0,0.0,0.0,0.0,0.0
3405.0,0.0,0.0,0.0,0.0,0.0,0.0
3406.0,0.0,0.0,0.0,0.0,0.0,0.0
3407.0,2.604163228170364e-06,0.0,0.0,0.0,0.0,0.00021701360234753034
3408.0,0.0,0.0,0.0,0.0,0.0,0.0
3409.0,0.002137441886588931,0.0010882483329623938,0.0,0.0,0.003472222222222222,0.17812015721574426
3410.0,0.04129621386528015,0.013560636900365353,0.0,0.0006891073426231742,0.3246527777777778,3.4413511554400125
3411.0,1.2328060847721645e-06,2.228111725344206e-06,0.0,0.0,0.0,0.00010273384039768037
3412.0,4.116099034945364e-07,2.6615100523486035e-06,0.0,0.0,0.0,6.653775130871509e-05
3413.0,4.116099034945364e-07,2.6615100523486035e-06,0.0,0.0,0.0,6.653775130871509e-05
3414.0,4.116099034945364e-07,2.6615100523486035e-06,0.0,0.0,0.0,6.653775130871509e-05
3415.0,4.116099034945364e-07,2.6615100523486035e-06,0.0,0.0,0.0,6.653775130871509e-05
3416.0,4.116099034945364e-07,2.6615100523486035e-06,0.0,0.0,0.0,6.653775130871509e-05
3417.0,4.116099034945364e-07,2.6615100523486035e-06,0.0,0.0,0.0,6.653775130871509e-05
3418.0,4.116099034945364e-07,2.6615100523486035e-06,0.0,0.0,0.0,6.653775130871509e-05
3419.0,0.0,0.0,0.0,0.0,0.0,0.0
3420.0,4.116099034945364e-07,2.6615100523486035e-06,0.0,0.0,0.0,6.653775130871509e-05
3421.0,4.116099034945364e-07,2.6615100523486035e-06,0.0,0.0,0.0,6.653775130871509e-05
3422.0,4.116099034945364e-07,2.6615100523486035e-06,0.0,0.0,0.0,6.653775130871509e-05
3423.0,4.116099034945364e-07,2.6615100523486035e-06,0.0,0.0,0.0,6.653775130871509e-05
3424.0,4.116099034945364e-07,2.6615100523486035e-06,0.0,0.0,0.0,6.653775130871509e-05
3425.0,4.116099034945364e-07,2.6615100523486035e-06,0.0,0.0,0.0,6.653775130871509e-05
3426.0,4.116099034945364e-07,2.6615100523486035e-06,0.0,0.0,0.0,6.653775130871509e-05
3427.0,0.0,0.0,0.0,0.0,0.0,0.0
3428.0,4.116099034945364e-07,2.6615100523486035e-06,0.0,0.0,0.0,6.653775130871509e-05
3429.0,4.116099034945364e-07,2.6615100523486035e-06,0.0,0.0,0.0,6.653775130871509e-05
3430.0,4.116099034945364e-07,2.6615100523486035e-06,0.0,0.0,0.0,6.653775130871509e-05
3431.0,4.116099034945364e-07,2.6615100523486035e-06,0.0,0.0,0.0,6.653775130871509e-05
3432.0,4.116099034945364e-07,2.6615100523486035e-06,0.0,0.0,0.0,6.653775130871509e-05
3433.0,4.116099034945364e-07,2.6615100523486035e-06,0.0,0.0,0.0,6.653775130871509e-05
3434.0,4.116099034945364e-07,2.6615100523486035e-06,0.0,0.0,0.0,6.653775130871509e-05
3435.0,9.9483918347687e-07,6.893944828334497e-07,0.0,0.0,0.0,8.290326528973917e-05
3436.0,1.2328060847721645e-06,2.228111725344206e-06,0.0,0.0,0.0,0.00010273384039768037
3437.0,4.116099034945364e-07,2.6615100523486035e-06,0.0,0.0,0.0,6.653775130871509e-05
3438.0,4.116099034945364e-07,2.6615100523486035e-06,0.0,0.0,0.0,6.653775130871509e-05
3439.0,4.116099034945364e-07,2.6615100523486035e-06,0.0,0.0,0.0,6.653775130871509e-05
3440.0,4.116099034945364e-07,2.6615100523486035e-06,0.0,0.0,0.0,6.653775130871509e-05
3441.0,4.116099034945364e-07,2.6615100523486035e-06,0.0,0.0,0.0,6.653775130871509e-05
3442.0,4.116099034945364e-07,2.6615100523486035e-06,0.0,0.0,0.0,6.653775130871509e-05
3443.0,4.116099034945364e-07,2.6615100523486035e-06,0.0,0.0,0.0,6.653775130871509e-05
3444.0,0.0,0.0,0.0,0.0,0.0,0.0
3445.0,4.116099034945364e-07,2.6615100523486035e-06,0.0,0.0,0.0,6.653775130871509e-05
3446.0,4.116099034945364e-07,2.6615100523486035e-06,0.0,0.0,0.0,6.653775130871509e-05
3447.0,4.116099034945364e-07,2.6615100523486035e-06,0.0,0.0,0.0,6.653775130871509e-05
3448.0,4.116099034945364e-07,2.6615100523486035e-06,0.0,0.0,0.0,6.653775130871509e-05
3449.0,4.116099034945364e-07,2.6615100523486035e-06,0.0,0.0,0.0,6.653775130871509e-05
3450.0,4.116099034945364e-07,2.6615100523486035e-06,0.0,0.0,0.0,6.653775130871509e-05
3451.0,0.052129440009593964,0.02435356192290783,0.0,0.00041165619040839374,0.28125,4.344120000799497
3452.0,2.862587052732124e-06,3.7291770240699407e-06,0.0,0.0,0.0,0.00023854892106101033
3453.0,1.5690175132476725e-06,2.6615100523486035e-06,0.0,0.0,0.0,0.00013075145943730604
3454.0,1.5690175132476725e-06,2.6615100523486035e-06,0.0,0.0,0.0,0.00013075145943730604
3455.0,1.5690175132476725e-06,2.6615100523486035e-06,0.0,0.0,0.0,0.00013075145943730604
3456.0,1.5690175132476725e-06,2.6615100523486035e-06,0.0,0.0,0.0,0.00013075145943730604
3457.0,1.5690175132476725e-06,2.6615100523486035e-06,0.0,0.0,0.0,0.00013075145943730604
3458.0,1.5690175132476725e-06,2.6615100523486035e-06,0.0,0.0,0.0,0.00013075145943730604
3459.0,1.5690175132476725e-06,2.6615100523486035e-06,0.0,0.0,0.0,0.00013075145943730604
3460.0,0.0,0.0,0.0,0.0,0.0,0.0
3461.0,1.5690175132476725e-06,2.6615100523486035e-06,0.0,0.0,0.0,0.00013075145943730604
3462.0,1.5690175132476725e-06,2.6615100523486035e-06,0.0,0.0,0.0,0.00013075145943730604
3463.0,1.5690175132476725e-06,2.6615100523486035e-06,0.0,0.0,0.0,0.00013075145943730604
3464.0,1.5690175132476725e-06,2.6615100523486035e-06,0.0,0.0,0.0,0.00013075145943730604
3465.0,1.5690175132476725e-06,2.6615100523486035e-06,0.0,0.0,0.0,0.00013075145943730604
3466.0,1.5690175132476725e-06,2.6615100523486035e-06,0.0,0.0,0.0,0.00013075145943730604
3467.0,1.5690175132476725e-06,2.6615100523486035e-06,0.0,0.0,0.0,0.00013075145943730604
3468.0,5.276415890875796e-07,0.0,0.0,0.0,0.0,4.397013242396497e-05
3469.0,1.3817898434353992e-06,2.6615100523486035e-06,0.0,0.0,0.0,0.0001151491536196166
3470.0,1.5690175132476725e-06,2.6615100523486035e-06,0.0,0.0,0.0,0.00013075145943730604
3471.0,1.5690175132476725e-06,2.6615100523486035e-06,0.0,0.0,0.0,0.00013075145943730604
3472.0,1.5690175132476725e-06,2.6615100523486035e-06,0.0,0.0,0.0,0.00013075145943730604
3473.0,1.5690175132476725e-06,2.6615100523486035e-06,0.0,0.0,0.0,0.00013075145943730604
3474.0,1.5690175132476725e-06,2.6615100523486035e-06,0.0,0.0,0.0,0.00013075145943730604
3475.0,1.5690175132476725e-06,2.6615100523486035e-06,0.0,0.0,0.0,0.00013075145943730604
3476.0,1.804191924748011e-06,1.067667085408175e-06,0.0,0.0,0.0,0.00015034932706233425
3477.0,2.862587052732124e-06,3.7291770240699407e-06,0.0,0.0,0.0,0.00023854892106101033
3478.0,1.5690175132476725e-06,2.6615100523486035e-06,0.0,0.0,0.0,0.00013075145943730604
3479.0,1.5690175132476725e-06,2.6615100523486035e-06,0.0,0.0,0.0,0.00013075145943730604
3480.0,1.5690175132476725e-06,2.6615100523486035e-06,0.0,0.0,0.0,0.00013075145943730604
3481.0,1.5690175132476725e-06,2.6615100523486035e-06,0.0,0.0,0.0,0.00013075145943730604
3482.0,1.5690175132476725e-06,2.6615100523486035e-06,0.0,0.0,0.0,0.00013075145943730604
3483.0,1.5690175132476725e-06,2.6615100523486035e-06,0.0,0.0,0.0,0.00013075145943730604
3484.0,1.5690175132476725e-06,2.6615100523486035e-06,0.0,0.0,0.0,0.00013075145943730604
3485.0,0.0,0.0,0.0,0.0,0.0,0.0
3486.0,1.5690175132476725e-06,2.6615100523486035e-06,0.0,0.0,0.0,0.00013075145943730604
3487.0,1.5690175132476725e-06,2.6615100523486035e-06,0.0,0.0,0.0,0.00013075145943730604
3488.0,1.5690175132476725e-06,2.6615100523486035e-06,0.0,0.0,0.0,0.00013075145943730604
3489.0,1.5690175132476725e-06,2.6615100523486035e-06,0.0,0.0,0.0,0.00013075145943730604
3490.0,1.5690175132476725e-06,2.6615100523486035e-06,0.0,0.0,0.0,0.00013075145943730604
3491.0,1.5690175132476725e-06,2.6615100523486035e-06,0.0,0.0,0.0,0.00013075145943730604
3492.0,1.5690175132476725e-06,2.6615100523486035e-06,0.0,0.0,0.0,0.00013075145943730604
3493.0,5.276415890875796e-07,0.0,0.0,0.0,0.0,4.397013242396497e-05
3494.0,1.3817898434353992e-06,2.6615100523486035e-06,0.0,0.0,0.0,0.0001151491536196166
3495.0,1.5690175132476725e-06,2.6615100523486035e-06,0.0,0.0,0.0,0.00013075145943730604
3496.0,1.5690175132476725e-06,2.6615100523486035e-06,0.0,0.0,0.0,0.00013075145943730604
3497.0,1.5690175132476725e-06,2.6615100523486035e-06,0.0,0.0,0.0,0.00013075145943730604
3498.0,1.5690175132476725e-06,2.6615100523486035e-06,0.0,0.0,0.0,0.00013075145943730604
3499.0,1.5690175132476725e-06,2.6615100523486035e-06,0.0,0.0,0.0,0.00013075145943730604
3500.0,1.5690175132476725e-06,2.6615100523486035e-06,0.0,0.0,0.0,0.00013075145943730604
3501.0,1.804191924748011e-06,1.067667085408175e-06,0.0,0.0,0.0,0.00015034932706233425
3502.0,2.862587052732124e-06,3.7291770240699407e-06,0.0,0.0,0.0,0.00023854892106101033
3503.0,1.5690175132476725e-06,2.6615100523486035e-06,0.0,0.0,0.0,0.00013075145943730604
3504.0,1.5690175132476725e-06,2.6615100523486035e-06,0.0,0.0,0.0,0.00013075145943730604
3505.0,1.5690175132476725e-06,2.6615100523486035e-06,0.0,0.0,0.0,0.00013075145943730604
3506.0,1.5690175132476725e-06,2.6615100523486035e-06,0.0,0.0,0.0,0.00013075145943730604
3507.0,1.5690175132476725e-06,2.6615100523486035e-06,0.0,0.0,0.0,0.00013075145943730604
3508.0,1.5690175132476725e-06,2.6615100523486035e-06,0.0,0.0,0.0,0.00013075145943730604
3509.0,1.5690175132476725e-06,2.6615100523486035e-06,0.0,0.0,0.0,0.00013075145943730604
3510.0,0.0,0.0,0.0,0.0,0.0,0.0
3511.0,1.5690175132476725e-06,2.6615100523486035e-06,0.0,0.0,0.0,0.00013075145943730604
3512.0,1.5690175132476725e-06,2.6615100523486035e-06,0.0,0.0,0.0,0.00013075145943730604
3513.0,1.5690175132476725e-06,2.6615100523486035e-06,0.0,0.0,0.0,0.00013075145943730604
3514.0,1.5690175132476725e-06,2.6615100523486035e-06,0.0,0.0,0.0,0.00013075145943730604
3515.0,1.5690175132476725e-06,2.6615100523486035e-06,0.0,0.0,0.0,0.00013075145943730604
3516.0,1.5690175132476725e-06,2.6615100523486035e-06,0.0,0.0,0.0,0.00013075145943730604
3517.0,1.5690175132476725e-06,2.6615100523486035e-06,0.0,0.0,0.0,0.00013075145943730604
3518.0,5.276415890875796e-07,0.0,0.0,0.0,0.0,4.397013242396497e-05
3519.0,1.3817898434353992e-06,2.6615100523486035e-06,0.0,0.0,0.0,0.0001151491536196166
3520.0,1.5690175132476725e-06,2.6615100523486035e-06,0.0,0.0,0.0,0.00013075145943730604
3521.0,1.5690175132476725e-06,2.6615100523486035e-06,0.0,0.0,0.0,0.00013075145943730604
3522.0,1.5690175132476725e-06,2.6615100523486035e-06,0.0,0.0,0.0,0.00013075145943730604
3523.0,1.5690175132476725e-06,2.6615100523486035e-06,0.0,0.0,0.0,0.00013075145943730604
3524.0,1.5690175132476725e-06,2.6615100523486035e-06,0.0,0.0,0.0,0.00013075145943730604
3525.0,1.5690175132476725e-06,2.6615100523486035e-06,0.0,0.0,0.0,0.00013075145943730604
3526.0,0.00031449520611204207,1.067667085408175e-06,0.0,0.0,0.0,0.026207933842670172
3527.0,0.0001857669703895226,3.7291770240699407e-06,0.0,0.0,0.0,0.01548058086579355
3528.0,1.3988102409712155e-06,2.6615100523486035e-06,0.0,0.0,0.0,0.00011656752008093463
3529.0,1.3988102409712155e-06,2.6615100523486035e-06,0.0,0.0,0.0,0.00011656752008093463
3530.0,1.3988102409712155e-06,2.6615100523486035e-06,0.0,0.0,0.0,0.00011656752008093463
3531.0,1.3988102409712155e-06,2.6615100523486035e-06,0.0,0.0,0.0,0.00011656752008093463
3532.0,1.3988102409712155e-06,2.6615100523486035e-06,0.0,0.0,0.0,0.00011656752008093463
3533.0,1.3988102409712155e-06,2.6615100523486035e-06,0.0,0.0,0.0,0.00011656752008093463
3534.0,1.3988102409712155e-06,2.6615100523486035e-06,0.0,0.0,0.0,0.00011656752008093463
3535.0,4.1491716729069594e-06,0.0,0.0,0.0,0.0,0.00034576430607557995
3536.0,1.5690175132476725e-06,2.6615100523486035e-06,0.0,0.0,0.0,0.00013075145943730604
3537.0,1.5690175132476725e-06,2.6615100523486035e-06,0.0,0.0,0.0,0.00013075145943730604
3538.0,0.05259566381573677,0.024353016167879105,0.0,0.00041165619040839374,0.28125,4.382971984644731
3539.0,0.04129993915557861,0.01356104388833046,0.0,0.0006891073426231742,0.3246527777777778,3.4416615962982178
3540.0,2.2126943122202647e-07,0.0,0.0,0.0,0.0,1.8439119268502207e-05
3541.0,2.2126943122202647e-07,0.0,0.0,0.0,0.0,1.8439119268502207e-05
3542.0,2.2126943122202647e-07,0.0,0.0,0.0,0.0,1.8439119268502207e-05
3543.0,2.2126943122202647e-07,0.0,0.0,0.0,0.0,1.8439119268502207e-05
3544.0,8.568216435378417e-05,0.0,0.0,0.0,0.0,0.0071401803628153475
3545.0,2.2126943122202647e-07,0.0,0.0,0.0,0.0,1.8439119268502207e-05
3546.0,2.2126943122202647e-07,0.0,0.0,0.0,0.0,1.8439119268502207e-05
3547.0,7.258434379764367e-06,0.0,3.207163535989821e-05,0.0,0.0,0.0006048695316470306
3548.0,0.0,0.0,0.0,0.0,0.0,0.0
3549.0,0.0,0.0,0.0,0.0,0.0,0.0
3550.0,0.0,0.0,0.0,0.0,0.0,0.0
3551.0,0.0,0.0,0.0,0.0,0.0,0.0
3552.0,0.0,0.0,0.0,0.0,0.0,0.0
3553.0,0.0,0.0,0.0,0.0,0.0,0.0
3554.0,0.0,0.0,0.0,0.0,0.0,0.0
3555.0,3.2245316106127575e-06,0.0,3.207163535989821e-05,0.0,0.0,0.0002687109675510631
3556.0,0.0,0.0,0.0,0.0,0.0,0.0
3557.0,0.0,0.0,0.0,0.0,0.0,0.0
3558.0,0.0,0.0,0.0,0.0,0.0,0.0
3559.0,0.0,0.0,0.0,0.0,0.0,0.0
3560.0,0.0,0.0,0.0,0.0,0.0,0.0
3561.0,0.0,0.0,0.0,0.0,0.0,0.0
3562.0,0.0,0.0,0.0,0.0,0.0,0.0
3563.0,5.106182854319741e-08,0.0,0.0,0.0,0.0,4.255152378599784e-06
3564.0,5.106182854319741e-08,0.0,0.0,0.0,0.0,4.255152378599784e-06
3565.0,0.0,0.0,0.0,0.0,0.0,0.0
3566.0,9.361367574456381e-07,0.0,0.0,0.0,0.0,7.801139645380317e-05
3567.0,0.041382789611816406,0.013558794744312763,0.0,0.0006891073426231742,0.3246527777777778,3.4485658009847007
3568.0,0.05259649455547333,0.024355819448828697,1.7570926502230577e-05,0.00041165619040839374,0.28125,4.383041212956111
3569.0,9.114021850109566e-06,6.25105667495518e-06,1.7570926502230577e-05,0.0,0.0,0.0007595018208424639
3570.0,0.0,0.0,0.0,0.0,0.0,0.0
3571.0,0.0,0.0,0.0,0.0,0.0,0.0
3572.0,0.0,0.0,0.0,0.0,0.0,0.0
3573.0,0.0004947064444422722,0.0,0.0,0.0,0.0,0.04122553703685602
3574.0,0.0,0.0,0.0,0.0,0.0,0.0
3575.0,0.0,0.0,0.0,0.0,0.0,0.0
3576.0,0.0,0.0,0.0,0.0,0.0,0.0
3577.0,8.395311397180194e-07,0.0,0.0,0.0,0.0,6.996092830983495e-05
3578.0,0.0,0.0,0.0,0.0,0.0,0.0
3579.0,0.0,0.0,0.0,0.0,0.0,0.0
3580.0,0.0,0.0,0.0,0.0,0.0,0.0
3581.0,0.0,0.0,0.0,0.0,0.0,0.0
3582.0,0.0,0.0,0.0,0.0,0.0,0.0
3583.0,0.0464322492480278,0.022787561640143394,0.0,0.00025889332755468786,0.1996527777777778,3.8693541040023165
3584.0,6.328795052468195e-07,2.6615100523486035e-06,0.0,0.0,0.0,6.653775130871509e-05
3585.0,6.1585876665049e-07,2.6615100523486035e-06,0.0,0.0,0.0,6.653775130871509e-05
3586.0,6.1585876665049e-07,2.6615100523486035e-06,0.0,0.0,0.0,6.653775130871509e-05
3587.0,6.1585876665049e-07,2.6615100523486035e-06,0.0,0.0,0.0,6.653775130871509e-05
3588.0,6.1585876665049e-07,2.6615100523486035e-06,0.0,0.0,0.0,6.653775130871509e-05
3589.0,6.1585876665049e-07,2.6615100523486035e-06,0.0,0.0,0.0,6.653775130871509e-05
3590.0,6.1585876665049e-07,2.6615100523486035e-06,0.0,0.0,0.0,6.653775130871509e-05
3591.0,9.561507795297075e-06,5.384137693908997e-06,3.1552168366033584e-05,0.0,0.0,0.0007967923162747562
3592.0,1.0177366675634403e-05,8.045647518883925e-06,3.1552168366033584e-05,0.0,0.0,0.0008481138896362003
3593.0,6.1585876665049e-07,2.6615100523486035e-06,0.0,0.0,0.0,6.653775130871509e-05
3594.0,6.1585876665049e-07,2.6615100523486035e-06,0.0,0.0,0.0,6.653775130871509e-05
3595.0,6.1585876665049e-07,2.6615100523486035e-06,0.0,0.0,0.0,6.653775130871509e-05
3596.0,6.1585876665049e-07,2.6615100523486035e-06,0.0,0.0,0.0,6.653775130871509e-05
3597.0,6.1585876665049e-07,2.6615100523486035e-06,0.0,0.0,0.0,6.653775130871509e-05
3598.0,6.1585876665049e-07,2.6615100523486035e-06,0.0,0.0,0.0,6.653775130871509e-05
3599.0,6.1585876665049e-07,2.6615100523486035e-06,0.0,0.0,0.0,6.653775130871509e-05
3600.0,0.0,0.0,0.0,0.0,0.0,0.0
3601.0,6.1585876665049e-07,2.6615100523486035e-06,0.0,0.0,0.0,6.653775130871509e-05
3602.0,6.1585876665049e-07,2.6615100523486035e-06,0.0,0.0,0.0,6.653775130871509e-05
3603.0,6.1585876665049e-07,2.6615100523486035e-06,0.0,0.0,0.0,6.653775130871509e-05
3604.0,6.1585876665049e-07,2.6615100523486035e-06,0.0,0.0,0.0,6.653775130871509e-05
3605.0,6.1585876665049e-07,2.6615100523486035e-06,0.0,0.0,0.0,6.653775130871509e-05
3606.0,6.1585876665049e-07,2.6615100523486035e-06,0.0,0.0,0.0,6.653775130871509e-05
3607.0,6.1585876665049e-07,2.6615100523486035e-06,0.0,0.0,0.0,6.653775130871509e-05
3608.0,1.702069596376532e-08,0.0,0.0,0.0,0.0,1.4183913303137767e-06
3609.0,6.328795052468195e-07,2.6615100523486035e-06,0.0,0.0,0.0,6.653775130871509e-05
3610.0,6.1585876665049e-07,2.6615100523486035e-06,0.0,0.0,0.0,6.653775130871509e-05
3611.0,6.1585876665049e-07,2.6615100523486035e-06,0.0,0.0,0.0,6.653775130871509e-05
3612.0,6.1585876665049e-07,2.6615100523486035e-06,0.0,0.0,0.0,6.653775130871509e-05
3613.0,6.1585876665049e-07,2.6615100523486035e-06,0.0,0.0,0.0,6.653775130871509e-05
3614.0,6.1585876665049e-07,2.6615100523486035e-06,0.0,0.0,0.0,6.653775130871509e-05
3615.0,6.1585876665049e-07,2.6615100523486035e-06,0.0,0.0,0.0,6.653775130871509e-05
3616.0,9.561507795297075e-06,5.384137693908997e-06,3.1552168366033584e-05,0.0,0.0,0.0007967923162747562
3617.0,1.0177366675634403e-05,8.045647518883925e-06,3.1552168366033584e-05,0.0,0.0,0.0008481138896362003
3618.0,6.1585876665049e-07,2.6615100523486035e-06,0.0,0.0,0.0,6.653775130871509e-05
3619.0,6.1585876665049e-07,2.6615100523486035e-06,0.0,0.0,0.0,6.653775130871509e-05
3620.0,6.1585876665049e-07,2.6615100523486035e-06,0.0,0.0,0.0,6.653775130871509e-05
3621.0,6.1585876665049e-07,2.6615100523486035e-06,0.0,0.0,0.0,6.653775130871509e-05
3622.0,7.72259954828769e-05,2.6615100523486035e-06,0.0,0.0,0.005208333333333333,0.034722222222222224
3623.0,0.0006034718826413155,2.6615100523486035e-06,0.0,0.0,0.008680555555555556,0.05787037037037038
3624.0,4.116099034945364e-07,2.6615100523486035e-06,0.0,0.0,0.0,6.653775130871509e-05
3625.0,0.001098872977308929,0.0,0.0,0.0,0.029513888888888888,0.19675925925925927
3626.0,0.0002977631229441613,2.6615100523486035e-06,0.0,0.0,0.003472222222222222,0.02481359357868011
3627.0,0.0008119753329083323,2.6615100523486035e-06,0.0,0.0,0.001736111111111111,0.06766461107569437
3628.0,0.000485058844788,2.6615100523486035e-06,0.0,0.0,0.0,0.040421570399
3629.0,0.0004824376665055752,2.6615100523486035e-06,0.0,0.0,0.003472222222222222,0.040203138875464596
3630.0,2.5391957478859695e-06,2.6615100523486035e-06,0.0,0.0,0.0,0.00021159964565716413
3631.0,4.116099034945364e-07,2.6615100523486035e-06,0.0,0.0,0.0,6.653775130871509e-05
3632.0,4.116099034945364e-07,2.6615100523486035e-06,0.0,0.0,0.0,6.653775130871509e-05
3633.0,3.472221942502074e-05,0.0,0.0,0.0,0.0,0.002893518285418395
3634.0,4.116099034945364e-07,2.6615100523486035e-06,0.0,0.0,0.0,6.653775130871509e-05
3635.0,4.116099034945364e-07,2.6615100523486035e-06,0.0,0.0,0.0,6.653775130871509e-05
3636.0,4.116099034945364e-07,2.6615100523486035e-06,0.0,0.0,0.0,6.653775130871509e-05
3637.0,4.116099034945364e-07,2.6615100523486035e-06,0.0,0.0,0.0,6.653775130871509e-05
3638.0,4.116099034945364e-07,2.6615100523486035e-06,0.0,0.0,0.0,6.653775130871509e-05
3639.0,4.116099034945364e-07,2.6615100523486035e-06,0.0,0.0,0.0,6.653775130871509e-05
3640.0,4.116099034945364e-07,2.6615100523486035e-06,0.0,0.0,0.0,6.653775130871509e-05
3641.0,1.0599769666441716e-05,5.384137693908997e-06,3.1552168366033584e-05,0.0,0.0,0.000883314138870143
3642.0,1.1011378774128389e-05,8.045647518883925e-06,3.1552168366033584e-05,0.0,0.0,0.0009176148978440324
3643.0,4.116099034945364e-07,2.6615100523486035e-06,0.0,0.0,0.0,6.653775130871509e-05
3644.0,4.116099034945364e-07,2.6615100523486035e-06,0.0,0.0,0.0,6.653775130871509e-05
3645.0,4.116099034945364e-07,2.6615100523486035e-06,0.0,0.0,0.0,6.653775130871509e-05
3646.0,4.116099034945364e-07,2.6615100523486035e-06,0.0,0.0,0.0,6.653775130871509e-05
3647.0,4.116099034945364e-07,2.6615100523486035e-06,0.0,0.0,0.0,6.653775130871509e-05
3648.0,4.116099034945364e-07,2.6615100523486035e-06,0.0,0.0,0.0,6.653775130871509e-05
3649.0,4.116099034945364e-07,2.6615100523486035e-06,0.0,0.0,0.0,6.653775130871509e-05
3650.0,0.0,0.0,0.0,0.0,0.0,0.0
3651.0,4.116099034945364e-07,2.6615100523486035e-06,0.0,0.0,0.0,6.653775130871509e-05
3652.0,4.116099034945364e-07,2.6615100523486035e-06,0.0,0.0,0.0,6.653775130871509e-05
3653.0,4.116099034945364e-07,2.6615100523486035e-06,0.0,0.0,0.0,6.653775130871509e-05
3654.0,4.116099034945364e-07,2.6615100523486035e-06,0.0,0.0,0.0,6.653775130871509e-05
3655.0,4.116099034945364e-07,2.6615100523486035e-06,0.0,0.0,0.0,6.653775130871509e-05
3656.0,4.116099034945364e-07,2.6615100523486035e-06,0.0,0.0,0.0,6.653775130871509e-05
3657.0,4.116099034945364e-07,2.6615100523486035e-06,0.0,0.0,0.0,6.653775130871509e-05
3658.0,0.0,0.0,0.0,0.0,0.0,0.0
3659.0,4.116099034945364e-07,2.6615100523486035e-06,0.0,0.0,0.0,6.653775130871509e-05
3660.0,4.116099034945364e-07,2.6615100523486035e-06,0.0,0.0,0.0,6.653775130871509e-05
3661.0,4.116099034945364e-07,2.6615100523486035e-06,0.0,0.0,0.0,6.653775130871509e-05
3662.0,4.116099034945364e-07,2.6615100523486035e-06,0.0,0.0,0.0,6.653775130871509e-05
3663.0,0.04040314629673958,0.024936260655522346,0.0,0.0003689729783218354,0.4027777777777778,3.3669288580616317
3664.0,0.0,0.0,0.0,0.0,0.0,0.0
3665.0,0.0,0.0,0.0,0.0,0.0,0.0
3666.0,0.0,0.0,0.0,0.0,0.0,0.0
3667.0,0.0,0.0,0.0,0.0,0.0,0.0
3668.0,0.0,0.0,0.0,0.0,0.0,0.0
3669.0,0.0,0.0,0.0,0.0,0.0,0.0
3670.0,0.0,0.0,0.0,0.0,0.0,0.0
3671.0,2.8529082101158565e-06,4.086452918272698e-06,1.7570926502230577e-05,0.0,0.0,0.00023774235084298803
3672.0,2.8529082101158565e-06,4.086452918272698e-06,1.7570926502230577e-05,0.0,0.0,0.00023774235084298803
3673.0,0.0,0.0,0.0,0.0,0.0,0.0
3674.0,0.0,0.0,0.0,0.0,0.0,0.0
3675.0,0.0,0.0,0.0,0.0,0.0,0.0
3676.0,0.0,0.0,0.0,0.0,0.0,0.0
3677.0,0.0,0.0,0.0,0.0,0.0,0.0
3678.0,0.0,0.0,0.0,0.0,0.0,0.0
3679.0,0.0,0.0,0.0,0.0,0.0,0.0
3680.0,0.0,0.0,0.0,0.0,0.0,0.0
3681.0,0.0,0.0,0.0,0.0,0.0,0.0
3682.0,0.0,0.0,0.0,0.0,0.0,0.0
3683.0,0.0,0.0,0.0,0.0,0.0,0.0
3684.0,0.0,0.0,0.0,0.0,0.0,0.0
3685.0,0.0,0.0,0.0,0.0,0.0,0.0
3686.0,0.0,0.0,0.0,0.0,0.0,0.0
3687.0,0.0,0.0,0.0,0.0,0.0,0.0
3688.0,0.0,0.0,0.0,0.0,0.0,0.0
3689.0,0.0,0.0,0.0,0.0,0.0,0.0
3690.0,0.0,0.0,0.0,0.0,0.0,0.0
3691.0,0.0,0.0,0.0,0.0,0.0,0.0
3692.0,0.0,0.0,0.0,0.0,0.0,0.0
3693.0,0.0,0.0,0.0,0.0,0.0,0.0
3694.0,0.0,0.0,0.0,0.0,0.0,0.0
3695.0,0.0,0.0,0.0,0.0,0.0,0.0
3696.0,2.8529082101158565e-06,4.086452918272698e-06,1.7570926502230577e-05,0.0,0.0,0.00023774235084298803
3697.0,2.8529082101158565e-06,4.086452918272698e-06,1.7570926502230577e-05,0.0,0.0,0.00023774235084298803
3698.0,0.0,0.0,0.0,0.0,0.0,0.0
3699.0,0.0,0.0,0.0,0.0,0.0,0.0
3700.0,0.0,0.0,0.0,0.0,0.0,0.0
3701.0,0.0,0.0,0.0,0.0,0.0,0.0
3702.0,0.0,0.0,0.0,0.0,0.0,0.0
3703.0,0.0,0.0,0.0,0.0,0.0,0.0
3704.0,0.0,0.0,0.0,0.0,0.0,0.0
3705.0,0.0,0.0,0.0,0.0,0.0,0.0
3706.0,0.0,0.0,0.0,0.0,0.0,0.0
3707.0,0.0,0.0,0.0,0.0,0.0,0.0
3708.0,0.0,0.0,0.0,0.0,0.0,0.0
3709.0,0.0,0.0,0.0,0.0,0.0,0.0
3710.0,0.0,0.0,0.0,0.0,0.0,0.0
3711.0,0.0,0.0,0.0,0.0,0.0,0.0
3712.0,0.0,0.0,0.0,0.0,0.0,0.0
3713.0,0.0,0.0,0.0,0.0,0.0,0.0
3714.0,0.0,0.0,0.0,0.0,0.0,0.0
3715.0,0.0,0.0,0.0,0.0,0.0,0.0
3716.0,0.0,0.0,0.0,0.0,0.0,0.0
3717.0,0.0,0.0,0.0,0.0,0.0,0.0
3718.0,0.0,0.0,0.0,0.0,0.0,0.0
3719.0,0.0,0.0,0.0,0.0,0.0,0.0
3720.0,0.0,0.0,0.0,0.0,0.0,0.0
3721.0,2.8529082101158565e-06,4.086452918272698e-06,1.7570926502230577e-05,0.0,0.0,0.00023774235084298803
3722.0,2.8529082101158565e-06,4.086452918272698e-06,1.7570926502230577e-05,0.0,0.0,0.00023774235084298803
3723.0,0.0,0.0,0.0,0.0,0.0,0.0
3724.0,0.0,0.0,0.0,0.0,0.0,0.0
3725.0,0.0,0.0,0.0,0.0,0.0,0.0
3726.0,0.0,0.0,0.0,0.0,0.0,0.0
3727.0,0.0,0.0,0.0,0.0,0.0,0.0
3728.0,0.0,0.0,0.0,0.0,0.0,0.0
3729.0,0.0,0.0,0.0,0.0,0.0,0.0
3730.0,0.0,0.0,0.0,0.0,0.0,0.0
3731.0,0.0,0.0,0.0,0.0,0.0,0.0
3732.0,0.0,0.0,0.0,0.0,0.0,0.0
3733.0,0.0,0.0,0.0,0.0,0.0,0.0
3734.0,0.0,0.0,0.0,0.0,0.0,0.0
3735.0,0.0,0.0,0.0,0.0,0.0,0.0
3736.0,0.0,0.0,0.0,0.0,0.0,0.0
3737.0,0.0,0.0,0.0,0.0,0.0,0.0
3738.0,0.0,0.0,0.0,0.0,0.0,0.0
3739.0,0.0,0.0,0.0,0.0,0.0,0.0
3740.0,0.0,0.0,0.0,0.0,0.0,0.0
3741.0,0.0,0.0,0.0,0.0,0.0,0.0
3742.0,0.0,0.0,0.0,0.0,0.0,0.0
3743.0,0.0,0.0,0.0,0.0,0.0,0.0
3744.0,0.0,0.0,0.0,0.0,0.0,0.0
3745.0,0.0,0.0,0.0,0.0,0.0,0.0
3746.0,2.8529082101158565e-06,4.086452918272698e-06,1.7570926502230577e-05,0.0,0.0,0.00023774235084298803
3747.0,2.8529082101158565e-06,4.086452918272698e-06,1.7570926502230577e-05,0.0,0.0,0.00023774235084298803
3748.0,0.0,0.0,0.0,0.0,0.0,0.0
3749.0,0.0,0.0,0.0,0.0,0.0,0.0
3750.0,0.0,0.0,0.0,0.0,0.0,0.0
3751.0,0.0,0.0,0.0,0.0,0.0,0.0
3752.0,0.0,0.0,0.0,0.0,0.0,0.0
3753.0,0.0,0.0,0.0,0.0,0.0,0.0
3754.0,0.0,0.0,0.0,0.0,0.0,0.0
3755.0,0.0,0.0,0.0,0.0,0.0,0.0
3756.0,0.0,0.0,0.0,0.0,0.0,0.0
3757.0,0.0,0.0,0.0,0.0,0.0,0.0
3758.0,0.0,0.0,0.0,0.0,0.0,0.0
3759.0,0.0,0.0,0.0,0.0,0.0,0.0
3760.0,0.0,0.0,0.0,0.0,0.0,0.0
3761.0,0.0,0.0,0.0,0.0,0.0,0.0
3762.0,0.0,0.0,0.0,0.0,0.0,0.0
3763.0,0.0,0.0,0.0,0.0,0.0,0.0
3764.0,0.0,0.0,0.0,0.0,0.0,0.0
3765.0,0.0,0.0,0.0,0.0,0.0,0.0
3766.0,0.0,0.0,0.0,0.0,0.0,0.0
3767.0,0.0,0.0,0.0,0.0,0.0,0.0
3768.0,0.0,0.0,0.0,0.0,0.0,0.0
3769.0,0.0,0.0,0.0,0.0,0.0,0.0
3770.0,0.0,0.0,0.0,0.0,0.0,0.0
3771.0,2.8529082101158565e-06,4.086452918272698e-06,1.7570926502230577e-05,0.0,0.0,0.00023774235084298803
3772.0,2.8529082101158565e-06,4.086452918272698e-06,1.7570926502230577e-05,0.0,0.0,0.00023774235084298803
3773.0,0.0,0.0,0.0,0.0,0.0,0.0
3774.0,0.0,0.0,0.0,0.0,0.0,0.0
3775.0,0.0,0.0,0.0,0.0,0.0,0.0
3776.0,0.0,0.0,0.0,0.0,0.0,0.0
3777.0,0.0,0.0,0.0,0.0,0.0,0.0
3778.0,0.0,0.0,0.0,0.0,0.0,0.0
3779.0,0.0,0.0,0.0,0.0,0.0,0.0
3780.0,0.0,0.0,0.0,0.0,0.0,0.0
3781.0,0.0,0.0,0.0,0.0,0.0,0.0
3782.0,0.0,0.0,0.0,0.0,0.0,0.0
3783.0,0.0,0.0,0.0,0.0,0.0,0.0
3784.0,0.0,0.0,0.0,0.0,0.0,0.0
3785.0,0.0,0.0,0.0,0.0,0.0,0.0
3786.0,0.0,0.0,0.0,0.0,0.0,0.0
3787.0,0.0,0.0,0.0,0.0,0.0,0.0
3788.0,0.0,0.0,0.0,0.0,0.0,0.0
3789.0,0.0,0.0,0.0,0.0,0.0,0.0
3790.0,0.0,0.0,0.0,0.0,0.0,0.0
3791.0,0.0,0.0,0.0,0.0,0.0,0.0
3792.0,0.0,0.0,0.0,0.0,0.0,0.0
3793.0,0.0,0.0,0.0,0.0,0.0,0.0
3794.0,0.0,0.0,0.0,0.0,0.0,0.0
3795.0,0.0,0.0,0.0,0.0,0.0,0.0
3796.0,2.8529082101158565e-06,4.086452918272698e-06,1.7570926502230577e-05,0.0,0.0,0.00023774235084298803
3797.0,2.8529082101158565e-06,4.086452918272698e-06,1.7570926502230577e-05,0.0,0.0,0.00023774235084298803
3798.0,0.0,0.0,0.0,0.0,0.0,0.0
3799.0,0.0,0.0,0.0,0.0,0.0,0.0
3800.0,0.0,0.0,0.0,0.0,0.0,0.0
3801.0,0.0,0.0,0.0,0.0,0.0,0.0
3802.0,0.0,0.0,0.0,0.0,0.0,0.0
3803.0,0.0,0.0,0.0,0.0,0.0,0.0
3804.0,0.0,0.0,0.0,0.0,0.0,0.0
3805.0,0.0,0.0,0.0,0.0,0.0,0.0
3806.0,8.862676622811705e-05,0.0,0.0,0.0,0.0,0.007385563852343087
3807.0,0.00012610632984433323,0.0,0.0,0.0,0.0,0.010508860820361102
3808.0,7.18954106559977e-05,0.0,0.0,0.0,0.0,0.005991284221333141
3809.0,3.861995355691761e-05,0.0,0.0,0.0,0.0,0.003218329463076467
3810.0,0.0,0.0,0.0,0.0,0.0,0.0
3811.0,0.0,0.0,0.0,0.0,0.0,0.0
3812.0,0.00032502718386240304,0.0,0.0,0.0,0.0,0.027085598655200254
3813.0,2.3658762984268833e-06,0.0,0.0,0.0,0.0,0.00019715635820224028
3814.0,0.0,0.0,0.0,0.0,0.0,0.0
3815.0,0.02469184249639511,0.012792130000889301,0.0,0.000385391729651019,0.3333333333333333,2.2222222222222223
3816.0,3.404162498554797e-07,0.0,0.0,0.0,0.0,2.8368020821289974e-05
3817.0,0.0,0.0,0.0,0.0,0.0,0.0
3818.0,0.0,0.0,0.0,0.0,0.0,0.0
3819.0,0.0,0.0,0.0,0.0,0.0,0.0
3820.0,0.0,0.0,0.0,0.0,0.0,0.0
3821.0,0.0,0.0,0.0,0.0,0.0,0.0
3822.0,0.0,0.0,0.0,0.0,0.0,0.0
3823.0,0.0,0.0,0.0,0.0,0.0,0.0
3824.0,0.0,0.0,0.0,0.0,0.0,0.0
3825.0,0.0,0.0,0.0,0.0,0.0,0.0
3826.0,0.0,0.0,0.0,0.0,0.0,0.0
3827.0,0.0,0.0,0.0,0.0,0.0,0.0
3828.0,0.0,0.0,0.0,0.0,0.0,0.0
3829.0,0.0,0.0,0.0,0.0,0.0,0.0
3830.0,0.0,0.0,0.0,0.0,0.0,0.0
3831.0,0.0,0.0,0.0,0.0,0.0,0.0
3832.0,0.0,0.0,0.0,0.0,0.0,0.0
3833.0,0.0,0.0,0.0,0.0,0.0,0.0
3834.0,0.0,0.0,0.0,0.0,0.0,0.0
3835.0,0.0,0.0,0.0,0.0,0.0,0.0
3836.0,0.0,0.0,0.0,0.0,0.0,0.0
3837.0,0.0,0.0,0.0,0.0,0.0,0.0
3838.0,0.0,0.0,0.0,0.0,0.0,0.0
3839.0,0.0,0.0,0.0,0.0,0.0,0.0
3840.0,3.404162498554797e-07,0.0,0.0,0.0,0.0,2.8368020821289974e-05
3841.0,3.404162498554797e-07,0.0,0.0,0.0,0.0,2.8368020821289974e-05
3842.0,0.0,0.0,0.0,0.0,0.0,0.0
3843.0,6.500203744508326e-05,0.0,0.0,0.0,0.0,0.005416836453756939
3844.0,2.0288671294110827e-05,0.0,0.0,0.0,0.0,0.001690722607842569
3845.0,7.145287236198783e-05,0.0,0.0,0.0,0.0,0.005954406030165653
3846.0,7.460171764250845e-05,0.0,0.0,0.0,0.0,0.006216809803542371
3847.0,0.0,0.0,0.0,0.0,0.0,0.0
3848.0,0.0,0.0,0.0,0.0,0.0,0.0
3849.0,4.050927600474097e-06,0.0,0.0,0.0,0.0,0.0003375773000395081
3850.0,9.769878488441464e-06,0.0,0.0,0.0,0.0,0.0008141565407034553
3851.0,0.0001175619472633116,0.0,0.0,0.0,0.0,0.0097968289386093
3852.0,1.957380618478055e-06,0.0,0.0,0.0,0.0,0.00016311505153983794
3853.0,0.0,0.0,0.0,0.0,0.0,0.0
3854.0,0.0,0.0,0.0,0.0,0.0,0.0
3855.0,0.0,0.0,0.0,0.0,0.0,0.0
3856.0,0.0,0.0,0.0,0.0,0.0,0.0
3857.0,9.36138405904785e-07,0.0,0.0,0.0,0.0,7.801153382539876e-05
3858.0,0.0,0.0,0.0,0.0,0.0,0.0
3859.0,0.0,0.0,0.0,0.0,0.0,0.0
3860.0,0.0,0.0,0.0,0.0,0.0,0.0
3861.0,0.0,0.0,0.0,0.0,0.0,0.0
3862.0,0.0,0.0,0.0,0.0,0.0,0.0
3863.0,0.0,0.0,0.0,0.0,0.0,0.0
3864.0,0.0,0.0,0.0,0.0,0.0,0.0
3865.0,3.404162498554797e-07,0.0,0.0,0.0,0.0,2.8368020821289974e-05
3866.0,3.404162498554797e-07,0.0,0.0,0.0,0.0,2.8368020821289974e-05
3867.0,0.0,0.0,0.0,0.0,0.0,0.0
3868.0,0.0,0.0,0.0,0.0,0.0,0.0
3869.0,0.0,0.0,0.0,0.0,0.0,0.0
3870.0,0.0,0.0,0.0,0.0,0.0,0.0
3871.0,5.1113143854308873e-05,0.0,0.0,0.0,0.0,0.004259428654525739
3872.0,0.00012515316484495997,0.0,0.0,0.0,0.0,0.010429430403746665
3873.0,0.0007053546141833067,0.0,0.0,0.0,0.0,0.058779551181942225
3874.0,0.00010370710515417159,0.0,0.0,0.0,0.0,0.008642258762847632
3875.0,2.2297115265246248e-06,0.0,0.0,0.0,0.0,0.00018580929387705206
3876.0,0.0,0.0,0.0,0.0,0.0,0.0
3877.0,0.0,0.0,0.0,0.0,0.0,0.0
3878.0,0.0,0.0,0.0,0.0,0.0,0.0
3879.0,0.0,0.0,0.0,0.0,0.0,0.0
3880.0,0.0,0.0,0.0,0.0,0.0,0.0
3881.0,0.0,0.0,0.0,0.0,0.0,0.0
3882.0,4.476466983760474e-06,0.0,0.0,0.0,0.0,0.00037303891531337285
3883.0,0.0,0.0,0.0,0.0,0.0,0.0
3884.0,0.0,0.0,0.0,0.0,0.0,0.0
3885.0,0.0,0.0,0.0,0.0,0.0,0.0
3886.0,0.0,0.0,0.0,0.0,0.0,0.0
3887.0,0.0,0.0,0.0,0.0,0.0,0.0
3888.0,0.0,0.0,0.0,0.0,0.0,0.0
3889.0,0.0,0.0,0.0,0.0,0.0,0.0
3890.0,3.404162498554797e-07,0.0,0.0,0.0,0.0,2.8368020821289974e-05
3891.0,3.404162498554797e-07,0.0,0.0,0.0,0.0,2.8368020821289974e-05
3892.0,0.0,0.0,0.0,0.0,0.0,0.0
3893.0,0.0,0.0,0.0,0.0,0.0,0.0
3894.0,0.0,0.0,0.0,0.0,0.0,0.0
3895.0,0.0,0.0,0.0,0.0,0.0,0.0
3896.0,0.0,0.0,0.0,0.0,0.0,0.0
3897.0,0.0,0.0,0.0,0.0,0.0,0.0
3898.0,0.0,0.0,0.0,0.0,0.0,0.0
3899.0,7.351237582042813e-05,0.0,0.0,0.0,0.0,0.006126031318369011
3900.0,0.0,0.0,0.0,0.0,0.0,0.0
3901.0,0.0,0.0,0.0,0.0,0.0,0.0
3902.0,0.0,0.0,0.0,0.0,0.0,0.0
3903.0,7.066992111504078e-05,0.0,0.0,0.0,0.0,0.005889160092920065
3904.0,0.0,0.0,0.0,0.0,0.0,0.0
3905.0,0.0,0.0,0.0,0.0,0.0,0.0
3906.0,0.0,0.0,0.0,0.0,0.0,0.0
3907.0,9.191180083689687e-07,0.0,0.0,0.0,0.0,7.659316736408073e-05
3908.0,0.0,0.0,0.0,0.0,0.0,0.0
3909.0,0.0,0.0,0.0,0.0,0.0,0.0
3910.0,0.0,0.0,0.0,0.0,0.0,0.0
3911.0,0.0,0.0,0.0,0.0,0.0,0.0
3912.0,0.0,0.0,0.0,0.0,0.0,0.0
3913.0,0.0,0.0,0.0,0.0,0.0,0.0
3914.0,0.0,0.0,0.0,0.0,0.0,0.0
3915.0,3.404162498554797e-07,0.0,0.0,0.0,0.0,2.8368020821289974e-05
3916.0,3.404162498554797e-07,0.0,0.0,0.0,0.0,2.8368020821289974e-05
3917.0,0.0,0.0,0.0,0.0,0.0,0.0
3918.0,0.0,0.0,0.0,0.0,0.0,0.0
3919.0,0.0,0.0,0.0,0.0,0.0,0.0
3920.0,0.0,0.0,0.0,0.0,0.0,0.0
3921.0,0.0013407032238319516,0.0,0.0,0.0,0.0,0.11172526865266263
3922.0,2.893524708724726e-07,0.0,0.0,0.0,0.0,2.4112705906039384e-05
3923.0,0.0,0.0,0.0,0.0,0.0,0.0
3924.0,4.016881575807929e-06,0.0,0.0,0.0,0.0,0.00033474013131732744
3925.0,0.0,0.0,0.0,0.0,0.0,0.0
3926.0,0.0,0.0,0.0,0.0,0.0,0.0
3927.0,0.0,0.0,0.0,0.0,0.0,0.0
3928.0,0.0,0.0,0.0,0.0,0.0,0.0
3929.0,0.0,0.0,0.0,0.0,0.0,0.0
3930.0,0.0,0.0,0.0,0.0,0.0,0.0
3931.0,7.055078458506614e-05,0.0,0.0,0.0,0.0,0.005879232048755512
3932.0,7.999714739526098e-07,0.0,0.0,0.0,0.0,6.666428949605081e-05
3933.0,0.0,0.0,0.0,0.0,0.0,0.0
3934.0,0.0,0.0,0.0,0.0,0.0,0.0
3935.0,0.0,0.0,0.0,0.0,0.0,0.0
3936.0,0.0,0.0,0.0,0.0,0.0,0.0
3937.0,0.0,0.0,0.0,0.0,0.0,0.0
3938.0,0.0,0.0,0.0,0.0,0.0,0.0
3939.0,0.0,0.0,0.0,0.0,0.0,0.0
3940.0,3.404162498554797e-07,0.0,0.0,0.0,0.0,2.8368020821289974e-05
3941.0,3.404162498554797e-07,0.0,0.0,0.0,0.0,2.8368020821289974e-05
3942.0,0.0,0.0,0.0,0.0,0.0,0.0
3943.0,0.0,0.0,0.0,0.0,0.0,0.0
3944.0,8.489922038279474e-05,0.0,0.0,0.0,0.0,0.007074935031899561
3945.0,0.0,0.0,0.0,0.0,0.0,0.0
3946.0,0.0,0.0,0.0,0.0,0.0,0.0
3947.0,0.0,0.0,0.0,0.0,0.0,0.0
3948.0,0.0,0.0,0.0,0.0,0.0,0.0
3949.0,1.1574059044505702e-06,0.0,0.0,0.0,0.0,9.645049203754752e-05
3950.0,0.0,0.0,0.0,0.0,0.0,0.0
3951.0,0.0,0.0,0.0,0.0,0.0,0.0
3952.0,0.0,0.0,0.0,0.0,0.0,0.0
3953.0,0.00013393584231380373,0.0,0.0,0.0,0.0,0.011161320192816978
3954.0,0.0,0.0,0.0,0.0,0.0,0.0
3955.0,0.0,0.0,0.0,0.0,0.0,0.0
3956.0,9.552013216307387e-05,0.0,0.0,0.0,0.0,0.007960011013589488
3957.0,0.00015939879813231528,0.0,0.0,0.0,0.0,0.01328323317769294
3958.0,2.042499005483478e-07,0.0,0.0,0.0,0.0,1.702082504569565e-05
3959.0,0.0,0.0,0.0,0.0,0.0,0.0
3960.0,0.0,0.0,0.0,0.0,0.0,0.0
3961.0,0.0,0.0,0.0,0.0,0.0,0.0
3962.0,0.0,0.0,0.0,0.0,0.0,0.0
3963.0,0.0,0.0,0.0,0.0,0.0,0.0
3964.0,0.0,0.0,0.0,0.0,0.0,0.0
3965.0,2.2637527763436083e-06,0.0,0.0,0.0,0.0,0.00018864606469530068
3966.0,3.404162498554797e-07,0.0,0.0,0.0,0.0,2.8368020821289974e-05
3967.0,0.0,0.0,0.0,0.0,0.0,0.0
3968.0,0.0,0.0,0.0,0.0,0.0,0.0
3969.0,0.0,0.0,0.0,0.0,0.0,0.0
3970.0,0.0,0.0,0.0,0.0,0.0,0.0
3971.0,0.0,0.0,0.0,0.0,0.0,0.0
3972.0,0.034668244421482086,0.01695481315255165,4.582108886097558e-05,0.00023254528059624135,0.22743055555555555,2.8890203684568405
3973.0,1.4121536878519692e-05,4.576942501444137e-06,4.582108886097558e-05,0.0,0.0,0.001176794739876641
3974.0,0.0,0.0,0.0,0.0,0.0,0.0
3975.0,0.0,0.0,0.0,0.0,0.0,0.0
3976.0,0.0,0.0,0.0,0.0,0.0,0.0
3977.0,0.0,0.0,0.0,0.0,0.0,0.0
3978.0,0.0,0.0,0.0,0.0,0.0,0.0
3979.0,0.0,0.0,0.0,0.0,0.0,0.0
3980.0,1.608455386303831e-05,0.0,0.0,0.0,0.003472222222222222,0.023148148148148147
3981.0,0.00023553236678708345,0.0,0.0,0.0,0.0,0.019627697232256953
3982.0,0.0,0.0,0.0,0.0,0.0,0.0
3983.0,0.0,0.0,0.0,0.0,0.0,0.0
3984.0,0.0,0.0,0.0,0.0,0.0,0.0
3985.0,0.0,0.0,0.0,0.0,0.0,0.0
3986.0,0.0,0.0,0.0,0.0,0.0,0.0
3987.0,0.0,0.0,0.0,0.0,0.0,0.0
3988.0,0.0,0.0,0.0,0.0,0.0,0.0
3989.0,3.404132655759895e-07,0.0,0.0,0.0,0.0,2.8367772131332458e-05
3990.0,2.0424771207672165e-07,0.0,0.0,0.0,0.0,1.7020642673060138e-05
3991.0,0.0,0.0,0.0,0.0,0.0,0.0
3992.0,0.0,0.0,0.0,0.0,0.0,0.0
3993.0,0.0,0.0,0.0,0.0,0.0,0.0
3994.0,0.0,0.0,0.0,0.0,0.0,0.0
3995.0,0.0,0.0,0.0,0.0,0.0,0.0
3996.0,1.4756941709492821e-05,0.0,0.0,0.0,0.0,0.001229745142457735
3997.0,8.751477434998378e-05,4.576942501444137e-06,4.582108886097558e-05,0.0,0.0,0.0072928978624986485
3998.0,9.342094563180581e-05,4.576942501444137e-06,4.582108886097558e-05,0.0,0.0,0.007785078802650483
3999.0,0.00011854914191644639,0.0,0.0,0.0,0.0,0.009879095159703866
4000.0,0.00012489785149227828,0.0,0.0,0.0,0.0,0.01040815429102319
4001.0,0.0,0.0,0.0,0.0,0.0,0.0
4002.0,0.0,0.0,0.0,0.0,0.0,0.0
4003.0,0.0,0.0,0.0,0.0,0.0,0.0
4004.0,0.0,0.0,0.0,0.0,0.0,0.0
4005.0,0.0,0.0,0.0,0.0,0.0,0.0
4006.0,3.557325953806867e-06,0.0,0.0,0.0,0.0,0.0002964438294839056
4007.0,0.0,0.0,0.0,0.0,0.0,0.0
4008.0,0.0,0.0,0.0,0.0,0.0,0.0
4009.0,0.0,0.0,0.0,0.0,0.0,0.0
4010.0,0.0,0.0,0.0,0.0,0.0,0.0
4011.0,0.0,0.0,0.0,0.0,0.0,0.0
4012.0,0.0,0.0,0.0,0.0,0.0,0.0
4013.0,0.0,0.0,0.0,0.0,0.0,0.0
4014.0,8.510322402344173e-08,0.0,0.0,0.0,0.0,7.09193533528681e-06
4015.0,8.510322402344173e-08,0.0,0.0,0.0,0.0,7.09193533528681e-06
4016.0,4.357298166723922e-05,0.0,0.0,0.0,0.0,0.003631081805603268
4017.0,6.687430868623778e-05,0.0,0.0,0.0,0.0,0.0055728590571864816
4018.0,1.2850624443672132e-05,0.0,0.0,0.0,0.0,0.001070885370306011
4019.0,0.0,0.0,0.0,0.0,0.0,0.0
4020.0,0.0,0.0,0.0,0.0,0.0,0.0
4021.0,9.798813698580489e-05,0.0,0.0,0.0,0.0,0.008165678082150407
4022.0,3.623142038122751e-05,4.576942501444137e-06,4.582108886097558e-05,0.0,0.0,0.003019285031768959
4023.0,1.4376844774233177e-05,4.576942501444137e-06,4.582108886097558e-05,0.0,0.0,0.0011980703978527647
4024.0,0.0,0.0,0.0,0.0,0.0,0.0
4025.0,0.0,0.0,0.0,0.0,0.0,0.0
4026.0,0.0,0.0,0.0,0.0,0.0,0.0
4027.0,0.0,0.0,0.0,0.0,0.0,0.0
4028.0,0.00010993664182024077,0.0,0.0,0.0,0.0,0.009161386818353398
4029.0,0.0,0.0,0.0,0.0,0.0,0.0
4030.0,5.572574809775688e-05,0.0,0.0,0.0,0.0,0.00464381234147974
4031.0,2.110566128976643e-06,0.0,0.0,0.0,0.0,0.00017588051074805358
4032.0,0.00025813584215939045,0.0,0.0,0.0,0.0,0.021511320179949205
4033.0,0.0,0.0,0.0,0.0,0.0,0.0
4034.0,0.0,0.0,0.0,0.0,0.0,0.0
4035.0,0.0,0.0,0.0,0.0,0.0,0.0
4036.0,6.641475192736834e-05,0.0,0.0,0.0,0.0,0.005534562660614029
4037.0,4.551334131974727e-05,0.0,0.0,0.0,0.0,0.0037927784433122724
4038.0,4.314745820011012e-05,0.0,0.0,0.0,0.0,0.0035956215166758434
4039.0,3.9658239074924495e-06,0.0,0.0,0.0,0.0,0.0003304853256243708
4040.0,8.510322402344173e-08,0.0,0.0,0.0,0.0,7.09193533528681e-06
4041.0,5.838096058141673e-06,0.0,0.0,0.0,0.0,0.0004865080048451394
4042.0,0.0001041666473611258,0.0,0.0,0.0,0.0,0.008680553946760483
4043.0,8.171634544851258e-05,0.0,0.0,0.0,0.0,0.006809695454042715
4044.0,6.808291175275372e-08,0.0,0.0,0.0,0.0,5.673575979396143e-06
4045.0,0.0,0.0,0.0,0.0,0.0,0.0
4046.0,0.0,0.0,0.0,0.0,0.0,0.0
4047.0,1.6504434825037606e-05,4.576942501444137e-06,4.582108886097558e-05,0.0,0.0,0.0013753695687531338
4048.0,1.4683217159472406e-05,4.576942501444137e-06,4.582108886097558e-05,0.0,0.0,0.0012236014299560338
4049.0,6.678920908598229e-05,0.0,0.0,0.0,0.0,0.005565767423831858
4050.0,4.314746183808893e-05,0.0,0.0,0.0,0.0,0.003595621819840744
4051.0,0.0,0.0,0.0,0.0,0.0,0.0
4052.0,0.0,0.0,0.0,0.0,0.0,0.0
4053.0,0.0,0.0,0.0,0.0,0.0,0.0
4054.0,0.0,0.0,0.0,0.0,0.0,0.0
4055.0,0.0,0.0,0.0,0.0,0.0,0.0
4056.0,1.2254890862095635e-06,0.0,0.0,0.0,0.0,0.00010212409051746363
4057.0,0.0,0.0,0.0,0.0,0.0,0.0
4058.0,0.0,0.0,0.0,0.0,0.0,0.0
4059.0,0.0,0.0,0.0,0.0,0.0,0.0
4060.0,0.0,0.0,0.0,0.0,0.0,0.0
4061.0,0.0,0.0,0.0,0.0,0.0,0.0
4062.0,1.7020955311863872e-08,0.0,0.0,0.0,0.0,1.4184129426553227e-06
4063.0,0.0017808412667363882,0.0,0.0,0.0,0.003472222222222222,0.148403438894699
4064.0,7.76142314862227e-06,5.502957947101095e-07,0.0,0.0,0.0,0.0006467852623851892
4065.0,0.035968996584415436,0.015068338252604008,0.0,0.0006328404415398836,0.3194444444444444,2.99741638203462
4066.0,0.0,0.0,0.0,0.0,0.0,0.0
4067.0,0.0,0.0,0.0,0.0,0.0,0.0
4068.0,0.0,0.0,0.0,0.0,0.0,0.0
4069.0,0.0,0.0,0.0,0.0,0.0,0.0
4070.0,0.0,0.0,0.0,0.0,0.0,0.0
4071.0,0.0,0.0,0.0,0.0,0.0,0.0
4072.0,0.00015240460925269872,3.16802688757889e-05,4.582108886097558e-05,4.5777636842103675e-05,0.0,0.01270038410439156
4073.0,9.543165106151719e-06,3.1883683959677e-07,4.582108886097558e-05,0.0,0.0,0.0007952637588459766
4074.0,0.0,0.0,0.0,0.0,0.0,0.0
4075.0,0.0,0.0,0.0,0.0,0.0,0.0
4076.0,0.0,0.0,0.0,0.0,0.0,0.0
4077.0,0.000311699986923486,0.0,0.0,0.0,0.008680555555555556,0.05787037037037038
4078.0,0.0003860293363686651,0.0,0.0,0.0,0.008680555555555556,0.05787037037037038
4079.0,0.0,0.0,0.0,0.0,0.0,0.0
4080.0,0.0,0.0,0.0,0.0,0.0,0.0
4081.0,8.714593604963738e-06,0.0,0.0,0.0,0.0,0.0007262161337469782
4082.0,0.00019801875168923289,0.0,0.0,0.0,0.0,0.016501562640769407
4083.0,0.0,0.0,0.0,0.0,0.0,0.0
4084.0,0.0,0.0,0.0,0.0,0.0,0.0
4085.0,0.00011691515828715637,0.0,0.0,0.0,0.0,0.00974292985726303
4086.0,4.747071579913609e-05,0.0,0.0,0.0,0.0,0.00395589298326134
4087.0,0.0,0.0,0.0,0.0,0.0,0.0
4088.0,0.0,0.0,0.0,0.0,0.0,0.0
4089.0,2.0084423795196926e-06,0.0,0.0,0.0,0.0,0.0001673701982933077
4090.0,0.0,0.0,0.0,0.0,0.0,0.0
4091.0,0.0,0.0,0.0,0.0,0.0,0.0
4092.0,0.0,0.0,0.0,0.0,0.0,0.0
4093.0,0.0,0.0,0.0,0.0,0.0,0.0
4094.0,0.0,0.0,0.0,0.0,0.0,0.0
4095.0,0.0,0.0,0.0,0.0,0.0,0.0
4096.0,0.0,0.0,0.0,0.0,0.0,0.0
4097.0,9.679331924417056e-06,3.1883683959677e-07,4.582108886097558e-05,0.0,0.0,0.0008066109937014213
4098.0,9.679331924417056e-06,3.1883683959677e-07,4.582108886097558e-05,0.0,0.0,0.0008066109937014213
4099.0,0.0,0.0,0.0,0.0,0.0,0.0
4100.0,0.0,0.0,0.0,0.0,0.0,0.0
4101.0,0.0,0.0,0.0,0.0,0.0,0.0
4102.0,9.21840692171827e-05,0.0,0.0,0.0,0.0,0.007682005768098557
4103.0,0.00012173200957477093,0.0,0.0,0.0,0.0,0.010144334131230911
4104.0,0.0,0.0,0.0,0.0,0.0,0.0
4105.0,0.0,0.0,0.0,0.0,0.0,0.0
4106.0,5.667898221872747e-06,0.0,0.0,0.0,0.0,0.0004723248518227289
4107.0,0.0,0.0,0.0,0.0,0.0,0.0
4108.0,0.0,0.0,0.0,0.0,0.0,0.0
4109.0,0.0,0.0,0.0,0.0,0.0,0.0
4110.0,0.0,0.0,0.0,0.0,0.0,0.0
4111.0,0.0,0.0,0.0,0.0,0.0,0.0
4112.0,0.0,0.0,0.0,0.0,0.0,0.0
4113.0,0.0,0.0,0.0,0.0,0.0,0.0
4114.0,0.0,0.0,0.0,0.0,0.0,0.0
4115.0,0.0,0.0,0.0,0.0,0.0,0.0
4116.0,0.0,0.0,0.0,0.0,0.0,0.0
4117.0,0.0,0.0,0.0,0.0,0.0,0.0
4118.0,0.0,0.0,0.0,0.0,0.0,0.0
4119.0,0.0,0.0,0.0,0.0,0.0,0.0
4120.0,0.0,0.0,0.0,0.0,0.0,0.0
4121.0,0.0,0.0,0.0,0.0,0.0,0.0
4122.0,9.883579878078308e-06,3.1883683959677e-07,4.582108886097558e-05,0.0,0.0,0.0008236316565065257
4123.0,9.883579878078308e-06,3.1883683959677e-07,4.582108886097558e-05,0.0,0.0,0.0008236316565065257
4124.0,0.0,0.0,0.0,0.0,0.0,0.0
4125.0,0.0,0.0,0.0,0.0,0.0,0.0
4126.0,0.0,0.0,0.0,0.0,0.0,0.0
4127.0,0.0,0.0,0.0,0.0,0.0,0.0
4128.0,0.0,0.0,0.0,0.0,0.0,0.0
4129.0,0.0,0.0,0.0,0.0,0.0,0.0
4130.0,0.0,0.0,0.0,0.0,0.0,0.0
4131.0,0.0,0.0,0.0,0.0,0.0,0.0
4132.0,0.0,0.0,0.0,0.0,0.0,0.0
4133.0,0.0,0.0,0.0,0.0,0.0,0.0
4134.0,0.0,0.0,0.0,0.0,0.0,0.0
4135.0,0.0,0.0,0.0,0.0,0.0,0.0
4136.0,0.0,0.0,0.0,0.0,0.0,0.0
4137.0,0.0,0.0,0.0,0.0,0.0,0.0
4138.0,4.830627986507352e-08,3.123531371329591e-07,0.0,0.0,0.0,7.808828428323977e-06
4139.0,0.02827695570886135,0.010529435239732265,0.0,0.0005058657843619585,0.2829861111111111,2.3564129757384458
4140.0,0.0,0.0,0.0,0.0,0.0,0.0
4141.0,0.0,0.0,0.0,0.0,0.0,0.0
4142.0,0.0,0.0,0.0,0.0,0.0,0.0
4143.0,0.0,0.0,0.0,0.0,0.0,0.0
4144.0,0.0,0.0,0.0,0.0,0.0,0.0
4145.0,0.0,0.0,0.0,0.0,0.0,0.0
4146.0,0.0,0.0,0.0,0.0,0.0,0.0
4147.0,0.0,0.0,0.0,0.0,0.0,0.0
4148.0,0.0,0.0,0.0,0.0,0.0,0.0
4149.0,0.0,0.0,0.0,0.0,0.0,0.0
4150.0,0.0,0.0,0.0,0.0,0.0,0.0
4151.0,0.0,0.0,0.0,0.0,0.0,0.0
4152.0,0.0,0.0,0.0,0.0,0.0,0.0
4153.0,0.0,0.0,0.0,0.0,0.0,0.0
4154.0,0.0,0.0,0.0,0.0,0.0,0.0
4155.0,1.7796495740185492e-05,6.141216886135226e-07,0.0,0.0,0.0,0.0014830413116821244
4156.0,4.974433613824658e-05,6.141216886135226e-07,0.0,0.0,0.0,0.004145361344853882
4157.0,8.884800990927033e-06,0.0,0.0,0.0,0.0,0.0007404000825772528
4158.0,0.0,0.0,0.0,0.0,0.0,0.0
4159.0,0.0,0.0,0.0,0.0,0.0,0.0
4160.0,0.0,0.0,0.0,0.0,0.0,0.0
4161.0,0.0,0.0,0.0,0.0,0.0,0.0
4162.0,0.0,0.0,0.0,0.0,0.0,0.0
4163.0,0.0,0.0,0.0,0.0,0.0,0.0
4164.0,9.974125532608014e-06,0.0,0.0,0.0,0.0,0.0008311771277173344
4165.0,0.0,0.0,0.0,0.0,0.0,0.0
4166.0,0.0,0.0,0.0,0.0,0.0,0.0
4167.0,4.294321115594357e-05,0.0,0.0,0.0,0.0,0.003578600929661964
4168.0,0.0,0.0,0.0,0.0,0.0,0.0
4169.0,0.0,0.0,0.0,0.0,0.0,0.0
4170.0,0.0,0.0,0.0,0.0,0.0,0.0
4171.0,0.0,0.0,0.0,0.0,0.0,0.0
4172.0,1.089324314307305e-06,0.0,0.0,0.0,0.0,9.077702619227541e-05
4173.0,0.0001681304129306227,0.0,0.0,0.0,0.003472222222222222,0.023148148148148147
4174.0,5.063656863057986e-05,0.0,0.0,0.0,0.001736111111111111,0.011574074074074073
4175.0,0.0,0.0,0.0,0.0,0.0,0.0
4176.0,0.0,0.0,0.0,0.0,0.0,0.0
4177.0,6.42190789221786e-05,0.0,0.0,0.0,0.003472222222222222,0.023148148148148147
4178.0,6.602329085581005e-05,0.0,0.0,0.0,0.001736111111111111,0.011574074074074073
4179.0,0.0,0.0,0.0,0.0,0.0,0.0
4180.0,4.111868747713743e-06,6.141216886135226e-07,0.0,0.0,0.0,0.0003426557289761452
4181.0,1.6305867234223115e-07,6.141216886135226e-07,0.0,0.0,0.0,1.5353042215338064e-05
4182.0,0.0,0.0,0.0,0.0,0.0,0.0
4183.0,0.0,0.0,0.0,0.0,0.0,0.0
4184.0,0.0,0.0,0.0,0.0,0.0,0.0
4185.0,0.0,0.0,0.0,0.0,0.0,0.0
4186.0,0.0,0.0,0.0,0.0,0.0,0.0
4187.0,0.0,0.0,0.0,0.0,0.0,0.0
4188.0,0.0,0.0,0.0,0.0,0.0,0.0
4189.0,8.091637573670596e-05,0.0,0.0,0.0,0.003472222222222222,0.023148148148148147
4190.0,0.0,0.0,0.0,0.0,0.0,0.0
4191.0,0.0,0.0,0.0,0.0,0.0,0.0
4192.0,0.0,0.0,0.0,0.0,0.0,0.0
4193.0,0.0,0.0,0.0,0.0,0.0,0.0
4194.0,0.0,0.0,0.0,0.0,0.0,0.0
4195.0,0.0,0.0,0.0,0.0,0.0,0.0
4196.0,0.0,0.0,0.0,0.0,0.0,0.0
4197.0,1.0042194844572805e-06,0.0,0.0,0.0,0.0,8.36849570381067e-05
4198.0,0.0,0.0,0.0,0.0,0.0,0.0
4199.0,0.0,0.0,0.0,0.0,0.0,0.0
4200.0,0.0,0.0,0.0,0.0,0.0,0.0
4201.0,0.0,0.0,0.0,0.0,0.0,0.0
4202.0,0.0,0.0,0.0,0.0,0.0,0.0
4203.0,0.0,0.0,0.0,0.0,0.0,0.0
4204.0,0.0,0.0,0.0,0.0,0.0,0.0
4205.0,1.6305867234223115e-07,6.141216886135226e-07,0.0,0.0,0.0,1.5353042215338064e-05
4206.0,1.6305867234223115e-07,6.141216886135226e-07,0.0,0.0,0.0,1.5353042215338064e-05
4207.0,0.0,0.0,0.0,0.0,0.0,0.0
4208.0,0.0,0.0,0.0,0.0,0.0,0.0
4209.0,0.0,0.0,0.0,0.0,0.0,0.0
4210.0,0.0,0.0,0.0,0.0,0.0,0.0
4211.0,0.0,0.0,0.0,0.0,0.0,0.0
4212.0,0.0,0.0,0.0,0.0,0.0,0.0
4213.0,0.0,0.0,0.0,0.0,0.0,0.0
4214.0,0.0,0.0,0.0,0.0,0.0,0.0
4215.0,0.0,0.0,0.0,0.0,0.0,0.0
4216.0,0.0,0.0,0.0,0.0,0.0,0.0
4217.0,0.0,0.0,0.0,0.0,0.0,0.0
4218.0,0.0,0.0,0.0,0.0,0.0,0.0
4219.0,0.0,0.0,0.0,0.0,0.0,0.0
4220.0,0.0,0.0,0.0,0.0,0.0,0.0
4221.0,0.0,0.0,0.0,0.0,0.0,0.0
4222.0,0.0,0.0,0.0,0.0,0.0,0.0
4223.0,0.0,0.0,0.0,0.0,0.0,0.0
4224.0,0.0,0.0,0.0,0.0,0.0,0.0
4225.0,0.0,0.0,0.0,0.0,0.0,0.0
4226.0,0.0,0.0,0.0,0.0,0.0,0.0
4227.0,0.0,0.0,0.0,0.0,0.0,0.0
4228.0,0.0,0.0,0.0,0.0,0.0,0.0
4229.0,0.0,0.0,0.0,0.0,0.0,0.0
4230.0,1.6305867234223115e-07,6.141216886135226e-07,0.0,0.0,0.0,1.5353042215338064e-05
4231.0,1.6305867234223115e-07,6.141216886135226e-07,0.0,0.0,0.0,1.5353042215338064e-05
4232.0,6.125510481069796e-07,3.960814865422435e-06,0.0,0.0,0.0,9.902037163556088e-05
4233.0,0.020483797416090965,0.013226100243628025,0.0,0.0002547295589465648,0.3645833333333333,2.4305555555555554
4234.0,0.0,0.0,0.0,0.0,0.0,0.0
4235.0,0.0,0.0,0.0,0.0,0.0,0.0
4236.0,0.0,0.0,0.0,0.0,0.0,0.0
4237.0,0.0,0.0,0.0,0.0,0.0,0.0
4238.0,0.0,0.0,0.0,0.0,0.0,0.0
4239.0,8.137536497088149e-05,0.0001072721861419268,0.0,3.9736485632602125e-05,0.0,0.006781280414240125
4240.0,0.0,0.0,0.0,0.0,0.0,0.0
4241.0,0.0,0.0,0.0,0.0,0.0,0.0
4242.0,0.0,0.0,0.0,0.0,0.0,0.0
4243.0,0.0,0.0,0.0,0.0,0.0,0.0
4244.0,0.0,0.0,0.0,0.0,0.0,0.0
4245.0,0.0,0.0,0.0,0.0,0.0,0.0
4246.0,0.0,0.0,0.0,0.0,0.0,0.0
4247.0,0.0,0.0,0.0,0.0,0.0,0.0
4248.0,0.0,0.0,0.0,0.0,0.0,0.0
4249.0,0.0,0.0,0.0,0.0,0.0,0.0
4250.0,0.0,0.0,0.0,0.0,0.0,0.0
4251.0,0.0,0.0,0.0,0.0,0.0,0.0
4252.0,0.0,0.0,0.0,0.0,0.0,0.0
4253.0,0.0,0.0,0.0,0.0,0.0,0.0
4254.0,0.0,0.0,0.0,0.0,0.0,0.0
4255.0,0.0,0.0,0.0,0.0,0.0,0.0
4256.0,0.0,0.0,0.0,0.0,0.0,0.0
4257.0,0.0,0.0,0.0,0.0,0.0,0.0
4258.0,0.0,0.0,0.0,0.0,0.0,0.0
4259.0,0.0,0.0,0.0,0.0,0.0,0.0
4260.0,0.0,0.0,0.0,0.0,0.0,0.0
4261.0,0.0,0.0,0.0,0.0,0.0,0.0
4262.0,0.0,0.0,0.0,0.0,0.0,0.0
4263.0,0.0,0.0,0.0,0.0,0.0,0.0
4264.0,0.0,0.0,0.0,0.0,0.0,0.0
4265.0,0.0,0.0,0.0,0.0,0.0,0.0
4266.0,0.0,0.0,0.0,0.0,0.0,0.0
4267.0,0.0,0.0,0.0,0.0,0.0,0.0
4268.0,0.0,0.0,0.0,0.0,0.0,0.0
4269.0,0.0,0.0,0.0,0.0,0.0,0.0
4270.0,0.0,0.0,0.0,0.0,0.0,0.0
4271.0,0.0,0.0,0.0,0.0,0.0,0.0
4272.0,0.0,0.0,0.0,0.0,0.0,0.0
4273.0,0.0,0.0,0.0,0.0,0.0,0.0
4274.0,0.0,0.0,0.0,0.0,0.0,0.0
4275.0,0.0,0.0,0.0,0.0,0.0,0.0
4276.0,0.0,0.0,0.0,0.0,0.0,0.0
4277.0,0.0,0.0,0.0,0.0,0.0,0.0
4278.0,0.0,0.0,0.0,0.0,0.0,0.0
4279.0,0.0,0.0,0.0,0.0,0.0,0.0
4280.0,0.0,0.0,0.0,0.0,0.0,0.0
4281.0,0.0,0.0,0.0,0.0,0.0,0.0
4282.0,5.70193151361309e-06,0.0,0.0,0.0,0.0,0.0004751609594677575
4283.0,3.5181779821868986e-05,0.0,0.0,0.0,0.0,0.0029318149851557487
4284.0,6.615943857468665e-05,0.0,0.0,0.0,0.0,0.005513286547890554
4285.0,1.7003676475724205e-05,0.0,0.0,0.0,0.0,0.0014169730396436837
4286.0,0.0,0.0,0.0,0.0,0.0,0.0
4287.0,0.0,0.0,0.0,0.0,0.0,0.0
4288.0,0.0,0.0,0.0,0.0,0.0,0.0
4289.0,1.8382336293143453e-06,0.0,0.0,0.0,0.0,0.00015318613577619544
4290.0,0.0,0.0,0.0,0.0,0.0,0.0
4291.0,0.0,0.0,0.0,0.0,0.0,0.0
4292.0,0.0,0.0,0.0,0.0,0.0,0.0
4293.0,0.0,0.0,0.0,0.0,0.0,0.0
4294.0,0.0,0.0,0.0,0.0,0.0,0.0
4295.0,0.0,0.0,0.0,0.0,0.0,0.0
4296.0,0.0,0.0,0.0,0.0,0.0,0.0
4297.0,0.0,0.0,0.0,0.0,0.0,0.0
4298.0,0.0,0.0,0.0,0.0,0.0,0.0
4299.0,0.0,0.0,0.0,0.0,0.0,0.0
4300.0,0.0,0.0,0.0,0.0,0.0,0.0
4301.0,0.0,0.0,0.0,0.0,0.0,0.0
4302.0,0.0,0.0,0.0,0.0,0.0,0.0
4303.0,0.0,0.0,0.0,0.0,0.0,0.0
4304.0,0.0,0.0,0.0,0.0,0.0,0.0
4305.0,0.0,0.0,0.0,0.0,0.0,0.0
4306.0,0.0,0.0,0.0,0.0,0.0,0.0
4307.0,0.0,0.0,0.0,0.0,0.0,0.0
4308.0,0.0,0.0,0.0,0.0,0.0,0.0
4309.0,0.0,0.0,0.0,0.0,0.0,0.0
4310.0,0.0,0.0,0.0,0.0,0.0,0.0
4311.0,0.0,0.0,0.0,0.0,0.0,0.0
4312.0,0.0,0.0,0.0,0.0,0.0,0.0
4313.0,0.0,0.0,0.0,0.0,0.0,0.0
4314.0,0.0,0.0,0.0,0.0,0.0,0.0
4315.0,0.0,0.0,0.0,0.0,0.0,0.0
4316.0,6.401483551599085e-05,0.0,0.0,0.0,0.0,0.005334569626332571
4317.0,6.47126798867248e-05,0.0,0.0,0.0,0.0,0.005392723323893733
4318.0,7.089119026204571e-05,0.0,0.0,0.0,0.0,0.005907599188503809
4319.0,0.0,0.0,0.0,0.0,0.0,0.0
4320.0,0.0,0.0,0.0,0.0,0.0,0.0
4321.0,0.0,0.0,0.0,0.0,0.0,0.0
4322.0,5.736008006351767e-06,0.0,0.0,0.0,0.0,0.00047800066719598056
4323.0,0.0,0.0,0.0,0.0,0.0,0.0
4324.0,0.0,0.0,0.0,0.0,0.0,0.0
4325.0,0.0,0.0,0.0,0.0,0.0,0.0
4326.0,0.0,0.0,0.0,0.0,0.0,0.0
4327.0,0.0,0.0,0.0,0.0,0.0,0.0
4328.0,0.0,0.0,0.0,0.0,0.0,0.0
4329.0,0.0,0.0,0.0,0.0,0.0,0.0
4330.0,0.0,0.0,0.0,0.0,0.0,0.0
4331.0,0.0,0.0,0.0,0.0,0.0,0.0
4332.0,0.0,0.0,0.0,0.0,0.0,0.0
4333.0,0.0,0.0,0.0,0.0,0.0,0.0
4334.0,0.0,0.0,0.0,0.0,0.0,0.0
4335.0,0.0,0.0,0.0,0.0,0.0,0.0
4336.0,0.0,0.0,0.0,0.0,0.0,0.0
4337.0,0.0,0.0,0.0,0.0,0.0,0.0
4338.0,0.0,0.0,0.0,0.0,0.0,0.0
4339.0,0.0,0.0,0.0,0.0,0.0,0.0
4340.0,0.0,0.0,0.0,0.0,0.0,0.0
4341.0,0.0,0.0,0.0,0.0,0.0,0.0
4342.0,0.0,0.0,0.0,0.0,0.0,0.0
4343.0,0.0,0.0,0.0,0.0,0.0,0.0
4344.0,0.0,0.0,0.0,0.0,0.0,0.0
4345.0,0.0,0.0,0.0,0.0,0.0,0.0
4346.0,0.0,0.0,0.0,0.0,0.0,0.0
4347.0,0.0,0.0,0.0,0.0,0.0,0.0
4348.0,0.0,0.0,0.0,0.0,0.0,0.0
4349.0,0.0,0.0,0.0,0.0,0.0,0.0
4350.0,0.0,0.0,0.0,0.0,0.0,0.0
4351.0,0.0,0.0,0.0,0.0,0.0,0.0
4352.0,0.0,0.0,0.0,0.0,0.0,0.0
4353.0,0.0,0.0,0.0,0.0,0.0,0.0
4354.0,0.0,0.0,0.0,0.0,0.0,0.0
4355.0,0.016304034739732742,0.009320171549916267,0.0,0.0005902244593016803,0.3524305555555556,2.349537037037037
4356.0,0.0,0.0,0.0,0.0,0.0,0.0
4357.0,0.0,0.0,0.0,0.0,0.0,0.0
4358.0,0.0,0.0,0.0,0.0,0.0,0.0
4359.0,0.0,0.0,0.0,0.0,0.0,0.0
4360.0,0.0,0.0,0.0,0.0,0.0,0.0
4361.0,0.0,0.0,0.0,0.0,0.0,0.0
4362.0,0.0,0.0,0.0,0.0,0.0,0.0
4363.0,0.0,0.0,0.0,0.0,0.0,0.0
4364.0,0.0,0.0,0.0,0.0,0.0,0.0
4365.0,0.0,0.0,0.0,0.0,0.0,0.0
4366.0,0.0,0.0,0.0,0.0,0.0,0.0
4367.0,0.0,0.0,0.0,0.0,0.0,0.0
4368.0,0.0,0.0,0.0,0.0,0.0,0.0
4369.0,0.0,0.0,0.0,0.0,0.0,0.0
4370.0,0.0,0.0,0.0,0.0,0.0,0.0
4371.0,0.0,0.0,0.0,0.0,0.0,0.0
4372.0,0.0,0.0,0.0,0.0,0.0,0.0
4373.0,0.0,0.0,0.0,0.0,0.0,0.0
4374.0,0.0,0.0,0.0,0.0,0.0,0.0
4375.0,0.0,0.0,0.0,0.0,0.0,0.0
4376.0,0.0,0.0,0.0,0.0,0.0,0.0
4377.0,0.0,0.0,0.0,0.0,0.0,0.0
4378.0,0.0,0.0,0.0,0.0,0.0,0.0
4379.0,0.0,0.0,0.0,0.0,0.0,0.0
4380.0,0.0,0.0,0.0,0.0,0.0,0.0
4381.0,0.0,0.0,0.0,0.0,0.0,0.0
4382.0,6.575093721039593e-05,0.0,0.0,0.0,0.0,0.005479244767532994
4383.0,6.525734352180734e-05,0.0,0.0,0.0,0.001736111111111111,0.011574074074074073
4384.0,0.0,0.0,0.0,0.0,0.0,0.0
4385.0,0.0,0.0,0.0,0.0,0.0,0.0
4386.0,0.0,0.0,0.0,0.0,0.0,0.0
4387.0,0.0,0.0,0.0,0.0,0.0,0.0
4388.0,1.821219370867766e-06,0.0,0.0,0.0,0.0,0.00015176828090564717
4389.0,0.0,0.0,0.0,0.0,0.0,0.0
4390.0,0.0,0.0,0.0,0.0,0.0,0.0
4391.0,0.0,0.0,0.0,0.0,0.0,0.0
4392.0,0.0,0.0,0.0,0.0,0.0,0.0
4393.0,0.0,0.0,0.0,0.0,0.0,0.0
4394.0,0.0,0.0,0.0,0.0,0.0,0.0
4395.0,0.0,0.0,0.0,0.0,0.0,0.0
4396.0,0.0,0.0,0.0,0.0,0.0,0.0
4397.0,0.0,0.0,0.0,0.0,0.0,0.0
4398.0,0.0,0.0,0.0,0.0,0.0,0.0
4399.0,0.0,0.0,0.0,0.0,0.0,0.0
4400.0,0.0,0.0,0.0,0.0,0.0,0.0
4401.0,5.861926547368057e-05,0.0,0.0,0.0,0.001736111111111111,0.011574074074074073
4402.0,5.2849252824671566e-05,0.0,0.0,0.0,0.0,0.004404104402055964
4403.0,0.0,0.0,0.0,0.0,0.0,0.0
4404.0,0.0,0.0,0.0,0.0,0.0,0.0
4405.0,1.3616572687169537e-06,0.0,0.0,0.0,0.0,0.00011347143905974613
4406.0,0.0,0.0,0.0,0.0,0.0,0.0
4407.0,0.0,0.0,0.0,0.0,0.0,0.0
4408.0,0.0,0.0,0.0,0.0,0.0,0.0
4409.0,0.0,0.0,0.0,0.0,0.0,0.0
4410.0,0.0,0.0,0.0,0.0,0.0,0.0
4411.0,0.0,0.0,0.0,0.0,0.0,0.0
4412.0,0.0,0.0,0.0,0.0,0.0,0.0
4413.0,0.0,0.0,0.0,0.0,0.0,0.0
4414.0,0.0,0.0,0.0,0.0,0.0,0.0
4415.0,0.0,0.0,0.0,0.0,0.0,0.0
4416.0,0.0,0.0,0.0,0.0,0.0,0.0
4417.0,0.0,0.0,0.0,0.0,0.0,0.0
4418.0,0.0,0.0,0.0,0.0,0.0,0.0
4419.0,0.0,0.0,0.0,0.0,0.0,0.0
4420.0,0.0,0.0,0.0,0.0,0.0,0.0
4421.0,0.0,0.0,0.0,0.0,0.0,0.0
4422.0,0.0,0.0,0.0,0.0,0.0,0.0
4423.0,0.0,0.0,0.0,0.0,0.0,0.0
4424.0,0.0,0.0,0.0,0.0,0.0,0.0
4425.0,0.0,0.0,0.0,0.0,0.0,0.0
4426.0,0.0,0.0,0.0,0.0,0.0,0.0
4427.0,0.0,0.0,0.0,0.0,0.0,0.0
4428.0,0.0,0.0,0.0,0.0,0.0,0.0
4429.0,0.0,0.0,0.0,0.0,0.0,0.0
4430.0,0.0,0.0,0.0,0.0,0.0,0.0
4431.0,0.0,0.0,0.0,0.0,0.0,0.0
4432.0,0.0,0.0,0.0,0.0,0.0,0.0
4433.0,0.0,0.0,0.0,0.0,0.0,0.0
4434.0,0.0,0.0,0.0,0.0,0.0,0.0
4435.0,0.0,0.0,0.0,0.0,0.0,0.0
4436.0,0.002725782338529825,0.005957063287496567,0.0,0.0006861323490738869,0.03298611111111111,0.22714852821081877
4437.0,0.0,0.0,0.0,0.0,0.0,0.0
4438.0,1.94989097508369e-05,5.039879761170596e-05,0.0,3.2495157938683406e-05,0.0,0.004061894742335426
4439.0,0.0,0.0,0.0,0.0,0.0,0.0
4440.0,0.0,0.0,0.0,0.0,0.0,0.0
4441.0,0.0,0.0,0.0,0.0,0.0,0.0
4442.0,0.0,0.0,0.0,0.0,0.0,0.0
4443.0,0.0,0.0,0.0,0.0,0.0,0.0
4444.0,0.0,0.0,0.0,0.0,0.0,0.0
4445.0,0.0,0.0,0.0,0.0,0.0,0.0
4446.0,0.0,0.0,0.0,0.0,0.0,0.0
4447.0,0.0,0.0,0.0,0.0,0.0,0.0
4448.0,0.0,0.0,0.0,0.0,0.0,0.0
4449.0,0.0,0.0,0.0,0.0,0.0,0.0
4450.0,0.0,0.0,0.0,0.0,0.0,0.0
4451.0,0.0,0.0,0.0,0.0,0.0,0.0
4452.0,0.0,0.0,0.0,0.0,0.0,0.0
4453.0,0.0,0.0,0.0,0.0,0.0,0.0
4454.0,0.0,0.0,0.0,0.0,0.0,0.0
4455.0,0.0,0.0,0.0,0.0,0.0,0.0
4456.0,0.0,0.0,0.0,0.0,0.0,0.0
4457.0,0.0,0.0,0.0,0.0,0.0,0.0
4458.0,0.0,0.0,0.0,0.0,0.0,0.0
4459.0,0.0,0.0,0.0,0.0,0.0,0.0
4460.0,0.0,0.0,0.0,0.0,0.0,0.0
4461.0,0.0,0.0,0.0,0.0,0.0,0.0
4462.0,0.0,0.0,0.0,0.0,0.0,0.0
4463.0,0.0,0.0,0.0,0.0,0.0,0.0
4464.0,0.0,0.0,0.0,0.0,0.0,0.0
4465.0,0.0,0.0,0.0,0.0,0.0,0.0
4466.0,0.0,0.0,0.0,0.0,0.0,0.0
4467.0,0.0,0.0,0.0,0.0,0.0,0.0
4468.0,0.0,0.0,0.0,0.0,0.0,0.0
4469.0,0.0,0.0,0.0,0.0,0.0,0.0
4470.0,0.0,0.0,0.0,0.0,0.0,0.0
4471.0,0.0,0.0,0.0,0.0,0.0,0.0
4472.0,0.0,0.0,0.0,0.0,0.0,0.0
4473.0,0.0,0.0,0.0,0.0,0.0,0.0
4474.0,0.0,0.0,0.0,0.0,0.0,0.0
4475.0,0.0,0.0,0.0,0.0,0.0,0.0
4476.0,0.0,0.0,0.0,0.0,0.0,0.0
4477.0,0.0,0.0,0.0,0.0,0.0,0.0
4478.0,0.0,0.0,0.0,0.0,0.0,0.0
4479.0,0.00018169589748140424,0.0,0.0,0.0,0.0,0.01514132479011702
4480.0,2.3318375497183297e-06,0.0,0.0,0.0,0.0,0.0001943197958098608
4481.0,0.0,0.0,0.0,0.0,0.0,0.0
4482.0,0.0,0.0,0.0,0.0,0.0,0.0
4483.0,0.0,0.0,0.0,0.0,0.0,0.0
4484.0,0.0,0.0,0.0,0.0,0.0,0.0
4485.0,0.0,0.0,0.0,0.0,0.0,0.0
4486.0,0.0,0.0,0.0,0.0,0.0,0.0
4487.0,0.0,0.0,0.0,0.0,0.0,0.0
4488.0,0.0,0.0,0.0,0.0,0.0,0.0
4489.0,0.0,0.0,0.0,0.0,0.0,0.0
4490.0,0.0,0.0,0.0,0.0,0.0,0.0
4491.0,0.0,0.0,0.0,0.0,0.0,0.0
4492.0,0.0,0.0,0.0,0.0,0.0,0.0
4493.0,0.0,0.0,0.0,0.0,0.0,0.0
4494.0,0.0,0.0,0.0,0.0,0.0,0.0
4495.0,0.0,0.0,0.0,0.0,0.0,0.0
4496.0,0.0,0.0,0.0,0.0,0.0,0.0
4497.0,0.01882782392203808,0.0070149959065020084,0.0,0.021412039175629616,0.3506944444444444,2.676504896953702
4498.0,0.0,0.0,0.0,0.0,0.0,0.0
4499.0,0.01970810815691948,0.008363516069948673,0.0,0.02127985842525959,0.3680555555555556,2.6599823031574488
4500.0,0.0,0.0,0.0,0.0,0.0,0.0
4501.0,0.019705623388290405,0.00836386438459158,0.0,0.021270757541060448,0.3628472222222222,2.658844692632556
4502.0,0.019693516194820404,0.008365132845938206,0.0,0.021292991936206818,0.3611111111111111,2.661623992025852
4503.0,0.01969883404672146,0.008360293693840504,0.0,0.021271826699376106,0.3611111111111111,2.6589783374220133
4504.0,4.428564352565445e-06,2.0016241251141764e-06,0.0,2.7852051971422043e-06,0.0,0.00036904702938045375
4505.0,0.0,0.0,0.0,0.0,0.0,0.0
4506.0,0.0,0.0,0.0,0.0,0.0,0.0
4507.0,0.0,0.0,0.0,0.0,0.0,0.0
4508.0,0.0,0.0,0.0,0.0,0.0,0.0
4509.0,9.577544551575556e-05,0.0,0.0,0.0,0.001736111111111111,0.011574074074074073
4510.0,7.427038508467376e-05,3.2823158107930794e-05,4.582108886097558e-05,0.0001426440867362544,0.026041666666666668,0.17361111111111113
4511.0,4.831021215068176e-06,4.704969796875957e-06,4.582108886097558e-05,5.570451776293339e-06,0.0,0.0006963064720366674
4512.0,0.0,0.0,0.0,0.0,0.0,0.0
4513.0,0.0,0.0,0.0,0.0,0.0,0.0
4514.0,0.0,0.0,0.0,0.0,0.0,0.0
4515.0,0.0,0.0,0.0,0.0,0.0,0.0
4516.0,0.0,0.0,0.0,0.0,0.0,0.0
4517.0,0.00017550036136526614,0.0,0.0,0.0,0.0,0.014625030113772178
4518.0,3.3803102269303054e-05,0.0,0.0,0.0,0.0,0.002816925189108588
4519.0,3.0296891964098904e-06,0.0,0.0,0.0,0.0,0.0002524740997008242
4520.0,0.0,0.0,0.0,0.0,0.0,0.0
4521.0,0.0,0.0,0.0,0.0,0.0,0.0
4522.0,0.0,0.0,0.0,0.0,0.0,0.0
4523.0,0.0,0.0,0.0,0.0,0.0,0.0
4524.0,0.0,0.0,0.0,0.0,0.0,0.0
4525.0,0.0,0.0,0.0,0.0,0.0,0.0
4526.0,0.0,0.0,0.0,0.0,0.0,0.0
4527.0,8.510451721122081e-08,0.0,0.0,0.0,0.0,7.092043100935067e-06
4528.0,0.01997980661690235,0.008368062786757946,0.0,0.021259186789393425,0.3489583333333333,2.657398348674178
4529.0,0.0,0.0,0.0,0.0,0.0,0.0
4530.0,0.0,0.0,0.0,0.0,0.0,0.0
4531.0,0.0,0.0,0.0,0.0,0.0,0.0
4532.0,0.0,0.0,0.0,0.0,0.0,0.0
4533.0,0.0,0.0,0.0,0.0,0.0,0.0
4534.0,0.0,0.0,0.0,0.0,0.0,0.0
4535.0,8.067374437814578e-05,6.027872223057784e-05,4.582108886097558e-05,4.215415901853703e-05,0.008680555555555556,0.05787037037037038
4536.0,7.214647666842211e-06,4.489570983423619e-06,4.582108886097558e-05,0.0,0.0,0.0006012206389035176
4537.0,0.0,0.0,0.0,0.0,0.0,0.0
4538.0,0.0,0.0,0.0,0.0,0.0,0.0
4539.0,0.00020498021331150085,0.0,0.0,0.0,0.003472222222222222,0.023148148148148147
4540.0,0.00016145830159075558,0.0,0.0,0.0,0.0,0.013454858465896299
4541.0,0.0,0.0,0.0,0.0,0.0,0.0
4542.0,5.480664185597561e-05,0.0,0.0,0.0,0.0,0.004567220154664635
4543.0,6.263616796786664e-06,0.0,0.0,0.0,0.0,0.0005219680663988887
4544.0,4.6636828301416244e-06,0.0,0.0,0.0,0.0,0.00038864023584513535
4545.0,0.0,0.0,0.0,0.0,0.0,0.0
4546.0,0.0,0.0,0.0,0.0,0.0,0.0
4547.0,0.0,0.0,0.0,0.0,0.0,0.0
4548.0,0.0,0.0,0.0,0.0,0.0,0.0
4549.0,0.0,0.0,0.0,0.0,0.0,0.0
4550.0,0.0,0.0,0.0,0.0,0.0,0.0
4551.0,0.0,0.0,0.0,0.0,0.0,0.0
4552.0,0.0,0.0,0.0,0.0,0.0,0.0
4553.0,0.0,0.0,0.0,0.0,0.0,0.0
4554.0,0.0,0.0,0.0,0.0,0.0,0.0
4555.0,0.0,0.0,0.0,0.0,0.0,0.0
4556.0,0.0,0.0,0.0,0.0,0.0,0.0
4557.0,0.0,0.0,0.0,0.0,0.0,0.0
4558.0,0.0,0.0,0.0,0.0,0.0,0.0
4559.0,0.0,0.0,0.0,0.0,0.0,0.0
4560.0,7.810373062966391e-06,4.489570983423619e-06,4.582108886097558e-05,0.0,0.0,0.000650864421913866
4561.0,7.810373062966391e-06,4.489570983423619e-06,4.582108886097558e-05,0.0,0.0,0.000650864421913866
4562.0,0.0,0.0,0.0,0.0,0.0,0.0
4563.0,0.0,0.0,0.0,0.0,0.0,0.0
4564.0,0.0,0.0,0.0,0.0,0.0,0.0
4565.0,0.0,0.0,0.0,0.0,0.0,0.0
4566.0,0.0,0.0,0.0,0.0,0.0,0.0
4567.0,0.0,0.0,0.0,0.0,0.0,0.0
4568.0,0.0,0.0,0.0,0.0,0.0,0.0
4569.0,0.0,0.0,0.0,0.0,0.0,0.0
4570.0,0.0,0.0,0.0,0.0,0.0,0.0
4571.0,0.0,0.0,0.0,0.0,0.0,0.0
4572.0,0.0,0.0,0.0,0.0,0.0,0.0
4573.0,0.0,0.0,0.0,0.0,0.0,0.0
4574.0,0.0,0.0,0.0,0.0,0.0,0.0
4575.0,0.0,0.0,0.0,0.0,0.0,0.0
4576.0,0.0,0.0,0.0,0.0,0.0,0.0
4577.0,0.0,0.0,0.0,0.0,0.0,0.0
4578.0,0.0,0.0,0.0,0.0,0.0,0.0
4579.0,0.0,0.0,0.0,0.0,0.0,0.0
4580.0,0.0,0.0,0.0,0.0,0.0,0.0
4581.0,0.0,0.0,0.0,0.0,0.0,0.0
4582.0,0.0,0.0,0.0,0.0,0.0,0.0
4583.0,0.0,0.0,0.0,0.0,0.0,0.0
4584.0,0.0,0.0,0.0,0.0,0.0,0.0
4585.0,7.810373062966391e-06,4.489570983423619e-06,4.582108886097558e-05,0.0,0.0,0.000650864421913866
4586.0,7.810373062966391e-06,4.489570983423619e-06,4.582108886097558e-05,0.0,0.0,0.000650864421913866
4587.0,0.0,0.0,0.0,0.0,0.0,0.0
4588.0,0.0,0.0,0.0,0.0,0.0,0.0
4589.0,0.0,0.0,0.0,0.0,0.0,0.0
4590.0,0.0,0.0,0.0,0.0,0.0,0.0
4591.0,0.0,0.0,0.0,0.0,0.0,0.0
4592.0,0.0,0.0,0.0,0.0,0.0,0.0
4593.0,3.967550554762056e-08,2.5654571800259873e-07,0.0,0.0,0.0,6.413642950064968e-06
4594.0,0.026196090504527092,0.01867036521434784,0.0,0.00039072788786143064,0.34375,2.291666666666667
4595.0,0.0,0.0,0.0,0.0,0.0,0.0
4596.0,0.0,0.0,0.0,0.0,0.0,0.0
4597.0,0.0,0.0,0.0,0.0,0.0,0.0
4598.0,0.0,0.0,0.0,0.0,0.0,0.0
4599.0,0.0,0.0,0.0,0.0,0.0,0.0
4600.0,0.0,0.0,0.0,0.0,0.0,0.0
4601.0,0.0,0.0,0.0,0.0,0.0,0.0
4602.0,0.0,0.0,0.0,0.0,0.0,0.0
4603.0,0.0,0.0,0.0,0.0,0.0,0.0
4604.0,0.0,0.0,0.0,0.0,0.0,0.0
4605.0,0.0,0.0,0.0,0.0,0.0,0.0
4606.0,0.0,0.0,0.0,0.0,0.0,0.0
4607.0,0.0,0.0,0.0,0.0,0.0,0.0
4608.0,0.0,0.0,0.0,0.0,0.0,0.0
4609.0,0.0,0.0,0.0,0.0,0.0,0.0
4610.0,1.054204494721489e-05,5.534135198104195e-06,4.582108886097558e-05,0.0,0.0,0.0008785037456012408
4611.0,1.054204494721489e-05,5.534135198104195e-06,4.582108886097558e-05,0.0,0.0,0.0008785037456012408
4612.0,0.0,0.0,0.0,0.0,0.0,0.0
4613.0,0.0,0.0,0.0,0.0,0.0,0.0
4614.0,0.0,0.0,0.0,0.0,0.0,0.0
4615.0,0.0,0.0,0.0,0.0,0.0,0.0
4616.0,0.0,0.0,0.0,0.0,0.0,0.0
4617.0,0.0,0.0,0.0,0.0,0.0,0.0
4618.0,0.0,0.0,0.0,0.0,0.0,0.0
4619.0,0.0,0.0,0.0,0.0,0.0,0.0
4620.0,0.0,0.0,0.0,0.0,0.0,0.0
4621.0,0.0,0.0,0.0,0.0,0.0,0.0
4622.0,0.0,0.0,0.0,0.0,0.0,0.0
4623.0,0.0,0.0,0.0,0.0,0.0,0.0
4624.0,0.0,0.0,0.0,0.0,0.0,0.0
4625.0,0.0,0.0,0.0,0.0,0.0,0.0
4626.0,0.0,0.0,0.0,0.0,0.0,0.0
4627.0,2.0237603166606277e-05,0.0,0.0,0.0,0.0,0.001686466930550523
4628.0,0.00042121109436266124,0.0,0.0,0.0,0.0,0.03510092453022177
4629.0,0.0,0.0,0.0,0.0,0.0,0.0
4630.0,0.0,0.0,0.0,0.0,0.0,0.0
4631.0,0.0,0.0,0.0,0.0,0.0,0.0
4632.0,0.0,0.0,0.0,0.0,0.0,0.0
4633.0,0.0,0.0,0.0,0.0,0.0,0.0
4634.0,0.0,0.0,0.0,0.0,0.0,0.0
4635.0,1.474615328334039e-05,5.534135198104195e-06,4.582108886097558e-05,0.0,0.0,0.0012288461069450325
4636.0,1.074629199138144e-05,5.534135198104195e-06,4.582108886097558e-05,0.0,0.0,0.00089552433261512
4637.0,0.0,0.0,0.0,0.0,0.0,0.0
4638.0,0.0,0.0,0.0,0.0,0.0,0.0
4639.0,0.0,0.0,0.0,0.0,0.0,0.0
4640.0,0.0,0.0,0.0,0.0,0.0,0.0
4641.0,0.0,0.0,0.0,0.0,0.0,0.0
4642.0,0.0,0.0,0.0,0.0,0.0,0.0
4643.0,0.0,0.0,0.0,0.0,0.0,0.0
4644.0,0.0,0.0,0.0,0.0,0.0,0.0
4645.0,0.0,0.0,0.0,0.0,0.0,0.0
4646.0,0.0,0.0,0.0,0.0,0.0,0.0
4647.0,0.0,0.0,0.0,0.0,0.0,0.0
4648.0,0.0,0.0,0.0,0.0,0.0,0.0
4649.0,0.0,0.0,0.0,0.0,0.0,0.0
4650.0,0.0,0.0,0.0,0.0,0.0,0.0
4651.0,0.0,0.0,0.0,0.0,0.0,0.0
4652.0,0.0,0.0,0.0,0.0,0.0,0.0
4653.0,0.0,0.0,0.0,0.0,0.0,0.0
4654.0,0.0,0.0,0.0,0.0,0.0,0.0
4655.0,0.0,0.0,0.0,0.0,0.0,0.0
4656.0,0.0,0.0,0.0,0.0,0.0,0.0
4657.0,0.0,0.0,0.0,0.0,0.0,0.0
4658.0,0.0,0.0,0.0,0.0,0.0,0.0
4659.0,0.0,0.0,0.0,0.0,0.0,0.0
4660.0,1.074629199138144e-05,5.534135198104195e-06,4.582108886097558e-05,0.0,0.0,0.00089552433261512
4661.0,1.074629199138144e-05,5.534135198104195e-06,4.582108886097558e-05,0.0,0.0,0.00089552433261512
4662.0,0.0,0.0,0.0,0.0,0.0,0.0
4663.0,0.0,0.0,0.0,0.0,0.0,0.0
4664.0,0.0,0.0,0.0,0.0,0.0,0.0
4665.0,0.0,0.0,0.0,0.0,0.0,0.0
4666.0,9.065221820492297e-05,0.0,0.0,0.0,0.001736111111111111,0.011574074074074073
4667.0,8.690767572261393e-05,0.0,0.0,0.0,0.001736111111111111,0.011574074074074073
4668.0,0.00011922996054636315,0.0,0.0,0.0,0.003472222222222222,0.023148148148148147
4669.0,0.00016833466361276805,0.0,0.0,0.0,0.001736111111111111,0.014027888634397337
4670.0,0.00011960441042901948,0.0,0.0,0.0,0.005208333333333333,0.034722222222222224
4671.0,0.00023767696984577924,0.0,0.0,0.0,0.003472222222222222,0.023148148148148147
4672.0,0.00024198320170398802,0.0,0.0,0.0,0.003472222222222222,0.023148148148148147
4673.0,0.00018879353592637926,0.0,0.0,0.0,0.003472222222222222,0.023148148148148147
4674.0,0.0,0.0,0.0,0.0,0.0,0.0
4675.0,0.0,0.0,0.0,0.0,0.0,0.0
4676.0,0.0,0.0,0.0,0.0,0.0,0.0
4677.0,8.101846106001176e-06,0.0,0.0,0.0,0.0,0.0006751538421667647
4678.0,0.0,0.0,0.0,0.0,0.0,0.0
4679.0,0.0,0.0,0.0,0.0,0.0,0.0
4680.0,0.0,0.0,0.0,0.0,0.0,0.0
4681.0,0.0,0.0,0.0,0.0,0.0,0.0
4682.0,0.0,0.0,0.0,0.0,0.0,0.0
4683.0,0.0,0.0,0.0,0.0,0.0,0.0
4684.0,0.0,0.0,0.0,0.0,0.0,0.0
4685.0,1.132499619416194e-05,5.534135198104195e-06,4.582108886097558e-05,0.0,0.0,0.0009437496828468284
4686.0,1.132499619416194e-05,5.534135198104195e-06,4.582108886097558e-05,0.0,0.0,0.0009437496828468284
4687.0,0.0,0.0,0.0,0.0,0.0,0.0
4688.0,0.0,0.0,0.0,0.0,0.0,0.0
4689.0,0.0,0.0,0.0,0.0,0.0,0.0
4690.0,0.0,0.0,0.0,0.0,0.0,0.0
4691.0,0.0,0.0,0.0,0.0,0.0,0.0
4692.0,0.0,0.0,0.0,0.0,0.0,0.0
4693.0,0.0,0.0,0.0,0.0,0.0,0.0
4694.0,0.024624787271022797,0.010698401369154453,0.01579722948372364,0.0003735380887519568,0.24479166666666666,2.0520656059185662
4695.0,3.5526581996236928e-06,0.0,6.505604687845334e-05,0.0,0.0,0.00029605484996864107
4696.0,0.0,0.0,0.0,0.0,0.0,0.0
4697.0,0.0,0.0,0.0,0.0,0.0,0.0
4698.0,0.0,0.0,0.0,0.0,0.0,0.0
4699.0,0.0,0.0,0.0,0.0,0.0,0.0
4700.0,0.0,0.0,0.0,0.0,0.0,0.0
4701.0,0.0,0.0,0.0,0.0,0.0,0.0
4702.0,6.457755080191419e-05,6.445566214097198e-06,0.00043628152343444526,5.3578605729853734e-05,0.0,0.006697325716231717
4703.0,1.7020566289716044e-08,0.0,0.0,0.0,0.0,1.4183805241430036e-06
4704.0,0.0,0.0,0.0,0.0,0.0,0.0
4705.0,0.0,0.0,0.0,0.0,0.0,0.0
4706.0,0.0,0.0,0.0,0.0,0.0,0.0
4707.0,0.0,0.0,0.0,0.0,0.0,0.0
4708.0,0.0,0.0,0.0,0.0,0.0,0.0
4709.0,0.0,0.0,0.0,0.0,0.0,0.0
4710.0,6.062618012947496e-06,0.0,5.811116716358811e-05,0.0,0.0,0.0005052181677456247
4711.0,6.062618012947496e-06,0.0,5.811116716358811e-05,0.0,0.0,0.0005052181677456247
4712.0,0.0,0.0,0.0,0.0,0.0,0.0
4713.0,0.0,0.0,0.0,0.0,0.0,0.0
4714.0,0.0,0.0,0.0,0.0,0.0,0.0
4715.0,0.0,0.0,0.0,0.0,0.0,0.0
4716.0,0.0,0.0,0.0,0.0,0.0,0.0
4717.0,0.0,0.0,0.0,0.0,0.0,0.0
4718.0,0.0,0.0,0.0,0.0,0.0,0.0
4719.0,0.0,0.0,0.0,0.0,0.0,0.0
4720.0,0.0,0.0,0.0,0.0,0.0,0.0
4721.0,0.0,0.0,0.0,0.0,0.0,0.0
4722.0,0.0,0.0,0.0,0.0,0.0,0.0
4723.0,0.0,0.0,0.0,0.0,0.0,0.0
4724.0,0.0,0.0,0.0,0.0,0.0,0.0
4725.0,0.0,0.0,0.0,0.0,0.0,0.0
4726.0,0.0,0.0,0.0,0.0,0.0,0.0
4727.0,1.7020566289716044e-08,0.0,0.0,0.0,0.0,1.4183805241430036e-06
4728.0,1.7020566289716044e-08,0.0,0.0,0.0,0.0,1.4183805241430036e-06
4729.0,0.0,0.0,0.0,0.0,0.0,0.0
4730.0,0.0,0.0,0.0,0.0,0.0,0.0
4731.0,0.0,0.0,0.0,0.0,0.0,0.0
4732.0,0.0,0.0,0.0,0.0,0.0,0.0
4733.0,0.0,0.0,0.0,0.0,0.0,0.0
4734.0,0.0,0.0,0.0,0.0,0.0,0.0
4735.0,6.062618012947496e-06,0.0,5.811116716358811e-05,0.0,0.0,0.0005052181677456247
4736.0,6.062618012947496e-06,0.0,5.811116716358811e-05,0.0,0.0,0.0005052181677456247
4737.0,0.0,0.0,0.0,0.0,0.0,0.0
4738.0,0.0,0.0,0.0,0.0,0.0,0.0
4739.0,0.0,0.0,0.0,0.0,0.0,0.0
4740.0,0.0,0.0,0.0,0.0,0.0,0.0
4741.0,0.0,0.0,0.0,0.0,0.0,0.0
4742.0,0.03534860536456108,0.041046418249607086,2.0875324935332173e-06,0.0002224767958978191,0.3680555555555556,2.9457171137134233
4743.0,1.555830294819316e-06,9.504525451120571e-07,2.0875324935332173e-06,0.0,0.0,0.00012965252456827633
4744.0,0.0,0.0,0.0,0.0,0.0,0.0
4745.0,0.0,0.0,0.0,0.0,0.0,0.0
4746.0,0.0,0.0,0.0,0.0,0.0,0.0
4747.0,0.0,0.0,0.0,0.0,0.0,0.0
4748.0,0.0,0.0,0.0,0.0,0.0,0.0
4749.0,0.0,0.0,0.0,0.0,0.0,0.0
4750.0,0.0,0.0,0.0,0.0,0.0,0.0
4751.0,0.0,0.0,0.0,0.0,0.0,0.0
4752.0,0.0,0.0,0.0,0.0,0.0,0.0
4753.0,0.0,0.0,0.0,0.0,0.0,0.0
4754.0,0.0,0.0,0.0,0.0,0.0,0.0
4755.0,0.0,0.0,0.0,0.0,0.0,0.0
4756.0,0.0,0.0,0.0,0.0,0.0,0.0
4757.0,0.0,0.0,0.0,0.0,0.0,0.0
4758.0,0.0,0.0,0.0,0.0,0.0,0.0
4759.0,0.0,0.0,0.0,0.0,0.0,0.0
4760.0,0.0,0.0,0.0,0.0,0.0,0.0
4761.0,0.0,0.0,0.0,0.0,0.0,0.0
4762.0,0.0,0.0,0.0,0.0,0.0,0.0
4763.0,0.0,0.0,0.0,0.0,0.0,0.0
4764.0,0.0,0.0,0.0,0.0,0.0,0.0
4765.0,0.0,0.0,0.0,0.0,0.0,0.0
4766.0,0.0,0.0,0.0,0.0,0.0,0.0
4767.0,1.555830294819316e-06,9.504525451120571e-07,2.0875324935332173e-06,0.0,0.0,0.00012965252456827633
4768.0,1.555830294819316e-06,9.504525451120571e-07,2.0875324935332173e-06,0.0,0.0,0.00012965252456827633
4769.0,0.0,0.0,0.0,0.0,0.0,0.0
4770.0,0.0,0.0,0.0,0.0,0.0,0.0
4771.0,0.0,0.0,0.0,0.0,0.0,0.0
4772.0,0.0,0.0,0.0,0.0,0.0,0.0
4773.0,0.0,0.0,0.0,0.0,0.0,0.0
4774.0,0.0,0.0,0.0,0.0,0.0,0.0
4775.0,0.0,0.0,0.0,0.0,0.0,0.0
4776.0,0.0,0.0,0.0,0.0,0.0,0.0
4777.0,0.0,0.0,0.0,0.0,0.0,0.0
4778.0,0.0,0.0,0.0,0.0,0.0,0.0
4779.0,0.0,0.0,0.0,0.0,0.0,0.0
4780.0,0.0,0.0,0.0,0.0,0.0,0.0
4781.0,0.0,0.0,0.0,0.0,0.0,0.0
4782.0,0.0,0.0,0.0,0.0,0.0,0.0
4783.0,0.0,0.0,0.0,0.0,0.0,0.0
4784.0,0.0,0.0,0.0,0.0,0.0,0.0
4785.0,0.0,0.0,0.0,0.0,0.0,0.0
4786.0,0.0,0.0,0.0,0.0,0.0,0.0
4787.0,0.0,0.0,0.0,0.0,0.0,0.0
4788.0,0.0,0.0,0.0,0.0,0.0,0.0
4789.0,0.0,0.0,0.0,0.0,0.0,0.0
4790.0,0.0,0.0,0.0,0.0,0.0,0.0
4791.0,0.0,0.0,0.0,0.0,0.0,0.0
4792.0,1.555830294819316e-06,9.504525451120571e-07,2.0875324935332173e-06,0.0,0.0,0.00012965252456827633
4793.0,1.555830294819316e-06,9.504525451120571e-07,2.0875324935332173e-06,0.0,0.0,0.00012965252456827633
4794.0,0.0,0.0,0.0,0.0,0.0,0.0
4795.0,0.0,0.0,0.0,0.0,0.0,0.0
4796.0,0.0,0.0,0.0,0.0,0.0,0.0
4797.0,0.0,0.0,0.0,0.0,0.0,0.0
4798.0,0.0,0.0,0.0,0.0,0.0,0.0
4799.0,0.0,0.0,0.0,0.0,0.0,0.0
4800.0,0.0,0.0,0.0,0.0,0.0,0.0
4801.0,0.0,0.0,0.0,0.0,0.0,0.0
4802.0,0.0,0.0,0.0,0.0,0.0,0.0
4803.0,0.0,0.0,0.0,0.0,0.0,0.0
4804.0,0.0,0.0,0.0,0.0,0.0,0.0
4805.0,0.0,0.0,0.0,0.0,0.0,0.0
4806.0,0.0,0.0,0.0,0.0,0.0,0.0
4807.0,0.0,0.0,0.0,0.0,0.0,0.0
4808.0,0.0,0.0,0.0,0.0,0.0,0.0
4809.0,0.0,0.0,0.0,0.0,0.0,0.0
4810.0,0.0,0.0,0.0,0.0,0.0,0.0
4811.0,0.0,0.0,0.0,0.0,0.0,0.0
4812.0,0.0,0.0,0.0,0.0,0.0,0.0
4813.0,0.0,0.0,0.0,0.0,0.0,0.0
4814.0,0.0,0.0,0.0,0.0,0.0,0.0
4815.0,0.0,0.0,0.0,0.0,0.0,0.0
4816.0,0.0,0.0,0.0,0.0,0.0,0.0
4817.0,1.555830294819316e-06,9.504525451120571e-07,2.0875324935332173e-06,0.0,0.0,0.00012965252456827633
4818.0,1.555830294819316e-06,9.504525451120571e-07,2.0875324935332173e-06,0.0,0.0,0.00012965252456827633
4819.0,0.0,0.0,0.0,0.0,0.0,0.0
4820.0,0.0,0.0,0.0,0.0,0.0,0.0
4821.0,0.0,0.0,0.0,0.0,0.0,0.0
4822.0,0.0,0.0,0.0,0.0,0.0,0.0
4823.0,0.0,0.0,0.0,0.0,0.0,0.0
4824.0,0.0,0.0,0.0,0.0,0.0,0.0
4825.0,0.0,0.0,0.0,0.0,0.0,0.0
4826.0,0.0,0.0,0.0,0.0,0.0,0.0
4827.0,0.0,0.0,0.0,0.0,0.0,0.0
4828.0,0.0,0.0,0.0,0.0,0.0,0.0
4829.0,0.0,0.0,0.0,0.0,0.0,0.0
4830.0,0.0,0.0,0.0,0.0,0.0,0.0
4831.0,0.0,0.0,0.0,0.0,0.0,0.0
4832.0,0.0,0.0,0.0,0.0,0.0,0.0
4833.0,0.0,0.0,0.0,0.0,0.0,0.0
4834.0,0.0,0.0,0.0,0.0,0.0,0.0
4835.0,0.0,0.0,0.0,0.0,0.0,0.0
4836.0,0.0,0.0,0.0,0.0,0.0,0.0
4837.0,0.0,0.0,0.0,0.0,0.0,0.0
4838.0,0.0,0.0,0.0,0.0,0.0,0.0
4839.0,0.0,0.0,0.0,0.0,0.0,0.0
4840.0,0.0,0.0,0.0,0.0,0.0,0.0
4841.0,0.0,0.0,0.0,0.0,0.0,0.0
4842.0,1.555830294819316e-06,9.504525451120571e-07,2.0875324935332173e-06,0.0,0.0,0.00012965252456827633
4843.0,1.555830294819316e-06,9.504525451120571e-07,2.0875324935332173e-06,0.0,0.0,0.00012965252456827633
4844.0,0.0,0.0,0.0,0.0,0.0,0.0
4845.0,0.0,0.0,0.0,0.0,0.0,0.0
4846.0,0.0,0.0,0.0,0.0,0.0,0.0
4847.0,0.0,0.0,0.0,0.0,0.0,0.0
4848.0,0.0,0.0,0.0,0.0,0.0,0.0
4849.0,0.0,0.0,0.0,0.0,0.0,0.0
4850.0,0.0,0.0,0.0,0.0,0.0,0.0
4851.0,0.0,0.0,0.0,0.0,0.0,0.0
4852.0,0.0,0.0,0.0,0.0,0.0,0.0
4853.0,0.0,0.0,0.0,0.0,0.0,0.0
4854.0,0.0,0.0,0.0,0.0,0.0,0.0
4855.0,0.0,0.0,0.0,0.0,0.0,0.0
4856.0,0.0,0.0,0.0,0.0,0.0,0.0
4857.0,0.0,0.0,0.0,0.0,0.0,0.0
4858.0,0.0,0.0,0.0,0.0,0.0,0.0
4859.0,0.0,0.0,0.0,0.0,0.0,0.0
4860.0,0.0,0.0,0.0,0.0,0.0,0.0
4861.0,0.0,0.0,0.0,0.0,0.0,0.0
4862.0,0.0,0.0,0.0,0.0,0.0,0.0
4863.0,0.0,0.0,0.0,0.0,0.0,0.0
4864.0,0.0,0.0,0.0,0.0,0.0,0.0
4865.0,0.0,0.0,0.0,0.0,0.0,0.0
4866.0,0.0,0.0,0.0,0.0,0.0,0.0
4867.0,1.555830294819316e-06,9.504525451120571e-07,2.0875324935332173e-06,0.0,0.0,0.00012965252456827633
4868.0,1.555830294819316e-06,9.504525451120571e-07,2.0875324935332173e-06,0.0,0.0,0.00012965252456827633
4869.0,0.0,0.0,0.0,0.0,0.0,0.0
4870.0,0.0,0.0,0.0,0.0,0.0,0.0
4871.0,0.0,0.0,0.0,0.0,0.0,0.0
4872.0,0.0,0.0,0.0,0.0,0.0,0.0
4873.0,0.0,0.0,0.0,0.0,0.0,0.0
4874.0,0.0,0.0,0.0,0.0,0.0,0.0
4875.0,0.0,0.0,0.0,0.0,0.0,0.0
4876.0,0.0,0.0,0.0,0.0,0.0,0.0
4877.0,0.0,0.0,0.0,0.0,0.0,0.0
4878.0,0.0,0.0,0.0,0.0,0.0,0.0
4879.0,0.0,0.0,0.0,0.0,0.0,0.0
4880.0,0.0,0.0,0.0,0.0,0.0,0.0
4881.0,0.0,0.0,0.0,0.0,0.0,0.0
4882.0,0.0,0.0,0.0,0.0,0.0,0.0
4883.0,0.0,0.0,0.0,0.0,0.0,0.0
4884.0,1.02125468970371e-07,0.0,0.0,0.0,0.0,8.510455747530917e-06
4885.0,0.048522401601076126,0.037192486226558685,0.0,0.0006233988679014146,0.24305555555555555,4.043533466756344
4886.0,0.0,0.0,0.0,0.0,0.0,0.0
4887.0,0.0,0.0,0.0,0.0,0.0,0.0
4888.0,0.0,0.0,0.0,0.0,0.0,0.0
4889.0,0.0,0.0,0.0,0.0,0.0,0.0
4890.0,0.0,0.0,0.0,0.0,0.0,0.0
4891.0,0.0,0.0,0.0,0.0,0.0,0.0
4892.0,0.00019330908253323287,4.583888585329987e-05,2.0875324935332173e-06,6.215206667548046e-05,0.001736111111111111,0.01610909021110274
4893.0,6.254265940697223e-07,9.504525451120571e-07,2.0875324935332173e-06,0.0,0.0,5.211888283914353e-05
4894.0,0.0,0.0,0.0,0.0,0.0,0.0
4895.0,0.0,0.0,0.0,0.0,0.0,0.0
4896.0,0.0,0.0,0.0,0.0,0.0,0.0
4897.0,0.0,0.0,0.0,0.0,0.0,0.0
4898.0,0.0,0.0,0.0,0.0,0.0,0.0
4899.0,0.0,0.0,0.0,0.0,0.0,0.0
4900.0,0.0,0.0,0.0,0.0,0.0,0.0
4901.0,0.0,0.0,0.0,0.0,0.0,0.0
4902.0,0.0,0.0,0.0,0.0,0.0,0.0
4903.0,0.0,0.0,0.0,0.0,0.0,0.0
4904.0,0.0,0.0,0.0,0.0,0.0,0.0
4905.0,0.0,0.0,0.0,0.0,0.0,0.0
4906.0,0.0,0.0,0.0,0.0,0.0,0.0
4907.0,0.0,0.0,0.0,0.0,0.0,0.0
4908.0,0.0,0.0,0.0,0.0,0.0,0.0
4909.0,0.0,0.0,0.0,0.0,0.0,0.0
4910.0,0.0,0.0,0.0,0.0,0.0,0.0
4911.0,0.0,0.0,0.0,0.0,0.0,0.0
4912.0,0.0,0.0,0.0,0.0,0.0,0.0
4913.0,0.0,0.0,0.0,0.0,0.0,0.0
4914.0,0.0,0.0,0.0,0.0,0.0,0.0
4915.0,0.0,0.0,0.0,0.0,0.0,0.0
4916.0,0.0,0.0,0.0,0.0,0.0,0.0
4917.0,6.254265940697223e-07,9.504525451120571e-07,2.0875324935332173e-06,0.0,0.0,5.211888283914353e-05
4918.0,6.254265940697223e-07,9.504525451120571e-07,2.0875324935332173e-06,0.0,0.0,5.211888283914353e-05
4919.0,0.0,0.0,0.0,0.0,0.0,0.0
4920.0,0.0,0.0,0.0,0.0,0.0,0.0
4921.0,0.0,0.0,0.0,0.0,0.0,0.0
4922.0,0.0,0.0,0.0,0.0,0.0,0.0
4923.0,0.0,0.0,0.0,0.0,0.0,0.0
4924.0,0.0,0.0,0.0,0.0,0.0,0.0
4925.0,0.0,0.0,0.0,0.0,0.0,0.0
4926.0,0.0,0.0,0.0,0.0,0.0,0.0
4927.0,0.0,0.0,0.0,0.0,0.0,0.0
4928.0,0.0,0.0,0.0,0.0,0.0,0.0
4929.0,0.0,0.0,0.0,0.0,0.0,0.0
4930.0,0.0,0.0,0.0,0.0,0.0,0.0
4931.0,0.0,0.0,0.0,0.0,0.0,0.0
4932.0,0.0,0.0,0.0,0.0,0.0,0.0
4933.0,0.0,0.0,0.0,0.0,0.0,0.0
4934.0,0.0,0.0,0.0,0.0,0.0,0.0
4935.0,0.0,0.0,0.0,0.0,0.0,0.0
4936.0,0.0,0.0,0.0,0.0,0.0,0.0
4937.0,0.0,0.0,0.0,0.0,0.0,0.0
4938.0,0.0,0.0,0.0,0.0,0.0,0.0
4939.0,0.0,0.0,0.0,0.0,0.0,0.0
4940.0,0.0,0.0,0.0,0.0,0.0,0.0
4941.0,0.0,0.0,0.0,0.0,0.0,0.0
4942.0,6.254265940697223e-07,9.504525451120571e-07,2.0875324935332173e-06,0.0,0.0,5.211888283914353e-05
4943.0,6.254265940697223e-07,9.504525451120571e-07,2.0875324935332173e-06,0.0,0.0,5.211888283914353e-05
4944.0,0.0,0.0,0.0,0.0,0.0,0.0
4945.0,0.0,0.0,0.0,0.0,0.0,0.0
4946.0,0.0,0.0,0.0,0.0,0.0,0.0
4947.0,0.0,0.0,0.0,0.0,0.0,0.0
4948.0,0.0,0.0,0.0,0.0,0.0,0.0
4949.0,0.0,0.0,0.0,0.0,0.0,0.0
4950.0,0.0,0.0,0.0,0.0,0.0,0.0
4951.0,0.0,0.0,0.0,0.0,0.0,0.0
4952.0,0.0,0.0,0.0,0.0,0.0,0.0
4953.0,0.0,0.0,0.0,0.0,0.0,0.0
4954.0,0.0,0.0,0.0,0.0,0.0,0.0
4955.0,0.0,0.0,0.0,0.0,0.0,0.0
4956.0,0.0,0.0,0.0,0.0,0.0,0.0
4957.0,0.0,0.0,0.0,0.0,0.0,0.0
4958.0,0.0,0.0,0.0,0.0,0.0,0.0
4959.0,0.0,0.0,0.0,0.0,0.0,0.0
4960.0,0.0,0.0,0.0,0.0,0.0,0.0
4961.0,0.0,0.0,0.0,0.0,0.0,0.0
4962.0,0.0,0.0,0.0,0.0,0.0,0.0
4963.0,0.0,0.0,0.0,0.0,0.0,0.0
4964.0,0.0,0.0,0.0,0.0,0.0,0.0
4965.0,0.0,0.0,0.0,0.0,0.0,0.0
4966.0,0.0,0.0,0.0,0.0,0.0,0.0
4967.0,6.254265940697223e-07,9.504525451120571e-07,2.0875324935332173e-06,0.0,0.0,5.211888283914353e-05
4968.0,6.254265940697223e-07,9.504525451120571e-07,2.0875324935332173e-06,0.0,0.0,5.211888283914353e-05
4969.0,0.03566468879580498,0.01634591445326805,0.0,0.0005367954145185649,0.2986111111111111,2.972057399650415
4970.0,0.0,0.0,0.0,0.0,0.0,0.0
4971.0,0.0,0.0,0.0,0.0,0.0,0.0
4972.0,0.0,0.0,0.0,0.0,0.0,0.0
4973.0,0.0,0.0,0.0,0.0,0.0,0.0
4974.0,0.0,0.0,0.0,0.0,0.0,0.0
4975.0,0.0,0.0,0.0,0.0,0.0,0.0
4976.0,0.0,0.0,0.0,0.0,0.0,0.0
4977.0,3.944381319342938e-07,0.0,1.0236166190225049e-06,0.0,0.0,3.286984432785781e-05
4978.0,3.944381319342938e-07,0.0,1.0236166190225049e-06,0.0,0.0,3.286984432785781e-05
4979.0,0.0,0.0,0.0,0.0,0.0,0.0
4980.0,0.0,0.0,0.0,0.0,0.0,0.0
4981.0,0.0,0.0,0.0,0.0,0.0,0.0
4982.0,0.0,0.0,0.0,0.0,0.0,0.0
4983.0,0.0,0.0,0.0,0.0,0.0,0.0
4984.0,0.0,0.0,0.0,0.0,0.0,0.0
4985.0,0.0,0.0,0.0,0.0,0.0,0.0
4986.0,0.0,0.0,0.0,0.0,0.0,0.0
4987.0,0.0,0.0,0.0,0.0,0.0,0.0
4988.0,0.0,0.0,0.0,0.0,0.0,0.0
4989.0,0.0,0.0,0.0,0.0,0.0,0.0
4990.0,0.0,0.0,0.0,0.0,0.0,0.0
4991.0,0.0,0.0,0.0,0.0,0.0,0.0
4992.0,0.0,0.0,0.0,0.0,0.0,0.0
4993.0,0.0,0.0,0.0,0.0,0.0,0.0
4994.0,0.0,0.0,0.0,0.0,0.0,0.0
4995.0,6.02532554694335e-06,0.0,0.0,0.0,0.0,0.0005021104622452791
4996.0,0.00024055344692897052,0.0,0.0,0.0,0.0,0.02004612057741421
4997.0,0.0,0.0,0.0,0.0,0.0,0.0
4998.0,0.000110770677565597,0.0,0.0,0.0,0.0,0.009230889797133083
4999.0,0.00017750883125700057,0.0,0.0,0.0,0.0,0.014792402604750047
5000.0,0.00025898683816194534,0.0,0.0,0.0,0.0,0.021582236513495445
5001.0,0.0,0.0,0.0,0.0,0.0,0.0
5002.0,9.057976058102213e-06,0.0,1.0236166190225049e-06,0.0,0.0,0.0007548313381751844
5003.0,3.944381319342938e-07,0.0,1.0236166190225049e-06,0.0,0.0,3.286984432785781e-05
5004.0,7.93164290371351e-05,0.0,0.0,0.0,0.0,0.006609702419761258
5005.0,6.906997441546991e-05,0.0,0.0,0.0,0.0,0.005755831201289159
5006.0,0.0,0.0,0.0,0.0,0.0,0.0
5007.0,0.0,0.0,0.0,0.0,0.0,0.0
5008.0,0.0,0.0,0.0,0.0,0.0,0.0
5009.0,0.0,0.0,0.0,0.0,0.0,0.0
5010.0,0.0,0.0,0.0,0.0,0.0,0.0
5011.0,1.6850455040184897e-06,0.0,0.0,0.0,0.0,0.0001404204586682075
5012.0,0.0,0.0,0.0,0.0,0.0,0.0
5013.0,0.0,0.0,0.0,0.0,0.0,0.0
5014.0,0.0,0.0,0.0,0.0,0.0,0.0
5015.0,0.0,0.0,0.0,0.0,0.0,0.0
5016.0,0.0,0.0,0.0,0.0,0.0,0.0
5017.0,0.0,0.0,0.0,0.0,0.0,0.0
5018.0,0.0,0.0,0.0,0.0,0.0,0.0
5019.0,0.0,0.0,0.0,0.0,0.0,0.0
5020.0,0.0,0.0,0.0,0.0,0.0,0.0
5021.0,0.0009437123662792146,0.0,0.0,0.0,0.0,0.07864269718993455
5022.0,0.0,0.0,0.0,0.0,0.0,0.0
5023.0,0.0,0.0,0.0,0.0,0.0,0.0
5024.0,0.0,0.0,0.0,0.0,0.0,0.0
5025.0,0.0,0.0,0.0,0.0,0.0,0.0
5026.0,0.0,0.0,0.0,0.0,0.0,0.0
5027.0,4.496417204791214e-06,0.0,1.0236166190225049e-06,0.0,0.0,0.0003747014337326012
5028.0,3.944381319342938e-07,0.0,1.0236166190225049e-06,0.0,0.0,3.286984432785781e-05
5029.0,0.0,0.0,0.0,0.0,0.0,0.0
5030.0,0.0,0.0,0.0,0.0,0.0,0.0
5031.0,0.0,0.0,0.0,0.0,0.0,0.0
5032.0,0.0,0.0,0.0,0.0,0.0,0.0
5033.0,0.0,0.0,0.0,0.0,0.0,0.0
5034.0,0.0,0.0,0.0,0.0,0.0,0.0
5035.0,0.0,0.0,0.0,0.0,0.0,0.0
5036.0,0.0,0.0,0.0,0.0,0.0,0.0
5037.0,0.0,0.0,0.0,0.0,0.0,0.0
5038.0,0.0,0.0,0.0,0.0,0.0,0.0
5039.0,0.0,0.0,0.0,0.0,0.0,0.0
5040.0,0.0,0.0,0.0,0.0,0.0,0.0
5041.0,0.0,0.0,0.0,0.0,0.0,0.0
5042.0,0.0,0.0,0.0,0.0,0.0,0.0
5043.0,0.0,0.0,0.0,0.0,0.0,0.0
5044.0,0.04032554477453232,0.04685957357287407,0.0,0.0002716664457693696,0.3350694444444444,3.3604620645443597
5045.0,3.4701799449976534e-05,7.268276385730132e-05,0.0,1.6043301229728968e-06,0.0,0.002891816620831378
5046.0,0.0,0.0,0.0,0.0,0.0,0.0
5047.0,0.0,0.0,0.0,0.0,0.0,0.0
5048.0,4.751540529923659e-07,2.6321608856960665e-06,0.0,0.0,0.0,6.580402214240166e-05
5049.0,0.04032118618488312,0.04686899855732918,0.0,0.0002700621262192726,0.3350694444444444,3.3600988487402597
5050.0,0.0,0.0,0.0,0.0,0.0,0.0
5051.0,0.0,0.0,0.0,0.0,0.0,0.0
5052.0,0.0,0.0,0.0,0.0,0.0,0.0
5053.0,0.0,0.0,0.0,0.0,0.0,0.0
5054.0,0.0,0.0,0.0,0.0,0.0,0.0
5055.0,0.0,0.0,0.0,0.0,0.0,0.0
5056.0,0.0,0.0,0.0,0.0,0.0,0.0
5057.0,0.0,0.0,0.0,0.0,0.0,0.0
5058.0,0.0,0.0,0.0,0.0,0.0,0.0
5059.0,0.0,0.0,0.0,0.0,0.0,0.0
5060.0,0.0,0.0,0.0,0.0,0.0,0.0
5061.0,0.0,0.0,0.0,0.0,0.0,0.0
5062.0,0.0,0.0,0.0,0.0,0.0,0.0
5063.0,0.0,0.0,0.0,0.0,0.0,0.0
5064.0,0.0,0.0,0.0,0.0,0.0,0.0
5065.0,3.0933426842238987e-07,0.0,1.0236166190225049e-06,0.0,0.0,2.577785570186582e-05
5066.0,3.0933426842238987e-07,0.0,1.0236166190225049e-06,0.0,0.0,2.577785570186582e-05
5067.0,0.0,0.0,0.0,0.0,0.0,0.0
5068.0,0.0,0.0,0.0,0.0,0.0,0.0
5069.0,0.0,0.0,0.0,0.0,0.0,0.0
5070.0,0.0,0.0,0.0,0.0,0.0,0.0
5071.0,0.0,0.0,0.0,0.0,0.0,0.0
5072.0,0.0,0.0,0.0,0.0,0.0,0.0
5073.0,0.0,0.0,0.0,0.0,0.0,0.0
5074.0,0.0,0.0,0.0,0.0,0.0,0.0
5075.0,0.0,0.0,0.0,0.0,0.0,0.0
5076.0,0.0,0.0,0.0,0.0,0.0,0.0
5077.0,0.0,0.0,0.0,0.0,0.0,0.0
5078.0,0.0,0.0,0.0,0.0,0.0,0.0
5079.0,0.0,0.0,0.0,0.0,0.0,0.0
