timestamp_s,full_change,title_change,header_change,counter_change,hash_change,candidate_score
1.0,0.0,0.0,0.0,0.0,0.0,0.0
2.0,0.0,0.0,0.0,0.0,0.0,0.0
3.0,0.0,0.0,0.0,0.0,0.0,0.0
4.0,0.0,0.0,0.0,0.0,0.0,0.0
5.0,0.0,0.0,0.0,0.0,0.0,0.0
6.0,0.0,0.0,0.0,0.0,0.0,0.0
7.0,0.0,0.0,0.0,0.0,0.0,0.0
8.0,0.00016340831643901765,0.00021558192383963615,0.0005832042079418898,0.00016174990742001683,0.0,0.020218738427502103
9.0,5.226548864811775e-07,2.006788236030843e-06,2.0875324935332173e-06,0.0,0.0,5.016970590077108e-05
10.0,0.0,0.0,0.0,0.0,0.0,0.0
11.0,0.04268430173397064,0.0211913101375103,3.572371497284621e-05,0.0002748022961895913,0.3524305555555556,3.5570251444975534
12.0,1.2737543329421896e-05,1.558239273435902e-05,3.572371497284621e-05,0.0,0.0,0.0010614619441184914
13.0,0.0,0.0,0.0,0.0,0.0,0.0
14.0,0.0,0.0,0.0,0.0,0.0,0.0
15.0,0.0,0.0,0.0,0.0,0.0,0.0
16.0,0.0,0.0,0.0,0.0,0.0,0.0
17.0,0.0,0.0,0.0,0.0,0.0,0.0
18.0,0.0,0.0,0.0,0.0,0.0,0.0
19.0,0.0,0.0,0.0,0.0,0.0,0.0
20.0,0.0,0.0,0.0,0.0,0.0,0.0
21.0,0.0,0.0,0.0,0.0,0.0,0.0
22.0,0.0,0.0,0.0,0.0,0.0,0.0
23.0,5.446639192996372e-07,0.0,0.0,0.0,0.0,4.538865994163643e-05
24.0,0.03338871896266937,0.012376705184578896,0.0,0.00037466036155819893,0.16145833333333334,2.7823932468891144
25.0,0.0,0.0,0.0,0.0,0.0,0.0
26.0,0.0,0.0,0.0,0.0,0.0,0.0
27.0,0.0,0.0,0.0,0.0,0.0,0.0
28.0,0.0001730434742057696,9.083426994038746e-05,0.0,4.555225677904673e-05,0.001736111111111111,0.014420289517147467
29.0,0.0,0.0,0.0,0.0,0.0,0.0
30.0,2.553104536673345e-07,0.0,0.0,0.0,0.0,2.127587113894454e-05
31.0,0.04785113409161568,0.02589372545480728,0.0,0.0003239833749830723,0.1753472222222222,3.9875945076346397
32.0,0.047624893486499786,0.046627406030893326,5.811116716358811e-05,0.0003532392147462815,0.23958333333333334,3.968741123874982
33.0,1.3566327652370092e-05,1.2751012945955154e-05,5.811116716358811e-05,0.0,0.0,0.0011305273043641744
34.0,0.00016541662625968456,0.00018127146176993847,0.0,4.035767778987065e-05,0.0,0.013784718854973713
35.0,0.039385393261909485,0.03632260859012604,0.0,0.0002952821378130466,0.2013888888888889,3.282116105159124
36.0,0.042649637907743454,0.012057830579578876,0.0,0.000495786196552217,0.1909722222222222,3.5541364923119545
37.0,0.0,0.0,0.0,0.0,0.0,0.0
38.0,0.0,0.0,0.0,0.0,0.0,0.0
39.0,0.0,0.0,0.0,0.0,0.0,0.0
40.0,0.0,0.0,0.0,0.0,0.0,0.0
41.0,0.0,0.0,0.0,0.0,0.0,0.0
42.0,0.0,0.0,0.0,0.0,0.0,0.0
43.0,0.00015747259021736681,1.6396470527979545e-05,0.0,4.041914507979527e-05,0.0,0.013122715851447234
44.0,0.0,0.0,0.0,0.0,0.0,0.0
45.0,0.0,0.0,0.0,0.0,0.0,0.0
46.0,0.0,0.0,0.0,0.0,0.0,0.0
47.0,0.0,0.0,0.0,0.0,0.0,0.0
48.0,0.0,0.0,0.0,0.0,0.0,0.0
49.0,0.0,0.0,0.0,0.0,0.0,0.0
50.0,0.04263589158654213,0.012062333524227142,0.0,0.0005120463320054114,0.1909722222222222,3.5529909655451775
51.0,0.0,0.0,0.0,0.0,0.0,0.0
52.0,0.0,0.0,0.0,0.0,0.0,0.0
53.0,0.0,0.0,0.0,0.0,0.0,0.0
54.0,0.0,0.0,0.0,0.0,0.0,0.0
55.0,0.0,0.0,0.0,0.0,0.0,0.0
56.0,0.0,0.0,0.0,0.0,0.0,0.0
57.0,0.0,0.0,0.0,0.0,0.0,0.0
58.0,0.0,0.0,0.0,0.0,0.0,0.0
59.0,0.0,0.0,0.0,0.0,0.0,0.0
60.0,0.03937689960002899,0.036328937858343124,0.0,0.00027784117264673114,0.2013888888888889,3.281408300002416
61.0,0.0,0.0,0.0,0.0,0.0,0.0
62.0,4.175006438345008e-07,2.6996001452062046e-06,0.0,0.0,0.0,6.749000363015512e-05
63.0,0.028759069740772247,0.020643042400479317,0.0,0.0007916197646409273,0.1111111111111111,2.396589145064354
64.0,0.01697629876434803,0.006355536635965109,0.0,0.0006997104501351714,0.06597222222222222,1.4146915636956692
65.0,0.02161707729101181,0.021040048450231552,0.0,0.0004886004608124495,0.11458333333333333,1.8014231075843175
66.0,5.616803946395521e-07,0.0,0.0,0.0,0.0,4.6806699553296007e-05
67.0,0.022574851289391518,0.007742747664451599,0.0,0.0002314838202437386,0.13020833333333334,1.8812376074492931
68.0,0.020039686933159828,0.014470716007053852,0.0,0.000497708038892597,0.11458333333333333,1.6699739110966523
69.0,1.1914513464716947e-07,0.0,0.0,0.0,0.0,9.928761220597456e-06
70.0,0.0,0.0,0.0,0.0,0.0,0.0
71.0,0.0,0.0,0.0,0.0,0.0,0.0
72.0,0.0,0.0,0.0,0.0,0.0,0.0
73.0,0.0,0.0,0.0,0.0,0.0,0.0
74.0,0.0,0.0,0.0,0.0,0.0,0.0
75.0,0.0,0.0,0.0,0.0,0.0,0.0
76.0,0.0,0.0,0.0,0.0,0.0,0.0
77.0,0.0,0.0,0.0,0.0,0.0,0.0
78.0,0.0,0.0,0.0,0.0,0.0,0.0
79.0,0.0,0.0,0.0,0.0,0.0,0.0
80.0,0.0,0.0,0.0,0.0,0.0,0.0
81.0,0.0,0.0,0.0,0.0,0.0,0.0
82.0,0.0,0.0,0.0,0.0,0.0,0.0
83.0,0.0,0.0,0.0,0.0,0.0,0.0
84.0,0.0,0.0,0.0,0.0,0.0,0.0
85.0,0.0,0.0,0.0,0.0,0.0,0.0
86.0,0.0,0.0,0.0,0.0,0.0,0.0
87.0,0.0,0.0,0.0,0.0,0.0,0.0
88.0,0.0,0.0,0.0,0.0,0.0,0.0
89.0,0.0,0.0,0.0,0.0,0.0,0.0
90.0,0.0,0.0,0.0,0.0,0.0,0.0
91.0,0.0,0.0,0.0,0.0,0.0,0.0
92.0,0.0,0.0,0.0,0.0,0.0,0.0
93.0,1.1914513464716947e-07,0.0,0.0,0.0,0.0,9.928761220597456e-06
94.0,1.1914513464716947e-07,0.0,0.0,0.0,0.0,9.928761220597456e-06
95.0,0.0,0.0,0.0,0.0,0.0,0.0
96.0,8.576126856496558e-05,1.0640345635692938e-06,8.630534466647077e-06,0.0,0.003472222222222222,0.023148148148148147
97.0,0.0,0.0,0.0,0.0,0.0,0.0
98.0,8.50013384479098e-05,0.0,0.0,0.0,0.003472222222222222,0.023148148148148147
99.0,0.0001390080142300576,0.0,0.0,0.0,0.0,0.011584001185838133
100.0,9.509463416179642e-05,0.0,0.0,0.0,0.0,0.007924552846816368
101.0,0.0,0.0,0.0,0.0,0.0,0.0
102.0,3.5317243600729853e-06,1.849838326961617e-06,1.535411320219282e-05,0.0,0.0,0.00029431036333941546
103.0,0.00023519195383414626,0.0,0.0,0.0,0.0,0.019599329486178856
104.0,0.0,0.0,0.0,0.0,0.0,0.0
105.0,0.0,0.0,0.0,0.0,0.0,0.0
106.0,0.0,0.0,0.0,0.0,0.0,0.0
107.0,0.0,0.0,0.0,0.0,0.0,0.0
108.0,0.0,0.0,0.0,0.0,0.0,0.0
109.0,0.00018964457558467984,0.0,0.0,0.0,0.001736111111111111,0.015803714632056653
110.0,3.2877192097657826e-06,1.2374755442579044e-06,1.0694011507439427e-05,0.0,0.0,0.0002739766008138152
111.0,0.0,0.0,0.0,0.0,0.0,0.0
112.0,0.0,0.0,0.0,0.0,0.0,0.0
113.0,0.0,0.0,0.0,0.0,0.0,0.0
114.0,0.0,0.0,0.0,0.0,0.0,0.0
115.0,0.0,0.0,0.0,0.0,0.0,0.0
116.0,0.0,0.0,0.0,0.0,0.0,0.0
117.0,0.020916452631354332,0.0019828439690172672,0.0,0.0005160376895219088,0.11805555555555555,1.7430377192795277
118.0,0.0,0.0,0.0,0.0,0.0,0.0
119.0,0.0,0.0,0.0,0.0,0.0,0.0
120.0,0.020919740200042725,0.0019828439690172672,0.0,0.0004913685261271894,0.11805555555555555,1.7433116833368938
121.0,0.0,0.0,0.0,0.0,0.0,0.0
122.0,0.0,0.0,0.0,0.0,0.0,0.0
123.0,0.0,0.0,0.0,0.0,0.0,0.0
124.0,0.0,0.0,0.0,0.0,0.0,0.0
125.0,8.249536767834798e-05,0.0,1.0236166190225049e-06,3.507991641527042e-05,0.0,0.006874613973195665
126.0,5.135835294822755e-07,0.0,1.0236166190225049e-06,0.0,0.0,4.279862745685629e-05
127.0,0.020924095064401627,0.001986114075407386,0.0,0.0004916809848509729,0.11805555555555555,1.7436745887001355
128.0,1.1897466720256489e-05,0.0,0.0,0.0,0.0,0.0009914555600213741
129.0,0.0,0.0,0.0,0.0,0.0,0.0
130.0,0.0,0.0,0.0,0.0,0.0,0.0
131.0,0.0,0.0,0.0,0.0,0.0,0.0
132.0,0.0,0.0,0.0,0.0,0.0,0.0
133.0,0.0,0.0,0.0,0.0,0.0,0.0
134.0,0.00011539124534465373,2.442708137095906e-05,0.0,4.599772728397511e-05,0.0,0.009615937112054477
135.0,0.0,0.0,0.0,0.0,0.0,0.0
136.0,0.0,0.0,0.0,0.0,0.0,0.0
137.0,0.0,0.0,0.0,0.0,0.0,0.0
138.0,4.161559627391398e-05,0.0,0.0,0.0,0.003472222222222222,0.023148148148148147
139.0,0.0002416768402326852,0.0,0.0,0.0,0.001736111111111111,0.020139736686057102
140.0,0.0,0.0,0.0,0.0,0.0,0.0
141.0,0.0,0.0,0.0,0.0,0.0,0.0
142.0,2.3318348212342244e-06,0.0,0.0,0.0,0.0,0.00019431956843618536
143.0,5.9231992963759694e-06,0.0,0.0,0.0,0.0,0.0004935999413646641
144.0,0.0003564814105629921,0.0,0.0,0.0,0.005208333333333333,0.034722222222222224
145.0,6.444034806918353e-05,0.0,0.0,0.0,0.003472222222222222,0.023148148148148147
146.0,0.0,0.0,0.0,0.0,0.0,0.0
147.0,0.0,0.0,0.0,0.0,0.0,0.0
148.0,0.0002026313595706597,0.0,0.0,0.0,0.0,0.01688594663088831
149.0,5.12493061251007e-05,0.0,0.0,0.0,0.0,0.004270775510425058
150.0,6.538899469887838e-06,0.0,1.0236166190225049e-06,0.0,0.0,0.0005449082891573198
151.0,5.402421265898738e-08,0.0,1.0236166190225049e-06,0.0,0.0,4.5020177215822814e-06
152.0,0.0,0.0,0.0,0.0,0.0,0.0
153.0,0.029550638049840927,0.006492897402495146,0.0,0.00027803899138234556,0.16666666666666666,2.4625531708200774
154.0,0.0,0.0,0.0,0.0,0.0,0.0
155.0,0.0,0.0,0.0,0.0,0.0,0.0
156.0,0.0,0.0,0.0,0.0,0.0,0.0
157.0,0.0,0.0,0.0,0.0,0.0,0.0
158.0,0.0,0.0,0.0,0.0,0.0,0.0
159.0,0.0,0.0,0.0,0.0,0.0,0.0
160.0,0.0,0.0,0.0,0.0,0.0,0.0
161.0,7.008113698248053e-07,0.0,1.0236166190225049e-06,0.0,0.0,5.840094748540044e-05
162.0,7.008113698248053e-07,0.0,1.0236166190225049e-06,0.0,0.0,5.840094748540044e-05
163.0,0.0,0.0,0.0,0.0,0.0,0.0
164.0,0.0,0.0,0.0,0.0,0.0,0.0
165.0,0.0,0.0,0.0,0.0,0.0,0.0
166.0,0.0,0.0,0.0,0.0,0.0,0.0
167.0,0.0,0.0,0.0,0.0,0.0,0.0
168.0,0.0,0.0,0.0,0.0,0.0,0.0
169.0,0.0,0.0,0.0,0.0,0.0,0.0
170.0,0.0,0.0,0.0,0.0,0.0,0.0
171.0,0.0,0.0,0.0,0.0,0.0,0.0
172.0,0.0,0.0,0.0,0.0,0.0,0.0
173.0,0.0,0.0,0.0,0.0,0.0,0.0
174.0,0.0,0.0,0.0,0.0,0.0,0.0
175.0,0.0,0.0,0.0,0.0,0.0,0.0
176.0,0.0,0.0,0.0,0.0,0.0,0.0
177.0,0.0,0.0,0.0,0.0,0.0,0.0
178.0,0.0,0.0,0.0,0.0,0.0,0.0
179.0,0.0,0.0,0.0,0.0,0.0,0.0
180.0,0.0,0.0,0.0,0.0,0.0,0.0
181.0,0.0,0.0,0.0,0.0,0.0,0.0
182.0,0.0,0.0,0.0,0.0,0.0,0.0
183.0,0.0,0.0,0.0,0.0,0.0,0.0
184.0,0.0,0.0,0.0,0.0,0.0,0.0
185.0,7.373364496743307e-05,0.0,0.0,0.0,0.0,0.006144470413952756
186.0,2.096506477755611e-06,0.0,1.0236166190225049e-06,0.0,0.0,0.0001747088731463009
187.0,7.008113698248053e-07,0.0,1.0236166190225049e-06,0.0,0.0,5.840094748540044e-05
188.0,0.0,0.0,0.0,0.0,0.0,0.0
189.0,0.0,0.0,0.0,0.0,0.0,0.0
190.0,0.0,0.0,0.0,0.0,0.0,0.0
191.0,0.0,0.0,0.0,0.0,0.0,0.0
192.0,0.0,0.0,0.0,0.0,0.0,0.0
193.0,8.222697215387598e-05,0.0,0.0,0.0,0.0,0.006852247679489665
194.0,7.129969162633643e-05,0.0,0.0,0.0,0.0,0.0059416409688613685
195.0,5.00408532388974e-06,0.0,0.0,0.0,0.0,0.000417007110324145
196.0,0.0,0.0,0.0,0.0,0.0,0.0
197.0,0.0,0.0,0.0,0.0,0.0,0.0
198.0,0.0,0.0,0.0,0.0,0.0,0.0
199.0,0.0,0.0,0.0,0.0,0.0,0.0
200.0,0.0,0.0,0.0,0.0,0.0,0.0
201.0,0.0,0.0,0.0,0.0,0.0,0.0
202.0,0.0,0.0,0.0,0.0,0.0,0.0
203.0,5.957239750387089e-07,0.0,0.0,0.0,0.0,4.9643664586559076e-05
204.0,0.0,0.0,0.0,0.0,0.0,0.0
205.0,0.0,0.0,0.0,0.0,0.0,0.0
206.0,0.0,0.0,0.0,0.0,0.0,0.0
207.0,0.0,0.0,0.0,0.0,0.0,0.0
208.0,0.0,0.0,0.0,0.0,0.0,0.0
209.0,0.0,0.0,0.0,0.0,0.0,0.0
210.0,0.0,0.0,0.0,0.0,0.0,0.0
211.0,7.008113698248053e-07,0.0,1.0236166190225049e-06,0.0,0.0,5.840094748540044e-05
212.0,7.008113698248053e-07,0.0,1.0236166190225049e-06,0.0,0.0,5.840094748540044e-05
213.0,0.0,0.0,0.0,0.0,0.0,0.0
214.0,0.0,0.0,0.0,0.0,0.0,0.0
215.0,0.031195590272545815,0.024195637553930283,1.0236166190225049e-06,0.0007368097431026399,0.18055555555555555,2.599632522712151
216.0,1.8159457226829545e-07,2.745950382632145e-07,1.0236166190225049e-06,0.0,0.0,1.5132881022357953e-05
217.0,0.0,0.0,0.0,0.0,0.0,0.0
218.0,0.0,0.0,0.0,0.0,0.0,0.0
219.0,0.0,0.0,0.0,0.0,0.0,0.0
220.0,0.0,0.0,0.0,0.0,0.0,0.0
221.0,0.0,0.0,0.0,0.0,0.0,0.0
222.0,0.0,0.0,0.0,0.0,0.0,0.0
223.0,0.0,0.0,0.0,0.0,0.0,0.0
224.0,0.0,0.0,0.0,0.0,0.0,0.0
225.0,0.0,0.0,0.0,0.0,0.0,0.0
226.0,0.0,0.0,0.0,0.0,0.0,0.0
227.0,0.0,0.0,0.0,0.0,0.0,0.0
228.0,0.0,0.0,0.0,0.0,0.0,0.0
229.0,0.0,0.0,0.0,0.0,0.0,0.0
230.0,0.0,0.0,0.0,0.0,0.0,0.0
231.0,0.0,0.0,0.0,0.0,0.0,0.0
232.0,0.0,0.0,0.0,0.0,0.0,0.0
233.0,0.0,0.0,0.0,0.0,0.0,0.0
234.0,0.0,0.0,0.0,0.0,0.0,0.0
235.0,0.0,0.0,0.0,0.0,0.0,0.0
236.0,0.0,0.0,0.0,0.0,0.0,0.0
237.0,0.0,0.0,0.0,0.0,0.0,0.0
238.0,0.0,0.0,0.0,0.0,0.0,0.0
239.0,0.0,0.0,0.0,0.0,0.0,0.0
240.0,1.8159457226829545e-07,2.745950382632145e-07,1.0236166190225049e-06,0.0,0.0,1.5132881022357953e-05
241.0,1.8159457226829545e-07,2.745950382632145e-07,1.0236166190225049e-06,0.0,0.0,1.5132881022357953e-05
242.0,0.0,0.0,0.0,0.0,0.0,0.0
243.0,0.0,0.0,0.0,0.0,0.0,0.0
244.0,0.0,0.0,0.0,0.0,0.0,0.0
245.0,0.0,0.0,0.0,0.0,0.0,0.0
246.0,0.0,0.0,0.0,0.0,0.0,0.0
247.0,0.0,0.0,0.0,0.0,0.0,0.0
248.0,0.00014734813885297626,0.0,0.0,0.0,0.0,0.012279011571081355
249.0,0.00027939467690885067,0.0,0.0,0.0,0.0,0.023282889742404222
250.0,0.0,0.0,0.0,0.0,0.0,0.0
251.0,0.0,0.0,0.0,0.0,0.0,0.0
252.0,0.0,0.0,0.0,0.0,0.0,0.0
253.0,0.0,0.0,0.0,0.0,0.0,0.0
254.0,0.0,0.0,0.0,0.0,0.0,0.0
255.0,0.0,0.0,0.0,0.0,0.0,0.0
256.0,0.0,0.0,0.0,0.0,0.0,0.0
257.0,1.2425122122294852e-06,0.0,0.0,0.0,0.0,0.0001035426843524571
258.0,0.0,0.0,0.0,0.0,0.0,0.0
259.0,0.0,0.0,0.0,0.0,0.0,0.0
260.0,0.0,0.0,0.0,0.0,0.0,0.0
261.0,0.0,0.0,0.0,0.0,0.0,0.0
262.0,0.0,0.0,0.0,0.0,0.0,0.0
263.0,0.0,0.0,0.0,0.0,0.0,0.0
264.0,0.0,0.0,0.0,0.0,0.0,0.0
265.0,1.8159457226829545e-07,2.745950382632145e-07,1.0236166190225049e-06,0.0,0.0,1.5132881022357953e-05
266.0,1.8159457226829545e-07,2.745950382632145e-07,1.0236166190225049e-06,0.0,0.0,1.5132881022357953e-05
267.0,0.0,0.0,0.0,0.0,0.0,0.0
268.0,0.0,0.0,0.0,0.0,0.0,0.0
269.0,0.0,0.0,0.0,0.0,0.0,0.0
270.0,0.0,0.0,0.0,0.0,0.0,0.0
271.0,0.0,0.0,0.0,0.0,0.0,0.0
272.0,0.0,0.0,0.0,0.0,0.0,0.0
273.0,0.0,0.0,0.0,0.0,0.0,0.0
274.0,0.0,0.0,0.0,0.0,0.0,0.0
275.0,0.0,0.0,0.0,0.0,0.0,0.0
276.0,0.0,0.0,0.0,0.0,0.0,0.0
277.0,0.0,0.0,0.0,0.0,0.0,0.0
278.0,0.0,0.0,0.0,0.0,0.0,0.0
279.0,0.0,0.0,0.0,0.0,0.0,0.0
280.0,0.0,0.0,0.0,0.0,0.0,0.0
281.0,0.0,0.0,0.0,0.0,0.0,0.0
282.0,0.0,0.0,0.0,0.0,0.0,0.0
283.0,0.0004452273715287447,0.0,0.0,0.0,0.008680555555555556,0.05787037037037038
284.0,0.00012738286750391126,0.0,0.0,0.0,0.0,0.01061523895865927
285.0,0.0,0.0,0.0,0.0,0.0,0.0
286.0,0.0,0.0,0.0,0.0,0.0,0.0
287.0,0.0002242306072730571,0.0,0.0,0.0,0.005208333333333333,0.034722222222222224
288.0,0.00013499113265424967,0.0,0.0,0.0,0.005208333333333333,0.034722222222222224
289.0,0.00027377784135751426,0.0,0.0,0.0,0.005208333333333333,0.034722222222222224
290.0,0.00030297975172288716,2.745950382632145e-07,1.0236166190225049e-06,0.0,0.006944444444444444,0.046296296296296294
291.0,3.0073920243012253e-07,2.745950382632145e-07,1.0236166190225049e-06,0.0,0.0,2.506160020251021e-05
292.0,0.0,0.0,0.0,0.0,0.0,0.0
293.0,0.0,0.0,0.0,0.0,0.0,0.0
294.0,0.0,0.0,0.0,0.0,0.0,0.0
295.0,0.0,0.0,0.0,0.0,0.0,0.0
296.0,0.0,0.0,0.0,0.0,0.0,0.0
297.0,0.0,0.0,0.0,0.0,0.0,0.0
298.0,0.0,0.0,0.0,0.0,0.0,0.0
299.0,1.1403865300962934e-06,0.0,0.0,0.0,0.0,9.503221084135778e-05
300.0,0.00018086188356392086,0.0,0.0,0.0,0.005208333333333333,0.034722222222222224
301.0,0.0,0.0,0.0,0.0,0.0,0.0
302.0,0.0,0.0,0.0,0.0,0.0,0.0
303.0,9.914553811540827e-05,0.0,0.0,0.0,0.001736111111111111,0.011574074074074073
304.0,0.00028164140530861914,0.0,0.0,0.0,0.005208333333333333,0.034722222222222224
305.0,0.00017720245523378253,0.0,0.0,0.0,0.003472222222222222,0.023148148148148147
306.0,5.701932423107792e-06,0.0,0.0,0.0,0.0,0.0004751610352589826
307.0,4.476446974877035e-06,0.0,0.0,0.0,0.0,0.0003730372479064196
308.0,0.0,0.0,0.0,0.0,0.0,0.0
309.0,0.0,0.0,0.0,0.0,0.0,0.0
310.0,0.0,0.0,0.0,0.0,0.0,0.0
311.0,0.0,0.0,0.0,0.0,0.0,0.0
312.0,0.0,0.0,0.0,0.0,0.0,0.0
313.0,0.0,0.0,0.0,0.0,0.0,0.0
314.0,0.0,0.0,0.0,0.0,0.0,0.0
315.0,9.279118967242539e-05,2.745950382632145e-07,1.0236166190225049e-06,0.0,0.005208333333333333,0.034722222222222224
316.0,5.946467354078777e-05,2.745950382632145e-07,1.0236166190225049e-06,0.0,0.001736111111111111,0.011574074074074073
317.0,0.0,0.0,0.0,0.0,0.0,0.0
318.0,0.0,0.0,0.0,0.0,0.0,0.0
319.0,0.0,0.0,0.0,0.0,0.0,0.0
320.0,0.0,0.0,0.0,0.0,0.0,0.0
321.0,0.0,0.0,0.0,0.0,0.0,0.0
322.0,8.260143658844754e-05,0.0,0.0,0.0,0.0,0.006883453049037295
323.0,7.143585389712825e-05,0.0,0.0,0.0,0.006944444444444444,0.046296296296296294
324.0,0.0,0.0,0.0,0.0,0.0,0.0
325.0,0.0,0.0,0.0,0.0,0.0,0.0
326.0,0.0,0.0,0.0,0.0,0.0,0.0
327.0,0.0,0.0,0.0,0.0,0.0,0.0
328.0,0.0,0.0,0.0,0.0,0.0,0.0
329.0,5.904479621676728e-05,0.0,0.0,0.0,0.0,0.004920399684730607
330.0,0.00014573118824046105,0.0,0.0,0.0,0.0,0.012144265686705088
331.0,6.164896331029013e-05,0.0,0.0,0.0,0.0,0.005137413609190844
332.0,2.9990464099682868e-05,0.0,0.0,0.0,0.0,0.002499205341640239
333.0,0.00018758508667815477,0.0,0.0,0.0,0.0,0.015632090556512896
334.0,0.00021951593225821853,0.0,0.0,0.0,0.0,0.018292994354851544
335.0,2.2263073333306238e-05,0.0,0.0,0.0,0.0,0.001855256111108853
336.0,0.0,0.0,0.0,0.0,0.0,0.0
337.0,0.00020297177252359688,0.0,0.0,0.0,0.001736111111111111,0.016914314376966406
338.0,0.00028606681735254824,0.0,0.0,0.0,0.003472222222222222,0.023838901446045686
339.0,8.597152191214263e-05,0.0,0.0,0.0,0.005208333333333333,0.034722222222222224
340.0,2.632575160532724e-06,2.745950382632145e-07,1.0236166190225049e-06,0.0,0.0,0.000219381263377727
341.0,3.007389750564471e-07,2.745950382632145e-07,1.0236166190225049e-06,0.0,0.0,2.5061581254703924e-05
342.0,0.00020804395899176598,0.0,0.0,0.0,0.005208333333333333,0.034722222222222224
343.0,6.22446823399514e-05,0.0,0.0,0.0,0.001736111111111111,0.011574074074074073
344.0,0.00012624247756320983,0.0,0.0,0.0,0.001736111111111111,0.011574074074074073
345.0,0.00011996184912277386,0.0,0.0,0.0,0.003472222222222222,0.023148148148148147
346.0,0.00010096674668602645,0.0,0.0,0.0,0.001736111111111111,0.011574074074074073
347.0,0.00015068422362674028,0.0,0.0,0.0,0.003472222222222222,0.023148148148148147
348.0,0.000150871419464238,0.0,0.0,0.0,0.003472222222222222,0.023148148148148147
349.0,0.00015912647359073162,0.0,0.0,0.0,0.001736111111111111,0.013260539465894302
350.0,0.00012605525262188166,0.0,0.0,0.0,0.001736111111111111,0.011574074074074073
351.0,0.0,0.0,0.0,0.0,0.0,0.0
352.0,0.0,0.0,0.0,0.0,0.0,0.0
353.0,0.0,0.0,0.0,0.0,0.0,0.0
354.0,0.0,0.0,0.0,0.0,0.0,0.0
355.0,0.0,0.0,0.0,0.0,0.0,0.0
356.0,0.0,0.0,0.0,0.0,0.0,0.0
357.0,2.29779061555746e-06,0.0,0.0,0.0,0.0,0.000191482551296455
358.0,0.0,0.0,0.0,0.0,0.0,0.0
359.0,0.0,0.0,0.0,0.0,0.0,0.0
360.0,0.0,0.0,0.0,0.0,0.0,0.0
361.0,0.0,0.0,0.0,0.0,0.0,0.0
362.0,0.0,0.0,0.0,0.0,0.0,0.0
363.0,0.0,0.0,0.0,0.0,0.0,0.0
364.0,0.0,0.0,0.0,0.0,0.0,0.0
365.0,3.177594010139728e-07,2.745950382632145e-07,1.0236166190225049e-06,0.0,0.0,2.6479950084497734e-05
366.0,3.177594010139728e-07,2.745950382632145e-07,1.0236166190225049e-06,0.0,0.0,2.6479950084497734e-05
367.0,0.0,0.0,0.0,0.0,0.0,0.0
368.0,0.0,0.0,0.0,0.0,0.0,0.0
369.0,0.0036466328892856836,0.0,0.0,0.0,0.050347222222222224,0.3356481481481482
370.0,0.0,0.0,0.0,0.0,0.0,0.0
371.0,0.0,0.0,0.0,0.0,0.0,0.0
372.0,0.0,0.0,0.0,0.0,0.0,0.0
373.0,0.0,0.0,0.0,0.0,0.0,0.0
374.0,4.0849613469617907e-07,0.0,0.0,0.0,0.0,3.404134455801492e-05
375.0,0.0,0.0,0.0,0.0,0.0,0.0
376.0,0.0,0.0,0.0,0.0,0.0,0.0
377.0,0.0,0.0,0.0,0.0,0.0,0.0
378.0,0.0,0.0,0.0,0.0,0.0,0.0
379.0,0.0,0.0,0.0,0.0,0.0,0.0
380.0,0.0,0.0,0.0,0.0,0.0,0.0
381.0,0.0,0.0,0.0,0.0,0.0,0.0
382.0,0.0,0.0,0.0,0.0,0.0,0.0
383.0,0.0,0.0,0.0,0.0,0.0,0.0
384.0,0.0,0.0,0.0,0.0,0.0,0.0
385.0,0.0,0.0,0.0,0.0,0.0,0.0
386.0,0.0,0.0,0.0,0.0,0.0,0.0
387.0,0.0,0.0,0.0,0.0,0.0,0.0
388.0,0.0,0.0,0.0,0.0,0.0,0.0
389.0,0.0,0.0,0.0,0.0,0.0,0.0
390.0,1.8159457226829545e-07,2.745950382632145e-07,1.0236166190225049e-06,0.0,0.0,1.5132881022357953e-05
391.0,1.8159457226829545e-07,2.745950382632145e-07,1.0236166190225049e-06,0.0,0.0,1.5132881022357953e-05
392.0,0.0,0.0,0.0,0.0,0.0,0.0
393.0,0.0,0.0,0.0,0.0,0.0,0.0
394.0,0.0,0.0,0.0,0.0,0.0,0.0
395.0,0.0,0.0,0.0,0.0,0.0,0.0
396.0,0.0,0.0,0.0,0.0,0.0,0.0
397.0,0.0,0.0,0.0,0.0,0.0,0.0
398.0,0.0,0.0,0.0,0.0,0.0,0.0
399.0,0.0,0.0,0.0,0.0,0.0,0.0
400.0,0.0,0.0,0.0,0.0,0.0,0.0
401.0,0.0,0.0,0.0,0.0,0.0,0.0
402.0,0.0,0.0,0.0,0.0,0.0,0.0
403.0,6.230669669093913e-07,4.0288118725584354e-06,0.0,0.0,0.0,0.00010072029681396089
404.0,0.036838188767433167,0.02818620204925537,0.0,0.0006679504876956344,0.17708333333333334,3.069849063952764
405.0,0.0,0.0,0.0,0.0,0.0,0.0
406.0,0.0,0.0,0.0,0.0,0.0,0.0
407.0,0.0,0.0,0.0,0.0,0.0,0.0
408.0,0.0,0.0,0.0,0.0,0.0,0.0
409.0,0.0,0.0,0.0,0.0,0.0,0.0
410.0,0.0,0.0,0.0,0.0,0.0,0.0
411.0,8.161423465935513e-05,0.0005234333220869303,0.0,0.0,0.003472222222222222,0.023148148148148147
412.0,0.0003312396875116974,0.002137536182999611,0.0,0.0,0.003472222222222222,0.05343840457499027
413.0,1.639092806726694e-05,0.0,0.0,0.0,0.003472222222222222,0.023148148148148147
414.0,0.00017989172192756087,0.00012766665895469487,0.0,0.0,0.005208333333333333,0.034722222222222224
415.0,0.00029241552692838013,3.3017246892086405e-07,0.0,0.0,0.0,0.02436796057736501
416.0,0.0,0.0,0.0,0.0,0.0,0.0
417.0,0.00034853271790780127,0.0,0.0,0.0,0.008680555555555556,0.05787037037037038
418.0,0.0,0.0,0.0,0.0,0.0,0.0
419.0,0.0,0.0,0.0,0.0,0.0,0.0
420.0,1.7018455764628015e-05,1.0906276656896807e-05,3.572371497284621e-05,0.0,0.0,0.0014182046470523346
421.0,9.052770110429265e-06,1.0025818482972682e-05,3.572371497284621e-05,0.0,0.0,0.0007543975092024388
422.0,0.0,0.0,0.0,0.0,0.0,0.0
423.0,2.241624861198943e-05,0.0,0.0,0.0,0.003472222222222222,0.023148148148148147
424.0,0.00035447298432700336,0.0,0.0,0.0,0.003472222222222222,0.02953941536058361
425.0,0.0001271786168217659,0.0,0.0,0.0,0.001736111111111111,0.011574074074074073
426.0,0.00023297926236409694,0.0,0.0,0.0,0.001736111111111111,0.019414938530341413
427.0,0.00013228482566773891,0.0,0.0,0.0,0.001736111111111111,0.011574074074074073
428.0,0.00024104707699734718,0.0,0.0,0.0,0.001736111111111111,0.020087256416445598
429.0,0.00028747948817908764,0.0,0.0,0.0,0.005208333333333333,0.034722222222222224
430.0,3.404139192753064e-08,0.0,0.0,0.0,0.0,2.8367826606275535e-06
431.0,0.0,0.0,0.0,0.0,0.0,0.0
432.0,0.0,0.0,0.0,0.0,0.0,0.0
433.0,0.0,0.0,0.0,0.0,0.0,0.0
434.0,0.0,0.0,0.0,0.0,0.0,0.0
435.0,0.0,0.0,0.0,0.0,0.0,0.0
436.0,0.0,0.0,0.0,0.0,0.0,0.0
437.0,1.4637809044870664e-06,0.0,0.0,0.0,0.0,0.00012198174204058887
438.0,0.0,0.0,0.0,0.0,0.0,0.0
439.0,0.0,0.0,0.0,0.0,0.0,0.0
440.0,0.0,0.0,0.0,0.0,0.0,0.0
441.0,0.0,0.0,0.0,0.0,0.0,0.0
442.0,0.0,0.0,0.0,0.0,0.0,0.0
443.0,0.0,0.0,0.0,0.0,0.0,0.0
444.0,0.0,0.0,0.0,0.0,0.0,0.0
445.0,9.08680976863252e-06,1.0025818482972682e-05,3.572371497284621e-05,0.0,0.0,0.0007572341473860433
446.0,0.002639294834807515,0.0027849050238728523,3.572371497284621e-05,0.0,0.043402777777777776,0.28935185185185186
447.0,0.0,0.0,0.0,0.0,0.0,0.0
448.0,0.0,0.0,0.0,0.0,0.0,0.0
449.0,0.0,0.0,0.0,0.0,0.0,0.0
450.0,0.0,0.0,0.0,0.0,0.0,0.0
451.0,0.0,0.0,0.0,0.0,0.0,0.0
452.0,0.0,0.0,0.0,0.0,0.0,0.0
453.0,0.0,0.0,0.0,0.0,0.0,0.0
454.0,7.82951701694401e-07,0.0,0.0,0.0,0.0,6.524597514120008e-05
455.0,0.0,0.0,0.0,0.0,0.0,0.0
456.0,0.0,0.0,0.0,0.0,0.0,0.0
457.0,0.0,0.0,0.0,0.0,0.0,0.0
458.0,0.0,0.0,0.0,0.0,0.0,0.0
459.0,0.0,0.0,0.0,0.0,0.0,0.0
460.0,0.0,0.0,0.0,0.0,0.0,0.0
461.0,0.0,0.0,0.0,0.0,0.0,0.0
462.0,0.00019250402692705393,0.0,0.0,0.0,0.001736111111111111,0.01604200224392116
463.0,3.2271236705128103e-05,0.0,0.0,0.0,0.0,0.002689269725427342
464.0,0.0,0.0,0.0,0.0,0.0,0.0
465.0,7.54527427488938e-05,0.0,0.0,0.0,0.0,0.006287728562407817
466.0,0.00013546770787797868,0.0,0.0,0.0,0.0,0.011288975656498224
467.0,3.325843863422051e-05,0.0,0.0,0.0,0.0,0.002771536552851709
468.0,0.0003534517309162766,0.0,0.0,0.0,0.0,0.029454310909689713
469.0,0.0003789316979236901,0.0,0.0,0.0,0.0,0.03157764149364084
470.0,1.827798769227229e-05,9.255416443920694e-06,3.572371497284621e-05,0.0,0.0,0.0015231656410226908
471.0,8.6953368736431e-06,9.255416443920694e-06,3.572371497284621e-05,0.0,0.0,0.000724611406136925
472.0,0.0,0.0,0.0,0.0,0.0,0.0
473.0,0.0,0.0,0.0,0.0,0.0,0.0
474.0,0.0,0.0,0.0,0.0,0.0,0.0
475.0,0.0,0.0,0.0,0.0,0.0,0.0
476.0,0.0,0.0,0.0,0.0,0.0,0.0
477.0,0.0,0.0,0.0,0.0,0.0,0.0
478.0,0.0,0.0,0.0,0.0,0.0,0.0
479.0,0.0,0.0,0.0,0.0,0.0,0.0
480.0,0.0,0.0,0.0,0.0,0.0,0.0
481.0,0.0,0.0,0.0,0.0,0.0,0.0
482.0,0.0,0.0,0.0,0.0,0.0,0.0
483.0,0.0,0.0,0.0,0.0,0.0,0.0
484.0,0.0,0.0,0.0,0.0,0.0,0.0
485.0,0.0,0.0,0.0,0.0,0.0,0.0
486.0,0.0,0.0,0.0,0.0,0.0,0.0
487.0,0.0,0.0,0.0,0.0,0.0,0.0
488.0,0.0,0.0,0.0,0.0,0.0,0.0
489.0,0.0,0.0,0.0,0.0,0.0,0.0
490.0,0.0,0.0,0.0,0.0,0.0,0.0
491.0,0.0,0.0,0.0,0.0,0.0,0.0
492.0,0.0,0.0,0.0,0.0,0.0,0.0
493.0,0.0,0.0,0.0,0.0,0.0,0.0
494.0,0.0,0.0,0.0,0.0,0.0,0.0
495.0,8.6953368736431e-06,9.255416443920694e-06,3.572371497284621e-05,0.0,0.0,0.000724611406136925
496.0,8.6953368736431e-06,9.255416443920694e-06,3.572371497284621e-05,0.0,0.0,0.000724611406136925
497.0,0.0,0.0,0.0,0.0,0.0,0.0
498.0,0.0,0.0,0.0,0.0,0.0,0.0
499.0,0.0,0.0,0.0,0.0,0.0,0.0
500.0,0.0,0.0,0.0,0.0,0.0,0.0
501.0,0.0,0.0,0.0,0.0,0.0,0.0
502.0,0.0,0.0,0.0,0.0,0.0,0.0
503.0,0.0,0.0,0.0,0.0,0.0,0.0
504.0,0.0,0.0,0.0,0.0,0.0,0.0
505.0,0.0,0.0,0.0,0.0,0.0,0.0
506.0,0.0,0.0,0.0,0.0,0.0,0.0
507.0,0.0,0.0,0.0,0.0,0.0,0.0
508.0,0.0,0.0,0.0,0.0,0.0,0.0
509.0,0.0,0.0,0.0,0.0,0.0,0.0
510.0,0.0,0.0,0.0,0.0,0.0,0.0
511.0,0.0,0.0,0.0,0.0,0.0,0.0
512.0,0.0,0.0,0.0,0.0,0.0,0.0
513.0,0.0,0.0,0.0,0.0,0.0,0.0
514.0,0.0,0.0,0.0,0.0,0.0,0.0
515.0,0.0,0.0,0.0,0.0,0.0,0.0
516.0,0.0,0.0,0.0,0.0,0.0,0.0
517.0,0.038518864661455154,0.025039315223693848,1.0236166190225049e-06,0.0004107767890673131,0.11284722222222222,3.209905388454596
518.0,5.674381782228011e-07,1.0085675512527814e-06,1.0236166190225049e-06,0.0,0.0,4.728651485190009e-05
519.0,0.0,0.0,0.0,0.0,0.0,0.0
520.0,0.0,0.0,0.0,0.0,0.0,0.0
521.0,0.0,0.0,0.0,0.0,0.0,0.0
522.0,0.0,0.0,0.0,0.0,0.0,0.0
523.0,0.0,0.0,0.0,0.0,0.0,0.0
524.0,0.0,0.0,0.0,0.0,0.0,0.0
525.0,0.0,0.0,0.0,0.0,0.0,0.0
526.0,0.0,0.0,0.0,0.0,0.0,0.0
527.0,0.0,0.0,0.0,0.0,0.0,0.0
528.0,0.0,0.0,0.0,0.0,0.0,0.0
529.0,0.0,0.0,0.0,0.0,0.0,0.0
530.0,0.0,0.0,0.0,0.0,0.0,0.0
531.0,0.0,0.0,0.0,0.0,0.0,0.0
532.0,0.0,0.0,0.0,0.0,0.0,0.0
533.0,0.0,0.0,0.0,0.0,0.0,0.0
534.0,0.0,0.0,0.0,0.0,0.0,0.0
535.0,0.0,0.0,0.0,0.0,0.0,0.0
536.0,0.0,0.0,0.0,0.0,0.0,0.0
537.0,0.00011494074715301394,0.0,0.0,0.0,0.005208333333333333,0.034722222222222224
538.0,0.0,0.0,0.0,0.0,0.0,0.0
539.0,0.0,0.0,0.0,0.0,0.0,0.0
540.0,0.0,0.0,0.0,0.0,0.0,0.0
541.0,0.00011516201630001888,0.0,0.0,0.0,0.005208333333333333,0.034722222222222224
542.0,7.887080641921784e-07,1.0085675512527814e-06,1.0236166190225049e-06,0.0,0.0,6.572567201601487e-05
543.0,8.893888298189268e-05,0.000570886128116399,1.0236166190225049e-06,0.0,0.003472222222222222,0.023148148148148147
544.0,0.00028906241641379893,0.0018437928520143032,0.0,0.0,0.006944444444444444,0.046296296296296294
545.0,0.0002514807565603405,0.0,0.0,0.0,0.006944444444444444,0.046296296296296294
546.0,0.00019286148017272353,0.0,0.0,0.0,0.005208333333333333,0.034722222222222224
547.0,0.0,0.0,0.0,0.0,0.0,0.0
548.0,0.00045632480760104954,0.0,0.0,0.0,0.008680555555555556,0.05787037037037038
549.0,0.0001431950950063765,0.0,0.0,0.0,0.0,0.01193292458386471
550.0,0.0002522637078072876,0.0,0.0,0.0,0.003472222222222222,0.023148148148148147
551.0,0.0002476000227034092,1.2656602848437615e-05,0.0,0.0,0.003472222222222222,0.023148148148148147
552.0,0.0002874795172829181,0.0,0.0,0.0,0.006944444444444444,0.046296296296296294
553.0,0.00022686885495204479,0.0,0.0,0.0,0.003472222222222222,0.023148148148148147
554.0,0.0002635314012877643,0.0,0.0,0.0,0.003472222222222222,0.023148148148148147
555.0,0.0002110225468641147,0.0,0.0,0.0,0.003472222222222222,0.023148148148148147
556.0,5.106234723939451e-08,0.0,0.0,0.0,0.0,4.255195603282876e-06
557.0,0.0002291836281074211,0.001480382983572781,0.0,0.0,0.003472222222222222,0.03700957458931953
558.0,0.00024627242237329483,0.0015877991681918502,0.0,0.0,0.005208333333333333,0.039694979204796255
559.0,0.00011723856732714921,0.000680265249684453,0.0,0.0,0.001736111111111111,0.017006631242111325
560.0,0.0,0.0,0.0,0.0,0.0,0.0
561.0,0.0,0.0,0.0,0.0,0.0,0.0
562.0,0.0,0.0,0.0,0.0,0.0,0.0
563.0,0.0,0.0,0.0,0.0,0.0,0.0
564.0,0.0,0.0,0.0,0.0,0.0,0.0
565.0,0.0,0.0,0.0,0.0,0.0,0.0
566.0,0.0,0.0,0.0,0.0,0.0,0.0
567.0,5.844585757586174e-07,1.0085675512527814e-06,1.0236166190225049e-06,0.0,0.0,4.8704881313218117e-05
568.0,5.844585757586174e-07,1.0085675512527814e-06,1.0236166190225049e-06,0.0,0.0,4.8704881313218117e-05
569.0,0.00013737402332480997,0.0,0.0,0.0,0.005208333333333333,0.034722222222222224
570.0,0.00026242504827678204,0.0,0.0,0.0,0.003472222222222222,0.023148148148148147
571.0,0.00030642349156551063,0.0,0.0,0.0,0.006944444444444444,0.046296296296296294
572.0,0.00011134937085444108,0.0,0.0,0.0,0.003472222222222222,0.023148148148148147
573.0,6.236381886992604e-05,0.0,0.0,0.0,0.003472222222222222,0.023148148148148147
574.0,0.00019611242169048637,0.0,0.0,0.0,0.003472222222222222,0.023148148148148147
575.0,0.0,0.0,0.0,0.0,0.0,0.0
576.0,0.00019961870566476136,0.0,0.0,0.0,0.006944444444444444,0.046296296296296294
577.0,0.00016059025074355304,0.0,0.0,0.0,0.001736111111111111,0.013382520895296087
578.0,0.00024266404216177762,0.0,0.0,0.0,0.006944444444444444,0.046296296296296294
579.0,8.224399789469317e-05,0.0,0.0,0.0,0.003472222222222222,0.023148148148148147
580.0,0.00013374861737247556,0.0,0.0,0.0,0.0,0.011145718114372963
581.0,0.00016287101607304066,0.0,0.0,0.0,0.005208333333333333,0.034722222222222224
582.0,8.549494668841362e-05,0.0,0.0,0.0,0.001736111111111111,0.011574074074074073
583.0,0.0,0.0,0.0,0.0,0.0,0.0
584.0,9.276283890358172e-06,0.0,0.0,0.0,0.0,0.0007730236575298477
585.0,0.0,0.0,0.0,0.0,0.0,0.0
586.0,0.0,0.0,0.0,0.0,0.0,0.0
587.0,0.0,0.0,0.0,0.0,0.0,0.0
588.0,0.0,0.0,0.0,0.0,0.0,0.0
589.0,0.0,0.0,0.0,0.0,0.0,0.0
590.0,0.0,0.0,0.0,0.0,0.0,0.0
591.0,0.0,0.0,0.0,0.0,0.0,0.0
592.0,6.695620982100081e-07,1.0085675512527814e-06,1.0236166190225049e-06,0.0,0.0,5.5796841517500674e-05
593.0,6.695620982100081e-07,1.0085675512527814e-06,1.0236166190225049e-06,0.0,0.0,5.5796841517500674e-05
594.0,0.0,0.0,0.0,0.0,0.0,0.0
595.0,0.0,0.0,0.0,0.0,0.0,0.0
596.0,0.0,0.0,0.0,0.0,0.0,0.0
597.0,0.0,0.0,0.0,0.0,0.0,0.0
598.0,0.0,0.0,0.0,0.0,0.0,0.0
599.0,0.0,0.0,0.0,0.0,0.0,0.0
600.0,5.9691570641007274e-05,0.0,0.0,0.0,0.003472222222222222,0.023148148148148147
601.0,0.00027381189283914864,0.0,0.0,0.0,0.005208333333333333,0.034722222222222224
602.0,0.0,0.0,0.0,0.0,0.0,0.0
603.0,0.0,0.0,0.0,0.0,0.0,0.0
604.0,0.0,0.0,0.0,0.0,0.0,0.0
605.0,0.0,0.0,0.0,0.0,0.0,0.0
606.0,0.0,0.0,0.0,0.0,0.0,0.0
607.0,0.0,0.0,0.0,0.0,0.0,0.0
608.0,0.0,0.0,0.0,0.0,0.0,0.0
609.0,3.1998922622733517e-06,0.0,0.0,0.0,0.0,0.0002666576885227793
610.0,0.0,0.0,0.0,0.0,0.0,0.0
611.0,0.0,0.0,0.0,0.0,0.0,0.0
612.0,0.0,0.0,0.0,0.0,0.0,0.0
613.0,0.0,0.0,0.0,0.0,0.0,0.0
614.0,0.0,0.0,0.0,0.0,0.0,0.0
615.0,9.14521879167296e-05,0.0,0.0,0.0,0.001736111111111111,0.011574074074074073
616.0,8.94607583177276e-05,0.0,0.0,0.0,0.001736111111111111,0.011574074074074073
617.0,2.4907751594582805e-06,1.0085675512527814e-06,1.0236166190225049e-06,0.0,0.0,0.00020756459662152338
618.0,7.036034617158293e-07,1.0085675512527814e-06,1.0236166190225049e-06,0.0,0.0,5.863362180965244e-05
619.0,0.0,0.0,0.0,0.0,0.0,0.0
620.0,0.0,0.0,0.0,0.0,0.0,0.0
621.0,0.0,0.0,0.0,0.0,0.0,0.0
622.0,0.0,0.0,0.0,0.0,0.0,0.0
623.0,0.0,0.0,0.0,0.0,0.0,0.0
624.0,0.00021703087259083986,0.0,0.0,0.0,0.001736111111111111,0.018085906049236655
625.0,0.00014099942927714437,0.0,0.0,0.0,0.003472222222222222,0.023148148148148147
626.0,2.876495727832662e-06,0.0,0.0,0.0,0.0,0.00023970797731938848
627.0,0.0,0.0,0.0,0.0,0.0,0.0
628.0,0.0,0.0,0.0,0.0,0.0,0.0
629.0,0.0003037002752535045,0.0,0.0,0.0,0.006944444444444444,0.046296296296296294
630.0,0.00020275049610063434,0.0,0.0,0.0,0.003472222222222222,0.023148148148148147
631.0,0.0,0.0,0.0,0.0,0.0,0.0
632.0,0.0004466570680961013,0.0,0.0,0.0,0.010416666666666666,0.06944444444444445
633.0,0.0001040134666254744,0.0,0.0,0.0,0.0,0.008667788885456199
634.0,8.135889402183238e-06,0.0,0.0,0.0,0.0,0.0006779907835152699
635.0,5.672997212968767e-05,0.0,0.0,0.0,0.001736111111111111,0.011574074074074073
636.0,6.913806282682344e-05,0.0,0.0,0.0,0.0,0.00576150523556862
637.0,0.0,0.0,0.0,0.0,0.0,0.0
638.0,0.0,0.0,0.0,0.0,0.0,0.0
639.0,0.0,0.0,0.0,0.0,0.0,0.0
640.0,0.0,0.0,0.0,0.0,0.0,0.0
641.0,0.0,0.0,0.0,0.0,0.0,0.0
642.0,2.0822799342568032e-06,1.0085675512527814e-06,1.0236166190225049e-06,0.0,0.0,0.0001735233278547336
643.0,7.376451094387448e-07,1.0085675512527814e-06,1.0236166190225049e-06,0.0,0.0,6.147042578656207e-05
644.0,0.0,0.0,0.0,0.0,0.0,0.0
645.0,0.0,0.0,0.0,0.0,0.0,0.0
646.0,0.007650240324437618,0.0061281099915504456,0.0,0.0,0.1579861111111111,1.0532407407407407
647.0,0.0,0.0,0.0,0.0,0.0,0.0
648.0,0.0,0.0,0.0,0.0,0.0,0.0
649.0,0.0,0.0,0.0,0.0,0.0,0.0
650.0,0.0,0.0,0.0,0.0,0.0,0.0
651.0,1.753129140524834e-06,0.0,0.0,0.0,0.0,0.00014609409504373616
652.0,0.0,0.0,0.0,0.0,0.0,0.0
653.0,0.0,0.0,0.0,0.0,0.0,0.0
654.0,0.0,0.0,0.0,0.0,0.0,0.0
655.0,0.0,0.0,0.0,0.0,0.0,0.0
656.0,0.0,0.0,0.0,0.0,0.0,0.0
657.0,0.0,0.0,0.0,0.0,0.0,0.0
658.0,0.0,0.0,0.0,0.0,0.0,0.0
659.0,0.0,0.0,0.0,0.0,0.0,0.0
660.0,0.0,0.0,0.0,0.0,0.0,0.0
661.0,0.0,0.0,0.0,0.0,0.0,0.0
662.0,0.0,0.0,0.0,0.0,0.0,0.0
663.0,0.0,0.0,0.0,0.0,0.0,0.0
664.0,0.0,0.0,0.0,0.0,0.0,0.0
665.0,0.0,0.0,0.0,0.0,0.0,0.0
666.0,0.0,0.0,0.0,0.0,0.0,0.0
667.0,5.674381782228011e-07,1.0085675512527814e-06,1.0236166190225049e-06,0.0,0.0,4.728651485190009e-05
668.0,0.00015007723413873464,0.0009676433983258903,1.0236166190225049e-06,0.0,0.005208333333333333,0.034722222222222224
669.0,0.00020749926625285298,0.001338078873232007,0.0,0.0,0.003472222222222222,0.033451971830800176
670.0,0.00015231818542815745,0.000984904239885509,0.0,0.0,0.003472222222222222,0.024622605997137725
671.0,0.00021124382328707725,0.0,0.0,0.0,0.008680555555555556,0.05787037037037038
672.0,6.411695358110592e-05,0.0,0.0,0.0,0.003472222222222222,0.023148148148148147
673.0,0.00011774915765272453,0.0,0.0,0.0,0.005208333333333333,0.034722222222222224
674.0,0.0002968749322462827,0.0,0.0,0.0,0.003472222222222222,0.024739577687190224
675.0,0.000383986858651042,0.0,0.0,0.0,0.006944444444444444,0.046296296296296294
676.0,1.4876100976835005e-05,2.6413787054480053e-05,0.0,0.0,0.0,0.0012396750814029172
677.0,0.0,0.0,0.0,0.0,0.0,0.0
678.0,0.0,0.0,0.0,0.0,0.0,0.0
679.0,0.0,0.0,0.0,0.0,0.0,0.0
680.0,0.0,0.0,0.0,0.0,0.0,0.0
681.0,0.0002297623286722228,6.889597716508433e-05,0.0,0.0,0.005208333333333333,0.034722222222222224
682.0,0.00012688928109128028,0.0,0.0,0.0,0.001736111111111111,0.011574074074074073
683.0,0.00013979096547700465,0.0,0.0,0.0,0.003472222222222222,0.023148148148148147
684.0,0.00015926263586152345,4.4023161649420217e-07,0.0,0.0,0.001736111111111111,0.013271886321793621
685.0,0.0,0.0,0.0,0.0,0.0,0.0
686.0,0.0,0.0,0.0,0.0,0.0,0.0
687.0,0.0,0.0,0.0,0.0,0.0,0.0
688.0,0.0,0.0,0.0,0.0,0.0,0.0
689.0,0.0,0.0,0.0,0.0,0.0,0.0
690.0,0.0,0.0,0.0,0.0,0.0,0.0
691.0,0.0,0.0,0.0,0.0,0.0,0.0
692.0,0.04170180484652519,0.013419204391539097,0.0,0.000270449643721804,0.2326388888888889,3.4751504038770995
693.0,0.0,0.0,0.0,0.0,0.0,0.0
694.0,0.0,0.0,0.0,0.0,0.0,0.0
695.0,0.0,0.0,0.0,0.0,0.0,0.0
696.0,0.0,0.0,0.0,0.0,0.0,0.0
697.0,0.0,0.0,0.0,0.0,0.0,0.0
698.0,0.0,0.0,0.0,0.0,0.0,0.0
699.0,0.0,0.0,0.0,0.0,0.0,0.0
700.0,0.0,0.0,0.0,0.0,0.0,0.0
701.0,0.0,0.0,0.0,0.0,0.0,0.0
702.0,0.0,0.0,0.0,0.0,0.0,0.0
703.0,0.0,0.0,0.0,0.0,0.0,0.0
704.0,0.0,0.0,0.0,0.0,0.0,0.0
705.0,0.0,0.0,0.0,0.0,0.0,0.0
706.0,0.0,0.0,0.0,0.0,0.0,0.0
707.0,0.0,0.0,0.0,0.0,0.0,0.0
708.0,0.0,0.0,0.0,0.0,0.0,0.0
709.0,0.0,0.0,0.0,0.0,0.0,0.0
710.0,0.0,0.0,0.0,0.0,0.0,0.0
711.0,0.0,0.0,0.0,0.0,0.0,0.0
712.0,0.0,0.0,0.0,0.0,0.0,0.0
713.0,0.0,0.0,0.0,0.0,0.0,0.0
714.0,0.0,0.0,0.0,0.0,0.0,0.0
715.0,0.0,0.0,0.0,0.0,0.0,0.0
716.0,0.0,0.0,0.0,0.0,0.0,0.0
717.0,0.0,0.0,0.0,0.0,0.0,0.0
718.0,0.0,0.0,0.0,0.0,0.0,0.0
719.0,0.0,0.0,0.0,0.0,0.0,0.0
720.0,0.0,0.0,0.0,0.0,0.0,0.0
721.0,0.0,0.0,0.0,0.0,0.0,0.0
722.0,0.0,0.0,0.0,0.0,0.0,0.0
723.0,0.0,0.0,0.0,0.0,0.0,0.0
724.0,0.0,0.0,0.0,0.0,0.0,0.0
725.0,0.0,0.0,0.0,0.0,0.0,0.0
726.0,0.0,0.0,0.0,0.0,0.0,0.0
727.0,0.0,0.0,0.0,0.0,0.0,0.0
728.0,0.0,0.0,0.0,0.0,0.0,0.0
729.0,0.0,0.0,0.0,0.0,0.0,0.0
730.0,0.0,0.0,0.0,0.0,0.0,0.0
731.0,0.00010493258741917089,0.0,0.0,0.0,0.0,0.008744382284930907
732.0,0.00037460846942849457,0.0,0.0,0.0,0.0,0.031217372452374548
733.0,7.999726221896708e-05,0.0,0.0,0.0,0.0,0.006666438518247257
734.0,5.97426787862787e-06,0.0,0.0,0.0,0.0,0.0004978556565523226
735.0,0.0,0.0,0.0,0.0,0.0,0.0
736.0,0.0,0.0,0.0,0.0,0.0,0.0
737.0,0.0,0.0,0.0,0.0,0.0,0.0
738.0,0.0,0.0,0.0,0.0,0.0,0.0
739.0,0.0,0.0,0.0,0.0,0.0,0.0
740.0,0.0,0.0,0.0,0.0,0.0,0.0
741.0,0.0,0.0,0.0,0.0,0.0,0.0
742.0,1.3174016203265637e-05,0.0,0.0,0.0,0.0,0.0010978346836054698
743.0,0.00026955673820339143,0.0,0.0,0.0,0.0,0.022463061516949285
744.0,1.3293162737681996e-05,0.0,0.0,0.0,0.0,0.0011077635614734997
745.0,0.0,0.0,0.0,0.0,0.0,0.0
746.0,0.0,0.0,0.0,0.0,0.0,0.0
747.0,4.8628127842675894e-05,0.0,0.0,0.0,0.0,0.004052343986889658
748.0,0.0003281419340055436,0.0,0.0,0.0,0.003472222222222222,0.027345161167128634
749.0,0.00039334825123660266,0.0,0.0,0.0,0.006944444444444444,0.046296296296296294
750.0,0.0,0.0,0.0,0.0,0.0,0.0
751.0,4.5717581087956205e-05,0.0,0.0,0.0,0.0,0.0038097984239963503
752.0,0.0001969294244190678,0.0,0.0,0.0,0.0,0.01641078536825565
753.0,0.00023931096075102687,0.0,0.0,0.0,0.001736111111111111,0.019942580062585574
754.0,5.664486889145337e-05,0.0,0.0,0.0,0.0,0.0047204057409544475
755.0,0.0,0.0,0.0,0.0,0.0,0.0
756.0,0.0,0.0,0.0,0.0,0.0,0.0
757.0,0.0,0.0,0.0,0.0,0.0,0.0
758.0,6.348717761284206e-06,0.0,0.0,0.0,0.0,0.0005290598134403505
759.0,4.9870600378199015e-06,0.0,0.0,0.0,0.0,0.00041558833648499177
760.0,0.0,0.0,0.0,0.0,0.0,0.0
761.0,0.0,0.0,0.0,0.0,0.0,0.0
762.0,5.516406963579357e-05,0.0,0.0,0.0,0.0,0.004597005802982797
763.0,0.00010833672422450036,0.0,0.0,0.0,0.0,0.009028060352041697
764.0,0.0,0.0,0.0,0.0,0.0,0.0
765.0,0.0,0.0,0.0,0.0,0.0,0.0
766.0,0.0,0.0,0.0,0.0,0.0,0.0
767.0,5.4364096286008134e-05,0.0,0.0,0.0,0.0,0.0045303413571673445
768.0,0.00042248773388564587,0.0,0.0,0.0,0.001736111111111111,0.035207311157137156
769.0,0.0,0.0,0.0,0.0,0.0,0.0
770.0,0.0002085886080749333,0.0,0.0,0.0,0.0,0.01738238400624444
771.0,0.0002661185571923852,0.0,0.0,0.0,0.0,0.022176546432698768
772.0,0.0,0.0,0.0,0.0,0.0,0.0
773.0,2.5054465368157253e-05,0.0,0.0,0.0,0.0,0.0020878721140131042
774.0,0.00036172379623167217,0.0,0.0,0.0,0.0,0.03014364968597268
775.0,1.7463233234593645e-05,0.0,0.0,0.0,0.0,0.0014552694362161371
776.0,1.3633575690619182e-05,0.0,0.0,0.0,0.0,0.0011361313075515984
777.0,0.0,0.0,0.0,0.0,0.0,0.0
778.0,0.0,0.0,0.0,0.0,0.0,0.0
779.0,0.0,0.0,0.0,0.0,0.0,0.0
780.0,0.0,0.0,0.0,0.0,0.0,0.0
781.0,0.0,0.0,0.0,0.0,0.0,0.0
782.0,0.0,0.0,0.0,0.0,0.0,0.0
783.0,0.0,0.0,0.0,0.0,0.0,0.0
784.0,0.0,0.0,0.0,0.0,0.0,0.0
785.0,0.0,0.0,0.0,0.0,0.0,0.0
786.0,0.0,0.0,0.0,0.0,0.0,0.0
787.0,0.0,0.0,0.0,0.0,0.0,0.0
788.0,0.0,0.0,0.0,0.0,0.0,0.0
789.0,0.0,0.0,0.0,0.0,0.0,0.0
790.0,0.0,0.0,0.0,0.0,0.0,0.0
791.0,0.0,0.0,0.0,0.0,0.0,0.0
792.0,9.191155072585389e-07,0.0,0.0,0.0,0.0,7.659295893821157e-05
793.0,9.191155072585389e-07,0.0,0.0,0.0,0.0,7.659295893821157e-05
794.0,0.0,0.0,0.0,0.0,0.0,0.0
795.0,0.0,0.0,0.0,0.0,0.0,0.0
796.0,0.0,0.0,0.0,0.0,0.0,0.0
797.0,0.0,0.0,0.0,0.0,0.0,0.0
798.0,0.0,0.0,0.0,0.0,0.0,0.0
799.0,0.0,0.0,0.0,0.0,0.0,0.0
800.0,0.0,0.0,0.0,0.0,0.0,0.0
801.0,0.0,0.0,0.0,0.0,0.0,0.0
802.0,0.0,0.0,0.0,0.0,0.0,0.0
803.0,0.0,0.0,0.0,0.0,0.0,0.0
804.0,0.0,0.0,0.0,0.0,0.0,0.0
805.0,0.0,0.0,0.0,0.0,0.0,0.0
806.0,0.0,0.0,0.0,0.0,0.0,0.0
807.0,0.0,0.0,0.0,0.0,0.0,0.0
808.0,0.0,0.0,0.0,0.0,0.0,0.0
809.0,0.0,0.0,0.0,0.0,0.0,0.0
810.0,0.0,0.0,0.0,0.0,0.0,0.0
811.0,0.0,0.0,0.0,0.0,0.0,0.0
812.0,0.0,0.0,0.0,0.0,0.0,0.0
813.0,0.0,0.0,0.0,0.0,0.0,0.0
814.0,0.0,0.0,0.0,0.0,0.0,0.0
815.0,0.0,0.0,0.0,0.0,0.0,0.0
816.0,0.0,0.0,0.0,0.0,0.0,0.0
817.0,9.191155072585389e-07,0.0,0.0,0.0,0.0,7.659295893821157e-05
818.0,9.191155072585389e-07,0.0,0.0,0.0,0.0,7.659295893821157e-05
819.0,0.0,0.0,0.0,0.0,0.0,0.0
820.0,0.0,0.0,0.0,0.0,0.0,0.0
821.0,0.0,0.0,0.0,0.0,0.0,0.0
822.0,0.00022348170750774443,0.001436250051483512,0.0,0.0,0.008680555555555556,0.05787037037037038
823.0,0.000118838477646932,0.0007684212760068476,0.0,0.0,0.001736111111111111,0.01921053190017119
824.0,0.00026535263168625534,0.0017155759269371629,0.0,0.0,0.008680555555555556,0.05787037037037038
825.0,0.00022858790180180222,0.0014779617777094245,0.0,0.0,0.005208333333333333,0.03694904444273561
826.0,0.0002691822883207351,0.0017404488753527403,0.0,0.0,0.005208333333333333,0.04351122188381851
827.0,0.00011701726180035621,0.0003126732772216201,0.0,0.0,0.003472222222222222,0.023148148148148147
828.0,5.717251042369753e-05,0.0,0.0,0.0,0.001736111111111111,0.011574074074074073
829.0,0.00012448935012798756,0.0,0.0,0.0,0.001736111111111111,0.011574074074074073
830.0,0.00015342453843913972,0.0,0.0,0.0,0.003472222222222222,0.023148148148148147
831.0,0.00023685998166911304,0.0012800784315913916,0.0,0.0,0.003472222222222222,0.03200196078978479
832.0,0.00028819439467042685,0.00032081754761748016,0.0,0.0,0.003472222222222222,0.024016199555868905
833.0,0.0001856276940088719,0.0,0.0,0.0,0.001736111111111111,0.015468974500739325
834.0,1.4467601431533694e-05,3.378767360118218e-05,0.0,0.0,0.0,0.0012056334526278079
835.0,0.00019345720647834241,0.0003444798931013793,0.0,0.0,0.005208333333333333,0.034722222222222224
836.0,0.0002587656199466437,0.0,0.0,0.0,0.001736111111111111,0.02156380166222031
837.0,0.00012188518303446472,0.0,0.0,0.0,0.001736111111111111,0.011574074074074073
838.0,0.0002152607194148004,0.0,0.0,0.0,0.003472222222222222,0.023148148148148147
839.0,0.00015876903489697725,0.0,0.0,0.0,0.003472222222222222,0.023148148148148147
840.0,0.0,0.0,0.0,0.0,0.0,0.0
841.0,0.0,0.0,0.0,0.0,0.0,0.0
842.0,1.160813098977087e-05,2.641384753587772e-06,0.0,0.0,0.0,0.0009673442491475726
843.0,9.191155072585389e-07,0.0,0.0,0.0,0.0,7.659295893821157e-05
844.0,0.0,0.0,0.0,0.0,0.0,0.0
845.0,0.0,0.0,0.0,0.0,0.0,0.0
846.0,0.0,0.0,0.0,0.0,0.0,0.0
847.0,0.0,0.0,0.0,0.0,0.0,0.0
848.0,0.05019690468907356,0.035891350358724594,0.0,0.0003888314822688699,0.21354166666666666,4.18307539075613
849.0,0.0,0.0,0.0,0.0,0.0,0.0
850.0,0.0,0.0,0.0,0.0,0.0,0.0
851.0,0.0,0.0,0.0,0.0,0.0,0.0
852.0,0.0,0.0,0.0,0.0,0.0,0.0
853.0,0.0,0.0,0.0,0.0,0.0,0.0
854.0,0.0,0.0,0.0,0.0,0.0,0.0
855.0,0.0,0.0,0.0,0.0,0.0,0.0
856.0,4.7421553972526453e-07,1.2862471976404777e-06,1.0236166190225049e-06,0.0,0.0,3.951796164377205e-05
857.0,4.7421553972526453e-07,1.2862471976404777e-06,1.0236166190225049e-06,0.0,0.0,3.951796164377205e-05
858.0,0.0,0.0,0.0,0.0,0.0,0.0
859.0,0.0,0.0,0.0,0.0,0.0,0.0
860.0,0.0,0.0,0.0,0.0,0.0,0.0
861.0,0.0,0.0,0.0,0.0,0.0,0.0
862.0,0.0,0.0,0.0,0.0,0.0,0.0
863.0,0.0,0.0,0.0,0.0,0.0,0.0
864.0,0.0,0.0,0.0,0.0,0.0,0.0
865.0,0.0,0.0,0.0,0.0,0.0,0.0
866.0,0.0,0.0,0.0,0.0,0.0,0.0
867.0,0.0,0.0,0.0,0.0,0.0,0.0
868.0,0.0,0.0,0.0,0.0,0.0,0.0
869.0,0.0,0.0,0.0,0.0,0.0,0.0
870.0,0.0,0.0,0.0,0.0,0.0,0.0
871.0,0.0,0.0,0.0,0.0,0.0,0.0
872.0,0.0,0.0,0.0,0.0,0.0,0.0
873.0,0.0,0.0,0.0,0.0,0.0,0.0
874.0,0.0,0.0,0.0,0.0,0.0,0.0
875.0,0.0,0.0,0.0,0.0,0.0,0.0
876.0,0.0,0.0,0.0,0.0,0.0,0.0
877.0,0.0,0.0,0.0,0.0,0.0,0.0
878.0,0.0,0.0,0.0,0.0,0.0,0.0
879.0,0.0,0.0,0.0,0.0,0.0,0.0
880.0,0.0,0.0,0.0,0.0,0.0,0.0
881.0,4.7421553972526453e-07,1.2862471976404777e-06,1.0236166190225049e-06,0.0,0.0,3.951796164377205e-05
882.0,4.7421553972526453e-07,1.2862471976404777e-06,1.0236166190225049e-06,0.0,0.0,3.951796164377205e-05
883.0,0.0,0.0,0.0,0.0,0.0,0.0
884.0,0.0,0.0,0.0,0.0,0.0,0.0
885.0,0.0,0.0,0.0,0.0,0.0,0.0
886.0,0.0,0.0,0.0,0.0,0.0,0.0
887.0,0.0,0.0,0.0,0.0,0.0,0.0
888.0,0.0,0.0,0.0,0.0,0.0,0.0
889.0,0.0,0.0,0.0,0.0,0.0,0.0
890.0,0.0,0.0,0.0,0.0,0.0,0.0
891.0,0.0,0.0,0.0,0.0,0.0,0.0
892.0,0.0,0.0,0.0,0.0,0.0,0.0
893.0,0.0,0.0,0.0,0.0,0.0,0.0
894.0,0.0,0.0,0.0,0.0,0.0,0.0
895.0,0.0,0.0,0.0,0.0,0.0,0.0
896.0,0.0,0.0,0.0,0.0,0.0,0.0
897.0,0.0,0.0,0.0,0.0,0.0,0.0
898.0,0.0,0.0,0.0,0.0,0.0,0.0
899.0,0.0,0.0,0.0,0.0,0.0,0.0
900.0,0.0,0.0,0.0,0.0,0.0,0.0
901.0,0.0,0.0,0.0,0.0,0.0,0.0
902.0,0.0,0.0,0.0,0.0,0.0,0.0
903.0,5.5215132306329906e-05,0.0,0.0,0.0,0.0,0.004601261025527492
904.0,0.0002580677391961217,0.0,0.0,0.0,0.0,0.021505644933010142
905.0,5.106234723939451e-08,0.0,0.0,0.0,0.0,4.255195603282876e-06
906.0,9.179023618344218e-05,1.2862471976404777e-06,1.0236166190225049e-06,0.0,0.0,0.007649186348620181
907.0,0.00023838947527110577,1.2862471976404777e-06,1.0236166190225049e-06,0.0,0.0,0.01986578960592548
908.0,0.0,0.0,0.0,0.0,0.0,0.0
909.0,4.2041108827106655e-05,0.0,0.0,0.0,0.0,0.003503425735592221
910.0,0.000317452970193699,0.0,0.0,0.0,0.005208333333333333,0.034722222222222224
911.0,4.595587233779952e-05,0.0,0.0,0.0,0.0,0.0038296560281499597
912.0,0.0,0.0,0.0,0.0,0.0,0.0
913.0,4.699412966147065e-05,0.0,0.0,0.0,0.0,0.003916177471789221
914.0,4.867917959927581e-05,0.0,0.0,0.0,0.0,0.004056598299939651
915.0,9.361378033645451e-06,0.0,0.0,0.0,0.0,0.000780114836137121
916.0,0.0,0.0,0.0,0.0,0.0,0.0
917.0,0.0,0.0,0.0,0.0,0.0,0.0
918.0,0.0,0.0,0.0,0.0,0.0,0.0
919.0,0.0,0.0,0.0,0.0,0.0,0.0
920.0,0.0,0.0,0.0,0.0,0.0,0.0
921.0,0.0,0.0,0.0,0.0,0.0,0.0
922.0,9.701794624561444e-06,0.0,0.0,0.0,0.0,0.0008084828853801204
923.0,9.158835746347904e-05,0.0,0.0,0.0,0.0,0.007632363121956587
924.0,0.0,0.0,0.0,0.0,0.0,0.0
925.0,0.0004529036523308605,0.0,0.0,0.0,0.0,0.03774197102757171
926.0,0.00029905358678661287,0.0,0.0,0.0,0.005208333333333333,0.034722222222222224
927.0,0.0,0.0,0.0,0.0,0.0,0.0
928.0,0.0,0.0,0.0,0.0,0.0,0.0
929.0,0.0,0.0,0.0,0.0,0.0,0.0
930.0,0.0,0.0,0.0,0.0,0.0,0.0
931.0,6.2272065406432375e-06,1.2862471976404777e-06,1.0236166190225049e-06,0.0,0.0,0.0005189338783869365
932.0,4.912362214781751e-07,1.2862471976404777e-06,1.0236166190225049e-06,0.0,0.0,4.0936351789847926e-05
933.0,0.0,0.0,0.0,0.0,0.0,0.0
934.0,0.0,0.0,0.0,0.0,0.0,0.0
935.0,0.0,0.0,0.0,0.0,0.0,0.0
936.0,0.0,0.0,0.0,0.0,0.0,0.0
937.0,0.0,0.0,0.0,0.0,0.0,0.0
938.0,0.0,0.0,0.0,0.0,0.0,0.0
939.0,0.0,0.0,0.0,0.0,0.0,0.0
940.0,0.0,0.0,0.0,0.0,0.0,0.0
941.0,0.0,0.0,0.0,0.0,0.0,0.0
942.0,0.0,0.0,0.0,0.0,0.0,0.0
943.0,0.0,0.0,0.0,0.0,0.0,0.0
944.0,0.0,0.0,0.0,0.0,0.0,0.0
945.0,0.0,0.0,0.0,0.0,0.0,0.0
946.0,0.0,0.0,0.0,0.0,0.0,0.0
947.0,0.0,0.0,0.0,0.0,0.0,0.0
948.0,0.0,0.0,0.0,0.0,0.0,0.0
949.0,0.0,0.0,0.0,0.0,0.0,0.0
950.0,0.0,0.0,0.0,0.0,0.0,0.0
951.0,0.0,0.0,0.0,0.0,0.0,0.0
952.0,0.0,0.0,0.0,0.0,0.0,0.0
953.0,0.0,0.0,0.0,0.0,0.0,0.0
954.0,0.0,0.0,0.0,0.0,0.0,0.0
955.0,0.0,0.0,0.0,0.0,0.0,0.0
956.0,4.912362214781751e-07,1.2862471976404777e-06,1.0236166190225049e-06,0.0,0.0,4.0936351789847926e-05
957.0,4.912362214781751e-07,1.2862471976404777e-06,1.0236166190225049e-06,0.0,0.0,4.0936351789847926e-05
958.0,0.0,0.0,0.0,0.0,0.0,0.0
959.0,0.0,0.0,0.0,0.0,0.0,0.0
960.0,0.0,0.0,0.0,0.0,0.0,0.0
961.0,0.0,0.0,0.0,0.0,0.0,0.0
962.0,0.0,0.0,0.0,0.0,0.0,0.0
963.0,0.0,0.0,0.0,0.0,0.0,0.0
964.0,0.0,0.0,0.0,0.0,0.0,0.0
965.0,0.0,0.0,0.0,0.0,0.0,0.0
966.0,0.0,0.0,0.0,0.0,0.0,0.0
967.0,0.0,0.0,0.0,0.0,0.0,0.0
968.0,0.0019917446188628674,0.0,0.0,0.0,0.010416666666666666,0.16597871823857227
969.0,0.0,0.0,0.0,0.0,0.0,0.0
970.0,0.0,0.0,0.0,0.0,0.0,0.0
971.0,0.0,0.0,0.0,0.0,0.0,0.0
972.0,0.04182219132781029,0.03050966188311577,5.811116716358811e-05,0.0004074479511473328,0.1527777777777778,3.4851826106508574
973.0,1.434984278603224e-05,1.990840428334195e-05,5.811116716358811e-05,0.0,0.0,0.0011958202321693534
974.0,0.0,0.0,0.0,0.0,0.0,0.0
975.0,0.0,0.0,0.0,0.0,0.0,0.0
976.0,0.0,0.0,0.0,0.0,0.0,0.0
977.0,0.0,0.0,0.0,0.0,0.0,0.0
978.0,0.0,0.0,0.0,0.0,0.0,0.0
979.0,0.0,0.0,0.0,0.0,0.0,0.0
980.0,0.0,0.0,0.0,0.0,0.0,0.0
981.0,0.0,0.0,0.0,0.0,0.0,0.0
982.0,0.0,0.0,0.0,0.0,0.0,0.0
983.0,0.0,0.0,0.0,0.0,0.0,0.0
984.0,0.0,0.0,0.0,0.0,0.0,0.0
985.0,0.0,0.0,0.0,0.0,0.0,0.0
986.0,0.0,0.0,0.0,0.0,0.0,0.0
987.0,0.0,0.0,0.0,0.0,0.0,0.0
988.0,0.0,0.0,0.0,0.0,0.0,0.0
989.0,5.106202394244974e-08,0.0,0.0,0.0,0.0,4.255168661870812e-06
990.0,5.106202394244974e-08,0.0,0.0,0.0,0.0,4.255168661870812e-06
991.0,0.0,0.0,0.0,0.0,0.0,0.0
992.0,0.0,0.0,0.0,0.0,0.0,0.0
993.0,2.7726708140107803e-05,0.0,0.0,0.0,0.0,0.0023105590116756503
994.0,0.00012305959535297006,0.0,0.0,0.0,0.0,0.010254966279414171
995.0,0.00020193352247588336,0.0,0.0,0.0,0.0,0.016827793539656948
996.0,0.00013996117922943085,0.0,0.0,0.0,0.0,0.01166343160245257
997.0,2.1311307136784308e-05,1.990840428334195e-05,5.811116716358811e-05,0.0,0.0,0.0017759422613986922
998.0,0.00011609955981839448,1.990840428334195e-05,5.811116716358811e-05,0.0,0.0,0.00967496331819954
999.0,0.00037460846942849457,0.0,0.0,0.0,0.0,0.031217372452374548
1000.0,0.00025505508529022336,0.0,0.0,0.0,0.0,0.021254590440851946
1001.0,0.0,0.0,0.0,0.0,0.0,0.0
1002.0,0.0,0.0,0.0,0.0,0.0,0.0
1003.0,0.0,0.0,0.0,0.0,0.0,0.0
1004.0,0.0,0.0,0.0,0.0,0.0,0.0
1005.0,0.0,0.0,0.0,0.0,0.0,0.0
1006.0,1.1080470358137973e-05,0.0,0.0,0.0,0.0,0.000923372529844831
1007.0,0.0,0.0,0.0,0.0,0.0,0.0
1008.0,0.00011289826943539083,0.0,0.0,0.0,0.0,0.009408189119615903
1009.0,9.531589967082255e-06,0.0,0.0,0.0,0.0,0.0007942991639235212
1010.0,0.0,0.0,0.0,0.0,0.0,0.0
1011.0,0.0,0.0,0.0,0.0,0.0,0.0
1012.0,0.0003426265611778945,0.0,0.0,0.0,0.0,0.028552213431491204
1013.0,0.00010380922321928665,0.0,0.0,0.0,0.0,0.00865076860160722
1014.0,0.0004721880832221359,0.0,0.0,0.0,0.0,0.03934900693517799
1015.0,0.0001638582325540483,0.0,0.0,0.0,0.0,0.013654852712837359
1016.0,0.0,0.0,0.0,0.0,0.0,0.0
1017.0,0.0003022534947376698,0.0,0.0,0.0,0.0,0.02518779122813915
1018.0,0.00028679866227321327,0.0,0.0,0.0,0.0,0.02389988852276777
1019.0,0.0,0.0,0.0,0.0,0.0,0.0
1020.0,0.0,0.0,0.0,0.0,0.0,0.0
1021.0,0.0,0.0,0.0,0.0,0.0,0.0
1022.0,2.6264327971148305e-05,1.990840428334195e-05,5.811116716358811e-05,0.0,0.0,0.002188693997595692
1023.0,1.5966808859957382e-05,1.990840428334195e-05,5.811116716358811e-05,0.0,0.0,0.0013305674049964484
1024.0,0.0,0.0,0.0,0.0,0.0,0.0
1025.0,0.0,0.0,0.0,0.0,0.0,0.0
1026.0,0.0,0.0,0.0,0.0,0.0,0.0
1027.0,0.0,0.0,0.0,0.0,0.0,0.0
1028.0,0.0,0.0,0.0,0.0,0.0,0.0
1029.0,0.0,0.0,0.0,0.0,0.0,0.0
1030.0,0.0,0.0,0.0,0.0,0.0,0.0
1031.0,0.0,0.0,0.0,0.0,0.0,0.0
1032.0,0.0,0.0,0.0,0.0,0.0,0.0
1033.0,0.0,0.0,0.0,0.0,0.0,0.0
1034.0,0.0,0.0,0.0,0.0,0.0,0.0
1035.0,0.0,0.0,0.0,0.0,0.0,0.0
1036.0,0.0,0.0,0.0,0.0,0.0,0.0
1037.0,0.0,0.0,0.0,0.0,0.0,0.0
1038.0,0.0,0.0,0.0,0.0,0.0,0.0
1039.0,0.0030236414168030024,0.0,0.0,0.0,0.0,0.2519701180669169
1040.0,3.74454913298905e-07,0.0,0.0,0.0,0.0,3.1204576108242087e-05
1041.0,0.0,0.0,0.0,0.0,0.0,0.0
1042.0,0.0,0.0,0.0,0.0,0.0,0.0
1043.0,0.0,0.0,0.0,0.0,0.0,0.0
1044.0,0.0,0.0,0.0,0.0,0.0,0.0
1045.0,0.0,0.0,0.0,0.0,0.0,0.0
1046.0,0.0,0.0,0.0,0.0,0.0,0.0
1047.0,3.707245923578739e-05,1.990840428334195e-05,5.811116716358811e-05,0.0,0.0,0.0030893716029822826
1048.0,1.434984278603224e-05,1.990840428334195e-05,5.811116716358811e-05,0.0,0.0,0.0011958202321693534
1049.0,0.0,0.0,0.0,0.0,0.0,0.0
1050.0,0.0,0.0,0.0,0.0,0.0,0.0
1051.0,0.0,0.0,0.0,0.0,0.0,0.0
1052.0,0.0,0.0,0.0,0.0,0.0,0.0
1053.0,0.0,0.0,0.0,0.0,0.0,0.0
1054.0,0.0,0.0,0.0,0.0,0.0,0.0
1055.0,0.0,0.0,0.0,0.0,0.0,0.0
1056.0,0.0,0.0,0.0,0.0,0.0,0.0
1057.0,0.0,0.0,0.0,0.0,0.0,0.0
1058.0,0.0,0.0,0.0,0.0,0.0,0.0
1059.0,0.0,0.0,0.0,0.0,0.0,0.0
1060.0,0.0,0.0,0.0,0.0,0.0,0.0
1061.0,0.04766424372792244,0.03298463299870491,2.0875324935332173e-06,0.00022562428785022348,0.2916666666666667,3.972020310660203
1062.0,2.3039046936901286e-06,2.075674245816117e-07,2.0875324935332173e-06,0.0,0.0,0.00019199205780751072
1063.0,0.0,0.0,0.0,0.0,0.0,0.0
1064.0,0.0,0.0,0.0,0.0,0.0,0.0
1065.0,0.0,0.0,0.0,0.0,0.0,0.0
1066.0,0.0,0.0,0.0,0.0,0.0,0.0
1067.0,0.0,0.0,0.0,0.0,0.0,0.0
1068.0,0.0,0.0,0.0,0.0,0.0,0.0
1069.0,0.0,0.0,0.0,0.0,0.0,0.0
1070.0,0.0,0.0,0.0,0.0,0.0,0.0
1071.0,0.0,0.0,0.0,0.0,0.0,0.0
1072.0,0.0,0.0,0.0,0.0,0.0,0.0
1073.0,0.0,0.0,0.0,0.0,0.0,0.0
1074.0,0.0,0.0,0.0,0.0,0.0,0.0
1075.0,0.0,0.0,0.0,0.0,0.0,0.0
1076.0,0.0,0.0,0.0,0.0,0.0,0.0
1077.0,0.0,0.0,0.0,0.0,0.0,0.0
1078.0,0.0,0.0,0.0,0.0,0.0,0.0
1079.0,0.0,0.0,0.0,0.0,0.0,0.0
1080.0,0.0,0.0,0.0,0.0,0.0,0.0
1081.0,0.0,0.0,0.0,0.0,0.0,0.0
1082.0,0.0,0.0,0.0,0.0,0.0,0.0
1083.0,0.0,0.0,0.0,0.0,0.0,0.0
1084.0,0.0,0.0,0.0,0.0,0.0,0.0
1085.0,0.0,0.0,0.0,0.0,0.0,0.0
1086.0,2.3039046936901286e-06,2.075674245816117e-07,2.0875324935332173e-06,0.0,0.0,0.00019199205780751072
1087.0,2.3039046936901286e-06,2.075674245816117e-07,2.0875324935332173e-06,0.0,0.0,0.00019199205780751072
1088.0,0.0,0.0,0.0,0.0,0.0,0.0
1089.0,0.0,0.0,0.0,0.0,0.0,0.0
1090.0,0.0,0.0,0.0,0.0,0.0,0.0
1091.0,0.0,0.0,0.0,0.0,0.0,0.0
1092.0,0.0,0.0,0.0,0.0,0.0,0.0
1093.0,0.0,0.0,0.0,0.0,0.0,0.0
1094.0,0.0,0.0,0.0,0.0,0.0,0.0
1095.0,0.0,0.0,0.0,0.0,0.0,0.0
1096.0,0.0,0.0,0.0,0.0,0.0,0.0
1097.0,0.0,0.0,0.0,0.0,0.0,0.0
1098.0,0.0,0.0,0.0,0.0,0.0,0.0
1099.0,0.0,0.0,0.0,0.0,0.0,0.0
1100.0,0.0,0.0,0.0,0.0,0.0,0.0
1101.0,0.0,0.0,0.0,0.0,0.0,0.0
1102.0,0.0,0.0,0.0,0.0,0.0,0.0
1103.0,0.0,0.0,0.0,0.0,0.0,0.0
1104.0,0.0,0.0,0.0,0.0,0.0,0.0
1105.0,0.0,0.0,0.0,0.0,0.0,0.0
1106.0,0.0,0.0,0.0,0.0,0.0,0.0
1107.0,0.0,0.0,0.0,0.0,0.0,0.0
1108.0,0.0,0.0,0.0,0.0,0.0,0.0
1109.0,0.0,0.0,0.0,0.0,0.0,0.0
1110.0,0.0,0.0,0.0,0.0,0.0,0.0
1111.0,2.3039046936901286e-06,2.075674245816117e-07,2.0875324935332173e-06,0.0,0.0,0.00019199205780751072
1112.0,2.3039046936901286e-06,2.075674245816117e-07,2.0875324935332173e-06,0.0,0.0,0.00019199205780751072
1113.0,0.0,0.0,0.0,0.0,0.0,0.0
1114.0,0.0,0.0,0.0,0.0,0.0,0.0
1115.0,0.0,0.0,0.0,0.0,0.0,0.0
1116.0,0.0,0.0,0.0,0.0,0.0,0.0
1117.0,0.0,0.0,0.0,0.0,0.0,0.0
1118.0,0.0,0.0,0.0,0.0,0.0,0.0
1119.0,0.0,0.0,0.0,0.0,0.0,0.0
1120.0,0.0,0.0,0.0,0.0,0.0,0.0
1121.0,0.0,0.0,0.0,0.0,0.0,0.0
1122.0,0.0,0.0,0.0,0.0,0.0,0.0
1123.0,0.0,0.0,0.0,0.0,0.0,0.0
1124.0,0.0,0.0,0.0,0.0,0.0,0.0
1125.0,0.0,0.0,0.0,0.0,0.0,0.0
1126.0,0.0,0.0,0.0,0.0,0.0,0.0
1127.0,0.0,0.0,0.0,0.0,0.0,0.0
1128.0,0.0,0.0,0.0,0.0,0.0,0.0
1129.0,0.0,0.0,0.0,0.0,0.0,0.0
1130.0,0.0,0.0,0.0,0.0,0.0,0.0
1131.0,0.0,0.0,0.0,0.0,0.0,0.0
1132.0,0.0,0.0,0.0,0.0,0.0,0.0
1133.0,0.0,0.0,0.0,0.0,0.0,0.0
1134.0,0.0,0.0,0.0,0.0,0.0,0.0
1135.0,0.0,0.0,0.0,0.0,0.0,0.0
1136.0,2.3039046936901286e-06,2.075674245816117e-07,2.0875324935332173e-06,0.0,0.0,0.00019199205780751072
1137.0,2.3039046936901286e-06,2.075674245816117e-07,2.0875324935332173e-06,0.0,0.0,0.00019199205780751072
1138.0,0.0,0.0,0.0,0.0,0.0,0.0
1139.0,0.0,0.0,0.0,0.0,0.0,0.0
1140.0,0.0,0.0,0.0,0.0,0.0,0.0
1141.0,0.0,0.0,0.0,0.0,0.0,0.0
1142.0,0.0,0.0,0.0,0.0,0.0,0.0
1143.0,0.0002542551083024591,0.0,0.0,0.0,0.005208333333333333,0.034722222222222224
1144.0,6.808278385506128e-08,0.0,0.0,0.0,0.0,5.673565321255107e-06
1145.0,2.365875161558506e-06,0.0,0.0,0.0,0.0,0.00019715626346320883
1146.0,0.0,0.0,0.0,0.0,0.0,0.0
1147.0,6.200638745212927e-05,0.0,0.0,0.0,0.001736111111111111,0.011574074074074073
1148.0,0.0,0.0,0.0,0.0,0.0,0.0
1149.0,0.00010656656377250329,0.0,0.0,0.0,0.001736111111111111,0.011574074074074073
1150.0,0.0,0.0,0.0,0.0,0.0,0.0
1151.0,0.0,0.0,0.0,0.0,0.0,0.0
1152.0,1.6646234143991023e-05,0.0,0.0,0.0,0.0,0.0013871861786659185
1153.0,5.0772734539350495e-05,0.0,0.0,0.0,0.0,0.004231061211612541
1154.0,0.0,0.0,0.0,0.0,0.0,0.0
1155.0,0.0,0.0,0.0,0.0,0.0,0.0
1156.0,0.00018954243569169194,0.0,0.0,0.0,0.0,0.01579520297430766
1157.0,0.00029913868638686836,0.0,0.0,0.0,0.008680555555555556,0.05787037037037038
1158.0,0.0,0.0,0.0,0.0,0.0,0.0
1159.0,0.0,0.0,0.0,0.0,0.0,0.0
1160.0,0.0,0.0,0.0,0.0,0.0,0.0
1161.0,7.019945041975006e-05,2.075674245816117e-07,2.0875324935332173e-06,0.0,0.003472222222222222,0.023148148148148147
1162.0,0.0002909578615799546,2.075674245816117e-07,2.0875324935332173e-06,0.0,0.003472222222222222,0.02424648846499622
1163.0,0.00016627516015432775,0.0,0.0,0.0,0.005208333333333333,0.034722222222222224
1164.0,1.3446347111312207e-05,0.0,0.0,0.0,0.0,0.0011205289259426838
1165.0,0.0,0.0,0.0,0.0,0.0,0.0
1166.0,0.0,0.0,0.0,0.0,0.0,0.0
1167.0,0.0,0.0,0.0,0.0,0.0,0.0
1168.0,0.0,0.0,0.0,0.0,0.0,0.0
1169.0,0.0,0.0,0.0,0.0,0.0,0.0
1170.0,5.497684924193891e-06,0.0,0.0,0.0,0.0,0.0004581404103494909
1171.0,0.0,0.0,0.0,0.0,0.0,0.0
1172.0,0.0,0.0,0.0,0.0,0.0,0.0
1173.0,0.0,0.0,0.0,0.0,0.0,0.0
1174.0,0.0,0.0,0.0,0.0,0.0,0.0
1175.0,0.0,0.0,0.0,0.0,0.0,0.0
1176.0,0.0,0.0,0.0,0.0,0.0,0.0
1177.0,0.0,0.0,0.0,0.0,0.0,0.0
1178.0,0.0,0.0,0.0,0.0,0.0,0.0
1179.0,0.0,0.0,0.0,0.0,0.0,0.0
1180.0,0.0,0.0,0.0,0.0,0.0,0.0
1181.0,0.0,0.0,0.0,0.0,0.0,0.0
1182.0,0.0,0.0,0.0,0.0,0.0,0.0
1183.0,0.0,0.0,0.0,0.0,0.0,0.0
1184.0,0.00041384113137610257,0.0,0.0,0.0,0.003472222222222222,0.034486760948008545
1185.0,0.00012263409735169262,0.0,0.0,0.0,0.008680555555555556,0.05787037037037038
1186.0,2.3039046936901286e-06,2.075674245816117e-07,2.0875324935332173e-06,0.0,0.0,0.00019199205780751072
1187.0,2.3039046936901286e-06,2.075674245816117e-07,2.0875324935332173e-06,0.0,0.0,0.00019199205780751072
1188.0,0.0,0.0,0.0,0.0,0.0,0.0
1189.0,0.0,0.0,0.0,0.0,0.0,0.0
1190.0,0.00027740816585719585,0.0,1.7053667988875532e-06,0.0,0.006944444444444444,0.046296296296296294
1191.0,0.00011899168021045625,0.0,0.0,0.0,0.0,0.009915973350871354
1192.0,7.152095349738374e-05,0.0,0.0,0.0,0.001736111111111111,0.011574074074074073
1193.0,0.00010362199100200087,0.0,0.0,0.0,0.001736111111111111,0.011574074074074073
1194.0,0.0,0.0,0.0,0.0,0.0,0.0
1195.0,7.119557722035097e-06,0.0,1.7053667988875532e-06,0.0,0.0,0.0005932964768362581
1196.0,0.00012979980965610594,0.0,0.0,0.0,0.003472222222222222,0.023148148148148147
1197.0,5.4261970944935456e-05,0.0,0.0,0.0,0.001736111111111111,0.011574074074074073
1198.0,0.0,0.0,0.0,0.0,0.0,0.0
1199.0,0.0,0.0,0.0,0.0,0.0,0.0
1200.0,0.0,0.0,0.0,0.0,0.0,0.0
1201.0,0.0,0.0,0.0,0.0,0.0,0.0
1202.0,0.0,0.0,0.0,0.0,0.0,0.0
1203.0,2.025459480137215e-06,0.0,0.0,0.0,0.0,0.00016878829001143458
1204.0,0.0,0.0,0.0,0.0,0.0,0.0
1205.0,0.0,0.0,0.0,0.0,0.0,0.0
1206.0,0.0,0.0,0.0,0.0,0.0,0.0
1207.0,0.0,0.0,0.0,0.0,0.0,0.0
1208.0,0.0,0.0,0.0,0.0,0.0,0.0
1209.0,0.0,0.0,0.0,0.0,0.0,0.0
1210.0,0.0,0.0,0.0,0.0,0.0,0.0
1211.0,2.3719881028227974e-06,2.075674245816117e-07,2.0875324935332173e-06,0.0,0.0,0.00019766567523523312
1212.0,2.3719881028227974e-06,2.075674245816117e-07,2.0875324935332173e-06,0.0,0.0,0.00019766567523523312
1213.0,0.0004022159846499562,0.0,0.0,0.0,0.005208333333333333,0.034722222222222224
1214.0,0.0003502007748465985,0.0,0.0,0.0,0.010416666666666666,0.06944444444444445
1215.0,0.0,0.0,0.0,0.0,0.0,0.0
1216.0,0.0,0.0,0.0,0.0,0.0,0.0
1217.0,3.843272861558944e-05,0.0,0.0,0.0,0.001736111111111111,0.011574074074074073
1218.0,0.0004046499961987138,0.0,0.0,0.0,0.005208333333333333,0.034722222222222224
1219.0,0.0001160641186288558,0.0,0.0,0.0,0.001736111111111111,0.011574074074074073
1220.0,0.00016559433424845338,0.0,0.0,0.0,0.005208333333333333,0.034722222222222224
1221.0,0.00020147392933722585,0.0,0.0,0.0,0.003472222222222222,0.023148148148148147
1222.0,0.0,0.0,0.0,0.0,0.0,0.0
1223.0,0.0,0.0,0.0,0.0,0.0,0.0
1224.0,8.942672138800845e-05,0.0,0.0,0.0,0.0,0.007452226782334037
1225.0,0.0,0.0,0.0,0.0,0.0,0.0
1226.0,0.0,0.0,0.0,0.0,0.0,0.0
1227.0,0.0,0.0,0.0,0.0,0.0,0.0
1228.0,0.00019628263544291258,0.0,0.0,0.0,0.005208333333333333,0.034722222222222224
1229.0,9.94689398794435e-05,0.0,0.0,0.0,0.001736111111111111,0.011574074074074073
1230.0,5.123228766024113e-05,0.0,0.0,0.0,0.001736111111111111,0.011574074074074073
1231.0,0.0,0.0,0.0,0.0,0.0,0.0
1232.0,0.0,0.0,0.0,0.0,0.0,0.0
1233.0,0.0,0.0,0.0,0.0,0.0,0.0
1234.0,0.0,0.0,0.0,0.0,0.0,0.0
1235.0,0.0,0.0,0.0,0.0,0.0,0.0
1236.0,5.60592025067308e-06,2.075674245816117e-07,2.0875324935332173e-06,0.0,0.001736111111111111,0.011574074074074073
1237.0,2.3209256596601335e-06,2.075674245816117e-07,2.0875324935332173e-06,0.0,0.0,0.00019341047163834446
1238.0,0.0,0.0,0.0,0.0,0.0,0.0
1239.0,0.0,0.0,0.0,0.0,0.0,0.0
1240.0,0.0,0.0,0.0,0.0,0.0,0.0
1241.0,0.0,0.0,0.0,0.0,0.0,0.0
1242.0,0.0,0.0,0.0,0.0,0.0,0.0
1243.0,0.0,0.0,0.0,0.0,0.0,0.0
1244.0,0.0,0.0,0.0,0.0,0.0,0.0
1245.0,0.0,0.0,0.0,0.0,0.0,0.0
1246.0,0.0013526685070246458,0.0,0.0,0.0,0.024305555555555556,0.16203703703703703
1247.0,0.0,0.0,0.0,0.0,0.0,0.0
1248.0,0.0,0.0,0.0,0.0,0.0,0.0
1249.0,0.0,0.0,0.0,0.0,0.0,0.0
1250.0,0.0,0.0,0.0,0.0,0.0,0.0
1251.0,0.0,0.0,0.0,0.0,0.0,0.0
1252.0,0.0,0.0,0.0,0.0,0.0,0.0
1253.0,0.0,0.0,0.0,0.0,0.0,0.0
1254.0,0.0,0.0,0.0,0.0,0.0,0.0
1255.0,0.0,0.0,0.0,0.0,0.0,0.0
1256.0,0.0,0.0,0.0,0.0,0.0,0.0
1257.0,0.0,0.0,0.0,0.0,0.0,0.0
1258.0,0.0,0.0,0.0,0.0,0.0,0.0
1259.0,0.0,0.0,0.0,0.0,0.0,0.0
1260.0,0.0,0.0,0.0,0.0,0.0,0.0
1261.0,2.3039046936901286e-06,2.075674245816117e-07,2.0875324935332173e-06,0.0,0.0,0.00019199205780751072
1262.0,2.3039046936901286e-06,2.075674245816117e-07,2.0875324935332173e-06,0.0,0.0,0.00019199205780751072
1263.0,0.0,0.0,0.0,0.0,0.0,0.0
1264.0,0.0,0.0,0.0,0.0,0.0,0.0
1265.0,0.0,0.0,0.0,0.0,0.0,0.0
1266.0,0.0,0.0,0.0,0.0,0.0,0.0
1267.0,0.0,0.0,0.0,0.0,0.0,0.0
1268.0,0.0,0.0,0.0,0.0,0.0,0.0
1269.0,0.0,0.0,0.0,0.0,0.0,0.0
1270.0,0.0,0.0,0.0,0.0,0.0,0.0
1271.0,0.0,0.0,0.0,0.0,0.0,0.0
1272.0,0.0,0.0,0.0,0.0,0.0,0.0
1273.0,0.0,0.0,0.0,0.0,0.0,0.0
1274.0,0.0,0.0,0.0,0.0,0.0,0.0
1275.0,0.0,0.0,0.0,0.0,0.0,0.0
1276.0,0.0,0.0,0.0,0.0,0.0,0.0
1277.0,0.0,0.0,0.0,0.0,0.0,0.0
1278.0,0.05251207947731018,0.0019924312364310026,0.0,0.0006456495029851794,0.24305555555555555,4.376006623109181
1279.0,0.0,0.0,0.0,0.0,0.0,0.0
1280.0,0.0,0.0,0.0,0.0,0.0,0.0
1281.0,0.0,0.0,0.0,0.0,0.0,0.0
1282.0,0.0,0.0,0.0,0.0,0.0,0.0
1283.0,0.0,0.0,0.0,0.0,0.0,0.0
1284.0,0.0,0.0,0.0,0.0,0.0,0.0
1285.0,0.0,0.0,0.0,0.0,0.0,0.0
1286.0,0.0,0.0,0.0,0.0,0.0,0.0
1287.0,0.0,0.0,0.0,0.0,0.0,0.0
1288.0,0.0,0.0,0.0,0.0,0.0,0.0
1289.0,0.0,0.0,0.0,0.0,0.0,0.0
1290.0,0.0,0.0,0.0,0.0,0.0,0.0
1291.0,0.0,0.0,0.0,0.0,0.0,0.0
1292.0,0.0,0.0,0.0,0.0,0.0,0.0
1293.0,0.0,0.0,0.0,0.0,0.0,0.0
1294.0,9.992832929128781e-06,2.127084826497594e-06,3.572371497284621e-05,0.0,0.0,0.0008327360774273984
1295.0,9.992832929128781e-06,2.127084826497594e-06,3.572371497284621e-05,0.0,0.0,0.0008327360774273984
1296.0,0.0,0.0,0.0,0.0,0.0,0.0
1297.0,0.0,0.0,0.0,0.0,0.0,0.0
1298.0,0.0,0.0,0.0,0.0,0.0,0.0
1299.0,0.0,0.0,0.0,0.0,0.0,0.0
1300.0,0.0,0.0,0.0,0.0,0.0,0.0
1301.0,0.0,0.0,0.0,0.0,0.0,0.0
1302.0,0.0,0.0,0.0,0.0,0.0,0.0
1303.0,0.0,0.0,0.0,0.0,0.0,0.0
1304.0,0.0,0.0,0.0,0.0,0.0,0.0
1305.0,0.0,0.0,0.0,0.0,0.0,0.0
1306.0,0.0,0.0,0.0,0.0,0.0,0.0
1307.0,0.0,0.0,0.0,0.0,0.0,0.0
1308.0,0.0001969075237866491,0.0,0.0,0.0,0.0,0.016408960315554093
1309.0,0.00038494003820233047,0.0,0.0,0.0,0.0,0.03207833651686087
1310.0,0.0,0.0,0.0,0.0,0.0,0.0
1311.0,6.0884985941811465e-06,0.0,0.0,0.0,0.0,0.0005073748828484289
1312.0,0.0,0.0,0.0,0.0,0.0,0.0
1313.0,0.0,0.0,0.0,0.0,0.0,0.0
1314.0,0.0,0.0,0.0,0.0,0.0,0.0
1315.0,0.0,0.0,0.0,0.0,0.0,0.0
1316.0,0.0,0.0,0.0,0.0,0.0,0.0
1317.0,0.0,0.0,0.0,0.0,0.0,0.0
1318.0,0.0,0.0,0.0,0.0,0.0,0.0
1319.0,1.0009854122472461e-05,2.127084826497594e-06,3.572371497284621e-05,0.0,0.0,0.0008341545102060385
1320.0,1.0009854122472461e-05,2.127084826497594e-06,3.572371497284621e-05,0.0,0.0,0.0008341545102060385
1321.0,0.0,0.0,0.0,0.0,0.0,0.0
1322.0,0.0,0.0,0.0,0.0,0.0,0.0
1323.0,0.0,0.0,0.0,0.0,0.0,0.0
1324.0,0.0,0.0,0.0,0.0,0.0,0.0
1325.0,0.0,0.0,0.0,0.0,0.0,0.0
1326.0,0.0,0.0,0.0,0.0,0.0,0.0
1327.0,0.0,0.0,0.0,0.0,0.0,0.0
1328.0,0.0,0.0,0.0,0.0,0.0,0.0
1329.0,0.0,0.0,0.0,0.0,0.0,0.0
1330.0,0.0,0.0,0.0,0.0,0.0,0.0
1331.0,0.0,0.0,0.0,0.0,0.0,0.0
1332.0,0.0,0.0,0.0,0.0,0.0,0.0
1333.0,0.0,0.0,0.0,0.0,0.0,0.0
1334.0,0.0,0.0,0.0,0.0,0.0,0.0
1335.0,0.0,0.0,0.0,0.0,0.0,0.0
1336.0,0.0,0.0,0.0,0.0,0.0,0.0
1337.0,0.0,0.0,0.0,0.0,0.0,0.0
1338.0,0.0,0.0,0.0,0.0,0.0,0.0
1339.0,0.0,0.0,0.0,0.0,0.0,0.0
1340.0,0.0,0.0,0.0,0.0,0.0,0.0
1341.0,0.0,0.0,0.0,0.0,0.0,0.0
1342.0,0.0,0.0,0.0,0.0,0.0,0.0
1343.0,0.0,0.0,0.0,0.0,0.0,0.0
1344.0,1.0009854122472461e-05,2.127084826497594e-06,3.572371497284621e-05,0.0,0.0,0.0008341545102060385
1345.0,1.0009854122472461e-05,2.127084826497594e-06,3.572371497284621e-05,0.0,0.0,0.0008341545102060385
1346.0,0.0,0.0,0.0,0.0,0.0,0.0
1347.0,0.0,0.0,0.0,0.0,0.0,0.0
1348.0,0.0,0.0,0.0,0.0,0.0,0.0
1349.0,0.0,0.0,0.0,0.0,0.0,0.0
1350.0,0.0,0.0,0.0,0.0,0.0,0.0
1351.0,0.0,0.0,0.0,0.0,0.0,0.0
1352.0,0.0,0.0,0.0,0.0,0.0,0.0
1353.0,0.0,0.0,0.0,0.0,0.0,0.0
1354.0,0.0,0.0,0.0,0.0,0.0,0.0
1355.0,0.0,0.0,0.0,0.0,0.0,0.0
1356.0,0.0,0.0,0.0,0.0,0.0,0.0
1357.0,0.0,0.0,0.0,0.0,0.0,0.0
1358.0,0.0,0.0,0.0,0.0,0.0,0.0
1359.0,0.0,0.0,0.0,0.0,0.0,0.0
1360.0,0.0,0.0,0.0,0.0,0.0,0.0
1361.0,0.0,0.0,0.0,0.0,0.0,0.0
1362.0,0.0,0.0,0.0,0.0,0.0,0.0
1363.0,0.0,0.0,0.0,0.0,0.0,0.0
1364.0,0.0501718632876873,0.00819568894803524,0.0,0.0005281055928207934,0.2204861111111111,4.180988607307275
1365.0,0.0,0.0,0.0,0.0,0.0,0.0
1366.0,0.0,0.0,0.0,0.0,0.0,0.0
1367.0,0.0,0.0,0.0,0.0,0.0,0.0
1368.0,0.0,0.0,0.0,0.0,0.0,0.0
1369.0,0.0,0.0,0.0,0.0,0.0,0.0
1370.0,0.0,0.0,0.0,0.0,0.0,0.0
1371.0,0.0,0.0,0.0,0.0,0.0,0.0
1372.0,9.336601578979753e-06,4.557831744023133e-06,3.572371497284621e-05,0.0,0.0,0.000778050131581646
1373.0,9.336601578979753e-06,4.557831744023133e-06,3.572371497284621e-05,0.0,0.0,0.000778050131581646
1374.0,0.0,0.0,0.0,0.0,0.0,0.0
1375.0,0.0,0.0,0.0,0.0,0.0,0.0
1376.0,0.0,0.0,0.0,0.0,0.0,0.0
1377.0,0.0,0.0,0.0,0.0,0.0,0.0
1378.0,0.0,0.0,0.0,0.0,0.0,0.0
1379.0,0.0,0.0,0.0,0.0,0.0,0.0
1380.0,0.0,0.0,0.0,0.0,0.0,0.0
1381.0,0.0,0.0,0.0,0.0,0.0,0.0
1382.0,0.0,0.0,0.0,0.0,0.0,0.0
1383.0,0.0,0.0,0.0,0.0,0.0,0.0
1384.0,0.0,0.0,0.0,0.0,0.0,0.0
1385.0,0.0,0.0,0.0,0.0,0.0,0.0
1386.0,0.0,0.0,0.0,0.0,0.0,0.0
1387.0,0.0,0.0,0.0,0.0,0.0,0.0
1388.0,0.0,0.0,0.0,0.0,0.0,0.0
1389.0,0.0,0.0,0.0,0.0,0.0,0.0
1390.0,0.0,0.0,0.0,0.0,0.0,0.0
1391.0,0.0,0.0,0.0,0.0,0.0,0.0
1392.0,0.0,0.0,0.0,0.0,0.0,0.0
1393.0,0.0,0.0,0.0,0.0,0.0,0.0
1394.0,0.0,0.0,0.0,0.0,0.0,0.0
1395.0,0.0,0.0,0.0,0.0,0.0,0.0
1396.0,0.0,0.0,0.0,0.0,0.0,0.0
1397.0,9.336601578979753e-06,4.557831744023133e-06,3.572371497284621e-05,0.0,0.0,0.000778050131581646
1398.0,9.336601578979753e-06,4.557831744023133e-06,3.572371497284621e-05,0.0,0.0,0.000778050131581646
1399.0,0.0,0.0,0.0,0.0,0.0,0.0
1400.0,0.0,0.0,0.0,0.0,0.0,0.0
1401.0,0.0,0.0,0.0,0.0,0.0,0.0
1402.0,0.0,0.0,0.0,0.0,0.0,0.0
1403.0,0.0,0.0,0.0,0.0,0.0,0.0
1404.0,0.0,0.0,0.0,0.0,0.0,0.0
1405.0,0.0,0.0,0.0,0.0,0.0,0.0
1406.0,0.0,0.0,0.0,0.0,0.0,0.0
1407.0,0.0,0.0,0.0,0.0,0.0,0.0
1408.0,0.0,0.0,0.0,0.0,0.0,0.0
1409.0,0.0,0.0,0.0,0.0,0.0,0.0
1410.0,0.0,0.0,0.0,0.0,0.0,0.0
1411.0,0.0,0.0,0.0,0.0,0.0,0.0
1412.0,0.0,0.0,0.0,0.0,0.0,0.0
1413.0,0.0,0.0,0.0,0.0,0.0,0.0
1414.0,0.0,0.0,0.0,0.0,0.0,0.0
1415.0,0.0,0.0,0.0,0.0,0.0,0.0
1416.0,0.0,0.0,0.0,0.0,0.0,0.0
1417.0,0.0,0.0,0.0,0.0,0.0,0.0
1418.0,0.0,0.0,0.0,0.0,0.0,0.0
1419.0,0.0,0.0,0.0,0.0,0.0,0.0
1420.0,0.0,0.0,0.0,0.0,0.0,0.0
1421.0,0.0,0.0,0.0,0.0,0.0,0.0
1422.0,9.336601578979753e-06,4.557831744023133e-06,3.572371497284621e-05,0.0,0.0,0.000778050131581646
1423.0,9.336601578979753e-06,4.557831744023133e-06,3.572371497284621e-05,0.0,0.0,0.000778050131581646
1424.0,0.0,0.0,0.0,0.0,0.0,0.0
1425.0,0.0,0.0,0.0,0.0,0.0,0.0
1426.0,0.0,0.0,0.0,0.0,0.0,0.0
1427.0,0.0,0.0,0.0,0.0,0.0,0.0
1428.0,0.0,0.0,0.0,0.0,0.0,0.0
1429.0,0.0,0.0,0.0,0.0,0.0,0.0
1430.0,0.0,0.0,0.0,0.0,0.0,0.0
1431.0,0.0,0.0,0.0,0.0,0.0,0.0
1432.0,0.0,0.0,0.0,0.0,0.0,0.0
1433.0,0.0,0.0,0.0,0.0,0.0,0.0
1434.0,0.0,0.0,0.0,0.0,0.0,0.0
1435.0,0.0,0.0,0.0,0.0,0.0,0.0
1436.0,0.0,0.0,0.0,0.0,0.0,0.0
1437.0,0.0,0.0,0.0,0.0,0.0,0.0
1438.0,0.0,0.0,0.0,0.0,0.0,0.0
1439.0,0.0,0.0,0.0,0.0,0.0,0.0
1440.0,0.0,0.0,0.0,0.0,0.0,0.0
1441.0,0.0,0.0,0.0,0.0,0.0,0.0
1442.0,0.0,0.0,0.0,0.0,0.0,0.0
1443.0,0.0,0.0,0.0,0.0,0.0,0.0
1444.0,0.0,0.0,0.0,0.0,0.0,0.0
1445.0,0.0,0.0,0.0,0.0,0.0,0.0
1446.0,0.0,0.0,0.0,0.0,0.0,0.0
1447.0,9.336601578979753e-06,4.557831744023133e-06,3.572371497284621e-05,0.0,0.0,0.000778050131581646
1448.0,9.336601578979753e-06,4.557831744023133e-06,3.572371497284621e-05,0.0,0.0,0.000778050131581646
1449.0,0.0,0.0,0.0,0.0,0.0,0.0
1450.0,0.0,0.0,0.0,0.0,0.0,0.0
1451.0,0.0,0.0,0.0,0.0,0.0,0.0
1452.0,0.0,0.0,0.0,0.0,0.0,0.0
1453.0,0.0,0.0,0.0,0.0,0.0,0.0
1454.0,0.0,0.0,0.0,0.0,0.0,0.0
1455.0,0.0,0.0,0.0,0.0,0.0,0.0
1456.0,0.0,0.0,0.0,0.0,0.0,0.0
1457.0,0.0,0.0,0.0,0.0,0.0,0.0
1458.0,0.0,0.0,0.0,0.0,0.0,0.0
1459.0,0.0,0.0,0.0,0.0,0.0,0.0
1460.0,0.0,0.0,0.0,0.0,0.0,0.0
1461.0,0.0,0.0,0.0,0.0,0.0,0.0
1462.0,0.0,0.0,0.0,0.0,0.0,0.0
1463.0,0.0,0.0,0.0,0.0,0.0,0.0
1464.0,0.0,0.0,0.0,0.0,0.0,0.0
1465.0,0.0,0.0,0.0,0.0,0.0,0.0
1466.0,0.0,0.0,0.0,0.0,0.0,0.0
1467.0,0.0,0.0,0.0,0.0,0.0,0.0
1468.0,0.00024392356863245368,0.0,0.0,0.0,0.003472222222222222,0.023148148148148147
1469.0,0.0002573528909124434,0.0,0.0,0.0,0.005208333333333333,0.034722222222222224
1470.0,0.0002406726125627756,0.0,0.0,0.0,0.005208333333333333,0.034722222222222224
1471.0,0.00024708942510187626,0.0,0.0,0.0,0.003472222222222222,0.023148148148148147
1472.0,0.00010972466407110915,4.557831744023133e-06,3.572371497284621e-05,0.0,0.001736111111111111,0.011574074074074073
1473.0,0.00012819211406167597,4.557831744023133e-06,3.572371497284621e-05,0.0,0.003472222222222222,0.023148148148148147
1474.0,0.00012935727136209607,0.0,0.0,0.0,0.003472222222222222,0.023148148148148147
1475.0,0.0,0.0,0.0,0.0,0.0,0.0
1476.0,0.0,0.0,0.0,0.0,0.0,0.0
1477.0,0.0,0.0,0.0,0.0,0.0,0.0
1478.0,0.0,0.0,0.0,0.0,0.0,0.0
1479.0,5.004083868698217e-05,0.0,0.0,0.0,0.001736111111111111,0.011574074074074073
1480.0,0.00012780838005710393,0.0,0.0,0.0,0.001736111111111111,0.011574074074074073
1481.0,0.0002198222791776061,0.0,0.0,0.0,0.005208333333333333,0.034722222222222224
1482.0,9.712007158668712e-05,0.0,0.0,0.0,0.001736111111111111,0.011574074074074073
1483.0,8.176741539500654e-05,0.0,0.0,0.0,0.001736111111111111,0.011574074074074073
1484.0,0.0,0.0,0.0,0.0,0.0,0.0
1485.0,0.0,0.0,0.0,0.0,0.0,0.0
1486.0,0.0,0.0,0.0,0.0,0.0,0.0
1487.0,0.0,0.0,0.0,0.0,0.0,0.0
1488.0,0.0,0.0,0.0,0.0,0.0,0.0
1489.0,4.4083594730182085e-06,0.0,0.0,0.0,0.0,0.000367363289418184
1490.0,0.0,0.0,0.0,0.0,0.0,0.0
1491.0,0.0,0.0,0.0,0.0,0.0,0.0
1492.0,0.0,0.0,0.0,0.0,0.0,0.0
1493.0,0.0,0.0,0.0,0.0,0.0,0.0
1494.0,0.0,0.0,0.0,0.0,0.0,0.0
1495.0,0.0,0.0,0.0,0.0,0.0,0.0
1496.0,0.0,0.0,0.0,0.0,0.0,0.0
1497.0,1.0000411748478655e-05,4.557831744023133e-06,3.572371497284621e-05,0.0,0.0,0.0008333676457065545
1498.0,1.0000411748478655e-05,4.557831744023133e-06,3.572371497284621e-05,0.0,0.0,0.0008333676457065545
1499.0,0.0,0.0,0.0,0.0,0.0,0.0
1500.0,0.0,0.0,0.0,0.0,0.0,0.0
1501.0,0.0,0.0,0.0,0.0,0.0,0.0
1502.0,0.0,0.0,0.0,0.0,0.0,0.0
1503.0,0.0,0.0,0.0,0.0,0.0,0.0
1504.0,0.0,0.0,0.0,0.0,0.0,0.0
1505.0,0.0,0.0,0.0,0.0,0.0,0.0
1506.0,0.0,0.0,0.0,0.0,0.0,0.0
1507.0,0.0,0.0,0.0,0.0,0.0,0.0
1508.0,0.0,0.0,0.0,0.0,0.0,0.0
1509.0,0.0,0.0,0.0,0.0,0.0,0.0
1510.0,0.0,0.0,0.0,0.0,0.0,0.0
1511.0,0.0,0.0,0.0,0.0,0.0,0.0
1512.0,0.0,0.0,0.0,0.0,0.0,0.0
1513.0,0.0,0.0,0.0,0.0,0.0,0.0
1514.0,0.0,0.0,0.0,0.0,0.0,0.0
1515.0,0.0,0.0,0.0,0.0,0.0,0.0
1516.0,0.0,0.0,0.0,0.0,0.0,0.0
1517.0,0.0,0.0,0.0,0.0,0.0,0.0
1518.0,0.0,0.0,0.0,0.0,0.0,0.0
1519.0,0.0,0.0,0.0,0.0,0.0,0.0
1520.0,0.0,0.0,0.0,0.0,0.0,0.0
1521.0,0.0,0.0,0.0,0.0,0.0,0.0
1522.0,1.0000411748478655e-05,4.557831744023133e-06,3.572371497284621e-05,0.0,0.0,0.0008333676457065545
1523.0,1.005147260002559e-05,4.557831744023133e-06,3.572371497284621e-05,0.0,0.0,0.0008376227166687992
1524.0,0.030997326597571373,0.008591779507696629,0.010195025242865086,0.00025831666425801814,0.3125,2.5831105497976146
1525.0,0.0,0.0,0.0,0.0,0.0,0.0
1526.0,0.0,0.0,0.0,0.0,0.0,0.0
1527.0,0.0,0.0,0.0,0.0,0.0,0.0
1528.0,0.0,0.0,0.0,0.0,0.0,0.0
1529.0,0.0,0.0,0.0,0.0,0.0,0.0
1530.0,0.0,0.0,0.0,0.0,0.0,0.0
1531.0,3.3788553992053494e-05,2.0414490791154094e-06,0.00014010553422849625,2.9821372663718648e-05,0.0,0.003727671582964831
1532.0,0.0,0.0,0.0,0.0,0.0,0.0
1533.0,0.0,0.0,0.0,0.0,0.0,0.0
1534.0,0.0,0.0,0.0,0.0,0.0,0.0
1535.0,0.0,0.0,0.0,0.0,0.0,0.0
1536.0,0.0,0.0,0.0,0.0,0.0,0.0
1537.0,0.0,0.0,0.0,0.0,0.0,0.0
1538.0,0.0,0.0,0.0,0.0,0.0,0.0
1539.0,0.0,0.0,0.0,0.0,0.0,0.0
1540.0,0.0,0.0,0.0,0.0,0.0,0.0
1541.0,0.0,0.0,0.0,0.0,0.0,0.0
1542.0,0.0,0.0,0.0,0.0,0.0,0.0
1543.0,0.0,0.0,0.0,0.0,0.0,0.0
1544.0,0.0,0.0,0.0,0.0,0.0,0.0
1545.0,0.0,0.0,0.0,0.0,0.0,0.0
1546.0,0.0,0.0,0.0,0.0,0.0,0.0
1547.0,2.917942310887156e-06,0.0,2.916508492489811e-05,0.0,0.0,0.00024316185924059633
1548.0,0.030785007402300835,0.012045235373079777,2.916508492489811e-05,0.00047606133739463985,0.3003472222222222,2.5654172835250697
1549.0,0.0,0.0,0.0,0.0,0.0,0.0
1550.0,0.0,0.0,0.0,0.0,0.0,0.0
1551.0,0.0,0.0,0.0,0.0,0.0,0.0
1552.0,0.0,0.0,0.0,0.0,0.0,0.0
1553.0,0.0,0.0,0.0,0.0,0.0,0.0
1554.0,0.0,0.0,0.0,0.0,0.0,0.0
1555.0,0.0,0.0,0.0,0.0,0.0,0.0
1556.0,1.623777166059881e-06,4.861110483034281e-07,3.0121314921416342e-05,0.0,0.0,0.00013531476383832342
1557.0,0.0,0.0,0.0,0.0,0.0,0.0
1558.0,0.0,0.0,0.0,0.0,0.0,0.0
1559.0,0.0,0.0,0.0,0.0,0.0,0.0
1560.0,0.0,0.0,0.0,0.0,0.0,0.0
1561.0,0.0,0.0,0.0,0.0,0.0,0.0
1562.0,0.0,0.0,0.0,0.0,0.0,0.0
1563.0,0.0,0.0,0.0,0.0,0.0,0.0
1564.0,1.623777166059881e-06,4.861110483034281e-07,3.0121314921416342e-05,0.0,0.0,0.00013531476383832342
1565.0,0.0,0.0,0.0,0.0,0.0,0.0
1566.0,0.0,0.0,0.0,0.0,0.0,0.0
1567.0,0.0,0.0,0.0,0.0,0.0,0.0
1568.0,0.0,0.0,0.0,0.0,0.0,0.0
1569.0,0.0,0.0,0.0,0.0,0.0,0.0
1570.0,0.0,0.0,0.0,0.0,0.0,0.0
1571.0,0.0,0.0,0.0,0.0,0.0,0.0
1572.0,9.145409421762452e-06,3.838376414933009e-06,2.916508492489811e-05,0.0,0.0,0.0007621174518135376
1573.0,9.145409421762452e-06,3.838376414933009e-06,2.916508492489811e-05,0.0,0.0,0.0007621174518135376
1574.0,0.0,0.0,0.0,0.0,0.0,0.0
1575.0,0.0,0.0,0.0,0.0,0.0,0.0
1576.0,0.0,0.0,0.0,0.0,0.0,0.0
1577.0,0.0,0.0,0.0,0.0,0.0,0.0
1578.0,0.0,0.0,0.0,0.0,0.0,0.0
1579.0,0.0,0.0,0.0,0.0,0.0,0.0
1580.0,0.0,0.0,0.0,0.0,0.0,0.0
1581.0,0.0,0.0,0.0,0.0,0.0,0.0
1582.0,0.0,0.0,0.0,0.0,0.0,0.0
1583.0,0.0,0.0,0.0,0.0,0.0,0.0
1584.0,0.0,0.0,0.0,0.0,0.0,0.0
1585.0,0.00023765994410496205,0.0,0.0,0.0,0.006944444444444444,0.046296296296296294
1586.0,0.00011829381401184946,0.0,0.0,0.0,0.003472222222222222,0.023148148148148147
1587.0,0.0,0.0,0.0,0.0,0.0,0.0
1588.0,0.00011368120613042265,0.0,0.0,0.0,0.0,0.009473433844201887
1589.0,5.647466241498478e-05,0.0,0.0,0.0,0.003472222222222222,0.023148148148148147
1590.0,3.524985731928609e-05,0.0,0.0,0.0,0.0,0.002937488109940508
1591.0,0.0,0.0,0.0,0.0,0.0,0.0
1592.0,0.0,0.0,0.0,0.0,0.0,0.0
1593.0,0.0,0.0,0.0,0.0,0.0,0.0
1594.0,0.0,0.0,0.0,0.0,0.0,0.0
1595.0,0.0,0.0,0.0,0.0,0.0,0.0
1596.0,0.0,0.0,0.0,0.0,0.0,0.0
1597.0,9.775175385584589e-06,3.838376414933009e-06,2.916508492489811e-05,0.0,0.0,0.0008145979487987157
1598.0,9.145409421762452e-06,3.838376414933009e-06,2.916508492489811e-05,0.0,0.0,0.0007621174518135376
1599.0,0.0,0.0,0.0,0.0,0.0,0.0
1600.0,0.0,0.0,0.0,0.0,0.0,0.0
1601.0,0.0,0.0,0.0,0.0,0.0,0.0
1602.0,0.0,0.0,0.0,0.0,0.0,0.0
1603.0,0.0,0.0,0.0,0.0,0.0,0.0
1604.0,0.0,0.0,0.0,0.0,0.0,0.0
1605.0,0.0,0.0,0.0,0.0,0.0,0.0
1606.0,0.0,0.0,0.0,0.0,0.0,0.0
1607.0,0.0,0.0,0.0,0.0,0.0,0.0
1608.0,0.0,0.0,0.0,0.0,0.0,0.0
1609.0,0.0,0.0,0.0,0.0,0.0,0.0
1610.0,0.0,0.0,0.0,0.0,0.0,0.0
1611.0,0.0005570873036049306,0.0,0.0,0.0,0.013888888888888888,0.09259259259259259
1612.0,0.0,0.0,0.0,0.0,0.0,0.0
1613.0,0.0,0.0,0.0,0.0,0.0,0.0
1614.0,0.0,0.0,0.0,0.0,0.0,0.0
1615.0,0.0,0.0,0.0,0.0,0.0,0.0
1616.0,0.0,0.0,0.0,0.0,0.0,0.0
1617.0,0.0,0.0,0.0,0.0,0.0,0.0
1618.0,0.0,0.0,0.0,0.0,0.0,0.0
1619.0,0.0,0.0,0.0,0.0,0.0,0.0
1620.0,0.0,0.0,0.0,0.0,0.0,0.0
1621.0,0.0,0.0,0.0,0.0,0.0,0.0
1622.0,9.145409421762452e-06,3.838376414933009e-06,2.916508492489811e-05,0.0,0.0,0.0007621174518135376
1623.0,9.145409421762452e-06,3.838376414933009e-06,2.916508492489811e-05,0.0,0.0,0.0007621174518135376
1624.0,0.0,0.0,0.0,0.0,0.0,0.0
1625.0,0.0,0.0,0.0,0.0,0.0,0.0
1626.0,0.0,0.0,0.0,0.0,0.0,0.0
1627.0,0.0,0.0,0.0,0.0,0.0,0.0
1628.0,0.0,0.0,0.0,0.0,0.0,0.0
1629.0,0.0,0.0,0.0,0.0,0.0,0.0
1630.0,0.0,0.0,0.0,0.0,0.0,0.0
1631.0,0.0,0.0,0.0,0.0,0.0,0.0
1632.0,0.0,0.0,0.0,0.0,0.0,0.0
1633.0,0.0,0.0,0.0,0.0,0.0,0.0
1634.0,0.0,0.0,0.0,0.0,0.0,0.0
1635.0,0.0,0.0,0.0,0.0,0.0,0.0
1636.0,0.0,0.0,0.0,0.0,0.0,0.0
1637.0,0.0,0.0,0.0,0.0,0.0,0.0
1638.0,0.0,0.0,0.0,0.0,0.0,0.0
1639.0,0.0,0.0,0.0,0.0,0.0,0.0
1640.0,0.0,0.0,0.0,0.0,0.0,0.0
1641.0,0.0,0.0,0.0,0.0,0.0,0.0
1642.0,0.0,0.0,0.0,0.0,0.0,0.0
1643.0,0.0,0.0,0.0,0.0,0.0,0.0
1644.0,0.0,0.0,0.0,0.0,0.0,0.0
1645.0,0.0,0.0,0.0,0.0,0.0,0.0
1646.0,0.0,0.0,0.0,0.0,0.0,0.0
1647.0,9.145409421762452e-06,3.838376414933009e-06,2.916508492489811e-05,0.0,0.0,0.0007621174518135376
1648.0,9.145409421762452e-06,3.838376414933009e-06,2.916508492489811e-05,0.0,0.0,0.0007621174518135376
1649.0,0.0,0.0,0.0,0.0,0.0,0.0
1650.0,0.0,0.0,0.0,0.0,0.0,0.0
1651.0,0.0,0.0,0.0,0.0,0.0,0.0
1652.0,0.0,0.0,0.0,0.0,0.0,0.0
1653.0,0.0,0.0,0.0,0.0,0.0,0.0
1654.0,0.0,0.0,0.0,0.0,0.0,0.0
1655.0,0.0,0.0,0.0,0.0,0.0,0.0
1656.0,0.0,0.0,0.0,0.0,0.0,0.0
1657.0,0.0,0.0,0.0,0.0,0.0,0.0
1658.0,0.0,0.0,0.0,0.0,0.0,0.0
1659.0,0.0,0.0,0.0,0.0,0.0,0.0
1660.0,0.0,0.0,0.0,0.0,0.0,0.0
1661.0,0.0,0.0,0.0,0.0,0.0,0.0
1662.0,0.0,0.0,0.0,0.0,0.0,0.0
1663.0,0.0,0.0,0.0,0.0,0.0,0.0
1664.0,0.0,0.0,0.0,0.0,0.0,0.0
1665.0,0.0,0.0,0.0,0.0,0.0,0.0
1666.0,0.0,0.0,0.0,0.0,0.0,0.0
1667.0,0.0,0.0,0.0,0.0,0.0,0.0
1668.0,0.0,0.0,0.0,0.0,0.0,0.0
1669.0,0.0,0.0,0.0,0.0,0.0,0.0
1670.0,0.0,0.0,0.0,0.0,0.0,0.0
1671.0,0.05098000168800354,0.024764880537986755,2.916508492489811e-05,0.0006774151115678251,0.1753472222222222,4.248333474000295
1672.0,9.910208973451518e-06,5.087174940854311e-06,2.916508492489811e-05,0.0,0.0,0.0008258507477876265
1673.0,0.0,0.0,0.0,0.0,0.0,0.0
1674.0,0.0,0.0,0.0,0.0,0.0,0.0
1675.0,0.0,0.0,0.0,0.0,0.0,0.0
1676.0,0.0,0.0,0.0,0.0,0.0,0.0
1677.0,0.0,0.0,0.0,0.0,0.0,0.0
1678.0,0.0,0.0,0.0,0.0,0.0,0.0
1679.0,0.0,0.0,0.0,0.0,0.0,0.0
1680.0,0.0,0.0,0.0,0.0,0.0,0.0
1681.0,0.0,0.0,0.0,0.0,0.0,0.0
1682.0,0.0,0.0,0.0,0.0,0.0,0.0
1683.0,0.0,0.0,0.0,0.0,0.0,0.0
1684.0,0.0,0.0,0.0,0.0,0.0,0.0
1685.0,0.0,0.0,0.0,0.0,0.0,0.0
1686.0,0.0,0.0,0.0,0.0,0.0,0.0
1687.0,0.0,0.0,0.0,0.0,0.0,0.0
1688.0,0.0,0.0,0.0,0.0,0.0,0.0
1689.0,0.0,0.0,0.0,0.0,0.0,0.0
1690.0,0.0,0.0,0.0,0.0,0.0,0.0
1691.0,0.0,0.0,0.0,0.0,0.0,0.0
1692.0,0.0,0.0,0.0,0.0,0.0,0.0
1693.0,0.0,0.0,0.0,0.0,0.0,0.0
1694.0,0.0,0.0,0.0,0.0,0.0,0.0
1695.0,0.0,0.0,0.0,0.0,0.0,0.0
1696.0,9.910208973451518e-06,5.087174940854311e-06,2.916508492489811e-05,0.0,0.0,0.0008258507477876265
1697.0,9.910208973451518e-06,5.087174940854311e-06,2.916508492489811e-05,0.0,0.0,0.0008258507477876265
1698.0,0.0,0.0,0.0,0.0,0.0,0.0
1699.0,0.0,0.0,0.0,0.0,0.0,0.0
1700.0,0.0,0.0,0.0,0.0,0.0,0.0
1701.0,0.0,0.0,0.0,0.0,0.0,0.0
1702.0,0.0,0.0,0.0,0.0,0.0,0.0
1703.0,0.0,0.0,0.0,0.0,0.0,0.0
1704.0,0.0,0.0,0.0,0.0,0.0,0.0
1705.0,0.0,0.0,0.0,0.0,0.0,0.0
1706.0,0.0,0.0,0.0,0.0,0.0,0.0
1707.0,0.0,0.0,0.0,0.0,0.0,0.0
1708.0,0.0,0.0,0.0,0.0,0.0,0.0
1709.0,0.0,0.0,0.0,0.0,0.0,0.0
1710.0,0.0,0.0,0.0,0.0,0.0,0.0
1711.0,0.0,0.0,0.0,0.0,0.0,0.0
1712.0,0.0,0.0,0.0,0.0,0.0,0.0
1713.0,6.18191625108011e-05,0.0,0.0,0.0,0.0,0.0051515968759000925
1714.0,0.00043767012539319694,0.0,0.0,0.0,0.008680555555555556,0.05787037037037038
1715.0,0.00019115940085612237,0.0,0.0,0.0,0.003472222222222222,0.023148148148148147
1716.0,0.0,0.0,0.0,0.0,0.0,0.0
1717.0,0.0,0.0,0.0,0.0,0.0,0.0
1718.0,0.0,0.0,0.0,0.0,0.0,0.0
1719.0,0.0,0.0,0.0,0.0,0.0,0.0
1720.0,0.0,0.0,0.0,0.0,0.0,0.0
1721.0,1.52036427607527e-05,5.087174940854311e-06,2.916508492489811e-05,0.0,0.0,0.001266970230062725
1722.0,9.961270734493155e-06,5.087174940854311e-06,2.916508492489811e-05,0.0,0.0,0.0008301058945410963
1723.0,3.656045373645611e-05,0.0,0.0,0.0,0.0,0.0030467044780380093
1724.0,4.1139021050184965e-05,0.0,0.0,0.0,0.0,0.0034282517541820803
1725.0,1.3378265975916293e-05,0.0,0.0,0.0,0.0,0.0011148554979930243
1726.0,8.306098607135937e-06,0.0,0.0,0.0,0.0,0.0006921748839279948
1727.0,8.508645987603813e-05,0.0,0.0,0.0,0.001736111111111111,0.011574074074074073
1728.0,0.0,0.0,0.0,0.0,0.0,0.0
1729.0,5.800652797915973e-05,0.0,0.0,0.0,0.001736111111111111,0.011574074074074073
1730.0,0.0002766883990261704,0.0,0.0,0.0,0.005208333333333333,0.034722222222222224
1731.0,4.508782149059698e-05,0.0,0.0,0.0,0.001736111111111111,0.011574074074074073
1732.0,7.237199315568432e-05,0.0,0.0,0.0,0.0,0.00603099942964036
1733.0,0.0,0.0,0.0,0.0,0.0,0.0
1734.0,0.0,0.0,0.0,0.0,0.0,0.0
1735.0,0.0,0.0,0.0,0.0,0.0,0.0
1736.0,1.9812086975434795e-05,0.0,0.0,0.0,0.0,0.0016510072479528997
1737.0,0.0001771854149410501,0.0,0.0,0.0,0.001736111111111111,0.014765451245087508
1738.0,4.731755780085223e-06,0.0,0.0,0.0,0.0,0.00039431298167376855
1739.0,0.0,0.0,0.0,0.0,0.0,0.0
1740.0,0.0,0.0,0.0,0.0,0.0,0.0
1741.0,0.0,0.0,0.0,0.0,0.0,0.0
1742.0,0.0,0.0,0.0,0.0,0.0,0.0
1743.0,5.649168451782316e-05,0.0,0.0,0.0,0.0,0.004707640376485263
1744.0,0.00014557800022885203,0.0,0.0,0.0,0.0,0.012131500019071003
1745.0,2.8764974558725953e-05,0.0,0.0,0.0,0.0,0.0023970812132271626
1746.0,7.908231782494113e-05,5.087174940854311e-06,2.916508492489811e-05,0.0,0.0,0.006590193152078427
1747.0,1.036976755131036e-05,5.087174940854311e-06,2.916508492489811e-05,0.0,0.0,0.00086414729594253
1748.0,0.0,0.0,0.0,0.0,0.0,0.0
1749.0,0.0,0.0,0.0,0.0,0.0,0.0
1750.0,0.0,0.0,0.0,0.0,0.0,0.0
1751.0,0.0,0.0,0.0,0.0,0.0,0.0
1752.0,0.0,0.0,0.0,0.0,0.0,0.0
1753.0,0.0,0.0,0.0,0.0,0.0,0.0
1754.0,8.995436655823141e-05,0.0,0.0,0.0,0.0,0.007496197213185951
1755.0,8.850757353684457e-07,0.0,0.0,0.0,0.0,7.375631128070381e-05
1756.0,0.0,0.0,0.0,0.0,0.0,0.0
1757.0,0.0,0.0,0.0,0.0,0.0,0.0
1758.0,0.0,0.0,0.0,0.0,0.0,0.0
1759.0,0.0,0.0,0.0,0.0,0.0,0.0
1760.0,0.0,0.0,0.0,0.0,0.0,0.0
1761.0,0.0,0.0,0.0,0.0,0.0,0.0
1762.0,0.0,0.0,0.0,0.0,0.0,0.0
1763.0,0.0,0.0,0.0,0.0,0.0,0.0
1764.0,0.0,0.0,0.0,0.0,0.0,0.0
1765.0,0.0,0.0,0.0,0.0,0.0,0.0
1766.0,0.001904224161989987,0.0,0.0,0.0,0.024305555555555556,0.16203703703703703
1767.0,0.0,0.0,0.0,0.0,0.0,0.0
1768.0,0.0,0.0,0.0,0.0,0.0,0.0
1769.0,0.0,0.0,0.0,0.0,0.0,0.0
1770.0,0.0,0.0,0.0,0.0,0.0,0.0
1771.0,1.4931310033716727e-05,5.087174940854311e-06,2.916508492489811e-05,0.0,0.0,0.0012442758361430606
1772.0,9.910208973451518e-06,5.087174940854311e-06,2.916508492489811e-05,0.0,0.0,0.0008258507477876265
1773.0,0.0,0.0,0.0,0.0,0.0,0.0
1774.0,5.106207754579373e-05,0.0,0.0,0.0,0.0,0.004255173128816144
1775.0,0.0003749488096218556,0.0,0.0,0.0,0.0,0.031245734135154635
1776.0,7.836327131371945e-05,0.0,0.0,0.0,0.0,0.006530272609476621
1777.0,0.0,0.0,0.0,0.0,0.0,0.0
1778.0,0.0,0.0,0.0,0.0,0.0,0.0
1779.0,0.0,0.0,0.0,0.0,0.0,0.0
1780.0,3.778591462832992e-06,0.0,0.0,0.0,0.0,0.00031488262190274935
1781.0,0.0,0.0,0.0,0.0,0.0,0.0
1782.0,0.0,0.0,0.0,0.0,0.0,0.0
1783.0,0.0,0.0,0.0,0.0,0.0,0.0
1784.0,0.0,0.0,0.0,0.0,0.0,0.0
1785.0,0.0,0.0,0.0,0.0,0.0,0.0
1786.0,0.0,0.0,0.0,0.0,0.0,0.0
1787.0,0.00018578085291665047,0.0,0.0,0.0,0.001736111111111111,0.015481737743054206
1788.0,0.00010369006486143917,0.0,0.0,0.0,0.003472222222222222,0.023148148148148147
1789.0,0.00020823118393309414,0.0,0.0,0.0,0.0,0.01735259866109118
1790.0,9.392020001541823e-05,0.0,0.0,0.0,0.0,0.007826683334618187
1791.0,0.0,0.0,0.0,0.0,0.0,0.0
1792.0,0.0,0.0,0.0,0.0,0.0,0.0
1793.0,0.0,0.0,0.0,0.0,0.0,0.0
1794.0,0.0,0.0,0.0,0.0,0.0,0.0
1795.0,0.0,0.0,0.0,0.0,0.0,0.0
1796.0,1.3144138392817695e-05,5.087174940854311e-06,2.916508492489811e-05,0.0,0.0,0.0010953448660681413
1797.0,1.006339425657643e-05,5.087174940854311e-06,2.916508492489811e-05,0.0,0.0,0.0008386161880480358
1798.0,0.0,0.0,0.0,0.0,0.0,0.0
1799.0,0.0,0.0,0.0,0.0,0.0,0.0
1800.0,0.0,0.0,0.0,0.0,0.0,0.0
1801.0,0.0,0.0,0.0,0.0,0.0,0.0
1802.0,0.0,0.0,0.0,0.0,0.0,0.0
1803.0,0.0,0.0,0.0,0.0,0.0,0.0
1804.0,0.0,0.0,0.0,0.0,0.0,0.0
1805.0,0.0,0.0,0.0,0.0,0.0,0.0
1806.0,0.0,0.0,0.0,0.0,0.0,0.0
1807.0,0.0,0.0,0.0,0.0,0.0,0.0
1808.0,0.0,0.0,0.0,0.0,0.0,0.0
1809.0,0.0,0.0,0.0,0.0,0.0,0.0
1810.0,0.0,0.0,0.0,0.0,0.0,0.0
1811.0,0.0,0.0,0.0,0.0,0.0,0.0
1812.0,0.0,0.0,0.0,0.0,0.0,0.0
1813.0,0.0,0.0,0.0,0.0,0.0,0.0
1814.0,0.0,0.0,0.0,0.0,0.0,0.0
1815.0,0.0,0.0,0.0,0.0,0.0,0.0
1816.0,0.0,0.0,0.0,0.0,0.0,0.0
1817.0,0.0,0.0,0.0,0.0,0.0,0.0
1818.0,0.0,0.0,0.0,0.0,0.0,0.0
1819.0,0.0,0.0,0.0,0.0,0.0,0.0
1820.0,0.0,0.0,0.0,0.0,0.0,0.0
1821.0,1.006339425657643e-05,5.087174940854311e-06,2.916508492489811e-05,0.0,0.0,0.0008386161880480358
1822.0,1.006339425657643e-05,5.087174940854311e-06,2.916508492489811e-05,0.0,0.0,0.0008386161880480358
1823.0,0.0,0.0,0.0,0.0,0.0,0.0
1824.0,0.0,0.0,0.0,0.0,0.0,0.0
1825.0,0.0,0.0,0.0,0.0,0.0,0.0
1826.0,0.0,0.0,0.0,0.0,0.0,0.0
1827.0,0.0,0.0,0.0,0.0,0.0,0.0
1828.0,0.0,0.0,0.0,0.0,0.0,0.0
1829.0,0.0,0.0,0.0,0.0,0.0,0.0
1830.0,0.0,0.0,0.0,0.0,0.0,0.0
1831.0,0.0,0.0,0.0,0.0,0.0,0.0
1832.0,0.0,0.0,0.0,0.0,0.0,0.0
1833.0,0.0,0.0,0.0,0.0,0.0,0.0
1834.0,0.0,0.0,0.0,0.0,0.0,0.0
1835.0,0.0,0.0,0.0,0.0,0.0,0.0
1836.0,0.0,0.0,0.0,0.0,0.0,0.0
1837.0,0.0,0.0,0.0,0.0,0.0,0.0
1838.0,0.0,0.0,0.0,0.0,0.0,0.0
1839.0,0.0,0.0,0.0,0.0,0.0,0.0
1840.0,0.0,0.0,0.0,0.0,0.0,0.0
1841.0,0.0,0.0,0.0,0.0,0.0,0.0
1842.0,0.001094430685043335,0.0,0.0,0.0,0.005208333333333333,0.09120255708694458
1843.0,0.0,0.0,0.0,0.0,0.0,0.0
1844.0,0.0,0.0,0.0,0.0,0.0,0.0
1845.0,0.0,0.0,0.0,0.0,0.0,0.0
1846.0,1.1186756637471262e-05,5.087174940854311e-06,2.916508492489811e-05,0.0,0.0,0.0009322297197892718
1847.0,0.03266359493136406,0.022085227072238922,2.916508492489811e-05,0.00039059147820807993,0.14583333333333334,2.7219662442803383
1848.0,0.0,0.0,0.0,0.0,0.0,0.0
1849.0,0.0,0.0,0.0,0.0,0.0,0.0
1850.0,0.0,0.0,0.0,0.0,0.0,0.0
1851.0,0.0,0.0,0.0,0.0,0.0,0.0
1852.0,0.0,0.0,0.0,0.0,0.0,0.0
1853.0,0.0,0.0,0.0,0.0,0.0,0.0
1854.0,0.0,0.0,0.0,0.0,0.0,0.0
1855.0,0.00016761256847530603,0.0001324173790635541,0.0,4.731542139779776e-05,0.003472222222222222,0.023148148148148147
1856.0,0.0,0.0,0.0,0.0,0.0,0.0
1857.0,0.0,0.0,0.0,0.0,0.0,0.0
1858.0,0.0,0.0,0.0,0.0,0.0,0.0
1859.0,0.0,0.0,0.0,0.0,0.0,0.0
1860.0,0.0,0.0,0.0,0.0,0.0,0.0
1861.0,0.0,0.0,0.0,0.0,0.0,0.0
1862.0,0.0,0.0,0.0,0.0,0.0,0.0
1863.0,0.0,0.0,0.0,0.0,0.0,0.0
1864.0,0.0,0.0,0.0,0.0,0.0,0.0
1865.0,0.0,0.0,0.0,0.0,0.0,0.0
1866.0,0.0,0.0,0.0,0.0,0.0,0.0
1867.0,0.0,0.0,0.0,0.0,0.0,0.0
1868.0,0.0,0.0,0.0,0.0,0.0,0.0
1869.0,0.0,0.0,0.0,0.0,0.0,0.0
1870.0,0.0,0.0,0.0,0.0,0.0,0.0
1871.0,8.243547199526802e-06,6.811463208578061e-06,2.916508492489811e-05,0.0,0.0,0.0006869622666272335
1872.0,8.243547199526802e-06,6.811463208578061e-06,2.916508492489811e-05,0.0,0.0,0.0006869622666272335
1873.0,0.0,0.0,0.0,0.0,0.0,0.0
1874.0,0.0,0.0,0.0,0.0,0.0,0.0
1875.0,0.0,0.0,0.0,0.0,0.0,0.0
1876.0,0.0,0.0,0.0,0.0,0.0,0.0
1877.0,0.0,0.0,0.0,0.0,0.0,0.0
1878.0,0.0,0.0,0.0,0.0,0.0,0.0
1879.0,0.0,0.0,0.0,0.0,0.0,0.0
1880.0,0.0,0.0,0.0,0.0,0.0,0.0
1881.0,0.0,0.0,0.0,0.0,0.0,0.0
1882.0,0.0,0.0,0.0,0.0,0.0,0.0
1883.0,0.0,0.0,0.0,0.0,0.0,0.0
1884.0,0.0,0.0,0.0,0.0,0.0,0.0
1885.0,0.0,0.0,0.0,0.0,0.0,0.0
1886.0,0.0,0.0,0.0,0.0,0.0,0.0
1887.0,0.0,0.0,0.0,0.0,0.0,0.0
1888.0,0.0,0.0,0.0,0.0,0.0,0.0
1889.0,0.0,0.0,0.0,0.0,0.0,0.0
1890.0,0.0,0.0,0.0,0.0,0.0,0.0
1891.0,0.0,0.0,0.0,0.0,0.0,0.0
1892.0,0.0,0.0,0.0,0.0,0.0,0.0
1893.0,0.0,0.0,0.0,0.0,0.0,0.0
1894.0,0.0,0.0,0.0,0.0,0.0,0.0
1895.0,0.0,0.0,0.0,0.0,0.0,0.0
1896.0,8.243547199526802e-06,6.811463208578061e-06,2.916508492489811e-05,0.0,0.0,0.0006869622666272335
1897.0,8.243547199526802e-06,6.811463208578061e-06,2.916508492489811e-05,0.0,0.0,0.0006869622666272335
1898.0,0.0,0.0,0.0,0.0,0.0,0.0
1899.0,0.0,0.0,0.0,0.0,0.0,0.0
1900.0,0.0,0.0,0.0,0.0,0.0,0.0
1901.0,0.0,0.0,0.0,0.0,0.0,0.0
1902.0,0.0,0.0,0.0,0.0,0.0,0.0
1903.0,0.0,0.0,0.0,0.0,0.0,0.0
1904.0,0.0,0.0,0.0,0.0,0.0,0.0
1905.0,0.0,0.0,0.0,0.0,0.0,0.0
1906.0,0.0,0.0,0.0,0.0,0.0,0.0
1907.0,0.0,0.0,0.0,0.0,0.0,0.0
1908.0,0.0,0.0,0.0,0.0,0.0,0.0
1909.0,0.0,0.0,0.0,0.0,0.0,0.0
1910.0,0.0,0.0,0.0,0.0,0.0,0.0
1911.0,2.8058704515387944e-07,6.036643185325374e-07,0.0,0.0,0.0,2.3382253762823286e-05
1912.0,0.03142385557293892,0.01719648577272892,0.0,0.0002682850754354149,0.08506944444444445,2.6186546310782433
1913.0,0.0,0.0,0.0,0.0,0.0,0.0
1914.0,0.0,0.0,0.0,0.0,0.0,0.0
1915.0,0.0,0.0,0.0,0.0,0.0,0.0
1916.0,0.0,0.0,0.0,0.0,0.0,0.0
1917.0,0.0,0.0,0.0,0.0,0.0,0.0
1918.0,0.0,0.0,0.0,0.0,0.0,0.0
1919.0,0.0,0.0,0.0,0.0,0.0,0.0
1920.0,0.0,0.0,0.0,0.0,0.0,0.0
1921.0,0.0,0.0,0.0,0.0,0.0,0.0
1922.0,0.0,0.0,0.0,0.0,0.0,0.0
1923.0,0.0,0.0,0.0,0.0,0.0,0.0
1924.0,0.0,0.0,0.0,0.0,0.0,0.0
1925.0,0.0,0.0,0.0,0.0,0.0,0.0
1926.0,0.0,0.0,0.0,0.0,0.0,0.0
1927.0,0.0,0.0,0.0,0.0,0.0,0.0
1928.0,1.7408773089755414e-07,0.0,3.960277581427363e-07,0.0,0.0,1.4507310908129512e-05
1929.0,1.7408773089755414e-07,0.0,3.960277581427363e-07,0.0,0.0,1.4507310908129512e-05
1930.0,0.0,0.0,0.0,0.0,0.0,0.0
1931.0,0.0,0.0,0.0,0.0,0.0,0.0
1932.0,0.0,0.0,0.0,0.0,0.0,0.0
1933.0,0.0,0.0,0.0,0.0,0.0,0.0
1934.0,0.0,0.0,0.0,0.0,0.0,0.0
1935.0,0.0,0.0,0.0,0.0,0.0,0.0
1936.0,0.0,0.0,0.0,0.0,0.0,0.0
1937.0,0.0,0.0,0.0,0.0,0.0,0.0
1938.0,0.0,0.0,0.0,0.0,0.0,0.0
1939.0,0.0,0.0,0.0,0.0,0.0,0.0
1940.0,0.0,0.0,0.0,0.0,0.0,0.0
1941.0,0.00015492236707359552,0.0,0.0,0.0,0.001736111111111111,0.01291019725613296
1942.0,0.0,0.0,0.0,0.0,0.0,0.0
1943.0,6.382758783729514e-06,0.0,0.0,0.0,0.0,0.0005318965653107929
1944.0,0.0002672759583219886,0.0,0.0,0.0,0.003472222222222222,0.023148148148148147
1945.0,9.531604518997483e-06,0.0,0.0,0.0,0.0,0.0007943003765831236
1946.0,9.242236046702601e-06,0.0,0.0,0.0,0.0,0.0007701863372252168
1947.0,2.4662984287715517e-05,0.0,0.0,0.0,0.0,0.00205524869064296
1948.0,9.414146188646555e-05,0.0,0.0,0.0,0.0,0.007845121823872129
1949.0,6.163193029351532e-05,0.0,0.0,0.0,0.0,0.005135994191126277
1950.0,2.1973715774947777e-05,0.0,0.0,0.0,0.0,0.0018311429812456481
1951.0,0.0,0.0,0.0,0.0,0.0,0.0
1952.0,0.0,0.0,0.0,0.0,0.0,0.0
1953.0,2.5229478524124715e-06,0.0,3.960277581427363e-07,0.0,0.0,0.00021024565436770595
1954.0,0.00015650915156584233,0.0,3.960277581427363e-07,0.0,0.0,0.013042429297153527
1955.0,6.108726665843278e-05,0.0,0.0,0.0,0.0,0.0050906055548693985
1956.0,0.0,0.0,0.0,0.0,0.0,0.0
1957.0,0.0,0.0,0.0,0.0,0.0,0.0
1958.0,0.0,0.0,0.0,0.0,0.0,0.0
1959.0,0.0,0.0,0.0,0.0,0.0,0.0
1960.0,0.03518282249569893,0.008028766140341759,7.185251433838857e-07,0.00038844437221996486,0.2309027777777778,2.9319018746415773
1961.0,1.7399893295078073e-06,0.0,7.185251433838857e-07,0.0,0.0,0.00014499911079231728
1962.0,0.0,0.0,0.0,0.0,0.0,0.0
1963.0,0.0,0.0,0.0,0.0,0.0,0.0
1964.0,0.0,0.0,0.0,0.0,0.0,0.0
1965.0,0.0,0.0,0.0,0.0,0.0,0.0
1966.0,0.0,0.0,0.0,0.0,0.0,0.0
1967.0,0.0,0.0,0.0,0.0,0.0,0.0
1968.0,0.0,0.0,0.0,0.0,0.0,0.0
1969.0,0.0,0.0,0.0,0.0,0.0,0.0
1970.0,0.0,0.0,0.0,0.0,0.0,0.0
1971.0,0.0,0.0,0.0,0.0,0.0,0.0
1972.0,0.0,0.0,0.0,0.0,0.0,0.0
1973.0,0.0,0.0,0.0,0.0,0.0,0.0
1974.0,0.0,0.0,0.0,0.0,0.0,0.0
1975.0,0.0,0.0,0.0,0.0,0.0,0.0
1976.0,0.0,0.0,0.0,0.0,0.0,0.0
1977.0,0.0,0.0,0.0,0.0,0.0,0.0
1978.0,0.0,0.0,0.0,0.0,0.0,0.0
1979.0,0.0,0.0,0.0,0.0,0.0,0.0
1980.0,0.0,0.0,0.0,0.0,0.0,0.0
1981.0,0.0,0.0,0.0,0.0,0.0,0.0
1982.0,0.0,0.0,0.0,0.0,0.0,0.0
1983.0,0.0,0.0,0.0,0.0,0.0,0.0
1984.0,0.0,0.0,0.0,0.0,0.0,0.0
1985.0,1.7399893295078073e-06,0.0,7.185251433838857e-07,0.0,0.0,0.00014499911079231728
1986.0,1.7399893295078073e-06,0.0,7.185251433838857e-07,0.0,0.0,0.00014499911079231728
1987.0,0.0,0.0,0.0,0.0,0.0,0.0
1988.0,0.0,0.0,0.0,0.0,0.0,0.0
1989.0,0.0,0.0,0.0,0.0,0.0,0.0
1990.0,0.0,0.0,0.0,0.0,0.0,0.0
1991.0,0.0,0.0,0.0,0.0,0.0,0.0
1992.0,0.0,0.0,0.0,0.0,0.0,0.0
1993.0,0.0,0.0,0.0,0.0,0.0,0.0
1994.0,0.0,0.0,0.0,0.0,0.0,0.0
1995.0,0.0,0.0,0.0,0.0,0.0,0.0
1996.0,0.0,0.0,0.0,0.0,0.0,0.0
1997.0,0.0,0.0,0.0,0.0,0.0,0.0
1998.0,0.0,0.0,0.0,0.0,0.0,0.0
1999.0,0.0,0.0,0.0,0.0,0.0,0.0
2000.0,0.0,0.0,0.0,0.0,0.0,0.0
2001.0,0.0,0.0,0.0,0.0,0.0,0.0
2002.0,0.0,0.0,0.0,0.0,0.0,0.0
2003.0,0.0,0.0,0.0,0.0,0.0,0.0
2004.0,0.0,0.0,0.0,0.0,0.0,0.0
2005.0,0.0,0.0,0.0,0.0,0.0,0.0
2006.0,0.0,0.0,0.0,0.0,0.0,0.0
2007.0,0.0,0.0,0.0,0.0,0.0,0.0
2008.0,0.0,0.0,0.0,0.0,0.0,0.0
2009.0,0.0,0.0,0.0,0.0,0.0,0.0
2010.0,1.7399893295078073e-06,0.0,7.185251433838857e-07,0.0,0.0,0.00014499911079231728
2011.0,1.7399893295078073e-06,0.0,7.185251433838857e-07,0.0,0.0,0.00014499911079231728
2012.0,0.0,0.0,0.0,0.0,0.0,0.0
2013.0,0.0,0.0,0.0,0.0,0.0,0.0
2014.0,0.0,0.0,0.0,0.0,0.0,0.0
2015.0,0.0,0.0,0.0,0.0,0.0,0.0
2016.0,0.0,0.0,0.0,0.0,0.0,0.0
2017.0,0.0,0.0,0.0,0.0,0.0,0.0
2018.0,0.0,0.0,0.0,0.0,0.0,0.0
2019.0,0.0,0.0,0.0,0.0,0.0,0.0
2020.0,0.0,0.0,0.0,0.0,0.0,0.0
2021.0,0.0,0.0,0.0,0.0,0.0,0.0
2022.0,0.0,0.0,0.0,0.0,0.0,0.0
2023.0,0.0,0.0,0.0,0.0,0.0,0.0
2024.0,6.944442429812625e-05,0.0,0.0,0.0,0.0,0.005787035358177188
2025.0,0.00037234468618407845,0.0,0.0,0.0,0.005208333333333333,0.034722222222222224
2026.0,8.796294423518702e-05,0.0,0.0,0.0,0.0,0.007330245352932252
2027.0,4.799838734470541e-06,0.0,0.0,0.0,0.0,0.0003999865612058784
2028.0,0.0,0.0,0.0,0.0,0.0,0.0
2029.0,0.0,0.0,0.0,0.0,0.0,0.0
2030.0,0.0,0.0,0.0,0.0,0.0,0.0
2031.0,0.0,0.0,0.0,0.0,0.0,0.0
2032.0,0.0,0.0,0.0,0.0,0.0,0.0
2033.0,0.0,0.0,0.0,0.0,0.0,0.0
2034.0,0.0,0.0,0.0,0.0,0.0,0.0
2035.0,1.8591341586216004e-06,0.0,7.185251433838857e-07,0.0,0.0,0.00015492784655180003
2036.0,1.8591341586216004e-06,0.0,7.185251433838857e-07,0.0,0.0,0.00015492784655180003
2037.0,0.0,0.0,0.0,0.0,0.0,0.0
2038.0,0.0,0.0,0.0,0.0,0.0,0.0
2039.0,0.0,0.0,0.0,0.0,0.0,0.0
2040.0,0.0,0.0,0.0,0.0,0.0,0.0
2041.0,0.0,0.0,0.0,0.0,0.0,0.0
2042.0,0.0,0.0,0.0,0.0,0.0,0.0
2043.0,0.0,0.0,0.0,0.0,0.0,0.0
2044.0,0.0,0.0,0.0,0.0,0.0,0.0
2045.0,0.0,0.0,0.0,0.0,0.0,0.0
2046.0,0.0,0.0,0.0,0.0,0.0,0.0
2047.0,0.0,0.0,0.0,0.0,0.0,0.0
2048.0,0.0,0.0,0.0,0.0,0.0,0.0
2049.0,0.0,0.0,0.0,0.0,0.0,0.0
2050.0,0.0,0.0,0.0,0.0,0.0,0.0
2051.0,0.0,0.0,0.0,0.0,0.0,0.0
2052.0,0.0005303308134898543,0.0,0.0,0.0,0.005208333333333333,0.04419423445748786
2053.0,0.0,0.0,0.0,0.0,0.0,0.0
2054.0,0.0,0.0,0.0,0.0,0.0,0.0
2055.0,0.0,0.0,0.0,0.0,0.0,0.0
2056.0,0.0,0.0,0.0,0.0,0.0,0.0
2057.0,0.0,0.0,0.0,0.0,0.0,0.0
2058.0,0.0,0.0,0.0,0.0,0.0,0.0
2059.0,9.05500473891152e-06,0.0,0.0,0.0,0.0,0.0007545837282426268
2060.0,0.00017060228856280446,0.0,7.185251433838857e-07,0.0,0.0,0.014216857380233705
2061.0,0.00029633415397256613,0.0,7.185251433838857e-07,0.0,0.0,0.024694512831047177
2062.0,2.583742025308311e-05,0.0,0.0,0.0,0.0,0.0021531183544235923
2063.0,0.0,0.0,0.0,0.0,0.0,0.0
2064.0,0.0,0.0,0.0,0.0,0.0,0.0
2065.0,0.0,0.0,0.0,0.0,0.0,0.0
2066.0,0.0,0.0,0.0,0.0,0.0,0.0
2067.0,0.0,0.0,0.0,0.0,0.0,0.0
2068.0,0.0001925551041495055,0.0012410080526024103,0.0,0.0,0.006944444444444444,0.046296296296296294
2069.0,0.00033391386386938393,0.002120159799233079,0.0,0.0,0.006944444444444444,0.053003994980826974
2070.0,0.0003679533547256142,0.0023593020159751177,0.0,0.0,0.006944444444444444,0.05898255039937794
2071.0,0.00011483861453598365,0.0007384855416603386,0.0,0.0,0.005208333333333333,0.034722222222222224
2072.0,4.583672489388846e-05,0.00014747701061423868,0.0,0.0,0.003472222222222222,0.023148148148148147
2073.0,2.4662982468726113e-05,0.00015947326028253883,0.0,0.0,0.0,0.003986831507063471
2074.0,0.00021304802794475108,0.00100856670178473,0.0,0.0,0.001736111111111111,0.02521416754461825
2075.0,5.204928311286494e-05,0.0003343546122778207,0.0,0.0,0.0,0.008358865306945518
2076.0,0.0002317878243047744,0.0014833546010777354,0.0,0.0,0.005208333333333333,0.037083865026943386
2077.0,0.0002460020477883518,0.0009071063832379878,0.0,0.0,0.006944444444444444,0.046296296296296294
2078.0,0.0003410436038393527,0.0,0.0,0.0,0.006944444444444444,0.046296296296296294
2079.0,0.00034676259383559227,0.0,0.0,0.0,0.003472222222222222,0.028896882819632687
2080.0,0.00021854571241419762,0.0,0.0,0.0,0.001736111111111111,0.018212142701183136
2081.0,5.0789745728252456e-05,0.0,0.0,0.0,0.003472222222222222,0.023148148148148147
2082.0,0.00015027570771053433,0.0,0.0,0.0,0.003472222222222222,0.023148148148148147
2083.0,0.0001456630852771923,0.0,0.0,0.0,0.006944444444444444,0.046296296296296294
2084.0,0.0003117510350421071,0.0,0.0,0.0,0.003472222222222222,0.025979252920175593
2085.0,0.0001397267624270171,0.0,7.185251433838857e-07,0.0,0.001736111111111111,0.011643896868918091
2086.0,0.00021191149426158518,0.0,7.185251433838857e-07,0.0,0.008680555555555556,0.05787037037037038
2087.0,0.0001310763618675992,0.0,0.0,0.0,0.003472222222222222,0.023148148148148147
2088.0,0.0002557529369369149,0.0,0.0,0.0,0.006944444444444444,0.046296296296296294
2089.0,0.00021779681264888495,0.0,0.0,0.0,0.001736111111111111,0.01814973438740708
2090.0,0.00012620844063349068,0.0,0.0,0.0,0.006944444444444444,0.046296296296296294
2091.0,9.974126442102715e-06,0.0,0.0,0.0,0.0,0.0008311772035085596
2092.0,7.701863796683028e-05,0.0,0.0,0.0,0.010416666666666666,0.06944444444444445
2093.0,0.00023932800104375929,0.0,0.0,0.0,0.010416666666666666,0.06944444444444445
2094.0,0.000267837691353634,0.0,0.0,0.0,0.006944444444444444,0.046296296296296294
2095.0,0.0001787002693163231,0.0,0.0,0.0,0.003472222222222222,0.023148148148148147
2096.0,0.00014105047739576548,0.0,0.0,0.0,0.006944444444444444,0.046296296296296294
2097.0,0.000222886010305956,0.0,0.0,0.0,0.010416666666666666,0.06944444444444445
2098.0,0.00011488967720651999,0.0,0.0,0.0,0.0,0.00957413976721
2099.0,9.315425268141553e-05,0.0,0.0,0.0,0.003472222222222222,0.023148148148148147
2100.0,0.0,0.0,0.0,0.0,0.0,0.0
2101.0,0.0002679908066056669,0.0,0.0,0.0,0.006944444444444444,0.046296296296296294
2102.0,0.00028499451582320035,0.0,0.0,0.0,0.003472222222222222,0.023749542985266697
2103.0,0.00017131328058894724,0.0,0.0,0.0,0.006944444444444444,0.046296296296296294
2104.0,0.0001963507238542661,0.0,0.0,0.0,0.006944444444444444,0.046296296296296294
2105.0,1.0212450263225037e-07,0.0,0.0,0.0,0.0,8.510375219354197e-06
2106.0,0.0,0.0,0.0,0.0,0.0,0.0
2107.0,0.0,0.0,0.0,0.0,0.0,0.0
2108.0,0.00017139840929303318,0.0,0.0,0.0,0.0,0.01428320077441943
2109.0,0.0,0.0,0.0,0.0,0.0,0.0
2110.0,1.1016276403097436e-05,0.0,7.185251433838857e-07,0.0,0.0,0.000918023033591453
2111.0,3.8675734685966745e-06,0.0,7.185251433838857e-07,0.0,0.0,0.0003222977890497229
2112.0,0.0,0.0,0.0,0.0,0.0,0.0
2113.0,0.0,0.0,0.0,0.0,0.0,0.0
2114.0,0.0,0.0,0.0,0.0,0.0,0.0
2115.0,0.0,0.0,0.0,0.0,0.0,0.0
2116.0,0.0,0.0,0.0,0.0,0.0,0.0
2117.0,0.0,0.0,0.0,0.0,0.0,0.0
2118.0,0.0,0.0,0.0,0.0,0.0,0.0
2119.0,0.0,0.0,0.0,0.0,0.0,0.0
2120.0,0.0,0.0,0.0,0.0,0.0,0.0
2121.0,0.0,0.0,0.0,0.0,0.0,0.0
2122.0,0.0,0.0,0.0,0.0,0.0,0.0
2123.0,0.0,0.0,0.0,0.0,0.0,0.0
2124.0,0.0,0.0,0.0,0.0,0.0,0.0
2125.0,0.0,0.0,0.0,0.0,0.0,0.0
2126.0,0.007316634990274906,0.010401971638202667,0.0,0.0,0.1579861111111111,1.0532407407407407
2127.0,1.191448632198444e-06,0.0,0.0,0.0,0.0,9.928738601653701e-05
2128.0,0.0,0.0,0.0,0.0,0.0,0.0
2129.0,0.0,0.0,0.0,0.0,0.0,0.0
2130.0,0.0,0.0,0.0,0.0,0.0,0.0
2131.0,0.0,0.0,0.0,0.0,0.0,0.0
2132.0,0.0,0.0,0.0,0.0,0.0,0.0
2133.0,0.0,0.0,0.0,0.0,0.0,0.0
2134.0,0.0,0.0,0.0,0.0,0.0,0.0
2135.0,1.7399893295078073e-06,0.0,7.185251433838857e-07,0.0,0.0,0.00014499911079231728
2136.0,1.7399893295078073e-06,0.0,7.185251433838857e-07,0.0,0.0,0.00014499911079231728
2137.0,0.0,0.0,0.0,0.0,0.0,0.0
2138.0,0.0,0.0,0.0,0.0,0.0,0.0
2139.0,0.0,0.0,0.0,0.0,0.0,0.0
2140.0,0.0,0.0,0.0,0.0,0.0,0.0
2141.0,0.0,0.0,0.0,0.0,0.0,0.0
2142.0,0.0,0.0,0.0,0.0,0.0,0.0
2143.0,0.0,0.0,0.0,0.0,0.0,0.0
2144.0,0.0,0.0,0.0,0.0,0.0,0.0
2145.0,0.0,0.0,0.0,0.0,0.0,0.0
2146.0,0.0,0.0,0.0,0.0,0.0,0.0
2147.0,0.0,0.0,0.0,0.0,0.0,0.0
2148.0,0.0,0.0,0.0,0.0,0.0,0.0
2149.0,0.0,0.0,0.0,0.0,0.0,0.0
2150.0,0.0,0.0,0.0,0.0,0.0,0.0
2151.0,0.0,0.0,0.0,0.0,0.0,0.0
2152.0,0.0,0.0,0.0,0.0,0.0,0.0
2153.0,0.0,0.0,0.0,0.0,0.0,0.0
2154.0,0.0,0.0,0.0,0.0,0.0,0.0
2155.0,0.0,0.0,0.0,0.0,0.0,0.0
2156.0,0.0,0.0,0.0,0.0,0.0,0.0
2157.0,0.0,0.0,0.0,0.0,0.0,0.0
2158.0,0.0,0.0,0.0,0.0,0.0,0.0
2159.0,0.0,0.0,0.0,0.0,0.0,0.0
2160.0,1.7399893295078073e-06,0.0,7.185251433838857e-07,0.0,0.0,0.00014499911079231728
2161.0,1.7399893295078073e-06,0.0,7.185251433838857e-07,0.0,0.0,0.00014499911079231728
2162.0,0.0,0.0,0.0,0.0,0.0,0.0
2163.0,0.0,0.0,0.0,0.0,0.0,0.0
2164.0,0.0,0.0,0.0,0.0,0.0,0.0
2165.0,0.0,0.0,0.0,0.0,0.0,0.0
2166.0,0.0,0.0,0.0,0.0,0.0,0.0
2167.0,0.0,0.0,0.0,0.0,0.0,0.0
2168.0,0.0,0.0,0.0,0.0,0.0,0.0
2169.0,0.0,0.0,0.0,0.0,0.0,0.0
2170.0,0.0,0.0,0.0,0.0,0.0,0.0
2171.0,0.0,0.0,0.0,0.0,0.0,0.0
2172.0,0.0,0.0,0.0,0.0,0.0,0.0
2173.0,0.0,0.0,0.0,0.0,0.0,0.0
2174.0,1.923337094922317e-06,0.0,0.0,0.0,0.0,0.00016027809124352643
2175.0,0.0,0.0,0.0,0.0,0.0,0.0
2176.0,0.00011894837371073663,0.0,0.0,0.0,0.0,0.00991236447589472
2177.0,1.8298679833606002e-06,0.0,0.0,0.0,0.0,0.00015248899861338336
2178.0,0.0,0.0,0.0,0.0,0.0,0.0
2179.0,0.0,0.0,0.0,0.0,0.0,0.0
2180.0,0.0,0.0,0.0,0.0,0.0,0.0
2181.0,0.0,0.0,0.0,0.0,0.0,0.0
2182.0,0.0,0.0,0.0,0.0,0.0,0.0
2183.0,0.0,0.0,0.0,0.0,0.0,0.0
2184.0,0.0,0.0,0.0,0.0,0.0,0.0
2185.0,1.7399893295078073e-06,0.0,7.185251433838857e-07,0.0,0.0,0.00014499911079231728
2186.0,1.7399893295078073e-06,0.0,7.185251433838857e-07,0.0,0.0,0.00014499911079231728
2187.0,0.0,0.0,0.0,0.0,0.0,0.0
2188.0,0.0,0.0,0.0,0.0,0.0,0.0
2189.0,0.0,0.0,0.0,0.0,0.0,0.0
2190.0,0.0,0.0,0.0,0.0,0.0,0.0
2191.0,0.0,0.0,0.0,0.0,0.0,0.0
2192.0,0.0,0.0,0.0,0.0,0.0,0.0
2193.0,0.0,0.0,0.0,0.0,0.0,0.0
2194.0,0.0,0.0,0.0,0.0,0.0,0.0
2195.0,0.0,0.0,0.0,0.0,0.0,0.0
2196.0,0.0,0.0,0.0,0.0,0.0,0.0
2197.0,0.0,0.0,0.0,0.0,0.0,0.0
2198.0,0.0,0.0,0.0,0.0,0.0,0.0
2199.0,0.0,0.0,0.0,0.0,0.0,0.0
2200.0,0.0,0.0,0.0,0.0,0.0,0.0
2201.0,0.0,0.0,0.0,0.0,0.0,0.0
2202.0,0.0,0.0,0.0,0.0,0.0,0.0
2203.0,0.0,0.0,0.0,0.0,0.0,0.0
2204.0,0.0,0.0,0.0,0.0,0.0,0.0
2205.0,0.0,0.0,0.0,0.0,0.0,0.0
2206.0,0.0,0.0,0.0,0.0,0.0,0.0
2207.0,0.0,0.0,0.0,0.0,0.0,0.0
2208.0,0.0,0.0,0.0,0.0,0.0,0.0
2209.0,0.0,0.0,0.0,0.0,0.0,0.0
2210.0,1.7399893295078073e-06,0.0,7.185251433838857e-07,0.0,0.0,0.00014499911079231728
2211.0,1.7399893295078073e-06,0.0,7.185251433838857e-07,0.0,0.0,0.00014499911079231728
2212.0,0.0,0.0,0.0,0.0,0.0,0.0
2213.0,0.0,0.0,0.0,0.0,0.0,0.0
2214.0,0.0,0.0,0.0,0.0,0.0,0.0
2215.0,0.0,0.0,0.0,0.0,0.0,0.0
2216.0,0.0,0.0,0.0,0.0,0.0,0.0
2217.0,0.0,0.0,0.0,0.0,0.0,0.0
2218.0,0.0,0.0,0.0,0.0,0.0,0.0
2219.0,0.0,0.0,0.0,0.0,0.0,0.0
2220.0,0.0,0.0,0.0,0.0,0.0,0.0
2221.0,0.0,0.0,0.0,0.0,0.0,0.0
2222.0,0.0514000803232193,0.05540795624256134,0.0,0.0003830968344118446,0.3715277777777778,4.283340026934941
2223.0,0.0,0.0,0.0,0.0,0.0,0.0
2224.0,0.0,0.0,0.0,0.0,0.0,0.0
2225.0,0.0,0.0,0.0,0.0,0.0,0.0
2226.0,0.0,0.0,0.0,0.0,0.0,0.0
2227.0,0.0,0.0,0.0,0.0,0.0,0.0
2228.0,0.0,0.0,0.0,0.0,0.0,0.0
2229.0,0.0,0.0,0.0,0.0,0.0,0.0
2230.0,2.113034679496195e-05,3.7383604649221525e-05,4.636776793631725e-05,0.0,0.0,0.001760862232913496
2231.0,2.113034679496195e-05,3.7383604649221525e-05,4.636776793631725e-05,0.0,0.0,0.001760862232913496
2232.0,0.0,0.0,0.0,0.0,0.0,0.0
2233.0,0.0,0.0,0.0,0.0,0.0,0.0
2234.0,0.0,0.0,0.0,0.0,0.0,0.0
2235.0,0.0,0.0,0.0,0.0,0.0,0.0
2236.0,0.0,0.0,0.0,0.0,0.0,0.0
2237.0,0.0,0.0,0.0,0.0,0.0,0.0
2238.0,0.0,0.0,0.0,0.0,0.0,0.0
2239.0,0.0,0.0,0.0,0.0,0.0,0.0
2240.0,0.0,0.0,0.0,0.0,0.0,0.0
2241.0,0.0,0.0,0.0,0.0,0.0,0.0
2242.0,0.0,0.0,0.0,0.0,0.0,0.0
2243.0,0.0,0.0,0.0,0.0,0.0,0.0
2244.0,0.0,0.0,0.0,0.0,0.0,0.0
2245.0,0.0,0.0,0.0,0.0,0.0,0.0
2246.0,0.0,0.0,0.0,0.0,0.0,0.0
2247.0,0.0,0.0,0.0,0.0,0.0,0.0
2248.0,0.00010076251055579633,0.0,0.0,0.0,0.001736111111111111,0.011574074074074073
2249.0,7.274644303834066e-05,0.0,0.0,0.0,0.001736111111111111,0.011574074074074073
2250.0,0.0,0.0,0.0,0.0,0.0,0.0
2251.0,9.015861724037677e-05,0.0,0.0,0.0,0.0,0.00751321810336473
2252.0,0.00021030768402852118,0.0,0.0,0.0,0.001736111111111111,0.017525640335710097
2253.0,0.0,0.0,0.0,0.0,0.0,0.0
2254.0,0.0,0.0,0.0,0.0,0.0,0.0
2255.0,3.35554541379679e-05,3.7383604649221525e-05,4.636776793631725e-05,0.0,0.0,0.0027962878448306583
2256.0,5.985243114992045e-05,3.7383604649221525e-05,4.636776793631725e-05,0.0,0.0,0.004987702595826704
2257.0,0.0003191720461472869,0.0,0.0,0.0,0.001736111111111111,0.026597670512273908
2258.0,0.0,0.0,0.0,0.0,0.0,0.0
2259.0,0.0,0.0,0.0,0.0,0.0,0.0
2260.0,0.0,0.0,0.0,0.0,0.0,0.0
2261.0,0.00011196212290087715,0.0,0.0,0.0,0.0,0.009330176908406429
2262.0,2.6841637009056285e-05,0.0,0.0,0.0,0.0,0.0022368030840880238
2263.0,0.0,0.0,0.0,0.0,0.0,0.0
2264.0,0.00013662510900758207,0.0,0.0,0.0,0.0,0.011385425750631839
2265.0,0.0,0.0,0.0,0.0,0.0,0.0
2266.0,0.0,0.0,0.0,0.0,0.0,0.0
2267.0,0.0,0.0,0.0,0.0,0.0,0.0
2268.0,0.0,0.0,0.0,0.0,0.0,0.0
2269.0,0.0,0.0,0.0,0.0,0.0,0.0
2270.0,0.0,0.0,0.0,0.0,0.0,0.0
2271.0,0.0,0.0,0.0,0.0,0.0,0.0
2272.0,1.1744272114810883e-06,0.0,0.0,0.0,0.0,9.786893429009069e-05
2273.0,3.404113257943209e-08,0.0,0.0,0.0,0.0,2.8367610482860073e-06
2274.0,0.0,0.0,0.0,0.0,0.0,0.0
2275.0,0.0,0.0,0.0,0.0,0.0,0.0
2276.0,0.0,0.0,0.0,0.0,0.0,0.0
2277.0,0.0,0.0,0.0,0.0,0.0,0.0
2278.0,0.0,0.0,0.0,0.0,0.0,0.0
2279.0,0.0,0.0,0.0,0.0,0.0,0.0
2280.0,2.0653771571232937e-05,3.7383604649221525e-05,4.636776793631725e-05,0.0,0.0,0.001721147630936078
2281.0,2.0653771571232937e-05,3.7383604649221525e-05,4.636776793631725e-05,0.0,0.0,0.001721147630936078
2282.0,0.0,0.0,0.0,0.0,0.0,0.0
2283.0,0.0002666632062755525,0.0,0.0,0.0,0.003472222222222222,0.023148148148148147
2284.0,0.00013391881657298654,0.0,0.0,0.0,0.005208333333333333,0.034722222222222224
2285.0,0.00013439540634863079,0.0,0.0,0.0,0.001736111111111111,0.011574074074074073
2286.0,0.00028089250554330647,0.0,0.0,0.0,0.003472222222222222,0.02340770879527554
2287.0,0.00017561952699907124,0.0,0.0,0.0,0.005208333333333333,0.034722222222222224
2288.0,0.00022972830629441887,0.0,0.0,0.0,0.003472222222222222,0.023148148148148147
2289.0,0.00032206554897129536,0.0,0.0,0.0,0.008680555555555556,0.05787037037037038
2290.0,0.0,0.0,0.0,0.0,0.0,0.0
2291.0,0.0001475183671573177,0.0,0.0,0.0,0.006944444444444444,0.046296296296296294
2292.0,0.00014488014858216047,0.0,0.0,0.0,0.005208333333333333,0.034722222222222224
2293.0,0.0,0.0,0.0,0.0,0.0,0.0
2294.0,0.0,0.0,0.0,0.0,0.0,0.0
2295.0,0.0,0.0,0.0,0.0,0.0,0.0
2296.0,0.0,0.0,0.0,0.0,0.0,0.0
2297.0,4.561549758363981e-06,0.0,0.0,0.0,0.0,0.00038012914653033175
2298.0,3.404113257943209e-08,0.0,0.0,0.0,0.0,2.8367610482860073e-06
2299.0,0.0,0.0,0.0,0.0,0.0,0.0
2300.0,0.0,0.0,0.0,0.0,0.0,0.0
2301.0,0.0,0.0,0.0,0.0,0.0,0.0
2302.0,0.0,0.0,0.0,0.0,0.0,0.0
2303.0,0.002920019207522273,0.0,0.0,0.0,0.050347222222222224,0.3356481481481482
2304.0,0.0,0.0,0.0,0.0,0.0,0.0
2305.0,3.2840580388437957e-05,3.7383604649221525e-05,4.636776793631725e-05,0.0,0.0,0.0027367150323698297
2306.0,0.05508003383874893,0.07168103754520416,4.636776793631725e-05,0.00022495267330668867,0.2361111111111111,4.590002819895744
2307.0,0.0,0.0,0.0,0.0,0.0,0.0
2308.0,0.0,0.0,0.0,0.0,0.0,0.0
2309.0,0.0,0.0,0.0,0.0,0.0,0.0
2310.0,0.0,0.0,0.0,0.0,0.0,0.0
2311.0,0.0,0.0,0.0,0.0,0.0,0.0
2312.0,0.0,0.0,0.0,0.0,0.0,0.0
2313.0,0.0,0.0,0.0,0.0,0.0,0.0
2314.0,0.00028732529608532786,0.00034675837378017604,0.0,4.195117071503773e-05,0.0,0.023943774673777323
2315.0,0.0,0.0,0.0,0.0,0.0,0.0
2316.0,0.0,0.0,0.0,0.0,0.0,0.0
2317.0,0.0,0.0,0.0,0.0,0.0,0.0
2318.0,0.0,0.0,0.0,0.0,0.0,0.0
2319.0,0.0,0.0,0.0,0.0,0.0,0.0
2320.0,0.0,0.0,0.0,0.0,0.0,0.0
2321.0,0.0,0.0,0.0,0.0,0.0,0.0
2322.0,5.106208789129596e-08,0.0,0.0,0.0,0.0,4.25517399094133e-06
2323.0,5.106208789129596e-08,0.0,0.0,0.0,0.0,4.25517399094133e-06
2324.0,0.0,0.0,0.0,0.0,0.0,0.0
2325.0,0.0,0.0,0.0,0.0,0.0,0.0
2326.0,0.0,0.0,0.0,0.0,0.0,0.0
2327.0,0.0,0.0,0.0,0.0,0.0,0.0
2328.0,0.0,0.0,0.0,0.0,0.0,0.0
2329.0,0.0,0.0,0.0,0.0,0.0,0.0
2330.0,1.654108564252965e-05,1.9122044250252657e-05,4.636776793631725e-05,0.0,0.0,0.0013784238035441376
2331.0,1.654108564252965e-05,1.9122044250252657e-05,4.636776793631725e-05,0.0,0.0,0.0013784238035441376
2332.0,0.0,0.0,0.0,0.0,0.0,0.0
2333.0,0.0,0.0,0.0,0.0,0.0,0.0
2334.0,0.0002093715447699651,0.001342040952295065,0.0,0.0,0.005208333333333333,0.034722222222222224
2335.0,0.00029209215426817536,0.0018886963371187449,0.0,0.0,0.006944444444444444,0.04721740842796862
2336.0,0.00012942537432536483,0.000836877035908401,0.0,0.0,0.003472222222222222,0.023148148148148147
2337.0,0.00028659444069489837,0.00012799685646314174,0.0,0.0,0.008680555555555556,0.05787037037037038
2338.0,0.00032894191099330783,0.0,0.0,0.0,0.006944444444444444,0.046296296296296294
2339.0,0.00024368528102058917,4.193200220470317e-05,0.0,0.0,0.003472222222222222,0.023148148148148147
2340.0,6.724876584485173e-05,0.0,0.0,0.0,0.003472222222222222,0.023148148148148147
2341.0,0.00030033010989427567,0.0,0.0,0.0,0.005208333333333333,0.034722222222222224
2342.0,0.00020719293388538063,2.2011539613231434e-07,0.0,0.0,0.0,0.017266077823781718
2343.0,0.000462333089672029,0.0,0.0,0.0,0.010416666666666666,0.06944444444444445
2344.0,0.00022887728118803352,0.0,0.0,0.0,0.006944444444444444,0.046296296296296294
2345.0,8.51034798188266e-08,0.0,0.0,0.0,0.0,7.091956651568883e-06
2346.0,0.0,0.0,0.0,0.0,0.0,0.0
2347.0,1.6850503016030416e-05,2.201141455770994e-07,0.0,0.0,0.0,0.0014042085846692014
2348.0,5.106208789129596e-08,0.0,0.0,0.0,0.0,4.25517399094133e-06
2349.0,0.0,0.0,0.0,0.0,0.0,0.0
2350.0,0.0,0.0,0.0,0.0,0.0,0.0
2351.0,0.0,0.0,0.0,0.0,0.0,0.0
2352.0,0.0,0.0,0.0,0.0,0.0,0.0
2353.0,0.0,0.0,0.0,0.0,0.0,0.0
2354.0,0.0027410637121647596,0.004189117345958948,0.0,0.0,0.057291666666666664,0.3819444444444444
2355.0,1.655810592637863e-05,1.9122044250252657e-05,4.636776793631725e-05,0.0,0.0,0.0013798421605315525
2356.0,1.654108564252965e-05,1.9122044250252657e-05,4.636776793631725e-05,0.0,0.0,0.0013784238035441376
2357.0,0.0,0.0,0.0,0.0,0.0,0.0
2358.0,0.0,0.0,0.0,0.0,0.0,0.0
2359.0,0.0,0.0,0.0,0.0,0.0,0.0
2360.0,0.0,0.0,0.0,0.0,0.0,0.0
2361.0,0.0,0.0,0.0,0.0,0.0,0.0
2362.0,0.0,0.0,0.0,0.0,0.0,0.0
2363.0,0.0,0.0,0.0,0.0,0.0,0.0
2364.0,0.0,0.0,0.0,0.0,0.0,0.0
2365.0,0.0,0.0,0.0,0.0,0.0,0.0
2366.0,0.0,0.0,0.0,0.0,0.0,0.0
2367.0,0.055063821375370026,0.07166577130556107,0.0,0.00023744763166178018,0.2361111111111111,4.588651781280835
2368.0,3.0085766411502846e-07,1.9453752884146525e-06,0.0,0.0,0.0,4.863438221036631e-05
2369.0,2.943891388440534e-07,1.9035488776353304e-06,0.0,0.0,0.0,4.758872194088326e-05
2370.0,2.943891388440534e-07,1.9035488776353304e-06,0.0,0.0,0.0,4.758872194088326e-05
2371.0,2.943891388440534e-07,1.9035488776353304e-06,0.0,0.0,0.0,4.758872194088326e-05
2372.0,2.943891388440534e-07,1.9035488776353304e-06,0.0,0.0,0.0,4.758872194088326e-05
2373.0,2.943891388440534e-07,1.9035488776353304e-06,0.0,0.0,0.0,4.758872194088326e-05
2374.0,0.00020137529645580798,4.062882453581551e-06,1.7053667988875532e-06,0.0,0.006944444444444444,0.046296296296296294
2375.0,0.00022435163555201143,2.348476482438855e-05,3.0870451155351475e-05,0.0,0.0,0.018695969629334286
2376.0,0.0001853149733506143,2.2803062165621668e-05,2.916508492489811e-05,0.0,0.001736111111111111,0.015442914445884526
2377.0,0.0001312686363235116,1.9035488776353304e-06,0.0,0.0,0.003472222222222222,0.023148148148148147
2378.0,0.00028356979601085186,1.9035488776353304e-06,0.0,0.0,0.003472222222222222,0.023630816334237654
2379.0,0.00020263640908524394,1.9035488776353304e-06,0.0,0.0,0.006944444444444444,0.046296296296296294
2380.0,0.00024161380133591592,1.9035488776353304e-06,0.0,0.0,0.005208333333333333,0.034722222222222224
2381.0,0.00023992874776013196,1.9035488776353304e-06,0.0,0.0,0.005208333333333333,0.034722222222222224
2382.0,0.0001400343026034534,1.9035488776353304e-06,0.0,0.0,0.001736111111111111,0.01166952521695445
2383.0,7.475992606487125e-05,1.9035488776353304e-06,0.0,0.0,0.0,0.006229993838739271
2384.0,1.4808028026891407e-05,0.0,0.0,0.0,0.0,0.001234002335574284
2385.0,2.943891388440534e-07,1.9035488776353304e-06,0.0,0.0,0.0,4.758872194088326e-05
2386.0,2.943891388440534e-07,1.9035488776353304e-06,0.0,0.0,0.0,4.758872194088326e-05
2387.0,2.943891388440534e-07,1.9035488776353304e-06,0.0,0.0,0.0,4.758872194088326e-05
2388.0,2.943891388440534e-07,1.9035488776353304e-06,0.0,0.0,0.0,4.758872194088326e-05
2389.0,2.943891388440534e-07,1.9035488776353304e-06,0.0,0.0,0.0,4.758872194088326e-05
2390.0,2.943891388440534e-07,1.9035488776353304e-06,0.0,0.0,0.0,4.758872194088326e-05
2391.0,2.943891388440534e-07,1.9035488776353304e-06,0.0,0.0,0.0,4.758872194088326e-05
2392.0,0.05659979581832886,0.07166559249162674,0.0,0.00023744763166178018,0.2222222222222222,4.716649651527405
2393.0,0.0,0.0,0.0,0.0,0.0,0.0
2394.0,0.0,0.0,0.0,0.0,0.0,0.0
2395.0,0.0,0.0,0.0,0.0,0.0,0.0
2396.0,0.0,0.0,0.0,0.0,0.0,0.0
2397.0,0.0,0.0,0.0,0.0,0.0,0.0
2398.0,0.0,0.0,0.0,0.0,0.0,0.0
2399.0,0.0,0.0,0.0,0.0,0.0,0.0
2400.0,6.82769211834966e-07,4.2768448338392773e-07,7.185251433838857e-07,0.0,0.0,5.68974343195805e-05
2401.0,6.82769211834966e-07,4.2768448338392773e-07,7.185251433838857e-07,0.0,0.0,5.68974343195805e-05
2402.0,0.0,0.0,0.0,0.0,0.0,0.0
2403.0,0.0,0.0,0.0,0.0,0.0,0.0
2404.0,0.0,0.0,0.0,0.0,0.0,0.0
2405.0,0.0,0.0,0.0,0.0,0.0,0.0
2406.0,0.0,0.0,0.0,0.0,0.0,0.0
2407.0,0.0,0.0,0.0,0.0,0.0,0.0
2408.0,0.0,0.0,0.0,0.0,0.0,0.0
2409.0,0.00014322914648801088,0.000914357544388622,0.0,0.0,0.008680555555555556,0.05787037037037038
2410.0,0.0005641508614644408,0.003647854784503579,0.0,0.0,0.010416666666666666,0.09119636961258948
2411.0,0.0004414146824274212,0.0028542305808514357,0.0,0.0,0.013888888888888888,0.09259259259259259
2412.0,0.0001670410856604576,0.0010801040334627032,0.0,0.0,0.0,0.02700260083656758
2413.0,0.00040119478944689035,0.0025941645726561546,0.0,0.0,0.0,0.06485411431640387
2414.0,0.00026698660803958774,0.0017263615736737847,0.0,0.0,0.001736111111111111,0.04315903934184462
2415.0,0.0,0.0,0.0,0.0,0.0,0.0
2416.0,0.0,0.0,0.0,0.0,0.0,0.0
2417.0,2.032274642260745e-05,0.00011963272118009627,0.0,0.0,0.0,0.0029908180295024067
2418.0,0.0,0.0,0.0,0.0,0.0,0.0
2419.0,0.0,0.0,0.0,0.0,0.0,0.0
2420.0,0.0,0.0,0.0,0.0,0.0,0.0
2421.0,0.0,0.0,0.0,0.0,0.0,0.0
2422.0,0.0,0.0,0.0,0.0,0.0,0.0
2423.0,0.0,0.0,0.0,0.0,0.0,0.0
2424.0,0.0,0.0,0.0,0.0,0.0,0.0
2425.0,6.82769211834966e-07,4.2768448338392773e-07,7.185251433838857e-07,0.0,0.0,5.68974343195805e-05
2426.0,6.82769211834966e-07,4.2768448338392773e-07,7.185251433838857e-07,0.0,0.0,5.68974343195805e-05
2427.0,0.0,0.0,0.0,0.0,0.0,0.0
2428.0,0.0,0.0,0.0,0.0,0.0,0.0
2429.0,0.0,0.0,0.0,0.0,0.0,0.0
2430.0,0.0,0.0,0.0,0.0,0.0,0.0
2431.0,0.0,0.0,0.0,0.0,0.0,0.0
2432.0,0.0,0.0,0.0,0.0,0.0,0.0
2433.0,0.0,0.0,0.0,0.0,0.0,0.0
2434.0,0.0,0.0,0.0,0.0,0.0,0.0
2435.0,0.0,0.0,0.0,0.0,0.0,0.0
2436.0,0.0,0.0,0.0,0.0,0.0,0.0
2437.0,0.0,0.0,0.0,0.0,0.0,0.0
2438.0,0.0,0.0,0.0,0.0,0.0,0.0
2439.0,0.0,0.0,0.0,0.0,0.0,0.0
2440.0,0.0,0.0,0.0,0.0,0.0,0.0
2441.0,0.0,0.0,0.0,0.0,0.0,0.0
2442.0,0.0,0.0,0.0,0.0,0.0,0.0
2443.0,0.0,0.0,0.0,0.0,0.0,0.0
2444.0,0.0,0.0,0.0,0.0,0.0,0.0
2445.0,0.0,0.0,0.0,0.0,0.0,0.0
2446.0,0.0,0.0,0.0,0.0,0.0,0.0
2447.0,0.0,0.0,0.0,0.0,0.0,0.0
2448.0,0.0,0.0,0.0,0.0,0.0,0.0
2449.0,0.0,0.0,0.0,0.0,0.0,0.0
2450.0,6.82769211834966e-07,4.2768448338392773e-07,7.185251433838857e-07,0.0,0.0,5.68974343195805e-05
2451.0,6.82769211834966e-07,4.2768448338392773e-07,7.185251433838857e-07,0.0,0.0,5.68974343195805e-05
2452.0,0.0,0.0,0.0,0.0,0.0,0.0
2453.0,0.0,0.0,0.0,0.0,0.0,0.0
2454.0,0.0,0.0,0.0,0.0,0.0,0.0
2455.0,0.0,0.0,0.0,0.0,0.0,0.0
2456.0,0.0,0.0,0.0,0.0,0.0,0.0
2457.0,0.0,0.0,0.0,0.0,0.0,0.0
2458.0,0.0,0.0,0.0,0.0,0.0,0.0
2459.0,0.0,0.0,0.0,0.0,0.0,0.0
2460.0,0.0,0.0,0.0,0.0,0.0,0.0
2461.0,0.0,0.0,0.0,0.0,0.0,0.0
2462.0,0.0,0.0,0.0,0.0,0.0,0.0
2463.0,0.0,0.0,0.0,0.0,0.0,0.0
2464.0,0.0,0.0,0.0,0.0,0.0,0.0
2465.0,0.0,0.0,0.0,0.0,0.0,0.0
2466.0,0.0,0.0,0.0,0.0,0.0,0.0
2467.0,0.0,0.0,0.0,0.0,0.0,0.0
2468.0,0.0,0.0,0.0,0.0,0.0,0.0
2469.0,0.0,0.0,0.0,0.0,0.0,0.0
2470.0,0.0,0.0,0.0,0.0,0.0,0.0
2471.0,0.0,0.0,0.0,0.0,0.0,0.0
2472.0,0.0,0.0,0.0,0.0,0.0,0.0
2473.0,0.0,0.0,0.0,0.0,0.0,0.0
2474.0,0.0,0.0,0.0,0.0,0.0,0.0
2475.0,6.82769211834966e-07,4.2768448338392773e-07,7.185251433838857e-07,0.0,0.0,5.68974343195805e-05
2476.0,6.82769211834966e-07,4.2768448338392773e-07,7.185251433838857e-07,0.0,0.0,5.68974343195805e-05
2477.0,0.0,0.0,0.0,0.0,0.0,0.0
2478.0,0.0,0.0,0.0,0.0,0.0,0.0
2479.0,0.0,0.0,0.0,0.0,0.0,0.0
2480.0,0.0,0.0,0.0,0.0,0.0,0.0
2481.0,0.0,0.0,0.0,0.0,0.0,0.0
2482.0,0.0,0.0,0.0,0.0,0.0,0.0
2483.0,0.0,0.0,0.0,0.0,0.0,0.0
2484.0,0.0,0.0,0.0,0.0,0.0,0.0
2485.0,0.0,0.0,0.0,0.0,0.0,0.0
2486.0,0.0,0.0,0.0,0.0,0.0,0.0
2487.0,0.0,0.0,0.0,0.0,0.0,0.0
2488.0,0.0,0.0,0.0,0.0,0.0,0.0
2489.0,0.0,0.0,0.0,0.0,0.0,0.0
2490.0,0.0,0.0,0.0,0.0,0.0,0.0
2491.0,0.0,0.0,0.0,0.0,0.0,0.0
2492.0,5.552149741561152e-05,0.0,0.0,0.0,0.0,0.00462679145130096
2493.0,0.002033377066254616,0.012790109030902386,0.0,0.0,0.034722222222222224,0.31975272577255964
2494.0,8.816718764137477e-05,0.0,0.0,0.0,0.0,0.007347265636781231
2495.0,0.0,0.0,0.0,0.0,0.0,0.0
2496.0,0.0,0.0,0.0,0.0,0.0,0.0
2497.0,0.0,0.0,0.0,0.0,0.0,0.0
2498.0,6.74019293001038e-06,0.0,0.0,0.0,0.0,0.0005616827441675317
2499.0,8.765656821196899e-05,0.0,0.0,0.0,0.0,0.007304714017664082
2500.0,5.448564024845837e-06,4.2768448338392773e-07,7.185251433838857e-07,0.0,0.0,0.00045404700207048637
2501.0,7.168109732447192e-07,4.2768448338392773e-07,7.185251433838857e-07,0.0,0.0,5.973424777039327e-05
2502.0,0.0,0.0,0.0,0.0,0.0,0.0
2503.0,0.0,0.0,0.0,0.0,0.0,0.0
2504.0,0.0,0.0,0.0,0.0,0.0,0.0
2505.0,0.0,0.0,0.0,0.0,0.0,0.0
2506.0,0.0,0.0,0.0,0.0,0.0,0.0
2507.0,0.00022443488705903292,0.0,0.0,0.0,0.005208333333333333,0.034722222222222224
2508.0,0.000162445503519848,0.0,0.0,0.0,0.001736111111111111,0.013537125293320665
2509.0,5.225362656346988e-06,0.0,0.0,0.0,0.0,0.0004354468880289156
2510.0,0.0,0.0,0.0,0.0,0.0,0.0
2511.0,0.0,0.0,0.0,0.0,0.0,0.0
2512.0,0.0,0.0,0.0,0.0,0.0,0.0
2513.0,0.0,0.0,0.0,0.0,0.0,0.0
2514.0,0.0,0.0,0.0,0.0,0.0,0.0
2515.0,0.0,0.0,0.0,0.0,0.0,0.0
2516.0,0.0,0.0,0.0,0.0,0.0,0.0
2517.0,0.0,0.0,0.0,0.0,0.0,0.0
2518.0,0.0,0.0,0.0,0.0,0.0,0.0
2519.0,0.0,0.0,0.0,0.0,0.0,0.0
2520.0,0.0,0.0,0.0,0.0,0.0,0.0
2521.0,0.0,0.0,0.0,0.0,0.0,0.0
2522.0,0.0,0.0,0.0,0.0,0.0,0.0
2523.0,0.0,0.0,0.0,0.0,0.0,0.0
2524.0,3.404165127562919e-08,0.0,0.0,0.0,0.0,2.8368042729690992e-06
2525.0,0.042074501514434814,0.018347211182117462,0.0,0.0006427697371691465,0.2326388888888889,3.5062084595362344
2526.0,0.0,0.0,0.0,0.0,0.0,0.0
2527.0,0.0,0.0,0.0,0.0,0.0,0.0
2528.0,0.0,0.0,0.0,0.0,0.0,0.0
2529.0,0.0,0.0,0.0,0.0,0.0,0.0
2530.0,0.0,0.0,0.0,0.0,0.0,0.0
2531.0,0.0,0.0,0.0,0.0,0.0,0.0
2532.0,0.0,0.0,0.0,0.0,0.0,0.0
2533.0,0.0,0.0,0.0,0.0,0.0,0.0
2534.0,0.0,0.0,0.0,0.0,0.0,0.0
2535.0,0.0,0.0,0.0,0.0,0.0,0.0
2536.0,0.0,0.0,0.0,0.0,0.0,0.0
2537.0,0.0,0.0,0.0,0.0,0.0,0.0
2538.0,0.0,0.0,0.0,0.0,0.0,0.0
2539.0,0.0,0.0,0.0,0.0,0.0,0.0
2540.0,0.0,0.0,0.0,0.0,0.0,0.0
2541.0,4.255182375345612e-07,7.453114676536643e-07,7.185251433838857e-07,0.0,0.0,3.54598531278801e-05
2542.0,4.255182375345612e-07,7.453114676536643e-07,7.185251433838857e-07,0.0,0.0,3.54598531278801e-05
2543.0,0.0,0.0,0.0,0.0,0.0,0.0
2544.0,0.0,0.0,0.0,0.0,0.0,0.0
2545.0,0.0,0.0,0.0,0.0,0.0,0.0
2546.0,0.0,0.0,0.0,0.0,0.0,0.0
2547.0,0.0,0.0,0.0,0.0,0.0,0.0
2548.0,0.0,0.0,0.0,0.0,0.0,0.0
2549.0,0.0,0.0,0.0,0.0,0.0,0.0
2550.0,0.0,0.0,0.0,0.0,0.0,0.0
2551.0,0.0,0.0,0.0,0.0,0.0,0.0
2552.0,0.00010142632527276874,0.0,0.0,0.0,0.003472222222222222,0.023148148148148147
2553.0,1.361663493071319e-07,0.0,0.0,0.0,0.0,1.1347195775594324e-05
2554.0,0.0,0.0,0.0,0.0,0.0,0.0
2555.0,0.0,0.0,0.0,0.0,0.0,0.0
2556.0,0.0,0.0,0.0,0.0,0.0,0.0
2557.0,0.0,0.0,0.0,0.0,0.0,0.0
2558.0,1.7701607930575847e-06,0.0,0.0,0.0,0.0,0.00014751339942146538
2559.0,0.0,0.0,0.0,0.0,0.0,0.0
2560.0,0.0,0.0,0.0,0.0,0.0,0.0
2561.0,0.0,0.0,0.0,0.0,0.0,0.0
2562.0,0.0,0.0,0.0,0.0,0.0,0.0
2563.0,0.0,0.0,0.0,0.0,0.0,0.0
2564.0,0.0,0.0,0.0,0.0,0.0,0.0
2565.0,0.0,0.0,0.0,0.0,0.0,0.0
2566.0,4.255182375345612e-07,7.453114676536643e-07,7.185251433838857e-07,0.0,0.0,3.54598531278801e-05
2567.0,4.255182375345612e-07,7.453114676536643e-07,7.185251433838857e-07,0.0,0.0,3.54598531278801e-05
2568.0,0.0,0.0,0.0,0.0,0.0,0.0
2569.0,0.0,0.0,0.0,0.0,0.0,0.0
2570.0,0.0,0.0,0.0,0.0,0.0,0.0
2571.0,0.0,0.0,0.0,0.0,0.0,0.0
2572.0,0.0,0.0,0.0,0.0,0.0,0.0
2573.0,0.0,0.0,0.0,0.0,0.0,0.0
2574.0,1.702069596376532e-08,0.0,0.0,0.0,0.0,1.4183913303137767e-06
2575.0,0.0004423337522894144,0.0,0.0,0.0,0.010416666666666666,0.06944444444444445
2576.0,9.824345033848658e-05,0.0,0.0,0.0,0.001736111111111111,0.011574074074074073
2577.0,0.0,0.0,0.0,0.0,0.0,0.0
2578.0,0.0,0.0,0.0,0.0,0.0,0.0
2579.0,0.0,0.0,0.0,0.0,0.0,0.0
2580.0,0.0,0.0,0.0,0.0,0.0,0.0
2581.0,0.0,0.0,0.0,0.0,0.0,0.0
2582.0,0.0,0.0,0.0,0.0,0.0,0.0
2583.0,6.518918780784588e-06,0.0,0.0,0.0,0.0,0.000543243231732049
2584.0,0.0,0.0,0.0,0.0,0.0,0.0
2585.0,0.0,0.0,0.0,0.0,0.0,0.0
2586.0,0.0,0.0,0.0,0.0,0.0,0.0
2587.0,0.0,0.0,0.0,0.0,0.0,0.0
2588.0,0.000268569536274299,0.0,0.0,0.0,0.008680555555555556,0.05787037037037038
2589.0,0.0003974502033088356,0.0,0.0,0.0,0.008680555555555556,0.05787037037037038
2590.0,0.0006581221823580563,0.0,0.0,0.0,0.013888888888888888,0.09259259259259259
2591.0,0.00015199479821603745,7.453114676536643e-07,7.185251433838857e-07,0.0,0.0,0.012666233184669787
2592.0,0.0006404035375453532,7.453114676536643e-07,7.185251433838857e-07,0.0,0.019097222222222224,0.12731481481481483
2593.0,0.0007267665932886302,0.0,0.0,0.0,0.012152777777777778,0.08101851851851852
2594.0,8.835442713461816e-05,0.0,0.0,0.0,0.001736111111111111,0.011574074074074073
2595.0,0.0,0.0,0.0,0.0,0.0,0.0
2596.0,0.0,0.0,0.0,0.0,0.0,0.0
2597.0,0.0002167074562748894,0.0,0.0,0.0,0.0,0.01805895468957412
2598.0,0.00020394196326378733,0.0,0.0,0.0,0.0,0.01699516360531561
2599.0,0.00035382615169510245,0.0,0.0,0.0,0.0,0.029485512641258538
2600.0,8.398012141697109e-05,0.0,0.0,0.0,0.0,0.006998343451414257
2601.0,0.0,0.0,0.0,0.0,0.0,0.0
2602.0,0.0,0.0,0.0,0.0,0.0,0.0
2603.0,0.0005424835835583508,0.0,0.0,0.0,0.015625,0.10416666666666667
2604.0,0.00022889429237693548,0.0,0.0,0.0,0.003472222222222222,0.023148148148148147
2605.0,0.0002287411189172417,0.0,0.0,0.0,0.005208333333333333,0.034722222222222224
2606.0,0.00015007144247647375,0.0,0.0,0.0,0.0,0.012505953539706146
2607.0,0.0,0.0,0.0,0.0,0.0,0.0
2608.0,1.0620924513204955e-05,0.0,0.0,0.0,0.0,0.0008850770427670795
2609.0,0.0,0.0,0.0,0.0,0.0,0.0
2610.0,0.0,0.0,0.0,0.0,0.0,0.0
2611.0,0.0,0.0,0.0,0.0,0.0,0.0
2612.0,0.0,0.0,0.0,0.0,0.0,0.0
2613.0,0.0,0.0,0.0,0.0,0.0,0.0
2614.0,9.230321302311495e-05,0.0,0.0,0.0,0.0,0.007691934418592912
2615.0,0.00012765520659741014,0.0,0.0,0.0,0.0,0.010637933883117512
2616.0,0.0001368293451378122,7.453114676536643e-07,7.185251433838857e-07,0.0,0.0,0.011402445428151017
2617.0,6.587009556824341e-05,7.453114676536643e-07,7.185251433838857e-07,0.0,0.0,0.005489174630686951
2618.0,9.271172893932089e-05,0.0,0.0,0.0,0.0,0.007725977411610074
2619.0,0.0,0.0,0.0,0.0,0.0,0.0
2620.0,0.0,0.0,0.0,0.0,0.0,0.0
2621.0,0.00012722969404421747,0.0,0.0,0.0,0.0,0.010602474503684789
2622.0,0.0003018109709955752,0.0,0.0,0.0,0.0,0.025150914249631267
2623.0,0.0001512288727099076,0.0,0.0,0.0,0.0,0.012602406059158966
2624.0,0.0002349877031520009,0.0,0.0,0.0,0.0,0.019582308596000075
2625.0,0.0003545410872902721,0.0,0.0,0.0,0.0,0.029545090607522674
2626.0,0.00026319100288674235,0.0,0.0,0.0,0.003472222222222222,0.023148148148148147
2627.0,0.00016038600006140769,0.0,0.0,0.0,0.0,0.013365500005117307
2628.0,0.0,0.0,0.0,0.0,0.0,0.0
2629.0,0.0,0.0,0.0,0.0,0.0,0.0
2630.0,0.0002061886916635558,0.0,0.0,0.0,0.0,0.017182390971962985
2631.0,0.00035762181505560875,0.0,0.0,0.0,0.0,0.029801817921300728
2632.0,0.00012260006042197347,0.0,0.0,0.0,0.0,0.010216671701831123
2633.0,1.0365603884565644e-05,0.0,0.0,0.0,0.0,0.0008638003237138037
2634.0,4.1632614738773555e-05,0.0,0.0,0.0,0.0,0.0034693845615644627
2635.0,0.0003277504874859005,0.0,0.0,0.0,0.001736111111111111,0.027312540623825043
2636.0,1.1914461595097237e-07,0.0,0.0,0.0,0.0,9.928717995914363e-06
2637.0,0.0,0.0,0.0,0.0,0.0,0.0
2638.0,0.0005507045425474644,0.0,0.0,0.0,0.0,0.0458920452122887
2639.0,4.9581289204070345e-05,0.0,0.0,0.0,0.0,0.004131774100339196
2640.0,0.0,0.0,0.0,0.0,0.0,0.0
2641.0,1.7224954717676155e-05,7.453114676536643e-07,7.185251433838857e-07,0.0,0.0,0.0014354128931396797
2642.0,4.255182375345612e-07,7.453114676536643e-07,7.185251433838857e-07,0.0,0.0,3.54598531278801e-05
2643.0,0.0,0.0,0.0,0.0,0.0,0.0
2644.0,0.0,0.0,0.0,0.0,0.0,0.0
2645.0,0.0,0.0,0.0,0.0,0.0,0.0
2646.0,0.0,0.0,0.0,0.0,0.0,0.0
2647.0,0.0,0.0,0.0,0.0,0.0,0.0
2648.0,0.0,0.0,0.0,0.0,0.0,0.0
2649.0,0.0,0.0,0.0,0.0,0.0,0.0
2650.0,0.0,0.0,0.0,0.0,0.0,0.0
2651.0,0.0,0.0,0.0,0.0,0.0,0.0
2652.0,0.0,0.0,0.0,0.0,0.0,0.0
2653.0,0.0,0.0,0.0,0.0,0.0,0.0
2654.0,0.0,0.0,0.0,0.0,0.0,0.0
2655.0,0.0,0.0,0.0,0.0,0.0,0.0
2656.0,0.0,0.0,0.0,0.0,0.0,0.0
2657.0,0.0,0.0,0.0,0.0,0.0,0.0
2658.0,0.0,0.0,0.0,0.0,0.0,0.0
2659.0,0.0,0.0,0.0,0.0,0.0,0.0
2660.0,0.0,0.0,0.0,0.0,0.0,0.0
2661.0,0.0,0.0,0.0,0.0,0.0,0.0
2662.0,0.0,0.0,0.0,0.0,0.0,0.0
2663.0,0.0,0.0,0.0,0.0,0.0,0.0
2664.0,0.0,0.0,0.0,0.0,0.0,0.0
2665.0,0.0,0.0,0.0,0.0,0.0,0.0
2666.0,2.2637498204858275e-06,7.453114676536643e-07,7.185251433838857e-07,0.0,0.0,0.00018864581837381897
2667.0,0.006899746600538492,7.453114676536643e-07,7.185251433838857e-07,0.0,0.109375,0.7291666666666667
2668.0,0.04838644340634346,0.01999148167669773,0.0,0.0005094422376714647,0.3107638888888889,4.032203617195289
2669.0,5.446612476589507e-07,0.0,0.0,0.0,0.0,4.5388437304912564e-05
2670.0,0.0,0.0,0.0,0.0,0.0,0.0
2671.0,0.04838590323925018,0.01999148167669773,0.0,0.0005094422376714647,0.3107638888888889,4.032158603270848
2672.0,0.0,0.0,0.0,0.0,0.0,0.0
2673.0,0.0,0.0,0.0,0.0,0.0,0.0
2674.0,4.034076823700161e-07,1.5551205478914198e-07,1.7053667988875532e-06,0.0,0.0,3.361730686416801e-05
2675.0,0.04838620498776436,0.019991638138890266,1.7053667988875532e-06,0.0005094422376714647,0.3107638888888889,4.032183748980363
2676.0,0.0,0.0,0.0,0.0,0.0,0.0
2677.0,0.0,0.0,0.0,0.0,0.0,0.0
2678.0,0.0,0.0,0.0,0.0,0.0,0.0
2679.0,0.0,0.0,0.0,0.0,0.0,0.0
2680.0,0.0,0.0,0.0,0.0,0.0,0.0
2681.0,0.0,0.0,0.0,0.0,0.0,0.0
2682.0,0.0,0.0,0.0,0.0,0.0,0.0
2683.0,2.0424835156518384e-07,0.0,0.0,0.0,0.0,1.702069596376532e-05
2684.0,2.0424835156518384e-07,0.0,0.0,0.0,0.0,1.702069596376532e-05
2685.0,0.0,0.0,0.0,0.0,0.0,0.0
2686.0,0.0,0.0,0.0,0.0,0.0,0.0
2687.0,0.0,0.0,0.0,0.0,0.0,0.0
2688.0,0.0,0.0,0.0,0.0,0.0,0.0
2689.0,0.0,0.0,0.0,0.0,0.0,0.0
2690.0,0.0,0.0,0.0,0.0,0.0,0.0
2691.0,1.7531303910800489e-06,0.0,0.0,0.0,0.0,0.00014609419925667075
2692.0,1.7531303910800489e-06,0.0,0.0,0.0,0.0,0.00014609419925667075
2693.0,0.0,0.0,0.0,0.0,0.0,0.0
2694.0,0.0,0.0,0.0,0.0,0.0,0.0
2695.0,0.0,0.0,0.0,0.0,0.0,0.0
2696.0,0.0,0.0,0.0,0.0,0.0,0.0
2697.0,0.0,0.0,0.0,0.0,0.0,0.0
2698.0,0.0,0.0,0.0,0.0,0.0,0.0
2699.0,0.0,0.0,0.0,0.0,0.0,0.0
2700.0,0.0,0.0,0.0,0.0,0.0,0.0
2701.0,0.0003200571518391371,0.0,0.0,0.0,0.0,0.02667142931992809
2702.0,0.00011783425725298002,0.0,0.0,0.0,0.0,0.009819521437748335
2703.0,0.0,0.0,0.0,0.0,0.0,0.0
2704.0,0.0,0.0,0.0,0.0,0.0,0.0
2705.0,0.0,0.0,0.0,0.0,0.0,0.0
2706.0,0.0,0.0,0.0,0.0,0.0,0.0
2707.0,0.0,0.0,0.0,0.0,0.0,0.0
2708.0,7.642289347131737e-06,0.0,0.0,0.0,0.0,0.0006368574455943113
2709.0,2.0424835156518384e-07,0.0,0.0,0.0,0.0,1.702069596376532e-05
2710.0,0.0,0.0,0.0,0.0,0.0,0.0
2711.0,0.0,0.0,0.0,0.0,0.0,0.0
2712.0,0.0,0.0,0.0,0.0,0.0,0.0
2713.0,0.00022450252436101437,0.0,0.0,0.0,0.001736111111111111,0.018708543696751196
2714.0,0.0,0.0,0.0,0.0,0.0,0.0
2715.0,0.0,0.0,0.0,0.0,0.0,0.0
2716.0,1.821517616917845e-05,0.0,0.0,0.0,0.0,0.0015179313474315375
2717.0,2.4339587980648503e-06,0.0,0.0,0.0,0.0,0.00020282989983873753
2718.0,0.0,0.0,0.0,0.0,0.0,0.0
2719.0,0.0,0.0,0.0,0.0,0.0,0.0
2720.0,0.0,0.0,0.0,0.0,0.0,0.0
2721.0,0.0,0.0,0.0,0.0,0.0,0.0
2722.0,0.0,0.0,0.0,0.0,0.0,0.0
2723.0,0.0,0.0,0.0,0.0,0.0,0.0
2724.0,0.0,0.0,0.0,0.0,0.0,0.0
2725.0,0.0,0.0,0.0,0.0,0.0,0.0
2726.0,0.0,0.0,0.0,0.0,0.0,0.0
2727.0,0.0,0.0,0.0,0.0,0.0,0.0
2728.0,0.0,0.0,0.0,0.0,0.0,0.0
2729.0,0.0,0.0,0.0,0.0,0.0,0.0
2730.0,0.0,0.0,0.0,0.0,0.0,0.0
2731.0,0.0,0.0,0.0,0.0,0.0,0.0
2732.0,0.0,0.0,0.0,0.0,0.0,0.0
2733.0,2.1446078335429775e-06,0.0,0.0,0.0,0.0,0.0001787173194619148
2734.0,2.1446078335429775e-06,0.0,0.0,0.0,0.0,0.0001787173194619148
2735.0,0.0,0.0,0.0,0.0,0.0,0.0
2736.0,0.0,0.0,0.0,0.0,0.0,0.0
2737.0,0.0,0.0,0.0,0.0,0.0,0.0
2738.0,0.0,0.0,0.0,0.0,0.0,0.0
2739.0,0.0,0.0,0.0,0.0,0.0,0.0
2740.0,0.0,0.0,0.0,0.0,0.0,0.0
2741.0,2.4339587980648503e-06,0.0,0.0,0.0,0.0,0.00020282989983873753
2742.0,2.4339587980648503e-06,0.0,0.0,0.0,0.0,0.00020282989983873753
2743.0,0.0,0.0,0.0,0.0,0.0,0.0
2744.0,0.0,0.0,0.0,0.0,0.0,0.0
2745.0,0.0,0.0,0.0,0.0,0.0,0.0
2746.0,0.0,0.0,0.0,0.0,0.0,0.0
2747.0,0.0,0.0,0.0,0.0,0.0,0.0
2748.0,0.0,0.0,0.0,0.0,0.0,0.0
2749.0,0.0,0.0,0.0,0.0,0.0,0.0
2750.0,0.0,0.0,0.0,0.0,0.0,0.0
2751.0,0.0,0.0,0.0,0.0,0.0,0.0
2752.0,0.0,0.0,0.0,0.0,0.0,0.0
2753.0,0.0,0.0,0.0,0.0,0.0,0.0
2754.0,0.0,0.0,0.0,0.0,0.0,0.0
2755.0,0.0,0.0,0.0,0.0,0.0,0.0
2756.0,0.00035452406154945493,0.0,0.0,0.0,0.013888888888888888,0.09259259259259259
2757.0,2.2092863218858838e-05,0.0,0.0,0.0,0.0,0.0018410719349049032
2758.0,0.0004319000872783363,0.0,0.0,0.0,0.012152777777777778,0.08101851851851852
2759.0,0.00020800987840630114,0.0,0.0,0.0,0.010416666666666666,0.06944444444444445
2760.0,0.0002896411460824311,0.0,0.0,0.0,0.010416666666666666,0.06944444444444445
2761.0,0.0004776346904691309,0.0,0.0,0.0,0.010416666666666666,0.06944444444444445
2762.0,5.880650132894516e-05,0.0,0.0,0.0,0.0,0.004900541777412097
2763.0,0.00024644259246997535,0.0,0.0,0.0,0.003472222222222222,0.023148148148148147
2764.0,0.00012882963346783072,0.0,0.0,0.0,0.0,0.010735802788985893
2765.0,0.00034100961056537926,0.0,0.0,0.0,0.0,0.02841746754711494
2766.0,2.7965023036813363e-05,0.0,0.0,0.0,0.0,0.0023304185864011138
2767.0,2.587144763310789e-06,0.0,0.0,0.0,0.0,0.00021559539694256577
2768.0,0.0,0.0,0.0,0.0,0.0,0.0
2769.0,0.00019864852947648615,0.0,0.0,0.0,0.0,0.016554044123040512
2770.0,2.6892705591308186e-06,0.0,0.0,0.0,0.0,0.0002241058799275682
2771.0,0.0,0.0,0.0,0.0,0.0,0.0
2772.0,0.0001694410020718351,0.0,0.0,0.0,0.0,0.014120083505986258
2773.0,0.00016544114623684436,0.0,0.0,0.0,0.0,0.013786762186403697
2774.0,1.7020436615666767e-08,0.0,0.0,0.0,0.0,1.4183697179722306e-06
2775.0,9.88903411780484e-06,0.0,0.0,0.0,0.0,0.0008240861764837367
2776.0,0.0,0.0,0.0,0.0,0.0,0.0
2777.0,0.0,0.0,0.0,0.0,0.0,0.0
2778.0,0.0,0.0,0.0,0.0,0.0,0.0
2779.0,0.0,0.0,0.0,0.0,0.0,0.0
2780.0,0.0,0.0,0.0,0.0,0.0,0.0
2781.0,0.0,0.0,0.0,0.0,0.0,0.0
2782.0,0.0,0.0,0.0,0.0,0.0,0.0
2783.0,2.416938741589547e-06,0.0,0.0,0.0,0.0,0.00020141156179912892
2784.0,2.416938741589547e-06,0.0,0.0,0.0,0.0,0.00020141156179912892
2785.0,0.0,0.0,0.0,0.0,0.0,0.0
2786.0,0.0,0.0,0.0,0.0,0.0,0.0
2787.0,0.0,0.0,0.0,0.0,0.0,0.0
2788.0,0.0,0.0,0.0,0.0,0.0,0.0
2789.0,0.0,0.0,0.0,0.0,0.0,0.0
2790.0,0.0,0.0,0.0,0.0,0.0,0.0
2791.0,2.7062899334850954e-06,0.0,0.0,0.0,0.0,0.00022552416112375795
2792.0,2.7062899334850954e-06,0.0,0.0,0.0,0.0,0.00022552416112375795
2793.0,0.0,0.0,0.0,0.0,0.0,0.0
2794.0,0.0,0.0,0.0,0.0,0.0,0.0
2795.0,0.0,0.0,0.0,0.0,0.0,0.0
2796.0,0.0,0.0,0.0,0.0,0.0,0.0
2797.0,0.0,0.0,0.0,0.0,0.0,0.0
2798.0,0.0,0.0,0.0,0.0,0.0,0.0
2799.0,0.0,0.0,0.0,0.0,0.0,0.0
2800.0,0.0,0.0,0.0,0.0,0.0,0.0
2801.0,0.0,0.0,0.0,0.0,0.0,0.0
2802.0,0.0,0.0,0.0,0.0,0.0,0.0
2803.0,0.0,0.0,0.0,0.0,0.0,0.0
2804.0,0.003742669941857457,0.0,0.0,0.0,0.0625,0.4166666666666667
2805.0,0.0,0.0,0.0,0.0,0.0,0.0
2806.0,0.0,0.0,0.0,0.0,0.0,0.0
2807.0,0.0,0.0,0.0,0.0,0.0,0.0
2808.0,1.74459219124401e-05,0.0,0.0,0.0,0.0,0.001453826826036675
2809.0,2.0424835156518384e-07,0.0,0.0,0.0,0.0,1.702069596376532e-05
2810.0,0.0,0.0,0.0,0.0,0.0,0.0
2811.0,0.0,0.0,0.0,0.0,0.0,0.0
2812.0,0.0,0.0,0.0,0.0,0.0,0.0
2813.0,0.0,0.0,0.0,0.0,0.0,0.0
2814.0,0.0,0.0,0.0,0.0,0.0,0.0
2815.0,1.0586871212581173e-05,0.0,0.0,0.0,0.0,0.0008822392677150976
2816.0,0.00026496112695895135,0.0,0.0,0.0,0.0,0.022080093913245946
2817.0,2.8594781724677887e-06,0.0,0.0,0.0,0.0,0.00023828984770564904
2818.0,0.0,0.0,0.0,0.0,0.0,0.0
2819.0,0.0,0.0,0.0,0.0,0.0,0.0
2820.0,0.0,0.0,0.0,0.0,0.0,0.0
2821.0,0.0,0.0,0.0,0.0,0.0,0.0
2822.0,0.0,0.0,0.0,0.0,0.0,0.0
2823.0,0.0,0.0,0.0,0.0,0.0,0.0
2824.0,0.0,0.0,0.0,0.0,0.0,0.0
2825.0,1.5829228914299165e-06,0.0,0.0,0.0,0.0,0.00013191024095249304
2826.0,0.0,0.0,0.0,0.0,0.0,0.0
2827.0,0.0,0.0,0.0,0.0,0.0,0.0
2828.0,0.0,0.0,0.0,0.0,0.0,0.0
2829.0,0.0,0.0,0.0,0.0,0.0,0.0
2830.0,0.0,0.0,0.0,0.0,0.0,0.0
2831.0,0.0,0.0,0.0,0.0,0.0,0.0
2832.0,0.0,0.0,0.0,0.0,0.0,0.0
2833.0,2.0424835156518384e-07,0.0,0.0,0.0,0.0,1.702069596376532e-05
2834.0,2.0424835156518384e-07,0.0,0.0,0.0,0.0,1.702069596376532e-05
2835.0,0.0004358488949947059,0.0,0.0,0.0,0.010416666666666666,0.06944444444444445
2836.0,5.941924609942362e-05,0.0,0.0,0.0,0.0,0.004951603841618635
2837.0,0.00026824616361409426,0.0,0.0,0.0,0.006944444444444444,0.046296296296296294
2838.0,8.769061969360337e-05,0.0,0.0,0.0,0.003472222222222222,0.023148148148148147
2839.0,0.0,0.0,0.0,0.0,0.0,0.0
2840.0,0.0006853893282823265,0.0,0.0,0.0,0.020833333333333332,0.1388888888888889
2841.0,0.0003049597726203501,0.0,0.0,0.0,0.013888888888888888,0.09259259259259259
2842.0,0.00040499039459973574,0.0,0.0,0.0,0.013888888888888888,0.09259259259259259
2843.0,0.0004020287888124585,0.0,0.0,0.0,0.003472222222222222,0.03350239906770488
2844.0,8.88990907697007e-05,0.0,0.0,0.0,0.0,0.007408257564141725
2845.0,0.00026805890956893563,0.0,0.0,0.0,0.003472222222222222,0.023148148148148147
2846.0,0.00017767903045751154,0.0,0.0,0.0,0.0,0.014806585871459294
2847.0,0.0,0.0,0.0,0.0,0.0,0.0
2848.0,0.0,0.0,0.0,0.0,0.0,0.0
2849.0,0.0,0.0,0.0,0.0,0.0,0.0
2850.0,1.3769765246252064e-05,0.0,0.0,0.0,0.0,0.001147480437187672
2851.0,0.00017139839474111795,0.0,0.0,0.0,0.013888888888888888,0.09259259259259259
2852.0,0.0003330609470140189,0.0,0.0,0.0,0.003472222222222222,0.027755078917834908
2853.0,0.00021871592616662383,0.0,0.0,0.0,0.010416666666666666,0.06944444444444445
2854.0,0.00034320526174269617,0.0,0.0,0.0,0.010416666666666666,0.06944444444444445
2855.0,0.00013400393072515726,0.0,0.0,0.0,0.0,0.011166994227096438
2856.0,0.00015243733651004732,0.0,0.0,0.0,0.0,0.012703111375837276
2857.0,0.00016127107664942741,0.0,0.0,0.0,0.0,0.013439256387452284
2858.0,8.489923493470997e-05,0.0,0.0,0.0,0.0,0.007074936244559163
2859.0,0.00014952680794522166,0.0,0.0,0.0,0.0,0.012460567328768471
2860.0,0.00016710917407181114,0.0,0.0,0.0,0.0,0.013925764505984262
2861.0,0.00010670274787116796,0.0,0.0,0.0,0.0,0.008891895655930663
2862.0,0.00010260075214318931,0.0,0.0,0.0,0.0,0.00855006267859911
2863.0,0.00015943284961394966,0.0,0.0,0.0,0.0,0.013286070801162472
2864.0,0.0,0.0,0.0,0.0,0.0,0.0
2865.0,0.0,0.0,0.0,0.0,0.0,0.0
2866.0,1.0808136721607298e-05,0.0,0.0,0.0,0.0,0.0009006780601339415
2867.0,1.8722757886280306e-06,0.0,0.0,0.0,0.0,0.00015602298238566922
2868.0,0.0,0.0,0.0,0.0,0.0,0.0
2869.0,0.0,0.0,0.0,0.0,0.0,0.0
2870.0,0.0,0.0,0.0,0.0,0.0,0.0
2871.0,0.0,0.0,0.0,0.0,0.0,0.0
2872.0,0.0,0.0,0.0,0.0,0.0,0.0
2873.0,0.005710732191801071,0.0,0.0,0.0,0.10416666666666667,0.6944444444444445
2874.0,0.0,0.0,0.0,0.0,0.0,0.0
2875.0,2.1786472643725574e-06,0.0,0.0,0.0,0.0,0.0001815539386977131
2876.0,0.0,0.0,0.0,0.0,0.0,0.0
2877.0,0.0,0.0,0.0,0.0,0.0,0.0
2878.0,0.0,0.0,0.0,0.0,0.0,0.0
2879.0,0.0,0.0,0.0,0.0,0.0,0.0
2880.0,0.0,0.0,0.0,0.0,0.0,0.0
2881.0,0.0,0.0,0.0,0.0,0.0,0.0
2882.0,0.0,0.0,0.0,0.0,0.0,0.0
2883.0,2.0424835156518384e-07,0.0,0.0,0.0,0.0,1.702069596376532e-05
2884.0,2.0424835156518384e-07,0.0,0.0,0.0,0.0,1.702069596376532e-05
2885.0,0.0,0.0,0.0,0.0,0.0,0.0
2886.0,0.0,0.0,0.0,0.0,0.0,0.0
2887.0,0.0,0.0,0.0,0.0,0.0,0.0
2888.0,0.0,0.0,0.0,0.0,0.0,0.0
2889.0,0.0,0.0,0.0,0.0,0.0,0.0
2890.0,0.0,0.0,0.0,0.0,0.0,0.0
2891.0,1.7531303910800489e-06,0.0,0.0,0.0,0.0,0.00014609419925667075
2892.0,1.7531303910800489e-06,0.0,0.0,0.0,0.0,0.00014609419925667075
2893.0,0.0,0.0,0.0,0.0,0.0,0.0
2894.0,0.0,0.0,0.0,0.0,0.0,0.0
2895.0,0.0,0.0,0.0,0.0,0.0,0.0
2896.0,0.0,0.0,0.0,0.0,0.0,0.0
2897.0,0.0,0.0,0.0,0.0,0.0,0.0
2898.0,0.0,0.0,0.0,0.0,0.0,0.0
2899.0,0.0,0.0,0.0,0.0,0.0,0.0
2900.0,0.0,0.0,0.0,0.0,0.0,0.0
2901.0,0.0,0.0,0.0,0.0,0.0,0.0
2902.0,0.0,0.0,0.0,0.0,0.0,0.0
2903.0,0.0,0.0,0.0,0.0,0.0,0.0
2904.0,0.0,0.0,0.0,0.0,0.0,0.0
2905.0,0.0,0.0,0.0,0.0,0.0,0.0
2906.0,0.0,0.0,0.0,0.0,0.0,0.0
2907.0,0.0,0.0,0.0,0.0,0.0,0.0
2908.0,2.0424835156518384e-07,0.0,0.0,0.0,0.0,1.702069596376532e-05
2909.0,2.0424835156518384e-07,0.0,0.0,0.0,0.0,1.702069596376532e-05
2910.0,0.0,0.0,0.0,0.0,0.0,0.0
2911.0,0.0,0.0,0.0,0.0,0.0,0.0
2912.0,0.0,0.0,0.0,0.0,0.0,0.0
2913.0,0.0,0.0,0.0,0.0,0.0,0.0
2914.0,0.0,0.0,0.0,0.0,0.0,0.0
2915.0,0.0,0.0,0.0,0.0,0.0,0.0
2916.0,1.7531303910800489e-06,0.0,0.0,0.0,0.0,0.00014609419925667075
2917.0,1.7531303910800489e-06,0.0,0.0,0.0,0.0,0.00014609419925667075
2918.0,0.0,0.0,0.0,0.0,0.0,0.0
2919.0,0.0,0.0,0.0,0.0,0.0,0.0
2920.0,0.0,0.0,0.0,0.0,0.0,0.0
2921.0,0.0,0.0,0.0,0.0,0.0,0.0
2922.0,0.0,0.0,0.0,0.0,0.0,0.0
2923.0,0.0,0.0,0.0,0.0,0.0,0.0
2924.0,0.0,0.0,0.0,0.0,0.0,0.0
2925.0,0.0,0.0,0.0,0.0,0.0,0.0
2926.0,0.0,0.0,0.0,0.0,0.0,0.0
2927.0,0.0,0.0,0.0,0.0,0.0,0.0
2928.0,0.0,0.0,0.0,0.0,0.0,0.0
2929.0,0.043163057416677475,0.001993191195651889,0.0,0.00027783558471128345,0.3246527777777778,3.5969214513897896
2930.0,0.0,0.0,0.0,0.0,0.0,0.0
2931.0,0.0,0.0,0.0,0.0,0.0,0.0
2932.0,0.0,0.0,0.0,0.0,0.0,0.0
2933.0,0.0,0.0,0.0,0.0,0.0,0.0
2934.0,0.0,0.0,0.0,0.0,0.0,0.0
2935.0,0.0,0.0,0.0,0.0,0.0,0.0
2936.0,0.0,0.0,0.0,0.0,0.0,0.0
2937.0,0.0,0.0,0.0,0.0,0.0,0.0
2938.0,0.0,0.0,0.0,0.0,0.0,0.0
2939.0,0.0,0.0,0.0,0.0,0.0,0.0
2940.0,0.0,0.0,0.0,0.0,0.0,0.0
2941.0,0.0,0.0,0.0,0.0,0.0,0.0
2942.0,0.0,0.0,0.0,0.0,0.0,0.0
2943.0,0.0,0.0,0.0,0.0,0.0,0.0
2944.0,0.00013815697457175702,0.0,0.0,0.0,0.0,0.011513081214313084
2945.0,0.00012603566574398428,9.355776455777232e-06,0.00011185505718458444,0.0,0.0,0.010502972145332024
2946.0,2.7162444894202054e-05,9.355776455777232e-06,0.00011185505718458444,0.0,0.0,0.002263537074516838
2947.0,0.0,0.0,0.0,0.0,0.0,0.0
2948.0,0.0,0.0,0.0,0.0,0.0,0.0
2949.0,0.0,0.0,0.0,0.0,0.0,0.0
2950.0,0.0,0.0,0.0,0.0,0.0,0.0
2951.0,0.0,0.0,0.0,0.0,0.0,0.0
2952.0,0.0,0.0,0.0,0.0,0.0,0.0
2953.0,0.0,0.0,0.0,0.0,0.0,0.0
2954.0,2.2126988596937736e-07,0.0,0.0,0.0,0.0,1.843915716411478e-05
2955.0,0.0,0.0,0.0,0.0,0.0,0.0
2956.0,0.0,0.0,0.0,0.0,0.0,0.0
2957.0,0.0,0.0,0.0,0.0,0.0,0.0
2958.0,0.0,0.0,0.0,0.0,0.0,0.0
2959.0,0.0,0.0,0.0,0.0,0.0,0.0
2960.0,0.0,0.0,0.0,0.0,0.0,0.0
2961.0,0.0,0.0,0.0,0.0,0.0,0.0
2962.0,0.0,0.0,0.0,0.0,0.0,0.0
2963.0,0.00011136640387121588,0.0,0.0,0.0,0.0,0.009280533655934656
2964.0,3.6100893339607865e-05,0.0,0.0,0.0,0.0,0.0030084077783006555
2965.0,0.0,0.0,0.0,0.0,0.0,0.0
2966.0,0.0,0.0,0.0,0.0,0.0,0.0
2967.0,0.0,0.0,0.0,0.0,0.0,0.0
2968.0,9.555417636875063e-05,0.0,0.0,0.0,0.0,0.00796284803072922
2969.0,0.0,0.0,0.0,0.0,0.0,0.0
2970.0,2.60390715993708e-05,9.355776455777232e-06,0.00011185505718458444,0.0,0.0,0.0021699226332809
2971.0,2.2362606614478864e-05,9.355776455777232e-06,0.00011185505718458444,0.0,0.0,0.001863550551206572
2972.0,0.0,0.0,0.0,0.0,0.0,0.0
2973.0,4.966638152836822e-05,0.0,0.0,0.0,0.001736111111111111,0.011574074074074073
2974.0,0.0002585783659014851,0.0,0.0,0.0,0.005208333333333333,0.034722222222222224
2975.0,0.0,0.0,0.0,0.0,0.0,0.0
2976.0,0.0,0.0,0.0,0.0,0.0,0.0
2977.0,0.0,0.0,0.0,0.0,0.0,0.0
2978.0,0.0,0.0,0.0,0.0,0.0,0.0
2979.0,1.0314543033018708e-05,0.0,0.0,0.0,0.0,0.000859545252751559
2980.0,0.0,0.0,0.0,0.0,0.0,0.0
2981.0,0.0,0.0,0.0,0.0,0.0,0.0
2982.0,0.0,0.0,0.0,0.0,0.0,0.0
2983.0,0.0,0.0,0.0,0.0,0.0,0.0
2984.0,0.0,0.0,0.0,0.0,0.0,0.0
2985.0,0.0,0.0,0.0,0.0,0.0,0.0
2986.0,0.0,0.0,0.0,0.0,0.0,0.0
2987.0,0.0,0.0,0.0,0.0,0.0,0.0
2988.0,0.0,0.0,0.0,0.0,0.0,0.0
2989.0,0.0295051708817482,0.01499281544238329,0.0,0.000683150312397629,0.2760416666666667,2.4587642401456833
2990.0,5.787053396488773e-07,0.0,0.0,0.0,0.0,4.822544497073977e-05
2991.0,5.787053396488773e-07,0.0,0.0,0.0,0.0,4.822544497073977e-05
2992.0,5.787053396488773e-07,0.0,0.0,0.0,0.0,4.822544497073977e-05
2993.0,5.787053396488773e-07,0.0,0.0,0.0,0.0,4.822544497073977e-05
2994.0,5.787053396488773e-07,0.0,0.0,0.0,0.0,4.822544497073977e-05
2995.0,5.787053396488773e-07,0.0,0.0,0.0,0.0,4.822544497073977e-05
2996.0,5.787053396488773e-07,0.0,0.0,0.0,0.0,4.822544497073977e-05
2997.0,2.893515897994803e-07,7.453089665432344e-07,3.960277581427363e-07,0.0,0.0,2.4112632483290024e-05
2998.0,8.340155090991175e-07,7.453089665432344e-07,3.960277581427363e-07,0.0,0.0,6.950129242492646e-05
2999.0,7.019335316726938e-05,0.0,0.0,0.0,0.0,0.005849446097272448
3000.0,7.381875184364617e-05,0.0,0.0,0.0,0.0,0.006151562653637181
3001.0,6.978485089348396e-06,0.0,0.0,0.0,0.0,0.0005815404241123664
3002.0,3.096064392593689e-05,0.0,0.0,0.0,0.0,0.002580053660494741
3003.0,4.425383508532832e-07,0.0,0.0,0.0,0.0,3.687819590444027e-05
3004.0,4.425383508532832e-07,0.0,0.0,0.0,0.0,3.687819590444027e-05
3005.0,4.425383508532832e-07,0.0,0.0,0.0,0.0,3.687819590444027e-05
3006.0,2.0254690298315836e-06,0.0,0.0,0.0,0.0,0.00016878908581929863
3007.0,5.787053396488773e-07,0.0,0.0,0.0,0.0,4.822544497073977e-05
3008.0,5.787053396488773e-07,0.0,0.0,0.0,0.0,4.822544497073977e-05
3009.0,5.787053396488773e-07,0.0,0.0,0.0,0.0,4.822544497073977e-05
3010.0,5.787053396488773e-07,0.0,0.0,0.0,0.0,4.822544497073977e-05
3011.0,5.787053396488773e-07,0.0,0.0,0.0,0.0,4.822544497073977e-05
3012.0,5.787053396488773e-07,0.0,0.0,0.0,0.0,4.822544497073977e-05
3013.0,5.787053396488773e-07,0.0,0.0,0.0,0.0,4.822544497073977e-05
3014.0,0.0,0.0,0.0,0.0,0.0,0.0
3015.0,5.787053396488773e-07,0.0,0.0,0.0,0.0,4.822544497073977e-05
3016.0,5.787053396488773e-07,0.0,0.0,0.0,0.0,4.822544497073977e-05
3017.0,5.787053396488773e-07,0.0,0.0,0.0,0.0,4.822544497073977e-05
3018.0,5.787053396488773e-07,0.0,0.0,0.0,0.0,4.822544497073977e-05
3019.0,5.787053396488773e-07,0.0,0.0,0.0,0.0,4.822544497073977e-05
3020.0,5.787053396488773e-07,0.0,0.0,0.0,0.0,4.822544497073977e-05
3021.0,5.787053396488773e-07,0.0,0.0,0.0,0.0,4.822544497073977e-05
3022.0,2.893515897994803e-07,7.453089665432344e-07,3.960277581427363e-07,0.0,0.0,2.4112632483290024e-05
3023.0,8.340155090991175e-07,7.453089665432344e-07,3.960277581427363e-07,0.0,0.0,6.950129242492646e-05
3024.0,5.787053396488773e-07,0.0,0.0,0.0,0.0,4.822544497073977e-05
3025.0,5.787053396488773e-07,0.0,0.0,0.0,0.0,4.822544497073977e-05
3026.0,5.787053396488773e-07,0.0,0.0,0.0,0.0,4.822544497073977e-05
3027.0,5.787053396488773e-07,0.0,0.0,0.0,0.0,4.822544497073977e-05
3028.0,5.787053396488773e-07,0.0,0.0,0.0,0.0,4.822544497073977e-05
3029.0,8.558004628866911e-05,0.0,0.0,0.0,0.0,0.0071316705240557585
3030.0,2.8492640922195278e-05,0.0,0.0,0.0,0.001736111111111111,0.011574074074074073
3031.0,1.991421640923363e-06,0.0,0.0,0.0,0.0,0.00016595180341028026
3032.0,5.787053396488773e-07,0.0,0.0,0.0,0.0,4.822544497073977e-05
3033.0,5.787053396488773e-07,0.0,0.0,0.0,0.0,4.822544497073977e-05
3034.0,5.787053396488773e-07,0.0,0.0,0.0,0.0,4.822544497073977e-05
3035.0,5.787053396488773e-07,0.0,0.0,0.0,0.0,4.822544497073977e-05
3036.0,5.787053396488773e-07,0.0,0.0,0.0,0.0,4.822544497073977e-05
3037.0,5.787053396488773e-07,0.0,0.0,0.0,0.0,4.822544497073977e-05
3038.0,5.787053396488773e-07,0.0,0.0,0.0,0.0,4.822544497073977e-05
3039.0,9.46010259212926e-05,0.0,0.0,0.0,0.0,0.007883418826774383
3040.0,0.0002693184360396117,0.0,0.0,0.0,0.0,0.022443203003300976
3041.0,4.5955880523251835e-07,0.0,0.0,0.0,0.0,3.8296567102709865e-05
3042.0,4.5955880523251835e-07,0.0,0.0,0.0,0.0,3.8296567102709865e-05
3043.0,8.842250827001408e-05,0.0,0.0,0.0,0.003472222222222222,0.023148148148148147
3044.0,4.5955880523251835e-07,0.0,0.0,0.0,0.0,3.8296567102709865e-05
3045.0,4.5955880523251835e-07,0.0,0.0,0.0,0.0,3.8296567102709865e-05
3046.0,4.5955880523251835e-07,0.0,0.0,0.0,0.0,3.8296567102709865e-05
3047.0,5.429611064755591e-06,7.453089665432344e-07,3.960277581427363e-07,0.0,0.0,0.00045246758872963255
3048.0,7.148714189497696e-07,7.453089665432344e-07,3.960277581427363e-07,0.0,0.0,5.957261824581413e-05
3049.0,4.425380950578983e-07,0.0,0.0,0.0,0.0,3.6878174588158195e-05
3050.0,4.425380950578983e-07,0.0,0.0,0.0,0.0,3.6878174588158195e-05
3051.0,4.425380950578983e-07,0.0,0.0,0.0,0.0,3.6878174588158195e-05
3052.0,4.425380950578983e-07,0.0,0.0,0.0,0.0,3.6878174588158195e-05
3053.0,4.425380950578983e-07,0.0,0.0,0.0,0.0,3.6878174588158195e-05
3054.0,4.425380950578983e-07,0.0,0.0,0.0,0.0,3.6878174588158195e-05
3055.0,4.425380950578983e-07,0.0,0.0,0.0,0.0,3.6878174588158195e-05
3056.0,0.0,0.0,0.0,0.0,0.0,0.0
3057.0,3.361587005201727e-05,0.00021450199710670859,0.0,0.0,0.003472222222222222,0.023148148148148147
3058.0,0.00013825908536091447,0.000890144903678447,0.0,0.0,0.0,0.022253622591961175
3059.0,0.00013762932212557644,0.0,0.0,0.0,0.001736111111111111,0.011574074074074073
3060.0,0.00011814062600024045,0.0,0.0,0.0,0.001736111111111111,0.011574074074074073
3061.0,0.0001638241665204987,0.0,0.0,0.0,0.005208333333333333,0.034722222222222224
3062.0,0.00022702199930790812,0.0,0.0,0.0,0.005208333333333333,0.034722222222222224
3063.0,0.0002877177903428674,0.0,0.0,0.0,0.005208333333333333,0.034722222222222224
3064.0,0.0002361451042816043,8.914643331081606e-06,0.0,0.0,0.006944444444444444,0.046296296296296294
3065.0,2.6109744794666767e-05,0.0,0.0,0.0,0.0,0.0021758120662222304
3066.0,1.3769741599389818e-05,0.0,0.0,0.0,0.0,0.0011474784666158182
3067.0,4.425383508532832e-07,0.0,0.0,0.0,0.0,3.687819590444027e-05
3068.0,4.425383508532832e-07,0.0,0.0,0.0,0.0,3.687819590444027e-05
3069.0,4.425383508532832e-07,0.0,0.0,0.0,0.0,3.687819590444027e-05
3070.0,4.425383508532832e-07,0.0,0.0,0.0,0.0,3.687819590444027e-05
3071.0,0.0001355187559965998,0.0008701143669895828,0.0,0.0,0.006944444444444444,0.046296296296296294
3072.0,0.00013526345719583333,0.000245072937104851,3.960277581427363e-07,0.0,0.001736111111111111,0.011574074074074073
3073.0,0.00011082173296017572,7.453089665432344e-07,3.960277581427363e-07,0.0,0.006944444444444444,0.046296296296296294
3074.0,0.0001803342456696555,0.0,0.0,0.0,0.001736111111111111,0.015027853805804625
3075.0,8.995436655823141e-05,0.0,0.0,0.0,0.0,0.007496197213185951
3076.0,0.0001653390354476869,0.0,0.0,0.0,0.001736111111111111,0.01377825295397391
3077.0,0.00022560929937753826,0.0,0.0,0.0,0.003472222222222222,0.023148148148148147
3078.0,6.467859634540218e-07,0.0,0.0,0.0,0.0,5.389883028783515e-05
3079.0,4.425380950578983e-07,0.0,0.0,0.0,0.0,3.6878174588158195e-05
3080.0,4.425380950578983e-07,0.0,0.0,0.0,0.0,3.6878174588158195e-05
3081.0,0.00021812021441292018,0.0013546972768381238,0.0,0.0,0.001736111111111111,0.033867431920953095
3082.0,5.446617592497205e-07,6.603415840800153e-07,0.0,0.0,0.0,4.538847993747671e-05
3083.0,4.425380950578983e-07,0.0,0.0,0.0,0.0,3.6878174588158195e-05
3084.0,0.0001667006581556052,0.0010747112100943923,0.0,0.0,0.001736111111111111,0.026867780252359807
3085.0,4.425380950578983e-07,0.0,0.0,0.0,0.0,3.6878174588158195e-05
3086.0,4.425380950578983e-07,0.0,0.0,0.0,0.0,3.6878174588158195e-05
3087.0,4.425380950578983e-07,0.0,0.0,0.0,0.0,3.6878174588158195e-05
3088.0,0.00018816374358721077,0.001213823794387281,0.0,0.0,0.0,0.030345594859682024
3089.0,2.325026798644103e-05,0.0001496781624155119,0.0,0.0,0.001736111111111111,0.011574074074074073
3090.0,4.425380950578983e-07,0.0,0.0,0.0,0.0,3.6878174588158195e-05
3091.0,4.425380950578983e-07,0.0,0.0,0.0,0.0,3.6878174588158195e-05
3092.0,0.00014685453788843006,3.554856084519997e-05,0.0,0.0,0.001736111111111111,0.012237878157369172
3093.0,4.5955880523251835e-07,0.0,0.0,0.0,0.0,3.8296567102709865e-05
3094.0,0.0003782849234994501,0.001741439220495522,0.0,0.0,0.008680555555555556,0.05787037037037038
3095.0,0.00016319443238899112,0.001053030020557344,0.0,0.0,0.0,0.0263257505139336
3096.0,4.5955880523251835e-07,0.0,0.0,0.0,0.0,3.8296567102709865e-05
3097.0,7.286560867214575e-05,0.00019961921498179436,3.960277581427363e-07,0.0,0.001736111111111111,0.011574074074074073
3098.0,6.697643402731046e-05,8.559961861465126e-05,3.960277581427363e-07,0.0,0.0,0.005581369502275872
3099.0,4.425380950578983e-07,0.0,0.0,0.0,0.0,3.6878174588158195e-05
3100.0,4.425380950578983e-07,0.0,0.0,0.0,0.0,3.6878174588158195e-05
3101.0,4.425380950578983e-07,0.0,0.0,0.0,0.0,3.6878174588158195e-05
3102.0,0.00012974876153748482,0.0,0.0,0.0,0.001736111111111111,0.011574074074074073
3103.0,4.425380950578983e-07,0.0,0.0,0.0,0.0,3.6878174588158195e-05
3104.0,4.425380950578983e-07,0.0,0.0,0.0,0.0,3.6878174588158195e-05
3105.0,0.00013827612565364689,3.5108325391775e-05,0.0,0.0,0.0,0.01152301047113724
3106.0,1.2357025298115332e-05,2.6413783871248597e-06,0.0,0.0,0.001736111111111111,0.011574074074074073
3107.0,4.425380950578983e-07,0.0,0.0,0.0,0.0,3.6878174588158195e-05
3108.0,4.425380950578983e-07,0.0,0.0,0.0,0.0,3.6878174588158195e-05
3109.0,0.00014276958245318383,0.0,0.0,0.0,0.001736111111111111,0.011897465204431986
3110.0,4.425380950578983e-07,0.0,0.0,0.0,0.0,3.6878174588158195e-05
3111.0,4.195601650280878e-05,0.0,0.0,0.0,0.0,0.003496334708567398
3112.0,0.00010762184683699161,0.0,0.0,0.0,0.001736111111111111,0.011574074074074073
3113.0,4.425380950578983e-07,0.0,0.0,0.0,0.0,3.6878174588158195e-05
3114.0,2.638203568494646e-06,0.0,0.0,0.0,0.0,0.0002198502973745538
3115.0,0.00013063382357358932,0.0,0.0,0.0,0.003472222222222222,0.023148148148148147
3116.0,6.008308446325827e-06,0.0,0.0,0.0,0.0,0.0005006923705271523
3117.0,0.00041515170596539974,0.0,0.0,0.0,0.010416666666666666,0.06944444444444445
3118.0,0.00010399644816061482,0.0,0.0,0.0,0.0,0.008666370680051235
3119.0,4.425380950578983e-07,0.0,0.0,0.0,0.0,3.6878174588158195e-05
3120.0,4.0645416447659954e-05,0.0,0.0,0.0,0.005208333333333333,0.034722222222222224
3121.0,0.00010071144060930237,0.0,0.0,0.0,0.0,0.008392620050775198
3122.0,8.272068043879699e-06,7.453089665432344e-07,3.960277581427363e-07,0.0,0.0,0.0006893390036566416
3123.0,7.31892157546099e-07,7.453089665432344e-07,3.960277581427363e-07,0.0,0.0,6.099101312884159e-05
3124.0,4.425380950578983e-07,0.0,0.0,0.0,0.0,3.6878174588158195e-05
3125.0,4.425380950578983e-07,0.0,0.0,0.0,0.0,3.6878174588158195e-05
3126.0,4.425380950578983e-07,0.0,0.0,0.0,0.0,3.6878174588158195e-05
3127.0,4.425380950578983e-07,0.0,0.0,0.0,0.0,3.6878174588158195e-05
3128.0,2.9088369046803564e-05,0.0,0.0,0.0,0.001736111111111111,0.011574074074074073
3129.0,9.618394688004628e-05,0.0,0.0,0.0,0.0,0.008015328906670524
3130.0,0.0003484305925667286,0.0,0.0,0.0,0.010416666666666666,0.06944444444444445
3131.0,6.552980721608037e-06,0.0,0.0,0.0,0.0,0.0005460817268006698
3132.0,4.425380950578983e-07,0.0,0.0,0.0,0.0,3.6878174588158195e-05
3133.0,9.851576760411263e-05,0.0,0.0,0.0,0.003472222222222222,0.023148148148148147
3134.0,0.0004342104948591441,3.387483275218983e-06,6.351215688482625e-06,0.0,0.003472222222222222,0.03618420790492868
3135.0,2.621186695250799e-06,0.0,0.0,0.0,0.0,0.00021843222460423323
3136.0,0.0,0.0,0.0,0.0,0.0,0.0
3137.0,0.00011517904204083607,0.0,0.0,0.0,0.001736111111111111,0.011574074074074073
3138.0,0.0,0.0,0.0,0.0,0.0,0.0
3139.0,1.1128939149784856e-05,3.873594323522411e-06,3.6472534702625126e-05,0.0,0.0,0.0009274115958154046
3140.0,0.000116881106805522,0.0,0.0,0.0,0.003472222222222222,0.023148148148148147
3141.0,0.00014139089034870267,0.0,0.0,0.0,0.003472222222222222,0.023148148148148147
3142.0,4.197303132968955e-05,0.0,0.0,0.0,0.001736111111111111,0.011574074074074073
3143.0,4.5955880523251835e-07,0.0,0.0,0.0,0.0,3.8296567102709865e-05
3144.0,7.904410449555144e-05,0.0,0.0,0.0,0.001736111111111111,0.011574074074074073
3145.0,7.613356137881055e-05,0.0,0.0,0.0,0.0,0.006344463448234213
3146.0,4.5955880523251835e-07,0.0,0.0,0.0,0.0,3.8296567102709865e-05
3147.0,8.28035845188424e-05,1.2314200148466625e-06,3.0443818104686216e-05,0.0,0.001736111111111111,0.011574074074074073
3148.0,0.0001082856542780064,7.453089665432344e-07,3.960277581427363e-07,0.0,0.0,0.0090238045231672
3149.0,4.425380950578983e-07,0.0,0.0,0.0,0.0,3.6878174588158195e-05
3150.0,4.425380950578983e-07,0.0,0.0,0.0,0.0,3.6878174588158195e-05
3151.0,0.00013226781447883695,0.0,0.0,0.0,0.001736111111111111,0.011574074074074073
3152.0,4.425380950578983e-07,0.0,0.0,0.0,0.0,3.6878174588158195e-05
3153.0,0.00035578355891630054,0.0,0.0,0.0,0.008680555555555556,0.05787037037037038
3154.0,0.0001754492986947298,0.0,0.0,0.0,0.001736111111111111,0.014620774891227484
3155.0,0.00011771511344704777,0.0,0.0,0.0,0.001736111111111111,0.011574074074074073
3156.0,0.0004463506629690528,0.0,0.0,0.0,0.001736111111111111,0.0371958885807544
3157.0,1.8722763570622192e-06,0.0,0.0,0.0,0.0,0.00015602302975518492
3158.0,4.7657974278081383e-07,0.0,0.0,0.0,0.0,3.971497856506782e-05
3159.0,4.7657974278081383e-07,0.0,0.0,0.0,0.0,3.971497856506782e-05
3160.0,4.7657974278081383e-07,0.0,0.0,0.0,0.0,3.971497856506782e-05
3161.0,4.7657974278081383e-07,0.0,0.0,0.0,0.0,3.971497856506782e-05
3162.0,4.7657974278081383e-07,0.0,0.0,0.0,0.0,3.971497856506782e-05
3163.0,4.7657974278081383e-07,0.0,0.0,0.0,0.0,3.971497856506782e-05
3164.0,4.9700452109391335e-06,0.0,0.0,0.0,0.0,0.0004141704342449278
3165.0,4.425380950578983e-07,0.0,0.0,0.0,0.0,3.6878174588158195e-05
3166.0,4.425380950578983e-07,0.0,0.0,0.0,0.0,3.6878174588158195e-05
3167.0,4.425380950578983e-07,0.0,0.0,0.0,0.0,3.6878174588158195e-05
3168.0,4.425380950578983e-07,0.0,0.0,0.0,0.0,3.6878174588158195e-05
3169.0,4.425380950578983e-07,0.0,0.0,0.0,0.0,3.6878174588158195e-05
3170.0,4.425380950578983e-07,0.0,0.0,0.0,0.0,3.6878174588158195e-05
3171.0,4.425380950578983e-07,0.0,0.0,0.0,0.0,3.6878174588158195e-05
3172.0,6.978510214139533e-07,7.453089665432344e-07,3.960277581427363e-07,0.0,0.0,5.8154251784496104e-05
3173.0,0.0001237063988810405,7.453089665432344e-07,3.960277581427363e-07,0.0,0.0,0.010308866573420042
3174.0,4.425380950578983e-07,0.0,0.0,0.0,0.0,3.6878174588158195e-05
3175.0,4.425380950578983e-07,0.0,0.0,0.0,0.0,3.6878174588158195e-05
3176.0,4.425380950578983e-07,0.0,0.0,0.0,0.0,3.6878174588158195e-05
3177.0,0.0002675823343452066,0.0,0.0,0.0,0.0,0.022298527862100553
3178.0,0.00019861447799485177,0.0,0.0,0.0,0.0,0.01655120649957098
3179.0,4.425380950578983e-07,0.0,0.0,0.0,0.0,3.6878174588158195e-05
3180.0,0.0003787444729823619,0.0,0.0,0.0,0.003472222222222222,0.03156203941519683
3181.0,0.00011449822341091931,0.0,0.0,0.0,0.001736111111111111,0.011574074074074073
3182.0,6.127467599981173e-07,0.0,0.0,0.0,0.0,5.106222999984311e-05
3183.0,6.127467599981173e-07,0.0,0.0,0.0,0.0,5.106222999984311e-05
3184.0,6.127467599981173e-07,0.0,0.0,0.0,0.0,5.106222999984311e-05
3185.0,6.127467599981173e-07,0.0,0.0,0.0,0.0,5.106222999984311e-05
3186.0,6.127467599981173e-07,0.0,0.0,0.0,0.0,5.106222999984311e-05
3187.0,6.127467599981173e-07,0.0,0.0,0.0,0.0,5.106222999984311e-05
3188.0,6.127467599981173e-07,0.0,0.0,0.0,0.0,5.106222999984311e-05
3189.0,0.0079884584993124,0.00632500322535634,0.0,0.0,0.1232638888888889,0.8217592592592593
3190.0,5.787053396488773e-07,0.0,0.0,0.0,0.0,4.822544497073977e-05
3191.0,5.787053396488773e-07,0.0,0.0,0.0,0.0,4.822544497073977e-05
3192.0,5.787053396488773e-07,0.0,0.0,0.0,0.0,4.822544497073977e-05
3193.0,5.787053396488773e-07,0.0,0.0,0.0,0.0,4.822544497073977e-05
3194.0,5.787053396488773e-07,0.0,0.0,0.0,0.0,4.822544497073977e-05
3195.0,5.787053396488773e-07,0.0,0.0,0.0,0.0,4.822544497073977e-05
3196.0,5.787053396488773e-07,0.0,0.0,0.0,0.0,4.822544497073977e-05
3197.0,2.893515897994803e-07,7.453089665432344e-07,3.960277581427363e-07,0.0,0.0,2.4112632483290024e-05
3198.0,8.340155090991175e-07,7.453089665432344e-07,3.960277581427363e-07,0.0,0.0,6.950129242492646e-05
3199.0,5.787053396488773e-07,0.0,0.0,0.0,0.0,4.822544497073977e-05
3200.0,5.787053396488773e-07,0.0,0.0,0.0,0.0,4.822544497073977e-05
3201.0,5.787053396488773e-07,0.0,0.0,0.0,0.0,4.822544497073977e-05
3202.0,5.787053396488773e-07,0.0,0.0,0.0,0.0,4.822544497073977e-05
3203.0,5.787053396488773e-07,0.0,0.0,0.0,0.0,4.822544497073977e-05
3204.0,5.787053396488773e-07,0.0,0.0,0.0,0.0,4.822544497073977e-05
3205.0,5.787053396488773e-07,0.0,0.0,0.0,0.0,4.822544497073977e-05
3206.0,0.0,0.0,0.0,0.0,0.0,0.0
3207.0,5.787053396488773e-07,0.0,0.0,0.0,0.0,4.822544497073977e-05
3208.0,5.787053396488773e-07,0.0,0.0,0.0,0.0,4.822544497073977e-05
3209.0,5.787053396488773e-07,0.0,0.0,0.0,0.0,4.822544497073977e-05
3210.0,5.787053396488773e-07,0.0,0.0,0.0,0.0,4.822544497073977e-05
3211.0,5.787053396488773e-07,0.0,0.0,0.0,0.0,4.822544497073977e-05
3212.0,5.787053396488773e-07,0.0,0.0,0.0,0.0,4.822544497073977e-05
3213.0,5.787053396488773e-07,0.0,0.0,0.0,0.0,4.822544497073977e-05
3214.0,0.0,0.0,0.0,0.0,0.0,0.0
3215.0,5.787053396488773e-07,0.0,0.0,0.0,0.0,4.822544497073977e-05
3216.0,5.787053396488773e-07,0.0,0.0,0.0,0.0,4.822544497073977e-05
3217.0,5.787053396488773e-07,0.0,0.0,0.0,0.0,4.822544497073977e-05
3218.0,5.787053396488773e-07,0.0,0.0,0.0,0.0,4.822544497073977e-05
3219.0,5.787053396488773e-07,0.0,0.0,0.0,0.0,4.822544497073977e-05
3220.0,5.787053396488773e-07,0.0,0.0,0.0,0.0,4.822544497073977e-05
3221.0,5.787053396488773e-07,0.0,0.0,0.0,0.0,4.822544497073977e-05
3222.0,2.893515897994803e-07,7.453089665432344e-07,3.960277581427363e-07,0.0,0.0,2.4112632483290024e-05
3223.0,8.340155090991175e-07,7.453089665432344e-07,3.960277581427363e-07,0.0,0.0,6.950129242492646e-05
3224.0,5.787053396488773e-07,0.0,0.0,0.0,0.0,4.822544497073977e-05
3225.0,5.787053396488773e-07,0.0,0.0,0.0,0.0,4.822544497073977e-05
3226.0,5.787053396488773e-07,0.0,0.0,0.0,0.0,4.822544497073977e-05
3227.0,5.787053396488773e-07,0.0,0.0,0.0,0.0,4.822544497073977e-05
3228.0,5.787053396488773e-07,0.0,0.0,0.0,0.0,4.822544497073977e-05
3229.0,5.787053396488773e-07,0.0,0.0,0.0,0.0,4.822544497073977e-05
3230.0,5.787053396488773e-07,0.0,0.0,0.0,0.0,4.822544497073977e-05
3231.0,0.0,0.0,0.0,0.0,0.0,0.0
3232.0,5.787053396488773e-07,0.0,0.0,0.0,0.0,4.822544497073977e-05
3233.0,5.787053396488773e-07,0.0,0.0,0.0,0.0,4.822544497073977e-05
3234.0,8.562584116589278e-05,0.0,0.0,0.0,0.0,0.007135486763824398
3235.0,0.0002857604413293302,0.0,0.0,0.0,0.003472222222222222,0.023813370110777516
3236.0,5.787053396488773e-07,0.0,0.0,0.0,0.0,4.822544497073977e-05
3237.0,5.787053396488773e-07,0.0,0.0,0.0,0.0,4.822544497073977e-05
3238.0,5.787053396488773e-07,0.0,0.0,0.0,0.0,4.822544497073977e-05
3239.0,2.8542015115817776e-06,0.0,0.0,0.0,0.0,0.00023785012596514812
3240.0,5.787053396488773e-07,0.0,0.0,0.0,0.0,4.822544497073977e-05
3241.0,5.787053396488773e-07,0.0,0.0,0.0,0.0,4.822544497073977e-05
3242.0,5.787053396488773e-07,0.0,0.0,0.0,0.0,4.822544497073977e-05
3243.0,5.787053396488773e-07,0.0,0.0,0.0,0.0,4.822544497073977e-05
3244.0,5.787053396488773e-07,0.0,0.0,0.0,0.0,4.822544497073977e-05
3245.0,5.787053396488773e-07,0.0,0.0,0.0,0.0,4.822544497073977e-05
3246.0,5.787053396488773e-07,0.0,0.0,0.0,0.0,4.822544497073977e-05
3247.0,2.893515897994803e-07,7.453089665432344e-07,3.960277581427363e-07,0.0,0.0,2.4112632483290024e-05
3248.0,8.340155090991175e-07,7.453089665432344e-07,3.960277581427363e-07,0.0,0.0,6.950129242492646e-05
3249.0,5.787053396488773e-07,0.0,0.0,0.0,0.0,4.822544497073977e-05
3250.0,5.787053396488773e-07,0.0,0.0,0.0,0.0,4.822544497073977e-05
3251.0,5.787053396488773e-07,0.0,0.0,0.0,0.0,4.822544497073977e-05
3252.0,5.787053396488773e-07,0.0,0.0,0.0,0.0,4.822544497073977e-05
3253.0,5.787053396488773e-07,0.0,0.0,0.0,0.0,4.822544497073977e-05
3254.0,5.787053396488773e-07,0.0,0.0,0.0,0.0,4.822544497073977e-05
3255.0,5.787053396488773e-07,0.0,0.0,0.0,0.0,4.822544497073977e-05
3256.0,0.0,0.0,0.0,0.0,0.0,0.0
3257.0,5.787053396488773e-07,0.0,0.0,0.0,0.0,4.822544497073977e-05
3258.0,5.787053396488773e-07,0.0,0.0,0.0,0.0,4.822544497073977e-05
3259.0,0.0003572132845874876,0.0016568050486966968,0.0,0.0,0.012152777777777778,0.08101851851851852
3260.0,0.00020411214791238308,0.0,0.0,0.0,0.003472222222222222,0.023148148148148147
3261.0,0.0003730255120899528,0.0,0.0,0.0,0.006944444444444444,0.046296296296296294
3262.0,0.00034131595748476684,0.0,0.0,0.0,0.006944444444444444,0.046296296296296294
3263.0,4.595590610279032e-07,0.0,0.0,0.0,0.0,3.829658841899194e-05
3264.0,0.0002353331947233528,0.0010025135707110167,0.0,0.0,0.003472222222222222,0.025062839267775416
3265.0,0.00011846403504023328,0.0,0.0,0.0,0.003472222222222222,0.023148148148148147
3266.0,6.634666351601481e-05,0.0,0.0,0.0,0.0,0.005528888626334568
3267.0,8.99713922990486e-05,0.0,0.0,0.0,0.001736111111111111,0.011574074074074073
3268.0,0.00019895487639587373,0.0,0.0,0.0,0.003472222222222222,0.023148148148148147
3269.0,4.7657974278081383e-07,0.0,0.0,0.0,0.0,3.971497856506782e-05
3270.0,4.7657974278081383e-07,0.0,0.0,0.0,0.0,3.971497856506782e-05
3271.0,4.7657974278081383e-07,0.0,0.0,0.0,0.0,3.971497856506782e-05
3272.0,8.20906279841438e-06,1.439242078049574e-05,3.960277581427363e-07,0.0,0.0,0.0006840885665345316
3273.0,8.340155090991175e-07,7.453089665432344e-07,3.960277581427363e-07,0.0,0.0,6.950129242492646e-05
3274.0,0.00040456486749462783,0.0,0.0,0.0,0.0,0.03371373895788565
3275.0,0.00022069033002480865,0.0,0.0,0.0,0.0,0.01839086083540072
3276.0,0.00026892696041613817,0.0,0.0,0.0,0.006944444444444444,0.046296296296296294
3277.0,4.425383508532832e-07,0.0,0.0,0.0,0.0,3.687819590444027e-05
3278.0,4.425383508532832e-07,0.0,0.0,0.0,0.0,3.687819590444027e-05
3279.0,0.00323255336843431,0.002635326236486435,0.0,0.0,0.052083333333333336,0.34722222222222227
3280.0,4.425383508532832e-07,0.0,0.0,0.0,0.0,3.687819590444027e-05
3281.0,2.55311476848874e-07,0.0,0.0,0.0,0.0,2.1275956404072833e-05
3282.0,5.787053396488773e-07,0.0,0.0,0.0,0.0,4.822544497073977e-05
3283.0,5.787053396488773e-07,0.0,0.0,0.0,0.0,4.822544497073977e-05
3284.0,5.787053396488773e-07,0.0,0.0,0.0,0.0,4.822544497073977e-05
3285.0,5.787053396488773e-07,0.0,0.0,0.0,0.0,4.822544497073977e-05
3286.0,5.787053396488773e-07,0.0,0.0,0.0,0.0,4.822544497073977e-05
3287.0,5.787053396488773e-07,0.0,0.0,0.0,0.0,4.822544497073977e-05
3288.0,5.787053396488773e-07,0.0,0.0,0.0,0.0,4.822544497073977e-05
3289.0,0.0,0.0,0.0,0.0,0.0,0.0
3290.0,5.787053396488773e-07,0.0,0.0,0.0,0.0,4.822544497073977e-05
3291.0,5.787053396488773e-07,0.0,0.0,0.0,0.0,4.822544497073977e-05
3292.0,5.787053396488773e-07,0.0,0.0,0.0,0.0,4.822544497073977e-05
3293.0,0.0436481311917305,0.028697403147816658,4.636776793631725e-05,0.0006669344147667289,0.3020833333333333,3.6373442659775415
3294.0,1.7295820725848898e-05,7.656246452825144e-06,4.636776793631725e-05,0.0,0.0,0.0014413183938207415
3295.0,0.043639399111270905,0.028695520013570786,0.0,0.0006669344147667289,0.3020833333333333,3.6366165926059084
3296.0,0.0,0.0,0.0,0.0,0.0,0.0
3297.0,0.0,0.0,0.0,0.0,0.0,0.0
3298.0,0.0,0.0,0.0,0.0,0.0,0.0
3299.0,0.0,0.0,0.0,0.0,0.0,0.0
3300.0,0.0,0.0,0.0,0.0,0.0,0.0
3301.0,0.0,0.0,0.0,0.0,0.0,0.0
3302.0,0.0,0.0,0.0,0.0,0.0,0.0
3303.0,5.06738842886989e-07,1.050386345013976e-06,7.185251433838857e-07,0.0,0.0,4.2228236907249084e-05
3304.0,5.06738842886989e-07,1.050386345013976e-06,7.185251433838857e-07,0.0,0.0,4.2228236907249084e-05
3305.0,0.0,0.0,0.0,0.0,0.0,0.0
3306.0,0.0,0.0,0.0,0.0,0.0,0.0
3307.0,0.0,0.0,0.0,0.0,0.0,0.0
3308.0,0.0,0.0,0.0,0.0,0.0,0.0
3309.0,0.0,0.0,0.0,0.0,0.0,0.0
3310.0,0.0,0.0,0.0,0.0,0.0,0.0
3311.0,0.0,0.0,0.0,0.0,0.0,0.0
3312.0,0.0,0.0,0.0,0.0,0.0,0.0
3313.0,0.0,0.0,0.0,0.0,0.0,0.0
3314.0,0.0,0.0,0.0,0.0,0.0,0.0
3315.0,0.0,0.0,0.0,0.0,0.0,0.0
3316.0,0.0,0.0,0.0,0.0,0.0,0.0
3317.0,0.0,0.0,0.0,0.0,0.0,0.0
3318.0,0.0,0.0,0.0,0.0,0.0,0.0
3319.0,0.0,0.0,0.0,0.0,0.0,0.0
3320.0,0.0,0.0,0.0,0.0,0.0,0.0
3321.0,0.0,0.0,0.0,0.0,0.0,0.0
3322.0,0.0,0.0,0.0,0.0,0.0,0.0
3323.0,0.0,0.0,0.0,0.0,0.0,0.0
3324.0,0.0,0.0,0.0,0.0,0.0,0.0
3325.0,0.0,0.0,0.0,0.0,0.0,0.0
3326.0,0.0,0.0,0.0,0.0,0.0,0.0
3327.0,0.0,0.0,0.0,0.0,0.0,0.0
3328.0,5.06738842886989e-07,1.050386345013976e-06,7.185251433838857e-07,0.0,0.0,4.2228236907249084e-05
3329.0,5.06738842886989e-07,1.050386345013976e-06,7.185251433838857e-07,0.0,0.0,4.2228236907249084e-05
3330.0,0.0,0.0,0.0,0.0,0.0,0.0
3331.0,0.0,0.0,0.0,0.0,0.0,0.0
3332.0,0.0,0.0,0.0,0.0,0.0,0.0
3333.0,0.0,0.0,0.0,0.0,0.0,0.0
3334.0,0.0,0.0,0.0,0.0,0.0,0.0
3335.0,0.0,0.0,0.0,0.0,0.0,0.0
3336.0,0.0,0.0,0.0,0.0,0.0,0.0
3337.0,0.0,0.0,0.0,0.0,0.0,0.0
3338.0,0.0,0.0,0.0,0.0,0.0,0.0
3339.0,0.0,0.0,0.0,0.0,0.0,0.0
3340.0,0.0436394028365612,0.028695520013570786,0.0,0.0006669344147667289,0.3020833333333333,3.6366169030467668
3341.0,2.6825711429978583e-08,0.0,0.0,0.0,0.0,2.235475952498215e-06
3342.0,0.0,0.0,0.0,0.0,0.0,0.0
3343.0,0.0,0.0,0.0,0.0,0.0,0.0
3344.0,0.0,0.0,0.0,0.0,0.0,0.0
3345.0,0.0,0.0,0.0,0.0,0.0,0.0
3346.0,0.0,0.0,0.0,0.0,0.0,0.0
3347.0,0.0,0.0,0.0,0.0,0.0,0.0
3348.0,0.0,0.0,0.0,0.0,0.0,0.0
3349.0,0.0,0.0,0.0,0.0,0.0,0.0
3350.0,0.0,0.0,0.0,0.0,0.0,0.0
3351.0,0.0,0.0,0.0,0.0,0.0,0.0
3352.0,0.0,0.0,0.0,0.0,0.0,0.0
3353.0,0.0,0.0,0.0,0.0,0.0,0.0
3354.0,0.0,0.0,0.0,0.0,0.0,0.0
3355.0,0.0,0.0,0.0,0.0,0.0,0.0
3356.0,0.0,0.0,0.0,0.0,0.0,0.0
3357.0,0.0,0.0,0.0,0.0,0.0,0.0
3358.0,0.0,0.0,0.0,0.0,0.0,0.0
3359.0,0.0,0.0,0.0,0.0,0.0,0.0
3360.0,0.0,0.0,0.0,0.0,0.0,0.0
3361.0,0.0,0.0,0.0,0.0,0.0,0.0
3362.0,0.0,0.0,0.0,0.0,0.0,0.0
3363.0,0.0,0.0,0.0,0.0,0.0,0.0
3364.0,0.0,0.0,0.0,0.0,0.0,0.0
3365.0,2.6825711429978583e-08,0.0,0.0,0.0,0.0,2.235475952498215e-06
3366.0,2.6825711429978583e-08,0.0,0.0,0.0,0.0,2.235475952498215e-06
3367.0,0.0,0.0,0.0,0.0,0.0,0.0
3368.0,0.0,0.0,0.0,0.0,0.0,0.0
3369.0,0.0,0.0,0.0,0.0,0.0,0.0
3370.0,0.0,0.0,0.0,0.0,0.0,0.0
3371.0,0.0,0.0,0.0,0.0,0.0,0.0
3372.0,0.0,0.0,0.0,0.0,0.0,0.0
3373.0,0.0,0.0,0.0,0.0,0.0,0.0
3374.0,0.0,0.0,0.0,0.0,0.0,0.0
3375.0,0.0,0.0,0.0,0.0,0.0,0.0
3376.0,0.0,0.0,0.0,0.0,0.0,0.0
3377.0,0.0,0.0,0.0,0.0,0.0,0.0
3378.0,0.0,0.0,0.0,0.0,0.0,0.0
3379.0,0.0,0.0,0.0,0.0,0.0,0.0
3380.0,0.0,0.0,0.0,0.0,0.0,0.0
3381.0,0.0,0.0,0.0,0.0,0.0,0.0
3382.0,0.0,0.0,0.0,0.0,0.0,0.0
3383.0,0.0,0.0,0.0,0.0,0.0,0.0
3384.0,0.0,0.0,0.0,0.0,0.0,0.0
3385.0,0.0,0.0,0.0,0.0,0.0,0.0
3386.0,0.0,0.0,0.0,0.0,0.0,0.0
3387.0,0.0,0.0,0.0,0.0,0.0,0.0
3388.0,0.0,0.0,0.0,0.0,0.0,0.0
3389.0,0.0,0.0,0.0,0.0,0.0,0.0
3390.0,2.6825711429978583e-08,0.0,0.0,0.0,0.0,2.235475952498215e-06
3391.0,2.6825711429978583e-08,0.0,0.0,0.0,0.0,2.235475952498215e-06
3392.0,0.0,0.0,0.0,0.0,0.0,0.0
3393.0,0.0,0.0,0.0,0.0,0.0,0.0
3394.0,0.0,0.0,0.0,0.0,0.0,0.0
3395.0,0.0,0.0,0.0,0.0,0.0,0.0
3396.0,0.0,0.0,0.0,0.0,0.0,0.0
3397.0,0.0,0.0,0.0,0.0,0.0,0.0
3398.0,0.0,0.0,0.0,0.0,0.0,0.0
3399.0,0.0,0.0,0.0,0.0,0.0,0.0
3400.0,0.0,0.0,0.0,0.0,0.0,0.0
3401.0,0.0,0.0,0.0,0.0,0.0,0.0
3402.0,0.0,0.0,0.0,0.0,0.0,0.0
3403.0,0.0,0.0,0.0,0.0,0.0,0.0
3404.0,0.0,0.0,0.0,0.0,0.0,0.0
3405.0,0.0,0.0,0.0,0.0,0.0,0.0
3406.0,0.0,0.0,0.0,0.0,0.0,0.0
3407.0,0.0,0.0,0.0,0.0,0.0,0.0
3408.0,0.0,0.0,0.0,0.0,0.0,0.0
3409.0,0.0,0.0,0.0,0.0,0.0,0.0
3410.0,0.0,0.0,0.0,0.0,0.0,0.0
3411.0,0.0,0.0,0.0,0.0,0.0,0.0
3412.0,0.0,0.0,0.0,0.0,0.0,0.0
3413.0,0.0,0.0,0.0,0.0,0.0,0.0
3414.0,0.0,0.0,0.0,0.0,0.0,0.0
3415.0,2.6825711429978583e-08,0.0,0.0,0.0,0.0,2.235475952498215e-06
3416.0,5.7386565458728e-05,0.0,0.0,0.0,0.003472222222222222,0.023148148148148147
3417.0,0.00045322702499106526,0.0,0.0,0.0,0.008680555555555556,0.05787037037037038
3418.0,2.4254488380393013e-05,0.0,0.0,0.0,0.0,0.002021207365032751
3419.0,0.0,0.0,0.0,0.0,0.0,0.0
3420.0,0.0,0.0,0.0,0.0,0.0,0.0
3421.0,0.0,0.0,0.0,0.0,0.0,0.0
3422.0,0.0,0.0,0.0,0.0,0.0,0.0
3423.0,0.00011203021131223068,0.0,0.0,0.0,0.0,0.009335850942685889
3424.0,1.3939951713837218e-05,0.0,0.0,0.0,0.0,0.001161662642819768
3425.0,0.0,0.0,0.0,0.0,0.0,0.0
3426.0,0.0,0.0,0.0,0.0,0.0,0.0
3427.0,0.0,0.0,0.0,0.0,0.0,0.0
3428.0,1.6884529031813145e-05,0.0,0.0,0.0,0.0,0.0014070440859844287
3429.0,9.068625513464212e-05,0.0,0.0,0.0,0.0,0.007557187927886844
3430.0,0.0,0.0,0.0,0.0,0.0,0.0
3431.0,0.0,0.0,0.0,0.0,0.0,0.0
3432.0,1.7361126083415002e-06,0.0,0.0,0.0,0.0,0.00014467605069512501
3433.0,0.0,0.0,0.0,0.0,0.0,0.0
3434.0,0.0,0.0,0.0,0.0,0.0,0.0
3435.0,0.0,0.0,0.0,0.0,0.0,0.0
3436.0,0.0,0.0,0.0,0.0,0.0,0.0
3437.0,0.0,0.0,0.0,0.0,0.0,0.0
3438.0,0.0,0.0,0.0,0.0,0.0,0.0
3439.0,0.0,0.0,0.0,0.0,0.0,0.0
3440.0,2.6825711429978583e-08,0.0,0.0,0.0,0.0,2.235475952498215e-06
3441.0,2.6825711429978583e-08,0.0,0.0,0.0,0.0,2.235475952498215e-06
3442.0,0.0,0.0,0.0,0.0,0.0,0.0
3443.0,0.0,0.0,0.0,0.0,0.0,0.0
3444.0,0.0,0.0,0.0,0.0,0.0,0.0
3445.0,0.0,0.0,0.0,0.0,0.0,0.0
3446.0,0.0,0.0,0.0,0.0,0.0,0.0
3447.0,0.0,0.0,0.0,0.0,0.0,0.0
3448.0,0.0,0.0,0.0,0.0,0.0,0.0
3449.0,0.0,0.0,0.0,0.0,0.0,0.0
3450.0,0.0,0.0,0.0,0.0,0.0,0.0
3451.0,0.0,0.0,0.0,0.0,0.0,0.0
3452.0,0.0,0.0,0.0,0.0,0.0,0.0
3453.0,0.0,0.0,0.0,0.0,0.0,0.0
3454.0,0.0,0.0,0.0,0.0,0.0,0.0
3455.0,0.0,0.0,0.0,0.0,0.0,0.0
3456.0,0.0,0.0,0.0,0.0,0.0,0.0
3457.0,0.0,0.0,0.0,0.0,0.0,0.0
3458.0,0.0,0.0,0.0,0.0,0.0,0.0
3459.0,0.0,0.0,0.0,0.0,0.0,0.0
3460.0,0.0,0.0,0.0,0.0,0.0,0.0
3461.0,0.0,0.0,0.0,0.0,0.0,0.0
3462.0,0.0,0.0,0.0,0.0,0.0,0.0
3463.0,0.0,0.0,0.0,0.0,0.0,0.0
3464.0,0.0,0.0,0.0,0.0,0.0,0.0
3465.0,0.00020287945517338812,0.0,0.0,0.0,0.008680555555555556,0.05787037037037038
3466.0,0.0004229910846333951,0.0,0.0,0.0,0.005208333333333333,0.03524925705278292
3467.0,8.985224121715873e-05,0.0,0.0,0.0,0.0,0.007487686768096561
3468.0,0.0,0.0,0.0,0.0,0.0,0.0
3469.0,0.0,0.0,0.0,0.0,0.0,0.0
3470.0,0.0,0.0,0.0,0.0,0.0,0.0
3471.0,0.0003249590808991343,0.0,0.0,0.0,0.006944444444444444,0.046296296296296294
3472.0,0.0003567707899492234,0.0,0.0,0.0,0.006944444444444444,0.046296296296296294
3473.0,0.00022909854305908084,0.0,0.0,0.0,0.003472222222222222,0.023148148148148147
3474.0,0.00025148081476800144,0.0,0.0,0.0,0.003472222222222222,0.023148148148148147
3475.0,0.00024237469187937677,0.0,0.0,0.0,0.003472222222222222,0.023148148148148147
3476.0,0.0,0.0,0.0,0.0,0.0,0.0
3477.0,0.0,0.0,0.0,0.0,0.0,0.0
3478.0,0.0001864787336671725,0.0,0.0,0.0,0.003472222222222222,0.023148148148148147
3479.0,0.0001385824871249497,0.0,0.0,0.0,0.003472222222222222,0.023148148148148147
3480.0,0.00030198111198842525,0.0,0.0,0.0,0.006944444444444444,0.046296296296296294
3481.0,0.0003604302473831922,0.0,0.0,0.0,0.003472222222222222,0.030035853948599346
3482.0,0.00013528048293665051,0.0,0.0,0.0,0.003472222222222222,0.023148148148148147
3483.0,0.00018426602764520794,0.0,0.0,0.0,0.001736111111111111,0.015355502303767327
3484.0,0.0,0.0,0.0,0.0,0.0,0.0
3485.0,0.0,0.0,0.0,0.0,0.0,0.0
3486.0,0.0,0.0,0.0,0.0,0.0,0.0
3487.0,0.000351153954397887,0.0,0.0,0.0,0.008680555555555556,0.05787037037037038
3488.0,8.272057311842218e-05,0.0,0.0,0.0,0.0,0.006893381093201849
3489.0,0.0,0.0,0.0,0.0,0.0,0.0
3490.0,6.613841378566576e-06,0.0,0.0,0.0,0.0,0.0005511534482138813
3491.0,2.682545385823687e-08,0.0,0.0,0.0,0.0,2.235454488186406e-06
3492.0,0.0,0.0,0.0,0.0,0.0,0.0
3493.0,0.0,0.0,0.0,0.0,0.0,0.0
3494.0,0.0,0.0,0.0,0.0,0.0,0.0
3495.0,0.0,0.0,0.0,0.0,0.0,0.0
3496.0,0.0,0.0,0.0,0.0,0.0,0.0
3497.0,0.0,0.0,0.0,0.0,0.0,0.0
3498.0,0.0,0.0,0.0,0.0,0.0,0.0
3499.0,0.0,0.0,0.0,0.0,0.0,0.0
3500.0,0.0,0.0,0.0,0.0,0.0,0.0
3501.0,0.0,0.0,0.0,0.0,0.0,0.0
3502.0,0.0,0.0,0.0,0.0,0.0,0.0
3503.0,0.0,0.0,0.0,0.0,0.0,0.0
3504.0,0.0,0.0,0.0,0.0,0.0,0.0
3505.0,0.004580439068377018,0.0,0.0,0.0,0.08159722222222222,0.5439814814814815
3506.0,0.0,0.0,0.0,0.0,0.0,0.0
3507.0,9.514565135759767e-06,0.0,0.0,0.0,0.0,0.0007928804279799806
3508.0,0.0,0.0,0.0,0.0,0.0,0.0
3509.0,0.0,0.0,0.0,0.0,0.0,0.0
3510.0,0.042706653475761414,0.011049541644752026,7.185251433838857e-07,0.0004180355172138661,0.2517361111111111,3.5588877896467843
3511.0,7.698121180510498e-07,0.0,7.185251433838857e-07,0.0,0.0,6.415100983758748e-05
3512.0,0.0,0.0,0.0,0.0,0.0,0.0
3513.0,0.0,0.0,0.0,0.0,0.0,0.0
3514.0,0.0,0.0,0.0,0.0,0.0,0.0
3515.0,0.0,0.0,0.0,0.0,0.0,0.0
3516.0,0.0,0.0,0.0,0.0,0.0,0.0
3517.0,0.0,0.0,0.0,0.0,0.0,0.0
3518.0,0.0,0.0,0.0,0.0,0.0,0.0
3519.0,0.0,0.0,0.0,0.0,0.0,0.0
3520.0,0.0,0.0,0.0,0.0,0.0,0.0
3521.0,0.000315938115818426,0.0,0.0,0.0,0.001736111111111111,0.026328176318202168
3522.0,6.580199988093227e-05,0.0,0.0,0.0,0.0,0.005483499990077689
3523.0,0.0,0.0,0.0,0.0,0.0,0.0
3524.0,0.0,0.0,0.0,0.0,0.0,0.0
3525.0,0.00016193489136639982,0.0,0.0,0.0,0.0,0.01349457428053332
3526.0,0.0,0.0,0.0,0.0,0.0,0.0
3527.0,1.261233956029173e-05,0.0,0.0,0.0,0.0,0.0010510282966909774
3528.0,0.0004199515387881547,0.0,0.0,0.0,0.017361111111111112,0.11574074074074076
3529.0,8.706084918230772e-05,0.0,0.0,0.0,0.0,0.0072550707651923094
3530.0,0.0004235769738443196,0.0,0.0,0.0,0.008680555555555556,0.05787037037037038
3531.0,0.0001219702826347202,0.0,0.0,0.0,0.001736111111111111,0.011574074074074073
3532.0,0.0,0.0,0.0,0.0,0.0,0.0
3533.0,0.0,0.0,0.0,0.0,0.0,0.0
3534.0,0.0,0.0,0.0,0.0,0.0,0.0
3535.0,1.2037509804940782e-05,0.0,7.185251433838857e-07,0.0,0.0,0.0010031258170783985
3536.0,7.698121180510498e-07,0.0,7.185251433838857e-07,0.0,0.0,6.415100983758748e-05
3537.0,0.0,0.0,0.0,0.0,0.0,0.0
3538.0,0.0,0.0,0.0,0.0,0.0,0.0
3539.0,0.0,0.0,0.0,0.0,0.0,0.0
3540.0,0.0,0.0,0.0,0.0,0.0,0.0
3541.0,0.0,0.0,0.0,0.0,0.0,0.0
3542.0,0.0,0.0,0.0,0.0,0.0,0.0
3543.0,0.0,0.0,0.0,0.0,0.0,0.0
3544.0,8.408222129219212e-06,0.0,0.0,0.0,0.0,0.0007006851774349343
3545.0,0.0004603246634360403,0.0,0.0,0.0,0.005208333333333333,0.038360388619670026
3546.0,0.00010001358896261081,0.0,0.0,0.0,0.003472222222222222,0.023148148148148147
3547.0,0.0,0.0,0.0,0.0,0.0,0.0
3548.0,0.0,0.0,0.0,0.0,0.0,0.0
3549.0,0.0,0.0,0.0,0.0,0.0,0.0
3550.0,6.105322245275602e-05,0.0,0.0,0.0,0.0,0.005087768537729668
3551.0,0.0,0.0,0.0,0.0,0.0,0.0
3552.0,6.0423494687711354e-06,0.0,0.0,0.0,0.0,0.0005035291223975946
3553.0,0.00020828221749980003,0.0,0.0,0.0,0.001736111111111111,0.01735685145831667
3554.0,0.00026225484907627106,0.0,0.0,0.0,0.0,0.021854570756355923
3555.0,3.8449747080449015e-05,0.0,0.0,0.0,0.0,0.003204145590037418
3556.0,0.0,0.0,0.0,0.0,0.0,0.0
3557.0,0.0,0.0,0.0,0.0,0.0,0.0
3558.0,0.0,0.0,0.0,0.0,0.0,0.0
3559.0,0.0,0.0,0.0,0.0,0.0,0.0
3560.0,0.00017977645620703697,0.0,7.185251433838857e-07,0.0,0.0,0.014981371350586414
3561.0,3.953560110403487e-07,0.0,7.185251433838857e-07,0.0,0.0,3.294633425336239e-05
3562.0,0.0,0.0,0.0,0.0,0.0,0.0
3563.0,0.0,0.0,0.0,0.0,0.0,0.0
3564.0,0.0,0.0,0.0,0.0,0.0,0.0
3565.0,0.0,0.0,0.0,0.0,0.0,0.0
3566.0,0.0,0.0,0.0,0.0,0.0,0.0
3567.0,0.0,0.0,0.0,0.0,0.0,0.0
3568.0,0.0,0.0,0.0,0.0,0.0,0.0
3569.0,1.0212444294666057e-06,0.0,0.0,0.0,0.0,8.510370245555048e-05
3570.0,0.0,0.0,0.0,0.0,0.0,0.0
3571.0,0.0,0.0,0.0,0.0,0.0,0.0
3572.0,0.0,0.0,0.0,0.0,0.0,0.0
3573.0,0.0,0.0,0.0,0.0,0.0,0.0
3574.0,0.0,0.0,0.0,0.0,0.0,0.0
3575.0,0.0,0.0,0.0,0.0,0.0,0.0
3576.0,0.0,0.0,0.0,0.0,0.0,0.0
3577.0,0.0,0.0,0.0,0.0,0.0,0.0
3578.0,0.0,0.0,0.0,0.0,0.0,0.0
3579.0,0.0,0.0,0.0,0.0,0.0,0.0
3580.0,0.0,0.0,0.0,0.0,0.0,0.0
3581.0,0.0,0.0,0.0,0.0,0.0,0.0
3582.0,0.0,0.0,0.0,0.0,0.0,0.0
3583.0,0.0,0.0,0.0,0.0,0.0,0.0
3584.0,0.0,0.0,0.0,0.0,0.0,0.0
3585.0,3.953560110403487e-07,0.0,7.185251433838857e-07,0.0,0.0,3.294633425336239e-05
3586.0,3.953560110403487e-07,0.0,7.185251433838857e-07,0.0,0.0,3.294633425336239e-05
3587.0,0.0,0.0,0.0,0.0,0.0,0.0
3588.0,0.0,0.0,0.0,0.0,0.0,0.0
3589.0,0.0,0.0,0.0,0.0,0.0,0.0
3590.0,0.0,0.0,0.0,0.0,0.0,0.0
3591.0,0.0,0.0,0.0,0.0,0.0,0.0
3592.0,0.0,0.0,0.0,0.0,0.0,0.0
3593.0,0.0,0.0,0.0,0.0,0.0,0.0
3594.0,0.0,0.0,0.0,0.0,0.0,0.0
3595.0,0.002905517350882292,0.0,0.0,0.0,0.03993055555555555,0.2662037037037037
3596.0,0.0,0.0,0.0,0.0,0.0,0.0
3597.0,0.0,0.0,0.0,0.0,0.0,0.0
3598.0,0.0,0.0,0.0,0.0,0.0,0.0
3599.0,0.0,0.0,0.0,0.0,0.0,0.0
3600.0,0.0,0.0,0.0,0.0,0.0,0.0
3601.0,7.727394404355437e-06,0.0,0.0,0.0,0.0,0.0006439495336962864
3602.0,0.0001235532108694315,0.0,0.0,0.0,0.0,0.010296100905785957
3603.0,0.0002102225844282657,0.0,0.0,0.0,0.0,0.017518548702355474
3604.0,0.0002687227097339928,0.0,0.0,0.0,0.0,0.022393559144499402
3605.0,7.788669608999044e-05,0.0,0.0,0.0,0.0,0.006490558007499203
3606.0,0.0,0.0,0.0,0.0,0.0,0.0
3607.0,0.00012093204713892192,0.0,0.0,0.0,0.0,0.01007767059491016
3608.0,0.00027359064552001655,0.0,0.0,0.0,0.001736111111111111,0.02279922046000138
3609.0,7.865263614803553e-05,0.0,0.0,0.0,0.0,0.006554386345669627
3610.0,1.0982228559441864e-05,0.0,7.185251433838857e-07,0.0,0.0,0.000915185713286822
3611.0,0.0002968957996927202,0.0,7.185251433838857e-07,0.0,0.0,0.024741316641060013
3612.0,0.00026855251053348184,0.0,0.0,0.0,0.0,0.022379375877790153
3613.0,3.7139150663279e-05,0.0,0.0,0.0,0.0,0.0030949292219399163
3614.0,0.0,0.0,0.0,0.0,0.0,0.0
3615.0,0.0,0.0,0.0,0.0,0.0,0.0
3616.0,0.0,0.0,0.0,0.0,0.0,0.0
3617.0,0.0,0.0,0.0,0.0,0.0,0.0
3618.0,0.0,0.0,0.0,0.0,0.0,0.0
3619.0,7.778457074891776e-06,0.0,0.0,0.0,0.0,0.0006482047562409813
3620.0,0.0,0.0,0.0,0.0,0.0,0.0
3621.0,0.0,0.0,0.0,0.0,0.0,0.0
3622.0,0.0,0.0,0.0,0.0,0.0,0.0
3623.0,0.0,0.0,0.0,0.0,0.0,0.0
3624.0,0.0017447232967242599,0.0,0.0,0.0,0.001736111111111111,0.14539360806035498
3625.0,0.0,0.0,0.0,0.0,0.0,0.0
3626.0,0.0,0.0,0.0,0.0,0.0,0.0
3627.0,2.4680018668732373e-06,0.0,0.0,0.0,0.0,0.00020566682223943644
3628.0,0.0,0.0,0.0,0.0,0.0,0.0
3629.0,0.043515644967556,0.012788054533302784,7.185251433838857e-07,0.0002847997238859534,0.2048611111111111,3.6263037472963333
3630.0,7.357717208833492e-07,0.0,7.185251433838857e-07,0.0,0.0,6.131431007361243e-05
3631.0,0.0,0.0,0.0,0.0,0.0,0.0
3632.0,0.0,0.0,0.0,0.0,0.0,0.0
3633.0,0.0,0.0,0.0,0.0,0.0,0.0
3634.0,0.0,0.0,0.0,0.0,0.0,0.0
3635.0,0.0,0.0,0.0,0.0,0.0,0.0
3636.0,0.0,0.0,0.0,0.0,0.0,0.0
3637.0,0.0,0.0,0.0,0.0,0.0,0.0
3638.0,0.0,0.0,0.0,0.0,0.0,0.0
3639.0,0.0,0.0,0.0,0.0,0.0,0.0
3640.0,0.0,0.0,0.0,0.0,0.0,0.0
3641.0,0.0,0.0,0.0,0.0,0.0,0.0
3642.0,0.0,0.0,0.0,0.0,0.0,0.0
3643.0,0.0,0.0,0.0,0.0,0.0,0.0
3644.0,0.0,0.0,0.0,0.0,0.0,0.0
3645.0,0.0,0.0,0.0,0.0,0.0,0.0
3646.0,0.0,0.0,0.0,0.0,0.0,0.0
3647.0,0.0,0.0,0.0,0.0,0.0,0.0
3648.0,0.0,0.0,0.0,0.0,0.0,0.0
3649.0,0.0,0.0,0.0,0.0,0.0,0.0
3650.0,0.0,0.0,0.0,0.0,0.0,0.0
3651.0,0.0,0.0,0.0,0.0,0.0,0.0
3652.0,0.0,0.0,0.0,0.0,0.0,0.0
3653.0,0.0,0.0,0.0,0.0,0.0,0.0
3654.0,7.357717208833492e-07,0.0,7.185251433838857e-07,0.0,0.0,6.131431007361243e-05
3655.0,7.357717208833492e-07,0.0,7.185251433838857e-07,0.0,0.0,6.131431007361243e-05
3656.0,9.269469592254609e-05,8.91465533641167e-05,0.0,0.0,0.0,0.007724557993545507
3657.0,2.3999184577405686e-06,0.0,0.0,0.0,0.0,0.00019999320481171404
3658.0,0.0,0.0,0.0,0.0,0.0,0.0
3659.0,0.0,0.0,0.0,0.0,0.0,0.0
3660.0,0.0,0.0,0.0,0.0,0.0,0.0
3661.0,0.0,0.0,0.0,0.0,0.0,0.0
3662.0,0.0,0.0,0.0,0.0,0.0,0.0
3663.0,1.9063165836996632e-06,1.4307489664133755e-06,0.0,0.0,0.0,0.00015885971530830526
3664.0,0.0,0.0,0.0,0.0,0.0,0.0
3665.0,7.17932780389674e-05,0.0,0.0,0.0,0.0,0.00598277316991395
3666.0,0.0,0.0,0.0,0.0,0.0,0.0
3667.0,0.0,0.0,0.0,0.0,0.0,0.0
3668.0,0.0,0.0,0.0,0.0,0.0,0.0
3669.0,0.0,0.0,0.0,0.0,0.0,0.0
3670.0,0.0,0.0,0.0,0.0,0.0,0.0
3671.0,6.21255185251357e-06,0.0,0.0,0.0,0.0,0.0005177126543761309
3672.0,0.0,0.0,0.0,0.0,0.0,0.0
3673.0,0.0,0.0,0.0,0.0,0.0,0.0
3674.0,0.0,0.0,0.0,0.0,0.0,0.0
3675.0,0.0,0.0,0.0,0.0,0.0,0.0
3676.0,0.0,0.0,0.0,0.0,0.0,0.0
3677.0,0.0,0.0,0.0,0.0,0.0,0.0
3678.0,0.0,0.0,0.0,0.0,0.0,0.0
3679.0,7.357717208833492e-07,0.0,7.185251433838857e-07,0.0,0.0,6.131431007361243e-05
3680.0,7.357717208833492e-07,0.0,7.185251433838857e-07,0.0,0.0,6.131431007361243e-05
3681.0,0.0,0.0,0.0,0.0,0.0,0.0
3682.0,0.0,0.0,0.0,0.0,0.0,0.0
3683.0,0.0,0.0,0.0,0.0,0.0,0.0
3684.0,0.0,0.0,0.0,0.0,0.0,0.0
3685.0,0.0,0.0,0.0,0.0,0.0,0.0
3686.0,0.0,0.0,0.0,0.0,0.0,0.0
3687.0,0.0,0.0,0.0,0.0,0.0,0.0
3688.0,0.0,0.0,0.0,0.0,0.0,0.0
3689.0,0.00026177827385254204,0.0016925738891586661,0.0,0.0,0.005208333333333333,0.04231434722896665
3690.0,0.00017211325757671148,0.0011120206909254193,0.0,0.0,0.003472222222222222,0.027800517273135483
3691.0,0.0001718409184832126,0.0011111402418464422,0.0,0.0,0.003472222222222222,0.027778506046161056
3692.0,0.0,0.0,0.0,0.0,0.0,0.0
3693.0,0.0,0.0,0.0,0.0,0.0,0.0
3694.0,6.432120426325127e-05,0.0,0.0,0.0,0.003472222222222222,0.023148148148148147
3695.0,0.0004026245151180774,0.0,0.0,0.0,0.008680555555555556,0.05787037037037038
3696.0,0.00019310976495034993,3.3742169762263075e-05,0.0,0.0,0.006944444444444444,0.046296296296296294
3697.0,0.00038664208841510117,0.0,0.0,0.0,0.006944444444444444,0.046296296296296294
3698.0,0.0002933856740128249,0.0,0.0,0.0,0.001736111111111111,0.02444880616773541
3699.0,5.1062219341702075e-08,0.0,0.0,0.0,0.0,4.255184945141839e-06
3700.0,0.0,0.0,0.0,0.0,0.0,0.0
3701.0,0.00015568829257972538,0.0006308495067059994,0.0,0.0,0.001736111111111111,0.015771237667649984
3702.0,0.0001025156379910186,0.0006621057982556522,0.0,0.0,0.005208333333333333,0.034722222222222224
3703.0,0.0006766236620023847,0.0034486509393900633,0.0,0.0,0.017361111111111112,0.11574074074074076
3704.0,0.0004096579214092344,3.3457490644650534e-05,7.185251433838857e-07,0.0,0.006944444444444444,0.046296296296296294
3705.0,0.0006475902046076953,0.001069208374246955,7.185251433838857e-07,0.0,0.006944444444444444,0.05396585038397461
3706.0,0.00022545611136592925,0.0014563906006515026,0.0,0.0,0.001736111111111111,0.036409765016287565
3707.0,5.9810718084918335e-05,0.0003867419727612287,0.0,0.0,0.0,0.009668549319030717
3708.0,9.07032735995017e-05,0.0,0.0,0.0,0.001736111111111111,0.011574074074074073
3709.0,0.00014348444528877735,0.0,0.0,0.0,0.0,0.011957037107398113
3710.0,9.752857295097783e-05,0.000629858928732574,0.0,0.0,0.001736111111111111,0.01574647321831435
3711.0,0.0001063963572960347,0.0006879692664369941,0.0,0.0,0.001736111111111111,0.017199231660924852
3712.0,0.0,0.0,0.0,0.0,0.0,0.0
3713.0,1.4467608707491308e-05,3.796987220994197e-05,0.0,0.0,0.0,0.0012056340589576091
3714.0,0.00011453224578872323,0.0,0.0,0.0,0.001736111111111111,0.011574074074074073
3715.0,8.586940384702757e-05,0.0,0.0,0.0,0.0,0.007155783653918964
3716.0,0.00012219157360959798,0.0,0.0,0.0,0.001736111111111111,0.011574074074074073
3717.0,5.106208789129596e-08,0.0,0.0,0.0,0.0,4.25517399094133e-06
3718.0,0.0,0.0,0.0,0.0,0.0,0.0
3719.0,0.0002655398566275835,0.0,0.0,0.0,0.005208333333333333,0.034722222222222224
3720.0,0.0001178683087346144,0.0,0.0,0.0,0.0,0.009822359061217867
3721.0,6.093412139307475e-06,0.0,0.0,0.0,0.0,0.0005077843449422895
3722.0,0.0,0.0,0.0,0.0,0.0,0.0
3723.0,0.0,0.0,0.0,0.0,0.0,0.0
3724.0,0.0,0.0,0.0,0.0,0.0,0.0
3725.0,0.0,0.0,0.0,0.0,0.0,0.0
3726.0,0.0,0.0,0.0,0.0,0.0,0.0
3727.0,0.0,0.0,0.0,0.0,0.0,0.0
3728.0,0.0,0.0,0.0,0.0,0.0,0.0
3729.0,7.527924594796787e-07,0.0,7.185251433838857e-07,0.0,0.0,6.273270495663989e-05
3730.0,7.527924594796787e-07,0.0,7.185251433838857e-07,0.0,0.0,6.273270495663989e-05
3731.0,0.0,0.0,0.0,0.0,0.0,0.0
3732.0,0.0,0.0,0.0,0.0,0.0,0.0
3733.0,0.0,0.0,0.0,0.0,0.0,0.0
3734.0,0.0,0.0,0.0,0.0,0.0,0.0
3735.0,0.0,0.0,0.0,0.0,0.0,0.0
3736.0,0.0,0.0,0.0,0.0,0.0,0.0
3737.0,0.0,0.0,0.0,0.0,0.0,0.0
3738.0,0.0,0.0,0.0,0.0,0.0,0.0
3739.0,0.0,0.0,0.0,0.0,0.0,0.0
3740.0,0.0,0.0,0.0,0.0,0.0,0.0
3741.0,0.0,0.0,0.0,0.0,0.0,0.0
3742.0,0.0,0.0,0.0,0.0,0.0,0.0
3743.0,0.0,0.0,0.0,0.0,0.0,0.0
3744.0,0.0,0.0,0.0,0.0,0.0,0.0
3745.0,0.0,0.0,0.0,0.0,0.0,0.0
3746.0,0.0,0.0,0.0,0.0,0.0,0.0
3747.0,0.0,0.0,0.0,0.0,0.0,0.0
3748.0,0.0,0.0,0.0,0.0,0.0,0.0
3749.0,0.0,0.0,0.0,0.0,0.0,0.0
3750.0,0.00022314130910672247,0.0,0.0,0.0,0.001736111111111111,0.018595109092226874
3751.0,0.00011332376743666828,0.0,0.0,0.0,0.0,0.009443647286389023
3752.0,0.00018966160132549703,0.0,0.0,0.0,0.003472222222222222,0.023148148148148147
3753.0,0.0,0.0,0.0,0.0,0.0,0.0
3754.0,7.458947948180139e-06,0.0,7.185251433838857e-07,0.0,0.0,0.0006215789956816783
3755.0,7.357717208833492e-07,0.0,7.185251433838857e-07,0.0,0.0,6.131431007361243e-05
3756.0,0.0,0.0,0.0,0.0,0.0,0.0
3757.0,0.0,0.0,0.0,0.0,0.0,0.0
3758.0,0.0,0.0,0.0,0.0,0.0,0.0
3759.0,0.0,0.0,0.0,0.0,0.0,0.0
3760.0,0.0,0.0,0.0,0.0,0.0,0.0
3761.0,0.0,0.0,0.0,0.0,0.0,0.0
3762.0,0.0,0.0,0.0,0.0,0.0,0.0
3763.0,0.0,0.0,0.0,0.0,0.0,0.0
3764.0,0.0,0.0,0.0,0.0,0.0,0.0
3765.0,0.0,0.0,0.0,0.0,0.0,0.0
3766.0,0.0,0.0,0.0,0.0,0.0,0.0
3767.0,0.0,0.0,0.0,0.0,0.0,0.0
3768.0,0.0,0.0,0.0,0.0,0.0,0.0
3769.0,0.0,0.0,0.0,0.0,0.0,0.0
3770.0,0.0,0.0,0.0,0.0,0.0,0.0
3771.0,0.0,0.0,0.0,0.0,0.0,0.0
3772.0,0.0,0.0,0.0,0.0,0.0,0.0
3773.0,0.0001375782594550401,0.0007549942238256335,0.0,0.0,0.001736111111111111,0.018874855595640838
3774.0,0.0,0.0,0.0,0.0,0.0,0.0
3775.0,0.0,0.0,0.0,0.0,0.0,0.0
3776.0,0.0,0.0,0.0,0.0,0.0,0.0
3777.0,0.0,0.0,0.0,0.0,0.0,0.0
3778.0,0.0,0.0,0.0,0.0,0.0,0.0
3779.0,3.6633330182667123e-06,1.60683903231984e-05,7.185251433838857e-07,0.0,0.0,0.00040170975807996
3780.0,7.357717208833492e-07,0.0,7.185251433838857e-07,0.0,0.0,6.131431007361243e-05
3781.0,0.0,0.0,0.0,0.0,0.0,0.0
3782.0,0.00018237672338727862,8.27632102300413e-05,0.0,0.0,0.001736111111111111,0.015198060282273218
3783.0,0.0,0.0,0.0,0.0,0.0,0.0
3784.0,0.0002465617726556957,0.0,0.0,0.0,0.005208333333333333,0.034722222222222224
3785.0,0.0,0.0,0.0,0.0,0.0,0.0
3786.0,0.0,0.0,0.0,0.0,0.0,0.0
3787.0,0.0,0.0,0.0,0.0,0.0,0.0
3788.0,0.00015454790263902396,1.9810313460766338e-06,0.0,0.0,0.003472222222222222,0.023148148148148147
3789.0,0.0,0.0,0.0,0.0,0.0,0.0
3790.0,0.0,0.0,0.0,0.0,0.0,0.0
3791.0,0.0,0.0,0.0,0.0,0.0,0.0
3792.0,0.0002290304546477273,0.0,0.0,0.0,0.003472222222222222,0.023148148148148147
3793.0,0.0,0.0,0.0,0.0,0.0,0.0
3794.0,5.106182854319741e-08,0.0,0.0,0.0,0.0,4.255152378599784e-06
3795.0,0.00020715886785183102,0.0,0.0,0.0,0.001736111111111111,0.017263238987652585
3796.0,5.276415777188959e-06,0.0,0.0,0.0,0.0,0.00043970131476574653
3797.0,0.0,0.0,0.0,0.0,0.0,0.0
3798.0,0.0,0.0,0.0,0.0,0.0,0.0
3799.0,0.0,0.0,0.0,0.0,0.0,0.0
3800.0,0.0,0.0,0.0,0.0,0.0,0.0
3801.0,0.0,0.0,0.0,0.0,0.0,0.0
3802.0,0.0001379357127007097,0.0004863440408371389,0.0,0.0,0.0,0.012158601020928472
3803.0,0.00016254762886092067,0.0,0.0,0.0,0.001736111111111111,0.013545635738410056
3804.0,6.454722552007297e-06,1.0235346053377725e-05,7.185251433838857e-07,0.0,0.0,0.0005378935460006081
3805.0,7.357717208833492e-07,0.0,7.185251433838857e-07,0.0,0.0,6.131431007361243e-05
3806.0,0.0,0.0,0.0,0.0,0.0,0.0
3807.0,0.00013347627827897668,0.0008629607036709785,0.0,0.0,0.001736111111111111,0.021574017591774464
3808.0,0.0001412036654073745,0.0009118261514231563,0.0,0.0,0.001736111111111111,0.022795653785578907
3809.0,0.00017948320601135492,0.0005949707119725645,0.0,0.0,0.003472222222222222,0.023148148148148147
3810.0,0.00018355116480961442,2.201149698066729e-07,0.0,0.0,0.003472222222222222,0.023148148148148147
3811.0,9.88051324384287e-05,0.0,0.0,0.0,0.0,0.008233761036535725
3812.0,0.0,0.0,0.0,0.0,0.0,0.0
3813.0,9.191174285660964e-06,3.5108339943690225e-05,0.0,0.0,0.0,0.0008777084985922556
3814.0,0.0,0.0,0.0,0.0,0.0,0.0
3815.0,3.404139192753064e-08,0.0,0.0,0.0,0.0,2.8367826606275535e-06
3816.0,0.00024458736879751086,0.0,0.0,0.0,0.001736111111111111,0.020382280733125906
3817.0,0.0003166870155837387,0.0,0.0,0.0,0.006944444444444444,0.046296296296296294
3818.0,0.0003453158715274185,0.0,0.0,0.0,0.0,0.028776322627284873
3819.0,0.00013262525317259133,0.0,0.0,0.0,0.001736111111111111,0.011574074074074073
3820.0,0.00044458050979301333,0.0,0.0,0.0,0.012152777777777778,0.08101851851851852
3821.0,0.0002707141393329948,0.0,0.0,0.0,0.0,0.0225595116110829
3822.0,2.823733120749239e-05,0.0,0.0,0.0,0.0,0.002353110933957699
3823.0,0.00011027706932509318,0.0,0.0,0.0,0.003472222222222222,0.023148148148148147
3824.0,0.00027832240448333323,0.0,0.0,0.0,0.013888888888888888,0.09259259259259259
3825.0,0.00039023347198963165,0.0,0.0,0.0,0.006944444444444444,0.046296296296296294
3826.0,0.0002959047560580075,0.0,0.0,0.0,0.0,0.024658729671500623
3827.0,0.0,0.0,0.0,0.0,0.0,0.0
3828.0,0.0,0.0,0.0,0.0,0.0,0.0
3829.0,0.00022900030307937413,0.0013911264250054955,7.185251433838857e-07,0.0,0.006944444444444444,0.046296296296296294
3830.0,0.00022821732272859663,0.0014687168877571821,7.185251433838857e-07,0.0,0.006944444444444444,0.046296296296296294
3831.0,7.895900489529595e-05,0.000510556623339653,0.0,0.0,0.0,0.012763915583491325
3832.0,1.702069596376532e-08,0.0,0.0,0.0,0.0,1.4183913303137767e-06
3833.0,0.00036185994395054877,0.0,0.0,0.0,0.013888888888888888,0.09259259259259259
3834.0,0.00045179727021604776,0.0,0.0,0.0,0.006944444444444444,0.046296296296296294
3835.0,0.00033072911901399493,0.0,0.0,0.0,0.0,0.02756075991783291
3836.0,0.0,0.0,0.0,0.0,0.0,0.0
3837.0,0.0,0.0,0.0,0.0,0.0,0.0
3838.0,1.3922928701504134e-05,1.793935734895058e-05,0.0,0.0,0.0,0.0011602440584586777
3839.0,0.0,0.0,0.0,0.0,0.0,0.0
3840.0,0.0,0.0,0.0,0.0,0.0,0.0
3841.0,0.0,0.0,0.0,0.0,0.0,0.0
3842.0,0.0,0.0,0.0,0.0,0.0,0.0
3843.0,0.0,0.0,0.0,0.0,0.0,0.0
3844.0,0.0,0.0,0.0,0.0,0.0,0.0
3845.0,0.0,0.0,0.0,0.0,0.0,0.0
3846.0,0.0,0.0,0.0,0.0,0.0,0.0
3847.0,0.0,0.0,0.0,0.0,0.0,0.0
3848.0,0.0,0.0,0.0,0.0,0.0,0.0
3849.0,0.0,0.0,0.0,0.0,0.0,0.0
3850.0,0.0,0.0,0.0,0.0,0.0,0.0
3851.0,0.0,0.0,0.0,0.0,0.0,0.0
3852.0,0.0,0.0,0.0,0.0,0.0,0.0
3853.0,0.00025898689636960626,6.922616012161598e-05,0.0,0.0,0.0,0.021582241364133854
3854.0,0.0005197137361392379,3.962069513363531e-06,7.185251433838857e-07,0.0,0.010416666666666666,0.06944444444444445
3855.0,0.0008030231692828238,0.0,7.185251433838857e-07,0.0,0.020833333333333332,0.1388888888888889
3856.0,0.0010033018188551068,0.0,0.0,0.0,0.024305555555555556,0.16203703703703703
3857.0,0.0001869723346317187,0.0,0.0,0.0,0.003472222222222222,0.023148148148148147
3858.0,0.0,0.0,0.0,0.0,0.0,0.0
3859.0,0.0,0.0,0.0,0.0,0.0,0.0
3860.0,0.0,0.0,0.0,0.0,0.0,0.0
3861.0,0.0,0.0,0.0,0.0,0.0,0.0
3862.0,0.015482090413570404,0.020096275955438614,0.0,0.0,0.1996527777777778,1.3310185185185186
3863.0,6.6310390138824005e-06,8.350053235517407e-07,0.0,0.0,0.0,0.0005525865844902
3864.0,0.0,0.0,0.0,0.0,0.0,0.0
3865.0,0.0,0.0,0.0,0.0,0.0,0.0
3866.0,0.0,0.0,0.0,0.0,0.0,0.0
3867.0,0.0,0.0,0.0,0.0,0.0,0.0
3868.0,0.0,0.0,0.0,0.0,0.0,0.0
3869.0,0.0,0.0,0.0,0.0,0.0,0.0
3870.0,0.0,0.0,0.0,0.0,0.0,0.0
3871.0,0.0,0.0,0.0,0.0,0.0,0.0
3872.0,0.0,0.0,0.0,0.0,0.0,0.0
3873.0,0.0,0.0,0.0,0.0,0.0,0.0
3874.0,0.0,0.0,0.0,0.0,0.0,0.0
3875.0,0.0,0.0,0.0,0.0,0.0,0.0
3876.0,0.0,0.0,0.0,0.0,0.0,0.0
3877.0,0.0,0.0,0.0,0.0,0.0,0.0
3878.0,0.0,0.0,0.0,0.0,0.0,0.0
3879.0,7.357717208833492e-07,0.0,7.185251433838857e-07,0.0,0.0,6.131431007361243e-05
3880.0,7.357717208833492e-07,0.0,7.185251433838857e-07,0.0,0.0,6.131431007361243e-05
3881.0,0.0,0.0,0.0,0.0,0.0,0.0
3882.0,0.0,0.0,0.0,0.0,0.0,0.0
3883.0,0.0,0.0,0.0,0.0,0.0,0.0
3884.0,0.0,0.0,0.0,0.0,0.0,0.0
3885.0,0.0,0.0,0.0,0.0,0.0,0.0
3886.0,0.0,0.0,0.0,0.0,0.0,0.0
3887.0,0.0,0.0,0.0,0.0,0.0,0.0
3888.0,0.0,0.0,0.0,0.0,0.0,0.0
3889.0,0.0,0.0,0.0,0.0,0.0,0.0
3890.0,0.0,0.0,0.0,0.0,0.0,0.0
3891.0,0.0,0.0,0.0,0.0,0.0,0.0
3892.0,0.0,0.0,0.0,0.0,0.0,0.0
3893.0,0.0,0.0,0.0,0.0,0.0,0.0
3894.0,0.0,0.0,0.0,0.0,0.0,0.0
3895.0,0.0,0.0,0.0,0.0,0.0,0.0
3896.0,0.0,0.0,0.0,0.0,0.0,0.0
3897.0,0.0,0.0,0.0,0.0,0.0,0.0
3898.0,0.0,0.0,0.0,0.0,0.0,0.0
3899.0,0.0,0.0,0.0,0.0,0.0,0.0
3900.0,0.0,0.0,0.0,0.0,0.0,0.0
3901.0,0.0,0.0,0.0,0.0,0.0,0.0
3902.0,0.0,0.0,0.0,0.0,0.0,0.0
3903.0,0.0,0.0,0.0,0.0,0.0,0.0
3904.0,7.357717208833492e-07,0.0,7.185251433838857e-07,0.0,0.0,6.131431007361243e-05
3905.0,7.357717208833492e-07,0.0,7.185251433838857e-07,0.0,0.0,6.131431007361243e-05
3906.0,0.0,0.0,0.0,0.0,0.0,0.0
3907.0,0.0,0.0,0.0,0.0,0.0,0.0
3908.0,0.0,0.0,0.0,0.0,0.0,0.0
3909.0,0.0,0.0,0.0,0.0,0.0,0.0
3910.0,0.0,0.0,0.0,0.0,0.0,0.0
3911.0,0.0,0.0,0.0,0.0,0.0,0.0
3912.0,0.0,0.0,0.0,0.0,0.0,0.0
3913.0,0.0,0.0,0.0,0.0,0.0,0.0
3914.0,0.0,0.0,0.0,0.0,0.0,0.0
3915.0,0.0,0.0,0.0,0.0,0.0,0.0
3916.0,0.0,0.0,0.0,0.0,0.0,0.0
3917.0,0.0,0.0,0.0,0.0,0.0,0.0
3918.0,0.0,0.0,0.0,0.0,0.0,0.0
3919.0,0.0,0.0,0.0,0.0,0.0,0.0
3920.0,0.0,0.0,0.0,0.0,0.0,0.0
3921.0,0.0,0.0,0.0,0.0,0.0,0.0
3922.0,0.0,0.0,0.0,0.0,0.0,0.0
3923.0,0.0,0.0,0.0,0.0,0.0,0.0
3924.0,0.0,0.0,0.0,0.0,0.0,0.0
3925.0,0.0,0.0,0.0,0.0,0.0,0.0
3926.0,0.0,0.0,0.0,0.0,0.0,0.0
3927.0,0.0,0.0,0.0,0.0,0.0,0.0
3928.0,0.0,0.0,0.0,0.0,0.0,0.0
3929.0,7.357717208833492e-07,0.0,7.185251433838857e-07,0.0,0.0,6.131431007361243e-05
3930.0,7.357717208833492e-07,0.0,7.185251433838857e-07,0.0,0.0,6.131431007361243e-05
3931.0,0.0,0.0,0.0,0.0,0.0,0.0
3932.0,0.0,0.0,0.0,0.0,0.0,0.0
3933.0,0.0,0.0,0.0,0.0,0.0,0.0
3934.0,0.0,0.0,0.0,0.0,0.0,0.0
3935.0,0.0,0.0,0.0,0.0,0.0,0.0
3936.0,0.0,0.0,0.0,0.0,0.0,0.0
3937.0,0.0,0.0,0.0,0.0,0.0,0.0
3938.0,0.0,0.0,0.0,0.0,0.0,0.0
3939.0,0.0,0.0,0.0,0.0,0.0,0.0
3940.0,0.0,0.0,0.0,0.0,0.0,0.0
3941.0,0.0,0.0,0.0,0.0,0.0,0.0
3942.0,0.0,0.0,0.0,0.0,0.0,0.0
3943.0,0.0,0.0,0.0,0.0,0.0,0.0
3944.0,0.0,0.0,0.0,0.0,0.0,0.0
3945.0,0.0,0.0,0.0,0.0,0.0,0.0
3946.0,0.0,0.0,0.0,0.0,0.0,0.0
3947.0,0.0,0.0,0.0,0.0,0.0,0.0
3948.0,0.0,0.0,0.0,0.0,0.0,0.0
3949.0,0.0,0.0,0.0,0.0,0.0,0.0
3950.0,0.0,0.0,0.0,0.0,0.0,0.0
3951.0,0.0,0.0,0.0,0.0,0.0,0.0
3952.0,0.0,0.0,0.0,0.0,0.0,0.0
3953.0,0.0,0.0,0.0,0.0,0.0,0.0
3954.0,7.357717208833492e-07,0.0,7.185251433838857e-07,0.0,0.0,6.131431007361243e-05
3955.0,7.357717208833492e-07,0.0,7.185251433838857e-07,0.0,0.0,6.131431007361243e-05
3956.0,0.0,0.0,0.0,0.0,0.0,0.0
3957.0,0.0,0.0,0.0,0.0,0.0,0.0
3958.0,0.0,0.0,0.0,0.0,0.0,0.0
3959.0,2.176946509280242e-05,0.0,0.0,0.0,0.001736111111111111,0.011574074074074073
3960.0,0.0,0.0,0.0,0.0,0.0,0.0
3961.0,0.0,0.0,0.0,0.0,0.0,0.0
3962.0,0.0,0.0,0.0,0.0,0.0,0.0
3963.0,1.7020579434756655e-07,0.0,0.0,0.0,0.0,1.4183816195630545e-05
3964.0,0.0,0.0,0.0,0.0,0.0,0.0
3965.0,0.0,0.0,0.0,0.0,0.0,0.0
3966.0,0.0001555861672386527,0.0,0.0,0.0,0.0,0.012965513936554393
3967.0,0.0,0.0,0.0,0.0,0.0,0.0
3968.0,0.0,0.0,0.0,0.0,0.0,0.0
3969.0,0.0,0.0,0.0,0.0,0.0,0.0
3970.0,0.0,0.0,0.0,0.0,0.0,0.0
3971.0,2.0748213501065038e-05,0.0,0.0,0.0,0.0,0.00172901779175542
3972.0,0.0,0.0,0.0,0.0,0.0,0.0
3973.0,0.0,0.0,0.0,0.0,0.0,0.0
3974.0,0.0,0.0,0.0,0.0,0.0,0.0
3975.0,1.380378489557188e-05,0.0,0.0,0.0,0.0,0.0011503154079643234
3976.0,0.00015056505799293518,0.0,0.0,0.0,0.0,0.012547088166077932
3977.0,3.86369792977348e-05,0.0,0.0,0.0,0.003472222222222222,0.023148148148148147
3978.0,0.0,0.0,0.0,0.0,0.0,0.0
3979.0,3.442061142777675e-06,0.0,7.185251433838857e-07,0.0,0.0,0.00028683842856480624
3980.0,1.076186322279682e-06,0.0,7.185251433838857e-07,0.0,0.0,8.968219352330682e-05
3981.0,0.0,0.0,0.0,0.0,0.0,0.0
3982.0,0.0,0.0,0.0,0.0,0.0,0.0
3983.0,0.00013815697457175702,0.0,0.0,0.0,0.0,0.011513081214313084
3984.0,0.0,0.0,0.0,0.0,0.0,0.0
3985.0,0.0,0.0,0.0,0.0,0.0,0.0
3986.0,0.0,0.0,0.0,0.0,0.0,0.0
3987.0,0.0,0.0,0.0,0.0,0.0,0.0
3988.0,3.89773504139157e-06,0.0,0.0,0.0,0.0,0.0003248112534492975
3989.0,0.0,0.0,0.0,0.0,0.0,0.0
3990.0,0.0,0.0,0.0,0.0,0.0,0.0
3991.0,0.00014413123426493257,0.0,0.0,0.0,0.001736111111111111,0.012010936188744381
3992.0,0.0,0.0,0.0,0.0,0.0,0.0
3993.0,0.0,0.0,0.0,0.0,0.0,0.0
3994.0,0.0,0.0,0.0,0.0,0.0,0.0
3995.0,0.0,0.0,0.0,0.0,0.0,0.0
3996.0,2.774372205749387e-06,0.0,0.0,0.0,0.0,0.0002311976838124489
3997.0,2.1020554413553327e-05,0.0,0.0,0.0,0.001736111111111111,0.011574074074074073
3998.0,0.00011431099846959114,0.0,0.0,0.0,0.0,0.009525916539132595
3999.0,0.0,0.0,0.0,0.0,0.0,0.0
4000.0,0.0,0.0,0.0,0.0,0.0,0.0
4001.0,0.0,0.0,0.0,0.0,0.0,0.0
4002.0,0.0,0.0,0.0,0.0,0.0,0.0
4003.0,0.0,0.0,0.0,0.0,0.0,0.0
4004.0,6.301543180597946e-06,0.0,7.185251433838857e-07,0.0,0.0,0.0005251285983831622
4005.0,9.740618907017051e-07,0.0,7.185251433838857e-07,0.0,0.0,8.117182422514209e-05
4006.0,0.0,0.0,0.0,0.0,0.0,0.0
4007.0,0.0,0.0,0.0,0.0,0.0,0.0
4008.0,0.00012418298865668476,0.0,0.0,0.0,0.001736111111111111,0.011574074074074073
4009.0,0.0,0.0,0.0,0.0,0.0,0.0
4010.0,0.0,0.0,0.0,0.0,0.0,0.0
4011.0,0.0,0.0,0.0,0.0,0.0,0.0
4012.0,0.0,0.0,0.0,0.0,0.0,0.0
4013.0,1.1063453939641477e-06,0.0,0.0,0.0,0.0,9.21954494970123e-05
4014.0,0.0,0.0,0.0,0.0,0.0,0.0
4015.0,0.0,0.0,0.0,0.0,0.0,0.0
4016.0,0.0,0.0,0.0,0.0,0.0,0.0
4017.0,0.0,0.0,0.0,0.0,0.0,0.0
4018.0,0.0,0.0,0.0,0.0,0.0,0.0
4019.0,0.0,0.0,0.0,0.0,0.0,0.0
4020.0,0.0,0.0,0.0,0.0,0.0,0.0
4021.0,0.0,0.0,0.0,0.0,0.0,0.0
4022.0,0.0,0.0,0.0,0.0,0.0,0.0
4023.0,0.0,0.0,0.0,0.0,0.0,0.0
4024.0,0.0,0.0,0.0,0.0,0.0,0.0
4025.0,0.0,0.0,0.0,0.0,0.0,0.0
4026.0,1.6731341020204127e-05,0.0,0.0,0.0,0.0,0.0013942784183503438
4027.0,6.282338290475309e-05,0.0,0.0,0.0,0.001736111111111111,0.011574074074074073
4028.0,0.00016727938782423735,0.0,0.0,0.0,0.001736111111111111,0.013939948985353112
4029.0,3.476106257949141e-06,0.0,7.185251433838857e-07,0.0,0.0,0.00028967552149576176
4030.0,9.740618907017051e-07,0.0,7.185251433838857e-07,0.0,0.0,8.117182422514209e-05
4031.0,0.0,0.0,0.0,0.0,0.0,0.0
4032.0,0.0,0.0,0.0,0.0,0.0,0.0
4033.0,0.0,0.0,0.0,0.0,0.0,0.0
4034.0,0.0,0.0,0.0,0.0,0.0,0.0
4035.0,0.0,0.0,0.0,0.0,0.0,0.0
4036.0,0.0,0.0,0.0,0.0,0.0,0.0
4037.0,0.0,0.0,0.0,0.0,0.0,0.0
4038.0,0.0,0.0,0.0,0.0,0.0,0.0
4039.0,0.0,0.0,0.0,0.0,0.0,0.0
4040.0,0.0011684875935316086,0.0,0.0,0.0,0.013888888888888888,0.09737396612763405
4041.0,0.0,0.0,0.0,0.0,0.0,0.0
4042.0,0.0,0.0,0.0,0.0,0.0,0.0
4043.0,0.0,0.0,0.0,0.0,0.0,0.0
4044.0,0.0,0.0,0.0,0.0,0.0,0.0
4045.0,0.04653305187821388,0.013157089240849018,7.185251433838857e-07,0.00038602424319833517,0.2170138888888889,3.87775432318449
4046.0,6.847084819128213e-07,0.0,7.185251433838857e-07,0.0,0.0,5.7059040159401775e-05
4047.0,0.0,0.0,0.0,0.0,0.0,0.0
4048.0,0.0,0.0,0.0,0.0,0.0,0.0
4049.0,0.0,0.0,0.0,0.0,0.0,0.0
4050.0,0.0,0.0,0.0,0.0,0.0,0.0
4051.0,0.0,0.0,0.0,0.0,0.0,0.0
4052.0,0.0,0.0,0.0,0.0,0.0,0.0
4053.0,0.0,0.0,0.0,0.0,0.0,0.0
4054.0,0.0,0.0,0.0,0.0,0.0,0.0
4055.0,0.0,0.0,0.0,0.0,0.0,0.0
4056.0,0.0,0.0,0.0,0.0,0.0,0.0
4057.0,0.0,0.0,0.0,0.0,0.0,0.0
4058.0,0.0,0.0,0.0,0.0,0.0,0.0
4059.0,0.0,0.0,0.0,0.0,0.0,0.0
4060.0,0.0,0.0,0.0,0.0,0.0,0.0
4061.0,0.0,0.0,0.0,0.0,0.0,0.0
4062.0,0.00030793840414844453,0.0,0.0,0.0,0.005208333333333333,0.034722222222222224
4063.0,0.00035624310839921236,0.0,0.0,0.0,0.005208333333333333,0.034722222222222224
4064.0,0.0,0.0,0.0,0.0,0.0,0.0
4065.0,0.0,0.0,0.0,0.0,0.0,0.0
4066.0,0.0,0.0,0.0,0.0,0.0,0.0
4067.0,0.0,0.0,0.0,0.0,0.0,0.0
4068.0,0.0,0.0,0.0,0.0,0.0,0.0
4069.0,0.0,0.0,0.0,0.0,0.0,0.0
4070.0,6.3526090343657415e-06,0.0,7.185251433838857e-07,0.0,0.0,0.0005293840861971452
4071.0,0.0006628067349083722,0.0,7.185251433838857e-07,0.0,0.010416666666666666,0.06944444444444445
4072.0,0.0,0.0,0.0,0.0,0.0,0.0
4073.0,0.0,0.0,0.0,0.0,0.0,0.0
4074.0,3.4364780731266364e-05,0.0,0.0,0.0,0.0,0.0028637317276055305
4075.0,0.00016278591647278517,0.0,0.0,0.0,0.0,0.013565493039398765
4076.0,0.0,0.0,0.0,0.0,0.0,0.0
4077.0,0.0,0.0,0.0,0.0,0.0,0.0
4078.0,0.0,0.0,0.0,0.0,0.0,0.0
4079.0,4.918977992929285e-06,0.0,0.0,0.0,0.0,0.0004099148327441071
4080.0,0.0,0.0,0.0,0.0,0.0,0.0
4081.0,0.0,0.0,0.0,0.0,0.0,0.0
4082.0,0.0,0.0,0.0,0.0,0.0,0.0
4083.0,0.0,0.0,0.0,0.0,0.0,0.0
4084.0,0.0,0.0,0.0,0.0,0.0,0.0
4085.0,0.0,0.0,0.0,0.0,0.0,0.0
4086.0,0.0,0.0,0.0,0.0,0.0,0.0
4087.0,0.0,0.0,0.0,0.0,0.0,0.0
4088.0,0.0,0.0,0.0,0.0,0.0,0.0
4089.0,0.0,0.0,0.0,0.0,0.0,0.0
4090.0,0.0,0.0,0.0,0.0,0.0,0.0
4091.0,0.0,0.0,0.0,0.0,0.0,0.0
4092.0,0.0,0.0,0.0,0.0,0.0,0.0
4093.0,0.0,0.0,0.0,0.0,0.0,0.0
4094.0,0.0,0.0,0.0,0.0,0.0,0.0
4095.0,6.847084819128213e-07,0.0,7.185251433838857e-07,0.0,0.0,5.7059040159401775e-05
4096.0,6.847084819128213e-07,0.0,7.185251433838857e-07,0.0,0.0,5.7059040159401775e-05
4097.0,0.0,0.0,0.0,0.0,0.0,0.0
4098.0,0.0,0.0,0.0,0.0,0.0,0.0
4099.0,0.0,0.0,0.0,0.0,0.0,0.0
4100.0,0.0,0.0,0.0,0.0,0.0,0.0
4101.0,0.0,0.0,0.0,0.0,0.0,0.0
4102.0,0.00013211462646722794,0.0,0.0,0.0,0.001736111111111111,0.011574074074074073
4103.0,9.766474249772727e-05,0.0,0.0,0.0,0.001736111111111111,0.011574074074074073
4104.0,7.98270593804773e-06,0.0,0.0,0.0,0.0,0.0006652254948373107
4105.0,0.0,0.0,0.0,0.0,0.0,0.0
4106.0,0.0,0.0,0.0,0.0,0.0,0.0
4107.0,0.0,0.0,0.0,0.0,0.0,0.0
4108.0,0.0,0.0,0.0,0.0,0.0,0.0
4109.0,0.0,0.0,0.0,0.0,0.0,0.0
4110.0,0.0,0.0,0.0,0.0,0.0,0.0
4111.0,0.0,0.0,0.0,0.0,0.0,0.0
4112.0,0.0,0.0,0.0,0.0,0.0,0.0
4113.0,0.0,0.0,0.0,0.0,0.0,0.0
4114.0,0.0,0.0,0.0,0.0,0.0,0.0
4115.0,0.0,0.0,0.0,0.0,0.0,0.0
4116.0,0.0,0.0,0.0,0.0,0.0,0.0
4117.0,0.0,0.0,0.0,0.0,0.0,0.0
4118.0,0.0,0.0,0.0,0.0,0.0,0.0
4119.0,0.0,0.0,0.0,0.0,0.0,0.0
4120.0,6.847084819128213e-07,0.0,7.185251433838857e-07,0.0,0.0,5.7059040159401775e-05
4121.0,6.847084819128213e-07,0.0,7.185251433838857e-07,0.0,0.0,5.7059040159401775e-05
4122.0,0.0,0.0,0.0,0.0,0.0,0.0
4123.0,0.0,0.0,0.0,0.0,0.0,0.0
4124.0,0.0,0.0,0.0,0.0,0.0,0.0
4125.0,0.0,0.0,0.0,0.0,0.0,0.0
4126.0,0.0,0.0,0.0,0.0,0.0,0.0
4127.0,0.0,0.0,0.0,0.0,0.0,0.0
4128.0,0.0,0.0,0.0,0.0,0.0,0.0
4129.0,0.0,0.0,0.0,0.0,0.0,0.0
4130.0,0.0,0.0,0.0,0.0,0.0,0.0
4131.0,0.0,0.0,0.0,0.0,0.0,0.0
4132.0,0.0,0.0,0.0,0.0,0.0,0.0
4133.0,0.0,0.0,0.0,0.0,0.0,0.0
4134.0,0.0,0.0,0.0,0.0,0.0,0.0
4135.0,0.0,0.0,0.0,0.0,0.0,0.0
4136.0,6.399780249921605e-05,0.0,0.0,0.0,0.001736111111111111,0.011574074074074073
4137.0,0.00023696213611401618,0.0,0.0,0.0,0.0,0.019746844676168013
4138.0,2.4033221052377485e-05,0.0,0.0,0.0,0.0,0.002002768421031457
4139.0,0.0,0.0,0.0,0.0,0.0,0.0
4140.0,0.0,0.0,0.0,0.0,0.0,0.0
4141.0,0.0,0.0,0.0,0.0,0.0,0.0
4142.0,0.0,0.0,0.0,0.0,0.0,0.0
4143.0,0.0,0.0,0.0,0.0,0.0,0.0
4144.0,0.0,0.0,0.0,0.0,0.0,0.0
4145.0,1.2684299690590706e-05,0.0,7.185251433838857e-07,0.0,0.0,0.0010570249742158921
4146.0,5.996055278956192e-07,0.0,7.185251433838857e-07,0.0,0.0,4.996712732463493e-05
4147.0,0.0,0.0,0.0,0.0,0.0,0.0
4148.0,0.0,0.0,0.0,0.0,0.0,0.0
4149.0,0.0,0.0,0.0,0.0,0.0,0.0
4150.0,0.0007422895287163556,0.0,0.0,0.0,0.005208333333333333,0.06185746072636296
4151.0,0.0,0.0,0.0,0.0,0.0,0.0
4152.0,0.043572235852479935,0.002575518796220422,1.3635200275530224e-06,0.0003768355818465352,0.1597222222222222,3.6310196543733277
4153.0,2.7682642667059554e-06,4.524904397840146e-06,1.3635200275530224e-06,0.0,0.0,0.00023068868889216293
4154.0,1.974398401216604e-06,3.6318929232947994e-06,0.0,0.0,0.0,0.00016453320010138364
4155.0,1.974398401216604e-06,3.6318929232947994e-06,0.0,0.0,0.0,0.00016453320010138364
4156.0,1.974398401216604e-06,3.6318929232947994e-06,0.0,0.0,0.0,0.00016453320010138364
4157.0,1.974398401216604e-06,3.6318929232947994e-06,0.0,0.0,0.0,0.00016453320010138364
4158.0,1.974398401216604e-06,3.6318929232947994e-06,0.0,0.0,0.0,0.00016453320010138364
4159.0,1.974398401216604e-06,3.6318929232947994e-06,0.0,0.0,0.0,0.00016453320010138364
4160.0,1.974398401216604e-06,3.6318929232947994e-06,0.0,0.0,0.0,0.00016453320010138364
4161.0,0.0,0.0,0.0,0.0,0.0,0.0
4162.0,1.974398401216604e-06,3.6318929232947994e-06,0.0,0.0,0.0,0.00016453320010138364
4163.0,1.974398401216604e-06,3.6318929232947994e-06,0.0,0.0,0.0,0.00016453320010138364
4164.0,1.974398401216604e-06,3.6318929232947994e-06,0.0,0.0,0.0,0.00016453320010138364
4165.0,1.974398401216604e-06,3.6318929232947994e-06,0.0,0.0,0.0,0.00016453320010138364
4166.0,1.974398401216604e-06,3.6318929232947994e-06,0.0,0.0,0.0,0.00016453320010138364
4167.0,1.974398401216604e-06,3.6318929232947994e-06,0.0,0.0,0.0,0.00016453320010138364
4168.0,1.974398401216604e-06,3.6318929232947994e-06,0.0,0.0,0.0,0.00016453320010138364
4169.0,1.702069596376532e-08,0.0,0.0,0.0,0.0,1.4183913303137767e-06
4170.0,1.991418912439258e-06,3.6318929232947994e-06,0.0,0.0,0.0,0.00016595157603660482
4171.0,1.974398401216604e-06,3.6318929232947994e-06,0.0,0.0,0.0,0.00016453320010138364
4172.0,1.974398401216604e-06,3.6318929232947994e-06,0.0,0.0,0.0,0.00016453320010138364
4173.0,1.974398401216604e-06,3.6318929232947994e-06,0.0,0.0,0.0,0.00016453320010138364
4174.0,1.974398401216604e-06,3.6318929232947994e-06,0.0,0.0,0.0,0.00016453320010138364
4175.0,1.974398401216604e-06,3.6318929232947994e-06,0.0,0.0,0.0,0.00016453320010138364
4176.0,1.974398401216604e-06,3.6318929232947994e-06,0.0,0.0,0.0,0.00016453320010138364
4177.0,1.951271315192571e-06,3.534383040459943e-06,1.3635200275530224e-06,0.0,0.0,0.00016260594293271424
4178.0,2.7682642667059554e-06,4.524904397840146e-06,1.3635200275530224e-06,0.0,0.0,0.00023068868889216293
4179.0,1.974398401216604e-06,3.6318929232947994e-06,0.0,0.0,0.0,0.00016453320010138364
4180.0,1.974398401216604e-06,3.6318929232947994e-06,0.0,0.0,0.0,0.00016453320010138364
4181.0,1.974398401216604e-06,3.6318929232947994e-06,0.0,0.0,0.0,0.00016453320010138364
4182.0,1.974398401216604e-06,3.6318929232947994e-06,0.0,0.0,0.0,0.00016453320010138364
4183.0,1.974398401216604e-06,3.6318929232947994e-06,0.0,0.0,0.0,0.00016453320010138364
4184.0,1.974398401216604e-06,3.6318929232947994e-06,0.0,0.0,0.0,0.00016453320010138364
4185.0,1.974398401216604e-06,3.6318929232947994e-06,0.0,0.0,0.0,0.00016453320010138364
4186.0,0.0,0.0,0.0,0.0,0.0,0.0
4187.0,0.00013836121070198715,3.6318929232947994e-06,0.0,0.0,0.001736111111111111,0.011574074074074073
4188.0,0.00036456622183322906,3.6318929232947994e-06,0.0,0.0,0.006944444444444444,0.046296296296296294
4189.0,0.00010530703730182722,3.6318929232947994e-06,0.0,0.0,0.0,0.008775586441818936
4190.0,1.5318616988224676e-06,3.6318929232947994e-06,0.0,0.0,0.0,0.00012765514156853897
4191.0,1.5318616988224676e-06,3.6318929232947994e-06,0.0,0.0,0.0,0.00012765514156853897
4192.0,1.5318616988224676e-06,3.6318929232947994e-06,0.0,0.0,0.0,0.00012765514156853897
4193.0,1.5318616988224676e-06,3.6318929232947994e-06,0.0,0.0,0.0,0.00012765514156853897
4194.0,7.965692930156365e-06,0.0,0.0,0.0,0.0,0.0006638077441796971
4195.0,1.991418912439258e-06,3.6318929232947994e-06,0.0,0.0,0.0,0.00016595157603660482
4196.0,1.974398401216604e-06,3.6318929232947994e-06,0.0,0.0,0.0,0.00016453320010138364
4197.0,1.974398401216604e-06,3.6318929232947994e-06,0.0,0.0,0.0,0.00016453320010138364
4198.0,1.974398401216604e-06,3.6318929232947994e-06,0.0,0.0,0.0,0.00016453320010138364
4199.0,1.974398401216604e-06,3.6318929232947994e-06,0.0,0.0,0.0,0.00016453320010138364
4200.0,1.974398401216604e-06,3.6318929232947994e-06,0.0,0.0,0.0,0.00016453320010138364
4201.0,0.00012402980064507574,3.6318929232947994e-06,0.0,0.0,0.003472222222222222,0.023148148148148147
4202.0,0.00014822713274043053,3.534383040459943e-06,1.3635200275530224e-06,0.0,0.0,0.012352261061702544
4203.0,2.7682642667059554e-06,4.524904397840146e-06,1.3635200275530224e-06,0.0,0.0,0.00023068868889216293
4204.0,1.974398401216604e-06,3.6318929232947994e-06,0.0,0.0,0.0,0.00016453320010138364
4205.0,1.974398401216604e-06,3.6318929232947994e-06,0.0,0.0,0.0,0.00016453320010138364
4206.0,1.974398401216604e-06,3.6318929232947994e-06,0.0,0.0,0.0,0.00016453320010138364
4207.0,1.974398401216604e-06,3.6318929232947994e-06,0.0,0.0,0.0,0.00016453320010138364
4208.0,1.974398401216604e-06,3.6318929232947994e-06,0.0,0.0,0.0,0.00016453320010138364
4209.0,1.974398401216604e-06,3.6318929232947994e-06,0.0,0.0,0.0,0.00016453320010138364
4210.0,1.974398401216604e-06,3.6318929232947994e-06,0.0,0.0,0.0,0.00016453320010138364
4211.0,0.0,0.0,0.0,0.0,0.0,0.0
4212.0,1.974398401216604e-06,3.6318929232947994e-06,0.0,0.0,0.0,0.00016453320010138364
4213.0,1.974398401216604e-06,3.6318929232947994e-06,0.0,0.0,0.0,0.00016453320010138364
4214.0,1.974398401216604e-06,3.6318929232947994e-06,0.0,0.0,0.0,0.00016453320010138364
4215.0,1.974398401216604e-06,3.6318929232947994e-06,0.0,0.0,0.0,0.00016453320010138364
4216.0,1.974398401216604e-06,3.6318929232947994e-06,0.0,0.0,0.0,0.00016453320010138364
4217.0,1.974398401216604e-06,3.6318929232947994e-06,0.0,0.0,0.0,0.00016453320010138364
4218.0,1.974398401216604e-06,3.6318929232947994e-06,0.0,0.0,0.0,0.00016453320010138364
4219.0,0.00022354978136718273,0.0,0.0,0.0,0.008680555555555556,0.05787037037037038
4220.0,4.956424527335912e-05,3.6318929232947994e-06,0.0,0.0,0.003472222222222222,0.023148148148148147
4221.0,1.5318616988224676e-06,3.6318929232947994e-06,0.0,0.0,0.0,0.00012765514156853897
4222.0,0.0002199243608629331,3.6318929232947994e-06,0.0,0.0,0.005208333333333333,0.034722222222222224
4223.0,6.48658606223762e-05,3.6318929232947994e-06,0.0,0.0,0.001736111111111111,0.011574074074074073
4224.0,1.5318616988224676e-06,3.6318929232947994e-06,0.0,0.0,0.0,0.00012765514156853897
4225.0,1.5318616988224676e-06,3.6318929232947994e-06,0.0,0.0,0.0,0.00012765514156853897
4226.0,1.5318616988224676e-06,3.6318929232947994e-06,0.0,0.0,0.0,0.00012765514156853897
4227.0,9.065911399375182e-06,3.534383040459943e-06,1.3635200275530224e-06,0.0,0.0,0.0007554926166145984
4228.0,2.7682642667059554e-06,4.524904397840146e-06,1.3635200275530224e-06,0.0,0.0,0.00023068868889216293
4229.0,0.0001783598418114707,3.6318929232947994e-06,0.0,0.0,0.003472222222222222,0.023148148148148147
4230.0,0.0001887765247374773,3.6318929232947994e-06,0.0,0.0,0.005208333333333333,0.034722222222222224
4231.0,1.5318616988224676e-06,3.6318929232947994e-06,0.0,0.0,0.0,0.00012765514156853897
4232.0,1.5318616988224676e-06,3.6318929232947994e-06,0.0,0.0,0.0,0.00012765514156853897
4233.0,1.5318616988224676e-06,3.6318929232947994e-06,0.0,0.0,0.0,0.00012765514156853897
4234.0,1.5318616988224676e-06,3.6318929232947994e-06,0.0,0.0,0.0,0.00012765514156853897
4235.0,1.5318616988224676e-06,3.6318929232947994e-06,0.0,0.0,0.0,0.00012765514156853897
4236.0,3.2849948183866218e-06,0.0,0.0,0.0,0.0,0.00027374956819888513
4237.0,1.974398401216604e-06,3.6318929232947994e-06,0.0,0.0,0.0,0.00016453320010138364
4238.0,1.974398401216604e-06,3.6318929232947994e-06,0.0,0.0,0.0,0.00016453320010138364
4239.0,1.974398401216604e-06,3.6318929232947994e-06,0.0,0.0,0.0,0.00016453320010138364
4240.0,0.00010911967547144741,3.6318929232947994e-06,0.0,0.0,0.0,0.009093306289287284
4241.0,1.5318616988224676e-06,3.6318929232947994e-06,0.0,0.0,0.0,0.00012765514156853897
4242.0,1.5318616988224676e-06,3.6318929232947994e-06,0.0,0.0,0.0,0.00012765514156853897
4243.0,1.5318616988224676e-06,3.6318929232947994e-06,0.0,0.0,0.0,0.00012765514156853897
4244.0,2.8765027764166007e-06,0.0,0.0,0.0,0.0,0.00023970856470138338
4245.0,1.991418912439258e-06,3.6318929232947994e-06,0.0,0.0,0.0,0.00016595157603660482
4246.0,1.974398401216604e-06,3.6318929232947994e-06,0.0,0.0,0.0,0.00016453320010138364
4247.0,1.974398401216604e-06,3.6318929232947994e-06,0.0,0.0,0.0,0.00016453320010138364
4248.0,1.974398401216604e-06,3.6318929232947994e-06,0.0,0.0,0.0,0.00016453320010138364
4249.0,1.974398401216604e-06,3.6318929232947994e-06,0.0,0.0,0.0,0.00016453320010138364
4250.0,1.974398401216604e-06,3.6318929232947994e-06,0.0,0.0,0.0,0.00016453320010138364
4251.0,1.974398401216604e-06,3.6318929232947994e-06,0.0,0.0,0.0,0.00016453320010138364
4252.0,9.831851457420271e-06,3.534383040459943e-06,1.3635200275530224e-06,0.0,0.001736111111111111,0.011574074074074073
4253.0,0.00033407608862034976,4.524904397840146e-06,1.3635200275530224e-06,0.0,0.003472222222222222,0.027839674051695813
4254.0,0.0004987063584849238,3.6318929232947994e-06,0.0,0.0,0.013888888888888888,0.09259259259259259
4255.0,0.0003009599167853594,3.6318929232947994e-06,0.0,0.0,0.008680555555555556,0.05787037037037038
4256.0,0.0002484170254319906,3.6318929232947994e-06,0.0,0.0,0.005208333333333333,0.034722222222222224
4257.0,0.0002333196607651189,3.6318929232947994e-06,0.0,0.0,0.010416666666666666,0.06944444444444445
4258.0,5.436408901005052e-05,3.6318929232947994e-06,0.0,0.0,0.003472222222222222,0.023148148148148147
4259.0,0.0005013105110265315,3.6318929232947994e-06,0.0,0.0,0.013888888888888888,0.09259259259259259
4260.0,0.0004191856714896858,3.6318929232947994e-06,0.0,0.0,0.017361111111111112,0.11574074074074076
4261.0,0.0003524645580910146,0.0,0.0,0.0,0.010416666666666666,0.06944444444444445
4262.0,0.00028918159659951925,3.6318929232947994e-06,0.0,0.0,0.003472222222222222,0.02409846638329327
4263.0,1.5318616988224676e-06,3.6318929232947994e-06,0.0,0.0,0.0,0.00012765514156853897
4264.0,1.5318616988224676e-06,3.6318929232947994e-06,0.0,0.0,0.0,0.00012765514156853897
4265.0,1.5318616988224676e-06,3.6318929232947994e-06,0.0,0.0,0.0,0.00012765514156853897
4266.0,1.5318616988224676e-06,3.6318929232947994e-06,0.0,0.0,0.0,0.00012765514156853897
4267.0,1.5318616988224676e-06,3.6318929232947994e-06,0.0,0.0,0.0,0.00012765514156853897
4268.0,0.0050888643600046635,3.6318929232947994e-06,0.0,0.0,0.11805555555555555,0.7870370370370371
4269.0,3.3530793643876677e-06,0.0,0.0,0.0,0.0,0.00027942328036563896
4270.0,1.991418912439258e-06,3.6318929232947994e-06,0.0,0.0,0.0,0.00016595157603660482
4271.0,1.974398401216604e-06,3.6318929232947994e-06,0.0,0.0,0.0,0.00016453320010138364
4272.0,1.974398401216604e-06,3.6318929232947994e-06,0.0,0.0,0.0,0.00016453320010138364
4273.0,1.974398401216604e-06,3.6318929232947994e-06,0.0,0.0,0.0,0.00016453320010138364
4274.0,1.974398401216604e-06,3.6318929232947994e-06,0.0,0.0,0.0,0.00016453320010138364
4275.0,1.974398401216604e-06,3.6318929232947994e-06,0.0,0.0,0.0,0.00016453320010138364
4276.0,1.974398401216604e-06,3.6318929232947994e-06,0.0,0.0,0.0,0.00016453320010138364
4277.0,1.951271315192571e-06,3.534383040459943e-06,1.3635200275530224e-06,0.0,0.0,0.00016260594293271424
4278.0,2.7682642667059554e-06,4.524904397840146e-06,1.3635200275530224e-06,0.0,0.0,0.00023068868889216293
4279.0,1.974398401216604e-06,3.6318929232947994e-06,0.0,0.0,0.0,0.00016453320010138364
4280.0,1.974398401216604e-06,3.6318929232947994e-06,0.0,0.0,0.0,0.00016453320010138364
4281.0,1.974398401216604e-06,3.6318929232947994e-06,0.0,0.0,0.0,0.00016453320010138364
4282.0,1.974398401216604e-06,3.6318929232947994e-06,0.0,0.0,0.0,0.00016453320010138364
4283.0,1.974398401216604e-06,3.6318929232947994e-06,0.0,0.0,0.0,0.00016453320010138364
4284.0,1.974398401216604e-06,3.6318929232947994e-06,0.0,0.0,0.0,0.00016453320010138364
4285.0,1.974398401216604e-06,3.6318929232947994e-06,0.0,0.0,0.0,0.00016453320010138364
4286.0,0.0,0.0,0.0,0.0,0.0,0.0
4287.0,1.974398401216604e-06,3.6318929232947994e-06,0.0,0.0,0.0,0.00016453320010138364
4288.0,0.00015194370644167066,3.6318929232947994e-06,0.0,0.0,0.003472222222222222,0.023148148148148147
4289.0,1.974398401216604e-06,3.6318929232947994e-06,0.0,0.0,0.0,0.00016453320010138364
4290.0,1.974398401216604e-06,3.6318929232947994e-06,0.0,0.0,0.0,0.00016453320010138364
4291.0,1.974398401216604e-06,3.6318929232947994e-06,0.0,0.0,0.0,0.00016453320010138364
4292.0,1.974398401216604e-06,3.6318929232947994e-06,0.0,0.0,0.0,0.00016453320010138364
4293.0,1.974398401216604e-06,3.6318929232947994e-06,0.0,0.0,0.0,0.00016453320010138364
4294.0,9.021005098475143e-07,0.0,0.0,0.0,0.0,7.517504248729286e-05
4295.0,1.991418912439258e-06,3.6318929232947994e-06,0.0,0.0,0.0,0.00016595157603660482
4296.0,1.974398401216604e-06,3.6318929232947994e-06,0.0,0.0,0.0,0.00016453320010138364
4297.0,1.974398401216604e-06,3.6318929232947994e-06,0.0,0.0,0.0,0.00016453320010138364
4298.0,1.974398401216604e-06,3.6318929232947994e-06,0.0,0.0,0.0,0.00016453320010138364
4299.0,1.974398401216604e-06,3.6318929232947994e-06,0.0,0.0,0.0,0.00016453320010138364
4300.0,1.974398401216604e-06,3.6318929232947994e-06,0.0,0.0,0.0,0.00016453320010138364
4301.0,1.974398401216604e-06,3.6318929232947994e-06,0.0,0.0,0.0,0.00016453320010138364
4302.0,1.951271315192571e-06,3.534383040459943e-06,1.3635200275530224e-06,0.0,0.0,0.00016260594293271424
4303.0,2.7682642667059554e-06,4.524904397840146e-06,1.3635200275530224e-06,0.0,0.0,0.00023068868889216293
4304.0,1.974398401216604e-06,3.6318929232947994e-06,0.0,0.0,0.0,0.00016453320010138364
4305.0,1.974398401216604e-06,3.6318929232947994e-06,0.0,0.0,0.0,0.00016453320010138364
4306.0,1.974398401216604e-06,3.6318929232947994e-06,0.0,0.0,0.0,0.00016453320010138364
4307.0,1.974398401216604e-06,3.6318929232947994e-06,0.0,0.0,0.0,0.00016453320010138364
4308.0,1.974398401216604e-06,3.6318929232947994e-06,0.0,0.0,0.0,0.00016453320010138364
4309.0,1.974398401216604e-06,3.6318929232947994e-06,0.0,0.0,0.0,0.00016453320010138364
4310.0,1.974398401216604e-06,3.6318929232947994e-06,0.0,0.0,0.0,0.00016453320010138364
4311.0,0.0,0.0,0.0,0.0,0.0,0.0
4312.0,0.0001518415956525132,3.6318929232947994e-06,0.0,0.0,0.003472222222222222,0.023148148148148147
4313.0,1.5318616988224676e-06,3.6318929232947994e-06,0.0,0.0,0.0,0.00012765514156853897
4314.0,1.5318616988224676e-06,3.6318929232947994e-06,0.0,0.0,0.0,0.00012765514156853897
4315.0,1.5318616988224676e-06,3.6318929232947994e-06,0.0,0.0,0.0,0.00012765514156853897
4316.0,1.5318616988224676e-06,3.6318929232947994e-06,0.0,0.0,0.0,0.00012765514156853897
4317.0,1.5318616988224676e-06,3.6318929232947994e-06,0.0,0.0,0.0,0.00012765514156853897
4318.0,1.5318616988224676e-06,3.6318929232947994e-06,0.0,0.0,0.0,0.00012765514156853897
4319.0,1.702069596376532e-08,0.0,0.0,0.0,0.0,1.4183913303137767e-06
4320.0,1.991418912439258e-06,3.6318929232947994e-06,0.0,0.0,0.0,0.00016595157603660482
4321.0,1.974398401216604e-06,3.6318929232947994e-06,0.0,0.0,0.0,0.00016453320010138364
4322.0,1.974398401216604e-06,3.6318929232947994e-06,0.0,0.0,0.0,0.00016453320010138364
4323.0,1.974398401216604e-06,3.6318929232947994e-06,0.0,0.0,0.0,0.00016453320010138364
4324.0,1.974398401216604e-06,3.6318929232947994e-06,0.0,0.0,0.0,0.00016453320010138364
4325.0,1.974398401216604e-06,3.6318929232947994e-06,0.0,0.0,0.0,0.00016453320010138364
4326.0,1.974398401216604e-06,3.6318929232947994e-06,0.0,0.0,0.0,0.00016453320010138364
4327.0,1.951271315192571e-06,3.534383040459943e-06,1.3635200275530224e-06,0.0,0.0,0.00016260594293271424
4328.0,2.7682642667059554e-06,4.524904397840146e-06,1.3635200275530224e-06,0.0,0.0,0.00023068868889216293
4329.0,1.974398401216604e-06,3.6318929232947994e-06,0.0,0.0,0.0,0.00016453320010138364
4330.0,1.974398401216604e-06,3.6318929232947994e-06,0.0,0.0,0.0,0.00016453320010138364
4331.0,1.974398401216604e-06,3.6318929232947994e-06,0.0,0.0,0.0,0.00016453320010138364
4332.0,0.042582735419273376,0.002135308925062418,0.0,0.00024172553094103932,0.18055555555555555,3.548561284939448
4333.0,0.0,0.0,0.0,0.0,0.0,0.0
4334.0,0.0,0.0,0.0,0.0,0.0,0.0
4335.0,0.0,0.0,0.0,0.0,0.0,0.0
4336.0,0.0,0.0,0.0,0.0,0.0,0.0
4337.0,0.0,0.0,0.0,0.0,0.0,0.0
4338.0,0.0,0.0,0.0,0.0,0.0,0.0
4339.0,0.0,0.0,0.0,0.0,0.0,0.0
4340.0,0.0,0.0,0.0,0.0,0.0,0.0
4341.0,0.0,0.0,0.0,0.0,0.0,0.0
4342.0,0.0,0.0,0.0,0.0,0.0,0.0
4343.0,0.0,0.0,0.0,0.0,0.0,0.0
4344.0,0.0,0.0,0.0,0.0,0.0,0.0
4345.0,0.0,0.0,0.0,0.0,0.0,0.0
4346.0,0.0,0.0,0.0,0.0,0.0,0.0
4347.0,0.0,0.0,0.0,0.0,0.0,0.0
4348.0,1.0138236575585324e-05,2.9566870125563582e-06,4.636776793631725e-05,0.0,0.0,0.0008448530479654437
4349.0,1.0138236575585324e-05,2.9566870125563582e-06,4.636776793631725e-05,0.0,0.0,0.0008448530479654437
4350.0,0.0,0.0,0.0,0.0,0.0,0.0
4351.0,0.0,0.0,0.0,0.0,0.0,0.0
4352.0,0.0,0.0,0.0,0.0,0.0,0.0
4353.0,0.0,0.0,0.0,0.0,0.0,0.0
4354.0,0.0,0.0,0.0,0.0,0.0,0.0
4355.0,0.0,0.0,0.0,0.0,0.0,0.0
4356.0,0.0,0.0,0.0,0.0,0.0,0.0
4357.0,0.0,0.0,0.0,0.0,0.0,0.0
4358.0,0.0,0.0,0.0,0.0,0.0,0.0
4359.0,0.0,0.0,0.0,0.0,0.0,0.0
4360.0,0.0,0.0,0.0,0.0,0.0,0.0
4361.0,0.0,0.0,0.0,0.0,0.0,0.0
4362.0,0.0003006875922437757,0.0,0.0,0.0,0.003472222222222222,0.025057299353647977
4363.0,0.0,0.0,0.0,0.0,0.0,0.0
4364.0,0.0,0.0,0.0,0.0,0.0,0.0
4365.0,2.0084376046725083e-06,0.0,0.0,0.0,0.0,0.00016736980038937568
4366.0,0.0,0.0,0.0,0.0,0.0,0.0
4367.0,0.0,0.0,0.0,0.0,0.0,0.0
4368.0,0.0,0.0,0.0,0.0,0.0,0.0
4369.0,0.0,0.0,0.0,0.0,0.0,0.0
4370.0,0.0,0.0,0.0,0.0,0.0,0.0
4371.0,0.0,0.0,0.0,0.0,0.0,0.0
4372.0,0.0,0.0,0.0,0.0,0.0,0.0
4373.0,1.0138236575585324e-05,2.9566870125563582e-06,4.636776793631725e-05,0.0,0.0,0.0008448530479654437
4374.0,1.0138236575585324e-05,2.9566870125563582e-06,4.636776793631725e-05,0.0,0.0,0.0008448530479654437
4375.0,0.03642568364739418,0.0011271174298599362,0.0,0.0006282535032369196,0.07118055555555555,3.0354736372828484
4376.0,0.0,0.0,0.0,0.0,0.0,0.0
4377.0,0.0,0.0,0.0,0.0,0.0,0.0
4378.0,0.0,0.0,0.0,0.0,0.0,0.0
4379.0,0.0,0.0,0.0,0.0,0.0,0.0
4380.0,0.0,0.0,0.0,0.0,0.0,0.0
4381.0,0.0,0.0,0.0,0.0,0.0,0.0
4382.0,0.00016379055159632117,1.1336104762449395e-05,0.0,6.81007222738117e-05,0.006944444444444444,0.046296296296296294
4383.0,0.03641536459326744,0.0011271146358922124,0.0,0.0006355003570206463,0.06944444444444445,3.03461371610562
4384.0,0.0,0.0,0.0,0.0,0.0,0.0
4385.0,0.0,0.0,0.0,0.0,0.0,0.0
4386.0,0.0,0.0,0.0,0.0,0.0,0.0
4387.0,0.0,0.0,0.0,0.0,0.0,0.0
4388.0,0.0,0.0,0.0,0.0,0.0,0.0
4389.0,0.0,0.0,0.0,0.0,0.0,0.0
4390.0,0.00014848318824078888,1.571716165926773e-05,0.0,6.433013186324388e-05,0.005208333333333333,0.034722222222222224
4391.0,0.0,0.0,0.0,0.0,0.0,0.0
4392.0,0.0,0.0,0.0,0.0,0.0,0.0
4393.0,0.03642583638429642,0.0011271174298599362,0.0,0.0006282535032369196,0.07118055555555555,3.0354863653580346
4394.0,0.0,0.0,0.0,0.0,0.0,0.0
4395.0,0.0,0.0,0.0,0.0,0.0,0.0
4396.0,0.0,0.0,0.0,0.0,0.0,0.0
4397.0,0.0,0.0,0.0,0.0,0.0,0.0
4398.0,0.00017108126485254616,1.3489481716533192e-05,4.636776793631725e-05,6.81007222738117e-05,0.006944444444444444,0.046296296296296294
4399.0,1.3571328054240439e-05,2.153376726710121e-06,4.636776793631725e-05,0.0,0.0,0.0011309440045200365
4400.0,0.0,0.0,0.0,0.0,0.0,0.0
4401.0,0.0,0.0,0.0,0.0,0.0,0.0
4402.0,0.0,0.0,0.0,0.0,0.0,0.0
4403.0,0.0,0.0,0.0,0.0,0.0,0.0
4404.0,0.0,0.0,0.0,0.0,0.0,0.0
4405.0,0.0,0.0,0.0,0.0,0.0,0.0
4406.0,0.0,0.0,0.0,0.0,0.0,0.0
4407.0,0.0,0.0,0.0,0.0,0.0,0.0
4408.0,0.0,0.0,0.0,0.0,0.0,0.0
4409.0,0.0,0.0,0.0,0.0,0.0,0.0
4410.0,0.00019779748981818557,0.0,0.0,0.0,0.0,0.016483124151515465
4411.0,0.0004655670782085508,0.0,0.0,0.0,0.003472222222222222,0.03879725651737923
4412.0,0.0,0.0,0.0,0.0,0.0,0.0
4413.0,0.0,0.0,0.0,0.0,0.0,0.0
4414.0,0.00033578716102056205,0.0,0.0,1.9970435459981672e-05,0.0,0.02798226341838017
4415.0,9.856973338173702e-05,0.0,0.0,1.9970435459981672e-05,0.0,0.008214144448478086
4416.0,1.0212443868340415e-07,0.0,0.0,0.0,0.0,8.510369890283679e-06
4417.0,0.0,0.0,0.0,0.0,0.0,0.0
4418.0,0.0,0.0,0.0,0.0,0.0,0.0
4419.0,0.0,0.0,0.0,0.0,0.0,0.0
4420.0,0.0,0.0,0.0,0.0,0.0,0.0
4421.0,0.0,0.0,0.0,0.0,0.0,0.0
4422.0,0.0,0.0,0.0,0.0,0.0,0.0
4423.0,1.3775576917396393e-05,2.153376726710121e-06,4.636776793631725e-05,0.0,0.0,0.001147964743116366
4424.0,1.3775576917396393e-05,2.153376726710121e-06,4.636776793631725e-05,0.0,0.0,0.001147964743116366
4425.0,0.0,0.0,0.0,0.0,0.0,0.0
4426.0,0.0,0.0,0.0,0.0,0.0,0.0
4427.0,0.0,0.0,0.0,0.0,0.0,0.0
4428.0,0.0,0.0,0.0,0.0,0.0,0.0
4429.0,0.0,0.0,0.0,0.0,0.0,0.0
4430.0,0.0,0.0,0.0,0.0,0.0,0.0
4431.0,0.0,0.0,0.0,0.0,0.0,0.0
4432.0,0.0,0.0,0.0,0.0,0.0,0.0
4433.0,0.0,0.0,0.0,0.0,0.0,0.0
4434.0,0.0,0.0,0.0,0.0,0.0,0.0
4435.0,0.0,0.0,0.0,0.0,0.0,0.0
4436.0,0.0,0.0,0.0,0.0,0.0,0.0
4437.0,0.0,0.0,0.0,0.0,0.0,0.0
4438.0,0.0,0.0,0.0,0.0,0.0,0.0
4439.0,0.0010907031828537583,0.0,0.0,0.0,0.003472222222222222,0.09089193190447986
4440.0,0.0266359094530344,0.0010166558204218745,0.0,0.0005271058180369437,0.08854166666666667,2.2196591210862002
4441.0,0.0,0.0,0.0,0.0,0.0,0.0
4442.0,0.0,0.0,0.0,0.0,0.0,0.0
4443.0,0.0,0.0,0.0,0.0,0.0,0.0
4444.0,0.0,0.0,0.0,0.0,0.0,0.0
4445.0,0.0,0.0,0.0,0.0,0.0,0.0
4446.0,0.0,0.0,0.0,0.0,0.0,0.0
4447.0,0.0,0.0,0.0,0.0,0.0,0.0
4448.0,0.0,0.0,0.0,0.0,0.0,0.0
4449.0,0.0,0.0,0.0,0.0,0.0,0.0
4450.0,0.0,0.0,0.0,0.0,0.0,0.0
4451.0,0.0,0.0,0.0,0.0,0.0,0.0
4452.0,0.0,0.0,0.0,0.0,0.0,0.0
4453.0,0.0,0.0,0.0,0.0,0.0,0.0
4454.0,0.0,0.0,0.0,0.0,0.0,0.0
4455.0,0.0001509735593572259,0.0,0.0,0.0,0.0,0.01258112994643549
4456.0,1.4627832570113242e-05,2.6014220111392206e-06,4.636776793631725e-05,0.0,0.0,0.0012189860475094367
4457.0,1.1972599168075249e-05,2.6014220111392206e-06,4.636776793631725e-05,0.0,0.0,0.000997716597339604
4458.0,0.0,0.0,0.0,0.0,0.0,0.0
4459.0,0.0,0.0,0.0,0.0,0.0,0.0
4460.0,0.0,0.0,0.0,0.0,0.0,0.0
4461.0,0.0,0.0,0.0,0.0,0.0,0.0
4462.0,0.0,0.0,0.0,0.0,0.0,0.0
4463.0,0.0,0.0,0.0,0.0,0.0,0.0
4464.0,0.0,0.0,0.0,0.0,0.0,0.0
4465.0,0.0,0.0,0.0,0.0,0.0,0.0
4466.0,0.0,0.0,0.0,0.0,0.0,0.0
4467.0,0.0,0.0,0.0,0.0,0.0,0.0
4468.0,3.8824204239062965e-05,0.0,0.0,0.0,0.0,0.0032353503532552472
4469.0,0.0002926878514699638,0.0,0.0,0.0,0.003472222222222222,0.02439065428916365
4470.0,0.00018891268700826913,0.0,0.0,0.0,0.006944444444444444,0.046296296296296294
4471.0,0.0,0.0,0.0,0.0,0.0,0.0
4472.0,0.0,0.0,0.0,0.0,0.0,0.0
4473.0,4.748769697471289e-06,0.0,0.0,0.0,0.0,0.0003957308081226074
4474.0,0.0,0.0,0.0,0.0,0.0,0.0
4475.0,0.0,0.0,0.0,0.0,0.0,0.0
4476.0,0.0,0.0,0.0,0.0,0.0,0.0
4477.0,5.220246748649515e-05,0.0,0.0,0.0,0.0,0.004350205623874596
4478.0,7.060183997964486e-05,0.0,0.0,0.0,0.0,0.005883486664970405
4479.0,0.0,0.0,0.0,0.0,0.0,0.0
4480.0,7.162307883845642e-05,0.0,0.0,0.0,0.0,0.005968589903204702
4481.0,7.980008376762271e-05,2.6014220111392206e-06,4.636776793631725e-05,0.0,0.0,0.006650006980635226
4482.0,0.00016486947424709797,2.6014220111392206e-06,4.636776793631725e-05,0.0,0.001736111111111111,0.013739122853924831
4483.0,0.0,0.0,0.0,0.0,0.0,0.0
4484.0,0.0,0.0,0.0,0.0,0.0,0.0
4485.0,0.0,0.0,0.0,0.0,0.0,0.0
4486.0,0.0,0.0,0.0,0.0,0.0,0.0
4487.0,0.0,0.0,0.0,0.0,0.0,0.0
4488.0,0.0,0.0,0.0,0.0,0.0,0.0
4489.0,0.0,0.0,0.0,0.0,0.0,0.0
4490.0,1.599943630026246e-06,0.0,0.0,0.0,0.0,0.0001333286358355205
4491.0,0.0,0.0,0.0,0.0,0.0,0.0
4492.0,0.0,0.0,0.0,0.0,0.0,0.0
4493.0,0.0,0.0,0.0,0.0,0.0,0.0
4494.0,1.872268882152639e-07,0.0,0.0,0.0,0.0,1.5602240684605324e-05
4495.0,0.0,0.0,0.0,0.0,0.0,0.0
4496.0,0.0,0.0,0.0,0.0,0.0,0.0
4497.0,0.0,0.0,0.0,0.0,0.0,0.0
4498.0,1.7020663278799475e-07,0.0,0.0,0.0,0.0,1.4183886065666229e-05
4499.0,0.0,0.0,0.0,0.0,0.0,0.0
4500.0,0.0,0.0,0.0,0.0,0.0,0.0
4501.0,5.855117251485353e-06,0.0,0.0,0.0,0.001736111111111111,0.011574074074074073
4502.0,0.00013810591190122068,0.0,0.0,0.0,0.0,0.01150882599176839
4503.0,1.702069596376532e-08,0.0,0.0,0.0,0.0,1.4183913303137767e-06
4504.0,0.0,0.0,0.0,0.0,0.0,0.0
4505.0,0.0,0.0,0.0,0.0,0.0,0.0
4506.0,1.4338476830744185e-05,2.6014220111392206e-06,4.636776793631725e-05,0.0,0.0,0.001194873069228682
4507.0,1.2210890417918563e-05,2.6014220111392206e-06,4.636776793631725e-05,0.0,0.0,0.0010175742014932136
4508.0,0.0,0.0,0.0,0.0,0.0,0.0
4509.0,0.0,0.0,0.0,0.0,0.0,0.0
4510.0,0.0,0.0,0.0,0.0,0.0,0.0
4511.0,0.0,0.0,0.0,0.0,0.0,0.0
4512.0,0.0,0.0,0.0,0.0,0.0,0.0
4513.0,0.0,0.0,0.0,0.0,0.0,0.0
4514.0,7.148694862735283e-07,0.0,0.0,0.0,0.0,5.957245718946069e-05
4515.0,1.3616609351174702e-07,0.0,0.0,0.0,0.0,1.1347174459312251e-05
4516.0,0.0,0.0,0.0,0.0,0.0,0.0
4517.0,0.0,0.0,0.0,0.0,0.0,0.0
4518.0,0.0,0.0,0.0,0.0,0.0,0.0
4519.0,0.0,0.0,0.0,0.0,0.0,0.0
4520.0,0.0,0.0,0.0,0.0,0.0,0.0
4521.0,0.0325697585940361,0.000697457988280803,0.0,0.0002787827397696674,0.13368055555555555,2.7141465495030084
4522.0,1.3616556771012256e-07,0.0,0.0,0.0,0.0,1.1347130642510214e-05
4523.0,0.0,0.0,0.0,0.0,0.0,0.0
4524.0,0.0,0.0,0.0,0.0,0.0,0.0
4525.0,0.0,0.0,0.0,0.0,0.0,0.0
4526.0,0.0,0.0,0.0,0.0,0.0,0.0
4527.0,0.0,0.0,0.0,0.0,0.0,0.0
4528.0,0.0,0.0,0.0,0.0,0.0,0.0
4529.0,0.0,0.0,0.0,0.0,0.0,0.0
4530.0,0.0,0.0,0.0,0.0,0.0,0.0
4531.0,0.0,0.0,0.0,0.0,0.0,0.0
4532.0,0.0,0.0,0.0,0.0,0.0,0.0
4533.0,0.0,0.0,0.0,0.0,0.0,0.0
4534.0,0.0,0.0,0.0,0.0,0.0,0.0
4535.0,0.0,0.0,0.0,0.0,0.0,0.0
4536.0,0.0,0.0,0.0,0.0,0.0,0.0
4537.0,0.0,0.0,0.0,0.0,0.0,0.0
4538.0,5.106208789129596e-08,0.0,0.0,0.0,0.0,4.25517399094133e-06
4539.0,5.106208789129596e-08,0.0,0.0,0.0,0.0,4.25517399094133e-06
4540.0,0.0,0.0,0.0,0.0,0.0,0.0
4541.0,0.0,0.0,0.0,0.0,0.0,0.0
4542.0,0.0,0.0,0.0,0.0,0.0,0.0
4543.0,0.0,0.0,0.0,0.0,0.0,0.0
4544.0,0.0,0.0,0.0,0.0,0.0,0.0
4545.0,0.0,0.0,0.0,0.0,0.0,0.0
4546.0,1.3616556771012256e-07,0.0,0.0,0.0,0.0,1.1347130642510214e-05
4547.0,1.3616556771012256e-07,0.0,0.0,0.0,0.0,1.1347130642510214e-05
4548.0,0.0,0.0,0.0,0.0,0.0,0.0
4549.0,0.0,0.0,0.0,0.0,0.0,0.0
4550.0,0.0,0.0,0.0,0.0,0.0,0.0
4551.0,0.0,0.0,0.0,0.0,0.0,0.0
4552.0,0.0,0.0,0.0,0.0,0.0,0.0
4553.0,0.0,0.0,0.0,0.0,0.0,0.0
4554.0,3.492646646918729e-05,0.0,0.0,0.0,0.0,0.0029105388724322743
4555.0,0.0003008918429259211,0.0,0.0,0.0,0.006944444444444444,0.046296296296296294
4556.0,7.397193257929757e-05,0.0,0.0,0.0,0.003472222222222222,0.023148148148148147
4557.0,0.0001472460280638188,0.0,0.0,0.0,0.003472222222222222,0.023148148148148147
4558.0,0.00011230253585381433,0.0,0.0,0.0,0.001736111111111111,0.011574074074074073
4559.0,6.997206946834922e-05,0.0,0.0,0.0,0.001736111111111111,0.011574074074074073
4560.0,0.0,0.0,0.0,0.0,0.0,0.0
4561.0,0.0,0.0,0.0,0.0,0.0,0.0
4562.0,0.0,0.0,0.0,0.0,0.0,0.0
4563.0,5.991283160255989e-06,0.0,0.0,0.0,0.0,0.0004992735966879991
4564.0,5.106208789129596e-08,0.0,0.0,0.0,0.0,4.25517399094133e-06
4565.0,6.421907164622098e-05,0.0,0.0,0.0,0.0,0.005351589303851749
4566.0,0.00041506660636514425,0.0,0.0,0.0,0.005208333333333333,0.034722222222222224
4567.0,3.3632892154855654e-05,0.0,0.0,0.0,0.001736111111111111,0.011574074074074073
4568.0,0.0,0.0,0.0,0.0,0.0,0.0
4569.0,0.0,0.0,0.0,0.0,0.0,0.0
4570.0,0.0,0.0,0.0,0.0,0.0,0.0
4571.0,5.63384219276486e-06,0.0,0.0,0.0,0.0,0.00046948684939707164
4572.0,1.3616556771012256e-07,0.0,0.0,0.0,0.0,1.1347130642510214e-05
4573.0,0.0,0.0,0.0,0.0,0.0,0.0
4574.0,0.0,0.0,0.0,0.0,0.0,0.0
4575.0,0.0,0.0,0.0,0.0,0.0,0.0
4576.0,0.0,0.0,0.0,0.0,0.0,0.0
4577.0,0.0,0.0,0.0,0.0,0.0,0.0
4578.0,0.0,0.0,0.0,0.0,0.0,0.0
4579.0,0.0,0.0,0.0,0.0,0.0,0.0
4580.0,0.0,0.0,0.0,0.0,0.0,0.0
4581.0,0.0,0.0,0.0,0.0,0.0,0.0
4582.0,0.0,0.0,0.0,0.0,0.0,0.0
4583.0,0.0,0.0,0.0,0.0,0.0,0.0
4584.0,0.0,0.0,0.0,0.0,0.0,0.0
4585.0,0.0,0.0,0.0,0.0,0.0,0.0
4586.0,0.0,0.0,0.0,0.0,0.0,0.0
4587.0,0.0,0.0,0.0,0.0,0.0,0.0
4588.0,5.106208789129596e-08,0.0,0.0,0.0,0.0,4.25517399094133e-06
4589.0,5.106208789129596e-08,0.0,0.0,0.0,0.0,4.25517399094133e-06
4590.0,0.0,0.0,0.0,0.0,0.0,0.0
4591.0,0.0,0.0,0.0,0.0,0.0,0.0
4592.0,0.0,0.0,0.0,0.0,0.0,0.0
4593.0,0.0012522804317995906,0.0,0.0,0.0,0.024305555555555556,0.16203703703703703
4594.0,0.0,0.0,0.0,0.0,0.0,0.0
4595.0,0.0,0.0,0.0,0.0,0.0,0.0
4596.0,1.7871715272121946e-06,0.0,0.0,0.0,0.0,0.0001489309606010162
4597.0,1.3616556771012256e-07,0.0,0.0,0.0,0.0,1.1347130642510214e-05
4598.0,0.0,0.0,0.0,0.0,0.0,0.0
4599.0,0.0,0.0,0.0,0.0,0.0,0.0
4600.0,0.0,0.0,0.0,0.0,0.0,0.0
4601.0,0.0,0.0,0.0,0.0,0.0,0.0
4602.0,0.0,0.0,0.0,0.0,0.0,0.0
4603.0,0.0,0.0,0.0,0.0,0.0,0.0
4604.0,0.048740286380052567,0.029264239594340324,0.0,0.0008970236522145569,0.22395833333333334,4.061690531671047
4605.0,0.0,0.0,0.0,0.0,0.0,0.0
4606.0,0.048740286380052567,0.029264239594340324,0.0,0.0008970236522145569,0.22395833333333334,4.061690531671047
4607.0,0.0,0.0,0.0,0.0,0.0,0.0
4608.0,0.0,0.0,0.0,0.0,0.0,0.0
4609.0,0.0,0.0,0.0,0.0,0.0,0.0
4610.0,0.0,0.0,0.0,0.0,0.0,0.0
4611.0,0.0,0.0,0.0,0.0,0.0,0.0
4612.0,0.0,0.0,0.0,0.0,0.0,0.0
4613.0,0.0,0.0,0.0,0.0,0.0,0.0
4614.0,5.106208789129596e-08,0.0,0.0,0.0,0.0,4.25517399094133e-06
4615.0,5.106208789129596e-08,0.0,0.0,0.0,0.0,4.25517399094133e-06
4616.0,0.0,0.0,0.0,0.0,0.0,0.0
4617.0,0.0,0.0,0.0,0.0,0.0,0.0
4618.0,0.0,0.0,0.0,0.0,0.0,0.0
4619.0,0.0,0.0,0.0,0.0,0.0,0.0
4620.0,0.0,0.0,0.0,0.0,0.0,0.0
4621.0,0.0,0.0,0.0,0.0,0.0,0.0
4622.0,1.4478519005933776e-05,2.5164545149891637e-06,4.636776793631725e-05,0.0,0.0,0.0012065432504944813
4623.0,1.4478519005933776e-05,2.5164545149891637e-06,4.636776793631725e-05,0.0,0.0,0.0012065432504944813
4624.0,0.0,0.0,0.0,0.0,0.0,0.0
4625.0,0.0,0.0,0.0,0.0,0.0,0.0
4626.0,0.048740286380052567,0.029264239594340324,0.0,0.0008970236522145569,0.22395833333333334,4.061690531671047
4627.0,0.0,0.0,0.0,0.0,0.0,0.0
4628.0,0.0,0.0,0.0,0.0,0.0,0.0
4629.0,0.0,0.0,0.0,0.0,0.0,0.0
4630.0,0.0,0.0,0.0,0.0,0.0,0.0
4631.0,0.0,0.0,0.0,0.0,0.0,0.0
4632.0,0.0,0.0,0.0,0.0,0.0,0.0
4633.0,0.0,0.0,0.0,0.0,0.0,0.0
4634.0,1.1357785297150258e-05,1.0109646609635092e-05,2.916508492489811e-05,0.0,0.0,0.0009464821080958548
4635.0,1.1357785297150258e-05,1.0109646609635092e-05,2.916508492489811e-05,0.0,0.0,0.0009464821080958548
4636.0,0.0,0.0,0.0,0.0,0.0,0.0
4637.0,0.0,0.0,0.0,0.0,0.0,0.0
4638.0,0.0,0.0,0.0,0.0,0.0,0.0
4639.0,0.0,0.0,0.0,0.0,0.0,0.0
4640.0,0.0,0.0,0.0,0.0,0.0,0.0
4641.0,0.0,0.0,0.0,0.0,0.0,0.0
4642.0,0.0,0.0,0.0,0.0,0.0,0.0
4643.0,0.0,0.0,0.0,0.0,0.0,0.0
4644.0,0.0,0.0,0.0,0.0,0.0,0.0
4645.0,0.0,0.0,0.0,0.0,0.0,0.0
4646.0,0.0,0.0,0.0,0.0,0.0,0.0
4647.0,0.0,0.0,0.0,0.0,0.0,0.0
4648.0,0.0,0.0,0.0,0.0,0.0,0.0
4649.0,0.0,0.0,0.0,0.0,0.0,0.0
4650.0,0.0,0.0,0.0,0.0,0.0,0.0
4651.0,0.0,0.0,0.0,0.0,0.0,0.0
4652.0,0.0,0.0,0.0,0.0,0.0,0.0
4653.0,0.0,0.0,0.0,0.0,0.0,0.0
4654.0,5.281521225697361e-05,0.0,0.0,0.0,0.001736111111111111,0.011574074074074073
4655.0,1.766747845977079e-05,0.0,0.0,0.0,0.001736111111111111,0.011574074074074073
4656.0,0.0003346098237670958,0.0,0.0,0.0,0.005208333333333333,0.034722222222222224
4657.0,0.00020892902102787048,0.0,0.0,0.0,0.001736111111111111,0.01741075175232254
4658.0,0.0002556848630774766,0.0,0.0,0.0,0.003472222222222222,0.023148148148148147
4659.0,0.00019261115812696517,1.0109646609635092e-05,2.916508492489811e-05,0.0,0.005208333333333333,0.034722222222222224
4660.0,0.0002787358534988016,1.0109646609635092e-05,2.916508492489811e-05,0.0,0.006944444444444444,0.046296296296296294
4661.0,0.000241830013692379,0.0,0.0,0.0,0.005208333333333333,0.034722222222222224
4662.0,0.00028416048735380173,0.0,0.0,0.0,0.003472222222222222,0.02368004061281681
4663.0,0.0,0.0,0.0,0.0,0.0,0.0
4664.0,0.0,0.0,0.0,0.0,0.0,0.0
4665.0,0.0,0.0,0.0,0.0,0.0,0.0
4666.0,0.0,0.0,0.0,0.0,0.0,0.0
4667.0,0.001836311654187739,0.0,0.0,0.0,0.034722222222222224,0.2314814814814815
4668.0,2.2126904752894916e-07,0.0,0.0,0.0,0.0,1.8439087294079098e-05
4669.0,0.0,0.0,0.0,0.0,0.0,0.0
4670.0,0.0,0.0,0.0,0.0,0.0,0.0
4671.0,0.0,0.0,0.0,0.0,0.0,0.0
4672.0,0.0,0.0,0.0,0.0,0.0,0.0
4673.0,0.0,0.0,0.0,0.0,0.0,0.0
4674.0,0.0,0.0,0.0,0.0,0.0,0.0
4675.0,0.0,0.0,0.0,0.0,0.0,0.0
4676.0,0.0,0.0,0.0,0.0,0.0,0.0
4677.0,0.0,0.0,0.0,0.0,0.0,0.0
4678.0,0.0,0.0,0.0,0.0,0.0,0.0
4679.0,0.0,0.0,0.0,0.0,0.0,0.0
4680.0,0.0,0.0,0.0,0.0,0.0,0.0
4681.0,0.0,0.0,0.0,0.0,0.0,0.0
4682.0,0.0,0.0,0.0,0.0,0.0,0.0
4683.0,0.0,0.0,0.0,0.0,0.0,0.0
4684.0,1.1357785297150258e-05,1.0109646609635092e-05,2.916508492489811e-05,0.0,0.0,0.0009464821080958548
4685.0,1.1357785297150258e-05,1.0109646609635092e-05,2.916508492489811e-05,0.0,0.0,0.0009464821080958548
4686.0,0.0,0.0,0.0,0.0,0.0,0.0
4687.0,0.0,0.0,0.0,0.0,0.0,0.0
4688.0,0.0,0.0,0.0,0.0,0.0,0.0
4689.0,0.0,0.0,0.0,0.0,0.0,0.0
4690.0,0.0,0.0,0.0,0.0,0.0,0.0
4691.0,0.0,0.0,0.0,0.0,0.0,0.0
4692.0,0.0,0.0,0.0,0.0,0.0,0.0
4693.0,0.0,0.0,0.0,0.0,0.0,0.0
4694.0,0.0,0.0,0.0,0.0,0.0,0.0
4695.0,0.0,0.0,0.0,0.0,0.0,0.0
4696.0,0.0,0.0,0.0,0.0,0.0,0.0
4697.0,0.0,0.0,0.0,0.0,0.0,0.0
4698.0,0.0,0.0,0.0,0.0,0.0,0.0
4699.0,0.0,0.0,0.0,0.0,0.0,0.0
4700.0,0.0,0.0,0.0,0.0,0.0,0.0
4701.0,0.0,0.0,0.0,0.0,0.0,0.0
4702.0,0.0,0.0,0.0,0.0,0.0,0.0
4703.0,0.0,0.0,0.0,0.0,0.0,0.0
4704.0,0.0,0.0,0.0,0.0,0.0,0.0
4705.0,9.720517846290022e-05,0.0,0.0,0.0,0.001736111111111111,0.011574074074074073
4706.0,0.0,0.0,0.0,0.0,0.0,0.0
4707.0,0.0,0.0,0.0,0.0,0.0,0.0
4708.0,0.0,0.0,0.0,0.0,0.0,0.0
4709.0,0.00013690242485608906,1.0109646609635092e-05,2.916508492489811e-05,0.0,0.001736111111111111,0.011574074074074073
4710.0,1.1459909728728235e-05,1.0109646609635092e-05,2.916508492489811e-05,0.0,0.0,0.0009549924773940195
4711.0,0.0,0.0,0.0,0.0,0.0,0.0
4712.0,0.0,0.0,0.0,0.0,0.0,0.0
4713.0,0.0,0.0,0.0,0.0,0.0,0.0
4714.0,0.0,0.0,0.0,0.0,0.0,0.0
4715.0,0.0,0.0,0.0,0.0,0.0,0.0
4716.0,0.0,0.0,0.0,0.0,0.0,0.0
4717.0,0.0,0.0,0.0,0.0,0.0,0.0
4718.0,0.0,0.0,0.0,0.0,0.0,0.0
4719.0,0.0,0.0,0.0,0.0,0.0,0.0
4720.0,0.0,0.0,0.0,0.0,0.0,0.0
4721.0,0.0,0.0,0.0,0.0,0.0,0.0
4722.0,0.0,0.0,0.0,0.0,0.0,0.0
4723.0,0.0,0.0,0.0,0.0,0.0,0.0
4724.0,0.0002726544626057148,0.0,0.0,0.0,0.003472222222222222,0.023148148148148147
4725.0,0.0,0.0,0.0,0.0,0.0,0.0
4726.0,2.6041675482701976e-06,0.0,0.0,0.0,0.0,0.0002170139623558498
4727.0,0.0,0.0,0.0,0.0,0.0,0.0
4728.0,0.0,0.0,0.0,0.0,0.0,0.0
4729.0,0.0,0.0,0.0,0.0,0.0,0.0
4730.0,0.0,0.0,0.0,0.0,0.0,0.0
4731.0,0.0,0.0,0.0,0.0,0.0,0.0
4732.0,0.0,0.0,0.0,0.0,0.0,0.0
4733.0,0.0,0.0,0.0,0.0,0.0,0.0
4734.0,0.0005071195191703737,1.0109646609635092e-05,2.916508492489811e-05,0.0,0.006944444444444444,0.046296296296296294
4735.0,1.1357785297150258e-05,1.0109646609635092e-05,2.916508492489811e-05,0.0,0.0,0.0009464821080958548
4736.0,0.0,0.0,0.0,0.0,0.0,0.0
4737.0,0.0,0.0,0.0,0.0,0.0,0.0
4738.0,0.0,0.0,0.0,0.0,0.0,0.0
4739.0,0.0,0.0,0.0,0.0,0.0,0.0
4740.0,0.0,0.0,0.0,0.0,0.0,0.0
4741.0,0.0,0.0,0.0,0.0,0.0,0.0
4742.0,0.04461144655942917,0.029494889080524445,0.0,0.0006925589987076819,0.3177083333333333,3.7176205466190972
4743.0,3.7445570910676906e-07,1.9810372577921953e-06,0.0,0.0,0.0,4.952593144480488e-05
4744.0,0.0,0.0,0.0,0.0,0.0,0.0
4745.0,0.0,0.0,0.0,0.0,0.0,0.0
4746.0,0.0,0.0,0.0,0.0,0.0,0.0
4747.0,0.0,0.0,0.0,0.0,0.0,0.0
4748.0,0.0,0.0,0.0,0.0,0.0,0.0
4749.0,0.0,0.0,0.0,0.0,0.0,0.0
4750.0,0.0,0.0,0.0,0.0,0.0,0.0
4751.0,0.0,0.0,0.0,0.0,0.0,0.0
4752.0,0.0,0.0,0.0,0.0,0.0,0.0
4753.0,0.0,0.0,0.0,0.0,0.0,0.0
4754.0,0.0,0.0,0.0,0.0,0.0,0.0
4755.0,0.0,0.0,0.0,0.0,0.0,0.0
4756.0,0.0,0.0,0.0,0.0,0.0,0.0
4757.0,0.0,0.0,0.0,0.0,0.0,0.0
4758.0,0.0,0.0,0.0,0.0,0.0,0.0
4759.0,0.0,0.0,0.0,0.0,0.0,0.0
4760.0,0.0,0.0,0.0,0.0,0.0,0.0
4761.0,0.0,0.0,0.0,0.0,0.0,0.0
4762.0,0.0,0.0,0.0,0.0,0.0,0.0
4763.0,6.284040136961266e-05,0.0,0.0,0.0,0.0,0.005236700114134389
4764.0,0.0001159619860118255,0.0,0.0,0.0,0.0,0.009663498834318792
4765.0,0.0,0.0,0.0,0.0,0.0,0.0
4766.0,0.0,0.0,0.0,0.0,0.0,0.0
4767.0,2.621190333229606e-06,1.9810372577921953e-06,0.0,0.0,0.0,0.00021843252776913383
4768.0,3.7445570910676906e-07,1.9810372577921953e-06,0.0,0.0,0.0,4.952593144480488e-05
4769.0,0.0,0.0,0.0,0.0,0.0,0.0
4770.0,0.0,0.0,0.0,0.0,0.0,0.0
4771.0,0.0,0.0,0.0,0.0,0.0,0.0
4772.0,0.0,0.0,0.0,0.0,0.0,0.0
4773.0,0.0,0.0,0.0,0.0,0.0,0.0
4774.0,0.0,0.0,0.0,0.0,0.0,0.0
4775.0,0.0,0.0,0.0,0.0,0.0,0.0
4776.0,0.0,0.0,0.0,0.0,0.0,0.0
4777.0,0.0,0.0,0.0,0.0,0.0,0.0
4778.0,0.0,0.0,0.0,0.0,0.0,0.0
4779.0,0.0,0.0,0.0,0.0,0.0,0.0
4780.0,0.0,0.0,0.0,0.0,0.0,0.0
4781.0,0.0,0.0,0.0,0.0,0.0,0.0
4782.0,0.0,0.0,0.0,0.0,0.0,0.0
4783.0,0.0,0.0,0.0,0.0,0.0,0.0
4784.0,0.0,0.0,0.0,0.0,0.0,0.0
4785.0,0.0,0.0,0.0,0.0,0.0,0.0
4786.0,0.0,0.0,0.0,0.0,0.0,0.0
4787.0,0.0001783768821042031,0.0,0.0,0.0,0.0,0.014864740175350258
4788.0,0.0,0.0,0.0,0.0,0.0,0.0
4789.0,0.0,0.0,0.0,0.0,0.0,0.0
4790.0,0.00017524768190924078,0.0,0.0,0.0,0.001736111111111111,0.014603973492436731
4791.0,4.493422238738276e-05,0.0,0.0,0.0,0.0,0.0037445185322818966
4792.0,3.053804675801075e-06,1.9810372577921953e-06,0.0,0.0,0.0,0.0002544837229834229
4793.0,3.7445570910676906e-07,1.9810372577921953e-06,0.0,0.0,0.0,4.952593144480488e-05
4794.0,0.0,0.0,0.0,0.0,0.0,0.0
4795.0,0.0,0.0,0.0,0.0,0.0,0.0
4796.0,0.0,0.0,0.0,0.0,0.0,0.0
4797.0,0.0,0.0,0.0,0.0,0.0,0.0
4798.0,0.0,0.0,0.0,0.0,0.0,0.0
4799.0,0.0,0.0,0.0,0.0,0.0,0.0
4800.0,0.0,0.0,0.0,0.0,0.0,0.0
4801.0,0.0,0.0,0.0,0.0,0.0,0.0
4802.0,0.0,0.0,0.0,0.0,0.0,0.0
4803.0,0.0,0.0,0.0,0.0,0.0,0.0
4804.0,0.0,0.0,0.0,0.0,0.0,0.0
4805.0,0.00013822506298311055,0.0,0.0,0.0,0.005208333333333333,0.034722222222222224
4806.0,0.00016309227794408798,0.0,0.0,0.0,0.001736111111111111,0.013591023162007332
4807.0,0.0,0.0,0.0,0.0,0.0,0.0
4808.0,0.00014060795365367085,0.0,0.0,0.0,0.003472222222222222,0.023148148148148147
4809.0,0.00013143380056135356,0.0,0.0,0.0,0.001736111111111111,0.011574074074074073
4810.0,0.0,0.0,0.0,0.0,0.0,0.0
4811.0,0.0001894232991617173,0.0,0.0,0.0,0.003472222222222222,0.023148148148148147
4812.0,0.0,0.0,0.0,0.0,0.0,0.0
4813.0,0.0,0.0,0.0,0.0,0.0,0.0
4814.0,0.000242153400904499,0.0,0.0,0.0,0.006944444444444444,0.046296296296296294
4815.0,0.00020591636712197214,0.0,0.0,0.0,0.003472222222222222,0.023148148148148147
4816.0,4.682393046095967e-05,0.0,0.0,0.0,0.0,0.0039019942050799727
4817.0,0.00019786556367762387,1.9810372577921953e-06,0.0,0.0,0.003472222222222222,0.023148148148148147
4818.0,9.032883099280298e-05,1.9810372577921953e-06,0.0,0.0,0.0,0.007527402582733581
4819.0,0.00010278796253260225,0.0,0.0,0.0,0.003472222222222222,0.023148148148148147
4820.0,0.0,0.0,0.0,0.0,0.0,0.0
4821.0,0.0003452988457866013,0.0,0.0,0.0,0.010416666666666666,0.06944444444444445
4822.0,5.446621798910201e-06,0.0,0.0,0.0,0.0,0.0004538851499091834
4823.0,0.0,0.0,0.0,0.0,0.0,0.0
4824.0,0.0,0.0,0.0,0.0,0.0,0.0
4825.0,9.378401955473237e-06,0.0,0.0,0.0,0.003472222222222222,0.023148148148148147
4826.0,0.00017538125393912196,0.0,0.0,0.0,0.001736111111111111,0.014615104494926829
4827.0,0.0,0.0,0.0,0.0,0.0,0.0
4828.0,0.0,0.0,0.0,0.0,0.0,0.0
4829.0,0.0,0.0,0.0,0.0,0.0,0.0
4830.0,0.0,0.0,0.0,0.0,0.0,0.0
4831.0,0.0,0.0,0.0,0.0,0.0,0.0
4832.0,0.0,0.0,0.0,0.0,0.0,0.0
4833.0,0.0,0.0,0.0,0.0,0.0,0.0
4834.0,0.00019926128152292222,0.0,0.0,0.0,0.005208333333333333,0.034722222222222224
4835.0,2.214392225141637e-05,0.0,0.0,0.0,0.0,0.0018453268542846975
4836.0,0.0,0.0,0.0,0.0,0.0,0.0
4837.0,0.0,0.0,0.0,0.0,0.0,0.0
4838.0,0.0,0.0,0.0,0.0,0.0,0.0
4839.0,0.0025964807718992233,0.0,0.0,0.0,0.05555555555555555,0.37037037037037035
4840.0,0.0,0.0,0.0,0.0,0.0,0.0
4841.0,0.0,0.0,0.0,0.0,0.0,0.0
4842.0,1.3132697631590418e-06,1.9810372577921953e-06,0.0,0.0,0.0,0.00010943914692992014
4843.0,1.7327065506833605e-05,1.9810372577921953e-06,0.0,0.0,0.0,0.0014439221255694672
4844.0,0.00010037102765636519,0.0,0.0,0.0,0.0,0.008364252304697098
4845.0,0.0,0.0,0.0,0.0,0.0,0.0
4846.0,0.0,0.0,0.0,0.0,0.0,0.0
4847.0,0.0,0.0,0.0,0.0,0.0,0.0
4848.0,0.0,0.0,0.0,0.0,0.0,0.0
4849.0,0.0001171023614006117,0.0,0.0,0.0,0.0,0.009758530116717642
4850.0,0.0,0.0,0.0,0.0,0.0,0.0
4851.0,1.7020825637814596e-08,0.0,0.0,0.0,0.0,1.4184021364845496e-06
4852.0,0.0,0.0,0.0,0.0,0.0,0.0
4853.0,0.0,0.0,0.0,0.0,0.0,0.0
4854.0,0.0,0.0,0.0,0.0,0.0,0.0
4855.0,0.0,0.0,0.0,0.0,0.0,0.0
4856.0,0.0,0.0,0.0,0.0,0.0,0.0
4857.0,0.0,0.0,0.0,0.0,0.0,0.0
4858.0,0.0,0.0,0.0,0.0,0.0,0.0
4859.0,0.0,0.0,0.0,0.0,0.0,0.0
4860.0,0.0,0.0,0.0,0.0,0.0,0.0
4861.0,0.0,0.0,0.0,0.0,0.0,0.0
4862.0,0.0,0.0,0.0,0.0,0.0,0.0
4863.0,0.0,0.0,0.0,0.0,0.0,0.0
4864.0,0.0,0.0,0.0,0.0,0.0,0.0
4865.0,0.0,0.0,0.0,0.0,0.0,0.0
4866.0,0.0,0.0,0.0,0.0,0.0,0.0
4867.0,0.03584825247526169,0.0019878025632351637,0.0,0.0004152301698923111,0.1423611111111111,2.987354372938474
4868.0,5.106195999360352e-08,0.0,0.0,0.0,0.0,4.2551633328002936e-06
4869.0,0.0,0.0,0.0,0.0,0.0,0.0
4870.0,0.0,0.0,0.0,0.0,0.0,0.0
4871.0,0.0,0.0,0.0,0.0,0.0,0.0
4872.0,0.0,0.0,0.0,0.0,0.0,0.0
4873.0,0.0,0.0,0.0,0.0,0.0,0.0
4874.0,0.0,0.0,0.0,0.0,0.0,0.0
4875.0,1.3197273801779374e-05,6.44819374429062e-06,4.636776793631725e-05,0.0,0.0,0.0010997728168149479
4876.0,1.3197273801779374e-05,6.44819374429062e-06,4.636776793631725e-05,0.0,0.0,0.0010997728168149479
4877.0,0.0,0.0,0.0,0.0,0.0,0.0
4878.0,0.0,0.0,0.0,0.0,0.0,0.0
4879.0,0.0,0.0,0.0,0.0,0.0,0.0
4880.0,0.0,0.0,0.0,0.0,0.0,0.0
4881.0,0.0,0.0,0.0,0.0,0.0,0.0
4882.0,0.00010571552411420271,0.0006835669628344476,0.0,0.0,0.003472222222222222,0.023148148148148147
4883.0,0.0007318557472899556,0.0019534097518771887,0.0,0.0,0.020833333333333332,0.1388888888888889
4884.0,0.00023209415667224675,0.00016871800471562892,0.0,0.0,0.001736111111111111,0.01934117972268723
4885.0,0.00019696347590070218,0.0006382233113981783,0.0,0.0,0.0,0.01641362299172518
4886.0,0.00026635685935616493,0.0,0.0,0.0,0.0,0.022196404946347077
4887.0,0.00042252172715961933,0.0007979166693985462,0.0,0.0,0.010416666666666666,0.06944444444444445
4888.0,0.0006927762879058719,0.0005588718922808766,0.0,0.0,0.017361111111111112,0.11574074074074076
4889.0,0.0003023045719601214,0.00033094279933720827,0.0,0.0,0.0,0.02519204766334345
4890.0,0.00016893038991838694,0.0,0.0,0.0,0.0,0.01407753249319891
4891.0,0.0,0.0,0.0,0.0,0.0,0.0
4892.0,0.00031141063664108515,0.0011313908034935594,0.0,0.0,0.003472222222222222,0.028284770087338984
4893.0,1.6578160284552723e-05,9.993221465265378e-05,0.0,0.0,0.0,0.0024983053663163446
4894.0,3.877313429256901e-05,0.0,0.0,0.0,0.0,0.003231094524380751
4895.0,6.1002163420198485e-05,0.0,0.0,0.0,0.0,0.0050835136183498735
4896.0,0.00011453223851276562,0.0,0.0,0.0,0.0,0.009544353209397135
4897.0,0.0,0.0,0.0,0.0,0.0,0.0
4898.0,0.0,0.0,0.0,0.0,0.0,0.0
4899.0,0.0,0.0,0.0,0.0,0.0,0.0
4900.0,2.330756251467392e-05,2.2296477254712954e-05,4.636776793631725e-05,0.0,0.0,0.0019422968762228265
4901.0,1.3605774256575387e-05,9.089578270504717e-06,4.636776793631725e-05,0.0,0.0,0.0011338145213812822
4902.0,0.0,0.0,0.0,0.0,0.0,0.0
4903.0,0.0,0.0,0.0,0.0,0.0,0.0
4904.0,0.0,0.0,0.0,0.0,0.0,0.0
4905.0,0.0,0.0,0.0,0.0,0.0,0.0
4906.0,0.0,0.0,0.0,0.0,0.0,0.0
4907.0,0.0,0.0,0.0,0.0,0.0,0.0
4908.0,0.0,0.0,0.0,0.0,0.0,0.0
4909.0,0.0,0.0,0.0,0.0,0.0,0.0
4910.0,0.0,0.0,0.0,0.0,0.0,0.0
4911.0,0.0,0.0,0.0,0.0,0.0,0.0
4912.0,0.0,0.0,0.0,0.0,0.0,0.0
4913.0,0.0,0.0,0.0,0.0,0.0,0.0
4914.0,0.0,0.0,0.0,0.0,0.0,0.0
4915.0,0.0,0.0,0.0,0.0,0.0,0.0
4916.0,0.0,0.0,0.0,0.0,0.0,0.0
4917.0,1.702069596376532e-08,0.0,0.0,0.0,0.0,1.4183913303137767e-06
4918.0,1.702069596376532e-08,0.0,0.0,0.0,0.0,1.4183913303137767e-06
4919.0,0.0002756096364464611,0.0017773864092305303,0.0,0.0,0.005208333333333333,0.04443466023076326
4920.0,3.456903505139053e-05,0.00022352674568537623,0.0,0.0,0.0,0.005588168642134406
4921.0,3.5317942092660815e-05,0.00022836928837932646,0.0,0.0,0.0,0.005709232209483162
4922.0,7.150394230848178e-05,0.0004623514832928777,0.0,0.0,0.0,0.011558787082321942
4923.0,0.0,0.0,0.0,0.0,0.0,0.0
4924.0,0.0,0.0,0.0,0.0,0.0,0.0
4925.0,1.7615820979699492e-05,3.072670369874686e-05,4.636776793631725e-05,0.0,0.0,0.0014679850816416244
4926.0,1.3605774256575387e-05,9.089578270504717e-06,4.636776793631725e-05,0.0,0.0,0.0011338145213812822
4927.0,0.0,0.0,0.0,0.0,0.0,0.0
4928.0,0.0,0.0,0.0,0.0,0.0,0.0
4929.0,0.0,0.0,0.0,0.0,0.0,0.0
4930.0,0.0,0.0,0.0,0.0,0.0,0.0
4931.0,0.0,0.0,0.0,0.0,0.0,0.0
4932.0,0.0,0.0,0.0,0.0,0.0,0.0
4933.0,0.0,0.0,0.0,0.0,0.0,0.0
4934.0,0.00019918502948712558,2.368664809182519e-06,0.0,0.0,0.003472222222222222,0.023148148148148147
4935.0,0.0,0.0,0.0,0.0,0.0,0.0
4936.0,0.0,0.0,0.0,0.0,0.0,0.0
4937.0,0.0001296636473853141,0.0,0.0,0.0,0.001736111111111111,0.011574074074074073
4938.0,0.0002002314431592822,0.0,0.0,0.0,0.003472222222222222,0.023148148148148147
4939.0,9.422656876267865e-05,0.0,0.0,0.0,0.0,0.007852214063556554
4940.0,0.000185372366104275,0.0,0.0,0.0,0.003472222222222222,0.023148148148148147
4941.0,0.0001205916196340695,0.0,0.0,0.0,0.001736111111111111,0.011574074074074073
4942.0,0.00014623370952904224,2.368664809182519e-06,0.0,0.0,0.0,0.012186142460753521
4943.0,1.702069596376532e-08,0.0,0.0,0.0,0.0,1.4183913303137767e-06
4944.0,0.0,0.0,0.0,0.0,0.0,0.0
4945.0,0.0,0.0,0.0,0.0,0.0,0.0
4946.0,0.0,0.0,0.0,0.0,0.0,0.0
4947.0,0.0,0.0,0.0,0.0,0.0,0.0
4948.0,0.0,0.0,0.0,0.0,0.0,0.0
4949.0,0.0,0.0,0.0,0.0,0.0,0.0
4950.0,1.4592973457183689e-05,9.089578270504717e-06,4.636776793631725e-05,0.0,0.0,0.001216081121431974
4951.0,1.4031291357241571e-05,9.089578270504717e-06,4.636776793631725e-05,0.0,0.0,0.001169274279770131
4952.0,0.0,0.0,0.0,0.0,0.0,0.0
4953.0,0.0,0.0,0.0,0.0,0.0,0.0
4954.0,0.0,0.0,0.0,0.0,0.0,0.0
4955.0,0.0,0.0,0.0,0.0,0.0,0.0
4956.0,0.0,0.0,0.0,0.0,0.0,0.0
4957.0,0.0,0.0,0.0,0.0,0.0,0.0
4958.0,0.0,0.0,0.0,0.0,0.0,0.0
4959.0,9.603075886843726e-05,0.0006209443090483546,0.0,0.0,0.0,0.015523607726208866
4960.0,0.0003198868944309652,0.002068420173600316,0.0,0.0,0.005208333333333333,0.0517105043400079
4961.0,0.0,0.0,0.0,0.0,0.0,0.0
4962.0,0.0,0.0,0.0,0.0,0.0,0.0
4963.0,9.650732863519806e-06,6.24025851720944e-05,0.0,0.0,0.001736111111111111,0.011574074074074073
4964.0,0.00037020008312538266,0.00238901749253273,0.0,0.0,0.003472222222222222,0.05972543731331825
4965.0,9.191174467559904e-05,0.0005943103460595012,0.0,0.0,0.0,0.01485775865148753
4966.0,0.00010030295379692689,0.0006485686753876507,0.0,0.0,0.001736111111111111,0.016214216884691268
4967.0,5.472610610013362e-06,2.977351687150076e-05,0.0,0.0,0.0,0.000744337921787519
4968.0,6.808265595736884e-08,0.0,0.0,0.0,0.0,5.6735546631140705e-06
4969.0,0.0,0.0,0.0,0.0,0.0,0.0
4970.0,0.0,0.0,0.0,0.0,0.0,0.0
4971.0,0.0,0.0,0.0,0.0,0.0,0.0
4972.0,0.0,0.0,0.0,0.0,0.0,0.0
4973.0,0.0,0.0,0.0,0.0,0.0,0.0
4974.0,1.191447438486648e-07,0.0,0.0,0.0,0.0,9.9287286540554e-06
4975.0,0.005275290459394455,0.010011390782892704,4.636776793631725e-05,0.0,0.078125,0.5208333333333334
4976.0,1.3197273801779374e-05,6.44819374429062e-06,4.636776793631725e-05,0.0,0.0,0.0010997728168149479
4977.0,0.0,0.0,0.0,0.0,0.0,0.0
4978.0,0.0,0.0,0.0,0.0,0.0,0.0
4979.0,0.0,0.0,0.0,0.0,0.0,0.0
4980.0,0.0,0.0,0.0,0.0,0.0,0.0
4981.0,0.0,0.0,0.0,0.0,0.0,0.0
4982.0,0.0,0.0,0.0,0.0,0.0,0.0
4983.0,0.0,0.0,0.0,0.0,0.0,0.0
4984.0,0.0,0.0,0.0,0.0,0.0,0.0
4985.0,0.0,0.0,0.0,0.0,0.0,0.0
4986.0,0.0,0.0,0.0,0.0,0.0,0.0
4987.0,0.0,0.0,0.0,0.0,0.0,0.0
4988.0,0.0,0.0,0.0,0.0,0.0,0.0
4989.0,0.0,0.0,0.0,0.0,0.0,0.0
4990.0,0.0,0.0,0.0,0.0,0.0,0.0
4991.0,0.0,0.0,0.0,0.0,0.0,0.0
4992.0,5.106195999360352e-08,0.0,0.0,0.0,0.0,4.2551633328002936e-06
4993.0,5.106195999360352e-08,0.0,0.0,0.0,0.0,4.2551633328002936e-06
4994.0,0.0,0.0,0.0,0.0,0.0,0.0
4995.0,0.0,0.0,0.0,0.0,0.0,0.0
4996.0,0.0,0.0,0.0,0.0,0.0,0.0
4997.0,0.0,0.0,0.0,0.0,0.0,0.0
4998.0,0.0,0.0,0.0,0.0,0.0,0.0
4999.0,0.0,0.0,0.0,0.0,0.0,0.0
5000.0,1.3197273801779374e-05,6.44819374429062e-06,4.636776793631725e-05,0.0,0.0,0.0010997728168149479
5001.0,1.3197273801779374e-05,6.44819374429062e-06,4.636776793631725e-05,0.0,0.0,0.0010997728168149479
5002.0,0.0,0.0,0.0,0.0,0.0,0.0
5003.0,0.0,0.0,0.0,0.0,0.0,0.0
5004.0,0.0,0.0,0.0,0.0,0.0,0.0
5005.0,0.0,0.0,0.0,0.0,0.0,0.0
5006.0,0.0,0.0,0.0,0.0,0.0,0.0
5007.0,0.0,0.0,0.0,0.0,0.0,0.0
5008.0,0.0,0.0,0.0,0.0,0.0,0.0
5009.0,0.0,0.0,0.0,0.0,0.0,0.0
5010.0,0.0,0.0,0.0,0.0,0.0,0.0
5011.0,0.0,0.0,0.0,0.0,0.0,0.0
5012.0,0.0,0.0,0.0,0.0,0.0,0.0
5013.0,0.0,0.0,0.0,0.0,0.0,0.0
5014.0,0.0,0.0,0.0,0.0,0.0,0.0
5015.0,0.0,0.0,0.0,0.0,0.0,0.0
5016.0,0.0,0.0,0.0,0.0,0.0,0.0
5017.0,5.106195999360352e-08,0.0,0.0,0.0,0.0,4.2551633328002936e-06
5018.0,5.106195999360352e-08,0.0,0.0,0.0,0.0,4.2551633328002936e-06
5019.0,0.0,0.0,0.0,0.0,0.0,0.0
5020.0,0.0,0.0,0.0,0.0,0.0,0.0
5021.0,0.0,0.0,0.0,0.0,0.0,0.0
5022.0,0.0,0.0,0.0,0.0,0.0,0.0
5023.0,0.0,0.0,0.0,0.0,0.0,0.0
5024.0,0.0,0.0,0.0,0.0,0.0,0.0
5025.0,1.3197273801779374e-05,6.44819374429062e-06,4.636776793631725e-05,0.0,0.0,0.0010997728168149479
5026.0,1.3197273801779374e-05,6.44819374429062e-06,4.636776793631725e-05,0.0,0.0,0.0010997728168149479
5027.0,0.0,0.0,0.0,0.0,0.0,0.0
5028.0,0.0,0.0,0.0,0.0,0.0,0.0
5029.0,0.0,0.0,0.0,0.0,0.0,0.0
5030.0,0.0,0.0,0.0,0.0,0.0,0.0
5031.0,0.0,0.0,0.0,0.0,0.0,0.0
5032.0,0.0,0.0,0.0,0.0,0.0,0.0
5033.0,0.0,0.0,0.0,0.0,0.0,0.0
5034.0,0.0,0.0,0.0,0.0,0.0,0.0
5035.0,0.0,0.0,0.0,0.0,0.0,0.0
5036.0,0.0,0.0,0.0,0.0,0.0,0.0
5037.0,0.0,0.0,0.0,0.0,0.0,0.0
5038.0,0.0,0.0,0.0,0.0,0.0,0.0
5039.0,0.0,0.0,0.0,0.0,0.0,0.0
5040.0,0.0,0.0,0.0,0.0,0.0,0.0
5041.0,0.0,0.0,0.0,0.0,0.0,0.0
5042.0,5.106195999360352e-08,0.0,0.0,0.0,0.0,4.2551633328002936e-06
5043.0,0.043296247720718384,0.0006048610084690154,0.0,0.0002479946124367416,0.1857638888888889,3.6080206433931985
5044.0,0.0,0.0,0.0,0.0,0.0,0.0
5045.0,0.0,0.0,0.0,0.0,0.0,0.0
5046.0,0.0,0.0,0.0,0.0,0.0,0.0
5047.0,0.0,0.0,0.0,0.0,0.0,0.0
5048.0,0.0,0.0,0.0,0.0,0.0,0.0
5049.0,0.0,0.0,0.0,0.0,0.0,0.0
5050.0,0.00023457239149138331,1.9202079784008674e-05,4.636776793631725e-05,4.238525070832111e-05,0.0,0.01954769929094861
5051.0,1.4061092770134564e-05,7.170860953920055e-06,4.636776793631725e-05,0.0,0.0,0.001171757730844547
5052.0,0.0,0.0,0.0,0.0,0.0,0.0
5053.0,0.0,0.0,0.0,0.0,0.0,0.0
5054.0,0.0,0.0,0.0,0.0,0.0,0.0
5055.0,0.0,0.0,0.0,0.0,0.0,0.0
5056.0,0.0,0.0,0.0,0.0,0.0,0.0
5057.0,0.0,0.0,0.0,0.0,0.0,0.0
5058.0,0.0,0.0,0.0,0.0,0.0,0.0
5059.0,0.0,0.0,0.0,0.0,0.0,0.0
5060.0,0.0,0.0,0.0,0.0,0.0,0.0
5061.0,0.0,0.0,0.0,0.0,0.0,0.0
5062.0,0.0,0.0,0.0,0.0,0.0,0.0
5063.0,0.0,0.0,0.0,0.0,0.0,0.0
5064.0,0.0,0.0,0.0,0.0,0.0,0.0
5065.0,0.0,0.0,0.0,0.0,0.0,0.0
5066.0,0.0,0.0,0.0,0.0,0.0,0.0
5067.0,3.404113257943209e-08,0.0,0.0,0.0,0.0,2.8367610482860073e-06
5068.0,3.404113257943209e-08,0.0,0.0,0.0,0.0,2.8367610482860073e-06
5069.0,0.0,0.0,0.0,0.0,0.0,0.0
5070.0,0.0,0.0,0.0,0.0,0.0,0.0
5071.0,0.0,0.0,0.0,0.0,0.0,0.0
5072.0,0.0,0.0,0.0,0.0,0.0,0.0
5073.0,0.0,0.0,0.0,0.0,0.0,0.0
5074.0,0.0,0.0,0.0,0.0,0.0,0.0
5075.0,1.4061092770134564e-05,7.170860953920055e-06,4.636776793631725e-05,0.0,0.0,0.001171757730844547
5076.0,1.4061092770134564e-05,7.170860953920055e-06,4.636776793631725e-05,0.0,0.0,0.001171757730844547
5077.0,0.0,0.0,0.0,0.0,0.0,0.0
5078.0,0.0,0.0,0.0,0.0,0.0,0.0
5079.0,0.0,0.0,0.0,0.0,0.0,0.0
5080.0,0.0,0.0,0.0,0.0,0.0,0.0
5081.0,0.0,0.0,0.0,0.0,0.0,0.0
5082.0,0.0,0.0,0.0,0.0,0.0,0.0
5083.0,0.0,0.0,0.0,0.0,0.0,0.0
5084.0,0.0,0.0,0.0,0.0,0.0,0.0
5085.0,0.0,0.0,0.0,0.0,0.0,0.0
5086.0,0.0,0.0,0.0,0.0,0.0,0.0
5087.0,0.0,0.0,0.0,0.0,0.0,0.0
5088.0,0.0,0.0,0.0,0.0,0.0,0.0
5089.0,0.0,0.0,0.0,0.0,0.0,0.0
5090.0,0.0,0.0,0.0,0.0,0.0,0.0
5091.0,0.0,0.0,0.0,0.0,0.0,0.0
5092.0,3.404113257943209e-08,0.0,0.0,0.0,0.0,2.8367610482860073e-06
5093.0,3.404113257943209e-08,0.0,0.0,0.0,0.0,2.8367610482860073e-06
5094.0,0.0,0.0,0.0,0.0,0.0,0.0
5095.0,0.0,0.0,0.0,0.0,0.0,0.0
5096.0,0.0,0.0,0.0,0.0,0.0,0.0
5097.0,0.0,0.0,0.0,0.0,0.0,0.0
5098.0,0.0,0.0,0.0,0.0,0.0,0.0
5099.0,0.00021137998555786908,0.0,0.0,0.0,0.0,0.01761499879648909
5100.0,5.999995119054802e-05,7.170860953920055e-06,4.636776793631725e-05,0.0,0.0,0.004999995932545668
5101.0,1.4061092770134564e-05,7.170860953920055e-06,4.636776793631725e-05,0.0,0.0,0.001171757730844547
5102.0,0.0,0.0,0.0,0.0,0.0,0.0
5103.0,0.0,0.0,0.0,0.0,0.0,0.0
5104.0,0.0,0.0,0.0,0.0,0.0,0.0
5105.0,0.0,0.0,0.0,0.0,0.0,0.0
5106.0,0.0,0.0,0.0,0.0,0.0,0.0
5107.0,0.0,0.0,0.0,0.0,0.0,0.0
5108.0,9.020964171213564e-06,0.0,0.0,0.0,0.001736111111111111,0.011574074074074073
5109.0,0.0004672009963542223,0.0,0.0,0.0,0.008680555555555556,0.05787037037037038
5110.0,5.438111475086771e-05,0.0,0.0,0.0,0.0,0.004531759562572309
5111.0,7.128266588551924e-05,0.0,0.0,0.0,0.0,0.005940222157126603
5112.0,6.626156391575933e-05,0.0,0.0,0.0,0.001736111111111111,0.011574074074074073
5113.0,5.555554525926709e-05,0.0,0.0,0.0,0.001736111111111111,0.011574074074074073
5114.0,0.00016979945939965546,0.0,0.0,0.0,0.003472222222222222,0.023148148148148147
5115.0,8.221975440392271e-05,0.0,0.0,0.0,0.0,0.0068516462003268925
5116.0,0.000182563962880522,0.0,0.0,0.0,0.006944444444444444,0.046296296296296294
5117.0,0.00017312829731963575,0.0,0.0,0.0,0.006944444444444444,0.046296296296296294
5118.0,3.404113257943209e-08,0.0,0.0,0.0,0.0,2.8367610482860073e-06
5119.0,0.0,0.0,0.0,0.0,0.0,0.0
5120.0,0.0,0.0,0.0,0.0,0.0,0.0
5121.0,0.0,0.0,0.0,0.0,0.0,0.0
5122.0,0.0,0.0,0.0,0.0,0.0,0.0
5123.0,0.0,0.0,0.0,0.0,0.0,0.0
5124.0,0.0,0.0,0.0,0.0,0.0,0.0
5125.0,1.4656816347269341e-05,7.170860953920055e-06,4.636776793631725e-05,0.0,0.0,0.0012214013622724451
5126.0,1.4656816347269341e-05,7.170860953920055e-06,4.636776793631725e-05,0.0,0.0,0.0012214013622724451
5127.0,0.0,0.0,0.0,0.0,0.0,0.0
5128.0,0.0,0.0,0.0,0.0,0.0,0.0
5129.0,0.0,0.0,0.0,0.0,0.0,0.0
5130.0,0.0,0.0,0.0,0.0,0.0,0.0
5131.0,0.0,0.0,0.0,0.0,0.0,0.0
5132.0,0.0,0.0,0.0,0.0,0.0,0.0
5133.0,0.0,0.0,0.0,0.0,0.0,0.0
5134.0,0.0,0.0,0.0,0.0,0.0,0.0
5135.0,0.0,0.0,0.0,0.0,0.0,0.0
5136.0,0.0,0.0,0.0,0.0,0.0,0.0
5137.0,0.0,0.0,0.0,0.0,0.0,0.0
5138.0,0.0,0.0,0.0,0.0,0.0,0.0
5139.0,0.0,0.0,0.0,0.0,0.0,0.0
5140.0,0.0,0.0,0.0,0.0,0.0,0.0
5141.0,0.0,0.0,0.0,0.0,0.0,0.0
5142.0,3.404113257943209e-08,0.0,0.0,0.0,0.0,2.8367610482860073e-06
5143.0,3.404113257943209e-08,0.0,0.0,0.0,0.0,2.8367610482860073e-06
5144.0,0.0,0.0,0.0,0.0,0.0,0.0
5145.0,0.0,0.0,0.0,0.0,0.0,0.0
5146.0,0.0,0.0,0.0,0.0,0.0,0.0
5147.0,0.0,0.0,0.0,0.0,0.0,0.0
5148.0,0.0,0.0,0.0,0.0,0.0,0.0
5149.0,0.0,0.0,0.0,0.0,0.0,0.0
5150.0,1.4656816347269341e-05,7.170860953920055e-06,4.636776793631725e-05,0.0,0.0,0.0012214013622724451
5151.0,1.4656816347269341e-05,7.170860953920055e-06,4.636776793631725e-05,0.0,0.0,0.0012214013622724451
5152.0,0.0,0.0,0.0,0.0,0.0,0.0
5153.0,0.0,0.0,0.0,0.0,0.0,0.0
5154.0,0.0,0.0,0.0,0.0,0.0,0.0
5155.0,0.0,0.0,0.0,0.0,0.0,0.0
5156.0,0.0,0.0,0.0,0.0,0.0,0.0
5157.0,0.0,0.0,0.0,0.0,0.0,0.0
5158.0,0.0,0.0,0.0,0.0,0.0,0.0
5159.0,0.0,0.0,0.0,0.0,0.0,0.0
5160.0,0.0,0.0,0.0,0.0,0.0,0.0
5161.0,0.0,0.0,0.0,0.0,0.0,0.0
5162.0,0.0,0.0,0.0,0.0,0.0,0.0
5163.0,0.0,0.0,0.0,0.0,0.0,0.0
5164.0,0.0,0.0,0.0,0.0,0.0,0.0
5165.0,0.0,0.0,0.0,0.0,0.0,0.0
5166.0,0.0,0.0,0.0,0.0,0.0,0.0
5167.0,3.404113257943209e-08,0.0,0.0,0.0,0.0,2.8367610482860073e-06
5168.0,3.404113257943209e-08,0.0,0.0,0.0,0.0,2.8367610482860073e-06
5169.0,0.0,0.0,0.0,0.0,0.0,0.0
5170.0,0.0,0.0,0.0,0.0,0.0,0.0
5171.0,0.0,0.0,0.0,0.0,0.0,0.0
5172.0,0.0,0.0,0.0,0.0,0.0,0.0
5173.0,5.3445997764356434e-05,0.0,0.0,0.0,0.001736111111111111,0.011574074074074073
5174.0,0.0004479774215724319,0.0,0.0,0.0,0.008680555555555556,0.05787037037037038
5175.0,1.943344068422448e-05,7.170860953920055e-06,4.636776793631725e-05,0.0,0.0,0.0016194533903520398
5176.0,1.4690857824462e-05,7.170860953920055e-06,4.636776793631725e-05,0.0,0.0,0.0012242381520385
5177.0,0.0,0.0,0.0,0.0,0.0,0.0
5178.0,0.0,0.0,0.0,0.0,0.0,0.0
5179.0,0.0,0.0,0.0,0.0,0.0,0.0
5180.0,0.0,0.0,0.0,0.0,0.0,0.0
5181.0,0.0,0.0,0.0,0.0,0.0,0.0
5182.0,0.0,0.0,0.0,0.0,0.0,0.0
5183.0,0.0,0.0,0.0,0.0,0.0,0.0
5184.0,0.0,0.0,0.0,0.0,0.0,0.0
5185.0,0.0,0.0,0.0,0.0,0.0,0.0
5186.0,0.0,0.0,0.0,0.0,0.0,0.0
5187.0,0.0001861383207142353,0.0,0.0,0.0,0.003472222222222222,0.023148148148148147
5188.0,0.00019706558668985963,0.0,0.0,0.0,0.001736111111111111,0.016422132224154968
5189.0,0.00011912783520529047,0.0,0.0,0.0,0.001736111111111111,0.011574074074074073
5190.0,0.0,0.0,0.0,0.0,0.0,0.0
5191.0,5.036422953708097e-05,0.0,0.0,0.0,0.0,0.004197019128090081
5192.0,0.00013051467249169946,0.0,0.0,0.0,0.003472222222222222,0.023148148148148147
5193.0,0.00021151617693249136,0.0,0.0,0.0,0.003472222222222222,0.023148148148148147
5194.0,1.0212417578259192e-07,0.0,0.0,0.0,0.0,8.51034798188266e-06
5195.0,0.0,0.0,0.0,0.0,0.0,0.0
5196.0,0.0,0.0,0.0,0.0,0.0,0.0
5197.0,0.0,0.0,0.0,0.0,0.0,0.0
5198.0,5.174291072762571e-05,0.0,0.0,0.0,0.0,0.0043119092273021424
5199.0,0.0004508781712502241,0.0,0.0,0.0,0.005208333333333333,0.03757318093751868
5200.0,0.00036897658719681203,7.170860953920055e-06,4.636776793631725e-05,0.0,0.005208333333333333,0.034722222222222224
5201.0,4.5702556235482916e-05,7.170860953920055e-06,4.636776793631725e-05,0.0,0.003472222222222222,0.023148148148148147
5202.0,0.0,0.0,0.0,0.0,0.0,0.0
5203.0,0.0,0.0,0.0,0.0,0.0,0.0
5204.0,0.0002458298986312002,0.0,0.0,0.0,0.006944444444444444,0.046296296296296294
5205.0,0.0003451115626376122,0.0,0.0,0.0,0.005208333333333333,0.034722222222222224
5206.0,0.0004299597640056163,0.0,0.0,0.0,0.008680555555555556,0.05787037037037038
5207.0,0.00016404544294346124,0.0,0.0,0.0,0.005208333333333333,0.034722222222222224
5208.0,0.00035377510357648134,0.0,0.0,0.0,0.005208333333333333,0.034722222222222224
5209.0,0.00010003060015151277,0.0,0.0,0.0,0.005208333333333333,0.034722222222222224
5210.0,0.0003028492210432887,0.0,0.0,0.0,0.008680555555555556,0.05787037037037038
5211.0,0.0001066346449078992,0.0,0.0,0.0,0.006944444444444444,0.046296296296296294
5212.0,3.334353459649719e-05,0.0,0.0,0.0,0.006944444444444444,0.046296296296296294
5213.0,8.321415953105316e-05,0.0,0.0,0.0,0.006944444444444444,0.046296296296296294
5214.0,4.4594230530492496e-06,0.0,0.0,0.0,0.0,0.0003716185877541041
5215.0,0.0,0.0,0.0,0.0,0.0,0.0
5216.0,0.0,0.0,0.0,0.0,0.0,0.0
5217.0,6.399772246368229e-06,0.0,0.0,0.0,0.0,0.0005333143538640192
5218.0,3.404113257943209e-08,0.0,0.0,0.0,0.0,2.8367610482860073e-06
5219.0,0.0,0.0,0.0,0.0,0.0,0.0
5220.0,0.0,0.0,0.0,0.0,0.0,0.0
5221.0,0.0,0.0,0.0,0.0,0.0,0.0
5222.0,0.0,0.0,0.0,0.0,0.0,0.0
5223.0,0.0,0.0,0.0,0.0,0.0,0.0
5224.0,0.0,0.0,0.0,0.0,0.0,0.0
5225.0,1.528658322058618e-05,7.170860953920055e-06,4.636776793631725e-05,0.0,0.0,0.0012738819350488484
5226.0,1.528658322058618e-05,7.170860953920055e-06,4.636776793631725e-05,0.0,0.0,0.0012738819350488484
5227.0,0.0,0.0,0.0,0.0,0.0,0.0
5228.0,0.0,0.0,0.0,0.0,0.0,0.0
5229.0,0.0,0.0,0.0,0.0,0.0,0.0
5230.0,0.0,0.0,0.0,0.0,0.0,0.0
5231.0,0.0,0.0,0.0,0.0,0.0,0.0
5232.0,0.0,0.0,0.0,0.0,0.0,0.0
5233.0,0.0,0.0,0.0,0.0,0.0,0.0
5234.0,0.0,0.0,0.0,0.0,0.0,0.0
5235.0,0.0,0.0,0.0,0.0,0.0,0.0
5236.0,0.0,0.0,0.0,0.0,0.0,0.0
5237.0,0.0,0.0,0.0,0.0,0.0,0.0
5238.0,0.0,0.0,0.0,0.0,0.0,0.0
5239.0,0.0,0.0,0.0,0.0,0.0,0.0
5240.0,0.0,0.0,0.0,0.0,0.0,0.0
5241.0,0.0,0.0,0.0,0.0,0.0,0.0
5242.0,3.404113257943209e-08,0.0,0.0,0.0,0.0,2.8367610482860073e-06
5243.0,3.404113257943209e-08,0.0,0.0,0.0,0.0,2.8367610482860073e-06
5244.0,0.0,0.0,0.0,0.0,0.0,0.0
5245.0,0.0,0.0,0.0,0.0,0.0,0.0
5246.0,0.0,0.0,0.0,0.0,0.0,0.0
5247.0,0.0,0.0,0.0,0.0,0.0,0.0
5248.0,0.0,0.0,0.0,0.0,0.0,0.0
5249.0,0.0,0.0,0.0,0.0,0.0,0.0
5250.0,1.528658322058618e-05,7.170860953920055e-06,4.636776793631725e-05,0.0,0.0,0.0012738819350488484
5251.0,1.528658322058618e-05,7.170860953920055e-06,4.636776793631725e-05,0.0,0.0,0.0012738819350488484
5252.0,0.0,0.0,0.0,0.0,0.0,0.0
5253.0,0.0,0.0,0.0,0.0,0.0,0.0
5254.0,0.0,0.0,0.0,0.0,0.0,0.0
5255.0,0.0,0.0,0.0,0.0,0.0,0.0
5256.0,0.0,0.0,0.0,0.0,0.0,0.0
5257.0,0.0,0.0,0.0,0.0,0.0,0.0
5258.0,0.0,0.0,0.0,0.0,0.0,0.0
5259.0,0.0,0.0,0.0,0.0,0.0,0.0
5260.0,3.639383692188858e-07,2.0230886548233684e-06,0.0,0.0,0.0,5.057721637058421e-05
5261.0,0.045693062245845795,0.011254550889134407,0.0,0.00037752362550236285,0.3159722222222222,3.8077551871538162
5262.0,0.0,0.0,0.0,0.0,0.0,0.0
5263.0,0.0,0.0,0.0,0.0,0.0,0.0
5264.0,0.0,0.0,0.0,0.0,0.0,0.0
5265.0,0.0,0.0,0.0,0.0,0.0,0.0
5266.0,0.0,0.0,0.0,0.0,0.0,0.0
5267.0,0.0,0.0,0.0,0.0,0.0,0.0
5268.0,0.0,0.0,0.0,0.0,0.0,0.0
5269.0,0.0,0.0,0.0,0.0,0.0,0.0
5270.0,0.0,0.0,0.0,0.0,0.0,0.0
5271.0,0.0,0.0,0.0,0.0,0.0,0.0
5272.0,0.0,0.0,0.0,0.0,0.0,0.0
5273.0,0.0,0.0,0.0,0.0,0.0,0.0
5274.0,0.0,0.0,0.0,0.0,0.0,0.0
5275.0,0.0,0.0,0.0,0.0,0.0,0.0
5276.0,0.0,0.0,0.0,0.0,0.0,0.0
5277.0,5.369210157368798e-06,1.2125008197472198e-06,2.916508492489811e-05,0.0,0.0,0.00044743417978073313
5278.0,5.369210157368798e-06,1.2125008197472198e-06,2.916508492489811e-05,0.0,0.0,0.00044743417978073313
5279.0,0.0,0.0,0.0,0.0,0.0,0.0
5280.0,0.0,0.0,0.0,0.0,0.0,0.0
5281.0,0.0,0.0,0.0,0.0,0.0,0.0
5282.0,0.0,0.0,0.0,0.0,0.0,0.0
5283.0,0.0,0.0,0.0,0.0,0.0,0.0
5284.0,0.0,0.0,0.0,0.0,0.0,0.0
5285.0,0.0,0.0,0.0,0.0,0.0,0.0
