timestamp_s,full_change,title_change,header_change,counter_change,hash_change,candidate_score
1.0,0.0,0.0,0.0,0.0,0.0,0.0
2.0,0.0,0.0,0.0,0.0,0.0,0.0
3.0,0.0,0.0,0.0,0.0,0.0,0.0
4.0,0.0,0.0,0.0,0.0,0.0,0.0
5.0,0.0,0.0,0.0,0.0,0.0,0.0
6.0,0.0,0.0,0.0,0.0,0.0,0.0
7.0,0.0,0.0,0.0,0.0,0.0,0.0
8.0,0.0002454819914419204,0.0002485185978002846,0.0005528817418962717,0.0001722669112496078,0.0,0.021533363906200975
9.0,6.950554052309599e-06,4.797411179424671e-07,0.0,0.0,0.0,0.0005792128376924666
10.0,0.0,0.0,0.0,0.0,0.0,0.0
11.0,0.0,0.0,0.0,0.0,0.0,0.0
12.0,0.0,0.0,0.0,0.0,0.0,0.0
13.0,0.0,0.0,0.0,0.0,0.0,0.0
14.0,0.0,0.0,0.0,0.0,0.0,0.0
15.0,0.0,0.0,0.0,0.0,0.0,0.0
16.0,0.0,0.0,0.0,0.0,0.0,0.0
17.0,0.0,0.0,0.0,0.0,0.0,0.0
18.0,0.0,0.0,0.0,0.0,0.0,0.0
19.0,0.0,0.0,0.0,0.0,0.0,0.0
20.0,0.0,0.0,0.0,0.0,0.0,0.0
21.0,0.0,0.0,0.0,0.0,0.0,0.0
22.0,0.0,0.0,0.0,0.0,0.0,0.0
23.0,0.0,0.0,0.0,0.0,0.0,0.0
24.0,0.0,0.0,0.0,0.0,0.0,0.0
25.0,0.0,0.0,0.0,0.0,0.0,0.0
26.0,0.0,0.0,0.0,0.0,0.0,0.0
27.0,0.0,0.0,0.0,0.0,0.0,0.0
28.0,0.0,0.0,0.0,0.0,0.0,0.0
29.0,0.0,0.0,0.0,0.0,0.0,0.0
30.0,0.0,0.0,0.0,0.0,0.0,0.0
31.0,0.0,0.0,0.0,0.0,0.0,0.0
32.0,0.0,0.0,0.0,0.0,0.0,0.0
33.0,6.950554052309599e-06,4.797411179424671e-07,0.0,0.0,0.0,0.0005792128376924666
34.0,6.950554052309599e-06,4.797411179424671e-07,0.0,0.0,0.0,0.0005792128376924666
35.0,0.0,0.0,0.0,0.0,0.0,0.0
36.0,6.311273318715394e-05,5.700976907974109e-05,0.0,0.0,0.0,0.005259394432262828
37.0,2.840753768396098e-05,4.611407712218352e-05,0.0,0.0,0.0,0.0023672948069967483
38.0,0.0,0.0,0.0,0.0,0.0,0.0
39.0,0.0,0.0,0.0,0.0,0.0,0.0
40.0,7.540167280239984e-05,0.0004871143028140068,0.0,0.0,0.001736111111111111,0.01217785757035017
41.0,0.00017502378614153713,0.0011317208409309387,0.0,0.0,0.003472222222222222,0.028293021023273468
42.0,0.00020154201774857938,0.0012977977748960257,0.0,0.0,0.006944444444444444,0.046296296296296294
43.0,0.0002615740231703967,0.001691143144853413,0.0,0.0,0.006944444444444444,0.046296296296296294
44.0,0.00011839595390483737,0.0007653397042304277,0.0,0.0,0.006944444444444444,0.046296296296296294
45.0,0.00010845586803043261,0.0007012862479314208,0.0,0.0,0.0,0.01753215619828552
46.0,0.0,0.0,0.0,0.0,0.0,0.0
47.0,0.0,0.0,0.0,0.0,0.0,0.0
48.0,0.0,0.0,0.0,0.0,0.0,0.0
49.0,0.0,0.0,0.0,0.0,0.0,0.0
50.0,6.280648904066766e-06,4.039117266074754e-05,0.0,0.0,0.0,0.0010097793165186886
51.0,0.001025854260660708,0.006145939230918884,0.0,0.0,0.026041666666666668,0.17361111111111113
52.0,0.0,0.0,0.0,0.0,0.0,0.0
53.0,0.0,0.0,0.0,0.0,0.0,0.0
54.0,0.0,0.0,0.0,0.0,0.0,0.0
55.0,0.0,0.0,0.0,0.0,0.0,0.0
56.0,0.0003433414385654032,0.0,0.0,0.0,0.0,0.028611786547116935
57.0,0.0003437329432927072,0.0,0.0,0.0,0.003472222222222222,0.028644411941058934
58.0,0.00017041729006450623,1.5803126416358282e-06,0.0,0.0,0.0,0.014201440838708852
59.0,0.00015348171291407198,4.797411179424671e-07,0.0,0.0,0.0,0.01279014274283933
60.0,0.0001102941096178256,0.0,0.0,0.0,0.0,0.009191175801485466
61.0,0.00012069374497514218,0.0,0.0,0.0,0.0,0.010057812081261849
62.0,8.192061068257317e-05,0.0,0.0,0.0,0.0,0.006826717556881097
63.0,0.0,0.0,0.0,0.0,0.0,0.0
64.0,0.0,0.0,0.0,0.0,0.0,0.0
65.0,0.0,0.0,0.0,0.0,0.0,0.0
66.0,0.0,0.0,0.0,0.0,0.0,0.0
67.0,8.867782526067458e-06,0.0,0.0,0.0,0.0,0.0007389818771722881
68.0,0.0,0.0,0.0,0.0,0.0,0.0
69.0,0.0,0.0,0.0,0.0,0.0,0.0
70.0,0.0,0.0,0.0,0.0,0.0,0.0
71.0,0.0,0.0,0.0,0.0,0.0,0.0
72.0,0.0,0.0,0.0,0.0,0.0,0.0
73.0,7.991216261871159e-05,0.0,0.0,0.0,0.0,0.006659346884892632
74.0,0.00024278319324366748,0.0,0.0,0.0,0.0,0.020231932770305622
75.0,0.0002747820981312543,0.0,0.0,0.0,0.0,0.022898508177604526
76.0,7.523148087784648e-05,0.0,0.0,0.0,0.0,0.006269290073153873
77.0,0.0,0.0,0.0,0.0,0.0,0.0
78.0,0.0,0.0,0.0,0.0,0.0,0.0
79.0,0.0,0.0,0.0,0.0,0.0,0.0
80.0,0.0,0.0,0.0,0.0,0.0,0.0
81.0,0.0,0.0,0.0,0.0,0.0,0.0
82.0,0.0,0.0,0.0,0.0,0.0,0.0
83.0,1.9290569980512373e-05,4.797411179424671e-07,0.0,0.0,0.0,0.0016075474983760312
84.0,0.0002459551324136555,4.797411179424671e-07,0.0,0.0,0.005208333333333333,0.034722222222222224
85.0,0.00017524506256449968,0.0,0.0,0.0,0.003472222222222222,0.023148148148148147
86.0,2.8577744160429575e-05,0.0,0.0,0.0,0.0,0.002381478680035798
87.0,9.276279342884663e-06,0.0,0.0,0.0,0.0,0.000773023278573722
88.0,3.9130576624302194e-05,0.0,0.0,0.0,0.0,0.003260881385358516
89.0,0.00015075228293426335,0.0,0.0,0.0,0.003472222222222222,0.023148148148148147
90.0,0.0001145662899944,0.0,0.0,0.0,0.003472222222222222,0.023148148148148147
91.0,0.0,0.0,0.0,0.0,0.0,0.0
92.0,6.927416961843846e-06,0.0,0.0,0.0,0.0,0.0005772847468203205
93.0,0.0,0.0,0.0,0.0,0.0,0.0
94.0,0.0,0.0,0.0,0.0,0.0,0.0
95.0,0.0,0.0,0.0,0.0,0.0,0.0
96.0,0.0,0.0,0.0,0.0,0.0,0.0
97.0,0.00010054124868474901,0.0,0.0,0.0,0.0,0.008378437390395751
98.0,0.0,0.0,0.0,0.0,0.0,0.0
99.0,0.00014591842773370445,0.0,0.0,0.0,0.0,0.012159868977808705
100.0,5.9521371440496296e-05,0.0,0.0,0.0,0.0,0.004960114286708024
101.0,0.0,0.0,0.0,0.0,0.0,0.0
102.0,0.0,0.0,0.0,0.0,0.0,0.0
103.0,0.0,0.0,0.0,0.0,0.0,0.0
104.0,0.0,0.0,0.0,0.0,0.0,0.0
105.0,0.0030079311691224575,0.0,0.0,0.0,0.019097222222222224,0.2506609307602048
106.0,3.4892422263510525e-05,0.0,0.0,0.0,0.003472222222222222,0.023148148148148147
107.0,3.4892422263510525e-05,0.0,0.0,0.0,0.003472222222222222,0.023148148148148147
108.0,1.8575692593003623e-05,4.797411179424671e-07,0.0,0.0,0.0,0.0015479743827503019
109.0,6.950554052309599e-06,4.797411179424671e-07,0.0,0.0,0.0,0.0005792128376924666
110.0,0.0,0.0,0.0,0.0,0.0,0.0
111.0,0.0,0.0,0.0,0.0,0.0,0.0
112.0,0.0,0.0,0.0,0.0,0.0,0.0
113.0,0.0,0.0,0.0,0.0,0.0,0.0
114.0,0.0,0.0,0.0,0.0,0.0,0.0
115.0,0.0,0.0,0.0,0.0,0.0,0.0
116.0,0.0,0.0,0.0,0.0,0.0,0.0
117.0,0.0,0.0,0.0,0.0,0.0,0.0
118.0,0.0,0.0,0.0,0.0,0.0,0.0
119.0,0.0,0.0,0.0,0.0,0.0,0.0
120.0,0.0,0.0,0.0,0.0,0.0,0.0
121.0,0.0,0.0,0.0,0.0,0.0,0.0
122.0,0.0,0.0,0.0,0.0,0.0,0.0
123.0,6.556371954502538e-05,0.0,0.0,0.0,0.001736111111111111,0.011574074074074073
124.0,0.00020940561080351472,0.0,0.0,0.0,0.001736111111111111,0.01745046756695956
125.0,0.00011735769658116624,0.0,0.0,0.0,0.001736111111111111,0.011574074074074073
126.0,0.0002638377482071519,0.0,0.0,0.0,0.001736111111111111,0.021986479017262656
127.0,7.528252899646759e-05,0.0,0.0,0.0,0.0,0.006273544083038966
128.0,0.0003840889548882842,0.0,0.0,0.0,0.0,0.032007412907357015
129.0,0.000436682952567935,0.0,0.0,0.0,0.005208333333333333,0.036390246047327914
130.0,0.00019956764299422503,0.0,0.0,0.0,0.0,0.01663063691618542
131.0,1.6799423974589445e-05,0.0,0.0,0.0,0.0,0.0013999519978824537
132.0,0.0001565733691677451,0.0,0.0,0.0,0.0,0.013047780763978759
133.0,0.00020561610290315002,4.797411179424671e-07,0.0,0.0,0.0,0.01713467524192917
134.0,0.00015075839473865926,4.797411179424671e-07,0.0,0.0,0.0,0.012563199561554939
135.0,0.0,0.0,0.0,0.0,0.0,0.0
136.0,0.0,0.0,0.0,0.0,0.0,0.0
137.0,0.0,0.0,0.0,0.0,0.0,0.0
138.0,0.0,0.0,0.0,0.0,0.0,0.0
139.0,0.0,0.0,0.0,0.0,0.0,0.0
140.0,0.0,0.0,0.0,0.0,0.0,0.0
141.0,0.0,0.0,0.0,0.0,0.0,0.0
142.0,3.0467035685433075e-06,0.0,0.0,0.0,0.0,0.00025389196404527564
143.0,0.0,0.0,0.0,0.0,0.0,0.0
144.0,0.0,0.0,0.0,0.0,0.0,0.0
145.0,0.0,0.0,0.0,0.0,0.0,0.0
146.0,0.0,0.0,0.0,0.0,0.0,0.0
147.0,0.0,0.0,0.0,0.0,0.0,0.0
148.0,0.0,0.0,0.0,0.0,0.0,0.0
149.0,0.0022385104093700647,0.0,0.0,0.0,0.012152777777777778,0.18654253411417207
150.0,7.727404408797156e-06,0.0,0.0,0.0,0.0,0.000643950367399763
151.0,0.0,0.0,0.0,0.0,0.0,0.0
152.0,0.00014646306226495653,0.0,0.0,0.0,0.0,0.012205255188746378
153.0,0.0,0.0,0.0,0.0,0.0,0.0
154.0,0.0,0.0,0.0,0.0,0.0,0.0
155.0,0.0,0.0,0.0,0.0,0.0,0.0
156.0,0.0,0.0,0.0,0.0,0.0,0.0
157.0,0.0,0.0,0.0,0.0,0.0,0.0
158.0,8.448374501313083e-06,4.797411179424671e-07,0.0,0.0,0.0,0.0007040312084427569
159.0,6.950554052309599e-06,4.797411179424671e-07,0.0,0.0,0.0,0.0005792128376924666
160.0,0.0,0.0,0.0,0.0,0.0,0.0
161.0,0.0,0.0,0.0,0.0,0.0,0.0
162.0,0.0,0.0,0.0,0.0,0.0,0.0
163.0,0.0,0.0,0.0,0.0,0.0,0.0
164.0,0.0,0.0,0.0,0.0,0.0,0.0
165.0,0.0,0.0,0.0,0.0,0.0,0.0
166.0,0.0,0.0,0.0,0.0,0.0,0.0
167.0,4.942809391650371e-05,0.0003196069155819714,0.0,0.0,0.003472222222222222,0.023148148148148147
168.0,0.00021342247782740742,0.0013800107408314943,0.0,0.0,0.003472222222222222,0.03450026852078736
169.0,0.00016037211753427982,0.0010369818191975355,0.0,0.0,0.001736111111111111,0.025924545479938388
170.0,0.000213626743061468,0.001381331356242299,0.0,0.0,0.013888888888888888,0.09259259259259259
171.0,0.000233427548664622,0.0015093652764335275,0.0,0.0,0.010416666666666666,0.06944444444444445
172.0,0.00019325295579619706,0.0012495925184339285,0.0,0.0,0.003472222222222222,0.031239812960848212
173.0,0.00013934842718299478,0.0009008204215206206,0.0,0.0,0.006944444444444444,0.046296296296296294
174.0,0.0,0.0,0.0,0.0,0.0,0.0
175.0,1.1485578397696372e-05,7.404675852740183e-05,0.0,0.0,0.0,0.0018511689631850459
176.0,0.0,0.0,0.0,0.0,0.0,0.0
177.0,0.0,0.0,0.0,0.0,0.0,0.0
178.0,0.0,0.0,0.0,0.0,0.0,0.0
179.0,0.0,0.0,0.0,0.0,0.0,0.0
180.0,0.0,0.0,0.0,0.0,0.0,0.0
181.0,0.0,0.0,0.0,0.0,0.0,0.0
182.0,0.0,0.0,0.0,0.0,0.0,0.0
183.0,6.983386356296251e-06,6.920383839315036e-07,0.0,0.0,0.0,0.0005819488630246875
184.0,3.551007466739975e-05,6.920383839315036e-07,0.0,0.0,0.0,0.002959172888949979
185.0,7.034652662696317e-05,0.0,0.0,0.0,0.0,0.005862210552246931
186.0,0.0,0.0,0.0,0.0,0.0,0.0
187.0,0.0,0.0,0.0,0.0,0.0,0.0
188.0,0.0,0.0,0.0,0.0,0.0,0.0
189.0,0.0,0.0,0.0,0.0,0.0,0.0
190.0,0.0,0.0,0.0,0.0,0.0,0.0
191.0,0.0,0.0,0.0,0.0,0.0,0.0
192.0,1.2425102795532439e-06,0.0,0.0,0.0,0.0,0.00010354252329610365
193.0,0.0,0.0,0.0,0.0,0.0,0.0
194.0,0.0,0.0,0.0,0.0,0.0,0.0
195.0,0.0,0.0,0.0,0.0,0.0,0.0
196.0,0.0,0.0,0.0,0.0,0.0,0.0
197.0,0.0,0.0,0.0,0.0,0.0,0.0
198.0,0.0,0.0,0.0,0.0,0.0,0.0
199.0,0.0,0.0,0.0,0.0,0.0,0.0
200.0,0.0,0.0,0.0,0.0,0.0,0.0
201.0,0.0,0.0,0.0,0.0,0.0,0.0
202.0,0.00016413055709563196,0.0,0.0,0.0,0.0,0.013677546424635997
203.0,0.0006629049894399941,0.0,0.0,0.0,0.003472222222222222,0.05524208245333284
204.0,8.915438229450956e-05,0.0,0.0,0.0,0.0,0.007429531857875796
205.0,0.0002164181205444038,0.0,0.0,0.0,0.0,0.018034843378700316
206.0,0.0002587826456874609,0.0,0.0,0.0,0.003472222222222222,0.023148148148148147
207.0,0.0001787002693163231,0.0,0.0,0.0,0.003472222222222222,0.023148148148148147
208.0,0.00012949833762831986,6.920383839315036e-07,0.0,0.0,0.003472222222222222,0.023148148148148147
209.0,6.949344879103592e-06,6.920383839315036e-07,0.0,0.0,0.0,0.0005791120732586327
210.0,0.0,0.0,0.0,0.0,0.0,0.0
211.0,0.0,0.0,0.0,0.0,0.0,0.0
212.0,0.0,0.0,0.0,0.0,0.0,0.0
213.0,0.0,0.0,0.0,0.0,0.0,0.0
214.0,0.0,0.0,0.0,0.0,0.0,0.0
215.0,0.0,0.0,0.0,0.0,0.0,0.0
216.0,0.0,0.0,0.0,0.0,0.0,0.0
217.0,0.0,0.0,0.0,0.0,0.0,0.0
218.0,0.0,0.0,0.0,0.0,0.0,0.0
219.0,0.0,0.0,0.0,0.0,0.0,0.0
220.0,0.0,0.0,0.0,0.0,0.0,0.0
221.0,0.0,0.0,0.0,0.0,0.0,0.0
222.0,0.0,0.0,0.0,0.0,0.0,0.0
223.0,0.0,0.0,0.0,0.0,0.0,0.0
224.0,0.0,0.0,0.0,0.0,0.0,0.0
225.0,0.00011106002784799784,0.0,0.0,0.0,0.0,0.009255002320666486
226.0,0.00035818348987959325,0.0,0.0,0.0,0.0,0.02984862415663277
227.0,8.816719855531119e-06,0.0,0.0,0.0,0.0,0.0007347266546275932
228.0,0.0,0.0,0.0,0.0,0.0,0.0
229.0,0.0,0.0,0.0,0.0,0.0,0.0
230.0,0.0,0.0,0.0,0.0,0.0,0.0
231.0,0.0,0.0,0.0,0.0,0.0,0.0
232.0,0.0,0.0,0.0,0.0,0.0,0.0
233.0,1.1493865713418927e-05,6.920383839315036e-07,0.0,0.0,0.0,0.0009578221427849105
234.0,6.949344879103592e-06,6.920383839315036e-07,0.0,0.0,0.0,0.0005791120732586327
235.0,0.0,0.0,0.0,0.0,0.0,0.0
236.0,0.0,0.0,0.0,0.0,0.0,0.0
237.0,0.0,0.0,0.0,0.0,0.0,0.0
238.0,0.0,0.0,0.0,0.0,0.0,0.0
239.0,0.0,0.0,0.0,0.0,0.0,0.0
240.0,0.0,0.0,0.0,0.0,0.0,0.0
241.0,0.0,0.0,0.0,0.0,0.0,0.0
242.0,0.0,0.0,0.0,0.0,0.0,0.0
243.0,0.0,0.0,0.0,0.0,0.0,0.0
244.0,0.0,0.0,0.0,0.0,0.0,0.0
245.0,0.0,0.0,0.0,0.0,0.0,0.0
246.0,0.0,0.0,0.0,0.0,0.0,0.0
247.0,0.0,0.0,0.0,0.0,0.0,0.0
248.0,0.0,0.0,0.0,0.0,0.0,0.0
249.0,0.0,0.0,0.0,0.0,0.0,0.0
250.0,0.0,0.0,0.0,0.0,0.0,0.0
251.0,0.0,0.0,0.0,0.0,0.0,0.0
252.0,0.0,0.0,0.0,0.0,0.0,0.0
253.0,0.0,0.0,0.0,0.0,0.0,0.0
254.0,0.0,0.0,0.0,0.0,0.0,0.0
255.0,0.0,0.0,0.0,0.0,0.0,0.0
256.0,0.0,0.0,0.0,0.0,0.0,0.0
257.0,0.0,0.0,0.0,0.0,0.0,0.0
258.0,6.949344879103592e-06,6.920383839315036e-07,0.0,0.0,0.0,0.0005791120732586327
259.0,5.89135306654498e-05,6.920383839315036e-07,0.0,0.0,0.0,0.004909460888787483
260.0,0.00013449753168970346,0.0,0.0,0.0,0.0,0.011208127640808621
261.0,0.00020496318757068366,0.0,0.0,0.0,0.0,0.017080265630890306
262.0,0.0001001157215796411,0.0,0.0,0.0,0.0,0.008342976798303425
263.0,0.00022674967476632446,0.0,0.0,0.0,0.0,0.01889580623052704
264.0,0.0,0.0,0.0,0.0,0.0,0.0
265.0,0.0,0.0,0.0,0.0,0.0,0.0
266.0,0.0,0.0,0.0,0.0,0.0,0.0
267.0,7.40400219001458e-06,0.0,0.0,0.0,0.0,0.000617000182501215
268.0,0.0,0.0,0.0,0.0,0.0,0.0
269.0,0.0,0.0,0.0,0.0,0.0,0.0
270.0,0.0,0.0,0.0,0.0,0.0,0.0
271.0,0.0,0.0,0.0,0.0,0.0,0.0
272.0,0.0,0.0,0.0,0.0,0.0,0.0
273.0,0.0,0.0,0.0,0.0,0.0,0.0
274.0,0.0,0.0,0.0,0.0,0.0,0.0
275.0,0.0,0.0,0.0,0.0,0.0,0.0
276.0,0.0,0.0,0.0,0.0,0.0,0.0
277.0,0.0,0.0,0.0,0.0,0.0,0.0
278.0,0.0,0.0,0.0,0.0,0.0,0.0
279.0,0.0,0.0,0.0,0.0,0.0,0.0
280.0,0.0,0.0,0.0,0.0,0.0,0.0
281.0,0.0,0.0,0.0,0.0,0.0,0.0
282.0,0.0,0.0,0.0,0.0,0.0,0.0
283.0,6.949344879103592e-06,6.920383839315036e-07,0.0,0.0,0.0,0.0005791120732586327
284.0,6.949344879103592e-06,6.920383839315036e-07,0.0,0.0,0.0,0.0005791120732586327
285.0,0.0,0.0,0.0,0.0,0.0,0.0
286.0,0.0,0.0,0.0,0.0,0.0,0.0
287.0,0.0,0.0,0.0,0.0,0.0,0.0
288.0,0.0,0.0,0.0,0.0,0.0,0.0
289.0,0.0,0.0,0.0,0.0,0.0,0.0
290.0,0.0,0.0,0.0,0.0,0.0,0.0
291.0,0.0,0.0,0.0,0.0,0.0,0.0
292.0,0.0,0.0,0.0,0.0,0.0,0.0
293.0,0.0,0.0,0.0,0.0,0.0,0.0
294.0,0.0,0.0,0.0,0.0,0.0,0.0
295.0,0.0,0.0,0.0,0.0,0.0,0.0
296.0,0.0,0.0,0.0,0.0,0.0,0.0
297.0,0.0,0.0,0.0,0.0,0.0,0.0
298.0,0.0,0.0,0.0,0.0,0.0,0.0
299.0,0.0,0.0,0.0,0.0,0.0,0.0
300.0,0.0,0.0,0.0,0.0,0.0,0.0
301.0,0.0,0.0,0.0,0.0,0.0,0.0
302.0,0.0,0.0,0.0,0.0,0.0,0.0
303.0,0.0,0.0,0.0,0.0,0.0,0.0
304.0,0.0,0.0,0.0,0.0,0.0,0.0
305.0,0.0,0.0,0.0,0.0,0.0,0.0
306.0,0.0,0.0,0.0,0.0,0.0,0.0
307.0,0.0,0.0,0.0,0.0,0.0,0.0
308.0,6.949344879103592e-06,6.920383839315036e-07,0.0,0.0,0.0,0.0005791120732586327
309.0,6.949344879103592e-06,6.920383839315036e-07,0.0,0.0,0.0,0.0005791120732586327
310.0,0.0,0.0,0.0,0.0,0.0,0.0
311.0,0.0006583774811588228,0.00020580746058840305,0.0,0.0,0.020833333333333332,0.1388888888888889
312.0,0.0008838846115395427,0.0,0.0,0.0,0.017361111111111112,0.11574074074074076
313.0,0.0001952784223249182,0.0,0.0,0.0,0.003472222222222222,0.023148148148148147
314.0,0.0004689031047746539,0.0,0.0,0.0,0.010416666666666666,0.06944444444444445
315.0,0.0,0.0,0.0,0.0,0.0,0.0
316.0,0.0,0.0,0.0,0.0,0.0,0.0
317.0,3.5334978747414425e-05,1.3206931726017501e-06,0.0,0.0,0.0,0.0029445815622845353
318.0,0.0,0.0,0.0,0.0,0.0,0.0
319.0,0.0,0.0,0.0,0.0,0.0,0.0
320.0,0.0002765352255664766,0.0,0.0,0.0,0.0,0.023044602130539715
321.0,0.00023051125754136592,0.0,0.0,0.0,0.006944444444444444,0.046296296296296294
322.0,5.106195999360352e-08,0.0,0.0,0.0,0.0,4.2551633328002936e-06
323.0,0.0,0.0,0.0,0.0,0.0,0.0
324.0,0.0,0.0,0.0,0.0,0.0,0.0
325.0,6.740183380316012e-06,0.0,0.0,0.0,0.0,0.0005616819483596677
326.0,0.0,0.0,0.0,0.0,0.0,0.0
327.0,0.0,0.0,0.0,0.0,0.0,0.0
328.0,8.908630843507126e-05,0.0,0.0,0.0,0.003472222222222222,0.023148148148148147
329.0,0.0006387866451404989,0.0003532845003064722,0.0,0.0,0.024305555555555556,0.16203703703703703
330.0,0.0004764262121170759,2.2011664668752928e-07,0.000415376533055678,0.0,0.012152777777777778,0.08101851851851852
331.0,0.0001719260326353833,0.0,3.2249249670712743e-07,0.0,0.005208333333333333,0.034722222222222224
332.0,0.00044875056482851505,0.0,0.0,0.0,0.003472222222222222,0.03739588040237626
333.0,0.00022047435049898922,7.408077635773225e-06,4.51493906439282e-06,0.0,0.003472222222222222,0.023148148148148147
334.0,4.274016828276217e-05,4.480460233935446e-07,0.0,0.0,0.0,0.0035616806902301805
335.0,0.00016379011503886431,0.0,0.0,0.0,0.0,0.013649176253238693
336.0,5.118122498970479e-05,0.0,0.0,0.0,0.0,0.004265102082475399
337.0,0.0,0.0,0.0,0.0,0.0,0.0
338.0,0.0,0.0,0.0,0.0,0.0,0.0
339.0,0.0,0.0,0.0,0.0,0.0,0.0
340.0,0.0,0.0,0.0,0.0,0.0,0.0
341.0,3.611791180446744e-05,0.0,0.0,0.0,0.0,0.00300982598370562
342.0,0.00031141057843342423,3.3017246892086405e-07,0.0,0.0,0.003472222222222222,0.025950881536118686
343.0,2.539487468311563e-05,0.0,0.0,0.0,0.0,0.0021162395569263026
344.0,0.0,0.0,0.0,0.0,0.0,0.0
345.0,0.0,0.0,0.0,0.0,0.0,0.0
346.0,0.0003792891511693597,0.0,0.0,0.0,0.003472222222222222,0.03160742926411331
347.0,0.0004789112717844546,0.002628502668812871,0.0,0.0,0.006944444444444444,0.06571256672032177
348.0,7.579314842587337e-05,0.0,0.0,0.0,0.0,0.006316095702156114
349.0,0.0004945532418787479,0.0,0.0,0.0,0.006944444444444444,0.046296296296296294
350.0,2.466296609782148e-05,2.8504813599283807e-05,0.0,0.0,0.0,0.0020552471748184566
351.0,0.0,0.0,0.0,0.0,0.0,0.0
352.0,0.0,0.0,0.0,0.0,0.0,0.0
353.0,1.0212417578259192e-07,0.0,0.0,0.0,0.0,8.51034798188266e-06
354.0,0.0003981481131631881,0.0,0.0,0.0,0.003472222222222222,0.03317900943026567
355.0,0.0,0.0,0.0,0.0,0.0,0.0
356.0,0.0,0.0,0.0,0.0,0.0,0.0
357.0,0.0,0.0,0.0,0.0,0.0,0.0
358.0,1.6596392015344463e-05,1.1083942581535666e-06,0.0,0.0,0.0,0.001383032667945372
359.0,7.88179113442311e-06,1.1083942581535666e-06,0.0,0.0,0.0,0.0006568159278685926
360.0,0.0,0.0,0.0,0.0,0.0,0.0
361.0,0.0,0.0,0.0,0.0,0.0,0.0
362.0,0.0,0.0,0.0,0.0,0.0,0.0
363.0,0.0,0.0,0.0,0.0,0.0,0.0
364.0,0.0,0.0,0.0,0.0,0.0,0.0
365.0,0.0,0.0,0.0,0.0,0.0,0.0
366.0,0.0,0.0,0.0,0.0,0.0,0.0
367.0,0.0,0.0,0.0,0.0,0.0,0.0
368.0,0.0,0.0,0.0,0.0,0.0,0.0
369.0,0.0,0.0,0.0,0.0,0.0,0.0
370.0,0.0,0.0,0.0,0.0,0.0,0.0
371.0,0.0,0.0,0.0,0.0,0.0,0.0
372.0,0.0,0.0,0.0,0.0,0.0,0.0
373.0,0.0,0.0,0.0,0.0,0.0,0.0
374.0,0.0,0.0,0.0,0.0,0.0,0.0
375.0,0.0,0.0,0.0,0.0,0.0,0.0
376.0,0.0,0.0,0.0,0.0,0.0,0.0
377.0,0.0,0.0,0.0,0.0,0.0,0.0
378.0,0.0,0.0,0.0,0.0,0.0,0.0
379.0,0.0,0.0,0.0,0.0,0.0,0.0
380.0,0.0,0.0,0.0,0.0,0.0,0.0
381.0,0.00931716151535511,0.010956661775708199,0.00041376406443305314,0.0,0.1440972222222222,0.9606481481481481
382.0,0.0,0.0,0.0,0.0,0.0,0.0
383.0,3.0621435143984854e-05,2.649197540449677e-06,0.0,0.0,0.0,0.0025517862619987377
384.0,0.00016381326713599265,4.797411179424671e-07,0.0,0.0,0.003472222222222222,0.023148148148148147
385.0,0.00028565831598825753,0.0,0.0,0.0,0.003472222222222222,0.023804859665688127
386.0,0.0002204690536018461,0.0,0.0,0.0,0.008680555555555556,0.05787037037037038
387.0,0.00021510751685127616,0.0,0.0,0.0,0.0,0.017925626404273014
388.0,0.0,0.0,0.0,0.0,0.0,0.0
389.0,0.00011223446927033365,0.0,0.0,0.0,0.0,0.00935287243919447
390.0,2.9394737794063985e-05,0.0,0.0,0.0,0.0,0.0024495614828386656
391.0,5.363221134757623e-05,0.0,0.0,0.0,0.0,0.004469350945631352
392.0,9.495846461504698e-05,0.0,0.0,0.0,0.0,0.007913205384587249
393.0,0.00024016200040932745,0.0,0.0,0.0,0.0,0.02001350003411062
394.0,0.0002787308767437935,0.0,0.0,0.0,0.0,0.023227573061982792
395.0,0.00016297315596602857,0.0,0.0,0.0,0.003472222222222222,0.023148148148148147
396.0,9.312022302765399e-05,0.0,0.0,0.0,0.0,0.007760018585637832
397.0,0.0,0.0,0.0,0.0,0.0,0.0
398.0,0.0,0.0,0.0,0.0,0.0,0.0
399.0,0.0,0.0,0.0,0.0,0.0,0.0
400.0,2.0067413061042316e-05,0.0,0.0,0.0,0.0,0.0016722844217535264
401.0,0.0,0.0,0.0,0.0,0.0,0.0
402.0,0.0,0.0,0.0,0.0,0.0,0.0
403.0,0.0,0.0,0.0,0.0,0.0,0.0
404.0,0.0,0.0,0.0,0.0,0.0,0.0
405.0,0.0,0.0,0.0,0.0,0.0,0.0
406.0,0.0,0.0,0.0,0.0,0.0,0.0
407.0,0.0,0.0,0.0,0.0,0.0,0.0
408.0,6.542057235492393e-06,4.797411179424671e-07,0.0,0.0,0.0,0.0005451714362910328
409.0,6.542057235492393e-06,4.797411179424671e-07,0.0,0.0,0.0,0.0005451714362910328
410.0,0.0,0.0,0.0,0.0,0.0,0.0
411.0,0.0,0.0,0.0,0.0,0.0,0.0
412.0,0.0,0.0,0.0,0.0,0.0,0.0
413.0,0.0,0.0,0.0,0.0,0.0,0.0
414.0,0.0,0.0,0.0,0.0,0.0,0.0
415.0,0.0,0.0,0.0,0.0,0.0,0.0
416.0,0.0,0.0,0.0,0.0,0.0,0.0
417.0,0.0,0.0,0.0,0.0,0.0,0.0
418.0,0.0,0.0,0.0,0.0,0.0,0.0
419.0,0.0,0.0,0.0,0.0,0.0,0.0
420.0,0.0019286999013274908,0.0,0.0,0.0,0.017361111111111112,0.1607249917772909
421.0,0.0,0.0,0.0,0.0,0.0,0.0
422.0,0.0,0.0,0.0,0.0,0.0,0.0
423.0,0.0,0.0,0.0,0.0,0.0,0.0
424.0,0.0,0.0,0.0,0.0,0.0,0.0
425.0,2.088441397063434e-05,0.0,0.0,0.0,0.001736111111111111,0.011574074074074073
426.0,0.0,0.0,0.0,0.0,0.0,0.0
427.0,0.0,0.0,0.0,0.0,0.0,0.0
428.0,0.0,0.0,0.0,0.0,0.0,0.0
429.0,0.0,0.0,0.0,0.0,0.0,0.0
430.0,0.0,0.0,0.0,0.0,0.0,0.0
431.0,0.0,0.0,0.0,0.0,0.0,0.0
432.0,0.0,0.0,0.0,0.0,0.0,0.0
433.0,6.950554052309599e-06,4.797411179424671e-07,0.0,0.0,0.0,0.0005792128376924666
434.0,6.950554052309599e-06,4.797411179424671e-07,0.0,0.0,0.0,0.0005792128376924666
435.0,0.0,0.0,0.0,0.0,0.0,0.0
436.0,0.0,0.0,0.0,0.0,0.0,0.0
437.0,0.0,0.0,0.0,0.0,0.0,0.0
438.0,0.0,0.0,0.0,0.0,0.0,0.0
439.0,0.0,0.0,0.0,0.0,0.0,0.0
440.0,0.0,0.0,0.0,0.0,0.0,0.0
441.0,0.0,0.0,0.0,0.0,0.0,0.0
442.0,0.0,0.0,0.0,0.0,0.0,0.0
443.0,0.0,0.0,0.0,0.0,0.0,0.0
444.0,0.0,0.0,0.0,0.0,0.0,0.0
445.0,0.0,0.0,0.0,0.0,0.0,0.0
446.0,0.0,0.0,0.0,0.0,0.0,0.0
447.0,0.04754398390650749,0.02242278680205345,0.0,0.0002784317475743592,0.4375,3.961998658875624
448.0,0.0,0.0,0.0,0.0,0.0,0.0
449.0,0.0,0.0,0.0,0.0,0.0,0.0
450.0,0.0,0.0,0.0,0.0,0.0,0.0
451.0,0.0,0.0,0.0,0.0,0.0,0.0
452.0,0.0,0.0,0.0,0.0,0.0,0.0
453.0,0.0,0.0,0.0,0.0,0.0,0.0
454.0,0.0,0.0,0.0,0.0,0.0,0.0
455.0,1.465385594201507e-05,2.278278407175094e-05,2.841523200913798e-05,0.0,0.0,0.0012211546618345892
456.0,1.465385594201507e-05,2.278278407175094e-05,2.841523200913798e-05,0.0,0.0,0.0012211546618345892
457.0,0.0,0.0,0.0,0.0,0.0,0.0
458.0,0.0,0.0,0.0,0.0,0.0,0.0
459.0,0.0,0.0,0.0,0.0,0.0,0.0
460.0,0.0,0.0,0.0,0.0,0.0,0.0
461.0,0.0,0.0,0.0,0.0,0.0,0.0
462.0,0.0,0.0,0.0,0.0,0.0,0.0
463.0,0.0,0.0,0.0,0.0,0.0,0.0
464.0,0.00022655248176306486,0.00013184885028749704,0.0,0.0,0.003472222222222222,0.023148148148148147
465.0,0.0,0.0,0.0,0.0,0.0,0.0
466.0,0.0,0.0,0.0,0.0,0.0,0.0
467.0,0.0,0.0,0.0,0.0,0.0,0.0
468.0,0.0,0.0,0.0,0.0,0.0,0.0
469.0,0.0,0.0,0.0,0.0,0.0,0.0
470.0,0.0,0.0,0.0,0.0,0.0,0.0
471.0,0.0,0.0,0.0,0.0,0.0,0.0
472.0,1.0015186489908956e-05,0.0,0.0,0.0,0.0,0.0008345988741590796
473.0,3.404113257943209e-08,0.0,0.0,0.0,0.0,2.8367610482860073e-06
474.0,0.0,0.0,0.0,0.0,0.0,0.0
475.0,0.0,0.0,0.0,0.0,0.0,0.0
476.0,0.00010780907177831978,0.0,0.0,0.0,0.001736111111111111,0.011574074074074073
477.0,0.04786519706249237,0.022494545206427574,0.0,0.0002784317475743592,0.4322916666666667,3.988766421874364
478.0,0.0,0.0,0.0,0.0,0.0,0.0
479.0,0.0,0.0,0.0,0.0,0.0,0.0
480.0,0.0,0.0,0.0,0.0,0.0,0.0
481.0,0.00022880917822476476,0.0,0.0,0.0,0.0,0.019067431518730398
482.0,6.450842920457944e-05,0.0,0.0,0.0,0.0,0.005375702433714953
483.0,0.0,0.0,0.0,0.0,0.0,0.0
484.0,0.04813854768872261,0.022494545206427574,0.0,0.0002784317475743592,0.4322916666666667,4.011545640726884
485.0,0.0,0.0,0.0,0.0,0.0,0.0
486.0,0.0003295887145213783,0.00013184885028749704,0.0,0.0,0.005208333333333333,0.034722222222222224
487.0,0.0,0.0,0.0,0.0,0.0,0.0
488.0,0.0,0.0,0.0,0.0,0.0,0.0
489.0,0.0,0.0,0.0,0.0,0.0,0.0
490.0,0.0,0.0,0.0,0.0,0.0,0.0
491.0,0.0,0.0,0.0,0.0,0.0,0.0
492.0,1.040666666085599e-05,1.1005832334376464e-07,0.0,0.0,0.0,0.0008672222217379991
493.0,4.7657948698542896e-07,1.1005832334376464e-07,0.0,0.0,0.0,3.9714957248785744e-05
494.0,0.0,0.0,0.0,0.0,0.0,0.0
495.0,0.0,0.0,0.0,0.0,0.0,0.0
496.0,0.0,0.0,0.0,0.0,0.0,0.0
497.0,0.0,0.0,0.0,0.0,0.0,0.0
498.0,0.0,0.0,0.0,0.0,0.0,0.0
499.0,0.0,0.0,0.0,0.0,0.0,0.0
500.0,0.0,0.0,0.0,0.0,0.0,0.0
501.0,0.0,0.0,0.0,0.0,0.0,0.0
502.0,0.0,0.0,0.0,0.0,0.0,0.0
503.0,0.0,0.0,0.0,0.0,0.0,0.0
504.0,0.0,0.0,0.0,0.0,0.0,0.0
505.0,0.0,0.0,0.0,0.0,0.0,0.0
506.0,0.0,0.0,0.0,0.0,0.0,0.0
507.0,0.0,0.0,0.0,0.0,0.0,0.0
508.0,0.0,0.0,0.0,0.0,0.0,0.0
509.0,0.0,0.0,0.0,0.0,0.0,0.0
510.0,0.0,0.0,0.0,0.0,0.0,0.0
511.0,0.0,0.0,0.0,0.0,0.0,0.0
512.0,0.0,0.0,0.0,0.0,0.0,0.0
513.0,0.0,0.0,0.0,0.0,0.0,0.0
514.0,0.0,0.0,0.0,0.0,0.0,0.0
515.0,0.0,0.0,0.0,0.0,0.0,0.0
516.0,0.0,0.0,0.0,0.0,0.0,0.0
517.0,4.7657948698542896e-07,1.1005832334376464e-07,0.0,0.0,0.0,3.9714957248785744e-05
518.0,4.7657948698542896e-07,1.1005832334376464e-07,0.0,0.0,0.0,3.9714957248785744e-05
519.0,0.0,0.0,0.0,0.0,0.0,0.0
520.0,4.6721805119886994e-05,0.0,0.0,0.0,0.0,0.0038934837599905827
521.0,9.436273103347048e-05,0.0,0.0,0.0,0.0,0.007863560919455873
522.0,3.625407543950132e-06,0.0,0.0,0.0,0.0,0.0003021172953291777
523.0,0.00015784992137923837,0.0,0.0,0.0,0.0,0.01315416011493653
524.0,0.00017298132297582924,0.0,0.0,0.0,0.0,0.01441511024798577
525.0,0.0,0.0,0.0,0.0,0.0,0.0
526.0,1.615265864529647e-05,0.0,0.0,0.0,0.0,0.0013460548871080391
527.0,0.0001223277358803898,0.0,0.0,0.0,0.0,0.010193977990032485
528.0,2.399918685114244e-06,0.0,0.0,0.0,0.0,0.00019999322375952033
529.0,0.00016874316497705877,0.0,0.0,0.0,0.003472222222222222,0.023148148148148147
530.0,0.00012117031292291358,0.0,0.0,0.0,0.0,0.010097526076909466
531.0,0.0002000782551476732,0.0,0.0,0.0,0.005208333333333333,0.034722222222222224
532.0,0.00018045339675154537,0.0,0.0,0.0,0.0,0.01503778306262878
533.0,0.0,0.0,0.0,0.0,0.0,0.0
534.0,7.148693384806393e-06,0.0,0.0,0.0,0.0,0.0005957244487338661
535.0,0.0,0.0,0.0,0.0,0.0,0.0
536.0,0.0,0.0,0.0,0.0,0.0,0.0
537.0,0.0,0.0,0.0,0.0,0.0,0.0
538.0,0.0,0.0,0.0,0.0,0.0,0.0
539.0,0.0,0.0,0.0,0.0,0.0,0.0
540.0,0.0,0.0,0.0,0.0,0.0,0.0
541.0,0.0,0.0,0.0,0.0,0.0,0.0
542.0,4.4253860664866806e-07,1.1005832334376464e-07,0.0,0.0,0.0,3.687821722072234e-05
543.0,4.4253860664866806e-07,1.1005832334376464e-07,0.0,0.0,0.0,3.687821722072234e-05
544.0,0.0,0.0,0.0,0.0,0.0,0.0
545.0,0.0,0.0,0.0,0.0,0.0,0.0
546.0,0.0,0.0,0.0,0.0,0.0,0.0
547.0,0.0,0.0,0.0,0.0,0.0,0.0
548.0,0.0,0.0,0.0,0.0,0.0,0.0
549.0,0.0,0.0,0.0,0.0,0.0,0.0
550.0,0.0,0.0,0.0,0.0,0.0,0.0
551.0,0.0,0.0,0.0,0.0,0.0,0.0
552.0,0.0,0.0,0.0,0.0,0.0,0.0
553.0,0.0,0.0,0.0,0.0,0.0,0.0
554.0,0.0,0.0,0.0,0.0,0.0,0.0
555.0,0.0,0.0,0.0,0.0,0.0,0.0
556.0,0.0,0.0,0.0,0.0,0.0,0.0
557.0,0.0,0.0,0.0,0.0,0.0,0.0
558.0,0.0,0.0,0.0,0.0,0.0,0.0
559.0,6.825296168244677e-06,0.0,0.0,0.0,0.0,0.0005687746806870564
560.0,8.256739238277078e-05,0.0,0.0,0.0,0.0,0.0068806160318975644
561.0,7.0993322879076e-05,0.0,0.0,0.0,0.0,0.005916110239923
562.0,0.0,0.0,0.0,0.0,0.0,0.0
563.0,0.0,0.0,0.0,0.0,0.0,0.0
564.0,0.0,0.0,0.0,0.0,0.0,0.0
565.0,0.0,0.0,0.0,0.0,0.0,0.0
566.0,0.0,0.0,0.0,0.0,0.0,0.0
567.0,0.00025140270008705556,1.1005832334376464e-07,0.0,0.0,0.001736111111111111,0.02095022500725463
568.0,0.00015473512758035213,1.1005832334376464e-07,0.0,0.0,0.001736111111111111,0.012894593965029344
569.0,0.000215464984648861,0.0,0.0,0.0,0.005208333333333333,0.034722222222222224
570.0,0.00018669592100195587,0.0,0.0,1.6043513824115507e-05,0.001736111111111111,0.015557993416829655
571.0,0.0002446003200020641,0.0,0.0,1.6043513824115507e-05,0.005208333333333333,0.034722222222222224
572.0,0.00021561814355663955,0.0,0.0,0.0,0.005208333333333333,0.034722222222222224
573.0,0.0001885382371256128,0.0,0.0,0.0,0.001736111111111111,0.015711519760467734
574.0,1.7020955311863872e-08,0.0,0.0,0.0,0.0,1.4184129426553227e-06
575.0,0.0,0.0,0.0,0.0,0.0,0.0
576.0,1.3310194844962098e-05,0.0,0.0,0.0,0.0,0.0011091829037468415
577.0,0.0,0.0,0.0,0.0,0.0,0.0
578.0,0.0,0.0,0.0,0.0,0.0,0.0
579.0,0.0,0.0,0.0,0.0,0.0,0.0
580.0,0.0,0.0,0.0,0.0,0.0,0.0
581.0,0.0,0.0,0.0,0.0,0.0,0.0
582.0,0.0,0.0,0.0,0.0,0.0,0.0
583.0,0.0,0.0,0.0,0.0,0.0,0.0
584.0,0.0,0.0,0.0,0.0,0.0,0.0
585.0,0.0,0.0,0.0,0.0,0.0,0.0
586.0,0.0,0.0,0.0,0.0,0.0,0.0
587.0,0.0,0.0,0.0,0.0,0.0,0.0
588.0,0.0,0.0,0.0,0.0,0.0,0.0
589.0,0.0,0.0,0.0,0.0,0.0,0.0
590.0,0.0,0.0,0.0,0.0,0.0,0.0
591.0,0.0,0.0,0.0,0.0,0.0,0.0
592.0,5.787042027805001e-07,1.1005832334376464e-07,0.0,0.0,0.0,4.822535023170834e-05
593.0,5.787042027805001e-07,1.1005832334376464e-07,0.0,0.0,0.0,4.822535023170834e-05
594.0,0.0,0.0,0.0,0.0,0.0,0.0
595.0,0.0,0.0,0.0,0.0,0.0,0.0
596.0,0.0,0.0,0.0,0.0,0.0,0.0
597.0,0.0,0.0,0.0,0.0,0.0,0.0
598.0,0.0,0.0,0.0,0.0,0.0,0.0
599.0,0.0,0.0,0.0,0.0,0.0,0.0
600.0,0.0,0.0,0.0,0.0,0.0,0.0
601.0,0.0,0.0,0.0,0.0,0.0,0.0
602.0,0.0,0.0,0.0,0.0,0.0,0.0
603.0,0.0,0.0,0.0,0.0,0.0,0.0
604.0,0.0,0.0,0.0,0.0,0.0,0.0
605.0,0.0,0.0,0.0,0.0,0.0,0.0
606.0,0.0,0.0,0.0,0.0,0.0,0.0
607.0,0.0,0.0,0.0,0.0,0.0,0.0
608.0,0.0,0.0,0.0,0.0,0.0,0.0
609.0,0.0,0.0,0.0,0.0,0.0,0.0
610.0,8.51034798188266e-08,0.0,0.0,0.0,0.0,7.091956651568883e-06
611.0,0.002884156536310911,0.0,0.0,0.0,0.03125,0.24034637802590925
612.0,0.0,0.0,0.0,0.0,0.0,0.0
613.0,0.0,0.0,0.0,0.0,0.0,0.0
614.0,0.0,0.0,0.0,0.0,0.0,0.0
615.0,0.0,0.0,0.0,0.0,0.0,0.0
616.0,0.0,0.0,0.0,0.0,0.0,0.0
617.0,9.504580702923704e-06,1.1005832334376464e-07,0.0,0.0,0.0,0.0007920483919103086
618.0,4.7657948698542896e-07,1.1005832334376464e-07,0.0,0.0,0.0,3.9714957248785744e-05
619.0,0.0,0.0,0.0,0.0,0.0,0.0
620.0,0.0,0.0,0.0,0.0,0.0,0.0
621.0,0.0,0.0,0.0,0.0,0.0,0.0
622.0,0.0,0.0,0.0,0.0,0.0,0.0
623.0,0.0,0.0,0.0,0.0,0.0,0.0
624.0,0.0,0.0,0.0,0.0,0.0,0.0
625.0,0.0,0.0,0.0,0.0,0.0,0.0
626.0,0.0,0.0,0.0,0.0,0.0,0.0
627.0,0.0,0.0,0.0,0.0,0.0,0.0
628.0,0.0,0.0,0.0,0.0,0.0,0.0
629.0,0.0,0.0,0.0,0.0,0.0,0.0
630.0,0.0,0.0,0.0,0.0,0.0,0.0
631.0,0.00011369823914719746,0.0,0.0,0.0,0.0,0.009474853262266455
632.0,0.0001258680276805535,0.0,0.0,0.0,0.0,0.010489002306712791
633.0,7.118054782040417e-05,0.0,0.0,0.0,0.0,0.005931712318367015
634.0,0.0001035879467963241,0.0,0.0,0.0,0.0,0.008632328899693675
635.0,0.0003546432126313448,0.0,0.0,0.0,0.003472222222222222,0.029553601052612066
636.0,0.00014139089034870267,0.0,0.0,0.0,0.0,0.011782574195725223
637.0,0.0,0.0,0.0,0.0,0.0,0.0
638.0,0.0,0.0,0.0,0.0,0.0,0.0
639.0,8.559707930544391e-05,0.0,0.0,0.0,0.0,0.007133089942120326
640.0,0.00021216296590864658,0.0,0.0,0.0,0.0,0.01768024715905388
641.0,8.750340202823281e-05,0.0,0.0,0.0,0.0,0.007291950169019401
642.0,1.6050515114329755e-05,1.1005832334376464e-07,0.0,0.0,0.0,0.0013375429261941463
643.0,4.425383508532832e-07,1.1005832334376464e-07,0.0,0.0,0.0,3.687819590444027e-05
644.0,0.0,0.0,0.0,0.0,0.0,0.0
645.0,0.0,0.0,0.0,0.0,0.0,0.0
646.0,0.0,0.0,0.0,0.0,0.0,0.0
647.0,0.0,0.0,0.0,0.0,0.0,0.0
648.0,0.0,0.0,0.0,0.0,0.0,0.0
649.0,0.0,0.0,0.0,0.0,0.0,0.0
650.0,0.0,0.0,0.0,0.0,0.0,0.0
651.0,0.0,0.0,0.0,0.0,0.0,0.0
652.0,0.0,0.0,0.0,0.0,0.0,0.0
653.0,0.0,0.0,0.0,0.0,0.0,0.0
654.0,0.0,0.0,0.0,0.0,0.0,0.0
655.0,0.0,0.0,0.0,0.0,0.0,0.0
656.0,0.0,0.0,0.0,0.0,0.0,0.0
657.0,0.0,0.0,0.0,0.0,0.0,0.0
658.0,0.0,0.0,0.0,0.0,0.0,0.0
659.0,0.0,0.0,0.0,0.0,0.0,0.0
660.0,0.0,0.0,0.0,0.0,0.0,0.0
661.0,8.255036664195359e-05,0.0,0.0,0.0,0.0,0.006879197220162799
662.0,0.00021767769067082554,0.0,0.0,0.0,0.0,0.018139807555902127
663.0,0.0,0.0,0.0,0.0,0.0,0.0
664.0,0.0,0.0,0.0,0.0,0.0,0.0
665.0,0.0,0.0,0.0,0.0,0.0,0.0
666.0,0.0,0.0,0.0,0.0,0.0,0.0
667.0,0.00025725780869834125,1.1005832334376464e-07,0.0,0.0,0.0,0.02143815072486177
668.0,0.00012986789806745946,1.1005832334376464e-07,0.0,0.0,0.0,0.010822324838954955
669.0,8.510328797228794e-08,0.0,0.0,0.0,0.0,7.091940664357328e-06
670.0,0.0,0.0,0.0,0.0,0.0,0.0
671.0,3.504561027511954e-05,0.0,0.0,0.0,0.0,0.0029204675229266286
672.0,0.0002272262645419687,0.0,0.0,0.0,0.0,0.01893552204516406
673.0,6.515521818073466e-05,0.0,0.0,0.0,0.0,0.005429601515061222
674.0,0.0,0.0,0.0,0.0,0.0,0.0
675.0,0.0,0.0,0.0,0.0,0.0,0.0
676.0,2.6933785193250515e-05,0.0,0.0,0.0,0.0,0.0022444820994375427
677.0,0.0,0.0,0.0,0.0,0.0,0.0
678.0,0.0,0.0,0.0,0.0,0.0,0.0
679.0,0.0,0.0,0.0,0.0,0.0,0.0
680.0,0.0,0.0,0.0,0.0,0.0,0.0
681.0,0.0,0.0,0.0,0.0,0.0,0.0
682.0,0.0,0.0,0.0,0.0,0.0,0.0
683.0,0.0,0.0,0.0,0.0,0.0,0.0
684.0,0.0,0.0,0.0,0.0,0.0,0.0
685.0,0.0,0.0,0.0,0.0,0.0,0.0
686.0,0.0,0.0,0.0,0.0,0.0,0.0
687.0,0.0,0.0,0.0,0.0,0.0,0.0
688.0,0.0,0.0,0.0,0.0,0.0,0.0
689.0,0.0,0.0,0.0,0.0,0.0,0.0
690.0,0.0,0.0,0.0,0.0,0.0,0.0
691.0,0.0,0.0,0.0,0.0,0.0,0.0
692.0,0.00018235971219837666,1.1005832334376464e-07,0.0,0.0,0.005208333333333333,0.034722222222222224
693.0,9.621798380976543e-05,1.1005832334376464e-07,0.0,0.0,0.0,0.008018165317480452
694.0,8.9324610598851e-05,0.0,0.0,0.0,0.0,0.00744371754990425
695.0,1.5982435797923245e-05,0.0,0.0,0.0,0.0,0.0013318696498269371
696.0,0.0,0.0,0.0,0.0,0.0,0.0
697.0,0.0,0.0,0.0,0.0,0.0,0.0
698.0,0.0,0.0,0.0,0.0,0.0,0.0
699.0,0.0,0.0,0.0,0.0,0.0,0.0
700.0,0.0,0.0,0.0,0.0,0.0,0.0
701.0,2.416939651084249e-06,0.0,0.0,0.0,0.0,0.00020141163759035408
702.0,0.0,0.0,0.0,0.0,0.0,0.0
703.0,0.0,0.0,0.0,0.0,0.0,0.0
704.0,0.0,0.0,0.0,0.0,0.0,0.0
705.0,0.0,0.0,0.0,0.0,0.0,0.0
706.0,0.0,0.0,0.0,0.0,0.0,0.0
707.0,0.0,0.0,0.0,0.0,0.0,0.0
708.0,0.0026695597916841507,0.0,0.0,0.0,0.008680555555555556,0.22246331597367922
709.0,2.701185985642951e-05,0.0,0.0,0.0,0.0,0.002250988321369126
710.0,0.0,0.0,0.0,0.0,0.0,0.0
711.0,0.0,0.0,0.0,0.0,0.0,0.0
712.0,0.0,0.0,0.0,0.0,0.0,0.0
713.0,0.0,0.0,0.0,0.0,0.0,0.0
714.0,0.0,0.0,0.0,0.0,0.0,0.0
715.0,0.0,0.0,0.0,0.0,0.0,0.0
716.0,0.0,0.0,0.0,0.0,0.0,0.0
717.0,4.7657948698542896e-07,1.1005832334376464e-07,0.0,0.0,0.0,3.9714957248785744e-05
718.0,4.7657948698542896e-07,1.1005832334376464e-07,0.0,0.0,0.0,3.9714957248785744e-05
719.0,0.0,0.0,0.0,0.0,0.0,0.0
720.0,0.0,0.0,0.0,0.0,0.0,0.0
721.0,0.0,0.0,0.0,0.0,0.0,0.0
722.0,0.0,0.0,0.0,0.0,0.0,0.0
723.0,0.0,0.0,0.0,0.0,0.0,0.0
724.0,3.4160533687099814e-05,0.0,0.0,0.0,0.0,0.002846711140591651
725.0,0.0,0.0,0.0,0.0,0.0,0.0
726.0,1.0382644859419088e-06,0.0,0.0,0.0,0.0,8.652204049515906e-05
727.0,0.0,0.0,0.0,0.0,0.0,0.0
728.0,0.0,0.0,0.0,0.0,0.0,0.0
729.0,0.0,0.0,0.0,0.0,0.0,0.0
730.0,0.00011635348346317187,0.0,0.0,0.0,0.0,0.009696123621930989
731.0,7.775054109515622e-05,0.0,0.0,0.0,0.0,0.0064792117579296855
732.0,0.00019897193124052137,0.0,0.0,0.0,0.005208333333333333,0.034722222222222224
733.0,0.00021051193471066654,0.0,0.0,0.0,0.003472222222222222,0.023148148148148147
734.0,0.00022467314556706697,0.0,0.0,0.0,0.003472222222222222,0.023148148148148147
735.0,0.0004553886828944087,0.0,0.0,0.0,0.0,0.037949056907867394
736.0,0.0,0.0,0.0,0.0,0.0,0.0
737.0,0.0,0.0,0.0,0.0,0.0,0.0
738.0,0.0,0.0,0.0,0.0,0.0,0.0
739.0,0.0,0.0,0.0,0.0,0.0,0.0
740.0,0.0,0.0,0.0,0.0,0.0,0.0
741.0,0.0,0.0,0.0,0.0,0.0,0.0
742.0,8.629490366729442e-06,1.1005832334376464e-07,0.0,0.0,0.0,0.0007191241972274535
743.0,4.7657948698542896e-07,1.1005832334376464e-07,0.0,0.0,0.0,3.9714957248785744e-05
744.0,0.0,0.0,0.0,0.0,0.0,0.0
745.0,0.0,0.0,0.0,0.0,0.0,0.0
746.0,0.0,0.0,0.0,0.0,0.0,0.0
747.0,0.0,0.0,0.0,0.0,0.0,0.0
748.0,0.0,0.0,0.0,0.0,0.0,0.0
749.0,0.0,0.0,0.0,0.0,0.0,0.0
750.0,0.0,0.0,0.0,0.0,0.0,0.0
751.0,0.0,0.0,0.0,0.0,0.0,0.0
752.0,0.0,0.0,0.0,0.0,0.0,0.0
753.0,0.0,0.0,0.0,0.0,0.0,0.0
754.0,0.0013060489436611533,0.0,0.0,0.0,0.012152777777777778,0.10883741197176278
755.0,0.0,0.0,0.0,0.0,0.0,0.0
756.0,9.804369227595089e-08,0.0,0.0,1.6043513824115507e-05,0.0,0.0020054392280144384
757.0,0.0412101075053215,0.015568850561976433,0.0,0.0004943452076986432,0.25,3.4341756254434586
758.0,0.0,0.0,0.0,0.0,0.0,0.0
759.0,0.0,0.0,0.0,0.0,0.0,0.0
760.0,0.0,0.0,0.0,0.0,0.0,0.0
761.0,0.0,0.0,0.0,0.0,0.0,0.0
762.0,0.0,0.0,0.0,0.0,0.0,0.0
763.0,0.0,0.0,0.0,0.0,0.0,0.0
764.0,0.0,0.0,0.0,0.0,0.0,0.0
765.0,1.1914487174635724e-07,0.0,0.0,0.0,0.0,9.928739312196436e-06
766.0,1.1914487174635724e-07,0.0,0.0,0.0,0.0,9.928739312196436e-06
767.0,0.0,0.0,0.0,0.0,0.0,0.0
768.0,9.174153819913045e-05,0.0,0.0,0.0,0.0,0.00764512818326087
769.0,4.505378092289902e-05,0.0,0.0,0.0,0.0,0.0037544817435749183
770.0,0.0,0.0,0.0,0.0,0.0,0.0
771.0,0.0,0.0,0.0,0.0,0.0,0.0
772.0,0.0,0.0,0.0,0.0,0.0,0.0
773.0,2.293400939379353e-05,1.2612809769052546e-05,4.283315138309263e-05,0.0,0.0,0.0019111674494827942
774.0,2.0840461729676463e-05,1.2612809769052546e-05,4.283315138309263e-05,0.0,0.0,0.0017367051441397052
775.0,0.0,0.0,0.0,0.0,0.0,0.0
776.0,0.0,0.0,0.0,0.0,0.0,0.0
777.0,0.0,0.0,0.0,0.0,0.0,0.0
778.0,0.0,0.0,0.0,0.0,0.0,0.0
779.0,0.0,0.0,0.0,0.0,0.0,0.0
780.0,0.0,0.0,0.0,0.0,0.0,0.0
781.0,0.0,0.0,0.0,0.0,0.0,0.0
782.0,0.0,0.0,0.0,0.0,0.0,0.0
783.0,0.0,0.0,0.0,0.0,0.0,0.0
784.0,0.0,0.0,0.0,0.0,0.0,0.0
785.0,0.0,0.0,0.0,0.0,0.0,0.0
786.0,0.00013672724890056998,0.0,0.0,0.0,0.0,0.01139393740838083
787.0,0.0,0.0,0.0,0.0,0.0,0.0
788.0,0.0,0.0,0.0,0.0,0.0,0.0
789.0,0.0,0.0,0.0,0.0,0.0,0.0
790.0,4.4253764031054743e-07,0.0,0.0,0.0,0.0,3.687813669254562e-05
791.0,1.1914487174635724e-07,0.0,0.0,0.0,0.0,9.928739312196436e-06
792.0,0.0,0.0,0.0,0.0,0.0,0.0
793.0,0.0,0.0,0.0,0.0,0.0,0.0
794.0,0.0,0.0,0.0,0.0,0.0,0.0
795.0,0.0,0.0,0.0,0.0,0.0,0.0
796.0,0.0,0.0,0.0,0.0,0.0,0.0
797.0,1.1488967174955178e-05,0.0,0.0,0.0,0.001736111111111111,0.011574074074074073
798.0,9.534004493616521e-05,1.2612809769052546e-05,4.283315138309263e-05,0.0,0.0,0.007945003744680434
799.0,2.1044708773843013e-05,1.2612809769052546e-05,4.283315138309263e-05,0.0,0.0,0.0017537257311535843
800.0,0.0,0.0,0.0,0.0,0.0,0.0
801.0,0.0,0.0,0.0,0.0,0.0,0.0
802.0,0.0,0.0,0.0,0.0,0.0,0.0
803.0,0.0,0.0,0.0,0.0,0.0,0.0
804.0,0.0,0.0,0.0,0.0,0.0,0.0
805.0,0.0,0.0,0.0,0.0,0.0,0.0
806.0,0.0,0.0,0.0,0.0,0.0,0.0
807.0,0.0,0.0,0.0,0.0,0.0,0.0
808.0,0.0002745437668636441,0.0006536312866955996,0.0,0.0,0.012152777777777778,0.08101851851851852
809.0,6.791256600990891e-05,0.0001655264204600826,0.0,0.0,0.0,0.005659380500825743
810.0,0.0006985462969169021,0.00451675895601511,0.0,0.0,0.013888888888888888,0.11291897390037775
811.0,0.00041579853859730065,0.0024102586321532726,0.0,0.0,0.010416666666666666,0.06944444444444445
812.0,0.0007257965044118464,0.0,0.0,0.0,0.013888888888888888,0.09259259259259259
813.0,0.0003735872160177678,0.0,0.0,0.0,0.006944444444444444,0.046296296296296294
814.0,1.2867642908531707e-05,0.0,0.0,0.0,0.001736111111111111,0.011574074074074073
815.0,0.0002769777784124017,5.546896863961592e-05,0.0,0.0,0.003472222222222222,0.023148148148148147
816.0,0.00017933003255166113,0.0,0.0,0.0,0.0,0.014944169379305094
817.0,0.00086735759396106,0.0,0.0,0.0,0.006944444444444444,0.072279799496755
818.0,9.097561269300058e-05,0.0,0.0,0.0,0.0,0.007581301057750048
819.0,0.0002687567612156272,0.0,0.0,0.0,0.003472222222222222,0.023148148148148147
820.0,1.6884529031813145e-05,0.0,0.0,0.0,0.0,0.0014070440859844287
821.0,0.0006807767204008996,0.0,0.0,0.0,0.0,0.056731393366741635
822.0,4.833878847421147e-06,0.0,0.0,0.0,0.0,0.00040282323728509556
823.0,0.00037856437847949564,1.3053039765509311e-05,4.283315138309263e-05,0.0,0.005208333333333333,0.034722222222222224
824.0,3.7282454286469147e-05,1.3053039765509311e-05,4.283315138309263e-05,0.0,0.0,0.0031068711905390956
825.0,0.0003367374010849744,0.0,0.0,0.0,0.001736111111111111,0.02806145009041453
826.0,3.0364919439307414e-05,0.0,0.0,0.0,0.0,0.0025304099532756177
827.0,0.0003940971801057458,0.0,0.0,0.0,0.0,0.032841431675478816
828.0,0.0001883680233731866,0.0,0.0,0.0,0.0,0.015697335281098884
829.0,0.0,0.0,0.0,0.0,0.0,0.0
830.0,0.0,0.0,0.0,0.0,0.0,0.0
831.0,0.0,0.0,0.0,0.0,0.0,0.0
832.0,4.0151811845134944e-05,0.0,0.0,0.0,0.0,0.003345984320427912
833.0,0.00018738082144409418,0.0,0.0,0.0,0.001736111111111111,0.015615068453674514
834.0,0.0,0.0,0.0,0.0,0.0,0.0
835.0,0.0,0.0,0.0,0.0,0.0,0.0
836.0,0.0,0.0,0.0,0.0,0.0,0.0
837.0,0.0,0.0,0.0,0.0,0.0,0.0
838.0,0.0,0.0,0.0,0.0,0.0,0.0
839.0,0.0,0.0,0.0,0.0,0.0,0.0
840.0,2.8084125460736686e-06,0.0,0.0,0.0,0.0,0.00023403437883947237
841.0,1.1914487174635724e-07,0.0,0.0,0.0,0.0,9.928739312196436e-06
842.0,0.0,0.0,0.0,0.0,0.0,0.0
843.0,0.0,0.0,0.0,0.0,0.0,0.0
844.0,0.0,0.0,0.0,0.0,0.0,0.0
845.0,0.0,0.0,0.0,0.0,0.0,0.0
846.0,0.0,0.0,0.0,0.0,0.0,0.0
847.0,0.0,0.0,0.0,0.0,0.0,0.0
848.0,2.586156188044697e-05,1.3053039765509311e-05,4.283315138309263e-05,0.0,0.0,0.002155130156703914
849.0,0.0003025669720955193,1.3053039765509311e-05,4.283315138309263e-05,0.0,0.0,0.025213914341293275
850.0,0.00016042003699112684,0.0,0.0,0.0,0.0,0.013368336415927237
851.0,0.0,0.0,0.0,0.0,0.0,0.0
852.0,0.0,0.0,0.0,0.0,0.0,0.0
853.0,0.0,0.0,0.0,0.0,0.0,0.0
854.0,0.000121153294458054,0.0,0.0,0.0,0.001736111111111111,0.011574074074074073
855.0,0.0,0.0,0.0,0.0,0.0,0.0
856.0,0.0,0.0,0.0,0.0,0.0,0.0
857.0,7.199758783826837e-06,0.0,0.0,0.0,0.0,0.0005999798986522364
858.0,0.0,0.0,0.0,0.0,0.0,0.0
859.0,4.459421688807197e-05,0.0,0.0,0.0,0.0,0.003716184740672664
860.0,0.0,0.0,0.0,0.0,0.0,0.0
861.0,0.0,0.0,0.0,0.0,0.0,0.0
862.0,0.0,0.0,0.0,0.0,0.0,0.0
863.0,0.0,0.0,0.0,0.0,0.0,0.0
864.0,0.0,0.0,0.0,0.0,0.0,0.0
865.0,5.106195999360352e-07,0.0,0.0,0.0,0.0,4.2551633328002936e-05
866.0,1.1914487174635724e-07,0.0,0.0,0.0,0.0,9.928739312196436e-06
867.0,0.0,0.0,0.0,0.0,0.0,0.0
868.0,0.0,0.0,0.0,0.0,0.0,0.0
869.0,0.0,0.0,0.0,0.0,0.0,0.0
870.0,0.0,0.0,0.0,0.0,0.0,0.0
871.0,0.0,0.0,0.0,0.0,0.0,0.0
872.0,0.0,0.0,0.0,0.0,0.0,0.0
873.0,2.405736995569896e-05,1.3053039765509311e-05,4.283315138309263e-05,0.0,0.0,0.00200478082964158
874.0,2.405736995569896e-05,1.3053039765509311e-05,4.283315138309263e-05,0.0,0.0,0.00200478082964158
875.0,0.0,0.0,0.0,0.0,0.0,0.0
876.0,0.0,0.0,0.0,0.0,0.0,0.0
877.0,9.015860996441916e-05,0.0,0.0,0.0,0.003472222222222222,0.023148148148148147
878.0,0.00014042071416042745,0.0,0.0,0.0,0.0,0.011701726180035621
879.0,3.8602931454079226e-05,0.0,0.0,0.0,0.001736111111111111,0.011574074074074073
880.0,0.00013458263128995895,0.0,0.0,0.0,0.0,0.011215219274163246
881.0,0.0002524679875932634,0.0,0.0,0.0,0.003472222222222222,0.023148148148148147
882.0,0.00016828363004606217,0.0,0.0,0.0,0.003472222222222222,0.023148148148148147
883.0,0.0002065120788756758,0.0,0.0,0.0,0.001736111111111111,0.017209339906306315
884.0,2.6399095077067614e-05,0.0,0.0,0.0,0.0,0.0021999245897556343
885.0,0.0,0.0,0.0,0.0,0.0,0.0
886.0,0.0,0.0,0.0,0.0,0.0,0.0
887.0,0.00817134603857994,0.0077444142661988735,0.0,0.0,0.09895833333333333,0.680945503214995
888.0,8.821824303595349e-05,0.0,0.0,0.0,0.003472222222222222,0.023148148148148147
889.0,0.00021093746181577444,0.0,0.0,0.0,0.003472222222222222,0.023148148148148147
890.0,0.00025885069044306874,0.0,0.0,0.0,0.003472222222222222,0.023148148148148147
891.0,4.401550904731266e-05,0.0,0.0,0.0,0.0,0.003667959087276055
892.0,0.0,0.0,0.0,0.0,0.0,0.0
893.0,0.00012038736895192415,0.0,0.0,0.0,0.003472222222222222,0.023148148148148147
894.0,0.00010146034765057266,9.321867401013151e-05,0.0,0.0,0.005208333333333333,0.034722222222222224
895.0,0.00038563788984902203,0.00013900258636567742,0.0,0.0,0.001736111111111111,0.03213649082075184
896.0,0.0002894368954002857,0.0,0.0,0.0,0.003472222222222222,0.024119741283357143
897.0,0.0002499489055480808,0.0,0.0,0.0,0.003472222222222222,0.023148148148148147
898.0,0.00020822128863073885,1.602458542038221e-05,4.283315138309263e-05,0.0,0.005208333333333333,0.034722222222222224
899.0,6.483896140707657e-05,1.2722865903924685e-05,4.283315138309263e-05,0.0,0.001736111111111111,0.011574074074074073
900.0,0.0002728587423916906,0.0,0.0,0.0,0.006944444444444444,0.046296296296296294
901.0,0.0002447405713610351,0.0,0.0,0.0,0.003472222222222222,0.023148148148148147
902.0,8.510325244515116e-08,0.0,0.0,0.0,0.0,7.091937703762596e-06
903.0,0.00013034447329118848,0.0,0.0,0.0,0.003472222222222222,0.023148148148148147
904.0,0.00025927621754817665,0.0,0.0,0.0,0.003472222222222222,0.023148148148148147
905.0,0.00013187633885536343,0.0,0.0,0.0,0.001736111111111111,0.011574074074074073
906.0,0.00013711870997212827,0.0,0.0,0.0,0.001736111111111111,0.011574074074074073
907.0,6.604032387258485e-05,0.0,0.0,0.0,0.001736111111111111,0.011574074074074073
908.0,0.0,0.0,0.0,0.0,0.0,0.0
909.0,0.00013505920651368797,0.0,0.0,0.0,0.003472222222222222,0.023148148148148147
910.0,0.0002470893959980458,0.0,0.0,0.0,0.003472222222222222,0.023148148148148147
911.0,0.00021304801339283586,0.0,0.0,0.0,0.001736111111111111,0.017754001116069656
912.0,0.00023971944756340235,0.0,0.0,0.0,0.003472222222222222,0.023148148148148147
913.0,6.061068779672496e-05,0.0,0.0,0.0,0.0,0.00505089064972708
914.0,0.0001720792060950771,0.0,0.0,0.0,0.001736111111111111,0.014339933841256425
915.0,1.0876225132960826e-05,0.0,0.0,0.0,0.0,0.0009063520944134021
916.0,0.000134889007313177,0.0,0.0,0.0,0.001736111111111111,0.011574074074074073
917.0,8.428647561231628e-05,0.0,0.0,0.0,0.0,0.007023872967693023
918.0,0.00021531178208533674,0.0,0.0,0.0,0.001736111111111111,0.017942648507111397
919.0,0.00016904951189644635,0.0,0.0,0.0,0.001736111111111111,0.014087459324703861
920.0,0.0002025632857112214,0.0,0.0,0.0,0.003472222222222222,0.023148148148148147
921.0,8.028661250136793e-05,0.0,0.0,0.0,0.001736111111111111,0.011574074074074073
922.0,2.723334660004184e-07,0.0,0.0,0.0,0.0,2.2694455500034867e-05
923.0,3.541019759722985e-05,1.2722865903924685e-05,4.283315138309263e-05,0.0,0.0,0.0029508497997691543
924.0,2.5861565518425778e-05,1.2722865903924685e-05,4.283315138309263e-05,0.0,0.0,0.002155130459868815
925.0,0.0,0.0,0.0,0.0,0.0,0.0
926.0,0.0,0.0,0.0,0.0,0.0,0.0
927.0,5.979369598207995e-05,0.0,0.0,0.0,0.0,0.0049828079985066625
928.0,9.422656876267865e-05,0.0,0.0,0.0,0.0,0.007852214063556554
929.0,0.0,0.0,0.0,0.0,0.0,0.0
930.0,0.0,0.0,0.0,0.0,0.0,0.0
931.0,0.0,0.0,0.0,0.0,0.0,0.0
932.0,3.1488280001212843e-06,0.0,0.0,0.0,0.0,0.0002624023333434404
933.0,0.0,0.0,0.0,0.0,0.0,0.0
934.0,0.0,0.0,0.0,0.0,0.0,0.0
935.0,5.3036477765999734e-05,0.0,0.0,0.0,0.001736111111111111,0.011574074074074073
936.0,0.0,0.0,0.0,0.0,0.0,0.0
937.0,4.277300467947498e-05,0.0,0.0,0.0,0.0,0.003564417056622915
938.0,8.282269118353724e-05,0.0,0.0,0.0,0.003472222222222222,0.023148148148148147
939.0,7.822711631888524e-05,0.0,0.0,0.0,0.003472222222222222,0.023148148148148147
940.0,1.155704740085639e-05,0.0,0.0,0.0,0.0,0.0009630872834046992
941.0,0.00019556777260731906,0.0,0.0,0.0,0.001736111111111111,0.016297314383943256
942.0,0.0,0.0,0.0,0.0,0.0,0.0
943.0,0.0,0.0,0.0,0.0,0.0,0.0
944.0,4.3198517232667655e-05,0.0,0.0,0.0,0.0,0.003599876436055638
945.0,0.000241183239268139,0.0,0.0,0.0,0.001736111111111111,0.020098603272344917
946.0,0.00021137998555786908,0.0,0.0,0.0,0.001736111111111111,0.01761499879648909
947.0,0.00023774504370521754,0.0,0.0,0.0,0.001736111111111111,0.019812086975434795
948.0,0.0002274036087328568,1.2722865903924685e-05,4.283315138309263e-05,0.0,0.001736111111111111,0.018950300727738068
949.0,6.213265442056581e-05,1.2722865903924685e-05,4.283315138309263e-05,0.0,0.001736111111111111,0.011574074074074073
950.0,0.00019977186457253993,0.0,0.0,0.0,0.005208333333333333,0.034722222222222224
951.0,0.00022162645473144948,0.0,0.0,0.0,0.003472222222222222,0.023148148148148147
952.0,0.0002512424543965608,0.0,0.0,0.0,0.001736111111111111,0.020936871199713398
953.0,0.0002166564081562683,0.0,0.0,0.0,0.001736111111111111,0.018054700679689024
954.0,0.00026329312822781503,0.0,0.0,0.0,0.003472222222222222,0.023148148148148147
955.0,5.106208789129596e-08,0.0,0.0,0.0,0.0,4.25517399094133e-06
956.0,0.0,0.0,0.0,0.0,0.0,0.0
957.0,0.0001826490624807775,0.0,0.0,0.0,0.003472222222222222,0.023148148148148147
958.0,0.0001614412758499384,0.0,0.0,0.0,0.001736111111111111,0.013453439654161533
959.0,0.00013796974963042885,0.0,0.0,0.0,0.001736111111111111,0.011574074074074073
960.0,0.00018411285418551415,0.0,0.0,0.0,0.001736111111111111,0.015342737848792845
961.0,0.0001128642397816293,0.0,0.0,0.0,0.001736111111111111,0.011574074074074073
962.0,0.000181440613232553,0.0,0.0,0.0,0.0,0.01512005110271275
963.0,0.00024368528102058917,0.0,0.0,0.0,0.001736111111111111,0.020307106751715764
964.0,0.0001742408494465053,0.0,0.0,0.0,0.001736111111111111,0.014520070787208775
965.0,0.00024070667859632522,0.0,0.0,0.0,0.003472222222222222,0.023148148148148147
966.0,0.0002824413822963834,0.0,0.0,0.0,0.006944444444444444,0.046296296296296294
967.0,5.4023686971049756e-05,0.0,0.0,0.0,0.0,0.004501973914254147
968.0,0.0,0.0,0.0,0.0,0.0,0.0
969.0,0.0,0.0,0.0,0.0,0.0,0.0
970.0,0.0,0.0,0.0,0.0,0.0,0.0
971.0,0.0,0.0,0.0,0.0,0.0,0.0
972.0,0.0,0.0,0.0,0.0,0.0,0.0
973.0,3.575058508431539e-05,1.2722865903924685e-05,4.283315138309263e-05,0.0,0.0,0.002979215423692949
974.0,3.146136805298738e-05,1.2722865903924685e-05,4.283315138309263e-05,0.0,0.0,0.002621780671082282
975.0,0.0,0.0,0.0,0.0,0.0,0.0
976.0,0.0,0.0,0.0,0.0,0.0,0.0
977.0,0.0,0.0,0.0,0.0,0.0,0.0
978.0,0.0,0.0,0.0,0.0,0.0,0.0
979.0,0.0,0.0,0.0,0.0,0.0,0.0
980.0,0.0,0.0,0.0,0.0,0.0,0.0
981.0,0.0,0.0,0.0,0.0,0.0,0.0
982.0,0.0,0.0,0.0,0.0,0.0,0.0
983.0,0.0,0.0,0.0,0.0,0.0,0.0
984.0,8.714593604963738e-06,0.0,0.0,0.0,0.0,0.0007262161337469782
985.0,0.00040499039459973574,0.0,0.0,0.0,0.0,0.03374919954997798
986.0,8.151210931828246e-05,0.0,0.0,0.0,0.001736111111111111,0.011574074074074073
987.0,0.0,0.0,0.0,0.0,0.0,0.0
988.0,0.0,0.0,0.0,0.0,0.0,0.0
989.0,3.404139192753064e-08,0.0,0.0,0.0,0.0,2.8367826606275535e-06
990.0,0.00017902364197652787,0.0,0.0,0.0,0.006944444444444444,0.046296296296296294
991.0,0.00012804668222088367,0.0,0.0,0.0,0.001736111111111111,0.011574074074074073
992.0,0.0001308210485149175,0.0,0.0,0.0,0.001736111111111111,0.011574074074074073
993.0,0.00019621456158347428,0.0,0.0,0.0,0.0,0.016351213465289522
994.0,0.00023990667250473052,0.0,0.0,0.0,0.005208333333333333,0.034722222222222224
995.0,8.733317372389138e-05,0.0,0.0,0.0,0.0,0.0072777644769909475
996.0,5.296840026858263e-05,0.0,0.0,0.0,0.0,0.004414033355715219
997.0,0.0,0.0,0.0,0.0,0.0,0.0
998.0,4.441411510924809e-05,1.2722865903924685e-05,4.283315138309263e-05,0.0,0.001736111111111111,0.011574074074074073
999.0,3.605695383157581e-05,1.2722865903924685e-05,4.283315138309263e-05,0.0,0.0,0.0030047461526313177
1000.0,0.0,0.0,0.0,0.0,0.0,0.0
1001.0,0.0,0.0,0.0,0.0,0.0,0.0
1002.0,0.0,0.0,0.0,0.0,0.0,0.0
1003.0,0.0,0.0,0.0,0.0,0.0,0.0
1004.0,0.0,0.0,0.0,0.0,0.0,0.0
1005.0,0.0,0.0,0.0,0.0,0.0,0.0
1006.0,0.0,0.0,0.0,0.0,0.0,0.0
1007.0,0.011172519065439701,0.00023244137992151082,0.0,0.0,0.1527777777777778,1.0185185185185186
1008.0,0.0,0.0,0.0,0.0,0.0,0.0
1009.0,0.0,0.0,0.0,0.0,0.0,0.0
1010.0,0.0,0.0,0.0,0.0,0.0,0.0
1011.0,0.0,0.0,0.0,0.0,0.0,0.0
1012.0,0.0,0.0,0.0,0.0,0.0,0.0
1013.0,0.0,0.0,0.0,0.0,0.0,0.0
1014.0,0.0,0.0,0.0,0.0,0.0,0.0
1015.0,3.6254102724342374e-06,0.0,0.0,0.0,0.0,0.00030211752270285314
1016.0,1.1914487174635724e-07,0.0,0.0,0.0,0.0,9.928739312196436e-06
1017.0,0.0,0.0,0.0,0.0,0.0,0.0
1018.0,0.0,0.0,0.0,0.0,0.0,0.0
1019.0,0.0,0.0,0.0,0.0,0.0,0.0
1020.0,0.0,0.0,0.0,0.0,0.0,0.0
1021.0,0.0002993259113281965,0.0019315086537972093,0.0,0.0,0.005208333333333333,0.04828771634493023
1022.0,0.0001695261016720906,0.0010961723746731877,0.0,0.0,0.001736111111111111,0.027404309366829693
1023.0,0.0002494964865036309,0.0014884836273267865,4.283315138309263e-05,0.0,0.001736111111111111,0.03721209068316966
1024.0,2.1231937353149988e-05,1.4924019524187315e-05,4.283315138309263e-05,0.0,0.0,0.001769328112762499
1025.0,0.0,0.0,0.0,0.0,0.0,0.0
1026.0,0.0,0.0,0.0,0.0,0.0,0.0
1027.0,0.0,0.0,0.0,0.0,0.0,0.0
1028.0,0.0,0.0,0.0,0.0,0.0,0.0
1029.0,2.6279949452145956e-05,0.00016596665955148637,0.0,0.0,0.001736111111111111,0.011574074074074073
1030.0,0.00024063857563305646,0.0013499651104211807,0.0,0.0,0.001736111111111111,0.03374912776052952
1031.0,0.0,0.0,0.0,0.0,0.0,0.0
1032.0,4.170078682363965e-06,2.0250625311746262e-05,0.0,0.0,0.0,0.0005062656327936566
1033.0,0.00021629896946251392,0.0010925405658781528,0.0,0.0,0.005208333333333333,0.034722222222222224
1034.0,0.0001515352341812104,0.0007908729603514075,0.0,0.0,0.006944444444444444,0.046296296296296294
1035.0,0.00025691036717034876,0.0,0.0,0.0,0.005208333333333333,0.034722222222222224
1036.0,0.0001961294619832188,0.0,0.0,0.0,0.003472222222222222,0.023148148148148147
1037.0,0.0002252859267173335,0.0,0.0,0.0,0.003472222222222222,0.023148148148148147
1038.0,0.00032453358289785683,0.0,0.0,0.0,0.005208333333333333,0.034722222222222224
1039.0,0.0,0.0,0.0,0.0,0.0,0.0
1040.0,0.0002741693169809878,1.6618667359580286e-05,0.0,0.0,0.005208333333333333,0.034722222222222224
1041.0,0.00023594085359945893,0.0,0.0,0.0,0.006944444444444444,0.046296296296296294
1042.0,0.0,0.0,0.0,0.0,0.0,0.0
1043.0,0.0,0.0,0.0,0.0,0.0,0.0
1044.0,0.00019267425523139536,0.0,0.0,0.0,0.001736111111111111,0.016056187935949612
1045.0,0.000302866188576445,0.0,0.0,0.0,0.010416666666666666,0.06944444444444445
1046.0,0.0,0.0,0.0,0.0,0.0,0.0
1047.0,0.0,0.0,0.0,0.0,0.0,0.0
1048.0,0.00024573487462475896,1.8886084944824688e-05,4.283315138309263e-05,0.0,0.005208333333333333,0.034722222222222224
1049.0,0.0004022231441922486,1.8886084944824688e-05,4.283315138309263e-05,0.0,0.010416666666666666,0.06944444444444445
1050.0,0.00015883710875641555,0.0,0.0,0.0,0.005208333333333333,0.034722222222222224
1051.0,0.00027348852017894387,0.0,0.0,0.0,0.005208333333333333,0.034722222222222224
1052.0,0.00029568347963504493,0.0,0.0,0.0,0.003472222222222222,0.024640289969587077
1053.0,0.0002185456978622824,0.0,0.0,0.0,0.001736111111111111,0.018212141488523532
1054.0,4.049223571200855e-05,0.0,0.0,0.0,0.0,0.0033743529760007127
1055.0,0.0003015556139871478,0.0,0.0,0.0,0.008680555555555556,0.05787037037037038
1056.0,0.00029146234737709165,0.0,0.0,0.0,0.005208333333333333,0.034722222222222224
1057.0,0.00033081418951041996,0.0,0.0,0.0,0.005208333333333333,0.034722222222222224
1058.0,8.60906729940325e-05,0.0,0.0,0.0,0.0,0.007174222749502708
1059.0,0.0,0.0,0.0,0.0,0.0,0.0
1060.0,0.0,0.0,0.0,0.0,0.0,0.0
1061.0,0.0,0.0,0.0,0.0,0.0,0.0
1062.0,0.0,0.0,0.0,0.0,0.0,0.0
1063.0,0.0,0.0,0.0,0.0,0.0,0.0
1064.0,0.0,0.0,0.0,0.0,0.0,0.0
1065.0,3.216918003090541e-06,0.0,0.0,0.0,0.0,0.0002680765002575451
1066.0,1.1914487174635724e-07,0.0,0.0,0.0,0.0,9.928739312196436e-06
1067.0,0.0,0.0,0.0,0.0,0.0,0.0
1068.0,0.0,0.0,0.0,0.0,0.0,0.0
1069.0,0.0,0.0,0.0,0.0,0.0,0.0
1070.0,0.0,0.0,0.0,0.0,0.0,0.0
1071.0,0.0,0.0,0.0,0.0,0.0,0.0
1072.0,0.0,0.0,0.0,0.0,0.0,0.0
1073.0,2.380206024099607e-05,1.8886084944824688e-05,4.283315138309263e-05,0.0,0.0,0.001983505020083006
1074.0,2.380206024099607e-05,1.8886084944824688e-05,4.283315138309263e-05,0.0,0.0,0.001983505020083006
1075.0,0.0,0.0,0.0,0.0,0.0,0.0
1076.0,0.0004012288118246943,0.0,0.0,0.0,0.006944444444444444,0.046296296296296294
1077.0,0.00014071007899474353,0.0,0.0,0.0,0.001736111111111111,0.011725839916228628
1078.0,0.00018998498853761703,0.0,0.0,0.0,0.001736111111111111,0.015832082378134753
1079.0,0.0,0.0,0.0,0.0,0.0,0.0
1080.0,0.0,0.0,0.0,0.0,0.0,0.0
1081.0,0.0,0.0,0.0,0.0,0.0,0.0
1082.0,7.5571847446553875e-06,0.0,0.0,0.0,0.0,0.000629765395387949
1083.0,0.0,0.0,0.0,0.0,0.0,0.0
1084.0,0.0,0.0,0.0,0.0,0.0,0.0
1085.0,0.0,0.0,0.0,0.0,0.0,0.0
1086.0,0.0,0.0,0.0,0.0,0.0,0.0
1087.0,0.0,0.0,0.0,0.0,0.0,0.0
1088.0,0.0,0.0,0.0,0.0,0.0,0.0
1089.0,0.0,0.0,0.0,0.0,0.0,0.0
1090.0,1.1914487174635724e-07,0.0,0.0,0.0,0.0,9.928739312196436e-06
1091.0,1.1914487174635724e-07,0.0,0.0,0.0,0.0,9.928739312196436e-06
1092.0,0.0,0.0,0.0,0.0,0.0,0.0
1093.0,0.0,0.0,0.0,0.0,0.0,0.0
1094.0,0.0,0.0,0.0,0.0,0.0,0.0
1095.0,0.0,0.0,0.0,0.0,0.0,0.0
1096.0,0.0,0.0,0.0,0.0,0.0,0.0
1097.0,0.0005139568820595741,0.0,0.0,0.0,0.001736111111111111,0.04282974017163118
1098.0,3.278898657299578e-05,1.8886084944824688e-05,4.283315138309263e-05,0.0,0.0,0.0027324155477496483
1099.0,2.4295661205542274e-05,1.8886084944824688e-05,4.283315138309263e-05,0.0,0.0,0.0020246384337951895
1100.0,0.0,0.0,0.0,0.0,0.0,0.0
1101.0,0.0,0.0,0.0,0.0,0.0,0.0
1102.0,0.0,0.0,0.0,0.0,0.0,0.0
1103.0,0.0,0.0,0.0,0.0,0.0,0.0
1104.0,4.187090598861687e-05,0.0,0.0,0.0,0.001736111111111111,0.011574074074074073
1105.0,6.001496876706369e-05,0.0,0.0,0.0,0.0,0.005001247397255308
1106.0,0.0,0.0,0.0,0.0,0.0,0.0
1107.0,3.319038569316035e-06,0.0,0.0,0.0,0.0,0.00027658654744300293
1108.0,0.0,0.0,0.0,0.0,0.0,0.0
1109.0,0.0,0.0,0.0,0.0,0.0,0.0
1110.0,0.0,0.0,0.0,0.0,0.0,0.0
1111.0,0.0,0.0,0.0,0.0,0.0,0.0
1112.0,0.0,0.0,0.0,0.0,0.0,0.0
1113.0,0.0,0.0,0.0,0.0,0.0,0.0
1114.0,0.0,0.0,0.0,0.0,0.0,0.0
1115.0,1.1914487174635724e-07,0.0,0.0,0.0,0.0,9.928739312196436e-06
1116.0,1.1914487174635724e-07,0.0,0.0,0.0,0.0,9.928739312196436e-06
1117.0,0.0,0.0,0.0,0.0,0.0,0.0
1118.0,0.0,0.0,0.0,0.0,0.0,0.0
1119.0,0.0,0.0,0.0,0.0,0.0,0.0
1120.0,0.0,0.0,0.0,0.0,0.0,0.0
1121.0,0.0,0.0,0.0,0.0,0.0,0.0
1122.0,0.0,0.0,0.0,0.0,0.0,0.0
1123.0,2.4670114726177417e-05,1.8886084944824688e-05,4.283315138309263e-05,0.0,0.0,0.002055842893848118
1124.0,2.4670114726177417e-05,1.8886084944824688e-05,4.283315138309263e-05,0.0,0.0,0.002055842893848118
1125.0,0.0,0.0,0.0,0.0,0.0,0.0
1126.0,0.0,0.0,0.0,0.0,0.0,0.0
1127.0,0.0,0.0,0.0,0.0,0.0,0.0
1128.0,0.0,0.0,0.0,0.0,0.0,0.0
1129.0,0.0,0.0,0.0,0.0,0.0,0.0
1130.0,0.0,0.0,0.0,0.0,0.0,0.0
1131.0,0.0,0.0,0.0,0.0,0.0,0.0
1132.0,0.0,0.0,0.0,0.0,0.0,0.0
1133.0,0.0,0.0,0.0,0.0,0.0,0.0
1134.0,0.0,0.0,0.0,0.0,0.0,0.0
1135.0,0.006256653927266598,0.007860193960368633,0.0,0.0,0.10590277777777778,0.7060185185185185
1136.0,0.0,0.0,0.0,0.0,0.0,0.0
1137.0,0.0,0.0,0.0,0.0,0.0,0.0
1138.0,0.0,0.0,0.0,0.0,0.0,0.0
1139.0,0.0,0.0,0.0,0.0,0.0,0.0
1140.0,2.5360839117638534e-06,0.0,0.0,0.0,0.0,0.00021134032598032113
1141.0,1.1914487174635724e-07,0.0,0.0,0.0,0.0,9.928739312196436e-06
1142.0,0.0,0.0,0.0,0.0,0.0,0.0
1143.0,0.0,0.0,0.0,0.0,0.0,0.0
1144.0,0.0,0.0,0.0,0.0,0.0,0.0
1145.0,0.0,0.0,0.0,0.0,0.0,0.0
1146.0,0.0,0.0,0.0,0.0,0.0,0.0
1147.0,0.0,0.0,0.0,0.0,0.0,0.0
1148.0,2.0840461729676463e-05,1.2612809769052546e-05,4.283315138309263e-05,0.0,0.0,0.0017367051441397052
1149.0,2.0840461729676463e-05,1.2612809769052546e-05,4.283315138309263e-05,0.0,0.0,0.0017367051441397052
1150.0,0.0,0.0,0.0,0.0,0.0,0.0
1151.0,0.0,0.0,0.0,0.0,0.0,0.0
1152.0,0.0,0.0,0.0,0.0,0.0,0.0
1153.0,0.02732667699456215,0.0009396655368618667,0.0,0.00041980863898061216,0.1440972222222222,2.277223082880179
1154.0,0.0,0.0,0.0,0.0,0.0,0.0
1155.0,0.0,0.0,0.0,0.0,0.0,0.0
1156.0,0.0,0.0,0.0,0.0,0.0,0.0
1157.0,0.0,0.0,0.0,0.0,0.0,0.0
1158.0,0.0,0.0,0.0,0.0,0.0,0.0
1159.0,0.0,0.0,0.0,0.0,0.0,0.0
1160.0,0.0,0.0,0.0,0.0,0.0,0.0
1161.0,1.7020825637814596e-08,1.1005832334376464e-07,0.0,0.0,0.0,2.751458083594116e-06
1162.0,1.7020825637814596e-08,1.1005832334376464e-07,0.0,0.0,0.0,2.751458083594116e-06
1163.0,0.0,0.0,0.0,0.0,0.0,0.0
1164.0,0.0,0.0,0.0,0.0,0.0,0.0
1165.0,0.0,0.0,0.0,0.0,0.0,0.0
1166.0,0.0,0.0,0.0,0.0,0.0,0.0
1167.0,0.0,0.0,0.0,0.0,0.0,0.0
1168.0,0.0,0.0,0.0,0.0,0.0,0.0
1169.0,0.0,0.0,0.0,0.0,0.0,0.0
1170.0,0.0,0.0,0.0,0.0,0.0,0.0
1171.0,1.3854843928129412e-05,8.958677790360525e-05,0.0,0.0,0.001736111111111111,0.011574074074074073
1172.0,0.0006989376852288842,0.0007252787472680211,0.0,0.0,0.013888888888888888,0.09259259259259259
1173.0,0.000565257272683084,0.0036547882482409477,0.0,0.0,0.013888888888888888,0.09259259259259259
1174.0,0.0008219123119488358,0.0011242370819672942,0.0,0.0,0.020833333333333332,0.1388888888888889
1175.0,0.0005803035455755889,0.0,0.0,0.0,0.012152777777777778,0.08101851851851852
1176.0,0.00020433917234186083,0.0013211671030148864,0.0,0.0,0.001736111111111111,0.03302917757537216
1177.0,1.8722843719842786e-07,9.905223805617425e-07,0.0,0.0,0.0,2.476305951404356e-05
1178.0,1.9783785319305025e-05,5.1103786972817034e-05,0.0,0.0,0.0,0.001648648776608752
1179.0,0.00019202553085051477,0.0,0.0,0.0,0.003472222222222222,0.023148148148148147
1180.0,0.00010323050082661211,0.0,0.0,0.0,0.001736111111111111,0.011574074074074073
1181.0,0.0001309061626670882,0.0,0.0,0.0,0.001736111111111111,0.011574074074074073
1182.0,0.0,0.0,0.0,0.0,0.0,0.0
1183.0,0.0,0.0,0.0,0.0,0.0,0.0
1184.0,0.0,0.0,0.0,0.0,0.0,0.0
1185.0,0.0,0.0,0.0,0.0,0.0,0.0
1186.0,4.253245151630836e-06,1.1005832334376464e-07,0.0,0.0,0.0,0.0003544370959692363
1187.0,1.7020825637814596e-08,1.1005832334376464e-07,0.0,0.0,0.0,2.751458083594116e-06
1188.0,0.0,0.0,0.0,0.0,0.0,0.0
1189.0,0.0,0.0,0.0,0.0,0.0,0.0
1190.0,9.051605593413115e-05,0.0,0.0,0.0,0.003472222222222222,0.023148148148148147
1191.0,0.0001910743158077821,0.0,0.0,0.0,0.005208333333333333,0.034722222222222224
1192.0,0.0002509871555957943,0.0,0.0,0.0,0.001736111111111111,0.020915596299649526
1193.0,1.0161358659388497e-05,0.0,0.0,0.0,0.0,0.0008467798882823748
1194.0,0.00035513678449206054,0.0,0.0,0.0,0.005208333333333333,0.034722222222222224
1195.0,8.43886227812618e-05,0.0,0.0,0.0,0.0,0.0070323852317718165
1196.0,0.0,0.0,0.0,0.0,0.0,0.0
1197.0,0.0,0.0,0.0,0.0,0.0,0.0
1198.0,0.0,0.0,0.0,0.0,0.0,0.0
1199.0,0.0002421174431219697,0.0,0.0,0.0,0.005208333333333333,0.034722222222222224
1200.0,0.00020790778216905892,0.0,0.0,0.0,0.003472222222222222,0.023148148148148147
1201.0,0.0,0.0,0.0,0.0,0.0,0.0
1202.0,0.00023672380484640598,0.0015281480737030506,0.0,0.0,0.003472222222222222,0.038203701842576265
1203.0,0.00015956709103193134,0.0009839137783274055,0.0,0.0,0.0,0.024597844458185136
1204.0,0.00022334553068503737,0.001444174093194306,0.0,0.0,0.001736111111111111,0.03610435232985765
1205.0,6.0287300584604964e-05,0.000389823573641479,0.0,0.0,0.0,0.009745589341036975
1206.0,0.0,0.0,0.0,0.0,0.0,0.0
1207.0,5.625339690595865e-05,0.00036373999319039285,0.0,0.0,0.0,0.009093499829759821
1208.0,0.00020275049610063434,0.0013110045110806823,0.0,0.0,0.0,0.03277511277701706
1209.0,1.5318620683046902e-07,9.905169235935318e-07,0.0,0.0,0.0,2.4762923089838296e-05
1210.0,0.0,0.0,0.0,0.0,0.0,0.0
1211.0,7.0976307142700534e-06,4.589397576637566e-05,0.0,0.0,0.0,0.0011473493941593915
1212.0,4.4917604100191966e-05,1.1005832334376464e-07,0.0,0.0,0.0,0.003743133675015997
1213.0,0.00015391618944704533,0.0,0.0,0.0,0.0,0.01282634912058711
1214.0,3.492646646918729e-05,0.0,0.0,0.0,0.0,0.0029105388724322743
1215.0,0.0,0.0,0.0,0.0,0.0,0.0
1216.0,0.00012018311826977879,0.0007727135671302676,0.0,0.0,0.0,0.01931783917825669
1217.0,0.0001028560582199134,0.0006634264718741179,0.0,0.0,0.0,0.016585661796852946
1218.0,0.0,0.0,0.0,0.0,0.0,0.0
1219.0,0.0,0.0,0.0,0.0,0.0,0.0
1220.0,8.576488653488923e-06,2.894509998441208e-05,0.0,0.0,0.0,0.000723627499610302
1221.0,0.0,0.0,0.0,0.0,0.0,0.0
1222.0,0.0,0.0,0.0,0.0,0.0,0.0
1223.0,0.0,0.0,0.0,0.0,0.0,0.0
1224.0,0.0,0.0,0.0,0.0,0.0,0.0
1225.0,0.0,0.0,0.0,0.0,0.0,0.0
1226.0,0.0,0.0,0.0,0.0,0.0,0.0
1227.0,0.0,0.0,0.0,0.0,0.0,0.0
1228.0,0.0,0.0,0.0,0.0,0.0,0.0
1229.0,0.0,0.0,0.0,0.0,0.0,0.0
1230.0,0.0,0.0,0.0,0.0,0.0,0.0
1231.0,0.0,0.0,0.0,0.0,0.0,0.0
1232.0,0.0,0.0,0.0,0.0,0.0,0.0
1233.0,0.0,0.0,0.0,0.0,0.0,0.0
1234.0,0.0,0.0,0.0,0.0,0.0,0.0
1235.0,0.0,0.0,0.0,0.0,0.0,0.0
1236.0,1.7020825637814596e-08,1.1005832334376464e-07,0.0,0.0,0.0,2.751458083594116e-06
1237.0,1.7020825637814596e-08,1.1005832334376464e-07,0.0,0.0,0.0,2.751458083594116e-06
1238.0,0.0,0.0,0.0,0.0,0.0,0.0
1239.0,0.0,0.0,0.0,0.0,0.0,0.0
1240.0,0.0,0.0,0.0,0.0,0.0,0.0
1241.0,0.0,0.0,0.0,0.0,0.0,0.0
1242.0,0.0,0.0,0.0,0.0,0.0,0.0
1243.0,0.0,0.0,0.0,0.0,0.0,0.0
1244.0,0.0,0.0,0.0,0.0,0.0,0.0
1245.0,0.0,0.0,0.0,0.0,0.0,0.0
1246.0,0.0,0.0,0.0,0.0,0.0,0.0
1247.0,0.0,0.0,0.0,0.0,0.0,0.0
1248.0,0.0,0.0,0.0,0.0,0.0,0.0
1249.0,0.0,0.0,0.0,0.0,0.0,0.0
1250.0,0.0,0.0,0.0,0.0,0.0,0.0
1251.0,0.0,0.0,0.0,0.0,0.0,0.0
1252.0,0.0,0.0,0.0,0.0,0.0,0.0
1253.0,0.0,0.0,0.0,0.0,0.0,0.0
1254.0,0.0,0.0,0.0,0.0,0.0,0.0
1255.0,0.0,0.0,0.0,0.0,0.0,0.0
1256.0,0.0,0.0,0.0,0.0,0.0,0.0
1257.0,0.0,0.0,0.0,0.0,0.0,0.0
1258.0,0.0,0.0,0.0,0.0,0.0,0.0
1259.0,0.0,0.0,0.0,0.0,0.0,0.0
1260.0,0.0,0.0,0.0,0.0,0.0,0.0
1261.0,1.7020825637814596e-08,1.1005832334376464e-07,0.0,0.0,0.0,2.751458083594116e-06
1262.0,1.7020825637814596e-08,1.1005832334376464e-07,0.0,0.0,0.0,2.751458083594116e-06
1263.0,0.0,0.0,0.0,0.0,0.0,0.0
1264.0,0.0,0.0,0.0,0.0,0.0,0.0
1265.0,0.0,0.0,0.0,0.0,0.0,0.0
1266.0,0.0,0.0,0.0,0.0,0.0,0.0
1267.0,0.0,0.0,0.0,0.0,0.0,0.0
1268.0,0.0,0.0,0.0,0.0,0.0,0.0
1269.0,0.0,0.0,0.0,0.0,0.0,0.0
1270.0,0.0,0.0,0.0,0.0,0.0,0.0
1271.0,0.0,0.0,0.0,0.0,0.0,0.0
1272.0,0.0,0.0,0.0,0.0,0.0,0.0
1273.0,0.0,0.0,0.0,0.0,0.0,0.0
1274.0,0.0,0.0,0.0,0.0,0.0,0.0
1275.0,0.0,0.0,0.0,0.0,0.0,0.0
1276.0,0.0,0.0,0.0,0.0,0.0,0.0
1277.0,0.0,0.0,0.0,0.0,0.0,0.0
1278.0,0.0,0.0,0.0,0.0,0.0,0.0
1279.0,0.0,0.0,0.0,0.0,0.0,0.0
1280.0,0.0,0.0,0.0,0.0,0.0,0.0
1281.0,0.0,0.0,0.0,0.0,0.0,0.0
1282.0,0.0,0.0,0.0,0.0,0.0,0.0
1283.0,0.0,0.0,0.0,0.0,0.0,0.0
1284.0,0.0,0.0,0.0,0.0,0.0,0.0
1285.0,3.570941407815553e-05,0.0,0.0,0.0,0.001736111111111111,0.011574074074074073
1286.0,5.787043164673378e-07,1.1005832334376464e-07,0.0,0.0,0.0,4.822535970561148e-05
1287.0,1.7020825637814596e-08,1.1005832334376464e-07,0.0,0.0,0.0,2.751458083594116e-06
1288.0,0.0001983251131605357,0.0,0.0,0.0,0.005208333333333333,0.034722222222222224
1289.0,0.00023626230540685356,0.0,0.0,0.0,0.001736111111111111,0.01968852545057113
1290.0,5.821077138534747e-06,0.0,0.0,0.0,0.0,0.00048508976154456224
1291.0,0.0,0.0,0.0,0.0,0.0,0.0
1292.0,0.0,0.0,0.0,0.0,0.0,0.0
1293.0,0.0,0.0,0.0,0.0,0.0,0.0
1294.0,0.0,0.0,0.0,0.0,0.0,0.0
1295.0,4.219195943733212e-06,0.0,0.0,0.0,0.0,0.00035159966197776765
1296.0,0.0,0.0,0.0,0.0,0.0,0.0
1297.0,0.0,0.0,0.0,0.0,0.0,0.0
1298.0,0.0,0.0,0.0,0.0,0.0,0.0
1299.0,0.0,0.0,0.0,0.0,0.0,0.0
1300.0,0.0,0.0,0.0,0.0,0.0,0.0
1301.0,0.00016634321946185082,0.0,0.0,0.0,0.003472222222222222,0.023148148148148147
1302.0,0.00018462346633896232,0.0,0.0,0.0,0.001736111111111111,0.015385288861580193
1303.0,4.170071861153701e-06,0.0,0.0,0.0,0.0,0.0003475059884294751
1304.0,0.0,0.0,0.0,0.0,0.0,0.0
1305.0,0.0,0.0,0.0,0.0,0.0,0.0
1306.0,0.0,0.0,0.0,0.0,0.0,0.0
1307.0,0.0,0.0,0.0,0.0,0.0,0.0
1308.0,0.0,0.0,0.0,0.0,0.0,0.0
1309.0,0.0,0.0,0.0,0.0,0.0,0.0
1310.0,0.0,0.0,0.0,0.0,0.0,0.0
1311.0,0.006939779967069626,0.014342689886689186,0.0,0.0,0.11458333333333333,0.7638888888888888
1312.0,1.7020825637814596e-08,1.1005832334376464e-07,0.0,0.0,0.0,2.751458083594116e-06
1313.0,0.0,0.0,0.0,0.0,0.0,0.0
1314.0,0.0,0.0,0.0,0.0,0.0,0.0
1315.0,0.0,0.0,0.0,0.0,0.0,0.0
1316.0,0.0,0.0,0.0,0.0,0.0,0.0
1317.0,0.0,0.0,0.0,0.0,0.0,0.0
1318.0,0.030156610533595085,0.0009589554974809289,0.0,0.00024785587447695434,0.2065972222222222,2.5130508777995906
1319.0,0.0,0.0,0.0,0.0,0.0,0.0
1320.0,0.0,0.0,0.0,0.0,0.0,0.0
1321.0,0.0,0.0,0.0,0.0,0.0,0.0
1322.0,0.0,0.0,0.0,0.0,0.0,0.0
1323.0,0.0,0.0,0.0,0.0,0.0,0.0
1324.0,0.0,0.0,0.0,0.0,0.0,0.0
1325.0,0.0,0.0,0.0,0.0,0.0,0.0
1326.0,0.0,0.0,0.0,0.0,0.0,0.0
1327.0,0.0,0.0,0.0,0.0,0.0,0.0
1328.0,0.0,0.0,0.0,0.0,0.0,0.0
1329.0,0.0,0.0,0.0,0.0,0.0,0.0
1330.0,0.0,0.0,0.0,0.0,0.0,0.0
1331.0,0.0,0.0,0.0,0.0,0.0,0.0
1332.0,0.0,0.0,0.0,0.0,0.0,0.0
1333.0,0.0,0.0,0.0,0.0,0.0,0.0
1334.0,6.214253971847938e-06,4.061458184878575e-06,1.622516538191121e-05,0.0,0.0,0.0005178544976539948
1335.0,6.214253971847938e-06,4.061458184878575e-06,1.622516538191121e-05,0.0,0.0,0.0005178544976539948
1336.0,0.0,0.0,0.0,0.0,0.0,0.0
1337.0,0.0,0.0,0.0,0.0,0.0,0.0
1338.0,0.0,0.0,0.0,0.0,0.0,0.0
1339.0,0.0,0.0,0.0,0.0,0.0,0.0
1340.0,0.0,0.0,0.0,0.0,0.0,0.0
1341.0,0.0,0.0,0.0,0.0,0.0,0.0
1342.0,0.0,0.0,0.0,0.0,0.0,0.0
1343.0,0.0,0.0,0.0,0.0,0.0,0.0
1344.0,0.0,0.0,0.0,0.0,0.0,0.0
1345.0,0.0,0.0,0.0,0.0,0.0,0.0
1346.0,0.0,0.0,0.0,0.0,0.0,0.0
1347.0,0.0005940902628935874,0.0,0.0,0.0,0.015625,0.10416666666666667
1348.0,3.296908471384086e-05,0.0,0.0,0.0,0.0,0.002747423726153405
1349.0,0.0005092420615255833,0.0,0.0,0.0,0.010416666666666666,0.06944444444444445
1350.0,0.0006280465750023723,0.0,0.0,0.0,0.013888888888888888,0.09259259259259259
1351.0,0.0005195396952331066,0.0,0.0,0.0,0.008680555555555556,0.05787037037037038
1352.0,4.340276518632891e-06,0.0,0.0,0.0,0.0,0.00036168970988607424
1353.0,1.3735700122197159e-05,0.0,0.0,0.0,0.0,0.0011446416768497631
1354.0,0.00010452408605488017,0.0,0.0,0.0,0.003472222222222222,0.023148148148148147
1355.0,0.00048027289449237287,0.0,0.0,0.0,0.001736111111111111,0.04002274120769774
1356.0,4.946213448420167e-05,0.0,0.0,0.0,0.0,0.004121844540350139
1357.0,0.00010639635002007708,0.0,0.0,0.0,0.0,0.00886636250167309
1358.0,0.0005637253634631634,0.0,0.0,0.0,0.006944444444444444,0.04697711362193028
1359.0,0.0005365280085243285,4.061458184878575e-06,1.622516538191121e-05,0.0,0.006944444444444444,0.046296296296296294
1360.0,0.0001668044860707596,4.061458184878575e-06,1.622516538191121e-05,0.0,0.001736111111111111,0.013900373839229966
1361.0,0.0,0.0,0.0,0.0,0.0,0.0
1362.0,0.0,0.0,0.0,0.0,0.0,0.0
1363.0,0.0,0.0,0.0,0.0,0.0,0.0
1364.0,0.0,0.0,0.0,0.0,0.0,0.0
1365.0,0.00010055825259769335,0.0,0.0,0.0,0.0,0.008379854383141113
1366.0,8.100148988887668e-05,0.0,0.0,0.0,0.0,0.00675012415740639
1367.0,0.00013400393072515726,0.0,0.0,0.0,0.0,0.011166994227096438
1368.0,5.433006299426779e-05,0.0,0.0,0.0,0.0,0.004527505249522316
1369.0,0.0,0.0,0.0,0.0,0.0,0.0
1370.0,0.0,0.0,0.0,0.0,0.0,0.0
1371.0,0.00010940901120193303,0.0,0.0,0.0,0.0,0.009117417600161085
1372.0,8.217591675929725e-05,0.0,0.0,0.0,0.0,0.006847993063274771
1373.0,0.0001335613924311474,0.0,0.0,0.0,0.0,0.01113011603592895
1374.0,0.00028683271375484765,0.0,0.0,0.0,0.003472222222222222,0.023902726146237303
1375.0,0.0004946213448420167,0.0,0.0,0.0,0.005208333333333333,0.04121844540350139
1376.0,0.00019643580890260637,0.0,0.0,0.0,0.003472222222222222,0.023148148148148147
1377.0,0.0002503233263269067,0.0,0.0,0.0,0.003472222222222222,0.023148148148148147
1378.0,0.00012699140643235296,0.0,0.0,0.0,0.0,0.01058261720269608
1379.0,0.00018894672393798828,0.0,0.0,0.0,0.0,0.01574556032816569
1380.0,0.00011240466119488701,0.0,0.0,0.0,0.005208333333333333,0.034722222222222224
1381.0,0.0,0.0,0.0,0.0,0.0,0.0
1382.0,0.0,0.0,0.0,0.0,0.0,0.0
1383.0,0.0,0.0,0.0,0.0,0.0,0.0
1384.0,7.099329650372965e-06,4.061458184878575e-06,1.622516538191121e-05,0.0,0.0,0.0005916108041977471
1385.0,0.0004765981575474143,4.061458184878575e-06,1.622516538191121e-05,0.0,0.003472222222222222,0.03971651312895119
1386.0,6.667006528005004e-05,0.0,0.0,0.0,0.0,0.005555838773337503
1387.0,0.00041346668149344623,0.0,0.0,0.0,0.008680555555555556,0.05787037037037038
1388.0,0.0004536185006145388,0.0,0.0,0.0,0.005208333333333333,0.03780154171787823
1389.0,0.0003363970317877829,0.0,0.0,0.0,0.0,0.028033085982315242
1390.0,0.00016889635298866779,0.0,0.0,0.0,0.0,0.014074696082388982
1391.0,0.0,0.0,0.0,0.0,0.0,0.0
1392.0,0.0,0.0,0.0,0.0,0.0,0.0
1393.0,6.845723692094907e-05,0.0,0.0,0.0,0.0,0.005704769743412423
1394.0,9.41074249567464e-05,0.0,0.0,0.0,0.001736111111111111,0.011574074074074073
1395.0,0.0,0.0,0.0,0.0,0.0,0.0
1396.0,0.0,0.0,0.0,0.0,0.0,0.0
1397.0,0.0,0.0,0.0,0.0,0.0,0.0
1398.0,0.0,0.0,0.0,0.0,0.0,0.0
1399.0,0.0,0.0,0.0,0.0,0.0,0.0
1400.0,0.0,0.0,0.0,0.0,0.0,0.0
1401.0,2.2467422695626738e-06,0.0,0.0,0.0,0.0,0.00018722852246355615
1402.0,0.0,0.0,0.0,0.0,0.0,0.0
1403.0,0.0,0.0,0.0,0.0,0.0,0.0
1404.0,0.0,0.0,0.0,0.0,0.0,0.0
1405.0,0.0,0.0,0.0,0.0,0.0,0.0
1406.0,0.0,0.0,0.0,0.0,0.0,0.0
1407.0,0.0,0.0,0.0,0.0,0.0,0.0
1408.0,0.0,0.0,0.0,0.0,0.0,0.0
1409.0,6.707854936394142e-06,4.061458184878575e-06,1.622516538191121e-05,0.0,0.0,0.0005589879113661785
1410.0,6.707854936394142e-06,4.061458184878575e-06,1.622516538191121e-05,0.0,0.0,0.0005589879113661785
1411.0,0.0,0.0,0.0,0.0,0.0,0.0
1412.0,0.0,0.0,0.0,0.0,0.0,0.0
1413.0,0.000165236895554699,0.0,0.0,0.0,0.003472222222222222,0.023148148148148147
1414.0,6.0951115301577374e-05,0.0,0.0,0.0,0.0,0.005079259608464781
1415.0,6.587008101632819e-05,0.0,0.0,0.0,0.003472222222222222,0.023148148148148147
1416.0,4.1377305024070665e-05,0.0,0.0,0.0,0.0,0.0034481087520058886
1417.0,0.0,0.0,0.0,0.0,0.0,0.0
1418.0,3.5232776554039447e-06,0.0,0.0,0.0,0.0,0.0002936064712836621
1419.0,0.0,0.0,0.0,0.0,0.0,0.0
1420.0,0.0,0.0,0.0,0.0,0.0,0.0
1421.0,0.0,0.0,0.0,0.0,0.0,0.0
1422.0,0.0,0.0,0.0,0.0,0.0,0.0
1423.0,0.0,0.0,0.0,0.0,0.0,0.0
1424.0,0.0,0.0,0.0,0.0,0.0,0.0
1425.0,0.0,0.0,0.0,0.0,0.0,0.0
1426.0,0.0001443524961359799,0.0,0.0,0.0,0.005208333333333333,0.034722222222222224
1427.0,0.000453516433481127,0.0,0.0,0.0,0.010416666666666666,0.06944444444444445
1428.0,0.00039985525654628873,3.6307946515989897e-07,0.0,0.0,0.008680555555555556,0.05787037037037038
1429.0,0.00013425922952592373,0.0,0.0,0.0,0.001736111111111111,0.011574074074074073
1430.0,0.0,0.0,0.0,0.0,0.0,0.0
1431.0,0.0,0.0,0.0,0.0,0.0,0.0
1432.0,2.980323370138649e-05,0.0,0.0,0.0,0.0,0.002483602808448874
1433.0,0.0005236926954239607,0.0,0.0,0.0,0.006944444444444444,0.046296296296296294
1434.0,8.786762191448361e-05,4.424537564773345e-06,1.622516538191121e-05,0.0,0.0,0.007322301826206967
1435.0,7.06528999216971e-06,4.061458184878575e-06,1.622516538191121e-05,0.0,0.0,0.0005887741660141425
1436.0,0.0,0.0,0.0,0.0,0.0,0.0
1437.0,0.0,0.0,0.0,0.0,0.0,0.0
1438.0,0.0,0.0,0.0,0.0,0.0,0.0
1439.0,0.036958105862140656,0.0009707791032269597,4.283315138309263e-05,0.00024785587447695434,0.3107638888888889,3.079842155178388
1440.0,0.03569597005844116,0.00772006856277585,4.283315138309263e-05,0.00040232299943454564,0.4670138888888889,3.113425925925926
1441.0,7.3359146881557535e-06,1.5408056697197026e-06,0.0,0.0,0.0,0.0006113262240129794
1442.0,0.0,0.0,0.0,0.0,0.0,0.0
1443.0,0.0003449073410592973,0.0,0.0,0.0,0.001736111111111111,0.02874227842160811
1444.0,0.0006860020221211016,0.0,0.0,0.0,0.001736111111111111,0.05716683517675847
1445.0,0.0,0.0,0.0,0.0,0.0,0.0
1446.0,0.0,0.0,0.0,0.0,0.0,0.0
1447.0,0.0,0.0,0.0,0.0,0.0,0.0
1448.0,0.0002176845446228981,5.6879980547819287e-05,0.0,0.00014364834350999445,0.003472222222222222,0.023148148148148147
1449.0,0.04865116626024246,0.022427894175052643,1.294054072786821e-05,0.00037617134512402117,0.4340277777777778,4.0542638550202055
1450.0,0.03161066025495529,0.01601812243461609,1.294054072786821e-05,0.00025876302970573306,0.24479166666666666,2.634221687912941
1451.0,0.0369841642677784,0.0009589017718099058,0.0,0.0002521483111195266,0.3107638888888889,3.082013688981533
1452.0,0.0,0.0,0.0,0.0,0.0,0.0
1453.0,0.0,0.0,0.0,0.0,0.0,0.0
1454.0,0.0,0.0,0.0,0.0,0.0,0.0
1455.0,0.0,0.0,0.0,0.0,0.0,0.0
1456.0,0.0,0.0,0.0,0.0,0.0,0.0
1457.0,0.0,0.0,0.0,0.0,0.0,0.0
1458.0,0.0,0.0,0.0,0.0,0.0,0.0
1459.0,0.0,0.0,0.0,0.0,0.0,0.0
1460.0,0.0,0.0,0.0,0.0,0.0,0.0
1461.0,0.0,0.0,0.0,0.0,0.0,0.0
1462.0,0.0,0.0,0.0,0.0,0.0,0.0
1463.0,0.0,0.0,0.0,0.0,0.0,0.0
1464.0,0.0,0.0,0.0,0.0,0.0,0.0
1465.0,0.0,0.0,0.0,0.0,0.0,0.0
1466.0,0.0,0.0,0.0,0.0,0.0,0.0
1467.0,1.702073433307305e-07,1.1005832334376464e-07,0.0,0.0,0.0,1.4183945277560875e-05
1468.0,1.702073433307305e-07,1.1005832334376464e-07,0.0,0.0,0.0,1.4183945277560875e-05
1469.0,0.0,0.0,0.0,0.0,0.0,0.0
1470.0,0.0,0.0,0.0,0.0,0.0,0.0
1471.0,0.0,0.0,0.0,0.0,0.0,0.0
1472.0,0.0,0.0,0.0,0.0,0.0,0.0
1473.0,0.0,0.0,0.0,0.0,0.0,0.0
1474.0,0.0,0.0,0.0,0.0,0.0,0.0
1475.0,0.0,0.0,0.0,0.0,0.0,0.0
1476.0,0.0,0.0,0.0,0.0,0.0,0.0
1477.0,0.0,0.0,0.0,0.0,0.0,0.0
1478.0,0.0,0.0,0.0,0.0,0.0,0.0
1479.0,0.0,0.0,0.0,0.0,0.0,0.0
1480.0,0.0,0.0,0.0,0.0,0.0,0.0
1481.0,0.0,0.0,0.0,0.0,0.0,0.0
1482.0,0.0,0.0,0.0,0.0,0.0,0.0
1483.0,0.0,0.0,0.0,0.0,0.0,0.0
1484.0,0.04456314072012901,0.0005229977541603148,0.0,0.0007448340184055269,0.24479166666666666,3.713595060010751
1485.0,0.0,0.0,0.0,0.0,0.0,0.0
1486.0,0.0,0.0,0.0,0.0,0.0,0.0
1487.0,0.0,0.0,0.0,0.0,0.0,0.0
1488.0,0.0,0.0,0.0,0.0,0.0,0.0
1489.0,0.0,0.0,0.0,0.0,0.0,0.0
1490.0,0.0,0.0,0.0,0.0,0.0,0.0
1491.0,0.0,0.0,0.0,0.0,0.0,0.0
1492.0,0.0,0.0,0.0,0.0,0.0,0.0
1493.0,0.0,0.0,0.0,0.0,0.0,0.0
1494.0,0.0,0.0,0.0,0.0,0.0,0.0
1495.0,0.0,0.0,0.0,0.0,0.0,0.0
1496.0,0.0,0.0,0.0,0.0,0.0,0.0
1497.0,0.0,0.0,0.0,0.0,0.0,0.0
1498.0,0.0,0.0,0.0,0.0,0.0,0.0
1499.0,0.0,0.0,0.0,0.0,0.0,0.0
1500.0,8.402893399761524e-06,4.773854925588239e-06,1.622516538191121e-05,0.0,0.0,0.0007002411166467937
1501.0,8.402893399761524e-06,4.773854925588239e-06,1.622516538191121e-05,0.0,0.0,0.0007002411166467937
1502.0,0.0,0.0,0.0,0.0,0.0,0.0
1503.0,0.0,0.0,0.0,0.0,0.0,0.0
1504.0,0.0,0.0,0.0,0.0,0.0,0.0
1505.0,0.0,0.0,0.0,0.0,0.0,0.0
1506.0,0.0,0.0,0.0,0.0,0.0,0.0
1507.0,0.0,0.0,0.0,0.0,0.0,0.0
1508.0,0.0,0.0,0.0,0.0,0.0,0.0
1509.0,0.0,0.0,0.0,0.0,0.0,0.0
1510.0,0.0,0.0,0.0,0.0,0.0,0.0
1511.0,0.0,0.0,0.0,0.0,0.0,0.0
1512.0,0.0,0.0,0.0,0.0,0.0,0.0
1513.0,0.0,0.0,0.0,0.0,0.0,0.0
1514.0,0.0,0.0,0.0,0.0,0.0,0.0
1515.0,0.0,0.0,0.0,0.0,0.0,0.0
1516.0,0.0,0.0,0.0,0.0,0.0,0.0
1517.0,0.0,0.0,0.0,0.0,0.0,0.0
1518.0,0.0,0.0,0.0,0.0,0.0,0.0
1519.0,0.0,0.0,0.0,0.0,0.0,0.0
1520.0,0.0,0.0,0.0,0.0,0.0,0.0
1521.0,0.0,0.0,0.0,0.0,0.0,0.0
1522.0,0.00020006121485494077,0.001236055395565927,0.0,0.0,0.006944444444444444,0.046296296296296294
1523.0,0.0008938927203416824,0.00577999884262681,0.0,0.0,0.019097222222222224,0.14449997106567025
1524.0,0.0008191719534806907,0.0011729925172403455,0.0,0.0,0.017361111111111112,0.11574074074074076
1525.0,0.0002813794126268476,0.00035342751652933657,1.622516538191121e-05,0.0,0.003472222222222222,0.023448284385570634
1526.0,0.00016960162611212581,0.001038406160660088,1.622516538191121e-05,0.0,0.0,0.0259601540165022
1527.0,0.00020152502111159265,0.0011405256809666753,0.0,0.0,0.001736111111111111,0.028513142024166882
1528.0,0.0,0.0,0.0,0.0,0.0,0.0
1529.0,0.0,0.0,0.0,0.0,0.0,0.0
1530.0,0.0,0.0,0.0,0.0,0.0,0.0
1531.0,0.00012566379155032337,0.000811563862953335,0.0,0.0,0.001736111111111111,0.020289096573833376
1532.0,0.00016149238217622042,0.0010385025525465608,0.0,0.0,0.0,0.02596256381366402
1533.0,9.170750854536891e-05,0.0005929896724410355,0.0,0.0,0.0,0.014824741811025888
1534.0,1.1440879461588338e-05,6.09910894127097e-05,0.0,0.0,0.0,0.0015247772353177425
1535.0,0.00014023348921909928,0.00037727702874690294,0.0,0.0,0.0,0.011686124101591608
1536.0,0.0001538500509923324,0.000384981045499444,0.0,0.0,0.0,0.012820837582694367
1537.0,0.0,0.0,0.0,0.0,0.0,0.0
1538.0,0.0,0.0,0.0,0.0,0.0,0.0
1539.0,0.0,0.0,0.0,0.0,0.0,0.0
1540.0,0.0,0.0,0.0,0.0,0.0,0.0
1541.0,0.0,0.0,0.0,0.0,0.0,0.0
1542.0,7.046577138680732e-06,1.265663104277337e-05,0.0,0.0,0.0,0.0005872147615567277
1543.0,0.0,0.0,0.0,0.0,0.0,0.0
1544.0,0.0,0.0,0.0,0.0,0.0,0.0
1545.0,0.0,0.0,0.0,0.0,0.0,0.0
1546.0,0.0,0.0,0.0,0.0,0.0,0.0
1547.0,0.0,0.0,0.0,0.0,0.0,0.0
1548.0,0.0,0.0,0.0,0.0,0.0,0.0
1549.0,0.0,0.0,0.0,0.0,0.0,0.0
1550.0,9.100740498979576e-06,7.305172857741127e-06,1.622516538191121e-05,0.0,0.0,0.0007583950415816313
1551.0,9.100740498979576e-06,7.305172857741127e-06,1.622516538191121e-05,0.0,0.0,0.0007583950415816313
1552.0,0.0,0.0,0.0,0.0,0.0,0.0
1553.0,0.0,0.0,0.0,0.0,0.0,0.0
1554.0,0.0,0.0,0.0,0.0,0.0,0.0
1555.0,0.0,0.0,0.0,0.0,0.0,0.0
1556.0,0.0032035328913480043,0.013854144141077995,0.0,0.0,0.050347222222222224,0.3463536035269499
1557.0,0.0,0.0,0.0,0.0,0.0,0.0
1558.0,0.0,0.0,0.0,0.0,0.0,0.0
1559.0,0.0,0.0,0.0,0.0,0.0,0.0
1560.0,0.0,0.0,0.0,0.0,0.0,0.0
1561.0,0.0,0.0,0.0,0.0,0.0,0.0
1562.0,0.0,0.0,0.0,0.0,0.0,0.0
1563.0,0.0,0.0,0.0,0.0,0.0,0.0
1564.0,0.0,0.0,0.0,0.0,0.0,0.0
1565.0,0.0,0.0,0.0,0.0,0.0,0.0
1566.0,0.0,0.0,0.0,0.0,0.0,0.0
1567.0,0.04456314072012901,0.0005229977541603148,0.0,0.0007448340184055269,0.24479166666666666,3.713595060010751
1568.0,0.03698186203837395,0.0009569593821652234,0.0,0.00021817324159201235,0.3090277777777778,3.0818218365311623
1569.0,5.739065454690717e-05,9.762010449776426e-06,0.0,6.389003829099238e-05,0.001736111111111111,0.011574074074074073
1570.0,0.0,0.0,0.0,0.0,0.0,0.0
1571.0,0.0,0.0,0.0,0.0,0.0,0.0
1572.0,0.0,0.0,0.0,0.0,0.0,0.0
1573.0,0.0,0.0,0.0,0.0,0.0,0.0
1574.0,0.0,0.0,0.0,0.0,0.0,0.0
1575.0,0.0,0.0,0.0,0.0,0.0,0.0
1576.0,0.0,0.0,0.0,0.0,0.0,0.0
1577.0,9.133343701250851e-05,1.2188391337986104e-05,0.0,7.325656042667106e-05,0.0,0.009157070053333882
1578.0,7.1995600592345e-05,0.0,0.0,0.0,0.001736111111111111,0.011574074074074073
1579.0,0.00015471811639145017,0.0,0.0,0.0,0.006944444444444444,0.046296296296296294
1580.0,0.0002239242458017543,0.0,0.0,0.0,0.003472222222222222,0.023148148148148147
1581.0,0.0001304976613027975,0.0,0.0,0.0,0.0,0.010874805108566457
1582.0,0.0,0.0,0.0,0.0,0.0,0.0
1583.0,0.0,0.0,0.0,0.0,0.0,0.0
1584.0,0.0002135756512871012,0.0,0.0,0.0,0.006944444444444444,0.046296296296296294
1585.0,5.8821580751100555e-05,0.0,0.0,0.0,0.0,0.004901798395925046
1586.0,0.0,0.0,0.0,0.0,0.0,0.0
1587.0,0.0,0.0,0.0,0.0,0.0,0.0
1588.0,0.00026538665406405926,0.0,0.0,0.0,0.006944444444444444,0.046296296296296294
1589.0,0.0,0.0,0.0,0.0,0.0,0.0
1590.0,0.0,0.0,0.0,0.0,0.0,0.0
1591.0,0.00015718610666226596,0.0,0.0,0.0,0.005208333333333333,0.034722222222222224
1592.0,0.00030984275508672,0.0,0.0,0.0,0.003472222222222222,0.02582022959056
1593.0,0.000240315159317106,0.0,0.0,0.0,0.001736111111111111,0.0200262632764255
1594.0,0.00026063594850711524,0.0,0.0,0.0,0.001736111111111111,0.021719662375592936
1595.0,3.86369792977348e-05,0.0,0.0,0.0,0.0,0.003219748274811233
1596.0,6.52213639114052e-05,0.0,0.0,0.0,0.006944444444444444,0.046296296296296294
1597.0,0.00020658016728702933,0.0,0.0,0.0,0.0,0.017215013940585777
1598.0,0.00019772940140683204,0.0,0.0,0.0,0.003472222222222222,0.023148148148148147
1599.0,0.00016836871509440243,0.0,0.0,0.0,0.0,0.014030726257866869
1600.0,0.00022145622642710805,0.0,0.0,0.0,0.005208333333333333,0.034722222222222224
1601.0,0.00022611992608290166,0.0,0.0,0.0,0.001736111111111111,0.018843327173575137
1602.0,0.0002975368406623602,0.0,0.0,0.0,0.003472222222222222,0.024794736721863348
1603.0,1.5795205399626866e-05,0.0,0.0,0.0,0.0,0.0013162671166355722
1604.0,0.0,0.0,0.0,0.0,0.0,0.0
1605.0,0.0,0.0,0.0,0.0,0.0,0.0
1606.0,0.0,0.0,0.0,0.0,0.0,0.0
1607.0,0.0,0.0,0.0,0.0,0.0,0.0
1608.0,0.0,0.0,0.0,0.0,0.0,0.0
1609.0,0.0,0.0,0.0,0.0,0.0,0.0
1610.0,0.0396910235285759,0.0009589554974809289,0.0,0.00024785587447695434,0.2864583333333333,3.3075852940479913
1611.0,0.04456578567624092,0.0005216865101829171,0.0,0.000627462170086801,0.24479166666666666,3.7138154730200768
1612.0,0.0,0.0,0.0,0.0,0.0,0.0
1613.0,0.04127097129821777,0.0017614088719710708,0.0,0.0006149578257463872,0.22916666666666666,3.4392476081848145
1614.0,0.04127249866724014,0.001760015613399446,0.0,0.0005025790887884796,0.22916666666666666,3.4393748889366784
1615.0,3.744545438166824e-07,0.0,0.0,0.0,0.0,3.1204545318056866e-05
1616.0,0.0,0.0,0.0,0.0,0.0,0.0
1617.0,0.0,0.0,0.0,0.0,0.0,0.0
1618.0,0.0,0.0,0.0,0.0,0.0,0.0
1619.0,0.0,0.0,0.0,0.0,0.0,0.0
1620.0,0.0,0.0,0.0,0.0,0.0,0.0
1621.0,0.0,0.0,0.0,0.0,0.0,0.0
1622.0,0.00018736839410848916,1.887262988020666e-05,0.0,9.1241039626766e-05,0.0,0.015614032842374096
1623.0,0.0,0.0,0.0,0.0,0.0,0.0
1624.0,0.0,0.0,0.0,0.0,0.0,0.0
1625.0,0.0,0.0,0.0,0.0,0.0,0.0
1626.0,0.0,0.0,0.0,0.0,0.0,0.0
1627.0,0.0,0.0,0.0,0.0,0.0,0.0
1628.0,0.0,0.0,0.0,0.0,0.0,0.0
1629.0,0.0,0.0,0.0,0.0,0.0,0.0
1630.0,0.04457048326730728,0.000521099369507283,0.0,0.0007209092145785689,0.24305555555555555,3.714206938942273
1631.0,4.136026291234884e-06,0.0,0.0,0.0,0.001736111111111111,0.011574074074074073
1632.0,0.006829825695604086,0.0,0.0,0.0,0.1076388888888889,0.7175925925925927
1633.0,0.0,0.0,0.0,0.0,0.0,0.0
1634.0,0.0,0.0,0.0,0.0,0.0,0.0
1635.0,0.0,0.0,0.0,0.0,0.0,0.0
1636.0,0.0,0.0,0.0,0.0,0.0,0.0
1637.0,0.0,0.0,0.0,0.0,0.0,0.0
1638.0,0.00018563999037723988,1.3905980267736595e-05,0.0,6.475087866419926e-05,0.0,0.015469999198103324
1639.0,3.2145337058864243e-07,2.075682630220399e-07,0.0,0.0,0.0,2.678778088238687e-05
1640.0,0.0,0.0,0.0,0.0,0.0,0.0
1641.0,0.0,0.0,0.0,0.0,0.0,0.0
1642.0,0.0,0.0,0.0,0.0,0.0,0.0
1643.0,0.0,0.0,0.0,0.0,0.0,0.0
1644.0,0.0,0.0,0.0,0.0,0.0,0.0
1645.0,0.0,0.0,0.0,0.0,0.0,0.0
1646.0,0.037839457392692566,0.0005233153933659196,0.0,0.0007448340184055269,0.1579861111111111,3.153288116057714
1647.0,1.0022810101872892e-06,3.17627410595378e-07,0.0,0.0,0.0,8.352341751560743e-05
1648.0,0.0,0.0,0.0,0.0,0.0,0.0
1649.0,0.0,0.0,0.0,0.0,0.0,0.0
1650.0,0.0,0.0,0.0,0.0,0.0,0.0
1651.0,0.0,0.0,0.0,0.0,0.0,0.0
1652.0,0.0,0.0,0.0,0.0,0.0,0.0
1653.0,0.0,0.0,0.0,0.0,0.0,0.0
1654.0,0.0,0.0,0.0,0.0,0.0,0.0
1655.0,0.0,0.0,0.0,0.0,0.0,0.0
1656.0,0.0,0.0,0.0,0.0,0.0,0.0
1657.0,0.0,0.0,0.0,0.0,0.0,0.0
1658.0,0.0,0.0,0.0,0.0,0.0,0.0
1659.0,0.0,0.0,0.0,0.0,0.0,0.0
1660.0,0.0,0.0,0.0,0.0,0.0,0.0
1661.0,0.0,0.0,0.0,0.0,0.0,0.0
1662.0,0.0,0.0,0.0,0.0,0.0,0.0
1663.0,0.0,0.0,0.0,0.0,0.0,0.0
1664.0,0.0,0.0,0.0,0.0,0.0,0.0
1665.0,0.0,0.0,0.0,0.0,0.0,0.0
1666.0,0.0,0.0,0.0,0.0,0.0,0.0
1667.0,0.0,0.0,0.0,0.0,0.0,0.0
1668.0,4.91213150155545e-08,3.1762323260409175e-07,0.0,0.0,0.0,7.940580815102294e-06
1669.0,0.04126952216029167,0.0017612290102988482,0.0,0.0005578580312430859,0.22916666666666666,3.439126846690973
1670.0,0.0,0.0,0.0,0.0,0.0,0.0
1671.0,0.0,0.0,0.0,0.0,0.0,0.0
1672.0,0.0,0.0,0.0,0.0,0.0,0.0
1673.0,0.0,0.0,0.0,0.0,0.0,0.0
1674.0,0.0,0.0,0.0,0.0,0.0,0.0
1675.0,0.0,0.0,0.0,0.0,0.0,0.0
1676.0,0.0,0.0,0.0,0.0,0.0,0.0
1677.0,0.0,0.0,0.0,0.0,0.0,0.0
1678.0,0.0,0.0,0.0,0.0,0.0,0.0
1679.0,0.0,0.0,0.0,0.0,0.0,0.0
1680.0,0.0,0.0,0.0,0.0,0.0,0.0
1681.0,0.0,0.0,0.0,0.0,0.0,0.0
1682.0,0.00045852045877836645,0.0,0.0,0.0,0.010416666666666666,0.06944444444444445
1683.0,0.0005191651871427894,0.0,0.0,0.0,0.008680555555555556,0.05787037037037038
1684.0,0.00011851509771076962,0.0,0.0,0.0,0.001736111111111111,0.011574074074074073
1685.0,0.00018708371499087662,0.0,0.0,0.0,0.0,0.01559030958257305
1686.0,0.000131382723338902,0.0,0.0,0.0,0.0,0.010948560278241834
1687.0,0.00014321213529910892,0.0,0.0,0.0,0.0,0.011934344608259076
1688.0,0.00017376425967086107,0.0,0.0,0.0,0.0,0.014480354972571755
1689.0,9.478824358666316e-05,0.0,0.0,0.0,0.0,0.007899020298888596
1690.0,0.0,0.0,0.0,0.0,0.0,0.0
1691.0,0.0,0.0,0.0,0.0,0.0,0.0
1692.0,0.0,0.0,0.0,0.0,0.0,0.0
1693.0,0.0,0.0,0.0,0.0,0.0,0.0
1694.0,1.1276948498561978e-05,0.0,0.0,0.0,0.0,0.0009397457082134981
1695.0,0.0,0.0,0.0,0.0,0.0,0.0
1696.0,0.0,0.0,0.0,0.0,0.0,0.0
1697.0,1.2033630810037721e-05,0.0,0.0,0.0,0.0,0.0010028025675031433
1698.0,0.00016411354590673,0.0,0.0,0.0,0.0,0.013676128825560832
1699.0,0.00010687293251976371,0.0,0.0,0.0,0.0,0.008906077709980309
1700.0,4.624522989615798e-05,0.0,0.0,0.0,0.0,0.003853769158013165
1701.0,0.0,0.0,0.0,0.0,0.0,0.0
1702.0,4.18708714278182e-06,0.0,0.0,0.0,0.0,0.0003489239285651517
1703.0,0.0,0.0,0.0,0.0,0.0,0.0
1704.0,0.0,0.0,0.0,0.0,0.0,0.0
1705.0,0.0,0.0,0.0,0.0,0.0,0.0
1706.0,0.0,0.0,0.0,0.0,0.0,0.0
1707.0,0.00028427960933186114,0.0,0.0,0.0,0.0,0.023689967444321763
1708.0,0.0003633917949628085,0.0,0.0,0.0,0.0,0.03028264958023404
1709.0,0.00041833461727946997,0.0,0.0,0.0,0.0,0.034861218106622495
1710.0,7.135074702091515e-05,0.0,0.0,0.0,0.0,0.005945895585076262
1711.0,0.00010529000428505242,0.0,0.0,0.0,0.0,0.008774167023754368
1712.0,0.00013381669123191386,0.0,0.0,0.0,0.0,0.011151390935992822
1713.0,9.157132444670424e-05,0.0,0.0,0.0,0.0,0.00763094370389202
1714.0,0.0,0.0,0.0,0.0,0.0,0.0
1715.0,7.446554081980139e-05,0.0,0.0,0.0,0.0,0.006205461734983449
1716.0,4.210919723846018e-05,0.0,0.0,0.0,0.0,0.003509099769871682
1717.0,0.00016726237663533539,0.0,0.0,0.0,0.0,0.013938531386277948
1718.0,0.00020259730808902532,0.0,0.0,0.0,0.0,0.016883109007418778
1719.0,0.00010568147263256833,0.0,0.0,0.0,0.0,0.008806789386047361
1720.0,4.7113284381339327e-05,0.0,0.0,0.0,0.0,0.003926107031778277
1721.0,0.0,0.0,0.0,0.0,0.0,0.0
1722.0,0.0,0.0,0.0,0.0,0.0,0.0
1723.0,0.0,0.0,0.0,0.0,0.0,0.0
1724.0,0.0,0.0,0.0,0.0,0.0,0.0
1725.0,0.0,0.0,0.0,0.0,0.0,0.0
1726.0,0.0,0.0,0.0,0.0,0.0,0.0
1727.0,1.2084702802894753e-06,0.0,0.0,0.0,0.0,0.00010070585669078962
1728.0,0.0,0.0,0.0,0.0,0.0,0.0
1729.0,0.0,0.0,0.0,0.0,0.0,0.0
1730.0,0.0,0.0,0.0,0.0,0.0,0.0
1731.0,0.0,0.0,0.0,0.0,0.0,0.0
1732.0,0.0,0.0,0.0,0.0,0.0,0.0
1733.0,0.0,0.0,0.0,0.0,0.0,0.0
1734.0,0.0,0.0,0.0,0.0,0.0,0.0
1735.0,9.36135961637774e-07,0.0,0.0,0.0,0.0,7.801133013648116e-05
1736.0,9.36135961637774e-07,0.0,0.0,0.0,0.0,7.801133013648116e-05
1737.0,0.0,0.0,0.0,0.0,0.0,0.0
1738.0,0.0,0.0,0.0,0.0,0.0,0.0
1739.0,0.0,0.0,0.0,0.0,0.0,0.0
1740.0,0.0,0.0,0.0,0.0,0.0,0.0
1741.0,0.0,0.0,0.0,0.0,0.0,0.0
1742.0,0.0,0.0,0.0,0.0,0.0,0.0
1743.0,0.0,0.0,0.0,0.0,0.0,0.0
1744.0,0.0,0.0,0.0,0.0,0.0,0.0
1745.0,0.0,0.0,0.0,0.0,0.0,0.0
1746.0,0.0,0.0,0.0,0.0,0.0,0.0
1747.0,0.0,0.0,0.0,0.0,0.0,0.0
1748.0,0.0,0.0,0.0,0.0,0.0,0.0
1749.0,0.0,0.0,0.0,0.0,0.0,0.0
1750.0,0.0,0.0,0.0,0.0,0.0,0.0
1751.0,0.0,0.0,0.0,0.0,0.0,0.0
1752.0,0.0,0.0,0.0,0.0,0.0,0.0
1753.0,0.0,0.0,0.0,0.0,0.0,0.0
1754.0,0.0,0.0,0.0,0.0,0.0,0.0
1755.0,0.0,0.0,0.0,0.0,0.0,0.0
1756.0,0.0,0.0,0.0,0.0,0.0,0.0
1757.0,0.0,0.0,0.0,0.0,0.0,0.0
1758.0,0.0,0.0,0.0,0.0,0.0,0.0
1759.0,0.0,0.0,0.0,0.0,0.0,0.0
1760.0,9.36135961637774e-07,0.0,0.0,0.0,0.0,7.801133013648116e-05
1761.0,9.36135961637774e-07,0.0,0.0,0.0,0.0,7.801133013648116e-05
1762.0,0.0,0.0,0.0,0.0,0.0,0.0
1763.0,0.0,0.0,0.0,0.0,0.0,0.0
1764.0,0.0,0.0,0.0,0.0,0.0,0.0
1765.0,0.0,0.0,0.0,0.0,0.0,0.0
1766.0,0.0,0.0,0.0,0.0,0.0,0.0
1767.0,0.0,0.0,0.0,0.0,0.0,0.0
1768.0,0.0,0.0,0.0,0.0,0.0,0.0
1769.0,0.0,0.0,0.0,0.0,0.0,0.0
1770.0,0.0,0.0,0.0,0.0,0.0,0.0
1771.0,0.0,0.0,0.0,0.0,0.0,0.0
1772.0,0.0,0.0,0.0,0.0,0.0,0.0
1773.0,0.0,0.0,0.0,0.0,0.0,0.0
1774.0,0.0,0.0,0.0,0.0,0.0,0.0
1775.0,0.0,0.0,0.0,0.0,0.0,0.0
1776.0,0.0,0.0,0.0,0.0,0.0,0.0
1777.0,0.0,0.0,0.0,0.0,0.0,0.0
1778.0,0.0,0.0,0.0,0.0,0.0,0.0
1779.0,0.0,0.0,0.0,0.0,0.0,0.0
1780.0,0.0,0.0,0.0,0.0,0.0,0.0
1781.0,0.0,0.0,0.0,0.0,0.0,0.0
1782.0,0.0,0.0,0.0,0.0,0.0,0.0
1783.0,0.0,0.0,0.0,0.0,0.0,0.0
1784.0,0.0,0.0,0.0,0.0,0.0,0.0
1785.0,9.36135961637774e-07,0.0,0.0,0.0,0.0,7.801133013648116e-05
1786.0,9.36135961637774e-07,0.0,0.0,0.0,0.0,7.801133013648116e-05
1787.0,0.0,0.0,0.0,0.0,0.0,0.0
1788.0,0.0,0.0,0.0,0.0,0.0,0.0
1789.0,0.0,0.0,0.0,0.0,0.0,0.0
1790.0,0.0,0.0,0.0,0.0,0.0,0.0
1791.0,0.00016736448742449284,0.0,0.0,0.0,0.005208333333333333,0.034722222222222224
1792.0,0.00018673403246793896,0.0,0.0,0.0,0.003472222222222222,0.023148148148148147
1793.0,0.0002240944595541805,0.0,0.0,0.0,0.001736111111111111,0.01867453829618171
1794.0,0.00016528797277715057,0.0,0.0,0.0,0.001736111111111111,0.013773997731429214
1795.0,0.0001450163108529523,0.0,0.0,0.0,0.001736111111111111,0.012084692571079358
1796.0,0.00024004283477552235,0.0,0.0,0.0,0.008680555555555556,0.05787037037037038
1797.0,0.00011754491424653679,0.0,0.0,0.0,0.001736111111111111,0.011574074074074073
1798.0,0.0003058789297938347,0.0,0.0,0.0,0.001736111111111111,0.02548991081615289
1799.0,0.00027942872839048505,0.0,0.0,0.0,0.005208333333333333,0.034722222222222224
1800.0,0.0002988833875861019,0.0,0.0,0.0,0.003472222222222222,0.02490694896550849
1801.0,1.2442128536349628e-05,0.0,0.0,0.0,0.0,0.0010368440446958023
1802.0,1.5182451534201391e-05,0.0,0.0,0.0,0.0,0.0012652042945167825
1803.0,0.0,0.0,0.0,0.0,0.0,0.0
1804.0,0.0,0.0,0.0,0.0,0.0,0.0
1805.0,0.0,0.0,0.0,0.0,0.0,0.0
1806.0,0.0,0.0,0.0,0.0,0.0,0.0
1807.0,0.04690929129719734,0.0017610215581953526,0.0,0.0006208568229340017,0.24305555555555555,3.909107608099778
1808.0,0.043955858796834946,0.016012264415621758,4.283315138309263e-05,0.0005319067277014256,0.296875,3.6629882330695787
1809.0,0.048722606152296066,0.022456636652350426,4.283315138309263e-05,0.00025869847740978,0.4288194444444444,4.0602171793580055
1810.0,0.00132497597951442,0.0,0.0,0.0,0.003472222222222222,0.110414664959535
1811.0,0.0,0.0,0.0,0.0,0.0,0.0
1812.0,0.0,0.0,0.0,0.0,0.0,0.0
1813.0,0.0,0.0,0.0,0.0,0.0,0.0
1814.0,0.0,0.0,0.0,0.0,0.0,0.0
1815.0,0.0,0.0,0.0,0.0,0.0,0.0
1816.0,0.0,0.0,0.0,0.0,0.0,0.0
1817.0,0.00020222416787873954,5.436835272121243e-05,0.0,5.31233599758707e-05,0.005208333333333333,0.034722222222222224
1818.0,0.0,0.0,0.0,0.0,0.0,0.0
1819.0,0.0,0.0,0.0,0.0,0.0,0.0
1820.0,0.0,0.0,0.0,0.0,0.0,0.0
1821.0,0.0,0.0,0.0,0.0,0.0,0.0
1822.0,0.0,0.0,0.0,0.0,0.0,0.0
1823.0,0.0002847392170224339,0.0,0.0,0.0,0.005208333333333333,0.034722222222222224
1824.0,8.51715449243784e-05,0.0,0.0,0.0,0.0,0.007097628743698199
1825.0,1.2561260518850759e-05,0.0,0.0,0.0,0.0,0.00104677170990423
1826.0,9.88051324384287e-05,0.0,0.0,0.0,0.0,0.008233761036535725
1827.0,5.519811384147033e-05,0.0,0.0,0.0,0.0,0.004599842820122528
1828.0,0.0,0.0,0.0,0.0,0.0,0.0
1829.0,0.0,0.0,0.0,0.0,0.0,0.0
1830.0,0.0,0.0,0.0,0.0,0.0,0.0
1831.0,0.0,0.0,0.0,0.0,0.0,0.0
1832.0,0.0,0.0,0.0,0.0,0.0,0.0
1833.0,4.1895065805874765e-05,1.4703899978485424e-05,4.283315138309263e-05,0.0,0.0,0.003491255483822897
1834.0,3.721436587511562e-05,1.4703899978485424e-05,4.283315138309263e-05,0.0,0.0,0.003101197156259635
1835.0,0.0,0.0,0.0,0.0,0.0,0.0
1836.0,0.0,0.0,0.0,0.0,0.0,0.0
1837.0,0.0,0.0,0.0,0.0,0.0,0.0
1838.0,0.0,0.0,0.0,0.0,0.0,0.0
1839.0,6.21425497229211e-05,0.0,0.0,0.0,0.0,0.005178545810243425
1840.0,0.0,0.0,0.0,0.0,0.0,0.0
1841.0,0.00016379015869461,0.0,0.0,0.0,0.0,0.0136491798912175
1842.0,0.00010974944598274305,0.0,0.0,0.0,0.0,0.009145787165228588
1843.0,0.0,0.0,0.0,0.0,0.0,0.0
1844.0,0.00014380784705281258,0.0,0.0,0.0,0.001736111111111111,0.011983987254401049
1845.0,0.00012608928955160081,0.0,0.0,0.0,0.0,0.010507440795966735
1846.0,0.0,0.0,0.0,0.0,0.0,0.0
1847.0,0.0,0.0,0.0,0.0,0.0,0.0
1848.0,0.0,0.0,0.0,0.0,0.0,0.0
1849.0,0.0,0.0,0.0,0.0,0.0,0.0
1850.0,4.050927145726746e-06,0.0,0.0,0.0,0.0,0.0003375772621438955
1851.0,1.702066754205589e-07,0.0,0.0,0.0,0.0,1.4183889618379908e-05
1852.0,0.0,0.0,0.0,0.0,0.0,0.0
1853.0,7.866964733693749e-05,0.0,0.0,0.0,0.0,0.006555803944744791
1854.0,0.00013897396274842322,0.0,0.0,0.0,0.0,0.011581163562368602
1855.0,8.602258458267897e-05,0.0,0.0,0.0,0.0,0.007168548715223247
1856.0,0.00011070259643020108,0.0,0.0,0.0,0.0,0.009225216369183423
1857.0,0.0,0.0,0.0,0.0,0.0,0.0
1858.0,3.660161382867955e-05,1.4703899978485424e-05,4.283315138309263e-05,0.0,0.0,0.0030501344857232957
1859.0,3.190390270901844e-05,1.4703899978485424e-05,4.283315138309263e-05,0.0,0.0,0.00265865855908487
1860.0,0.0,0.0,0.0,0.0,0.0,0.0
1861.0,0.0,0.0,0.0,0.0,0.0,0.0
1862.0,0.0,0.0,0.0,0.0,0.0,0.0
1863.0,0.0,0.0,0.0,0.0,0.0,0.0
1864.0,0.0,0.0,0.0,0.0,0.0,0.0
1865.0,0.0,0.0,0.0,0.0,0.0,0.0
1866.0,0.0,0.0,0.0,0.0,0.0,0.0
1867.0,0.0,0.0,0.0,0.0,0.0,0.0
1868.0,0.0,0.0,0.0,0.0,0.0,0.0
1869.0,0.0,0.0,0.0,0.0,0.0,0.0
1870.0,0.0,0.0,0.0,0.0,0.0,0.0
1871.0,0.0,0.0,0.0,0.0,0.0,0.0
1872.0,0.0,0.0,0.0,0.0,0.0,0.0
1873.0,0.0,0.0,0.0,0.0,0.0,0.0
1874.0,0.0,0.0,0.0,0.0,0.0,0.0
1875.0,1.702066754205589e-07,0.0,0.0,0.0,0.0,1.4183889618379908e-05
1876.0,1.702066754205589e-07,0.0,0.0,0.0,0.0,1.4183889618379908e-05
1877.0,0.0,0.0,0.0,0.0,0.0,0.0
1878.0,0.0,0.0,0.0,0.0,0.0,0.0
1879.0,0.0,0.0,0.0,0.0,0.0,0.0
1880.0,0.0,0.0,0.0,0.0,0.0,0.0
1881.0,0.0,0.0,0.0,0.0,0.0,0.0
1882.0,0.0,0.0,0.0,0.0,0.0,0.0
1883.0,3.190390270901844e-05,1.4703899978485424e-05,4.283315138309263e-05,0.0,0.0,0.00265865855908487
1884.0,3.190390270901844e-05,1.4703899978485424e-05,4.283315138309263e-05,0.0,0.0,0.00265865855908487
1885.0,0.0,0.0,0.0,0.0,0.0,0.0
1886.0,0.0,0.0,0.0,0.0,0.0,0.0
1887.0,0.0,0.0,0.0,0.0,0.0,0.0
1888.0,0.0,0.0,0.0,0.0,0.0,0.0
1889.0,0.0,0.0,0.0,0.0,0.0,0.0
1890.0,0.0,0.0,0.0,0.0,0.0,0.0
1891.0,0.0,0.0,0.0,0.0,0.0,0.0
1892.0,0.00024419589317403734,0.0,0.0,0.0,0.012152777777777778,0.08101851851851852
1893.0,0.00024058752751443535,0.0,0.0,0.0,0.006944444444444444,0.046296296296296294
1894.0,7.655908848391846e-05,0.0,0.0,0.0,0.003472222222222222,0.023148148148148147
1895.0,0.0,0.0,0.0,0.0,0.0,0.0
1896.0,0.0,0.0,0.0,0.0,0.0,0.0
1897.0,0.0,0.0,0.0,0.0,0.0,0.0
1898.0,0.000257965613855049,0.0,0.0,0.0,0.0,0.02149713448792075
1899.0,0.0,0.0,0.0,0.0,0.0,0.0
1900.0,0.00041150933247990906,0.0,0.0,0.0,0.0,0.03429244437332576
1901.0,1.702066754205589e-07,0.0,0.0,0.0,0.0,1.4183889618379908e-05
1902.0,0.00018016404646914452,0.0,0.0,0.0,0.0,0.015013670539095376
1903.0,0.00026540367980487645,0.0,0.0,0.0,0.0,0.022116973317073036
1904.0,0.000264110101852566,0.0,0.0,0.0,0.0,0.0220091751543805
1905.0,1.3616556771012256e-07,0.0,0.0,0.0,0.0,1.1347130642510214e-05
1906.0,0.0,0.0,0.0,0.0,0.0,0.0
1907.0,0.0,0.0,0.0,0.0,0.0,0.0
1908.0,4.4771550165023655e-05,1.4703899978485424e-05,4.283315138309263e-05,0.0,0.0,0.003730962513751971
1909.0,3.3299598726443946e-05,1.4703899978485424e-05,4.283315138309263e-05,0.0,0.0,0.0027749665605369955
1910.0,0.0,0.0,0.0,0.0,0.0,0.0
1911.0,0.0,0.0,0.0,0.0,0.0,0.0
1912.0,0.0,0.0,0.0,0.0,0.0,0.0
1913.0,0.0,0.0,0.0,0.0,0.0,0.0
1914.0,0.0,0.0,0.0,0.0,0.0,0.0
1915.0,0.0,0.0,0.0,0.0,0.0,0.0
1916.0,0.0,0.0,0.0,0.0,0.0,0.0
1917.0,0.0,0.0,0.0,0.0,0.0,0.0
1918.0,0.05088623985648155,0.02242310531437397,0.0,0.0002784317475743592,0.4427083333333333,4.24051998804013
1919.0,0.041216395795345306,0.01557143498212099,0.0,0.00039143898175098,0.25,3.4346996496121087
1920.0,0.030208636075258255,0.0009344861609861255,0.0,0.00036122428718954325,0.1753472222222222,2.5173863396048546
1921.0,0.03276862949132919,0.0009369296603836119,0.0,0.000592762662563473,0.14583333333333334,2.730719124277433
1922.0,0.04691379889845848,0.0017610632348805666,0.0,0.0006149578257463872,0.24305555555555555,3.9094832415382066
1923.0,4.42532922306782e-07,0.0,0.0,0.0,0.0,3.6877743525565165e-05
1924.0,0.00637116888538003,0.0,0.0,0.0,0.05555555555555555,0.5309307404483358
1925.0,9.769878488441464e-06,0.0,0.0,0.0,0.001736111111111111,0.011574074074074073
1926.0,0.00015093952242750674,0.0,0.0,0.0,0.001736111111111111,0.012578293535625562
1927.0,0.0,0.0,0.0,0.0,0.0,0.0
1928.0,0.0,0.0,0.0,0.0,0.0,0.0
1929.0,0.0,0.0,0.0,0.0,0.0,0.0
1930.0,8.272081686300226e-06,0.0,0.0,0.0,0.0,0.0006893401405250188
1931.0,0.0003373331273905933,0.0,0.0,0.0,0.0,0.028111093949216105
1932.0,8.510387061733127e-08,0.0,0.0,0.0,0.0,7.091989218110939e-06
1933.0,0.0,0.0,0.0,0.0,0.0,0.0
1934.0,0.0,0.0,0.0,0.0,0.0,0.0
1935.0,0.0,0.0,0.0,0.0,0.0,0.0
1936.0,0.0,0.0,0.0,0.0,0.0,0.0
1937.0,0.0,0.0,0.0,0.0,0.0,0.0
1938.0,0.0,0.0,0.0,0.0,0.0,0.0
1939.0,2.62118714999815e-06,0.0,0.0,0.0,0.0,0.00021843226249984582
1940.0,0.0,0.0,0.0,0.0,0.0,0.0
1941.0,0.0,0.0,0.0,0.0,0.0,0.0
1942.0,1.702069596376532e-08,0.0,0.0,0.0,0.0,1.4183913303137767e-06
1943.0,0.0004980765515938401,0.0,0.0,0.0,0.003472222222222222,0.041506379299486675
1944.0,0.0,0.0,0.0,0.0,0.0,0.0
1945.0,0.0,0.0,0.0,0.0,0.0,0.0
1946.0,0.0,0.0,0.0,0.0,0.0,0.0
1947.0,2.8424733500287402e-06,0.0,0.0,0.0,0.0,0.0002368727791690617
1948.0,0.0,0.0,0.0,0.0,0.0,0.0
1949.0,0.0410805270075798,0.012932056561112404,0.0,0.00035160279367119074,0.2638888888888889,3.4233772506316504
1950.0,0.0,0.0,0.0,0.0,0.0,0.0
1951.0,0.0,0.0,0.0,0.0,0.0,0.0
1952.0,0.0,0.0,0.0,0.0,0.0,0.0
1953.0,0.0,0.0,0.0,0.0,0.0,0.0
1954.0,0.0,0.0,0.0,0.0,0.0,0.0
1955.0,0.0,0.0,0.0,0.0,0.0,0.0
1956.0,0.0,0.0,0.0,0.0,0.0,0.0
1957.0,3.094378655532637e-07,1.6706815131328767e-06,0.0,0.0,0.0,4.176703782832192e-05
1958.0,3.094378655532637e-07,1.6706815131328767e-06,0.0,0.0,0.0,4.176703782832192e-05
1959.0,0.0,0.0,0.0,0.0,0.0,0.0
1960.0,0.0,0.0,0.0,0.0,0.0,0.0
1961.0,0.0,0.0,0.0,0.0,0.0,0.0
1962.0,0.0,0.0,0.0,0.0,0.0,0.0
1963.0,0.0,0.0,0.0,0.0,0.0,0.0
1964.0,0.0,0.0,0.0,0.0,0.0,0.0
1965.0,0.0,0.0,0.0,0.0,0.0,0.0
1966.0,0.0,0.0,0.0,0.0,0.0,0.0
1967.0,0.0,0.0,0.0,0.0,0.0,0.0
1968.0,0.0,0.0,0.0,0.0,0.0,0.0
1969.0,0.0,0.0,0.0,0.0,0.0,0.0
1970.0,0.0,0.0,0.0,0.0,0.0,0.0
1971.0,0.0,0.0,0.0,0.0,0.0,0.0
1972.0,0.00025319986161775887,0.001417540363036096,0.0,0.0,0.006944444444444444,0.046296296296296294
1973.0,0.0003681916568893939,1.4307606761576608e-06,0.0,0.0,0.006944444444444444,0.046296296296296294
1974.0,0.0011553306831046939,0.00487554632127285,0.0,0.0,0.03125,0.20833333333333334
1975.0,0.0006320804823189974,0.0,0.0,0.0,0.006944444444444444,0.05267337352658311
1976.0,0.0001491523435106501,0.000964433653280139,0.0,0.0,0.0,0.024110841332003474
1977.0,0.00021777978690806776,0.001408075331710279,0.0,0.0,0.001736111111111111,0.035201883292756975
1978.0,0.0003673406026791781,0.0023727291263639927,0.0,0.0,0.006944444444444444,0.05931822815909982
1979.0,0.0004933788441121578,0.0002444376004859805,0.0,0.0,0.012152777777777778,0.08101851851851852
1980.0,0.0005345348617993295,0.0,0.0,0.0,0.006944444444444444,0.046296296296296294
1981.0,0.0002150394575437531,0.0,0.0,0.0,0.0,0.01791995479531276
1982.0,0.0001790607493603602,7.089681457728148e-05,0.0,0.0,0.0,0.01492172911336335
1983.0,0.00010180383105762303,1.6706815131328767e-06,0.0,0.0,0.001736111111111111,0.011574074074074073
1984.0,0.00019772940140683204,0.0,0.0,0.0,0.0,0.016477450117236003
1985.0,0.00014094836660660803,0.0,0.0,0.0,0.006944444444444444,0.046296296296296294
1986.0,0.0,0.0,0.0,0.0,0.0,0.0
1987.0,0.0,0.0,0.0,0.0,0.0,0.0
1988.0,0.0,0.0,0.0,0.0,0.0,0.0
1989.0,0.0,0.0,0.0,0.0,0.0,0.0
1990.0,0.004962468519806862,0.011258549988269806,0.0,0.0,0.08506944444444445,0.5671296296296297
1991.0,1.702069596376532e-07,0.0,0.0,0.0,0.0,1.4183913303137766e-05
1992.0,0.0,0.0,0.0,0.0,0.0,0.0
1993.0,0.0,0.0,0.0,0.0,0.0,0.0
1994.0,0.0,0.0,0.0,0.0,0.0,0.0
1995.0,0.0,0.0,0.0,0.0,0.0,0.0
1996.0,0.0,0.0,0.0,0.0,0.0,0.0
1997.0,0.0,0.0,0.0,0.0,0.0,0.0
1998.0,0.0,0.0,0.0,0.0,0.0,0.0
1999.0,0.0,0.0,0.0,0.0,0.0,0.0
2000.0,5.6849103202694096e-06,0.0,0.0,0.0,0.0,0.00047374252668911743
2001.0,0.00028747948817908764,0.0,0.0,0.0,0.001736111111111111,0.02395662401492397
2002.0,9.677966590970755e-05,0.0,0.0,0.0,0.001736111111111111,0.011574074074074073
2003.0,0.0002522466820664704,0.0,0.0,0.0,0.001736111111111111,0.021020556838872533
2004.0,0.0,0.0,0.0,0.0,0.0,0.0
2005.0,0.0,0.0,0.0,0.0,0.0,0.0
2006.0,9.497547580394894e-05,0.0,0.0,0.0,0.0,0.007914622983662412
2007.0,0.00016408255032729357,1.6706815131328767e-06,0.0,0.0,0.005208333333333333,0.034722222222222224
2008.0,0.0002737128525041044,1.6706815131328767e-06,0.0,0.0,0.003472222222222222,0.023148148148148147
2009.0,1.702076133369701e-07,0.0,0.0,0.0,0.0,1.4183967778080842e-05
2010.0,0.0,0.0,0.0,0.0,0.0,0.0
2011.0,0.00020394196326378733,0.0,0.0,0.0,0.0,0.01699516360531561
2012.0,0.00010874521103687584,0.0,0.0,0.0,0.0,0.009062100919739654
2013.0,0.0002096949319820851,0.0,0.0,0.0,0.001736111111111111,0.017474577665173758
2014.0,9.931575186783448e-05,0.0,0.0,0.0,0.001736111111111111,0.011574074074074073
2015.0,0.0002917007077485323,0.0,0.0,0.0,0.003472222222222222,0.02430839231237769
2016.0,0.0002680078614503145,0.0,0.0,0.0,0.001736111111111111,0.022333988454192877
2017.0,3.6254077713238075e-05,0.0,0.0,0.0,0.0,0.0030211731427698396
2018.0,0.0,0.0,0.0,0.0,0.0,0.0
2019.0,0.0,0.0,0.0,0.0,0.0,0.0
2020.0,0.0,0.0,0.0,0.0,0.0,0.0
2021.0,0.0,0.0,0.0,0.0,0.0,0.0
2022.0,0.0,0.0,0.0,0.0,0.0,0.0
2023.0,0.0,0.0,0.0,0.0,0.0,0.0
2024.0,3.0126632282190258e-06,0.0,0.0,0.0,0.0,0.00025105526901825215
2025.0,0.0,0.0,0.0,0.0,0.0,0.0
2026.0,0.0,0.0,0.0,0.0,0.0,0.0
2027.0,0.0,0.0,0.0,0.0,0.0,0.0
2028.0,0.0,0.0,0.0,0.0,0.0,0.0
2029.0,0.0,0.0,0.0,0.0,0.0,0.0
2030.0,0.0,0.0,0.0,0.0,0.0,0.0
2031.0,0.0,0.0,0.0,0.0,0.0,0.0
2032.0,3.4347900168540946e-07,1.6706815131328767e-06,0.0,0.0,0.0,4.176703782832192e-05
2033.0,0.0001667888427618891,1.6706815131328767e-06,0.0,0.0,0.0,0.013899070230157424
2034.0,0.0,0.0,0.0,0.0,0.0,0.0
2035.0,0.0,0.0,0.0,0.0,0.0,0.0
2036.0,0.00015761163376737386,0.0,0.0,0.0,0.0,0.013134302813947821
2037.0,0.0001726579066598788,0.0,0.0,0.0,0.0,0.014388158888323233
2038.0,0.0005100421258248389,0.0,0.0,0.0,0.0,0.04250351048540324
2039.0,0.00010697507968870923,0.0,0.0,0.0,0.001736111111111111,0.011574074074074073
2040.0,5.1487597374944016e-05,0.0,0.0,0.0,0.001736111111111111,0.011574074074074073
2041.0,0.00017572165234014392,0.0,0.0,0.0,0.001736111111111111,0.014643471028345326
2042.0,0.00042490463238209486,0.0,0.0,0.0,0.0,0.03540871936517457
2043.0,0.00022150730364955962,0.0,0.0,0.0,0.0,0.018458941970796634
2044.0,0.00022644331329502165,0.0,0.0,0.0,0.003472222222222222,0.023148148148148147
2045.0,0.0,0.0,0.0,0.0,0.0,0.0
2046.0,0.00015339048695750535,0.0009898568969219923,0.0,0.0,0.005208333333333333,0.034722222222222224
2047.0,0.00019286145106889307,0.00124375952873379,0.0,0.0,0.001736111111111111,0.031093988218344748
2048.0,0.00035797921009361744,0.0022741176653653383,0.0,0.0,0.006944444444444444,0.05685294163413346
2049.0,9.917958959704265e-05,0.0003079408488702029,0.0,0.0,0.0,0.008264965799753554
2050.0,0.0,0.0,0.0,0.0,0.0,0.0
2051.0,0.00021958396246191114,0.0005045034340582788,0.0,0.0,0.008680555555555556,0.05787037037037038
2052.0,0.000305385299725458,0.0,0.0,0.0,0.006944444444444444,0.046296296296296294
2053.0,0.00014818216732237488,0.0,0.0,0.0,0.001736111111111111,0.01234851394353124
2054.0,0.0002793095773085952,0.0,0.0,0.0,0.001736111111111111,0.0232757981090496
2055.0,0.0,0.0,0.0,0.0,0.0,0.0
2056.0,0.00019771237566601485,0.0,0.0,0.0,0.006944444444444444,0.046296296296296294
2057.0,0.00032930244924500585,5.522685114556225e-06,0.0,0.0,0.003472222222222222,0.027441870770417154
2058.0,0.00021202984498813748,1.6706815131328767e-06,0.0,0.0,0.005208333333333333,0.034722222222222224
2059.0,0.0,0.0,0.0,0.0,0.0,0.0
2060.0,0.0,0.0,0.0,0.0,0.0,0.0
2061.0,0.0,0.0,0.0,0.0,0.0,0.0
2062.0,0.0,0.0,0.0,0.0,0.0,0.0
2063.0,0.0,0.0,0.0,0.0,0.0,0.0
2064.0,0.0,0.0,0.0,0.0,0.0,0.0
2065.0,0.0,0.0,0.0,0.0,0.0,0.0
2066.0,2.8254323751752963e-06,0.0,0.0,0.0,0.0,0.00023545269793127469
2067.0,0.0,0.0,0.0,0.0,0.0,0.0
2068.0,0.0,0.0,0.0,0.0,0.0,0.0
2069.0,0.0001670410856604576,0.0,0.0,0.0,0.003472222222222222,0.023148148148148147
2070.0,0.00010021783236879855,0.0,0.0,0.0,0.0,0.008351486030733213
2071.0,0.0,0.0,0.0,0.0,0.0,0.0
2072.0,0.0,0.0,0.0,0.0,0.0,0.0
2073.0,0.0,0.0,0.0,0.0,0.0,0.0
2074.0,2.5531007850077003e-06,0.0,0.0,0.0,0.0,0.0002127583987506417
2075.0,0.0,0.0,0.0,0.0,0.0,0.0
2076.0,0.0,0.0,0.0,0.0,0.0,0.0
2077.0,0.0,0.0,0.0,0.0,0.0,0.0
2078.0,0.0,0.0,0.0,0.0,0.0,0.0
2079.0,0.0,0.0,0.0,0.0,0.0,0.0
2080.0,6.055962876416743e-05,0.0,0.0,0.0,0.0,0.005046635730347286
2081.0,0.0002177287096856162,0.0,0.0,0.0,0.001736111111111111,0.018144059140468016
2082.0,0.000157631715410389,1.6706815131328767e-06,0.0,0.0,0.0,0.013135976284199083
2083.0,4.1156152974508586e-07,1.6706815131328767e-06,0.0,0.0,0.0,4.176703782832192e-05
2084.0,0.0,0.0,0.0,0.0,0.0,0.0
2085.0,0.0,0.0,0.0,0.0,0.0,0.0
2086.0,0.0,0.0,0.0,0.0,0.0,0.0
2087.0,0.0,0.0,0.0,0.0,0.0,0.0
2088.0,0.0,0.0,0.0,0.0,0.0,0.0
2089.0,0.0,0.0,0.0,0.0,0.0,0.0
2090.0,0.0,0.0,0.0,0.0,0.0,0.0
2091.0,1.766747845977079e-05,0.0,0.0,0.0,0.0,0.0014722898716475659
2092.0,0.0004341638705227524,0.0,0.0,0.0,0.008680555555555556,0.05787037037037038
2093.0,1.2101715583412442e-05,0.0,0.0,0.0,0.0,0.0010084762986177036
2094.0,0.00016503263032063842,0.0,0.0,0.0,0.001736111111111111,0.013752719193386534
2095.0,0.00013967179984319955,0.0,0.0,0.0,0.001736111111111111,0.011639316653599963
2096.0,0.00021777978690806776,0.0,0.0,0.0,0.0,0.018148315575672314
2097.0,4.658563557313755e-05,0.0,0.0,0.0,0.0,0.0038821362977614626
2098.0,0.0,0.0,0.0,0.0,0.0,0.0
2099.0,0.00029871315928176045,0.0,0.0,0.0,0.0,0.02489276327348004
2100.0,0.0001702579902485013,0.0,0.0,0.0,0.005208333333333333,0.034722222222222224
2101.0,0.0,0.0,0.0,0.0,0.0,0.0
2102.0,5.787034751847386e-06,0.0,0.0,0.0,0.0,0.00048225289598728216
2103.0,0.0002699481847230345,0.0,0.0,0.0,0.005208333333333333,0.034722222222222224
2104.0,0.0,0.0,0.0,0.0,0.0,0.0
2105.0,0.0,0.0,0.0,0.0,0.0,0.0
2106.0,0.0,0.0,0.0,0.0,0.0,0.0
2107.0,4.0540007830713876e-06,1.6706815131328767e-06,0.0,0.0,0.0,0.0003378333985892823
2108.0,4.2858229676312476e-07,1.6706815131328767e-06,0.0,0.0,0.0,4.176703782832192e-05
2109.0,0.0,0.0,0.0,0.0,0.0,0.0
2110.0,1.7020436615666767e-08,0.0,0.0,0.0,0.0,1.4183697179722306e-06
2111.0,0.000511437829118222,0.0,0.0,0.0,0.003472222222222222,0.042619819093185164
2112.0,0.0002068354660877958,0.0,0.0,0.0,0.001736111111111111,0.01723628884064965
2113.0,1.885892743302975e-05,0.0,0.0,0.0,0.0,0.0015715772860858124
2114.0,0.0,0.0,0.0,0.0,0.0,0.0
2115.0,0.0005203226464800537,0.0,0.0,0.0,0.010416666666666666,0.06944444444444445
2116.0,0.0002494212531019002,0.0,0.0,0.0,0.005208333333333333,0.034722222222222224
2117.0,0.0001325401390204206,0.0,0.0,0.0,0.0,0.01104501158503505
2118.0,0.0,0.0,0.0,0.0,0.0,0.0
2119.0,0.0001212554270750843,0.0,0.0,0.0,0.001736111111111111,0.011574074074074073
2120.0,0.000677168311085552,0.0,0.0,0.0,0.019097222222222224,0.12731481481481483
2121.0,9.900938312057406e-05,0.0,0.0,0.0,0.0,0.008250781926714504
2122.0,0.0,0.0,0.0,0.0,0.0,0.0
2123.0,0.0,0.0,0.0,0.0,0.0,0.0
2124.0,1.1727251148840878e-05,0.0,0.0,0.0,0.0,0.0009772709290700732
2125.0,0.0,0.0,0.0,0.0,0.0,0.0
2126.0,0.0,0.0,0.0,0.0,0.0,0.0
2127.0,0.0,0.0,0.0,0.0,0.0,0.0
2128.0,0.0,0.0,0.0,0.0,0.0,0.0
2129.0,0.0,0.0,0.0,0.0,0.0,0.0
2130.0,0.0,0.0,0.0,0.0,0.0,0.0
2131.0,0.0,0.0,0.0,0.0,0.0,0.0
2132.0,4.2858229676312476e-07,1.6706815131328767e-06,0.0,0.0,0.0,4.176703782832192e-05
2133.0,4.2858229676312476e-07,1.6706815131328767e-06,0.0,0.0,0.0,4.176703782832192e-05
2134.0,0.0,0.0,0.0,0.0,0.0,0.0
2135.0,0.0,0.0,0.0,0.0,0.0,0.0
2136.0,0.0,0.0,0.0,0.0,0.0,0.0
2137.0,0.0,0.0,0.0,0.0,0.0,0.0
2138.0,0.0,0.0,0.0,0.0,0.0,0.0
2139.0,0.0,0.0,0.0,0.0,0.0,0.0
2140.0,0.0,0.0,0.0,0.0,0.0,0.0
2141.0,0.0,0.0,0.0,0.0,0.0,0.0
2142.0,0.0,0.0,0.0,0.0,0.0,0.0
2143.0,0.0,0.0,0.0,0.0,0.0,0.0
2144.0,0.0,0.0,0.0,0.0,0.0,0.0
2145.0,0.0,0.0,0.0,0.0,0.0,0.0
2146.0,0.0,0.0,0.0,0.0,0.0,0.0
2147.0,0.0,0.0,0.0,0.0,0.0,0.0
2148.0,0.0,0.0,0.0,0.0,0.0,0.0
2149.0,0.0,0.0,0.0,0.0,0.0,0.0
2150.0,0.0,0.0,0.0,0.0,0.0,0.0
2151.0,0.0,0.0,0.0,0.0,0.0,0.0
2152.0,0.0,0.0,0.0,0.0,0.0,0.0
2153.0,0.0,0.0,0.0,0.0,0.0,0.0
2154.0,0.0,0.0,0.0,0.0,0.0,0.0
2155.0,0.0,0.0,0.0,0.0,0.0,0.0
2156.0,0.0,0.0,0.0,0.0,0.0,0.0
2157.0,4.2858229676312476e-07,1.6706815131328767e-06,0.0,0.0,0.0,4.176703782832192e-05
2158.0,4.2858229676312476e-07,1.6706815131328767e-06,0.0,0.0,0.0,4.176703782832192e-05
2159.0,0.0,0.0,0.0,0.0,0.0,0.0
2160.0,0.0,0.0,0.0,0.0,0.0,0.0
2161.0,0.0,0.0,0.0,0.0,0.0,0.0
2162.0,0.0,0.0,0.0,0.0,0.0,0.0
2163.0,0.0,0.0,0.0,0.0,0.0,0.0
2164.0,0.0,0.0,0.0,0.0,0.0,0.0
2165.0,0.0,0.0,0.0,0.0,0.0,0.0
2166.0,0.0,0.0,0.0,0.0,0.0,0.0
2167.0,0.0,0.0,0.0,0.0,0.0,0.0
2168.0,0.0,0.0,0.0,0.0,0.0,0.0
2169.0,0.009648792445659637,0.005279127042740583,0.0,0.0,0.1284722222222222,0.8564814814814814
2170.0,0.0,0.0,0.0,0.0,0.0,0.0
2171.0,0.0,0.0,0.0,0.0,0.0,0.0
2172.0,0.0390683189034462,0.0136879226192832,0.0,0.0008276851731352508,0.265625,3.25569324195385
2173.0,0.0,0.0,0.0,0.0,0.0,0.0
2174.0,0.0,0.0,0.0,0.0,0.0,0.0
2175.0,0.0,0.0,0.0,0.0,0.0,0.0
2176.0,0.0,0.0,0.0,0.0,0.0,0.0
2177.0,0.0,0.0,0.0,0.0,0.0,0.0
2178.0,0.0,0.0,0.0,0.0,0.0,0.0
2179.0,0.0,0.0,0.0,0.0,0.0,0.0
2180.0,7.860169830564701e-07,2.5511412786727306e-06,0.0,0.0,0.0,6.550141525470583e-05
2181.0,7.860169830564701e-07,2.5511412786727306e-06,0.0,0.0,0.0,6.550141525470583e-05
2182.0,7.0806077019369695e-06,0.0,0.0,0.0,0.0,0.0005900506418280808
2183.0,0.00021440967975649983,0.0,0.0,0.0,0.0,0.017867473313041653
2184.0,0.0003943184274248779,0.0,0.0,0.0,0.0,0.03285986895207316
2185.0,5.637253343593329e-05,0.0,0.0,0.0,0.0,0.004697711119661108
2186.0,0.0002346472756471485,0.0,0.0,0.0,0.0,0.019553939637262374
2187.0,0.00028848377405665815,0.0,0.0,0.0,0.0,0.02404031450472151
2188.0,3.276677671237849e-05,0.0,0.0,0.0,0.0,0.0027305647260315404
2189.0,0.00018525322957430035,0.0,0.0,0.0,0.003472222222222222,0.023148148148148147
2190.0,0.0002273964782943949,0.0,0.0,0.0,0.001736111111111111,0.01894970652453291
2191.0,0.00022128605633042753,0.0,0.0,0.0,0.005208333333333333,0.034722222222222224
2192.0,0.0,0.0,0.0,0.0,0.0,0.0
2193.0,2.0646100892918184e-05,0.0,0.0,0.0,0.0,0.001720508407743182
2194.0,0.0004364105989225209,0.0,0.0,0.0,0.001736111111111111,0.03636754991021007
2195.0,0.00047040090430527925,0.0,0.0,0.0,0.010416666666666666,0.06944444444444445
2196.0,0.00023871524899732322,0.0,0.0,0.0,0.006944444444444444,0.046296296296296294
2197.0,0.00031083193607628345,0.0,0.0,0.0,0.001736111111111111,0.025902661339690287
2198.0,0.0,0.0,0.0,0.0,0.0,0.0
2199.0,0.0,0.0,0.0,0.0,0.0,0.0
2200.0,0.0,0.0,0.0,0.0,0.0,0.0
2201.0,0.0,0.0,0.0,0.0,0.0,0.0
2202.0,0.0,0.0,0.0,0.0,0.0,0.0
2203.0,0.0,0.0,0.0,0.0,0.0,0.0
2204.0,0.0416809506714344,0.013707118108868599,4.283315138309263e-05,0.0008276851731352508,0.2378472222222222,3.473412555952867
2205.0,1.8045882825390436e-05,1.9195687855244614e-05,4.283315138309263e-05,0.0,0.0,0.0015038235687825363
2206.0,0.0,0.0,0.0,0.0,0.0,0.0
2207.0,0.041671715676784515,0.013698786497116089,0.0,0.0008276851731352508,0.2378472222222222,3.4726429730653763
2208.0,5.305519152898341e-06,1.240457822859753e-05,0.0,0.0,0.0,0.00044212659607486177
2209.0,9.5400981081184e-05,0.0,0.0,0.0,0.003472222222222222,0.023148148148148147
2210.0,0.00010139226651517674,0.0,0.0,0.0,0.0,0.008449355542931395
2211.0,0.00022600273950956762,0.0,0.0,0.0,0.001736111111111111,0.0188335616257973
2212.0,0.00013572302123066038,0.0,0.0,0.0,0.0,0.011310251769221699
2213.0,0.00011584283492993563,0.0,0.0,0.0,0.0,0.009653569577494636
2214.0,0.0,0.0,0.0,0.0,0.0,0.0
2215.0,0.0423181988298893,0.0136879226192832,0.0,0.0008276851731352508,0.24305555555555555,3.5265165691574416
2216.0,0.04231886565685272,0.0136879226192832,0.0,0.0008276851731352508,0.24305555555555555,3.52657213807106
2217.0,0.0,0.0,0.0,0.0,0.0,0.0
2218.0,0.0,0.0,0.0,0.0,0.0,0.0
2219.0,0.0,0.0,0.0,0.0,0.0,0.0
2220.0,0.0,0.0,0.0,0.0,0.0,0.0
2221.0,0.0001195022850879468,0.0,0.0,0.0,0.0,0.0099585237573289
2222.0,0.0,0.0,0.0,0.0,0.0,0.0
2223.0,0.0,0.0,0.0,0.0,0.0,0.0
2224.0,9.96221206150949e-05,2.201149698066729e-07,0.0,0.0,0.0,0.008301843384591242
2225.0,9.657736518420279e-05,2.201149698066729e-07,0.0,0.0,0.0,0.008048113765350232
2226.0,0.0,0.0,0.0,0.0,0.0,0.0
2227.0,0.0,0.0,0.0,0.0,0.0,0.0
2228.0,0.0,0.0,0.0,0.0,0.0,0.0
2229.0,0.0,0.0,0.0,0.0,0.0,0.0
2230.0,0.0,0.0,0.0,0.0,0.0,0.0
2231.0,0.0,0.0,0.0,0.0,0.0,0.0
2232.0,1.3373743968259078e-05,2.1077099518151954e-05,2.841523200913798e-05,0.0,0.0,0.0011144786640215898
2233.0,1.160164629254723e-05,2.1077099518151954e-05,2.841523200913798e-05,0.0,0.0,0.0009668038577122691
2234.0,0.0,0.0,0.0,0.0,0.0,0.0
2235.0,0.0,0.0,0.0,0.0,0.0,0.0
2236.0,0.0,0.0,0.0,0.0,0.0,0.0
2237.0,0.0,0.0,0.0,0.0,0.0,0.0
2238.0,0.0,0.0,0.0,0.0,0.0,0.0
2239.0,0.0,0.0,0.0,0.0,0.0,0.0
2240.0,0.0,0.0,0.0,0.0,0.0,0.0
2241.0,0.0,0.0,0.0,0.0,0.0,0.0
2242.0,0.0,0.0,0.0,0.0,0.0,0.0
2243.0,0.0,0.0,0.0,0.0,0.0,0.0
2244.0,0.0,0.0,0.0,0.0,0.0,0.0
2245.0,0.0,0.0,0.0,0.0,0.0,0.0
2246.0,0.0,0.0,0.0,0.0,0.0,0.0
2247.0,0.0,0.0,0.0,0.0,0.0,0.0
2248.0,0.0,0.0,0.0,0.0,0.0,0.0
2249.0,1.702071585896192e-07,2.201149698066729e-07,0.0,0.0,0.0,1.4183929882468267e-05
2250.0,1.702071585896192e-07,2.201149698066729e-07,0.0,0.0,0.0,1.4183929882468267e-05
2251.0,0.0,0.0,0.0,0.0,0.0,0.0
2252.0,0.0,0.0,0.0,0.0,0.0,0.0
2253.0,0.0,0.0,0.0,0.0,0.0,0.0
2254.0,0.0,0.0,0.0,0.0,0.0,0.0
2255.0,0.0,0.0,0.0,0.0,0.0,0.0
2256.0,0.0,0.0,0.0,0.0,0.0,0.0
2257.0,1.160164629254723e-05,2.1077099518151954e-05,2.841523200913798e-05,0.0,0.0,0.0009668038577122691
2258.0,1.160164629254723e-05,2.1077099518151954e-05,2.841523200913798e-05,0.0,0.0,0.0009668038577122691
2259.0,0.0,0.0,0.0,0.0,0.0,0.0
2260.0,0.0,0.0,0.0,0.0,0.0,0.0
2261.0,0.0,0.0,0.0,0.0,0.0,0.0
2262.0,0.0,0.0,0.0,0.0,0.0,0.0
2263.0,0.0,0.0,0.0,0.0,0.0,0.0
2264.0,0.0,0.0,0.0,0.0,0.0,0.0
2265.0,0.0,0.0,0.0,0.0,0.0,0.0
2266.0,0.0,0.0,0.0,0.0,0.0,0.0
2267.0,0.0,0.0,0.0,0.0,0.0,0.0
2268.0,0.0,0.0,0.0,0.0,0.0,0.0
2269.0,0.0,0.0,0.0,0.0,0.0,0.0
2270.0,8.96309720701538e-05,0.0,0.0,0.0,0.003472222222222222,0.023148148148148147
2271.0,0.00015974116104189306,0.0,0.0,0.0,0.003472222222222222,0.023148148148148147
2272.0,0.0001866999955382198,0.0,0.0,0.0,0.001736111111111111,0.015558332961518317
2273.0,0.0002568252675700933,0.0,0.0,0.0,0.006944444444444444,0.046296296296296294
2274.0,7.378665759461e-05,2.201149698066729e-07,0.0,0.0,0.0,0.006148888132884167
2275.0,9.300107922172174e-05,2.201149698066729e-07,0.0,0.0,0.003472222222222222,0.023148148148148147
2276.0,7.895899034338072e-05,0.0,0.0,0.0,0.003472222222222222,0.023148148148148147
2277.0,0.00019601032545324415,0.0,0.0,0.0,0.003472222222222222,0.023148148148148147
2278.0,0.00010610894969431683,0.0,0.0,0.0,0.003472222222222222,0.023148148148148147
2279.0,0.0002297453465871513,0.0,0.0,0.0,0.001736111111111111,0.019145445548929274
2280.0,0.00020601849246304482,0.0,0.0,0.0,0.0,0.017168207705253735
2281.0,0.00019980593060608953,0.0,0.0,0.0,0.005208333333333333,0.034722222222222224
2282.0,0.00011177037231391296,2.1077099518151954e-05,2.841523200913798e-05,0.0,0.003472222222222222,0.023148148148148147
2283.0,0.00026402046205475926,2.1077099518151954e-05,2.841523200913798e-05,0.0,0.005208333333333333,0.034722222222222224
2284.0,0.00017626630142331123,0.0,0.0,0.0,0.0,0.014688858451942602
2285.0,0.0,0.0,0.0,0.0,0.0,0.0
2286.0,7.957174238981679e-05,0.0,0.0,0.0,0.0,0.006630978532484733
2287.0,0.00018489579088054597,0.0,0.0,0.0,0.001736111111111111,0.015407982573378831
2288.0,0.0002960069105029106,0.0,0.0,0.0,0.003472222222222222,0.024667242541909218
2289.0,7.628674939041957e-05,0.0,0.0,0.0,0.001736111111111111,0.011574074074074073
2290.0,0.0001221404963871464,0.0,0.0,0.0,0.003472222222222222,0.023148148148148147
2291.0,0.00013385269267018884,0.0,0.0,0.0,0.0,0.01115439105584907
2292.0,0.0,0.0,0.0,0.0,0.0,0.0
2293.0,7.936749170767143e-05,0.0,0.0,0.0,0.001736111111111111,0.011574074074074073
2294.0,0.0,0.0,0.0,0.0,0.0,0.0
2295.0,0.0001532713504275307,0.0,0.0,0.0,0.005208333333333333,0.034722222222222224
2296.0,4.119007826375309e-06,0.0,0.0,0.0,0.0,0.00034325065219794243
2297.0,0.0,0.0,0.0,0.0,0.0,0.0
2298.0,0.0,0.0,0.0,0.0,0.0,0.0
2299.0,3.472226126177702e-06,2.201149698066729e-07,0.0,0.0,0.0,0.00028935217718147516
2300.0,0.0007484849193133414,2.201149698066729e-07,0.0,0.0,0.008680555555555556,0.06237374327611178
2301.0,0.0005283072241581976,0.0,0.0,0.0,0.008680555555555556,0.05787037037037038
2302.0,0.00036465132143348455,0.0,0.0,0.0,0.005208333333333333,0.034722222222222224
2303.0,0.0002688929089345038,0.0,0.0,0.0,0.005208333333333333,0.034722222222222224
2304.0,0.0006269231671467423,0.0,0.0,0.0,0.008680555555555556,0.05787037037037038
2305.0,0.00013352734094951302,0.0,0.0,0.0,0.006944444444444444,0.046296296296296294
2306.0,0.0006594837759621441,0.0,0.0,0.0,0.005208333333333333,0.05495698133017868
2307.0,0.00020068643789272755,2.1077099518151954e-05,2.841523200913798e-05,0.0,0.012152777777777778,0.08101851851851852
2308.0,1.9516266547725536e-05,2.1077099518151954e-05,2.841523200913798e-05,0.0,0.001736111111111111,0.011574074074074073
2309.0,0.0,0.0,0.0,0.0,0.0,0.0
2310.0,0.0,0.0,0.0,0.0,0.0,0.0
2311.0,0.0,0.0,0.0,0.0,0.0,0.0
2312.0,0.0,0.0,0.0,0.0,0.0,0.0
2313.0,0.0,0.0,0.0,0.0,0.0,0.0
2314.0,0.00019664007413666695,0.0,0.0,0.0,0.005208333333333333,0.034722222222222224
2315.0,9.116478031501174e-05,0.0,0.0,0.0,0.0,0.007597065026250978
2316.0,0.00028811124502681196,0.0,0.0,0.0,0.008680555555555556,0.05787037037037038
2317.0,0.0002002163528231904,0.0,0.0,0.0,0.003472222222222222,0.023148148148148147
2318.0,0.00010084761743200943,0.0,0.0,0.0,0.003472222222222222,0.023148148148148147
2319.0,0.00010059229680337012,0.0,0.0,0.0,0.001736111111111111,0.011574074074074073
2320.0,0.00013003809726797044,0.0,0.0,0.0,0.001736111111111111,0.011574074074074073
2321.0,0.0001800789323169738,0.0,0.0,0.0,0.001736111111111111,0.01500657769308115
2322.0,0.00013419115566648543,0.0,0.0,0.0,0.003472222222222222,0.023148148148148147
2323.0,0.00013550174480769783,0.0,0.0,0.0,0.001736111111111111,0.011574074074074073
2324.0,6.714859046041965e-05,2.201149698066729e-07,0.0,0.0,0.001736111111111111,0.011574074074074073
2325.0,0.00020465684065129608,2.201149698066729e-07,0.0,0.0,0.005208333333333333,0.034722222222222224
2326.0,0.00028712209314107895,0.0,0.0,0.0,0.005208333333333333,0.034722222222222224
2327.0,8.359056664630771e-05,0.0,0.0,0.0,0.005208333333333333,0.034722222222222224
2328.0,0.00011922996782232076,0.0,0.0,0.0,0.0,0.009935830651860064
2329.0,0.0,0.0,0.0,0.0,0.0,0.0
2330.0,0.0,0.0,0.0,0.0,0.0,0.0
2331.0,0.0,0.0,0.0,0.0,0.0,0.0
2332.0,0.0004022284992970526,2.1077099518151954e-05,2.841523200913798e-05,0.0,0.005208333333333333,0.034722222222222224
2333.0,1.2624828741536476e-05,2.1077099518151954e-05,2.841523200913798e-05,0.0,0.0,0.0010520690617947064
2334.0,0.0,0.0,0.0,0.0,0.0,0.0
2335.0,8.169931788870599e-06,0.0,0.0,0.0,0.003472222222222222,0.023148148148148147
2336.0,0.00022851985704619437,0.0,0.0,0.0,0.003472222222222222,0.023148148148148147
2337.0,0.00015461597649846226,0.0,0.0,0.0,0.003472222222222222,0.023148148148148147
2338.0,6.975079304538667e-05,0.0,0.0,0.0,0.012152777777777778,0.08101851851851852
2339.0,0.0002071758935926482,0.0,0.0,0.0,0.0,0.01726465779938735
2340.0,0.00014986720634624362,0.0,0.0,0.0,0.003472222222222222,0.023148148148148147
2341.0,0.000157358284923248,0.0,0.0,0.0,0.003472222222222222,0.023148148148148147
2342.0,6.0083049902459607e-05,0.0,0.0,0.0,0.0,0.0050069208252049675
2343.0,0.00012809968029614538,0.0,0.0,0.0,0.003472222222222222,0.023148148148148147
2344.0,0.00018513407849241048,0.0,0.0,0.0,0.0,0.015427839874367539
2345.0,0.00011461734538897872,0.0,0.0,0.0,0.006944444444444444,0.046296296296296294
2346.0,0.00015238627383951098,0.0,0.0,0.0,0.003472222222222222,0.023148148148148147
2347.0,0.0,0.0,0.0,0.0,0.0,0.0
2348.0,0.0,0.0,0.0,0.0,0.0,0.0
2349.0,8.291011909022927e-06,2.201149698066729e-07,0.0,0.0,0.0,0.0006909176590852439
2350.0,2.0424829472176498e-07,2.201149698066729e-07,0.0,0.0,0.0,1.702069122681375e-05
2351.0,0.0,0.0,0.0,0.0,0.0,0.0
2352.0,0.0,0.0,0.0,0.0,0.0,0.0
2353.0,0.0,0.0,0.0,0.0,0.0,0.0
2354.0,0.0,0.0,0.0,0.0,0.0,0.0
2355.0,0.0,0.0,0.0,0.0,0.0,0.0
2356.0,0.0,0.0,0.0,0.0,0.0,0.0
2357.0,1.3303717423696071e-05,2.1077099518151954e-05,2.841523200913798e-05,0.0,0.0,0.0011086431186413392
2358.0,1.3303717423696071e-05,2.1077099518151954e-05,2.841523200913798e-05,0.0,0.0,0.0011086431186413392
2359.0,0.0,0.0,0.0,0.0,0.0,0.0
2360.0,0.0,0.0,0.0,0.0,0.0,0.0
2361.0,0.0,0.0,0.0,0.0,0.0,0.0
2362.0,0.0,0.0,0.0,0.0,0.0,0.0
2363.0,0.0,0.0,0.0,0.0,0.0,0.0
2364.0,0.0,0.0,0.0,0.0,0.0,0.0
2365.0,0.0,0.0,0.0,0.0,0.0,0.0
2366.0,0.0,0.0,0.0,0.0,0.0,0.0
2367.0,0.0,0.0,0.0,0.0,0.0,0.0
2368.0,0.0,0.0,0.0,0.0,0.0,0.0
2369.0,0.0,0.0,0.0,0.0,0.0,0.0
2370.0,0.0,0.0,0.0,0.0,0.0,0.0
2371.0,0.0,0.0,0.0,0.0,0.0,0.0
2372.0,0.00016425162903033197,0.0,0.0,0.0,0.006944444444444444,0.046296296296296294
2373.0,1.70205922245259e-07,0.0,0.0,0.0,0.0,1.4183826853771581e-05
2374.0,1.73805415215611e-06,2.201149698066729e-07,0.0,0.0,0.0,0.00014483784601300917
2375.0,2.0424829472176498e-07,2.201149698066729e-07,0.0,0.0,0.0,1.702069122681375e-05
2376.0,0.0,0.0,0.0,0.0,0.0,0.0
2377.0,0.0,0.0,0.0,0.0,0.0,0.0
2378.0,0.0,0.0,0.0,0.0,0.0,0.0
2379.0,0.0,0.0,0.0,0.0,0.0,0.0
2380.0,0.0,0.0,0.0,0.0,0.0,0.0
2381.0,0.0,0.0,0.0,0.0,0.0,0.0
2382.0,1.3439883332466707e-05,2.1077099518151954e-05,2.841523200913798e-05,0.0,0.0,0.0011199902777055588
2383.0,1.3439883332466707e-05,2.1077099518151954e-05,2.841523200913798e-05,0.0,0.0,0.0011199902777055588
2384.0,0.008743615821003914,0.0,0.0,0.0,0.11631944444444445,0.775462962962963
2385.0,1.702065759445759e-07,0.0,0.0,0.0,0.0,1.4183881328714657e-05
2386.0,0.03931233659386635,0.012276362627744675,0.0,0.0006963761989027262,0.2951388888888889,3.2760280494888625
2387.0,0.0,0.0,0.0,0.0,0.0,0.0
2388.0,0.0,0.0,0.0,0.0,0.0,0.0
2389.0,0.0,0.0,0.0,0.0,0.0,0.0
2390.0,0.0,0.0,0.0,0.0,0.0,0.0
2391.0,0.0,0.0,0.0,0.0,0.0,0.0
2392.0,0.0,0.0,0.0,0.0,0.0,0.0
2393.0,0.0,0.0,0.0,0.0,0.0,0.0
2394.0,0.0,0.0,0.0,0.0,0.0,0.0
2395.0,0.03931405022740364,0.012279072776436806,0.0,0.0006963761989027262,0.2951388888888889,3.2761708522836366
2396.0,3.278354824942653e-06,4.68955067844945e-06,0.0,0.0,0.0,0.00027319623541188776
2397.0,0.0,0.0,0.0,0.0,0.0,0.0
2398.0,0.0,0.0,0.0,0.0,0.0,0.0
2399.0,0.0,0.0,0.0,0.0,0.0,0.0
2400.0,0.0,0.0,0.0,0.0,0.0,0.0
2401.0,0.0,0.0,0.0,0.0,0.0,0.0
2402.0,0.0,0.0,0.0,0.0,0.0,0.0
2403.0,0.0,0.0,0.0,0.0,0.0,0.0
2404.0,0.0393327996134758,0.012278708629310131,0.0,0.0007125838310457766,0.2951388888888889,3.2777333011229834
2405.0,0.0,0.0,0.0,0.0,0.0,0.0
2406.0,0.0,0.0,0.0,0.0,0.0,0.0
2407.0,0.0,0.0,0.0,0.0,0.0,0.0
2408.0,0.0,0.0,0.0,0.0,0.0,0.0
2409.0,0.0,0.0,0.0,0.0,0.0,0.0
2410.0,0.0,0.0,0.0,0.0,0.0,0.0
2411.0,0.0,0.0,0.0,0.0,0.0,0.0
2412.0,0.00017199444118887186,1.5105083548405673e-05,0.0,6.874235987197608e-05,0.0,0.014332870099072654
2413.0,0.0,0.0,0.0,0.0,0.0,0.0
2414.0,0.0,0.0,0.0,0.0,0.0,0.0
2415.0,0.0,0.0,0.0,0.0,0.0,0.0
2416.0,0.0,0.0,0.0,0.0,0.0,0.0
2417.0,0.0,0.0,0.0,0.0,0.0,0.0
2418.0,0.0,0.0,0.0,0.0,0.0,0.0
2419.0,0.0,0.0,0.0,0.0,0.0,0.0
2420.0,1.184812504106958e-06,2.2682886537950253e-06,0.0,0.0,0.0,9.87343753422465e-05
2421.0,1.184812504106958e-06,2.2682886537950253e-06,0.0,0.0,0.0,9.87343753422465e-05
2422.0,0.0001742408494465053,0.0,0.0,0.0,0.0,0.014520070787208775
2423.0,0.0,0.0,0.0,0.0,0.0,0.0
2424.0,0.00012173198774689808,0.0,0.0,0.0,0.0,0.010144332312241508
2425.0,0.0,0.0,0.0,0.0,0.0,0.0
2426.0,0.00010462620411999524,0.0,0.0,0.0,0.001736111111111111,0.011574074074074073
2427.0,0.00012879559653811157,0.0,0.0,0.0,0.001736111111111111,0.011574074074074073
2428.0,6.350420153466985e-05,0.0,0.0,0.0,0.0,0.0052920167945558205
2429.0,7.761431334074587e-06,0.0,0.0,0.0,0.0,0.0006467859445062155
2430.0,0.0,0.0,0.0,0.0,0.0,0.0
2431.0,0.0,0.0,0.0,0.0,0.0,0.0
2432.0,0.0,0.0,0.0,0.0,0.0,0.0
2433.0,0.0,0.0,0.0,0.0,0.0,0.0
2434.0,0.0,0.0,0.0,0.0,0.0,0.0
2435.0,0.0,0.0,0.0,0.0,0.0,0.0
2436.0,0.0,0.0,0.0,0.0,0.0,0.0
2437.0,0.0,0.0,0.0,0.0,0.0,0.0
2438.0,0.0,0.0,0.0,0.0,0.0,0.0
2439.0,0.0,0.0,0.0,0.0,0.0,0.0
2440.0,0.0,0.0,0.0,0.0,0.0,0.0
2441.0,0.0,0.0,0.0,0.0,0.0,0.0
2442.0,0.0,0.0,0.0,0.0,0.0,0.0
2443.0,0.0,0.0,0.0,0.0,0.0,0.0
2444.0,0.0,0.0,0.0,0.0,0.0,0.0
2445.0,1.0146053455173387e-06,2.2682886537950253e-06,0.0,0.0,0.0,8.455044545977823e-05
2446.0,1.0146053455173387e-06,2.2682886537950253e-06,0.0,0.0,0.0,8.455044545977823e-05
2447.0,0.0,0.0,0.0,0.0,0.0,0.0
2448.0,0.0,0.0,0.0,0.0,0.0,0.0
2449.0,0.0,0.0,0.0,0.0,0.0,0.0
2450.0,0.0,0.0,0.0,0.0,0.0,0.0
2451.0,0.0,0.0,0.0,0.0,0.0,0.0
2452.0,0.0,0.0,0.0,0.0,0.0,0.0
2453.0,0.0,0.0,0.0,0.0,0.0,0.0
2454.0,0.04163496196269989,0.02310066856443882,0.39138263463974,0.0034007804933935404,0.328125,3.4695801635583243
2455.0,0.0,0.0,0.0,0.0,0.0,0.0
2456.0,0.0,0.0,0.0,0.0,0.0,0.0
2457.0,0.0,0.0,0.0,0.0,0.0,0.0
2458.0,0.0,0.0,0.0,0.0,0.0,0.0
2459.0,0.0,0.0,0.0,0.0,0.0,0.0
2460.0,0.0,0.0,0.0,0.0,0.0,0.0
2461.0,0.0,0.0,0.0,0.0,0.0,0.0
2462.0,0.0,0.0,0.0,0.0,0.0,0.0
2463.0,0.0,0.0,0.0,0.0,0.0,0.0
2464.0,0.0001946656557265669,0.0012587272794917226,0.0,0.0,0.005208333333333333,0.034722222222222224
2465.0,0.00018882758740801364,0.001220977515913546,0.0,0.0,0.005208333333333333,0.034722222222222224
2466.0,0.00028826246852986515,0.001863933284766972,0.0,0.0,0.005208333333333333,0.0465983321191743
2467.0,0.0001394845894537866,0.0009019210119731724,0.0,0.0,0.001736111111111111,0.02254802529932931
2468.0,0.0,0.0,0.0,0.0,0.0,0.0
2469.0,6.491692329291254e-05,0.00041975919157266617,0.0,0.0,0.003472222222222222,0.023148148148148147
2470.0,0.00014983316941652447,0.0009688358986750245,0.0,0.0,0.0,0.024220897466875613
2471.0,0.0,0.0,0.0,0.0,0.0,0.0
2472.0,0.0,0.0,0.0,0.0,0.0,0.0
2473.0,0.0,0.0,0.0,0.0,0.0,0.0
2474.0,0.0,0.0,0.0,0.0,0.0,0.0
2475.0,0.0,0.0,0.0,0.0,0.0,0.0
2476.0,0.0,0.0,0.0,0.0,0.0,0.0
2477.0,0.0,0.0,0.0,0.0,0.0,0.0
2478.0,0.00018775530043058097,0.0012140440521761775,0.0,0.0,0.006944444444444444,0.046296296296296294
2479.0,0.0002775054017547518,0.0017943769926205277,0.0,0.0,0.005208333333333333,0.044859424815513194
2480.0,9.769878488441464e-06,6.317298539215699e-05,0.0,0.0,0.0,0.0015793246348039247
2481.0,0.0,0.0,0.0,0.0,0.0,0.0
2482.0,3.2696752896299586e-05,0.00021142041077837348,0.0,0.0,0.003472222222222222,0.023148148148148147
2483.0,0.0003035300178453326,0.0019626549910753965,0.0,0.0,0.0,0.04906637477688491
2484.0,0.00016338164277840406,0.0010564415715634823,0.0,0.0,0.003472222222222222,0.026411039289087057
2485.0,0.0003424393362365663,0.002214246429502964,0.0,0.0,0.008680555555555556,0.05787037037037038
2486.0,0.0,0.0,0.0,0.0,0.0,0.0
2487.0,1.1046433428418823e-05,7.142731919884682e-05,0.0,0.0,0.0,0.0017856829799711704
2488.0,0.0,0.0,0.0,0.0,0.0,0.0
2489.0,0.0,0.0,0.0,0.0,0.0,0.0
2490.0,6.5853055275511e-05,0.0004258123808540404,0.0,0.0,0.001736111111111111,0.011574074074074073
2491.0,0.0002318729239050299,0.0014993129298090935,0.0,0.0,0.003472222222222222,0.03748282324522734
2492.0,0.00016462415806017816,0.0010644758585840464,0.0,0.0,0.001736111111111111,0.02661189646460116
2493.0,0.0004014501173514873,0.0025958155747503042,0.0,0.0,0.005208333333333333,0.0648953893687576
2494.0,0.00019614647317212075,0.0012683022068813443,0.0,0.0,0.008680555555555556,0.05787037037037038
2495.0,1.0518799172132276e-05,6.801558629376814e-05,0.0,0.0,0.001736111111111111,0.011574074074074073
2496.0,0.0,0.0,0.0,0.0,0.0,0.0
2497.0,0.00023949818569235504,0.0015486186603084207,0.0,0.0,0.006944444444444444,0.046296296296296294
2498.0,0.00010540916991885751,0.0006815859815105796,0.0,0.0,0.0,0.01703964953776449
2499.0,0.0,0.0,0.0,0.0,0.0,0.0
2500.0,0.0,0.0,0.0,0.0,0.0,0.0
2501.0,3.1420197046827525e-05,0.0002031660551438108,0.0,0.0,0.001736111111111111,0.011574074074074073
2502.0,0.00025325090973638,0.001637545065023005,0.0,0.0,0.001736111111111111,0.040938626625575125
2503.0,0.00021968610235489905,0.0014205118641257286,0.0,0.0,0.003472222222222222,0.035512796603143215
2504.0,0.00025503805954940617,0.0016491009155288339,0.0,0.0,0.003472222222222222,0.04122752288822085
2505.0,0.00020686950301751494,0.0013376385904848576,0.0,0.0,0.001736111111111111,0.03344096476212144
2506.0,0.00017464932170696557,0.00019039942708332092,0.0,0.0,0.008680555555555556,0.05787037037037038
2507.0,0.00019250402692705393,0.0,0.0,0.0,0.003472222222222222,0.023148148148148147
2508.0,0.000251259480137378,0.0,0.0,0.0,0.005208333333333333,0.034722222222222224
2509.0,8.510322402344173e-08,0.0,0.0,0.0,0.0,7.09193533528681e-06
2510.0,0.0,0.0,0.0,0.0,0.0,0.0
2511.0,0.00013316991680767387,0.0,0.0,0.0,0.003472222222222222,0.023148148148148147
2512.0,0.0002973174850922078,2.9495437047444284e-05,0.0,0.0,0.003472222222222222,0.024776457091017317
2513.0,0.0,0.0,0.0,0.0,0.0,0.0
2514.0,0.0,0.0,0.0,0.0,0.0,0.0
2515.0,0.0,0.0,0.0,0.0,0.0,0.0
2516.0,0.0,0.0,0.0,0.0,0.0,0.0
2517.0,0.0,0.0,0.0,0.0,0.0,0.0
2518.0,0.0,0.0,0.0,0.0,0.0,0.0
2519.0,0.0,0.0,0.0,0.0,0.0,0.0
2520.0,2.927569084931747e-06,0.0,0.0,0.0,0.0,0.0002439640904109789
2521.0,0.0,0.0,0.0,0.0,0.0,0.0
2522.0,0.0,0.0,0.0,0.0,0.0,0.0
2523.0,7.832922710804269e-05,0.00031916669104248285,0.0,0.0,0.003472222222222222,0.023148148148148147
2524.0,0.0006703429971821606,1.100570727885497e-07,0.0,0.0,0.010416666666666666,0.06944444444444445
2525.0,0.00017686202772893012,0.0,0.0,0.0,0.005208333333333333,0.034722222222222224
2526.0,0.0,0.0,0.0,0.0,0.0,0.0
2527.0,8.093340875348076e-05,0.0,0.0,0.0,0.005208333333333333,0.034722222222222224
2528.0,0.00020348239922896028,0.0,0.0,0.0,0.001736111111111111,0.016956866602413356
2529.0,0.00022603482648264617,2.2011454348103143e-06,0.0,0.0,0.001736111111111111,0.018836235540220514
2530.0,0.00017170475621242076,0.0,0.0,0.0,0.003472222222222222,0.023148148148148147
2531.0,0.0,0.0,0.0,0.0,0.0,0.0
2532.0,7.347833889070898e-05,0.0,0.0,0.0,0.006944444444444444,0.046296296296296294
2533.0,0.00022050307597965002,0.0,0.0,0.0,0.001736111111111111,0.0183752563316375
2534.0,0.00024046834732871503,0.0,0.0,0.0,0.003472222222222222,0.023148148148148147
2535.0,8.661831088829786e-05,0.0,0.0,0.0,0.003472222222222222,0.023148148148148147
2536.0,0.0002665951324161142,0.0,0.0,0.0,0.010416666666666666,0.06944444444444445
2537.0,0.0001477056066505611,0.0,0.0,0.0,0.005208333333333333,0.034722222222222224
2538.0,8.552899089409038e-05,0.0,0.0,0.0,0.001736111111111111,0.011574074074074073
2539.0,0.00024457037216052413,0.0,0.0,0.0,0.005208333333333333,0.034722222222222224
2540.0,0.0002355493779759854,0.0,0.0,0.0,0.001736111111111111,0.019629114831332117
2541.0,0.000202376046217978,0.0,0.0,0.0,0.001736111111111111,0.016864670518164832
2542.0,0.0001636709930608049,0.0,0.0,0.0,0.001736111111111111,0.013639249421733743
2543.0,4.7283483581850305e-05,0.0,0.0,0.0,0.001736111111111111,0.011574074074074073
2544.0,0.00023241758754011244,0.0,0.0,0.0,0.006944444444444444,0.046296296296296294
2545.0,0.00034192873863503337,0.0,0.0,0.0,0.008680555555555556,0.05787037037037038
2546.0,0.00019951658032368869,0.0,0.0,0.0,0.001736111111111111,0.016626381693640724
2547.0,0.0,0.0,0.0,0.0,0.0,0.0
2548.0,0.0,0.0,0.0,0.0,0.0,0.0
2549.0,0.0003178103652317077,0.0,0.0,0.0,0.008680555555555556,0.05787037037037038
2550.0,0.00044211256317794323,0.0,0.0,0.0,0.008680555555555556,0.05787037037037038
2551.0,0.0,0.0,0.0,0.0,0.0,0.0
2552.0,0.0,0.0,0.0,0.0,0.0,0.0
2553.0,0.00037928912206552923,0.0,0.0,0.0,0.010416666666666666,0.06944444444444445
2554.0,0.0001379186869598925,0.0,0.0,0.0,0.003472222222222222,0.023148148148148147
2555.0,0.00022002648620400578,0.0,0.0,0.0,0.006944444444444444,0.046296296296296294
2556.0,0.00038817391032353044,0.0,0.0,0.0,0.006944444444444444,0.046296296296296294
2557.0,0.0002668674860615283,0.0,0.0,0.0,0.005208333333333333,0.034722222222222224
2558.0,0.00023306436196435243,0.0,0.0,0.0,0.006944444444444444,0.046296296296296294
2559.0,0.0003190699208062142,0.0,0.0,0.0,0.003472222222222222,0.02658916006718452
2560.0,0.00010706015746109188,0.0,0.0,0.0,0.006944444444444444,0.046296296296296294
2561.0,0.00016389226948376745,0.0,0.0,0.0,0.0,0.013657689123647287
2562.0,0.00020489514281507581,0.0,0.0,0.0,0.003472222222222222,0.023148148148148147
2563.0,0.000343971187248826,0.0,0.0,0.0,0.006944444444444444,0.046296296296296294
2564.0,0.0,0.0,0.0,0.0,0.0,0.0
2565.0,0.0,0.0,0.0,0.0,0.0,0.0
2566.0,0.0,0.0,0.0,0.0,0.0,0.0
2567.0,0.0,0.0,0.0,0.0,0.0,0.0
2568.0,0.0,0.0,0.0,0.0,0.0,0.0
2569.0,0.0,0.0,0.0,0.0,0.0,0.0
2570.0,5.089196747576352e-06,0.0,0.0,0.0,0.0,0.000424099728964696
2571.0,0.0,0.0,0.0,0.0,0.0,0.0
2572.0,0.0,0.0,0.0,0.0,0.0,0.0
2573.0,0.00021103958715684712,0.0,0.0,0.0,0.006944444444444444,0.046296296296296294
2574.0,0.0002197371650254354,0.0,0.0,0.0,0.003472222222222222,0.023148148148148147
2575.0,0.0001890999119495973,0.0,0.0,0.0,0.006944444444444444,0.046296296296296294
2576.0,0.00027314809267409146,0.0,0.0,0.0,0.006944444444444444,0.046296296296296294
2577.0,0.00019856341532431543,0.0,0.0,0.0,0.008680555555555556,0.05787037037037038
2578.0,0.00021320123050827533,0.0,0.0,0.0,0.005208333333333333,0.034722222222222224
2579.0,0.0001470758579671383,0.0,0.0,0.0,0.003472222222222222,0.023148148148148147
2580.0,0.00021907335030846298,0.0,0.0,0.0,0.006944444444444444,0.046296296296296294
2581.0,0.00013550174480769783,0.0,0.0,0.0,0.003472222222222222,0.023148148148148147
2582.0,0.0003963438794016838,0.0,0.0,0.0,0.006944444444444444,0.046296296296296294
2583.0,0.00020719290478155017,0.0,0.0,0.0,0.003472222222222222,0.023148148148148147
2584.0,0.0002039419487118721,0.0,0.0,0.0,0.001736111111111111,0.01699516239265601
2585.0,0.00022349874780047685,0.0,0.0,0.0,0.003472222222222222,0.023148148148148147
2586.0,0.0,0.0,0.0,0.0,0.0,0.0
2587.0,0.0003075638960581273,0.0,0.0,0.0,0.005208333333333333,0.034722222222222224
2588.0,0.00017710032989270985,0.0,0.0,0.0,0.003472222222222222,0.023148148148148147
2589.0,0.0,0.0,0.0,0.0,0.0,0.0
2590.0,0.0,0.0,0.0,0.0,0.0,0.0
2591.0,0.0,0.0,0.0,0.0,0.0,0.0
2592.0,0.0,0.0,0.0,0.0,0.0,0.0
2593.0,0.0,0.0,0.0,0.0,0.0,0.0
2594.0,0.0,0.0,0.0,0.0,0.0,0.0
2595.0,3.795625843849848e-06,0.0,0.0,0.0,0.0,0.000316302153654154
2596.0,0.0,0.0,0.0,0.0,0.0,0.0
2597.0,0.0,0.0,0.0,0.0,0.0,0.0
2598.0,0.0,0.0,0.0,0.0,0.0,0.0
2599.0,0.0,0.0,0.0,0.0,0.0,0.0
2600.0,0.0,0.0,0.0,0.0,0.0,0.0
2601.0,0.0,0.0,0.0,0.0,0.0,0.0
2602.0,0.0,0.0,0.0,0.0,0.0,0.0
2603.0,0.0,0.0,0.0,0.0,0.0,0.0
2604.0,0.0,0.0,0.0,0.0,0.0,0.0
2605.0,0.0,0.0,0.0,0.0,0.0,0.0
2606.0,0.0,0.0,0.0,0.0,0.0,0.0
2607.0,0.0,0.0,0.0,0.0,0.0,0.0
2608.0,0.0002932665520347655,0.0,0.0,0.0,0.003472222222222222,0.024438879336230457
2609.0,0.0002907815214712173,0.0,0.0,0.0,0.008680555555555556,0.05787037037037038
2610.0,0.0003908461658284068,0.0,0.0,0.0,0.012152777777777778,0.08101851851851852
2611.0,0.00042841085814870894,0.0,0.0,0.0,0.013888888888888888,0.09259259259259259
2612.0,0.0005744483787566423,0.0,0.0,0.0,0.012152777777777778,0.08101851851851852
2613.0,0.00044759316369891167,0.0,0.0,0.0,0.008680555555555556,0.05787037037037038
2614.0,0.00034790296922437847,0.0,0.0,0.0,0.005208333333333333,0.034722222222222224
2615.0,0.00035826858947984874,0.0,0.0,0.0,0.006944444444444444,0.046296296296296294
2616.0,0.00017655565170571208,0.0,0.0,0.0,0.005208333333333333,0.034722222222222224
2617.0,0.0,0.0,0.0,0.0,0.0,0.0
2618.0,0.0,0.0,0.0,0.0,0.0,0.0
2619.0,0.0,0.0,0.0,0.0,0.0,0.0
2620.0,0.0,0.0,0.0,0.0,0.0,0.0
2621.0,0.0,0.0,0.0,0.0,0.0,0.0
2622.0,0.0,0.0,0.0,0.0,0.0,0.0
2623.0,0.0,0.0,0.0,0.0,0.0,0.0
2624.0,0.0,0.0,0.0,0.0,0.0,0.0
2625.0,0.0,0.0,0.0,0.0,0.0,0.0
2626.0,0.0,0.0,0.0,0.0,0.0,0.0
2627.0,0.0,0.0,0.0,0.0,0.0,0.0
2628.0,0.0,0.0,0.0,0.0,0.0,0.0
2629.0,0.0,0.0,0.0,0.0,0.0,0.0
2630.0,0.0,0.0,0.0,0.0,0.0,0.0
2631.0,0.0,0.0,0.0,0.0,0.0,0.0
2632.0,0.0,0.0,0.0,0.0,0.0,0.0
2633.0,0.0,0.0,0.0,0.0,0.0,0.0
2634.0,0.0,0.0,0.0,0.0,0.0,0.0
2635.0,0.0,0.0,0.0,0.0,0.0,0.0
2636.0,0.0,0.0,0.0,0.0,0.0,0.0
2637.0,0.012066871859133244,0.03084668703377247,0.0,0.0,0.2482638888888889,1.6550925925925928
2638.0,6.581901834579185e-05,0.00042559223948046565,0.0,0.0,0.003472222222222222,0.023148148148148147
2639.0,0.00033917135442607105,0.0017314242431893945,0.0,0.0,0.006944444444444444,0.046296296296296294
2640.0,0.001027709455229342,0.006645269226282835,0.0,0.0,0.020833333333333332,0.16613173065707088
2641.0,0.0009630818967707455,0.0003270908200647682,0.0,0.0,0.020833333333333332,0.1388888888888889
2642.0,0.000267224881099537,0.0,0.0,0.0,0.005208333333333333,0.034722222222222224
2643.0,0.00020484405104070902,0.0013245417503640056,0.0,0.0,0.001736111111111111,0.03311354375910014
2644.0,6.578497414011508e-05,0.0004253720981068909,0.0,0.0,0.006944444444444444,0.046296296296296294
2645.0,2.0629060600185767e-05,7.946143887238577e-05,0.0,0.0,0.0,0.0019865359718096443
2646.0,0.0,0.0,0.0,0.0,0.0,0.0
2647.0,0.0002677355078049004,0.000832915015053004,0.0,0.0,0.005208333333333333,0.034722222222222224
2648.0,0.0002308686962351203,0.0004744578036479652,0.0,0.0,0.005208333333333333,0.034722222222222224
2649.0,0.00014673541591037065,0.00036175892455503345,0.0,0.0,0.003472222222222222,0.023148148148148147
2650.0,8.949480979936197e-05,0.0,0.0,0.0,0.0,0.007457900816613497
2651.0,0.00024826385197229683,0.0009245928376913071,0.0,0.0,0.003472222222222222,0.023148148148148147
2652.0,0.00019623158732429147,0.0004151368048042059,0.0,0.0,0.001736111111111111,0.016352632277024288
2653.0,6.789554026909173e-05,4.2482151911826804e-05,0.0,0.0,0.001736111111111111,0.011574074074074073
2654.0,0.0001251531793968752,0.0,0.0,0.0,0.0,0.010429431616406267
2655.0,0.00017245367052964866,0.0,0.0,0.0,0.0,0.014371139210804055
2656.0,0.0,0.0,0.0,0.0,0.0,0.0
2657.0,0.00012397872342262417,0.0008016586652956903,0.0,0.0,0.003472222222222222,0.023148148148148147
2658.0,0.0001063112576957792,0.0006874190294183791,0.0,0.0,0.001736111111111111,0.017185475735459477
2659.0,6.806575402151793e-05,0.00043791873031295836,0.0,0.0,0.001736111111111111,0.011574074074074073
2660.0,0.00020443556422833353,0.000875617319252342,0.0,0.0,0.005208333333333333,0.034722222222222224
2661.0,0.00021173742425162345,0.0013315852265805006,0.0,0.0,0.005208333333333333,0.034722222222222224
2662.0,9.352874621981755e-05,0.0005770315183326602,0.0,0.0,0.0,0.014425787958316505
2663.0,0.00014355253370013088,0.0009272341849282384,0.0,0.0,0.0,0.02318085462320596
2664.0,0.0001455099118174985,0.0,0.0,0.0,0.001736111111111111,0.012125825984791542
2665.0,0.0,0.0,0.0,0.0,0.0,0.0
2666.0,0.00019238490494899452,0.0,0.0,0.0,0.008680555555555556,0.05787037037037038
2667.0,0.00015715205518063158,0.0,0.0,0.0,0.003472222222222222,0.023148148148148147
2668.0,0.00021953291434329003,0.0,0.0,0.0,0.001736111111111111,0.018294409528607503
2669.0,1.6135614714585245e-05,0.0,0.0,0.0,0.003472222222222222,0.023148148148148147
2670.0,0.00021100553567521274,1.8379589164396748e-05,0.0,0.0,0.003472222222222222,0.023148148148148147
2671.0,0.00021417139214463532,0.0,0.0,0.0,0.005208333333333333,0.034722222222222224
2672.0,0.00017594291421119124,0.0,0.0,0.0,0.003472222222222222,0.023148148148148147
2673.0,0.00031016813591122627,0.0,0.0,0.0,0.005208333333333333,0.034722222222222224
2674.0,0.0,0.0,0.0,0.0,0.0,0.0
2675.0,0.0,0.0,0.0,0.0,0.0,0.0
2676.0,0.0,0.0,0.0,0.0,0.0,0.0
2677.0,0.0,0.0,0.0,0.0,0.0,0.0
2678.0,7.438051397912204e-06,9.905194247039617e-07,0.0,0.0,0.001736111111111111,0.011574074074074073
2679.0,4.936005666422716e-07,9.905194247039617e-07,0.0,0.0,0.0,4.1133380553522635e-05
2680.0,0.0,0.0,0.0,0.0,0.0,0.0
2681.0,0.0,0.0,0.0,0.0,0.0,0.0
2682.0,0.0,0.0,0.0,0.0,0.0,0.0
2683.0,0.0,0.0,0.0,0.0,0.0,0.0
2684.0,0.0,0.0,0.0,0.0,0.0,0.0
2685.0,0.0,0.0,0.0,0.0,0.0,0.0
2686.0,0.0,0.0,0.0,0.0,0.0,0.0
2687.0,0.0,0.0,0.0,0.0,0.0,0.0
2688.0,0.0,0.0,0.0,0.0,0.0,0.0
2689.0,0.0,0.0,0.0,0.0,0.0,0.0
2690.0,0.0,0.0,0.0,0.0,0.0,0.0
2691.0,0.0,0.0,0.0,0.0,0.0,0.0
2692.0,0.0,0.0,0.0,0.0,0.0,0.0
2693.0,0.0,0.0,0.0,0.0,0.0,0.0
2694.0,0.0,0.0,0.0,0.0,0.0,0.0
2695.0,0.0,0.0,0.0,0.0,0.0,0.0
2696.0,0.0,0.0,0.0,0.0,0.0,0.0
2697.0,0.0,0.0,0.0,0.0,0.0,0.0
2698.0,0.0,0.0,0.0,0.0,0.0,0.0
2699.0,0.0,0.0,0.0,0.0,0.0,0.0
2700.0,0.0,0.0,0.0,0.0,0.0,0.0
2701.0,0.0,0.0,0.0,0.0,0.0,0.0
2702.0,0.0,0.0,0.0,0.0,0.0,0.0
2703.0,4.936005666422716e-07,9.905194247039617e-07,0.0,0.0,0.0,4.1133380553522635e-05
2704.0,4.936005666422716e-07,9.905194247039617e-07,0.0,0.0,0.0,4.1133380553522635e-05
2705.0,0.0,0.0,0.0,0.0,0.0,0.0
2706.0,0.0,0.0,0.0,0.0,0.0,0.0
2707.0,0.0,0.0,0.0,0.0,0.0,0.0
2708.0,0.0,0.0,0.0,0.0,0.0,0.0
2709.0,0.0,0.0,0.0,0.0,0.0,0.0
2710.0,0.0,0.0,0.0,0.0,0.0,0.0
2711.0,0.0,0.0,0.0,0.0,0.0,0.0
2712.0,0.0,0.0,0.0,0.0,0.0,0.0
2713.0,0.0,0.0,0.0,0.0,0.0,0.0
2714.0,0.0,0.0,0.0,0.0,0.0,0.0
2715.0,0.0,0.0,0.0,0.0,0.0,0.0
2716.0,0.0,0.0,0.0,0.0,0.0,0.0
2717.0,0.0,0.0,0.0,0.0,0.0,0.0
2718.0,0.0,0.0,0.0,0.0,0.0,0.0
2719.0,0.0,0.0,0.0,0.0,0.0,0.0
2720.0,0.0,0.0,0.0,0.0,0.0,0.0
2721.0,0.0,0.0,0.0,0.0,0.0,0.0
2722.0,0.0,0.0,0.0,0.0,0.0,0.0
2723.0,0.0,0.0,0.0,0.0,0.0,0.0
2724.0,0.0,0.0,0.0,0.0,0.0,0.0
2725.0,0.0,0.0,0.0,0.0,0.0,0.0
2726.0,0.0,0.0,0.0,0.0,0.0,0.0
2727.0,0.0,0.0,0.0,0.0,0.0,0.0
2728.0,4.936005666422716e-07,9.905194247039617e-07,0.0,0.0,0.0,4.1133380553522635e-05
2729.0,4.936005666422716e-07,9.905194247039617e-07,0.0,0.0,0.0,4.1133380553522635e-05
2730.0,0.0,0.0,0.0,0.0,0.0,0.0
2731.0,0.0,0.0,0.0,0.0,0.0,0.0
2732.0,0.0,0.0,0.0,0.0,0.0,0.0
2733.0,0.0,0.0,0.0,0.0,0.0,0.0
2734.0,0.0,0.0,0.0,0.0,0.0,0.0
2735.0,0.0,0.0,0.0,0.0,0.0,0.0
2736.0,0.0,0.0,0.0,0.0,0.0,0.0
2737.0,0.0,0.0,0.0,0.0,0.0,0.0
2738.0,0.0,0.0,0.0,0.0,0.0,0.0
2739.0,0.0,0.0,0.0,0.0,0.0,0.0
2740.0,0.007034295238554478,0.019465096294879913,0.0,0.0,0.1423611111111111,0.9490740740740741
2741.0,0.04163500294089317,0.023100990802049637,0.39138263463974,0.0034007804933935404,0.328125,3.4695835784077644
2742.0,7.196355511496222e-08,4.653233816043212e-07,0.0,0.0,0.0,1.163308454010803e-05
2743.0,0.0005924562574364245,0.0,0.0,0.0,0.003472222222222222,0.049371354786368706
2744.0,0.0,0.0,0.0,0.0,0.0,0.0
2745.0,0.0,0.0,0.0,0.0,0.0,0.0
2746.0,0.0,0.0,0.0,0.0,0.0,0.0
2747.0,0.0,0.0,0.0,0.0,0.0,0.0
2748.0,0.0,0.0,0.0,0.0,0.0,0.0
2749.0,3.7296289519872516e-05,1.9195687855244614e-05,4.283315138309263e-05,0.0,0.0,0.003108024126656043
2750.0,3.573039430193603e-05,1.9195687855244614e-05,4.283315138309263e-05,0.0,0.0,0.002977532858494669
2751.0,0.0,0.0,0.0,0.0,0.0,0.0
2752.0,0.0,0.0,0.0,0.0,0.0,0.0
2753.0,0.0,0.0,0.0,0.0,0.0,0.0
2754.0,0.00019730388885363936,0.0,0.0,0.0,0.006944444444444444,0.046296296296296294
2755.0,0.00015601166523993015,0.0,0.0,0.0,0.001736111111111111,0.013000972103327513
2756.0,0.0,0.0,0.0,0.0,0.0,0.0
2757.0,0.0,0.0,0.0,0.0,0.0,0.0
2758.0,3.778589416469913e-06,0.0,0.0,0.0,0.0,0.00031488245137249277
2759.0,0.0,0.0,0.0,0.0,0.0,0.0
2760.0,0.0,0.0,0.0,0.0,0.0,0.0
2761.0,0.0,0.0,0.0,0.0,0.0,0.0
2762.0,0.0,0.0,0.0,0.0,0.0,0.0
2763.0,0.0,0.0,0.0,0.0,0.0,0.0
2764.0,0.0,0.0,0.0,0.0,0.0,0.0
2765.0,0.0,0.0,0.0,0.0,0.0,0.0
2766.0,7.196355511496222e-08,4.653233816043212e-07,0.0,0.0,0.0,1.163308454010803e-05
2767.0,7.196355511496222e-08,4.653233816043212e-07,0.0,0.0,0.0,1.163308454010803e-05
2768.0,0.0,0.0,0.0,0.0,0.0,0.0
2769.0,0.0,0.0,0.0,0.0,0.0,0.0
2770.0,0.0,0.0,0.0,0.0,0.0,0.0
2771.0,0.0,0.0,0.0,0.0,0.0,0.0
2772.0,0.0,0.0,0.0,0.0,0.0,0.0
2773.0,0.0,0.0,0.0,0.0,0.0,0.0
2774.0,3.612186628743075e-05,1.9195687855244614e-05,4.283315138309263e-05,0.0,0.0,0.0030101555239525624
2775.0,3.612186628743075e-05,1.9195687855244614e-05,4.283315138309263e-05,0.0,0.0,0.0030101555239525624
2776.0,0.0,0.0,0.0,0.0,0.0,0.0
2777.0,0.00039533962262794375,0.0025563049130141735,0.0,0.0,0.008680555555555556,0.06390762282535434
2778.0,0.00024285123799927533,0.0015658977208659053,0.0,0.0,0.006944444444444444,0.046296296296296294
2779.0,0.00022434978745877743,0.0014506675070151687,0.0,0.0,0.0,0.03626668767537922
2780.0,0.00019258914107922465,0.000498890527524054,0.0,0.0,0.003472222222222222,0.023148148148148147
2781.0,0.00020583126752171665,0.0005135281244292855,0.0,0.0,0.001736111111111111,0.01715260562680972
2782.0,0.00031672106706537306,0.00204618857242167,0.0,0.0,0.008680555555555556,0.05787037037037038
2783.0,0.00016220721590798348,0.00048249197425320745,0.0,0.0,0.003472222222222222,0.023148148148148147
2784.0,8.139295096043497e-05,0.0005240936297923326,0.0,0.0,0.003472222222222222,0.023148148148148147
2785.0,0.00024288530403282493,0.0015172524144873023,0.0,0.0,0.001736111111111111,0.03793131036218256
2786.0,9.16904755285941e-05,0.0005928796017542481,0.0,0.0,0.003472222222222222,0.023148148148148147
2787.0,0.0001740025618346408,0.0011248975060880184,0.0,0.0,0.003472222222222222,0.02812243765220046
2788.0,0.00015914348477963358,0.000602784741204232,0.0,0.0,0.001736111111111111,0.0150696185301058
2789.0,0.0,0.0,0.0,0.0,0.0,0.0
2790.0,0.0,0.0,0.0,0.0,0.0,0.0
2791.0,0.00011397444177418947,0.0007251937640830874,0.0,0.0,0.003472222222222222,0.023148148148148147
2792.0,0.00039665415533818305,0.0004579742962960154,0.0,0.0,0.008680555555555556,0.05787037037037038
2793.0,0.00012023418821627274,0.0,0.0,0.0,0.0,0.010019515684689395
2794.0,0.0001297487469855696,0.0,0.0,0.0,0.005208333333333333,0.034722222222222224
2795.0,0.0003413670347072184,0.0,0.0,0.0,0.003472222222222222,0.0284472528922682
2796.0,0.0002666802320163697,0.0,0.0,0.0,0.006944444444444444,0.046296296296296294
2797.0,0.00012064268230460584,0.0,0.0,0.0,0.001736111111111111,0.011574074074074073
2798.0,0.00042127919732593,0.0,0.0,0.0,0.003472222222222222,0.03510659977716083
2799.0,0.0001017707254504785,3.87859545298852e-05,4.283315138309263e-05,0.0,0.001736111111111111,0.011574074074074073
2800.0,0.0002633140538819134,2.7339941880200058e-05,4.283315138309263e-05,0.0,0.005208333333333333,0.034722222222222224
2801.0,0.00016079448687378317,0.0,0.0,0.0,0.006944444444444444,0.046296296296296294
2802.0,0.0001835511502576992,0.0,0.0,0.0,0.005208333333333333,0.034722222222222224
2803.0,0.0003300142416264862,0.0,0.0,0.0,0.003472222222222222,0.027501186802207183
2804.0,0.00016338162822648883,0.0,0.0,0.0,0.003472222222222222,0.023148148148148147
2805.0,0.00018220652418676764,0.0,0.0,0.0,0.001736111111111111,0.015183877015563969
2806.0,0.0001645050069782883,0.0,0.0,0.0,0.001736111111111111,0.013708750581524024
2807.0,9.841365681495517e-05,0.0,0.0,0.0,0.001736111111111111,0.011574074074074073
2808.0,0.00016018176393117756,0.0,0.0,0.0,0.003472222222222222,0.023148148148148147
2809.0,0.0,0.0,0.0,0.0,0.0,0.0
2810.0,0.00015383301069959998,0.0,0.0,0.0,0.003472222222222222,0.023148148148148147
2811.0,0.00025410193484276533,0.0,0.0,0.0,0.001736111111111111,0.02117516123689711
2812.0,4.675584568758495e-05,0.0,0.0,0.0,0.0,0.0038963204739654125
2813.0,0.0001496629702160135,0.0,0.0,0.0,0.0,0.01247191418466779
2814.0,3.5334967833478004e-05,0.0,0.0,0.0,0.0,0.0029445806527898335
2815.0,0.0,0.0,0.0,0.0,0.0,0.0
2816.0,0.0002529484045226127,4.653233816043212e-07,0.0,0.0,0.006944444444444444,0.046296296296296294
2817.0,0.0002943767758551985,4.653233816043212e-07,0.0,0.0,0.001736111111111111,0.024531397987933207
2818.0,0.0,0.0,0.0,0.0,0.0,0.0
2819.0,0.0,0.0,0.0,0.0,0.0,0.0
2820.0,0.00030027906177565455,0.0,0.0,0.0,0.006944444444444444,0.046296296296296294
2821.0,5.4806627304060385e-05,0.0,0.0,0.0,0.0,0.004567218942005032
2822.0,0.0001966060372069478,0.0,0.0,0.0,0.001736111111111111,0.016383836433912318
2823.0,0.00023599194537382573,0.0,0.0,0.0,0.003472222222222222,0.023148148148148147
2824.0,8.270752732641995e-05,2.7339941880200058e-05,4.283315138309263e-05,0.0,0.0,0.006892293943868329
2825.0,4.100680598639883e-05,2.7339941880200058e-05,4.283315138309263e-05,0.0,0.0,0.0034172338321999027
2826.0,0.0,0.0,0.0,0.0,0.0,0.0
2827.0,0.0,0.0,0.0,0.0,0.0,0.0
2828.0,0.0,0.0,0.0,0.0,0.0,0.0
2829.0,0.0,0.0,0.0,0.0,0.0,0.0
2830.0,0.0,0.0,0.0,0.0,0.0,0.0
2831.0,0.0,0.0,0.0,0.0,0.0,0.0
2832.0,0.0,0.0,0.0,0.0,0.0,0.0
2833.0,0.0,0.0,0.0,0.0,0.0,0.0
2834.0,0.0,0.0,0.0,0.0,0.0,0.0
2835.0,0.0,0.0,0.0,0.0,0.0,0.0
2836.0,0.0,0.0,0.0,0.0,0.0,0.0
2837.0,0.0,0.0,0.0,0.0,0.0,0.0
2838.0,0.0,0.0,0.0,0.0,0.0,0.0
2839.0,0.0,0.0,0.0,0.0,0.0,0.0
2840.0,0.0,0.0,0.0,0.0,0.0,0.0
2841.0,7.196355511496222e-08,4.653233816043212e-07,0.0,0.0,0.0,1.163308454010803e-05
2842.0,7.196355511496222e-08,4.653233816043212e-07,0.0,0.0,0.0,1.163308454010803e-05
2843.0,0.0,0.0,0.0,0.0,0.0,0.0
2844.0,0.0,0.0,0.0,0.0,0.0,0.0
2845.0,0.0,0.0,0.0,0.0,0.0,0.0
2846.0,0.0,0.0,0.0,0.0,0.0,0.0
2847.0,0.0,0.0,0.0,0.0,0.0,0.0
2848.0,0.0,0.0,0.0,0.0,0.0,0.0
2849.0,4.100680598639883e-05,2.7339941880200058e-05,4.283315138309263e-05,0.0,0.0,0.0034172338321999027
2850.0,4.100680598639883e-05,2.7339941880200058e-05,4.283315138309263e-05,0.0,0.0,0.0034172338321999027
2851.0,0.0,0.0,0.0,0.0,0.0,0.0
2852.0,0.0,0.0,0.0,0.0,0.0,0.0
2853.0,0.0,0.0,0.0,0.0,0.0,0.0
2854.0,0.0,0.0,0.0,0.0,0.0,0.0
2855.0,0.0,0.0,0.0,0.0,0.0,0.0
2856.0,0.00018389159231446683,0.0,0.0,0.0,0.005208333333333333,0.034722222222222224
2857.0,0.0006149576511234045,0.0,0.0,0.0,0.012152777777777778,0.08101851851851852
2858.0,0.0002051844639936462,0.0,0.0,0.0,0.005208333333333333,0.034722222222222224
2859.0,0.0003004662867169827,0.0,0.0,0.0,0.001736111111111111,0.025038857226415228
2860.0,0.0003310695174150169,0.0,0.0,0.0,0.001736111111111111,0.027589126451251406
2861.0,0.00018721060769166797,0.0,0.0,0.0,0.0,0.015600883974305663
2862.0,0.0,0.0,0.0,0.0,0.0,0.0
2863.0,0.0,0.0,0.0,0.0,0.0,0.0
2864.0,0.0,0.0,0.0,0.0,0.0,0.0
2865.0,0.0,0.0,0.0,0.0,0.0,0.0
2866.0,9.943993973138276e-06,4.653233816043212e-07,0.0,0.0,0.0,0.0008286661644281897
2867.0,7.196355511496222e-08,4.653233816043212e-07,0.0,0.0,0.0,1.163308454010803e-05
2868.0,0.0,0.0,0.0,0.0,0.0,0.0
2869.0,0.0,0.0,0.0,0.0,0.0,0.0
2870.0,0.0,0.0,0.0,0.0,0.0,0.0
2871.0,0.0,0.0,0.0,0.0,0.0,0.0
2872.0,0.0,0.0,0.0,0.0,0.0,0.0
2873.0,0.0,0.0,0.0,0.0,0.0,0.0
2874.0,4.228336183587089e-05,2.7339941880200058e-05,4.283315138309263e-05,0.0,0.0,0.0035236134863225743
2875.0,4.228336183587089e-05,2.7339941880200058e-05,4.283315138309263e-05,0.0,0.0,0.0035236134863225743
2876.0,0.0,0.0,0.0,0.0,0.0,0.0
2877.0,0.0,0.0,0.0,0.0,0.0,0.0
2878.0,0.0,0.0,0.0,0.0,0.0,0.0
2879.0,0.0,0.0,0.0,0.0,0.0,0.0
2880.0,0.0,0.0,0.0,0.0,0.0,0.0
2881.0,0.0,0.0,0.0,0.0,0.0,0.0
2882.0,0.0,0.0,0.0,0.0,0.0,0.0
2883.0,0.0,0.0,0.0,0.0,0.0,0.0
2884.0,0.0,0.0,0.0,0.0,0.0,0.0
2885.0,0.0,0.0,0.0,0.0,0.0,0.0
2886.0,0.000309793627820909,0.0,0.0,0.0,0.0,0.025816135651742417
2887.0,0.0,0.0,0.0,0.0,0.0,0.0
2888.0,0.0,0.0,0.0,0.0,0.0,0.0
2889.0,0.0,0.0,0.0,0.0,0.0,0.0
2890.0,0.0,0.0,0.0,0.0,0.0,0.0
2891.0,2.591024440334877e-06,4.653233816043212e-07,0.0,0.0,0.0,0.00021591870336123975
2892.0,7.196355511496222e-08,4.653233816043212e-07,0.0,0.0,0.0,1.163308454010803e-05
2893.0,0.0,0.0,0.0,0.0,0.0,0.0
2894.0,0.0,0.0,0.0,0.0,0.0,0.0
2895.0,0.0,0.0,0.0,0.0,0.0,0.0
2896.0,0.0,0.0,0.0,0.0,0.0,0.0
2897.0,0.0,0.0,0.0,0.0,0.0,0.0
2898.0,0.0,0.0,0.0,0.0,0.0,0.0
2899.0,4.253867155057378e-05,2.7339941880200058e-05,4.283315138309263e-05,0.0,0.0,0.0035448892958811484
2900.0,4.253867155057378e-05,2.7339941880200058e-05,4.283315138309263e-05,0.0,0.0,0.0035448892958811484
2901.0,0.00010091569129144773,0.0,0.0,0.0,0.006944444444444444,0.046296296296296294
2902.0,0.0003251293092034757,0.0,0.0,0.0,0.012152777777777778,0.08101851851851852
2903.0,0.0003359034308232367,0.0,0.0,0.0,0.012152777777777778,0.08101851851851852
2904.0,0.0002774203021544963,0.0,0.0,0.0,0.003472222222222222,0.023148148148148147
2905.0,0.00016476033488288522,0.0,0.0,0.0,0.003472222222222222,0.023148148148148147
2906.0,6.934230623301119e-05,0.0,0.0,0.0,0.0,0.005778525519417599
2907.0,6.498501170426607e-05,0.0,0.0,0.0,0.0,0.005415417642022173
2908.0,1.1659196388791315e-05,0.0,0.0,0.0,0.0,0.0009715996990659429
2909.0,0.0003369926998857409,0.0,0.0,0.0,0.013888888888888888,0.09259259259259259
2910.0,0.0002320431376574561,0.0,0.0,0.0,0.003472222222222222,0.023148148148148147
2911.0,0.00021377994562499225,0.0,0.0,0.0,0.0,0.017814995468749355
2912.0,0.0,0.0,0.0,0.0,0.0,0.0
2913.0,0.0,0.0,0.0,0.0,0.0,0.0
2914.0,0.0,0.0,0.0,0.0,0.0,0.0
2915.0,0.0,0.0,0.0,0.0,0.0,0.0
2916.0,0.0001701597502687946,4.653233816043212e-07,0.0,0.0,0.006944444444444444,0.046296296296296294
2917.0,7.196355511496222e-08,4.653233816043212e-07,0.0,0.0,0.0,1.163308454010803e-05
2918.0,0.0,0.0,0.0,0.0,0.0,0.0
2919.0,0.0,0.0,0.0,0.0,0.0,0.0
2920.0,0.0,0.0,0.0,0.0,0.0,0.0
2921.0,0.0,0.0,0.0,0.0,0.0,0.0
2922.0,0.0,0.0,0.0,0.0,0.0,0.0
2923.0,9.463504284212831e-06,0.0,0.0,0.0,0.0,0.000788625357017736
2924.0,0.00010199195821769536,2.7339941880200058e-05,4.283315138309263e-05,0.0,0.003472222222222222,0.023148148148148147
2925.0,9.908141510095447e-05,2.7339941880200058e-05,4.283315138309263e-05,0.0,0.006944444444444444,0.046296296296296294
2926.0,0.00012391064956318587,0.0,0.0,0.0,0.003472222222222222,0.023148148148148147
2927.0,2.7233087962486024e-07,0.0,0.0,0.0,0.0,2.2694239968738355e-05
2928.0,0.0,0.0,0.0,0.0,0.0,0.0
2929.0,0.0,0.0,0.0,0.0,0.0,0.0
2930.0,0.0,0.0,0.0,0.0,0.0,0.0
2931.0,7.633781206095591e-05,0.0,0.0,0.0,0.003472222222222222,0.023148148148148147
2932.0,0.00014894809282850474,0.0,0.0,0.0,0.010416666666666666,0.06944444444444445
2933.0,2.2399230147129856e-05,0.0,0.0,0.0,0.003472222222222222,0.023148148148148147
2934.0,0.0,0.0,0.0,0.0,0.0,0.0
2935.0,0.0,0.0,0.0,0.0,0.0,0.0
2936.0,0.0,0.0,0.0,0.0,0.0,0.0
2937.0,5.579382923315279e-05,0.0,0.0,0.0,0.006944444444444444,0.046296296296296294
2938.0,4.898555198451504e-05,0.0,0.0,0.0,0.003472222222222222,0.023148148148148147
2939.0,4.306235132389702e-05,0.0,0.0,0.0,0.003472222222222222,0.023148148148148147
2940.0,0.00016525390674360096,0.0,0.0,0.0,0.0,0.013771158895300081
2941.0,0.00016260256234090775,4.653233816043212e-07,0.0,0.0,0.0,0.01355021352840898
2942.0,1.0600494704249286e-07,4.653233816043212e-07,0.0,0.0,0.0,1.163308454010803e-05
2943.0,0.0001929976569954306,0.0,0.0,0.0,0.003472222222222222,0.023148148148148147
2944.0,0.00014835236652288586,0.0,0.0,0.0,0.006944444444444444,0.046296296296296294
2945.0,0.0003946418291889131,0.0,0.0,0.0,0.017361111111111112,0.11574074074074076
2946.0,0.0003457243146840483,0.0,0.0,0.0,0.010416666666666666,0.06944444444444445
2947.0,0.00013281246356200427,0.0,0.0,0.0,0.0,0.011067705296833688
2948.0,0.0,0.0,0.0,0.0,0.0,0.0
2949.0,5.702329144696705e-05,2.7339941880200058e-05,4.283315138309263e-05,0.0,0.0,0.004751940953913921
2950.0,0.00014883288531564176,2.7339941880200058e-05,4.283315138309263e-05,0.0,0.003472222222222222,0.023148148148148147
2951.0,8.03036309662275e-05,0.0,0.0,0.0,0.0,0.006691969247185625
2952.0,0.0,0.0,0.0,0.0,0.0,0.0
2953.0,0.0,0.0,0.0,0.0,0.0,0.0
2954.0,0.0,0.0,0.0,0.0,0.0,0.0
2955.0,9.386913006892428e-05,0.0,0.0,0.0,0.0,0.00782242750574369
2956.0,2.7454374503577128e-05,0.0,0.0,0.0,0.0,0.0022878645419647605
2957.0,0.0,0.0,0.0,0.0,0.0,0.0
2958.0,0.0001522671227576211,0.0,0.0,0.0,0.006944444444444444,0.046296296296296294
2959.0,0.0002698460884857923,0.0,0.0,0.0,0.003472222222222222,0.023148148148148147
2960.0,0.0001332550309598446,0.0,0.0,0.0,0.003472222222222222,0.023148148148148147
2961.0,0.00025609336444176733,0.0,0.0,0.0,0.010416666666666666,0.06944444444444445
2962.0,6.559775647474453e-05,0.0,0.0,0.0,0.003472222222222222,0.023148148148148147
2963.0,0.0002060014521703124,0.0,0.0,0.0,0.003472222222222222,0.023148148148148147
2964.0,0.00016670068725943565,0.0,0.0,0.0,0.0,0.013891723938286304
2965.0,0.00020303987548686564,0.0,0.0,0.0,0.006944444444444444,0.046296296296296294
2966.0,1.4488517990685068e-05,4.653233816043212e-07,0.0,0.0,0.0,0.0012073764992237557
2967.0,7.196355511496222e-08,4.653233816043212e-07,0.0,0.0,0.0,1.163308454010803e-05
2968.0,0.0,0.0,0.0,0.0,0.0,0.0
2969.0,0.0,0.0,0.0,0.0,0.0,0.0
2970.0,0.0,0.0,0.0,0.0,0.0,0.0
2971.0,0.0,0.0,0.0,0.0,0.0,0.0
2972.0,0.0,0.0,0.0,0.0,0.0,0.0
2973.0,0.0,0.0,0.0,0.0,0.0,0.0
2974.0,4.698106931755319e-05,2.7339941880200058e-05,4.283315138309263e-05,0.0,0.0,0.003915089109796099
2975.0,4.698106931755319e-05,2.7339941880200058e-05,4.283315138309263e-05,0.0,0.0,0.003915089109796099
2976.0,0.0,0.0,0.0,0.0,0.0,0.0
2977.0,0.0,0.0,0.0,0.0,0.0,0.0
2978.0,0.0,0.0,0.0,0.0,0.0,0.0
2979.0,0.0,0.0,0.0,0.0,0.0,0.0
2980.0,0.0,0.0,0.0,0.0,0.0,0.0
2981.0,0.0,0.0,0.0,0.0,0.0,0.0
2982.0,0.0,0.0,0.0,0.0,0.0,0.0
2983.0,0.0,0.0,0.0,0.0,0.0,0.0
2984.0,0.016258830204606056,0.014545195735991001,0.0,0.0,0.2482638888888889,1.6550925925925928
2985.0,0.0,0.0,0.0,0.0,0.0,0.0
2986.0,0.0,0.0,0.0,0.0,0.0,0.0
2987.0,0.0,0.0,0.0,0.0,0.0,0.0
2988.0,0.0,0.0,0.0,0.0,0.0,0.0
2989.0,0.0,0.0,0.0,0.0,0.0,0.0
2990.0,0.0,0.0,0.0,0.0,0.0,0.0
2991.0,7.196355511496222e-08,4.653233816043212e-07,0.0,0.0,0.0,1.163308454010803e-05
2992.0,7.196355511496222e-08,4.653233816043212e-07,0.0,0.0,0.0,1.163308454010803e-05
2993.0,0.0,0.0,0.0,0.0,0.0,0.0
2994.0,0.0,0.0,0.0,0.0,0.0,0.0
2995.0,0.0,0.0,0.0,0.0,0.0,0.0
2996.0,0.0,0.0,0.0,0.0,0.0,0.0
2997.0,0.0,0.0,0.0,0.0,0.0,0.0
2998.0,0.0,0.0,0.0,0.0,0.0,0.0
2999.0,3.573039430193603e-05,1.9195687855244614e-05,4.283315138309263e-05,0.0,0.0,0.002977532858494669
3000.0,0.04287523776292801,0.02372586727142334,4.283315138309263e-05,0.00042677734745666385,0.24131944444444445,3.5729364802440005
3001.0,7.327229241127498e-07,2.0964837403880665e-06,0.0,0.0,0.0,6.106024367606248e-05
3002.0,0.0,0.0,0.0,0.0,0.0,0.0
3003.0,0.0,0.0,0.0,0.0,0.0,0.0
3004.0,0.0,0.0,0.0,0.0,0.0,0.0
3005.0,0.0,0.0,0.0,0.0,0.0,0.0
3006.0,0.0,0.0,0.0,0.0,0.0,0.0
3007.0,0.0,0.0,0.0,0.0,0.0,0.0
3008.0,0.0,0.0,0.0,0.0,0.0,0.0
3009.0,0.0,0.0,0.0,0.0,0.0,0.0
3010.0,0.0,0.0,0.0,0.0,0.0,0.0
3011.0,0.0,0.0,0.0,0.0,0.0,0.0
3012.0,0.0,0.0,0.0,0.0,0.0,0.0
3013.0,0.0,0.0,0.0,0.0,0.0,0.0
3014.0,0.0,0.0,0.0,0.0,0.0,0.0
3015.0,0.0,0.0,0.0,0.0,0.0,0.0
3016.0,6.365222589010955e-07,1.5844979088797118e-06,0.0,0.0,0.0,5.304352157509129e-05
3017.0,6.365222589010955e-07,1.5844979088797118e-06,0.0,0.0,0.0,5.304352157509129e-05
3018.0,0.0,0.0,0.0,0.0,0.0,0.0
3019.0,0.0,0.0,0.0,0.0,0.0,0.0
3020.0,0.0,0.0,0.0,0.0,0.0,0.0
3021.0,0.0,0.0,0.0,0.0,0.0,0.0
3022.0,0.0,0.0,0.0,0.0,0.0,0.0
3023.0,0.0,0.0,0.0,0.0,0.0,0.0
3024.0,2.6377432732260786e-05,4.3022628233302385e-05,4.283315138309263e-05,0.0,0.0,0.0021981193943550656
3025.0,2.6377432732260786e-05,4.3022628233302385e-05,4.283315138309263e-05,0.0,0.0,0.0021981193943550656
3026.0,0.0,0.0,0.0,0.0,0.0,0.0
3027.0,0.0,0.0,0.0,0.0,0.0,0.0
3028.0,0.0,0.0,0.0,0.0,0.0,0.0
3029.0,0.0,0.0,0.0,0.0,0.0,0.0
3030.0,0.0,0.0,0.0,0.0,0.0,0.0
3031.0,0.0,0.0,0.0,0.0,0.0,0.0
3032.0,0.0,0.0,0.0,0.0,0.0,0.0
3033.0,0.0,0.0,0.0,0.0,0.0,0.0
3034.0,0.0003270066808909178,0.002110067056491971,0.0,0.0,0.006944444444444444,0.052751676412299275
3035.0,0.00017619822756387293,0.0011387646663933992,0.0,0.0,0.003472222222222222,0.02846911665983498
3036.0,0.0002342217485420406,0.001514500705525279,0.0,0.0,0.008680555555555556,0.05787037037037038
3037.0,0.00035513678449206054,0.00229458836838603,0.0,0.0,0.006944444444444444,0.057364709209650755
3038.0,0.0004443081852514297,0.0023340987972915173,0.0,0.0,0.006944444444444444,0.05835246993228793
3039.0,0.00013924628729000688,0.0005632741376757622,0.0,0.0,0.001736111111111111,0.014081853441894054
3040.0,0.00028642421239055693,0.0007633586646988988,0.0,0.0,0.006944444444444444,0.046296296296296294
3041.0,0.0003224519023206085,0.0002499197726137936,0.0,0.0,0.005208333333333333,0.034722222222222224
3042.0,0.0002164059114875272,1.5844979088797118e-06,0.0,0.0,0.006944444444444444,0.046296296296296294
3043.0,0.00028586253756657243,0.0,0.0,0.0,0.006944444444444444,0.046296296296296294
3044.0,1.702069596376532e-08,0.0,0.0,0.0,0.0,1.4183913303137767e-06
3045.0,0.0,0.0,0.0,0.0,0.0,0.0
3046.0,0.0,0.0,0.0,0.0,0.0,0.0
3047.0,0.0,0.0,0.0,0.0,0.0,0.0
3048.0,0.0,0.0,0.0,0.0,0.0,0.0
3049.0,3.413694503251463e-05,4.797521614818834e-05,4.283315138309263e-05,0.0,0.0,0.002844745419376219
3050.0,2.7926320399274118e-05,4.797521614818834e-05,4.283315138309263e-05,0.0,0.0,0.0023271933666061764
3051.0,0.0,0.0,0.0,0.0,0.0,0.0
3052.0,0.0,0.0,0.0,0.0,0.0,0.0
3053.0,0.0,0.0,0.0,0.0,0.0,0.0
3054.0,0.0,0.0,0.0,0.0,0.0,0.0
3055.0,0.0,0.0,0.0,0.0,0.0,0.0
3056.0,0.0,0.0,0.0,0.0,0.0,0.0
3057.0,0.0,0.0,0.0,0.0,0.0,0.0
3058.0,0.0,0.0,0.0,0.0,0.0,0.0
3059.0,0.0,0.0,0.0,0.0,0.0,0.0
3060.0,0.0,0.0,0.0,0.0,0.0,0.0
3061.0,0.0,0.0,0.0,0.0,0.0,0.0
3062.0,0.0,0.0,0.0,0.0,0.0,0.0
3063.0,0.0,0.0,0.0,0.0,0.0,0.0
3064.0,0.0,0.0,0.0,0.0,0.0,0.0
3065.0,0.0,0.0,0.0,0.0,0.0,0.0
3066.0,6.535429406540061e-07,1.5844979088797118e-06,0.0,0.0,0.0,5.446191172116717e-05
3067.0,6.535429406540061e-07,1.5844979088797118e-06,0.0,0.0,0.0,5.446191172116717e-05
3068.0,0.0,0.0,0.0,0.0,0.0,0.0
3069.0,0.0001701709406916052,0.0,0.0,0.0,0.003472222222222222,0.023148148148148147
3070.0,6.21425497229211e-05,0.0,0.0,0.0,0.0,0.005178545810243425
3071.0,0.0,0.0,0.0,0.0,0.0,0.0
3072.0,0.0,0.0,0.0,0.0,0.0,0.0
3073.0,0.0002070907794404775,0.0,0.0,0.0,0.005208333333333333,0.034722222222222224
3074.0,0.00030080016585998237,4.797521614818834e-05,4.283315138309263e-05,0.0,0.003472222222222222,0.025066680488331865
3075.0,0.00033451817580498755,4.797521614818834e-05,4.283315138309263e-05,0.0,0.005208333333333333,0.034722222222222224
3076.0,0.0002370301663177088,0.0,0.0,0.0,0.003472222222222222,0.023148148148148147
3077.0,0.000177934329258278,0.0,0.0,0.0,0.008680555555555556,0.05787037037037038
3078.0,1.702069596376532e-08,0.0,0.0,0.0,0.0,1.4183913303137767e-06
3079.0,0.0,0.0,0.0,0.0,0.0,0.0
3080.0,0.0,0.0,0.0,0.0,0.0,0.0
3081.0,0.0,0.0,0.0,0.0,0.0,0.0
3082.0,0.0,0.0,0.0,0.0,0.0,0.0
3083.0,7.248884685395751e-06,0.0,0.0,0.0,0.0,0.0006040737237829793
3084.0,0.0,0.0,0.0,0.0,0.0,0.0
3085.0,6.461055454565212e-05,0.0,0.0,0.0,0.003472222222222222,0.023148148148148147
3086.0,0.0005807611742056906,0.0,0.0,0.0,0.010416666666666666,0.06944444444444445
3087.0,0.000626889115665108,0.0,0.0,0.0,0.017361111111111112,0.11574074074074076
3088.0,0.00016438585589639843,0.0,0.0,0.0,0.003472222222222222,0.023148148148148147
3089.0,0.0001844873040681705,0.0,0.0,0.0,0.0,0.015373942005680874
3090.0,0.0001159790190286003,0.0,0.0,0.0,0.0,0.009664918252383359
3091.0,1.5255351172527298e-05,1.5844979088797118e-06,0.0,0.0,0.0,0.0012712792643772748
3092.0,6.535429406540061e-07,1.5844979088797118e-06,0.0,0.0,0.0,5.446191172116717e-05
3093.0,0.0,0.0,0.0,0.0,0.0,0.0
3094.0,0.0,0.0,0.0,0.0,0.0,0.0
3095.0,0.0,0.0,0.0,0.0,0.0,0.0
3096.0,0.0,0.0,0.0,0.0,0.0,0.0
3097.0,0.00024165981449186802,0.0,0.0,0.0,0.003472222222222222,0.023148148148148147
3098.0,6.913806282682344e-05,0.0,0.0,0.0,0.003472222222222222,0.023148148148148147
3099.0,0.0002442763652652502,4.797521614818834e-05,4.283315138309263e-05,0.0,0.003472222222222222,0.023148148148148147
3100.0,7.025677768979222e-05,4.797521614818834e-05,4.283315138309263e-05,0.0,0.0,0.005854731474149351
3101.0,0.0,0.0,0.0,0.0,0.0,0.0
3102.0,0.0,0.0,0.0,0.0,0.0,0.0
3103.0,0.0,0.0,0.0,0.0,0.0,0.0
3104.0,0.0,0.0,0.0,0.0,0.0,0.0
3105.0,0.0,0.0,0.0,0.0,0.0,0.0
3106.0,0.0,0.0,0.0,0.0,0.0,0.0
3107.0,0.0,0.0,0.0,0.0,0.0,0.0
3108.0,1.1574069276321097e-06,0.0,0.0,0.0,0.0,9.645057730267581e-05
3109.0,0.0,0.0,0.0,0.0,0.0,0.0
3110.0,0.0,0.0,0.0,0.0,0.0,0.0
3111.0,0.0,0.0,0.0,0.0,0.0,0.0
3112.0,0.0,0.0,0.0,0.0,0.0,0.0
3113.0,0.0,0.0,0.0,0.0,0.0,0.0
3114.0,0.0,0.0,0.0,0.0,0.0,0.0
3115.0,0.0,0.0,0.0,0.0,0.0,0.0
3116.0,6.535429406540061e-07,1.5844979088797118e-06,0.0,0.0,0.0,5.446191172116717e-05
3117.0,6.535429406540061e-07,1.5844979088797118e-06,0.0,0.0,0.0,5.446191172116717e-05
3118.0,0.0,0.0,0.0,0.0,0.0,0.0
3119.0,0.0,0.0,0.0,0.0,0.0,0.0
3120.0,0.0,0.0,0.0,0.0,0.0,0.0
3121.0,0.0,0.0,0.0,0.0,0.0,0.0
3122.0,0.0,0.0,0.0,0.0,0.0,0.0
3123.0,0.0,0.0,0.0,0.0,0.0,0.0
3124.0,3.189214112353511e-05,4.797521614818834e-05,4.283315138309263e-05,0.0,0.0,0.0026576784269612594
3125.0,3.189214112353511e-05,4.797521614818834e-05,4.283315138309263e-05,0.0,0.0,0.0026576784269612594
3126.0,0.0,0.0,0.0,0.0,0.0,0.0
3127.0,0.0,0.0,0.0,0.0,0.0,0.0
3128.0,0.0,0.0,0.0,0.0,0.0,0.0
3129.0,0.0,0.0,0.0,0.0,0.0,0.0
3130.0,0.0,0.0,0.0,0.0,0.0,0.0
3131.0,0.0,0.0,0.0,0.0,0.0,0.0
3132.0,0.0,0.0,0.0,0.0,0.0,0.0
3133.0,0.0,0.0,0.0,0.0,0.0,0.0
3134.0,0.0,0.0,0.0,0.0,0.0,0.0
3135.0,0.0,0.0,0.0,0.0,0.0,0.0
3136.0,0.0,0.0,0.0,0.0,0.0,0.0
3137.0,0.0,0.0,0.0,0.0,0.0,0.0
3138.0,0.0,0.0,0.0,0.0,0.0,0.0
3139.0,0.0,0.0,0.0,0.0,0.0,0.0
3140.0,0.0,0.0,0.0,0.0,0.0,0.0
3141.0,6.535429406540061e-07,1.5844979088797118e-06,0.0,0.0,0.0,5.446191172116717e-05
3142.0,6.535429406540061e-07,1.5844979088797118e-06,0.0,0.0,0.0,5.446191172116717e-05
3143.0,0.0,0.0,0.0,0.0,0.0,0.0
3144.0,0.0,0.0,0.0,0.0,0.0,0.0
3145.0,0.0,0.0,0.0,0.0,0.0,0.0
3146.0,0.0,0.0,0.0,0.0,0.0,0.0
3147.0,0.0,0.0,0.0,0.0,0.0,0.0
3148.0,0.0,0.0,0.0,0.0,0.0,0.0
3149.0,3.189214112353511e-05,4.797521614818834e-05,4.283315138309263e-05,0.0,0.0,0.0026576784269612594
3150.0,3.189214112353511e-05,4.797521614818834e-05,4.283315138309263e-05,0.0,0.0,0.0026576784269612594
3151.0,0.0,0.0,0.0,0.0,0.0,0.0
3152.0,0.0,0.0,0.0,0.0,0.0,0.0
3153.0,0.006472748704254627,0.010834608227014542,0.0,0.0,0.13541666666666666,0.9027777777777778
3154.0,0.04557185247540474,0.03239119425415993,0.39138263463974,0.0035294005647301674,0.3819444444444444,3.7976543729503947
3155.0,0.0,0.0,0.0,0.0,0.0,0.0
3156.0,0.00018700635700952262,0.0012092015240341425,0.0,0.0,0.003472222222222222,0.030230038100853562
3157.0,0.00021519263100344688,0.0013914566952735186,0.0,0.0,0.003472222222222222,0.034786417381837964
3158.0,3.5403104448050726e-06,2.289199437655043e-05,0.0,0.0,0.0,0.0005722998594137607
3159.0,0.00016850486281327903,0.0010895690647885203,0.0,0.0,0.006944444444444444,0.046296296296296294
3160.0,0.0001802661718102172,0.0011656186543405056,0.0,0.0,0.006944444444444444,0.046296296296296294
3161.0,0.00019653797789942473,0.0012708337744697928,0.0,0.0,0.005208333333333333,0.034722222222222224
3162.0,4.296022962080315e-05,0.000277785089565441,0.0,0.0,0.0,0.006944627239136025
3163.0,0.0003172146971337497,0.0020511411130428314,0.0,0.0,0.006944444444444444,0.051278527826070786
3164.0,5.0398277380736545e-05,0.00032588012982159853,0.0,0.0,0.001736111111111111,0.011574074074074073
3165.0,0.00030679802875965834,0.001983786001801491,0.0,0.0,0.005208333333333333,0.04959465004503727
3166.0,0.0002470724284648895,0.0015975943533703685,0.0,0.0,0.001736111111111111,0.03993985883425921
3167.0,0.0,0.0,0.0,0.0,0.0,0.0
3168.0,0.0,0.0,0.0,0.0,0.0,0.0
3169.0,0.0,0.0,0.0,0.0,0.0,0.0
3170.0,0.0,0.0,0.0,0.0,0.0,0.0
3171.0,0.0,0.0,0.0,0.0,0.0,0.0
3172.0,0.0,0.0,0.0,0.0,0.0,0.0
3173.0,0.0,0.0,0.0,0.0,0.0,0.0
3174.0,2.502046754671028e-06,1.6178479199879803e-05,0.0,0.0,0.0,0.00040446197999699507
3175.0,1.1063426654800423e-06,7.153720162023092e-06,0.0,0.0,0.0,0.0001788430040505773
3176.0,0.0,0.0,0.0,0.0,0.0,0.0
3177.0,7.877176540205255e-05,0.0,0.0,0.0,0.001736111111111111,0.011574074074074073
3178.0,9.267767745768651e-05,0.0,0.0,0.0,0.001736111111111111,0.011574074074074073
3179.0,0.00016513478476554155,0.0,0.0,0.0,0.001736111111111111,0.013761232063795129
3180.0,0.00017995979578699917,0.0,0.0,0.0,0.005208333333333333,0.034722222222222224
3181.0,0.00023951521143317223,0.0,0.0,0.0,0.005208333333333333,0.034722222222222224
3182.0,3.2424421078758314e-05,0.0,0.0,0.0,0.001736111111111111,0.011574074074074073
3183.0,6.382768333423883e-06,0.0,0.0,0.0,0.0,0.0005318973611186569
3184.0,0.0,0.0,0.0,0.0,0.0,0.0
3185.0,0.0,0.0,0.0,0.0,0.0,0.0
3186.0,0.0003914929984603077,0.0,0.0,0.0,0.006944444444444444,0.046296296296296294
3187.0,0.00013870163820683956,0.0,0.0,0.0,0.0,0.011558469850569963
3188.0,0.0001384463394060731,0.0,0.0,0.0,0.003472222222222222,0.023148148148148147
3189.0,0.0,0.0,0.0,0.0,0.0,0.0
3190.0,0.0,0.0,0.0,0.0,0.0,0.0
3191.0,6.706164640490897e-06,0.0,0.0,0.0,0.0,0.0005588470533742415
3192.0,0.0,0.0,0.0,0.0,0.0,0.0
3193.0,0.0,0.0,0.0,0.0,0.0,0.0
3194.0,0.0,0.0,0.0,0.0,0.0,0.0
3195.0,0.0,0.0,0.0,0.0,0.0,0.0
3196.0,0.0,0.0,0.0,0.0,0.0,0.0
3197.0,0.00021779679809696972,0.0,0.0,0.0,0.006944444444444444,0.046296296296296294
3198.0,3.4041613616864197e-07,0.0,0.0,0.0,0.0,2.836801134738683e-05
3199.0,0.00021180551266297698,7.153720162023092e-06,0.0,0.0,0.003472222222222222,0.023148148148148147
3200.0,5.540234997170046e-05,7.153720162023092e-06,0.0,0.0,0.003472222222222222,0.023148148148148147
3201.0,3.1267012673197314e-05,0.0,0.0,0.0,0.003472222222222222,0.023148148148148147
3202.0,0.0,0.0,0.0,0.0,0.0,0.0
3203.0,0.0,0.0,0.0,0.0,0.0,0.0
3204.0,0.00016367097850888968,0.0,0.0,0.0,0.001736111111111111,0.01363924820907414
3205.0,0.0003157338360324502,0.0,0.0,0.0,0.001736111111111111,0.026311153002704184
3206.0,0.0,0.0,0.0,0.0,0.0,0.0
3207.0,3.140317858196795e-05,0.0,0.0,0.0,0.001736111111111111,0.011574074074074073
3208.0,2.013547418755479e-05,0.0,0.0,0.0,0.001736111111111111,0.011574074074074073
3209.0,5.9844755014637485e-05,0.0,0.0,0.0,0.001736111111111111,0.011574074074074073
3210.0,0.0001939678331837058,0.0,0.0,0.0,0.001736111111111111,0.01616398609864215
3211.0,0.0001999080559471622,0.0,0.0,0.0,0.001736111111111111,0.016659004662263516
3212.0,0.0,0.0,0.0,0.0,0.0,0.0
3213.0,0.0,0.0,0.0,0.0,0.0,0.0
3214.0,0.00024664687225595117,0.0,0.0,0.0,0.003472222222222222,0.023148148148148147
3215.0,5.615126792690717e-05,0.0,0.0,0.0,0.001736111111111111,0.011574074074074073
3216.0,6.535944066854427e-06,0.0,0.0,0.0,0.0,0.0005446620055712023
3217.0,0.0,0.0,0.0,0.0,0.0,0.0
3218.0,0.0,0.0,0.0,0.0,0.0,0.0
3219.0,0.0,0.0,0.0,0.0,0.0,0.0
3220.0,0.0,0.0,0.0,0.0,0.0,0.0
3221.0,0.0,0.0,0.0,0.0,0.0,0.0
3222.0,0.0,0.0,0.0,0.0,0.0,0.0
3223.0,0.0,0.0,0.0,0.0,0.0,0.0
3224.0,1.0706014109018724e-05,7.153720162023092e-06,0.0,0.0,0.001736111111111111,0.011574074074074073
3225.0,0.00020123565627727658,7.153720162023092e-06,0.0,0.0,0.001736111111111111,0.01676963802310638
3226.0,0.0001651007478358224,0.0,0.0,0.0,0.001736111111111111,0.0137583956529852
3227.0,0.00013330606452655047,0.0,0.0,0.0,0.001736111111111111,0.011574074074074073
3228.0,0.0,0.0,0.0,0.0,0.0,0.0
3229.0,0.0,0.0,0.0,0.0,0.0,0.0
3230.0,0.0,0.0,0.0,0.0,0.0,0.0
3231.0,0.0,0.0,0.0,0.0,0.0,0.0
3232.0,0.0,0.0,0.0,0.0,0.0,0.0
3233.0,4.953031293553067e-06,0.0,0.0,0.0,0.0,0.00041275260779608897
3234.0,0.0,0.0,0.0,0.0,0.0,0.0
3235.0,0.0,0.0,0.0,0.0,0.0,0.0
3236.0,0.0,0.0,0.0,0.0,0.0,0.0
3237.0,0.00011597899720072746,0.0,0.0,0.0,0.001736111111111111,0.011574074074074073
3238.0,8.69757332111476e-06,0.0,0.0,0.0,0.001736111111111111,0.011574074074074073
3239.0,0.00024671494611538947,0.0,0.0,0.0,0.005208333333333333,0.034722222222222224
3240.0,5.506194065674208e-05,0.0,0.0,0.0,0.0,0.004588495054728507
3241.0,0.00046937965089455247,0.0,0.0,0.0,0.010416666666666666,0.06944444444444445
3242.0,0.0,0.0,0.0,0.0,0.0,0.0
3243.0,0.0,0.0,0.0,0.0,0.0,0.0
3244.0,0.0,0.0,0.0,0.0,0.0,0.0
3245.0,0.0,0.0,0.0,0.0,0.0,0.0
3246.0,0.00027379486709833145,0.0,0.0,0.0,0.005208333333333333,0.034722222222222224
3247.0,0.00021868186013307422,0.0,0.0,0.0,0.005208333333333333,0.034722222222222224
3248.0,0.000282798835542053,0.0,0.0,0.0,0.006944444444444444,0.046296296296296294
3249.0,3.029682375199627e-06,7.153720162023092e-06,0.0,0.0,0.0,0.0002524735312666356
3250.0,3.029682375199627e-06,7.153720162023092e-06,0.0,0.0,0.0,0.0002524735312666356
3251.0,0.0,0.0,0.0,0.0,0.0,0.0
3252.0,0.0,0.0,0.0,0.0,0.0,0.0
3253.0,0.0,0.0,0.0,0.0,0.0,0.0
3254.0,0.0,0.0,0.0,0.0,0.0,0.0
3255.0,0.0,0.0,0.0,0.0,0.0,0.0
3256.0,0.0,0.0,0.0,0.0,0.0,0.0
3257.0,0.0,0.0,0.0,0.0,0.0,0.0
3258.0,0.0,0.0,0.0,0.0,0.0,0.0
3259.0,0.0,0.0,0.0,0.0,0.0,0.0
3260.0,0.0,0.0,0.0,0.0,0.0,0.0
3261.0,0.0,0.0,0.0,0.0,0.0,0.0
3262.0,0.0,0.0,0.0,0.0,0.0,0.0
3263.0,0.0,0.0,0.0,0.0,0.0,0.0
3264.0,0.0,0.0,0.0,0.0,0.0,0.0
3265.0,0.0,0.0,0.0,0.0,0.0,0.0
3266.0,0.0,0.0,0.0,0.0,0.0,0.0
3267.0,0.0,0.0,0.0,0.0,0.0,0.0
3268.0,0.0,0.0,0.0,0.0,0.0,0.0
3269.0,5.938520189374685e-05,0.0,0.0,0.0,0.0,0.004948766824478905
3270.0,0.0,0.0,0.0,0.0,0.0,0.0
3271.0,0.0,0.0,0.0,0.0,0.0,0.0
3272.0,0.0,0.0,0.0,0.0,0.0,0.0
3273.0,0.0,0.0,0.0,0.0,0.0,0.0
3274.0,4.442403678694973e-06,7.153720162023092e-06,0.0,0.0,0.0,0.0003702003065579144
3275.0,3.0977655569586204e-06,7.153720162023092e-06,0.0,0.0,0.0,0.0002581471297465517
3276.0,0.0,0.0,0.0,0.0,0.0,0.0
3277.0,0.0,0.0,0.0,0.0,0.0,0.0
3278.0,0.0,0.0,0.0,0.0,0.0,0.0
3279.0,0.0,0.0,0.0,0.0,0.0,0.0
3280.0,0.0,0.0,0.0,0.0,0.0,0.0
3281.0,0.0,0.0,0.0,0.0,0.0,0.0
3282.0,0.0,0.0,0.0,0.0,0.0,0.0
3283.0,0.0,0.0,0.0,0.0,0.0,0.0
3284.0,0.0,0.0,0.0,0.0,0.0,0.0
3285.0,0.0,0.0,0.0,0.0,0.0,0.0
3286.0,0.0,0.0,0.0,0.0,0.0,0.0
3287.0,0.0,0.0,0.0,0.0,0.0,0.0
3288.0,0.0,0.0,0.0,0.0,0.0,0.0
3289.0,0.0,0.0,0.0,0.0,0.0,0.0
3290.0,0.0,0.0,0.0,0.0,0.0,0.0
3291.0,0.0,0.0,0.0,0.0,0.0,0.0
3292.0,0.0,0.0,0.0,0.0,0.0,0.0
3293.0,0.0,0.0,0.0,0.0,0.0,0.0
3294.0,0.0,0.0,0.0,0.0,0.0,0.0
3295.0,0.0,0.0,0.0,0.0,0.0,0.0
3296.0,0.0,0.0,0.0,0.0,0.0,0.0
3297.0,0.0001704452297417447,0.0,0.0,0.0,0.003472222222222222,0.023148148148148147
3298.0,7.737606938462704e-05,0.0,0.0,0.0,0.003472222222222222,0.023148148148148147
3299.0,0.00014957785606384277,7.153720162023092e-06,0.0,0.0,0.001736111111111111,0.012464821338653564
3300.0,7.409108366118744e-05,7.153720162023092e-06,0.0,0.0,0.001736111111111111,0.011574074074074073
3301.0,0.0,0.0,0.0,0.0,0.0,0.0
3302.0,0.0,0.0,0.0,0.0,0.0,0.0
3303.0,0.0,0.0,0.0,0.0,0.0,0.0
3304.0,0.0001093579558073543,0.0,0.0,0.0,0.0,0.009113162983946191
3305.0,0.0,0.0,0.0,0.0,0.0,0.0
3306.0,0.0,0.0,0.0,0.0,0.0,0.0
3307.0,0.0,0.0,0.0,0.0,0.0,0.0
3308.0,9.64222417678684e-05,0.0,0.0,0.0,0.0,0.008035186813989034
3309.0,0.0,0.0,0.0,0.0,0.0,0.0
3310.0,0.00017635141557548195,0.0,0.0,0.0,0.005208333333333333,0.034722222222222224
3311.0,0.0003143041394650936,0.0,0.0,0.0,0.006944444444444444,0.046296296296296294
3312.0,0.0001443695364287123,0.0,0.0,0.0,0.001736111111111111,0.012030794702392692
3313.0,0.00025898689636960626,0.0,0.0,0.0,0.003472222222222222,0.023148148148148147
3314.0,0.00010380922321928665,0.0,0.0,0.0,0.001736111111111111,0.011574074074074073
3315.0,0.0,0.0,0.0,0.0,0.0,0.0
3316.0,0.00023401752696372569,0.0,0.0,0.0,0.006944444444444444,0.046296296296296294
3317.0,0.0,0.0,0.0,0.0,0.0,0.0
3318.0,0.00021934568940196186,0.0,0.0,0.0,0.006944444444444444,0.046296296296296294
3319.0,0.00011410673323553056,0.0,0.0,0.0,0.003472222222222222,0.023148148148148147
3320.0,0.00015293093747459352,0.0,0.0,0.0,0.003472222222222222,0.023148148148148147
3321.0,0.00024099601432681084,0.0,0.0,0.0,0.005208333333333333,0.034722222222222224
3322.0,0.0,0.0,0.0,0.0,0.0,0.0
3323.0,0.0,0.0,0.0,0.0,0.0,0.0
3324.0,1.1999604794254992e-05,7.153720162023092e-06,0.0,0.0,0.0,0.000999967066187916
3325.0,6.071280949981883e-05,7.153720162023092e-06,0.0,0.0,0.005208333333333333,0.034722222222222224
3326.0,0.0002640079765114933,0.0,0.0,0.0,0.0,0.02200066470929111
3327.0,0.0,0.0,0.0,0.0,0.0,0.0
3328.0,0.0,0.0,0.0,0.0,0.0,0.0
3329.0,8.610769145889208e-05,0.0,0.0,0.0,0.003472222222222222,0.023148148148148147
3330.0,1.5182456991169602e-05,0.0,0.0,0.0,0.001736111111111111,0.011574074074074073
3331.0,0.0,0.0,0.0,0.0,0.0,0.0
3332.0,0.0,0.0,0.0,0.0,0.0,0.0
3333.0,3.89774504583329e-06,0.0,0.0,0.0,0.0,0.00032481208715277415
3334.0,0.0,0.0,0.0,0.0,0.0,0.0
3335.0,0.0,0.0,0.0,0.0,0.0,0.0
3336.0,0.0,0.0,0.0,0.0,0.0,0.0
3337.0,0.0,0.0,0.0,0.0,0.0,0.0
3338.0,0.0,0.0,0.0,0.0,0.0,0.0
3339.0,0.0,0.0,0.0,0.0,0.0,0.0
3340.0,0.0,0.0,0.0,0.0,0.0,0.0
3341.0,0.0,0.0,0.0,0.0,0.0,0.0
3342.0,0.0,0.0,0.0,0.0,0.0,0.0
3343.0,0.0,0.0,0.0,0.0,0.0,0.0
3344.0,7.637185626663268e-05,0.0,0.0,0.0,0.003472222222222222,0.023148148148148147
3345.0,0.00031838909490033984,0.0,0.0,0.0,0.005208333333333333,0.034722222222222224
3346.0,0.00011184297181898728,0.0,0.0,0.0,0.005208333333333333,0.034722222222222224
3347.0,0.0001588541199453175,0.0,0.0,0.0,0.003472222222222222,0.023148148148148147
3348.0,0.0002522977301850915,0.0,0.0,0.0,0.006944444444444444,0.046296296296296294
3349.0,1.2033627172058914e-05,7.153720162023092e-06,0.0,0.0,0.0,0.0010028022643382428
3350.0,5.191312084207311e-06,7.153720162023092e-06,0.0,0.0,0.0,0.00043260934035060927
3351.0,0.0,0.0,0.0,0.0,0.0,0.0
3352.0,0.0,0.0,0.0,0.0,0.0,0.0
3353.0,0.0,0.0,0.0,0.0,0.0,0.0
3354.0,0.0004909618874080479,0.0,0.0,0.0,0.008680555555555556,0.05787037037037038
3355.0,0.0,0.0,0.0,0.0,0.0,0.0
3356.0,0.0,0.0,0.0,0.0,0.0,0.0
3357.0,0.0,0.0,0.0,0.0,0.0,0.0
3358.0,3.931779701815685e-06,0.0,0.0,0.0,0.0,0.00032764830848464044
3359.0,0.0,0.0,0.0,0.0,0.0,0.0
3360.0,0.0,0.0,0.0,0.0,0.0,0.0
3361.0,0.0,0.0,0.0,0.0,0.0,0.0
3362.0,0.0,0.0,0.0,0.0,0.0,0.0
3363.0,0.0,0.0,0.0,0.0,0.0,0.0
3364.0,0.0,0.0,0.0,0.0,0.0,0.0
3365.0,0.0,0.0,0.0,0.0,0.0,0.0
3366.0,0.0,0.0,0.0,0.0,0.0,0.0
3367.0,0.0,0.0,0.0,0.0,0.0,0.0
3368.0,0.0,0.0,0.0,0.0,0.0,0.0
3369.0,0.0,0.0,0.0,0.0,0.0,0.0
3370.0,0.0,0.0,0.0,0.0,0.0,0.0
3371.0,0.0,0.0,0.0,0.0,0.0,0.0
3372.0,0.0,0.0,0.0,0.0,0.0,0.0
3373.0,0.0,0.0,0.0,0.0,0.0,0.0
3374.0,5.191312084207311e-06,7.153720162023092e-06,0.0,0.0,0.0,0.00043260934035060927
3375.0,5.191312084207311e-06,7.153720162023092e-06,0.0,0.0,0.0,0.00043260934035060927
3376.0,0.0,0.0,0.0,0.0,0.0,0.0
3377.0,0.0,0.0,0.0,0.0,0.0,0.0
3378.0,0.0,0.0,0.0,0.0,0.0,0.0
3379.0,0.0,0.0,0.0,0.0,0.0,0.0
3380.0,0.0,0.0,0.0,0.0,0.0,0.0
3381.0,0.0,0.0,0.0,0.0,0.0,0.0
3382.0,0.0,0.0,0.0,0.0,0.0,0.0
3383.0,0.0,0.0,0.0,0.0,0.0,0.0
3384.0,0.0,0.0,0.0,0.0,0.0,0.0
3385.0,0.0,0.0,0.0,0.0,0.0,0.0
3386.0,0.0,0.0,0.0,0.0,0.0,0.0
3387.0,0.0,0.0,0.0,0.0,0.0,0.0
3388.0,0.0,0.0,0.0,0.0,0.0,0.0
3389.0,0.0,0.0,0.0,0.0,0.0,0.0
3390.0,0.0,0.0,0.0,0.0,0.0,0.0
3391.0,0.0,0.0,0.0,0.0,0.0,0.0
3392.0,0.0,0.0,0.0,0.0,0.0,0.0
3393.0,0.0,0.0,0.0,0.0,0.0,0.0
3394.0,0.0,0.0,0.0,0.0,0.0,0.0
3395.0,0.010044150054454803,0.012245984748005867,0.0,0.0,0.20833333333333334,1.388888888888889
3396.0,0.0,0.0,0.0,0.0,0.0,0.0
3397.0,0.0,0.0,0.0,0.0,0.0,0.0
3398.0,0.0,0.0,0.0,0.0,0.0,0.0
3399.0,5.787034751847386e-06,0.0,0.0,0.0,0.001736111111111111,0.011574074074074073
3400.0,0.00024976168060675263,0.0,0.0,0.0,0.005208333333333333,0.034722222222222224
3401.0,0.00017306642257608473,0.0,0.0,0.0,0.003472222222222222,0.023148148148148147
3402.0,9.563927596900612e-05,0.0,0.0,0.0,0.001736111111111111,0.011574074074074073
3403.0,9.98774339677766e-05,0.0,0.0,0.0,0.001736111111111111,0.011574074074074073
3404.0,5.3002440836280584e-05,0.0001795037096599117,0.0,0.0,0.003472222222222222,0.023148148148148147
3405.0,0.00026645895559340715,0.00026083618286065757,0.0,0.0,0.003472222222222222,0.023148148148148147
3406.0,0.0,0.0,0.0,0.0,0.0,0.0
3407.0,0.0,0.0,0.0,0.0,0.0,0.0
3408.0,9.497553946857806e-06,5.612937002297258e-06,0.0,0.0,0.0,0.0007914628289048172
3409.0,0.00015621593047399074,0.0,0.0,0.0,0.006944444444444444,0.046296296296296294
3410.0,0.00011676194844767451,0.0,0.0,0.0,0.001736111111111111,0.011574074074074073
3411.0,0.00017514295177534223,0.0,0.0,0.0,0.005208333333333333,0.034722222222222224
3412.0,7.28826125850901e-05,0.0,0.0,0.0,0.001736111111111111,0.011574074074074073
3413.0,0.0,0.0,0.0,0.0,0.0,0.0
3414.0,0.0,0.0,0.0,0.0,0.0,0.0
3415.0,0.00012797860836144537,0.0,0.0,0.0,0.003472222222222222,0.023148148148148147
3416.0,0.000208997109439224,0.0,0.0,0.0,0.003472222222222222,0.023148148148148147
3417.0,0.00012700841762125492,0.0,0.0,0.0,0.005208333333333333,0.034722222222222224
3418.0,0.00021706492407247424,0.0,0.0,0.0,0.003472222222222222,0.023148148148148147
3419.0,4.4560172682395205e-05,0.0,0.0,0.0,0.001736111111111111,0.011574074074074073
3420.0,9.189472621073946e-05,0.0,0.0,0.0,0.003472222222222222,0.023148148148148147
3421.0,0.00010307732009096071,0.0,0.0,0.0,0.008680555555555556,0.05787037037037038
3422.0,0.0,0.0,0.0,0.0,0.0,0.0
3423.0,0.0,0.0,0.0,0.0,0.0,0.0
3424.0,7.914631169114728e-06,1.9810331650660373e-06,0.0,0.0,0.0,0.0006595525974262273
3425.0,1.8892941398007679e-06,1.9810331650660373e-06,0.0,0.0,0.0,0.00015744117831673066
3426.0,5.8380977861816064e-05,0.0,0.0,0.0,0.003472222222222222,0.023148148148148147
3427.0,0.0002338132617296651,0.0,0.0,0.0,0.005208333333333333,0.034722222222222224
3428.0,7.283154263859615e-05,0.0,0.0,0.0,0.003472222222222222,0.023148148148148147
3429.0,0.0001475694152759388,0.0,0.0,0.0,0.001736111111111111,0.0122974512729949
3430.0,0.00018955947598442435,0.0,0.0,0.0,0.006944444444444444,0.046296296296296294
3431.0,0.0,0.0,0.0,0.0,0.0,0.0
3432.0,0.00019257212989032269,0.0,0.0,0.0,0.006944444444444444,0.046296296296296294
3433.0,0.00013739104906562716,0.0,0.0,0.0,0.001736111111111111,0.011574074074074073
3434.0,0.0,0.0,0.0,0.0,0.0,0.0
3435.0,0.0,0.0,0.0,0.0,0.0,0.0
3436.0,0.0,0.0,0.0,0.0,0.0,0.0
3437.0,0.0,0.0,0.0,0.0,0.0,0.0
3438.0,0.0,0.0,0.0,0.0,0.0,0.0
3439.0,0.0,0.0,0.0,0.0,0.0,0.0
3440.0,0.0,0.0,0.0,0.0,0.0,0.0
3441.0,4.425370718763588e-07,0.0,0.0,0.0,0.0,3.6878089323029904e-05
3442.0,0.0,0.0,0.0,0.0,0.0,0.0
3443.0,0.0,0.0,0.0,0.0,0.0,0.0
3444.0,0.0,0.0,0.0,0.0,0.0,0.0
3445.0,0.0,0.0,0.0,0.0,0.0,0.0
3446.0,0.0,0.0,0.0,0.0,0.0,0.0
3447.0,0.0,0.0,0.0,0.0,0.0,0.0
3448.0,0.0,0.0,0.0,0.0,0.0,0.0
3449.0,2.229708115919493e-06,1.9810331650660373e-06,0.0,0.0,0.0,0.00018580900965995775
3450.0,2.229708115919493e-06,1.9810331650660373e-06,0.0,0.0,0.0,0.00018580900965995775
3451.0,0.0,0.0,0.0,0.0,0.0,0.0
3452.0,0.0,0.0,0.0,0.0,0.0,0.0
3453.0,0.0,0.0,0.0,0.0,0.0,0.0
3454.0,0.0,0.0,0.0,0.0,0.0,0.0
3455.0,0.0,0.0,0.0,0.0,0.0,0.0
3456.0,0.0,0.0,0.0,0.0,0.0,0.0
3457.0,0.0,0.0,0.0,0.0,0.0,0.0
3458.0,0.0,0.0,0.0,0.0,0.0,0.0
3459.0,0.0,0.0,0.0,0.0,0.0,0.0
3460.0,0.0,0.0,0.0,0.0,0.0,0.0
3461.0,0.0,0.0,0.0,0.0,0.0,0.0
3462.0,0.0,0.0,0.0,0.0,0.0,0.0
3463.0,0.0,0.0,0.0,0.0,0.0,0.0
3464.0,0.0,0.0,0.0,0.0,0.0,0.0
3465.0,0.0,0.0,0.0,0.0,0.0,0.0
3466.0,0.0,0.0,0.0,0.0,0.0,0.0
3467.0,0.0,0.0,0.0,0.0,0.0,0.0
3468.0,0.0,0.0,0.0,0.0,0.0,0.0
3469.0,0.0,0.0,0.0,0.0,0.0,0.0
3470.0,0.0,0.0,0.0,0.0,0.0,0.0
3471.0,0.0,0.0,0.0,0.0,0.0,0.0
3472.0,0.0,0.0,0.0,0.0,0.0,0.0
3473.0,0.0033904029987752438,0.0004391293041408062,0.0,0.0,0.0954861111111111,0.6365740740740741
3474.0,0.04557241499423981,0.03239119425415993,0.39138263463974,0.0035294005647301674,0.3819444444444444,3.797701249519984
3475.0,3.5743462944992643e-07,0.0,0.0,0.0,0.0,2.97862191208272e-05
3476.0,0.0,0.0,0.0,0.0,0.0,0.0
3477.0,0.0,0.0,0.0,0.0,0.0,0.0
3478.0,0.0003446861228439957,0.0,0.0,0.0,0.0,0.028723843570332974
3479.0,0.0,0.0,0.0,0.0,0.0,0.0
3480.0,0.0,0.0,0.0,0.0,0.0,0.0
3481.0,0.0,0.0,0.0,0.0,0.0,0.0
3482.0,9.833073818299454e-06,4.466916834644508e-06,1.294054072786821e-05,0.0,0.0,0.0008194228181916211
3483.0,5.509819857252296e-06,4.466916834644508e-06,1.294054072786821e-05,0.0,0.0,0.00045915165477102465
3484.0,0.0,0.0,0.0,0.0,0.0,0.0
3485.0,0.0,0.0,0.0,0.0,0.0,0.0
3486.0,0.0,0.0,0.0,0.0,0.0,0.0
3487.0,0.0,0.0,0.0,0.0,0.0,0.0
3488.0,0.0,0.0,0.0,0.0,0.0,0.0
3489.0,0.0,0.0,0.0,0.0,0.0,0.0
3490.0,0.0,0.0,0.0,0.0,0.0,0.0
3491.0,0.0,0.0,0.0,0.0,0.0,0.0
3492.0,0.0,0.0,0.0,0.0,0.0,0.0
3493.0,0.0,0.0,0.0,0.0,0.0,0.0
3494.0,0.0,0.0,0.0,0.0,0.0,0.0
3495.0,0.0,0.0,0.0,0.0,0.0,0.0
3496.0,0.0,0.0,0.0,0.0,0.0,0.0
3497.0,0.0,0.0,0.0,0.0,0.0,0.0
3498.0,0.0,0.0,0.0,0.0,0.0,0.0
3499.0,3.5743462944992643e-07,0.0,0.0,0.0,0.0,2.97862191208272e-05
3500.0,3.5743462944992643e-07,0.0,0.0,0.0,0.0,2.97862191208272e-05
3501.0,0.0,0.0,0.0,0.0,0.0,0.0
3502.0,0.0,0.0,0.0,0.0,0.0,0.0
3503.0,0.0,0.0,0.0,0.0,0.0,0.0
3504.0,0.0,0.0,0.0,0.0,0.0,0.0
3505.0,0.0,0.0,0.0,0.0,0.0,0.0
3506.0,0.0,0.0,0.0,0.0,0.0,0.0
3507.0,5.509819857252296e-06,4.466916834644508e-06,1.294054072786821e-05,0.0,0.0,0.00045915165477102465
3508.0,5.509819857252296e-06,4.466916834644508e-06,1.294054072786821e-05,0.0,0.0,0.00045915165477102465
3509.0,0.0,0.0,0.0,0.0,0.0,0.0
3510.0,0.00020663122995756567,0.0,0.0,0.0,0.006944444444444444,0.046296296296296294
3511.0,8.51034798188266e-08,0.0,0.0,0.0,0.0,7.091956651568883e-06
3512.0,0.00010014975850936025,0.0,0.0,0.0,0.003472222222222222,0.023148148148148147
3513.0,0.00016872613923624158,0.0,0.0,0.0,0.003472222222222222,0.023148148148148147
3514.0,0.00030727265402674675,0.0,0.0,0.0,0.006944444444444444,0.046296296296296294
3515.0,0.00014528863539453596,0.0,0.0,0.0,0.003472222222222222,0.023148148148148147
3516.0,1.029559371090727e-05,0.0,0.0,0.0,0.0,0.0008579661425756058
3517.0,0.0,0.0,0.0,0.0,0.0,0.0
3518.0,0.00016183276602532715,0.0,0.0,0.0,0.0,0.013486063835443929
3519.0,0.0,0.0,0.0,0.0,0.0,0.0
3520.0,0.0,0.0,0.0,0.0,0.0,0.0
3521.0,0.0,0.0,0.0,0.0,0.0,0.0
3522.0,0.0,0.0,0.0,0.0,0.0,0.0
3523.0,0.0,0.0,0.0,0.0,0.0,0.0
3524.0,3.0637390864285408e-06,0.0,0.0,0.0,0.0,0.00025531159053571173
3525.0,3.5743462944992643e-07,0.0,0.0,0.0,0.0,2.97862191208272e-05
3526.0,0.0,0.0,0.0,0.0,0.0,0.0
3527.0,0.0,0.0,0.0,0.0,0.0,0.0
3528.0,0.0,0.0,0.0,0.0,0.0,0.0
3529.0,0.0,0.0,0.0,0.0,0.0,0.0
3530.0,0.0,0.0,0.0,0.0,0.0,0.0
3531.0,0.0,0.0,0.0,0.0,0.0,0.0
3532.0,5.5949230954865925e-06,4.466916834644508e-06,1.294054072786821e-05,0.0,0.0,0.0004662435912905494
3533.0,5.5949230954865925e-06,4.466916834644508e-06,1.294054072786821e-05,0.0,0.0,0.0004662435912905494
3534.0,0.0,0.0,0.0,0.0,0.0,0.0
3535.0,0.0,0.0,0.0,0.0,0.0,0.0
3536.0,0.0,0.0,0.0,0.0,0.0,0.0
3537.0,0.0,0.0,0.0,0.0,0.0,0.0
3538.0,0.0,0.0,0.0,0.0,0.0,0.0
3539.0,0.0,0.0,0.0,0.0,0.0,0.0
3540.0,0.0,0.0,0.0,0.0,0.0,0.0
3541.0,0.0,0.0,0.0,0.0,0.0,0.0
3542.0,0.0,0.0,0.0,0.0,0.0,0.0
3543.0,0.0,0.0,0.0,0.0,0.0,0.0
3544.0,0.0,0.0,0.0,0.0,0.0,0.0
3545.0,0.0,0.0,0.0,0.0,0.0,0.0
3546.0,0.0,0.0,0.0,0.0,0.0,0.0
3547.0,0.0,0.0,0.0,0.0,0.0,0.0
3548.0,0.0,0.0,0.0,0.0,0.0,0.0
3549.0,3.5743462944992643e-07,0.0,0.0,0.0,0.0,2.97862191208272e-05
3550.0,3.5743462944992643e-07,0.0,0.0,0.0,0.0,2.97862191208272e-05
3551.0,0.0,0.0,0.0,0.0,0.0,0.0
3552.0,0.0,0.0,0.0,0.0,0.0,0.0
3553.0,0.0,0.0,0.0,0.0,0.0,0.0
3554.0,0.0,0.0,0.0,0.0,0.0,0.0
3555.0,0.0,0.0,0.0,0.0,0.0,0.0
3556.0,8.731616617296822e-06,0.0,0.0,0.0,0.0,0.0007276347181080686
3557.0,3.187487891409546e-05,4.466916834644508e-06,1.294054072786821e-05,0.0,0.0,0.002656239909507955
3558.0,5.6289645726792514e-06,4.466916834644508e-06,1.294054072786821e-05,0.0,0.0,0.00046908038105660427
3559.0,0.0,0.0,0.0,0.0,0.0,0.0
3560.0,0.0,0.0,0.0,0.0,0.0,0.0
3561.0,0.0,0.0,0.0,0.0,0.0,0.0
3562.0,0.0014645284973084927,0.0,0.0,0.0,0.024305555555555556,0.16203703703703703
3563.0,0.0,0.0,0.0,0.0,0.0,0.0
3564.0,0.0,0.0,0.0,0.0,0.0,0.0
3565.0,0.0,0.0,0.0,0.0,0.0,0.0
3566.0,2.706286750253639e-06,0.0,0.0,0.0,0.0,0.00022552389585446991
3567.0,0.0,0.0,0.0,0.0,0.0,0.0
3568.0,0.0,0.0,0.0,0.0,0.0,0.0
3569.0,0.0,0.0,0.0,0.0,0.0,0.0
3570.0,0.0,0.0,0.0,0.0,0.0,0.0
3571.0,0.0,0.0,0.0,0.0,0.0,0.0
3572.0,0.0,0.0,0.0,0.0,0.0,0.0
3573.0,0.0,0.0,0.0,0.0,0.0,0.0
3574.0,3.5743462944992643e-07,0.0,0.0,0.0,0.0,2.97862191208272e-05
3575.0,3.5743462944992643e-07,0.0,0.0,0.0,0.0,2.97862191208272e-05
3576.0,0.0,0.0,0.0,0.0,0.0,0.0
3577.0,0.0,0.0,0.0,0.0,0.0,0.0
3578.0,0.0,0.0,0.0,0.0,0.0,0.0
3579.0,1.2592023779234296e-07,8.142126262100646e-07,0.0,0.0,0.0,2.0355315655251616e-05
3580.0,0.04769359156489372,0.02094568870961666,0.0,0.00030218978645280004,0.1545138888888889,3.9744659637411432
3581.0,0.0,0.0,0.0,0.0,0.0,0.0
3582.0,0.0,0.0,0.0,0.0,0.0,0.0
3583.0,0.0,0.0,0.0,0.0,0.0,0.0
3584.0,0.0,0.0,0.0,0.0,0.0,0.0
3585.0,0.0,0.0,0.0,0.0,0.0,0.0
3586.0,0.0,0.0,0.0,0.0,0.0,0.0
3587.0,0.0,0.0,0.0,0.0,0.0,0.0
3588.0,0.0,0.0,0.0,0.0,0.0,0.0
3589.0,0.0,0.0,0.0,0.0,0.0,0.0
3590.0,0.0,0.0,0.0,0.0,0.0,0.0
3591.0,0.0,0.0,0.0,0.0,0.0,0.0
3592.0,0.0,0.0,0.0,0.0,0.0,0.0
3593.0,0.0,0.0,0.0,0.0,0.0,0.0
3594.0,0.0,0.0,0.0,0.0,0.0,0.0
3595.0,0.0,0.0,0.0,0.0,0.0,0.0
3596.0,4.697913482232252e-06,1.3081389624858275e-06,1.294054072786821e-05,0.0,0.0,0.000391492790186021
3597.0,4.697913482232252e-06,1.3081389624858275e-06,1.294054072786821e-05,0.0,0.0,0.000391492790186021
3598.0,0.0,0.0,0.0,0.0,0.0,0.0
3599.0,0.0,0.0,0.0,0.0,0.0,0.0
3600.0,0.0,0.0,0.0,0.0,0.0,0.0
3601.0,0.0,0.0,0.0,0.0,0.0,0.0
3602.0,0.0,0.0,0.0,0.0,0.0,0.0
3603.0,0.0,0.0,0.0,0.0,0.0,0.0
3604.0,0.0,0.0,0.0,0.0,0.0,0.0
3605.0,0.0,0.0,0.0,0.0,0.0,0.0
3606.0,0.0,0.0,0.0,0.0,0.0,0.0
3607.0,0.0,0.0,0.0,0.0,0.0,0.0
3608.0,0.0,0.0,0.0,0.0,0.0,0.0
3609.0,0.0,0.0,0.0,0.0,0.0,0.0
3610.0,0.0,0.0,0.0,0.0,0.0,0.0
3611.0,0.0,0.0,0.0,0.0,0.0,0.0
3612.0,0.0,0.0,0.0,0.0,0.0,0.0
3613.0,0.0,0.0,0.0,0.0,0.0,0.0
3614.0,0.0,0.0,0.0,0.0,0.0,0.0
3615.0,0.0,0.0,0.0,0.0,0.0,0.0
3616.0,0.0,0.0,0.0,0.0,0.0,0.0
3617.0,0.0,0.0,0.0,0.0,0.0,0.0
3618.0,0.0,0.0,0.0,0.0,0.0,0.0
3619.0,0.0,0.0,0.0,0.0,0.0,0.0
3620.0,4.534313120529987e-05,0.00029319312307052314,0.0,0.0,0.003472222222222222,0.023148148148148147
3621.0,0.00013711891369894147,0.0008575553074479103,1.294054072786821e-05,0.0,0.001736111111111111,0.021438882686197758
3622.0,0.00044735512346960604,0.0028624723199754953,1.294054072786821e-05,0.0,0.008680555555555556,0.07156180799938738
3623.0,0.0004051265714224428,0.0026195880491286516,0.0,0.0,0.010416666666666666,0.06944444444444445
3624.0,0.00019267425523139536,0.0012458506971597672,0.0,0.0,0.001736111111111111,0.03114626742899418
3625.0,0.0,0.0,0.0,0.0,0.0,0.0
3626.0,0.00019611240713857114,0.00126654130872339,0.0,0.0,0.001736111111111111,0.03166353271808475
3627.0,0.00014191854279488325,0.0009176593157462776,0.0,0.0,0.0,0.02294148289365694
3628.0,0.00012392766075208783,0.0008013284532353282,0.0,0.0,0.0,0.020033211330883205
3629.0,0.0,0.0,0.0,0.0,0.0,0.0
3630.0,1.219098976434907e-05,7.618675590492785e-05,0.0,0.0,0.0,0.0019046688976231962
3631.0,0.0,0.0,0.0,0.0,0.0,0.0
3632.0,0.0,0.0,0.0,0.0,0.0,0.0
3633.0,0.00017873430624604225,0.0011557135730981827,0.0,0.0,0.003472222222222222,0.028892839327454567
3634.0,0.0002605868212413043,0.0016849798848852515,0.0,0.0,0.003472222222222222,0.04212449712213129
3635.0,0.0,0.0,0.0,0.0,0.0,0.0
3636.0,7.02444085618481e-05,0.000452886481070891,0.0,0.0,0.001736111111111111,0.011574074074074073
3637.0,0.00010733250383054838,0.0006934721604920924,0.0,0.0,0.001736111111111111,0.01733680401230231
3638.0,5.4700453802070115e-06,3.371898492332548e-05,0.0,0.0,0.0,0.000842974623083137
3639.0,0.0,0.0,0.0,0.0,0.0,0.0
3640.0,0.0,0.0,0.0,0.0,0.0,0.0
3641.0,0.0,0.0,0.0,0.0,0.0,0.0
3642.0,4.311341399443336e-05,0.0002787755511235446,0.0,0.0,0.0,0.006969388778088614
3643.0,0.0001512542221462354,0.0009753832709975541,0.00042085902532562613,0.0,0.0,0.02438458177493885
3644.0,1.8280226868228056e-05,0.00011820172221632674,7.739937427686527e-05,0.0,0.0,0.0029550430554081686
3645.0,0.0,0.0,0.0,0.0,0.0,0.0
3646.0,8.366188922082074e-06,2.2386180717148818e-05,1.9718476323760115e-05,0.0,0.0,0.0006971824101735061
3647.0,4.935469405609183e-06,2.8442007078410825e-06,1.294054072786821e-05,0.0,0.0,0.0004112891171340986
3648.0,0.0,0.0,0.0,0.0,0.0,0.0
3649.0,0.0,0.0,0.0,0.0,0.0,0.0
3650.0,7.802285108482465e-05,0.0005045034340582788,0.0,0.0,0.003472222222222222,0.023148148148148147
3651.0,0.0001759088772814721,0.0006385534652508795,0.0,0.0,0.003472222222222222,0.023148148148148147
3652.0,0.00017556844977661967,0.0009372494532726705,0.0,0.0,0.005208333333333333,0.034722222222222224
3653.0,0.00013706764730159193,0.0008862928370945156,0.0,0.0,0.0,0.02215732092736289
3654.0,2.9667069611605257e-05,0.00019138993229717016,0.0,0.0,0.0,0.004784748307429254
3655.0,0.00016767086344771087,0.0006317298975773156,0.0,0.0,0.001736111111111111,0.01579324743943289
3656.0,0.00017025800480041653,0.0,0.0,0.0,0.0,0.014188167066701377
3657.0,0.0005542279104702175,4.072188858117443e-06,0.0,0.0,0.001736111111111111,0.04618565920585146
3658.0,0.0001415781443938613,0.0006635365425609052,0.0,0.0,0.0,0.01658841356402263
3659.0,5.494280412676744e-05,0.00027668449911288917,0.0,0.0,0.0,0.006917112477822229
3660.0,2.8492639103205875e-05,1.4307494211607263e-06,0.0,0.0,0.003472222222222222,0.023148148148148147
3661.0,0.00017497270891908556,0.0006396539974957705,0.0,0.0,0.003472222222222222,0.023148148148148147
3662.0,0.0,0.0,0.0,0.0,0.0,0.0
3663.0,0.00022210304450709373,3.5768716770689934e-05,0.0,0.0,0.0,0.018508587042257812
3664.0,4.331766831455752e-05,0.0,0.0,0.0,0.0,0.0036098056928797933
3665.0,0.00045528652844950557,0.0,0.0,0.0,0.001736111111111111,0.0379405440374588
3666.0,5.106247513708695e-08,0.0,0.0,0.0,0.0,4.255206261423912e-06
3667.0,0.0,0.0,0.0,0.0,0.0,0.0
3668.0,0.0,0.0,0.0,0.0,0.0,0.0
3669.0,0.0,0.0,0.0,0.0,0.0,0.0
3670.0,0.0,0.0,0.0,0.0,0.0,0.0
3671.0,1.1760768757085316e-05,4.60510727862129e-06,1.294054072786821e-05,0.0,0.0,0.000980064063090443
3672.0,5.803522526548477e-06,4.60510727862129e-06,1.294054072786821e-05,0.0,0.0,0.0004836268772123731
3673.0,0.0,0.0,0.0,0.0,0.0,0.0
3674.0,0.0,0.0,0.0,0.0,0.0,0.0
3675.0,0.0,0.0,0.0,0.0,0.0,0.0
3676.0,0.0,0.0,0.0,0.0,0.0,0.0
3677.0,0.0,0.0,0.0,0.0,0.0,0.0
3678.0,0.0,0.0,0.0,0.0,0.0,0.0
3679.0,0.0,0.0,0.0,0.0,0.0,0.0
3680.0,0.0,0.0,0.0,0.0,0.0,0.0
3681.0,0.0,0.0,0.0,0.0,0.0,0.0
3682.0,0.0,0.0,0.0,0.0,0.0,0.0
3683.0,0.0,0.0,0.0,0.0,0.0,0.0
3684.0,0.0,0.0,0.0,0.0,0.0,0.0
3685.0,0.0,0.0,0.0,0.0,0.0,0.0
3686.0,0.0,0.0,0.0,0.0,0.0,0.0
3687.0,0.0,0.0,0.0,0.0,0.0,0.0
3688.0,0.005092845298349857,0.021561898291110992,0.0005012541078031063,0.0,0.0625,0.5390474572777748
3689.0,0.0,0.0,0.0,0.0,0.0,0.0
3690.0,0.0,0.0,0.0,0.0,0.0,0.0
3691.0,0.0,0.0,0.0,0.0,0.0,0.0
3692.0,0.00021594154532067478,0.0,0.0,0.0,0.0,0.017995128776722897
3693.0,0.0,0.0,0.0,0.0,0.0,0.0
3694.0,0.0,0.0,0.0,0.0,0.0,0.0
3695.0,0.00021594154532067478,0.0,0.0,0.0,0.0,0.017995128776722897
3696.0,4.697913482232252e-06,1.3081389624858275e-06,1.294054072786821e-05,0.0,0.0,0.000391492790186021
3697.0,4.697913482232252e-06,1.3081389624858275e-06,1.294054072786821e-05,0.0,0.0,0.000391492790186021
3698.0,0.0,0.0,0.0,0.0,0.0,0.0
3699.0,0.0,0.0,0.0,0.0,0.0,0.0
3700.0,0.0,0.0,0.0,0.0,0.0,0.0
3701.0,0.0,0.0,0.0,0.0,0.0,0.0
3702.0,0.0,0.0,0.0,0.0,0.0,0.0
3703.0,0.0,0.0,0.0,0.0,0.0,0.0
3704.0,0.0,0.0,0.0,0.0,0.0,0.0
3705.0,0.0,0.0,0.0,0.0,0.0,0.0
3706.0,0.0,0.0,0.0,0.0,0.0,0.0
3707.0,0.0,0.0,0.0,0.0,0.0,0.0
3708.0,0.0,0.0,0.0,0.0,0.0,0.0
3709.0,0.0,0.0,0.0,0.0,0.0,0.0
3710.0,0.0,0.0,0.0,0.0,0.0,0.0
3711.0,0.0,0.0,0.0,0.0,0.0,0.0
3712.0,0.0,0.0,0.0,0.0,0.0,0.0
3713.0,0.0,0.0,0.0,0.0,0.0,0.0
3714.0,0.0,0.0,0.0,0.0,0.0,0.0
3715.0,0.0,0.0,0.0,0.0,0.0,0.0
3716.0,0.0,0.0,0.0,0.0,0.0,0.0
3717.0,0.0,0.0,0.0,0.0,0.0,0.0
3718.0,0.0,0.0,0.0,0.0,0.0,0.0
3719.0,0.0,0.0,0.0,0.0,0.0,0.0
3720.0,0.0,0.0,0.0,0.0,0.0,0.0
3721.0,4.697913482232252e-06,1.3081389624858275e-06,1.294054072786821e-05,0.0,0.0,0.000391492790186021
3722.0,4.697913482232252e-06,1.3081389624858275e-06,1.294054072786821e-05,0.0,0.0,0.000391492790186021
3723.0,0.0,0.0,0.0,0.0,0.0,0.0
3724.0,0.0,0.0,0.0,0.0,0.0,0.0
3725.0,0.0,0.0,0.0,0.0,0.0,0.0
3726.0,0.0,0.0,0.0,0.0,0.0,0.0
3727.0,0.0,0.0,0.0,0.0,0.0,0.0
3728.0,0.0,0.0,0.0,0.0,0.0,0.0
3729.0,0.0,0.0,0.0,0.0,0.0,0.0
3730.0,0.0,0.0,0.0,0.0,0.0,0.0
3731.0,0.0,0.0,0.0,0.0,0.0,0.0
3732.0,0.0,0.0,0.0,0.0,0.0,0.0
3733.0,0.0,0.0,0.0,0.0,0.0,0.0
3734.0,0.0,0.0,0.0,0.0,0.0,0.0
3735.0,0.0,0.0,0.0,0.0,0.0,0.0
3736.0,0.0,0.0,0.0,0.0,0.0,0.0
3737.0,0.0,0.0,0.0,0.0,0.0,0.0
3738.0,0.0,0.0,0.0,0.0,0.0,0.0
3739.0,0.0,0.0,0.0,0.0,0.0,0.0
3740.0,0.0,0.0,0.0,0.0,0.0,0.0
3741.0,0.0,0.0,0.0,0.0,0.0,0.0
3742.0,0.0,0.0,0.0,0.0,0.0,0.0
3743.0,0.0,0.0,0.0,0.0,0.0,0.0
3744.0,0.0,0.0,0.0,0.0,0.0,0.0
3745.0,0.0,0.0,0.0,0.0,0.0,0.0
3746.0,4.697913482232252e-06,1.3081389624858275e-06,1.294054072786821e-05,0.0,0.0,0.000391492790186021
3747.0,4.697913482232252e-06,1.3081389624858275e-06,1.294054072786821e-05,0.0,0.0,0.000391492790186021
3748.0,0.0,0.0,0.0,0.0,0.0,0.0
3749.0,0.0,0.0,0.0,0.0,0.0,0.0
3750.0,0.0,0.0,0.0,0.0,0.0,0.0
3751.0,0.0,0.0,0.0,0.0,0.0,0.0
3752.0,0.0,0.0,0.0,0.0,0.0,0.0
3753.0,0.0,0.0,0.0,0.0,0.0,0.0
3754.0,0.0,0.0,0.0,0.0,0.0,0.0
3755.0,0.0,0.0,0.0,0.0,0.0,0.0
3756.0,0.0,0.0,0.0,0.0,0.0,0.0
3757.0,0.0,0.0,0.0,0.0,0.0,0.0
3758.0,0.0,0.0,0.0,0.0,0.0,0.0
3759.0,0.0,0.0,0.0,0.0,0.0,0.0
3760.0,0.0,0.0,0.0,0.0,0.0,0.0
3761.0,0.0,0.0,0.0,0.0,0.0,0.0
3762.0,0.0,0.0,0.0,0.0,0.0,0.0
3763.0,0.0,0.0,0.0,0.0,0.0,0.0
3764.0,0.0,0.0,0.0,0.0,0.0,0.0
3765.0,0.0,0.0,0.0,0.0,0.0,0.0
3766.0,0.0,0.0,0.0,0.0,0.0,0.0
3767.0,0.0,0.0,0.0,0.0,0.0,0.0
3768.0,0.0,0.0,0.0,0.0,0.0,0.0
3769.0,0.0,0.0,0.0,0.0,0.0,0.0
3770.0,0.0,0.0,0.0,0.0,0.0,0.0
3771.0,0.042262446135282516,0.00570785952731967,0.0,0.0003952209954150021,0.1736111111111111,3.521870511273543
3772.0,2.8935286877640465e-07,0.0,0.0,0.0,0.0,2.411273906470039e-05
3773.0,0.0,0.0,0.0,0.0,0.0,0.0
3774.0,0.0,0.0,0.0,0.0,0.0,0.0
3775.0,0.0,0.0,0.0,0.0,0.0,0.0
3776.0,0.0,0.0,0.0,0.0,0.0,0.0
3777.0,0.0,0.0,0.0,0.0,0.0,0.0
3778.0,0.0,0.0,0.0,0.0,0.0,0.0
3779.0,1.551469904370606e-05,6.4284499785571825e-06,2.841523200913798e-05,0.0,0.0,0.0012928915869755049
3780.0,1.551469904370606e-05,6.4284499785571825e-06,2.841523200913798e-05,0.0,0.0,0.0012928915869755049
3781.0,0.0,0.0,0.0,0.0,0.0,0.0
3782.0,0.0,0.0,0.0,0.0,0.0,0.0
3783.0,0.0,0.0,0.0,0.0,0.0,0.0
3784.0,0.0,0.0,0.0,0.0,0.0,0.0
3785.0,0.0,0.0,0.0,0.0,0.0,0.0
3786.0,0.0,0.0,0.0,0.0,0.0,0.0
3787.0,0.0,0.0,0.0,0.0,0.0,0.0
3788.0,2.5531122105348913e-07,0.0,0.0,0.0,0.0,2.127593508779076e-05
3789.0,2.5531122105348913e-07,0.0,0.0,0.0,0.0,2.127593508779076e-05
3790.0,0.05011557415127754,0.025872010737657547,0.39138263463974,0.003578676376491785,0.4288194444444444,4.1762978459397955
3791.0,0.0,0.0,0.0,0.0,0.0,0.0
3792.0,0.0002896241203416139,0.0004925071843899786,0.0,0.0,0.006944444444444444,0.046296296296296294
3793.0,2.0424831745913252e-05,0.0,0.0,0.0,0.0,0.0017020693121594377
3794.0,0.0006543435738421977,0.004229948855936527,0.0,0.0,0.012152777777777778,0.10574872139841318
3795.0,0.0015360326506197453,0.009398027323186398,0.0,0.0,0.03125,0.23495068307965994
3796.0,0.00035871114232577384,9.916175622493029e-05,0.0,0.0,0.006944444444444444,0.046296296296296294
3797.0,0.0019336189143359661,0.0,0.0,0.0,0.04513888888888889,0.30092592592592593
3798.0,0.00025614441256038845,0.0,0.0,0.0,0.001736111111111111,0.021345367713365704
3799.0,0.00016566240810789168,0.0,0.0,0.0,0.003472222222222222,0.023148148148148147
3800.0,0.00022167751740198582,0.0,0.0,0.0,0.006944444444444444,0.046296296296296294
3801.0,0.0001696792896836996,0.0,0.0,0.0,0.005208333333333333,0.034722222222222224
3802.0,0.00010277095134370029,0.0,0.0,0.0,0.001736111111111111,0.011574074074074073
3803.0,0.0,0.0,0.0,0.0,0.0,0.0
3804.0,0.00028029680834151804,1.2106306712666992e-06,0.0,0.0,0.003472222222222222,0.02335806736179317
3805.0,0.00031312971259467304,1.2106306712666992e-06,0.0,0.0,0.0,0.026094142716222752
3806.0,5.710442928830162e-05,0.0,0.0,0.0,0.0,0.004758702440691802
3807.0,0.0001022773576551117,0.0,0.0,0.0,0.0,0.008523113137925975
3808.0,0.0001660538837313652,0.0,0.0,0.0,0.0,0.013837823644280434
3809.0,0.0,0.0,0.0,0.0,0.0,0.0
3810.0,0.0,0.0,0.0,0.0,0.0,0.0
3811.0,0.0,0.0,0.0,0.0,0.0,0.0
3812.0,0.0,0.0,0.0,0.0,0.0,0.0
3813.0,7.931641448521987e-06,0.0,0.0,0.0,0.0,0.0006609701207101656
3814.0,0.00017687903891783208,0.0,0.0,0.0,0.005208333333333333,0.034722222222222224
3815.0,8.906928997021168e-05,0.0,0.0,0.0,0.001736111111111111,0.011574074074074073
3816.0,0.00018276819901075214,0.0,0.0,0.0,0.003472222222222222,0.023148148148148147
3817.0,0.00021389905305113643,0.0,0.0,0.0,0.0,0.017824921087594703
3818.0,0.0,0.0,0.0,0.0,0.0,0.0
3819.0,0.00021282676607370377,0.0,0.0,0.0,0.001736111111111111,0.017735563839475315
3820.0,7.914625712146517e-06,0.0,0.0,0.0,0.0,0.0006595521426788764
3821.0,8.353755401913077e-05,0.0,0.0,0.0,0.010416666666666666,0.06944444444444445
3822.0,1.51824560816749e-05,0.0,0.0,0.0,0.003472222222222222,0.023148148148148147
3823.0,0.0,0.0,0.0,0.0,0.0,0.0
3824.0,0.0,0.0,0.0,0.0,0.0,0.0
3825.0,8.629490366729442e-06,0.0,0.0,0.0,0.0,0.0007191241972274535
3826.0,5.259395038592629e-06,0.0,0.0,0.0,0.0,0.00043828291988271906
3827.0,8.134189556585625e-05,0.0,0.0,0.0,0.001736111111111111,0.011574074074074073
3828.0,0.0007245708839036524,0.0,0.0,0.0,0.005208333333333333,0.06038090699197103
3829.0,0.00011500882101245224,1.2106306712666992e-06,0.0,0.0,0.0,0.009584068417704353
3830.0,1.4127157328402973e-06,1.2106306712666992e-06,0.0,0.0,0.0,0.00011772631107002476
3831.0,0.00029440695652738214,0.0,0.0,0.0,0.003472222222222222,0.024533913043948512
3832.0,1.5318620683046902e-07,0.0,0.0,0.0,0.0,1.2765517235872418e-05
3833.0,0.0,0.0,0.0,0.0,0.0,0.0
3834.0,0.0,0.0,0.0,0.0,0.0,0.0
3835.0,0.0,0.0,0.0,0.0,0.0,0.0
3836.0,0.0,0.0,0.0,0.0,0.0,0.0
3837.0,0.0,0.0,0.0,0.0,0.0,0.0
3838.0,0.0001307529746554792,0.0,0.0,0.0,0.003472222222222222,0.023148148148148147
3839.0,0.00036861718399450183,0.0,0.0,0.0,0.005208333333333333,0.034722222222222224
3840.0,0.00016601984680164605,0.0,0.0,0.0,0.001736111111111111,0.013834987233470505
3841.0,9.89583131740801e-05,0.0,0.0,0.0,0.0,0.00824652609784001
3842.0,0.00022979636560194194,0.0,0.0,0.0,0.0,0.019149697133495163
3843.0,1.7020436615666767e-08,0.0,0.0,0.0,0.0,1.4183697179722306e-06
3844.0,0.0,0.0,0.0,0.0,0.0,0.0
3845.0,0.0,0.0,0.0,0.0,0.0,0.0
3846.0,9.089044397114776e-06,0.0,0.0,0.0,0.0,0.0007574203664262313
3847.0,0.0,0.0,0.0,0.0,0.0,0.0
3848.0,0.0,0.0,0.0,0.0,0.0,0.0
3849.0,0.0,0.0,0.0,0.0,0.0,0.0
3850.0,0.0,0.0,0.0,0.0,0.0,0.0
3851.0,0.0,0.0,0.0,0.0,0.0,0.0
3852.0,0.0,0.0,0.0,0.0,0.0,0.0
3853.0,0.009771393612027168,0.014158453792333603,0.0,0.0,0.1684027777777778,1.1226851851851853
3854.0,0.05011611804366112,0.025872010737657547,0.39138263463974,0.003578676376491785,0.4288194444444444,4.176343170305093
3855.0,5.446625550575845e-07,0.0,0.0,0.0,0.0,4.538854625479871e-05
3856.0,0.0,0.0,0.0,0.0,0.0,0.0
3857.0,0.0,0.0,0.0,0.0,0.0,0.0
3858.0,0.0,0.0,0.0,0.0,0.0,0.0
3859.0,0.0,0.0,0.0,0.0,0.0,0.0
3860.0,0.0,0.0,0.0,0.0,0.0,0.0
3861.0,0.0,0.0,0.0,0.0,0.0,0.0
3862.0,6.467864750447916e-07,0.0,0.0,0.0,0.0,5.38988729203993e-05
3863.0,6.467864750447916e-07,0.0,0.0,0.0,0.0,5.38988729203993e-05
3864.0,0.0,0.0,0.0,0.0,0.0,0.0
3865.0,0.0,0.0,0.0,0.0,0.0,0.0
3866.0,0.0,0.0,0.0,0.0,0.0,0.0
3867.0,0.0,0.0,0.0,0.0,0.0,0.0
3868.0,0.0,0.0,0.0,0.0,0.0,0.0
3869.0,0.0,0.0,0.0,0.0,0.0,0.0
3870.0,0.0,0.0,0.0,0.0,0.0,0.0
3871.0,0.0,0.0,0.0,0.0,0.0,0.0
3872.0,0.0,0.0,0.0,0.0,0.0,0.0
3873.0,0.0,0.0,0.0,0.0,0.0,0.0
3874.0,0.0,0.0,0.0,0.0,0.0,0.0
3875.0,0.0,0.0,0.0,0.0,0.0,0.0
3876.0,0.0,0.0,0.0,0.0,0.0,0.0
3877.0,0.0,0.0,0.0,0.0,0.0,0.0
3878.0,0.0,0.0,0.0,0.0,0.0,0.0
3879.0,5.446625550575845e-07,0.0,0.0,0.0,0.0,4.538854625479871e-05
3880.0,5.446625550575845e-07,0.0,0.0,0.0,0.0,4.538854625479871e-05
3881.0,0.0,0.0,0.0,0.0,0.0,0.0
3882.0,0.0,0.0,0.0,0.0,0.0,0.0
3883.0,0.0,0.0,0.0,0.0,0.0,0.0
3884.0,0.0,0.0,0.0,0.0,0.0,0.0
3885.0,0.0,0.0,0.0,0.0,0.0,0.0
3886.0,0.0,0.0,0.0,0.0,0.0,0.0
3887.0,6.467864750447916e-07,0.0,0.0,0.0,0.0,5.38988729203993e-05
3888.0,6.467864750447916e-07,0.0,0.0,0.0,0.0,5.38988729203993e-05
3889.0,0.0,0.0,0.0,0.0,0.0,0.0
3890.0,0.0,0.0,0.0,0.0,0.0,0.0
3891.0,0.0,0.0,0.0,0.0,0.0,0.0
3892.0,0.0,0.0,0.0,0.0,0.0,0.0
3893.0,0.0,0.0,0.0,0.0,0.0,0.0
3894.0,0.0,0.0,0.0,0.0,0.0,0.0
3895.0,0.0,0.0,0.0,0.0,0.0,0.0
3896.0,0.0,0.0,0.0,0.0,0.0,0.0
3897.0,0.0,0.0,0.0,0.0,0.0,0.0
3898.0,0.0,0.0,0.0,0.0,0.0,0.0
3899.0,0.0,0.0,0.0,0.0,0.0,0.0
3900.0,0.0,0.0,0.0,0.0,0.0,0.0
3901.0,0.0,0.0,0.0,0.0,0.0,0.0
3902.0,0.0,0.0,0.0,0.0,0.0,0.0
3903.0,0.0,0.0,0.0,0.0,0.0,0.0
3904.0,5.446625550575845e-07,0.0,0.0,0.0,0.0,4.538854625479871e-05
3905.0,5.446625550575845e-07,0.0,0.0,0.0,0.0,4.538854625479871e-05
3906.0,0.0,0.0,0.0,0.0,0.0,0.0
3907.0,0.0,0.0,0.0,0.0,0.0,0.0
3908.0,0.0,0.0,0.0,0.0,0.0,0.0
3909.0,0.0,0.0,0.0,0.0,0.0,0.0
3910.0,0.0,0.0,0.0,0.0,0.0,0.0
3911.0,0.0,0.0,0.0,0.0,0.0,0.0
3912.0,6.467864750447916e-07,0.0,0.0,0.0,0.0,5.38988729203993e-05
3913.0,6.467864750447916e-07,0.0,0.0,0.0,0.0,5.38988729203993e-05
3914.0,0.0,0.0,0.0,0.0,0.0,0.0
3915.0,0.0,0.0,0.0,0.0,0.0,0.0
3916.0,0.0,0.0,0.0,0.0,0.0,0.0
3917.0,0.0,0.0,0.0,0.0,0.0,0.0
3918.0,0.0,0.0,0.0,0.0,0.0,0.0
3919.0,0.0,0.0,0.0,0.0,0.0,0.0
3920.0,0.0,0.0,0.0,0.0,0.0,0.0
3921.0,0.0,0.0,0.0,0.0,0.0,0.0
3922.0,0.0,0.0,0.0,0.0,0.0,0.0
3923.0,0.0,0.0,0.0,0.0,0.0,0.0
3924.0,0.0,0.0,0.0,0.0,0.0,0.0
3925.0,0.0,0.0,0.0,0.0,0.0,0.0
3926.0,0.0,0.0,0.0,0.0,0.0,0.0
3927.0,0.0,0.0,0.0,0.0,0.0,0.0
3928.0,0.0,0.0,0.0,0.0,0.0,0.0
3929.0,0.05171060189604759,0.025327574461698532,0.0,0.0005287767853587866,0.1701388888888889,4.309216824670632
3930.0,0.03989488258957863,0.021716652438044548,0.0,0.0009918040595948696,0.3125,3.3245735491315522
3931.0,0.031142568215727806,0.01251335721462965,0.0,0.0003269641601946205,0.2847222222222222,2.5952140179773173
3932.0,0.034312643110752106,0.01604061760008335,0.0,0.00029420715873129666,0.2465277777777778,2.859386925896009
3933.0,0.050914306193590164,0.022451013326644897,0.0,0.00025754794478416443,0.4392361111111111,4.242858849465847
3934.0,0.003481082385405898,0.0,0.0,1.2775713912560605e-05,0.022569444444444444,0.29009019878382486
3935.0,0.0,0.0,0.0,0.0,0.0,0.0
3936.0,0.0,0.0,0.0,0.0,0.0,0.0
3937.0,0.00028822841704823077,0.0,0.0,0.0,0.0,0.02401903475401923
3938.0,0.00017204516916535795,0.0,0.0,0.0,0.0,0.014337097430446494
3939.0,3.693491089507006e-05,0.0,0.0,0.0,0.0,0.0030779092412558384
3940.0,0.0002123743761330843,5.4735613957745954e-05,0.0,0.00014226917119231075,0.001736111111111111,0.017783646399038844
3941.0,1.0212465895165224e-07,0.0,0.0,0.0,0.0,8.51038824597102e-06
3942.0,0.0,0.0,0.0,0.0,0.0,0.0
3943.0,0.0,0.0,0.0,0.0,0.0,0.0
3944.0,0.0,0.0,0.0,0.0,0.0,0.0
3945.0,0.0,0.0,0.0,0.0,0.0,0.0
3946.0,0.0,0.0,0.0,0.0,0.0,0.0
3947.0,9.519673767499626e-05,0.0,0.0,0.0,0.0,0.007933061472916355
3948.0,0.0002508700417820364,7.154624199756654e-06,2.841523200913798e-05,0.0,0.0,0.020905836815169703
3949.0,0.00022072636056691408,7.154624199756654e-06,2.841523200913798e-05,0.0,0.0,0.018393863380576175
3950.0,8.25503739179112e-05,0.0,0.0,0.0,0.0,0.0068791978264926
3951.0,0.0,0.0,0.0,0.0,0.0,0.0
3952.0,0.0,0.0,0.0,0.0,0.0,0.0
3953.0,0.0,0.0,0.0,0.0,0.0,0.0
3954.0,0.0,0.0,0.0,0.0,0.0,0.0
3955.0,0.044481050223112106,0.007646823767572641,0.0,0.0006236762274056673,0.4565972222222222,3.706754185259342
3956.0,0.03944268822669983,0.0007690805941820145,0.0,0.0004898433107882738,0.296875,3.286890685558319
3957.0,4.379911479190923e-05,4.968101734448283e-07,0.0,0.0,0.0,0.0036499262326591024
3958.0,0.040376875549554825,0.012630104087293148,0.0,0.0006113229319453239,0.3958333333333333,3.3647396291295686
3959.0,0.03420483320951462,0.0021180410403758287,0.0,0.0012676233891397715,0.2517361111111111,2.8504027674595513
3960.0,0.042863186448812485,0.023717457428574562,0.0,0.0004377122677396983,0.24131944444444445,3.571932204067707
3961.0,0.047693829983472824,0.020944999530911446,0.0,0.00030218978645280004,0.1545138888888889,3.9744858319560685
3962.0,0.042262326925992966,0.00570785952731967,0.0,0.0003952209954150021,0.1736111111111111,3.5218605771660805
3963.0,5.787039185634058e-07,0.0,0.0,0.0,0.0,4.822532654695048e-05
3964.0,0.0,0.0,0.0,0.0,0.0,0.0
3965.0,0.0,0.0,0.0,0.0,0.0,0.0
3966.0,0.0,0.0,0.0,0.0,0.0,0.0
3967.0,0.0,0.0,0.0,0.0,0.0,0.0
3968.0,0.0,0.0,0.0,0.0,0.0,0.0
3969.0,0.0,0.0,0.0,0.0,0.0,0.0
3970.0,0.0,0.0,0.0,0.0,0.0,0.0
3971.0,0.0,0.0,0.0,0.0,0.0,0.0
3972.0,0.0,0.0,0.0,0.0,0.0,0.0
3973.0,0.0,0.0,0.0,0.0,0.0,0.0
3974.0,0.0,0.0,0.0,0.0,0.0,0.0
3975.0,0.0,0.0,0.0,0.0,0.0,0.0
3976.0,0.0,0.0,0.0,0.0,0.0,0.0
3977.0,0.0,0.0,0.0,0.0,0.0,0.0
3978.0,0.0,0.0,0.0,0.0,0.0,0.0
3979.0,3.404165127562919e-08,0.0,0.0,0.0,0.0,2.8368042729690992e-06
3980.0,3.404165127562919e-08,0.0,0.0,0.0,0.0,2.8368042729690992e-06
3981.0,0.0,0.0,0.0,0.0,0.0,0.0
3982.0,0.0,0.0,0.0,0.0,0.0,0.0
3983.0,0.0,0.0,0.0,0.0,0.0,0.0
3984.0,0.0,0.0,0.0,0.0,0.0,0.0
3985.0,0.0,0.0,0.0,0.0,0.0,0.0
3986.0,0.0,0.0,0.0,0.0,0.0,0.0
3987.0,5.787039185634058e-07,0.0,0.0,0.0,0.0,4.822532654695048e-05
3988.0,5.787039185634058e-07,0.0,0.0,0.0,0.0,4.822532654695048e-05
3989.0,0.0,0.0,0.0,0.0,0.0,0.0
3990.0,5.70193151361309e-06,0.0,0.0,0.0,0.0,0.0004751609594677575
3991.0,0.00010588573786662892,0.0,0.0,0.0,0.0,0.008823811488885744
3992.0,0.0,0.0,0.0,0.0,0.0,0.0
3993.0,0.0,0.0,0.0,0.0,0.0,0.0
3994.0,0.0,0.0,0.0,0.0,0.0,0.0
3995.0,0.0,0.0,0.0,0.0,0.0,0.0
3996.0,1.0212424967903644e-06,0.0,0.0,0.0,0.0,8.510354139919703e-05
3997.0,0.0,0.0,0.0,0.0,0.0,0.0
3998.0,0.00010857501183636487,0.0,0.0,0.0,0.0,0.009047917653030405
3999.0,0.0,0.0,0.0,0.0,0.0,0.0
4000.0,0.0,0.0,0.0,0.0,0.0,0.0
4001.0,0.0,0.0,0.0,0.0,0.0,0.0
4002.0,0.0,0.0,0.0,0.0,0.0,0.0
4003.0,0.0,0.0,0.0,0.0,0.0,0.0
4004.0,1.1914513464716947e-07,0.0,0.0,0.0,0.0,9.928761220597456e-06
4005.0,0.00021134594862814993,0.0,0.0,0.0,0.005208333333333333,0.034722222222222224
4006.0,0.00010634530190145597,0.0,0.0,0.0,0.0,0.008862108491787998
4007.0,0.00012515315029304475,0.0,0.0,0.0,0.0,0.010429429191087062
4008.0,0.0,0.0,0.0,0.0,0.0,0.0
4009.0,0.0,0.0,0.0,0.0,0.0,0.0
4010.0,8.718000026419759e-05,0.0,0.0,0.0,0.0,0.007265000022016466
4011.0,0.0,0.0,0.0,0.0,0.0,0.0
4012.0,5.940222763456404e-06,0.0,0.0,0.0,0.0,0.000495018563621367
4013.0,5.787039185634058e-07,0.0,0.0,0.0,0.0,4.822532654695048e-05
4014.0,0.0,0.0,0.0,0.0,0.0,0.0
4015.0,0.0,0.0,0.0,0.0,0.0,0.0
4016.0,0.0005318796611391008,0.0,0.0,0.0,0.005208333333333333,0.04432330509492507
4017.0,0.0,0.0,0.0,0.0,0.0,0.0
4018.0,0.0,0.0,0.0,0.0,0.0,0.0
4019.0,0.0,0.0,0.0,0.0,0.0,0.0
4020.0,0.0,0.0,0.0,0.0,0.0,0.0
4021.0,0.0,0.0,0.0,0.0,0.0,0.0
4022.0,0.0,0.0,0.0,0.0,0.0,0.0
4023.0,0.0,0.0,0.0,0.0,0.0,0.0
4024.0,0.0,0.0,0.0,0.0,0.0,0.0
4025.0,0.0,0.0,0.0,0.0,0.0,0.0
4026.0,0.0,0.0,0.0,0.0,0.0,0.0
4027.0,0.0,0.0,0.0,0.0,0.0,0.0
4028.0,0.0,0.0,0.0,0.0,0.0,0.0
4029.0,3.404165127562919e-08,0.0,0.0,0.0,0.0,2.8368042729690992e-06
4030.0,3.404165127562919e-08,0.0,0.0,0.0,0.0,2.8368042729690992e-06
4031.0,0.0,0.0,0.0,0.0,0.0,0.0
4032.0,0.0,0.0,0.0,0.0,0.0,0.0
4033.0,0.0,0.0,0.0,0.0,0.0,0.0
4034.0,0.0,0.0,0.0,0.0,0.0,0.0
4035.0,0.0,0.0,0.0,0.0,0.0,0.0
4036.0,0.0,0.0,0.0,0.0,0.0,0.0
4037.0,5.787039185634058e-07,0.0,0.0,0.0,0.0,4.822532654695048e-05
4038.0,5.787039185634058e-07,0.0,0.0,0.0,0.0,4.822532654695048e-05
4039.0,0.0,0.0,0.0,0.0,0.0,0.0
4040.0,0.0,0.0,0.0,0.0,0.0,0.0
4041.0,0.0,0.0,0.0,0.0,0.0,0.0
4042.0,0.0,0.0,0.0,0.0,0.0,0.0
4043.0,0.0,0.0,0.0,0.0,0.0,0.0
4044.0,0.0,0.0,0.0,0.0,0.0,0.0
4045.0,0.0,0.0,0.0,0.0,0.0,0.0
4046.0,0.0,0.0,0.0,0.0,0.0,0.0
4047.0,0.0,0.0,0.0,0.0,0.0,0.0
4048.0,0.0,0.0,0.0,0.0,0.0,0.0
4049.0,0.0,0.0,0.0,0.0,0.0,0.0
4050.0,0.0,0.0,0.0,0.0,0.0,0.0
4051.0,0.05011557415127754,0.025872010737657547,0.39138263463974,0.003578676376491785,0.4288194444444444,4.1762978459397955
4052.0,0.0,0.0,0.0,0.0,0.0,0.0
4053.0,0.0,0.0,0.0,0.0,0.0,0.0
4054.0,0.0,0.0,0.0,0.0,0.0,0.0
4055.0,0.0,0.0,0.0,0.0,0.0,0.0
4056.0,0.0,0.0,0.0,0.0,0.0,0.0
4057.0,0.0,0.0,0.0,0.0,0.0,0.0
4058.0,0.0,0.0,0.0,0.0,0.0,0.0
4059.0,0.0,0.0,0.0,0.0,0.0,0.0
4060.0,0.0,0.0,0.0,0.0,0.0,0.0
4061.0,0.0,0.0,0.0,0.0,0.0,0.0
4062.0,0.0,0.0,0.0,0.0,0.0,0.0
4063.0,0.0,0.0,0.0,0.0,0.0,0.0
4064.0,0.0,0.0,0.0,0.0,0.0,0.0
4065.0,0.0,0.0,0.0,0.0,0.0,0.0
4066.0,0.0,0.0,0.0,0.0,0.0,0.0
4067.0,0.0,0.0,0.0,0.0,0.0,0.0
4068.0,0.0,0.0,0.0,0.0,0.0,0.0
4069.0,0.0,0.0,0.0,0.0,0.0,0.0
4070.0,0.0,0.0,0.0,0.0,0.0,0.0
4071.0,0.0,0.0,0.0,0.0,0.0,0.0
4072.0,0.0,0.0,0.0,0.0,0.0,0.0
4073.0,0.0,0.0,0.0,0.0,0.0,0.0
4074.0,0.0,0.0,0.0,0.0,0.0,0.0
4075.0,0.0,0.0,0.0,0.0,0.0,0.0
4076.0,0.0,0.0,0.0,0.0,0.0,0.0
4077.0,0.0,0.0,0.0,0.0,0.0,0.0
4078.0,0.0,0.0,0.0,0.0,0.0,0.0
4079.0,0.0,0.0,0.0,0.0,0.0,0.0
4080.0,0.0,0.0,0.0,0.0,0.0,0.0
4081.0,0.0,0.0,0.0,0.0,0.0,0.0
4082.0,0.0001102770766010508,0.0007130623562261462,0.00012351646728347987,0.0,0.005208333333333333,0.034722222222222224
4083.0,0.00016787511412985623,0.0010854968568310142,0.00030701750074513257,0.0,0.003472222222222222,0.027137421420775354
4084.0,0.00029110495233908296,0.0018823130521923304,0.0,0.0,0.008680555555555556,0.05787037037037038
4085.0,0.0,0.0,0.0,0.0,0.0,0.0
4086.0,0.0,0.0,0.0,0.0,0.0,0.0
4087.0,6.144481176306726e-06,3.9730817661620677e-05,3.869998181471601e-06,0.0,0.0,0.000993270441540517
4088.0,0.0,0.0,0.0,0.0,0.0,0.0
4089.0,0.0,0.0,0.0,0.0,0.0,0.0
4090.0,3.434775862842798e-05,0.0,0.0,0.0,0.001736111111111111,0.011574074074074073
4091.0,1.0433685019961558e-05,0.0,0.0,0.0,0.0,0.0008694737516634632
4092.0,0.0,0.0,0.0,0.0,0.0,0.0
4093.0,2.0339728507678956e-05,0.0,0.0,0.0,0.0,0.001694977375639913
4094.0,0.00013408903032541275,0.0,0.0,0.0,0.003472222222222222,0.023148148148148147
4095.0,0.0,0.0,0.0,0.0,0.0,0.0
4096.0,1.7871768704935675e-06,0.0,0.0,0.0,0.0,0.00014893140587446396
4097.0,9.32734037633054e-05,0.0,0.0,0.0,0.0,0.007772783646942116
4098.0,8.578429697081447e-05,0.0,0.0,0.0,0.001736111111111111,0.011574074074074073
4099.0,4.810048994841054e-05,0.0,0.0,0.0,0.0,0.004008374162367545
4100.0,0.00027966700145043433,0.0,0.0,0.0,0.008680555555555556,0.05787037037037038
4101.0,1.6918567780521698e-05,0.0,0.0,0.0,0.0,0.0014098806483768083
4102.0,2.2637523215962574e-05,0.0,0.0,0.0,0.0,0.0018864602679968812
4103.0,0.00017442805983591825,0.00026611893554218113,0.0,0.0,0.003472222222222222,0.023148148148148147
4104.0,6.825306627433747e-06,2.201147253799718e-06,0.0,0.0,0.0,0.0005687755522861456
4105.0,0.00010159653174923733,0.0,0.0,0.0,0.001736111111111111,0.011574074074074073
4106.0,7.497614569729194e-05,0.0003882827586494386,0.0,0.0,0.001736111111111111,0.011574074074074073
4107.0,0.00010860905604204163,0.0007019465556368232,0.0,0.0,0.0,0.01754866389092058
4108.0,7.352940883720294e-06,0.0,0.0,0.0,0.0,0.0006127450736433578
4109.0,0.00024135342391673476,0.0,0.0,0.0,0.005208333333333333,0.034722222222222224
4110.0,3.404139192753064e-08,0.0,0.0,0.0,0.0,2.8367826606275535e-06
4111.0,0.00021413735521491617,0.0010207830928266048,0.0,0.0,0.001736111111111111,0.02551957732066512
4112.0,0.00012607227836269885,0.0007826186483725905,0.0,0.0,0.005208333333333333,0.034722222222222224
4113.0,6.878062413306907e-05,0.0004447422397788614,0.0,0.0,0.0,0.011118555994471535
4114.0,8.183549653040245e-05,0.0005291563575156033,0.0,0.0,0.0,0.013228908937890083
4115.0,5.831289672642015e-05,0.0003769468457903713,0.0,0.0,0.0,0.009423671144759282
4116.0,0.00016801127640064806,0.0,0.0,0.0,0.001736111111111111,0.014000939700054005
4117.0,0.00011053238267777488,8.122240978991613e-05,0.0,0.0,0.003472222222222222,0.023148148148148147
4118.0,7.221881242003292e-05,0.00036440027179196477,0.0,0.0,0.001736111111111111,0.011574074074074073
4119.0,8.432051981799304e-05,0.0005195814301259816,0.0,0.0,0.0,0.01298953575314954
4120.0,6.239787035156041e-05,0.0,0.0,0.0,0.001736111111111111,0.011574074074074073
4121.0,9.747750300448388e-05,2.454281820973847e-05,0.0,0.0,0.0,0.008123125250373656
4122.0,0.0,0.0,0.0,0.0,0.0,0.0
4123.0,0.0,0.0,0.0,0.0,0.0,0.0
4124.0,0.0,0.0,0.0,0.0,0.0,0.0
4125.0,5.855119525222108e-06,3.785977605730295e-05,0.0,0.0,0.0,0.0009464944014325738
4126.0,0.00014314403233584017,0.0009245928376913071,0.0,0.0,0.001736111111111111,0.023114820942282677
4127.0,0.00013310182839632034,0.0008606494520790875,0.0,0.0,0.001736111111111111,0.021516236301977187
4128.0,0.00015332239854615182,0.0009912876412272453,0.0,0.0,0.001736111111111111,0.024782191030681133
4129.0,0.00013327204214874655,0.0001194123542518355,0.0,0.0,0.003472222222222222,0.023148148148148147
4130.0,3.564133294275962e-05,0.0,0.0,0.0,0.0,0.0029701110785633014
4131.0,0.0,0.0,0.0,0.0,0.0,0.0
4132.0,0.0,0.0,0.0,0.0,0.0,0.0
4133.0,0.0,0.0,0.0,0.0,0.0,0.0
4134.0,0.0,0.0,0.0,0.0,0.0,0.0
4135.0,0.0,0.0,0.0,0.0,0.0,0.0
4136.0,0.0,0.0,0.0,0.0,0.0,0.0
4137.0,1.7190890275742277e-06,0.0,0.0,0.0,0.0,0.00014325741896451896
4138.0,0.0,0.0,0.0,0.0,0.0,0.0
4139.0,0.0,0.0,0.0,0.0,0.0,0.0
4140.0,0.0,0.0,0.0,0.0,0.0,0.0
4141.0,0.0,0.0,0.0,0.0,0.0,0.0
4142.0,0.0003887356724590063,0.0,0.0,0.0,0.010416666666666666,0.06944444444444445
4143.0,0.0002652164548635483,0.0,0.0,0.0,0.003472222222222222,0.023148148148148147
4144.0,0.00010547724377829581,0.0,0.0,0.0,0.005208333333333333,0.034722222222222224
4145.0,0.00013965480320621282,0.0,0.0,0.0,0.001736111111111111,0.011637900267184401
4146.0,0.00026982909184880555,0.0,0.0,0.0,0.003472222222222222,0.023148148148148147
4147.0,0.0,0.0,0.0,0.0,0.0,0.0
4148.0,0.0,0.0,0.0,0.0,0.0,0.0
4149.0,0.0,0.0,0.0,0.0,0.0,0.0
4150.0,0.00024225552624557167,0.0,0.0,0.0,0.003472222222222222,0.023148148148148147
4151.0,0.00019413804693613201,0.0,0.0,0.0,0.005208333333333333,0.034722222222222224
4152.0,0.0,0.0,0.0,0.0,0.0,0.0
4153.0,0.0,0.0,0.0,0.0,0.0,0.0
4154.0,6.093405772844562e-06,0.0,0.0,0.0,0.0,0.0005077838144037136
4155.0,2.0782270439667627e-05,0.0,0.0,0.0,0.0,0.0017318558699723023
4156.0,9.662647789809853e-05,0.0,0.0,0.0,0.0,0.00805220649150821
4157.0,0.0,0.0,0.0,0.0,0.0,0.0
4158.0,0.00012145966320531443,0.0,0.0,0.0,0.003472222222222222,0.023148148148148147
4159.0,0.00017032607865985483,0.0,0.0,0.0,0.001736111111111111,0.014193839888321236
4160.0,0.0,0.0,0.0,0.0,0.0,0.0
4161.0,0.0001088643548428081,0.0,0.0,0.0,0.006944444444444444,0.046296296296296294
4162.0,0.00013029341062065214,0.0,0.0,0.0,0.003472222222222222,0.023148148148148147
4163.0,2.651824070198927e-05,0.0,0.0,0.0,0.001736111111111111,0.011574074074074073
4164.0,0.00028941986965946853,0.0,0.0,0.0,0.005208333333333333,0.034722222222222224
4165.0,0.0,0.0,0.0,0.0,0.0,0.0
4166.0,0.0,0.0,0.0,0.0,0.0,0.0
4167.0,0.00022811134112998843,0.0,0.0,0.0,0.003472222222222222,0.023148148148148147
4168.0,0.0,0.0,0.0,0.0,0.0,0.0
4169.0,0.0,0.0,0.0,0.0,0.0,0.0
4170.0,0.0,0.0,0.0,0.0,0.0,0.0
4171.0,6.110441518103471e-06,0.0,0.0,0.0,0.0,0.0005092034598419559
4172.0,0.0,0.0,0.0,0.0,0.0,0.0
4173.0,0.0,0.0,0.0,0.0,0.0,0.0
4174.0,0.0,0.0,0.0,0.0,0.0,0.0
4175.0,0.0,0.0,0.0,0.0,0.0,0.0
4176.0,0.0,0.0,0.0,0.0,0.0,0.0
4177.0,0.0,0.0,0.0,0.0,0.0,0.0
4178.0,0.00029551328043453395,0.0,0.0,0.0,0.005208333333333333,0.034722222222222224
4179.0,0.00022567737323697656,0.0,0.0,0.0,0.005208333333333333,0.034722222222222224
4180.0,0.00021389905305113643,0.0,0.0,0.0,0.001736111111111111,0.017824921087594703
4181.0,0.0001845553779276088,0.0,0.0,0.0,0.001736111111111111,0.015379614827300731
4182.0,0.0002279751788591966,0.0,0.0,0.0,0.005208333333333333,0.034722222222222224
4183.0,0.0002787648991215974,0.0,0.0,0.0,0.006944444444444444,0.046296296296296294
4184.0,0.0001608455495443195,0.0,0.0,0.0,0.005208333333333333,0.034722222222222224
4185.0,0.00013943351223133504,0.0,0.0,0.0,0.0,0.011619459352611253
4186.0,0.0,0.0,0.0,0.0,0.0,0.0
4187.0,1.2952757060702424e-05,0.0,0.0,0.0,0.0,0.0010793964217252021
4188.0,0.0,0.0,0.0,0.0,0.0,0.0
4189.0,0.0,0.0,0.0,0.0,0.0,0.0
4190.0,0.0,0.0,0.0,0.0,0.0,0.0
4191.0,0.0,0.0,0.0,0.0,0.0,0.0
4192.0,0.0,0.0,0.0,0.0,0.0,0.0
4193.0,0.0,0.0,0.0,0.0,0.0,0.0
4194.0,0.0,0.0,0.0,0.0,0.0,0.0
4195.0,0.0,0.0,0.0,0.0,0.0,0.0
4196.0,0.0,0.0,0.0,0.0,0.0,0.0
4197.0,0.0,0.0,0.0,0.0,0.0,0.0
4198.0,0.0003236144548282027,0.0020778849720954895,0.0005898476229049265,0.0,0.008680555555555556,0.05787037037037038
4199.0,0.0009281385573558509,3.631897925515659e-06,0.0,0.0,0.017361111111111112,0.11574074074074076
4200.0,0.0008475795038975775,0.0018989316886290908,0.00034539468470029533,0.0,0.017361111111111112,0.11574074074074076
4201.0,0.0007985939737409353,0.0005502873682416975,0.015130607411265373,0.0,0.010416666666666666,0.06944444444444445
4202.0,3.489242590148933e-05,0.00010213335190201178,0.0005643704207614064,0.0,0.0,0.0029077021584574445
4203.0,0.0,0.0,0.0,0.0,0.0,0.0
4204.0,2.367579327255953e-05,4.193193308310583e-05,0.00010771405504783615,0.0,0.0,0.0019729827727132943
4205.0,0.0,0.0,0.0,0.0,0.0,0.0
4206.0,0.0,0.0,0.0,0.0,0.0,0.0
4207.0,0.0,0.0,0.0,0.0,0.0,0.0
4208.0,0.0,0.0,0.0,0.0,0.0,0.0
4209.0,0.0,0.0,0.0,0.0,0.0,0.0
4210.0,0.0,0.0,0.0,0.0,0.0,0.0
4211.0,0.0,0.0,0.0,0.0,0.0,0.0
4212.0,0.0,0.0,0.0,0.0,0.0,0.0
4213.0,0.0,0.0,0.0,0.0,0.0,0.0
4214.0,0.0,0.0,0.0,0.0,0.0,0.0
4215.0,0.0,0.0,0.0,0.0,0.0,0.0
4216.0,0.0,0.0,0.0,0.0,0.0,0.0
4217.0,0.0,0.0,0.0,0.0,0.0,0.0
4218.0,0.0,0.0,0.0,0.0,0.0,0.0
4219.0,0.0,0.0,0.0,0.0,0.0,0.0
4220.0,0.0,0.0,0.0,0.0,0.0,0.0
4221.0,0.0,0.0,0.0,0.0,0.0,0.0
4222.0,0.0,0.0,0.0,0.0,0.0,0.0
4223.0,0.0,0.0,0.0,0.0,0.0,0.0
4224.0,0.0,0.0,0.0,0.0,0.0,0.0
4225.0,0.0,0.0,0.0,0.0,0.0,0.0
4226.0,0.0,0.0,0.0,0.0,0.0,0.0
4227.0,0.0,0.0,0.0,0.0,0.0,0.0
4228.0,0.0,0.0,0.0,0.0,0.0,0.0
4229.0,0.0,0.0,0.0,0.0,0.0,0.0
4230.0,0.0,0.0,0.0,0.0,0.0,0.0
4231.0,0.0,0.0,0.0,0.0,0.0,0.0
4232.0,0.0,0.0,0.0,0.0,0.0,0.0
4233.0,0.0,0.0,0.0,0.0,0.0,0.0
4234.0,0.0,0.0,0.0,0.0,0.0,0.0
4235.0,0.0,0.0,0.0,0.0,0.0,0.0
4236.0,0.0,0.0,0.0,0.0,0.0,0.0
4237.0,0.0,0.0,0.0,0.0,0.0,0.0
4238.0,0.0,0.0,0.0,0.0,0.0,0.0
4239.0,0.0,0.0,0.0,0.0,0.0,0.0
4240.0,0.0,0.0,0.0,0.0,0.0,0.0
4241.0,0.0,0.0,0.0,0.0,0.0,0.0
4242.0,0.011181216686964035,0.016658740118145943,0.017038824036717415,0.0,0.21354166666666666,1.4236111111111112
4243.0,0.0,0.0,0.0,0.0,0.0,0.0
4244.0,0.0,0.0,0.0,0.0,0.0,0.0
4245.0,0.0,0.0,0.0,0.0,0.0,0.0
4246.0,0.00014115260273683816,0.0,0.0,0.0,0.005208333333333333,0.034722222222222224
4247.0,0.00015456492837984115,0.0,0.0,0.0,0.001736111111111111,0.012880410698320096
4248.0,0.0002624931512400508,0.0,0.0,0.0,0.006944444444444444,0.046296296296296294
4249.0,0.0002744076191447675,0.0,0.0,0.0,0.003472222222222222,0.023148148148148147
4250.0,0.0001237234246218577,0.0,0.0,0.0,0.0,0.010310285385154808
4251.0,0.0,0.0,0.0,0.0,0.0,0.0
4252.0,0.0,0.0,0.0,0.0,0.0,0.0
4253.0,0.0,0.0,0.0,0.0,0.0,0.0
4254.0,8.30610042612534e-06,0.0,0.0,0.0,0.0,0.000692175035510445
4255.0,0.00012171498383395374,0.0,0.0,0.0,0.003472222222222222,0.023148148148148147
4256.0,0.0001389058743370697,0.0,0.0,0.0,0.003472222222222222,0.023148148148148147
4257.0,0.0003205167013220489,0.0,0.0,0.0,0.003472222222222222,0.02670972511017074
4258.0,0.0,0.0,0.0,0.0,0.0,0.0
4259.0,0.0,0.0,0.0,0.0,0.0,0.0
4260.0,0.0,0.0,0.0,0.0,0.0,0.0
4261.0,0.0,0.0,0.0,0.0,0.0,0.0
4262.0,4.970047939423239e-06,0.0,0.0,0.0,0.0,0.0004141706616186032
4263.0,1.727600465528667e-05,0.0,0.0,0.0,0.006944444444444444,0.046296296296296294
4264.0,9.242236956197303e-06,0.0,0.0,0.0,0.0,0.0007701864130164419
4265.0,0.0,0.0,0.0,0.0,0.0,0.0
4266.0,0.00016333058010786772,0.0,0.0,0.0,0.001736111111111111,0.013610881675655643
4267.0,0.00015950093802530318,0.0,0.0,0.0,0.003472222222222222,0.023148148148148147
4268.0,0.0,0.0,0.0,0.0,0.0,0.0
4269.0,0.0,0.0,0.0,0.0,0.0,0.0
4270.0,5.88405346206855e-05,0.0,0.0,0.0,0.001736111111111111,0.011574074074074073
4271.0,0.00013928033877164125,0.0,0.0,0.0,0.0,0.011606694897636771
4272.0,0.0,0.0,0.0,0.0,0.0,0.0
4273.0,3.1454244890483096e-05,0.0,0.0,0.0,0.001736111111111111,0.011574074074074073
4274.0,0.00011179192370036617,0.0002814169565681368,0.0,0.0,0.001736111111111111,0.011574074074074073
4275.0,0.00017044524429365993,0.0,0.0,0.0,0.001736111111111111,0.014203770357804993
4276.0,0.0,0.0,0.0,0.0,0.0,0.0
4277.0,0.00011124725278932601,0.0004227307508699596,0.0,0.0,0.001736111111111111,0.011574074074074073
4278.0,0.0,0.0,0.0,0.0,0.0,0.0
4279.0,5.480670552060474e-06,5.502880412677769e-06,0.0,0.0,0.0,0.0004567225460050395
4280.0,0.00017366211977787316,0.00028020632453262806,0.0,0.0,0.0,0.014471843314822763
4281.0,0.000440529576735571,0.0004217402311041951,0.0,0.0,0.008680555555555556,0.05787037037037038
4282.0,0.0003594260197132826,0.0,0.0,0.0,0.012152777777777778,0.08101851851851852
4283.0,0.0,0.0,0.0,0.0,0.0,0.0
4284.0,0.0,0.0,0.0,0.0,0.0,0.0
4285.0,1.1897464901267085e-05,0.0,0.0,0.0,0.001736111111111111,0.011574074074074073
4286.0,5.611723099718802e-05,0.0,0.0,0.0,0.0,0.004676435916432335
4287.0,0.00030649162363260984,0.0,0.0,0.0,0.006944444444444444,0.046296296296296294
4288.0,0.00031348710763268173,0.0,0.0,0.0,0.006944444444444444,0.046296296296296294
4289.0,0.00017311748524662107,0.0,0.0,0.0,0.006944444444444444,0.046296296296296294
4290.0,0.00011825977708213031,0.0,0.0,0.0,0.001736111111111111,0.011574074074074073
4291.0,0.0002736076421570033,0.0005346591933630407,0.0,0.0,0.012152777777777778,0.08101851851851852
4292.0,0.00017514295177534223,3.543850107234903e-05,0.0,0.0,0.0,0.014595245981278518
4293.0,3.404165127562919e-08,0.0,0.0,0.0,0.0,2.8368042729690992e-06
4294.0,0.00014855661720503122,0.0003411781508475542,0.0,0.0,0.001736111111111111,0.012379718100419268
4295.0,5.582788071478717e-05,0.00036032815114594996,0.0,0.0,0.0,0.009008203778648749
4296.0,2.0748231690959074e-05,5.767009133705869e-05,0.0,0.0,0.0,0.0017290193075799227
4297.0,0.00011136640387121588,0.0006777339149266481,0.0,0.0,0.0,0.016943347873166203
4298.0,0.0,0.0,0.0,0.0,0.0,0.0
4299.0,0.0,0.0,0.0,0.0,0.0,0.0
4300.0,0.0,0.0,0.0,0.0,0.0,0.0
4301.0,0.0,0.0,0.0,0.0,0.0,0.0
4302.0,0.0,0.0,0.0,0.0,0.0,0.0
4303.0,0.00018794248171616346,0.0012149245012551546,0.0,0.0,0.005208333333333333,0.034722222222222224
4304.0,0.00018047040794044733,0.001146358554251492,0.0,0.0,0.001736111111111111,0.0286589638562873
4305.0,0.0,0.0,0.0,0.0,0.0,0.0
4306.0,0.00022229025489650667,0.0012750158784911036,0.0,0.0,0.0,0.03187539696227759
4307.0,8.418434299528599e-05,0.00014494569040834904,0.0,0.0,0.001736111111111111,0.011574074074074073
4308.0,0.0,0.0,0.0,0.0,0.0,0.0
4309.0,0.0,0.0,0.0,0.0,0.0,0.0
4310.0,3.9147603274614085e-06,0.0,0.0,0.0,0.0,0.0003262300272884507
4311.0,0.0002959728299174458,0.0012865718454122543,0.0,0.0,0.003472222222222222,0.03216429613530636
4312.0,3.761568905247259e-06,1.5187920325843152e-05,0.0,0.0,0.0,0.0003796980081460788
4313.0,0.0002542721340432763,0.000978080672211945,0.0,0.0,0.005208333333333333,0.034722222222222224
4314.0,0.0001794151176000014,0.0003916944842785597,0.0,0.0,0.001736111111111111,0.014951259800000116
4315.0,0.00019781450100708753,1.4087353520153556e-05,0.0,0.0,0.003472222222222222,0.023148148148148147
4316.0,0.00012154478463344276,0.00041282561141997576,0.0,0.0,0.001736111111111111,0.011574074074074073
4317.0,0.0002485361765138805,0.0016045279335230589,0.0,0.0,0.006944444444444444,0.046296296296296294
4318.0,0.0002140352298738435,0.0013839728198945522,0.0,0.0,0.001736111111111111,0.034599320497363806
4319.0,0.00010062634100904688,0.000650659785605967,0.0,0.0,0.0,0.016266494640149176
4320.0,0.00023427282576449215,0.0015145009383559227,0.0,0.0,0.006944444444444444,0.046296296296296294
4321.0,0.0003972630074713379,0.0025340733118355274,0.0,0.0,0.005208333333333333,0.06335183279588819
4322.0,9.604777005733922e-05,0.0006210542633198202,0.0,0.0,0.0,0.015526356582995504
4323.0,3.404139192753064e-08,2.201149698066729e-07,0.0,0.0,0.0,5.502874245166822e-06
4324.0,0.00017459827358834445,0.001127868890762329,0.0,0.0,0.003472222222222222,0.028196722269058228
4325.0,0.0,0.0,0.0,0.0,0.0,0.0
4326.0,0.00023696210701018572,0.001532220165245235,0.0,0.0,0.003472222222222222,0.038305504131130874
4327.0,0.00013694849621970206,0.000884972105268389,0.00022736062237527221,0.0,0.003472222222222222,0.023148148148148147
4328.0,9.330744796898216e-05,0.0006033350946381688,0.0,0.0,0.001736111111111111,0.01508337736595422
4329.0,1.3378267794905696e-05,7.693019142607227e-05,9.674971579443081e-07,0.0,0.0,0.0019232547856518067
4330.0,0.000115400311187841,0.0007455292507074773,0.0,0.0,0.003472222222222222,0.023148148148148147
4331.0,0.00011223446927033365,0.0007247285102494061,0.0,0.0,0.001736111111111111,0.018118212756235152
4332.0,3.2339787026103295e-07,2.091122269121115e-06,0.0,0.0,0.0,5.227805672802788e-05
4333.0,0.00013175718777347356,0.000851954915560782,0.0,0.0,0.001736111111111111,0.02129887288901955
4334.0,0.00015876902034506202,0.0010260657873004675,0.0,0.0,0.0,0.025651644682511687
4335.0,0.00020315898291300982,0.0013136458583176136,0.0,0.0,0.001736111111111111,0.03284114645794034
4336.0,1.4876087334414478e-05,9.619024058338255e-05,0.0,0.0,0.0,0.0024047560145845637
4337.0,8.067823728197254e-06,4.996618736186065e-05,0.0,0.0,0.0,0.0012491546840465162
4338.0,0.0,0.0,0.0,0.0,0.0,0.0
4339.0,0.0,0.0,0.0,0.0,0.0,0.0
4340.0,0.0,0.0,0.0,0.0,0.0,0.0
4341.0,6.893380486872047e-06,0.0,0.0,0.0,0.001736111111111111,0.011574074074074073
4342.0,0.0006632623844780028,0.0,0.0,0.0,0.010416666666666666,0.06944444444444445
4343.0,6.226169352885336e-05,0.0,0.0,0.0,0.001736111111111111,0.011574074074074073
4344.0,0.0,0.0,0.0,0.0,0.0,0.0
4345.0,0.0,0.0,0.0,0.0,0.0,0.0
4346.0,6.961471626709681e-06,0.0,0.0,0.0,0.0,0.0005801226355591401
4347.0,0.0,0.0,0.0,0.0,0.0,0.0
4348.0,0.0,0.0,0.0,0.0,0.0,0.0
4349.0,0.0,0.0,0.0,0.0,0.0,0.0
4350.0,0.0,0.0,0.0,0.0,0.0,0.0
4351.0,0.0,0.0,0.0,0.0,0.0,0.0
4352.0,0.0,0.0,0.0,0.0,0.0,0.0
4353.0,0.0,0.0,0.0,0.0,0.0,0.0
4354.0,0.0,0.0,0.0,0.0,0.0,0.0
4355.0,0.0,0.0,0.0,0.0,0.0,0.0
4356.0,0.0,0.0,0.0,0.0,0.0,0.0
4357.0,0.0,0.0,0.0,0.0,0.0,0.0
4358.0,0.00023177076946012676,0.0014979923143982887,0.0,0.0,0.001736111111111111,0.03744980785995722
4359.0,0.00029338570311665535,0.0018960703164339066,0.0,0.0,0.008680555555555556,0.05787037037037038
4360.0,0.0001987336145248264,0.001285030972212553,0.0,0.0,0.001736111111111111,0.032125774305313826
4361.0,4.43218850705307e-05,0.00028658966766670346,0.0,0.0,0.0,0.0071647416916675866
4362.0,0.00023997476091608405,0.0015427855541929603,0.00022768312192056328,0.0,0.006944444444444444,0.046296296296296294
4363.0,0.0,0.0,0.0,0.0,0.0,0.0
4364.0,0.0,0.0,0.0,0.0,0.0,0.0
4365.0,0.0,0.0,0.0,0.0,0.0,0.0
4366.0,0.0,0.0,0.0,0.0,0.0,0.0
4367.0,0.0,0.0,0.0,0.0,0.0,0.0
4368.0,0.00018826588348019868,0.0012156947050243616,0.0,0.0,0.005208333333333333,0.034722222222222224
4369.0,6.978478950259159e-07,4.512352916208329e-06,0.0,0.0,0.0,0.00011280882290520822
4370.0,0.0,0.0,0.0,0.0,0.0,0.0
4371.0,2.1275843664625427e-06,1.2106309441151097e-05,0.0,0.0,0.0,0.00030265773602877744
4372.0,0.0,0.0,0.0,0.0,0.0,0.0
4373.0,0.0,0.0,0.0,0.0,0.0,0.0
4374.0,0.0,0.0,0.0,0.0,0.0,0.0
4375.0,0.00025180415832437575,0.0016275299713015556,0.0,0.0,0.005208333333333333,0.04068824928253889
4376.0,1.702071585896192e-07,1.1005761280102888e-06,0.0,0.0,0.0,2.751440320025722e-05
4377.0,0.0,0.0,0.0,0.0,0.0,0.0
4378.0,0.00025079993065446615,0.0,0.0,0.0,0.003472222222222222,0.023148148148148147
4379.0,0.00022448594972956926,1.8489681679056957e-05,0.0,0.0,0.003472222222222222,0.023148148148148147
4380.0,0.0,0.0,0.0,0.0,0.0,0.0
4381.0,0.0,0.0,0.0,0.0,0.0,0.0
4382.0,0.00014288871898315847,0.0009239324717782438,0.0,0.0,0.003472222222222222,0.023148148148148147
4383.0,0.00039445460424758494,0.0008542661089450121,0.0,0.0,0.008680555555555556,0.05787037037037038
4384.0,8.459285163553432e-05,0.0,0.0,0.0,0.0,0.007049404302961193
4385.0,0.0,0.0,0.0,0.0,0.0,0.0
4386.0,0.0,0.0,0.0,0.0,0.0,0.0
4387.0,0.0004309298819862306,0.0022843529004603624,0.0,0.0,0.003472222222222222,0.05710882251150906
4388.0,0.00035622611176222563,0.002303282730281353,0.0,0.0,0.001736111111111111,0.057582068257033825
4389.0,0.00021965205087326467,0.0014202917227521539,0.0,0.0,0.005208333333333333,0.03550729306880385
4390.0,5.770014013251057e-06,3.7309477193048224e-05,0.0,0.0,0.001736111111111111,0.011574074074074073
4391.0,0.0,0.0,0.0,0.0,0.0,0.0
4392.0,0.0,0.0,0.0,0.0,0.0,0.0
4393.0,0.0,0.0,0.0,0.0,0.0,0.0
4394.0,0.0002480085240676999,0.0,0.0,0.0,0.0,0.020667377005641658
4395.0,0.0,0.0,0.0,0.0,0.0,0.0
4396.0,4.987065949535463e-06,8.804598792266916e-07,0.0,0.0,0.0,0.00041558882912795525
4397.0,0.0,0.0,0.0,0.0,0.0,0.0
4398.0,0.0001420376793248579,0.0009178793989121914,0.0010368289658799767,0.0,0.005208333333333333,0.034722222222222224
4399.0,0.00024130236124619842,0.0014500070828944445,0.0011806627735495567,0.0,0.005208333333333333,0.03625017707236111
4400.0,1.4331425518321339e-05,9.233821765519679e-05,9.674872671894263e-07,0.0,0.0,0.0023084554413799196
4401.0,0.0,0.0,0.0,0.0,0.0,0.0
4402.0,0.0,0.0,0.0,0.0,0.0,0.0
4403.0,0.0,0.0,0.0,0.0,0.0,0.0
4404.0,4.544515832094476e-06,2.7294192477711476e-05,1.6124778994708322e-05,0.0,0.001736111111111111,0.011574074074074073
4405.0,0.0,0.0,0.0,0.0,0.0,0.0
4406.0,0.0,0.0,0.0,0.0,0.0,0.0
4407.0,0.0,0.0,0.0,0.0,0.0,0.0
4408.0,0.0,0.0,0.0,0.0,0.0,0.0
4409.0,0.0,0.0,0.0,0.0,0.0,0.0
4410.0,0.0,0.0,0.0,0.0,0.0,0.0
4411.0,0.0,0.0,0.0,0.0,0.0,0.0
4412.0,0.0,0.0,0.0,0.0,0.0,0.0
4413.0,0.0,0.0,0.0,0.0,0.0,0.0
4414.0,0.00017310044495388865,0.0,0.0,0.0,0.005208333333333333,0.034722222222222224
4415.0,0.00013070189743302763,0.0,0.0,0.0,0.005208333333333333,0.034722222222222224
4416.0,0.0,0.0,0.0,0.0,0.0,0.0
4417.0,0.00032865258981473744,0.0021250995341688395,0.0,0.0,0.001736111111111111,0.053127488354220986
4418.0,0.00039773958269506693,0.002571272663772106,0.0,0.0,0.005208333333333333,0.06428181659430265
4419.0,0.00023001767112873495,0.0014556200476363301,0.0,0.0,0.008680555555555556,0.05787037037037038
4420.0,8.629492185718846e-06,5.5799140682211146e-05,0.0,0.0,0.0,0.0013949785170552786
4421.0,2.8764964099536883e-06,1.2106306712666992e-06,0.0,0.0,0.0,0.00023970803416280734
4422.0,0.0,0.0,0.0,0.0,0.0,0.0
4423.0,0.0,0.0,0.0,0.0,0.0,0.0
4424.0,0.0002936410310212523,0.0,0.0,0.0,0.006944444444444444,0.046296296296296294
4425.0,0.00011347696272423491,0.0,0.0,0.0,0.001736111111111111,0.011574074074074073
4426.0,0.0,0.0,0.0,0.0,0.0,0.0
4427.0,0.00037949340185150504,0.002453841269016266,4.6439625293714926e-05,0.0,0.001736111111111111,0.06134603172540665
4428.0,7.579314842587337e-05,0.0003810189664363861,0.0011397055350244045,0.0,0.003472222222222222,0.023148148148148147
4429.0,5.497680831467733e-06,5.833042450831272e-06,0.0,0.0,0.0,0.0004581400692889777
4430.0,0.0,0.0,0.0,0.0,0.0,0.0
4431.0,0.00027011841302737594,0.0,0.0,0.0,0.005208333333333333,0.034722222222222224
4432.0,0.0,0.0,0.0,0.0,0.0,0.0
4433.0,0.0,0.0,0.0,0.0,0.0,0.0
4434.0,0.0,0.0,0.0,0.0,0.0,0.0
4435.0,0.0,0.0,0.0,0.0,0.0,0.0
4436.0,0.0,0.0,0.0,0.0,0.0,0.0
4437.0,2.3658783447899623e-06,0.0,0.0,0.0,0.0,0.00019715652873249687
4438.0,0.0,0.0,0.0,0.0,0.0,0.0
4439.0,0.00047370290849357843,0.0,0.0,0.0,0.008680555555555556,0.05787037037037038
4440.0,0.00017665780615061522,0.0,0.0,0.0,0.001736111111111111,0.0147214838458846
4441.0,0.000272024713922292,0.0,0.0,0.0,0.0,0.022668726160191
4442.0,0.00015482022718060762,0.0,0.0,0.0,0.003472222222222222,0.023148148148148147
4443.0,0.00024012793437577784,0.0,0.0,0.0,0.003472222222222222,0.023148148148148147
4444.0,0.00021633303549606353,0.0,0.0,0.0,0.001736111111111111,0.018027752958005294
4445.0,0.0,0.0,0.0,0.0,0.0,0.0
4446.0,1.5812245692359284e-05,0.0,0.0,0.0,0.0,0.0013176871410299402
4447.0,0.0,0.0,0.0,0.0,0.0,0.0
4448.0,0.0,0.0,0.0,0.0,0.0,0.0
4449.0,0.0,0.0,0.0,0.0,0.0,0.0
4450.0,0.0,0.0,0.0,0.0,0.0,0.0
4451.0,0.0,0.0,0.0,0.0,0.0,0.0
4452.0,0.0,0.0,0.0,0.0,0.0,0.0
4453.0,0.0,0.0,0.0,0.0,0.0,0.0
4454.0,0.0,0.0,0.0,0.0,0.0,0.0
4455.0,0.0,0.0,0.0,0.0,0.0,0.0
4456.0,0.0,0.0,0.0,0.0,0.0,0.0
4457.0,0.0,0.0,0.0,0.0,0.0,0.0
4458.0,0.0,0.0,0.0,0.0,0.0,0.0
4459.0,0.0,0.0,0.0,0.0,0.0,0.0
4460.0,0.0,0.0,0.0,0.0,0.0,0.0
4461.0,0.0,0.0,0.0,0.0,0.0,0.0
4462.0,0.0,0.0,0.0,0.0,0.0,0.0
4463.0,0.0,0.0,0.0,0.0,0.0,0.0
4464.0,0.0,0.0,0.0,0.0,0.0,0.0
4465.0,0.007792022544890642,0.005166207440197468,0.0010387639049440622,0.0,0.14756944444444445,0.9837962962962964
4466.0,0.05011611804366112,0.025872010737657547,0.39138263463974,0.003578676376491785,0.4288194444444444,4.176343170305093
4467.0,5.446625550575845e-07,0.0,0.0,0.0,0.0,4.538854625479871e-05
4468.0,0.0,0.0,0.0,0.0,0.0,0.0
4469.0,0.0,0.0,0.0,0.0,0.0,0.0
4470.0,0.0,0.0,0.0,0.0,0.0,0.0
4471.0,0.0,0.0,0.0,0.0,0.0,0.0
4472.0,0.0,0.0,0.0,0.0,0.0,0.0
4473.0,0.0,0.0,0.0,0.0,0.0,0.0
4474.0,6.467864750447916e-07,0.0,0.0,0.0,0.0,5.38988729203993e-05
4475.0,6.467864750447916e-07,0.0,0.0,0.0,0.0,5.38988729203993e-05
4476.0,0.0,0.0,0.0,0.0,0.0,0.0
4477.0,0.0,0.0,0.0,0.0,0.0,0.0
4478.0,0.0005316073657013476,0.0,0.0,0.0,0.012152777777777778,0.08101851851851852
4479.0,0.00014248023217078298,0.0,0.0,0.0,0.001736111111111111,0.011873352680898583
4480.0,0.0,0.0,0.0,0.0,0.0,0.0
4481.0,0.0,0.0,0.0,0.0,0.0,0.0
4482.0,0.0,0.0,0.0,0.0,0.0,0.0
4483.0,5.46364253750653e-06,0.0,0.0,0.0,0.0,0.0004553035447922108
4484.0,0.0,0.0,0.0,0.0,0.0,0.0
4485.0,0.0,0.0,0.0,0.0,0.0,0.0
4486.0,0.0,0.0,0.0,0.0,0.0,0.0
4487.0,0.0,0.0,0.0,0.0,0.0,0.0
4488.0,0.0,0.0,0.0,0.0,0.0,0.0
4489.0,0.0,0.0,0.0,0.0,0.0,0.0
4490.0,0.0,0.0,0.0,0.0,0.0,0.0
4491.0,5.446625550575845e-07,0.0,0.0,0.0,0.0,4.538854625479871e-05
4492.0,5.446625550575845e-07,0.0,0.0,0.0,0.0,4.538854625479871e-05
4493.0,0.0,0.0,0.0,0.0,0.0,0.0
4494.0,0.0,0.0,0.0,0.0,0.0,0.0
4495.0,0.0,0.0,0.0,0.0,0.0,0.0
4496.0,0.0,0.0,0.0,0.0,0.0,0.0
4497.0,0.0,0.0,0.0,0.0,0.0,0.0
4498.0,0.0,0.0,0.0,0.0,0.0,0.0
4499.0,6.467864750447916e-07,0.0,0.0,0.0,0.0,5.38988729203993e-05
4500.0,6.467864750447916e-07,0.0,0.0,0.0,0.0,5.38988729203993e-05
4501.0,0.0,0.0,0.0,0.0,0.0,0.0
4502.0,0.0,0.0,0.0,0.0,0.0,0.0
4503.0,0.0,0.0,0.0,0.0,0.0,0.0
4504.0,0.0,0.0,0.0,0.0,0.0,0.0
4505.0,0.0,0.0,0.0,0.0,0.0,0.0
4506.0,0.0,0.0,0.0,0.0,0.0,0.0
4507.0,0.0,0.0,0.0,0.0,0.0,0.0
4508.0,0.0,0.0,0.0,0.0,0.0,0.0
4509.0,0.0,0.0,0.0,0.0,0.0,0.0
4510.0,0.0,0.0,0.0,0.0,0.0,0.0
4511.0,0.0,0.0,0.0,0.0,0.0,0.0
4512.0,0.0,0.0,0.0,0.0,0.0,0.0
4513.0,0.0,0.0,0.0,0.0,0.0,0.0
4514.0,0.0,0.0,0.0,0.0,0.0,0.0
4515.0,0.0,0.0,0.0,0.0,0.0,0.0
4516.0,5.446625550575845e-07,0.0,0.0,0.0,0.0,4.538854625479871e-05
4517.0,5.446625550575845e-07,0.0,0.0,0.0,0.0,4.538854625479871e-05
4518.0,0.0,0.0,0.0,0.0,0.0,0.0
4519.0,0.0,0.0,0.0,0.0,0.0,0.0
4520.0,0.0,0.0,0.0,0.0,0.0,0.0
4521.0,0.0,0.0,0.0,0.0,0.0,0.0
4522.0,0.0,0.0,0.0,0.0,0.0,0.0
4523.0,0.0,0.0,0.0,0.0,0.0,0.0
4524.0,6.467864750447916e-07,0.0,0.0,0.0,0.0,5.38988729203993e-05
4525.0,6.467864750447916e-07,0.0,0.0,0.0,0.0,5.38988729203993e-05
4526.0,0.0,0.0,0.0,0.0,0.0,0.0
4527.0,0.0,0.0,0.0,0.0,0.0,0.0
4528.0,0.0,0.0,0.0,0.0,0.0,0.0
4529.0,0.0,0.0,0.0,0.0,0.0,0.0
4530.0,0.0,0.0,0.0,0.0,0.0,0.0
4531.0,0.0,0.0,0.0,0.0,0.0,0.0
4532.0,0.0,0.0,0.0,0.0,0.0,0.0
4533.0,0.0,0.0,0.0,0.0,0.0,0.0
4534.0,0.0,0.0,0.0,0.0,0.0,0.0
4535.0,0.0,0.0,0.0,0.0,0.0,0.0
4536.0,0.0,0.0,0.0,0.0,0.0,0.0
4537.0,0.0,0.0,0.0,0.0,0.0,0.0
4538.0,0.0,0.0,0.0,0.0,0.0,0.0
4539.0,0.0,0.0,0.0,0.0,0.0,0.0
4540.0,0.0,0.0,0.0,0.0,0.0,0.0
4541.0,5.446625550575845e-07,0.0,0.0,0.0,0.0,4.538854625479871e-05
4542.0,5.446625550575845e-07,0.0,0.0,0.0,0.0,4.538854625479871e-05
4543.0,0.0,0.0,0.0,0.0,0.0,0.0
4544.0,0.0,0.0,0.0,0.0,0.0,0.0
4545.0,0.0,0.0,0.0,0.0,0.0,0.0
4546.0,0.0,0.0,0.0,0.0,0.0,0.0
4547.0,0.0,0.0,0.0,0.0,0.0,0.0
4548.0,8.186953891708981e-06,0.0,0.0,0.0,0.0,0.0006822461576424151
4549.0,0.0002532679063733667,0.0,0.0,0.0,0.005208333333333333,0.034722222222222224
4550.0,6.467864750447916e-07,0.0,0.0,0.0,0.0,5.38988729203993e-05
4551.0,0.0,0.0,0.0,0.0,0.0,0.0
4552.0,0.0,0.0,0.0,0.0,0.0,0.0
4553.0,0.0,0.0,0.0,0.0,0.0,0.0
4554.0,0.0,0.0,0.0,0.0,0.0,0.0
4555.0,0.0,0.0,0.0,0.0,0.0,0.0
4556.0,0.0,0.0,0.0,0.0,0.0,0.0
4557.0,0.0,0.0,0.0,0.0,0.0,0.0
4558.0,1.3616531191473769e-07,0.0,0.0,0.0,0.0,1.1347109326228141e-05
4559.0,0.0,0.0,0.0,0.0,0.0,0.0
4560.0,0.0,0.0,0.0,0.0,0.0,0.0
4561.0,0.0,0.0,0.0,0.0,0.0,0.0
4562.0,0.0,0.0,0.0,0.0,0.0,0.0
4563.0,0.0,0.0,0.0,0.0,0.0,0.0
4564.0,0.0,0.0,0.0,0.0,0.0,0.0
4565.0,0.0,0.0,0.0,0.0,0.0,0.0
4566.0,5.446625550575845e-07,0.0,0.0,0.0,0.0,4.538854625479871e-05
4567.0,5.446625550575845e-07,0.0,0.0,0.0,0.0,4.538854625479871e-05
4568.0,0.0,0.0,0.0,0.0,0.0,0.0
4569.0,0.0,0.0,0.0,0.0,0.0,0.0
4570.0,0.0,0.0,0.0,0.0,0.0,0.0
4571.0,0.0,0.0,0.0,0.0,0.0,0.0
4572.0,0.0,0.0,0.0,0.0,0.0,0.0
4573.0,0.0,0.0,0.0,0.0,0.0,0.0
4574.0,6.467864750447916e-07,0.0,0.0,0.0,0.0,5.38988729203993e-05
4575.0,6.467864750447916e-07,0.0,0.0,0.0,0.0,5.38988729203993e-05
4576.0,0.0,0.0,0.0,0.0,0.0,0.0
4577.0,0.0,0.0,0.0,0.0,0.0,0.0
4578.0,0.0,0.0,0.0,0.0,0.0,0.0
4579.0,0.0,0.0,0.0,0.0,0.0,0.0
4580.0,0.0,0.0,0.0,0.0,0.0,0.0
4581.0,0.0,0.0,0.0,0.0,0.0,0.0
4582.0,0.0,0.0,0.0,0.0,0.0,0.0
4583.0,0.0,0.0,0.0,0.0,0.0,0.0
4584.0,0.04269765317440033,0.004321158863604069,0.0,0.0003658590139821172,0.1857638888888889,3.5581377645333605
4585.0,2.2171865566633642e-05,2.0756908725161338e-07,0.0,0.0,0.0,0.0018476554638861367
4586.0,0.0,0.0,0.0,0.0,0.0,0.0
4587.0,0.0,0.0,0.0,0.0,0.0,0.0
4588.0,0.0,0.0,0.0,0.0,0.0,0.0
4589.0,0.0,0.0,0.0,0.0,0.0,0.0
4590.0,0.0,0.0,0.0,0.0,0.0,0.0
4591.0,0.00013579467486124486,1.4478421690000687e-05,0.0,5.947806857875548e-05,0.0,0.011316222905103738
4592.0,0.0,0.0,0.0,0.0,0.0,0.0
4593.0,0.0,0.0,0.0,0.0,0.0,0.0
4594.0,0.0,0.0,0.0,0.0,0.0,0.0
4595.0,0.0,0.0,0.0,0.0,0.0,0.0
4596.0,0.0,0.0,0.0,0.0,0.0,0.0
4597.0,0.0,0.0,0.0,0.0,0.0,0.0
4598.0,0.0,0.0,0.0,0.0,0.0,0.0
4599.0,7.718884444329888e-05,0.0,0.0,0.0,0.001736111111111111,0.011574074074074073
4600.0,0.00015866693865973502,0.0,0.0,0.0,0.001736111111111111,0.013222244888311252
4601.0,0.0,0.0,0.0,0.0,0.0,0.0
4602.0,0.00023384731321129948,0.0,0.0,0.0,0.003472222222222222,0.023148148148148147
4603.0,0.0,0.0,0.0,0.0,0.0,0.0
4604.0,0.0,0.0,0.0,0.0,0.0,0.0
4605.0,0.0,0.0,0.0,0.0,0.0,0.0
4606.0,0.0,0.0,0.0,0.0,0.0,0.0
4607.0,0.0,0.0,0.0,0.0,0.0,0.0
4608.0,1.429739199920732e-06,0.0,0.0,0.0,0.0,0.00011914493332672767
4609.0,0.0,0.0,0.0,0.0,0.0,0.0
4610.0,0.0,0.0,0.0,0.0,0.0,0.0
4611.0,0.0,0.0,0.0,0.0,0.0,0.0
4612.0,0.0,0.0,0.0,0.0,0.0,0.0
4613.0,0.0,0.0,0.0,0.0,0.0,0.0
4614.0,0.0,0.0,0.0,0.0,0.0,0.0
4615.0,0.0,0.0,0.0,0.0,0.0,0.0
4616.0,1.0501767064852174e-05,0.0,0.0,0.0,0.0,0.0008751472554043478
4617.0,3.6254082260711584e-06,0.0,0.0,0.0,0.0,0.00030211735217259655
4618.0,0.0003446349874138832,0.0,0.0,0.0,0.006944444444444444,0.046296296296296294
4619.0,0.0004116965283174068,0.0,0.0,0.0,0.003472222222222222,0.03430804402645057
4620.0,0.00011584284220589325,0.0,0.0,0.0,0.0,0.009653570183824437
4621.0,0.0008853314211592078,0.0,0.0,0.0,0.010416666666666666,0.07377761842993398
4622.0,0.0,0.0,0.0,0.0,0.0,0.0
4623.0,0.0,0.0,0.0,0.0,0.0,0.0
4624.0,0.0002834116166923195,0.0,0.0,0.0,0.003472222222222222,0.02361763472435996
4625.0,0.00016830061213113368,0.0,0.0,0.0,0.003472222222222222,0.023148148148148147
4626.0,0.0,0.0,0.0,0.0,0.0,0.0
4627.0,0.0,0.0,0.0,0.0,0.0,0.0
4628.0,0.0,0.0,0.0,0.0,0.0,0.0
4629.0,0.0,0.0,0.0,0.0,0.0,0.0
4630.0,0.0,0.0,0.0,0.0,0.0,0.0
4631.0,0.0,0.0,0.0,0.0,0.0,0.0
4632.0,0.0,0.0,0.0,0.0,0.0,0.0
4633.0,2.2637509573542047e-06,0.0,0.0,0.0,0.0,0.0001886459131128504
4634.0,0.0,0.0,0.0,0.0,0.0,0.0
4635.0,0.0,0.0,0.0,0.0,0.0,0.0
4636.0,0.0004471506690606475,0.0,0.0,0.0,0.006944444444444444,0.046296296296296294
4637.0,0.0,0.0,0.0,0.0,0.0,0.0
4638.0,0.0,0.0,0.0,0.0,0.0,0.0
4639.0,0.0,0.0,0.0,0.0,0.0,0.0
4640.0,0.0,0.0,0.0,0.0,0.0,0.0
4641.0,2.4850403406162513e-06,0.0,0.0,0.0,0.0,0.00020708669505135427
4642.0,0.0,0.0,0.0,0.0,0.0,0.0
4643.0,0.0,0.0,0.0,0.0,0.0,0.0
4644.0,0.0,0.0,0.0,0.0,0.0,0.0
4645.0,0.0,0.0,0.0,0.0,0.0,0.0
4646.0,0.0,0.0,0.0,0.0,0.0,0.0
4647.0,6.301060784608126e-05,0.0,0.0,0.0,0.0,0.005250883987173438
4648.0,0.0,0.0,0.0,0.0,0.0,0.0
4649.0,1.8041940847979276e-06,0.0,0.0,0.0,0.0,0.00015034950706649397
4650.0,2.2126975807168492e-07,0.0,0.0,0.0,0.0,1.8439146505973742e-05
4651.0,0.0,0.0,0.0,0.0,0.0,0.0
4652.0,0.0,0.0,0.0,0.0,0.0,0.0
4653.0,6.31467773928307e-05,0.0,0.0,0.0,0.0,0.005262231449402559
4654.0,0.0,0.0,0.0,0.0,0.0,0.0
4655.0,0.0,0.0,0.0,0.0,0.0,0.0
4656.0,0.0,0.0,0.0,0.0,0.0,0.0
4657.0,0.0,0.0,0.0,0.0,0.0,0.0
4658.0,1.1063434612879064e-06,0.0,0.0,0.0,0.0,9.219528844065887e-05
4659.0,0.0,0.0,0.0,0.0,0.0,0.0
4660.0,0.0,0.0,0.0,0.0,0.0,0.0
4661.0,0.0,0.0,0.0,0.0,0.0,0.0
4662.0,0.0,0.0,0.0,0.0,0.0,0.0
4663.0,0.0,0.0,0.0,0.0,0.0,0.0
4664.0,0.0,0.0,0.0,0.0,0.0,0.0
4665.0,0.0,0.0,0.0,0.0,0.0,0.0
4666.0,0.0,0.0,0.0,0.0,0.0,0.0
4667.0,0.0,0.0,0.0,0.0,0.0,0.0
4668.0,0.0,0.0,0.0,0.0,0.0,0.0
4669.0,0.0,0.0,0.0,0.0,0.0,0.0
4670.0,0.00038575701182708144,0.0,0.0,0.0,0.0,0.03214641765225679
4671.0,0.00016908357792999595,0.0,0.0,0.0,0.0,0.014090298160832996
4672.0,0.0,0.0,0.0,0.0,0.0,0.0
4673.0,0.0,0.0,0.0,0.0,0.0,0.0
4674.0,5.140261691849446e-06,0.0,0.0,0.0,0.0,0.0004283551409874538
4675.0,0.0005558618577197194,0.0,0.0,0.0,0.0,0.046321821476643286
4676.0,0.0,0.0,0.0,0.0,0.0,0.0
4677.0,0.0,0.0,0.0,0.0,0.0,0.0
4678.0,0.0,0.0,0.0,0.0,0.0,0.0
4679.0,0.0,0.0,0.0,0.0,0.0,0.0
4680.0,0.0,0.0,0.0,0.0,0.0,0.0
4681.0,0.0,0.0,0.0,0.0,0.0,0.0
4682.0,2.5667206500656903e-05,0.0,0.0,0.0,0.001736111111111111,0.011574074074074073
4683.0,6.9104021349630784e-06,0.0,0.0,0.0,0.001736111111111111,0.011574074074074073
4684.0,0.0,0.0,0.0,0.0,0.0,0.0
4685.0,0.0,0.0,0.0,0.0,0.0,0.0
4686.0,0.0,0.0,0.0,0.0,0.0,0.0
4687.0,6.263614068302559e-06,0.0,0.0,0.0,0.0,0.0005219678390252133
4688.0,0.00020583125296980143,0.0,0.0,0.0,0.0,0.01715260441415012
4689.0,9.361381671624258e-06,0.0,0.0,0.0,0.0,0.0007801151393020215
4690.0,0.00015424152661580592,0.0,0.0,0.0,0.003472222222222222,0.023148148148148147
4691.0,4.408358108776156e-06,0.0,0.0,0.0,0.001736111111111111,0.011574074074074073
4692.0,0.0,0.0,0.0,0.0,0.0,0.0
4693.0,0.0,0.0,0.0,0.0,0.0,0.0
4694.0,0.0,0.0,0.0,0.0,0.0,0.0
4695.0,0.0,0.0,0.0,0.0,0.0,0.0
4696.0,0.0,0.0,0.0,0.0,0.0,0.0
4697.0,0.0,0.0,0.0,0.0,0.0,0.0
4698.0,0.0,0.0,0.0,0.0,0.0,0.0
4699.0,2.8935266982443864e-07,0.0,0.0,0.0,0.0,2.4112722485369886e-05
4700.0,0.00034611576120369136,0.0,0.0,0.0,0.0,0.028842980100307614
4701.0,1.6441988918813877e-05,0.0,0.0,0.0,0.0,0.0013701657432344898
4702.0,0.0007699481211602688,0.0,0.0,0.0,0.005208333333333333,0.0641623434300224
4703.0,0.0,0.0,0.0,0.0,0.0,0.0
4704.0,0.0,0.0,0.0,0.0,0.0,0.0
4705.0,0.0,0.0,0.0,0.0,0.0,0.0
4706.0,0.0,0.0,0.0,0.0,0.0,0.0
4707.0,0.0,0.0,0.0,0.0,0.0,0.0
4708.0,2.5190638552885503e-06,0.0,0.0,0.0,0.0,0.0002099219879407125
4709.0,0.0,0.0,0.0,0.0,0.0,0.0
4710.0,0.0,0.0,0.0,0.0,0.0,0.0
4711.0,0.0,0.0,0.0,0.0,0.0,0.0
4712.0,0.0,0.0,0.0,0.0,0.0,0.0
4713.0,0.0,0.0,0.0,0.0,0.0,0.0
4714.0,0.0,0.0,0.0,0.0,0.0,0.0
4715.0,0.0,0.0,0.0,0.0,0.0,0.0
4716.0,0.03814724087715149,0.001197948819026351,0.0,0.00024274173483718187,0.17708333333333334,3.1789367397626243
4717.0,2.9961831387481652e-05,2.004478801609366e-06,0.0,0.0,0.0,0.002496819282290138
4718.0,1.7020877862705674e-07,0.0,0.0,0.0,0.0,1.4184064885588061e-05
4719.0,1.7020877862705674e-07,0.0,0.0,0.0,0.0,1.4184064885588061e-05
4720.0,1.7020877862705674e-07,0.0,0.0,0.0,0.0,1.4184064885588061e-05
4721.0,1.7020877862705674e-07,0.0,0.0,0.0,0.0,1.4184064885588061e-05
4722.0,1.7020877862705674e-07,0.0,0.0,0.0,0.0,1.4184064885588061e-05
4723.0,1.7020877862705674e-07,0.0,0.0,0.0,0.0,1.4184064885588061e-05
4724.0,0.00021876540267840028,1.774281008692924e-05,0.0,4.8376408813055605e-05,0.0,0.018230450223200023
4725.0,0.0,0.0,0.0,0.0,0.0,0.0
4726.0,0.0,0.0,0.0,0.0,0.0,0.0
4727.0,0.0,0.0,0.0,0.0,0.0,0.0
4728.0,0.0,0.0,0.0,0.0,0.0,0.0
4729.0,0.0,0.0,0.0,0.0,0.0,0.0
4730.0,0.0,0.0,0.0,0.0,0.0,0.0
4731.0,0.0,0.0,0.0,0.0,0.0,0.0
4732.0,0.0,0.0,0.0,0.0,0.0,0.0
4733.0,0.0,0.0,0.0,0.0,0.0,0.0
4734.0,0.0,0.0,0.0,0.0,0.0,0.0
4735.0,0.0,0.0,0.0,0.0,0.0,0.0
4736.0,0.0,0.0,0.0,0.0,0.0,0.0
4737.0,0.0,0.0,0.0,0.0,0.0,0.0
4738.0,0.0,0.0,0.0,0.0,0.0,0.0
4739.0,0.0,0.0,0.0,0.0,0.0,0.0
4740.0,0.0,0.0,0.0,0.0,0.0,0.0
4741.0,0.0,0.0,0.0,0.0,0.0,0.0
4742.0,0.0,0.0,0.0,0.0,0.0,0.0
4743.0,0.0,0.0,0.0,0.0,0.0,0.0
4744.0,0.0,0.0,0.0,0.0,0.0,0.0
4745.0,0.0,0.0,0.0,0.0,0.0,0.0
4746.0,0.0,0.0,0.0,0.0,0.0,0.0
4747.0,0.0,0.0,0.0,0.0,0.0,0.0
4748.0,0.0,0.0,0.0,0.0,0.0,0.0
4749.0,0.0,0.0,0.0,0.0,0.0,0.0
4750.0,0.0,0.0,0.0,0.0,0.0,0.0
4751.0,0.0,0.0,0.0,0.0,0.0,0.0
4752.0,0.00010108591231983155,0.0,0.0,0.0,0.003472222222222222,0.023148148148148147
4753.0,0.000179449183633551,0.0,0.0,0.0,0.001736111111111111,0.014954098636129249
4754.0,0.0002888071467168629,0.0,0.0,0.0,0.005208333333333333,0.034722222222222224
4755.0,0.0,0.0,0.0,0.0,0.0,0.0
4756.0,0.0,0.0,0.0,0.0,0.0,0.0
4757.0,0.0,0.0,0.0,0.0,0.0,0.0
4758.0,4.884945610683644e-06,0.0,0.0,0.0,0.0,0.0004070788008903037
4759.0,0.0,0.0,0.0,0.0,0.0,0.0
4760.0,0.0,0.0,0.0,0.0,0.0,0.0
4761.0,0.0,0.0,0.0,0.0,0.0,0.0
4762.0,0.0,0.0,0.0,0.0,0.0,0.0
4763.0,0.00013745912292506546,0.0,0.0,0.0,0.003472222222222222,0.023148148148148147
4764.0,0.0002628846268635243,0.0,0.0,0.0,0.003472222222222222,0.023148148148148147
4765.0,0.0001818491000449285,0.0,0.0,0.0,0.003472222222222222,0.023148148148148147
4766.0,8.850771337165497e-06,0.0,0.0,0.0,0.0,0.0007375642780971248
4767.0,0.0,0.0,0.0,0.0,0.0,0.0
4768.0,0.00028621999081224203,0.0,0.0,0.0,0.005208333333333333,0.034722222222222224
4769.0,0.00018458942940924317,0.0,0.0,0.0,0.001736111111111111,0.015382452450770263
4770.0,0.00013967182894703,0.0,0.0,0.0,0.001736111111111111,0.011639319078919167
4771.0,0.0,0.0,0.0,0.0,0.0,0.0
4772.0,0.0,0.0,0.0,0.0,0.0,0.0
4773.0,0.0,0.0,0.0,0.0,0.0,0.0
4774.0,7.182750778156333e-06,0.0,0.0,0.0,0.0,0.0005985625648463611
4775.0,6.808226515886417e-08,0.0,0.0,0.0,0.0,5.6735220965720146e-06
4776.0,8.26184477773495e-05,0.0,0.0,0.0,0.001736111111111111,0.011574074074074073
4777.0,1.8756803910946473e-05,0.0,0.0,0.0,0.0,0.0015630669925788727
4778.0,0.0,0.0,0.0,0.0,0.0,0.0
4779.0,0.0,0.0,0.0,0.0,0.0,0.0
4780.0,0.0,0.0,0.0,0.0,0.0,0.0
4781.0,0.0,0.0,0.0,0.0,0.0,0.0
4782.0,0.0,0.0,0.0,0.0,0.0,0.0
4783.0,7.0635892370773945e-06,0.0,0.0,0.0,0.0,0.0005886324364231162
4784.0,0.0,0.0,0.0,0.0,0.0,0.0
4785.0,0.0,0.0,0.0,0.0,0.0,0.0
4786.0,0.0,0.0,0.0,0.0,0.0,0.0
4787.0,0.0,0.0,0.0,0.0,0.0,0.0
4788.0,0.0,0.0,0.0,0.0,0.0,0.0
4789.0,0.0,0.0,0.0,0.0,0.0,0.0
4790.0,0.0,0.0,0.0,0.0,0.0,0.0
4791.0,0.0,0.0,0.0,0.0,0.0,0.0
4792.0,0.0,0.0,0.0,0.0,0.0,0.0
4793.0,0.0,0.0,0.0,0.0,0.0,0.0
4794.0,0.0,0.0,0.0,0.0,0.0,0.0
4795.0,0.0,0.0,0.0,0.0,0.0,0.0
4796.0,0.0,0.0,0.0,0.0,0.0,0.0
4797.0,0.0,0.0,0.0,0.0,0.0,0.0
4798.0,0.0,0.0,0.0,0.0,0.0,0.0
4799.0,6.032133387634531e-05,0.0,0.0,0.0,0.001736111111111111,0.011574074074074073
4800.0,0.00013014022260904312,0.0,0.0,0.0,0.001736111111111111,0.011574074074074073
4801.0,0.00016043706273194402,0.0,0.0,0.0,0.003472222222222222,0.023148148148148147
4802.0,0.0,0.0,0.0,0.0,0.0,0.0
4803.0,0.0,0.0,0.0,0.0,0.0,0.0
4804.0,0.0,0.0,0.0,0.0,0.0,0.0
4805.0,0.0,0.0,0.0,0.0,0.0,0.0
4806.0,0.0,0.0,0.0,0.0,0.0,0.0
4807.0,0.0,0.0,0.0,0.0,0.0,0.0
4808.0,7.642292075615842e-06,0.0,0.0,0.0,0.0,0.0006368576729679868
4809.0,0.0,0.0,0.0,0.0,0.0,0.0
4810.0,0.0,0.0,0.0,0.0,0.0,0.0
4811.0,0.0,0.0,0.0,0.0,0.0,0.0
4812.0,0.0,0.0,0.0,0.0,0.0,0.0
4813.0,0.0,0.0,0.0,0.0,0.0,0.0
4814.0,0.0,0.0,0.0,0.0,0.0,0.0
4815.0,0.0,0.0,0.0,0.0,0.0,0.0
4816.0,0.0,0.0,0.0,0.0,0.0,0.0
4817.0,0.0,0.0,0.0,0.0,0.0,0.0
4818.0,0.0,0.0,0.0,0.0,0.0,0.0
4819.0,0.0,0.0,0.0,0.0,0.0,0.0
4820.0,0.04758385568857193,0.02361193671822548,1.294054072786821e-05,0.0006546288495883346,0.3229166666666667,3.965321307380994
4821.0,4.6200284486985765e-06,3.666003522084793e-06,1.294054072786821e-05,0.0,0.0,0.00038500237072488136
4822.0,0.0,0.0,0.0,0.0,0.0,0.0
4823.0,0.0,0.0,0.0,0.0,0.0,0.0
4824.0,0.0,0.0,0.0,0.0,0.0,0.0
4825.0,0.0,0.0,0.0,0.0,0.0,0.0
4826.0,0.0,0.0,0.0,0.0,0.0,0.0
4827.0,0.0,0.0,0.0,0.0,0.0,0.0
4828.0,0.0,0.0,0.0,0.0,0.0,0.0
4829.0,0.0,0.0,0.0,0.0,0.0,0.0
4830.0,0.0,0.0,0.0,0.0,0.0,0.0
4831.0,0.0,0.0,0.0,0.0,0.0,0.0
4832.0,0.0,0.0,0.0,0.0,0.0,0.0
4833.0,0.0,0.0,0.0,0.0,0.0,0.0
4834.0,0.0,0.0,0.0,0.0,0.0,0.0
4835.0,0.0,0.0,0.0,0.0,0.0,0.0
4836.0,0.0,0.0,0.0,0.0,0.0,0.0
4837.0,0.0,0.0,0.0,0.0,0.0,0.0
4838.0,0.0,0.0,0.0,0.0,0.0,0.0
4839.0,0.0,0.0,0.0,0.0,0.0,0.0
4840.0,0.0,0.0,0.0,0.0,0.0,0.0
4841.0,0.0,0.0,0.0,0.0,0.0,0.0
4842.0,0.0,0.0,0.0,0.0,0.0,0.0
4843.0,0.0,0.0,0.0,0.0,0.0,0.0
4844.0,0.0,0.0,0.0,0.0,0.0,0.0
4845.0,4.6200284486985765e-06,3.666003522084793e-06,1.294054072786821e-05,0.0,0.0,0.00038500237072488136
4846.0,4.6200284486985765e-06,3.666003522084793e-06,1.294054072786821e-05,0.0,0.0,0.00038500237072488136
4847.0,0.0,0.0,0.0,0.0,0.0,0.0
4848.0,0.0,0.0,0.0,0.0,0.0,0.0
4849.0,0.0,0.0,0.0,0.0,0.0,0.0
4850.0,0.0,0.0,0.0,0.0,0.0,0.0
4851.0,0.0,0.0,0.0,0.0,0.0,0.0
4852.0,0.0,0.0,0.0,0.0,0.0,0.0
4853.0,0.0,0.0,0.0,0.0,0.0,0.0
4854.0,0.0,0.0,0.0,0.0,0.0,0.0
4855.0,0.0,0.0,0.0,0.0,0.0,0.0
4856.0,0.0,0.0,0.0,0.0,0.0,0.0
4857.0,0.0001760160957928747,0.0,0.0,0.0,0.0,0.014668007982739557
4858.0,0.0,0.0,0.0,0.0,0.0,0.0
4859.0,0.0,0.0,0.0,0.0,0.0,0.0
4860.0,0.0,0.0,0.0,0.0,0.0,0.0
4861.0,0.0,0.0,0.0,0.0,0.0,0.0
4862.0,3.409218606975628e-06,0.0,0.0,0.0,0.0,0.0002841015505813023
4863.0,0.0,0.0,0.0,0.0,0.0,0.0
4864.0,0.0,0.0,0.0,0.0,0.0,0.0
4865.0,0.0,0.0,0.0,0.0,0.0,0.0
4866.0,0.0,0.0,0.0,0.0,0.0,0.0
4867.0,0.0,0.0,0.0,0.0,0.0,0.0
4868.0,0.0,0.0,0.0,0.0,0.0,0.0
4869.0,0.0,0.0,0.0,0.0,0.0,0.0
4870.0,4.6200284486985765e-06,3.666003522084793e-06,1.294054072786821e-05,0.0,0.0,0.00038500237072488136
4871.0,4.6200284486985765e-06,3.666003522084793e-06,1.294054072786821e-05,0.0,0.0,0.00038500237072488136
4872.0,0.0,0.0,0.0,0.0,0.0,0.0
4873.0,0.0,0.0,0.0,0.0,0.0,0.0
4874.0,0.0,0.0,0.0,0.0,0.0,0.0
4875.0,0.0,0.0,0.0,0.0,0.0,0.0
4876.0,0.0,0.0,0.0,0.0,0.0,0.0
4877.0,7.945260585984215e-05,0.0,0.0,0.0,0.0,0.006621050488320179
4878.0,0.0001022603246383369,0.0,0.0,0.0,0.0,0.008521693719861409
4879.0,4.119007826375309e-06,0.0,0.0,0.0,0.0,0.00034325065219794243
4880.0,0.0,0.0,0.0,0.0,0.0,0.0
4881.0,0.0,0.0,0.0,0.0,0.0,0.0
4882.0,0.0,0.0,0.0,0.0,0.0,0.0
4883.0,0.0,0.0,0.0,0.0,0.0,0.0
4884.0,0.0,0.0,0.0,0.0,0.0,0.0
4885.0,0.0,0.0,0.0,0.0,0.0,0.0
4886.0,0.0,0.0,0.0,0.0,0.0,0.0
4887.0,0.0,0.0,0.0,0.0,0.0,0.0
4888.0,0.0,0.0,0.0,0.0,0.0,0.0
4889.0,0.0,0.0,0.0,0.0,0.0,0.0
4890.0,0.0,0.0,0.0,0.0,0.0,0.0
4891.0,0.0,0.0,0.0,0.0,0.0,0.0
4892.0,0.0,0.0,0.0,0.0,0.0,0.0
4893.0,0.0,0.0,0.0,0.0,0.0,0.0
4894.0,0.0,0.0,0.0,0.0,0.0,0.0
4895.0,4.671090664487565e-06,3.666003522084793e-06,1.294054072786821e-05,0.0,0.0,0.0003892575553739637
4896.0,4.671090664487565e-06,3.666003522084793e-06,1.294054072786821e-05,0.0,0.0,0.0003892575553739637
4897.0,0.00022096266911830753,0.0,0.0,0.0,0.003472222222222222,0.023148148148148147
4898.0,4.078667188878171e-05,0.0,0.0,0.0,0.0,0.0033988893240651428
4899.0,0.0,0.0,0.0,0.0,0.0,0.0
4900.0,0.0,0.0,0.0,0.0,0.0,0.0
4901.0,0.0,0.0,0.0,0.0,0.0,0.0
4902.0,0.0,0.0,0.0,0.0,0.0,0.0
4903.0,0.0,0.0,0.0,0.0,0.0,0.0
4904.0,3.8687912820023485e-06,0.0,0.0,0.0,0.0,0.0003223992735001957
4905.0,0.0,0.0,0.0,0.0,0.0,0.0
4906.0,0.0,0.0,0.0,0.0,0.0,0.0
4907.0,0.0,0.0,0.0,0.0,0.0,0.0
4908.0,0.0,0.0,0.0,0.0,0.0,0.0
4909.0,0.0,0.0,0.0,0.0,0.0,0.0
4910.0,0.0,0.0,0.0,0.0,0.0,0.0
4911.0,0.0,0.0,0.0,0.0,0.0,0.0
4912.0,0.0,0.0,0.0,0.0,0.0,0.0
4913.0,0.0,0.0,0.0,0.0,0.0,0.0
4914.0,0.0,0.0,0.0,0.0,0.0,0.0
4915.0,0.0,0.0,0.0,0.0,0.0,0.0
4916.0,0.0,0.0,0.0,0.0,0.0,0.0
4917.0,0.0,0.0,0.0,0.0,0.0,0.0
4918.0,0.0,0.0,0.0,0.0,0.0,0.0
4919.0,0.0,0.0,0.0,0.0,0.0,0.0
4920.0,4.739173618872883e-06,3.666003522084793e-06,1.294054072786821e-05,0.0,0.0,0.00039493113490607357
4921.0,4.739173618872883e-06,3.666003522084793e-06,1.294054072786821e-05,0.0,0.0,0.00039493113490607357
4922.0,0.0,0.0,0.0,0.0,0.0,0.0
4923.0,0.0,0.0,0.0,0.0,0.0,0.0
4924.0,0.0,0.0,0.0,0.0,0.0,0.0
4925.0,0.0,0.0,0.0,0.0,0.0,0.0
4926.0,0.0,0.0,0.0,0.0,0.0,0.0
4927.0,0.0,0.0,0.0,0.0,0.0,0.0
4928.0,0.0,0.0,0.0,0.0,0.0,0.0
4929.0,0.0,0.0,0.0,0.0,0.0,0.0
4930.0,0.0,0.0,0.0,0.0,0.0,0.0
4931.0,0.0,0.0,0.0,0.0,0.0,0.0
4932.0,0.0,0.0,0.0,0.0,0.0,0.0
4933.0,0.0,0.0,0.0,0.0,0.0,0.0
4934.0,0.0,0.0,0.0,0.0,0.0,0.0
4935.0,0.0,0.0,0.0,0.0,0.0,0.0
4936.0,0.0,0.0,0.0,0.0,0.0,0.0
4937.0,0.0,0.0,0.0,0.0,0.0,0.0
4938.0,0.0,0.0,0.0,0.0,0.0,0.0
4939.0,0.0,0.0,0.0,0.0,0.0,0.0
4940.0,0.0,0.0,0.0,0.0,0.0,0.0
4941.0,0.0,0.0,0.0,0.0,0.0,0.0
4942.0,0.0,0.0,0.0,0.0,0.0,0.0
4943.0,0.0,0.0,0.0,0.0,0.0,0.0
4944.0,0.0,0.0,0.0,0.0,0.0,0.0
4945.0,4.739173618872883e-06,3.666003522084793e-06,1.294054072786821e-05,0.0,0.0,0.00039493113490607357
4946.0,4.739173618872883e-06,3.666003522084793e-06,1.294054072786821e-05,0.0,0.0,0.00039493113490607357
4947.0,0.0,0.0,0.0,0.0,0.0,0.0
4948.0,0.0,0.0,0.0,0.0,0.0,0.0
4949.0,0.0,0.0,0.0,0.0,0.0,0.0
4950.0,0.0,0.0,0.0,0.0,0.0,0.0
4951.0,0.0,0.0,0.0,0.0,0.0,0.0
4952.0,0.0,0.0,0.0,0.0,0.0,0.0
4953.0,0.0,0.0,0.0,0.0,0.0,0.0
4954.0,0.0,0.0,0.0,0.0,0.0,0.0
4955.0,0.0,0.0,0.0,0.0,0.0,0.0
4956.0,0.0,0.0,0.0,0.0,0.0,0.0
4957.0,0.0,0.0,0.0,0.0,0.0,0.0
4958.0,0.0,0.0,0.0,0.0,0.0,0.0
4959.0,0.0,0.0,0.0,0.0,0.0,0.0
4960.0,0.0,0.0,0.0,0.0,0.0,0.0
4961.0,0.0,0.0,0.0,0.0,0.0,0.0
4962.0,0.0,0.0,0.0,0.0,0.0,0.0
4963.0,0.0,0.0,0.0,0.0,0.0,0.0
4964.0,0.0,0.0,0.0,0.0,0.0,0.0
4965.0,0.0,0.0,0.0,0.0,0.0,0.0
4966.0,0.0,0.0,0.0,0.0,0.0,0.0
4967.0,0.04600745812058449,0.044637903571128845,0.39138263463974,0.003419947810471058,0.4184027777777778,3.8339548433820405
4968.0,0.0,0.0,0.0,0.0,0.0,0.0
4969.0,0.0,0.0,0.0,0.0,0.0,0.0
4970.0,0.0,0.0,0.0,0.0,0.0,0.0
4971.0,0.0,0.0,0.0,0.0,0.0,0.0
4972.0,0.0,0.0,0.0,0.0,0.0,0.0
4973.0,0.0,0.0,0.0,0.0,0.0,0.0
4974.0,0.0,0.0,0.0,0.0,0.0,0.0
4975.0,0.0,0.0,0.0,0.0,0.0,0.0
4976.0,0.0,0.0,0.0,0.0,0.0,0.0
4977.0,0.0,0.0,0.0,0.0,0.0,0.0
4978.0,0.0,0.0,0.0,0.0,0.0,0.0
4979.0,0.0,0.0,0.0,0.0,0.0,0.0
4980.0,0.0,0.0,0.0,0.0,0.0,0.0
4981.0,0.0,0.0,0.0,0.0,0.0,0.0
4982.0,0.0,0.0,0.0,0.0,0.0,0.0
4983.0,0.0,0.0,0.0,0.0,0.0,0.0
4984.0,0.0,0.0,0.0,0.0,0.0,0.0
4985.0,0.0,0.0,0.0,0.0,0.0,0.0
4986.0,0.0,0.0,0.0,0.0,0.0,0.0
4987.0,0.0,0.0,0.0,0.0,0.0,0.0
4988.0,0.0006340719410218298,0.0040999711491167545,0.0,0.0,0.013888888888888888,0.10249927872791886
4989.0,0.00045852045877836645,0.0012333040358498693,0.0,0.0,0.008680555555555556,0.05787037037037038
4990.0,0.00020363557268865407,0.00013140861119609326,0.0,0.0,0.001736111111111111,0.01696963105738784
4991.0,0.0002725863887462765,0.0,0.0,0.0,0.005208333333333333,0.034722222222222224
4992.0,0.00039796088822185993,0.0,0.0,0.0,0.003472222222222222,0.03316340735182166
4993.0,0.0003087213262915611,0.0,0.0,0.0,0.008680555555555556,0.05787037037037038
4994.0,0.0003234442265238613,0.0,0.0,0.0,0.006944444444444444,0.046296296296296294
4995.0,0.00025253603234887123,4.5563934691017494e-05,0.0,0.0,0.008680555555555556,0.05787037037037038
4996.0,3.582856152206659e-05,0.0,0.0,0.0,0.006944444444444444,0.046296296296296294
4997.0,5.540234997170046e-05,0.0,0.0,0.0,0.005208333333333333,0.034722222222222224
4998.0,3.9488008042098954e-05,0.0,0.0,0.0,0.001736111111111111,0.011574074074074073
4999.0,5.106234723939451e-08,0.0,0.0,0.0,0.0,4.255195603282876e-06
5000.0,0.0,0.0,0.0,0.0,0.0,0.0
5001.0,0.0,0.0,0.0,0.0,0.0,0.0
5002.0,0.0,0.0,0.0,0.0,0.0,0.0
5003.0,0.0,0.0,0.0,0.0,0.0,0.0
5004.0,1.6339940884790849e-06,0.0,0.0,0.0,0.001736111111111111,0.011574074074074073
5005.0,0.0,0.0,0.0,0.0,0.0,0.0
5006.0,0.0,0.0,0.0,0.0,0.0,0.0
5007.0,0.00295971124432981,0.005461161956191063,0.0,0.0,0.06944444444444445,0.462962962962963
5008.0,0.0,0.0,0.0,0.0,0.0,0.0
5009.0,0.0,0.0,0.0,0.0,0.0,0.0
5010.0,0.0,0.0,0.0,0.0,0.0,0.0
5011.0,0.0,0.0,0.0,0.0,0.0,0.0
5012.0,0.0,0.0,0.0,0.0,0.0,0.0
5013.0,0.0,0.0,0.0,0.0,0.0,0.0
5014.0,0.0,0.0,0.0,0.0,0.0,0.0
5015.0,0.0,0.0,0.0,0.0,0.0,0.0
5016.0,0.0,0.0,0.0,0.0,0.0,0.0
5017.0,0.0,0.0,0.0,0.0,0.0,0.0
5018.0,0.0,0.0,0.0,0.0,0.0,0.0
5019.0,0.0,0.0,0.0,0.0,0.0,0.0
5020.0,0.0,0.0,0.0,0.0,0.0,0.0
5021.0,0.0,0.0,0.0,0.0,0.0,0.0
5022.0,0.0,0.0,0.0,0.0,0.0,0.0
5023.0,0.0,0.0,0.0,0.0,0.0,0.0
5024.0,0.0,0.0,0.0,0.0,0.0,0.0
5025.0,0.0,0.0,0.0,0.0,0.0,0.0
5026.0,0.0,0.0,0.0,0.0,0.0,0.0
5027.0,0.0,0.0,0.0,0.0,0.0,0.0
5028.0,0.0,0.0,0.0,0.0,0.0,0.0
5029.0,0.0,0.0,0.0,0.0,0.0,0.0
5030.0,0.0,0.0,0.0,0.0,0.0,0.0
5031.0,0.0,0.0,0.0,0.0,0.0,0.0
5032.0,0.0,0.0,0.0,0.0,0.0,0.0
5033.0,0.0,0.0,0.0,0.0,0.0,0.0
5034.0,0.0,0.0,0.0,0.0,0.0,0.0
5035.0,0.0,0.0,0.0,0.0,0.0,0.0
5036.0,0.0,0.0,0.0,0.0,0.0,0.0
5037.0,0.0,0.0,0.0,0.0,0.0,0.0
5038.0,0.0,0.0,0.0,0.0,0.0,0.0
5039.0,0.0,0.0,0.0,0.0,0.0,0.0
5040.0,0.0,0.0,0.0,0.0,0.0,0.0
5041.0,0.0,0.0,0.0,0.0,0.0,0.0
5042.0,0.0,0.0,0.0,0.0,0.0,0.0
5043.0,0.0,0.0,0.0,0.0,0.0,0.0
5044.0,0.0,0.0,0.0,0.0,0.0,0.0
5045.0,0.0,0.0,0.0,0.0,0.0,0.0
5046.0,0.0,0.0,0.0,0.0,0.0,0.0
5047.0,0.0,0.0,0.0,0.0,0.0,0.0
5048.0,0.0,0.0,0.0,0.0,0.0,0.0
5049.0,0.0,0.0,0.0,0.0,0.0,0.0
5050.0,0.0,0.0,0.0,0.0,0.0,0.0
5051.0,0.04600737243890762,0.044637903571128845,0.39138263463974,0.003419947810471058,0.4184027777777778,3.833947703242302
5052.0,0.0,0.0,0.0,0.0,0.0,0.0
5053.0,0.0006202901713550091,0.0,0.0,0.0,0.003472222222222222,0.05169084761291742
5054.0,0.0,0.0,0.0,0.0,0.0,0.0
5055.0,0.0,0.0,0.0,0.0,0.0,0.0
5056.0,0.0,0.0,0.0,0.0,0.0,0.0
5057.0,0.0,0.0,0.0,0.0,0.0,0.0
5058.0,0.0,0.0,0.0,0.0,0.0,0.0
5059.0,4.021956556243822e-06,0.0,0.0,0.0,0.0,0.00033516304635365185
5060.0,0.0,0.0,0.0,0.0,0.0,0.0
5061.0,0.0,0.0,0.0,0.0,0.0,0.0
5062.0,0.0,0.0,0.0,0.0,0.0,0.0
5063.0,0.0,0.0,0.0,0.0,0.0,0.0
5064.0,0.0,0.0,0.0,0.0,0.0,0.0
5065.0,0.0,0.0,0.0,0.0,0.0,0.0
5066.0,0.0,0.0,0.0,0.0,0.0,0.0
5067.0,6.297661343523941e-07,0.0,0.0,0.0,0.0,5.248051119603284e-05
5068.0,6.297661343523941e-07,0.0,0.0,0.0,0.0,5.248051119603284e-05
5069.0,0.0,0.0,0.0,0.0,0.0,0.0
5070.0,0.0,0.0,0.0,0.0,0.0,0.0
5071.0,0.0,0.0,0.0,0.0,0.0,0.0
5072.0,0.0,0.0,0.0,0.0,0.0,0.0
5073.0,0.0,0.0,0.0,0.0,0.0,0.0
5074.0,0.0,0.0,0.0,0.0,0.0,0.0
5075.0,0.0,0.0,0.0,0.0,0.0,0.0
5076.0,0.0,0.0,0.0,0.0,0.0,0.0
5077.0,0.00027902022702619433,0.0,0.0,0.0,0.008680555555555556,0.05787037037037038
5078.0,0.00017422890232410282,0.0,0.0,0.0,0.003472222222222222,0.023148148148148147
5079.0,0.000185848941328004,0.0,0.0,0.0,0.003472222222222222,0.023148148148148147
5080.0,0.000165560282766819,0.0,0.0,0.0,0.003472222222222222,0.023148148148148147
5081.0,0.0,0.0,0.0,0.0,0.0,0.0
5082.0,0.00022659650130663067,0.0,0.0,0.0,0.008680555555555556,0.05787037037037038
5083.0,0.00022557526244781911,0.0,0.0,0.0,0.006944444444444444,0.046296296296296294
5084.0,0.00028678675880655646,0.0,0.0,0.0,0.006944444444444444,0.046296296296296294
5085.0,0.00023877140483818948,0.0,0.0,0.0,0.003472222222222222,0.023148148148148147
5086.0,0.00023808548576198518,0.0,0.0,0.0,0.006944444444444444,0.046296296296296294
5087.0,3.4875396522693336e-05,0.0,0.0,0.0,0.001736111111111111,0.011574074074074073
5088.0,0.00010704314627218992,0.0,0.0,0.0,0.001736111111111111,0.011574074074074073
5089.0,0.00015882008301559836,0.0,0.0,0.0,0.001736111111111111,0.01323500691796653
5090.0,0.0001681133871898055,0.0,0.0,0.0,0.001736111111111111,0.014009448932483792
5091.0,0.0001928955316543579,0.0,0.0,0.0,0.003472222222222222,0.023148148148148147
5092.0,0.0002178699942305684,0.0,0.0,0.0,0.001736111111111111,0.018155832852547366
5093.0,0.0001945975818671286,0.0,0.0,0.0,0.005208333333333333,0.034722222222222224
5094.0,0.00029881528462283313,0.0,0.0,0.0,0.003472222222222222,0.024901273718569428
5095.0,0.0001561699464218691,0.0,0.0,0.0,0.003472222222222222,0.023148148148148147
5096.0,0.00020574615336954594,0.0,0.0,0.0,0.001736111111111111,0.017145512780795496
5097.0,2.9105380235705525e-05,0.0,0.0,0.0,0.003472222222222222,0.023148148148148147
5098.0,1.702069596376532e-08,0.0,0.0,0.0,0.0,1.4183913303137767e-06
5099.0,0.0,0.0,0.0,0.0,0.0,0.0
5100.0,0.0,0.0,0.0,0.0,0.0,0.0
5101.0,8.906910807127133e-06,0.0,0.0,0.0,0.0,0.0007422425672605945
5102.0,0.0,0.0,0.0,0.0,0.0,0.0
5103.0,0.0,0.0,0.0,0.0,0.0,0.0
5104.0,4.892256038147025e-05,0.0,0.0,0.0,0.0,0.004076880031789187
5105.0,0.0003079043235629797,0.0,0.0,0.0,0.010416666666666666,0.06944444444444445
5106.0,0.0002873944176826626,0.0,0.0,0.0,0.003472222222222222,0.02394953480688855
5107.0,0.0005023658159188926,0.0,0.0,0.0,0.017361111111111112,0.11574074074074076
5108.0,9.803919965634122e-05,0.0,0.0,0.0,0.003472222222222222,0.023148148148148147
5109.0,0.0002712417917791754,0.0,0.0,0.0,0.005208333333333333,0.034722222222222224
5110.0,0.00016108385170809925,0.0,0.0,0.0,0.001736111111111111,0.01342365430900827
5111.0,0.00015674358292017132,0.0,0.0,0.0,0.003472222222222222,0.023148148148148147
5112.0,0.0,0.0,0.0,0.0,0.0,0.0
5113.0,0.0,0.0,0.0,0.0,0.0,0.0
5114.0,0.0,0.0,0.0,0.0,0.0,0.0
5115.0,0.0,0.0,0.0,0.0,0.0,0.0
5116.0,0.0,0.0,0.0,0.0,0.0,0.0
5117.0,6.370842584146885e-06,0.0,0.0,0.0,0.0,0.0005309035486789071
5118.0,5.78703406972636e-07,0.0,0.0,0.0,0.0,4.822528391438633e-05
5119.0,0.0,0.0,0.0,0.0,0.0,0.0
5120.0,0.0,0.0,0.0,0.0,0.0,0.0
5121.0,0.0,0.0,0.0,0.0,0.0,0.0
5122.0,0.0,0.0,0.0,0.0,0.0,0.0
5123.0,0.0,0.0,0.0,0.0,0.0,0.0
5124.0,0.0,0.0,0.0,0.0,0.0,0.0
5125.0,0.0,0.0,0.0,0.0,0.0,0.0
5126.0,0.0,0.0,0.0,0.0,0.0,0.0
5127.0,0.0,0.0,0.0,0.0,0.0,0.0
5128.0,0.0,0.0,0.0,0.0,0.0,0.0
5129.0,0.0,0.0,0.0,0.0,0.0,0.0
5130.0,0.005578651558607817,0.0,0.0,0.0,0.11631944444444445,0.775462962962963
5131.0,0.0,0.0,0.0,0.0,0.0,0.0
5132.0,0.0,0.0,0.0,0.0,0.0,0.0
5133.0,0.0,0.0,0.0,0.0,0.0,0.0
5134.0,9.020941433846019e-07,0.0,0.0,0.0,0.0,7.517451194871683e-05
5135.0,0.0,0.0,0.0,0.0,0.0,0.0
5136.0,0.0,0.0,0.0,0.0,0.0,0.0
5137.0,0.0,0.0,0.0,0.0,0.0,0.0
5138.0,0.04662754386663437,0.03409723564982414,1.294054072786821e-05,0.0005309912376105785,0.3246527777777778,3.885628655552864
5139.0,6.3157162912830245e-06,7.632546044078481e-07,1.294054072786821e-05,0.0,0.0,0.000526309690940252
5140.0,0.0,0.0,0.0,0.0,0.0,0.0
5141.0,0.0,0.0,0.0,0.0,0.0,0.0
5142.0,0.0,0.0,0.0,0.0,0.0,0.0
5143.0,0.0,0.0,0.0,0.0,0.0,0.0
5144.0,0.0,0.0,0.0,0.0,0.0,0.0
5145.0,0.0,0.0,0.0,0.0,0.0,0.0
5146.0,0.0,0.0,0.0,0.0,0.0,0.0
5147.0,0.0,0.0,0.0,0.0,0.0,0.0
5148.0,0.0,0.0,0.0,0.0,0.0,0.0
5149.0,0.0,0.0,0.0,0.0,0.0,0.0
5150.0,0.0,0.0,0.0,0.0,0.0,0.0
5151.0,0.0,0.0,0.0,0.0,0.0,0.0
5152.0,0.0,0.0,0.0,0.0,0.0,0.0
5153.0,0.0,0.0,0.0,0.0,0.0,0.0
5154.0,0.0,0.0,0.0,0.0,0.0,0.0
5155.0,0.0,0.0,0.0,0.0,0.0,0.0
5156.0,0.04666154086589813,0.034113820642232895,4.283315138309263e-05,0.0005309912376105785,0.3246527777777778,3.8884617388248444
5157.0,4.0088278183247894e-05,2.7343792680767365e-05,4.283315138309263e-05,0.0,0.0,0.0033406898486039913
5158.0,0.0,0.0,0.0,0.0,0.0,0.0
5159.0,0.0,0.0,0.0,0.0,0.0,0.0
5160.0,0.036482129245996475,0.022896531969308853,0.0,0.0004934158641844988,0.3333333333333333,3.040177437166373
5161.0,0.0350845530629158,0.013331864029169083,0.0,0.0004853443242609501,0.1597222222222222,2.9237127552429834
5162.0,0.03920644149184227,0.014259802177548409,0.0,0.0009541218751110137,0.20833333333333334,3.2672034576535225
5163.0,0.043895892798900604,0.015979841351509094,1.294054072786821e-05,0.000525589392054826,0.2986111111111111,3.6579910665750504
5164.0,0.0001295997208217159,9.806542948354036e-05,1.294054072786821e-05,0.00013278936967253685,0.0,0.016598671209067106
5165.0,0.04756469652056694,0.022420169785618782,0.0,0.0002560024440754205,0.4340277777777778,3.963724710047245
5166.0,0.0,0.0,0.0,0.0,0.0,0.0
5167.0,0.0,0.0,0.0,0.0,0.0,0.0
5168.0,2.549995951994788e-05,0.00016409567615482956,0.0,1.9981187506346032e-05,0.003472222222222222,0.023148148148148147
5169.0,0.0003516744764056057,0.002262671245262027,0.0,9.990551006922033e-06,0.003472222222222222,0.05656678113155067
5170.0,0.00025961664505302906,0.0016787066124379635,0.0,0.0,0.001736111111111111,0.04196766531094909
5171.0,0.0,0.0,0.0,0.0,0.0,0.0
5172.0,0.0,0.0,0.0,0.0,0.0,0.0
5173.0,0.0004397363809403032,9.178786422125995e-05,0.0,0.00013757370470557362,0.003472222222222222,0.036644698411691934
5174.0,0.0005118463304825127,0.0,0.0,0.0,0.010416666666666666,0.06944444444444445
5175.0,0.00020634189422708005,0.0,0.0,0.0,0.0,0.01719515785225667
5176.0,0.0,0.0,0.0,0.0,0.0,0.0
5177.0,0.0,0.0,0.0,0.0,0.0,0.0
5178.0,0.0,0.0,0.0,0.0,0.0,0.0
5179.0,0.0,0.0,0.0,0.0,0.0,0.0
5180.0,0.0,0.0,0.0,0.0,0.0,0.0
5181.0,7.89761179476045e-06,0.0,0.0,0.0,0.0,0.0006581343162300376
5182.0,0.0,0.0,0.0,0.0,0.0,0.0
5183.0,0.0,0.0,0.0,0.0,0.0,0.0
5184.0,0.0001564882550155744,0.0005998131819069386,0.0,0.0,0.006944444444444444,0.046296296296296294
5185.0,8.680553582962602e-05,0.0,0.0,0.0,0.0,0.007233794652468835
5186.0,0.0,0.0,0.0,0.0,0.0,0.0
5187.0,0.0,0.0,0.0,0.0,0.0,0.0
5188.0,0.0,0.0,0.0,0.0,0.0,0.0
5189.0,3.421164137762389e-06,5.502869498741347e-06,0.0,0.0,0.0,0.0002850970114801991
5190.0,3.2339318067897693e-07,1.1005832334376464e-07,0.0,0.0,0.0,2.694943172324808e-05
5191.0,0.0,0.0,0.0,0.0,0.0,0.0
5192.0,0.0,0.0,0.0,0.0,0.0,0.0
5193.0,0.0,0.0,0.0,0.0,0.0,0.0
5194.0,0.0,0.0,0.0,0.0,0.0,0.0
5195.0,0.0018240738427266479,0.0047093587927520275,0.0,0.0,0.022569444444444444,0.152006153560554
5196.0,0.0,0.0,0.0,0.0,0.0,0.0
5197.0,0.0,0.0,0.0,0.0,0.0,0.0
5198.0,4.936057393933879e-07,0.0,0.0,0.0,0.0,4.113381161611566e-05
5199.0,0.0,0.0,0.0,0.0,0.0,0.0
5200.0,0.0,0.0,0.0,0.0,0.0,0.0
5201.0,0.0,0.0,0.0,0.0,0.0,0.0
5202.0,0.0,0.0,0.0,0.0,0.0,0.0
5203.0,0.0,0.0,0.0,0.0,0.0,0.0
5204.0,0.0,0.0,0.0,0.0,0.0,0.0
5205.0,0.0,0.0,0.0,0.0,0.0,0.0
5206.0,0.0,0.0,0.0,0.0,0.0,0.0
5207.0,0.0,0.0,0.0,0.0,0.0,0.0
5208.0,0.0,0.0,0.0,0.0,0.0,0.0
5209.0,0.0,0.0,0.0,0.0,0.0,0.0
5210.0,0.0,0.0,0.0,0.0,0.0,0.0
5211.0,0.0,0.0,0.0,0.0,0.0,0.0
5212.0,0.00021102256141602993,0.001364492578431964,0.0,0.0,0.005208333333333333,0.034722222222222224
5213.0,0.00025414169067516923,0.0016433052951470017,0.0,0.0,0.003472222222222222,0.041082632378675044
5214.0,0.00020736886654049158,0.001338886097073555,0.0,0.0,0.006944444444444444,0.046296296296296294
5215.0,3.2339318067897693e-07,1.1005832334376464e-07,0.0,0.0,0.0,2.694943172324808e-05
5216.0,0.0,0.0,0.0,0.0,0.0,0.0
5217.0,0.0,0.0,0.0,0.0,0.0,0.0
5218.0,0.0,0.0,0.0,0.0,0.0,0.0
5219.0,0.0,0.0,0.0,0.0,0.0,0.0
5220.0,0.0,0.0,0.0,0.0,0.0,0.0
5221.0,0.0001445056841475889,0.0009343880228698254,0.0,0.0,0.0,0.023359700571745634
5222.0,0.000212826780625619,0.0013759385328739882,0.0,0.0,0.003472222222222222,0.034398463321849704
5223.0,0.0002053887292277068,0.0013260826235637069,0.0,0.0,0.003472222222222222,0.03315206558909267
5224.0,0.0,0.0,0.0,0.0,0.0,0.0
5225.0,0.0,0.0,0.0,0.0,0.0,0.0
5226.0,0.0,0.0,0.0,0.0,0.0,0.0
5227.0,0.0,0.0,0.0,0.0,0.0,0.0
5228.0,0.0,0.0,0.0,0.0,0.0,0.0
5229.0,0.0,0.0,0.0,0.0,0.0,0.0
5230.0,0.0,0.0,0.0,0.0,0.0,0.0
5231.0,2.6722634629550157e-06,1.5518200598307885e-05,0.0,0.0,0.0,0.00038795501495769713
5232.0,0.0,0.0,0.0,0.0,0.0,0.0
5233.0,0.0012261196970939636,0.007928210310637951,0.0,0.0,0.022569444444444444,0.19820525776594877
5234.0,0.0,0.0,0.0,0.0,0.0,0.0
5235.0,0.0,0.0,0.0,0.0,0.0,0.0
5236.0,0.0,0.0,0.0,0.0,0.0,0.0
5237.0,0.9448679089546204,0.9650489687919617,0.600821316242218,0.9883571267127991,0.4913194444444444,123.54464083909988
5238.0,0.0,0.0,0.0,0.0,0.0,0.0
