timestamp_s,full_change,title_change,header_change,counter_change,hash_change,candidate_score
1.0,0.0,0.0,0.0,0.0,0.0,0.0
2.0,0.0,0.0,0.0,0.0,0.0,0.0
3.0,0.0,0.0,0.0,0.0,0.0,0.0
4.0,0.0,0.0,0.0,0.0,0.0,0.0
5.0,0.0,0.0,0.0,0.0,0.0,0.0
6.0,0.0,0.0,0.0,0.0,0.0,0.0
7.0,0.0,0.0,0.0,0.0,0.0,0.0
8.0,4.365845234133303e-05,9.933548426488414e-05,0.0005860156379640102,8.607778727309778e-05,0.0,0.010759723409137223
9.0,2.7233116384195455e-07,0.0,0.0,0.0,0.0,2.269426365349621e-05
10.0,0.0,0.0,0.0,0.0,0.0,0.0
11.0,0.0,0.0,0.0,0.0,0.0,0.0
12.0,0.0,0.0,0.0,0.0,0.0,0.0
13.0,0.0,0.0,0.0,0.0,0.0,0.0
14.0,0.0,0.0,0.0,0.0,0.0,0.0
15.0,0.01180966291576624,0.011662318371236324,0.0,0.0004394417628645897,0.140625,0.9841385763138533
16.0,9.89158593256434e-07,5.955767392151756e-06,0.0,0.0,0.0,0.0001488941848037939
17.0,9.210759799316293e-07,5.955767392151756e-06,0.0,0.0,0.0,0.0001488941848037939
18.0,6.185839538375149e-07,3.999824457423529e-06,0.0,0.0,0.0,9.999561143558822e-05
19.0,6.015629878675099e-07,3.889765139319934e-06,0.0,0.0,0.0,9.724412848299835e-05
20.0,9.976866977012833e-07,6.451139597629663e-06,0.0,0.0,0.0,0.00016127848994074157
21.0,9.976866977012833e-07,6.451139597629663e-06,0.0,0.0,0.0,0.00016127848994074157
22.0,6.506850809273601e-07,4.207393430988304e-06,0.0,0.0,0.0,0.00010518483577470761
23.0,5.662270723405527e-07,2.5607055249565747e-06,0.0,0.0,0.0,6.401763812391437e-05
24.0,0.00023596837127115577,0.0004025479720439762,0.0,0.0,0.003472222222222222,0.023148148148148147
25.0,8.643500041216612e-05,4.207393430988304e-06,0.0,0.0,0.0,0.007202916701013843
26.0,6.166441721688898e-07,3.877222752635134e-06,0.0,0.0,0.0,9.693056881587836e-05
27.0,9.380968890582153e-07,5.955767392151756e-06,0.0,0.0,0.0,0.0001488941848037939
28.0,9.380968890582153e-07,5.955767392151756e-06,0.0,0.0,0.0,0.0001488941848037939
29.0,6.356049198075198e-07,3.999824457423529e-06,0.0,0.0,0.0,9.999561143558822e-05
30.0,6.185839538375149e-07,3.889765139319934e-06,0.0,0.0,0.0,9.724412848299835e-05
31.0,1.0147076636712882e-06,6.451139597629663e-06,0.0,0.0,0.0,0.00016127848994074157
32.0,9.993755156756379e-06,6.180051059345715e-06,0.0,0.0,0.0,0.0008328129297296982
33.0,6.015629878675099e-07,3.889765139319934e-06,0.0,0.0,0.0,9.724412848299835e-05
34.0,9.976866977012833e-07,6.451139597629663e-06,0.0,0.0,0.0,0.00016127848994074157
35.0,9.976866977012833e-07,6.451139597629663e-06,0.0,0.0,0.0,0.00016127848994074157
36.0,6.506850809273601e-07,4.207393430988304e-06,0.0,0.0,0.0,0.00010518483577470761
37.0,5.996232630423037e-07,3.877222752635134e-06,0.0,0.0,0.0,9.693056881587836e-05
38.0,9.210759799316293e-07,5.955767392151756e-06,0.0,0.0,0.0,0.0001488941848037939
39.0,9.210759799316293e-07,5.955767392151756e-06,0.0,0.0,0.0,0.0001488941848037939
40.0,0.0,0.0,0.0,0.0,0.0,0.0
41.0,9.210759799316293e-07,5.955767392151756e-06,0.0,0.0,0.0,0.0001488941848037939
42.0,9.210759799316293e-07,5.955767392151756e-06,0.0,0.0,0.0,0.0001488941848037939
43.0,6.185839538375149e-07,3.999824457423529e-06,0.0,0.0,0.0,9.999561143558822e-05
44.0,6.015629878675099e-07,3.889765139319934e-06,0.0,0.0,0.0,9.724412848299835e-05
45.0,9.976866977012833e-07,6.451139597629663e-06,0.0,0.0,0.0,0.00016127848994074157
46.0,0.00018410629127174616,6.451139597629663e-06,0.0,0.0,0.0,0.015342190939312179
47.0,0.0002544462331570685,4.207393430988304e-06,0.0,0.0,0.001736111111111111,0.021203852763089042
48.0,0.00012735338532365859,2.5607055249565747e-06,0.0,0.0,0.0,0.010612782110304883
49.0,0.0005696590524166822,6.451139597629663e-06,0.0,0.0,0.006944444444444444,0.047471587701390185
50.0,0.00010750659566838294,4.207393430988304e-06,0.0,0.0,0.001736111111111111,0.011574074074074073
51.0,5.996232630423037e-07,3.877222752635134e-06,0.0,0.0,0.0,9.693056881587836e-05
52.0,9.210759799316293e-07,5.955767392151756e-06,0.0,0.0,0.0,0.0001488941848037939
53.0,9.210759799316293e-07,5.955767392151756e-06,0.0,0.0,0.0,0.0001488941848037939
54.0,6.185839538375149e-07,3.999824457423529e-06,0.0,0.0,0.0,9.999561143558822e-05
55.0,6.015629878675099e-07,3.889765139319934e-06,0.0,0.0,0.0,9.724412848299835e-05
56.0,9.976866977012833e-07,6.451139597629663e-06,0.0,0.0,0.0,0.00016127848994074157
57.0,1.6580746887484565e-05,2.878333816624945e-06,0.0,0.0,0.0,0.0013817289072903804
58.0,6.015629878675099e-07,3.889765139319934e-06,0.0,0.0,0.0,9.724412848299835e-05
59.0,9.976866977012833e-07,6.451139597629663e-06,0.0,0.0,0.0,0.00016127848994074157
60.0,9.976866977012833e-07,6.451139597629663e-06,0.0,0.0,0.0,0.00016127848994074157
61.0,6.506850809273601e-07,4.207393430988304e-06,0.0,0.0,0.0,0.00010518483577470761
62.0,5.996232630423037e-07,3.877222752635134e-06,0.0,0.0,0.0,9.693056881587836e-05
63.0,9.210759799316293e-07,5.955767392151756e-06,0.0,0.0,0.0,0.0001488941848037939
64.0,9.210759799316293e-07,5.955767392151756e-06,0.0,0.0,0.0,0.0001488941848037939
65.0,0.0,0.0,0.0,0.0,0.0,0.0
66.0,9.210759799316293e-07,5.955767392151756e-06,0.0,0.0,0.0,0.0001488941848037939
67.0,9.210759799316293e-07,5.955767392151756e-06,0.0,0.0,0.0,0.0001488941848037939
68.0,6.185839538375149e-07,3.999824457423529e-06,0.0,0.0,0.0,9.999561143558822e-05
69.0,6.015629878675099e-07,3.889765139319934e-06,0.0,0.0,0.0,9.724412848299835e-05
70.0,9.976866977012833e-07,6.451139597629663e-06,0.0,0.0,0.0,0.00016127848994074157
71.0,9.976866977012833e-07,6.451139597629663e-06,0.0,0.0,0.0,0.00016127848994074157
72.0,6.506850809273601e-07,4.207393430988304e-06,0.0,0.0,0.0,0.00010518483577470761
73.0,3.960202263897372e-07,2.5607055249565747e-06,0.0,0.0,0.0,6.401763812391437e-05
74.0,9.976866977012833e-07,6.451139597629663e-06,0.0,0.0,0.0,0.00016127848994074157
75.0,6.506850809273601e-07,4.207393430988304e-06,0.0,0.0,0.0,0.00010518483577470761
76.0,5.996232630423037e-07,3.877222752635134e-06,0.0,0.0,0.0,9.693056881587836e-05
77.0,9.210759799316293e-07,5.955767392151756e-06,0.0,0.0,0.0,0.0001488941848037939
78.0,9.210759799316293e-07,5.955767392151756e-06,0.0,0.0,0.0,0.0001488941848037939
79.0,6.185839538375149e-07,3.999824457423529e-06,0.0,0.0,0.0,9.999561143558822e-05
80.0,6.015629878675099e-07,3.889765139319934e-06,0.0,0.0,0.0,9.724412848299835e-05
81.0,9.976866977012833e-07,6.451139597629663e-06,0.0,0.0,0.0,0.00016127848994074157
82.0,4.451423194495874e-07,2.878333816624945e-06,0.0,0.0,0.0,7.195834541562363e-05
83.0,6.015629878675099e-07,3.889765139319934e-06,0.0,0.0,0.0,9.724412848299835e-05
84.0,9.976866977012833e-07,6.451139597629663e-06,0.0,0.0,0.0,0.00016127848994074157
85.0,9.976866977012833e-07,6.451139597629663e-06,0.0,0.0,0.0,0.00016127848994074157
86.0,6.506850809273601e-07,4.207393430988304e-06,0.0,0.0,0.0,0.00010518483577470761
87.0,5.996232630423037e-07,3.877222752635134e-06,0.0,0.0,0.0,9.693056881587836e-05
88.0,9.210759799316293e-07,5.955767392151756e-06,0.0,0.0,0.0,0.0001488941848037939
89.0,9.210759799316293e-07,5.955767392151756e-06,0.0,0.0,0.0,0.0001488941848037939
90.0,0.0,0.0,0.0,0.0,0.0,0.0
91.0,9.210759799316293e-07,5.955767392151756e-06,0.0,0.0,0.0,0.0001488941848037939
92.0,9.210759799316293e-07,5.955767392151756e-06,0.0,0.0,0.0,0.0001488941848037939
93.0,6.185839538375149e-07,3.999824457423529e-06,0.0,0.0,0.0,9.999561143558822e-05
94.0,6.015629878675099e-07,3.889765139319934e-06,0.0,0.0,0.0,9.724412848299835e-05
95.0,9.976866977012833e-07,6.451139597629663e-06,0.0,0.0,0.0,0.00016127848994074157
96.0,9.976866977012833e-07,6.451139597629663e-06,0.0,0.0,0.0,0.00016127848994074157
97.0,6.506850809273601e-07,4.207393430988304e-06,0.0,0.0,0.0,0.00010518483577470761
98.0,3.960202263897372e-07,2.5607055249565747e-06,0.0,0.0,0.0,6.401763812391437e-05
99.0,9.976866977012833e-07,6.451139597629663e-06,0.0,0.0,0.0,0.00016127848994074157
100.0,6.506850809273601e-07,4.207393430988304e-06,0.0,0.0,0.0,0.00010518483577470761
101.0,5.996232630423037e-07,3.877222752635134e-06,0.0,0.0,0.0,9.693056881587836e-05
102.0,9.210759799316293e-07,5.955767392151756e-06,0.0,0.0,0.0,0.0001488941848037939
103.0,9.210759799316293e-07,5.955767392151756e-06,0.0,0.0,0.0,0.0001488941848037939
104.0,6.185839538375149e-07,3.999824457423529e-06,0.0,0.0,0.0,9.999561143558822e-05
105.0,6.015629878675099e-07,3.889765139319934e-06,0.0,0.0,0.0,9.724412848299835e-05
106.0,9.976866977012833e-07,6.451139597629663e-06,0.0,0.0,0.0,0.00016127848994074157
107.0,4.451423194495874e-07,2.878333816624945e-06,0.0,0.0,0.0,7.195834541562363e-05
108.0,6.015629878675099e-07,3.889765139319934e-06,0.0,0.0,0.0,9.724412848299835e-05
109.0,9.976866977012833e-07,6.451139597629663e-06,0.0,0.0,0.0,0.00016127848994074157
110.0,9.976866977012833e-07,6.451139597629663e-06,0.0,0.0,0.0,0.00016127848994074157
111.0,6.506850809273601e-07,4.207393430988304e-06,0.0,0.0,0.0,0.00010518483577470761
112.0,5.996232630423037e-07,3.877222752635134e-06,0.0,0.0,0.0,9.693056881587836e-05
113.0,9.210759799316293e-07,5.955767392151756e-06,0.0,0.0,0.0,0.0001488941848037939
114.0,9.210759799316293e-07,5.955767392151756e-06,0.0,0.0,0.0,0.0001488941848037939
115.0,0.0,0.0,0.0,0.0,0.0,0.0
116.0,9.210759799316293e-07,5.955767392151756e-06,0.0,0.0,0.0,0.0001488941848037939
117.0,9.210759799316293e-07,5.955767392151756e-06,0.0,0.0,0.0,0.0001488941848037939
118.0,6.185839538375149e-07,3.999824457423529e-06,0.0,0.0,0.0,9.999561143558822e-05
119.0,6.015629878675099e-07,3.889765139319934e-06,0.0,0.0,0.0,9.724412848299835e-05
120.0,9.976866977012833e-07,6.451139597629663e-06,0.0,0.0,0.0,0.00016127848994074157
121.0,9.976866977012833e-07,6.451139597629663e-06,0.0,0.0,0.0,0.00016127848994074157
122.0,6.506850809273601e-07,4.207393430988304e-06,0.0,0.0,0.0,0.00010518483577470761
123.0,3.960202263897372e-07,2.5607055249565747e-06,0.0,0.0,0.0,6.401763812391437e-05
124.0,0.03501327335834503,0.03242753818631172,0.0,0.0002918849640991539,0.3315972222222222,2.917772779862086
125.0,2.878900602354406e-07,1.2011769285891205e-06,0.0,0.0,0.0,3.0029423214728013e-05
126.0,0.0,0.0,0.0,0.0,0.0,0.0
127.0,0.0,0.0,0.0,0.0,0.0,0.0
128.0,0.0,0.0,0.0,0.0,0.0,0.0
129.0,0.0,0.0,0.0,0.0,0.0,0.0
130.0,0.0,0.0,0.0,0.0,0.0,0.0
131.0,0.0,0.0,0.0,0.0,0.0,0.0
132.0,0.0,0.0,0.0,0.0,0.0,0.0
133.0,0.0,0.0,0.0,0.0,0.0,0.0
134.0,0.0,0.0,0.0,0.0,0.0,0.0
135.0,0.0,0.0,0.0,0.0,0.0,0.0
136.0,0.0,0.0,0.0,0.0,0.0,0.0
137.0,0.0,0.0,0.0,0.0,0.0,0.0
138.0,0.0,0.0,0.0,0.0,0.0,0.0
139.0,0.0,0.0,0.0,0.0,0.0,0.0
140.0,0.0,0.0,0.0,0.0,0.0,0.0
141.0,0.0,0.0,0.0,0.0,0.0,0.0
142.0,0.0,0.0,0.0,0.0,0.0,0.0
143.0,0.0,0.0,0.0,0.0,0.0,0.0
144.0,0.0,0.0,0.0,0.0,0.0,0.0
145.0,0.0,0.0,0.0,0.0,0.0,0.0
146.0,0.0,0.0,0.0,0.0,0.0,0.0
147.0,0.0,0.0,0.0,0.0,0.0,0.0
148.0,0.0,0.0,0.0,0.0,0.0,0.0
149.0,2.878900602354406e-07,1.2011769285891205e-06,0.0,0.0,0.0,3.0029423214728013e-05
150.0,2.878900602354406e-07,1.2011769285891205e-06,0.0,0.0,0.0,3.0029423214728013e-05
151.0,0.0,0.0,0.0,0.0,0.0,0.0
152.0,0.0,0.0,0.0,0.0,0.0,0.0
153.0,0.0,0.0,0.0,0.0,0.0,0.0
154.0,0.0,0.0,0.0,0.0,0.0,0.0
155.0,0.0,0.0,0.0,0.0,0.0,0.0
156.0,0.0,0.0,0.0,0.0,0.0,0.0
157.0,0.0,0.0,0.0,0.0,0.0,0.0
158.0,0.0,0.0,0.0,0.0,0.0,0.0
159.0,0.0,0.0,0.0,0.0,0.0,0.0
160.0,0.00025170203298330307,0.0,0.0,0.0,0.0,0.020975169415275257
161.0,2.0101442714803852e-05,0.0,0.0,0.0,0.0,0.0016751202262336544
162.0,0.0,0.0,0.0,0.0,0.0,0.0
163.0,0.0,0.0,0.0,0.0,0.0,0.0
164.0,0.0,0.0,0.0,0.0,0.0,0.0
165.0,0.0,0.0,0.0,0.0,0.0,0.0
166.0,3.7475101635209285e-06,0.0,0.0,0.0,0.0,0.00031229251362674404
167.0,0.0,0.0,0.0,0.0,0.0,0.0
168.0,0.0,0.0,0.0,0.0,0.0,0.0
169.0,0.0,0.0,0.0,0.0,0.0,0.0
170.0,0.0,0.0,0.0,0.0,0.0,0.0
171.0,0.0,0.0,0.0,0.0,0.0,0.0
172.0,0.0,0.0,0.0,0.0,0.0,0.0
173.0,0.0,0.0,0.0,0.0,0.0,0.0
174.0,8.155320188052428e-07,1.2011769285891205e-06,0.0,0.0,0.0,6.796100156710357e-05
175.0,8.155320188052428e-07,1.2011769285891205e-06,0.0,0.0,0.0,6.796100156710357e-05
176.0,0.0,0.0,0.0,0.0,0.0,0.0
177.0,0.0,0.0,0.0,0.0,0.0,0.0
178.0,0.0,0.0,0.0,0.0,0.0,0.0
179.0,0.0,0.0,0.0,0.0,0.0,0.0
180.0,0.0,0.0,0.0,0.0,0.0,0.0
181.0,0.0,0.0,0.0,0.0,0.0,0.0
182.0,0.0,0.0,0.0,0.0,0.0,0.0
183.0,0.0,0.0,0.0,0.0,0.0,0.0
184.0,0.0,0.0,0.0,0.0,0.0,0.0
185.0,0.0,0.0,0.0,0.0,0.0,0.0
186.0,0.0,0.0,0.0,0.0,0.0,0.0
187.0,0.0,0.0,0.0,0.0,0.0,0.0
188.0,0.0,0.0,0.0,0.0,0.0,0.0
189.0,0.0,0.0,0.0,0.0,0.0,0.0
190.0,0.0,0.0,0.0,0.0,0.0,0.0
191.0,0.0,0.0,0.0,0.0,0.0,0.0
192.0,0.0,0.0,0.0,0.0,0.0,0.0
193.0,0.0,0.0,0.0,0.0,0.0,0.0
194.0,0.0,0.0,0.0,0.0,0.0,0.0
195.0,0.0,0.0,0.0,0.0,0.0,0.0
196.0,0.0,0.0,0.0,0.0,0.0,0.0
197.0,0.0,0.0,0.0,0.0,0.0,0.0
198.0,0.0,0.0,0.0,0.0,0.0,0.0
199.0,8.155320188052428e-07,1.2011769285891205e-06,0.0,0.0,0.0,6.796100156710357e-05
200.0,8.155320188052428e-07,1.2011769285891205e-06,0.0,0.0,0.0,6.796100156710357e-05
201.0,0.0002724672667682171,0.0,0.0,0.0,0.0,0.02270560556401809
202.0,0.0,0.0,0.0,0.0,0.0,0.0
203.0,0.0,0.0,0.0,0.0,0.0,0.0
204.0,0.0,0.0,0.0,0.0,0.0,0.0
205.0,0.0,0.0,0.0,0.0,0.0,0.0
206.0,0.0,0.0,0.0,0.0,0.0,0.0
207.0,0.0,0.0,0.0,0.0,0.0,0.0
208.0,1.2454714806153788e-06,0.0,0.0,0.0,0.0,0.00010378929005128157
209.0,0.0,0.0,0.0,0.0,0.0,0.0
210.0,0.0,0.0,0.0,0.0,0.0,0.0
211.0,0.0,0.0,0.0,0.0,0.0,0.0
212.0,0.0,0.0,0.0,0.0,0.0,0.0
213.0,0.0,0.0,0.0,0.0,0.0,0.0
214.0,0.0,0.0,0.0,0.0,0.0,0.0
215.0,0.0,0.0,0.0,0.0,0.0,0.0
216.0,0.0,0.0,0.0,0.0,0.0,0.0
217.0,0.0,0.0,0.0,0.0,0.0,0.0
218.0,0.0,0.0,0.0,0.0,0.0,0.0
219.0,0.0,0.0,0.0,0.0,0.0,0.0
220.0,0.0,0.0,0.0,0.0,0.0,0.0
221.0,0.0,0.0,0.0,0.0,0.0,0.0
222.0,0.0,0.0,0.0,0.0,0.0,0.0
223.0,0.0,0.0,0.0,0.0,0.0,0.0
224.0,2.878900602354406e-07,1.2011769285891205e-06,0.0,0.0,0.0,3.0029423214728013e-05
225.0,2.878900602354406e-07,1.2011769285891205e-06,0.0,0.0,0.0,3.0029423214728013e-05
226.0,0.0,0.0,0.0,0.0,0.0,0.0
227.0,0.0,0.0,0.0,0.0,0.0,0.0
228.0,0.0,0.0,0.0,0.0,0.0,0.0
229.0,0.0,0.0,0.0,0.0,0.0,0.0
230.0,0.0,0.0,0.0,0.0,0.0,0.0
231.0,0.0,0.0,0.0,0.0,0.0,0.0
232.0,0.0,0.0,0.0,0.0,0.0,0.0
233.0,0.0,0.0,0.0,0.0,0.0,0.0
234.0,0.0,0.0,0.0,0.0,0.0,0.0
235.0,0.0,0.0,0.0,0.0,0.0,0.0
236.0,0.0,0.0,0.0,0.0,0.0,0.0
237.0,0.0,0.0,0.0,0.0,0.0,0.0
238.0,0.0,0.0,0.0,0.0,0.0,0.0
239.0,0.0,0.0,0.0,0.0,0.0,0.0
240.0,0.0,0.0,0.0,0.0,0.0,0.0
241.0,0.0,0.0,0.0,0.0,0.0,0.0
242.0,0.0,0.0,0.0,0.0,0.0,0.0
243.0,0.0,0.0,0.0,0.0,0.0,0.0
244.0,0.0,0.0,0.0,0.0,0.0,0.0
245.0,0.0,0.0,0.0,0.0,0.0,0.0
246.0,0.0,0.0,0.0,0.0,0.0,0.0
247.0,0.0,0.0,0.0,0.0,0.0,0.0
248.0,0.0,0.0,0.0,0.0,0.0,0.0
249.0,2.878900602354406e-07,1.2011769285891205e-06,0.0,0.0,0.0,3.0029423214728013e-05
250.0,2.878900602354406e-07,1.2011769285891205e-06,0.0,0.0,0.0,3.0029423214728013e-05
251.0,0.0,0.0,0.0,0.0,0.0,0.0
252.0,0.0,0.0,0.0,0.0,0.0,0.0
253.0,0.0,0.0,0.0,0.0,0.0,0.0
254.0,0.0,0.0,0.0,0.0,0.0,0.0
255.0,0.0,0.0,0.0,0.0,0.0,0.0
256.0,0.0,0.0,0.0,0.0,0.0,0.0
257.0,0.0,0.0,0.0,0.0,0.0,0.0
258.0,0.0,0.0,0.0,0.0,0.0,0.0
259.0,0.0,0.0,0.0,0.0,0.0,0.0
260.0,0.0,0.0,0.0,0.0,0.0,0.0
261.0,0.0,0.0,0.0,0.0,0.0,0.0
262.0,0.0,0.0,0.0,0.0,0.0,0.0
263.0,0.0,0.0,0.0,0.0,0.0,0.0
264.0,0.0,0.0,0.0,0.0,0.0,0.0
265.0,0.0,0.0,0.0,0.0,0.0,0.0
266.0,0.0,0.0,0.0,0.0,0.0,0.0
267.0,0.0,0.0,0.0,0.0,0.0,0.0
268.0,0.0,0.0,0.0,0.0,0.0,0.0
269.0,0.0,0.0,0.0,0.0,0.0,0.0
270.0,7.86355940363137e-06,0.0,0.0,0.0,0.0,0.0006552966169692809
271.0,0.00017618121637497097,0.0,0.0,0.0,0.0,0.01468176803124758
272.0,0.0003530432877596468,0.0,0.0,0.0,0.0,0.029420273979970563
273.0,0.0,0.0,0.0,0.0,0.0,0.0
274.0,4.798373083758634e-06,1.2011769285891205e-06,0.0,0.0,0.0,0.0003998644236465528
275.0,3.049107419883512e-07,1.2011769285891205e-06,0.0,0.0,0.0,3.0029423214728013e-05
276.0,0.0,0.0,0.0,0.0,0.0,0.0
277.0,0.0,0.0,0.0,0.0,0.0,0.0
278.0,0.0,0.0,0.0,0.0,0.0,0.0
279.0,0.0,0.0,0.0,0.0,0.0,0.0
280.0,0.0,0.0,0.0,0.0,0.0,0.0
281.0,0.0,0.0,0.0,0.0,0.0,0.0
282.0,0.0,0.0,0.0,0.0,0.0,0.0
283.0,0.0,0.0,0.0,0.0,0.0,0.0
284.0,0.0,0.0,0.0,0.0,0.0,0.0
285.0,0.0,0.0,0.0,0.0,0.0,0.0
286.0,0.0,0.0,0.0,0.0,0.0,0.0
287.0,0.0,0.0,0.0,0.0,0.0,0.0
288.0,0.0,0.0,0.0,0.0,0.0,0.0
289.0,0.0,0.0,0.0,0.0,0.0,0.0
290.0,0.0,0.0,0.0,0.0,0.0,0.0
291.0,0.0,0.0,0.0,0.0,0.0,0.0
292.0,0.0,0.0,0.0,0.0,0.0,0.0
293.0,0.0,0.0,0.0,0.0,0.0,0.0
294.0,1.6220716133830138e-05,0.0,0.0,0.0,0.003472222222222222,0.023148148148148147
295.0,0.0003841570287477225,0.0,0.0,0.0,0.006944444444444444,0.046296296296296294
296.0,0.00017854706675279886,0.0,0.0,0.0,0.001736111111111111,0.014878922229399905
297.0,0.00039397799992002547,0.0,0.0,0.0,0.008680555555555556,0.05787037037037038
298.0,6.935932469787076e-05,0.0,0.0,0.0,0.001736111111111111,0.011574074074074073
299.0,0.00011516055383253843,1.2011769285891205e-06,0.0,0.0,0.006944444444444444,0.046296296296296294
300.0,0.00019202599651180208,1.2011769285891205e-06,0.0,0.0,0.003472222222222222,0.023148148148148147
301.0,0.00037489779060706496,0.0,0.0,0.0,0.005208333333333333,0.034722222222222224
302.0,0.00017453019972890615,0.0,0.0,0.0,0.003472222222222222,0.023148148148148147
303.0,0.000214920291909948,0.0,0.0,0.0,0.003472222222222222,0.023148148148148147
304.0,4.122412792639807e-05,0.0,0.0,0.0,0.0,0.0034353439938665056
305.0,0.0001852872665040195,0.0,0.0,0.0,0.003472222222222222,0.023148148148148147
306.0,0.0003122616617474705,0.0,0.0,0.0,0.001736111111111111,0.02602180514562254
307.0,0.00017401957302354276,0.0,0.0,0.0,0.001736111111111111,0.01450163108529523
308.0,0.00016588371363468468,0.0,0.0,0.0,0.0,0.01382364280289039
309.0,0.0001875850575743243,0.0,0.0,0.0,0.001736111111111111,0.015632088131193694
310.0,0.00020256327115930617,0.0,0.0,0.0,0.001736111111111111,0.016880272596608847
311.0,0.0002017973456531763,0.0,0.0,0.0,0.003472222222222222,0.023148148148148147
312.0,0.00019304871966596693,0.0,0.0,0.0,0.003472222222222222,0.023148148148148147
313.0,0.0,0.0,0.0,0.0,0.0,0.0
314.0,0.0,0.0,0.0,0.0,0.0,0.0
315.0,0.0,0.0,0.0,0.0,0.0,0.0
316.0,1.1046437975892331e-05,0.0,0.0,0.0,0.0,0.0009205364979910275
317.0,0.0,0.0,0.0,0.0,0.0,0.0
318.0,0.0,0.0,0.0,0.0,0.0,0.0
319.0,0.0,0.0,0.0,0.0,0.0,0.0
320.0,0.0,0.0,0.0,0.0,0.0,0.0
321.0,0.0,0.0,0.0,0.0,0.0,0.0
322.0,0.0,0.0,0.0,0.0,0.0,0.0
323.0,0.0,0.0,0.0,0.0,0.0,0.0
324.0,2.5384863988620054e-07,1.2011769285891205e-06,0.0,0.0,0.0,3.0029423214728013e-05
325.0,2.5384863988620054e-07,1.2011769285891205e-06,0.0,0.0,0.0,3.0029423214728013e-05
326.0,0.0,0.0,0.0,0.0,0.0,0.0
327.0,0.0,0.0,0.0,0.0,0.0,0.0
328.0,0.004283223766833544,0.0,0.0,0.0,0.0625,0.4166666666666667
329.0,0.0,0.0,0.0,0.0,0.0,0.0
330.0,0.0,0.0,0.0,0.0,0.0,0.0
331.0,0.0,0.0,0.0,0.0,0.0,0.0
332.0,0.0,0.0,0.0,0.0,0.0,0.0
333.0,4.45941805082839e-06,0.0,0.0,0.0,0.0,0.0003716181709023658
334.0,0.0,0.0,0.0,0.0,0.0,0.0
335.0,0.0,0.0,0.0,0.0,0.0,0.0
336.0,0.0,0.0,0.0,0.0,0.0,0.0
337.0,0.0,0.0,0.0,0.0,0.0,0.0
338.0,0.0,0.0,0.0,0.0,0.0,0.0
339.0,0.0,0.0,0.0,0.0,0.0,0.0
340.0,0.0,0.0,0.0,0.0,0.0,0.0
341.0,0.0,0.0,0.0,0.0,0.0,0.0
342.0,0.0,0.0,0.0,0.0,0.0,0.0
343.0,0.0,0.0,0.0,0.0,0.0,0.0
344.0,0.0,0.0,0.0,0.0,0.0,0.0
345.0,0.0,0.0,0.0,0.0,0.0,0.0
346.0,0.0,0.0,0.0,0.0,0.0,0.0
347.0,0.0,0.0,0.0,0.0,0.0,0.0
348.0,0.0,0.0,0.0,0.0,0.0,0.0
349.0,2.878900602354406e-07,1.2011769285891205e-06,0.0,0.0,0.0,3.0029423214728013e-05
350.0,2.878900602354406e-07,1.2011769285891205e-06,0.0,0.0,0.0,3.0029423214728013e-05
351.0,0.0,0.0,0.0,0.0,0.0,0.0
352.0,0.0,0.0,0.0,0.0,0.0,0.0
353.0,0.0,0.0,0.0,0.0,0.0,0.0
354.0,0.0,0.0,0.0,0.0,0.0,0.0
355.0,0.0,0.0,0.0,0.0,0.0,0.0
356.0,0.0,0.0,0.0,0.0,0.0,0.0
357.0,0.0,0.0,0.0,0.0,0.0,0.0
358.0,0.0,0.0,0.0,0.0,0.0,0.0
359.0,0.0,0.0,0.0,0.0,0.0,0.0
360.0,0.0,0.0,0.0,0.0,0.0,0.0
361.0,0.0,0.0,0.0,0.0,0.0,0.0
362.0,0.0,0.0,0.0,0.0,0.0,0.0
363.0,0.0,0.0,0.0,0.0,0.0,0.0
364.0,0.0,0.0,0.0,0.0,0.0,0.0
365.0,0.0,0.0,0.0,0.0,0.0,0.0
366.0,0.0,0.0,0.0,0.0,0.0,0.0
367.0,0.0,0.0,0.0,0.0,0.0,0.0
368.0,0.0,0.0,0.0,0.0,0.0,0.0
369.0,0.0,0.0,0.0,0.0,0.0,0.0
370.0,0.0,0.0,0.0,0.0,0.0,0.0
371.0,0.0,0.0,0.0,0.0,0.0,0.0
372.0,0.0,0.0,0.0,0.0,0.0,0.0
373.0,0.0,0.0,0.0,0.0,0.0,0.0
374.0,2.878900602354406e-07,1.2011769285891205e-06,0.0,0.0,0.0,3.0029423214728013e-05
375.0,2.878900602354406e-07,1.2011769285891205e-06,0.0,0.0,0.0,3.0029423214728013e-05
376.0,0.0,0.0,0.0,0.0,0.0,0.0
377.0,0.0,0.0,0.0,0.0,0.0,0.0
378.0,0.0,0.0,0.0,0.0,0.0,0.0
379.0,0.0,0.0,0.0,0.0,0.0,0.0
380.0,0.0,0.0,0.0,0.0,0.0,0.0
381.0,0.0,0.0,0.0,0.0,0.0,0.0
382.0,0.0,0.0,0.0,0.0,0.0,0.0
383.0,0.0,0.0,0.0,0.0,0.0,0.0
384.0,0.0,0.0,0.0,0.0,0.0,0.0
385.0,0.0,0.0,0.0,0.0,0.0,0.0
386.0,0.0,0.0,0.0,0.0,0.0,0.0
387.0,0.0,0.0,0.0,0.0,0.0,0.0
388.0,0.0,0.0,0.0,0.0,0.0,0.0
389.0,0.0,0.0,0.0,0.0,0.0,0.0
390.0,0.0,0.0,0.0,0.0,0.0,0.0
391.0,0.0,0.0,0.0,0.0,0.0,0.0
392.0,0.0,0.0,0.0,0.0,0.0,0.0
393.0,0.0,0.0,0.0,0.0,0.0,0.0
394.0,0.0,0.0,0.0,0.0,0.0,0.0
395.0,0.0,0.0,0.0,0.0,0.0,0.0
396.0,0.0,0.0,0.0,0.0,0.0,0.0
397.0,0.0,0.0,0.0,0.0,0.0,0.0
398.0,0.0,0.0,0.0,0.0,0.0,0.0
399.0,2.878900602354406e-07,1.2011769285891205e-06,0.0,0.0,0.0,3.0029423214728013e-05
400.0,2.878900602354406e-07,1.2011769285891205e-06,0.0,0.0,0.0,3.0029423214728013e-05
401.0,0.0,0.0,0.0,0.0,0.0,0.0
402.0,0.0,0.0,0.0,0.0,0.0,0.0
403.0,0.0,0.0,0.0,0.0,0.0,0.0
404.0,0.0,0.0,0.0,0.0,0.0,0.0
405.0,0.0,0.0,0.0,0.0,0.0,0.0
406.0,2.0704297298834717e-07,8.98530174708867e-07,0.0,0.0,0.0,2.2463254367721674e-05
407.0,0.044488780200481415,0.030890557914972305,0.0,0.00041076226625591516,0.21006944444444445,3.7073983500401178
408.0,0.0,0.0,0.0,0.0,0.0,0.0
409.0,0.0,0.0,0.0,0.0,0.0,0.0
410.0,0.0,0.0,0.0,0.0,0.0,0.0
411.0,0.0,0.0,0.0,0.0,0.0,0.0
412.0,0.0,0.0,0.0,0.0,0.0,0.0
413.0,0.0,0.0,0.0,0.0,0.0,0.0
414.0,0.0,0.0,0.0,0.0,0.0,0.0
415.0,0.0,0.0,0.0,0.0,0.0,0.0
416.0,0.0,0.0,0.0,0.0,0.0,0.0
417.0,0.0,0.0,0.0,0.0,0.0,0.0
418.0,0.0,0.0,0.0,0.0,0.0,0.0
419.0,0.0,0.0,0.0,0.0,0.0,0.0
420.0,0.0,0.0,0.0,0.0,0.0,0.0
421.0,0.0,0.0,0.0,0.0,0.0,0.0
422.0,0.0,0.0,0.0,0.0,0.0,0.0
423.0,3.5743371995522466e-07,0.0,0.0,0.0,0.0,2.9786143329602055e-05
424.0,3.5743371995522466e-07,0.0,0.0,0.0,0.0,2.9786143329602055e-05
425.0,0.0,0.0,0.0,0.0,0.0,0.0
426.0,0.0,0.0,0.0,0.0,0.0,0.0
427.0,0.0,0.0,0.0,0.0,0.0,0.0
428.0,0.0,0.0,0.0,0.0,0.0,0.0
429.0,0.0,0.0,0.0,0.0,0.0,0.0
430.0,0.0,0.0,0.0,0.0,0.0,0.0
431.0,0.0,0.0,0.0,0.0,0.0,0.0
432.0,0.0,0.0,0.0,0.0,0.0,0.0
433.0,0.0,0.0,0.0,0.0,0.0,0.0
434.0,0.0,0.0,0.0,0.0,0.0,0.0
435.0,0.0,0.0,0.0,0.0,0.0,0.0
436.0,0.0,0.0,0.0,0.0,0.0,0.0
437.0,0.0,0.0,0.0,0.0,0.0,0.0
438.0,0.0,0.0,0.0,0.0,0.0,0.0
439.0,0.0,0.0,0.0,0.0,0.0,0.0
440.0,0.0,0.0,0.0,0.0,0.0,0.0
441.0,0.0,0.0,0.0,0.0,0.0,0.0
442.0,0.0,0.0,0.0,0.0,0.0,0.0
443.0,0.0,0.0,0.0,0.0,0.0,0.0
444.0,0.0,0.0,0.0,0.0,0.0,0.0
445.0,0.0,0.0,0.0,0.0,0.0,0.0
446.0,0.0,0.0,0.0,0.0,0.0,0.0
447.0,0.0,0.0,0.0,0.0,0.0,0.0
448.0,3.5743371995522466e-07,0.0,0.0,0.0,0.0,2.9786143329602055e-05
449.0,3.5743371995522466e-07,0.0,0.0,0.0,0.0,2.9786143329602055e-05
450.0,0.0,0.0,0.0,0.0,0.0,0.0
451.0,0.0,0.0,0.0,0.0,0.0,0.0
452.0,0.0,0.0,0.0,0.0,0.0,0.0
453.0,0.0,0.0,0.0,0.0,0.0,0.0
454.0,0.0,0.0,0.0,0.0,0.0,0.0
455.0,0.0,0.0,0.0,0.0,0.0,0.0
456.0,0.0,0.0,0.0,0.0,0.0,0.0
457.0,5.720655099139549e-05,0.0,0.0,0.0,0.001736111111111111,0.011574074074074073
458.0,0.00011248978989897296,0.0,0.0,0.0,0.005208333333333333,0.034722222222222224
459.0,0.000115723698399961,0.0,0.0,0.0,0.003472222222222222,0.023148148148148147
460.0,0.00016858996241353452,0.0,0.0,0.0,0.0,0.01404916353446121
461.0,6.9001893280074e-05,0.0,0.0,0.0,0.003472222222222222,0.023148148148148147
462.0,0.0,0.0,0.0,0.0,0.0,0.0
463.0,2.3114098439691588e-05,0.0,0.0,0.0,0.005208333333333333,0.034722222222222224
464.0,0.0,0.0,0.0,0.0,0.0,0.0
465.0,0.00028393109096214175,0.0,0.0,0.0,0.0,0.023660924246845145
466.0,0.00010362197645008564,0.0,0.0,0.0,0.0,0.008635164704173803
467.0,5.99298691668082e-05,0.0,0.0,0.0,0.0,0.004994155763900683
468.0,0.0,0.0,0.0,0.0,0.0,0.0
469.0,0.0,0.0,0.0,0.0,0.0,0.0
470.0,0.0004637968959286809,0.0,0.0,0.0,0.005208333333333333,0.038649741327390075
471.0,0.0,0.0,0.0,0.0,0.0,0.0
472.0,0.0,0.0,0.0,0.0,0.0,0.0
473.0,0.0003246357082389295,0.0,0.0,0.0,0.006944444444444444,0.046296296296296294
474.0,0.0006891849334351718,0.0,0.0,0.0,0.012152777777777778,0.08101851851851852
475.0,0.00020466568821575493,0.0,0.0,0.0,0.008680555555555556,0.05787037037037038
476.0,0.0,0.0,0.0,0.0,0.0,0.0
477.0,0.0,0.0,0.0,0.0,0.0,0.0
478.0,0.0,0.0,0.0,0.0,0.0,0.0
479.0,0.0,0.0,0.0,0.0,0.0,0.0
480.0,0.0,0.0,0.0,0.0,0.0,0.0
481.0,0.0,0.0,0.0,0.0,0.0,0.0
482.0,9.344373211206403e-06,0.0,0.0,0.0,0.0,0.0007786977676005336
483.0,0.00021229909907560796,0.0,0.0,0.0,0.003472222222222222,0.023148148148148147
484.0,0.00024057048722170293,0.0,0.0,0.0,0.006944444444444444,0.046296296296296294
485.0,0.0,0.0,0.0,0.0,0.0,0.0
486.0,0.0,0.0,0.0,0.0,0.0,0.0
487.0,0.00015650526620447636,0.0,0.0,0.0,0.006944444444444444,0.046296296296296294
488.0,0.0002884326968342066,0.0,0.0,0.0,0.003472222222222222,0.024036058069517214
489.0,0.0,0.0,0.0,0.0,0.0,0.0
490.0,4.612621523847338e-06,0.0,0.0,0.0,0.0,0.00038438512698727817
491.0,0.0,0.0,0.0,0.0,0.0,0.0
492.0,0.0,0.0,0.0,0.0,0.0,0.0
493.0,0.0,0.0,0.0,0.0,0.0,0.0
494.0,0.0,0.0,0.0,0.0,0.0,0.0
495.0,0.0,0.0,0.0,0.0,0.0,0.0
496.0,0.0,0.0,0.0,0.0,0.0,0.0
497.0,0.0,0.0,0.0,0.0,0.0,0.0
498.0,7.318889743146428e-07,0.0,0.0,0.0,0.0,6.0990747859553565e-05
499.0,7.318889743146428e-07,0.0,0.0,0.0,0.0,6.0990747859553565e-05
500.0,0.0,0.0,0.0,0.0,0.0,0.0
501.0,0.0,0.0,0.0,0.0,0.0,0.0
502.0,0.0,0.0,0.0,0.0,0.0,0.0
503.0,0.0,0.0,0.0,0.0,0.0,0.0
504.0,0.0,0.0,0.0,0.0,0.0,0.0
505.0,0.0,0.0,0.0,0.0,0.0,0.0
506.0,0.0,0.0,0.0,0.0,0.0,0.0
507.0,0.0,0.0,0.0,0.0,0.0,0.0
508.0,0.0,0.0,0.0,0.0,0.0,0.0
509.0,0.0,0.0,0.0,0.0,0.0,0.0
510.0,0.0,0.0,0.0,0.0,0.0,0.0
511.0,0.0,0.0,0.0,0.0,0.0,0.0
512.0,0.00031736589153297246,0.0,0.0,5.252870778349461e-06,0.001736111111111111,0.026447157627747703
513.0,0.00020290369866415858,0.0,0.0,0.0,0.001736111111111111,0.01690864155534655
514.0,4.413465649122372e-05,3.741953332792036e-05,0.0,0.0,0.005208333333333333,0.034722222222222224
515.0,1.2916771083837375e-05,4.413303031469695e-05,0.0,5.252870778349461e-06,0.005208333333333333,0.034722222222222224
516.0,0.0,0.0,0.0,0.0,0.0,0.0
517.0,0.0,0.0,0.0,0.0,0.0,0.0
518.0,0.0,0.0,0.0,0.0,0.0,0.0
519.0,0.0,0.0,0.0,0.0,0.0,0.0
520.0,0.0,0.0,0.0,0.0,0.0,0.0
521.0,0.0,0.0,0.0,0.0,0.0,0.0
522.0,0.002299001906067133,8.067210728768259e-05,0.0,0.0,0.05555555555555555,0.37037037037037035
523.0,1.1574063591979211e-06,0.0,0.0,0.0,0.0,9.64505299331601e-05
524.0,3.5743371995522466e-07,0.0,0.0,0.0,0.0,2.9786143329602055e-05
525.0,0.0,0.0,0.0,0.0,0.0,0.0
526.0,0.0,0.0,0.0,0.0,0.0,0.0
527.0,0.0,0.0,0.0,0.0,0.0,0.0
528.0,0.0,0.0,0.0,0.0,0.0,0.0
529.0,0.0,0.0,0.0,0.0,0.0,0.0
530.0,0.0,0.0,0.0,0.0,0.0,0.0
531.0,0.0,0.0,0.0,0.0,0.0,0.0
532.0,0.0,0.0,0.0,0.0,0.0,0.0
533.0,0.0,0.0,0.0,0.0,0.0,0.0
534.0,0.0,0.0,0.0,0.0,0.0,0.0
535.0,0.0,0.0,0.0,0.0,0.0,0.0
536.0,0.0,0.0,0.0,0.0,0.0,0.0
537.0,0.0,0.0,0.0,0.0,0.0,0.0
538.0,0.0,0.0,0.0,0.0,0.0,0.0
539.0,0.0,0.0,0.0,0.0,0.0,0.0
540.0,0.0,0.0,0.0,0.0,0.0,0.0
541.0,0.0,0.0,0.0,0.0,0.0,0.0
542.0,0.0,0.0,0.0,0.0,0.0,0.0
543.0,0.0,0.0,0.0,0.0,0.0,0.0
544.0,0.0,0.0,0.0,0.0,0.0,0.0
545.0,0.0,0.0,0.0,0.0,0.0,0.0
546.0,0.0,0.0,0.0,0.0,0.0,0.0
547.0,0.0,0.0,0.0,0.0,0.0,0.0
548.0,3.5743371995522466e-07,0.0,0.0,0.0,0.0,2.9786143329602055e-05
549.0,0.0004766645433846861,0.0,0.0,0.0,0.012152777777777778,0.08101851851851852
550.0,0.00012467658962123096,0.0,0.0,0.0,0.005208333333333333,0.034722222222222224
551.0,0.00010808141814777628,0.0,0.0,0.0,0.003472222222222222,0.023148148148148147
552.0,0.000234238788834773,0.0,0.0,0.0,0.003472222222222222,0.023148148148148147
553.0,0.0006600965280085802,0.0,0.0,0.0,0.015625,0.10416666666666667
554.0,0.00032630370697006583,0.0,0.0,0.0,0.006944444444444444,0.046296296296296294
555.0,0.00023148144828155637,0.0,0.0,0.0,0.005208333333333333,0.034722222222222224
556.0,5.6032120482996106e-05,0.0,0.0,0.0,0.005208333333333333,0.034722222222222224
557.0,1.846745544753503e-05,0.0,0.0,0.0,0.0,0.0015389546206279192
558.0,0.0002603825705591589,0.0,0.0,0.0,0.001736111111111111,0.021698547546596576
559.0,0.00019897193124052137,0.0,0.0,0.0,0.0,0.016580994270043448
560.0,0.00021943078900221735,0.0,0.0,0.0,0.001736111111111111,0.018285899083518114
561.0,0.0,0.0,0.0,0.0,0.0,0.0
562.0,0.0,0.0,0.0,0.0,0.0,0.0
563.0,0.0,0.0,0.0,0.0,0.0,0.0
564.0,0.0,0.0,0.0,0.0,0.0,0.0
565.0,8.084831279120408e-06,0.0,0.0,0.0,0.001736111111111111,0.011574074074074073
566.0,0.0,0.0,0.0,0.0,0.0,0.0
567.0,0.0,0.0,0.0,0.0,0.0,0.0
568.0,0.0,0.0,0.0,0.0,0.0,0.0
569.0,0.0,0.0,0.0,0.0,0.0,0.0
570.0,0.0,0.0,0.0,0.0,0.0,0.0
571.0,0.0,0.0,0.0,0.0,0.0,0.0
572.0,0.0002557529369369149,0.0,0.0,0.0,0.003472222222222222,0.023148148148148147
573.0,0.00015276960039045662,0.0,0.0,0.0,0.003472222222222222,0.023148148148148147
574.0,8.703569619683549e-05,0.0,0.0,0.0,0.0,0.007252974683069624
575.0,5.0381251639919356e-05,0.0,0.0,0.0,0.0,0.004198437636659946
576.0,0.0,0.0,0.0,0.0,0.0,0.0
577.0,0.0,0.0,0.0,0.0,0.0,0.0
578.0,0.0,0.0,0.0,0.0,0.0,0.0
579.0,0.0,0.0,0.0,0.0,0.0,0.0
580.0,0.0,0.0,0.0,0.0,0.0,0.0
581.0,0.0,0.0,0.0,0.0,0.0,0.0
582.0,1.8552566416474292e-06,0.0,0.0,0.0,0.0,0.00015460472013728577
583.0,0.0,0.0,0.0,0.0,0.0,0.0
584.0,0.0,0.0,0.0,0.0,0.0,0.0
585.0,0.0,0.0,0.0,0.0,0.0,0.0
586.0,0.0,0.0,0.0,0.0,0.0,0.0
587.0,0.0,0.0,0.0,0.0,0.0,0.0
588.0,0.0,0.0,0.0,0.0,0.0,0.0
589.0,0.0,0.0,0.0,0.0,0.0,0.0
590.0,0.0,0.0,0.0,0.0,0.0,0.0
591.0,0.0,0.0,0.0,0.0,0.0,0.0
592.0,0.0,0.0,0.0,0.0,0.0,0.0
593.0,0.0,0.0,0.0,0.0,0.0,0.0
594.0,0.0,0.0,0.0,0.0,0.0,0.0
595.0,0.0,0.0,0.0,0.0,0.0,0.0
596.0,0.0,0.0,0.0,0.0,0.0,0.0
597.0,0.0,0.0,0.0,0.0,0.0,0.0
598.0,4.0035939719018643e-07,0.0,0.0,0.0,0.0,3.3363283099182205e-05
599.0,4.0035939719018643e-07,0.0,0.0,0.0,0.0,3.3363283099182205e-05
600.0,0.0,0.0,0.0,0.0,0.0,0.0
601.0,0.0,0.0,0.0,0.0,0.0,0.0
602.0,0.0,0.0,0.0,0.0,0.0,0.0
603.0,0.0,0.0,0.0,0.0,0.0,0.0
604.0,0.0,0.0,0.0,0.0,0.0,0.0
605.0,0.0,0.0,0.0,0.0,0.0,0.0
606.0,0.0,0.0,0.0,0.0,0.0,0.0
607.0,0.0,0.0,0.0,0.0,0.0,0.0
608.0,0.0,0.0,0.0,0.0,0.0,0.0
609.0,0.0,0.0,0.0,0.0,0.0,0.0
610.0,0.0,0.0,0.0,0.0,0.0,0.0
611.0,0.0,0.0,0.0,0.0,0.0,0.0
612.0,0.0,0.0,0.0,0.0,0.0,0.0
613.0,0.0,0.0,0.0,0.0,0.0,0.0
614.0,0.0,0.0,0.0,0.0,0.0,0.0
615.0,0.0,0.0,0.0,0.0,0.0,0.0
616.0,0.0,0.0,0.0,0.0,0.0,0.0
617.0,0.0,0.0,0.0,0.0,0.0,0.0
618.0,0.0,0.0,0.0,0.0,0.0,0.0
619.0,0.0,0.0,0.0,0.0,0.0,0.0
620.0,0.0,0.0,0.0,0.0,0.0,0.0
621.0,0.0,0.0,0.0,0.0,0.0,0.0
622.0,0.0,0.0,0.0,0.0,0.0,0.0
623.0,4.0035939719018643e-07,0.0,0.0,0.0,0.0,3.3363283099182205e-05
624.0,4.0035939719018643e-07,0.0,0.0,0.0,0.0,3.3363283099182205e-05
625.0,0.0,0.0,0.0,0.0,0.0,0.0
626.0,0.0,0.0,0.0,0.0,0.0,0.0
627.0,0.0,0.0,0.0,0.0,0.0,0.0
628.0,0.0,0.0,0.0,0.0,0.0,0.0
629.0,0.0,0.0,0.0,0.0,0.0,0.0
630.0,0.0,0.0,0.0,0.0,0.0,0.0
631.0,0.0,0.0,0.0,0.0,0.0,0.0
632.0,0.0,0.0,0.0,0.0,0.0,0.0
633.0,0.0,0.0,0.0,0.0,0.0,0.0
634.0,0.0,0.0,0.0,0.0,0.0,0.0
635.0,0.0,0.0,0.0,0.0,0.0,0.0
636.0,0.0,0.0,0.0,0.0,0.0,0.0
637.0,0.0,0.0,0.0,0.0,0.0,0.0
638.0,0.0,0.0,0.0,0.0,0.0,0.0
639.0,0.0,0.0,0.0,0.0,0.0,0.0
640.0,0.0,0.0,0.0,0.0,0.0,0.0
641.0,0.0034338906407356262,0.0,0.0,0.0,0.06597222222222222,0.4398148148148148
642.0,0.04437565430998802,0.03344494476914406,0.0,0.00042228473466821015,0.2777777777777778,3.6979711924990015
643.0,0.0,0.0,0.0,0.0,0.0,0.0
644.0,0.0,0.0,0.0,0.0,0.0,0.0
645.0,0.0,0.0,0.0,0.0,0.0,0.0
646.0,0.0,0.0,0.0,0.0,0.0,0.0
647.0,0.0,0.0,0.0,0.0,0.0,0.0
648.0,0.0,0.0,0.0,0.0,0.0,0.0
649.0,0.0,0.0,0.0,0.0,0.0,0.0
650.0,2.893510497870011e-07,0.0,0.0,0.0,0.0,2.4112587482250092e-05
651.0,2.893510497870011e-07,0.0,0.0,0.0,0.0,2.4112587482250092e-05
652.0,0.0,0.0,0.0,0.0,0.0,0.0
653.0,0.0,0.0,0.0,0.0,0.0,0.0
654.0,0.0,0.0,0.0,0.0,0.0,0.0
655.0,0.0,0.0,0.0,0.0,0.0,0.0
656.0,0.0,0.0,0.0,0.0,0.0,0.0
657.0,0.0,0.0,0.0,0.0,0.0,0.0
658.0,0.0,0.0,0.0,0.0,0.0,0.0
659.0,0.0,0.0,0.0,0.0,0.0,0.0
660.0,0.0,0.0,0.0,0.0,0.0,0.0
661.0,0.0,0.0,0.0,0.0,0.0,0.0
662.0,0.0,0.0,0.0,0.0,0.0,0.0
663.0,0.0,0.0,0.0,0.0,0.0,0.0
664.0,0.0,0.0,0.0,0.0,0.0,0.0
665.0,0.0,0.0,0.0,0.0,0.0,0.0
666.0,0.0,0.0,0.0,0.0,0.0,0.0
667.0,0.0,0.0,0.0,0.0,0.0,0.0
668.0,0.0,0.0,0.0,0.0,0.0,0.0
669.0,0.0,0.0,0.0,0.0,0.0,0.0
670.0,0.0,0.0,0.0,0.0,0.0,0.0
671.0,0.0,0.0,0.0,0.0,0.0,0.0
672.0,8.867778888088651e-06,0.0,0.0,0.0,0.001736111111111111,0.011574074074074073
673.0,0.0002447065489832312,0.0,0.0,0.0,0.003472222222222222,0.023148148148148147
674.0,0.0,0.0,0.0,0.0,0.0,0.0
675.0,3.846678282570792e-06,0.0,0.0,0.0,0.0,0.00032055652354756603
676.0,2.893510497870011e-07,0.0,0.0,0.0,0.0,2.4112587482250092e-05
677.0,0.0,0.0,0.0,0.0,0.0,0.0
678.0,0.0,0.0,0.0,0.0,0.0,0.0
679.0,0.0,0.0,0.0,0.0,0.0,0.0
680.0,0.0,0.0,0.0,0.0,0.0,0.0
681.0,0.0,0.0,0.0,0.0,0.0,0.0
682.0,0.0,0.0,0.0,0.0,0.0,0.0
683.0,0.0,0.0,0.0,0.0,0.0,0.0
684.0,0.0,0.0,0.0,0.0,0.0,0.0
685.0,0.0,0.0,0.0,0.0,0.0,0.0
686.0,0.0,0.0,0.0,0.0,0.0,0.0
687.0,0.0,0.0,0.0,0.0,0.0,0.0
688.0,0.0,0.0,0.0,0.0,0.0,0.0
689.0,0.0,0.0,0.0,0.0,0.0,0.0
690.0,0.0,0.0,0.0,0.0,0.0,0.0
691.0,0.0,0.0,0.0,0.0,0.0,0.0
692.0,0.0,0.0,0.0,0.0,0.0,0.0
693.0,0.0,0.0,0.0,0.0,0.0,0.0
694.0,0.0,0.0,0.0,0.0,0.0,0.0
695.0,0.0,0.0,0.0,0.0,0.0,0.0
696.0,0.0,0.0,0.0,0.0,0.0,0.0
697.0,0.0,0.0,0.0,0.0,0.0,0.0
698.0,0.0,0.0,0.0,0.0,0.0,0.0
699.0,0.0,0.0,0.0,0.0,0.0,0.0
700.0,2.893510497870011e-07,0.0,0.0,0.0,0.0,2.4112587482250092e-05
701.0,2.893510497870011e-07,0.0,0.0,0.0,0.0,2.4112587482250092e-05
702.0,0.0,0.0,0.0,0.0,0.0,0.0
703.0,0.0,0.0,0.0,0.0,0.0,0.0
704.0,0.0,0.0,0.0,0.0,0.0,0.0
705.0,0.0,0.0,0.0,0.0,0.0,0.0
706.0,0.0,0.0,0.0,0.0,0.0,0.0
707.0,0.0,0.0,0.0,0.0,0.0,0.0
708.0,0.0,0.0,0.0,0.0,0.0,0.0
709.0,0.0,0.0,0.0,0.0,0.0,0.0
710.0,0.0,0.0,0.0,0.0,0.0,0.0
711.0,0.0,0.0,0.0,0.0,0.0,0.0
712.0,0.0,0.0,0.0,0.0,0.0,0.0
713.0,0.0,0.0,0.0,0.0,0.0,0.0
714.0,0.0,0.0,0.0,0.0,0.0,0.0
715.0,0.0,0.0,0.0,0.0,0.0,0.0
716.0,0.0002532338839955628,0.0,0.0,0.0,0.005208333333333333,0.034722222222222224
717.0,4.936002255817584e-07,0.0,0.0,0.0,0.0,4.1133352131813204e-05
718.0,0.0,0.0,0.0,0.0,0.0,0.0
719.0,0.0,0.0,0.0,0.0,0.0,0.0
720.0,0.00015982431068550795,0.0,0.0,0.0,0.003472222222222222,0.023148148148148147
721.0,8.18865664768964e-05,0.0,0.0,0.0,0.0,0.006823880539741367
722.0,6.701047823298723e-05,0.0,0.0,0.0,0.0,0.005584206519415602
723.0,0.0,0.0,0.0,0.0,0.0,0.0
724.0,0.0,0.0,0.0,0.0,0.0,0.0
725.0,3.9998649299377576e-06,0.0,0.0,0.0,0.0,0.00033332207749481313
726.0,2.893510497870011e-07,0.0,0.0,0.0,0.0,2.4112587482250092e-05
727.0,0.0,0.0,0.0,0.0,0.0,0.0
728.0,0.0,0.0,0.0,0.0,0.0,0.0
729.0,0.0,0.0,0.0,0.0,0.0,0.0
730.0,0.0,0.0,0.0,0.0,0.0,0.0
731.0,0.0,0.0,0.0,0.0,0.0,0.0
732.0,0.0,0.0,0.0,0.0,0.0,0.0
733.0,0.0,0.0,0.0,0.0,0.0,0.0
734.0,0.0,0.0,0.0,0.0,0.0,0.0
735.0,0.0,0.0,0.0,0.0,0.0,0.0
736.0,0.0,0.0,0.0,0.0,0.0,0.0
737.0,0.0,0.0,0.0,0.0,0.0,0.0
738.0,0.0,0.0,0.0,0.0,0.0,0.0
739.0,0.0,0.0,0.0,0.0,0.0,0.0
740.0,0.0,0.0,0.0,0.0,0.0,0.0
741.0,0.0,0.0,0.0,0.0,0.0,0.0
742.0,0.0,0.0,0.0,0.0,0.0,0.0
743.0,0.0,0.0,0.0,0.0,0.0,0.0
744.0,0.0,0.0,0.0,0.0,0.0,0.0
745.0,0.0,0.0,0.0,0.0,0.0,0.0
746.0,0.0,0.0,0.0,0.0,0.0,0.0
747.0,0.0,0.0,0.0,0.0,0.0,0.0
748.0,0.0,0.0,0.0,0.0,0.0,0.0
749.0,0.0,0.0,0.0,0.0,0.0,0.0
750.0,2.893510497870011e-07,0.0,0.0,0.0,0.0,2.4112587482250092e-05
751.0,2.893510497870011e-07,0.0,0.0,0.0,0.0,2.4112587482250092e-05
752.0,0.0,0.0,0.0,0.0,0.0,0.0
753.0,0.0,0.0,0.0,0.0,0.0,0.0
754.0,0.0,0.0,0.0,0.0,0.0,0.0
755.0,0.0,0.0,0.0,0.0,0.0,0.0
756.0,0.0,0.0,0.0,0.0,0.0,0.0
757.0,0.0,0.0,0.0,0.0,0.0,0.0
758.0,0.0,0.0,0.0,0.0,0.0,0.0
759.0,0.0,0.0,0.0,0.0,0.0,0.0
760.0,0.0,0.0,0.0,0.0,0.0,0.0
761.0,0.0,0.0,0.0,0.0,0.0,0.0
762.0,0.0,0.0,0.0,0.0,0.0,0.0
763.0,0.0,0.0,0.0,0.0,0.0,0.0
764.0,0.0,0.0,0.0,0.0,0.0,0.0
765.0,0.0,0.0,0.0,0.0,0.0,0.0
766.0,0.0,0.0,0.0,0.0,0.0,0.0
767.0,0.0,0.0,0.0,0.0,0.0,0.0
768.0,0.0,0.0,0.0,0.0,0.0,0.0
769.0,0.0,0.0,0.0,0.0,0.0,0.0
770.0,0.0,0.0,0.0,0.0,0.0,0.0
771.0,0.0,0.0,0.0,0.0,0.0,0.0
772.0,0.0,0.0,0.0,0.0,0.0,0.0
773.0,0.0,0.0,0.0,0.0,0.0,0.0
774.0,0.0,0.0,0.0,0.0,0.0,0.0
775.0,2.893510497870011e-07,0.0,0.0,0.0,0.0,2.4112587482250092e-05
776.0,2.893510497870011e-07,0.0,0.0,0.0,0.0,2.4112587482250092e-05
777.0,0.0,0.0,0.0,0.0,0.0,0.0
778.0,0.0,0.0,0.0,0.0,0.0,0.0
779.0,0.0,0.0,0.0,0.0,0.0,0.0
780.0,0.0,0.0,0.0,0.0,0.0,0.0
781.0,0.0,0.0,0.0,0.0,0.0,0.0
782.0,0.0,0.0,0.0,0.0,0.0,0.0
783.0,0.0,0.0,0.0,0.0,0.0,0.0
784.0,0.0,0.0,0.0,0.0,0.0,0.0
785.0,0.00019344018073752522,0.0,0.0,0.0,0.005208333333333333,0.034722222222222224
786.0,0.00013080403732601553,0.0,0.0,0.0,0.0,0.010900336443834627
787.0,0.0,0.0,0.0,0.0,0.0,0.0
788.0,0.0,0.0,0.0,0.0,0.0,0.0
789.0,0.0,0.0,0.0,0.0,0.0,0.0
790.0,0.0,0.0,0.0,0.0,0.0,0.0
791.0,0.0,0.0,0.0,0.0,0.0,0.0
792.0,8.163125312421471e-05,0.0,0.0,0.0,0.003472222222222222,0.023148148148148147
793.0,7.717183325439692e-05,0.0,0.0,0.0,0.0,0.006430986104533076
794.0,9.524779306957498e-05,0.0,0.0,0.0,0.001736111111111111,0.011574074074074073
795.0,5.433005571831018e-05,0.0,0.0,0.0,0.0,0.004527504643192515
796.0,0.0,0.0,0.0,0.0,0.0,0.0
797.0,0.0,0.0,0.0,0.0,0.0,0.0
798.0,0.0,0.0,0.0,0.0,0.0,0.0
799.0,0.0,0.0,0.0,0.0,0.0,0.0
800.0,4.306241407903144e-06,0.0,0.0,0.0,0.0,0.00035885345065859536
801.0,2.893510497870011e-07,0.0,0.0,0.0,0.0,2.4112587482250092e-05
802.0,0.0,0.0,0.0,0.0,0.0,0.0
803.0,0.0,0.0,0.0,0.0,0.0,0.0
804.0,0.0,0.0,0.0,0.0,0.0,0.0
805.0,0.0,0.0,0.0,0.0,0.0,0.0
806.0,0.0,0.0,0.0,0.0,0.0,0.0
807.0,0.0,0.0,0.0,0.0,0.0,0.0
808.0,0.0,0.0,0.0,0.0,0.0,0.0
809.0,0.0,0.0,0.0,0.0,0.0,0.0
810.0,0.0,0.0,0.0,0.0,0.0,0.0
811.0,0.0,0.0,0.0,0.0,0.0,0.0
812.0,0.0,0.0,0.0,0.0,0.0,0.0
813.0,0.0,0.0,0.0,0.0,0.0,0.0
814.0,0.0,0.0,0.0,0.0,0.0,0.0
815.0,0.0,0.0,0.0,0.0,0.0,0.0
816.0,0.0,0.0,0.0,0.0,0.0,0.0
817.0,0.0,0.0,0.0,0.0,0.0,0.0
818.0,0.0,0.0,0.0,0.0,0.0,0.0
819.0,0.0,0.0,0.0,0.0,0.0,0.0
820.0,0.0,0.0,0.0,0.0,0.0,0.0
821.0,0.0,0.0,0.0,0.0,0.0,0.0
822.0,0.0,0.0,0.0,0.0,0.0,0.0
823.0,0.0,0.0,0.0,0.0,0.0,0.0
824.0,0.0,0.0,0.0,0.0,0.0,0.0
825.0,2.893510497870011e-07,0.0,0.0,0.0,0.0,2.4112587482250092e-05
826.0,2.893510497870011e-07,0.0,0.0,0.0,0.0,2.4112587482250092e-05
827.0,0.000222562623093836,0.0,0.0,0.0,0.005208333333333333,0.034722222222222224
828.0,3.404139192753064e-08,0.0,0.0,0.0,0.0,2.8367826606275535e-06
829.0,0.0,0.0,0.0,0.0,0.0,0.0
830.0,0.0,0.0,0.0,0.0,0.0,0.0
831.0,0.0,0.0,0.0,0.0,0.0,0.0
832.0,0.0,0.0,0.0,0.0,0.0,0.0
833.0,0.0,0.0,0.0,0.0,0.0,0.0
834.0,3.846676008834038e-06,0.0,0.0,0.0,0.0,0.0003205563340695032
835.0,0.0,0.0,0.0,0.0,0.0,0.0
836.0,0.0,0.0,0.0,0.0,0.0,0.0
837.0,0.0,0.0,0.0,0.0,0.0,0.0
838.0,0.0,0.0,0.0,0.0,0.0,0.0
839.0,0.0,0.0,0.0,0.0,0.0,0.0
840.0,0.0,0.0,0.0,0.0,0.0,0.0
841.0,0.0,0.0,0.0,0.0,0.0,0.0
842.0,7.66782250138931e-05,0.0,0.0,0.0,0.003472222222222222,0.023148148148148147
843.0,0.0002790542785078287,0.0,0.0,0.0,0.003472222222222222,0.023254523208985727
844.0,0.00012782540579792112,0.0,0.0,0.0,0.006944444444444444,0.046296296296296294
845.0,0.00021541390742640942,0.0,0.0,0.0,0.001736111111111111,0.017951158952200785
846.0,0.00025372751406393945,0.0,0.0,0.0,0.001736111111111111,0.021143959505328287
847.0,0.0002945601299870759,0.0,0.0,0.0,0.001736111111111111,0.024546677498922993
848.0,0.0001726238988339901,0.0,0.0,0.0,0.003472222222222222,0.023148148148148147
849.0,0.00012101713946321979,0.0,0.0,0.0,0.001736111111111111,0.011574074074074073
850.0,0.00034992845030501485,0.0,0.0,0.0,0.003472222222222222,0.02916070419208457
851.0,0.000325367582263425,0.0,0.0,0.0,0.003472222222222222,0.02711396518861875
852.0,0.0002112097863573581,0.0,0.0,0.0,0.005208333333333333,0.034722222222222224
853.0,3.599876436055638e-05,0.0,0.0,0.0,0.0,0.0029998970300463648
854.0,0.0,0.0,0.0,0.0,0.0,0.0
855.0,0.0,0.0,0.0,0.0,0.0,0.0
856.0,0.0,0.0,0.0,0.0,0.0,0.0
857.0,0.0,0.0,0.0,0.0,0.0,0.0
858.0,0.0,0.0,0.0,0.0,0.0,0.0
859.0,6.587016741832485e-06,0.0,0.0,0.0,0.0,0.0005489180618193737
860.0,0.0,0.0,0.0,0.0,0.0,0.0
861.0,0.0,0.0,0.0,0.0,0.0,0.0
862.0,0.0,0.0,0.0,0.0,0.0,0.0
863.0,0.0,0.0,0.0,0.0,0.0,0.0
864.0,0.00014305893273558468,0.0,0.0,0.0,0.005208333333333333,0.034722222222222224
865.0,0.00028213500627316535,0.0,0.0,0.0,0.005208333333333333,0.034722222222222224
866.0,0.00022521782375406474,0.0,0.0,0.0,0.003472222222222222,0.023148148148148147
867.0,0.00016401139146182686,0.0,0.0,0.0,0.003472222222222222,0.023148148148148147
868.0,0.0,0.0,0.0,0.0,0.0,0.0
869.0,0.0,0.0,0.0,0.0,0.0,0.0
870.0,0.0,0.0,0.0,0.0,0.0,0.0
871.0,0.0,0.0,0.0,0.0,0.0,0.0
872.0,0.0,0.0,0.0,0.0,0.0,0.0
873.0,0.0,0.0,0.0,0.0,0.0,0.0
874.0,0.0,0.0,0.0,0.0,0.0,0.0
875.0,7.14868804152502e-07,0.0,0.0,0.0,0.0,5.957240034604183e-05
876.0,2.893510497870011e-07,0.0,0.0,0.0,0.0,2.4112587482250092e-05
877.0,0.0,0.0,0.0,0.0,0.0,0.0
878.0,0.0,0.0,0.0,0.0,0.0,0.0
879.0,0.0,0.0,0.0,0.0,0.0,0.0
880.0,0.0,0.0,0.0,0.0,0.0,0.0
881.0,0.0,0.0,0.0,0.0,0.0,0.0
882.0,0.0,0.0,0.0,0.0,0.0,0.0
883.0,0.0,0.0,0.0,0.0,0.0,0.0
884.0,0.0,0.0,0.0,0.0,0.0,0.0
885.0,0.0,0.0,0.0,0.0,0.0,0.0
886.0,0.0,0.0,0.0,0.0,0.0,0.0
887.0,0.0,0.0,0.0,0.0,0.0,0.0
888.0,0.0,0.0,0.0,0.0,0.0,0.0
889.0,0.0,0.0,0.0,0.0,0.0,0.0
890.0,0.0,0.0,0.0,0.0,0.0,0.0
891.0,0.0,0.0,0.0,0.0,0.0,0.0
892.0,0.0,0.0,0.0,0.0,0.0,0.0
893.0,0.0,0.0,0.0,0.0,0.0,0.0
894.0,0.0,0.0,0.0,0.0,0.0,0.0
895.0,0.0,0.0,0.0,0.0,0.0,0.0
896.0,0.04399850219488144,0.016277136281132698,0.0,0.0002372329618083313,0.3038194444444444,3.666541849573453
897.0,1.8722749928201665e-06,3.3017246892086405e-07,0.0,0.0,0.0,0.0001560229160683472
898.0,1.2425105069269193e-06,0.0,0.0,0.0,0.0,0.00010354254224390995
899.0,0.0,0.0,0.0,0.0,0.0,0.0
900.0,0.0,0.0,0.0,0.0,0.0,0.0
901.0,0.0,0.0,0.0,0.0,0.0,0.0
902.0,0.0,0.0,0.0,0.0,0.0,0.0
903.0,0.0,0.0,0.0,0.0,0.0,0.0
904.0,0.0,0.0,0.0,0.0,0.0,0.0
905.0,7.318903385566955e-07,0.0,0.0,0.0,0.0,6.099086154639129e-05
906.0,7.318903385566955e-07,0.0,0.0,0.0,0.0,6.099086154639129e-05
907.0,0.0,0.0,0.0,0.0,0.0,0.0
908.0,0.0,0.0,0.0,0.0,0.0,0.0
909.0,0.0,0.0,0.0,0.0,0.0,0.0
910.0,0.0,0.0,0.0,0.0,0.0,0.0
911.0,0.0,0.0,0.0,0.0,0.0,0.0
912.0,0.0,0.0,0.0,0.0,0.0,0.0
913.0,1.327614086221729e-06,0.0,0.0,0.0,0.0,0.00011063450718514407
914.0,1.1744261882995488e-06,0.0,0.0,0.0,0.0,9.78688490249624e-05
915.0,2.5531198843964376e-07,0.0,0.0,0.0,0.0,2.127599903663698e-05
916.0,0.0,0.0,0.0,0.0,0.0,0.0
917.0,0.0,0.0,0.0,0.0,0.0,0.0
918.0,0.0,0.0,0.0,0.0,0.0,0.0
919.0,0.0,0.0,0.0,0.0,0.0,0.0
920.0,0.0,0.0,0.0,0.0,0.0,0.0
921.0,2.1275873223203234e-06,3.3017246892086405e-07,0.0,0.0,0.0,0.00017729894352669362
922.0,1.8722749928201665e-06,3.3017246892086405e-07,0.0,0.0,0.0,0.0001560229160683472
923.0,1.2425105069269193e-06,0.0,0.0,0.0,0.0,0.00010354254224390995
924.0,0.0,0.0,0.0,0.0,0.0,0.0
925.0,0.0,0.0,0.0,0.0,0.0,0.0
926.0,0.0,0.0,0.0,0.0,0.0,0.0
927.0,0.0,0.0,0.0,0.0,0.0,0.0
928.0,0.0,0.0,0.0,0.0,0.0,0.0
929.0,0.0,0.0,0.0,0.0,0.0,0.0
930.0,7.318903385566955e-07,0.0,0.0,0.0,0.0,6.099086154639129e-05
931.0,7.318903385566955e-07,0.0,0.0,0.0,0.0,6.099086154639129e-05
932.0,0.0,0.0,0.0,0.0,0.0,0.0
933.0,0.0,0.0,0.0,0.0,0.0,0.0
934.0,0.0,0.0,0.0,0.0,0.0,0.0
935.0,0.0,0.0,0.0,0.0,0.0,0.0
936.0,0.0,0.0,0.0,0.0,0.0,0.0
937.0,0.0,0.0,0.0,0.0,0.0,0.0
938.0,1.327614086221729e-06,0.0,0.0,0.0,0.0,0.00011063450718514407
939.0,1.1744261882995488e-06,0.0,0.0,0.0,0.0,9.78688490249624e-05
940.0,2.5531198843964376e-07,0.0,0.0,0.0,0.0,2.127599903663698e-05
941.0,0.0,0.0,0.0,0.0,0.0,0.0
942.0,0.0,0.0,0.0,0.0,0.0,0.0
943.0,0.0,0.0,0.0,0.0,0.0,0.0
944.0,0.0,0.0,0.0,0.0,0.0,0.0
945.0,0.0,0.0,0.0,0.0,0.0,0.0
946.0,2.1275873223203234e-06,3.3017246892086405e-07,0.0,0.0,0.0,0.00017729894352669362
947.0,1.8722749928201665e-06,3.3017246892086405e-07,0.0,0.0,0.0,0.0001560229160683472
948.0,1.2425105069269193e-06,0.0,0.0,0.0,0.0,0.00010354254224390995
949.0,0.0,0.0,0.0,0.0,0.0,0.0
950.0,0.0,0.0,0.0,0.0,0.0,0.0
951.0,0.0,0.0,0.0,0.0,0.0,0.0
952.0,0.0,0.0,0.0,0.0,0.0,0.0
953.0,0.0,0.0,0.0,0.0,0.0,0.0
954.0,0.0,0.0,0.0,0.0,0.0,0.0
955.0,7.318903385566955e-07,0.0,0.0,0.0,0.0,6.099086154639129e-05
956.0,7.318903385566955e-07,0.0,0.0,0.0,0.0,6.099086154639129e-05
957.0,0.0,0.0,0.0,0.0,0.0,0.0
958.0,0.0,0.0,0.0,0.0,0.0,0.0
959.0,0.0,0.0,0.0,0.0,0.0,0.0
960.0,0.0,0.0,0.0,0.0,0.0,0.0
961.0,0.0,0.0,0.0,0.0,0.0,0.0
962.0,0.0,0.0,0.0,0.0,0.0,0.0
963.0,1.327614086221729e-06,0.0,0.0,0.0,0.0,0.00011063450718514407
964.0,1.1744261882995488e-06,0.0,0.0,0.0,0.0,9.78688490249624e-05
965.0,2.5531198843964376e-07,0.0,0.0,0.0,0.0,2.127599903663698e-05
966.0,0.0,0.0,0.0,0.0,0.0,0.0
967.0,0.0,0.0,0.0,0.0,0.0,0.0
968.0,0.0,0.0,0.0,0.0,0.0,0.0
969.0,0.0,0.0,0.0,0.0,0.0,0.0
970.0,0.0,0.0,0.0,0.0,0.0,0.0
971.0,2.1275873223203234e-06,3.3017246892086405e-07,0.0,0.0,0.0,0.00017729894352669362
972.0,1.8722749928201665e-06,3.3017246892086405e-07,0.0,0.0,0.0,0.0001560229160683472
973.0,1.2425105069269193e-06,0.0,0.0,0.0,0.0,0.00010354254224390995
974.0,0.0,0.0,0.0,0.0,0.0,0.0
975.0,0.0,0.0,0.0,0.0,0.0,0.0
976.0,0.0,0.0,0.0,0.0,0.0,0.0
977.0,0.0,0.0,0.0,0.0,0.0,0.0
978.0,0.0,0.0,0.0,0.0,0.0,0.0
979.0,0.0,0.0,0.0,0.0,0.0,0.0
980.0,0.03760211542248726,0.028283966705203056,0.0,0.0006286374409683049,0.2604166666666667,3.133509618540605
981.0,2.9893953978898935e-07,1.9329722817928996e-06,0.0,0.0,0.0,4.832430704482249e-05
982.0,3.038414035927417e-07,1.964668172149686e-06,0.0,0.0,0.0,4.9116704303742154e-05
983.0,3.038414035927417e-07,1.964668172149686e-06,0.0,0.0,0.0,4.9116704303742154e-05
984.0,3.038414035927417e-07,1.964668172149686e-06,0.0,0.0,0.0,4.9116704303742154e-05
985.0,3.038414035927417e-07,1.964668172149686e-06,0.0,0.0,0.0,4.9116704303742154e-05
986.0,3.038414035927417e-07,1.964668172149686e-06,0.0,0.0,0.0,4.9116704303742154e-05
987.0,3.038414035927417e-07,1.964668172149686e-06,0.0,0.0,0.0,4.9116704303742154e-05
988.0,0.00018969115626532584,0.000257260340731591,0.0,4.240502312313765e-05,0.0,0.01580759635544382
989.0,1.531863176751358e-06,0.0,0.0,0.0,0.0,0.00012765526472927982
990.0,0.0,0.0,0.0,0.0,0.0,0.0
991.0,0.0,0.0,0.0,0.0,0.0,0.0
992.0,0.00014299084432423115,0.0,0.0,0.0,0.0,0.011915903693685928
993.0,1.7020566289716044e-08,0.0,0.0,0.0,0.0,1.4183805241430036e-06
994.0,0.0,0.0,0.0,0.0,0.0,0.0
995.0,0.0,0.0,0.0,0.0,0.0,0.0
996.0,1.0235006811853964e-05,3.557859599823132e-06,0.0,0.0,0.0,0.0008529172343211636
997.0,7.767007446091156e-06,3.557859599823132e-06,0.0,0.0,0.0,0.0006472506205075964
998.0,0.0,0.0,0.0,0.0,0.0,0.0
999.0,0.0,0.0,0.0,0.0,0.0,0.0
1000.0,0.0,0.0,0.0,0.0,0.0,0.0
1001.0,0.0,0.0,0.0,0.0,0.0,0.0
1002.0,0.0,0.0,0.0,0.0,0.0,0.0
1003.0,0.0,0.0,0.0,0.0,0.0,0.0
1004.0,0.0,0.0,0.0,0.0,0.0,0.0
1005.0,0.0,0.0,0.0,0.0,0.0,0.0
1006.0,8.316311868838966e-05,0.0,0.0,0.0,0.0,0.006930259890699138
1007.0,0.00010268584446748719,0.0,0.0,0.0,0.0,0.008557153705623932
1008.0,0.0,0.0,0.0,0.0,0.0,0.0
1009.0,0.0,0.0,0.0,0.0,0.0,0.0
1010.0,0.0,0.0,0.0,0.0,0.0,0.0
1011.0,0.0,0.0,0.0,0.0,0.0,0.0
1012.0,0.0,0.0,0.0,0.0,0.0,0.0
1013.0,3.336055442559882e-06,0.0,0.0,0.0,0.0,0.0002780046202133235
1014.0,1.531863176751358e-06,0.0,0.0,0.0,0.0,0.00012765526472927982
1015.0,0.0,0.0,0.0,0.0,0.0,0.0
1016.0,0.0,0.0,0.0,0.0,0.0,0.0
1017.0,0.0,0.0,0.0,0.0,0.0,0.0
1018.0,0.0,0.0,0.0,0.0,0.0,0.0
1019.0,0.0,0.0,0.0,0.0,0.0,0.0
1020.0,0.0,0.0,0.0,0.0,0.0,0.0
1021.0,7.767007446091156e-06,3.557859599823132e-06,0.0,0.0,0.0,0.0006472506205075964
1022.0,7.767007446091156e-06,3.557859599823132e-06,0.0,0.0,0.0,0.0006472506205075964
1023.0,0.0,0.0,0.0,0.0,0.0,0.0
1024.0,0.00014011436724103987,0.0,0.0,0.0,0.0,0.011676197270086655
1025.0,7.233796168293338e-06,0.0,0.0,0.0,0.0,0.0006028163473577782
1026.0,0.0,0.0,0.0,0.0,0.0,0.0
1027.0,0.0,0.0,0.0,0.0,0.0,0.0
1028.0,0.0,0.0,0.0,0.0,0.0,0.0
1029.0,0.0,0.0,0.0,0.0,0.0,0.0
1030.0,2.7743731152440887e-06,0.0,0.0,0.0,0.0,0.00023119775960367406
1031.0,0.0,0.0,0.0,0.0,0.0,0.0
1032.0,0.0,0.0,0.0,0.0,0.0,0.0
1033.0,0.0,0.0,0.0,0.0,0.0,0.0
1034.0,0.0,0.0,0.0,0.0,0.0,0.0
1035.0,0.0,0.0,0.0,0.0,0.0,0.0
1036.0,0.0,0.0,0.0,0.0,0.0,0.0
1037.0,0.0,0.0,0.0,0.0,0.0,0.0
1038.0,1.6288804545183666e-05,0.0,0.0,0.0,0.006944444444444444,0.046296296296296294
1039.0,0.00012750201858580112,0.0,0.0,0.0,0.001736111111111111,0.011574074074074073
1040.0,0.00025803371681831777,0.0002537925320211798,0.0,0.0,0.005208333333333333,0.034722222222222224
1041.0,0.0003995097358711064,0.0010675574885681272,0.0,0.0,0.012152777777777778,0.08101851851851852
1042.0,0.00032936743809841573,0.0,0.0,0.0,0.006944444444444444,0.046296296296296294
1043.0,7.361450116150081e-05,0.0,0.0,0.0,0.0,0.006134541763458401
1044.0,0.0,0.0,0.0,0.0,0.0,0.0
1045.0,0.0,0.0,0.0,0.0,0.0,0.0
1046.0,3.600434138206765e-05,1.610439176147338e-05,0.0,0.0,0.003472222222222222,0.023148148148148147
1047.0,2.689827306312509e-05,3.667918917926727e-06,0.0,0.0,0.0,0.002241522755260424
1048.0,1.768449874361977e-05,0.0,0.0,0.0,0.0,0.0014737082286349807
1049.0,0.00022552417067345232,0.0,0.0,0.0,0.003472222222222222,0.023148148148148147
1050.0,0.0002988663618452847,0.0011485598515719175,0.0,0.0,0.005208333333333333,0.034722222222222224
1051.0,3.650939470389858e-05,0.00023607330513186753,0.0,0.0,0.0,0.005901832628296688
1052.0,0.0,0.0,0.0,0.0,0.0,0.0
1053.0,0.0,0.0,0.0,0.0,0.0,0.0
1054.0,0.0,0.0,0.0,0.0,0.0,0.0
1055.0,8.016746505745687e-06,1.683877781033516e-05,0.0,0.0,0.0,0.0006680622088121405
1056.0,2.4867231331882067e-05,0.0,0.0,0.0,0.003472222222222222,0.023148148148148147
1057.0,1.7871733462015982e-06,0.0,0.0,0.0,0.0,0.00014893111218346652
1058.0,8.442264515906572e-05,0.0,0.0,0.0,0.0,0.007035220429922143
1059.0,0.00013713572116103023,0.0,0.0,0.0,0.001736111111111111,0.011574074074074073
1060.0,3.3377582440152764e-05,0.0,0.0,0.0,0.0,0.002781465203346064
1061.0,2.3182185032055713e-05,0.0,0.0,0.0,0.0,0.0019318487526713093
1062.0,3.858591662719846e-05,0.0,0.0,0.0,0.0,0.003215493052266538
1063.0,6.525733624584973e-05,0.0,0.0,0.0,0.0,0.005438111353820811
1064.0,7.19805175322108e-05,0.0,0.0,0.0,0.0,0.005998376461017567
1065.0,8.147805783664808e-05,0.0,0.0,0.0,0.0,0.006789838153054006
1066.0,0.0,0.0,0.0,0.0,0.0,0.0
1067.0,0.0,0.0,0.0,0.0,0.0,0.0
1068.0,0.0,0.0,0.0,0.0,0.0,0.0
1069.0,0.00016186678840313107,0.0,0.0,0.0,0.0,0.013488899033594256
1070.0,3.861995355691761e-05,0.0,0.0,0.0,0.0,0.003218329463076467
1071.0,6.660755025222898e-05,4.988608907297021e-06,0.0,0.0,0.0,0.005550629187685748
1072.0,8.481877557642292e-06,4.988608907297021e-06,0.0,0.0,0.0,0.0007068231298035244
1073.0,0.0,0.0,0.0,0.0,0.0,0.0
1074.0,0.0,0.0,0.0,0.0,0.0,0.0
1075.0,0.0,0.0,0.0,0.0,0.0,0.0
1076.0,0.0,0.0,0.0,0.0,0.0,0.0
1077.0,0.0,0.0,0.0,0.0,0.0,0.0
1078.0,0.0,0.0,0.0,0.0,0.0,0.0
1079.0,0.0,0.0,0.0,0.0,0.0,0.0
1080.0,0.0,0.0,0.0,0.0,0.0,0.0
1081.0,0.0,0.0,0.0,0.0,0.0,0.0
1082.0,0.0,0.0,0.0,0.0,0.0,0.0
1083.0,0.0,0.0,0.0,0.0,0.0,0.0
1084.0,0.0,0.0,0.0,0.0,0.0,0.0
1085.0,0.0,0.0,0.0,0.0,0.0,0.0
1086.0,0.0,0.0,0.0,0.0,0.0,0.0
1087.0,0.0,0.0,0.0,0.0,0.0,0.0
1088.0,1.531863176751358e-06,0.0,0.0,0.0,0.0,0.00012765526472927982
1089.0,1.531863176751358e-06,0.0,0.0,0.0,0.0,0.00012765526472927982
1090.0,0.0,0.0,0.0,0.0,0.0,0.0
1091.0,0.0,0.0,0.0,0.0,0.0,0.0
1092.0,0.0,0.0,0.0,0.0,0.0,0.0
1093.0,0.0,0.0,0.0,0.0,0.0,0.0
1094.0,0.0,0.0,0.0,0.0,0.0,0.0
1095.0,0.0,0.0,0.0,0.0,0.0,0.0
1096.0,8.481877557642292e-06,4.988608907297021e-06,0.0,0.0,0.0,0.0007068231298035244
1097.0,8.481877557642292e-06,4.988608907297021e-06,0.0,0.0,0.0,0.0007068231298035244
1098.0,0.0,0.0,0.0,0.0,0.0,0.0
1099.0,0.0,0.0,0.0,0.0,0.0,0.0
1100.0,6.224467506399378e-05,0.000402480160119012,0.0,0.0,0.0,0.0100620040029753
1101.0,0.00023129423789214343,0.00017928362649399787,0.0,0.0,0.0,0.019274519824345287
1102.0,8.828633144730702e-05,0.0,0.0,0.0,0.0,0.0073571942872755845
1103.0,7.558890501968563e-05,0.0,0.0,0.0,0.0,0.006299075418307136
1104.0,1.5744142729090527e-05,0.0,0.0,0.0,0.001736111111111111,0.011574074074074073
1105.0,5.007489744457416e-05,0.00022506756067741662,0.0,0.0,0.0,0.0056266890169354156
1106.0,0.0,0.0,0.0,0.0,0.0,0.0
1107.0,0.0,0.0,0.0,0.0,0.0,0.0
1108.0,0.0,0.0,0.0,0.0,0.0,0.0
1109.0,0.0,0.0,0.0,0.0,0.0,0.0
1110.0,0.0,0.0,0.0,0.0,0.0,0.0
1111.0,0.0,0.0,0.0,0.0,0.0,0.0
1112.0,0.0,0.0,0.0,0.0,0.0,0.0
1113.0,5.770012194261653e-06,3.3017211080732523e-06,0.0,0.0,0.001736111111111111,0.011574074074074073
1114.0,1.531863176751358e-06,0.0,0.0,0.0,0.0,0.00012765526472927982
1115.0,0.0,0.0,0.0,0.0,0.0,0.0
1116.0,0.0,0.0,0.0,0.0,0.0,0.0
1117.0,0.0,0.0,0.0,0.0,0.0,0.0
1118.0,0.0,0.0,0.0,0.0,0.0,0.0
1119.0,0.0,0.0,0.0,0.0,0.0,0.0
1120.0,0.0,0.0,0.0,0.0,0.0,0.0
1121.0,8.464856364298612e-06,4.988608907297021e-06,0.0,0.0,0.0,0.0007054046970248843
1122.0,8.464856364298612e-06,4.988608907297021e-06,0.0,0.0,0.0,0.0007054046970248843
1123.0,0.0,0.0,0.0,0.0,0.0,0.0
1124.0,0.0,0.0,0.0,0.0,0.0,0.0
1125.0,0.0,0.0,0.0,0.0,0.0,0.0
1126.0,0.0,0.0,0.0,0.0,0.0,0.0
1127.0,0.0,0.0,0.0,0.0,0.0,0.0
1128.0,0.0,0.0,0.0,0.0,0.0,0.0
1129.0,0.0,0.0,0.0,0.0,0.0,0.0
1130.0,0.0,0.0,0.0,0.0,0.0,0.0
1131.0,0.0,0.0,0.0,0.0,0.0,0.0
1132.0,0.0,0.0,0.0,0.0,0.0,0.0
1133.0,0.0,0.0,0.0,0.0,0.0,0.0
1134.0,0.0,0.0,0.0,0.0,0.0,0.0
1135.0,0.0,0.0,0.0,0.0,0.0,0.0
1136.0,0.0,0.0,0.0,0.0,0.0,0.0
1137.0,0.0,0.0,0.0,0.0,0.0,0.0
1138.0,1.531863176751358e-06,0.0,0.0,0.0,0.0,0.00012765526472927982
1139.0,1.531863176751358e-06,0.0,0.0,0.0,0.0,0.00012765526472927982
1140.0,0.0,0.0,0.0,0.0,0.0,0.0
1141.0,0.0,0.0,0.0,0.0,0.0,0.0
1142.0,0.0,0.0,0.0,0.0,0.0,0.0
1143.0,0.0,0.0,0.0,0.0,0.0,0.0
1144.0,0.0,0.0,0.0,0.0,0.0,0.0
1145.0,0.0,0.0,0.0,0.0,0.0,0.0
1146.0,8.464856364298612e-06,4.988608907297021e-06,0.0,0.0,0.0,0.0007054046970248843
1147.0,8.464856364298612e-06,4.988608907297021e-06,0.0,0.0,0.0,0.0007054046970248843
1148.0,0.0,0.0,0.0,0.0,0.0,0.0
1149.0,0.0,0.0,0.0,0.0,0.0,0.0
1150.0,0.0,0.0,0.0,0.0,0.0,0.0
1151.0,0.003617186564952135,0.003521178849041462,0.0,0.0,0.05381944444444445,0.35879629629629634
1152.0,0.0,0.0,0.0,0.0,0.0,0.0
1153.0,0.0,0.0,0.0,0.0,0.0,0.0
1154.0,5.97596590523608e-05,0.0,0.0,0.0,0.0,0.004979971587696734
1155.0,0.00012142564810346812,4.402299396133458e-07,0.0,0.0,0.0,0.010118804008622343
1156.0,0.0,0.0,0.0,0.0,0.0,0.0
1157.0,0.0001752621028572321,0.0,0.0,0.0,0.0,0.014605175238102674
1158.0,0.0,0.0,0.0,0.0,0.0,0.0
1159.0,0.0,0.0,0.0,0.0,0.0,0.0
1160.0,0.0,0.0,0.0,0.0,0.0,0.0
1161.0,0.0,0.0,0.0,0.0,0.0,0.0
1162.0,0.0,0.0,0.0,0.0,0.0,0.0
1163.0,4.816853106603958e-06,0.0,0.0,0.0,0.0,0.0004014044255503298
1164.0,1.531863176751358e-06,0.0,0.0,0.0,0.0,0.00012765526472927982
1165.0,0.0,0.0,0.0,0.0,0.0,0.0
1166.0,0.0,0.0,0.0,0.0,0.0,0.0
1167.0,0.0,0.0,0.0,0.0,0.0,0.0
1168.0,0.0,0.0,0.0,0.0,0.0,0.0
1169.0,0.0,0.0,0.0,0.0,0.0,0.0
1170.0,0.0,0.0,0.0,0.0,0.0,0.0
1171.0,7.852109774830751e-06,3.557859599823132e-06,0.0,0.0,0.0,0.0006543424812358959
1172.0,0.0002045262372121215,3.557859599823132e-06,0.0,0.0,0.003472222222222222,0.023148148148148147
1173.0,0.0001331358653260395,0.0,0.0,0.0,0.001736111111111111,0.011574074074074073
1174.0,0.00021692871814593673,0.0,0.0,0.0,0.003472222222222222,0.023148148148148147
1175.0,0.00016940696514211595,0.0,0.0,0.0,0.003472222222222222,0.023148148148148147
1176.0,0.0,0.0,0.0,0.0,0.0,0.0
1177.0,0.0,0.0,0.0,0.0,0.0,0.0
1178.0,0.0,0.0,0.0,0.0,0.0,0.0
1179.0,0.0,0.0,0.0,0.0,0.0,0.0
1180.0,7.7614386100322e-06,0.0,0.0,0.0,0.0,0.0006467865508360168
1181.0,0.0,0.0,0.0,0.0,0.0,0.0
1182.0,0.0,0.0,0.0,0.0,0.0,0.0
1183.0,0.0,0.0,0.0,0.0,0.0,0.0
1184.0,0.0,0.0,0.0,0.0,0.0,0.0
1185.0,0.0,0.0,0.0,0.0,0.0,0.0
1186.0,0.0,0.0,0.0,0.0,0.0,0.0
1187.0,0.0,0.0,0.0,0.0,0.0,0.0
1188.0,1.531863176751358e-06,0.0,0.0,0.0,0.0,0.00012765526472927982
1189.0,1.531863176751358e-06,0.0,0.0,0.0,0.0,0.00012765526472927982
1190.0,0.0,0.0,0.0,0.0,0.0,0.0
1191.0,0.0,0.0,0.0,0.0,0.0,0.0
1192.0,0.0,0.0,0.0,0.0,0.0,0.0
1193.0,0.0,0.0,0.0,0.0,0.0,0.0
1194.0,0.0,0.0,0.0,0.0,0.0,0.0
1195.0,0.0,0.0,0.0,0.0,0.0,0.0
1196.0,7.852109774830751e-06,3.557859599823132e-06,0.0,0.0,0.0,0.0006543424812358959
1197.0,7.852109774830751e-06,3.557859599823132e-06,0.0,0.0,0.0,0.0006543424812358959
1198.0,0.0,0.0,0.0,0.0,0.0,0.0
1199.0,0.0,0.0,0.0,0.0,0.0,0.0
1200.0,0.0,0.0,0.0,0.0,0.0,0.0
1201.0,0.0,0.0,0.0,0.0,0.0,0.0
1202.0,0.0,0.0,0.0,0.0,0.0,0.0
1203.0,0.0,0.0,0.0,0.0,0.0,0.0
1204.0,0.0,0.0,0.0,0.0,0.0,0.0
1205.0,0.0,0.0,0.0,0.0,0.0,0.0
1206.0,0.0,0.0,0.0,0.0,0.0,0.0
1207.0,0.0,0.0,0.0,0.0,0.0,0.0
1208.0,6.425312312785536e-05,0.0,0.0,0.0,0.003472222222222222,0.023148148148148147
1209.0,0.0003368395264260471,0.0003870720975100994,0.0,0.0,0.010416666666666666,0.06944444444444445
1210.0,0.0005050550680607557,0.0,0.0,0.0,0.010416666666666666,0.06944444444444445
1211.0,0.00038922918611206114,0.0,0.0,0.0,0.008680555555555556,0.05787037037037038
1212.0,3.753062992473133e-05,0.0,0.0,0.0,0.0,0.003127552493727611
1213.0,1.4705910871271044e-05,4.732468823931413e-06,0.0,0.0,0.0,0.0012254925726059203
1214.0,1.531863176751358e-06,0.0,0.0,0.0,0.0,0.00012765526472927982
1215.0,4.153049303567968e-05,0.0,0.0,0.0,0.003472222222222222,0.023148148148148147
1216.0,3.0467051601590356e-06,0.0,0.0,0.0,0.0,0.00025389209667991963
1217.0,0.0,0.0,0.0,0.0,0.0,0.0
1218.0,0.0,0.0,0.0,0.0,0.0,0.0
1219.0,0.0,0.0,0.0,0.0,0.0,0.0
1220.0,0.0,0.0,0.0,0.0,0.0,0.0
1221.0,8.328691365022678e-06,3.557859599823132e-06,0.0,0.0,0.0,0.0006940576137518898
1222.0,7.90317244536709e-06,3.557859599823132e-06,0.0,0.0,0.0,0.0006585977037805909
1223.0,5.6083183153532445e-05,0.0,0.0,0.0,0.003472222222222222,0.023148148148148147
1224.0,0.00027379486709833145,0.0,0.0,0.0,0.001736111111111111,0.022816238924860954
1225.0,0.00012149370741099119,0.0,0.0,0.0,0.0,0.010124475617582599
1226.0,0.0,0.0,0.0,0.0,0.0,0.0
1227.0,0.0,0.0,0.0,0.0,0.0,0.0
1228.0,0.0,0.0,0.0,0.0,0.0,0.0
1229.0,0.0,0.0,0.0,0.0,0.0,0.0
1230.0,4.03390322389896e-06,3.3017414580172044e-07,0.0,0.0,0.001736111111111111,0.011574074074074073
1231.0,0.0,0.0,0.0,0.0,0.0,0.0
1232.0,0.0,0.0,0.0,0.0,0.0,0.0
1233.0,0.0,0.0,0.0,0.0,0.0,0.0
1234.0,0.0,0.0,0.0,0.0,0.0,0.0
1235.0,0.00013231886259745806,0.0,0.0,0.0,0.0,0.011026571883121505
1236.0,0.00010328156349714845,0.0,0.0,0.0,0.001736111111111111,0.011574074074074073
1237.0,0.00019221472030039877,0.0,0.0,0.0,0.001736111111111111,0.016017893358366564
1238.0,0.00016127109120134264,0.0,0.0,0.0,0.0,0.013439257600111887
1239.0,1.531863176751358e-06,0.0,0.0,0.0,0.0,0.00012765526472927982
1240.0,0.0,0.0,0.0,0.0,0.0,0.0
1241.0,0.0,0.0,0.0,0.0,0.0,0.0
1242.0,0.0,0.0,0.0,0.0,0.0,0.0
1243.0,0.0,0.0,0.0,0.0,0.0,0.0
1244.0,0.0,0.0,0.0,0.0,0.0,0.0
1245.0,0.0,0.0,0.0,0.0,0.0,0.0
1246.0,1.055840402841568e-05,3.667918917926727e-06,0.0,0.0,0.0,0.0008798670023679733
1247.0,8.022317160794046e-06,3.667918917926727e-06,0.0,0.0,0.0,0.0006685264300661705
1248.0,0.0,0.0,0.0,0.0,0.0,0.0
1249.0,0.0,0.0,0.0,0.0,0.0,0.0
1250.0,0.0,0.0,0.0,0.0,0.0,0.0
1251.0,0.0,0.0,0.0,0.0,0.0,0.0
1252.0,0.0,0.0,0.0,0.0,0.0,0.0
1253.0,0.0,0.0,0.0,0.0,0.0,0.0
1254.0,0.0,0.0,0.0,0.0,0.0,0.0
1255.0,0.0,0.0,0.0,0.0,0.0,0.0
1256.0,0.0,0.0,0.0,0.0,0.0,0.0
1257.0,0.0,0.0,0.0,0.0,0.0,0.0
1258.0,0.0,0.0,0.0,0.0,0.0,0.0
1259.0,0.0,0.0,0.0,0.0,0.0,0.0
1260.0,0.0,0.0,0.0,0.0,0.0,0.0
1261.0,0.0,0.0,0.0,0.0,0.0,0.0
1262.0,6.95635681040585e-05,0.0,0.0,0.0,0.0,0.005796964008671542
1263.0,0.0001399781758664176,0.0,0.0,0.0,0.0,0.011664847988868132
1264.0,0.00015919454745016992,0.0,0.0,0.0,0.0,0.01326621228751416
1265.0,0.00014876086788717657,0.0,0.0,0.0,0.0,0.012396738990598047
1266.0,0.00019153387984260917,0.0,0.0,0.0,0.0,0.015961156653550763
1267.0,0.00022225621796678752,0.0001777428260538727,0.0,0.0,0.001736111111111111,0.018521351497232292
1268.0,0.00019514224550221115,0.0,0.0,0.0,0.0,0.01626185379185093
1269.0,2.280773742313613e-06,0.0,0.0,0.0,0.0,0.00019006447852613442
1270.0,1.562499710416887e-05,0.0,0.0,0.0,0.0,0.0013020830920140725
1271.0,0.00026115411310456693,4.768496182805393e-06,0.0,0.0,0.003472222222222222,0.023148148148148147
1272.0,6.410550849977881e-05,3.667918917926727e-06,0.0,0.0,0.0,0.0053421257083149
1273.0,0.0,0.0,0.0,0.0,0.0,0.0
1274.0,0.0,0.0,0.0,0.0,0.0,0.0
1275.0,0.0,0.0,0.0,0.0,0.0,0.0
1276.0,0.0,0.0,0.0,0.0,0.0,0.0
1277.0,0.0,0.0,0.0,0.0,0.0,0.0
1278.0,0.0,0.0,0.0,0.0,0.0,0.0
1279.0,0.0,0.0,0.0,0.0,0.0,0.0
1280.0,3.574353286239784e-06,0.0,0.0,0.0,0.0,0.00029786277385331533
1281.0,0.0,0.0,0.0,0.0,0.0,0.0
1282.0,0.0,0.0,0.0,0.0,0.0,0.0
1283.0,0.0,0.0,0.0,0.0,0.0,0.0
1284.0,0.0,0.0,0.0,0.0,0.0,0.0
1285.0,0.0,0.0,0.0,0.0,0.0,0.0
1286.0,0.0,0.0,0.0,0.0,0.0,0.0
1287.0,0.0,0.0,0.0,0.0,0.0,0.0
1288.0,1.531863176751358e-06,0.0,0.0,0.0,0.0,0.00012765526472927982
1289.0,1.531863176751358e-06,0.0,0.0,0.0,0.0,0.00012765526472927982
1290.0,0.0,0.0,0.0,0.0,0.0,0.0
1291.0,0.0,0.0,0.0,0.0,0.0,0.0
1292.0,0.0,0.0,0.0,0.0,0.0,0.0
1293.0,0.0,0.0,0.0,0.0,0.0,0.0
1294.0,0.0,0.0,0.0,0.0,0.0,0.0
1295.0,0.0,0.0,0.0,0.0,0.0,0.0
1296.0,8.345710739376955e-06,3.667918917926727e-06,0.0,0.0,0.0,0.0006954758949480796
1297.0,8.345710739376955e-06,3.667918917926727e-06,0.0,0.0,0.0,0.0006954758949480796
1298.0,0.0,0.0,0.0,0.0,0.0,0.0
1299.0,0.0,0.0,0.0,0.0,0.0,0.0
1300.0,0.0045534949749708176,0.0005662458133883774,0.0,0.0,0.06076388888888889,0.4050925925925926
1301.0,0.0,0.0,0.0,0.0,0.0,0.0
1302.0,0.0,0.0,0.0,0.0,0.0,0.0
1303.0,0.0,0.0,0.0,0.0,0.0,0.0
1304.0,5.5470442021032795e-05,0.00035834714071825147,0.0,0.0,0.003472222222222222,0.023148148148148147
1305.0,0.00022045364312361926,0.0014057746157050133,0.0,0.0,0.001736111111111111,0.03514436539262533
1306.0,0.00014123770233709365,0.000912926800083369,0.0,0.0,0.001736111111111111,0.022823170002084225
1307.0,0.00016217317897826433,0.0010486275423318148,0.0,0.0,0.003472222222222222,0.02621568855829537
1308.0,0.0,0.0,0.0,0.0,0.0,0.0
1309.0,0.0,0.0,0.0,0.0,0.0,0.0
1310.0,0.0,0.0,0.0,0.0,0.0,0.0
1311.0,0.0,0.0,0.0,0.0,0.0,0.0
1312.0,0.0,0.0,0.0,0.0,0.0,0.0
1313.0,9.825621418713126e-06,3.9761016523698345e-05,0.0,0.0,0.0,0.0009940254130924586
1314.0,7.941035846670275e-07,4.36435084338882e-06,0.0,0.0,0.0,0.0001091087710847205
1315.0,6.749589829269098e-07,4.36435084338882e-06,0.0,0.0,0.0,0.0001091087710847205
1316.0,6.749589829269098e-07,4.36435084338882e-06,0.0,0.0,0.0,0.0001091087710847205
1317.0,6.749589829269098e-07,4.36435084338882e-06,0.0,0.0,0.0,0.0001091087710847205
1318.0,6.749589829269098e-07,4.36435084338882e-06,0.0,0.0,0.0,0.0001091087710847205
1319.0,6.749589829269098e-07,4.36435084338882e-06,0.0,0.0,0.0,0.0001091087710847205
1320.0,6.749589829269098e-07,4.36435084338882e-06,0.0,0.0,0.0,0.0001091087710847205
1321.0,4.5397259782475885e-06,3.050575287488755e-06,0.0,0.0,0.0,0.00037831049818729906
1322.0,5.034473360865377e-06,6.249657872103853e-06,0.0,0.0,0.0,0.0004195394467387814
1323.0,6.749589829269098e-07,4.36435084338882e-06,0.0,0.0,0.0,0.0001091087710847205
1324.0,6.749589829269098e-07,4.36435084338882e-06,0.0,0.0,0.0,0.0001091087710847205
1325.0,6.749589829269098e-07,4.36435084338882e-06,0.0,0.0,0.0,0.0001091087710847205
1326.0,6.749589829269098e-07,4.36435084338882e-06,0.0,0.0,0.0,0.0001091087710847205
1327.0,6.749589829269098e-07,4.36435084338882e-06,0.0,0.0,0.0,0.0001091087710847205
1328.0,6.749589829269098e-07,4.36435084338882e-06,0.0,0.0,0.0,0.0001091087710847205
1329.0,6.749589829269098e-07,4.36435084338882e-06,0.0,0.0,0.0,0.0001091087710847205
1330.0,0.0,0.0,0.0,0.0,0.0,0.0
1331.0,6.749589829269098e-07,4.36435084338882e-06,0.0,0.0,0.0,0.0001091087710847205
1332.0,6.749589829269098e-07,4.36435084338882e-06,0.0,0.0,0.0,0.0001091087710847205
1333.0,6.749589829269098e-07,4.36435084338882e-06,0.0,0.0,0.0,0.0001091087710847205
1334.0,6.749589829269098e-07,4.36435084338882e-06,0.0,0.0,0.0,0.0001091087710847205
1335.0,6.749589829269098e-07,4.36435084338882e-06,0.0,0.0,0.0,0.0001091087710847205
1336.0,6.749589829269098e-07,4.36435084338882e-06,0.0,0.0,0.0,0.0001091087710847205
1337.0,6.749589829269098e-07,4.36435084338882e-06,0.0,0.0,0.0,0.0001091087710847205
1338.0,1.1914461595097237e-07,0.0,0.0,0.0,0.0,9.928717995914363e-06
1339.0,7.941035846670275e-07,4.36435084338882e-06,0.0,0.0,0.0,0.0001091087710847205
1340.0,6.749589829269098e-07,4.36435084338882e-06,0.0,0.0,0.0,0.0001091087710847205
1341.0,6.749589829269098e-07,4.36435084338882e-06,0.0,0.0,0.0,0.0001091087710847205
1342.0,6.749589829269098e-07,4.36435084338882e-06,0.0,0.0,0.0,0.0001091087710847205
1343.0,0.00037030206294730306,0.00188517349306494,0.0,0.0,0.010416666666666666,0.06944444444444445
1344.0,0.000837393628899008,0.00029347444069571793,0.0,0.0,0.019097222222222224,0.12731481481481483
1345.0,0.00012831366620957851,3.7074014471727423e-06,0.0,0.0,0.003472222222222222,0.023148148148148147
1346.0,0.00012945248454343528,3.0550982046406716e-05,0.0,0.0,0.0,0.010787707045286274
1347.0,0.000177394351339899,4.762664957524976e-06,0.0,0.0,0.0,0.01478286261165825
1348.0,5.842626342200674e-05,4.805125172424596e-06,0.0,0.0,0.0,0.004868855285167228
1349.0,5.508256890607299e-07,3.5616928926174296e-06,0.0,0.0,0.0,8.904232231543574e-05
1350.0,5.508256890607299e-07,3.5616928926174296e-06,0.0,0.0,0.0,8.904232231543574e-05
1351.0,5.508256890607299e-07,3.5616928926174296e-06,0.0,0.0,0.0,8.904232231543574e-05
1352.0,5.508256890607299e-07,3.5616928926174296e-06,0.0,0.0,0.0,8.904232231543574e-05
1353.0,5.508256890607299e-07,3.5616928926174296e-06,0.0,0.0,0.0,8.904232231543574e-05
1354.0,5.508256890607299e-07,3.5616928926174296e-06,0.0,0.0,0.0,8.904232231543574e-05
1355.0,5.325059191818582e-06,5.2671198318421375e-06,0.0,0.0,0.0,0.0004437549326515485
1356.0,6.749589829269098e-07,4.36435084338882e-06,0.0,0.0,0.0,0.0001091087710847205
1357.0,6.749589829269098e-07,4.36435084338882e-06,0.0,0.0,0.0,0.0001091087710847205
1358.0,6.749589829269098e-07,4.36435084338882e-06,0.0,0.0,0.0,0.0001091087710847205
1359.0,6.749589829269098e-07,4.36435084338882e-06,0.0,0.0,0.0,0.0001091087710847205
1360.0,6.749589829269098e-07,4.36435084338882e-06,0.0,0.0,0.0,0.0001091087710847205
1361.0,6.749589829269098e-07,4.36435084338882e-06,0.0,0.0,0.0,0.0001091087710847205
1362.0,6.749589829269098e-07,4.36435084338882e-06,0.0,0.0,0.0,0.0001091087710847205
1363.0,0.0022425916977226734,0.005892231594771147,0.0,0.0,0.043402777777777776,0.28935185185185186
1364.0,1.531863176751358e-06,0.0,0.0,0.0,0.0,0.00012765526472927982
1365.0,0.0,0.0,0.0,0.0,0.0,0.0
1366.0,0.0,0.0,0.0,0.0,0.0,0.0
1367.0,0.0,0.0,0.0,0.0,0.0,0.0
1368.0,0.0,0.0,0.0,0.0,0.0,0.0
1369.0,0.0,0.0,0.0,0.0,0.0,0.0
1370.0,0.0,0.0,0.0,0.0,0.0,0.0
1371.0,7.852109774830751e-06,3.557859599823132e-06,0.0,0.0,0.0,0.0006543424812358959
1372.0,7.852109774830751e-06,3.557859599823132e-06,0.0,0.0,0.0,0.0006543424812358959
1373.0,0.0,0.0,0.0,0.0,0.0,0.0
1374.0,0.0,0.0,0.0,0.0,0.0,0.0
1375.0,0.0,0.0,0.0,0.0,0.0,0.0
1376.0,0.0,0.0,0.0,0.0,0.0,0.0
1377.0,0.0,0.0,0.0,0.0,0.0,0.0
1378.0,0.0,0.0,0.0,0.0,0.0,0.0
1379.0,0.0,0.0,0.0,0.0,0.0,0.0
1380.0,0.0,0.0,0.0,0.0,0.0,0.0
1381.0,0.0,0.0,0.0,0.0,0.0,0.0
1382.0,0.0,0.0,0.0,0.0,0.0,0.0
1383.0,0.0,0.0,0.0,0.0,0.0,0.0
1384.0,0.0,0.0,0.0,0.0,0.0,0.0
1385.0,0.0,0.0,0.0,0.0,0.0,0.0
1386.0,0.00019309978233650327,0.0,0.0,0.0,0.001736111111111111,0.01609164852804194
1387.0,4.7657940740464255e-06,0.0,0.0,0.0,0.0,0.00039714950617053546
1388.0,3.302015329609276e-06,0.0,0.0,0.0,0.0,0.00027516794413410633
1389.0,1.531863176751358e-06,0.0,0.0,0.0,0.0,0.00012765526472927982
1390.0,0.0,0.0,0.0,0.0,0.0,0.0
1391.0,0.0,0.0,0.0,0.0,0.0,0.0
1392.0,0.0,0.0,0.0,0.0,0.0,0.0
1393.0,0.0,0.0,0.0,0.0,0.0,0.0
1394.0,0.0,0.0,0.0,0.0,0.0,0.0
1395.0,0.0,0.0,0.0,0.0,0.0,0.0
1396.0,7.852109774830751e-06,3.557859599823132e-06,0.0,0.0,0.0,0.0006543424812358959
1397.0,7.852109774830751e-06,3.557859599823132e-06,0.0,0.0,0.0,0.0006543424812358959
1398.0,0.0,0.0,0.0,0.0,0.0,0.0
1399.0,0.0,0.0,0.0,0.0,0.0,0.0
1400.0,0.0,0.0,0.0,0.0,0.0,0.0
1401.0,0.0,0.0,0.0,0.0,0.0,0.0
1402.0,0.0,0.0,0.0,0.0,0.0,0.0
1403.0,0.0,0.0,0.0,0.0,0.0,0.0
1404.0,0.0,0.0,0.0,0.0,0.0,0.0
1405.0,0.0,0.0,0.0,0.0,0.0,0.0
1406.0,0.0,0.0,0.0,0.0,0.0,0.0
1407.0,0.0,0.0,0.0,0.0,0.0,0.0
1408.0,0.0,0.0,0.0,0.0,0.0,0.0
1409.0,0.0,0.0,0.0,0.0,0.0,0.0
1410.0,0.0,0.0,0.0,0.0,0.0,0.0
1411.0,0.0,0.0,0.0,0.0,0.0,0.0
1412.0,0.0,0.0,0.0,0.0,0.0,0.0
1413.0,1.531863176751358e-06,0.0,0.0,0.0,0.0,0.00012765526472927982
1414.0,5.339392737369053e-05,0.0,0.0,0.0,0.0,0.004449493947807544
1415.0,4.3011295929318294e-05,0.0,0.0,0.0,0.0,0.0035842746607765243
1416.0,8.666938083479181e-05,0.0,0.0,0.0,0.0,0.0072224484028993174
1417.0,1.0212417578259192e-07,0.0,0.0,0.0,0.0,8.51034798188266e-06
1418.0,0.0,0.0,0.0,0.0,0.0,0.0
1419.0,0.0,0.0,0.0,0.0,0.0,0.0
1420.0,0.0,0.0,0.0,0.0,0.0,0.0
1421.0,6.146728264866397e-05,3.557859599823132e-06,0.0,0.0,0.001736111111111111,0.011574074074074073
1422.0,5.7688703236635774e-05,3.557859599823132e-06,0.0,0.0,0.0,0.004807391936386314
1423.0,0.00014750132686458528,0.0,0.0,0.0,0.003472222222222222,0.023148148148148147
1424.0,0.00033723103115335107,0.0,0.0,0.0,0.005208333333333333,0.034722222222222224
1425.0,0.0,0.0,0.0,0.0,0.0,0.0
1426.0,0.00014035264030098915,0.0,0.0,0.0,0.003472222222222222,0.023148148148148147
1427.0,0.0,0.0,0.0,0.0,0.0,0.0
1428.0,0.0,0.0,0.0,0.0,0.0,0.0
1429.0,8.69076611706987e-05,0.0,0.0,0.0,0.003472222222222222,0.023148148148148147
1430.0,0.00016921974020078778,0.0,0.0,0.0,0.001736111111111111,0.014101645016732315
1431.0,0.00017584078887011856,0.0,0.0,0.0,0.005208333333333333,0.034722222222222224
1432.0,0.00024029816268011928,0.0,0.0,0.0,0.005208333333333333,0.034722222222222224
1433.0,1.0569850928732194e-05,0.0,0.0,0.0,0.0,0.0008808209107276828
1434.0,0.0,0.0,0.0,0.0,0.0,0.0
1435.0,0.0,0.0,0.0,0.0,0.0,0.0
1436.0,0.0,0.0,0.0,0.0,0.0,0.0
1437.0,0.0,0.0,0.0,0.0,0.0,0.0
1438.0,8.459300261165481e-06,0.0,0.0,0.0,0.0,0.0007049416884304568
1439.0,1.531863176751358e-06,0.0,0.0,0.0,0.0,0.00012765526472927982
1440.0,0.0,0.0,0.0,0.0,0.0,0.0
1441.0,0.0,0.0,0.0,0.0,0.0,0.0
1442.0,0.0,0.0,0.0,0.0,0.0,0.0
1443.0,0.0017776922322809696,0.0,0.0,0.0,0.03125,0.20833333333333334
1444.0,0.0,0.0,0.0,0.0,0.0,0.0
1445.0,0.0,0.0,0.0,0.0,0.0,0.0
1446.0,1.2209398846607655e-05,3.557859599823132e-06,0.0,0.0,0.0,0.0010174499038839713
1447.0,7.852109774830751e-06,3.557859599823132e-06,0.0,0.0,0.0,0.0006543424812358959
1448.0,0.0,0.0,0.0,0.0,0.0,0.0
1449.0,0.0,0.0,0.0,0.0,0.0,0.0
1450.0,0.0,0.0,0.0,0.0,0.0,0.0
1451.0,0.0,0.0,0.0,0.0,0.0,0.0
1452.0,0.0,0.0,0.0,0.0,0.0,0.0
1453.0,0.0,0.0,0.0,0.0,0.0,0.0
1454.0,0.0,0.0,0.0,0.0,0.0,0.0
1455.0,0.0,0.0,0.0,0.0,0.0,0.0
1456.0,0.0,0.0,0.0,0.0,0.0,0.0
1457.0,0.0,0.0,0.0,0.0,0.0,0.0
1458.0,0.0,0.0,0.0,0.0,0.0,0.0
1459.0,0.0,0.0,0.0,0.0,0.0,0.0
1460.0,0.0,0.0,0.0,0.0,0.0,0.0
1461.0,0.0,0.0,0.0,0.0,0.0,0.0
1462.0,0.0,0.0,0.0,0.0,0.0,0.0
1463.0,1.531863176751358e-06,0.0,0.0,0.0,0.0,0.00012765526472927982
1464.0,1.531863176751358e-06,0.0,0.0,0.0,0.0,0.00012765526472927982
1465.0,5.039827374275774e-05,0.0,0.0,0.0,0.0,0.004199856145229812
1466.0,0.00010554532491369173,0.0,0.0,0.0,0.0,0.008795443742807644
1467.0,0.0,0.0,0.0,0.0,0.0,0.0
1468.0,0.0,0.0,0.0,0.0,0.0,0.0
1469.0,0.0,0.0,0.0,0.0,0.0,0.0
1470.0,0.0,0.0,0.0,0.0,0.0,0.0
1471.0,9.213767043547705e-06,3.557859599823132e-06,0.0,0.0,0.0,0.0007678139202956421
1472.0,7.852109774830751e-06,3.557859599823132e-06,0.0,0.0,0.0,0.0006543424812358959
1473.0,0.0,0.0,0.0,0.0,0.0,0.0
1474.0,0.0,0.0,0.0,0.0,0.0,0.0
1475.0,0.0,0.0,0.0,0.0,0.0,0.0
1476.0,0.0,0.0,0.0,0.0,0.0,0.0
1477.0,0.0,0.0,0.0,0.0,0.0,0.0
1478.0,0.0,0.0,0.0,0.0,0.0,0.0
1479.0,0.0,0.0,0.0,0.0,0.0,0.0
1480.0,0.0,0.0,0.0,0.0,0.0,0.0
1481.0,0.0,0.0,0.0,0.0,0.0,0.0
1482.0,0.0,0.0,0.0,0.0,0.0,0.0
1483.0,0.0,0.0,0.0,0.0,0.0,0.0
1484.0,0.0,0.0,0.0,0.0,0.0,0.0
1485.0,0.0,0.0,0.0,0.0,0.0,0.0
1486.0,0.0,0.0,0.0,0.0,0.0,0.0
1487.0,0.0,0.0,0.0,0.0,0.0,0.0
1488.0,1.531863176751358e-06,0.0,0.0,0.0,0.0,0.00012765526472927982
1489.0,1.531863176751358e-06,0.0,0.0,0.0,0.0,0.00012765526472927982
1490.0,0.0,0.0,0.0,0.0,0.0,0.0
1491.0,0.0,0.0,0.0,0.0,0.0,0.0
1492.0,0.0,0.0,0.0,0.0,0.0,0.0
1493.0,0.0,0.0,0.0,0.0,0.0,0.0
1494.0,0.0,0.0,0.0,0.0,0.0,0.0
1495.0,0.0,0.0,0.0,0.0,0.0,0.0
1496.0,7.852109774830751e-06,3.557859599823132e-06,0.0,0.0,0.0,0.0006543424812358959
1497.0,7.852109774830751e-06,3.557859599823132e-06,0.0,0.0,0.0,0.0006543424812358959
1498.0,0.0,0.0,0.0,0.0,0.0,0.0
1499.0,0.0,0.0,0.0,0.0,0.0,0.0
1500.0,0.0,0.0,0.0,0.0,0.0,0.0
1501.0,0.0,0.0,0.0,0.0,0.0,0.0
1502.0,0.0,0.0,0.0,0.0,0.0,0.0
1503.0,0.0,0.0,0.0,0.0,0.0,0.0
1504.0,0.0,0.0,0.0,0.0,0.0,0.0
1505.0,0.0,0.0,0.0,0.0,0.0,0.0
1506.0,0.0,0.0,0.0,0.0,0.0,0.0
1507.0,0.0,0.0,0.0,0.0,0.0,0.0
1508.0,0.0,0.0,0.0,0.0,0.0,0.0
1509.0,0.0,0.0,0.0,0.0,0.0,0.0
1510.0,0.0,0.0,0.0,0.0,0.0,0.0
1511.0,0.0,0.0,0.0,0.0,0.0,0.0
1512.0,0.0,0.0,0.0,0.0,0.0,0.0
1513.0,1.531863176751358e-06,0.0,0.0,0.0,0.0,0.00012765526472927982
1514.0,1.531863176751358e-06,0.0,0.0,0.0,0.0,0.00012765526472927982
1515.0,9.412444342160597e-05,0.0,0.0,0.0,0.003472222222222222,0.023148148148148147
1516.0,0.0007146989228203893,0.0,0.0,0.0,0.013888888888888888,0.09259259259259259
1517.0,0.0004929363494738936,0.0,0.0,0.0,0.010416666666666666,0.06944444444444445
1518.0,0.0002989004133269191,0.0,0.0,0.0,0.003472222222222222,0.024908367777243257
1519.0,0.0,0.0,0.0,0.0,0.0,0.0
1520.0,0.00016249656619038433,0.0,0.0,0.0,0.0,0.013541380515865361
1521.0,0.00020338584727142006,3.557859599823132e-06,0.0,0.0,0.0,0.01694882060595167
1522.0,0.00018687578267417848,3.557859599823132e-06,0.0,0.0,0.0,0.015572981889514873
1523.0,0.0002316176105523482,0.0,0.0,0.0,0.0,0.019301467546029016
1524.0,0.00022966021788306534,0.0,0.0,0.0,0.0,0.019138351490255445
1525.0,0.00022409444500226527,0.0,0.0,0.0,0.0,0.018674537083522107
1526.0,0.0,0.0,0.0,0.0,0.0,0.0
1527.0,0.0,0.0,0.0,0.0,0.0,0.0
1528.0,0.0,0.0,0.0,0.0,0.0,0.0
1529.0,0.0,0.0,0.0,0.0,0.0,0.0
1530.0,0.0001657475222600624,0.0,0.0,0.0,0.003472222222222222,0.023148148148148147
1531.0,0.00011591091606533155,0.0,0.0,0.0,0.0,0.009659243005444296
1532.0,0.0002562295412644744,0.0,0.0,0.0,0.003472222222222222,0.023148148148148147
1533.0,3.404139192753064e-08,0.0,0.0,0.0,0.0,2.8367826606275535e-06
1534.0,0.0,0.0,0.0,0.0,0.0,0.0
1535.0,0.0,0.0,0.0,0.0,0.0,0.0
1536.0,0.0,0.0,0.0,0.0,0.0,0.0
1537.0,0.0,0.0,0.0,0.0,0.0,0.0
1538.0,7.557195658591809e-06,0.0,0.0,0.0,0.0,0.0006297663048826507
1539.0,0.0,0.0,0.0,0.0,0.0,0.0
1540.0,0.0,0.0,0.0,0.0,0.0,0.0
1541.0,0.0,0.0,0.0,0.0,0.0,0.0
1542.0,0.0,0.0,0.0,0.0,0.0,0.0
1543.0,0.0,0.0,0.0,0.0,0.0,0.0
1544.0,0.0,0.0,0.0,0.0,0.0,0.0
1545.0,0.0,0.0,0.0,0.0,0.0,0.0
1546.0,8.347504626726732e-05,3.557859599823132e-06,0.0,0.0,0.001736111111111111,0.011574074074074073
1547.0,0.0006568682147189975,3.557859599823132e-06,0.0,0.0,0.020833333333333332,0.1388888888888889
1548.0,0.0005599808064289391,0.0,0.0,0.0,0.005208333333333333,0.04666506720241159
1549.0,0.00023558341490570456,0.0,0.0,0.0,0.0,0.019631951242142048
1550.0,7.912920409580693e-05,0.0,0.0,0.0,0.0,0.006594100341317244
1551.0,0.0002028185990639031,0.0,0.0,0.0,0.001736111111111111,0.016901549921991926
1552.0,6.80825280596764e-08,0.0,0.0,0.0,0.0,5.673544004973034e-06
1553.0,2.6416117179905996e-05,0.0,0.0,0.0,0.0,0.0022013430983255
1554.0,0.000113085494376719,0.0,0.0,0.0,0.0,0.009423791198059916
1555.0,0.00019180621893610805,0.0,0.0,0.0,0.001736111111111111,0.015983851578009006
1556.0,8.840548252919689e-05,0.0,0.0,0.0,0.003472222222222222,0.023148148148148147
1557.0,0.00019623157277237624,0.0,0.0,0.0,0.001736111111111111,0.016352631064364687
1558.0,0.00017095584189519286,0.0,0.0,0.0,0.0,0.014246320157932738
1559.0,0.00013853142445441335,0.0,0.0,0.0,0.0,0.011544285371201113
1560.0,0.00012455745309125632,0.0,0.0,0.0,0.0,0.010379787757604694
1561.0,3.591366112232208e-05,0.0,0.0,0.0,0.0,0.00299280509352684
1562.0,3.562431447790004e-05,0.0,0.0,0.0,0.0,0.002968692873158337
1563.0,0.00010556233610259369,0.0,0.0,0.0,0.0,0.008796861341882808
1564.0,0.0001468545524403453,0.0,0.0,0.0,0.0,0.012237879370028773
1565.0,0.0,0.0,0.0,0.0,0.0,0.0
1566.0,7.553783507319167e-05,0.0,0.0,0.0,0.0,0.006294819589432639
1567.0,0.0,0.0,0.0,0.0,0.0,0.0
1568.0,0.00011694918794091791,0.0,0.0,0.0,0.0,0.009745765661743159
1569.0,0.00012079587759217247,0.0,0.0,0.0,0.0,0.01006632313268104
1570.0,0.00011805553367594257,0.0,0.0,0.0,0.0,0.00983796113966188
1571.0,2.1689933419111185e-05,3.557859599823132e-06,0.0,0.0,0.0,0.0018074944515925986
1572.0,2.031033091043355e-06,3.557859599823132e-06,0.0,0.0,0.0,0.00016925275758694625
1573.0,0.0,0.0,0.0,0.0,0.0,0.0
1574.0,0.0,0.0,0.0,0.0,0.0,0.0
1575.0,0.0,0.0,0.0,0.0,0.0,0.0
1576.0,0.0,0.0,0.0,0.0,0.0,0.0
1577.0,0.0,0.0,0.0,0.0,0.0,0.0
1578.0,0.0,0.0,0.0,0.0,0.0,0.0
1579.0,0.0,0.0,0.0,0.0,0.0,0.0
1580.0,0.0,0.0,0.0,0.0,0.0,0.0
1581.0,0.0,0.0,0.0,0.0,0.0,0.0
1582.0,0.0,0.0,0.0,0.0,0.0,0.0
1583.0,0.0,0.0,0.0,0.0,0.0,0.0
1584.0,0.0,0.0,0.0,0.0,0.0,0.0
1585.0,0.0,0.0,0.0,0.0,0.0,0.0
1586.0,0.0,0.0,0.0,0.0,0.0,0.0
1587.0,0.0,0.0,0.0,0.0,0.0,0.0
1588.0,0.0,0.0,0.0,0.0,0.0,0.0
1589.0,0.0,0.0,0.0,0.0,0.0,0.0
1590.0,0.0,0.0,0.0,0.0,0.0,0.0
1591.0,0.0,0.0,0.0,0.0,0.0,0.0
1592.0,9.604777733329684e-05,0.0,0.0,0.0,0.0,0.008003981444441402
1593.0,1.0825161552929785e-05,0.0,0.0,0.0,0.0,0.0009020967960774821
1594.0,0.0,0.0,0.0,0.0,0.0,0.0
1595.0,0.0,0.0,0.0,0.0,0.0,0.0
1596.0,6.030898475728463e-06,3.557859599823132e-06,0.0,0.0,0.0,0.0005025748729773719
1597.0,2.031033091043355e-06,3.557859599823132e-06,0.0,0.0,0.0,0.00016925275758694625
1598.0,0.0,0.0,0.0,0.0,0.0,0.0
1599.0,0.0,0.0,0.0,0.0,0.0,0.0
1600.0,0.0,0.0,0.0,0.0,0.0,0.0
1601.0,0.0,0.0,0.0,0.0,0.0,0.0
1602.0,0.0,0.0,0.0,0.0,0.0,0.0
1603.0,0.0,0.0,0.0,0.0,0.0,0.0
1604.0,0.0,0.0,0.0,0.0,0.0,0.0
1605.0,0.0,0.0,0.0,0.0,0.0,0.0
1606.0,0.0,0.0,0.0,0.0,0.0,0.0
1607.0,0.0,0.0,0.0,0.0,0.0,0.0
1608.0,0.0,0.0,0.0,0.0,0.0,0.0
1609.0,0.0,0.0,0.0,0.0,0.0,0.0
1610.0,0.0,0.0,0.0,0.0,0.0,0.0
1611.0,0.0,0.0,0.0,0.0,0.0,0.0
1612.0,0.0,0.0,0.0,0.0,0.0,0.0
1613.0,0.0,0.0,0.0,0.0,0.0,0.0
1614.0,0.0,0.0,0.0,0.0,0.0,0.0
1615.0,0.0,0.0,0.0,0.0,0.0,0.0
1616.0,0.0,0.0,0.0,0.0,0.0,0.0
1617.0,0.0,0.0,0.0,0.0,0.0,0.0
1618.0,8.952884854807053e-06,5.062642594566569e-05,0.0,0.0,0.003472222222222222,0.023148148148148147
1619.0,0.00022863897902425379,0.0003231287410017103,0.0,0.0,0.003472222222222222,0.023148148148148147
1620.0,0.00019825705385301262,0.00010246349847875535,0.0,0.0,0.001736111111111111,0.01652142115441772
1621.0,6.932999440323329e-06,7.409861609630752e-06,0.0,0.0,0.0,0.0005777499533602773
1622.0,2.04805405701336e-06,3.557859599823132e-06,0.0,0.0,0.0,0.00017067117141778
1623.0,0.0,0.0,0.0,0.0,0.0,0.0
1624.0,0.0,0.0,0.0,0.0,0.0,0.0
1625.0,0.0,0.0,0.0,0.0,0.0,0.0
1626.0,0.00013672724890056998,4.5343673264142126e-05,0.0,0.0,0.001736111111111111,0.011574074074074073
1627.0,9.729028533911332e-05,1.4307471246866044e-05,0.0,0.0,0.005208333333333333,0.034722222222222224
1628.0,7.21336982678622e-05,0.0,0.0,0.0,0.0,0.00601114152232185
1629.0,0.0002058653044514358,0.0,0.0,0.0,0.003472222222222222,0.023148148148148147
1630.0,0.00012564676580950618,3.3017079204000765e-07,0.0,0.0,0.0,0.010470563817458848
1631.0,0.00014142492727842182,0.0,0.0,0.0,0.001736111111111111,0.011785410606535152
1632.0,0.0002620165469124913,0.0,0.0,0.0,0.005208333333333333,0.034722222222222224
1633.0,0.00015742439427413046,0.0,0.0,0.0,0.001736111111111111,0.013118699522844205
1634.0,0.00014896511856932193,0.0,0.0,0.0,0.001736111111111111,0.012413759880776828
1635.0,0.0002371323062106967,0.0,0.0,0.0,0.0,0.019761025517558057
1636.0,0.0002250475954497233,0.0,0.0,0.0,0.001736111111111111,0.018753966287476942
1637.0,8.035470091272146e-05,0.0,0.0,0.0,0.0,0.006696225076060121
1638.0,0.00017980662232730538,0.0,0.0,0.0,0.0,0.014983885193942115
1639.0,5.162376328371465e-05,0.0,0.0,0.0,0.0,0.004301980273642887
1640.0,0.0,0.0,0.0,0.0,0.0,0.0
1641.0,0.0,0.0,0.0,0.0,0.0,0.0
1642.0,0.0002352940646233037,0.0,0.0,0.0,0.0,0.019607838718608644
1643.0,1.6220719771808945e-05,0.0,0.0,0.0,0.0,0.0013517266476507455
1644.0,0.0,0.0,0.0,0.0,0.0,0.0
1645.0,6.893380486872047e-06,0.0,0.0,0.0,0.0,0.0005744483739060039
1646.0,0.0001837950258050114,3.557859599823132e-06,0.0,0.0,0.0,0.015316252150417615
1647.0,0.0001220949925482273,3.557859599823132e-06,0.0,0.0,0.0,0.010174582712352276
1648.0,0.00020377174951136112,0.0,0.0,0.0,0.0,0.01698097912594676
1649.0,6.263615796342492e-05,0.0,0.0,0.0,0.0,0.00521967983028541
1650.0,4.505377364694141e-05,0.0,0.0,0.0,0.0,0.0037544811372451172
1651.0,0.0,0.0,0.0,0.0,0.0,0.0
1652.0,0.0,0.0,0.0,0.0,0.0,0.0
1653.0,0.0,0.0,0.0,0.0,0.0,0.0
1654.0,0.0,0.0,0.0,0.0,0.0,0.0
1655.0,8.765663551457692e-06,0.0,0.0,0.0,0.0,0.0007304719626214743
1656.0,0.0,0.0,0.0,0.0,0.0,0.0
1657.0,0.0,0.0,0.0,0.0,0.0,0.0
1658.0,0.0,0.0,0.0,0.0,0.0,0.0
1659.0,0.0,0.0,0.0,0.0,0.0,0.0
1660.0,0.0,0.0,0.0,0.0,0.0,0.0
1661.0,0.0,0.0,0.0,0.0,0.0,0.0
1662.0,0.0,0.0,0.0,0.0,0.0,0.0
1663.0,0.0,0.0,0.0,0.0,0.0,0.0
1664.0,0.0,0.0,0.0,0.0,0.0,0.0
1665.0,0.0,0.0,0.0,0.0,0.0,0.0
1666.0,0.0,0.0,0.0,0.0,0.0,0.0
1667.0,0.0,0.0,0.0,0.0,0.0,0.0
1668.0,0.0,0.0,0.0,0.0,0.0,0.0
1669.0,0.0,0.0,0.0,0.0,0.0,0.0
1670.0,0.0,0.0,0.0,0.0,0.0,0.0
1671.0,2.303365135958302e-06,3.557859599823132e-06,0.0,0.0,0.0,0.00019194709466319182
1672.0,2.303365135958302e-06,3.557859599823132e-06,0.0,0.0,0.0,0.00019194709466319182
1673.0,0.0,0.0,0.0,0.0,0.0,0.0
1674.0,0.0,0.0,0.0,0.0,0.0,0.0
1675.0,0.0,0.0,0.0,0.0,0.0,0.0
1676.0,0.00010680485866032541,0.0,0.0,0.0,0.0,0.00890040488836045
1677.0,1.3701660463993903e-05,0.0,0.0,0.0,0.0,0.0011418050386661587
1678.0,0.0,0.0,0.0,0.0,0.0,0.0
1679.0,0.0,0.0,0.0,0.0,0.0,0.0
1680.0,5.174286343390122e-06,0.0,0.0,0.0,0.0,0.0004311905286158435
1681.0,0.0,0.0,0.0,0.0,0.0,0.0
1682.0,0.0,0.0,0.0,0.0,0.0,0.0
1683.0,0.0,0.0,0.0,0.0,0.0,0.0
1684.0,0.0,0.0,0.0,0.0,0.0,0.0
1685.0,0.0,0.0,0.0,0.0,0.0,0.0
1686.0,0.0,0.0,0.0,0.0,0.0,0.0
1687.0,0.0,0.0,0.0,0.0,0.0,0.0
1688.0,0.0,0.0,0.0,0.0,0.0,0.0
1689.0,0.0,0.0,0.0,0.0,0.0,0.0
1690.0,0.0,0.0,0.0,0.0,0.0,0.0
1691.0,0.0,0.0,0.0,0.0,0.0,0.0
1692.0,0.0,0.0,0.0,0.0,0.0,0.0
1693.0,0.0,0.0,0.0,0.0,0.0,0.0
1694.0,0.0,0.0,0.0,0.0,0.0,0.0
1695.0,0.0,0.0,0.0,0.0,0.0,0.0
1696.0,2.388467692071572e-06,3.557859599823132e-06,0.0,0.0,0.0,0.00019903897433929765
1697.0,9.026536645251326e-06,3.557859599823132e-06,0.0,0.0,0.001736111111111111,0.011574074074074073
1698.0,0.00027822027914226055,0.00036715177702717483,0.0,0.0,0.001736111111111111,0.023185023261855047
1699.0,0.0,0.0,0.0,0.0,0.0,0.0
1700.0,0.0,0.0,0.0,0.0,0.0,0.0
1701.0,0.010515997186303139,0.0009004901512525976,0.0,0.0,0.109375,0.8763330988585949
1702.0,0.0,0.0,0.0,0.0,0.0,0.0
1703.0,0.0,0.0,0.0,0.0,0.0,0.0
1704.0,0.0,0.0,0.0,0.0,0.0,0.0
1705.0,1.1233648365305271e-05,1.210632376569265e-06,0.0,0.0,0.0,0.0009361373637754392
1706.0,0.0001801990729290992,6.383311847457662e-05,0.0,7.25744102965109e-05,0.0,0.015016589410758266
1707.0,3.373501021997072e-05,4.622422693500994e-06,0.0,2.7852472612721613e-06,0.0,0.0028112508516642265
1708.0,0.0,0.0,0.0,0.0,0.0,0.0
1709.0,0.03768043592572212,0.009817779064178467,0.0,0.0005145806935615838,0.3125,3.1400363271435103
1710.0,0.0,0.0,0.0,0.0,0.0,0.0
1711.0,0.0,0.0,0.0,0.0,0.0,0.0
1712.0,0.0,0.0,0.0,0.0,0.0,0.0
1713.0,0.0,0.0,0.0,0.0,0.0,0.0
1714.0,0.0,0.0,0.0,0.0,0.0,0.0
1715.0,0.0,0.0,0.0,0.0,0.0,0.0
1716.0,0.0,0.0,0.0,0.0,0.0,0.0
1717.0,1.702069596376532e-08,0.0,0.0,0.0,0.0,1.4183913303137767e-06
1718.0,1.702069596376532e-08,0.0,0.0,0.0,0.0,1.4183913303137767e-06
1719.0,0.0,0.0,0.0,0.0,0.0,0.0
1720.0,0.0,0.0,0.0,0.0,0.0,0.0
1721.0,0.0,0.0,0.0,0.0,0.0,0.0
1722.0,0.0,0.0,0.0,0.0,0.0,0.0
1723.0,0.0,0.0,0.0,0.0,0.0,0.0
1724.0,0.0,0.0,0.0,0.0,0.0,0.0
1725.0,3.136577288387343e-05,4.1097191569861025e-05,3.979195389547385e-05,2.7852472612721613e-06,0.0,0.002613814406989453
1726.0,3.136577288387343e-05,4.1097191569861025e-05,3.979195389547385e-05,2.7852472612721613e-06,0.0,0.002613814406989453
1727.0,0.0,0.0,0.0,0.0,0.0,0.0
1728.0,0.0,0.0,0.0,0.0,0.0,0.0
1729.0,0.0,0.0,0.0,0.0,0.0,0.0
1730.0,0.0,0.0,0.0,0.0,0.0,0.0
1731.0,0.0,0.0,0.0,0.0,0.0,0.0
1732.0,0.0,0.0,0.0,0.0,0.0,0.0
1733.0,0.0,0.0,0.0,0.0,0.0,0.0
1734.0,0.0,0.0,0.0,0.0,0.0,0.0
1735.0,0.0,0.0,0.0,0.0,0.0,0.0
1736.0,0.0,0.0,0.0,0.0,0.0,0.0
1737.0,0.0,0.0,0.0,0.0,0.0,0.0
1738.0,0.0,0.0,0.0,0.0,0.0,0.0
1739.0,0.0,0.0,0.0,0.0,0.0,0.0
1740.0,0.0,0.0,0.0,0.0,0.0,0.0
1741.0,0.0,0.0,0.0,0.0,0.0,0.0
1742.0,1.702069596376532e-08,0.0,0.0,0.0,0.0,1.4183913303137767e-06
1743.0,1.702069596376532e-08,0.0,0.0,0.0,0.0,1.4183913303137767e-06
1744.0,0.0,0.0,0.0,0.0,0.0,0.0
1745.0,0.0,0.0,0.0,0.0,0.0,0.0
1746.0,0.0,0.0,0.0,0.0,0.0,0.0
1747.0,0.0,0.0,0.0,0.0,0.0,0.0
1748.0,0.0,0.0,0.0,0.0,0.0,0.0
1749.0,0.0,0.0,0.0,0.0,0.0,0.0
1750.0,3.136577288387343e-05,4.1097191569861025e-05,3.979195389547385e-05,2.7852472612721613e-06,0.0,0.002613814406989453
1751.0,3.136577288387343e-05,4.1097191569861025e-05,3.979195389547385e-05,2.7852472612721613e-06,0.0,0.002613814406989453
1752.0,0.0,0.0,0.0,0.0,0.0,0.0
1753.0,0.0,0.0,0.0,0.0,0.0,0.0
1754.0,0.0,0.0,0.0,0.0,0.0,0.0
1755.0,0.0,0.0,0.0,0.0,0.0,0.0
1756.0,0.0,0.0,0.0,0.0,0.0,0.0
1757.0,0.0,0.0,0.0,0.0,0.0,0.0
1758.0,0.0,0.0,0.0,0.0,0.0,0.0
1759.0,0.0,0.0,0.0,0.0,0.0,0.0
1760.0,0.0,0.0,0.0,0.0,0.0,0.0
1761.0,0.0,0.0,0.0,0.0,0.0,0.0
1762.0,0.0,0.0,0.0,0.0,0.0,0.0
1763.0,0.0,0.0,0.0,0.0,0.0,0.0
1764.0,0.0,0.0,0.0,0.0,0.0,0.0
1765.0,0.0,0.0,0.0,0.0,0.0,0.0
1766.0,0.0,0.0,0.0,0.0,0.0,0.0
1767.0,1.702069596376532e-08,0.0,0.0,0.0,0.0,1.4183913303137767e-06
1768.0,1.702069596376532e-08,0.0,0.0,0.0,0.0,1.4183913303137767e-06
1769.0,0.0,0.0,0.0,0.0,0.0,0.0
1770.0,0.0,0.0,0.0,0.0,0.0,0.0
1771.0,0.0,0.0,0.0,0.0,0.0,0.0
1772.0,0.0,0.0,0.0,0.0,0.0,0.0
1773.0,0.0,0.0,0.0,0.0,0.0,0.0
1774.0,0.0,0.0,0.0,0.0,0.0,0.0
1775.0,3.136577288387343e-05,4.1097191569861025e-05,3.979195389547385e-05,2.7852472612721613e-06,0.0,0.002613814406989453
1776.0,3.136577288387343e-05,4.1097191569861025e-05,3.979195389547385e-05,2.7852472612721613e-06,0.0,0.002613814406989453
1777.0,0.0,0.0,0.0,0.0,0.0,0.0
1778.0,0.0,0.0,0.0,0.0,0.0,0.0
1779.0,0.0,0.0,0.0,0.0,0.0,0.0
1780.0,0.0,0.0,0.0,0.0,0.0,0.0
1781.0,0.0,0.0,0.0,0.0,0.0,0.0
1782.0,0.0,0.0,0.0,0.0,0.0,0.0
1783.0,0.0,0.0,0.0,0.0,0.0,0.0
1784.0,0.0,0.0,0.0,0.0,0.0,0.0
1785.0,0.0,0.0,0.0,0.0,0.0,0.0
1786.0,0.0,0.0,0.0,0.0,0.0,0.0
1787.0,0.0,0.0,0.0,0.0,0.0,0.0
1788.0,0.0,0.0,0.0,0.0,0.0,0.0
1789.0,0.0,0.0,0.0,0.0,0.0,0.0
1790.0,0.0,0.0,0.0,0.0,0.0,0.0
1791.0,0.0,0.0,0.0,0.0,0.0,0.0
1792.0,1.702069596376532e-08,0.0,0.0,0.0,0.0,1.4183913303137767e-06
1793.0,0.03767427057027817,0.009817779064178467,0.0,0.0005145806935615838,0.3125,3.1395225475231805
1794.0,1.6169699392776238e-06,0.0,0.0,0.0,0.0,0.00013474749493980198
1795.0,0.0,0.0,0.0,0.0,0.0,0.0
1796.0,0.0,0.0,0.0,0.0,0.0,0.0
1797.0,0.00039077812107279897,0.0,0.0,0.0,0.0,0.03256484342273325
1798.0,0.00035957922227680683,0.0,0.0,0.0,0.0,0.0299649351897339
1799.0,6.701047823298723e-05,0.0,0.0,0.0,0.0,0.005584206519415602
1800.0,0.0006030407967045903,0.00010261908755637705,3.979195389547385e-05,6.978916644584388e-05,0.006944444444444444,0.05025339972538253
1801.0,3.2591266062809154e-05,4.406873995321803e-05,3.979195389547385e-05,0.0,0.0,0.0027159388385674297
1802.0,0.0,0.0,0.0,0.0,0.0,0.0
1803.0,0.0012327238218858838,0.0,0.0,0.0,0.006944444444444444,0.10272698515715699
1804.0,6.638048262175289e-07,0.0,0.0,0.0,0.0,5.531706885146074e-05
1805.0,0.03766841068863869,0.009813818149268627,0.0,0.0005355447065085173,0.3125,3.139034224053224
1806.0,0.0,0.0,0.0,0.0,0.0,0.0
1807.0,0.0,0.0,0.0,0.0,0.0,0.0
1808.0,0.03766986355185509,0.009817375801503658,0.0,0.0005355447065085173,0.3125,3.139155295987924
1809.0,7.852109774830751e-06,3.557859599823132e-06,0.0,0.0,0.0,0.0006543424812358959
1810.0,0.0002702375641092658,0.0,0.0,0.0,0.0,0.022519797009105485
1811.0,0.0002914623764809221,0.0,0.0,0.0,0.0,0.024288531373410176
1812.0,0.00045675033470615745,0.0,0.0,0.0,0.0,0.03806252789217979
1813.0,0.0002764671517070383,0.0,0.0,0.0,0.006944444444444444,0.046296296296296294
1814.0,0.00012833601795136929,0.0,0.0,0.0,0.0,0.010694668162614107
1815.0,0.0,0.0,0.0,0.0,0.0,0.0
1816.0,0.0,0.0,0.0,0.0,0.0,0.0
1817.0,2.7199077521800064e-05,0.0,0.0,0.0,0.0,0.0022665897934833388
1818.0,0.0,0.0,0.0,0.0,0.0,0.0
1819.0,0.0004109136061742902,0.0,0.0,0.0,0.012152777777777778,0.08101851851851852
1820.0,0.0001613561762496829,0.0,0.0,0.0,0.005208333333333333,0.034722222222222224
1821.0,0.0002587826456874609,0.0,0.0,0.0,0.001736111111111111,0.021565220473955076
1822.0,0.00014099942927714437,0.0,0.0,0.0,0.001736111111111111,0.011749952439762032
1823.0,0.0,0.0,0.0,0.0,0.0,0.0
1824.0,0.0,0.0,0.0,0.0,0.0,0.0
1825.0,8.186946615751367e-06,0.0,0.0,0.0,0.0,0.0006822455513126139
1826.0,3.4041910623727745e-08,0.0,0.0,0.0,0.0,2.8368258853106454e-06
1827.0,0.0,0.0,0.0,0.0,0.0,0.0
1828.0,0.0,0.0,0.0,0.0,0.0,0.0
1829.0,0.0,0.0,0.0,0.0,0.0,0.0
1830.0,0.0,0.0,0.0,0.0,0.0,0.0
1831.0,0.0,0.0,0.0,0.0,0.0,0.0
1832.0,0.0,0.0,0.0,0.0,0.0,0.0
1833.0,5.9968369896523654e-06,3.557859599823132e-06,0.0,0.0,0.0,0.0004997364158043638
1834.0,5.9968369896523654e-06,3.557859599823132e-06,0.0,0.0,0.0,0.0004997364158043638
1835.0,0.0,0.0,0.0,0.0,0.0,0.0
1836.0,0.0,0.0,0.0,0.0,0.0,0.0
1837.0,0.0,0.0,0.0,0.0,0.0,0.0
1838.0,0.03948819637298584,0.009813818149268627,0.0,0.0005355447065085173,0.3263888888888889,3.2906830310821533
1839.0,0.0,0.0,0.0,0.0,0.0,0.0
1840.0,0.0,0.0,0.0,0.0,0.0,0.0
1841.0,0.0,0.0,0.0,0.0,0.0,0.0
1842.0,0.0,0.0,0.0,0.0,0.0,0.0
1843.0,0.0,0.0,0.0,0.0,0.0,0.0
1844.0,0.0,0.0,0.0,0.0,0.0,0.0
1845.0,0.0,0.0,0.0,0.0,0.0,0.0
1846.0,1.702069596376532e-08,0.0,0.0,0.0,0.0,1.4183913303137767e-06
1847.0,1.702069596376532e-08,0.0,0.0,0.0,0.0,1.4183913303137767e-06
1848.0,1.9114237147732638e-05,0.0,0.0,0.0,0.001736111111111111,0.011574074074074073
1849.0,8.346948015969247e-05,0.0,0.0,0.0,0.0,0.0069557900133077055
1850.0,0.00010471131099620834,0.0,0.0,0.0,0.0,0.008725942583017362
1851.0,0.0,0.0,0.0,0.0,0.0,0.0
1852.0,0.0,0.0,0.0,0.0,0.0,0.0
1853.0,0.0,0.0,0.0,0.0,0.0,0.0
1854.0,0.0,0.0,0.0,0.0,0.0,0.0
1855.0,2.229717210866511e-06,0.0,0.0,0.0,0.0,0.00018580976757220924
1856.0,0.0,0.0,0.0,0.0,0.0,0.0
1857.0,0.0,0.0,0.0,0.0,0.0,0.0
1858.0,0.0,0.0,0.0,0.0,0.0,0.0
1859.0,0.0,0.0,0.0,0.0,0.0,0.0
1860.0,0.0,0.0,0.0,0.0,0.0,0.0
1861.0,0.0,0.0,0.0,0.0,0.0,0.0
1862.0,0.0,0.0,0.0,0.0,0.0,0.0
1863.0,0.0,0.0,0.0,0.0,0.0,0.0
1864.0,0.0,0.0,0.0,0.0,0.0,0.0
1865.0,0.0,0.0,0.0,0.0,0.0,0.0
1866.0,0.0,0.0,0.0,0.0,0.0,0.0
1867.0,0.0,0.0,0.0,0.0,0.0,0.0
1868.0,0.0,0.0,0.0,0.0,0.0,0.0
1869.0,0.0,0.0,0.0,0.0,0.0,0.0
1870.0,0.0,0.0,0.0,0.0,0.0,0.0
1871.0,1.702069596376532e-08,0.0,0.0,0.0,0.0,1.4183913303137767e-06
1872.0,1.702069596376532e-08,0.0,0.0,0.0,0.0,1.4183913303137767e-06
1873.0,0.0,0.0,0.0,0.0,0.0,0.0
1874.0,0.0,0.0,0.0,0.0,0.0,0.0
1875.0,0.0,0.0,0.0,0.0,0.0,0.0
1876.0,0.0,0.0,0.0,0.0,0.0,0.0
1877.0,0.0,0.0,0.0,0.0,0.0,0.0
1878.0,0.0,0.0,0.0,0.0,0.0,0.0
1879.0,0.0,0.0,0.0,0.0,0.0,0.0
1880.0,0.0,0.0,0.0,0.0,0.0,0.0
1881.0,0.00020072502957191318,0.0,0.0,0.0,0.005208333333333333,0.034722222222222224
1882.0,0.0008887695148587227,0.0,0.0,0.0,0.020833333333333332,0.1388888888888889
1883.0,0.0004568354634102434,0.0,0.0,0.0,0.012152777777777778,0.08101851851851852
1884.0,0.00041188375325873494,8.716552110854536e-05,0.0,0.0,0.005208333333333333,0.034722222222222224
1885.0,0.00013762933667749166,0.00010620546527206898,0.0,0.0,0.003472222222222222,0.023148148148148147
1886.0,0.00025786348851397634,0.00013757182750850916,0.0,0.0,0.003472222222222222,0.023148148148148147
1887.0,0.0,0.0,0.0,0.0,0.0,0.0
1888.0,0.00013865059008821845,2.861492248484865e-06,0.0,0.0,0.001736111111111111,0.011574074074074073
1889.0,0.00020424836839083582,0.0,0.0,0.0,0.0,0.017020697365902986
1890.0,0.00028754762024618685,0.0,0.0,0.0,0.003472222222222222,0.023962301687182237
1891.0,0.0,0.0,0.0,0.0,0.0,0.0
1892.0,0.0,0.0,0.0,0.0,0.0,0.0
1893.0,0.0,0.0,0.0,0.0,0.0,0.0
1894.0,0.0,0.0,0.0,0.0,0.0,0.0
1895.0,0.00011669387458823621,0.0,0.0,0.0,0.0,0.009724489549019685
1896.0,0.0002066993183689192,0.0,0.0,0.0,0.001736111111111111,0.01722494319740993
1897.0,0.00017121116979978979,0.0,0.0,0.0,0.003472222222222222,0.023148148148148147
1898.0,0.0,0.0,0.0,0.0,0.0,0.0
1899.0,0.0001535266637802124,0.0,0.0,0.0,0.001736111111111111,0.012793888648351034
1900.0,0.0,0.0,0.0,0.0,0.0,0.0
1901.0,0.0,0.0,0.0,0.0,0.0,0.0
1902.0,0.0,0.0,0.0,0.0,0.0,0.0
1903.0,0.0,0.0,0.0,0.0,0.0,0.0
1904.0,0.0,0.0,0.0,0.0,0.0,0.0
1905.0,5.0891958380816504e-06,0.0,0.0,0.0,0.0,0.00042409965317347087
1906.0,0.0,0.0,0.0,0.0,0.0,0.0
1907.0,0.0,0.0,0.0,0.0,0.0,0.0
1908.0,0.0,0.0,0.0,0.0,0.0,0.0
1909.0,0.0,0.0,0.0,0.0,0.0,0.0
1910.0,0.0,0.0,0.0,0.0,0.0,0.0
1911.0,0.0,0.0,0.0,0.0,0.0,0.0
1912.0,0.0,0.0,0.0,0.0,0.0,0.0
1913.0,0.0,0.0,0.0,0.0,0.0,0.0
1914.0,0.003805980086326599,0.00033006235025823116,0.0,0.0,0.0642361111111111,0.4282407407407407
1915.0,0.0,0.0,0.0,0.0,0.0,0.0
1916.0,0.0,0.0,0.0,0.0,0.0,0.0
1917.0,0.0,0.0,0.0,0.0,0.0,0.0
1918.0,0.0,0.0,0.0,0.0,0.0,0.0
1919.0,0.0,0.0,0.0,0.0,0.0,0.0
1920.0,0.0,0.0,0.0,0.0,0.0,0.0
1921.0,1.514840164418274e-06,0.0,0.0,0.0,0.0,0.0001262366803681895
1922.0,1.702069596376532e-08,0.0,0.0,0.0,0.0,1.4183913303137767e-06
1923.0,0.0,0.0,0.0,0.0,0.0,0.0
1924.0,0.0,0.0,0.0,0.0,0.0,0.0
1925.0,0.0,0.0,0.0,0.0,0.0,0.0
1926.0,0.037667591124773026,0.009813818149268627,0.0,0.0005355447065085173,0.3125,3.138965927064419
1927.0,0.0,0.0,0.0,0.0,0.0,0.0
1928.0,0.0,0.0,0.0,0.0,0.0,0.0
1929.0,0.0,0.0,0.0,0.0,0.0,0.0
1930.0,0.0,0.0,0.0,0.0,0.0,0.0
1931.0,0.0,0.0,0.0,0.0,0.0,0.0
1932.0,0.00016744958702474833,0.0005625037010759115,0.0,0.0,0.0,0.014062592526897788
1933.0,0.00023296223662327975,0.0,0.0,0.0,0.001736111111111111,0.019413519718606647
1934.0,5.244075509835966e-05,1.4967783499741927e-05,0.0,0.0,0.0,0.004370062924863305
1935.0,0.0,0.0,0.0,0.0,0.0,0.0
1936.0,0.0,0.0,0.0,0.0,0.0,0.0
1937.0,0.0,0.0,0.0,0.0,0.0,0.0
1938.0,0.0,0.0,0.0,0.0,0.0,0.0
1939.0,0.0,0.0,0.0,0.0,0.0,0.0
1940.0,6.638071567977022e-07,0.0,0.0,0.0,0.0,5.531726306647518e-05
1941.0,0.03811338171362877,0.010377642698585987,0.0,0.0005355447065085173,0.3142361111111111,3.1761151428023973
1942.0,0.0,0.0,0.0,0.0,0.0,0.0
1943.0,0.0,0.0,0.0,0.0,0.0,0.0
1944.0,0.0,0.0,0.0,0.0,0.0,0.0
1945.0,0.0,0.0,0.0,0.0,0.0,0.0
1946.0,0.0,0.0,0.0,0.0,0.0,0.0
1947.0,0.0,0.0,0.0,0.0,0.0,0.0
1948.0,0.0,0.0,0.0,0.0,0.0,0.0
1949.0,0.0,0.0,0.0,0.0,0.0,0.0
1950.0,6.551401554588665e-08,4.236200368268328e-07,0.0,0.0,0.0,1.059050092067082e-05
1951.0,0.050958726555109024,0.051889874041080475,0.0,0.0002633581170812249,0.2916666666666667,4.246560546259086
1952.0,0.0,0.0,0.0,0.0,0.0,0.0
1953.0,0.0,0.0,0.0,0.0,0.0,0.0
1954.0,0.0,0.0,0.0,0.0,0.0,0.0
1955.0,0.0,0.0,0.0,0.0,0.0,0.0
1956.0,0.0,0.0,0.0,0.0,0.0,0.0
1957.0,0.0,0.0,0.0,0.0,0.0,0.0
1958.0,0.0,0.0,0.0,0.0,0.0,0.0
1959.0,3.404131518891518e-07,0.0,0.0,0.0,0.0,2.8367762657429314e-05
1960.0,3.404131518891518e-07,0.0,0.0,0.0,0.0,2.8367762657429314e-05
1961.0,0.0,0.0,0.0,0.0,0.0,0.0
1962.0,0.0,0.0,0.0,0.0,0.0,0.0
1963.0,0.0,0.0,0.0,0.0,0.0,0.0
1964.0,0.0,0.0,0.0,0.0,0.0,0.0
1965.0,0.0,0.0,0.0,0.0,0.0,0.0
1966.0,0.0,0.0,0.0,0.0,0.0,0.0
1967.0,5.787030659121228e-07,0.0,0.0,0.0,0.0,4.82252554926769e-05
1968.0,5.787030659121228e-07,0.0,0.0,0.0,0.0,4.82252554926769e-05
1969.0,0.0,0.0,0.0,0.0,0.0,0.0
1970.0,0.0,0.0,0.0,0.0,0.0,0.0
1971.0,0.0,0.0,0.0,0.0,0.0,0.0
1972.0,0.0,0.0,0.0,0.0,0.0,0.0
1973.0,0.0,0.0,0.0,0.0,0.0,0.0
1974.0,0.0,0.0,0.0,0.0,0.0,0.0
1975.0,0.0,0.0,0.0,0.0,0.0,0.0
1976.0,0.0,0.0,0.0,0.0,0.0,0.0
1977.0,0.0,0.0,0.0,0.0,0.0,0.0
1978.0,0.0,0.0,0.0,0.0,0.0,0.0
1979.0,0.0,0.0,0.0,0.0,0.0,0.0
1980.0,0.0,0.0,0.0,0.0,0.0,0.0
1981.0,0.0,0.0,0.0,0.0,0.0,0.0
1982.0,0.0,0.0,0.0,0.0,0.0,0.0
1983.0,0.0,0.0,0.0,0.0,0.0,0.0
1984.0,3.404131518891518e-07,0.0,0.0,0.0,0.0,2.8367762657429314e-05
1985.0,3.404131518891518e-07,0.0,0.0,0.0,0.0,2.8367762657429314e-05
1986.0,0.0,0.0,0.0,0.0,0.0,0.0
1987.0,0.0,0.0,0.0,0.0,0.0,0.0
1988.0,0.0,0.0,0.0,0.0,0.0,0.0
1989.0,0.0,0.0,0.0,0.0,0.0,0.0
1990.0,0.0,0.0,0.0,0.0,0.0,0.0
1991.0,0.0,0.0,0.0,0.0,0.0,0.0
1992.0,5.787030659121228e-07,0.0,0.0,0.0,0.0,4.82252554926769e-05
1993.0,5.787030659121228e-07,0.0,0.0,0.0,0.0,4.82252554926769e-05
1994.0,0.0,0.0,0.0,0.0,0.0,0.0
1995.0,0.0,0.0,0.0,0.0,0.0,0.0
1996.0,0.0,0.0,0.0,0.0,0.0,0.0
1997.0,0.0,0.0,0.0,0.0,0.0,0.0
1998.0,0.0,0.0,0.0,0.0,0.0,0.0
1999.0,0.0,0.0,0.0,0.0,0.0,0.0
2000.0,0.0,0.0,0.0,0.0,0.0,0.0
2001.0,0.0,0.0,0.0,0.0,0.0,0.0
2002.0,0.0,0.0,0.0,0.0,0.0,0.0
2003.0,0.0,0.0,0.0,0.0,0.0,0.0
2004.0,0.0,0.0,0.0,0.0,0.0,0.0
2005.0,0.0,0.0,0.0,0.0,0.0,0.0
2006.0,0.0,0.0,0.0,0.0,0.0,0.0
2007.0,0.0,0.0,0.0,0.0,0.0,0.0
2008.0,0.0,0.0,0.0,0.0,0.0,0.0
2009.0,3.404131518891518e-07,0.0,0.0,0.0,0.0,2.8367762657429314e-05
2010.0,3.404131518891518e-07,0.0,0.0,0.0,0.0,2.8367762657429314e-05
2011.0,0.0,0.0,0.0,0.0,0.0,0.0
2012.0,0.0,0.0,0.0,0.0,0.0,0.0
2013.0,0.0,0.0,0.0,0.0,0.0,0.0
2014.0,0.0,0.0,0.0,0.0,0.0,0.0
2015.0,0.0,0.0,0.0,0.0,0.0,0.0
2016.0,0.0,0.0,0.0,0.0,0.0,0.0
2017.0,5.787030659121228e-07,0.0,0.0,0.0,0.0,4.82252554926769e-05
2018.0,5.787030659121228e-07,0.0,0.0,0.0,0.0,4.82252554926769e-05
2019.0,0.0,0.0,0.0,0.0,0.0,0.0
2020.0,0.0,0.0,0.0,0.0,0.0,0.0
2021.0,0.0,0.0,0.0,0.0,0.0,0.0
2022.0,0.0,0.0,0.0,0.0,0.0,0.0
2023.0,0.0,0.0,0.0,0.0,0.0,0.0
2024.0,0.0,0.0,0.0,0.0,0.0,0.0
2025.0,0.0,0.0,0.0,0.0,0.0,0.0
2026.0,0.0,0.0,0.0,0.0,0.0,0.0
2027.0,0.0,0.0,0.0,0.0,0.0,0.0
2028.0,0.0,0.0,0.0,0.0,0.0,0.0
2029.0,0.0,0.0,0.0,0.0,0.0,0.0
2030.0,0.0,0.0,0.0,0.0,0.0,0.0
2031.0,0.0,0.0,0.0,0.0,0.0,0.0
2032.0,0.0,0.0,0.0,0.0,0.0,0.0
2033.0,0.0,0.0,0.0,0.0,0.0,0.0
2034.0,3.404131518891518e-07,0.0,0.0,0.0,0.0,2.8367762657429314e-05
2035.0,3.404131518891518e-07,0.0,0.0,0.0,0.0,2.8367762657429314e-05
2036.0,0.0,0.0,0.0,0.0,0.0,0.0
2037.0,0.0,0.0,0.0,0.0,0.0,0.0
2038.0,0.0,0.0,0.0,0.0,0.0,0.0
2039.0,0.0,0.0,0.0,0.0,0.0,0.0
2040.0,0.0,0.0,0.0,0.0,0.0,0.0
2041.0,0.0,0.0,0.0,0.0,0.0,0.0
2042.0,5.787030659121228e-07,0.0,0.0,0.0,0.0,4.82252554926769e-05
2043.0,5.787030659121228e-07,0.0,0.0,0.0,0.0,4.82252554926769e-05
2044.0,0.0,0.0,0.0,0.0,0.0,0.0
2045.0,0.0,0.0,0.0,0.0,0.0,0.0
2046.0,0.0,0.0,0.0,0.0,0.0,0.0
2047.0,0.0,0.0,0.0,0.0,0.0,0.0
2048.0,0.0,0.0,0.0,0.0,0.0,0.0
2049.0,0.0,0.0,0.0,0.0,0.0,0.0
2050.0,0.0,0.0,0.0,0.0,0.0,0.0
2051.0,0.0,0.0,0.0,0.0,0.0,0.0
2052.0,0.0,0.0,0.0,0.0,0.0,0.0
2053.0,0.0,0.0,0.0,0.0,0.0,0.0
2054.0,0.0,0.0,0.0,0.0,0.0,0.0
2055.0,0.0,0.0,0.0,0.0,0.0,0.0
2056.0,0.0,0.0,0.0,0.0,0.0,0.0
2057.0,0.0,0.0,0.0,0.0,0.0,0.0
2058.0,0.0,0.0,0.0,0.0,0.0,0.0
2059.0,3.404131518891518e-07,0.0,0.0,0.0,0.0,2.8367762657429314e-05
2060.0,3.404131518891518e-07,0.0,0.0,0.0,0.0,2.8367762657429314e-05
2061.0,0.0,0.0,0.0,0.0,0.0,0.0
2062.0,0.0,0.0,0.0,0.0,0.0,0.0
2063.0,0.0,0.0,0.0,0.0,0.0,0.0
2064.0,0.0,0.0,0.0,0.0,0.0,0.0
2065.0,0.0,0.0,0.0,0.0,0.0,0.0
2066.0,0.0,0.0,0.0,0.0,0.0,0.0
2067.0,5.787030659121228e-07,0.0,0.0,0.0,0.0,4.82252554926769e-05
2068.0,5.787030659121228e-07,0.0,0.0,0.0,0.0,4.82252554926769e-05
2069.0,0.0,0.0,0.0,0.0,0.0,0.0
2070.0,0.0,0.0,0.0,0.0,0.0,0.0
2071.0,0.0,0.0,0.0,0.0,0.0,0.0
2072.0,0.0,0.0,0.0,0.0,0.0,0.0
2073.0,0.0,0.0,0.0,0.0,0.0,0.0
2074.0,0.0,0.0,0.0,0.0,0.0,0.0
2075.0,0.0,0.0,0.0,0.0,0.0,0.0
2076.0,0.0,0.0,0.0,0.0,0.0,0.0
2077.0,0.0,0.0,0.0,0.0,0.0,0.0
2078.0,0.0,0.0,0.0,0.0,0.0,0.0
2079.0,0.0,0.0,0.0,0.0,0.0,0.0
2080.0,0.0,0.0,0.0,0.0,0.0,0.0
2081.0,0.0,0.0,0.0,0.0,0.0,0.0
2082.0,0.0,0.0,0.0,0.0,0.0,0.0
2083.0,0.0,0.0,0.0,0.0,0.0,0.0
2084.0,3.404131518891518e-07,0.0,0.0,0.0,0.0,2.8367762657429314e-05
2085.0,3.404131518891518e-07,0.0,0.0,0.0,0.0,2.8367762657429314e-05
2086.0,0.0,0.0,0.0,0.0,0.0,0.0
2087.0,0.0,0.0,0.0,0.0,0.0,0.0
2088.0,0.0,0.0,0.0,0.0,0.0,0.0
2089.0,0.0,0.0,0.0,0.0,0.0,0.0
2090.0,0.0,0.0,0.0,0.0,0.0,0.0
2091.0,0.0,0.0,0.0,0.0,0.0,0.0
2092.0,5.787030659121228e-07,0.0,0.0,0.0,0.0,4.82252554926769e-05
2093.0,5.787030659121228e-07,0.0,0.0,0.0,0.0,4.82252554926769e-05
2094.0,0.0,0.0,0.0,0.0,0.0,0.0
2095.0,0.0,0.0,0.0,0.0,0.0,0.0
2096.0,0.0,0.0,0.0,0.0,0.0,0.0
2097.0,0.0,0.0,0.0,0.0,0.0,0.0
2098.0,0.0,0.0,0.0,0.0,0.0,0.0
2099.0,0.0,0.0,0.0,0.0,0.0,0.0
2100.0,0.0,0.0,0.0,0.0,0.0,0.0
2101.0,0.0,0.0,0.0,0.0,0.0,0.0
2102.0,0.0,0.0,0.0,0.0,0.0,0.0
2103.0,0.0,0.0,0.0,0.0,0.0,0.0
2104.0,0.0,0.0,0.0,0.0,0.0,0.0
2105.0,0.0,0.0,0.0,0.0,0.0,0.0
2106.0,0.0,0.0,0.0,0.0,0.0,0.0
2107.0,0.0,0.0,0.0,0.0,0.0,0.0
2108.0,0.0,0.0,0.0,0.0,0.0,0.0
2109.0,3.404131518891518e-07,0.0,0.0,0.0,0.0,2.8367762657429314e-05
2110.0,3.404131518891518e-07,0.0,0.0,0.0,0.0,2.8367762657429314e-05
2111.0,0.0,0.0,0.0,0.0,0.0,0.0
2112.0,0.0,0.0,0.0,0.0,0.0,0.0
2113.0,0.0,0.0,0.0,0.0,0.0,0.0
2114.0,0.0,0.0,0.0,0.0,0.0,0.0
2115.0,0.0,0.0,0.0,0.0,0.0,0.0
2116.0,0.0,0.0,0.0,0.0,0.0,0.0
2117.0,5.787030659121228e-07,0.0,0.0,0.0,0.0,4.82252554926769e-05
2118.0,5.787030659121228e-07,0.0,0.0,0.0,0.0,4.82252554926769e-05
2119.0,0.0,0.0,0.0,0.0,0.0,0.0
2120.0,0.0,0.0,0.0,0.0,0.0,0.0
2121.0,0.0,0.0,0.0,0.0,0.0,0.0
2122.0,0.0,0.0,0.0,0.0,0.0,0.0
2123.0,0.0,0.0,0.0,0.0,0.0,0.0
2124.0,0.0,0.0,0.0,0.0,0.0,0.0
2125.0,0.0,0.0,0.0,0.0,0.0,0.0
2126.0,0.0,0.0,0.0,0.0,0.0,0.0
2127.0,0.0,0.0,0.0,0.0,0.0,0.0
2128.0,0.0,0.0,0.0,0.0,0.0,0.0
2129.0,0.0,0.0,0.0,0.0,0.0,0.0
2130.0,0.0003241421072743833,0.0,0.0,0.0,0.0,0.027011842272865277
2131.0,0.0002444682759232819,0.0,0.0,0.0,0.0,0.02037235632694016
2132.0,0.0005678614834323525,0.0,0.0,0.0,0.0,0.047321790286029376
2133.0,0.00012990192044526339,0.0,0.0,0.0,0.0,0.010825160037105283
2134.0,0.00039853955968283117,0.0,0.0,0.0,0.0,0.033211629973569266
2135.0,0.0001703771558823064,0.0,0.0,0.0,0.0,0.014198096323525533
2136.0,4.765776679960254e-07,0.0,0.0,0.0,0.0,3.971480566633545e-05
2137.0,3.744558227936068e-07,0.0,0.0,0.0,0.0,3.120465189946723e-05
2138.0,0.0,0.0,0.0,0.0,0.0,0.0
2139.0,0.0,0.0,0.0,0.0,0.0,0.0
2140.0,0.0,0.0,0.0,0.0,0.0,0.0
2141.0,0.0,0.0,0.0,0.0,0.0,0.0
2142.0,6.808277248637751e-06,0.0,0.0,0.0,0.0,0.0005673564373864792
2143.0,5.787030659121228e-07,0.0,0.0,0.0,0.0,4.82252554926769e-05
2144.0,0.0,0.0,0.0,0.0,0.0,0.0
2145.0,0.0,0.0,0.0,0.0,0.0,0.0
2146.0,0.0,0.0,0.0,0.0,0.0,0.0
2147.0,0.0,0.0,0.0,0.0,0.0,0.0
2148.0,0.0,0.0,0.0,0.0,0.0,0.0
2149.0,0.0,0.0,0.0,0.0,0.0,0.0
2150.0,0.0006961634499020875,0.0,0.0,0.0,0.0,0.05801362082517395
2151.0,3.472216803857009e-06,0.0,0.0,0.0,0.0,0.00028935140032141743
2152.0,0.0,0.0,0.0,0.0,0.0,0.0
2153.0,0.0,0.0,0.0,0.0,0.0,0.0
2154.0,0.0,0.0,0.0,0.0,0.0,0.0
2155.0,0.0,0.0,0.0,0.0,0.0,0.0
2156.0,0.0,0.0,0.0,0.0,0.0,0.0
2157.0,0.0,0.0,0.0,0.0,0.0,0.0
2158.0,0.0,0.0,0.0,0.0,0.0,0.0
2159.0,3.404131518891518e-07,0.0,0.0,0.0,0.0,2.8367762657429314e-05
2160.0,3.404131518891518e-07,0.0,0.0,0.0,0.0,2.8367762657429314e-05
2161.0,0.0,0.0,0.0,0.0,0.0,0.0
2162.0,0.0,0.0,0.0,0.0,0.0,0.0
2163.0,0.0,0.0,0.0,0.0,0.0,0.0
2164.0,0.00013979095092508942,0.0,0.0,0.0,0.0,0.011649245910424119
2165.0,9.494143887422979e-05,0.0,0.0,0.0,0.0,0.007911786572852483
2166.0,0.00010782609024317935,0.0,0.0,0.0,0.001736111111111111,0.011574074074074073
2167.0,3.863694018946262e-06,0.0,0.0,0.0,0.0,0.00032197450157885515
2168.0,5.616829525934008e-07,0.0,0.0,0.0,0.0,4.6806912716116735e-05
2169.0,0.0,0.0,0.0,0.0,0.0,0.0
2170.0,0.0,0.0,0.0,0.0,0.0,0.0
2171.0,0.0,0.0,0.0,0.0,0.0,0.0
2172.0,0.0,0.0,0.0,0.0,0.0,0.0
2173.0,0.0,0.0,0.0,0.0,0.0,0.0
2174.0,0.0,0.0,0.0,0.0,0.0,0.0
2175.0,0.0,0.0,0.0,0.0,0.0,0.0
2176.0,3.404139192753064e-07,0.0,0.0,0.0,0.0,2.8367826606275532e-05
2177.0,3.404139192753064e-07,0.0,0.0,0.0,0.0,2.8367826606275532e-05
2178.0,0.0,0.0,0.0,0.0,0.0,0.0
2179.0,0.0,0.0,0.0,0.0,0.0,0.0
2180.0,0.0,0.0,0.0,0.0,0.0,0.0
2181.0,0.0,0.0,0.0,0.0,0.0,0.0
2182.0,0.0,0.0,0.0,0.0,0.0,0.0
2183.0,0.0,0.0,0.0,0.0,0.0,0.0
2184.0,5.276410774968099e-07,0.0,0.0,0.0,0.0,4.3970089791400824e-05
2185.0,5.276410774968099e-07,0.0,0.0,0.0,0.0,4.3970089791400824e-05
2186.0,0.0,0.0,0.0,0.0,0.0,0.0
2187.0,0.0,0.0,0.0,0.0,0.0,0.0
2188.0,0.00034264358691871166,0.0,0.0,0.0,0.001736111111111111,0.02855363224322597
2189.0,0.0,0.0,0.0,0.0,0.0,0.0
2190.0,0.0,0.0,0.0,0.0,0.0,0.0
2191.0,0.0,0.0,0.0,0.0,0.0,0.0
2192.0,1.0042210760730086e-06,0.0,0.0,0.0,0.0,8.368508967275072e-05
2193.0,5.787030659121228e-07,0.0,0.0,0.0,0.0,4.82252554926769e-05
2194.0,0.0,0.0,0.0,0.0,0.0,0.0
2195.0,0.0,0.0,0.0,0.0,0.0,0.0
2196.0,0.0,0.0,0.0,0.0,0.0,0.0
2197.0,0.0,0.0,0.0,0.0,0.0,0.0
2198.0,0.0,0.0,0.0,0.0,0.0,0.0
2199.0,0.0,0.0,0.0,0.0,0.0,0.0
2200.0,0.0,0.0,0.0,0.0,0.0,0.0
2201.0,5.718951342714718e-06,0.0,0.0,0.0,0.0,0.0004765792785595598
2202.0,7.85675147199072e-05,0.0,0.0,0.0,0.0,0.0065472928933256
2203.0,0.00016544113168492913,0.0,0.0,0.0,0.0,0.013786760973744094
2204.0,0.0001110770390368998,0.0,0.0,0.0,0.0,0.009256419919741651
2205.0,0.0,0.0,0.0,0.0,0.0,0.0
2206.0,0.0,0.0,0.0,0.0,0.0,0.0
2207.0,0.0,0.0,0.0,0.0,0.0,0.0
2208.0,0.0,0.0,0.0,0.0,0.0,0.0
2209.0,3.608384531617048e-06,0.0,0.0,0.0,0.0,0.00030069871096808737
2210.0,3.404131518891518e-07,0.0,0.0,0.0,0.0,2.8367762657429314e-05
2211.0,0.0,0.0,0.0,0.0,0.0,0.0
2212.0,0.0,0.0,0.0,0.0,0.0,0.0
2213.0,0.0,0.0,0.0,0.0,0.0,0.0
2214.0,0.0,0.0,0.0,0.0,0.0,0.0
2215.0,0.0,0.0,0.0,0.0,0.0,0.0
2216.0,0.0,0.0,0.0,0.0,0.0,0.0
2217.0,5.787030659121228e-07,0.0,0.0,0.0,0.0,4.82252554926769e-05
2218.0,5.787030659121228e-07,0.0,0.0,0.0,0.0,4.82252554926769e-05
2219.0,0.0,0.0,0.0,0.0,0.0,0.0
2220.0,0.0,0.0,0.0,0.0,0.0,0.0
2221.0,0.048455167561769485,0.051268886774778366,0.0,0.0007930228020995855,0.4079861111111111,4.037930630147457
2222.0,0.0,0.0,0.0,0.0,0.0,0.0
2223.0,0.0,0.0,0.0,0.0,0.0,0.0
2224.0,0.0,0.0,0.0,0.0,0.0,0.0
2225.0,0.0,0.0,0.0,0.0,0.0,0.0
2226.0,0.0,0.0,0.0,0.0,0.0,0.0
2227.0,0.0,0.0,0.0,0.0,0.0,0.0
2228.0,0.0,0.0,0.0,0.0,0.0,0.0
2229.0,9.435141691938043e-06,8.357319529750384e-06,3.0443079594988376e-05,0.0,0.0,0.0007862618076615036
2230.0,9.435141691938043e-06,8.357319529750384e-06,3.0443079594988376e-05,0.0,0.0,0.0007862618076615036
2231.0,0.0,0.0,0.0,0.0,0.0,0.0
2232.0,0.0,0.0,0.0,0.0,0.0,0.0
2233.0,0.0,0.0,0.0,0.0,0.0,0.0
2234.0,0.0,0.0,0.0,0.0,0.0,0.0
2235.0,0.0,0.0,0.0,0.0,0.0,0.0
2236.0,0.0,0.0,0.0,0.0,0.0,0.0
2237.0,0.0,0.0,0.0,0.0,0.0,0.0
2238.0,0.0,0.0,0.0,0.0,0.0,0.0
2239.0,0.0,0.0,0.0,0.0,0.0,0.0
2240.0,0.0,0.0,0.0,0.0,0.0,0.0
2241.0,0.0,0.0,0.0,0.0,0.0,0.0
2242.0,0.0,0.0,0.0,0.0,0.0,0.0
2243.0,0.0,0.0,0.0,0.0,0.0,0.0
2244.0,0.0,0.0,0.0,0.0,0.0,0.0
2245.0,0.0,0.0,0.0,0.0,0.0,0.0
2246.0,0.0,0.0,0.0,0.0,0.0,0.0
2247.0,0.0,0.0,0.0,0.0,0.0,0.0
2248.0,0.0,0.0,0.0,0.0,0.0,0.0
2249.0,0.0,0.0,0.0,0.0,0.0,0.0
2250.0,0.0,0.0,0.0,0.0,0.0,0.0
2251.0,0.0,0.0,0.0,0.0,0.0,0.0
2252.0,0.0,0.0,0.0,0.0,0.0,0.0
2253.0,0.00018094698316417634,0.0,0.0,0.0,0.006944444444444444,0.046296296296296294
2254.0,0.0001142315668403171,8.357319529750384e-06,3.0443079594988376e-05,0.0,0.0,0.009519297236693092
2255.0,9.571307600708678e-06,8.357319529750384e-06,3.0443079594988376e-05,0.0,0.0,0.0007976089667257232
2256.0,0.0,0.0,0.0,0.0,0.0,0.0
2257.0,0.0,0.0,0.0,0.0,0.0,0.0
2258.0,0.0,0.0,0.0,0.0,0.0,0.0
2259.0,0.0,0.0,0.0,0.0,0.0,0.0
2260.0,0.0,0.0,0.0,0.0,0.0,0.0
2261.0,0.0,0.0,0.0,0.0,0.0,0.0
2262.0,0.0,0.0,0.0,0.0,0.0,0.0
2263.0,0.0,0.0,0.0,0.0,0.0,0.0
2264.0,0.0,0.0,0.0,0.0,0.0,0.0
2265.0,0.0,0.0,0.0,0.0,0.0,0.0
2266.0,0.0,0.0,0.0,0.0,0.0,0.0
2267.0,0.0,0.0,0.0,0.0,0.0,0.0
2268.0,0.0,0.0,0.0,0.0,0.0,0.0
2269.0,0.0,0.0,0.0,0.0,0.0,0.0
2270.0,0.0,0.0,0.0,0.0,0.0,0.0
2271.0,0.0,0.0,0.0,0.0,0.0,0.0
2272.0,0.0,0.0,0.0,0.0,0.0,0.0
2273.0,0.0,0.0,0.0,0.0,0.0,0.0
2274.0,0.0,0.0,0.0,0.0,0.0,0.0
2275.0,0.0,0.0,0.0,0.0,0.0,0.0
2276.0,0.0,0.0,0.0,0.0,0.0,0.0
2277.0,0.0,0.0,0.0,0.0,0.0,0.0
2278.0,0.0,0.0,0.0,0.0,0.0,0.0
2279.0,9.571307600708678e-06,8.357319529750384e-06,3.0443079594988376e-05,0.0,0.0,0.0007976089667257232
2280.0,9.571307600708678e-06,8.357319529750384e-06,3.0443079594988376e-05,0.0,0.0,0.0007976089667257232
2281.0,0.0,0.0,0.0,0.0,0.0,0.0
2282.0,0.0,0.0,0.0,0.0,0.0,0.0
2283.0,0.0,0.0,0.0,0.0,0.0,0.0
2284.0,0.0,0.0,0.0,0.0,0.0,0.0
2285.0,0.0,0.0,0.0,0.0,0.0,0.0
2286.0,0.0,0.0,0.0,0.0,0.0,0.0
2287.0,0.0,0.0,0.0,0.0,0.0,0.0
2288.0,0.0,0.0,0.0,0.0,0.0,0.0
2289.0,0.0,0.0,0.0,0.0,0.0,0.0
2290.0,0.0,0.0,0.0,0.0,0.0,0.0
2291.0,0.0002823392569553107,0.0,0.0,0.0,0.006944444444444444,0.046296296296296294
2292.0,0.0,0.0,0.0,0.0,0.0,0.0
2293.0,0.0,0.0,0.0,0.0,0.0,0.0
2294.0,0.0,0.0,0.0,0.0,0.0,0.0
2295.0,0.0,0.0,0.0,0.0,0.0,0.0
2296.0,0.0,0.0,0.0,0.0,0.0,0.0
2297.0,0.0,0.0,0.0,0.0,0.0,0.0
2298.0,0.0,0.0,0.0,0.0,0.0,0.0
2299.0,0.0,0.0,0.0,0.0,0.0,0.0
2300.0,8.537579560652375e-05,0.0005520482081919909,0.0,0.0,0.003472222222222222,0.023148148148148147
2301.0,0.00017841090448200703,0.0011536224046722054,0.0,0.0,0.005208333333333333,0.034722222222222224
2302.0,0.000221864742343314,0.0014345990493893623,0.0,0.0,0.005208333333333333,0.03586497623473406
2303.0,2.854369995475281e-05,0.0001845663646236062,0.0,0.0,0.0,0.004614159115590155
2304.0,6.641737854806706e-05,0.00037482898915186524,3.0443079594988376e-05,0.0,0.003472222222222222,0.023148148148148147
2305.0,0.0001916141336550936,0.0011843632673844695,3.0443079594988376e-05,0.0,0.003472222222222222,0.029609081684611738
2306.0,0.0,0.0,0.0,0.0,0.0,0.0
2307.0,0.0,0.0,0.0,0.0,0.0,0.0
2308.0,0.0002190563245676458,0.0014164396561682224,0.0,0.0,0.003472222222222222,0.03541099140420556
2309.0,0.0,0.0,0.0,0.0,0.0,0.0
2310.0,5.8755435020430014e-05,0.0003799184050876647,0.0,0.0,0.0,0.009497960127191618
2311.0,2.5871460820781067e-05,0.00016728739137761295,0.0,0.0,0.0,0.004182184784440324
2312.0,3.744545438166824e-07,2.4212597509176703e-06,0.0,0.0,0.0,6.053149377294176e-05
2313.0,0.00017095584189519286,0.00110541726462543,0.0,0.0,0.003472222222222222,0.027635431615635753
2314.0,3.9709280827082694e-05,0.0002567640913184732,0.0,0.0,0.003472222222222222,0.023148148148148147
2315.0,6.646580732194707e-05,0.0004297744308132678,0.0,0.0,0.003472222222222222,0.023148148148148147
2316.0,0.00018622340576257557,0.001204138738103211,0.0,0.0,0.003472222222222222,0.030103468452580273
2317.0,0.0003143892390653491,0.0020303400233387947,0.0,0.0,0.003472222222222222,0.05075850058346987
2318.0,1.5318626367388788e-07,9.905173783408827e-07,0.0,0.0,0.0,2.4762934458522068e-05
2319.0,0.0,0.0,0.0,0.0,0.0,0.0
2320.0,0.0,0.0,0.0,0.0,0.0,0.0
2321.0,7.710382305958774e-06,4.732477100333199e-05,0.0,0.0,0.0,0.0011831192750832997
2322.0,0.00012118151062168181,1.3931055491411826e-06,0.0,0.0,0.003472222222222222,0.023148148148148147
2323.0,0.00012268517457414418,0.0,0.0,0.0,0.003472222222222222,0.023148148148148147
2324.0,0.00041264970786869526,0.0,0.0,0.0,0.006944444444444444,0.046296296296296294
2325.0,0.00016993461758829653,0.0,0.0,0.0,0.0,0.014161218132358044
2326.0,5.1674833230208606e-05,0.0,0.0,0.0,0.0,0.004306236102517384
2327.0,6.808239305655661e-08,0.0,0.0,0.0,0.0,5.673532754713051e-06
2328.0,0.0,0.0,0.0,0.0,0.0,0.0
2329.0,1.843345489760395e-05,1.888640872493852e-05,3.0443079594988376e-05,0.0,0.0,0.001536121241466996
2330.0,1.1092635759268887e-05,1.819437056838069e-05,3.0443079594988376e-05,0.0,0.0,0.0009243863132724073
2331.0,0.0,0.0,0.0,0.0,0.0,0.0
2332.0,0.0027019500266760588,0.011787925846874714,0.0,0.0,0.05555555555555555,0.37037037037037035
2333.0,0.00016685386071912944,0.001078893314115703,0.0,0.0,0.006944444444444444,0.046296296296296294
2334.0,0.00019355931726749986,0.0012490423396229744,0.0,0.0,0.0,0.03122605849057436
2335.0,0.00033020146656781435,0.0021351149771362543,0.0,0.0,0.006944444444444444,0.05337787442840636
2336.0,5.436409992398694e-05,0.0003515235730446875,0.0,0.0,0.0,0.008788089326117188
2337.0,0.00015042696031741798,0.0009726754506118596,0.0,0.0,0.005208333333333333,0.034722222222222224
2338.0,0.0002477853267919272,0.0015996727161109447,0.0,0.0,0.003472222222222222,0.03999181790277362
2339.0,0.0,0.0,0.0,0.0,0.0,0.0
2340.0,0.0,0.0,0.0,0.0,0.0,0.0
2341.0,0.0,0.0,0.0,0.0,0.0,0.0
2342.0,0.0,0.0,0.0,0.0,0.0,0.0
2343.0,0.0,0.0,0.0,0.0,0.0,0.0
2344.0,0.0,0.0,0.0,0.0,0.0,0.0
2345.0,0.0,0.0,0.0,0.0,0.0,0.0
2346.0,0.0001629901526030153,0.0010539103532209992,0.0,0.0,0.006944444444444444,0.046296296296296294
2347.0,0.00036193925188854337,0.002337803365662694,0.0,0.0,0.003472222222222222,0.05844508414156735
2348.0,0.00013788463547825813,0.00013625113933812827,0.0,0.0,0.003472222222222222,0.023148148148148147
2349.0,0.0003123297356069088,4.402304057293804e-06,0.0,0.0,0.003472222222222222,0.0260274779672424
2350.0,0.00022198389342520386,0.0,0.0,0.0,0.003472222222222222,0.023148148148148147
2351.0,0.0,0.0,0.0,0.0,0.0,0.0
2352.0,0.0,0.0,0.0,0.0,0.0,0.0
2353.0,0.0,0.0,0.0,0.0,0.0,0.0
2354.0,2.1378045858000405e-05,3.4404496545903385e-05,3.0443079594988376e-05,0.0,0.0,0.0017815038215000336
2355.0,1.044584860210307e-05,1.23613181131077e-05,3.0443079594988376e-05,0.0,0.0,0.0008704873835085891
2356.0,0.0,0.0,0.0,0.0,0.0,0.0
2357.0,0.0,0.0,0.0,0.0,0.0,0.0
2358.0,0.0,0.0,0.0,0.0,0.0,0.0
2359.0,0.0,0.0,0.0,0.0,0.0,0.0
2360.0,0.0,0.0,0.0,0.0,0.0,0.0
2361.0,0.0,0.0,0.0,0.0,0.0,0.0
2362.0,0.0,0.0,0.0,0.0,0.0,0.0
2363.0,0.0023328238166868687,0.010871178470551968,3.256678246543743e-05,0.0,0.043402777777777776,0.28935185185185186
2364.0,0.0,0.0,0.0,0.0,0.0,0.0
2365.0,0.0,0.0,0.0,0.0,0.0,0.0
2366.0,0.0,0.0,0.0,0.0,0.0,0.0
2367.0,0.0,0.0,0.0,0.0,0.0,0.0
2368.0,0.0,0.0,0.0,0.0,0.0,0.0
2369.0,0.0,0.0,0.0,0.0,0.0,0.0
2370.0,0.0,0.0,0.0,0.0,0.0,0.0
2371.0,2.018809027504176e-06,5.261807928036433e-06,3.256678246543743e-05,0.0,0.0,0.000168234085625348
2372.0,0.0002154649409931153,0.0,0.0,0.0,0.005208333333333333,0.034722222222222224
2373.0,0.0,0.0,0.0,0.0,0.0,0.0
2374.0,0.0,0.0,0.0,0.0,0.0,0.0
2375.0,0.0,0.0,0.0,0.0,0.0,0.0
2376.0,0.0,0.0,0.0,0.0,0.0,0.0
2377.0,0.0,0.0,0.0,0.0,0.0,0.0
2378.0,1.1012386494257953e-05,0.0,0.0,0.0,0.001736111111111111,0.011574074074074073
2379.0,0.000237716652918607,8.357319529750384e-06,3.0443079594988376e-05,0.0,0.001736111111111111,0.019809721076550584
2380.0,0.0002447802689857781,8.357319529750384e-06,3.0443079594988376e-05,0.0,0.005208333333333333,0.034722222222222224
2381.0,0.00010714527888922021,0.0,0.0,0.0,0.0,0.00892877324076835
2382.0,0.0,0.0,0.0,0.0,0.0,0.0
2383.0,0.0,0.0,0.0,0.0,0.0,0.0
2384.0,0.00012595314183272421,0.0,0.0,0.0,0.005208333333333333,0.034722222222222224
2385.0,0.00012918705760966986,0.0,0.0,0.0,0.001736111111111111,0.011574074074074073
2386.0,0.0,0.0,0.0,0.0,0.0,0.0
2387.0,0.0,0.0,0.0,0.0,0.0,0.0
2388.0,5.684913048753515e-06,0.0,0.0,0.0,0.0,0.00047374275406279287
2389.0,0.0,0.0,0.0,0.0,0.0,0.0
2390.0,0.0,0.0,0.0,0.0,0.0,0.0
2391.0,0.0,0.0,0.0,0.0,0.0,0.0
2392.0,6.280636443989351e-05,0.0,0.0,0.0,0.003472222222222222,0.023148148148148147
2393.0,0.00029081557295285165,0.0,0.0,0.0,0.003472222222222222,0.024234631079404306
2394.0,0.00021612875571008772,0.0,0.0,0.0,0.003472222222222222,0.023148148148148147
2395.0,0.00015727120626252145,0.0,0.0,0.0,0.001736111111111111,0.01310593385521012
2396.0,0.000299325940432027,0.0,0.0,0.0,0.003472222222222222,0.02494382836933558
2397.0,2.0424816682407254e-07,0.0,0.0,0.0,0.0,1.7020680568672713e-05
2398.0,0.0,0.0,0.0,0.0,0.0,0.0
2399.0,0.0,0.0,0.0,0.0,0.0,0.0
2400.0,0.0,0.0,0.0,0.0,0.0,0.0
2401.0,0.0,0.0,0.0,0.0,0.0,0.0
2402.0,0.000113085494376719,0.0,0.0,0.0,0.001736111111111111,0.011574074074074073
2403.0,0.00017121116979978979,0.0,0.0,0.0,0.001736111111111111,0.014267597483315814
2404.0,0.00028663413831964135,8.357319529750384e-06,3.0443079594988376e-05,0.0,0.003472222222222222,0.023886178193303447
2405.0,0.00012449503992684186,8.357319529750384e-06,3.0443079594988376e-05,0.0,0.0,0.010374586660570154
2406.0,0.0,0.0,0.0,0.0,0.0,0.0
2407.0,0.0,0.0,0.0,0.0,0.0,0.0
2408.0,0.0,0.0,0.0,0.0,0.0,0.0
2409.0,0.0,0.0,0.0,0.0,0.0,0.0
2410.0,0.0,0.0,0.0,0.0,0.0,0.0
2411.0,0.0,0.0,0.0,0.0,0.0,0.0
2412.0,0.0,0.0,0.0,0.0,0.0,0.0
2413.0,2.5360875497426605e-06,0.0,0.0,0.0,0.0,0.0002113406291452217
2414.0,0.0,0.0,0.0,0.0,0.0,0.0
2415.0,0.0,0.0,0.0,0.0,0.0,0.0
2416.0,0.0,0.0,0.0,0.0,0.0,0.0
2417.0,0.0,0.0,0.0,0.0,0.0,0.0
2418.0,0.0,0.0,0.0,0.0,0.0,0.0
2419.0,0.0,0.0,0.0,0.0,0.0,0.0
2420.0,0.000278475577943027,0.0,0.0,0.0,0.006944444444444444,0.046296296296296294
2421.0,0.00010534107423154637,0.0,0.0,0.0,0.0,0.008778422852628864
2422.0,0.0,0.0,0.0,0.0,0.0,0.0
2423.0,0.0,0.0,0.0,0.0,0.0,0.0
2424.0,0.0,0.0,0.0,0.0,0.0,0.0
2425.0,0.0,0.0,0.0,0.0,0.0,0.0
2426.0,0.0,0.0,0.0,0.0,0.0,0.0
2427.0,0.0,0.0,0.0,0.0,0.0,0.0
2428.0,0.0,0.0,0.0,0.0,0.0,0.0
2429.0,1.0813818335009273e-05,8.357319529750384e-06,3.0443079594988376e-05,0.0,0.0,0.0009011515279174394
2430.0,1.0813818335009273e-05,8.357319529750384e-06,3.0443079594988376e-05,0.0,0.0,0.0009011515279174394
2431.0,0.0,0.0,0.0,0.0,0.0,0.0
2432.0,0.0,0.0,0.0,0.0,0.0,0.0
2433.0,0.0,0.0,0.0,0.0,0.0,0.0
2434.0,0.0,0.0,0.0,0.0,0.0,0.0
2435.0,0.0,0.0,0.0,0.0,0.0,0.0
2436.0,0.0,0.0,0.0,0.0,0.0,0.0
2437.0,0.0,0.0,0.0,0.0,0.0,0.0
2438.0,0.0,0.0,0.0,0.0,0.0,0.0
2439.0,0.0,0.0,0.0,0.0,0.0,0.0
2440.0,0.0,0.0,0.0,0.0,0.0,0.0
2441.0,0.0,0.0,0.0,0.0,0.0,0.0
2442.0,0.0,0.0,0.0,0.0,0.0,0.0
2443.0,0.0,0.0,0.0,0.0,0.0,0.0
2444.0,0.0,0.0,0.0,0.0,0.0,0.0
2445.0,0.0,0.0,0.0,0.0,0.0,0.0
2446.0,0.0,0.0,0.0,0.0,0.0,0.0
2447.0,0.0,0.0,0.0,0.0,0.0,0.0
2448.0,0.0,0.0,0.0,0.0,0.0,0.0
2449.0,0.0031185827683657408,0.0,0.0,0.0,0.050347222222222224,0.3356481481481482
2450.0,0.0,0.0,0.0,0.0,0.0,0.0
2451.0,0.0,0.0,0.0,0.0,0.0,0.0
2452.0,0.0,0.0,0.0,0.0,0.0,0.0
2453.0,0.0,0.0,0.0,0.0,0.0,0.0
2454.0,9.418121408089064e-06,8.357319529750384e-06,3.0443079594988376e-05,0.0,0.0,0.0007848434506740887
2455.0,9.435141691938043e-06,8.357319529750384e-06,3.0443079594988376e-05,0.0,0.0,0.0007862618076615036
2456.0,0.0,0.0,0.0,0.0,0.0,0.0
2457.0,0.0,0.0,0.0,0.0,0.0,0.0
2458.0,0.0,0.0,0.0,0.0,0.0,0.0
2459.0,0.0,0.0,0.0,0.0,0.0,0.0
2460.0,0.0,0.0,0.0,0.0,0.0,0.0
2461.0,0.0,0.0,0.0,0.0,0.0,0.0
2462.0,0.0,0.0,0.0,0.0,0.0,0.0
2463.0,0.0,0.0,0.0,0.0,0.0,0.0
2464.0,0.0,0.0,0.0,0.0,0.0,0.0
2465.0,0.0,0.0,0.0,0.0,0.0,0.0
2466.0,0.0,0.0,0.0,0.0,0.0,0.0
2467.0,0.0,0.0,0.0,0.0,0.0,0.0
2468.0,0.0,0.0,0.0,0.0,0.0,0.0
2469.0,0.0,0.0,0.0,0.0,0.0,0.0
2470.0,0.0,0.0,0.0,0.0,0.0,0.0
2471.0,0.0,0.0,0.0,0.0,0.0,0.0
2472.0,0.0,0.0,0.0,0.0,0.0,0.0
2473.0,0.0,0.0,0.0,0.0,0.0,0.0
2474.0,0.0,0.0,0.0,0.0,0.0,0.0
2475.0,0.0,0.0,0.0,0.0,0.0,0.0
2476.0,0.0,0.0,0.0,0.0,0.0,0.0
2477.0,0.0,0.0,0.0,0.0,0.0,0.0
2478.0,0.0,0.0,0.0,0.0,0.0,0.0
2479.0,9.435141691938043e-06,8.357319529750384e-06,3.0443079594988376e-05,0.0,0.0,0.0007862618076615036
2480.0,9.435141691938043e-06,8.357319529750384e-06,3.0443079594988376e-05,0.0,0.0,0.0007862618076615036
2481.0,0.0,0.0,0.0,0.0,0.0,0.0
2482.0,0.0,0.0,0.0,0.0,0.0,0.0
2483.0,0.0,0.0,0.0,0.0,0.0,0.0
2484.0,0.0,0.0,0.0,0.0,0.0,0.0
2485.0,0.0,0.0,0.0,0.0,0.0,0.0
2486.0,0.0,0.0,0.0,0.0,0.0,0.0
2487.0,0.0,0.0,0.0,0.0,0.0,0.0
2488.0,0.0,0.0,0.0,0.0,0.0,0.0
2489.0,0.0,0.0,0.0,0.0,0.0,0.0
2490.0,0.0,0.0,0.0,0.0,0.0,0.0
2491.0,0.0,0.0,0.0,0.0,0.0,0.0
2492.0,0.0,0.0,0.0,0.0,0.0,0.0
2493.0,0.0,0.0,0.0,0.0,0.0,0.0
2494.0,0.0,0.0,0.0,0.0,0.0,0.0
2495.0,0.0,0.0,0.0,0.0,0.0,0.0
2496.0,0.0,0.0,0.0,0.0,0.0,0.0
2497.0,0.0,0.0,0.0,0.0,0.0,0.0
2498.0,0.0,0.0,0.0,0.0,0.0,0.0
2499.0,0.0,0.0,0.0,0.0,0.0,0.0
2500.0,0.0,0.0,0.0,0.0,0.0,0.0
2501.0,0.0,0.0,0.0,0.0,0.0,0.0
2502.0,0.0,0.0,0.0,0.0,0.0,0.0
2503.0,0.0,0.0,0.0,0.0,0.0,0.0
2504.0,9.435141691938043e-06,8.357319529750384e-06,3.0443079594988376e-05,0.0,0.0,0.0007862618076615036
2505.0,9.435141691938043e-06,8.357319529750384e-06,3.0443079594988376e-05,0.0,0.0,0.0007862618076615036
2506.0,0.0,0.0,0.0,0.0,0.0,0.0
2507.0,0.0,0.0,0.0,0.0,0.0,0.0
2508.0,0.0,0.0,0.0,0.0,0.0,0.0
2509.0,0.0,0.0,0.0,0.0,0.0,0.0
2510.0,0.00011056642688345164,0.0,0.0,0.0,0.001736111111111111,0.011574074074074073
2511.0,0.0,0.0,0.0,0.0,0.0,0.0
2512.0,0.0,0.0,0.0,0.0,0.0,0.0
2513.0,1.940360107255401e-06,0.0,0.0,0.0,0.0,0.00016169667560461676
2514.0,0.0,0.0,0.0,0.0,0.0,0.0
2515.0,0.0,0.0,0.0,0.0,0.0,0.0
2516.0,0.0,0.0,0.0,0.0,0.0,0.0
2517.0,0.0,0.0,0.0,0.0,0.0,0.0
2518.0,0.0,0.0,0.0,0.0,0.0,0.0
2519.0,0.0,0.0,0.0,0.0,0.0,0.0
2520.0,0.0,0.0,0.0,0.0,0.0,0.0
2521.0,0.0,0.0,0.0,0.0,0.0,0.0
2522.0,0.0,0.0,0.0,0.0,0.0,0.0
2523.0,0.0,0.0,0.0,0.0,0.0,0.0
2524.0,0.00011078768875449896,0.0,0.0,0.0,0.001736111111111111,0.011574074074074073
2525.0,0.0,0.0,0.0,0.0,0.0,0.0
2526.0,0.0,0.0,0.0,0.0,0.0,0.0
2527.0,0.0,0.0,0.0,0.0,0.0,0.0
2528.0,0.0,0.0,0.0,0.0,0.0,0.0
2529.0,1.0132990610145498e-05,8.357319529750384e-06,3.0443079594988376e-05,0.0,0.0,0.0008444158841787915
2530.0,9.435141691938043e-06,8.357319529750384e-06,3.0443079594988376e-05,0.0,0.0,0.0007862618076615036
2531.0,0.0,0.0,0.0,0.0,0.0,0.0
2532.0,0.0,0.0,0.0,0.0,0.0,0.0
2533.0,0.0,0.0,0.0,0.0,0.0,0.0
2534.0,0.0,0.0,0.0,0.0,0.0,0.0
2535.0,0.0,0.0,0.0,0.0,0.0,0.0
2536.0,0.0,0.0,0.0,0.0,0.0,0.0
2537.0,0.0,0.0,0.0,0.0,0.0,0.0
2538.0,0.0,0.0,0.0,0.0,0.0,0.0
2539.0,0.0,0.0,0.0,0.0,0.0,0.0
2540.0,0.0,0.0,0.0,0.0,0.0,0.0
2541.0,0.0,0.0,0.0,0.0,0.0,0.0
2542.0,0.0,0.0,0.0,0.0,0.0,0.0
2543.0,0.0,0.0,0.0,0.0,0.0,0.0
2544.0,0.0,0.0,0.0,0.0,0.0,0.0
2545.0,0.0,0.0,0.0,0.0,0.0,0.0
2546.0,0.0,0.0,0.0,0.0,0.0,0.0
2547.0,0.0,0.0,0.0,0.0,0.0,0.0
2548.0,0.0,0.0,0.0,0.0,0.0,0.0
2549.0,0.0,0.0,0.0,0.0,0.0,0.0
2550.0,0.0,0.0,0.0,0.0,0.0,0.0
2551.0,0.0,0.0,0.0,0.0,0.0,0.0
2552.0,0.0,0.0,0.0,0.0,0.0,0.0
2553.0,0.0,0.0,0.0,0.0,0.0,0.0
2554.0,9.435141691938043e-06,8.357319529750384e-06,3.0443079594988376e-05,0.0,0.0,0.0007862618076615036
2555.0,9.435141691938043e-06,8.357319529750384e-06,3.0443079594988376e-05,0.0,0.0,0.0007862618076615036
2556.0,0.0,0.0,0.0,0.0,0.0,0.0
2557.0,0.0,0.0,0.0,0.0,0.0,0.0
2558.0,0.0,0.0,0.0,0.0,0.0,0.0
2559.0,0.0,0.0,0.0,0.0,0.0,0.0
2560.0,0.0,0.0,0.0,0.0,0.0,0.0
2561.0,0.0,0.0,0.0,0.0,0.0,0.0
2562.0,0.0,0.0,0.0,0.0,0.0,0.0
2563.0,0.0,0.0,0.0,0.0,0.0,0.0
2564.0,0.0,0.0,0.0,0.0,0.0,0.0
2565.0,0.0,0.0,0.0,0.0,0.0,0.0
2566.0,0.0,0.0,0.0,0.0,0.0,0.0
2567.0,0.0,0.0,0.0,0.0,0.0,0.0
2568.0,0.0,0.0,0.0,0.0,0.0,0.0
2569.0,0.0,0.0,0.0,0.0,0.0,0.0
2570.0,0.0,0.0,0.0,0.0,0.0,0.0
2571.0,0.0,0.0,0.0,0.0,0.0,0.0
2572.0,0.0,0.0,0.0,0.0,0.0,0.0
2573.0,0.0,0.0,0.0,0.0,0.0,0.0
2574.0,0.0,0.0,0.0,0.0,0.0,0.0
2575.0,0.0,0.0,0.0,0.0,0.0,0.0
2576.0,0.0,0.0,0.0,0.0,0.0,0.0
2577.0,0.0,0.0,0.0,0.0,0.0,0.0
2578.0,0.0,0.0,0.0,0.0,0.0,0.0
2579.0,9.435141691938043e-06,8.357319529750384e-06,3.0443079594988376e-05,0.0,0.0,0.0007862618076615036
2580.0,9.435141691938043e-06,8.357319529750384e-06,3.0443079594988376e-05,0.0,0.0,0.0007862618076615036
2581.0,0.0,0.0,0.0,0.0,0.0,0.0
2582.0,0.0,0.0,0.0,0.0,0.0,0.0
2583.0,0.00011851509771076962,0.0,0.0,0.0,0.006944444444444444,0.046296296296296294
2584.0,0.00025697844102978706,0.0,0.0,0.0,0.003472222222222222,0.023148148148148147
2585.0,0.00017641948943492025,0.0,0.0,0.0,0.003472222222222222,0.023148148148148147
2586.0,0.0,0.0,0.0,0.0,0.0,0.0
2587.0,0.0,0.0,0.0,0.0,0.0,0.0
2588.0,5.497701295098523e-06,0.0,0.0,0.0,0.0,0.00045814177459154354
2589.0,0.0,0.0,0.0,0.0,0.0,0.0
2590.0,0.0,0.0,0.0,0.0,0.0,0.0
2591.0,0.0,0.0,0.0,0.0,0.0,0.0
2592.0,0.0,0.0,0.0,0.0,0.0,0.0
2593.0,0.0,0.0,0.0,0.0,0.0,0.0
2594.0,0.0,0.0,0.0,0.0,0.0,0.0
2595.0,0.0,0.0,0.0,0.0,0.0,0.0
2596.0,0.0,0.0,0.0,0.0,0.0,0.0
2597.0,0.0,0.0,0.0,0.0,0.0,0.0
2598.0,0.0,0.0,0.0,0.0,0.0,0.0
2599.0,0.0,0.0,0.0,0.0,0.0,0.0
2600.0,0.0,0.0,0.0,0.0,0.0,0.0
2601.0,0.0,0.0,0.0,0.0,0.0,0.0
2602.0,0.0,0.0,0.0,0.0,0.0,0.0
2603.0,0.0,0.0,0.0,0.0,0.0,0.0
2604.0,9.435141691938043e-06,8.357319529750384e-06,3.0443079594988376e-05,0.0,0.0,0.0007862618076615036
2605.0,9.435141691938043e-06,8.357319529750384e-06,3.0443079594988376e-05,0.0,0.0,0.0007862618076615036
2606.0,0.0,0.0,0.0,0.0,0.0,0.0
2607.0,0.0,0.0,0.0,0.0,0.0,0.0
2608.0,0.0,0.0,0.0,0.0,0.0,0.0
2609.0,0.0,0.0,0.0,0.0,0.0,0.0
2610.0,0.0,0.0,0.0,0.0,0.0,0.0
2611.0,0.0,0.0,0.0,0.0,0.0,0.0
2612.0,0.0,0.0,0.0,0.0,0.0,0.0
2613.0,0.0,0.0,0.0,0.0,0.0,0.0
2614.0,0.0,0.0,0.0,0.0,0.0,0.0
2615.0,0.0,0.0,0.0,0.0,0.0,0.0
2616.0,0.0,0.0,0.0,0.0,0.0,0.0
2617.0,8.575026004109532e-05,0.0,0.0,0.0,0.001736111111111111,0.011574074074074073
2618.0,0.0,0.0,0.0,0.0,0.0,0.0
2619.0,0.0,0.0,0.0,0.0,0.0,0.0
2620.0,0.0,0.0,0.0,0.0,0.0,0.0
2621.0,1.2254902230779408e-06,0.0,0.0,0.0,0.0,0.00010212418525649507
2622.0,0.0,0.0,0.0,0.0,0.0,0.0
2623.0,0.0,0.0,0.0,0.0,0.0,0.0
2624.0,0.0,0.0,0.0,0.0,0.0,0.0
2625.0,0.0,0.0,0.0,0.0,0.0,0.0
2626.0,0.0,0.0,0.0,0.0,0.0,0.0
2627.0,0.0,0.0,0.0,0.0,0.0,0.0
2628.0,0.0,0.0,0.0,0.0,0.0,0.0
2629.0,9.435141691938043e-06,8.357319529750384e-06,3.0443079594988376e-05,0.0,0.0,0.0007862618076615036
2630.0,9.435141691938043e-06,8.357319529750384e-06,3.0443079594988376e-05,0.0,0.0,0.0007862618076615036
2631.0,0.0,0.0,0.0,0.0,0.0,0.0
2632.0,0.0,0.0,0.0,0.0,0.0,0.0
2633.0,0.0,0.0,0.0,0.0,0.0,0.0
2634.0,0.0,0.0,0.0,0.0,0.0,0.0
2635.0,0.0,0.0,0.0,0.0,0.0,0.0
2636.0,0.00025733589427545667,0.0,0.0,0.0,0.001736111111111111,0.021444657856288057
2637.0,0.0,0.0,0.0,0.0,0.0,0.0
2638.0,3.4381832847429905e-06,0.0,0.0,0.0,0.0,0.00028651527372858254
2639.0,0.0,0.0,0.0,0.0,0.0,0.0
2640.0,0.0,0.0,0.0,0.0,0.0,0.0
2641.0,0.0,0.0,0.0,0.0,0.0,0.0
2642.0,0.0,0.0,0.0,0.0,0.0,0.0
2643.0,0.0,0.0,0.0,0.0,0.0,0.0
2644.0,0.0,0.0,0.0,0.0,0.0,0.0
2645.0,0.0,0.0,0.0,0.0,0.0,0.0
2646.0,0.0,0.0,0.0,0.0,0.0,0.0
2647.0,0.0,0.0,0.0,0.0,0.0,0.0
2648.0,0.0,0.0,0.0,0.0,0.0,0.0
2649.0,0.0,0.0,0.0,0.0,0.0,0.0
2650.0,0.0,0.0,0.0,0.0,0.0,0.0
2651.0,0.0,0.0,0.0,0.0,0.0,0.0
2652.0,0.0,0.0,0.0,0.0,0.0,0.0
2653.0,0.0,0.0,0.0,0.0,0.0,0.0
2654.0,9.384080840391107e-06,8.357319529750384e-06,3.0443079594988376e-05,0.0,0.0,0.0007820067366992589
2655.0,9.384080840391107e-06,8.357319529750384e-06,3.0443079594988376e-05,0.0,0.0,0.0007820067366992589
2656.0,0.0,0.0,0.0,0.0,0.0,0.0
2657.0,0.0,0.0,0.0,0.0,0.0,0.0
2658.0,0.0,0.0,0.0,0.0,0.0,0.0
2659.0,0.0,0.0,0.0,0.0,0.0,0.0
2660.0,0.0,0.0,0.0,0.0,0.0,0.0
2661.0,0.0,0.0,0.0,0.0,0.0,0.0
2662.0,0.0,0.0,0.0,0.0,0.0,0.0
2663.0,0.0,0.0,0.0,0.0,0.0,0.0
2664.0,0.0,0.0,0.0,0.0,0.0,0.0
2665.0,0.0,0.0,0.0,0.0,0.0,0.0
2666.0,0.0,0.0,0.0,0.0,0.0,0.0
2667.0,0.0,0.0,0.0,0.0,0.0,0.0
2668.0,0.0,0.0,0.0,0.0,0.0,0.0
2669.0,0.0,0.0,0.0,0.0,0.0,0.0
2670.0,0.0,0.0,0.0,0.0,0.0,0.0
2671.0,0.0,0.0,0.0,0.0,0.0,0.0
2672.0,0.0008955438970588148,0.0,0.0,0.0,0.017361111111111112,0.11574074074074076
2673.0,0.0,0.0,0.0,0.0,0.0,0.0
2674.0,0.0,0.0,0.0,0.0,0.0,0.0
2675.0,0.0,0.0,0.0,0.0,0.0,0.0
2676.0,0.0,0.0,0.0,0.0,0.0,0.0
2677.0,0.0,0.0,0.0,0.0,0.0,0.0
2678.0,0.0,0.0,0.0,0.0,0.0,0.0
2679.0,1.084785890270723e-05,8.357319529750384e-06,3.0443079594988376e-05,0.0,0.0,0.0009039882418922691
2680.0,9.435141691938043e-06,8.357319529750384e-06,3.0443079594988376e-05,0.0,0.0,0.0007862618076615036
2681.0,0.0,0.0,0.0,0.0,0.0,0.0
2682.0,0.0,0.0,0.0,0.0,0.0,0.0
2683.0,0.0,0.0,0.0,0.0,0.0,0.0
2684.0,0.0,0.0,0.0,0.0,0.0,0.0
2685.0,0.0,0.0,0.0,0.0,0.0,0.0
2686.0,0.00022329448256641626,0.0,0.0,0.0,0.005208333333333333,0.034722222222222224
2687.0,0.0007278049015440047,0.0,0.0,0.0,0.006944444444444444,0.060650408462000385
2688.0,0.0008619307191111147,4.532567345449934e-06,3.391288555576466e-05,0.0,0.008680555555555556,0.07182755992592622
2689.0,3.9539070712635294e-05,0.0,0.0,0.0,0.0,0.0032949225593862743
2690.0,0.0,0.0,0.0,0.0,0.0,0.0
2691.0,0.0,0.0,0.0,0.0,0.0,0.0
2692.0,0.0,0.0,0.0,0.0,0.0,0.0
2693.0,0.0,0.0,0.0,0.0,0.0,0.0
2694.0,0.00032278045546263456,0.0,0.0,0.0,0.0,0.02689837128855288
2695.0,0.00035031995503231883,0.0,0.0,0.0,0.0,0.029193329586026568
2696.0,5.802622399642132e-05,4.532567345449934e-06,3.391288555576466e-05,0.0,0.0,0.0048355186663684435
2697.0,0.0,0.0,0.0,0.0,0.0,0.0
2698.0,0.0,0.0,0.0,0.0,0.0,0.0
2699.0,0.0,0.0,0.0,0.0,0.0,0.0
2700.0,0.0,0.0,0.0,0.0,0.0,0.0
2701.0,0.0,0.0,0.0,0.0,0.0,0.0
2702.0,0.03623715788125992,0.012054105289280415,0.0,0.0006966160726733506,0.3420138888888889,3.01976315677166
2703.0,0.0,0.0,0.0,0.0,0.0,0.0
2704.0,0.0,0.0,0.0,0.0,0.0,0.0
2705.0,0.0,0.0,0.0,0.0,0.0,0.0
2706.0,0.0,0.0,0.0,0.0,0.0,0.0
2707.0,0.0,0.0,0.0,0.0,0.0,0.0
2708.0,0.0,0.0,0.0,0.0,0.0,0.0
2709.0,0.0,0.0,0.0,0.0,0.0,0.0
2710.0,0.0,0.0,0.0,0.0,0.0,0.0
2711.0,0.0,0.0,0.0,0.0,0.0,0.0
2712.0,0.0,0.0,0.0,0.0,0.0,0.0
2713.0,0.0,0.0,0.0,0.0,0.0,0.0
2714.0,0.0,0.0,0.0,0.0,0.0,0.0
2715.0,0.0,0.0,0.0,0.0,0.0,0.0
2716.0,0.0,0.0,0.0,0.0,0.0,0.0
2717.0,0.0,0.0,0.0,0.0,0.0,0.0
2718.0,7.845191248634364e-06,4.12968347518472e-06,3.0443079594988376e-05,0.0,0.0,0.000653765937386197
2719.0,7.845191248634364e-06,4.12968347518472e-06,3.0443079594988376e-05,0.0,0.0,0.000653765937386197
2720.0,0.0,0.0,0.0,0.0,0.0,0.0
2721.0,0.0,0.0,0.0,0.0,0.0,0.0
2722.0,0.0,0.0,0.0,0.0,0.0,0.0
2723.0,0.0,0.0,0.0,0.0,0.0,0.0
2724.0,0.0,0.0,0.0,0.0,0.0,0.0
2725.0,0.0,0.0,0.0,0.0,0.0,0.0
2726.0,0.0,0.0,0.0,0.0,0.0,0.0
2727.0,0.0,0.0,0.0,0.0,0.0,0.0
2728.0,0.0,0.0,0.0,0.0,0.0,0.0
2729.0,0.0,0.0,0.0,0.0,0.0,0.0
2730.0,0.0,0.0,0.0,0.0,0.0,0.0
2731.0,0.0,0.0,0.0,0.0,0.0,0.0
2732.0,0.0,0.0,0.0,0.0,0.0,0.0
2733.0,0.0,0.0,0.0,0.0,0.0,0.0
2734.0,0.0,0.0,0.0,0.0,0.0,0.0
2735.0,0.0,0.0,0.0,0.0,0.0,0.0
2736.0,0.033421047031879425,0.015391968190670013,0.0,0.00041498150676488876,0.2222222222222222,2.7850872526566186
2737.0,0.0,0.0,0.0,0.0,0.0,0.0
2738.0,0.0,0.0,0.0,0.0,0.0,0.0
2739.0,0.0,0.0,0.0,0.0,0.0,0.0
2740.0,0.0,0.0,0.0,0.0,0.0,0.0
2741.0,0.0,0.0,0.0,0.0,0.0,0.0
2742.0,0.0,0.0,0.0,0.0,0.0,0.0
2743.0,0.00022897645249031484,0.00012332656478974968,3.0443079594988376e-05,4.002367131761275e-05,0.001736111111111111,0.01908137104085957
2744.0,1.3750996004091576e-05,6.218354428710882e-06,3.0443079594988376e-05,0.0,0.0,0.001145916333674298
2745.0,0.0,0.0,0.0,0.0,0.0,0.0
2746.0,0.0,0.0,0.0,0.0,0.0,0.0
2747.0,0.0,0.0,0.0,0.0,0.0,0.0
2748.0,0.0,0.0,0.0,0.0,0.0,0.0
2749.0,0.0,0.0,0.0,0.0,0.0,0.0
2750.0,0.0,0.0,0.0,0.0,0.0,0.0
2751.0,0.0,0.0,0.0,0.0,0.0,0.0
2752.0,0.0,0.0,0.0,0.0,0.0,0.0
2753.0,0.0,0.0,0.0,0.0,0.0,0.0
2754.0,0.0,0.0,0.0,0.0,0.0,0.0
2755.0,0.0,0.0,0.0,0.0,0.0,0.0
2756.0,0.0,0.0,0.0,0.0,0.0,0.0
2757.0,5.770013103756355e-06,3.730946991709061e-05,0.0,0.0,0.001736111111111111,0.011574074074074073
2758.0,0.00012004694144707173,0.00023926494759507477,0.0,0.0,0.005208333333333333,0.034722222222222224
2759.0,0.0001746493362588808,9.26683860598132e-05,0.0,0.0,0.001736111111111111,0.014554111354906732
2760.0,0.0002080779813695699,0.00028317785472609103,0.0,0.0,0.005208333333333333,0.034722222222222224
2761.0,0.0,0.0,0.0,0.0,0.0,0.0
2762.0,0.0,0.0,0.0,0.0,0.0,0.0
2763.0,0.0,0.0,0.0,0.0,0.0,0.0
2764.0,0.0,0.0,0.0,0.0,0.0,0.0
2765.0,0.0,0.0,0.0,0.0,0.0,0.0
2766.0,0.0,0.0,0.0,0.0,0.0,0.0
2767.0,0.0,0.0,0.0,0.0,0.0,0.0
2768.0,1.4006307537783869e-05,6.218354428710882e-06,3.0443079594988376e-05,0.0,0.0,0.0011671922948153224
2769.0,1.4006307537783869e-05,6.218354428710882e-06,3.0443079594988376e-05,0.0,0.0,0.0011671922948153224
2770.0,0.0,0.0,0.0,0.0,0.0,0.0
2771.0,0.0,0.0,0.0,0.0,0.0,0.0
2772.0,0.0,0.0,0.0,0.0,0.0,0.0
2773.0,0.0,0.0,0.0,0.0,0.0,0.0
2774.0,0.0,0.0,0.0,0.0,0.0,0.0
2775.0,0.0,0.0,0.0,0.0,0.0,0.0
2776.0,0.0,0.0,0.0,0.0,0.0,0.0
2777.0,0.0,0.0,0.0,0.0,0.0,0.0
2778.0,0.0,0.0,0.0,0.0,0.0,0.0
2779.0,0.0,0.0,0.0,0.0,0.0,0.0
2780.0,0.0,0.0,0.0,0.0,0.0,0.0
2781.0,0.0,0.0,0.0,0.0,0.0,0.0
2782.0,0.0,0.0,0.0,0.0,0.0,0.0
2783.0,0.0,0.0,0.0,0.0,0.0,0.0
2784.0,0.0,0.0,0.0,0.0,0.0,0.0
2785.0,0.0,0.0,0.0,0.0,0.0,0.0
2786.0,0.0,0.0,0.0,0.0,0.0,0.0
2787.0,0.0,0.0,0.0,0.0,0.0,0.0
2788.0,0.0,0.0,0.0,0.0,0.0,0.0
2789.0,0.0,0.0,0.0,0.0,0.0,0.0
2790.0,0.0,0.0,0.0,0.0,0.0,0.0
2791.0,0.0,0.0,0.0,0.0,0.0,0.0
2792.0,0.0,0.0,0.0,0.0,0.0,0.0
2793.0,1.4006307537783869e-05,6.218354428710882e-06,3.0443079594988376e-05,0.0,0.0,0.0011671922948153224
2794.0,1.4006307537783869e-05,6.218354428710882e-06,3.0443079594988376e-05,0.0,0.0,0.0011671922948153224
2795.0,0.0,0.0,0.0,0.0,0.0,0.0
2796.0,0.0,0.0,0.0,0.0,0.0,0.0
2797.0,0.0,0.0,0.0,0.0,0.0,0.0
2798.0,0.0,0.0,0.0,0.0,0.0,0.0
2799.0,0.0,0.0,0.0,0.0,0.0,0.0
2800.0,0.0,0.0,0.0,0.0,0.0,0.0
2801.0,0.0,0.0,0.0,0.0,0.0,0.0
2802.0,0.0,0.0,0.0,0.0,0.0,0.0
2803.0,0.0,0.0,0.0,0.0,0.0,0.0
2804.0,0.0,0.0,0.0,0.0,0.0,0.0
2805.0,0.0,0.0,0.0,0.0,0.0,0.0
2806.0,0.0,0.0,0.0,0.0,0.0,0.0
2807.0,0.0,0.0,0.0,0.0,0.0,0.0
2808.0,0.0,0.0,0.0,0.0,0.0,0.0
2809.0,0.0,0.0,0.0,0.0,0.0,0.0
2810.0,0.0,0.0,0.0,0.0,0.0,0.0
2811.0,0.0,0.0,0.0,0.0,0.0,0.0
2812.0,0.0,0.0,0.0,0.0,0.0,0.0
2813.0,0.0,0.0,0.0,0.0,0.0,0.0
2814.0,0.0,0.0,0.0,0.0,0.0,0.0
2815.0,0.0,0.0,0.0,0.0,0.0,0.0
2816.0,0.0,0.0,0.0,0.0,0.0,0.0
2817.0,0.0,0.0,0.0,0.0,0.0,0.0
2818.0,1.4006307537783869e-05,6.218354428710882e-06,3.0443079594988376e-05,0.0,0.0,0.0011671922948153224
2819.0,1.4006307537783869e-05,6.218354428710882e-06,3.0443079594988376e-05,0.0,0.0,0.0011671922948153224
2820.0,0.0,0.0,0.0,0.0,0.0,0.0
2821.0,0.0,0.0,0.0,0.0,0.0,0.0
2822.0,0.0,0.0,0.0,0.0,0.0,0.0
2823.0,0.0,0.0,0.0,0.0,0.0,0.0
2824.0,0.0005047657177783549,0.0006495591369457543,0.0,0.0,0.013888888888888888,0.09259259259259259
2825.0,0.0,0.0,0.0,0.0,0.0,0.0
2826.0,0.0,0.0,0.0,0.0,0.0,0.0
2827.0,0.0,0.0,0.0,0.0,0.0,0.0
2828.0,0.0,0.0,0.0,0.0,0.0,0.0
2829.0,0.0,0.0,0.0,0.0,0.0,0.0
2830.0,0.0,0.0,0.0,0.0,0.0,0.0
2831.0,0.0,0.0,0.0,0.0,0.0,0.0
2832.0,0.0,0.0,0.0,0.0,0.0,0.0
2833.0,0.0,0.0,0.0,0.0,0.0,0.0
2834.0,0.0,0.0,0.0,0.0,0.0,0.0
2835.0,0.0,0.0,0.0,0.0,0.0,0.0
2836.0,0.0,0.0,0.0,0.0,0.0,0.0
2837.0,0.0,0.0,0.0,0.0,0.0,0.0
2838.0,0.0002158904680982232,0.0013959689531475306,0.0,0.0,0.006944444444444444,0.046296296296296294
2839.0,0.0002602293679956347,0.0016826686915010214,0.0,0.0,0.003472222222222222,0.042066717287525535
2840.0,0.00025274025392718613,0.0016330326907336712,0.0,0.0,0.006944444444444444,0.046296296296296294
2841.0,0.00023546427837572992,0.001522535108961165,0.0,0.0,0.003472222222222222,0.038063377724029124
2842.0,5.7053370255744085e-05,0.00036847242154181004,0.0,0.0,0.001736111111111111,0.011574074074074073
2843.0,5.8987010561395437e-05,0.0002567995397839695,3.0443079594988376e-05,0.0,0.006944444444444444,0.046296296296296294
2844.0,0.00025366139016114175,7.828517482266761e-06,3.0443079594988376e-05,0.0,0.006944444444444444,0.046296296296296294
2845.0,0.00024417886743322015,0.0,0.0,0.0,0.001736111111111111,0.020348238952768345
2846.0,0.0004147772560827434,0.002680339850485325,0.0,0.0,0.005208333333333333,0.06700849626213312
2847.0,0.0005897330120205879,0.002391548827290535,0.0,0.0,0.006944444444444444,0.059788720682263374
2848.0,1.7020955311863872e-08,0.0,0.0,0.0,0.0,1.4184129426553227e-06
2849.0,0.0,0.0,0.0,0.0,0.0,0.0
2850.0,0.00011968951730523258,0.0,0.0,0.0,0.005208333333333333,0.034722222222222224
2851.0,0.00010290712089044973,0.0,0.0,0.0,0.0,0.008575593407537477
2852.0,7.083505624905229e-05,3.576863309717737e-05,0.0,0.0,0.003472222222222222,0.023148148148148147
2853.0,0.00011431096936576068,0.0,0.0,0.0,0.0,0.009525914113813391
2854.0,8.797997725196183e-05,0.0,0.0,0.0,0.003472222222222222,0.023148148148148147
2855.0,0.000142956807394512,0.0,0.0,0.0,0.001736111111111111,0.011913067282876
2856.0,0.00018246183753944933,0.0,0.0,0.0,0.0,0.015205153128287444
2857.0,0.0002259156754007563,0.0,0.0,0.0,0.006944444444444444,0.046296296296296294
2858.0,0.00032361442572437227,0.0,0.0,0.0,0.005208333333333333,0.034722222222222224
2859.0,0.00011589390487642959,0.0,0.0,0.0,0.001736111111111111,0.011574074074074073
2860.0,1.1965549674641807e-05,0.0,0.0,0.0,0.0,0.0009971291395534838
2861.0,0.0,0.0,0.0,0.0,0.0,0.0
2862.0,0.0,0.0,0.0,0.0,0.0,0.0
2863.0,0.0,0.0,0.0,0.0,0.0,0.0
2864.0,0.0,0.0,0.0,0.0,0.0,0.0
2865.0,0.0,0.0,0.0,0.0,0.0,0.0
2866.0,0.0,0.0,0.0,0.0,0.0,0.0
2867.0,0.0,0.0,0.0,0.0,0.0,0.0
2868.0,1.471488121751463e-05,8.158690434356686e-06,3.0443079594988376e-05,0.0,0.0,0.0012262401014595525
2869.0,1.471488121751463e-05,8.158690434356686e-06,3.0443079594988376e-05,0.0,0.0,0.0012262401014595525
2870.0,0.0,0.0,0.0,0.0,0.0,0.0
2871.0,0.0,0.0,0.0,0.0,0.0,0.0
2872.0,0.0,0.0,0.0,0.0,0.0,0.0
2873.0,0.0,0.0,0.0,0.0,0.0,0.0
2874.0,0.0,0.0,0.0,0.0,0.0,0.0
2875.0,0.0,0.0,0.0,0.0,0.0,0.0
2876.0,0.0,0.0,0.0,0.0,0.0,0.0
2877.0,0.0,0.0,0.0,0.0,0.0,0.0
2878.0,0.0,0.0,0.0,0.0,0.0,0.0
2879.0,0.0,0.0,0.0,0.0,0.0,0.0
2880.0,0.0,0.0,0.0,0.0,0.0,0.0
2881.0,0.0,0.0,0.0,0.0,0.0,0.0
2882.0,0.0,0.0,0.0,0.0,0.0,0.0
2883.0,0.0,0.0,0.0,0.0,0.0,0.0
2884.0,0.0,0.0,0.0,0.0,0.0,0.0
2885.0,0.0,0.0,0.0,0.0,0.0,0.0
2886.0,0.0,0.0,0.0,0.0,0.0,0.0
2887.0,0.0,0.0,0.0,0.0,0.0,0.0
2888.0,0.0,0.0,0.0,0.0,0.0,0.0
2889.0,0.0,0.0,0.0,0.0,0.0,0.0
2890.0,0.0,0.0,0.0,0.0,0.0,0.0
2891.0,0.0,0.0,0.0,0.0,0.0,0.0
2892.0,0.0,0.0,0.0,0.0,0.0,0.0
2893.0,1.471488121751463e-05,8.158690434356686e-06,3.0443079594988376e-05,0.0,0.0,0.0012262401014595525
2894.0,1.471488121751463e-05,8.158690434356686e-06,3.0443079594988376e-05,0.0,0.0,0.0012262401014595525
2895.0,0.0,0.0,0.0,0.0,0.0,0.0
2896.0,0.0,0.0,0.0,0.0,0.0,0.0
2897.0,0.004012645687907934,0.011870469897985458,0.0,0.0,0.078125,0.5208333333333334
2898.0,0.0,0.0,0.0,0.0,0.0,0.0
2899.0,0.0,0.0,0.0,0.0,0.0,0.0
2900.0,0.0,0.0,0.0,0.0,0.0,0.0
2901.0,0.0,0.0,0.0,0.0,0.0,0.0
2902.0,4.546725733689527e-07,2.4997241325763753e-06,0.0,0.0,0.0,6.249310331440938e-05
2903.0,0.0,0.0,0.0,0.0,0.0,0.0
2904.0,0.0,0.0,0.0,0.0,0.0,0.0
2905.0,0.00010084761015605181,0.0006520905299112201,0.0,0.0,0.003472222222222222,0.023148148148148147
2906.0,0.0005783631931990385,0.0037397530395537615,0.0,0.0,0.012152777777777778,0.09349382598884404
2907.0,0.0004719498392660171,0.0005368603742681444,0.0,0.0,0.010416666666666666,0.06944444444444445
2908.0,0.00011948525934712961,0.0,0.0,0.0,0.0,0.009957104945594134
2909.0,0.0,0.0,0.0,0.0,0.0,0.0
2910.0,1.0093298442370724e-05,3.1916653824737296e-05,0.0,0.0,0.0,0.0008411082035308937
2911.0,0.0,0.0,0.0,0.0,0.0,0.0
2912.0,0.0,0.0,0.0,0.0,0.0,0.0
2913.0,0.0,0.0,0.0,0.0,0.0,0.0
2914.0,0.0,0.0,0.0,0.0,0.0,0.0
2915.0,0.0,0.0,0.0,0.0,0.0,0.0
2916.0,0.0,0.0,0.0,0.0,0.0,0.0
2917.0,0.0,0.0,0.0,0.0,0.0,0.0
2918.0,1.3750996004091576e-05,6.218354428710882e-06,3.0443079594988376e-05,0.0,0.0,0.001145916333674298
2919.0,1.3750996004091576e-05,6.218354428710882e-06,3.0443079594988376e-05,0.0,0.0,0.001145916333674298
2920.0,0.0,0.0,0.0,0.0,0.0,0.0
2921.0,0.0,0.0,0.0,0.0,0.0,0.0
2922.0,0.0,0.0,0.0,0.0,0.0,0.0
2923.0,0.0,0.0,0.0,0.0,0.0,0.0
2924.0,0.000939763558562845,0.0,0.0,0.0,0.020833333333333332,0.1388888888888889
2925.0,0.00012074480764567852,0.0,0.0,0.0,0.001736111111111111,0.011574074074074073
2926.0,0.00010307732736691833,0.0,0.0,0.0,0.001736111111111111,0.011574074074074073
2927.0,0.00012456935655791312,0.0,0.0,0.0,0.001736111111111111,0.011574074074074073
2928.0,0.0001463609660277143,0.0,0.0,0.0,0.0,0.012196747168976193
2929.0,0.0,0.0,0.0,0.0,0.0,0.0
2930.0,0.0,0.0,0.0,0.0,0.0,0.0
2931.0,0.0,0.0,0.0,0.0,0.0,0.0
2932.0,0.0,0.0,0.0,0.0,0.0,0.0
2933.0,0.0,0.0,0.0,0.0,0.0,0.0
2934.0,0.0,0.0,0.0,0.0,0.0,0.0
2935.0,0.0026911881286650896,0.004920339211821556,0.0,0.0,0.052083333333333336,0.34722222222222227
2936.0,0.0,0.0,0.0,0.0,0.0,0.0
2937.0,0.0,0.0,0.0,0.0,0.0,0.0
2938.0,0.0,0.0,0.0,0.0,0.0,0.0
2939.0,0.0,0.0,0.0,0.0,0.0,0.0
2940.0,0.0,0.0,0.0,0.0,0.0,0.0
2941.0,0.0,0.0,0.0,0.0,0.0,0.0
2942.0,0.0,0.0,0.0,0.0,0.0,0.0
2943.0,1.3750996004091576e-05,6.218354428710882e-06,3.0443079594988376e-05,0.0,0.0,0.001145916333674298
2944.0,1.3750996004091576e-05,6.218354428710882e-06,3.0443079594988376e-05,0.0,0.0,0.001145916333674298
2945.0,0.0,0.0,0.0,0.0,0.0,0.0
2946.0,0.0,0.0,0.0,0.0,0.0,0.0
2947.0,0.0,0.0,0.0,0.0,0.0,0.0
2948.0,0.0,0.0,0.0,0.0,0.0,0.0
2949.0,0.0,0.0,0.0,0.0,0.0,0.0
2950.0,0.0,0.0,0.0,0.0,0.0,0.0
2951.0,0.0,0.0,0.0,0.0,0.0,0.0
2952.0,0.0,0.0,0.0,0.0,0.0,0.0
2953.0,0.0,0.0,0.0,0.0,0.0,0.0
2954.0,0.0,0.0,0.0,0.0,0.0,0.0
2955.0,0.0,0.0,0.0,0.0,0.0,0.0
2956.0,0.0,0.0,0.0,0.0,0.0,0.0
2957.0,7.1657127591606695e-06,0.0,0.0,0.0,0.0,0.0005971427299300558
2958.0,0.0001778662553988397,0.0,0.0,0.0,0.001736111111111111,0.01482218794990331
2959.0,0.0002578294661361724,0.0,0.0,0.0,0.003472222222222222,0.023148148148148147
2960.0,0.0002103757724398747,0.0,0.0,0.0,0.001736111111111111,0.01753131436998956
2961.0,0.00024525116896256804,0.0,0.0,0.0,0.003472222222222222,0.023148148148148147
2962.0,0.0,0.0,0.0,0.0,0.0,0.0
2963.0,0.0,0.0,0.0,0.0,0.0,0.0
2964.0,0.0,0.0,0.0,0.0,0.0,0.0
2965.0,0.0,0.0,0.0,0.0,0.0,0.0
2966.0,0.0,0.0,0.0,0.0,0.0,0.0
2967.0,0.0,0.0,0.0,0.0,0.0,0.0
2968.0,1.7087058949982747e-05,6.218354428710882e-06,3.0443079594988376e-05,0.0,0.0,0.0014239215791652289
2969.0,1.4125451343716122e-05,6.218354428710882e-06,3.0443079594988376e-05,0.0,0.0,0.001177120945309677
2970.0,0.0,0.0,0.0,0.0,0.0,0.0
2971.0,0.0,0.0,0.0,0.0,0.0,0.0
2972.0,0.0,0.0,0.0,0.0,0.0,0.0
2973.0,0.0,0.0,0.0,0.0,0.0,0.0
2974.0,0.0008911355398595333,0.0,0.0,0.0,0.010416666666666666,0.07426129498829444
2975.0,0.0,0.0,0.0,0.0,0.0,0.0
2976.0,0.0,0.0,0.0,0.0,0.0,0.0
2977.0,3.2679722608008888e-06,0.0,0.0,0.0,0.0,0.0002723310217334074
2978.0,0.0,0.0,0.0,0.0,0.0,0.0
2979.0,0.0,0.0,0.0,0.0,0.0,0.0
2980.0,0.0,0.0,0.0,0.0,0.0,0.0
2981.0,0.0,0.0,0.0,0.0,0.0,0.0
2982.0,0.0,0.0,0.0,0.0,0.0,0.0
2983.0,0.0,0.0,0.0,0.0,0.0,0.0
2984.0,0.0,0.0,0.0,0.0,0.0,0.0
2985.0,0.0,0.0,0.0,0.0,0.0,0.0
2986.0,0.0,0.0,0.0,0.0,0.0,0.0
2987.0,0.0,0.0,0.0,0.0,0.0,0.0
2988.0,0.0,0.0,0.0,0.0,0.0,0.0
2989.0,0.0,0.0,0.0,0.0,0.0,0.0
2990.0,0.0,0.0,0.0,0.0,0.0,0.0
2991.0,0.0,0.0,0.0,0.0,0.0,0.0
2992.0,0.0,0.0,0.0,0.0,0.0,0.0
2993.0,1.3750996004091576e-05,6.218354428710882e-06,3.0443079594988376e-05,0.0,0.0,0.001145916333674298
2994.0,0.00019920847262255847,6.218354428710882e-06,3.0443079594988376e-05,0.0,0.008680555555555556,0.05787037037037038
2995.0,0.0009429124183952808,0.0,0.0,0.0,0.019097222222222224,0.12731481481481483
2996.0,0.00012571483966894448,0.0,0.0,0.0,0.003472222222222222,0.023148148148148147
2997.0,0.0,0.0,0.0,0.0,0.0,0.0
2998.0,0.00014862469106446952,0.0,0.0,0.0,0.001736111111111111,0.012385390922039127
2999.0,0.00012722969404421747,0.0,0.0,0.0,0.001736111111111111,0.011574074074074073
3000.0,0.0001589732855791226,0.0,0.0,0.0,0.003472222222222222,0.023148148148148147
3001.0,0.0,0.0,0.0,0.0,0.0,0.0
3002.0,1.5182462448137812e-05,0.0,0.0,0.0,0.0,0.0012652052040114843
3003.0,0.0,0.0,0.0,0.0,0.0,0.0
3004.0,0.0,0.0,0.0,0.0,0.0,0.0
3005.0,0.0,0.0,0.0,0.0,0.0,0.0
3006.0,6.699344521621242e-05,0.0,0.0,0.0,0.003472222222222222,0.023148148148148147
3007.0,0.00023374521697405726,0.0,0.0,0.0,0.003472222222222222,0.023148148148148147
3008.0,8.345246169483289e-05,0.0,0.0,0.0,0.001736111111111111,0.011574074074074073
3009.0,2.2484335204353556e-05,0.0,0.0,0.0,0.0,0.0018736946003627963
3010.0,0.0006608283729292452,0.0,0.0,0.0,0.015625,0.10416666666666667
3011.0,0.0005359986680559814,0.0,0.0,0.0,0.010416666666666666,0.06944444444444445
3012.0,8.694170537637547e-05,0.0,0.0,0.0,0.003472222222222222,0.023148148148148147
3013.0,9.633714216761291e-05,0.0,0.0,0.0,0.0,0.00802809518063441
3014.0,8.869484736351296e-05,0.0,0.0,0.0,0.0,0.007391237280292747
3015.0,0.00017471742467023432,0.0,0.0,0.0,0.0,0.014559785389186192
3016.0,9.594565199222416e-05,0.0,0.0,0.0,0.001736111111111111,0.011574074074074073
3017.0,6.221064541023225e-05,0.0,0.0,0.0,0.0,0.0051842204508526874
3018.0,2.8082420612918213e-05,6.218354428710882e-06,3.0443079594988376e-05,0.0,0.0,0.0023402017177431844
3019.0,1.4755216398043558e-05,6.218354428710882e-06,3.0443079594988376e-05,0.0,0.0,0.0012296013665036298
3020.0,0.0,0.0,0.0,0.0,0.0,0.0
3021.0,0.0,0.0,0.0,0.0,0.0,0.0
3022.0,0.0038861476350575686,0.0,0.0,0.0,0.078125,0.5208333333333334
3023.0,0.0,0.0,0.0,0.0,0.0,0.0
3024.0,0.0,0.0,0.0,0.0,0.0,0.0
3025.0,0.0,0.0,0.0,0.0,0.0,0.0
3026.0,0.0,0.0,0.0,0.0,0.0,0.0
3027.0,0.0,0.0,0.0,0.0,0.0,0.0
3028.0,0.0,0.0,0.0,0.0,0.0,0.0
3029.0,0.0,0.0,0.0,0.0,0.0,0.0
3030.0,0.0,0.0,0.0,0.0,0.0,0.0
3031.0,0.0,0.0,0.0,0.0,0.0,0.0
3032.0,0.0,0.0,0.0,0.0,0.0,0.0
3033.0,0.0,0.0,0.0,0.0,0.0,0.0
3034.0,0.0,0.0,0.0,0.0,0.0,0.0
3035.0,0.0,0.0,0.0,0.0,0.0,0.0
3036.0,0.0,0.0,0.0,0.0,0.0,0.0
3037.0,0.0,0.0,0.0,0.0,0.0,0.0
3038.0,0.0,0.0,0.0,0.0,0.0,0.0
3039.0,0.0,0.0,0.0,0.0,0.0,0.0
3040.0,0.0,0.0,0.0,0.0,0.0,0.0
3041.0,0.0,0.0,0.0,0.0,0.0,0.0
3042.0,0.0,0.0,0.0,0.0,0.0,0.0
3043.0,1.3750996004091576e-05,6.218354428710882e-06,3.0443079594988376e-05,0.0,0.0,0.001145916333674298
3044.0,1.3750996004091576e-05,6.218354428710882e-06,3.0443079594988376e-05,0.0,0.0,0.001145916333674298
3045.0,0.0,0.0,0.0,0.0,0.0,0.0
3046.0,0.0,0.0,0.0,0.0,0.0,0.0
3047.0,0.0,0.0,0.0,0.0,0.0,0.0
3048.0,0.0,0.0,0.0,0.0,0.0,0.0
3049.0,0.0,0.0,0.0,0.0,0.0,0.0
3050.0,0.0,0.0,0.0,0.0,0.0,0.0
3051.0,0.0,0.0,0.0,0.0,0.0,0.0
3052.0,0.0,0.0,0.0,0.0,0.0,0.0
3053.0,0.0,0.0,0.0,0.0,0.0,0.0
3054.0,0.0,0.0,0.0,0.0,0.0,0.0
3055.0,0.0,0.0,0.0,0.0,0.0,0.0
3056.0,0.0,0.0,0.0,0.0,0.0,0.0
3057.0,0.0,0.0,0.0,0.0,0.0,0.0
3058.0,0.0,0.0,0.0,0.0,0.0,0.0
3059.0,0.0,0.0,0.0,0.0,0.0,0.0
3060.0,0.0,0.0,0.0,0.0,0.0,0.0
3061.0,0.0,0.0,0.0,0.0,0.0,0.0
3062.0,0.0,0.0,0.0,0.0,0.0,0.0
3063.0,0.0,0.0,0.0,0.0,0.0,0.0
3064.0,0.0,0.0,0.0,0.0,0.0,0.0
3065.0,0.0,0.0,0.0,0.0,0.0,0.0
3066.0,0.0,0.0,0.0,0.0,0.0,0.0
3067.0,0.0,0.0,0.0,0.0,0.0,0.0
3068.0,1.3750996004091576e-05,6.218354428710882e-06,3.0443079594988376e-05,0.0,0.0,0.001145916333674298
3069.0,1.3750996004091576e-05,6.218354428710882e-06,3.0443079594988376e-05,0.0,0.0,0.001145916333674298
3070.0,0.0,0.0,0.0,0.0,0.0,0.0
3071.0,0.0,0.0,0.0,0.0,0.0,0.0
3072.0,0.0,0.0,0.0,0.0,0.0,0.0
3073.0,0.0,0.0,0.0,0.0,0.0,0.0
3074.0,0.0,0.0,0.0,0.0,0.0,0.0
3075.0,0.0,0.0,0.0,0.0,0.0,0.0
3076.0,0.0,0.0,0.0,0.0,0.0,0.0
3077.0,0.0,0.0,0.0,0.0,0.0,0.0
3078.0,0.0,0.0,0.0,0.0,0.0,0.0
3079.0,0.0,0.0,0.0,0.0,0.0,0.0
3080.0,0.0,0.0,0.0,0.0,0.0,0.0
3081.0,0.0,0.0,0.0,0.0,0.0,0.0
3082.0,0.0,0.0,0.0,0.0,0.0,0.0
3083.0,0.0,0.0,0.0,0.0,0.0,0.0
3084.0,0.0,0.0,0.0,0.0,0.0,0.0
3085.0,0.0,0.0,0.0,0.0,0.0,0.0
3086.0,0.0,0.0,0.0,0.0,0.0,0.0
3087.0,0.05026635900139809,0.022634772583842278,0.0,0.0002797466004267335,0.2673611111111111,4.1888632501165075
3088.0,0.0,0.0,0.0,0.0,0.0,0.0
3089.0,0.0,0.0,0.0,0.0,0.0,0.0
3090.0,0.0,0.0,0.0,0.0,0.0,0.0
3091.0,0.0,0.0,0.0,0.0,0.0,0.0
3092.0,0.0,0.0,0.0,0.0,0.0,0.0
3093.0,0.0,0.0,0.0,0.0,0.0,0.0
3094.0,0.0,0.0,0.0,0.0,0.0,0.0
3095.0,0.0,0.0,0.0,0.0,0.0,0.0
3096.0,0.0,0.0,0.0,0.0,0.0,0.0
3097.0,0.0,0.0,0.0,0.0,0.0,0.0
3098.0,0.0,0.0,0.0,0.0,0.0,0.0
3099.0,0.0,0.0,0.0,0.0,0.0,0.0
3100.0,0.0,0.0,0.0,0.0,0.0,0.0
3101.0,0.0,0.0,0.0,0.0,0.0,0.0
3102.0,0.0,0.0,0.0,0.0,0.0,0.0
3103.0,0.0,0.0,0.0,0.0,0.0,0.0
3104.0,0.0,0.0,0.0,0.0,0.0,0.0
3105.0,0.0,0.0,0.0,0.0,0.0,0.0
3106.0,0.0,0.0,0.0,0.0,0.0,0.0
3107.0,0.0,0.0,0.0,0.0,0.0,0.0
3108.0,0.0,0.0,0.0,0.0,0.0,0.0
3109.0,0.0,0.0,0.0,0.0,0.0,0.0
3110.0,0.0,0.0,0.0,0.0,0.0,0.0
3111.0,0.0,0.0,0.0,0.0,0.0,0.0
3112.0,0.0,0.0,0.0,0.0,0.0,0.0
3113.0,0.0,0.0,0.0,0.0,0.0,0.0
3114.0,0.0,0.0,0.0,0.0,0.0,0.0
3115.0,0.0,0.0,0.0,0.0,0.0,0.0
3116.0,0.0,0.0,0.0,0.0,0.0,0.0
3117.0,0.0,0.0,0.0,0.0,0.0,0.0
3118.0,0.0,0.0,0.0,0.0,0.0,0.0
3119.0,0.0,0.0,0.0,0.0,0.0,0.0
3120.0,0.0,0.0,0.0,0.0,0.0,0.0
3121.0,0.0,0.0,0.0,0.0,0.0,0.0
3122.0,0.0,0.0,0.0,0.0,0.0,0.0
3123.0,0.0,0.0,0.0,0.0,0.0,0.0
3124.0,0.0,0.0,0.0,0.0,0.0,0.0
3125.0,0.0,0.0,0.0,0.0,0.0,0.0
3126.0,0.0,0.0,0.0,0.0,0.0,0.0
3127.0,0.0,0.0,0.0,0.0,0.0,0.0
3128.0,0.0,0.0,0.0,0.0,0.0,0.0
3129.0,0.0,0.0,0.0,0.0,0.0,0.0
3130.0,0.0,0.0,0.0,0.0,0.0,0.0
3131.0,0.0,0.0,0.0,0.0,0.0,0.0
3132.0,0.0,0.0,0.0,0.0,0.0,0.0
3133.0,0.0,0.0,0.0,0.0,0.0,0.0
3134.0,0.0,0.0,0.0,0.0,0.0,0.0
3135.0,0.0,0.0,0.0,0.0,0.0,0.0
3136.0,0.0,0.0,0.0,0.0,0.0,0.0
3137.0,0.0,0.0,0.0,0.0,0.0,0.0
3138.0,0.0,0.0,0.0,0.0,0.0,0.0
3139.0,0.0,0.0,0.0,0.0,0.0,0.0
3140.0,0.0,0.0,0.0,0.0,0.0,0.0
3141.0,6.944443612155737e-06,0.0,0.0,0.0,0.0,0.0005787036343463114
3142.0,0.00014045476564206183,0.0,0.0,0.0,0.0,0.011704563803505152
3143.0,0.0,0.0,0.0,0.0,0.0,0.0
3144.0,0.0,0.0,0.0,0.0,0.0,0.0
3145.0,1.5488870985791436e-06,0.0,0.0,0.0,0.0,0.0001290739248815953
3146.0,0.0,0.0,0.0,0.0,0.0,0.0
3147.0,0.0,0.0,0.0,0.0,0.0,0.0
3148.0,0.0,0.0,0.0,0.0,0.0,0.0
3149.0,0.0,0.0,0.0,0.0,0.0,0.0
3150.0,0.0,0.0,0.0,0.0,0.0,0.0
3151.0,0.0,0.0,0.0,0.0,0.0,0.0
3152.0,0.0,0.0,0.0,0.0,0.0,0.0
3153.0,0.0,0.0,0.0,0.0,0.0,0.0
3154.0,0.0,0.0,0.0,0.0,0.0,0.0
3155.0,0.0,0.0,0.0,0.0,0.0,0.0
3156.0,0.0,0.0,0.0,0.0,0.0,0.0
3157.0,0.0,0.0,0.0,0.0,0.0,0.0
3158.0,0.0,0.0,0.0,0.0,0.0,0.0
3159.0,0.0,0.0,0.0,0.0,0.0,0.0
3160.0,0.0,0.0,0.0,0.0,0.0,0.0
3161.0,0.0,0.0,0.0,0.0,0.0,0.0
3162.0,0.0,0.0,0.0,0.0,0.0,0.0
3163.0,0.0,0.0,0.0,0.0,0.0,0.0
3164.0,0.0,0.0,0.0,0.0,0.0,0.0
3165.0,0.0,0.0,0.0,0.0,0.0,0.0
3166.0,0.0,0.0,0.0,0.0,0.0,0.0
3167.0,0.0,0.0,0.0,0.0,0.0,0.0
3168.0,0.0,0.0,0.0,0.0,0.0,0.0
3169.0,0.0,0.0,0.0,0.0,0.0,0.0
3170.0,0.0,0.0,0.0,0.0,0.0,0.0
3171.0,0.0,0.0,0.0,0.0,0.0,0.0
3172.0,0.0,0.0,0.0,0.0,0.0,0.0
3173.0,0.0,0.0,0.0,0.0,0.0,0.0
3174.0,0.0,0.0,0.0,0.0,0.0,0.0
3175.0,0.0,0.0,0.0,0.0,0.0,0.0
3176.0,0.0,0.0,0.0,0.0,0.0,0.0
3177.0,0.0,0.0,0.0,0.0,0.0,0.0
3178.0,0.00014745026419404894,0.0,0.0,0.0,0.0,0.012287522016170746
3179.0,3.404113257943209e-08,0.0,0.0,0.0,0.0,2.8367610482860073e-06
3180.0,0.0,0.0,0.0,0.0,0.0,0.0
3181.0,0.0,0.0,0.0,0.0,0.0,0.0
3182.0,0.0,0.0,0.0,0.0,0.0,0.0
3183.0,0.0,0.0,0.0,0.0,0.0,0.0
3184.0,0.0,0.0,0.0,0.0,0.0,0.0
3185.0,0.0,0.0,0.0,0.0,0.0,0.0
3186.0,0.0,0.0,0.0,0.0,0.0,0.0
3187.0,3.2118048693519086e-05,0.0,0.0,0.0,0.0,0.0026765040577932573
3188.0,5.579382923315279e-05,0.0,0.0,0.0,0.0,0.0046494857694294
3189.0,5.4534306400455534e-05,0.0,0.0,0.0,0.0,0.004544525533371295
3190.0,0.0,0.0,0.0,0.0,0.0,0.0
3191.0,0.0,0.0,0.0,0.0,0.0,0.0
3192.0,0.0,0.0,0.0,0.0,0.0,0.0
3193.0,0.0,0.0,0.0,0.0,0.0,0.0
3194.0,0.0,0.0,0.0,0.0,0.0,0.0
3195.0,1.157406018137408e-06,0.0,0.0,0.0,0.0,9.645050151145067e-05
3196.0,0.0,0.0,0.0,0.0,0.0,0.0
3197.0,0.0,0.0,0.0,0.0,0.0,0.0
3198.0,0.0,0.0,0.0,0.0,0.0,0.0
3199.0,0.0,0.0,0.0,0.0,0.0,0.0
3200.0,0.0,0.0,0.0,0.0,0.0,0.0
3201.0,0.0,0.0,0.0,0.0,0.0,0.0
3202.0,0.0,0.0,0.0,0.0,0.0,0.0
3203.0,0.0,0.0,0.0,0.0,0.0,0.0
3204.0,0.0,0.0,0.0,0.0,0.0,0.0
3205.0,0.0,0.0,0.0,0.0,0.0,0.0
3206.0,0.0,0.0,0.0,0.0,0.0,0.0
3207.0,0.0,0.0,0.0,0.0,0.0,0.0
3208.0,0.0,0.0,0.0,0.0,0.0,0.0
3209.0,0.0,0.0,0.0,0.0,0.0,0.0
3210.0,0.0,0.0,0.0,0.0,0.0,0.0
3211.0,0.0,0.0,0.0,0.0,0.0,0.0
3212.0,0.0,0.0,0.0,0.0,0.0,0.0
3213.0,0.0,0.0,0.0,0.0,0.0,0.0
3214.0,0.0,0.0,0.0,0.0,0.0,0.0
3215.0,0.0,0.0,0.0,0.0,0.0,0.0
3216.0,0.0,0.0,0.0,0.0,0.0,0.0
3217.0,0.0,0.0,0.0,0.0,0.0,0.0
3218.0,0.0,0.0,0.0,0.0,0.0,0.0
3219.0,0.0,0.0,0.0,0.0,0.0,0.0
3220.0,0.0,0.0,0.0,0.0,0.0,0.0
3221.0,0.0,0.0,0.0,0.0,0.0,0.0
3222.0,0.0,0.0,0.0,0.0,0.0,0.0
3223.0,0.0,0.0,0.0,0.0,0.0,0.0
3224.0,0.0,0.0,0.0,0.0,0.0,0.0
3225.0,0.0,0.0,0.0,0.0,0.0,0.0
3226.0,0.0,0.0,0.0,0.0,0.0,0.0
3227.0,0.0,0.0,0.0,0.0,0.0,0.0
3228.0,0.0,0.0,0.0,0.0,0.0,0.0
3229.0,0.0,0.0,0.0,0.0,0.0,0.0
3230.0,0.0,0.0,0.0,0.0,0.0,0.0
3231.0,0.0,0.0,0.0,0.0,0.0,0.0
3232.0,0.0,0.0,0.0,0.0,0.0,0.0
3233.0,0.0,0.0,0.0,0.0,0.0,0.0
3234.0,0.0,0.0,0.0,0.0,0.0,0.0
3235.0,0.0,0.0,0.0,0.0,0.0,0.0
3236.0,0.0,0.0,0.0,0.0,0.0,0.0
3237.0,6.702748942188919e-05,0.0,0.0,0.0,0.0,0.005585624118490766
3238.0,8.767360122874379e-05,0.0,0.0,0.0,0.0,0.007306133435728649
3239.0,0.00013994413893669844,0.0,0.0,0.0,0.0,0.011662011578058204
3240.0,4.379425445222296e-05,0.0,0.0,0.0,0.0,0.003649521204351913
3241.0,0.0,0.0,0.0,0.0,0.0,0.0
3242.0,0.00048027298180386424,0.0,0.0,0.0,0.0,0.040022748483655356
3243.0,0.0,0.0,0.0,0.0,0.0,0.0
3244.0,0.0,0.0,0.0,0.0,0.0,0.0
3245.0,4.7657303525738826e-07,0.0,0.0,0.0,0.0,3.971441960478236e-05
3246.0,0.0,0.0,0.0,0.0,0.0,0.0
3247.0,0.0,0.0,0.0,0.0,0.0,0.0
3248.0,0.0,0.0,0.0,0.0,0.0,0.0
3249.0,0.0,0.0,0.0,0.0,0.0,0.0
3250.0,0.0,0.0,0.0,0.0,0.0,0.0
3251.0,0.0,0.0,0.0,0.0,0.0,0.0
3252.0,0.0,0.0,0.0,0.0,0.0,0.0
3253.0,0.04458452761173248,0.02125457488000393,0.0,0.0004064285894855857,0.2621527777777778,3.715377300977707
3254.0,1.5148410739129758e-06,0.0,0.0,0.0,0.0,0.00012623675615941465
3255.0,0.0,0.0,0.0,0.0,0.0,0.0
3256.0,0.0,0.0,0.0,0.0,0.0,0.0
3257.0,0.0,0.0,0.0,0.0,0.0,0.0
3258.0,0.0,0.0,0.0,0.0,0.0,0.0
3259.0,0.0,0.0,0.0,0.0,0.0,0.0
3260.0,0.0,0.0,0.0,0.0,0.0,0.0
3261.0,0.0,0.0,0.0,0.0,0.0,0.0
3262.0,0.0,0.0,0.0,0.0,0.0,0.0
3263.0,0.0,0.0,0.0,0.0,0.0,0.0
3264.0,0.0,0.0,0.0,0.0,0.0,0.0
3265.0,0.0,0.0,0.0,0.0,0.0,0.0
3266.0,0.0,0.0,0.0,0.0,0.0,0.0
3267.0,0.0,0.0,0.0,0.0,0.0,0.0
3268.0,0.0,0.0,0.0,0.0,0.0,0.0
3269.0,0.0,0.0,0.0,0.0,0.0,0.0
3270.0,0.0,0.0,0.0,0.0,0.0,0.0
3271.0,0.0,0.0,0.0,0.0,0.0,0.0
3272.0,0.0,0.0,0.0,0.0,0.0,0.0
3273.0,0.0,0.0,0.0,0.0,0.0,0.0
3274.0,0.0,0.0,0.0,0.0,0.0,0.0
3275.0,0.0,0.0,0.0,0.0,0.0,0.0
3276.0,0.0,0.0,0.0,0.0,0.0,0.0
3277.0,0.0,0.0,0.0,0.0,0.0,0.0
3278.0,1.5148410739129758e-06,0.0,0.0,0.0,0.0,0.00012623675615941465
3279.0,1.5148410739129758e-06,0.0,0.0,0.0,0.0,0.00012623675615941465
3280.0,0.0,0.0,0.0,0.0,0.0,0.0
3281.0,0.0,0.0,0.0,0.0,0.0,0.0
3282.0,0.0,0.0,0.0,0.0,0.0,0.0
3283.0,0.0,0.0,0.0,0.0,0.0,0.0
3284.0,0.0,0.0,0.0,0.0,0.0,0.0
3285.0,0.0,0.0,0.0,0.0,0.0,0.0
3286.0,0.0,0.0,0.0,0.0,0.0,0.0
3287.0,0.0,0.0,0.0,0.0,0.0,0.0
3288.0,0.0,0.0,0.0,0.0,0.0,0.0
3289.0,0.0,0.0,0.0,0.0,0.0,0.0
3290.0,0.0,0.0,0.0,0.0,0.0,0.0
3291.0,0.0,0.0,0.0,0.0,0.0,0.0
3292.0,0.0,0.0,0.0,0.0,0.0,0.0
3293.0,0.0,0.0,0.0,0.0,0.0,0.0
3294.0,0.0,0.0,0.0,0.0,0.0,0.0
3295.0,0.0,0.0,0.0,0.0,0.0,0.0
3296.0,0.0,0.0,0.0,0.0,0.0,0.0
3297.0,0.0,0.0,0.0,0.0,0.0,0.0
3298.0,0.0,0.0,0.0,0.0,0.0,0.0
3299.0,0.0,0.0,0.0,0.0,0.0,0.0
3300.0,0.0,0.0,0.0,0.0,0.0,0.0
3301.0,0.0,0.0,0.0,0.0,0.0,0.0
3302.0,0.0,0.0,0.0,0.0,0.0,0.0
3303.0,1.5148410739129758e-06,0.0,0.0,0.0,0.0,0.00012623675615941465
3304.0,1.5148410739129758e-06,0.0,0.0,0.0,0.0,0.00012623675615941465
3305.0,0.0,0.0,0.0,0.0,0.0,0.0
3306.0,0.0,0.0,0.0,0.0,0.0,0.0
3307.0,0.0,0.0,0.0,0.0,0.0,0.0
3308.0,0.0,0.0,0.0,0.0,0.0,0.0
3309.0,0.0,0.0,0.0,0.0,0.0,0.0
3310.0,0.0,0.0,0.0,0.0,0.0,0.0
3311.0,0.0,0.0,0.0,0.0,0.0,0.0
3312.0,0.0,0.0,0.0,0.0,0.0,0.0
3313.0,0.0,0.0,0.0,0.0,0.0,0.0
3314.0,0.0,0.0,0.0,0.0,0.0,0.0
3315.0,0.0,0.0,0.0,0.0,0.0,0.0
3316.0,0.0,0.0,0.0,0.0,0.0,0.0
3317.0,0.0,0.0,0.0,0.0,0.0,0.0
3318.0,0.0,0.0,0.0,0.0,0.0,0.0
3319.0,0.0,0.0,0.0,0.0,0.0,0.0
3320.0,0.0,0.0,0.0,0.0,0.0,0.0
3321.0,0.0,0.0,0.0,0.0,0.0,0.0
3322.0,0.0,0.0,0.0,0.0,0.0,0.0
3323.0,0.0,0.0,0.0,0.0,0.0,0.0
3324.0,0.0,0.0,0.0,0.0,0.0,0.0
3325.0,0.0,0.0,0.0,0.0,0.0,0.0
3326.0,0.0,0.0,0.0,0.0,0.0,0.0
3327.0,0.0,0.0,0.0,0.0,0.0,0.0
3328.0,1.5148410739129758e-06,0.0,0.0,0.0,0.0,0.00012623675615941465
3329.0,1.5148410739129758e-06,0.0,0.0,0.0,0.0,0.00012623675615941465
3330.0,0.0,0.0,0.0,0.0,0.0,0.0
3331.0,0.0,0.0,0.0,0.0,0.0,0.0
3332.0,0.0,0.0,0.0,0.0,0.0,0.0
3333.0,0.0,0.0,0.0,0.0,0.0,0.0
3334.0,0.0,0.0,0.0,0.0,0.0,0.0
3335.0,0.0,0.0,0.0,0.0,0.0,0.0
3336.0,0.0,0.0,0.0,0.0,0.0,0.0
3337.0,0.0,0.0,0.0,0.0,0.0,0.0
3338.0,0.0,0.0,0.0,0.0,0.0,0.0
3339.0,0.0,0.0,0.0,0.0,0.0,0.0
3340.0,0.00010351985838497058,0.0,0.0,0.0,0.005208333333333333,0.034722222222222224
3341.0,0.0005376326735131443,0.0,0.0,0.0,0.015625,0.10416666666666667
3342.0,0.0009465208277106285,0.0,0.0,0.0,0.024305555555555556,0.16203703703703703
3343.0,0.0011470075696706772,0.0,0.0,0.0,0.022569444444444444,0.15046296296296297
3344.0,0.0002921432023867965,0.0,0.0,0.0,0.003472222222222222,0.024345266865566373
3345.0,0.00017029204173013568,0.0,0.0,0.0,0.003472222222222222,0.023148148148148147
3346.0,0.00040204578544944525,0.0,0.0,0.0,0.005208333333333333,0.034722222222222224
3347.0,0.00016009664977900684,0.0,0.0,0.0,0.001736111111111111,0.013341387481583903
3348.0,0.00041685381438583136,0.0,0.0,0.0,0.005208333333333333,0.034737817865485944
3349.0,0.0001454588636988774,0.0,0.0,0.0,0.001736111111111111,0.01212157197490645
3350.0,0.000184402204467915,0.0,0.0,0.0,0.001736111111111111,0.01536685037232625
3351.0,0.00033525467733852565,0.0,0.0,0.0,0.0,0.02793788977821047
3352.0,0.000108779247966595,0.0,0.0,0.0,0.001736111111111111,0.011574074074074073
3353.0,2.3554688596050255e-05,0.0,0.0,0.0,0.0,0.001962890716337521
3354.0,0.0003065937489736825,0.0,0.0,0.0,0.003472222222222222,0.02554947908114021
3355.0,0.0,0.0,0.0,0.0,0.0,0.0
3356.0,0.0002479234244674444,0.0,0.0,0.0,0.001736111111111111,0.020660285372287035
3357.0,0.00013252312783151865,0.0,0.0,0.0,0.001736111111111111,0.011574074074074073
3358.0,0.0,0.0,0.0,0.0,0.0,0.0
3359.0,0.0,0.0,0.0,0.0,0.0,0.0
3360.0,0.0,0.0,0.0,0.0,0.0,0.0
3361.0,0.0,0.0,0.0,0.0,0.0,0.0
3362.0,7.489097697543912e-06,0.0,0.0,0.0,0.0,0.000624091474795326
3363.0,0.0,0.0,0.0,0.0,0.0,0.0
3364.0,0.0,0.0,0.0,0.0,0.0,0.0
3365.0,0.0,0.0,0.0,0.0,0.0,0.0
3366.0,0.0,0.0,0.0,0.0,0.0,0.0
3367.0,0.0,0.0,0.0,0.0,0.0,0.0
3368.0,7.843135244911537e-05,0.0,0.0,0.0,0.0,0.006535946037426281
3369.0,0.0003112744598183781,0.0,0.0,0.0,0.001736111111111111,0.025939538318198174
3370.0,0.0003146275121252984,0.0,0.0,0.0,0.001736111111111111,0.026218959343774866
3371.0,7.031248969724402e-05,0.0,0.0,0.0,0.0,0.0058593741414370015
3372.0,0.0,0.0,0.0,0.0,0.0,0.0
3373.0,0.0,0.0,0.0,0.0,0.0,0.0
3374.0,0.0,0.0,0.0,0.0,0.0,0.0
3375.0,0.0,0.0,0.0,0.0,0.0,0.0
3376.0,0.0,0.0,0.0,0.0,0.0,0.0
3377.0,0.0,0.0,0.0,0.0,0.0,0.0
3378.0,5.804050033475505e-06,0.0,0.0,0.0,0.0,0.00048367083612295875
3379.0,0.00011255784193053842,0.0,0.0,0.0,0.0,0.009379820160878202
3380.0,0.0003125680086668581,0.0,0.0,0.0,0.001736111111111111,0.026047334055571508
3381.0,5.655976929119788e-05,0.0,0.0,0.0,0.0,0.004713314107599824
3382.0,0.0,0.0,0.0,0.0,0.0,0.0
3383.0,0.0,0.0,0.0,0.0,0.0,0.0
3384.0,0.0,0.0,0.0,0.0,0.0,0.0
3385.0,0.0,0.0,0.0,0.0,0.0,0.0
3386.0,0.0,0.0,0.0,0.0,0.0,0.0
3387.0,7.489110885217087e-06,0.0,0.0,0.0,0.0,0.0006240925737680906
3388.0,0.0,0.0,0.0,0.0,0.0,0.0
3389.0,0.0,0.0,0.0,0.0,0.0,0.0
3390.0,0.0,0.0,0.0,0.0,0.0,0.0
3391.0,0.0,0.0,0.0,0.0,0.0,0.0
3392.0,0.0,0.0,0.0,0.0,0.0,0.0
3393.0,0.0,0.0,0.0,0.0,0.0,0.0
3394.0,0.0,0.0,0.0,0.0,0.0,0.0
3395.0,0.0,0.0,0.0,0.0,0.0,0.0
3396.0,0.0,0.0,0.0,0.0,0.0,0.0
3397.0,0.0,0.0,0.0,0.0,0.0,0.0
3398.0,0.0,0.0,0.0,0.0,0.0,0.0
3399.0,0.0,0.0,0.0,0.0,0.0,0.0
3400.0,0.0,0.0,0.0,0.0,0.0,0.0
3401.0,0.0,0.0,0.0,0.0,0.0,0.0
3402.0,0.0,0.0,0.0,0.0,0.0,0.0
3403.0,2.6382044779893477e-06,0.0,0.0,0.0,0.0,0.00021985037316577896
3404.0,2.6382044779893477e-06,0.0,0.0,0.0,0.0,0.00021985037316577896
3405.0,0.0,0.0,0.0,0.0,0.0,0.0
3406.0,0.0001404888171236962,0.0,0.0,0.0,0.001736111111111111,0.011707401426974684
3407.0,0.00011882145918207243,0.0,0.0,0.0,0.0,0.009901788265172703
3408.0,0.0,0.0,0.0,0.0,0.0,0.0
3409.0,0.00026938650989905,0.0,0.0,0.0,0.005208333333333333,0.034722222222222224
3410.0,8.333331788890064e-05,0.0,0.0,0.0,0.001736111111111111,0.011574074074074073
3411.0,3.404139192753064e-08,0.0,0.0,0.0,0.0,2.8367826606275535e-06
3412.0,7.131662641768344e-06,0.0,0.0,0.0,0.0,0.000594305220147362
3413.0,0.0,0.0,0.0,0.0,0.0,0.0
3414.0,0.0,0.0,0.0,0.0,0.0,0.0
3415.0,0.0,0.0,0.0,0.0,0.0,0.0
3416.0,0.0,0.0,0.0,0.0,0.0,0.0
3417.0,0.0,0.0,0.0,0.0,0.0,0.0
3418.0,0.0,0.0,0.0,0.0,0.0,0.0
3419.0,0.0,0.0,0.0,0.0,0.0,0.0
3420.0,0.0,0.0,0.0,0.0,0.0,0.0
3421.0,0.00015866689500398934,0.0,0.0,0.0,0.0,0.013222241250332445
3422.0,0.0,0.0,0.0,0.0,0.0,0.0
3423.0,0.0,0.0,0.0,0.0,0.0,0.0
3424.0,0.0,0.0,0.0,0.0,0.0,0.0
3425.0,0.00014813110465183854,0.0,0.0,0.0,0.006944444444444444,0.046296296296296294
3426.0,0.00014244619524106383,0.0,0.0,0.0,0.003472222222222222,0.023148148148148147
3427.0,0.00020748225506395102,0.0,0.0,0.0,0.001736111111111111,0.01729018792199592
3428.0,0.0003123978094663471,0.0,0.0,0.0,0.005208333333333333,0.034722222222222224
3429.0,3.761567995752557e-06,0.0,0.0,0.0,0.0,0.00031346399964604643
3430.0,0.0,0.0,0.0,0.0,0.0,0.0
3431.0,0.0,0.0,0.0,0.0,0.0,0.0
3432.0,0.0,0.0,0.0,0.0,0.0,0.0
3433.0,0.0,0.0,0.0,0.0,0.0,0.0
3434.0,0.0,0.0,0.0,0.0,0.0,0.0
3435.0,0.0,0.0,0.0,0.0,0.0,0.0
3436.0,0.0,0.0,0.0,0.0,0.0,0.0
3437.0,0.0,0.0,0.0,0.0,0.0,0.0
3438.0,0.0,0.0,0.0,0.0,0.0,0.0
3439.0,0.0,0.0,0.0,0.0,0.0,0.0
3440.0,0.0,0.0,0.0,0.0,0.0,0.0
3441.0,0.051968105137348175,0.03260405734181404,0.0,0.00041323871118947864,0.2986111111111111,4.330675428112348
3442.0,9.565640368691675e-08,1.7829370335675776e-07,0.0,0.0,0.0,7.97136697390973e-06
3443.0,0.0,0.0,0.0,0.0,0.0,0.0
3444.0,0.0,0.0,0.0,0.0,0.0,0.0
3445.0,0.0,0.0,0.0,0.0,0.0,0.0
3446.0,0.0,0.0,0.0,0.0,0.0,0.0
3447.0,0.0,0.0,0.0,0.0,0.0,0.0
3448.0,0.0,0.0,0.0,0.0,0.0,0.0
3449.0,0.0,0.0,0.0,0.0,0.0,0.0
3450.0,0.0,0.0,0.0,0.0,0.0,0.0
3451.0,0.0,0.0,0.0,0.0,0.0,0.0
3452.0,0.0,0.0,0.0,0.0,0.0,0.0
3453.0,0.0,0.0,0.0,0.0,0.0,0.0
3454.0,0.0,0.0,0.0,0.0,0.0,0.0
3455.0,0.0,0.0,0.0,0.0,0.0,0.0
3456.0,0.0,0.0,0.0,0.0,0.0,0.0
3457.0,0.0,0.0,0.0,0.0,0.0,0.0
3458.0,0.0,0.0,0.0,0.0,0.0,0.0
3459.0,0.0,0.0,0.0,0.0,0.0,0.0
3460.0,0.0,0.0,0.0,0.0,0.0,0.0
3461.0,0.0,0.0,0.0,0.0,0.0,0.0
3462.0,0.0,0.0,0.0,0.0,0.0,0.0
3463.0,0.0,0.0,0.0,0.0,0.0,0.0
3464.0,0.0,0.0,0.0,0.0,0.0,0.0
3465.0,0.0,0.0,0.0,0.0,0.0,0.0
3466.0,9.565640368691675e-08,1.7829370335675776e-07,0.0,0.0,0.0,7.97136697390973e-06
3467.0,9.565640368691675e-08,1.7829370335675776e-07,0.0,0.0,0.0,7.97136697390973e-06
3468.0,0.0,0.0,0.0,0.0,0.0,0.0
3469.0,0.0,0.0,0.0,0.0,0.0,0.0
3470.0,0.0,0.0,0.0,0.0,0.0,0.0
3471.0,0.0,0.0,0.0,0.0,0.0,0.0
3472.0,0.0,0.0,0.0,0.0,0.0,0.0
3473.0,0.0,0.0,0.0,0.0,0.0,0.0
3474.0,0.0,0.0,0.0,0.0,0.0,0.0
3475.0,0.0,0.0,0.0,0.0,0.0,0.0
3476.0,0.0,0.0,0.0,0.0,0.0,0.0
3477.0,0.0,0.0,0.0,0.0,0.0,0.0
3478.0,0.0,0.0,0.0,0.0,0.0,0.0
3479.0,0.0,0.0,0.0,0.0,0.0,0.0
3480.0,0.0,0.0,0.0,0.0,0.0,0.0
3481.0,0.0,0.0,0.0,0.0,0.0,0.0
3482.0,0.0,0.0,0.0,0.0,0.0,0.0
3483.0,0.0,0.0,0.0,0.0,0.0,0.0
3484.0,0.0,0.0,0.0,0.0,0.0,0.0
3485.0,0.0,0.0,0.0,0.0,0.0,0.0
3486.0,0.0,0.0,0.0,0.0,0.0,0.0
3487.0,0.0,0.0,0.0,0.0,0.0,0.0
3488.0,0.0,0.0,0.0,0.0,0.0,0.0
3489.0,0.0,0.0,0.0,0.0,0.0,0.0
3490.0,0.0,0.0,0.0,0.0,0.0,0.0
3491.0,9.565640368691675e-08,1.7829370335675776e-07,0.0,0.0,0.0,7.97136697390973e-06
3492.0,9.565640368691675e-08,1.7829370335675776e-07,0.0,0.0,0.0,7.97136697390973e-06
3493.0,0.0,0.0,0.0,0.0,0.0,0.0
3494.0,0.0,0.0,0.0,0.0,0.0,0.0
3495.0,0.0,0.0,0.0,0.0,0.0,0.0
3496.0,0.0,0.0,0.0,0.0,0.0,0.0
3497.0,0.0,0.0,0.0,0.0,0.0,0.0
3498.0,0.0,0.0,0.0,0.0,0.0,0.0
3499.0,0.0,0.0,0.0,0.0,0.0,0.0
3500.0,0.0,0.0,0.0,0.0,0.0,0.0
3501.0,0.0,0.0,0.0,0.0,0.0,0.0
3502.0,0.0,0.0,0.0,0.0,0.0,0.0
3503.0,0.0,0.0,0.0,0.0,0.0,0.0
3504.0,0.0,0.0,0.0,0.0,0.0,0.0
3505.0,0.0,0.0,0.0,0.0,0.0,0.0
3506.0,0.0,0.0,0.0,0.0,0.0,0.0
3507.0,0.00016976440383587033,0.0,0.0,0.0,0.0,0.014147033652989194
3508.0,7.06529026501812e-05,0.0,0.0,0.0,0.0,0.005887741887515101
3509.0,0.0,0.0,0.0,0.0,0.0,0.0
3510.0,0.0,0.0,0.0,0.0,0.0,0.0
3511.0,0.0,0.0,0.0,0.0,0.0,0.0
3512.0,0.0,0.0,0.0,0.0,0.0,0.0
3513.0,0.0,0.0,0.0,0.0,0.0,0.0
3514.0,0.0,0.0,0.0,0.0,0.0,0.0
3515.0,0.0,0.0,0.0,0.0,0.0,0.0
3516.0,9.565640368691675e-08,1.7829370335675776e-07,0.0,0.0,0.0,7.97136697390973e-06
3517.0,9.565640368691675e-08,1.7829370335675776e-07,0.0,0.0,0.0,7.97136697390973e-06
3518.0,0.0,0.0,0.0,0.0,0.0,0.0
3519.0,0.0,0.0,0.0,0.0,0.0,0.0
3520.0,0.0,0.0,0.0,0.0,0.0,0.0
3521.0,0.0,0.0,0.0,0.0,0.0,0.0
3522.0,0.0,0.0,0.0,0.0,0.0,0.0
3523.0,0.0,0.0,0.0,0.0,0.0,0.0
3524.0,0.0,0.0,0.0,0.0,0.0,0.0
3525.0,0.0,0.0,0.0,0.0,0.0,0.0
3526.0,0.0,0.0,0.0,0.0,0.0,0.0
3527.0,0.0,0.0,0.0,0.0,0.0,0.0
3528.0,0.0,0.0,0.0,0.0,0.0,0.0
3529.0,0.0,0.0,0.0,0.0,0.0,0.0
3530.0,0.0,0.0,0.0,0.0,0.0,0.0
3531.0,0.0,0.0,0.0,0.0,0.0,0.0
3532.0,0.0,0.0,0.0,0.0,0.0,0.0
3533.0,0.0,0.0,0.0,0.0,0.0,0.0
3534.0,0.0,0.0,0.0,0.0,0.0,0.0
3535.0,0.000238868422457017,0.0,0.0,0.0,0.0,0.019905701871418085
3536.0,0.0,0.0,0.0,0.0,0.0,0.0
3537.0,0.0,0.0,0.0,0.0,0.0,0.0
3538.0,0.0,0.0,0.0,0.0,0.0,0.0
3539.0,0.0,0.0,0.0,0.0,0.0,0.0
3540.0,0.0,0.0,0.0,0.0,0.0,0.0
3541.0,1.1339150205458282e-06,1.7829370335675776e-07,0.0,0.0,0.0,9.449291837881901e-05
3542.0,9.565640368691675e-08,1.7829370335675776e-07,0.0,0.0,0.0,7.97136697390973e-06
3543.0,0.0,0.0,0.0,0.0,0.0,0.0
3544.0,0.0,0.0,0.0,0.0,0.0,0.0
3545.0,0.0,0.0,0.0,0.0,0.0,0.0
3546.0,0.0,0.0,0.0,0.0,0.0,0.0
3547.0,0.0,0.0,0.0,0.0,0.0,0.0
3548.0,0.0,0.0,0.0,0.0,0.0,0.0
3549.0,0.0,0.0,0.0,0.0,0.0,0.0
3550.0,0.0,0.0,0.0,0.0,0.0,0.0
3551.0,0.0,0.0,0.0,0.0,0.0,0.0
3552.0,0.0,0.0,0.0,0.0,0.0,0.0
3553.0,0.0,0.0,0.0,0.0,0.0,0.0
3554.0,0.0,0.0,0.0,0.0,0.0,0.0
3555.0,0.0,0.0,0.0,0.0,0.0,0.0
3556.0,0.0,0.0,0.0,0.0,0.0,0.0
3557.0,0.0,0.0,0.0,0.0,0.0,0.0
3558.0,0.0,0.0,0.0,0.0,0.0,0.0
3559.0,0.00021059704886283726,0.0,0.0,0.0,0.006944444444444444,0.046296296296296294
3560.0,0.00013647192099597305,0.0,0.0,0.0,0.003472222222222222,0.023148148148148147
3561.0,0.0001685559400357306,0.0,0.0,0.0,0.003472222222222222,0.023148148148148147
3562.0,0.00013459964247886091,0.0,0.0,0.0,0.0,0.011216636873238409
3563.0,0.00018281926168128848,0.0,0.0,0.0,0.003472222222222222,0.023148148148148147
3564.0,0.00020668227807618678,0.0,0.0,0.0,0.001736111111111111,0.017223523173015565
3565.0,0.0,0.0,0.0,0.0,0.0,0.0
3566.0,6.528207450173795e-05,1.7829370335675776e-07,0.0,0.0,0.003472222222222222,0.023148148148148147
3567.0,0.00013108691200613976,1.7829370335675776e-07,0.0,0.0,0.003472222222222222,0.023148148148148147
3568.0,0.0,0.0,0.0,0.0,0.0,0.0
3569.0,0.0,0.0,0.0,0.0,0.0,0.0
3570.0,0.0002402641111984849,0.0,0.0,0.0,0.006944444444444444,0.046296296296296294
3571.0,0.00011133235966553912,0.0,0.0,0.0,0.0,0.009277696638794927
3572.0,0.0,0.0,0.0,0.0,0.0,0.0
3573.0,0.00011208125943085179,0.0,0.0,0.0,0.003472222222222222,0.023148148148148147
3574.0,0.0007394811254926026,0.0,0.0,0.0,0.020833333333333332,0.1388888888888889
3575.0,0.0006118939490988851,0.0,0.0,0.0,0.015625,0.10416666666666667
3576.0,0.000284620065940544,0.0,0.0,0.0,0.003472222222222222,0.023718338828378666
3577.0,0.0,0.0,0.0,0.0,0.0,0.0
3578.0,0.0,0.0,0.0,0.0,0.0,0.0
3579.0,0.0,0.0,0.0,0.0,0.0,0.0
3580.0,0.0,0.0,0.0,0.0,0.0,0.0
3581.0,0.0,0.0,0.0,0.0,0.0,0.0
3582.0,0.0,0.0,0.0,0.0,0.0,0.0
3583.0,7.080601335474057e-06,0.0,0.0,0.0,0.0,0.0005900501112895048
3584.0,0.0,0.0,0.0,0.0,0.0,0.0
3585.0,0.0,0.0,0.0,0.0,0.0,0.0
3586.0,0.00020196754485368729,0.0,0.0,0.0,0.0,0.016830628737807274
3587.0,0.00011490670294733718,0.0,0.0,0.0,0.0,0.009575558578944765
3588.0,0.0,0.0,0.0,0.0,0.0,0.0
3589.0,0.0002556167892180383,0.0,0.0,0.0,0.003472222222222222,0.023148148148148147
3590.0,1.7020436615666767e-08,0.0,0.0,0.0,0.0,1.4183697179722306e-06
3591.0,8.027298463275656e-06,1.7829370335675776e-07,0.0,0.0,0.0,0.0006689415386063047
3592.0,2.7573616279141788e-08,1.7829370335675776e-07,0.0,0.0,0.0,4.457342583918944e-06
3593.0,0.0,0.0,0.0,0.0,0.0,0.0
3594.0,0.0,0.0,0.0,0.0,0.0,0.0
3595.0,0.0,0.0,0.0,0.0,0.0,0.0
3596.0,0.0,0.0,0.0,0.0,0.0,0.0
3597.0,0.0,0.0,0.0,0.0,0.0,0.0
3598.0,0.0,0.0,0.0,0.0,0.0,0.0
3599.0,0.0,0.0,0.0,0.0,0.0,0.0
3600.0,0.00030894263181835413,0.0,0.0,0.0,0.012152777777777778,0.08101851851851852
3601.0,4.758986324304715e-05,0.0,0.0,0.0,0.0,0.003965821936920595
3602.0,0.0,0.0,0.0,0.0,0.0,0.0
3603.0,0.0,0.0,0.0,0.0,0.0,0.0
3604.0,0.0,0.0,0.0,0.0,0.0,0.0
3605.0,0.0,0.0,0.0,0.0,0.0,0.0
3606.0,0.0,0.0,0.0,0.0,0.0,0.0
3607.0,0.0,0.0,0.0,0.0,0.0,0.0
3608.0,3.233938514313195e-06,0.0,0.0,0.0,0.0,0.00026949487619276624
3609.0,0.0,0.0,0.0,0.0,0.0,0.0
3610.0,0.0,0.0,0.0,0.0,0.0,0.0
3611.0,0.0,0.0,0.0,0.0,0.0,0.0
3612.0,0.0,0.0,0.0,0.0,0.0,0.0
3613.0,0.0,0.0,0.0,0.0,0.0,0.0
3614.0,7.935047324281186e-05,0.0,0.0,0.0,0.001736111111111111,0.011574074074074073
3615.0,7.322301826206967e-05,0.0,0.0,0.0,0.0,0.006101918188505806
3616.0,0.00010135176125913858,1.7829370335675776e-07,0.0,0.0,0.001736111111111111,0.011574074074074073
3617.0,0.00027436710661277175,1.7829370335675776e-07,0.0,0.0,0.006944444444444444,0.046296296296296294
3618.0,0.00016556029731873423,0.0,0.0,0.0,0.003472222222222222,0.023148148148148147
3619.0,0.0,0.0,0.0,0.0,0.0,0.0
3620.0,0.0,0.0,0.0,0.0,0.0,0.0
3621.0,0.0,0.0,0.0,0.0,0.0,0.0
3622.0,0.0,0.0,0.0,0.0,0.0,0.0
3623.0,0.0,0.0,0.0,0.0,0.0,0.0
3624.0,0.0,0.0,0.0,0.0,0.0,0.0
3625.0,4.544530384009704e-06,0.0,0.0,0.0,0.0,0.000378710865334142
3626.0,0.0,0.0,0.0,0.0,0.0,0.0
3627.0,0.0,0.0,0.0,0.0,0.0,0.0
3628.0,1.8212142094853334e-05,0.0,0.0,0.0,0.001736111111111111,0.011574074074074073
3629.0,0.0,0.0,0.0,0.0,0.0,0.0
3630.0,0.0,0.0,0.0,0.0,0.0,0.0
3631.0,0.0,0.0,0.0,0.0,0.0,0.0
3632.0,0.0,0.0,0.0,0.0,0.0,0.0
3633.0,0.00010973241296596825,0.0,0.0,0.0,0.001736111111111111,0.011574074074074073
3634.0,0.00031023620977066457,0.0,0.0,0.0,0.003472222222222222,0.025853017480888713
3635.0,0.0002111757785314694,0.0,0.0,0.0,0.0,0.017597981544289116
3636.0,0.00010302625742042437,0.0,0.0,0.0,0.0,0.00858552145170203
3637.0,0.0001121663735830225,0.0,0.0,0.0,0.0,0.009347197798585208
3638.0,0.0,0.0,0.0,0.0,0.0,0.0
3639.0,0.0,0.0,0.0,0.0,0.0,0.0
3640.0,0.0,0.0,0.0,0.0,0.0,0.0
3641.0,1.0996217497449834e-05,1.7829370335675776e-07,0.0,0.0,0.0,0.0009163514581208194
3642.0,2.7573616279141788e-08,1.7829370335675776e-07,0.0,0.0,0.0,4.457342583918944e-06
3643.0,0.0,0.0,0.0,0.0,0.0,0.0
3644.0,0.0,0.0,0.0,0.0,0.0,0.0
3645.0,0.0,0.0,0.0,0.0,0.0,0.0
3646.0,0.0,0.0,0.0,0.0,0.0,0.0
3647.0,0.0,0.0,0.0,0.0,0.0,0.0
3648.0,0.0,0.0,0.0,0.0,0.0,0.0
3649.0,0.0,0.0,0.0,0.0,0.0,0.0
3650.0,0.0,0.0,0.0,0.0,0.0,0.0
3651.0,0.0,0.0,0.0,0.0,0.0,0.0
3652.0,0.0,0.0,0.0,0.0,0.0,0.0
3653.0,0.00016559431969653815,0.0,0.0,0.0,0.001736111111111111,0.01379952664137818
3654.0,0.0002170989610021934,0.0,0.0,0.0,0.001736111111111111,0.018091580083516117
3655.0,0.00022867301595397294,0.0,0.0,0.0,0.001736111111111111,0.01905608466283108
3656.0,6.362335261655971e-05,0.0,0.0,0.0,0.0,0.005301946051379976
3657.0,0.00019115942995995283,0.0,0.0,0.0,0.003472222222222222,0.023148148148148147
3658.0,9.83797599474201e-06,0.0,0.0,0.0,0.0,0.0008198313328951675
3659.0,0.0,0.0,0.0,0.0,0.0,0.0
3660.0,0.0,0.0,0.0,0.0,0.0,0.0
3661.0,0.0,0.0,0.0,0.0,0.0,0.0
3662.0,0.0,0.0,0.0,0.0,0.0,0.0
3663.0,0.0,0.0,0.0,0.0,0.0,0.0
3664.0,0.0,0.0,0.0,0.0,0.0,0.0
3665.0,0.0,0.0,0.0,0.0,0.0,0.0
3666.0,2.7573616279141788e-08,1.7829370335675776e-07,0.0,0.0,0.0,4.457342583918944e-06
3667.0,2.7573616279141788e-08,1.7829370335675776e-07,0.0,0.0,0.0,4.457342583918944e-06
3668.0,0.0,0.0,0.0,0.0,0.0,0.0
3669.0,0.0,0.0,0.0,0.0,0.0,0.0
3670.0,0.0,0.0,0.0,0.0,0.0,0.0
3671.0,0.0,0.0,0.0,0.0,0.0,0.0
3672.0,0.0,0.0,0.0,0.0,0.0,0.0
3673.0,0.0,0.0,0.0,0.0,0.0,0.0
3674.0,0.0,0.0,0.0,0.0,0.0,0.0
3675.0,0.0,0.0,0.0,0.0,0.0,0.0
3676.0,0.0,0.0,0.0,0.0,0.0,0.0
3677.0,0.0,0.0,0.0,0.0,0.0,0.0
3678.0,0.0,0.0,0.0,0.0,0.0,0.0
3679.0,0.0,0.0,0.0,0.0,0.0,0.0
3680.0,0.0,0.0,0.0,0.0,0.0,0.0
3681.0,0.0,0.0,0.0,0.0,0.0,0.0
3682.0,0.0,0.0,0.0,0.0,0.0,0.0
3683.0,0.0,0.0,0.0,0.0,0.0,0.0
3684.0,0.0,0.0,0.0,0.0,0.0,0.0
3685.0,0.0,0.0,0.0,0.0,0.0,0.0
3686.0,0.0,0.0,0.0,0.0,0.0,0.0
3687.0,0.0,0.0,0.0,0.0,0.0,0.0
3688.0,0.0,0.0,0.0,0.0,0.0,0.0
3689.0,0.00015184161020442843,0.00098182272631675,0.0,0.0,0.003472222222222222,0.02454556815791875
3690.0,0.00016360290464945138,0.0010525896213948727,0.0,0.0,0.003472222222222222,0.026314740534871817
3691.0,3.874253707181197e-06,1.9768534912145697e-05,0.0,0.0,0.0,0.0004942133728036424
3692.0,0.006976503878831863,0.0020290876273065805,0.0,0.0,0.1284722222222222,0.8564814814814814
3693.0,0.0003158359613735229,0.002037273719906807,0.0,0.0,0.006944444444444444,0.050931842997670174
3694.0,0.00025177010684274137,0.001627970254048705,0.0,0.0,0.006944444444444444,0.046296296296296294
3695.0,0.00024242573999799788,0.0015675484901294112,0.0,0.0,0.005208333333333333,0.03918871225323528
3696.0,0.00017131328058894724,0.0011077284580096602,0.0,0.0,0.0,0.027693211450241506
3697.0,0.000297340884571895,0.0,0.0,0.0,0.006944444444444444,0.046296296296296294
3698.0,0.00033917135442607105,0.0,0.0,0.0,0.006944444444444444,0.046296296296296294
3699.0,0.0002506978053133935,0.0,0.0,0.0,0.006944444444444444,0.046296296296296294
3700.0,0.0003551027039065957,5.601927114184946e-05,0.0,0.0,0.005208333333333333,0.034722222222222224
3701.0,0.00022651137260254472,0.0,0.0,0.0,0.003472222222222222,0.023148148148148147
3702.0,0.00024737874628044665,0.0,0.0,0.0,0.003472222222222222,0.023148148148148147
3703.0,0.0003217591729480773,0.0,0.0,0.0,0.008680555555555556,0.05787037037037038
3704.0,0.00022736242681276053,0.0,0.0,0.0,0.003472222222222222,0.023148148148148147
3705.0,0.0,0.0,0.0,0.0,0.0,0.0
3706.0,0.0,0.0,0.0,0.0,0.0,0.0
3707.0,0.0004881875356659293,0.0,0.0,0.0,0.012152777777777778,0.08101851851851852
3708.0,0.000816631130874157,0.0,0.0,0.0,0.013888888888888888,0.09259259259259259
3709.0,2.9190490749897435e-05,0.0,0.0,0.0,0.0,0.0024325408958247863
3710.0,9.902639430947602e-05,0.0,0.0,0.0,0.003472222222222222,0.023148148148148147
3711.0,8.8967164629139e-05,0.0,0.0,0.0,0.0,0.007413930385761583
3712.0,0.00015803714632056653,0.0,0.0,0.0,0.001736111111111111,0.013169762193380544
3713.0,0.0,0.0,0.0,0.0,0.0,0.0
3714.0,0.0,0.0,0.0,0.0,0.0,0.0
3715.0,0.0,0.0,0.0,0.0,0.0,0.0
3716.0,0.00017894624033942819,1.7829370335675776e-07,0.0,0.0,0.003472222222222222,0.023148148148148147
3717.0,0.0001321422023465857,1.7829370335675776e-07,0.0,0.0,0.0,0.011011850195548808
3718.0,0.0,0.0,0.0,0.0,0.0,0.0
3719.0,0.00018247886328026652,0.0,0.0,0.0,0.005208333333333333,0.034722222222222224
3720.0,6.74359907861799e-05,0.0,0.0,0.0,0.001736111111111111,0.011574074074074073
3721.0,1.1574070413189474e-05,0.0,0.0,0.0,0.0,0.0009645058677657895
3722.0,0.00019698050164151937,0.0,0.0,0.0,0.003472222222222222,0.023148148148148147
3723.0,0.00022150730364955962,0.0,0.0,0.0,0.003472222222222222,0.023148148148148147
3724.0,0.00018498089048080146,0.0,0.0,0.0,0.001736111111111111,0.015415074206733454
3725.0,1.3965307516627945e-05,0.0,0.0,0.0,0.0,0.001163775626385662
3726.0,0.0,0.0,0.0,0.0,0.0,0.0
3727.0,0.00018314264889340848,0.0,0.0,0.0,0.003472222222222222,0.023148148148148147
3728.0,0.00016033493739087135,0.0,0.0,0.0,0.001736111111111111,0.013361244782572612
3729.0,0.00025737821124494076,0.0,0.0,0.0,0.0,0.02144818427041173
3730.0,0.0002527573087718338,0.0,0.0,0.0,0.0,0.02106310906431948
3731.0,0.0,0.0,0.0,0.0,0.0,0.0
3732.0,0.0,0.0,0.0,0.0,0.0,0.0
3733.0,8.893139238352887e-06,0.0,0.0,0.0,0.0,0.0007410949365294073
3734.0,0.0,0.0,0.0,0.0,0.0,0.0
3735.0,0.0,0.0,0.0,0.0,0.0,0.0
3736.0,0.0,0.0,0.0,0.0,0.0,0.0
3737.0,0.0,0.0,0.0,0.0,0.0,0.0
3738.0,0.0,0.0,0.0,0.0,0.0,0.0
3739.0,0.0,0.0,0.0,0.0,0.0,0.0
3740.0,0.0,0.0,0.0,0.0,0.0,0.0
3741.0,5.381943992688321e-07,1.7829370335675776e-07,0.0,0.0,0.0,4.4849533272402674e-05
3742.0,5.381943992688321e-07,1.7829370335675776e-07,0.0,0.0,0.0,4.4849533272402674e-05
3743.0,0.0,0.0,0.0,0.0,0.0,0.0
3744.0,0.0,0.0,0.0,0.0,0.0,0.0
3745.0,0.0,0.0,0.0,0.0,0.0,0.0
3746.0,0.0,0.0,0.0,0.0,0.0,0.0
3747.0,0.0003695362829603255,0.0,0.0,0.0,0.008680555555555556,0.05787037037037038
3748.0,0.00015733929467387497,0.0,0.0,0.0,0.001736111111111111,0.013111607889489582
3749.0,9.114581916946918e-05,0.0,0.0,0.0,0.003472222222222222,0.023148148148148147
3750.0,0.00015274371253326535,0.0,0.0,0.0,0.001736111111111111,0.012728642711105445
3751.0,0.00012920409790240228,0.0,0.0,0.0,0.003472222222222222,0.023148148148148147
3752.0,0.0,0.0,0.0,0.0,0.0,0.0
3753.0,0.0,0.0,0.0,0.0,0.0,0.0
3754.0,0.0,0.0,0.0,0.0,0.0,0.0
3755.0,0.0,0.0,0.0,0.0,0.0,0.0
3756.0,0.00017030906747095287,0.0,0.0,0.0,0.0,0.014192422289246071
3757.0,2.1718406060244888e-05,0.0,0.0,0.0,0.0,0.001809867171687074
3758.0,4.0849622564564925e-06,0.0,0.0,0.0,0.0,0.00034041352137137437
3759.0,0.0,0.0,0.0,0.0,0.0,0.0
3760.0,0.00013303373998496681,0.0,0.0,0.0,0.0,0.011086144998747235
3761.0,0.0,0.0,0.0,0.0,0.0,0.0
3762.0,0.0,0.0,0.0,0.0,0.0,0.0
3763.0,0.0,0.0,0.0,0.0,0.0,0.0
3764.0,0.0001327954523731023,0.0,0.0,0.0,0.0,0.011066287697758526
3765.0,0.00013598667283076793,0.0,0.0,0.0,0.0,0.011332222735897327
3766.0,5.703802798961988e-06,1.7829370335675776e-07,0.0,0.0,0.0,0.00047531689991349896
3767.0,0.00017896611825563014,1.7829370335675776e-07,0.0,0.0,0.003472222222222222,0.023148148148148147
3768.0,1.3616609351174702e-07,0.0,0.0,0.0,0.0,1.1347174459312251e-05
3769.0,0.00020821415819227695,0.0,0.0,0.0,0.008680555555555556,0.05787037037037038
3770.0,0.00018915094551630318,0.0,0.0,0.0,0.003472222222222222,0.023148148148148147
3771.0,4.15134709328413e-05,0.0,0.0,0.0,0.0,0.0034594559110701084
3772.0,0.0,0.0,0.0,0.0,0.0,0.0
3773.0,0.0001467694528400898,0.0,0.0,0.0,0.003472222222222222,0.023148148148148147
3774.0,0.0,0.0,0.0,0.0,0.0,0.0
3775.0,7.3699602580745704e-06,0.0,0.0,0.0,0.0,0.0006141633548395475
3776.0,0.0,0.0,0.0,0.0,0.0,0.0
3777.0,0.0,0.0,0.0,0.0,0.0,0.0
3778.0,0.0,0.0,0.0,0.0,0.0,0.0
3779.0,0.0,0.0,0.0,0.0,0.0,0.0
3780.0,0.0,0.0,0.0,0.0,0.0,0.0
3781.0,0.0,0.0,0.0,0.0,0.0,0.0
3782.0,0.008770167827606201,0.006335788406431675,0.0,0.0,0.1440972222222222,0.9606481481481481
3783.0,4.161387096246472e-06,0.0,0.0,0.0,0.0,0.0003467822580205393
3784.0,0.0,0.0,0.0,0.0,0.0,0.0
3785.0,0.0,0.0,0.0,0.0,0.0,0.0
3786.0,0.0,0.0,0.0,0.0,0.0,0.0
3787.0,0.04378794878721237,0.024365277960896492,3.979195389547385e-05,0.00024350834428332746,0.3350694444444444,3.6489957322676974
3788.0,2.383480932621751e-05,3.5873905289918184e-05,3.979195389547385e-05,0.0,0.0,0.001986234110518126
3789.0,0.0,0.0,0.0,0.0,0.0,0.0
3790.0,0.0,0.0,0.0,0.0,0.0,0.0
3791.0,0.0,0.0,0.0,0.0,0.0,0.0
3792.0,0.0,0.0,0.0,0.0,0.0,0.0
3793.0,0.0,0.0,0.0,0.0,0.0,0.0
3794.0,0.0,0.0,0.0,0.0,0.0,0.0
3795.0,0.0,0.0,0.0,0.0,0.0,0.0
3796.0,0.0,0.0,0.0,0.0,0.0,0.0
3797.0,0.0,0.0,0.0,0.0,0.0,0.0
3798.0,0.0,0.0,0.0,0.0,0.0,0.0
3799.0,0.0,0.0,0.0,0.0,0.0,0.0
3800.0,0.0,0.0,0.0,0.0,0.0,0.0
3801.0,0.0,0.0,0.0,0.0,0.0,0.0
3802.0,0.0,0.0,0.0,0.0,0.0,0.0
3803.0,0.0,0.0,0.0,0.0,0.0,0.0
3804.0,1.8722636241363944e-07,0.0,0.0,0.0,0.0,1.5602196867803286e-05
3805.0,1.8722636241363944e-07,0.0,0.0,0.0,0.0,1.5602196867803286e-05
3806.0,0.0,0.0,0.0,0.0,0.0,0.0
3807.0,0.0,0.0,0.0,0.0,0.0,0.0
3808.0,0.0,0.0,0.0,0.0,0.0,0.0
3809.0,0.0,0.0,0.0,0.0,0.0,0.0
3810.0,0.0,0.0,0.0,0.0,0.0,0.0
3811.0,0.0,0.0,0.0,0.0,0.0,0.0
3812.0,2.383480932621751e-05,3.5873905289918184e-05,3.979195389547385e-05,0.0,0.0,0.001986234110518126
3813.0,2.383480932621751e-05,3.5873905289918184e-05,3.979195389547385e-05,0.0,0.0,0.001986234110518126
3814.0,0.0,0.0,0.0,0.0,0.0,0.0
3815.0,0.0,0.0,0.0,0.0,0.0,0.0
3816.0,0.0,0.0,0.0,0.0,0.0,0.0
3817.0,0.0001427185197826475,0.0,0.0,0.0,0.001736111111111111,0.01189320998188729
3818.0,3.40412640298382e-08,0.0,0.0,0.0,0.0,2.836772002486517e-06
3819.0,0.0,0.0,0.0,0.0,0.0,0.0
3820.0,0.0,0.0,0.0,0.0,0.0,0.0
3821.0,1.378674824081827e-06,0.0,0.0,0.0,0.0,0.00011488956867348557
3822.0,0.0001287615450564772,0.0,0.0,0.0,0.006944444444444444,0.046296296296296294
3823.0,0.0001945465337485075,0.0,0.0,0.0,0.0,0.01621221114570896
3824.0,0.0,0.0,0.0,0.0,0.0,0.0
3825.0,0.00010282201401423663,0.0,0.0,0.0,0.003472222222222222,0.023148148148148147
3826.0,0.0,0.0,0.0,0.0,0.0,0.0
3827.0,0.0,0.0,0.0,0.0,0.0,0.0
3828.0,1.012731263472233e-05,0.0,0.0,0.0,0.0,0.0008439427195601942
3829.0,0.000323682528687641,0.0,0.0,0.0,0.006944444444444444,0.046296296296296294
3830.0,0.00017716840375214815,0.0,0.0,0.0,0.0,0.014764033646012345
3831.0,0.00016305825556628406,0.0,0.0,0.0,0.0,0.013588187963857004
3832.0,4.370914393803105e-05,0.0,0.0,0.0,0.0,0.003642428661502587
3833.0,0.0001662921713432297,0.0,0.0,0.0,0.001736111111111111,0.013857680945269143
3834.0,7.276346150320023e-05,0.0,0.0,0.0,0.0,0.006063621791933353
3835.0,0.0,0.0,0.0,0.0,0.0,0.0
3836.0,0.0,0.0,0.0,0.0,0.0,0.0
3837.0,4.235332380631007e-05,3.5873905289918184e-05,3.979195389547385e-05,0.0,0.0,0.003529443650525839
3838.0,2.655812022567261e-05,3.5873905289918184e-05,3.979195389547385e-05,0.0,0.0,0.0022131766854727175
3839.0,0.0,0.0,0.0,0.0,0.0,0.0
3840.0,0.0,0.0,0.0,0.0,0.0,0.0
3841.0,0.0,0.0,0.0,0.0,0.0,0.0
3842.0,0.0,0.0,0.0,0.0,0.0,0.0
3843.0,0.0,0.0,0.0,0.0,0.0,0.0
3844.0,0.0,0.0,0.0,0.0,0.0,0.0
3845.0,0.0,0.0,0.0,0.0,0.0,0.0
3846.0,0.0,0.0,0.0,0.0,0.0,0.0
3847.0,0.0,0.0,0.0,0.0,0.0,0.0
3848.0,0.00011696622095769271,0.0,0.0,0.0,0.0,0.009747185079807727
3849.0,0.00011422587704146281,0.0,0.0,0.0,0.0,0.009518823086788567
3850.0,2.5173607355100103e-05,0.0,0.0,0.0,0.0,0.0020978006129250084
3851.0,0.0,0.0,0.0,0.0,0.0,0.0
3852.0,0.0,0.0,0.0,0.0,0.0,0.0
3853.0,8.843952673487365e-05,0.0,0.0,0.0,0.001736111111111111,0.011574074074074073
3854.0,7.897604518802837e-06,0.0,0.0,0.0,0.0,0.0006581337099002363
3855.0,1.8722636241363944e-07,0.0,0.0,0.0,0.0,1.5602196867803286e-05
3856.0,0.0,0.0,0.0,0.0,0.0,0.0
3857.0,0.0,0.0,0.0,0.0,0.0,0.0
3858.0,0.0,0.0,0.0,0.0,0.0,0.0
3859.0,0.0,0.0,0.0,0.0,0.0,0.0
3860.0,0.0,0.0,0.0,0.0,0.0,0.0
3861.0,7.45336219551973e-05,0.0,0.0,0.0,0.0,0.006211135162933108
3862.0,5.826767301186919e-05,3.5873905289918184e-05,3.979195389547385e-05,0.0,0.0,0.004855639417655766
3863.0,2.8515496524050832e-05,3.5873905289918184e-05,3.979195389547385e-05,0.0,0.0,0.002376291377004236
3864.0,0.0,0.0,0.0,0.0,0.0,0.0
3865.0,0.0,0.0,0.0,0.0,0.0,0.0
3866.0,0.0,0.0,0.0,0.0,0.0,0.0
3867.0,0.0,0.0,0.0,0.0,0.0,0.0
3868.0,0.0,0.0,0.0,0.0,0.0,0.0
3869.0,0.0,0.0,0.0,0.0,0.0,0.0
3870.0,0.0,0.0,0.0,0.0,0.0,0.0
3871.0,0.0,0.0,0.0,0.0,0.0,0.0
3872.0,0.0,0.0,0.0,0.0,0.0,0.0
3873.0,0.0,0.0,0.0,0.0,0.0,0.0
3874.0,0.0,0.0,0.0,0.0,0.0,0.0
3875.0,0.00013286354078445584,0.0,0.0,0.0,0.003472222222222222,0.023148148148148147
3876.0,0.0007243496947921813,0.0,0.0,0.0,0.019097222222222224,0.12731481481481483
3877.0,0.0009000032441690564,0.0,0.0,0.0,0.010416666666666666,0.07500027034742136
3878.0,0.001038823975250125,0.0,0.0,0.0,0.024305555555555556,0.16203703703703703
3879.0,0.0006861892761662602,0.0,0.0,0.0,0.013888888888888888,0.09259259259259259
3880.0,0.00014169729547575116,0.0,0.0,0.0,0.0,0.011808107956312597
3881.0,0.000145595011417754,0.0,0.0,0.0,0.0,0.012132917618146166
3882.0,0.0002467149752192199,0.0,0.0,0.0,0.0,0.020559581268268328
3883.0,2.7233062382947537e-07,0.0,0.0,0.0,0.0,2.2694218652456282e-05
3884.0,0.0,0.0,0.0,0.0,0.0,0.0
3885.0,0.0,0.0,0.0,0.0,0.0,0.0
3886.0,0.0,0.0,0.0,0.0,0.0,0.0
3887.0,4.1110812162514776e-05,3.5873905289918184e-05,3.979195389547385e-05,0.0,0.0,0.003425901013542898
3888.0,3.295789792900905e-05,3.5873905289918184e-05,3.979195389547385e-05,0.0,0.0,0.0027464914940840877
3889.0,0.0,0.0,0.0,0.0,0.0,0.0
3890.0,0.0,0.0,0.0,0.0,0.0,0.0
3891.0,0.0,0.0,0.0,0.0,0.0,0.0
3892.0,0.0,0.0,0.0,0.0,0.0,0.0
3893.0,0.0,0.0,0.0,0.0,0.0,0.0
3894.0,0.0,0.0,0.0,0.0,0.0,0.0
3895.0,0.0,0.0,0.0,0.0,0.0,0.0
3896.0,0.0,0.0,0.0,0.0,0.0,0.0
3897.0,0.0,0.0,0.0,0.0,0.0,0.0
3898.0,0.0,0.0,0.0,0.0,0.0,0.0
3899.0,0.0,0.0,0.0,0.0,0.0,0.0
3900.0,0.005965106189250946,0.0,0.0,0.0,0.08680555555555555,0.5787037037037037
3901.0,0.0,0.0,0.0,0.0,0.0,0.0
3902.0,0.0,0.0,0.0,0.0,0.0,0.0
3903.0,0.0,0.0,0.0,0.0,0.0,0.0
3904.0,1.470588358642999e-05,0.0,0.0,0.0,0.0,0.0012254902988691658
3905.0,6.767427112208679e-05,0.0,0.0,0.0,0.003472222222222222,0.023148148148148147
3906.0,7.327408093260601e-05,0.0,0.0,0.0,0.0,0.006106173411050501
3907.0,0.0,0.0,0.0,0.0,0.0,0.0
3908.0,9.967319056158885e-05,0.0,0.0,0.0,0.001736111111111111,0.011574074074074073
3909.0,6.990399560891092e-05,0.0,0.0,0.0,0.0,0.005825332967409243
3910.0,0.0,0.0,0.0,0.0,0.0,0.0
3911.0,0.0,0.0,0.0,0.0,0.0,0.0
3912.0,3.3281288779107854e-05,3.5873905289918184e-05,3.979195389547385e-05,0.0,0.0,0.0027734407315923213
3913.0,2.5553898012731224e-05,3.5873905289918184e-05,3.979195389547385e-05,0.0,0.0,0.002129491501060935
3914.0,0.00030829585739411414,0.0,0.0,0.0,0.005208333333333333,0.034722222222222224
3915.0,0.0,0.0,0.0,0.0,0.0,0.0
3916.0,0.0,0.0,0.0,0.0,0.0,0.0
3917.0,0.0,0.0,0.0,0.0,0.0,0.0
3918.0,0.0,0.0,0.0,0.0,0.0,0.0
3919.0,0.0,0.0,0.0,0.0,0.0,0.0
3920.0,0.0,0.0,0.0,0.0,0.0,0.0
3921.0,4.970030659023905e-06,0.0,0.0,0.0,0.0,0.00041416922158532543
3922.0,0.0,0.0,0.0,0.0,0.0,0.0
3923.0,0.0,0.0,0.0,0.0,0.0,0.0
3924.0,0.0,0.0,0.0,0.0,0.0,0.0
3925.0,0.0,0.0,0.0,0.0,0.0,0.0
3926.0,0.0,0.0,0.0,0.0,0.0,0.0
3927.0,0.0,0.0,0.0,0.0,0.0,0.0
3928.0,0.0,0.0,0.0,0.0,0.0,0.0
3929.0,1.8722636241363944e-07,0.0,0.0,0.0,0.0,1.5602196867803286e-05
3930.0,1.8722636241363944e-07,0.0,0.0,0.0,0.0,1.5602196867803286e-05
3931.0,0.0,0.0,0.0,0.0,0.0,0.0
3932.0,0.0,0.0,0.0,0.0,0.0,0.0
3933.0,0.0,0.0,0.0,0.0,0.0,0.0
3934.0,0.0,0.0,0.0,0.0,0.0,0.0
3935.0,0.0,0.0,0.0,0.0,0.0,0.0
3936.0,0.0,0.0,0.0,0.0,0.0,0.0
3937.0,2.383480932621751e-05,3.5873905289918184e-05,3.979195389547385e-05,0.0,0.0,0.001986234110518126
3938.0,2.383480932621751e-05,3.5873905289918184e-05,3.979195389547385e-05,0.0,0.0,0.001986234110518126
3939.0,0.0,0.0,0.0,0.0,0.0,0.0
3940.0,0.0,0.0,0.0,0.0,0.0,0.0
3941.0,0.0,0.0,0.0,0.0,0.0,0.0
3942.0,0.0,0.0,0.0,0.0,0.0,0.0
3943.0,0.0,0.0,0.0,0.0,0.0,0.0
3944.0,0.0,0.0,0.0,0.0,0.0,0.0
3945.0,0.0,0.0,0.0,0.0,0.0,0.0
3946.0,0.0,0.0,0.0,0.0,0.0,0.0
3947.0,0.0,0.0,0.0,0.0,0.0,0.0
3948.0,0.0,0.0,0.0,0.0,0.0,0.0
3949.0,0.0,0.0,0.0,0.0,0.0,0.0
3950.0,0.0,0.0,0.0,0.0,0.0,0.0
3951.0,0.0,0.0,0.0,0.0,0.0,0.0
3952.0,0.0,0.0,0.0,0.0,0.0,0.0
3953.0,0.0,0.0,0.0,0.0,0.0,0.0
3954.0,1.8722636241363944e-07,0.0,0.0,0.0,0.0,1.5602196867803286e-05
3955.0,1.8722636241363944e-07,0.0,0.0,0.0,0.0,1.5602196867803286e-05
3956.0,0.0,0.0,0.0,0.0,0.0,0.0
3957.0,0.0,0.0,0.0,0.0,0.0,0.0
3958.0,0.0,0.0,0.0,0.0,0.0,0.0
3959.0,0.0,0.0,0.0,0.0,0.0,0.0
3960.0,0.0,0.0,0.0,0.0,0.0,0.0
3961.0,0.0,0.0,0.0,0.0,0.0,0.0
3962.0,2.383480932621751e-05,3.5873905289918184e-05,3.979195389547385e-05,0.0,0.0,0.001986234110518126
3963.0,0.00019977771444246173,3.5873905289918184e-05,3.979195389547385e-05,0.0,0.003472222222222222,0.023148148148148147
3964.0,0.0,0.0,0.0,0.0,0.0,0.0
3965.0,0.0,0.0,0.0,0.0,0.0,0.0
3966.0,0.0,0.0,0.0,0.0,0.0,0.0
3967.0,0.0002860667882487178,0.0,0.0,0.0,0.008680555555555556,0.05787037037037038
3968.0,0.0002937771787401289,0.0005192511598579586,0.0,0.0,0.001736111111111111,0.024481431561677407
3969.0,7.158903463277966e-05,6.603449378417281e-07,0.0,0.0,0.001736111111111111,0.011574074074074073
3970.0,0.00023461323871742934,0.0012022678274661303,0.0,0.0,0.006944444444444444,0.046296296296296294
3971.0,0.0007315664552152157,1.837960553530138e-05,0.0,0.0,0.017361111111111112,0.11574074074074076
3972.0,0.00020644401956815273,0.0,0.0,0.0,0.005208333333333333,0.034722222222222224
3973.0,0.00010685591405490413,0.0,0.0,0.0,0.001736111111111111,0.011574074074074073
3974.0,9.015861724037677e-05,0.0,0.0,0.0,0.0,0.00751321810336473
3975.0,0.0,0.0,0.0,0.0,0.0,0.0
3976.0,0.0,0.0,0.0,0.0,0.0,0.0
3977.0,0.0,0.0,0.0,0.0,0.0,0.0
3978.0,0.0,0.0,0.0,0.0,0.0,0.0
3979.0,1.6867481463123113e-05,0.0,0.0,0.0,0.0,0.0014056234552602593
3980.0,1.8722636241363944e-07,0.0,0.0,0.0,0.0,1.5602196867803286e-05
3981.0,0.0,0.0,0.0,0.0,0.0,0.0
3982.0,0.0,0.0,0.0,0.0,0.0,0.0
3983.0,0.0,0.0,0.0,0.0,0.0,0.0
3984.0,0.0,0.0,0.0,0.0,0.0,0.0
3985.0,0.0,0.0,0.0,0.0,0.0,0.0
3986.0,0.0,0.0,0.0,0.0,0.0,0.0
3987.0,2.9434611860779114e-05,3.9946036849869415e-05,3.979195389547385e-05,0.0,0.0,0.002452884321731593
3988.0,2.9434611860779114e-05,3.9946036849869415e-05,3.979195389547385e-05,0.0,0.0,0.002452884321731593
3989.0,0.0,0.0,0.0,0.0,0.0,0.0
3990.0,0.0,0.0,0.0,0.0,0.0,0.0
3991.0,0.0,0.0,0.0,0.0,0.0,0.0
3992.0,0.00013017425953876227,0.0,0.0,0.0,0.0,0.010847854961563522
3993.0,8.510322402344173e-08,0.0,0.0,0.0,0.0,7.09193533528681e-06
3994.0,0.0,0.0,0.0,0.0,0.0,0.0
3995.0,8.355458703590557e-05,0.0,0.0,0.0,0.0,0.006962882252992131
3996.0,8.255035209003836e-05,0.0,0.0,0.0,0.001736111111111111,0.011574074074074073
3997.0,0.0,0.0,0.0,0.0,0.0,0.0
3998.0,0.0,0.0,0.0,0.0,0.0,0.0
3999.0,0.0,0.0,0.0,0.0,0.0,0.0
4000.0,0.0,0.0,0.0,0.0,0.0,0.0
4001.0,0.0,0.0,0.0,0.0,0.0,0.0
4002.0,0.0,0.0,0.0,0.0,0.0,0.0
4003.0,0.0,0.0,0.0,0.0,0.0,0.0
4004.0,3.0977623737271642e-06,0.0,0.0,0.0,0.0,0.0002581468644772637
4005.0,1.8722636241363944e-07,0.0,0.0,0.0,0.0,1.5602196867803286e-05
4006.0,0.00046114163706079125,0.0,0.0,0.0,0.005208333333333333,0.03842846975506594
4007.0,6.416800260922173e-06,0.0,0.0,0.0,0.0,0.0005347333550768477
4008.0,0.0,0.0,0.0,0.0,0.0,0.0
4009.0,0.0,0.0,0.0,0.0,0.0,0.0
4010.0,1.055283291861997e-06,0.0,0.0,0.0,0.0,8.794027432183309e-05
4011.0,0.00017880239465739578,0.0,0.0,0.0,0.005208333333333333,0.034722222222222224
4012.0,9.385792509419844e-05,3.9946036849869415e-05,3.979195389547385e-05,0.0,0.0,0.00782149375784987
4013.0,0.00017133612709585577,3.9946036849869415e-05,3.979195389547385e-05,0.0,0.0,0.014278010591321314
4014.0,7.643993740202859e-05,0.0,0.0,0.0,0.0,0.006369994783502382
4015.0,5.855119525222108e-05,0.0,0.0,0.0,0.0,0.004879266271018423
4016.0,0.0001427014940418303,0.0,0.0,0.0,0.0,0.011891791170152525
4017.0,3.994757207692601e-05,0.0,0.0,0.0,0.0,0.003328964339743834
4018.0,4.614310819306411e-05,0.0,0.0,0.0,0.0,0.0038452590160886757
4019.0,0.00011504287249408662,0.0,0.0,0.0,0.0,0.009586906041173885
4020.0,8.215889101848006e-05,0.0,0.0,0.0,0.0,0.006846574251540005
4021.0,5.3513071179622784e-05,0.0,0.0,0.0,0.0,0.004459422598301899
4022.0,0.0002011846227105707,0.0,0.0,0.0,0.0,0.01676538522588089
4023.0,0.0,0.0,0.0,0.0,0.0,0.0
4024.0,0.0,0.0,0.0,0.0,0.0,0.0
4025.0,0.0,0.0,0.0,0.0,0.0,0.0
4026.0,0.0,0.0,0.0,0.0,0.0,0.0
4027.0,0.0,0.0,0.0,0.0,0.0,0.0
4028.0,0.0,0.0,0.0,0.0,0.0,0.0
4029.0,8.067805538303219e-06,0.0,0.0,0.0,0.0,0.0006723171281919349
4030.0,0.0,0.0,0.0,0.0,0.0,0.0
4031.0,0.0031799643766134977,0.0017196808476001024,0.0,0.0,0.04513888888888889,0.30092592592592593
4032.0,0.049052949994802475,0.030825549736618996,0.0,0.0006114315474405885,0.34375,4.0877458329002065
4033.0,0.0,0.0,0.0,0.0,0.0,0.0
4034.0,0.0,0.0,0.0,0.0,0.0,0.0
4035.0,0.0,0.0,0.0,0.0,0.0,0.0
4036.0,0.0,0.0,0.0,0.0,0.0,0.0
4037.0,0.0,0.0,0.0,0.0,0.0,0.0
4038.0,0.0,0.0,0.0,0.0,0.0,0.0
4039.0,0.0,0.0,0.0,0.0,0.0,0.0
4040.0,0.0,0.0,0.0,0.0,0.0,0.0
4041.0,0.0,0.0,0.0,0.0,0.0,0.0
4042.0,0.0,0.0,0.0,0.0,0.0,0.0
4043.0,0.0,0.0,0.0,0.0,0.0,0.0
4044.0,0.0,0.0,0.0,0.0,0.0,0.0
4045.0,0.0,0.0,0.0,0.0,0.0,0.0
4046.0,0.0,0.0,0.0,0.0,0.0,0.0
4047.0,0.0,0.0,0.0,0.0,0.0,0.0
4048.0,1.6973768651951104e-05,1.3079789823677856e-05,3.0443079594988376e-05,0.0,0.0,0.0014144807209959254
4049.0,1.6973768651951104e-05,1.3079789823677856e-05,3.0443079594988376e-05,0.0,0.0,0.0014144807209959254
4050.0,0.0,0.0,0.0,0.0,0.0,0.0
4051.0,0.0,0.0,0.0,0.0,0.0,0.0
4052.0,0.0,0.0,0.0,0.0,0.0,0.0
4053.0,0.0,0.0,0.0,0.0,0.0,0.0
4054.0,0.0,0.0,0.0,0.0,0.0,0.0
4055.0,0.0,0.0,0.0,0.0,0.0,0.0
4056.0,0.0,0.0,0.0,0.0,0.0,0.0
4057.0,0.0,0.0,0.0,0.0,0.0,0.0
4058.0,0.0,0.0,0.0,0.0,0.0,0.0
4059.0,0.0,0.0,0.0,0.0,0.0,0.0
4060.0,0.0,0.0,0.0,0.0,0.0,0.0
4061.0,0.0,0.0,0.0,0.0,0.0,0.0
4062.0,0.0,0.0,0.0,0.0,0.0,0.0
4063.0,0.0,0.0,0.0,0.0,0.0,0.0
4064.0,0.0,0.0,0.0,0.0,0.0,0.0
4065.0,0.0,0.0,0.0,0.0,0.0,0.0
4066.0,0.0,0.0,0.0,0.0,0.0,0.0
4067.0,0.0,0.0,0.0,0.0,0.0,0.0
4068.0,0.0,0.0,0.0,0.0,0.0,0.0
4069.0,0.0,0.0,0.0,0.0,0.0,0.0
4070.0,0.0,0.0,0.0,0.0,0.0,0.0
4071.0,0.0,0.0,0.0,0.0,0.0,0.0
4072.0,0.0,0.0,0.0,0.0,0.0,0.0
4073.0,1.6973768651951104e-05,1.3079789823677856e-05,3.0443079594988376e-05,0.0,0.0,0.0014144807209959254
4074.0,1.6973768651951104e-05,1.3079789823677856e-05,3.0443079594988376e-05,0.0,0.0,0.0014144807209959254
4075.0,0.0,0.0,0.0,0.0,0.0,0.0
4076.0,0.0,0.0,0.0,0.0,0.0,0.0
4077.0,0.0,0.0,0.0,0.0,0.0,0.0
4078.0,0.0,0.0,0.0,0.0,0.0,0.0
4079.0,0.0,0.0,0.0,0.0,0.0,0.0
4080.0,0.0,0.0,0.0,0.0,0.0,0.0
4081.0,0.0,0.0,0.0,0.0,0.0,0.0
4082.0,0.0,0.0,0.0,0.0,0.0,0.0
4083.0,0.0,0.0,0.0,0.0,0.0,0.0
4084.0,0.0,0.0,0.0,0.0,0.0,0.0
4085.0,0.0,0.0,0.0,0.0,0.0,0.0
4086.0,0.0,0.0,0.0,0.0,0.0,0.0
4087.0,0.0,0.0,0.0,0.0,0.0,0.0
4088.0,0.0,0.0,0.0,0.0,0.0,0.0
4089.0,0.00014002923853695393,0.000733202847186476,0.0,0.0,0.006944444444444444,0.046296296296296294
4090.0,0.00033643102506175637,0.0002743732766248286,0.0,0.0,0.005208333333333333,0.034722222222222224
4091.0,0.0005081528215669096,0.001139534986577928,0.0,0.0,0.013888888888888888,0.09259259259259259
4092.0,0.0,0.0,0.0,0.0,0.0,0.0
4093.0,0.00020654611580539495,0.0,0.0,0.0,0.003472222222222222,0.023148148148148147
4094.0,4.9853610107675195e-05,0.0,0.0,0.0,0.0,0.004154467508972933
4095.0,0.00016578155918978155,0.0,0.0,0.0,0.0,0.013815129932481796
4096.0,0.0001328805519733578,0.0,0.0,0.0,0.001736111111111111,0.011574074074074073
4097.0,0.00031442323233932257,0.0005102264694869518,0.0,0.0,0.006944444444444444,0.046296296296296294
4098.0,0.0004273086378816515,0.0003233318275306374,3.0443079594988376e-05,0.0,0.008680555555555556,0.05787037037037038
4099.0,1.734822399157565e-05,1.3079789823677856e-05,3.0443079594988376e-05,0.0,0.0,0.0014456853326313042
4100.0,0.00010831970575964078,0.0,0.0,0.0,0.0,0.009026642146636732
4101.0,0.0002246050862595439,0.0,0.0,0.0,0.003472222222222222,0.023148148148148147
4102.0,0.00012981683539692312,0.0,0.0,0.0,0.003472222222222222,0.023148148148148147
4103.0,0.00011545136658241972,0.0,0.0,0.0,0.003472222222222222,0.023148148148148147
4104.0,0.0005495811928994954,2.201149698066729e-07,0.0,0.0,0.012152777777777778,0.08101851851851852
4105.0,1.7020825637814596e-08,0.0,0.0,0.0,0.0,1.4184021364845496e-06
4106.0,0.0,0.0,0.0,0.0,0.0,0.0
4107.0,0.00019932935538236052,0.0011953342473134398,0.0,0.0,0.001736111111111111,0.029883356182835996
4108.0,0.00010636231309035793,1.1005916178419284e-07,0.0,0.0,0.003472222222222222,0.023148148148148147
4109.0,9.357977251056582e-05,0.0,0.0,0.0,0.0,0.0077983143758804845
4110.0,0.0,0.0,0.0,0.0,0.0,0.0
4111.0,0.0,0.0,0.0,0.0,0.0,0.0
4112.0,0.0,0.0,0.0,0.0,0.0,0.0
4113.0,0.00013572302123066038,0.0,0.0,0.0,0.006944444444444444,0.046296296296296294
4114.0,0.00024814470089040697,0.0,0.0,0.0,0.003472222222222222,0.023148148148148147
4115.0,0.0002091332571581006,1.3647144442074932e-05,0.0,0.0,0.001736111111111111,0.017427771429841716
4116.0,0.00011654069385258481,0.0,0.0,0.0,0.001736111111111111,0.011574074074074073
4117.0,0.00023864714603405446,0.0,0.0,0.0,0.006944444444444444,0.046296296296296294
4118.0,1.931848601088859e-05,0.0,0.0,0.0,0.0,0.001609873834240716
4119.0,5.0721671868814155e-05,0.0,0.0,0.0,0.003472222222222222,0.023148148148148147
4120.0,0.0002785947290249169,0.0,0.0,0.0,0.003472222222222222,0.023216227418743074
4121.0,0.00021900526189710945,0.0,0.0,0.0,0.003472222222222222,0.023148148148148147
4122.0,0.0002845349663402885,0.0,0.0,0.0,0.003472222222222222,0.023711247195024043
4123.0,0.00017594706150703132,1.528094071545638e-05,3.0443079594988376e-05,0.0,0.005208333333333333,0.034722222222222224
4124.0,0.00028472632402554154,1.528094071545638e-05,3.0443079594988376e-05,0.0,0.019097222222222224,0.12731481481481483
4125.0,0.0003016747650690377,0.0,0.0,0.0,0.003472222222222222,0.02513956375575314
4126.0,0.00023675785632804036,0.0,0.0,0.0,0.0,0.01972982136067003
4127.0,0.0002308346302015707,0.0,0.0,0.0,0.010416666666666666,0.06944444444444445
4128.0,0.00020765246881637722,0.0,0.0,0.0,0.012152777777777778,0.08101851851851852
4129.0,0.0002260007750010118,0.0,0.0,0.0,0.008680555555555556,0.05787037037037038
4130.0,0.00025061267660930753,0.0,0.0,0.0,0.001736111111111111,0.020884389717442293
4131.0,0.00019898894242942333,0.0,0.0,0.0,0.003472222222222222,0.023148148148148147
4132.0,1.748026261338964e-05,0.0,0.0,0.0,0.0,0.0014566885511158034
4133.0,0.0,0.0,0.0,0.0,0.0,0.0
4134.0,0.0,0.0,0.0,0.0,0.0,0.0
4135.0,0.0,0.0,0.0,0.0,0.0,0.0
4136.0,0.0,0.0,0.0,0.0,0.0,0.0
4137.0,0.00016552623128518462,0.0,0.0,0.0,0.003472222222222222,0.023148148148148147
4138.0,0.0,0.0,0.0,0.0,0.0,0.0
4139.0,0.00022149027790874243,0.0,0.0,0.0,0.006944444444444444,0.046296296296296294
4140.0,0.00018092997197527438,0.0,0.0,0.0,0.003472222222222222,0.023148148148148147
4141.0,2.3828974349271448e-07,0.0,0.0,0.0,0.0,1.9857478624392872e-05
4142.0,0.0,0.0,0.0,0.0,0.0,0.0
4143.0,0.0,0.0,0.0,0.0,0.0,0.0
4144.0,0.0,0.0,0.0,0.0,0.0,0.0
4145.0,0.0,0.0,0.0,0.0,0.0,0.0
4146.0,0.0,0.0,0.0,0.0,0.0,0.0
4147.0,0.0,0.0,0.0,0.0,0.0,0.0
4148.0,2.0105577277718112e-05,1.528094071545638e-05,3.0443079594988376e-05,0.0,0.0,0.001675464773143176
4149.0,1.9424747733864933e-05,1.528094071545638e-05,3.0443079594988376e-05,0.0,0.0,0.0016187289778220777
4150.0,0.0,0.0,0.0,0.0,0.0,0.0
4151.0,0.0,0.0,0.0,0.0,0.0,0.0
4152.0,4.7623903810745105e-05,0.0,0.0,0.0,0.0,0.003968658650895425
4153.0,3.981139889219776e-05,0.0,0.0,0.0,0.0,0.003317616574349813
4154.0,0.0,0.0,0.0,0.0,0.0,0.0
4155.0,0.0001999931555474177,0.0,0.0,0.0,0.006944444444444444,0.046296296296296294
4156.0,1.4927148185961414e-05,0.0,0.0,0.0,0.0,0.0012439290154967846
4157.0,2.655226126080379e-06,0.0,0.0,0.0,0.0,0.00022126884384003157
4158.0,0.0,0.0,0.0,0.0,0.0,0.0
4159.0,0.00011060047836508602,0.0,0.0,0.0,0.003472222222222222,0.023148148148148147
4160.0,6.587008101632819e-05,0.0,0.0,0.0,0.003472222222222222,0.023148148148148147
4161.0,8.510374271963883e-08,0.0,0.0,0.0,0.0,7.0919785599699026e-06
4162.0,0.0002369961148360744,0.0,0.0,0.0,0.003472222222222222,0.023148148148148147
4163.0,0.00018462346633896232,0.0,0.0,0.0,0.003472222222222222,0.023148148148148147
4164.0,9.215003956342116e-05,0.0,0.0,0.0,0.003472222222222222,0.023148148148148147
4165.0,0.00017847897834144533,0.0,0.0,0.0,0.006944444444444444,0.046296296296296294
4166.0,0.00021151616238057613,0.0,0.0,0.0,0.006944444444444444,0.046296296296296294
4167.0,0.00019044452346861362,0.0,0.0,0.0,0.006944444444444444,0.046296296296296294
4168.0,1.1369824278517626e-05,0.0,0.0,0.0,0.0,0.0009474853565431355
4169.0,0.0,0.0,0.0,0.0,0.0,0.0
4170.0,0.0,0.0,0.0,0.0,0.0,0.0
4171.0,0.0,0.0,0.0,0.0,0.0,0.0
4172.0,0.0,0.0,0.0,0.0,0.0,0.0
4173.0,2.4650105842738412e-05,1.528094071545638e-05,3.0443079594988376e-05,0.0,0.0,0.002054175486894868
4174.0,1.9935368982260115e-05,1.528094071545638e-05,3.0443079594988376e-05,0.0,0.0,0.0016612807485216763
4175.0,5.722357673221268e-05,0.0,0.0,0.0,0.003472222222222222,0.023148148148148147
4176.0,0.00016753468662500381,0.0,0.0,0.0,0.003472222222222222,0.023148148148148147
4177.0,0.00017347490938846022,0.0,0.0,0.0,0.003472222222222222,0.023148148148148147
4178.0,0.00012043843162246048,0.0,0.0,0.0,0.003472222222222222,0.023148148148148147
4179.0,0.0,0.0,0.0,0.0,0.0,0.0
4180.0,0.0,0.0,0.0,0.0,0.0,0.0
4181.0,0.0,0.0,0.0,0.0,0.0,0.0
4182.0,5.344508281268645e-06,0.0,0.0,0.0,0.0,0.0004453756901057204
4183.0,0.0,0.0,0.0,0.0,0.0,0.0
4184.0,0.0,0.0,0.0,0.0,0.0,0.0
4185.0,1.295274978474481e-05,0.0,0.0,0.0,0.0,0.0010793958153954009
4186.0,6.018517888151109e-05,0.0,0.0,0.0,0.0,0.005015431573459257
4187.0,0.0,0.0,0.0,0.0,0.0,0.0
4188.0,0.0,0.0,0.0,0.0,0.0,0.0
4189.0,0.0,0.0,0.0,0.0,0.0,0.0
4190.0,0.00012391067866701633,0.0,0.0,0.0,0.0,0.010325889888918027
4191.0,0.00011917889059986919,0.0,0.0,0.0,0.003472222222222222,0.023148148148148147
4192.0,0.00019612944743130356,0.0,0.0,0.0,0.003472222222222222,0.023148148148148147
4193.0,0.0001323869510088116,0.0,0.0,0.0,0.0,0.011032245917400966
4194.0,0.00017660671437624842,0.0,0.0,0.0,0.003472222222222222,0.023148148148148147
4195.0,3.198187914676964e-05,0.0,0.0,0.0,0.003472222222222222,0.023148148148148147
4196.0,0.0,0.0,0.0,0.0,0.0,0.0
4197.0,0.0,0.0,0.0,0.0,0.0,0.0
4198.0,2.783297713904176e-05,1.528094071545638e-05,3.0443079594988376e-05,0.0,0.0,0.0023194147615868133
4199.0,2.0599176423274912e-05,1.528094071545638e-05,3.0443079594988376e-05,0.0,0.0,0.0017165980352729093
4200.0,0.0,0.0,0.0,0.0,0.0,0.0
4201.0,0.0,0.0,0.0,0.0,0.0,0.0
4202.0,0.0,0.0,0.0,0.0,0.0,0.0
4203.0,0.0,0.0,0.0,0.0,0.0,0.0
4204.0,0.0,0.0,0.0,0.0,0.0,0.0
4205.0,0.0,0.0,0.0,0.0,0.0,0.0
4206.0,0.0,0.0,0.0,0.0,0.0,0.0
4207.0,0.0,0.0,0.0,0.0,0.0,0.0
4208.0,0.0,0.0,0.0,0.0,0.0,0.0
4209.0,0.0,0.0,0.0,0.0,0.0,0.0
4210.0,0.0,0.0,0.0,0.0,0.0,0.0
4211.0,0.0,0.0,0.0,0.0,0.0,0.0
4212.0,0.0,0.0,0.0,0.0,0.0,0.0
4213.0,0.0,0.0,0.0,0.0,0.0,0.0
4214.0,0.011130631901323795,0.004143774043768644,0.0,0.0,0.2222222222222222,1.4814814814814814
4215.0,8.680560767970746e-07,3.41179224960797e-06,0.0,0.0,0.0,8.529480624019925e-05
4216.0,0.0,0.0,0.0,0.0,0.0,0.0
4217.0,0.0,0.0,0.0,0.0,0.0,0.0
4218.0,0.0,0.0,0.0,0.0,0.0,0.0
4219.0,0.0,0.0,0.0,0.0,0.0,0.0
4220.0,0.0,0.0,0.0,0.0,0.0,0.0
4221.0,0.0,0.0,0.0,0.0,0.0,0.0
4222.0,0.0,0.0,0.0,0.0,0.0,0.0
4223.0,1.6973768651951104e-05,1.3079789823677856e-05,3.0443079594988376e-05,0.0,0.0,0.0014144807209959254
4224.0,1.6973768651951104e-05,1.3079789823677856e-05,3.0443079594988376e-05,0.0,0.0,0.0014144807209959254
4225.0,0.0,0.0,0.0,0.0,0.0,0.0
4226.0,0.0,0.0,0.0,0.0,0.0,0.0
4227.0,0.0,0.0,0.0,0.0,0.0,0.0
4228.0,0.0,0.0,0.0,0.0,0.0,0.0
4229.0,0.0,0.0,0.0,0.0,0.0,0.0
4230.0,0.0,0.0,0.0,0.0,0.0,0.0
4231.0,0.0,0.0,0.0,0.0,0.0,0.0
4232.0,0.0,0.0,0.0,0.0,0.0,0.0
4233.0,0.0,0.0,0.0,0.0,0.0,0.0
4234.0,0.0,0.0,0.0,0.0,0.0,0.0
4235.0,0.0,0.0,0.0,0.0,0.0,0.0
4236.0,0.0,0.0,0.0,0.0,0.0,0.0
4237.0,0.0,0.0,0.0,0.0,0.0,0.0
4238.0,0.0,0.0,0.0,0.0,0.0,0.0
4239.0,0.0,0.0,0.0,0.0,0.0,0.0
4240.0,0.0,0.0,0.0,0.0,0.0,0.0
4241.0,0.0,0.0,0.0,0.0,0.0,0.0
4242.0,0.0,0.0,0.0,0.0,0.0,0.0
4243.0,0.0,0.0,0.0,0.0,0.0,0.0
4244.0,0.0,0.0,0.0,0.0,0.0,0.0
4245.0,0.0,0.0,0.0,0.0,0.0,0.0
4246.0,0.0,0.0,0.0,0.0,0.0,0.0
4247.0,0.0,0.0,0.0,0.0,0.0,0.0
4248.0,1.6973768651951104e-05,1.3079789823677856e-05,3.0443079594988376e-05,0.0,0.0,0.0014144807209959254
4249.0,1.6973768651951104e-05,1.3079789823677856e-05,3.0443079594988376e-05,0.0,0.0,0.0014144807209959254
4250.0,0.0,0.0,0.0,0.0,0.0,0.0
4251.0,0.0,0.0,0.0,0.0,0.0,0.0
4252.0,0.0,0.0,0.0,0.0,0.0,0.0
4253.0,0.0,0.0,0.0,0.0,0.0,0.0
4254.0,0.0,0.0,0.0,0.0,0.0,0.0
4255.0,0.0,0.0,0.0,0.0,0.0,0.0
4256.0,0.0,0.0,0.0,0.0,0.0,0.0
4257.0,0.0,0.0,0.0,0.0,0.0,0.0
4258.0,0.0,0.0,0.0,0.0,0.0,0.0
4259.0,0.0,0.0,0.0,0.0,0.0,0.0
4260.0,0.0,0.0,0.0,0.0,0.0,0.0
4261.0,0.0,0.0,0.0,0.0,0.0,0.0
4262.0,0.0,0.0,0.0,0.0,0.0,0.0
4263.0,0.0,0.0,0.0,0.0,0.0,0.0
4264.0,0.0,0.0,0.0,0.0,0.0,0.0
4265.0,0.0,0.0,0.0,0.0,0.0,0.0
4266.0,0.0,0.0,0.0,0.0,0.0,0.0
4267.0,0.0,0.0,0.0,0.0,0.0,0.0
4268.0,0.0,0.0,0.0,0.0,0.0,0.0
4269.0,0.0,0.0,0.0,0.0,0.0,0.0
4270.0,0.0,0.0,0.0,0.0,0.0,0.0
4271.0,0.0,0.0,0.0,0.0,0.0,0.0
4272.0,0.0,0.0,0.0,0.0,0.0,0.0
4273.0,1.6973768651951104e-05,1.3079789823677856e-05,3.0443079594988376e-05,0.0,0.0,0.0014144807209959254
4274.0,1.6973768651951104e-05,1.3079789823677856e-05,3.0443079594988376e-05,0.0,0.0,0.0014144807209959254
4275.0,0.0,0.0,0.0,0.0,0.0,0.0
4276.0,0.0,0.0,0.0,0.0,0.0,0.0
4277.0,0.0,0.0,0.0,0.0,0.0,0.0
4278.0,0.0,0.0,0.0,0.0,0.0,0.0
4279.0,0.0,0.0,0.0,0.0,0.0,0.0
4280.0,0.0,0.0,0.0,0.0,0.0,0.0
4281.0,0.0,0.0,0.0,0.0,0.0,0.0
4282.0,0.0,0.0,0.0,0.0,0.0,0.0
4283.0,0.0,0.0,0.0,0.0,0.0,0.0
4284.0,0.0,0.0,0.0,0.0,0.0,0.0
4285.0,0.0,0.0,0.0,0.0,0.0,0.0
4286.0,0.0,0.0,0.0,0.0,0.0,0.0
4287.0,0.0,0.0,0.0,0.0,0.0,0.0
4288.0,0.0,0.0,0.0,0.0,0.0,0.0
4289.0,0.0,0.0,0.0,0.0,0.0,0.0
4290.0,0.0,0.0,0.0,0.0,0.0,0.0
4291.0,0.0,0.0,0.0,0.0,0.0,0.0
4292.0,0.0,0.0,0.0,0.0,0.0,0.0
4293.0,0.0,0.0,0.0,0.0,0.0,0.0
4294.0,0.0,0.0,0.0,0.0,0.0,0.0
4295.0,0.0,0.0,0.0,0.0,0.0,0.0
4296.0,0.0,0.0,0.0,0.0,0.0,0.0
4297.0,0.0,0.0,0.0,0.0,0.0,0.0
4298.0,1.6973768651951104e-05,1.3079789823677856e-05,3.0443079594988376e-05,0.0,0.0,0.0014144807209959254
4299.0,1.6973768651951104e-05,1.3079789823677856e-05,3.0443079594988376e-05,0.0,0.0,0.0014144807209959254
4300.0,0.0,0.0,0.0,0.0,0.0,0.0
4301.0,0.0,0.0,0.0,0.0,0.0,0.0
4302.0,0.0,0.0,0.0,0.0,0.0,0.0
4303.0,0.0,0.0,0.0,0.0,0.0,0.0
4304.0,0.0,0.0,0.0,0.0,0.0,0.0
4305.0,0.0,0.0,0.0,0.0,0.0,0.0
4306.0,0.0,0.0,0.0,0.0,0.0,0.0
4307.0,0.0,0.0,0.0,0.0,0.0,0.0
4308.0,0.0,0.0,0.0,0.0,0.0,0.0
4309.0,0.0,0.0,0.0,0.0,0.0,0.0
4310.0,0.0,0.0,0.0,0.0,0.0,0.0
4311.0,0.0,0.0,0.0,0.0,0.0,0.0
4312.0,0.0,0.0,0.0,0.0,0.0,0.0
4313.0,0.0,0.0,0.0,0.0,0.0,0.0
4314.0,0.0,0.0,0.0,0.0,0.0,0.0
4315.0,0.0,0.0,0.0,0.0,0.0,0.0
4316.0,0.0,0.0,0.0,0.0,0.0,0.0
4317.0,0.0,0.0,0.0,0.0,0.0,0.0
4318.0,0.0,0.0,0.0,0.0,0.0,0.0
4319.0,0.0,0.0,0.0,0.0,0.0,0.0
4320.0,0.0,0.0,0.0,0.0,0.0,0.0
4321.0,0.0,0.0,0.0,0.0,0.0,0.0
4322.0,0.0,0.0,0.0,0.0,0.0,0.0
4323.0,1.6973768651951104e-05,1.3079789823677856e-05,3.0443079594988376e-05,0.0,0.0,0.0014144807209959254
4324.0,1.6973768651951104e-05,1.3079789823677856e-05,3.0443079594988376e-05,0.0,0.0,0.0014144807209959254
4325.0,0.0,0.0,0.0,0.0,0.0,0.0
4326.0,0.0,0.0,0.0,0.0,0.0,0.0
4327.0,0.0,0.0,0.0,0.0,0.0,0.0
4328.0,0.0,0.0,0.0,0.0,0.0,0.0
4329.0,0.0,0.0,0.0,0.0,0.0,0.0
4330.0,0.0,0.0,0.0,0.0,0.0,0.0
4331.0,0.0,0.0,0.0,0.0,0.0,0.0
4332.0,0.0,0.0,0.0,0.0,0.0,0.0
4333.0,0.0,0.0,0.0,0.0,0.0,0.0
4334.0,0.0,0.0,0.0,0.0,0.0,0.0
4335.0,0.0,0.0,0.0,0.0,0.0,0.0
4336.0,0.0,0.0,0.0,0.0,0.0,0.0
4337.0,0.0,0.0,0.0,0.0,0.0,0.0
4338.0,0.0,0.0,0.0,0.0,0.0,0.0
4339.0,0.054226234555244446,0.059509120881557465,0.0,0.0005460354150272906,0.2864583333333333,4.5188528796037035
4340.0,0.0,0.0,0.0,0.0,0.0,0.0
4341.0,0.0,0.0,0.0,0.0,0.0,0.0
4342.0,0.0,0.0,0.0,0.0,0.0,0.0
4343.0,0.0,0.0,0.0,0.0,0.0,0.0
4344.0,0.0,0.0,0.0,0.0,0.0,0.0
4345.0,0.0,0.0,0.0,0.0,0.0,0.0
4346.0,0.0,0.0,0.0,0.0,0.0,0.0
4347.0,2.1275873223203234e-06,1.21063112601405e-06,0.0,0.0,0.0,0.00017729894352669362
4348.0,2.1275873223203234e-06,1.21063112601405e-06,0.0,0.0,0.0,0.00017729894352669362
4349.0,0.0,0.0,0.0,0.0,0.0,0.0
4350.0,0.0,0.0,0.0,0.0,0.0,0.0
4351.0,0.0,0.0,0.0,0.0,0.0,0.0
4352.0,0.0,0.0,0.0,0.0,0.0,0.0
4353.0,0.0,0.0,0.0,0.0,0.0,0.0
4354.0,0.0,0.0,0.0,0.0,0.0,0.0
4355.0,0.0,0.0,0.0,0.0,0.0,0.0
4356.0,0.0,0.0,0.0,0.0,0.0,0.0
4357.0,0.0,0.0,0.0,0.0,0.0,0.0
4358.0,0.0,0.0,0.0,0.0,0.0,0.0
4359.0,0.0,0.0,0.0,0.0,0.0,0.0
4360.0,0.0,0.0,0.0,0.0,0.0,0.0
4361.0,0.0,0.0,0.0,0.0,0.0,0.0
4362.0,0.0,0.0,0.0,0.0,0.0,0.0
4363.0,0.0,0.0,0.0,0.0,0.0,0.0
4364.0,0.0,0.0,0.0,0.0,0.0,0.0
4365.0,0.0,0.0,0.0,0.0,0.0,0.0
4366.0,0.0,0.0,0.0,0.0,0.0,0.0
4367.0,0.0,0.0,0.0,0.0,0.0,0.0
4368.0,0.0,0.0,0.0,0.0,0.0,0.0
4369.0,0.0,0.0,0.0,0.0,0.0,0.0
4370.0,0.0,0.0,0.0,0.0,0.0,0.0
4371.0,0.0,0.0,0.0,0.0,0.0,0.0
4372.0,2.1275873223203234e-06,1.21063112601405e-06,0.0,0.0,0.0,0.00017729894352669362
4373.0,2.1275873223203234e-06,1.21063112601405e-06,0.0,0.0,0.0,0.00017729894352669362
4374.0,0.0,0.0,0.0,0.0,0.0,0.0
4375.0,0.0,0.0,0.0,0.0,0.0,0.0
4376.0,0.0,0.0,0.0,0.0,0.0,0.0
4377.0,0.0,0.0,0.0,0.0,0.0,0.0
4378.0,0.0,0.0,0.0,0.0,0.0,0.0
4379.0,0.0,0.0,0.0,0.0,0.0,0.0
4380.0,0.0,0.0,0.0,0.0,0.0,0.0
4381.0,0.0,0.0,0.0,0.0,0.0,0.0
4382.0,0.0,0.0,0.0,0.0,0.0,0.0
4383.0,0.0,0.0,0.0,0.0,0.0,0.0
4384.0,0.0,0.0,0.0,0.0,0.0,0.0
4385.0,0.0,0.0,0.0,0.0,0.0,0.0
4386.0,0.0,0.0,0.0,0.0,0.0,0.0
4387.0,0.0,0.0,0.0,0.0,0.0,0.0
4388.0,0.0,0.0,0.0,0.0,0.0,0.0
4389.0,0.0,0.0,0.0,0.0,0.0,0.0
4390.0,0.00012983386113774031,0.0,0.0,0.0,0.0,0.010819488428145027
4391.0,0.00017888749425765127,0.0,0.0,0.0,0.0,0.014907291188137606
4392.0,5.206630885368213e-05,0.0,0.0,0.0,0.0,0.0043388590711401775
4393.0,0.0,0.0,0.0,0.0,0.0,0.0
4394.0,0.0,0.0,0.0,0.0,0.0,0.0
4395.0,0.0,0.0,0.0,0.0,0.0,0.0
4396.0,0.0,0.0,0.0,0.0,0.0,0.0
4397.0,5.8040486692334525e-06,1.21063112601405e-06,0.0,0.0,0.0,0.000483670722436121
4398.0,2.1786493107356364e-06,1.21063112601405e-06,0.0,0.0,0.0,0.0001815541092279697
4399.0,0.0,0.0,0.0,0.0,0.0,0.0
4400.0,0.0,0.0,0.0,0.0,0.0,0.0
4401.0,0.0,0.0,0.0,0.0,0.0,0.0
4402.0,0.0,0.0,0.0,0.0,0.0,0.0
4403.0,0.0,0.0,0.0,0.0,0.0,0.0
4404.0,0.0,0.0,0.0,0.0,0.0,0.0
4405.0,0.0,0.0,0.0,0.0,0.0,0.0
4406.0,0.0,0.0,0.0,0.0,0.0,0.0
4407.0,0.0,0.0,0.0,0.0,0.0,0.0
4408.0,0.0,0.0,0.0,0.0,0.0,0.0
4409.0,0.0,0.0,0.0,0.0,0.0,0.0
4410.0,7.809093949617818e-05,0.0,0.0,0.0,0.0,0.006507578291348182
4411.0,6.508712976938114e-05,0.0,0.0,0.0,0.001736111111111111,0.011574074074074073
4412.0,0.00021743937395513058,0.0,0.0,0.0,0.0,0.018119947829594214
4413.0,0.0,0.0,0.0,0.0,0.0,0.0
4414.0,1.7088690583477728e-05,0.0,0.0,0.0,0.0,0.001424057548623144
4415.0,0.0,0.0,0.0,0.0,0.0,0.0
4416.0,0.0,0.0,0.0,0.0,0.0,0.0
4417.0,0.0,0.0,0.0,0.0,0.0,0.0
4418.0,0.0,0.0,0.0,0.0,0.0,0.0
4419.0,0.0,0.0,0.0,0.0,0.0,0.0
4420.0,0.0007219667313620448,0.0,0.0,0.0,0.001736111111111111,0.060163894280170396
4421.0,0.0,0.0,0.0,0.0,0.0,0.0
4422.0,1.6390838936786167e-05,1.21063112601405e-06,0.0,0.0,0.0,0.0013659032447321806
4423.0,2.1275873223203234e-06,1.21063112601405e-06,0.0,0.0,0.0,0.00017729894352669362
4424.0,0.0,0.0,0.0,0.0,0.0,0.0
4425.0,6.217659392859787e-05,0.0,0.0,0.0,0.001736111111111111,0.011574074074074073
4426.0,3.9709280827082694e-05,0.0,0.0,0.0,0.0,0.0033091067355902246
4427.0,0.0,0.0,0.0,0.0,0.0,0.0
4428.0,0.0,0.0,0.0,0.0,0.0,0.0
4429.0,0.0,0.0,0.0,0.0,0.0,0.0
4430.0,0.0,0.0,0.0,0.0,0.0,0.0
4431.0,5.889088242838625e-06,0.0,0.0,0.0,0.0,0.0004907573535698854
4432.0,0.0,0.0,0.0,0.0,0.0,0.0
4433.0,0.0,0.0,0.0,0.0,0.0,0.0
4434.0,0.0,0.0,0.0,0.0,0.0,0.0
4435.0,0.0,0.0,0.0,0.0,0.0,0.0
4436.0,0.0,0.0,0.0,0.0,0.0,0.0
4437.0,0.0,0.0,0.0,0.0,0.0,0.0
4438.0,0.0,0.0,0.0,0.0,0.0,0.0
4439.0,0.0,0.0,0.0,0.0,0.0,0.0
4440.0,0.0,0.0,0.0,0.0,0.0,0.0
4441.0,0.00017733861750457436,0.0,0.0,0.0,0.0,0.014778218125381196
4442.0,0.0,0.0,0.0,0.0,0.0,0.0
4443.0,0.0,0.0,0.0,0.0,0.0,0.0
4444.0,0.0,0.0,0.0,0.0,0.0,0.0
4445.0,0.0,0.0,0.0,0.0,0.0,0.0
4446.0,0.0,0.0,0.0,0.0,0.0,0.0
4447.0,1.3769749784842134e-05,1.21063112601405e-06,0.0,0.0,0.0,0.0011474791487368445
4448.0,1.92333845916437e-06,1.21063112601405e-06,0.0,0.0,0.0,0.00016027820493036415
4449.0,0.0,0.0,0.0,0.0,0.0,0.0
4450.0,0.0,0.0,0.0,0.0,0.0,0.0
4451.0,0.0,0.0,0.0,0.0,0.0,0.0
4452.0,0.0,0.0,0.0,0.0,0.0,0.0
4453.0,0.0,0.0,0.0,0.0,0.0,0.0
4454.0,0.0,0.0,0.0,0.0,0.0,0.0
4455.0,0.0,0.0,0.0,0.0,0.0,0.0
4456.0,0.0,0.0,0.0,0.0,0.0,0.0
4457.0,0.0,0.0,0.0,0.0,0.0,0.0
4458.0,0.0,0.0,0.0,0.0,0.0,0.0
4459.0,0.0,0.0,0.0,0.0,0.0,0.0
4460.0,0.0,0.0,0.0,0.0,0.0,0.0
4461.0,0.0,0.0,0.0,0.0,0.0,0.0
4462.0,0.0,0.0,0.0,0.0,0.0,0.0
4463.0,0.0,0.0,0.0,0.0,0.0,0.0
4464.0,0.0,0.0,0.0,0.0,0.0,0.0
4465.0,0.0,0.0,0.0,0.0,0.0,0.0
4466.0,0.0,0.0,0.0,0.0,0.0,0.0
4467.0,0.00016404545749537647,0.0,0.0,0.0,0.0,0.013670454791281372
4468.0,0.0,0.0,0.0,0.0,0.0,0.0
4469.0,0.0,0.0,0.0,0.0,0.0,0.0
4470.0,0.0,0.0,0.0,0.0,0.0,0.0
4471.0,0.0,0.0,0.0,0.0,0.0,0.0
4472.0,9.123100426222663e-06,1.21063112601405e-06,0.0,0.0,0.0,0.0007602583688518886
4473.0,1.9063177205680404e-06,1.21063112601405e-06,0.0,0.0,0.0,0.0001588598100473367
4474.0,0.0,0.0,0.0,0.0,0.0,0.0
4475.0,0.0,0.0,0.0,0.0,0.0,0.0
4476.0,0.0,0.0,0.0,0.0,0.0,0.0
4477.0,0.0,0.0,0.0,0.0,0.0,0.0
4478.0,0.0,0.0,0.0,0.0,0.0,0.0
4479.0,0.0,0.0,0.0,0.0,0.0,0.0
4480.0,0.0,0.0,0.0,0.0,0.0,0.0
4481.0,0.0,0.0,0.0,0.0,0.0,0.0
4482.0,0.0,0.0,0.0,0.0,0.0,0.0
4483.0,0.0,0.0,0.0,0.0,0.0,0.0
4484.0,0.0,0.0,0.0,0.0,0.0,0.0
4485.0,0.0,0.0,0.0,0.0,0.0,0.0
4486.0,0.0,0.0,0.0,0.0,0.0,0.0
4487.0,0.0,0.0,0.0,0.0,0.0,0.0
4488.0,0.0,0.0,0.0,0.0,0.0,0.0
4489.0,0.0,0.0,0.0,0.0,0.0,0.0
4490.0,0.0,0.0,0.0,0.0,0.0,0.0
4491.0,0.0,0.0,0.0,0.0,0.0,0.0
4492.0,0.0,0.0,0.0,0.0,0.0,0.0
4493.0,0.0,0.0,0.0,0.0,0.0,0.0
4494.0,0.0,0.0,0.0,0.0,0.0,0.0
4495.0,0.0,0.0,0.0,0.0,0.0,0.0
4496.0,0.0,0.0,0.0,0.0,0.0,0.0
4497.0,1.9063177205680404e-06,1.21063112601405e-06,0.0,0.0,0.0,0.0001588598100473367
4498.0,1.9063177205680404e-06,1.21063112601405e-06,0.0,0.0,0.0,0.0001588598100473367
4499.0,0.0,0.0,0.0,0.0,0.0,0.0
4500.0,0.0,0.0,0.0,0.0,0.0,0.0
4501.0,0.0,0.0,0.0,0.0,0.0,0.0
4502.0,0.0,0.0,0.0,0.0,0.0,0.0
4503.0,0.0,0.0,0.0,0.0,0.0,0.0
4504.0,0.0,0.0,0.0,0.0,0.0,0.0
4505.0,0.0,0.0,0.0,0.0,0.0,0.0
4506.0,0.0,0.0,0.0,0.0,0.0,0.0
4507.0,0.0,0.0,0.0,0.0,0.0,0.0
4508.0,0.0,0.0,0.0,0.0,0.0,0.0
4509.0,0.00018649574485607445,0.0,0.0,0.0,0.0,0.015541312071339537
4510.0,0.0001378506131004542,0.0,0.0,0.0,0.0,0.011487551091704518
4511.0,0.0001991761673707515,0.0,0.0,0.0,0.0,0.016598013947562624
4512.0,0.00015563722990918905,0.0,0.0,0.0,0.0,0.012969769159099087
4513.0,0.0002009803574765101,0.0,0.0,0.0,0.0,0.01674836312304251
4514.0,9.465208131587133e-05,0.0,0.0,0.0,0.0,0.007887673442989277
4515.0,0.0,0.0,0.0,0.0,0.0,0.0
4516.0,0.0014016542118042707,0.0,0.0,0.0,0.001736111111111111,0.11680451765035589
4517.0,0.0,0.0,0.0,0.0,0.0,0.0
4518.0,0.0,0.0,0.0,0.0,0.0,0.0
4519.0,0.0,0.0,0.0,0.0,0.0,0.0
4520.0,0.0,0.0,0.0,0.0,0.0,0.0
4521.0,0.0,0.0,0.0,0.0,0.0,0.0
4522.0,3.082440889556892e-05,1.21063112601405e-06,0.0,0.0,0.0,0.0025687007412974103
4523.0,2.1275873223203234e-06,1.21063112601405e-06,0.0,0.0,0.0,0.00017729894352669362
4524.0,0.0,0.0,0.0,0.0,0.0,0.0
4525.0,0.0,0.0,0.0,0.0,0.0,0.0
4526.0,0.0,0.0,0.0,0.0,0.0,0.0
4527.0,0.0,0.0,0.0,0.0,0.0,0.0
4528.0,0.0,0.0,0.0,0.0,0.0,0.0
4529.0,0.0,0.0,0.0,0.0,0.0,0.0
4530.0,0.0,0.0,0.0,0.0,0.0,0.0
4531.0,0.0,0.0,0.0,0.0,0.0,0.0
4532.0,0.0,0.0,0.0,0.0,0.0,0.0
4533.0,0.0,0.0,0.0,0.0,0.0,0.0
4534.0,0.0,0.0,0.0,0.0,0.0,0.0
4535.0,0.0,0.0,0.0,0.0,0.0,0.0
4536.0,0.0,0.0,0.0,0.0,0.0,0.0
4537.0,0.0,0.0,0.0,0.0,0.0,0.0
4538.0,0.0,0.0,0.0,0.0,0.0,0.0
4539.0,0.0,0.0,0.0,0.0,0.0,0.0
4540.0,0.0,0.0,0.0,0.0,0.0,0.0
4541.0,0.0,0.0,0.0,0.0,0.0,0.0
4542.0,0.0,0.0,0.0,0.0,0.0,0.0
4543.0,0.0,0.0,0.0,0.0,0.0,0.0
4544.0,0.0,0.0,0.0,0.0,0.0,0.0
4545.0,0.03976036235690117,0.03572035953402519,0.0,0.00027099790167994797,0.3402777777777778,3.313363529741764
4546.0,5.176505624149286e-07,2.6556787702247675e-07,0.0,0.0,0.0,4.3137546867910714e-05
4547.0,0.0,0.0,0.0,0.0,0.0,0.0
4548.0,0.0,0.0,0.0,0.0,0.0,0.0
4549.0,0.0,0.0,0.0,0.0,0.0,0.0
4550.0,0.0,0.0,0.0,0.0,0.0,0.0
4551.0,0.0,0.0,0.0,0.0,0.0,0.0
4552.0,0.0,0.0,0.0,0.0,0.0,0.0
4553.0,0.0,0.0,0.0,0.0,0.0,0.0
4554.0,0.0,0.0,0.0,0.0,0.0,0.0
4555.0,0.0,0.0,0.0,0.0,0.0,0.0
4556.0,0.0,0.0,0.0,0.0,0.0,0.0
4557.0,0.0,0.0,0.0,0.0,0.0,0.0
4558.0,0.0,0.0,0.0,0.0,0.0,0.0
4559.0,0.0,0.0,0.0,0.0,0.0,0.0
4560.0,0.0,0.0,0.0,0.0,0.0,0.0
4561.0,0.0,0.0,0.0,0.0,0.0,0.0
4562.0,0.0,0.0,0.0,0.0,0.0,0.0
4563.0,0.0,0.0,0.0,0.0,0.0,0.0
4564.0,0.0,0.0,0.0,0.0,0.0,0.0
4565.0,0.0,0.0,0.0,0.0,0.0,0.0
4566.0,0.0,0.0,0.0,0.0,0.0,0.0
4567.0,0.0,0.0,0.0,0.0,0.0,0.0
4568.0,0.0,0.0,0.0,0.0,0.0,0.0
4569.0,0.0,0.0,0.0,0.0,0.0,0.0
4570.0,5.176505624149286e-07,2.6556787702247675e-07,0.0,0.0,0.0,4.3137546867910714e-05
4571.0,5.176505624149286e-07,2.6556787702247675e-07,0.0,0.0,0.0,4.3137546867910714e-05
4572.0,0.0,0.0,0.0,0.0,0.0,0.0
4573.0,0.0,0.0,0.0,0.0,0.0,0.0
4574.0,0.0,0.0,0.0,0.0,0.0,0.0
4575.0,0.0,0.0,0.0,0.0,0.0,0.0
4576.0,0.0,0.0,0.0,0.0,0.0,0.0
4577.0,0.0,0.0,0.0,0.0,0.0,0.0
4578.0,0.0,0.0,0.0,0.0,0.0,0.0
4579.0,0.0,0.0,0.0,0.0,0.0,0.0
4580.0,0.0,0.0,0.0,0.0,0.0,0.0
4581.0,0.0,0.0,0.0,0.0,0.0,0.0
4582.0,0.0,0.0,0.0,0.0,0.0,0.0
4583.0,0.0,0.0,0.0,0.0,0.0,0.0
4584.0,0.0,0.0,0.0,0.0,0.0,0.0
4585.0,0.0,0.0,0.0,0.0,0.0,0.0
4586.0,0.0,0.0,0.0,0.0,0.0,0.0
4587.0,0.0,0.0,0.0,0.0,0.0,0.0
4588.0,0.0,0.0,0.0,0.0,0.0,0.0
4589.0,0.0,0.0,0.0,0.0,0.0,0.0
4590.0,0.0,0.0,0.0,0.0,0.0,0.0
4591.0,0.0,0.0,0.0,0.0,0.0,0.0
4592.0,0.0,0.0,0.0,0.0,0.0,0.0
4593.0,0.0,0.0,0.0,0.0,0.0,0.0
4594.0,0.0,0.0,0.0,0.0,0.0,0.0
4595.0,5.176505624149286e-07,2.6556787702247675e-07,0.0,0.0,0.0,4.3137546867910714e-05
4596.0,5.176505624149286e-07,2.6556787702247675e-07,0.0,0.0,0.0,4.3137546867910714e-05
4597.0,0.0,0.0,0.0,0.0,0.0,0.0
4598.0,0.0,0.0,0.0,0.0,0.0,0.0
4599.0,0.0,0.0,0.0,0.0,0.0,0.0
4600.0,0.0,0.0,0.0,0.0,0.0,0.0
4601.0,0.0,0.0,0.0,0.0,0.0,0.0
4602.0,0.0,0.0,0.0,0.0,0.0,0.0
4603.0,0.0,0.0,0.0,0.0,0.0,0.0
4604.0,0.0,0.0,0.0,0.0,0.0,0.0
4605.0,0.0,0.0,0.0,0.0,0.0,0.0
4606.0,0.0,0.0,0.0,0.0,0.0,0.0
4607.0,0.0,0.0,0.0,0.0,0.0,0.0
4608.0,0.0,0.0,0.0,0.0,0.0,0.0
4609.0,0.0,0.0,0.0,0.0,0.0,0.0
4610.0,0.0,0.0,0.0,0.0,0.0,0.0
4611.0,0.0,0.0,0.0,0.0,0.0,0.0
4612.0,0.0,0.0,0.0,0.0,0.0,0.0
4613.0,0.0,0.0,0.0,0.0,0.0,0.0
4614.0,0.0,0.0,0.0,0.0,0.0,0.0
4615.0,0.0,0.0,0.0,0.0,0.0,0.0
4616.0,0.0,0.0,0.0,0.0,0.0,0.0
4617.0,0.0,0.0,0.0,0.0,0.0,0.0
4618.0,0.0,0.0,0.0,0.0,0.0,0.0
4619.0,0.0,0.0,0.0,0.0,0.0,0.0
4620.0,5.176505624149286e-07,2.6556787702247675e-07,0.0,0.0,0.0,4.3137546867910714e-05
4621.0,5.176505624149286e-07,2.6556787702247675e-07,0.0,0.0,0.0,4.3137546867910714e-05
4622.0,0.0,0.0,0.0,0.0,0.0,0.0
4623.0,0.0,0.0,0.0,0.0,0.0,0.0
4624.0,0.01954444870352745,0.0036891784984618425,0.0,0.000582584529183805,0.07291666666666667,1.6287040586272876
4625.0,0.0,0.0,0.0,0.0,0.0,0.0
4626.0,0.0,0.0,0.0,0.0,0.0,0.0
4627.0,0.0,0.0,0.0,0.0,0.0,0.0
4628.0,0.0,0.0,0.0,0.0,0.0,0.0
4629.0,0.00014272886619437486,3.465360350674018e-05,0.0,0.0001079057838069275,0.001736111111111111,0.013488222975865938
4630.0,0.0,0.0,0.0,0.0,0.0,0.0
4631.0,0.0,0.0,0.0,0.0,0.0,0.0
4632.0,0.0,0.0,0.0,0.0,0.0,0.0
4633.0,0.0,0.0,0.0,0.0,0.0,0.0
4634.0,0.0,0.0,0.0,0.0,0.0,0.0
4635.0,0.0,0.0,0.0,0.0,0.0,0.0
4636.0,0.0,0.0,0.0,0.0,0.0,0.0
4637.0,0.0,0.0,0.0,0.0,0.0,0.0
4638.0,0.0,0.0,0.0,0.0,0.0,0.0
4639.0,0.0,0.0,0.0,0.0,0.0,0.0
4640.0,0.0,0.0,0.0,0.0,0.0,0.0
4641.0,0.0,0.0,0.0,0.0,0.0,0.0
4642.0,0.0,0.0,0.0,0.0,0.0,0.0
4643.0,0.0,0.0,0.0,0.0,0.0,0.0
4644.0,0.0,0.0,0.0,0.0,0.0,0.0
4645.0,2.3829026929433894e-07,0.0,0.0,0.0,0.0,1.9857522441194913e-05
4646.0,2.3829026929433894e-07,0.0,0.0,0.0,0.0,1.9857522441194913e-05
4647.0,0.0,0.0,0.0,0.0,0.0,0.0
4648.0,0.0,0.0,0.0,0.0,0.0,0.0
4649.0,0.0,0.0,0.0,0.0,0.0,0.0
4650.0,0.0,0.0,0.0,0.0,0.0,0.0
4651.0,0.0,0.0,0.0,0.0,0.0,0.0
4652.0,0.0,0.0,0.0,0.0,0.0,0.0
4653.0,0.0,0.0,0.0,0.0,0.0,0.0
4654.0,0.0,0.0,0.0,0.0,0.0,0.0
4655.0,0.0,0.0,0.0,0.0,0.0,0.0
4656.0,0.0,0.0,0.0,0.0,0.0,0.0
4657.0,0.0,0.0,0.0,0.0,0.0,0.0
4658.0,0.0,0.0,0.0,0.0,0.0,0.0
4659.0,0.0,0.0,0.0,0.0,0.0,0.0
4660.0,0.0,0.0,0.0,0.0,0.0,0.0
4661.0,0.0,0.0,0.0,0.0,0.0,0.0
4662.0,0.0,0.0,0.0,0.0,0.0,0.0
4663.0,0.0,0.0,0.0,0.0,0.0,0.0
4664.0,0.0,0.0,0.0,0.0,0.0,0.0
4665.0,0.0,0.0,0.0,0.0,0.0,0.0
4666.0,0.0,0.0,0.0,0.0,0.0,0.0
4667.0,0.0,0.0,0.0,0.0,0.0,0.0
4668.0,0.0,0.0,0.0,0.0,0.0,0.0
4669.0,0.0,0.0,0.0,0.0,0.0,0.0
4670.0,7.59122804083745e-06,4.754481415147893e-05,0.0,0.0,0.001736111111111111,0.011574074074074073
4671.0,8.81501764524728e-05,0.0005664657801389694,0.0,0.0,0.001736111111111111,0.014161644503474236
4672.0,6.023623063811101e-05,0.00038905313704162836,0.0,0.0,0.001736111111111111,0.011574074074074073
4673.0,0.0008843612740747631,0.005718255881220102,0.0,0.0,0.020833333333333332,0.14295639703050256
4674.0,0.00022475828882306814,0.0014533089706674218,0.0,0.0,0.006944444444444444,0.046296296296296294
4675.0,0.00010498362826183438,0.00026391781284473836,0.0,0.0,0.001736111111111111,0.011574074074074073
4676.0,6.801469135098159e-05,1.1005916178419284e-07,0.0,0.0,0.001736111111111111,0.011574074074074073
4677.0,0.00012837005488108844,0.0005826442502439022,0.0,0.0,0.001736111111111111,0.014566106256097555
4678.0,0.00013563790707848966,0.0005104465526528656,0.0,0.0,0.003472222222222222,0.023148148148148147
4679.0,0.0001960954105015844,0.0009788512252271175,0.0,0.0,0.005208333333333333,0.034722222222222224
4680.0,0.0,0.0,0.0,0.0,0.0,0.0
4681.0,0.0,0.0,0.0,0.0,0.0,0.0
4682.0,0.0,0.0,0.0,0.0,0.0,0.0
4683.0,0.0,0.0,0.0,0.0,0.0,0.0
4684.0,0.0,0.0,0.0,0.0,0.0,0.0
4685.0,0.00012872750812675804,0.0005845152190886438,0.0,0.0,0.0,0.014612880477216095
4686.0,7.027844549156725e-05,8.78258579177782e-05,0.0,0.0,0.003472222222222222,0.023148148148148147
4687.0,2.3999241420824546e-06,9.575025615049526e-06,0.0,0.0,0.0,0.00023937564037623815
4688.0,0.0,0.0,0.0,0.0,0.0,0.0
4689.0,0.00014173131785355508,0.0009158983011730015,0.0,0.0,0.003472222222222222,0.023148148148148147
4690.0,0.00013454857980832458,0.0008700043545104563,0.0,0.0,0.001736111111111111,0.021750108862761408
4691.0,0.0,0.0,0.0,0.0,0.0,0.0
4692.0,0.0,0.0,0.0,0.0,0.0,0.0
4693.0,0.0,0.0,0.0,0.0,0.0,0.0
4694.0,0.0,0.0,0.0,0.0,0.0,0.0
4695.0,2.2467334019893315e-06,1.243650240212446e-05,0.0,0.0,0.0,0.0003109125600531115
4696.0,2.3829026929433894e-07,0.0,0.0,0.0,0.0,1.9857522441194913e-05
4697.0,0.0,0.0,0.0,0.0,0.0,0.0
4698.0,0.0,0.0,0.0,0.0,0.0,0.0
4699.0,0.0,0.0,0.0,0.0,0.0,0.0
4700.0,0.0,0.0,0.0,0.0,0.0,0.0
4701.0,0.0,0.0,0.0,0.0,0.0,0.0
4702.0,0.0,0.0,0.0,0.0,0.0,0.0
4703.0,0.0,0.0,0.0,0.0,0.0,0.0
4704.0,0.0,0.0,0.0,0.0,0.0,0.0
4705.0,0.0,0.0,0.0,0.0,0.0,0.0
4706.0,0.0,0.0,0.0,0.0,0.0,0.0
4707.0,0.0,0.0,0.0,0.0,0.0,0.0
4708.0,0.0,0.0,0.0,0.0,0.0,0.0
4709.0,0.0,0.0,0.0,0.0,0.0,0.0
4710.0,0.0,0.0,0.0,0.0,0.0,0.0
4711.0,0.0,0.0,0.0,0.0,0.0,0.0
4712.0,0.0,0.0,0.0,0.0,0.0,0.0
4713.0,0.0,0.0,0.0,0.0,0.0,0.0
4714.0,0.0,0.0,0.0,0.0,0.0,0.0
4715.0,0.0,0.0,0.0,0.0,0.0,0.0
4716.0,0.0,0.0,0.0,0.0,0.0,0.0
4717.0,0.0,0.0,0.0,0.0,0.0,0.0
4718.0,0.0,0.0,0.0,0.0,0.0,0.0
4719.0,0.0,0.0,0.0,0.0,0.0,0.0
4720.0,2.3829026929433894e-07,0.0,0.0,0.0,0.0,1.9857522441194913e-05
4721.0,2.3829026929433894e-07,0.0,0.0,0.0,0.0,1.9857522441194913e-05
4722.0,0.0,0.0,0.0,0.0,0.0,0.0
4723.0,0.0,0.0,0.0,0.0,0.0,0.0
4724.0,0.0,0.0,0.0,0.0,0.0,0.0
4725.0,0.0,0.0,0.0,0.0,0.0,0.0
4726.0,0.0,0.0,0.0,0.0,0.0,0.0
4727.0,0.0,0.0,0.0,0.0,0.0,0.0
4728.0,0.0,0.0,0.0,0.0,0.0,0.0
4729.0,0.0,0.0,0.0,0.0,0.0,0.0
4730.0,0.0,0.0,0.0,0.0,0.0,0.0
4731.0,0.0,0.0,0.0,0.0,0.0,0.0
4732.0,0.0,0.0,0.0,0.0,0.0,0.0
4733.0,0.0,0.0,0.0,0.0,0.0,0.0
4734.0,0.0,0.0,0.0,0.0,0.0,0.0
4735.0,0.0,0.0,0.0,0.0,0.0,0.0
4736.0,0.0,0.0,0.0,0.0,0.0,0.0
4737.0,0.0,0.0,0.0,0.0,0.0,0.0
4738.0,0.0,0.0,0.0,0.0,0.0,0.0
4739.0,0.0,0.0,0.0,0.0,0.0,0.0
4740.0,0.0,0.0,0.0,0.0,0.0,0.0
4741.0,0.0,0.0,0.0,0.0,0.0,0.0
4742.0,0.0,0.0,0.0,0.0,0.0,0.0
4743.0,0.0,0.0,0.0,0.0,0.0,0.0
4744.0,0.0,0.0,0.0,0.0,0.0,0.0
4745.0,2.3829026929433894e-07,0.0,0.0,0.0,0.0,1.9857522441194913e-05
4746.0,2.3829026929433894e-07,0.0,0.0,0.0,0.0,1.9857522441194913e-05
4747.0,0.0,0.0,0.0,0.0,0.0,0.0
4748.0,0.0,0.0,0.0,0.0,0.0,0.0
4749.0,0.0,0.0,0.0,0.0,0.0,0.0
4750.0,0.0,0.0,0.0,0.0,0.0,0.0
4751.0,0.0,0.0,0.0,0.0,0.0,0.0
4752.0,0.0,0.0,0.0,0.0,0.0,0.0
4753.0,0.0,0.0,0.0,0.0,0.0,0.0
4754.0,0.0,0.0,0.0,0.0,0.0,0.0
4755.0,0.0,0.0,0.0,0.0,0.0,0.0
4756.0,0.0,0.0,0.0,0.0,0.0,0.0
4757.0,0.00010682186984922737,0.0,0.0,0.0,0.001736111111111111,0.011574074074074073
4758.0,1.4127176655165385e-06,0.0,0.0,0.0,0.0,0.00011772647212637821
4759.0,0.0,0.0,0.0,0.0,0.0,0.0
4760.0,0.0,0.0,0.0,0.0,0.0,0.0
4761.0,0.000498025503475219,0.0,0.0,0.0,0.0,0.04150212528960159
4762.0,0.00026931846514344215,0.0,0.0,0.0,0.0,0.02244320542862018
4763.0,0.0,0.0,0.0,0.0,0.0,0.0
4764.0,0.0,0.0,0.0,0.0,0.0,0.0
4765.0,0.0,0.0,0.0,0.0,0.0,0.0
4766.0,0.0,0.0,0.0,0.0,0.0,0.0
4767.0,0.0,0.0,0.0,0.0,0.0,0.0
4768.0,0.0,0.0,0.0,0.0,0.0,0.0
4769.0,0.0,0.0,0.0,0.0,0.0,0.0
4770.0,1.5148419834076776e-06,0.0,0.0,0.0,0.0,0.0001262368319506398
4771.0,2.5531096525810426e-07,0.0,0.0,0.0,0.0,2.1275913771508687e-05
4772.0,0.031893596053123474,0.013229183852672577,0.0,0.0006852414226159453,0.18229166666666666,2.6577996710936227
4773.0,1.5318613577619544e-07,0.0,0.0,0.0,0.0,1.2765511314682954e-05
4774.0,0.0,0.0,0.0,0.0,0.0,0.0
4775.0,0.0,0.0,0.0,0.0,0.0,0.0
4776.0,0.0,0.0,0.0,0.0,0.0,0.0
4777.0,0.0,0.0,0.0,0.0,0.0,0.0
4778.0,0.0,0.0,0.0,0.0,0.0,0.0
4779.0,0.00011091194028267637,1.651857564866077e-05,0.0,5.50895492779091e-05,0.0,0.00924266169022303
4780.0,0.0,0.0,0.0,0.0,0.0,0.0
4781.0,0.0,0.0,0.0,0.0,0.0,0.0
4782.0,0.0,0.0,0.0,0.0,0.0,0.0
4783.0,0.03191608190536499,0.01337294653058052,0.0,0.0007191075128503144,0.18229166666666666,2.659673492113749
4784.0,0.0,0.0,0.0,0.0,0.0,0.0
4785.0,0.0,0.0,0.0,0.0,0.0,0.0
4786.0,0.0,0.0,0.0,0.0,0.0,0.0
4787.0,0.031919028609991074,0.013369176536798477,0.0,0.0006852414226159453,0.18229166666666666,2.6599190508325896
4788.0,0.0,0.0,0.0,0.0,0.0,0.0
4789.0,0.0,0.0,0.0,0.0,0.0,0.0
4790.0,0.0,0.0,0.0,0.0,0.0,0.0
4791.0,0.0,0.0,0.0,0.0,0.0,0.0
4792.0,0.00011091194028267637,1.651857564866077e-05,0.0,5.50895492779091e-05,0.0,0.00924266169022303
4793.0,0.0,0.0,0.0,0.0,0.0,0.0
4794.0,0.0,0.0,0.0,0.0,0.0,0.0
4795.0,0.0,0.0,0.0,0.0,0.0,0.0
4796.0,0.0,0.0,0.0,0.0,0.0,0.0
4797.0,0.0,0.0,0.0,0.0,0.0,0.0
4798.0,0.0,0.0,0.0,0.0,0.0,0.0
4799.0,0.0,0.0,0.0,0.0,0.0,0.0
4800.0,0.0,0.0,0.0,0.0,0.0,0.0
4801.0,0.0,0.0,0.0,0.0,0.0,0.0
4802.0,0.0,0.0,0.0,0.0,0.0,0.0
4803.0,0.0,0.0,0.0,0.0,0.0,0.0
4804.0,0.0,0.0,0.0,0.0,0.0,0.0
4805.0,0.0,0.0,0.0,0.0,0.0,0.0
4806.0,0.0,0.0,0.0,0.0,0.0,0.0
4807.0,0.0,0.0,0.0,0.0,0.0,0.0
4808.0,0.0,0.0,0.0,0.0,0.0,0.0
4809.0,0.0,0.0,0.0,0.0,0.0,0.0
4810.0,0.0,0.0,0.0,0.0,0.0,0.0
4811.0,0.0,0.0,0.0,0.0,0.0,0.0
4812.0,0.0,0.0,0.0,0.0,0.0,0.0
4813.0,0.0,0.0,0.0,0.0,0.0,0.0
4814.0,0.0,0.0,0.0,0.0,0.0,0.0
4815.0,0.0,0.0,0.0,0.0,0.0,0.0
4816.0,0.0,0.0,0.0,0.0,0.0,0.0
4817.0,0.0,0.0,0.0,0.0,0.0,0.0
4818.0,0.0,0.0,0.0,0.0,0.0,0.0
4819.0,0.0,0.0,0.0,0.0,0.0,0.0
4820.0,0.0,0.0,0.0,0.0,0.0,0.0
4821.0,0.0,0.0,0.0,0.0,0.0,0.0
4822.0,0.0,0.0,0.0,0.0,0.0,0.0
4823.0,0.0,0.0,0.0,0.0,0.0,0.0
4824.0,0.0,0.0,0.0,0.0,0.0,0.0
4825.0,0.0,0.0,0.0,0.0,0.0,0.0
4826.0,0.0,0.0,0.0,0.0,0.0,0.0
4827.0,0.0,0.0,0.0,0.0,0.0,0.0
4828.0,0.0,0.0,0.0,0.0,0.0,0.0
4829.0,0.0,0.0,0.0,0.0,0.0,0.0
4830.0,0.0,0.0,0.0,0.0,0.0,0.0
4831.0,0.0,0.0,0.0,0.0,0.0,0.0
4832.0,0.0,0.0,0.0,0.0,0.0,0.0
4833.0,0.0,0.0,0.0,0.0,0.0,0.0
4834.0,0.0,0.0,0.0,0.0,0.0,0.0
4835.0,0.0,0.0,0.0,0.0,0.0,0.0
4836.0,0.0,0.0,0.0,0.0,0.0,0.0
4837.0,0.0,0.0,0.0,0.0,0.0,0.0
4838.0,0.0326974056661129,0.02047966793179512,0.0,0.0004134778864681721,0.21006944444444445,2.7247838055094085
4839.0,9.872031796476222e-07,0.0,0.0,0.0,0.0,8.226693163730185e-05
4840.0,9.872031796476222e-07,0.0,0.0,0.0,0.0,8.226693163730185e-05
4841.0,9.872031796476222e-07,0.0,0.0,0.0,0.0,8.226693163730185e-05
4842.0,9.872031796476222e-07,0.0,0.0,0.0,0.0,8.226693163730185e-05
4843.0,9.872031796476222e-07,0.0,0.0,0.0,0.0,8.226693163730185e-05
4844.0,9.872031796476222e-07,0.0,0.0,0.0,0.0,8.226693163730185e-05
4845.0,9.872031796476222e-07,0.0,0.0,0.0,0.0,8.226693163730185e-05
4846.0,8.510374271963883e-08,0.0,0.0,0.0,0.0,7.0919785599699026e-06
4847.0,1.0382650543760974e-06,0.0,0.0,0.0,0.0,8.652208786467479e-05
4848.0,9.872031796476222e-07,0.0,0.0,0.0,0.0,8.226693163730185e-05
4849.0,9.872031796476222e-07,0.0,0.0,0.0,0.0,8.226693163730185e-05
4850.0,9.872031796476222e-07,0.0,0.0,0.0,0.0,8.226693163730185e-05
4851.0,9.872031796476222e-07,0.0,0.0,0.0,0.0,8.226693163730185e-05
4852.0,9.872031796476222e-07,0.0,0.0,0.0,0.0,8.226693163730185e-05
4853.0,9.872031796476222e-07,0.0,0.0,0.0,0.0,8.226693163730185e-05
4854.0,2.5848667064565234e-05,2.8645130441873334e-05,3.979195389547385e-05,0.0,0.0,0.0021540555887137693
4855.0,2.595079058664851e-05,2.8645130441873334e-05,3.979195389547385e-05,0.0,0.0,0.0021625658822207092
4856.0,9.872031796476222e-07,0.0,0.0,0.0,0.0,8.226693163730185e-05
4857.0,9.872031796476222e-07,0.0,0.0,0.0,0.0,8.226693163730185e-05
4858.0,9.872031796476222e-07,0.0,0.0,0.0,0.0,8.226693163730185e-05
4859.0,9.872031796476222e-07,0.0,0.0,0.0,0.0,8.226693163730185e-05
4860.0,9.872031796476222e-07,0.0,0.0,0.0,0.0,8.226693163730185e-05
4861.0,9.872031796476222e-07,0.0,0.0,0.0,0.0,8.226693163730185e-05
4862.0,9.872031796476222e-07,0.0,0.0,0.0,0.0,8.226693163730185e-05
4863.0,0.0,0.0,0.0,0.0,0.0,0.0
4864.0,9.872031796476222e-07,0.0,0.0,0.0,0.0,8.226693163730185e-05
4865.0,9.872031796476222e-07,0.0,0.0,0.0,0.0,8.226693163730185e-05
4866.0,9.872031796476222e-07,0.0,0.0,0.0,0.0,8.226693163730185e-05
4867.0,9.872031796476222e-07,0.0,0.0,0.0,0.0,8.226693163730185e-05
4868.0,9.872031796476222e-07,0.0,0.0,0.0,0.0,8.226693163730185e-05
4869.0,9.872031796476222e-07,0.0,0.0,0.0,0.0,8.226693163730185e-05
4870.0,9.872031796476222e-07,0.0,0.0,0.0,0.0,8.226693163730185e-05
4871.0,8.510374271963883e-08,0.0,0.0,0.0,0.0,7.0919785599699026e-06
4872.0,1.0382650543760974e-06,0.0,0.0,0.0,0.0,8.652208786467479e-05
4873.0,0.00013112742453813553,0.0,0.0,0.0,0.005208333333333333,0.034722222222222224
4874.0,0.0007631738553754985,0.0,0.0,0.0,0.013888888888888888,0.09259259259259259
4875.0,0.00043288731831125915,0.0,0.0,0.0,0.010416666666666666,0.06944444444444445
4876.0,0.0008956629899330437,0.0,0.0,0.0,0.022569444444444444,0.15046296296296297
4877.0,0.00029073047335259616,0.0,0.0,0.0,0.005208333333333333,0.034722222222222224
4878.0,0.00022937088215257972,0.0,0.0,0.0,0.001736111111111111,0.019114240179381643
4879.0,0.00035989677417092025,6.276293424889445e-05,3.979195389547385e-05,0.0,0.003472222222222222,0.029991397847576685
4880.0,0.00029686916968785226,2.8645130441873334e-05,3.979195389547385e-05,0.0,0.001736111111111111,0.024739097473987687
4881.0,9.191191452373459e-07,0.0,0.0,0.0,0.0,7.659326210311217e-05
4882.0,9.191191452373459e-07,0.0,0.0,0.0,0.0,7.659326210311217e-05
4883.0,9.191191452373459e-07,0.0,0.0,0.0,0.0,7.659326210311217e-05
4884.0,7.349536463152617e-05,0.0002765744284261018,0.0,0.0,0.001736111111111111,0.011574074074074073
4885.0,0.0001523011742392555,0.0009787410963326693,0.0,0.0,0.001736111111111111,0.02446852740831673
4886.0,0.0001047283221851103,0.0,0.0,0.0,0.001736111111111111,0.011574074074074073
4887.0,9.191191452373459e-07,0.0,0.0,0.0,0.0,7.659326210311217e-05
4888.0,7.761436791042797e-06,1.166608853964135e-05,0.0,0.0,0.0,0.0006467863992535664
4889.0,0.0,0.0,0.0,0.0,0.0,0.0
4890.0,0.0,0.0,0.0,0.0,0.0,0.0
4891.0,0.0,0.0,0.0,0.0,0.0,0.0
4892.0,0.0,0.0,0.0,0.0,0.0,0.0
4893.0,0.0,0.0,0.0,0.0,0.0,0.0
4894.0,0.0,0.0,0.0,0.0,0.0,0.0
4895.0,0.0,0.0,0.0,0.0,0.0,0.0
4896.0,4.4253991404730186e-07,0.0,0.0,0.0,0.0,3.687832617060849e-05
4897.0,4.4253991404730186e-07,0.0,0.0,0.0,0.0,3.687832617060849e-05
4898.0,0.0,0.0,0.0,0.0,0.0,0.0
4899.0,6.753811612725258e-05,0.0,0.0,0.0,0.0,0.005628176343937715
4900.0,1.0212391998720705e-07,0.0,0.0,0.0,0.0,8.510326665600587e-06
4901.0,0.0,0.0,0.0,0.0,0.0,0.0
4902.0,0.0,0.0,0.0,0.0,0.0,0.0
4903.0,6.728280277457088e-05,0.0,0.0,0.0,0.0,0.00560690023121424
4904.0,2.6614598027663305e-05,2.875519021472428e-05,3.979195389547385e-05,0.0,0.0,0.0022178831689719423
4905.0,2.6529492970439605e-05,2.875519021472428e-05,3.979195389547385e-05,0.0,0.0,0.002210791080869967
4906.0,0.00017652162932790816,3.3017246892086405e-07,0.0,0.0,0.001736111111111111,0.014710135777325679
4907.0,2.3828974349271448e-07,0.0,0.0,0.0,0.0,1.9857478624392872e-05
4908.0,0.00019102325313724577,0.0,0.0,0.0,0.003472222222222222,0.023148148148148147
4909.0,0.0,0.0,0.0,0.0,0.0,0.0
4910.0,0.0,0.0,0.0,0.0,0.0,0.0
4911.0,0.0,0.0,0.0,0.0,0.0,0.0
4912.0,0.0,0.0,0.0,0.0,0.0,0.0
4913.0,4.101994363736594e-06,3.3017246892086405e-07,0.0,0.0,0.0,0.00034183286364471616
4914.0,0.0,0.0,0.0,0.0,0.0,0.0
4915.0,0.0,0.0,0.0,0.0,0.0,0.0
4916.0,0.0,0.0,0.0,0.0,0.0,0.0
4917.0,0.00015148415695875883,0.0009795116493478417,0.0,0.0,0.001736111111111111,0.024487791233696043
4918.0,0.0,0.0,0.0,0.0,0.0,0.0
4919.0,0.0,0.0,0.0,0.0,0.0,0.0
4920.0,0.0,0.0,0.0,0.0,0.0,0.0
4921.0,4.4253991404730186e-07,0.0,0.0,0.0,0.0,3.687832617060849e-05
4922.0,0.00019178919319529086,0.0,0.0,0.0,0.003472222222222222,0.023148148148148147
4923.0,0.0,0.0,0.0,0.0,0.0,0.0
4924.0,0.0,0.0,0.0,0.0,0.0,0.0
4925.0,0.0,0.0,0.0,0.0,0.0,0.0
4926.0,0.00014482908591162413,0.0,0.0,0.0,0.003472222222222222,0.023148148148148147
4927.0,0.0,0.0,0.0,0.0,0.0,0.0
4928.0,0.0,0.0,0.0,0.0,0.0,0.0
4929.0,3.801845741691068e-05,2.875519021472428e-05,3.979195389547385e-05,0.0,0.0,0.0031682047847425565
4930.0,0.00010533530439715832,2.875519021472428e-05,3.979195389547385e-05,0.0,0.001736111111111111,0.011574074074074073
4931.0,0.00011511094635352492,0.0,0.0,0.0,0.001736111111111111,0.011574074074074073
4932.0,0.00010360496526118368,0.0,0.0,0.0,0.001736111111111111,0.011574074074074073
4933.0,0.0,0.0,0.0,0.0,0.0,0.0
4934.0,0.0,0.0,0.0,0.0,0.0,0.0
4935.0,0.00018123634799849242,0.0,0.0,0.0,0.006944444444444444,0.046296296296296294
4936.0,0.0,0.0,0.0,0.0,0.0,0.0
4937.0,0.0,0.0,0.0,0.0,0.0,0.0
4938.0,9.44308121688664e-05,0.0,0.0,0.0,0.0,0.007869234347405532
4939.0,1.3565492736233864e-05,0.0,0.0,0.0,0.001736111111111111,0.011574074074074073
4940.0,0.0,0.0,0.0,0.0,0.0,0.0
4941.0,0.0,0.0,0.0,0.0,0.0,0.0
4942.0,0.00014605456090066582,0.0003317132359370589,0.0,0.0,0.003472222222222222,0.023148148148148147
4943.0,0.0,0.0,0.0,0.0,0.0,0.0
4944.0,0.00010709420894272625,0.0006924816407263279,0.0,0.0,0.003472222222222222,0.023148148148148147
4945.0,0.0,0.0,0.0,0.0,0.0,0.0
4946.0,2.927563400589861e-06,7.704016752541065e-06,0.0,0.0,0.0,0.00024396361671582173
4947.0,0.00018183208885602653,0.0,0.0,0.0,0.006944444444444444,0.046296296296296294
4948.0,0.0,0.0,0.0,0.0,0.0,0.0
4949.0,0.0,0.0,0.0,0.0,0.0,0.0
4950.0,0.0,0.0,0.0,0.0,0.0,0.0
4951.0,0.00011272804840700701,0.0,0.0,0.0,0.001736111111111111,0.011574074074074073
4952.0,0.0,0.0,0.0,0.0,0.0,0.0
4953.0,0.0,0.0,0.0,0.0,0.0,0.0
4954.0,0.00011631366214714944,2.9195420211181045e-05,3.979195389547385e-05,0.0,0.0,0.00969280517892912
4955.0,2.7499674615683034e-05,2.9195420211181045e-05,3.979195389547385e-05,0.0,0.0,0.0022916395513069196
4956.0,7.451660349033773e-05,0.0,0.0,0.0,0.0,0.006209716957528144
4957.0,3.9079513953765854e-05,0.0,0.0,0.0,0.001736111111111111,0.011574074074074073
4958.0,0.0,0.0,0.0,0.0,0.0,0.0
4959.0,7.233794895000756e-05,0.00027635428705252707,0.0,0.0,0.001736111111111111,0.011574074074074073
4960.0,0.0,0.0,0.0,0.0,0.0,0.0
4961.0,0.0,0.0,0.0,0.0,0.0,0.0
4962.0,7.563996041426435e-05,0.0,0.0,0.0,0.005208333333333333,0.034722222222222224
4963.0,0.0001795853313524276,0.0,0.0,0.0,0.0,0.014965444279368967
4964.0,2.0663122995756567e-05,0.0,0.0,0.0,0.0,0.0017219269163130473
4965.0,0.0,0.0,0.0,0.0,0.0,0.0
4966.0,0.0004439337062649429,8.716551383258775e-05,0.0,0.0,0.003472222222222222,0.036994475522078574
4967.0,2.500340087863151e-05,0.0,0.0,0.0,0.0,0.0020836167398859593
4968.0,0.0,0.0,0.0,0.0,0.0,0.0
4969.0,0.0,0.0,0.0,0.0,0.0,0.0
4970.0,0.0,0.0,0.0,0.0,0.0,0.0
4971.0,9.514569683233276e-06,9.905173783408827e-07,0.0,0.0,0.0,0.0007928808069361063
4972.0,4.4253991404730186e-07,0.0,0.0,0.0,0.0,3.687832617060849e-05
4973.0,0.0,0.0,0.0,0.0,0.0,0.0
4974.0,0.0,0.0,0.0,0.0,0.0,0.0
4975.0,0.0,0.0,0.0,0.0,0.0,0.0
4976.0,0.0,0.0,0.0,0.0,0.0,0.0
4977.0,0.0,0.0,0.0,0.0,0.0,0.0
4978.0,0.0,0.0,0.0,0.0,0.0,0.0
4979.0,2.8486872906796634e-05,2.9195420211181045e-05,3.979195389547385e-05,0.0,0.0,0.0023739060755663863
4980.0,2.8486872906796634e-05,2.9195420211181045e-05,3.979195389547385e-05,0.0,0.0,0.0023739060755663863
4981.0,0.0,0.0,0.0,0.0,0.0,0.0
4982.0,0.0,0.0,0.0,0.0,0.0,0.0
4983.0,0.0,0.0,0.0,0.0,0.0,0.0
4984.0,0.0,0.0,0.0,0.0,0.0,0.0
4985.0,0.0,0.0,0.0,0.0,0.0,0.0
4986.0,0.0,0.0,0.0,0.0,0.0,0.0
4987.0,0.0,0.0,0.0,0.0,0.0,0.0
4988.0,0.0,0.0,0.0,0.0,0.0,0.0
4989.0,0.0,0.0,0.0,0.0,0.0,0.0
4990.0,0.0,0.0,0.0,0.0,0.0,0.0
4991.0,0.0,0.0,0.0,0.0,0.0,0.0
4992.0,0.0,0.0,0.0,0.0,0.0,0.0
4993.0,0.0,0.0,0.0,0.0,0.0,0.0
4994.0,0.0,0.0,0.0,0.0,0.0,0.0
4995.0,0.0,0.0,0.0,0.0,0.0,0.0
4996.0,4.4253991404730186e-07,0.0,0.0,0.0,0.0,3.687832617060849e-05
4997.0,4.4253991404730186e-07,0.0,0.0,0.0,0.0,3.687832617060849e-05
4998.0,0.0,0.0,0.0,0.0,0.0,0.0
4999.0,0.0,0.0,0.0,0.0,0.0,0.0
5000.0,0.0,0.0,0.0,0.0,0.0,0.0
5001.0,0.0,0.0,0.0,0.0,0.0,0.0
5002.0,0.0,0.0,0.0,0.0,0.0,0.0
5003.0,0.0,0.0,0.0,0.0,0.0,0.0
5004.0,2.8486872906796634e-05,2.9195420211181045e-05,3.979195389547385e-05,0.0,0.0,0.0023739060755663863
5005.0,2.8486872906796634e-05,2.9195420211181045e-05,3.979195389547385e-05,0.0,0.0,0.0023739060755663863
5006.0,0.0,0.0,0.0,0.0,0.0,0.0
5007.0,0.0,0.0,0.0,0.0,0.0,0.0
5008.0,0.0,0.0,0.0,0.0,0.0,0.0
5009.0,0.0,0.0,0.0,0.0,0.0,0.0
5010.0,0.0,0.0,0.0,0.0,0.0,0.0
5011.0,0.0,0.0,0.0,0.0,0.0,0.0
5012.0,0.0,0.0,0.0,0.0,0.0,0.0
5013.0,0.0,0.0,0.0,0.0,0.0,0.0
5014.0,0.0,0.0,0.0,0.0,0.0,0.0
5015.0,0.0,0.0,0.0,0.0,0.0,0.0
5016.0,0.0,0.0,0.0,0.0,0.0,0.0
5017.0,0.04790955409407616,0.02129431441426277,3.0443079594988376e-05,0.00027726514963433146,0.3489583333333333,3.9924628411730128
5018.0,1.6049812984419987e-05,6.224958269740455e-06,3.0443079594988376e-05,0.0,0.0,0.0013374844153683323
5019.0,0.0,0.0,0.0,0.0,0.0,0.0
5020.0,0.0,0.0,0.0,0.0,0.0,0.0
5021.0,0.0,0.0,0.0,0.0,0.0,0.0
5022.0,0.0,0.0,0.0,0.0,0.0,0.0
5023.0,0.0,0.0,0.0,0.0,0.0,0.0
5024.0,0.0,0.0,0.0,0.0,0.0,0.0
5025.0,0.0,0.0,0.0,0.0,0.0,0.0
5026.0,0.0,0.0,0.0,0.0,0.0,0.0
5027.0,0.0,0.0,0.0,0.0,0.0,0.0
5028.0,0.0,0.0,0.0,0.0,0.0,0.0
5029.0,0.0,0.0,0.0,0.0,0.0,0.0
5030.0,0.0,0.0,0.0,0.0,0.0,0.0
5031.0,0.0,0.0,0.0,0.0,0.0,0.0
5032.0,0.0,0.0,0.0,0.0,0.0,0.0
5033.0,0.0,0.0,0.0,0.0,0.0,0.0
5034.0,0.0,0.0,0.0,0.0,0.0,0.0
5035.0,0.0,0.0,0.0,0.0,0.0,0.0
5036.0,0.0,0.0,0.0,0.0,0.0,0.0
5037.0,0.0,0.0,0.0,0.0,0.0,0.0
5038.0,0.0,0.0,0.0,0.0,0.0,0.0
5039.0,0.0,0.0,0.0,0.0,0.0,0.0
5040.0,0.0,0.0,0.0,0.0,0.0,0.0
5041.0,0.0,0.0,0.0,0.0,0.0,0.0
5042.0,1.6049812984419987e-05,6.224958269740455e-06,3.0443079594988376e-05,0.0,0.0,0.0013374844153683323
5043.0,1.6049812984419987e-05,6.224958269740455e-06,3.0443079594988376e-05,0.0,0.0,0.0013374844153683323
5044.0,0.00014617369743064046,0.0007574155461043119,0.0,0.0,0.005208333333333333,0.034722222222222224
5045.0,0.0011028558947145939,0.007131063845008612,0.0,0.0,0.022569444444444444,0.1782765961252153
5046.0,0.0005191481322981417,0.00011776149040088058,0.0,0.0,0.008680555555555556,0.05787037037037038
5047.0,0.0011962484568357468,0.0018989316886290908,0.0,0.0,0.026041666666666668,0.17361111111111113
5048.0,0.00029047514544799924,0.0,0.0,0.0,0.003472222222222222,0.024206262120666604
5049.0,0.00018904884927906096,0.001222408376634121,0.0,0.0,0.001736111111111111,0.030560209415853024
5050.0,0.0,0.0,0.0,0.0,0.0,0.0
5051.0,0.0003403125738259405,0.0020991263445466757,0.0,0.0,0.012152777777777778,0.08101851851851852
5052.0,0.0003192995209246874,0.0020640178117901087,0.0,0.0,0.010416666666666666,0.06944444444444445
5053.0,0.0,0.0,0.0,0.0,0.0,0.0
5054.0,0.0,0.0,0.0,0.0,0.0,0.0
5055.0,0.0,0.0,0.0,0.0,0.0,0.0
5056.0,0.00015587551752105355,0.0009085244382731616,0.0,0.0,0.0,0.02271311095682904
5057.0,9.774984937394038e-05,0.0006012439844198525,0.0,0.0,0.003472222222222222,0.023148148148148147
5058.0,6.978485180297866e-05,0.00044221096322871745,0.0,0.0,0.0,0.011055274080717936
5059.0,9.631593457015697e-06,5.877073999727145e-05,0.0,0.0,0.0,0.0014692684999317862
5060.0,0.0,0.0,0.0,0.0,0.0,0.0
5061.0,0.0,0.0,0.0,0.0,0.0,0.0
5062.0,0.0,0.0,0.0,0.0,0.0,0.0
5063.0,0.0,0.0,0.0,0.0,0.0,0.0
5064.0,0.0,0.0,0.0,0.0,0.0,0.0
5065.0,0.0001841639168560505,0.0011884006671607494,0.0,0.0,0.003472222222222222,0.029710016679018736
5066.0,0.00020894603221677244,0.001351065468043089,0.0,0.0,0.0,0.03377663670107722
5067.0,0.0003009762440342456,0.0018467162735760212,3.0443079594988376e-05,0.0,0.0,0.04616790683940053
5068.0,7.07322105881758e-05,9.086457794182934e-06,3.0443079594988376e-05,0.0,0.003472222222222222,0.023148148148148147
5069.0,3.712213219841942e-05,0.0,0.0,0.0,0.0,0.003093511016534952
5070.0,0.0,0.0,0.0,0.0,0.0,0.0
5071.0,0.0,0.0,0.0,0.0,0.0,0.0
5072.0,0.0,0.0,0.0,0.0,0.0,0.0
5073.0,0.0,0.0,0.0,0.0,0.0,0.0
5074.0,4.5360149670159444e-05,0.00010268361074849963,0.0,0.0,0.0,0.003780012472513287
5075.0,1.0808140359586105e-05,0.0,0.0,0.0,0.0,0.000900678363298842
5076.0,1.6169658465514658e-06,1.4307423725767876e-06,0.0,0.0,0.0,0.00013474715387928882
5077.0,0.0,0.0,0.0,0.0,0.0,0.0
5078.0,0.0,0.0,0.0,0.0,0.0,0.0
5079.0,0.0,0.0,0.0,0.0,0.0,0.0
5080.0,0.0,0.0,0.0,0.0,0.0,0.0
5081.0,0.0,0.0,0.0,0.0,0.0,0.0
5082.0,0.0,0.0,0.0,0.0,0.0,0.0
5083.0,0.0,0.0,0.0,0.0,0.0,0.0
5084.0,0.0,0.0,0.0,0.0,0.0,0.0
5085.0,0.0,0.0,0.0,0.0,0.0,0.0
5086.0,0.0,0.0,0.0,0.0,0.0,0.0
5087.0,0.0,0.0,0.0,0.0,0.0,0.0
5088.0,0.0,0.0,0.0,0.0,0.0,0.0
5089.0,0.0,0.0,0.0,0.0,0.0,0.0
5090.0,0.0,0.0,0.0,0.0,0.0,0.0
5091.0,0.0,0.0,0.0,0.0,0.0,0.0
5092.0,1.6589387087151408e-05,9.086457794182934e-06,3.0443079594988376e-05,0.0,0.0,0.001382448923929284
5093.0,1.6589387087151408e-05,9.086457794182934e-06,3.0443079594988376e-05,0.0,0.0,0.001382448923929284
5094.0,0.0005481854896061122,0.0,0.0,0.0,0.013888888888888888,0.09259259259259259
5095.0,0.00025393173564225435,0.0,0.0,0.0,0.010416666666666666,0.06944444444444445
5096.0,0.00034153726301155984,0.0,0.0,0.0,0.010416666666666666,0.06944444444444445
5097.0,0.000408343446906656,0.0,0.0,0.0,0.017361111111111112,0.11574074074074076
5098.0,0.00024004284932743758,0.0,0.0,0.0,0.0,0.020003570777286466
5099.0,0.0,0.0,0.0,0.0,0.0,0.0
5100.0,0.0,0.0,0.0,0.0,0.0,0.0
5101.0,1.4716880286869127e-05,0.0,0.0,0.0,0.0,0.0012264066905724273
5102.0,0.00020777159079443663,0.0,0.0,0.0,0.003472222222222222,0.023148148148148147
5103.0,0.00017951727204490453,0.0,0.0,0.0,0.003472222222222222,0.023148148148148147
5104.0,3.1147872050496517e-06,0.0,0.0,0.0,0.0,0.0002595656004208043
5105.0,0.0,0.0,0.0,0.0,0.0,0.0
5106.0,0.0,0.0,0.0,0.0,0.0,0.0
5107.0,0.0,0.0,0.0,0.0,0.0,0.0
5108.0,0.0,0.0,0.0,0.0,0.0,0.0
5109.0,6.672112704109168e-06,0.0,0.0,0.0,0.0,0.0005560093920090973
5110.0,1.702069596376532e-08,1.1005748490333644e-07,0.0,0.0,0.0,2.751437122583411e-06
5111.0,0.007391985971480608,0.021590635180473328,0.0,0.0,0.15625,1.0416666666666667
5112.0,0.0,0.0,0.0,0.0,0.0,0.0
5113.0,0.0,0.0,0.0,0.0,0.0,0.0
5114.0,0.0,0.0,0.0,0.0,0.0,0.0
5115.0,0.0,0.0,0.0,0.0,0.0,0.0
5116.0,0.0,0.0,0.0,0.0,0.0,0.0
5117.0,1.644721305638086e-05,6.224958269740455e-06,3.0443079594988376e-05,0.0,0.0,0.0013706010880317383
5118.0,1.6049812984419987e-05,6.224958269740455e-06,3.0443079594988376e-05,0.0,0.0,0.0013374844153683323
5119.0,0.0,0.0,0.0,0.0,0.0,0.0
5120.0,0.0,0.0,0.0,0.0,0.0,0.0
5121.0,0.0,0.0,0.0,0.0,0.0,0.0
5122.0,0.0,0.0,0.0,0.0,0.0,0.0
5123.0,0.0,0.0,0.0,0.0,0.0,0.0
5124.0,0.0,0.0,0.0,0.0,0.0,0.0
5125.0,0.0,0.0,0.0,0.0,0.0,0.0
5126.0,0.0,0.0,0.0,0.0,0.0,0.0
5127.0,0.0,0.0,0.0,0.0,0.0,0.0
5128.0,0.0,0.0,0.0,0.0,0.0,0.0
5129.0,0.0,0.0,0.0,0.0,0.0,0.0
5130.0,0.0,0.0,0.0,0.0,0.0,0.0
5131.0,0.0,0.0,0.0,0.0,0.0,0.0
5132.0,0.0,0.0,0.0,0.0,0.0,0.0
5133.0,0.0,0.0,0.0,0.0,0.0,0.0
5134.0,0.00012208340922370553,0.0007890019915066659,0.0,0.0,0.005208333333333333,0.034722222222222224
5135.0,0.0007854819996282458,0.005076841451227665,0.0,0.0,0.019097222222222224,0.12731481481481483
5136.0,0.0007356684654951096,0.004756023641675711,0.0,0.0,0.019097222222222224,0.12731481481481483
5137.0,0.00020120163389947265,0.0013009895337745547,0.0,0.0,0.001736111111111111,0.03252473834436387
5138.0,6.469568324973807e-05,0.0004183285345789045,0.0,0.0,0.0,0.010458213364472613
5139.0,0.0001511267473688349,0.0009772003395482898,0.0,0.0,0.0,0.024430008488707244
5140.0,0.00023466430138796568,0.0015173624269664288,0.0,0.0,0.0,0.03793406067416072
5141.0,0.0002536764368414879,0.0016402967739850283,0.0,0.0,0.0,0.04100741934962571
5142.0,0.00014394312165677547,0.0008314347360283136,3.0443079594988376e-05,0.0,0.003472222222222222,0.023148148148148147
5143.0,9.743840928422287e-05,0.0005315010785125196,3.0443079594988376e-05,0.0,0.001736111111111111,0.01328752696281299
5144.0,6.46786156721646e-06,4.1821826016530395e-05,0.0,0.0,0.0,0.0010455456504132599
5145.0,0.0,0.0,0.0,0.0,0.0,0.0
5146.0,0.0,0.0,0.0,0.0,0.0,0.0
5147.0,0.0,0.0,0.0,0.0,0.0,0.0
5148.0,0.0,0.0,0.0,0.0,0.0,0.0
5149.0,0.0,0.0,0.0,0.0,0.0,0.0
5150.0,0.0,0.0,0.0,0.0,0.0,0.0
5151.0,2.0756051526404917e-06,1.1109859769931063e-05,0.0,0.0,0.0,0.0002777464942482766
5152.0,0.0,0.0,0.0,0.0,0.0,0.0
5153.0,0.0,0.0,0.0,0.0,0.0,0.0
5154.0,0.0,0.0,0.0,0.0,0.0,0.0
5155.0,0.0,0.0,0.0,0.0,0.0,0.0
5156.0,0.0,0.0,0.0,0.0,0.0,0.0
5157.0,0.0,0.0,0.0,0.0,0.0,0.0
5158.0,0.0,0.0,0.0,0.0,0.0,0.0
5159.0,0.0,0.0,0.0,0.0,0.0,0.0
5160.0,0.0,0.0,0.0,0.0,0.0,0.0
5161.0,0.0,0.0,0.0,0.0,0.0,0.0
5162.0,0.0,0.0,0.0,0.0,0.0,0.0
5163.0,0.0,0.0,0.0,0.0,0.0,0.0
5164.0,0.0,0.0,0.0,0.0,0.0,0.0
5165.0,0.0,0.0,0.0,0.0,0.0,0.0
5166.0,0.0,0.0,0.0,0.0,0.0,0.0
5167.0,1.688038719294127e-05,1.1595534488151316e-05,3.0443079594988376e-05,0.0,0.0,0.0014066989327451058
5168.0,1.688038719294127e-05,1.1595534488151316e-05,3.0443079594988376e-05,0.0,0.0,0.0014066989327451058
5169.0,0.00013453155406750739,0.0004894255544058979,0.0,0.0,0.003472222222222222,0.023148148148148147
5170.0,9.919660078594461e-05,0.0006414148956537247,0.0,0.0,0.0,0.016035372391343117
5171.0,4.983659528079443e-05,0.00032158795511350036,0.0,0.0,0.0,0.008039698877837509
5172.0,0.0,0.0,0.0,0.0,0.0,0.0
5173.0,0.0,0.0,0.0,0.0,0.0,0.0
5174.0,0.0,0.0,0.0,0.0,0.0,0.0
5175.0,0.0001901381474453956,0.0,0.0,0.0,0.005208333333333333,0.034722222222222224
5176.0,0.0006016254192218184,1.529797191324178e-05,0.0,0.0,0.015625,0.10416666666666667
5177.0,0.0005526788881979883,0.0,0.0,0.0,0.008680555555555556,0.05787037037037038
5178.0,5.0194030336569995e-05,0.0,0.0,0.0,0.0,0.004182835861380833
5179.0,0.0002063418651232496,0.0,0.0,0.0,0.0,0.017195155426937465
5180.0,6.418503471650183e-05,0.0,0.0,0.0,0.003472222222222222,0.023148148148148147
5181.0,0.0,0.0,0.0,0.0,0.0,0.0
5182.0,0.0,0.0,0.0,0.0,0.0,0.0
5183.0,0.00023350691481027752,0.0,0.0,0.0,0.0,0.019458909567523126
5184.0,0.00011582075239857659,0.0,0.0,0.0,0.0,0.009651729366548048
5185.0,0.0,0.0,0.0,0.0,0.0,0.0
5186.0,0.0,0.0,0.0,0.0,0.0,0.0
5187.0,0.0,0.0,0.0,0.0,0.0,0.0
5188.0,0.0,0.0,0.0,0.0,0.0,0.0
5189.0,0.0,0.0,0.0,0.0,0.0,0.0
5190.0,0.0,0.0,0.0,0.0,0.0,0.0
5191.0,0.0,0.0,0.0,0.0,0.0,0.0
5192.0,1.7391008441336453e-05,1.3026284250372555e-05,3.0443079594988376e-05,0.0,0.0,0.0014492507034447044
5193.0,1.7391008441336453e-05,1.3026284250372555e-05,3.0443079594988376e-05,0.0,0.0,0.0014492507034447044
5194.0,0.0,0.0,0.0,0.0,0.0,0.0
5195.0,0.0,0.0,0.0,0.0,0.0,0.0
5196.0,0.0,0.0,0.0,0.0,0.0,0.0
5197.0,0.0,0.0,0.0,0.0,0.0,0.0
5198.0,0.0,0.0,0.0,0.0,0.0,0.0
5199.0,0.0,0.0,0.0,0.0,0.0,0.0
5200.0,0.0,0.0,0.0,0.0,0.0,0.0
5201.0,0.0,0.0,0.0,0.0,0.0,0.0
5202.0,0.0,0.0,0.0,0.0,0.0,0.0
5203.0,0.0,0.0,0.0,0.0,0.0,0.0
5204.0,0.0,0.0,0.0,0.0,0.0,0.0
5205.0,0.0,0.0,0.0,0.0,0.0,0.0
5206.0,0.0,0.0,0.0,0.0,0.0,0.0
5207.0,0.0,0.0,0.0,0.0,0.0,0.0
5208.0,0.0,0.0,0.0,0.0,0.0,0.0
5209.0,0.0,0.0,0.0,0.0,0.0,0.0
5210.0,0.0,0.0,0.0,0.0,0.0,0.0
5211.0,0.0,0.0,0.0,0.0,0.0,0.0
5212.0,0.0,0.0,0.0,0.0,0.0,0.0
5213.0,0.0,0.0,0.0,0.0,0.0,0.0
5214.0,0.0,0.0,0.0,0.0,0.0,0.0
5215.0,0.0,0.0,0.0,0.0,0.0,0.0
5216.0,0.0,0.0,0.0,0.0,0.0,0.0
5217.0,1.7391008441336453e-05,1.3026284250372555e-05,3.0443079594988376e-05,0.0,0.0,0.0014492507034447044
5218.0,1.7391008441336453e-05,1.3026284250372555e-05,3.0443079594988376e-05,0.0,0.0,0.0014492507034447044
5219.0,0.0,0.0,0.0,0.0,0.0,0.0
5220.0,0.0050108241848647594,0.019135581329464912,0.0,0.0,0.07291666666666667,0.48611111111111116
5221.0,0.0,0.0,0.0,0.0,0.0,0.0
5222.0,0.0,0.0,0.0,0.0,0.0,0.0
5223.0,0.0,0.0,0.0,0.0,0.0,0.0
5224.0,0.0,0.0,0.0,0.0,0.0,0.0
5225.0,0.0,0.0,0.0,0.0,0.0,0.0
5226.0,5.338541768651339e-07,3.121778945569531e-06,0.0,0.0,0.0,7.804447363923828e-05
5227.0,0.0,0.0,0.0,0.0,0.0,0.0
5228.0,0.0,0.0,0.0,0.0,0.0,0.0
5229.0,0.0,0.0,0.0,0.0,0.0,0.0
5230.0,0.0,0.0,0.0,0.0,0.0,0.0
5231.0,0.0,0.0,0.0,0.0,0.0,0.0
5232.0,0.0,0.0,0.0,0.0,0.0,0.0
5233.0,0.0,0.0,0.0,0.0,0.0,0.0
5234.0,0.0,0.0,0.0,0.0,0.0,0.0
5235.0,0.0,0.0,0.0,0.0,0.0,0.0
5236.0,0.0,0.0,0.0,0.0,0.0,0.0
5237.0,6.808278385506128e-08,0.0,0.0,0.0,0.0,5.673565321255107e-06
5238.0,0.042007219046354294,0.00421352032572031,0.0,0.0004193801723886281,0.2222222222222222,3.5006015871961913
5239.0,0.0,0.0,0.0,0.0,0.0,0.0
5240.0,0.0,0.0,0.0,0.0,0.0,0.0
5241.0,0.0,0.0,0.0,0.0,0.0,0.0
5242.0,0.0,0.0,0.0,0.0,0.0,0.0
5243.0,0.0,0.0,0.0,0.0,0.0,0.0
5244.0,0.0,0.0,0.0,0.0,0.0,0.0
5245.0,0.0,0.0,0.0,0.0,0.0,0.0
5246.0,0.0,0.0,0.0,0.0,0.0,0.0
5247.0,0.0,0.0,0.0,0.0,0.0,0.0
5248.0,0.0,0.0,0.0,0.0,0.0,0.0
5249.0,0.0,0.0,0.0,0.0,0.0,0.0
5250.0,0.0,0.0,0.0,0.0,0.0,0.0
5251.0,0.0,0.0,0.0,0.0,0.0,0.0
5252.0,0.0,0.0,0.0,0.0,0.0,0.0
5253.0,0.0,0.0,0.0,0.0,0.0,0.0
5254.0,5.61685340016993e-07,1.1005916178419284e-07,0.0,0.0,0.0,4.680711166808275e-05
5255.0,5.61685340016993e-07,1.1005916178419284e-07,0.0,0.0,0.0,4.680711166808275e-05
5256.0,0.0,0.0,0.0,0.0,0.0,0.0
5257.0,0.0,0.0,0.0,0.0,0.0,0.0
5258.0,0.0,0.0,0.0,0.0,0.0,0.0
5259.0,0.0,0.0,0.0,0.0,0.0,0.0
5260.0,0.0,0.0,0.0,0.0,0.0,0.0
5261.0,0.0,0.0,0.0,0.0,0.0,0.0
5262.0,0.0,0.0,0.0,0.0,0.0,0.0
5263.0,0.0,0.0,0.0,0.0,0.0,0.0
5264.0,0.0,0.0,0.0,0.0,0.0,0.0
5265.0,0.0,0.0,0.0,0.0,0.0,0.0
5266.0,0.0,0.0,0.0,0.0,0.0,0.0
5267.0,0.0,0.0,0.0,0.0,0.0,0.0
5268.0,0.0,0.0,0.0,0.0,0.0,0.0
5269.0,0.0,0.0,0.0,0.0,0.0,0.0
5270.0,0.0,0.0,0.0,0.0,0.0,0.0
5271.0,0.0,0.0,0.0,0.0,0.0,0.0
5272.0,0.0,0.0,0.0,0.0,0.0,0.0
5273.0,0.0,0.0,0.0,0.0,0.0,0.0
5274.0,0.0,0.0,0.0,0.0,0.0,0.0
5275.0,0.0,0.0,0.0,0.0,0.0,0.0
5276.0,0.0,0.0,0.0,0.0,0.0,0.0
5277.0,0.0,0.0,0.0,0.0,0.0,0.0
5278.0,0.0,0.0,0.0,0.0,0.0,0.0
5279.0,5.61685340016993e-07,1.1005916178419284e-07,0.0,0.0,0.0,4.680711166808275e-05
5280.0,5.61685340016993e-07,1.1005916178419284e-07,0.0,0.0,0.0,4.680711166808275e-05
5281.0,0.0,0.0,0.0,0.0,0.0,0.0
5282.0,0.0,0.0,0.0,0.0,0.0,0.0
5283.0,0.0,0.0,0.0,0.0,0.0,0.0
5284.0,0.0,0.0,0.0,0.0,0.0,0.0
5285.0,0.0,0.0,0.0,0.0,0.0,0.0
5286.0,0.0,0.0,0.0,0.0,0.0,0.0
5287.0,0.0,0.0,0.0,0.0,0.0,0.0
5288.0,0.0,0.0,0.0,0.0,0.0,0.0
5289.0,0.0,0.0,0.0,0.0,0.0,0.0
5290.0,0.0,0.0,0.0,0.0,0.0,0.0
5291.0,0.0,0.0,0.0,0.0,0.0,0.0
5292.0,7.05677957739681e-05,0.0,0.0,0.0,0.003472222222222222,0.023148148148148147
5293.0,8.573322702432051e-05,0.0,0.0,0.0,0.0,0.007144435585360043
5294.0,0.0,0.0,0.0,0.0,0.0,0.0
5295.0,0.0,0.0,0.0,0.0,0.0,0.0
5296.0,1.0042189160230919e-06,0.0,0.0,0.0,0.0,8.368490966859099e-05
5297.0,0.0,0.0,0.0,0.0,0.0,0.0
5298.0,0.0,0.0,0.0,0.0,0.0,0.0
5299.0,0.0,0.0,0.0,0.0,0.0,0.0
5300.0,0.0,0.0,0.0,0.0,0.0,0.0
5301.0,0.0,0.0,0.0,0.0,0.0,0.0
5302.0,0.0,0.0,0.0,0.0,0.0,0.0
5303.0,0.0,0.0,0.0,0.0,0.0,0.0
5304.0,5.61685340016993e-07,1.1005916178419284e-07,0.0,0.0,0.0,4.680711166808275e-05
5305.0,5.61685340016993e-07,1.1005916178419284e-07,0.0,0.0,0.0,4.680711166808275e-05
5306.0,0.0,0.0,0.0,0.0,0.0,0.0
5307.0,0.0001101919770007953,0.0,0.0,0.0,0.001736111111111111,0.011574074074074073
5308.0,3.130105324089527e-05,0.0,0.0,0.0,0.0,0.0026084211034079394
5309.0,0.0,0.0,0.0,0.0,0.0,0.0
5310.0,0.0,0.0,0.0,0.0,0.0,0.0
5311.0,0.0,0.0,0.0,0.0,0.0,0.0
5312.0,0.0,0.0,0.0,0.0,0.0,0.0
5313.0,1.2425094837453798e-06,0.0,0.0,0.0,0.0,0.00010354245697878166
5314.0,0.0,0.0,0.0,0.0,0.0,0.0
5315.0,0.0,0.0,0.0,0.0,0.0,0.0
5316.0,0.0,0.0,0.0,0.0,0.0,0.0
5317.0,0.0,0.0,0.0,0.0,0.0,0.0
5318.0,0.0,0.0,0.0,0.0,0.0,0.0
5319.0,0.0,0.0,0.0,0.0,0.0,0.0
5320.0,0.0,0.0,0.0,0.0,0.0,0.0
5321.0,0.0002979302080348134,0.0,0.0,0.0,0.005208333333333333,0.034722222222222224
5322.0,0.0,0.0,0.0,0.0,0.0,0.0
5323.0,0.0,0.0,0.0,0.0,0.0,0.0
5324.0,0.0,0.0,0.0,0.0,0.0,0.0
5325.0,0.0,0.0,0.0,0.0,0.0,0.0
5326.0,0.0,0.0,0.0,0.0,0.0,0.0
5327.0,0.0,0.0,0.0,0.0,0.0,0.0
5328.0,0.0,0.0,0.0,0.0,0.0,0.0
5329.0,5.61685340016993e-07,1.1005916178419284e-07,0.0,0.0,0.0,4.680711166808275e-05
5330.0,5.61685340016993e-07,1.1005916178419284e-07,0.0,0.0,0.0,4.680711166808275e-05
5331.0,0.0,0.0,0.0,0.0,0.0,0.0
5332.0,0.0,0.0,0.0,0.0,0.0,0.0
5333.0,0.0,0.0,0.0,0.0,0.0,0.0
5334.0,0.0,0.0,0.0,0.0,0.0,0.0
5335.0,0.0,0.0,0.0,0.0,0.0,0.0
5336.0,0.0,0.0,0.0,0.0,0.0,0.0
5337.0,0.0,0.0,0.0,0.0,0.0,0.0
5338.0,0.0,0.0,0.0,0.0,0.0,0.0
5339.0,0.0,0.0,0.0,0.0,0.0,0.0
5340.0,0.0,0.0,0.0,0.0,0.0,0.0
5341.0,0.0,0.0,0.0,0.0,0.0,0.0
5342.0,0.0,0.0,0.0,0.0,0.0,0.0
5343.0,0.0,0.0,0.0,0.0,0.0,0.0
5344.0,0.0,0.0,0.0,0.0,0.0,0.0
5345.0,0.0,0.0,0.0,0.0,0.0,0.0
5346.0,0.0,0.0,0.0,0.0,0.0,0.0
5347.0,0.0,0.0,0.0,0.0,0.0,0.0
5348.0,0.0,0.0,0.0,0.0,0.0,0.0
5349.0,0.0,0.0,0.0,0.0,0.0,0.0
5350.0,0.0,0.0,0.0,0.0,0.0,0.0
5351.0,0.0,0.0,0.0,0.0,0.0,0.0
5352.0,0.9506571292877197,0.9638341069221497,0.6002312898635864,0.9889387488365173,0.3020833333333333,123.61734360456467
5353.0,0.0,0.0,0.0,0.0,0.0,0.0
5354.0,0.0,0.0,0.0,0.0,0.0,0.0
