timestamp_s,full_change,title_change,header_change,counter_change,hash_change,candidate_score
1.0,1.991418457691907e-06,0.0,0.0,0.0,0.0,0.00016595153814099225
2.0,1.991418457691907e-06,0.0,0.0,0.0,0.0,0.00016595153814099225
3.0,1.991418457691907e-06,0.0,0.0,0.0,0.0,0.00016595153814099225
4.0,1.991418457691907e-06,0.0,0.0,0.0,0.0,0.00016595153814099225
5.0,1.991418457691907e-06,0.0,0.0,0.0,0.0,0.00016595153814099225
6.0,1.991418457691907e-06,0.0,0.0,0.0,0.0,0.00016595153814099225
7.0,1.991418457691907e-06,0.0,0.0,0.0,0.0,0.00016595153814099225
8.0,0.00018025629105977714,0.00026379741029813886,0.0005478837410919368,0.00013052696886006743,0.012152777777777778,0.08101851851851852
9.0,1.4201183375917026e-06,1.6987323760986328e-06,0.0,0.0,0.0,0.00011834319479930855
10.0,0.0,0.0,0.0,0.0,0.0,0.0
11.0,0.0,0.0,0.0,0.0,0.0,0.0
12.0,0.0,0.0,0.0,0.0,0.0,0.0
13.0,0.0,0.0,0.0,0.0,0.0,0.0
14.0,0.0,0.0,0.0,0.0,0.0,0.0
15.0,0.0,0.0,0.0,0.0,0.0,0.0
16.0,0.0,0.0,0.0,0.0,0.0,0.0
17.0,0.0,0.0,0.0,0.0,0.0,0.0
18.0,0.0,0.0,0.0,0.0,0.0,0.0
19.0,0.0,0.0,0.0,0.0,0.0,0.0
20.0,0.0,0.0,0.0,0.0,0.0,0.0
21.0,0.0,0.0,0.0,0.0,0.0,0.0
22.0,0.0,0.0,0.0,0.0,0.0,0.0
23.0,0.0,0.0,0.0,0.0,0.0,0.0
24.0,0.0,0.0,0.0,0.0,0.0,0.0
25.0,0.0,0.0,0.0,0.0,0.0,0.0
26.0,0.0,0.0,0.0,0.0,0.0,0.0
27.0,0.0,0.0,0.0,0.0,0.0,0.0
28.0,0.0,0.0,0.0,0.0,0.0,0.0
29.0,0.0,0.0,0.0,0.0,0.0,0.0
30.0,0.0,0.0,0.0,0.0,0.0,0.0
31.0,0.0,0.0,0.0,0.0,0.0,0.0
32.0,0.0,0.0,0.0,0.0,0.0,0.0
33.0,1.4201183375917026e-06,1.6987323760986328e-06,0.0,0.0,0.0,0.00011834319479930855
34.0,1.4201183375917026e-06,1.6987323760986328e-06,0.0,0.0,0.0,0.00011834319479930855
35.0,0.0,0.0,0.0,0.0,0.0,0.0
36.0,0.0,0.0,0.0,0.0,0.0,0.0
37.0,0.0,0.0,0.0,0.0,0.0,0.0
38.0,0.0,0.0,0.0,0.0,0.0,0.0
39.0,0.0,0.0,0.0,0.0,0.0,0.0
40.0,0.0,0.0,0.0,0.0,0.0,0.0
41.0,0.0,0.0,0.0,0.0,0.0,0.0
42.0,0.0,0.0,0.0,0.0,0.0,0.0
43.0,0.0,0.0,0.0,0.0,0.0,0.0
44.0,0.0,0.0,0.0,0.0,0.0,0.0
45.0,0.0,0.0,0.0,0.0,0.0,0.0
46.0,0.0,0.0,0.0,0.0,0.0,0.0
47.0,0.0,0.0,0.0,0.0,0.0,0.0
48.0,0.02385445311665535,0.0009673844906501472,0.0,0.0003865199105348438,0.08680555555555555,1.9878710930546124
49.0,0.0,0.0,0.0,0.0,0.0,0.0
50.0,0.0,0.0,0.0,0.0,0.0,0.0
51.0,0.0,0.0,0.0,0.0,0.0,0.0
52.0,0.0,0.0,0.0,0.0,0.0,0.0
53.0,0.0,0.0,0.0,0.0,0.0,0.0
54.0,0.0,0.0,0.0,0.0,0.0,0.0
55.0,0.0,0.0,0.0,0.0,0.0,0.0
56.0,0.0,0.0,0.0,0.0,0.0,0.0
57.0,0.0,0.0,0.0,0.0,0.0,0.0
58.0,0.0,0.0,0.0,0.0,0.0,0.0
59.0,0.0,0.0,0.0,0.0,0.0,0.0
60.0,0.00010275394743075594,0.0,0.0,0.0,0.0,0.008562828952562995
61.0,0.00014838643255643547,0.0,0.0,0.0,0.0,0.012365536046369622
62.0,0.0,0.0,0.0,0.0,0.0,0.0
63.0,0.0,0.0,0.0,0.0,0.0,0.0
64.0,2.4697092158021405e-05,2.3103966668713838e-05,4.2857660446316004e-05,0.0,0.0,0.0020580910131684504
65.0,1.8059030480799265e-05,2.3103966668713838e-05,4.2857660446316004e-05,0.0,0.0,0.0015049192067332722
66.0,0.0,0.0,0.0,0.0,0.0,0.0
67.0,0.0,0.0,0.0,0.0,0.0,0.0
68.0,0.0,0.0,0.0,0.0,0.0,0.0
69.0,0.0,0.0,0.0,0.0,0.0,0.0
70.0,0.0,0.0,0.0,0.0,0.0,0.0
71.0,0.0,0.0,0.0,0.0,0.0,0.0
72.0,0.0,0.0,0.0,0.0,0.0,0.0
73.0,0.0,0.0,0.0,0.0,0.0,0.0
74.0,0.03339789807796478,0.0009806881425902247,0.0,0.00022168279974721372,0.125,2.783158173163732
75.0,0.03545037657022476,0.002725145546719432,0.0,0.0007704077870585024,0.2517361111111111,2.95419804751873
76.0,0.0,0.0,0.0,0.0,0.0,0.0
77.0,0.030585618689656258,0.017856044694781303,0.0,0.0005185074405744672,0.2708333333333333,2.548801557471355
78.0,0.0,0.0,0.0,0.0,0.0,0.0
79.0,0.0,0.0,0.0,0.0,0.0,0.0
80.0,0.0,0.0,0.0,0.0,0.0,0.0
81.0,0.0,0.0,0.0,0.0,0.0,0.0
82.0,0.0,0.0,0.0,0.0,0.0,0.0
83.0,0.00010994137119268999,0.00010762867896119133,0.0,3.236409611417912e-05,0.0,0.009161780932724165
84.0,0.032488126307725906,0.021583225578069687,0.3913913667201996,0.004284963943064213,0.18229166666666666,2.707343858977159
85.0,0.0,0.0,0.0,0.0,0.0,0.0
86.0,0.0,0.0,0.0,0.0,0.0,0.0
87.0,0.0,0.0,0.0,0.0,0.0,0.0
88.0,0.0,0.0,0.0,0.0,0.0,0.0
89.0,7.029548669379437e-06,0.0,0.0,0.0,0.001736111111111111,0.011574074074074073
90.0,8.998841076390818e-05,0.0,0.0,0.0,0.005208333333333333,0.034722222222222224
91.0,3.5913676583732013e-06,0.0,0.0,0.0,0.0,0.0002992806381977668
92.0,3.26967601722572e-05,0.0,0.0,0.0,0.0,0.002724730014354767
93.0,1.2186817002657335e-05,0.0,0.0,0.0,0.0,0.001015568083554778
94.0,0.00021551601821556687,0.0,0.0,0.0,0.006944444444444444,0.046296296296296294
95.0,9.642222721595317e-05,0.0,0.0,0.0,0.001736111111111111,0.011574074074074073
96.0,7.489105337299407e-05,0.0,0.0,0.0,0.001736111111111111,0.011574074074074073
97.0,5.0755708798533306e-05,0.0,0.0,0.0,0.0,0.0042296423998777755
98.0,5.387049532146193e-05,0.0,0.0,0.0,0.0,0.004489207943455161
99.0,5.421090827439912e-05,0.0,0.0,0.0,0.001736111111111111,0.011574074074074073
100.0,0.00010030293924501166,0.0,0.0,0.0,0.005208333333333333,0.034722222222222224
101.0,4.8508980398764834e-05,0.0,0.0,0.0,0.0,0.0040424150332304025
102.0,8.74863617355004e-05,0.0,0.0,0.0,0.0,0.007290530144625032
103.0,0.00012406385212671012,0.0,0.0,0.0,0.006944444444444444,0.046296296296296294
104.0,7.604845450259745e-05,0.0,0.0,0.0,0.0,0.006337371208549787
105.0,0.0002205882192356512,0.0,0.0,0.0,0.005208333333333333,0.034722222222222224
106.0,0.00019097219046670943,0.0,0.0,0.0,0.003472222222222222,0.023148148148148147
107.0,2.0084416973986663e-06,0.0,0.0,0.0,0.0,0.00016737014144988885
108.0,0.00010656656377250329,0.0,0.0,0.0,0.001736111111111111,0.011574074074074073
109.0,0.0002684163337107748,0.00021780375391244888,0.0,0.0,0.005208333333333333,0.034722222222222224
110.0,6.63466562400572e-05,0.0004288939235266298,0.0,0.0,0.001736111111111111,0.011574074074074073
111.0,3.5743408943744726e-07,2.3112038434192073e-06,0.0,0.0,0.0,5.778009608548018e-05
112.0,4.367509973235428e-05,0.00028240750543773174,0.0,0.0,0.0,0.007060187635943294
113.0,0.00010300924623152241,0.000665737665258348,0.0,0.0,0.003472222222222222,0.023148148148148147
114.0,0.0003509496746119112,0.0022692750208079815,0.0,0.0,0.010416666666666666,0.06944444444444445
115.0,0.0004935320466756821,0.0031912263948470354,0.0,0.0,0.008680555555555556,0.07978065987117589
116.0,0.00012472763773985207,0.0008065011352300644,0.0,0.0,0.001736111111111111,0.02016252838075161
117.0,0.0001949720608536154,0.0009776406222954392,0.0012100100284442306,0.0,0.008680555555555556,0.05787037037037038
118.0,0.0,0.0,0.0,0.0,0.0,0.0
119.0,0.0,0.0,0.0,0.0,0.0,0.0
120.0,0.0,0.0,0.0,0.0,0.0,0.0
121.0,0.0,0.0,0.0,0.0,0.0,0.0
122.0,0.0,0.0,0.0,0.0,0.0,0.0
123.0,0.0,0.0,0.0,0.0,0.0,0.0
124.0,0.0,0.0,0.0,0.0,0.0,0.0
125.0,1.6169640275620623e-06,7.593950613227207e-06,1.064241132553434e-05,0.0,0.0,0.00018984876533068018
126.0,0.0,0.0,0.0,0.0,0.0,0.0
127.0,0.0,0.0,0.0,0.0,0.0,0.0
128.0,0.0,0.0,0.0,0.0,0.0,0.0
129.0,0.0,0.0,0.0,0.0,0.0,0.0
130.0,0.0,0.0,0.0,0.0,0.0,0.0
131.0,0.0,0.0,0.0,0.0,0.0,0.0
132.0,0.0,0.0,0.0,0.0,0.0,0.0
133.0,0.0,0.0,0.0,0.0,0.0,0.0
134.0,0.0,0.0,0.0,0.0,0.0,0.0
135.0,0.0,0.0,0.0,0.0,0.0,0.0
136.0,0.0,0.0,0.0,0.0,0.0,0.0
137.0,0.0,0.0,0.0,0.0,0.0,0.0
138.0,0.0,0.0,0.0,0.0,0.0,0.0
139.0,0.0,0.0,0.0,0.0,0.0,0.0
140.0,0.0,0.0,0.0,0.0,0.0,0.0
141.0,0.0,0.0,0.0,0.0,0.0,0.0
142.0,0.0,0.0,0.0,0.0,0.0,0.0
143.0,0.0,0.0,0.0,0.0,0.0,0.0
144.0,0.0,0.0,0.0,0.0,0.0,0.0
145.0,0.0,0.0,0.0,0.0,0.0,0.0
146.0,0.0,0.0,0.0,0.0,0.0,0.0
147.0,0.0,0.0,0.0,0.0,0.0,0.0
148.0,0.0,0.0,0.0,0.0,0.0,0.0
149.0,0.0,0.0,0.0,0.0,0.0,0.0
150.0,0.0,0.0,0.0,0.0,0.0,0.0
151.0,0.0,0.0,0.0,0.0,0.0,0.0
152.0,0.0,0.0,0.0,0.0,0.0,0.0
153.0,0.0,0.0,0.0,0.0,0.0,0.0
154.0,0.0,0.0,0.0,0.0,0.0,0.0
155.0,0.0,0.0,0.0,0.0,0.0,0.0
156.0,0.0,0.0,0.0,0.0,0.0,0.0
157.0,0.0,0.0,0.0,0.0,0.0,0.0
158.0,0.0,0.0,0.0,0.0,0.0,0.0
159.0,0.0,0.0,0.0,0.0,0.0,0.0
160.0,0.0,0.0,0.0,0.0,0.0,0.0
161.0,0.0,0.0,0.0,0.0,0.0,0.0
162.0,0.0,0.0,0.0,0.0,0.0,0.0
163.0,0.0,0.0,0.0,0.0,0.0,0.0
164.0,0.0,0.0,0.0,0.0,0.0,0.0
165.0,0.0,0.0,0.0,0.0,0.0,0.0
166.0,0.0,0.0,0.0,0.0,0.0,0.0
167.0,0.0,0.0,0.0,0.0,0.0,0.0
168.0,0.03528108075261116,0.03029169701039791,0.3915116488933563,0.004284963943064213,0.22569444444444445,2.9400900627175965
169.0,1.793398587324191e-05,1.0319544344383758e-05,4.2857660446316004e-05,0.0,0.0,0.001494498822770159
170.0,0.0,0.0,0.0,0.0,0.0,0.0
171.0,0.0,0.0,0.0,0.0,0.0,0.0
172.0,0.0,0.0,0.0,0.0,0.0,0.0
173.0,0.0,0.0,0.0,0.0,0.0,0.0
174.0,0.0,0.0,0.0,0.0,0.0,0.0
175.0,0.0,0.0,0.0,0.0,0.0,0.0
176.0,0.0,0.0,0.0,0.0,0.0,0.0
177.0,0.0,0.0,0.0,0.0,0.0,0.0
178.0,0.0,0.0,0.0,0.0,0.0,0.0
179.0,0.0,0.0,0.0,0.0,0.0,0.0
180.0,0.0,0.0,0.0,0.0,0.0,0.0
181.0,0.0,0.0,0.0,0.0,0.0,0.0
182.0,0.0,0.0,0.0,0.0,0.0,0.0
183.0,0.0,0.0,0.0,0.0,0.0,0.0
184.0,0.0,0.0,0.0,0.0,0.0,0.0
185.0,0.0,0.0,0.0,0.0,0.0,0.0
186.0,0.0,0.0,0.0,0.0,0.0,0.0
187.0,0.0,0.0,0.0,0.0,0.0,0.0
188.0,0.0,0.0,0.0,0.0,0.0,0.0
189.0,0.0,0.0,0.0,0.0,0.0,0.0
190.0,0.0,0.0,0.0,0.0,0.0,0.0
191.0,0.0,0.0,0.0,0.0,0.0,0.0
192.0,0.0,0.0,0.0,0.0,0.0,0.0
193.0,1.793398587324191e-05,1.0319544344383758e-05,4.2857660446316004e-05,0.0,0.0,0.001494498822770159
194.0,1.793398587324191e-05,1.0319544344383758e-05,4.2857660446316004e-05,0.0,0.0,0.001494498822770159
195.0,0.0,0.0,0.0,0.0,0.0,0.0
196.0,0.0,0.0,0.0,0.0,0.0,0.0
197.0,0.0,0.0,0.0,0.0,0.0,0.0
198.0,0.0,0.0,0.0,0.0,0.0,0.0
199.0,0.0,0.0,0.0,0.0,0.0,0.0
200.0,0.0,0.0,0.0,0.0,0.0,0.0
201.0,0.0,0.0,0.0,0.0,0.0,0.0
202.0,0.0,0.0,0.0,0.0,0.0,0.0
203.0,0.0,0.0,0.0,0.0,0.0,0.0
204.0,0.0,0.0,0.0,0.0,0.0,0.0
205.0,0.0,0.0,0.0,0.0,0.0,0.0
206.0,0.0,0.0,0.0,0.0,0.0,0.0
207.0,0.0,0.0,0.0,0.0,0.0,0.0
208.0,0.0,0.0,0.0,0.0,0.0,0.0
209.0,0.0,0.0,0.0,0.0,0.0,0.0
210.0,0.0,0.0,0.0,0.0,0.0,0.0
211.0,0.0,0.0,0.0,0.0,0.0,0.0
212.0,0.0,0.0,0.0,0.0,0.0,0.0
213.0,0.0,0.0,0.0,0.0,0.0,0.0
214.0,0.0,0.0,0.0,0.0,0.0,0.0
215.0,0.0,0.0,0.0,0.0,0.0,0.0
216.0,0.0,0.0,0.0,0.0,0.0,0.0
217.0,0.0,0.0,0.0,0.0,0.0,0.0
218.0,1.793398587324191e-05,1.0319544344383758e-05,4.2857660446316004e-05,0.0,0.0,0.001494498822770159
219.0,1.793398587324191e-05,1.0319544344383758e-05,4.2857660446316004e-05,0.0,0.0,0.001494498822770159
220.0,0.0,0.0,0.0,0.0,0.0,0.0
221.0,0.0,0.0,0.0,0.0,0.0,0.0
222.0,0.0,0.0,0.0,0.0,0.0,0.0
223.0,0.0,0.0,0.0,0.0,0.0,0.0
224.0,0.0,0.0,0.0,0.0,0.0,0.0
225.0,0.0,0.0,0.0,0.0,0.0,0.0
226.0,0.0,0.0,0.0,0.0,0.0,0.0
227.0,0.0,0.0,0.0,0.0,0.0,0.0
228.0,0.0,0.0,0.0,0.0,0.0,0.0
229.0,0.0,0.0,0.0,0.0,0.0,0.0
230.0,0.0,0.0,0.0,0.0,0.0,0.0
231.0,0.0,0.0,0.0,0.0,0.0,0.0
232.0,0.0,0.0,0.0,0.0,0.0,0.0
233.0,0.0,0.0,0.0,0.0,0.0,0.0
234.0,0.0,0.0,0.0,0.0,0.0,0.0
235.0,0.0,0.0,0.0,0.0,0.0,0.0
236.0,0.0,0.0,0.0,0.0,0.0,0.0
237.0,0.0,0.0,0.0,0.0,0.0,0.0
238.0,0.0,0.0,0.0,0.0,0.0,0.0
239.0,0.0,0.0,0.0,0.0,0.0,0.0
240.0,0.0,0.0,0.0,0.0,0.0,0.0
241.0,0.0,0.0,0.0,0.0,0.0,0.0
242.0,0.0,0.0,0.0,0.0,0.0,0.0
243.0,1.793398587324191e-05,1.0319544344383758e-05,4.2857660446316004e-05,0.0,0.0,0.001494498822770159
244.0,1.793398587324191e-05,1.0319544344383758e-05,4.2857660446316004e-05,0.0,0.0,0.001494498822770159
245.0,0.0,0.0,0.0,0.0,0.0,0.0
246.0,0.0,0.0,0.0,0.0,0.0,0.0
247.0,0.014250919222831726,0.001997475977987051,0.0,0.00024724844843149185,0.036458333333333336,1.187576601902644
248.0,0.0,0.0,0.0,0.0,0.0,0.0
249.0,0.0,0.0,0.0,0.0,0.0,0.0
250.0,0.0,0.0,0.0,0.0,0.0,0.0
251.0,0.0,0.0,0.0,0.0,0.0,0.0
252.0,8.03978182375431e-05,2.607659735076595e-05,0.0,0.00014649691001977772,0.0,0.018312113752472214
253.0,0.0,0.0,0.0,0.0,0.0,0.0
254.0,0.0,0.0,0.0,0.0,0.0,0.0
255.0,0.0,0.0,0.0,0.0,0.0,0.0
256.0,0.0,0.0,0.0,0.0,0.0,0.0
257.0,0.0,0.0,0.0,0.0,0.0,0.0
258.0,0.0,0.0,0.0,0.0,0.0,0.0
259.0,0.0,0.0,0.0,0.0,0.0,0.0
260.0,0.0,0.0,0.0,0.0,0.0,0.0
261.0,0.0,0.0,0.0,0.0,0.0,0.0
262.0,0.0,0.0,0.0,0.0,0.0,0.0
263.0,0.0,0.0,0.0,0.0,0.0,0.0
264.0,0.0,0.0,0.0,0.0,0.0,0.0
265.0,0.0,0.0,0.0,0.0,0.0,0.0
266.0,0.0,0.0,0.0,0.0,0.0,0.0
267.0,0.0,0.0,0.0,0.0,0.0,0.0
268.0,1.8367742086411454e-05,1.0923095032921992e-05,4.2857660446316004e-05,0.0,0.0,0.0015306451738676212
269.0,1.8367742086411454e-05,1.0923095032921992e-05,4.2857660446316004e-05,0.0,0.0,0.0015306451738676212
270.0,0.0,0.0,0.0,0.0,0.0,0.0
271.0,0.0,0.0,0.0,0.0,0.0,0.0
272.0,0.0,0.0,0.0,0.0,0.0,0.0
273.0,0.0,0.0,0.0,0.0,0.0,0.0
274.0,0.0,0.0,0.0,0.0,0.0,0.0
275.0,0.032971154898405075,0.015037248842418194,0.0,0.0006603645160794258,0.2586805555555556,2.7475962415337563
276.0,0.0,0.0,0.0,0.0,0.0,0.0
277.0,0.0,0.0,0.0,0.0,0.0,0.0
278.0,0.0,0.0,0.0,0.0,0.0,0.0
279.0,0.0,0.0,0.0,0.0,0.0,0.0
280.0,0.0,0.0,0.0,0.0,0.0,0.0
281.0,0.0,0.0,0.0,0.0,0.0,0.0
282.0,0.0,0.0,0.0,0.0,0.0,0.0
283.0,0.0,0.0,0.0,0.0,0.0,0.0
284.0,0.0,0.0,0.0,0.0,0.0,0.0
285.0,0.0,0.0,0.0,0.0,0.0,0.0
286.0,0.0,0.0,0.0,0.0,0.0,0.0
287.0,0.0,0.0,0.0,0.0,0.0,0.0
288.0,0.0,0.0,0.0,0.0,0.0,0.0
289.0,0.0,0.0,0.0,0.0,0.0,0.0
290.0,0.0,0.0,0.0,0.0,0.0,0.0
291.0,1.1316138625261374e-05,1.9946926840930246e-05,3.405734241823666e-05,0.0,0.0,0.0009430115521051144
292.0,1.1316138625261374e-05,1.9946926840930246e-05,3.405734241823666e-05,0.0,0.0,0.0009430115521051144
293.0,0.0,0.0,0.0,0.0,0.0,0.0
294.0,0.0,0.0,0.0,0.0,0.0,0.0
295.0,0.0,0.0,0.0,0.0,0.0,0.0
296.0,0.0,0.0,0.0,0.0,0.0,0.0
297.0,0.0,0.0,0.0,0.0,0.0,0.0
298.0,0.0,0.0,0.0,0.0,0.0,0.0
299.0,0.0,0.0,0.0,0.0,0.0,0.0
300.0,0.0,0.0,0.0,0.0,0.0,0.0
301.0,0.0,0.0,0.0,0.0,0.0,0.0
302.0,0.0,0.0,0.0,0.0,0.0,0.0
303.0,0.0,0.0,0.0,0.0,0.0,0.0
304.0,0.0,0.0,0.0,0.0,0.0,0.0
305.0,0.0,0.0,0.0,0.0,0.0,0.0
306.0,0.0001446929236408323,0.0,0.0,0.0,0.003472222222222222,0.023148148148148147
307.0,0.0,0.0,0.0,0.0,0.0,0.0
308.0,1.6169644823094131e-06,0.0,0.0,0.0,0.0,0.0001347470401924511
309.0,0.0,0.0,0.0,0.0,0.0,0.0
310.0,0.0,0.0,0.0,0.0,0.0,0.0
311.0,0.0,0.0,0.0,0.0,0.0,0.0
312.0,0.0,0.0,0.0,0.0,0.0,0.0
313.0,0.0,0.0,0.0,0.0,0.0,0.0
314.0,0.0,0.0,0.0,0.0,0.0,0.0
315.0,0.0,0.0,0.0,0.0,0.0,0.0
316.0,1.1316138625261374e-05,1.9946926840930246e-05,3.405734241823666e-05,0.0,0.0,0.0009430115521051144
317.0,1.1316138625261374e-05,1.9946926840930246e-05,3.405734241823666e-05,0.0,0.0,0.0009430115521051144
318.0,0.0,0.0,0.0,0.0,0.0,0.0
319.0,0.0,0.0,0.0,0.0,0.0,0.0
320.0,0.0,0.0,0.0,0.0,0.0,0.0
321.0,4.3436812120489776e-05,0.0,0.0,0.0,0.0,0.003619734343374148
322.0,6.724875856889412e-05,0.0,0.0,0.0,0.0,0.00560406321407451
323.0,0.0,0.0,0.0,0.0,0.0,0.0
324.0,0.0,0.0,0.0,0.0,0.0,0.0
325.0,7.897598152339924e-06,0.0,0.0,0.0,0.0,0.0006581331793616604
326.0,0.00025566783733665943,0.0,0.0,0.0,0.003472222222222222,0.023148148148148147
327.0,0.0,0.0,0.0,0.0,0.0,0.0
328.0,0.0,0.0,0.0,0.0,0.0,0.0
329.0,0.0,0.0,0.0,0.0,0.0,0.0
330.0,0.00016947503900155425,0.0,0.0,0.0,0.008680555555555556,0.05787037037037038
331.0,0.0003720042877830565,0.0,0.0,0.0,0.003472222222222222,0.031000357315254707
332.0,7.93164326751139e-06,0.0,0.0,0.0,0.0,0.0006609702722926158
333.0,0.00017376425967086107,0.0,0.0,0.0,0.0,0.014480354972571755
334.0,4.059435013914481e-05,0.0,0.0,0.0,0.0,0.0033828625115954005
335.0,0.0,0.0,0.0,0.0,0.0,0.0
336.0,0.0,0.0,0.0,0.0,0.0,0.0
337.0,0.0,0.0,0.0,0.0,0.0,0.0
338.0,0.0,0.0,0.0,0.0,0.0,0.0
339.0,0.0,0.0,0.0,0.0,0.0,0.0
340.0,0.0,0.0,0.0,0.0,0.0,0.0
341.0,1.2252275155333336e-05,1.9946926840930246e-05,3.405734241823666e-05,0.0,0.0,0.0010210229296111113
342.0,1.1588469533307943e-05,1.9946926840930246e-05,3.405734241823666e-05,0.0,0.0,0.0009657057944423286
343.0,0.0,0.0,0.0,0.0,0.0,0.0
344.0,0.0,0.0,0.0,0.0,0.0,0.0
345.0,0.0,0.0,0.0,0.0,0.0,0.0
346.0,4.99387169838883e-05,0.0,0.0,0.0,0.0,0.004161559748657358
347.0,2.2705607989337295e-05,0.0,0.0,0.0,0.0,0.0018921339991114412
348.0,0.0,0.0,0.0,0.0,0.0,0.0
349.0,0.0,0.0,0.0,0.0,0.0,0.0
350.0,2.076523969662958e-06,0.0,0.0,0.0,0.0,0.00017304366413857983
351.0,0.0,0.0,0.0,0.0,0.0,0.0
352.0,0.0,0.0,0.0,0.0,0.0,0.0
353.0,0.0,0.0,0.0,0.0,0.0,0.0
354.0,8.210783562390134e-05,0.0,0.0,0.0,0.0,0.0068423196353251114
355.0,2.770969149423763e-05,0.0,0.0,0.0,0.0,0.002309140957853136
356.0,0.0,0.0,0.0,0.0,0.0,0.0
357.0,1.2578291716636159e-05,0.0,0.0,0.0,0.0,0.0010481909763863466
358.0,6.098514495533891e-05,0.0,0.0,0.0,0.0,0.005082095412944909
359.0,0.0,0.0,0.0,0.0,0.0,0.0
360.0,0.0,0.0,0.0,0.0,0.0,0.0
361.0,0.0,0.0,0.0,0.0,0.0,0.0
362.0,0.00011238764273002744,0.0,0.0,0.0,0.0,0.009365636894168953
363.0,6.808304675587351e-08,0.0,0.0,0.0,0.0,5.673587229656126e-06
364.0,0.0,0.0,0.0,0.0,0.0,0.0
365.0,0.0001315699628321454,0.0,0.0,0.0,0.003472222222222222,0.023148148148148147
366.0,0.00013241838314570487,1.9946926840930246e-05,3.405734241823666e-05,0.0,0.0,0.011034865262142072
367.0,1.1928884305234533e-05,1.9946926840930246e-05,3.405734241823666e-05,0.0,0.0,0.0009940736921028777
368.0,0.0,0.0,0.0,0.0,0.0,0.0
369.0,7.456765888491645e-05,0.0,0.0,0.0,0.0,0.006213971573743038
370.0,0.00011419184011174366,0.0,0.0,0.0,0.0,0.009515986675978638
371.0,0.0,0.0,0.0,0.0,0.0,0.0
372.0,1.2595312455232488e-06,0.0,0.0,0.0,0.0,0.0001049609371269374
373.0,5.191312084207311e-06,0.0,0.0,0.0,0.0,0.00043260934035060927
374.0,0.00010159652447327971,0.0,0.0,0.0,0.0,0.008466377039439976
375.0,6.45084583084099e-06,0.0,0.0,0.0,0.0,0.0005375704859034158
376.0,0.0,0.0,0.0,0.0,0.0,0.0
377.0,0.0,0.0,0.0,0.0,0.0,0.0
378.0,9.150324331130832e-05,0.0,0.0,0.0,0.001736111111111111,0.011574074074074073
379.0,0.0,0.0,0.0,0.0,0.0,0.0
380.0,0.0,0.0,0.0,0.0,0.0,0.0
381.0,0.0,0.0,0.0,0.0,0.0,0.0
382.0,0.0,0.0,0.0,0.0,0.0,0.0
383.0,2.2637527763436083e-06,0.0,0.0,0.0,0.0,0.00018864606469530068
384.0,0.0,0.0,0.0,0.0,0.0,0.0
385.0,0.0,0.0,0.0,0.0,0.0,0.0
386.0,0.0,0.0,0.0,0.0,0.0,0.0
387.0,0.0,0.0,0.0,0.0,0.0,0.0
388.0,0.0,0.0,0.0,0.0,0.0,0.0
389.0,0.0,0.0,0.0,0.0,0.0,0.0
390.0,0.0,0.0,0.0,0.0,0.0,0.0
391.0,1.2456524927983992e-05,1.9946926840930246e-05,3.405734241823666e-05,0.0,0.0,0.001038043743998666
392.0,1.2456524927983992e-05,1.9946926840930246e-05,3.405734241823666e-05,0.0,0.0,0.001038043743998666
393.0,0.0,0.0,0.0,0.0,0.0,0.0
394.0,0.0,0.0,0.0,0.0,0.0,0.0
395.0,0.0,0.0,0.0,0.0,0.0,0.0
396.0,0.0,0.0,0.0,0.0,0.0,0.0
397.0,4.4083594730182085e-06,0.0,0.0,0.0,0.0,0.000367363289418184
398.0,0.0,0.0,0.0,0.0,0.0,0.0
399.0,0.0,0.0,0.0,0.0,0.0,0.0
400.0,1.7020676068568719e-07,0.0,0.0,0.0,0.0,1.4183896723807266e-05
401.0,0.0,0.0,0.0,0.0,0.0,0.0
402.0,0.0,0.0,0.0,0.0,0.0,0.0
403.0,0.0,0.0,0.0,0.0,0.0,0.0
404.0,0.0,0.0,0.0,0.0,0.0,0.0
405.0,0.0,0.0,0.0,0.0,0.0,0.0
406.0,0.0,0.0,0.0,0.0,0.0,0.0
407.0,0.0,0.0,0.0,0.0,0.0,0.0
408.0,0.0,0.0,0.0,0.0,0.0,0.0
409.0,0.0,0.0,0.0,0.0,0.0,0.0
410.0,0.0,0.0,0.0,0.0,0.0,0.0
411.0,0.0,0.0,0.0,0.0,0.0,0.0
412.0,0.0,0.0,0.0,0.0,0.0,0.0
413.0,0.0,0.0,0.0,0.0,0.0,0.0
414.0,0.0,0.0,0.0,0.0,0.0,0.0
415.0,0.0,0.0,0.0,0.0,0.0,0.0
416.0,1.2456524927983992e-05,1.9946926840930246e-05,3.405734241823666e-05,0.0,0.0,0.001038043743998666
417.0,1.2456524927983992e-05,1.9946926840930246e-05,3.405734241823666e-05,0.0,0.0,0.001038043743998666
418.0,0.0,0.0,0.0,0.0,0.0,0.0
419.0,0.0,0.0,0.0,0.0,0.0,0.0
420.0,0.0,0.0,0.0,0.0,0.0,0.0
421.0,0.0,0.0,0.0,0.0,0.0,0.0
422.0,0.0,0.0,0.0,0.0,0.0,0.0
423.0,0.0001675006642471999,0.0,0.0,0.0,0.0,0.013958388687266657
424.0,4.590480602928437e-05,0.0,0.0,0.0,0.001736111111111111,0.011574074074074073
425.0,2.365875161558506e-06,0.0,0.0,0.0,0.0,0.00019715626346320883
426.0,0.0,0.0,0.0,0.0,0.0,0.0
427.0,0.0001137322760769166,0.0,0.0,0.0,0.0,0.009477689673076384
428.0,9.191176104650367e-06,0.0,0.0,0.0,0.0,0.0007659313420541972
429.0,8.694170537637547e-05,0.0,0.0,0.0,0.0,0.0072451421146979555
430.0,0.00019425716891419142,0.0,0.0,0.0,0.003472222222222222,0.023148148148148147
431.0,0.00017982363351620734,0.0,0.0,0.0,0.003472222222222222,0.023148148148148147
432.0,0.0,0.0,0.0,0.0,0.0,0.0
433.0,0.00013893991126678884,0.0,0.0,0.0,0.0,0.01157832593889907
434.0,5.398964276537299e-05,0.0,0.0,0.0,0.001736111111111111,0.011574074074074073
435.0,0.00019779748981818557,0.0,0.0,0.0,0.001736111111111111,0.016483124151515465
436.0,0.0,0.0,0.0,0.0,0.0,0.0
437.0,1.0774097972898744e-05,0.0,0.0,0.0,0.0,0.000897841497741562
438.0,0.00010157951328437775,0.0,0.0,0.0,0.0,0.008464959440364813
439.0,0.0,0.0,0.0,0.0,0.0,0.0
440.0,0.0,0.0,0.0,0.0,0.0,0.0
441.0,1.992860416066833e-05,1.9946926840930246e-05,3.405734241823666e-05,0.0,0.0,0.0016607170133890274
442.0,2.646455504873302e-05,1.9946926840930246e-05,3.405734241823666e-05,0.0,0.001736111111111111,0.011574074074074073
443.0,8.762254583416507e-05,0.0,0.0,0.0,0.0,0.007301878819513755
444.0,0.0,0.0,0.0,0.0,0.0,0.0
445.0,0.0001285743055632338,0.0,0.0,0.0,0.0,0.010714525463602817
446.0,0.0004094838513992727,0.0,0.0,0.0,0.0,0.03412365428327272
447.0,0.00016108383715618402,0.0,0.0,0.0,0.0,0.013423653096348668
448.0,0.0,0.0,0.0,0.0,0.0,0.0
449.0,0.0,0.0,0.0,0.0,0.0,0.0
450.0,7.761434972053394e-06,0.0,0.0,0.0,0.0,0.0006467862476711161
451.0,6.745300925103948e-05,0.0,0.0,0.0,0.0,0.005621084104253289
452.0,3.4534990845713764e-05,0.0,0.0,0.0,0.0,0.0028779159038094804
453.0,0.0,0.0,0.0,0.0,0.0,0.0
454.0,8.995436655823141e-05,0.0,0.0,0.0,0.0,0.007496197213185951
455.0,0.0,0.0,0.0,0.0,0.0,0.0
456.0,0.0,0.0,0.0,0.0,0.0,0.0
457.0,0.0,0.0,0.0,0.0,0.0,0.0
458.0,5.463639809022425e-06,0.0,0.0,0.0,0.0,0.00045530331741853536
459.0,0.00024130236124619842,0.0,0.0,0.0,0.0,0.02010853010384987
460.0,7.432937854900956e-05,0.0,0.0,0.0,0.001736111111111111,0.011574074074074073
461.0,0.00023262180911842734,0.0,0.0,0.0,0.003472222222222222,0.023148148148148147
462.0,0.0,0.0,0.0,0.0,0.0,0.0
463.0,0.0,0.0,0.0,0.0,0.0,0.0
464.0,0.0,0.0,0.0,0.0,0.0,0.0
465.0,0.0,0.0,0.0,0.0,0.0,0.0
466.0,1.8396745872450992e-05,1.9946926840930246e-05,3.405734241823666e-05,0.0,0.001736111111111111,0.011574074074074073
467.0,1.2779916687577497e-05,1.9946926840930246e-05,3.405734241823666e-05,0.0,0.0,0.0010649930572981248
468.0,0.0,0.0,0.0,0.0,0.0,0.0
469.0,0.0,0.0,0.0,0.0,0.0,0.0
470.0,0.0,0.0,0.0,0.0,0.0,0.0
471.0,0.0,0.0,0.0,0.0,0.0,0.0
472.0,0.0,0.0,0.0,0.0,0.0,0.0
473.0,0.0,0.0,0.0,0.0,0.0,0.0
474.0,0.0,0.0,0.0,0.0,0.0,0.0
475.0,0.0002912751224357635,0.0,0.0,0.0,0.003472222222222222,0.024272926869646955
476.0,0.0,0.0,0.0,0.0,0.0,0.0
477.0,0.0,0.0,0.0,0.0,0.0,0.0
478.0,0.00011209829244762659,0.0,0.0,0.0,0.0,0.009341524370635549
479.0,0.0,0.0,0.0,0.0,0.0,0.0
480.0,5.8193752920487896e-05,0.0,0.0,0.0,0.001736111111111111,0.011574074074074073
481.0,0.00013960372598376125,0.0,0.0,0.0,0.0,0.011633643831980104
482.0,3.620302231865935e-05,0.0,0.0,0.0,0.001736111111111111,0.011574074074074073
483.0,5.097698885947466e-05,0.0,0.0,0.0,0.001736111111111111,0.011574074074074073
484.0,0.00010045613453257829,0.0,0.0,0.0,0.001736111111111111,0.011574074074074073
485.0,0.0,0.0,0.0,0.0,0.0,0.0
486.0,0.00013929736451245844,0.0,0.0,0.0,0.0,0.011608113709371537
487.0,0.0,0.0,0.0,0.0,0.0,0.0
488.0,0.00011429396545281634,0.0,0.0,0.0,0.001736111111111111,0.011574074074074073
489.0,7.518041820731014e-05,0.0,0.0,0.0,0.003472222222222222,0.023148148148148147
490.0,0.0001273317902814597,0.0,0.0,0.0,0.001736111111111111,0.011574074074074073
491.0,0.00012310805323068053,1.9946926840930246e-05,3.405734241823666e-05,0.0,0.0,0.010259004435890043
492.0,0.00011001913662767038,1.9946926840930246e-05,3.405734241823666e-05,0.0,0.001736111111111111,0.011574074074074073
493.0,0.0,0.0,0.0,0.0,0.0,0.0
494.0,0.0,0.0,0.0,0.0,0.0,0.0
495.0,0.0,0.0,0.0,0.0,0.0,0.0
496.0,0.0,0.0,0.0,0.0,0.0,0.0
497.0,0.0,0.0,0.0,0.0,0.0,0.0
498.0,0.0,0.0,0.0,0.0,0.0,0.0
499.0,0.0,0.0,0.0,0.0,0.0,0.0
500.0,0.0034009048249572515,0.0,0.0,0.0,0.043402777777777776,0.28935185185185186
501.0,0.0,0.0,0.0,0.0,0.0,0.0
502.0,0.0,0.0,0.0,0.0,0.0,0.0
503.0,0.0,0.0,0.0,0.0,0.0,0.0
504.0,0.0,0.0,0.0,0.0,0.0,0.0
505.0,0.0,0.0,0.0,0.0,0.0,0.0
506.0,0.0,0.0,0.0,0.0,0.0,0.0
507.0,0.0,0.0,0.0,0.0,0.0,0.0
508.0,1.3616615035516588e-07,0.0,0.0,0.0,0.0,1.1347179196263824e-05
509.0,0.0,0.0,0.0,0.0,0.0,0.0
510.0,1.702069596376532e-07,0.0,0.0,0.0,0.0,1.4183913303137766e-05
511.0,0.03865816071629524,0.014457068406045437,0.0,0.0006670313305221498,0.19791666666666666,3.2215133930246034
512.0,0.0,0.0,0.0,0.0,0.0,0.0
513.0,0.0,0.0,0.0,0.0,0.0,0.0
514.0,0.0,0.0,0.0,0.0,0.0,0.0
515.0,0.0,0.0,0.0,0.0,0.0,0.0
516.0,0.0001173715281765908,4.428817192092538e-06,3.405734241823666e-05,4.7529410949209705e-05,0.0,0.009780960681382567
517.0,7.026927050901577e-06,4.428817192092538e-06,3.405734241823666e-05,0.0,0.0,0.0005855772542417981
518.0,0.0,0.0,0.0,0.0,0.0,0.0
519.0,0.0,0.0,0.0,0.0,0.0,0.0
520.0,0.0,0.0,0.0,0.0,0.0,0.0
521.0,0.0,0.0,0.0,0.0,0.0,0.0
522.0,0.0,0.0,0.0,0.0,0.0,0.0
523.0,0.0,0.0,0.0,0.0,0.0,0.0
524.0,0.0,0.0,0.0,0.0,0.0,0.0
525.0,0.0,0.0,0.0,0.0,0.0,0.0
526.0,0.0,0.0,0.0,0.0,0.0,0.0
527.0,0.0,0.0,0.0,0.0,0.0,0.0
528.0,0.03864467144012451,0.014457068406045437,0.0,0.0006719307857565582,0.19791666666666666,3.2203892866770425
529.0,0.0,0.0,0.0,0.0,0.0,0.0
530.0,0.0,0.0,0.0,0.0,0.0,0.0
531.0,0.0,0.0,0.0,0.0,0.0,0.0
532.0,0.0,0.0,0.0,0.0,0.0,0.0
533.0,0.0,0.0,0.0,0.0,0.0,0.0
534.0,0.0,0.0,0.0,0.0,0.0,0.0
535.0,0.0,0.0,0.0,0.0,0.0,0.0
536.0,1.925966535054613e-05,4.05727987526916e-05,4.2857660446316004e-05,0.0,0.0,0.0016049721125455108
537.0,1.925966535054613e-05,4.05727987526916e-05,4.2857660446316004e-05,0.0,0.0,0.0016049721125455108
538.0,0.0,0.0,0.0,0.0,0.0,0.0
539.0,0.0,0.0,0.0,0.0,0.0,0.0
540.0,0.0001082856542780064,0.0,0.0,0.0,0.003472222222222222,0.023148148148148147
541.0,6.820191629230976e-05,0.0,0.0,0.0,0.001736111111111111,0.011574074074074073
542.0,0.0,0.0,0.0,0.0,0.0,0.0
543.0,0.0002576252445578575,0.0,0.0,0.0,0.003472222222222222,0.023148148148148147
544.0,6.5206280851271e-05,0.0,0.0,0.0,0.0,0.005433856737605917
545.0,9.76987121248385e-06,0.0,0.0,0.0,0.0,0.0008141559343736541
546.0,0.0,0.0,0.0,0.0,0.0,0.0
547.0,0.0,0.0,0.0,0.0,0.0,0.0
548.0,0.0,0.0,0.0,0.0,0.0,0.0
549.0,0.0,0.0,0.0,0.0,0.0,0.0
550.0,0.000499761663377285,0.0,0.0,0.0,0.008680555555555556,0.05787037037037038
551.0,0.0,0.0,0.0,0.0,0.0,0.0
552.0,0.0,0.0,0.0,0.0,0.0,0.0
553.0,4.4594112296181265e-06,0.0,0.0,0.0,0.0,0.0003716176024681772
554.0,0.0,0.0,0.0,0.0,0.0,0.0
555.0,0.0,0.0,0.0,0.0,0.0,0.0
556.0,0.0,0.0,0.0,0.0,0.0,0.0
557.0,0.0,0.0,0.0,0.0,0.0,0.0
558.0,0.0,0.0,0.0,0.0,0.0,0.0
559.0,0.0,0.0,0.0,0.0,0.0,0.0
560.0,0.0,0.0,0.0,0.0,0.0,0.0
561.0,1.925966535054613e-05,4.05727987526916e-05,4.2857660446316004e-05,0.0,0.0,0.0016049721125455108
562.0,1.925966535054613e-05,4.05727987526916e-05,4.2857660446316004e-05,0.0,0.0,0.0016049721125455108
563.0,0.0,0.0,0.0,0.0,0.0,0.0
564.0,0.0,0.0,0.0,0.0,0.0,0.0
565.0,0.0,0.0,0.0,0.0,0.0,0.0
566.0,0.0,0.0,0.0,0.0,0.0,0.0
567.0,0.0,0.0,0.0,0.0,0.0,0.0
568.0,0.0,0.0,0.0,0.0,0.0,0.0
569.0,0.0,0.0,0.0,0.0,0.0,0.0
570.0,0.0,0.0,0.0,0.0,0.0,0.0
571.0,0.0,0.0,0.0,0.0,0.0,0.0
572.0,0.0,0.0,0.0,0.0,0.0,0.0
573.0,0.0,0.0,0.0,0.0,0.0,0.0
574.0,0.0,0.0,0.0,0.0,0.0,0.0
575.0,0.0,0.0,0.0,0.0,0.0,0.0
576.0,0.03864467144012451,0.014457068406045437,0.0,0.0006719307857565582,0.19791666666666666,3.2203892866770425
577.0,0.027991896495223045,0.0009625950478948653,0.0,0.00039467765600420535,0.22395833333333334,2.332658041268587
578.0,3.3644712971181434e-07,7.447527536896814e-07,0.0,0.0,0.0,2.803726080931786e-05
579.0,0.0,0.0,0.0,0.0,0.0,0.0
580.0,0.0,0.0,0.0,0.0,0.0,0.0
581.0,0.0,0.0,0.0,0.0,0.0,0.0
582.0,0.0,0.0,0.0,0.0,0.0,0.0
583.0,0.0,0.0,0.0,0.0,0.0,0.0
584.0,0.0,0.0,0.0,0.0,0.0,0.0
585.0,0.00015895848628133535,1.3619025594380219e-05,0.0,3.4391836379654706e-05,0.001736111111111111,0.013246540523444613
586.0,6.770832260372117e-05,0.0,0.0,0.0,0.005208333333333333,0.034722222222222224
587.0,0.0004466740938369185,0.0005895778886042535,0.0,0.0,0.008680555555555556,0.05787037037037038
588.0,0.0004196621885057539,0.002711595967411995,0.0,0.0,0.008680555555555556,0.06778989918529987
589.0,3.6254082260711584e-06,2.344224412809126e-05,0.0,0.0,0.0,0.0005860561032022815
590.0,0.0,0.0,0.0,0.0,0.0,0.0
591.0,0.0003154955920763314,0.0,0.0,0.0,0.013888888888888888,0.09259259259259259
592.0,0.0006088301888667047,0.0,0.0,0.0,0.015625,0.10416666666666667
593.0,2.7182066332898103e-05,2.9935650672996417e-05,0.0,0.0,0.0,0.002265172194408175
594.0,0.0,0.0,0.0,0.0,0.0,0.0
595.0,0.0,0.0,0.0,0.0,0.0,0.0
596.0,0.0,0.0,0.0,0.0,0.0,0.0
597.0,0.0,0.0,0.0,0.0,0.0,0.0
598.0,0.0,0.0,0.0,0.0,0.0,0.0
599.0,9.887321357382461e-05,0.0,0.0,0.0,0.005208333333333333,0.034722222222222224
600.0,0.0004927320405840874,0.0,0.0,0.0,0.013888888888888888,0.09259259259259259
601.0,0.00034106065868400037,2.201133071366712e-07,0.0,0.0,0.010416666666666666,0.06944444444444445
602.0,2.7233062382947537e-07,0.0,0.0,0.0,0.0,2.2694218652456282e-05
603.0,0.0,0.0,0.0,0.0,0.0,0.0
604.0,0.0,0.0,0.0,0.0,0.0,0.0
605.0,0.0,0.0,0.0,0.0,0.0,0.0
606.0,0.0,0.0,0.0,0.0,0.0,0.0
607.0,0.0,0.0,0.0,0.0,0.0,0.0
608.0,0.0,0.0,0.0,0.0,0.0,0.0
609.0,0.0,0.0,0.0,0.0,0.0,0.0
610.0,0.0,0.0,0.0,0.0,0.0,0.0
611.0,0.0,0.0,0.0,0.0,0.0,0.0
612.0,7.412512059090659e-05,0.0,0.0,0.0,0.0,0.006177093382575549
613.0,0.00046389896306209266,0.00109573220834136,0.0,0.0,0.010416666666666666,0.06944444444444445
614.0,0.00015136503498069942,0.0009786310838535428,0.0,0.0,0.003472222222222222,0.02446577709633857
615.0,0.0,0.0,0.0,0.0,0.0,0.0
616.0,0.0,0.0,0.0,0.0,0.0,0.0
617.0,0.0,0.0,0.0,0.0,0.0,0.0
618.0,6.9784923653060105e-06,1.7499174646218307e-05,0.0,0.0,0.0,0.0005815410304421675
619.0,0.0,0.0,0.0,0.0,0.0,0.0
620.0,0.0,0.0,0.0,0.0,0.0,0.0
621.0,0.0,0.0,0.0,0.0,0.0,0.0
622.0,0.0,0.0,0.0,0.0,0.0,0.0
623.0,0.0016336803091689944,0.005380379501730204,0.0,0.0,0.03819444444444445,0.25462962962962965
624.0,0.0,0.0,0.0,0.0,0.0,0.0
625.0,0.0,0.0,0.0,0.0,0.0,0.0
626.0,8.340133490492008e-07,0.0,0.0,0.0,0.0,6.950111242076673e-05
627.0,3.06372015757006e-07,0.0,0.0,0.0,0.0,2.5531001313083834e-05
628.0,0.0,0.0,0.0,0.0,0.0,0.0
629.0,0.0,0.0,0.0,0.0,0.0,0.0
630.0,0.0,0.0,0.0,0.0,0.0,0.0
631.0,0.0,0.0,0.0,0.0,0.0,0.0
632.0,0.0,0.0,0.0,0.0,0.0,0.0
633.0,0.0,0.0,0.0,0.0,0.0,0.0
634.0,0.0,0.0,0.0,0.0,0.0,0.0
635.0,0.0,0.0,0.0,0.0,0.0,0.0
636.0,0.0,0.0,0.0,0.0,0.0,0.0
637.0,0.0,0.0,0.0,0.0,0.0,0.0
638.0,0.0,0.0,0.0,0.0,0.0,0.0
639.0,0.0,0.0,0.0,0.0,0.0,0.0
640.0,0.0,0.0,0.0,0.0,0.0,0.0
641.0,0.0,0.0,0.0,0.0,0.0,0.0
642.0,0.0,0.0,0.0,0.0,0.0,0.0
643.0,0.0,0.0,0.0,0.0,0.0,0.0
644.0,0.0,0.0,0.0,0.0,0.0,0.0
645.0,0.0,0.0,0.0,0.0,0.0,0.0
646.0,0.0,0.0,0.0,0.0,0.0,0.0
647.0,0.0,0.0,0.0,0.0,0.0,0.0
648.0,0.0,0.0,0.0,0.0,0.0,0.0
649.0,0.0,0.0,0.0,0.0,0.0,0.0
650.0,0.0,0.0,0.0,0.0,0.0,0.0
651.0,3.06372015757006e-07,0.0,0.0,0.0,0.0,2.5531001313083834e-05
652.0,3.06372015757006e-07,0.0,0.0,0.0,0.0,2.5531001313083834e-05
653.0,0.0,0.0,0.0,0.0,0.0,0.0
654.0,0.0,0.0,0.0,0.0,0.0,0.0
655.0,0.0,0.0,0.0,0.0,0.0,0.0
656.0,0.0,0.0,0.0,0.0,0.0,0.0
657.0,0.0,0.0,0.0,0.0,0.0,0.0
658.0,0.0,0.0,0.0,0.0,0.0,0.0
659.0,0.0,0.0,0.0,0.0,0.0,0.0
660.0,0.0,0.0,0.0,0.0,0.0,0.0
661.0,0.0,0.0,0.0,0.0,0.0,0.0
662.0,0.0,0.0,0.0,0.0,0.0,0.0
663.0,0.0,0.0,0.0,0.0,0.0,0.0
664.0,0.0,0.0,0.0,0.0,0.0,0.0
665.0,0.0,0.0,0.0,0.0,0.0,0.0
666.0,0.0,0.0,0.0,0.0,0.0,0.0
667.0,0.0,0.0,0.0,0.0,0.0,0.0
668.0,1.7020748543927766e-07,0.0,0.0,0.0,0.0,1.4183957119939805e-05
669.0,0.04272126033902168,0.01542326994240284,0.0,0.00036023560096509755,0.2690972222222222,3.5601050282518067
670.0,0.0,0.0,0.0,0.0,0.0,0.0
671.0,0.0,0.0,0.0,0.0,0.0,0.0
672.0,0.03865838423371315,0.014457068406045437,0.0,0.0006670313305221498,0.19791666666666666,3.2215320194760957
673.0,0.0,0.0,0.0,0.0,0.0,0.0
674.0,0.00011975760571658611,0.0,0.0,0.0,0.001736111111111111,0.011574074074074073
675.0,9.894129470922053e-05,0.0,0.0,0.0,0.001736111111111111,0.011574074074074073
676.0,0.0,0.0,0.0,0.0,0.0,0.0
677.0,0.0,0.0,0.0,0.0,0.0,0.0
678.0,0.00011512741184560582,0.0,0.0,4.7529410949209705e-05,0.0,0.009593950987133818
679.0,2.8475618819356896e-05,0.0,0.0,0.0,0.003472222222222222,0.023148148148148147
680.0,6.758917879778892e-05,0.0,0.0,0.0,0.0,0.00563243156648241
681.0,0.0,0.0,0.0,0.0,0.0,0.0
682.0,0.0,0.0,0.0,0.0,0.0,0.0
683.0,0.0,0.0,0.0,0.0,0.0,0.0
684.0,0.0,0.0,0.0,0.0,0.0,0.0
685.0,0.0,0.0,0.0,0.0,0.0,0.0
686.0,2.4169312382582575e-06,0.0,0.0,0.0,0.0,0.00020141093652152145
687.0,0.0,0.0,0.0,0.0,0.0,0.0
688.0,0.0,0.0,0.0,0.0,0.0,0.0
689.0,0.00028497749008238316,0.0,0.0,0.0,0.006944444444444444,0.046296296296296294
690.0,8.910333417588845e-05,0.0,0.0,0.0,0.0,0.007425277847990704
691.0,0.00022120095673017204,0.0,0.0,0.0,0.0,0.01843341306084767
692.0,0.0,0.0,0.0,0.0,0.0,0.0
693.0,0.0,0.0,0.0,0.0,0.0,0.0
694.0,7.76143315306399e-06,0.0,0.0,0.0,0.0,0.0006467860960886659
695.0,0.0,0.0,0.0,0.0,0.0,0.0
696.0,4.7198383981594816e-05,0.0,0.0,0.0,0.0,0.003933198665132902
697.0,3.603280856623314e-05,0.0,0.0,0.0,0.0,0.0030027340471860953
698.0,0.0,0.0,0.0,0.0,0.0,0.0
699.0,0.0,0.0,0.0,0.0,0.0,0.0
700.0,0.0,0.0,0.0,0.0,0.0,0.0
701.0,0.0002301708300365135,0.0,0.0,0.0,0.0,0.01918090250304279
702.0,0.00010006465890910476,0.0,0.0,0.0,0.0,0.008338721575758731
703.0,0.0001317231508437544,0.0,0.0,0.0,0.0,0.010976929236979535
704.0,0.00010578360524959862,0.0,0.0,0.0,0.001736111111111111,0.011574074074074073
705.0,1.5318704527089722e-07,0.0,0.0,0.0,0.0,1.2765587105908102e-05
706.0,0.0,0.0,0.0,0.0,0.0,0.0
707.0,6.706152817059774e-06,0.0,0.0,0.0,0.0,0.0005588460680883145
708.0,0.0002816924825310707,0.0,0.0,0.0,0.006944444444444444,0.046296296296296294
709.0,0.0,0.0,0.0,0.0,0.0,0.0
710.0,5.9095851611346006e-05,0.0,0.0,0.0,0.0,0.004924654300945501
711.0,9.271172893932089e-05,0.0,0.0,0.0,0.0,0.007725977411610074
712.0,0.0,0.0,0.0,0.0,0.0,0.0
713.0,0.0,0.0,0.0,0.0,0.0,0.0
714.0,0.0,0.0,0.0,0.0,0.0,0.0
715.0,0.0,0.0,0.0,0.0,0.0,0.0
716.0,0.0,0.0,0.0,0.0,0.0,0.0
717.0,0.0,0.0,0.0,0.0,0.0,0.0
718.0,0.0,0.0,0.0,0.0,0.0,0.0
719.0,1.4127172107691877e-06,0.0,0.0,0.0,0.0,0.00011772643423076563
720.0,0.0,0.0,0.0,0.0,0.0,0.0
721.0,0.0,0.0,0.0,0.0,0.0,0.0
722.0,0.0,0.0,0.0,0.0,0.0,0.0
723.0,0.0,0.0,0.0,0.0,0.0,0.0
724.0,0.0,0.0,0.0,0.0,0.0,0.0
725.0,0.0,0.0,0.0,0.0,0.0,0.0
726.0,0.0,0.0,0.0,0.0,0.0,0.0
727.0,0.0,0.0,0.0,0.0,0.0,0.0
728.0,0.0,0.0,0.0,0.0,0.0,0.0
729.0,0.0,0.0,0.0,0.0,0.0,0.0
730.0,0.0,0.0,0.0,0.0,0.0,0.0
731.0,0.0,0.0,0.0,0.0,0.0,0.0
732.0,0.0,0.0,0.0,0.0,0.0,0.0
733.0,0.0,0.0,0.0,0.0,0.0,0.0
734.0,0.0,0.0,0.0,0.0,0.0,0.0
735.0,0.0,0.0,0.0,0.0,0.0,0.0
736.0,0.02958238311111927,0.0009624724625609815,0.0,0.00039467765600420535,0.21875,2.4651985925932727
737.0,8.593130587541964e-06,8.673578122397885e-07,0.0,0.0,0.0,0.000716094215628497
738.0,0.0,0.0,0.0,0.0,0.0,0.0
739.0,0.0,0.0,0.0,0.0,0.0,0.0
740.0,0.0,0.0,0.0,0.0,0.0,0.0
741.0,0.0,0.0,0.0,0.0,0.0,0.0
742.0,0.0,0.0,0.0,0.0,0.0,0.0
743.0,0.0,0.0,0.0,0.0,0.0,0.0
744.0,0.00014716314035467803,1.3619025594380219e-05,0.0,3.4391836379654706e-05,0.0,0.012263595029556503
745.0,8.51034798188266e-08,0.0,0.0,0.0,0.0,7.091956651568883e-06
746.0,0.0,0.0,0.0,0.0,0.0,0.0
747.0,0.0,0.0,0.0,0.0,0.0,0.0
748.0,0.0,0.0,0.0,0.0,0.0,0.0
749.0,0.0,0.0,0.0,0.0,0.0,0.0
750.0,0.0,0.0,0.0,0.0,0.0,0.0
751.0,0.0,0.0,0.0,0.0,0.0,0.0
752.0,0.0,0.0,0.0,0.0,0.0,0.0
753.0,0.03961171209812164,0.02364962175488472,0.3913913667201996,0.004210610408335924,0.3194444444444444,3.3009760081768036
754.0,0.0,0.0,0.0,0.0,0.0,0.0
755.0,0.0,0.0,0.0,0.0,0.0,0.0
756.0,0.0,0.0,0.0,0.0,0.0,0.0
757.0,0.0,0.0,0.0,0.0,0.0,0.0
758.0,0.00015934773546177894,0.0010303580202162266,0.0,0.0,0.005208333333333333,0.034722222222222224
759.0,0.0002452171465847641,0.0015855979872867465,0.0,0.0,0.005208333333333333,0.03963994968216866
760.0,0.00010731547808973119,0.0006939123850315809,0.0,0.0,0.0,0.017347809625789523
761.0,4.425379302119836e-06,2.8614937036763877e-05,0.0,0.0,0.0,0.0007153734259190969
762.0,9.747751028044149e-05,0.0006302991532720625,0.0,0.0,0.0,0.015757478831801564
763.0,0.0003588813415262848,0.0023205620236694813,0.0,0.0,0.005208333333333333,0.05801405059173703
764.0,5.7972480135504156e-05,0.0003748557064682245,0.0,0.0,0.005208333333333333,0.034722222222222224
765.0,0.0,0.0,0.0,0.0,0.0,0.0
766.0,0.0,0.0,0.0,0.0,0.0,0.0
767.0,8.969905320554972e-05,0.00058000284479931,0.0,0.0,0.003472222222222222,0.023148148148148147
768.0,0.00022149027790874243,0.0014321778435260057,0.0,0.0,0.005208333333333333,0.035804446088150144
769.0,0.000259650667430833,0.0016789265209808946,0.0,0.0,0.005208333333333333,0.041973163024522364
770.0,2.289283111167606e-05,0.00014802729128859937,0.0,0.0,0.0,0.0037006822822149843
771.0,0.00012956152204424143,0.0008377574849873781,0.0,0.0,0.0,0.020943937124684453
772.0,0.0002952069335151464,0.0019088367698714137,0.0,0.0,0.005208333333333333,0.04772091924678534
773.0,0.00010338369611417875,0.0006684890831820667,0.0,0.0,0.0,0.016712227079551667
774.0,0.0,0.0,0.0,0.0,0.0,0.0
775.0,0.00023897054779808968,0.0015452069928869605,0.0,0.0,0.0,0.03863017482217401
776.0,6.358931568684056e-05,0.000411174725741148,0.0,0.0,0.0,0.0102793681435287
777.0,6.939336890354753e-05,0.0004487043188419193,0.0,0.0,0.0,0.011217607971047983
778.0,0.0001055112952599302,0.0006822464056313038,0.0,0.0,0.0,0.017056160140782595
779.0,0.00010420068429084495,0.0006737718940712512,0.0,0.0,0.0,0.01684429735178128
780.0,0.0,0.0,0.0,0.0,0.0,0.0
781.0,0.0002474128268659115,0.00026061609969474375,0.0,0.0,0.005208333333333333,0.034722222222222224
782.0,0.00013895695155952126,0.0005434638005681336,0.0,0.0,0.0,0.01358659501420334
783.0,0.00011298336903564632,0.0005399419460445642,0.0,0.0,0.0,0.013498548651114106
784.0,1.0212379208951461e-07,6.603424367312982e-07,0.0,0.0,0.0,1.6508560918282456e-05
785.0,0.00027423741994425654,0.0,0.0,0.0,0.0,0.022853118328688044
786.0,7.289963104994968e-05,4.545372576103546e-05,0.0,0.0,0.0,0.006074969254162473
787.0,0.0,0.0,0.0,0.0,0.0,0.0
788.0,0.00010319647844880819,0.0006672784802503884,0.0,0.0,0.0,0.01668196200625971
789.0,0.0001359442831017077,0.0,0.0,0.0,0.0,0.01132869025847564
790.0,9.946893260348588e-05,0.0,0.0,0.0,0.0,0.008289077716957157
791.0,0.0003538261807989329,0.0,0.0,0.0,0.008680555555555556,0.05787037037037038
792.0,4.493463620747207e-06,0.0,0.0,0.0,0.001736111111111111,0.011574074074074073
793.0,8.244824857683852e-05,0.0,0.0,0.0,0.0,0.0068706873814032106
794.0,9.53159269556636e-06,1.959023211384192e-05,0.0,0.0,0.0,0.0007942993912971966
795.0,0.0,0.0,0.0,0.0,0.0,0.0
796.0,7.21677588444436e-06,4.666437962441705e-05,0.0,0.0,0.0,0.0011666094906104263
797.0,7.506127440137789e-05,0.0004853534628637135,0.0,0.0,0.0,0.012133836571592838
798.0,0.0,0.0,0.0,0.0,0.0,0.0
799.0,0.0,0.0,0.0,0.0,0.0,0.0
800.0,0.0,0.0,0.0,0.0,0.0,0.0
801.0,4.1224120650440454e-05,8.496437658322975e-05,0.0,0.0,0.0,0.0034353433875367045
802.0,0.0,0.0,0.0,0.0,0.0,0.0
803.0,0.00016014771244954318,1.4967811694077682e-05,0.0,0.0,0.0,0.013345642704128599
804.0,7.972493767738342e-05,0.0,0.0,0.0,0.0,0.006643744806448619
805.0,0.0,0.0,0.0,0.0,0.0,0.0
806.0,9.725624840939417e-05,0.0006266672280617058,0.0,0.0,0.0,0.015666680701542646
807.0,3.256059062550776e-05,0.0002105399762513116,0.0,0.0,0.0,0.00526349940628279
808.0,0.00029307935619726777,0.0,0.0,0.0,0.006944444444444444,0.046296296296296294
809.0,8.248227823060006e-05,0.0,0.0,0.0,0.0,0.0068735231858833385
810.0,8.091637573670596e-05,0.0,0.0,0.0,0.0,0.006743031311392163
811.0,0.0001486587425461039,9.685073564469349e-06,0.0,0.0,0.0,0.012388228545508658
812.0,7.133372855605558e-05,0.0004612508637364954,0.0,0.0,0.0,0.011531271593412384
813.0,0.0003171635908074677,0.0,0.0,0.0,0.006944444444444444,0.046296296296296294
814.0,7.37847076379694e-05,0.0,0.0,0.0,0.001736111111111111,0.011574074074074073
815.0,8.639704901725054e-05,0.0005584316677413881,0.0,0.0,0.0,0.013960791693534702
816.0,5.123229493619874e-05,0.00033105292823165655,0.0,0.0,0.0,0.008276323205791414
817.0,9.720519301481545e-05,0.0006285383133217692,0.0,0.0,0.0,0.01571345783304423
818.0,8.348650590050966e-05,0.0,0.0,0.0,0.0,0.006957208825042471
819.0,1.0382624168414623e-05,2.762442636594642e-05,0.0,0.0,0.0,0.0008652186807012185
820.0,0.0001706835173536092,0.0,0.0,0.0,0.0,0.0142236264461341
821.0,0.0,0.0,0.0,0.0,0.0,0.0
822.0,0.0,0.0,0.0,0.0,0.0,0.0
823.0,0.0,0.0,0.0,0.0,0.0,0.0
824.0,0.0,0.0,0.0,0.0,0.0,0.0
825.0,0.0,0.0,0.0,0.0,0.0,0.0
826.0,0.0,0.0,0.0,0.0,0.0,0.0
827.0,0.0,0.0,0.0,0.0,0.0,0.0
828.0,2.0935453903803136e-06,0.0,0.0,0.0,0.0,0.00017446211586502613
829.0,0.0,0.0,0.0,0.0,0.0,0.0
830.0,0.0,0.0,0.0,0.0,0.0,0.0
831.0,0.0,0.0,0.0,0.0,0.0,0.0
832.0,0.0,0.0,0.0,0.0,0.0,0.0
833.0,0.0,0.0,0.0,0.0,0.0,0.0
834.0,0.0,0.0,0.0,0.0,0.0,0.0
835.0,0.0,0.0,0.0,0.0,0.0,0.0
836.0,0.0,0.0,0.0,0.0,0.0,0.0
837.0,0.0,0.0,0.0,0.0,0.0,0.0
838.0,0.0,0.0,0.0,0.0,0.0,0.0
839.0,0.0,0.0,0.0,0.0,0.0,0.0
840.0,0.0,0.0,0.0,0.0,0.0,0.0
841.0,0.0,0.0,0.0,0.0,0.0,0.0
842.0,0.0,0.0,0.0,0.0,0.0,0.0
843.0,0.0,0.0,0.0,0.0,0.0,0.0
844.0,0.0,0.0,0.0,0.0,0.0,0.0
845.0,0.0,0.0,0.0,0.0,0.0,0.0
846.0,0.0,0.0,0.0,0.0,0.0,0.0
847.0,0.0,0.0,0.0,0.0,0.0,0.0
848.0,0.0,0.0,0.0,0.0,0.0,0.0
849.0,0.0,0.0,0.0,0.0,0.0,0.0
850.0,0.0,0.0,0.0,0.0,0.0,0.0
851.0,0.0,0.0,0.0,0.0,0.0,0.0
852.0,0.0,0.0,0.0,0.0,0.0,0.0
853.0,7.659315315322601e-07,4.8425322347611655e-06,0.0,0.0,0.0,0.00012106330586902914
854.0,0.0,0.0,0.0,0.0,0.0,0.0
855.0,0.0,0.0,0.0,0.0,0.0,0.0
856.0,0.0,0.0,0.0,0.0,0.0,0.0
857.0,0.0,0.0,0.0,0.0,0.0,0.0
858.0,0.0,0.0,0.0,0.0,0.0,0.0
859.0,0.0,0.0,0.0,0.0,0.0,0.0
860.0,0.0,0.0,0.0,0.0,0.0,0.0
861.0,9.701778935777838e-07,6.1632094912056345e-06,0.0,0.0,0.0,0.00015408023728014086
862.0,0.0,0.0,0.0,0.0,0.0,0.0
863.0,0.0,0.0,0.0,0.0,0.0,0.0
864.0,0.0,0.0,0.0,0.0,0.0,0.0
865.0,0.0,0.0,0.0,0.0,0.0,0.0
866.0,0.0,0.0,0.0,0.0,0.0,0.0
867.0,0.0,0.0,0.0,0.0,0.0,0.0
868.0,0.0,0.0,0.0,0.0,0.0,0.0
869.0,0.0,0.0,0.0,0.0,0.0,0.0
870.0,0.0,0.0,0.0,0.0,0.0,0.0
871.0,0.00011335781891830266,0.0,0.0,0.0,0.005208333333333333,0.034722222222222224
872.0,1.5199478184513282e-05,0.0,0.0,0.0,0.0,0.0012666231820427736
873.0,0.001674734172411263,0.0,0.0,0.0,0.036458333333333336,0.24305555555555558
874.0,0.0013129933504387736,0.0,0.0,0.0,0.024305555555555556,0.16203703703703703
875.0,0.0010748057393357158,0.0,0.0,0.0,0.006944444444444444,0.08956714494464298
876.0,0.00017388341075275093,0.0,0.0,0.0,0.001736111111111111,0.014490284229395911
877.0,0.00019333806994836777,0.0,0.0,0.0,0.005208333333333333,0.034722222222222224
878.0,3.0960629374021664e-05,0.0,0.0,0.0,0.001736111111111111,0.011574074074074073
879.0,0.00031602324452251196,0.0,0.0,0.0,0.0,0.026335270376875997
880.0,0.00028684973949566483,0.0,0.0,0.0,0.001736111111111111,0.02390414495797207
881.0,0.00042830873280763626,0.0,0.0,0.0,0.0,0.03569239440063635
882.0,0.0,0.0,0.0,0.0,0.0,0.0
883.0,6.151278648758307e-05,0.0,0.0,0.0,0.0,0.005126065540631923
884.0,3.923269468941726e-05,0.0,0.0,0.0,0.0,0.0032693912241181047
885.0,0.0,0.0,0.0,0.0,0.0,0.0
886.0,1.4603760973841418e-05,0.0,0.0,0.0,0.003472222222222222,0.023148148148148147
887.0,0.0,0.0,0.0,0.0,0.0,0.0
888.0,0.0,0.0,0.0,0.0,0.0,0.0
889.0,0.0,0.0,0.0,0.0,0.0,0.0
890.0,0.0,0.0,0.0,0.0,0.0,0.0
891.0,0.0,0.0,0.0,0.0,0.0,0.0
892.0,0.0,0.0,0.0,0.0,0.0,0.0
893.0,0.0,0.0,0.0,0.0,0.0,0.0
894.0,0.0,0.0,0.0,0.0,0.0,0.0
895.0,0.0,0.0,0.0,0.0,0.0,0.0
896.0,0.0,0.0,0.0,0.0,0.0,0.0
897.0,0.0,0.0,0.0,0.0,0.0,0.0
898.0,0.0,0.0,0.0,0.0,0.0,0.0
899.0,0.0,0.0,0.0,0.0,0.0,0.0
900.0,0.0,0.0,0.0,0.0,0.0,0.0
901.0,0.0,0.0,0.0,0.0,0.0,0.0
902.0,0.0,0.0,0.0,0.0,0.0,0.0
903.0,0.0,0.0,0.0,0.0,0.0,0.0
904.0,0.0,0.0,0.0,0.0,0.0,0.0
905.0,0.0,0.0,0.0,0.0,0.0,0.0
906.0,0.0,0.0,0.0,0.0,0.0,0.0
907.0,0.0,0.0,0.0,0.0,0.0,0.0
908.0,0.0,0.0,0.0,0.0,0.0,0.0
909.0,0.0,0.0,0.0,0.0,0.0,0.0
910.0,0.0,0.0,0.0,0.0,0.0,0.0
911.0,0.0,0.0,0.0,0.0,0.0,0.0
912.0,0.0,0.0,0.0,0.0,0.0,0.0
913.0,0.0,0.0,0.0,0.0,0.0,0.0
914.0,0.0,0.0,0.0,0.0,0.0,0.0
915.0,0.0,0.0,0.0,0.0,0.0,0.0
916.0,0.0,0.0,0.0,0.0,0.0,0.0
917.0,0.00017356002354063094,0.0011207152856513858,0.0,0.0,0.005208333333333333,0.034722222222222224
918.0,0.0004241557326167822,0.0027426322922110558,0.0,0.0,0.008680555555555556,0.0685658073052764
919.0,0.00028441575705073774,0.00022286639432422817,0.0,0.0,0.008680555555555556,0.05787037037037038
920.0,0.0005266883526928723,0.0002476293302606791,0.0,0.0,0.015625,0.10416666666666667
921.0,0.0005239651072770357,0.0,0.0,0.0,0.005208333333333333,0.043663758939752974
922.0,0.00043797653052024543,0.0,0.0,0.0,0.010416666666666666,0.06944444444444445
923.0,0.0007765350746922195,0.0,0.0,0.0,0.017361111111111112,0.11574074074074076
924.0,0.0,0.0,0.0,0.0,0.0,0.0
925.0,0.0,0.0,0.0,0.0,0.0,0.0
926.0,0.0,0.0,0.0,0.0,0.0,0.0
927.0,0.0,0.0,0.0,0.0,0.0,0.0
928.0,0.00023612810764461756,0.0013322456507012248,0.0,0.0,0.0,0.03330614126753062
929.0,9.20819366001524e-06,5.943101496086456e-05,0.0,0.0,0.0,0.001485775374021614
930.0,0.00012275324843358248,0.0007937345071695745,0.0,0.0,0.0,0.019843362679239362
931.0,6.263615068746731e-05,0.00040501149487681687,0.0,0.0,0.0,0.010125287371920422
932.0,0.0,0.0,0.0,0.0,0.0,0.0
933.0,1.702069596376532e-08,0.0,0.0,0.0,0.0,1.4183913303137767e-06
934.0,8.740126941120252e-05,0.0,0.0,0.0,0.0,0.00728343911760021
935.0,0.00013563790707848966,0.0,0.0,0.0,0.0,0.011303158923207471
936.0,0.0001224128354806453,2.6523865017225035e-05,0.0,0.0,0.0,0.010201069623387108
937.0,5.616828639176674e-05,0.0,0.0,0.0,0.0,0.004680690532647229
938.0,0.0,0.0,0.0,0.0,0.0,0.0
939.0,0.0,0.0,0.0,0.0,0.0,0.0
940.0,0.0,0.0,0.0,0.0,0.0,0.0
941.0,0.0,0.0,0.0,0.0,0.0,0.0
942.0,0.00012038737622788176,0.0,0.0,0.0,0.0,0.01003228135232348
943.0,0.0001481651415815577,0.0,0.0,0.0,0.0,0.012347095131796474
944.0,0.00014554396329913288,0.0,0.0,0.0,0.0,0.012128663608261073
945.0,1.880786476249341e-05,0.0,0.0,0.0,0.0,0.0015673220635411174
946.0,0.00021686065883841366,0.0,0.0,0.0,0.0,0.018071721569867805
947.0,0.00012690629228018224,0.0,0.0,0.0,0.0,0.010575524356681854
948.0,0.00014595245011150837,0.0,0.0,0.0,0.0,0.01216270417595903
949.0,6.352122727548704e-05,0.0,0.0,0.0,0.0,0.005293435606290586
950.0,0.0,0.0,0.0,0.0,0.0,0.0
951.0,0.0,0.0,0.0,0.0,0.0,0.0
952.0,8.883100235834718e-05,0.0,0.0,0.0,0.0,0.007402583529862264
953.0,0.00010251564526697621,0.0,0.0,0.0,0.0,0.008542970438914685
954.0,0.00025144670507870615,0.0,0.0,0.0,0.0,0.02095389208989218
955.0,0.0,0.0,0.0,0.0,0.0,0.0
956.0,0.0,0.0,0.0,0.0,0.0,0.0
957.0,8.75033947522752e-05,0.0,0.0,0.0,0.0,0.0072919495626896
958.0,5.535129093914293e-05,0.0,0.0,0.0,0.0,0.004612607578261911
959.0,0.0001132386751123704,0.0,0.0,0.0,0.0,0.0094365562593642
960.0,0.0,0.0,0.0,0.0,0.0,0.0
961.0,5.974259238428203e-06,0.0,0.0,0.0,0.0,0.0004978549365356836
962.0,0.0,0.0,0.0,0.0,0.0,0.0
963.0,0.0,0.0,0.0,0.0,0.0,0.0
964.0,0.0,0.0,0.0,0.0,0.0,0.0
965.0,0.0,0.0,0.0,0.0,0.0,0.0
966.0,0.0,0.0,0.0,0.0,0.0,0.0
967.0,0.0,0.0,0.0,0.0,0.0,0.0
968.0,0.0,0.0,0.0,0.0,0.0,0.0
969.0,6.808278385506128e-08,0.0,0.0,0.0,0.0,5.673565321255107e-06
970.0,6.808278385506128e-08,0.0,0.0,0.0,0.0,5.673565321255107e-06
971.0,0.0,0.0,0.0,0.0,0.0,0.0
972.0,0.0,0.0,0.0,0.0,0.0,0.0
973.0,0.0,0.0,0.0,0.0,0.0,0.0
974.0,0.0,0.0,0.0,0.0,0.0,0.0
975.0,0.0,0.0,0.0,0.0,0.0,0.0
976.0,0.0,0.0,0.0,0.0,0.0,0.0
977.0,7.082310185069218e-05,0.00045486752060241997,0.0004889059928245842,0.0,0.003472222222222222,0.023148148148148147
978.0,9.792004129849374e-05,0.0006225950783118606,2.0962306734872982e-05,0.0,0.0,0.015564876957796514
979.0,0.0,0.0,0.0,0.0,0.0,0.0
980.0,0.0,0.0,0.0,0.0,0.0,0.0
981.0,0.0,0.0,0.0,0.0,0.0,0.0
982.0,0.0,0.0,0.0,0.0,0.0,0.0
983.0,0.0,0.0,0.0,0.0,0.0,0.0
984.0,0.0003620301722548902,0.0018108857329934835,0.0,0.0,0.010416666666666666,0.06944444444444445
985.0,0.00020424832473509014,5.502874387275369e-07,0.0,0.0,0.001736111111111111,0.01702069372792418
986.0,8.884801900421735e-06,2.982559999509249e-05,0.0,0.0,0.0,0.0007456399998773122
987.0,0.0,0.0,0.0,0.0,0.0,0.0
988.0,0.0,0.0,0.0,0.0,0.0,0.0
989.0,0.0,0.0,0.0,0.0,0.0,0.0
990.0,0.0,0.0,0.0,0.0,0.0,0.0
991.0,0.0,0.0,0.0,0.0,0.0,0.0
992.0,0.0,0.0,0.0,0.0,0.0,0.0
993.0,0.0,0.0,0.0,0.0,0.0,0.0
994.0,0.0,0.0,0.0,0.0,0.0,0.0
995.0,0.0,0.0,0.0,0.0,0.0,0.0
996.0,0.0,0.0,0.0,0.0,0.0,0.0
997.0,0.0,0.0,0.0,0.0,0.0,0.0
998.0,0.0,0.0,0.0,0.0,0.0,0.0
999.0,0.0,0.0,0.0,0.0,0.0,0.0
1000.0,0.0,0.0,0.0,0.0,0.0,0.0
1001.0,4.3436812120489776e-05,0.00027932587545365095,0.0,0.0,0.0,0.006983146886341274
1002.0,5.5998083553276956e-05,0.00030144743504934013,0.0,0.0,0.0,0.007536185876233503
1003.0,2.4679968646523776e-06,7.263788120326353e-06,0.0,0.0,0.0,0.00020566640538769812
1004.0,0.0,0.0,0.0,0.0,0.0,0.0
1005.0,0.0,0.0,0.0,0.0,0.0,0.0
1006.0,0.0,0.0,0.0,0.0,0.0,0.0
1007.0,0.0,0.0,0.0,0.0,0.0,0.0
1008.0,0.0,0.0,0.0,0.0,0.0,0.0
1009.0,0.0,0.0,0.0,0.0,0.0,0.0
1010.0,0.0003020322183147073,0.001951429178006947,0.0,0.0,0.008680555555555556,0.05787037037037038
1011.0,0.0003220485523343086,0.0020810768473893404,0.0,0.0,0.005208333333333333,0.05202692118473351
1012.0,0.0,0.0,0.0,0.0,0.0,0.0
1013.0,0.0,0.0,0.0,0.0,0.0,0.0
1014.0,0.0,0.0,0.0,0.0,0.0,0.0
1015.0,0.0,0.0,0.0,0.0,0.0,0.0
1016.0,0.0,0.0,0.0,0.0,0.0,0.0
1017.0,0.0,0.0,0.0,0.0,0.0,0.0
1018.0,0.0,0.0,0.0,0.0,0.0,0.0
1019.0,3.063722715523909e-06,1.6948841221164912e-05,0.0,0.0,0.0,0.0004237210305291228
1020.0,0.0,0.0,0.0,0.0,0.0,0.0
1021.0,0.0,0.0,0.0,0.0,0.0,0.0
1022.0,0.0,0.0,0.0,0.0,0.0,0.0
1023.0,0.0,0.0,0.0,0.0,0.0,0.0
1024.0,0.0,0.0,0.0,0.0,0.0,0.0
1025.0,0.0,0.0,0.0,0.0,0.0,0.0
1026.0,0.0,0.0,0.0,0.0,0.0,0.0
1027.0,0.0005274202558211982,0.0,0.0,0.0,0.0,0.04395168798509985
1028.0,0.0005938860704191029,0.0,0.0,0.0,0.001736111111111111,0.04949050586825857
1029.0,0.0004239003756083548,0.0004291141522116959,0.0,0.0,0.005208333333333333,0.03532503130069623
1030.0,0.00016876019071787596,0.000609938520938158,0.0,0.0,0.003472222222222222,0.023148148148148147
1031.0,0.00022639225062448531,0.0,0.0,0.0,0.003472222222222222,0.023148148148148147
1032.0,0.00015926263586152345,0.0,0.0,0.0,0.008680555555555556,0.05787037037037038
1033.0,0.0005089017213322222,0.0,0.0,0.0,0.0,0.04240847677768519
1034.0,7.334217661991715e-05,0.0,0.0,0.0,0.003472222222222222,0.023148148148148147
1035.0,0.0,0.0,0.0,0.0,0.0,0.0
1036.0,4.918977992929285e-06,0.0,0.0,0.0,0.0,0.0004099148327441071
1037.0,0.0,0.0,0.0,0.0,0.0,0.0
1038.0,0.00021577133156824857,0.00139519851654768,0.0,0.0,0.0,0.034879962913692
1039.0,7.284857929334976e-06,4.5783915993524715e-05,0.0,0.0,0.0,0.0011445978998381179
1040.0,0.0,0.0,0.0,0.0,0.0,0.0
1041.0,0.00015109271043911576,0.0009769800817593932,0.0,0.0,0.0,0.02442450204398483
1042.0,0.00013112742453813553,0.0008478827076032758,0.0,0.0,0.001736111111111111,0.021197067690081894
1043.0,1.0212417578259192e-07,6.603449378417281e-07,0.0,0.0,0.0,1.6508623446043202e-05
1044.0,1.1574043128348421e-06,6.1632058532268275e-06,0.0,0.0,0.0,0.00015408014633067069
1045.0,0.0,0.0,0.0,0.0,0.0,0.0
1046.0,0.0001588541199453175,0.0004784197953995317,0.0,0.0,0.005208333333333333,0.034722222222222224
1047.0,0.00036296629696153104,0.0008839817019179463,0.0,0.0,0.006944444444444444,0.046296296296296294
1048.0,0.00017521102563478053,0.0,0.0,0.0,0.0,0.014600918802898377
1049.0,0.0,0.0,0.0,0.0,0.0,0.0
1050.0,0.0,0.0,0.0,0.0,0.0,0.0
1051.0,7.33762135496363e-05,0.00010158303484786302,0.0,0.0,0.001736111111111111,0.011574074074074073
1052.0,0.00010164758714381605,4.402299396133458e-07,0.0,0.0,0.0,0.00847063226198467
1053.0,9.565642358211335e-06,1.9370167137822136e-05,0.0,0.0,0.0,0.0007971368631842779
1054.0,0.0,0.0,0.0,0.0,0.0,0.0
1055.0,0.0,0.0,0.0,0.0,0.0,0.0
1056.0,0.0,0.0,0.0,0.0,0.0,0.0
1057.0,0.0,0.0,0.0,0.0,0.0,0.0
1058.0,0.00015893924864940345,0.0,0.0,0.0,0.0,0.013244937387450287
1059.0,0.00012978278391528875,0.0,0.0,0.0,0.005208333333333333,0.034722222222222224
1060.0,0.0001470077404519543,0.0,0.0,0.0,0.001736111111111111,0.012250645037662858
1061.0,0.0005420410307124257,0.0,0.0,0.0,0.010416666666666666,0.06944444444444445
1062.0,0.0003951694234274328,0.0,0.0,0.0,0.005208333333333333,0.034722222222222224
1063.0,0.0002434810157865286,0.0,0.0,0.0,0.001736111111111111,0.020290084648877382
1064.0,0.00028153927996754646,0.0,0.0,0.0,0.003472222222222222,0.023461606663962204
1065.0,0.00015250541036948562,0.0,0.0,0.0,0.0,0.012708784197457135
1066.0,0.0002851817407645285,0.0,0.0,0.0,0.0,0.023765145063710708
1067.0,0.00011814063327619806,0.0,0.0,0.0,0.0,0.009845052773016505
1068.0,0.0,0.0,0.0,0.0,0.0,0.0
1069.0,1.603350210643839e-05,0.0,0.0,0.0,0.0,0.0013361251755365326
1070.0,0.00011240466119488701,0.0007249485934153199,0.0,0.0,0.005208333333333333,0.034722222222222224
1071.0,0.00023313243582379073,1.1005581512790741e-07,0.0,0.0,0.006944444444444444,0.046296296296296294
1072.0,5.337690163287334e-05,0.0,0.0,0.0,0.0,0.004448075136072778
1073.0,0.00029083259869366884,0.0,0.0,0.0,0.006944444444444444,0.046296296296296294
1074.0,0.0,0.0,0.0,0.0,0.0,0.0
1075.0,0.0,0.0,0.0,0.0,0.0,0.0
1076.0,0.0,0.0,0.0,0.0,0.0,0.0
1077.0,0.0,0.0,0.0,0.0,0.0,0.0
1078.0,7.948681741254404e-06,9.795127880352084e-06,0.0,0.0,0.0,0.0006623901451045336
1079.0,0.0,0.0,0.0,0.0,0.0,0.0
1080.0,0.0,0.0,0.0,0.0,0.0,0.0
1081.0,0.0,0.0,0.0,0.0,0.0,0.0
1082.0,0.0,0.0,0.0,0.0,0.0,0.0
1083.0,0.0,0.0,0.0,0.0,0.0,0.0
1084.0,0.0,0.0,0.0,0.0,0.0,0.0
1085.0,0.0,0.0,0.0,0.0,0.0,0.0
1086.0,0.0,0.0,0.0,0.0,0.0,0.0
1087.0,0.0,0.0,0.0,0.0,0.0,0.0
1088.0,0.0,0.0,0.0,0.0,0.0,0.0
1089.0,0.0,0.0,0.0,0.0,0.0,0.0
1090.0,0.0,0.0,0.0,0.0,0.0,0.0
1091.0,0.0,0.0,0.0,0.0,0.0,0.0
1092.0,0.0,0.0,0.0,0.0,0.0,0.0
1093.0,0.0,0.0,0.0,0.0,0.0,0.0
1094.0,0.0,0.0,0.0,0.0,0.0,0.0
1095.0,0.0,0.0,0.0,0.0,0.0,0.0
1096.0,0.0,0.0,0.0,0.0,0.0,0.0
1097.0,0.0,0.0,0.0,0.0,0.0,0.0
1098.0,0.0,0.0,0.0,0.0,0.0,0.0
1099.0,0.0,0.0,0.0,0.0,0.0,0.0
1100.0,0.0,0.0,0.0,0.0,0.0,0.0
1101.0,0.0,0.0,0.0,0.0,0.0,0.0
1102.0,0.0,0.0,0.0,0.0,0.0,0.0
1103.0,0.0,0.0,0.0,0.0,0.0,0.0
1104.0,0.0,0.0,0.0,0.0,0.0,0.0
1105.0,0.0,0.0,0.0,0.0,0.0,0.0
1106.0,0.0,0.0,0.0,0.0,0.0,0.0
1107.0,0.0,0.0,0.0,0.0,0.0,0.0
1108.0,0.0,0.0,0.0,0.0,0.0,0.0
1109.0,0.056161463260650635,0.05290370434522629,0.3915937840938568,0.004210610408335924,0.3715277777777778,4.680121938387553
1110.0,0.05624254047870636,0.05332503840327263,0.39162448048591614,0.004210610408335924,0.3715277777777778,4.68687837322553
1111.0,0.0,0.0,0.0,0.0,0.0,0.0
1112.0,0.0,0.0,0.0,0.0,0.0,0.0
1113.0,0.0,0.0,0.0,0.0,0.0,0.0
1114.0,0.0,0.0,0.0,0.0,0.0,0.0
1115.0,0.0,0.0,0.0,0.0,0.0,0.0
1116.0,0.0,0.0,0.0,0.0,0.0,0.0
1117.0,0.0,0.0,0.0,0.0,0.0,0.0
1118.0,0.0,0.0,0.0,0.0,0.0,0.0
1119.0,0.01859274134039879,0.03201010823249817,0.0005472780321724713,0.0,0.2638888888888889,1.7592592592592593
1120.0,0.039611656218767166,0.02364962175488472,0.3913913667201996,0.004210610408335924,0.3194444444444444,3.3009713515639305
1121.0,5.106208789129596e-08,0.0,0.0,0.0,0.0,4.25517399094133e-06
1122.0,0.0,0.0,0.0,0.0,0.0,0.0
1123.0,0.0,0.0,0.0,0.0,0.0,0.0
1124.0,0.0,0.0,0.0,0.0,0.0,0.0
1125.0,0.0,0.0,0.0,0.0,0.0,0.0
1126.0,0.0,0.0,0.0,0.0,0.0,0.0
1127.0,1.2237879673193675e-05,0.0,0.0,0.0,0.0,0.0010198233060994728
1128.0,0.000104068050859496,1.4892446415615268e-05,4.2857660446316004e-05,0.0,0.0,0.008672337571624666
1129.0,8.16347892396152e-05,1.4892446415615268e-05,4.2857660446316004e-05,0.0,0.0,0.006802899103301267
1130.0,0.0,0.0,0.0,0.0,0.0,0.0
1131.0,0.0,0.0,0.0,0.0,0.0,0.0
1132.0,0.0,0.0,0.0,0.0,0.0,0.0
1133.0,0.0,0.0,0.0,0.0,0.0,0.0
1134.0,0.0,0.0,0.0,0.0,0.0,0.0
1135.0,0.0,0.0,0.0,0.0,0.0,0.0
1136.0,0.0,0.0,0.0,0.0,0.0,0.0
1137.0,1.1063494866903056e-06,0.0,0.0,0.0,0.0,9.219579055752547e-05
1138.0,0.0,0.0,0.0,0.0,0.0,0.0
1139.0,0.0,0.0,0.0,0.0,0.0,0.0
1140.0,0.0,0.0,0.0,0.0,0.0,0.0
1141.0,0.0,0.0,0.0,0.0,0.0,0.0
1142.0,0.0,0.0,0.0,0.0,0.0,0.0
1143.0,0.0,0.0,0.0,0.0,0.0,0.0
1144.0,0.0,0.0,0.0,0.0,0.0,0.0
1145.0,5.106208789129596e-08,0.0,0.0,0.0,0.0,4.25517399094133e-06
1146.0,5.106208789129596e-08,0.0,0.0,0.0,0.0,4.25517399094133e-06
1147.0,0.0,0.0,0.0,0.0,0.0,0.0
1148.0,0.0,0.0,0.0,0.0,0.0,0.0
1149.0,0.0,0.0,0.0,0.0,0.0,0.0
1150.0,0.0,0.0,0.0,0.0,0.0,0.0
1151.0,0.0,0.0,0.0,0.0,0.0,0.0
1152.0,0.0,0.0,0.0,0.0,0.0,0.0
1153.0,2.4036760805756785e-05,1.4892446415615268e-05,4.2857660446316004e-05,0.0,0.0,0.002003063400479732
1154.0,2.4036760805756785e-05,1.4892446415615268e-05,4.2857660446316004e-05,0.0,0.0,0.002003063400479732
1155.0,0.0,0.0,0.0,0.0,0.0,0.0
1156.0,0.0,0.0,0.0,0.0,0.0,0.0
1157.0,0.0,0.0,0.0,0.0,0.0,0.0
1158.0,0.0,0.0,0.0,0.0,0.0,0.0
1159.0,0.0,0.0,0.0,0.0,0.0,0.0
1160.0,0.0,0.0,0.0,0.0,0.0,0.0
1161.0,0.0,0.0,0.0,0.0,0.0,0.0
1162.0,0.0,0.0,0.0,0.0,0.0,0.0
1163.0,0.0,0.0,0.0,0.0,0.0,0.0
1164.0,0.0,0.0,0.0,0.0,0.0,0.0
1165.0,0.0,0.0,0.0,0.0,0.0,0.0
1166.0,0.0,0.0,0.0,0.0,0.0,0.0
1167.0,0.0,0.0,0.0,0.0,0.0,0.0
1168.0,0.0,0.0,0.0,0.0,0.0,0.0
1169.0,0.0,0.0,0.0,0.0,0.0,0.0
1170.0,5.106208789129596e-08,0.0,0.0,0.0,0.0,4.25517399094133e-06
1171.0,5.106208789129596e-08,0.0,0.0,0.0,0.0,4.25517399094133e-06
1172.0,0.0,0.0,0.0,0.0,0.0,0.0
1173.0,0.0,0.0,0.0,0.0,0.0,0.0
1174.0,0.0,0.0,0.0,0.0,0.0,0.0
1175.0,0.0,0.0,0.0,0.0,0.0,0.0
1176.0,0.0,0.0,0.0,0.0,0.0,0.0
1177.0,0.0,0.0,0.0,0.0,0.0,0.0
1178.0,2.4036760805756785e-05,1.4892446415615268e-05,4.2857660446316004e-05,0.0,0.0,0.002003063400479732
1179.0,2.4036760805756785e-05,1.4892446415615268e-05,4.2857660446316004e-05,0.0,0.0,0.002003063400479732
1180.0,2.0424913316219317e-07,1.320694877904316e-06,0.0,0.0,0.0,3.30173719476079e-05
1181.0,0.04256743937730789,0.043741364032030106,0.0,0.0002756273315753788,0.4340277777777778,3.5472866147756577
1182.0,0.0,0.0,0.0,0.0,0.0,0.0
1183.0,0.0,0.0,0.0,0.0,0.0,0.0
1184.0,0.0,0.0,0.0,0.0,0.0,0.0
1185.0,0.0,0.0,0.0,0.0,0.0,0.0
1186.0,0.0,0.0,0.0,0.0,0.0,0.0
1187.0,0.0,0.0,0.0,0.0,0.0,0.0
1188.0,0.0,0.0,0.0,0.0,0.0,0.0
1189.0,0.0,0.0,0.0,0.0,0.0,0.0
1190.0,0.0,0.0,0.0,0.0,0.0,0.0
1191.0,0.0,0.0,0.0,0.0,0.0,0.0
1192.0,0.0,0.0,0.0,0.0,0.0,0.0
1193.0,0.0,0.0,0.0,0.0,0.0,0.0
1194.0,0.0,0.0,0.0,0.0,0.0,0.0
1195.0,0.0,0.0,0.0,0.0,0.0,0.0
1196.0,0.0,0.0,0.0,0.0,0.0,0.0
1197.0,4.7657994173277984e-07,2.2011580824710109e-07,0.0,0.0,0.0,3.971499514439832e-05
1198.0,4.7657994173277984e-07,2.2011580824710109e-07,0.0,0.0,0.0,3.971499514439832e-05
1199.0,0.0,0.0,0.0,0.0,0.0,0.0
1200.0,0.0,0.0,0.0,0.0,0.0,0.0
1201.0,0.0,0.0,0.0,0.0,0.0,0.0
1202.0,0.0,0.0,0.0,0.0,0.0,0.0
1203.0,0.0,0.0,0.0,0.0,0.0,0.0
1204.0,0.0,0.0,0.0,0.0,0.0,0.0
1205.0,0.0,0.0,0.0,0.0,0.0,0.0
1206.0,0.0,0.0,0.0,0.0,0.0,0.0
1207.0,0.0,0.0,0.0,0.0,0.0,0.0
1208.0,0.0,0.0,0.0,0.0,0.0,0.0
1209.0,0.0,0.0,0.0,0.0,0.0,0.0
1210.0,0.0,0.0,0.0,0.0,0.0,0.0
1211.0,0.0,0.0,0.0,0.0,0.0,0.0
1212.0,0.0,0.0,0.0,0.0,0.0,0.0
1213.0,0.0,0.0,0.0,0.0,0.0,0.0
1214.0,0.0,0.0,0.0,0.0,0.0,0.0
1215.0,0.0,0.0,0.0,0.0,0.0,0.0
1216.0,0.0,0.0,0.0,0.0,0.0,0.0
1217.0,0.0,0.0,0.0,0.0,0.0,0.0
1218.0,0.0,0.0,0.0,0.0,0.0,0.0
1219.0,0.0,0.0,0.0,0.0,0.0,0.0
1220.0,0.0,0.0,0.0,0.0,0.0,0.0
1221.0,0.0,0.0,0.0,0.0,0.0,0.0
1222.0,4.7657994173277984e-07,2.2011580824710109e-07,0.0,0.0,0.0,3.971499514439832e-05
1223.0,4.7657994173277984e-07,2.2011580824710109e-07,0.0,0.0,0.0,3.971499514439832e-05
1224.0,0.0,0.0,0.0,0.0,0.0,0.0
1225.0,0.0,0.0,0.0,0.0,0.0,0.0
1226.0,0.0,0.0,0.0,0.0,0.0,0.0
1227.0,0.0,0.0,0.0,0.0,0.0,0.0
1228.0,0.0,0.0,0.0,0.0,0.0,0.0
1229.0,0.0,0.0,0.0,0.0,0.0,0.0
1230.0,0.0,0.0,0.0,0.0,0.0,0.0
1231.0,0.0,0.0,0.0,0.0,0.0,0.0
1232.0,0.0,0.0,0.0,0.0,0.0,0.0
1233.0,0.0,0.0,0.0,0.0,0.0,0.0
1234.0,0.0,0.0,0.0,0.0,0.0,0.0
1235.0,0.0,0.0,0.0,0.0,0.0,0.0
1236.0,0.0,0.0,0.0,0.0,0.0,0.0
1237.0,0.0,0.0,0.0,0.0,0.0,0.0
1238.0,0.0,0.0,0.0,0.0,0.0,0.0
1239.0,0.0,0.0,0.0,0.0,0.0,0.0
1240.0,0.0,0.0,0.0,0.0,0.0,0.0
1241.0,0.0,0.0,0.0,0.0,0.0,0.0
1242.0,0.0,0.0,0.0,0.0,0.0,0.0
1243.0,0.0,0.0,0.0,0.0,0.0,0.0
1244.0,0.0,0.0,0.0,0.0,0.0,0.0
1245.0,0.0,0.0,0.0,0.0,0.0,0.0
1246.0,0.0,0.0,0.0,0.0,0.0,0.0
1247.0,4.7657994173277984e-07,2.2011580824710109e-07,0.0,0.0,0.0,3.971499514439832e-05
1248.0,4.7657994173277984e-07,2.2011580824710109e-07,0.0,0.0,0.0,3.971499514439832e-05
1249.0,0.0,0.0,0.0,0.0,0.0,0.0
1250.0,0.0,0.0,0.0,0.0,0.0,0.0
1251.0,0.0,0.0,0.0,0.0,0.0,0.0
1252.0,0.0,0.0,0.0,0.0,0.0,0.0
1253.0,0.0,0.0,0.0,0.0,0.0,0.0
1254.0,0.0,0.0,0.0,0.0,0.0,0.0
1255.0,0.0,0.0,0.0,0.0,0.0,0.0
1256.0,0.0,0.0,0.0,0.0,0.0,0.0
1257.0,0.0,0.0,0.0,0.0,0.0,0.0
1258.0,0.0,0.0,0.0,0.0,0.0,0.0
1259.0,0.0,0.0,0.0,0.0,0.0,0.0
1260.0,0.0,0.0,0.0,0.0,0.0,0.0
1261.0,0.0,0.0,0.0,0.0,0.0,0.0
1262.0,0.0,0.0,0.0,0.0,0.0,0.0
1263.0,0.0,0.0,0.0,0.0,0.0,0.0
1264.0,0.0,0.0,0.0,0.0,0.0,0.0
1265.0,0.0,0.0,0.0,0.0,0.0,0.0
1266.0,0.0,0.0,0.0,0.0,0.0,0.0
1267.0,0.0,0.0,0.0,0.0,0.0,0.0
1268.0,0.0,0.0,0.0,0.0,0.0,0.0
1269.0,0.0,0.0,0.0,0.0,0.0,0.0
1270.0,0.0,0.0,0.0,0.0,0.0,0.0
1271.0,0.0,0.0,0.0,0.0,0.0,0.0
1272.0,4.7657994173277984e-07,2.2011580824710109e-07,0.0,0.0,0.0,3.971499514439832e-05
1273.0,4.7657994173277984e-07,2.2011580824710109e-07,0.0,0.0,0.0,3.971499514439832e-05
1274.0,0.0,0.0,0.0,0.0,0.0,0.0
1275.0,0.0,0.0,0.0,0.0,0.0,0.0
1276.0,0.0,0.0,0.0,0.0,0.0,0.0
1277.0,0.0,0.0,0.0,0.0,0.0,0.0
1278.0,0.0,0.0,0.0,0.0,0.0,0.0
1279.0,0.0,0.0,0.0,0.0,0.0,0.0
1280.0,0.0,0.0,0.0,0.0,0.0,0.0
1281.0,0.0,0.0,0.0,0.0,0.0,0.0
1282.0,0.0,0.0,0.0,0.0,0.0,0.0
1283.0,0.0,0.0,0.0,0.0,0.0,0.0
1284.0,0.0,0.0,0.0,0.0,0.0,0.0
1285.0,0.0,0.0,0.0,0.0,0.0,0.0
1286.0,0.0,0.0,0.0,0.0,0.0,0.0
1287.0,0.0,0.0,0.0,0.0,0.0,0.0
1288.0,0.0,0.0,0.0,0.0,0.0,0.0
1289.0,0.0,0.0,0.0,0.0,0.0,0.0
1290.0,0.0,0.0,0.0,0.0,0.0,0.0
1291.0,0.0,0.0,0.0,0.0,0.0,0.0
1292.0,0.0,0.0,0.0,0.0,0.0,0.0
1293.0,0.0,0.0,0.0,0.0,0.0,0.0
1294.0,0.0,0.0,0.0,0.0,0.0,0.0
1295.0,0.00014445462147705257,0.0,0.0,0.0,0.0,0.012037885123087714
1296.0,8.518856338923797e-05,0.0,0.0,0.0,0.0,0.007099046949103164
1297.0,0.00010360495070926845,2.2011580824710109e-07,0.0,0.0,0.0,0.008633745892439038
1298.0,4.7657994173277984e-07,2.2011580824710109e-07,0.0,0.0,0.0,3.971499514439832e-05
1299.0,0.0,0.0,0.0,0.0,0.0,0.0
1300.0,0.0,0.0,0.0,0.0,0.0,0.0
1301.0,0.0,0.0,0.0,0.0,0.0,0.0
1302.0,0.0,0.0,0.0,0.0,0.0,0.0
1303.0,0.0005773079465143383,0.0,0.0,0.0,0.003472222222222222,0.04810899554286152
1304.0,0.0002309367700945586,0.0,0.0,0.0,0.0,0.019244730841213215
1305.0,0.0,0.0,0.0,0.0,0.0,0.0
1306.0,1.0842188203241676e-05,0.0,0.0,0.0,0.0,0.000903515683603473
1307.0,0.0,0.0,0.0,0.0,0.0,0.0
1308.0,0.0,0.0,0.0,0.0,0.0,0.0
1309.0,0.0,0.0,0.0,0.0,0.0,0.0
1310.0,0.0,0.0,0.0,0.0,0.0,0.0
1311.0,0.0,0.0,0.0,0.0,0.0,0.0
1312.0,0.0,0.0,0.0,0.0,0.0,0.0
1313.0,0.0,0.0,0.0,0.0,0.0,0.0
1314.0,0.0,0.0,0.0,0.0,0.0,0.0
1315.0,0.0,0.0,0.0,0.0,0.0,0.0
1316.0,0.0,0.0,0.0,0.0,0.0,0.0
1317.0,0.0,0.0,0.0,0.0,0.0,0.0
1318.0,0.0,0.0,0.0,0.0,0.0,0.0
1319.0,0.0,0.0,0.0,0.0,0.0,0.0
1320.0,0.0,0.0,0.0,0.0,0.0,0.0
1321.0,0.0,0.0,0.0,0.0,0.0,0.0
1322.0,5.106207936478313e-07,2.2011580824710109e-07,0.0,0.0,0.0,4.255173280398594e-05
1323.0,5.106207936478313e-07,2.2011580824710109e-07,0.0,0.0,0.0,4.255173280398594e-05
1324.0,0.0,0.0,0.0,0.0,0.0,0.0
1325.0,0.0,0.0,0.0,0.0,0.0,0.0
1326.0,0.0,0.0,0.0,0.0,0.0,0.0
1327.0,0.0,0.0,0.0,0.0,0.0,0.0
1328.0,0.0,0.0,0.0,0.0,0.0,0.0
1329.0,0.0,0.0,0.0,0.0,0.0,0.0
1330.0,0.0,0.0,0.0,0.0,0.0,0.0
1331.0,0.0,0.0,0.0,0.0,0.0,0.0
1332.0,0.0,0.0,0.0,0.0,0.0,0.0
1333.0,0.0,0.0,0.0,0.0,0.0,0.0
1334.0,0.0,0.0,0.0,0.0,0.0,0.0
1335.0,0.0,0.0,0.0,0.0,0.0,0.0
1336.0,0.0,0.0,0.0,0.0,0.0,0.0
1337.0,0.0,0.0,0.0,0.0,0.0,0.0
1338.0,0.0,0.0,0.0,0.0,0.0,0.0
1339.0,0.0,0.0,0.0,0.0,0.0,0.0
1340.0,0.0011385652469471097,0.0,0.0,0.0,0.003472222222222222,0.09488043724559247
1341.0,0.0,0.0,0.0,0.0,0.0,0.0
1342.0,0.0,0.0,0.0,0.0,0.0,0.0
1343.0,0.0,0.0,0.0,0.0,0.0,0.0
1344.0,0.0,0.0,0.0,0.0,0.0,0.0
1345.0,0.0,0.0,0.0,0.0,0.0,0.0
1346.0,0.0,0.0,0.0,0.0,0.0,0.0
1347.0,9.072029206436127e-05,2.2011580824710109e-07,0.0,0.0,0.0,0.007560024338696772
1348.0,5.1096129027428105e-05,2.2011580824710109e-07,0.0,0.0,0.0,0.004258010752285675
1349.0,0.00015449683996848762,0.0,0.0,0.0,0.017361111111111112,0.11574074074074076
1350.0,0.0002604166220407933,0.0,0.0,0.0,0.003472222222222222,0.023148148148148147
1351.0,0.00012338302622083575,0.0,0.0,0.0,0.006944444444444444,0.046296296296296294
1352.0,0.0003322609991300851,0.0,0.0,0.0,0.006944444444444444,0.046296296296296294
1353.0,0.0003483285254333168,0.0,0.0,0.0,0.010416666666666666,0.06944444444444445
1354.0,0.0003683788818307221,0.0,0.0,0.0,0.010416666666666666,0.06944444444444445
1355.0,8.687363879289478e-05,0.0,0.0,0.0,0.003472222222222222,0.023148148148148147
1356.0,1.8756849385681562e-05,0.0,0.0,0.0,0.0,0.0015630707821401302
1357.0,0.00016002857591956854,0.0,0.0,0.0,0.0,0.013335714659964045
1358.0,0.0,0.0,0.0,0.0,0.0,0.0
1359.0,0.0,0.0,0.0,0.0,0.0,0.0
1360.0,0.0,0.0,0.0,0.0,0.0,0.0
1361.0,0.0,0.0,0.0,0.0,0.0,0.0
1362.0,0.0,0.0,0.0,0.0,0.0,0.0
1363.0,0.0,0.0,0.0,0.0,0.0,0.0
1364.0,1.5999471543182153e-06,0.0,0.0,0.0,0.0,0.00013332892952651795
1365.0,0.0,0.0,0.0,0.0,0.0,0.0
1366.0,0.0,0.0,0.0,0.0,0.0,0.0
1367.0,0.0,0.0,0.0,0.0,0.0,0.0
1368.0,0.0,0.0,0.0,0.0,0.0,0.0
1369.0,0.0,0.0,0.0,0.0,0.0,0.0
1370.0,0.0,0.0,0.0,0.0,0.0,0.0
1371.0,0.0,0.0,0.0,0.0,0.0,0.0
1372.0,6.808282364545448e-07,2.2011580824710109e-07,0.0,0.0,0.0,5.673568637121207e-05
1373.0,6.808282364545448e-07,2.2011580824710109e-07,0.0,0.0,0.0,5.673568637121207e-05
1374.0,0.0019686645828187466,0.0,0.0,0.0,0.052083333333333336,0.34722222222222227
1375.0,0.0,0.0,0.0,0.0,0.0,0.0
1376.0,0.0,0.0,0.0,0.0,0.0,0.0
1377.0,0.0,0.0,0.0,0.0,0.0,0.0
1378.0,0.0,0.0,0.0,0.0,0.0,0.0
1379.0,0.0,0.0,0.0,0.0,0.0,0.0
1380.0,0.0,0.0,0.0,0.0,0.0,0.0
1381.0,1.651005163694208e-06,0.0,0.0,0.0,0.0,0.000137583763641184
1382.0,0.0,0.0,0.0,0.0,0.0,0.0
1383.0,0.0,0.0,0.0,0.0,0.0,0.0
1384.0,0.0,0.0,0.0,0.0,0.0,0.0
1385.0,0.0,0.0,0.0,0.0,0.0,0.0
1386.0,0.0,0.0,0.0,0.0,0.0,0.0
1387.0,0.045126769691705704,0.031586840748786926,0.0,0.00039833204937167466,0.1875,3.7605641409754753
1388.0,5.089179921924369e-06,0.0,0.0,0.0,0.0,0.0004240983268270308
1389.0,0.0,0.0,0.0,0.0,0.0,0.0
1390.0,0.0,0.0,0.0,0.0,0.0,0.0
1391.0,0.0,0.0,0.0,0.0,0.0,0.0
1392.0,0.0,0.0,0.0,0.0,0.0,0.0
1393.0,0.0,0.0,0.0,0.0,0.0,0.0
1394.0,0.0,0.0,0.0,0.0,0.0,0.0
1395.0,0.0,0.0,0.0,0.0,0.0,0.0
1396.0,0.0,0.0,0.0,0.0,0.0,0.0
1397.0,0.0,0.0,0.0,0.0,0.0,0.0
1398.0,0.0,0.0,0.0,0.0,0.0,0.0
1399.0,0.0,0.0,0.0,0.0,0.0,0.0
1400.0,0.0,0.0,0.0,0.0,0.0,0.0
1401.0,0.0,0.0,0.0,0.0,0.0,0.0
1402.0,0.0,0.0,0.0,0.0,0.0,0.0
1403.0,0.0,0.0,0.0,0.0,0.0,0.0
1404.0,0.0,0.0,0.0,0.0,0.0,0.0
1405.0,0.0,0.0,0.0,0.0,0.0,0.0
1406.0,0.04512602835893631,0.031598713248968124,3.405734241823666e-05,0.00039833204937167466,0.1875,3.7605023632446923
1407.0,1.0441067388455849e-05,2.3093263735063374e-05,3.405734241823666e-05,0.0,0.0,0.0008700889490379874
1408.0,5.87213662583963e-06,0.0,0.0,0.0,0.003472222222222222,0.023148148148148147
1409.0,0.00013926329847890884,0.0,0.0,0.0,0.0,0.011605274873242402
1410.0,5.701930149371037e-06,0.0,0.0,0.0,0.0,0.00047516084578091977
1411.0,4.9547237722435966e-05,0.0,0.0,0.0,0.0,0.004128936476869664
1412.0,0.0,0.0,0.0,0.0,0.0,0.0
1413.0,0.0,0.0,0.0,0.0,0.0,0.0
1414.0,0.0,0.0,0.0,0.0,0.0,0.0
1415.0,2.059502094198251e-06,0.0,0.0,0.0,0.0,0.00017162517451652093
1416.0,0.0,0.0,0.0,0.0,0.0,0.0
1417.0,0.0,0.0,0.0,0.0,0.0,0.0
1418.0,0.00012157882883911952,0.00015738216461613774,0.0,0.0,0.0,0.010131569069926627
1419.0,5.5402357247658074e-05,9.905172191793099e-05,0.0,0.0,0.0,0.0046168631039715064
1420.0,0.045367054641246796,0.03160489350557327,0.0,0.00039833204937167466,0.1840277777777778,3.780587886770566
1421.0,0.0,0.0,0.0,0.0,0.0,0.0
1422.0,0.0,0.0,0.0,0.0,0.0,0.0
1423.0,0.0,0.0,0.0,0.0,0.0,0.0
1424.0,1.8927010387415066e-05,0.0,0.0,0.0,0.0,0.0015772508656179223
1425.0,0.00017398552154190838,0.0,0.0,0.0,0.0,0.014498793461825699
1426.0,7.975898188306019e-05,0.0,0.0,0.0,0.0,0.006646581823588349
1427.0,0.0,0.0,0.0,0.0,0.0,0.0
1428.0,1.300380245083943e-05,0.0,0.0,0.0,0.0,0.0010836502042366192
1429.0,1.685048687249946e-06,0.0,0.0,0.0,0.0,0.0001404207239374955
1430.0,0.0,0.0,0.0,0.0,0.0,0.0
1431.0,0.0,0.0,0.0,0.0,0.0,0.0
1432.0,0.0,0.0,0.0,0.0,0.0,0.0
1433.0,8.209080988308415e-05,0.0,0.0,0.0,0.003472222222222222,0.023148148148148147
1434.0,1.5471810911549255e-05,0.0,0.0,0.0,0.0,0.001289317575962438
1435.0,0.0,0.0,0.0,0.0,0.0,0.0
1436.0,0.0,0.0,0.0,0.0,0.0,0.0
1437.0,8.58353596413508e-05,0.0,0.0,0.0,0.0,0.007152946636779234
1438.0,7.148689746827586e-07,0.0,0.0,0.0,0.0,5.957241455689655e-05
1439.0,0.00011296635057078674,0.0,0.0,0.0,0.0,0.009413862547565563
1440.0,0.00017640246369410306,0.0,0.0,0.0,0.0,0.014700205307841921
1441.0,0.00012054054968757555,0.0,0.0,0.0,0.0,0.010045045807297962
1442.0,4.677285687648691e-05,0.0,0.0,0.0,0.0,0.0038977380730405757
1443.0,7.659307925678149e-07,0.0,0.0,0.0,0.0,6.382756604731792e-05
1444.0,7.659307925678149e-07,0.0,0.0,0.0,0.0,6.382756604731792e-05
1445.0,1.8178096070187166e-05,0.0,0.0,0.0,0.0,0.001514841339182264
1446.0,9.020974403028958e-07,0.0,0.0,0.0,0.0,7.517478669190798e-05
1447.0,9.020974403028958e-07,0.0,0.0,0.0,0.0,7.517478669190798e-05
1448.0,9.020974403028958e-07,0.0,0.0,0.0,0.0,7.517478669190798e-05
1449.0,9.020974403028958e-07,0.0,0.0,0.0,0.0,7.517478669190798e-05
1450.0,9.020974403028958e-07,0.0,0.0,0.0,0.0,7.517478669190798e-05
1451.0,9.020974403028958e-07,0.0,0.0,0.0,0.0,7.517478669190798e-05
1452.0,9.020974403028958e-07,0.0,0.0,0.0,0.0,7.517478669190798e-05
1453.0,5.276410774968099e-07,0.0,0.0,0.0,0.0,4.3970089791400824e-05
1454.0,6.127455662863213e-07,0.0,0.0,0.0,0.0,5.1062130523860105e-05
1455.0,9.020974403028958e-07,0.0,0.0,0.0,0.0,7.517478669190798e-05
1456.0,9.020974403028958e-07,0.0,0.0,0.0,0.0,7.517478669190798e-05
1457.0,9.020974403028958e-07,0.0,0.0,0.0,0.0,7.517478669190798e-05
1458.0,9.020974403028958e-07,0.0,0.0,0.0,0.0,7.517478669190798e-05
1459.0,9.020974403028958e-07,0.0,0.0,0.0,0.0,7.517478669190798e-05
1460.0,9.020974403028958e-07,0.0,0.0,0.0,0.0,7.517478669190798e-05
1461.0,9.020974403028958e-07,0.0,0.0,0.0,0.0,7.517478669190798e-05
1462.0,0.0,0.0,0.0,0.0,0.0,0.0
1463.0,9.020974403028958e-07,0.0,0.0,0.0,0.0,7.517478669190798e-05
1464.0,9.020974403028958e-07,0.0,0.0,0.0,0.0,7.517478669190798e-05
1465.0,9.020974403028958e-07,0.0,0.0,0.0,0.0,7.517478669190798e-05
1466.0,9.020974403028958e-07,0.0,0.0,0.0,0.0,7.517478669190798e-05
1467.0,9.020974403028958e-07,0.0,0.0,0.0,0.0,7.517478669190798e-05
1468.0,9.020974403028958e-07,0.0,0.0,0.0,0.0,7.517478669190798e-05
1469.0,9.020974403028958e-07,0.0,0.0,0.0,0.0,7.517478669190798e-05
1470.0,0.0,0.0,0.0,0.0,0.0,0.0
1471.0,9.020974403028958e-07,0.0,0.0,0.0,0.0,7.517478669190798e-05
1472.0,9.020974403028958e-07,0.0,0.0,0.0,0.0,7.517478669190798e-05
1473.0,9.020974403028958e-07,0.0,0.0,0.0,0.0,7.517478669190798e-05
1474.0,9.020974403028958e-07,0.0,0.0,0.0,0.0,7.517478669190798e-05
1475.0,9.020974403028958e-07,0.0,0.0,0.0,0.0,7.517478669190798e-05
1476.0,9.020974403028958e-07,0.0,0.0,0.0,0.0,7.517478669190798e-05
1477.0,9.020974403028958e-07,0.0,0.0,0.0,0.0,7.517478669190798e-05
1478.0,5.276410774968099e-07,0.0,0.0,0.0,0.0,4.3970089791400824e-05
1479.0,6.127455662863213e-07,0.0,0.0,0.0,0.0,5.1062130523860105e-05
1480.0,9.020974403028958e-07,0.0,0.0,0.0,0.0,7.517478669190798e-05
1481.0,9.020974403028958e-07,0.0,0.0,0.0,0.0,7.517478669190798e-05
1482.0,9.020974403028958e-07,0.0,0.0,0.0,0.0,7.517478669190798e-05
1483.0,9.020974403028958e-07,0.0,0.0,0.0,0.0,7.517478669190798e-05
1484.0,9.020974403028958e-07,0.0,0.0,0.0,0.0,7.517478669190798e-05
1485.0,9.020974403028958e-07,0.0,0.0,0.0,0.0,7.517478669190798e-05
1486.0,9.020974403028958e-07,0.0,0.0,0.0,0.0,7.517478669190798e-05
1487.0,0.0,0.0,0.0,0.0,0.0,0.0
1488.0,9.020974403028958e-07,0.0,0.0,0.0,0.0,7.517478669190798e-05
1489.0,9.020974403028958e-07,0.0,0.0,0.0,0.0,7.517478669190798e-05
1490.0,9.020974403028958e-07,0.0,0.0,0.0,0.0,7.517478669190798e-05
1491.0,2.6824609449249692e-05,0.0,0.0,0.0,0.0,0.002235384120770808
1492.0,9.020974403028958e-07,0.0,0.0,0.0,0.0,7.517478669190798e-05
1493.0,9.020974403028958e-07,0.0,0.0,0.0,0.0,7.517478669190798e-05
1494.0,9.020974403028958e-07,0.0,0.0,0.0,0.0,7.517478669190798e-05
1495.0,5.616815315079293e-07,0.0,0.0,0.0,0.0,4.6806794292327446e-05
1496.0,9.020974403028958e-07,0.0,0.0,0.0,0.0,7.517478669190798e-05
1497.0,9.020974403028958e-07,0.0,0.0,0.0,0.0,7.517478669190798e-05
1498.0,9.020974403028958e-07,0.0,0.0,0.0,0.0,7.517478669190798e-05
1499.0,9.020974403028958e-07,0.0,0.0,0.0,0.0,7.517478669190798e-05
1500.0,9.020974403028958e-07,0.0,0.0,0.0,0.0,7.517478669190798e-05
1501.0,9.020974403028958e-07,0.0,0.0,0.0,0.0,7.517478669190798e-05
1502.0,9.020974403028958e-07,0.0,0.0,0.0,0.0,7.517478669190798e-05
1503.0,5.276410774968099e-07,0.0,0.0,0.0,0.0,4.3970089791400824e-05
1504.0,6.127455662863213e-07,0.0,0.0,0.0,0.0,5.1062130523860105e-05
1505.0,9.020974403028958e-07,0.0,0.0,0.0,0.0,7.517478669190798e-05
1506.0,9.020974403028958e-07,0.0,0.0,0.0,0.0,7.517478669190798e-05
1507.0,9.020974403028958e-07,0.0,0.0,0.0,0.0,7.517478669190798e-05
1508.0,9.020974403028958e-07,0.0,0.0,0.0,0.0,7.517478669190798e-05
1509.0,9.020974403028958e-07,0.0,0.0,0.0,0.0,7.517478669190798e-05
1510.0,9.020974403028958e-07,0.0,0.0,0.0,0.0,7.517478669190798e-05
1511.0,9.020974403028958e-07,0.0,0.0,0.0,0.0,7.517478669190798e-05
1512.0,0.0,0.0,0.0,0.0,0.0,0.0
1513.0,9.020974403028958e-07,0.0,0.0,0.0,0.0,7.517478669190798e-05
1514.0,9.020974403028958e-07,0.0,0.0,0.0,0.0,7.517478669190798e-05
1515.0,9.020974403028958e-07,0.0,0.0,0.0,0.0,7.517478669190798e-05
1516.0,9.020974403028958e-07,0.0,0.0,0.0,0.0,7.517478669190798e-05
1517.0,9.020974403028958e-07,0.0,0.0,0.0,0.0,7.517478669190798e-05
1518.0,9.020974403028958e-07,0.0,0.0,0.0,0.0,7.517478669190798e-05
1519.0,9.020974403028958e-07,0.0,0.0,0.0,0.0,7.517478669190798e-05
1520.0,0.0,0.0,0.0,0.0,0.0,0.0
1521.0,9.020974403028958e-07,0.0,0.0,0.0,0.0,7.517478669190798e-05
1522.0,9.020974403028958e-07,0.0,0.0,0.0,0.0,7.517478669190798e-05
1523.0,9.020974403028958e-07,0.0,0.0,0.0,0.0,7.517478669190798e-05
1524.0,9.020974403028958e-07,0.0,0.0,0.0,0.0,7.517478669190798e-05
1525.0,9.020974403028958e-07,0.0,0.0,0.0,0.0,7.517478669190798e-05
1526.0,9.020974403028958e-07,0.0,0.0,0.0,0.0,7.517478669190798e-05
1527.0,9.020974403028958e-07,0.0,0.0,0.0,0.0,7.517478669190798e-05
1528.0,5.276410774968099e-07,0.0,0.0,0.0,0.0,4.3970089791400824e-05
1529.0,6.127455662863213e-07,0.0,0.0,0.0,0.0,5.1062130523860105e-05
1530.0,9.020974403028958e-07,0.0,0.0,0.0,0.0,7.517478669190798e-05
1531.0,0.05806828290224075,0.028331656008958817,0.0,0.0003821918508037925,0.2170138888888889,4.839023575186729
1532.0,1.5829216408747016e-06,0.0,0.0,0.0,0.0,0.00013191013673955845
1533.0,1.2935711311001796e-06,0.0,0.0,0.0,0.0,0.0001077975942583483
1534.0,1.2935711311001796e-06,0.0,0.0,0.0,0.0,0.0001077975942583483
1535.0,1.2935711311001796e-06,0.0,0.0,0.0,0.0,0.0001077975942583483
1536.0,1.2935711311001796e-06,0.0,0.0,0.0,0.0,0.0001077975942583483
1537.0,0.00036546410410664976,0.00018555685528554022,0.0,4.837611049879342e-05,0.010416666666666666,0.06944444444444445
1538.0,1.5148410739129758e-06,0.0,0.0,0.0,0.0,0.00012623675615941465
1539.0,6.127442588876875e-07,0.0,0.0,0.0,0.0,5.106202157397396e-05
1540.0,3.404136634799215e-07,0.0,0.0,0.0,0.0,2.836780528999346e-05
1541.0,3.404136634799215e-07,0.0,0.0,0.0,0.0,2.836780528999346e-05
1542.0,3.404136634799215e-07,0.0,0.0,0.0,0.0,2.836780528999346e-05
1543.0,3.404136634799215e-07,0.0,0.0,0.0,0.0,2.836780528999346e-05
1544.0,3.404136634799215e-07,0.0,0.0,0.0,0.0,2.836780528999346e-05
1545.0,1.429737608305004e-06,0.0,0.0,0.0,0.0,0.00011914480069208366
1546.0,7.318896564356692e-07,0.0,0.0,0.0,0.0,6.0990804702972426e-05
1547.0,1.344633801636519e-06,0.0,0.0,0.0,0.0,0.00011205281680304324
1548.0,3.404136634799215e-07,0.0,0.0,0.0,0.0,2.836780528999346e-05
1549.0,3.404136634799215e-07,0.0,0.0,0.0,0.0,2.836780528999346e-05
1550.0,3.404136634799215e-07,0.0,0.0,0.0,0.0,2.836780528999346e-05
1551.0,3.404136634799215e-07,0.0,0.0,0.0,0.0,2.836780528999346e-05
1552.0,3.404136634799215e-07,0.0,0.0,0.0,0.0,2.836780528999346e-05
1553.0,2.2977912976784864e-06,0.0,0.0,0.0,0.0,0.00019148260813987386
1554.0,1.702068402664736e-06,0.0,0.0,0.0,0.0,0.00014183903355539465
1555.0,1.7190893686347408e-06,0.0,0.0,0.0,0.0,0.0001432574473862284
1556.0,3.7445505540745216e-07,0.0,0.0,0.0,0.0,3.120458795062101e-05
1557.0,3.404136634799215e-07,0.0,0.0,0.0,0.0,2.836780528999346e-05
1558.0,3.404136634799215e-07,0.0,0.0,0.0,0.0,2.836780528999346e-05
1559.0,3.404136634799215e-07,0.0,0.0,0.0,0.0,2.836780528999346e-05
1560.0,3.404136634799215e-07,0.0,0.0,0.0,0.0,2.836780528999346e-05
1561.0,3.404136634799215e-07,0.0,0.0,0.0,0.0,2.836780528999346e-05
1562.0,1.1063451665904722e-06,0.0,0.0,0.0,0.0,9.219543054920602e-05
1563.0,1.5148410739129758e-06,0.0,0.0,0.0,0.0,0.00012623675615941465
1564.0,6.127442588876875e-07,0.0,0.0,0.0,0.0,5.106202157397396e-05
1565.0,3.404136634799215e-07,0.0,0.0,0.0,0.0,2.836780528999346e-05
1566.0,3.404136634799215e-07,0.0,0.0,0.0,0.0,2.836780528999346e-05
1567.0,3.404136634799215e-07,0.0,0.0,0.0,0.0,2.836780528999346e-05
1568.0,3.404136634799215e-07,0.0,0.0,0.0,0.0,2.836780528999346e-05
1569.0,0.00015696485934313387,0.0,0.0,0.0,0.0,0.013080404945261156
1570.0,0.00017189198115374893,0.0,0.0,0.0,0.001736111111111111,0.01432433176281241
1571.0,0.00015841159620322287,0.0,0.0,0.0,0.0,0.013200966350268573
1572.0,0.00015888817142695189,0.0,0.0,0.0,0.001736111111111111,0.01324068095224599
1573.0,0.00019264020374976099,0.0,0.0,0.0,0.001736111111111111,0.01605335031248008
1574.0,3.404136634799215e-07,0.0,0.0,0.0,0.0,2.836780528999346e-05
1575.0,3.233929817270109e-07,0.0,0.0,0.0,0.0,2.6949415143917577e-05
1576.0,3.233929817270109e-07,0.0,0.0,0.0,0.0,2.6949415143917577e-05
1577.0,3.233929817270109e-07,0.0,0.0,0.0,0.0,2.6949415143917577e-05
1578.0,1.725896800053306e-05,0.0,0.0,0.0,0.0,0.001438247333377755
1579.0,1.702068402664736e-06,0.0,0.0,0.0,0.0,0.00014183903355539465
1580.0,1.7190893686347408e-06,0.0,0.0,0.0,0.0,0.0001432574473862284
1581.0,3.7445505540745216e-07,0.0,0.0,0.0,0.0,3.120458795062101e-05
1582.0,3.404136634799215e-07,0.0,0.0,0.0,0.0,2.836780528999346e-05
1583.0,3.404136634799215e-07,0.0,0.0,0.0,0.0,2.836780528999346e-05
1584.0,3.404136634799215e-07,0.0,0.0,0.0,0.0,2.836780528999346e-05
1585.0,3.404136634799215e-07,0.0,0.0,0.0,0.0,2.836780528999346e-05
1586.0,3.404136634799215e-07,0.0,0.0,0.0,0.0,2.836780528999346e-05
1587.0,1.1063451665904722e-06,0.0,0.0,0.0,0.0,9.219543054920602e-05
1588.0,1.5148410739129758e-06,0.0,0.0,0.0,0.0,0.00012623675615941465
1589.0,6.127442588876875e-07,0.0,0.0,0.0,0.0,5.106202157397396e-05
1590.0,3.404136634799215e-07,0.0,0.0,0.0,0.0,2.836780528999346e-05
1591.0,3.404136634799215e-07,0.0,0.0,0.0,0.0,2.836780528999346e-05
1592.0,3.404136634799215e-07,0.0,0.0,0.0,0.0,2.836780528999346e-05
1593.0,3.404136634799215e-07,0.0,0.0,0.0,0.0,2.836780528999346e-05
1594.0,3.404136634799215e-07,0.0,0.0,0.0,0.0,2.836780528999346e-05
1595.0,1.429737608305004e-06,0.0,0.0,0.0,0.0,0.00011914480069208366
1596.0,7.318896564356692e-07,0.0,0.0,0.0,0.0,6.0990804702972426e-05
1597.0,1.344633801636519e-06,0.0,0.0,0.0,0.0,0.00011205281680304324
1598.0,3.404136634799215e-07,0.0,0.0,0.0,0.0,2.836780528999346e-05
1599.0,3.404136634799215e-07,0.0,0.0,0.0,0.0,2.836780528999346e-05
1600.0,3.404136634799215e-07,0.0,0.0,0.0,0.0,2.836780528999346e-05
1601.0,3.404136634799215e-07,0.0,0.0,0.0,0.0,2.836780528999346e-05
1602.0,3.404136634799215e-07,0.0,0.0,0.0,0.0,2.836780528999346e-05
1603.0,9.463412425247952e-05,3.74808550986927e-05,0.0,0.0,0.0,0.00788617702103996
1604.0,0.05869552865624428,0.03358932211995125,0.0,0.00024123281764332205,0.3541666666666667,4.891294054687023
1605.0,1.7020437326209503e-07,0.0,0.0,0.0,0.0,1.4183697771841253e-05
1606.0,1.5318393309371459e-07,0.0,0.0,0.0,0.0,1.276532775780955e-05
1607.0,1.5318393309371459e-07,0.0,0.0,0.0,0.0,1.276532775780955e-05
1608.0,1.5318393309371459e-07,0.0,0.0,0.0,0.0,1.276532775780955e-05
1609.0,1.5318393309371459e-07,0.0,0.0,0.0,0.0,1.276532775780955e-05
1610.0,1.5318393309371459e-07,0.0,0.0,0.0,0.0,1.276532775780955e-05
1611.0,1.5318393309371459e-07,0.0,0.0,0.0,0.0,1.276532775780955e-05
1612.0,0.00024038797710090876,0.0002967002219520509,0.0,5.125364623381756e-05,0.0,0.02003233142507573
1613.0,0.0,0.0,0.0,0.0,0.0,0.0
1614.0,0.045031238347291946,0.029257090762257576,0.0,0.0003575459122657776,0.2604166666666667,3.752603195607662
1615.0,0.04621286317706108,0.03159245848655701,0.0,0.0003700732486322522,0.1875,3.8510719314217567
1616.0,0.0003811487986240536,0.0002641379542183131,0.0,0.0,0.003472222222222222,0.0317623998853378
1617.0,0.0,0.0,0.0,0.0,0.0,0.0
1618.0,0.0,0.0,0.0,0.0,0.0,0.0
1619.0,0.0,0.0,0.0,0.0,0.0,0.0
1620.0,0.0,0.0,0.0,0.0,0.0,0.0
1621.0,0.0,0.0,0.0,0.0,0.0,0.0
1622.0,0.0007982382667250931,0.0006709307781420648,0.0,7.161900430219248e-05,0.019097222222222224,0.12731481481481483
1623.0,4.084971010342997e-07,1.1005748490333644e-07,0.0,0.0,0.0,3.4041425086191644e-05
1624.0,8.712893759366125e-05,0.0,0.0,0.0,0.0,0.0072607447994717704
1625.0,0.0,0.0,0.0,0.0,0.0,0.0
1626.0,0.0,0.0,0.0,0.0,0.0,0.0
1627.0,0.0,0.0,0.0,0.0,0.0,0.0
1628.0,0.0,0.0,0.0,0.0,0.0,0.0
1629.0,0.0,0.0,0.0,0.0,0.0,0.0
1630.0,0.0,0.0,0.0,0.0,0.0,0.0
1631.0,3.761572997973417e-06,0.0,0.0,0.0,0.0,0.0003134644164977847
1632.0,0.04652664065361023,0.031880415976047516,0.0,0.00038291586679406464,0.1857638888888889,3.877220054467519
1633.0,0.04506348446011543,0.02922220155596733,0.0,0.000335353339323774,0.2569444444444444,3.7552903716762858
1634.0,3.302007826277986e-06,3.85201201424934e-06,0.0,0.0,0.0,0.00027516731885649887
1635.0,1.5318393309371459e-07,0.0,0.0,0.0,0.0,1.276532775780955e-05
1636.0,1.5318393309371459e-07,0.0,0.0,0.0,0.0,1.276532775780955e-05
1637.0,1.5318393309371459e-07,0.0,0.0,0.0,0.0,1.276532775780955e-05
1638.0,0.00013356137787923217,0.0,0.0,0.0,0.003472222222222222,0.023148148148148147
1639.0,0.00025932537391781807,0.000321795727359131,0.0,7.238488615257666e-05,0.0,0.02161044782648484
1640.0,5.514703389053466e-06,0.0,0.0,0.0,0.0,0.00045955861575445545
1641.0,2.738629700616002e-05,0.0,0.0,0.0,0.0,0.0022821914171800017
1642.0,0.0002357195771764964,0.0,0.0,0.0,0.006944444444444444,0.046296296296296294
1643.0,5.610021617030725e-05,0.0,0.0,0.0,0.0,0.004675018014192271
1644.0,0.0,0.0,0.0,0.0,0.0,0.0
1645.0,0.0,0.0,0.0,0.0,0.0,0.0
1646.0,0.0,0.0,0.0,0.0,0.0,0.0
1647.0,4.663671461457852e-06,0.0,0.0,0.0,0.0,0.00038863928845482104
1648.0,5.106235434482187e-08,0.0,0.0,0.0,0.0,4.2551961954018225e-06
1649.0,0.0,0.0,0.0,0.0,0.0,0.0
1650.0,0.0,0.0,0.0,0.0,0.0,0.0
1651.0,0.0,0.0,0.0,0.0,0.0,0.0
1652.0,0.0,0.0,0.0,0.0,0.0,0.0
1653.0,0.0,0.0,0.0,0.0,0.0,0.0
1654.0,0.0,0.0,0.0,0.0,0.0,0.0
1655.0,0.0,0.0,0.0,0.0,0.0,0.0
1656.0,0.0,0.0,0.0,0.0,0.0,0.0
1657.0,0.0,0.0,0.0,0.0,0.0,0.0
1658.0,0.0,0.0,0.0,0.0,0.0,0.0
1659.0,0.0,0.0,0.0,0.0,0.0,0.0
1660.0,0.0,0.0,0.0,0.0,0.0,0.0
1661.0,8.884801900421735e-06,0.0,0.0,0.0,0.0,0.0007404001583684779
1662.0,3.773487696889788e-05,0.0,0.0,0.0,0.0,0.0031445730807414898
1663.0,1.1727259334293194e-05,0.0,0.0,0.0,0.0,0.0009772716111910995
1664.0,1.276553689422144e-06,0.0,0.0,0.0,0.0,0.00010637947411851201
1665.0,0.0,0.0,0.0,0.0,0.0,0.0
1666.0,0.0,0.0,0.0,0.0,0.0,0.0
1667.0,0.0,0.0,0.0,0.0,0.0,0.0
1668.0,0.0,0.0,0.0,0.0,0.0,0.0
1669.0,0.0,0.0,0.0,0.0,0.0,0.0
1670.0,0.0,0.0,0.0,0.0,0.0,0.0
1671.0,0.0,0.0,0.0,0.0,0.0,0.0
1672.0,8.44396636239253e-05,0.0,0.0,0.0,0.0,0.007036638635327108
1673.0,0.00015281180094461888,0.0,0.0,0.0,0.0,0.012734316745384907
1674.0,0.00023561748093925416,0.0,0.0,0.0,0.0,0.01963479007827118
1675.0,7.378471491392702e-05,0.0,0.0,0.0,0.0,0.0061487262428272516
1676.0,3.719021697179414e-05,0.0,0.0,0.0,0.0,0.003099184747649512
1677.0,0.0,0.0,0.0,0.0,0.0,0.0
1678.0,0.0,0.0,0.0,0.0,0.0,0.0
1679.0,0.0,0.0,0.0,0.0,0.0,0.0
1680.0,0.0,0.0,0.0,0.0,0.0,0.0
1681.0,1.3514452803065069e-05,0.0,0.0,0.0,0.0,0.0011262044002554223
1682.0,0.0,0.0,0.0,0.0,0.0,0.0
1683.0,0.0,0.0,0.0,0.0,0.0,0.0
1684.0,0.0,0.0,0.0,0.0,0.0,0.0
1685.0,0.0,0.0,0.0,0.0,0.0,0.0
1686.0,0.0,0.0,0.0,0.0,0.0,0.0
1687.0,0.0,0.0,0.0,0.0,0.0,0.0
1688.0,1.5556912330794148e-05,0.0,0.0,0.0,0.0,0.0012964093608995124
1689.0,0.0001702750159893185,0.0,0.0,0.0,0.006944444444444444,0.046296296296296294
1690.0,8.442262696917169e-06,0.0,0.0,0.0,0.0,0.0007035218914097641
1691.0,0.0,0.0,0.0,0.0,0.0,0.0
1692.0,9.764771675691009e-05,0.0,0.0,0.0,0.0,0.008137309729742507
1693.0,0.0001457992912037298,0.0,0.0,0.0,0.003472222222222222,0.023148148148148147
1694.0,0.0001900190400192514,0.0,0.0,0.0,0.0,0.015834920001604285
1695.0,0.00016726236208342016,0.0,0.0,0.0,0.0,0.013938530173618346
1696.0,1.0212443868340415e-07,0.0,0.0,0.0,0.0,8.510369890283679e-06
1697.0,8.476305993099231e-06,0.0,0.0,0.0,0.0,0.0007063588327582693
1698.0,0.00016675173537805676,0.0,0.0,0.0,0.003472222222222222,0.023148148148148147
1699.0,0.0002928239991888404,0.0,0.0,0.0,0.006944444444444444,0.046296296296296294
1700.0,0.00013216568913776428,0.0,0.0,0.0,0.003472222222222222,0.023148148148148147
1701.0,0.0002622548781801015,0.0,0.0,0.0,0.003472222222222222,0.023148148148148147
1702.0,5.106247513708695e-08,0.0,0.0,0.0,0.0,4.255206261423912e-06
1703.0,0.0,0.0,0.0,0.0,0.0,0.0
1704.0,0.002753250300884247,0.0,0.0,0.0,0.03819444444444445,0.25462962962962965
1705.0,1.3902619002692518e-06,4.301037392906437e-07,2.828946207955596e-06,0.0,0.0,0.00011585515835577098
1706.0,0.054303333163261414,0.051764488220214844,2.828946207955596e-06,0.000640104291960597,0.3020833333333333,4.525277763605118
1707.0,0.0,0.0,0.0,0.0,0.0,0.0
1708.0,0.0,0.0,0.0,0.0,0.0,0.0
1709.0,0.0,0.0,0.0,0.0,0.0,0.0
1710.0,0.0543036088347435,0.05176405981183052,0.0,0.000640104291960597,0.3020833333333333,4.525300736228625
1711.0,0.0,0.0,0.0,0.0,0.0,0.0
1712.0,0.00013960372598376125,0.0,0.0,0.0,0.003472222222222222,0.023148148148148147
1713.0,8.799698844086379e-05,0.0,0.0,0.0,0.003472222222222222,0.023148148148148147
1714.0,0.0,0.0,0.0,0.0,0.0,0.0
1715.0,0.0,0.0,0.0,0.0,0.0,0.0
1716.0,0.0,0.0,0.0,0.0,0.0,0.0
1717.0,0.0,0.0,0.0,0.0,0.0,0.0
1718.0,3.1998915801523253e-06,0.0,0.0,0.0,0.0,0.00026665763167936046
1719.0,0.0,0.0,0.0,0.0,0.0,0.0
1720.0,7.710255545134714e-07,2.2011832356838568e-07,4.189211608718324e-07,0.0,0.0,6.425212954278929e-05
1721.0,0.05452299490571022,0.05176427960395813,4.189211608718324e-07,0.000640104291960597,0.3055555555555556,4.543582908809185
1722.0,0.0,0.0,0.0,0.0,0.0,0.0
1723.0,2.8935210139025003e-07,0.0,0.0,0.0,0.0,2.411267511585417e-05
1724.0,0.05452258139848709,0.05176405981183052,0.0,0.000640104291960597,0.3055555555555556,4.543548449873924
1725.0,0.0,0.0,0.0,0.0,0.0,0.0
1726.0,6.045750342309475e-05,0.0,0.0,0.0,0.0,0.0050381252852578955
1727.0,0.0003687873831950128,0.0,0.0,0.0,0.0,0.030732281932917733
1728.0,9.150325786322355e-05,0.0,0.0,0.0,0.0,0.007625271488601962
1729.0,0.0,0.0,0.0,0.0,0.0,0.0
1730.0,0.054970383644104004,0.051768459379673004,1.557855102873873e-05,0.000640104291960597,0.3055555555555556,4.580865303675334
1731.0,5.835832780576311e-06,8.756273928156588e-06,1.557855102873873e-05,0.0,0.0,0.00048631939838135924
1732.0,2.5616143830120564e-05,0.0,0.0,0.0,0.0,0.002134678652510047
1733.0,0.0013758507557213306,0.0,0.0,0.0,0.052083333333333336,0.34722222222222227
1734.0,0.00016671769844833761,0.0,0.0,0.0,0.003472222222222222,0.023148148148148147
1735.0,0.0007454383303411305,0.0,0.0,0.0,0.027777777777777776,0.18518518518518517
1736.0,0.00023091975890565664,0.0,0.0,0.0,0.006944444444444444,0.046296296296296294
1737.0,8.954587246989831e-05,0.0,0.0,0.0,0.003472222222222222,0.023148148148148147
1738.0,0.0,0.0,0.0,0.0,0.0,0.0
1739.0,2.0748231690959074e-05,0.0,0.0,0.0,0.0,0.0017290193075799227
1740.0,0.0,0.0,0.0,0.0,0.0,0.0
1741.0,0.0,0.0,0.0,0.0,0.0,0.0
1742.0,0.0,0.0,0.0,0.0,0.0,0.0
1743.0,0.0,0.0,0.0,0.0,0.0,0.0
1744.0,0.0,0.0,0.0,0.0,0.0,0.0
1745.0,9.740942914504558e-05,0.0,0.0,0.0,0.0,0.008117452428753799
1746.0,0.0,0.0,0.0,0.0,0.0,0.0
1747.0,8.850734616316913e-07,0.0,0.0,0.0,0.0,7.375612180264095e-05
1748.0,0.0,0.0,0.0,0.0,0.0,0.0
1749.0,0.0,0.0,0.0,0.0,0.0,0.0
1750.0,0.0,0.0,0.0,0.0,0.0,0.0
1751.0,0.0,0.0,0.0,0.0,0.0,0.0
1752.0,0.0,0.0,0.0,0.0,0.0,0.0
1753.0,0.0,0.0,0.0,0.0,0.0,0.0
1754.0,0.0,0.0,0.0,0.0,0.0,0.0
1755.0,3.412422302062623e-05,8.756273928156588e-06,1.557855102873873e-05,0.0,0.0,0.0028436852517188527
1756.0,0.00023575137311127037,8.756273928156588e-06,1.557855102873873e-05,0.0,0.0,0.01964594775927253
1757.0,0.0003204316017217934,0.0,0.0,0.0,0.006944444444444444,0.046296296296296294
1758.0,0.0,0.0,0.0,0.0,0.0,0.0
1759.0,0.0,0.0,0.0,0.0,0.0,0.0
1760.0,0.0,0.0,0.0,0.0,0.0,0.0
1761.0,0.0,0.0,0.0,0.0,0.0,0.0
1762.0,0.0,0.0,0.0,0.0,0.0,0.0
1763.0,0.0,0.0,0.0,0.0,0.0,0.0
1764.0,1.4229295629775152e-05,0.0,0.0,0.0,0.0,0.001185774635814596
1765.0,0.0,0.0,0.0,0.0,0.0,0.0
1766.0,3.063712483708514e-07,0.0,0.0,0.0,0.0,2.5530937364237616e-05
1767.0,0.00035522188409231603,0.0,0.0,0.0,0.003472222222222222,0.029601823674359668
1768.0,0.00038638681871816516,0.0,0.0,0.0,0.0,0.032198901559847094
1769.0,0.0,0.0,0.0,0.0,0.0,0.0
1770.0,0.0,0.0,0.0,0.0,0.0,0.0
1771.0,0.0,0.0,0.0,0.0,0.0,0.0
1772.0,1.7565354937687516e-05,0.0,0.0,0.0,0.0,0.0014637795781406264
1773.0,0.0,0.0,0.0,0.0,0.0,0.0
1774.0,0.0,0.0,0.0,0.0,0.0,0.0
1775.0,0.0,0.0,0.0,0.0,0.0,0.0
1776.0,0.0,0.0,0.0,0.0,0.0,0.0
1777.0,0.0,0.0,0.0,0.0,0.0,0.0
1778.0,0.0,0.0,0.0,0.0,0.0,0.0
1779.0,0.0,0.0,0.0,0.0,0.0,0.0
1780.0,6.176246643008199e-06,8.756273928156588e-06,1.557855102873873e-05,0.0,0.0,0.0005146872202506833
1781.0,6.176246643008199e-06,8.756273928156588e-06,1.557855102873873e-05,0.0,0.0,0.0005146872202506833
1782.0,0.0,0.0,0.0,0.0,0.0,0.0
1783.0,0.0,0.0,0.0,0.0,0.0,0.0
1784.0,0.0,0.0,0.0,0.0,0.0,0.0
1785.0,0.0,0.0,0.0,0.0,0.0,0.0
1786.0,0.019874004647135735,0.028420785441994667,0.0,0.000520488538313657,0.24305555555555555,1.6561670539279778
1787.0,0.0,0.0,0.0,0.0,0.0,0.0
1788.0,0.0,0.0,0.0,0.0,0.0,0.0
1789.0,0.01991673745214939,0.028433606028556824,0.0,0.0005545762251131237,0.24305555555555555,1.6597281210124493
1790.0,0.0,0.0,0.0,0.0,0.0,0.0
1791.0,0.0,0.0,0.0,0.0,0.0,0.0
1792.0,0.0,0.0,0.0,0.0,0.0,0.0
1793.0,0.0,0.0,0.0,0.0,0.0,0.0
1794.0,0.0003383714356459677,0.00018511665984988213,0.0,0.0,0.0,0.028197619637163975
1795.0,0.00028623698744922876,0.00138562370557338,0.0,0.0,0.0,0.0346405926393345
1796.0,1.3003809726797044e-05,0.0,0.0,0.0,0.0,0.0010836508105664204
1797.0,0.00019512353173922747,0.00023822407820262015,0.0,9.847178444033489e-05,0.0,0.01626029431160229
1798.0,0.0,0.0,0.0,0.0,0.0,0.0
1799.0,0.0,0.0,0.0,0.0,0.0,0.0
1800.0,0.0,0.0,0.0,0.0,0.0,0.0
1801.0,0.0,0.0,0.0,0.0,0.0,0.0
1802.0,0.0,0.0,0.0,0.0,0.0,0.0
1803.0,0.0,0.0,0.0,0.0,0.0,0.0
1804.0,0.00023543022689409554,0.0,0.0,0.0,0.006944444444444444,0.046296296296296294
1805.0,0.00012399349361658096,9.416617103852332e-06,1.557855102873873e-05,0.0,0.0,0.01033279113471508
1806.0,6.550701073138043e-06,9.416617103852332e-06,1.557855102873873e-05,0.0,0.0,0.000545891756094837
1807.0,0.0,0.0,0.0,0.0,0.0,0.0
1808.0,0.0,0.0,0.0,0.0,0.0,0.0
1809.0,0.0,0.0,0.0,0.0,0.0,0.0
1810.0,0.0,0.0,0.0,0.0,0.0,0.0
1811.0,0.0,0.0,0.0,0.0,0.0,0.0
1812.0,0.0,0.0,0.0,0.0,0.0,0.0
1813.0,0.0,0.0,0.0,0.0,0.0,0.0
1814.0,0.0,0.0,0.0,0.0,0.0,0.0
1815.0,0.0,0.0,0.0,0.0,0.0,0.0
1816.0,0.0,0.0,0.0,0.0,0.0,0.0
1817.0,0.0,0.0,0.0,0.0,0.0,0.0
1818.0,0.0,0.0,0.0,0.0,0.0,0.0
1819.0,5.072166914033005e-06,0.0,0.0,0.0,0.0,0.00042268057616941707
1820.0,0.00012171497655799612,0.0,0.0,0.0,0.003472222222222222,0.023148148148148147
1821.0,0.0,0.0,0.0,0.0,0.0,0.0
1822.0,0.021024703979492188,0.03000323660671711,0.0,0.0005301559576764703,0.25,1.7520586649576824
1823.0,0.0,0.0,0.0,0.0,0.0,0.0
1824.0,0.0,0.0,0.0,0.0,0.0,0.0
1825.0,0.0,0.0,0.0,0.0,0.0,0.0
1826.0,0.0,0.0,0.0,0.0,0.0,0.0
1827.0,0.0,0.0,0.0,0.0,0.0,0.0
1828.0,0.0,0.0,0.0,0.0,0.0,0.0
1829.0,0.0,0.0,0.0,0.0,0.0,0.0
1830.0,0.04139643535017967,0.02038748376071453,0.0,0.0002817488566506654,0.3263888888888889,3.449702945848306
1831.0,0.0,0.0,0.0,0.0,0.0,0.0
1832.0,0.0,0.0,0.0,0.0,0.0,0.0
1833.0,0.0,0.0,0.0,0.0,0.0,0.0
1834.0,0.0,0.0,0.0,0.0,0.0,0.0
1835.0,0.0,0.0,0.0,0.0,0.0,0.0
1836.0,0.0,0.0,0.0,0.0,0.0,0.0
1837.0,0.0,0.0,0.0,0.0,0.0,0.0
1838.0,0.0,0.0,0.0,0.0,0.0,0.0
1839.0,0.0,0.0,0.0,0.0,0.0,0.0
1840.0,0.0,0.0,0.0,0.0,0.0,0.0
1841.0,0.0,0.0,0.0,0.0,0.0,0.0
1842.0,0.0,0.0,0.0,0.0,0.0,0.0
1843.0,0.0,0.0,0.0,0.0,0.0,0.0
1844.0,0.0,0.0,0.0,0.0,0.0,0.0
1845.0,0.0,0.0,0.0,0.0,0.0,0.0
1846.0,0.0,0.0,0.0,0.0,0.0,0.0
1847.0,0.0,0.0,0.0,0.0,0.0,0.0
1848.0,0.0,0.0,0.0,0.0,0.0,0.0
1849.0,0.0,0.0,0.0,0.0,0.0,0.0
1850.0,0.0,0.0,0.0,0.0,0.0,0.0
1851.0,0.0,0.0,0.0,0.0,0.0,0.0
1852.0,0.04139643535017967,0.02038748376071453,0.0,0.0002817488566506654,0.3263888888888889,3.449702945848306
1853.0,0.0,0.0,0.0,0.0,0.0,0.0
1854.0,0.0,0.0,0.0,0.0,0.0,0.0
1855.0,0.0,0.0,0.0,0.0,0.0,0.0
1856.0,0.0,0.0,0.0,0.0,0.0,0.0
1857.0,0.0,0.0,0.0,0.0,0.0,0.0
1858.0,0.00010083057713927701,0.0,0.0,0.0,0.006944444444444444,0.046296296296296294
1859.0,6.728280277457088e-05,0.0,0.0,0.0,0.0,0.00560690023121424
1860.0,1.9063166973865009e-06,0.0,0.0,0.0,0.0,0.00015885972478220842
1861.0,0.0,0.0,0.0,0.0,0.0,0.0
1862.0,0.0,0.0,0.0,0.0,0.0,0.0
1863.0,0.0,0.0,0.0,0.0,0.0,0.0
1864.0,0.0,0.0,0.0,0.0,0.0,0.0
1865.0,0.0,0.0,0.0,0.0,0.0,0.0
1866.0,0.0,0.0,0.0,0.0,0.0,0.0
1867.0,0.0,0.0,0.0,0.0,0.0,0.0
1868.0,1.6526955732842907e-05,8.880112545739394e-06,1.557855102873873e-05,0.0,0.0,0.0013772463110702422
1869.0,2.82542150671361e-05,8.880112545739394e-06,1.557855102873873e-05,0.0,0.0,0.002354517922261342
1870.0,2.5071487470995635e-05,0.0,0.0,0.0,0.0,0.0020892906225829697
1871.0,0.0,0.0,0.0,0.0,0.0,0.0
1872.0,3.509667294565588e-05,0.0,0.0,0.0,0.0,0.0029247227454713234
1873.0,0.0,0.0,0.0,0.0,0.0,0.0
1874.0,0.0,0.0,0.0,0.0,0.0,0.0
1875.0,0.0,0.0,0.0,0.0,0.0,0.0
1876.0,0.0,0.0,0.0,0.0,0.0,0.0
1877.0,9.871998827293282e-07,0.0,0.0,0.0,0.0,8.226665689411068e-05
1878.0,0.0,0.0,0.0,0.0,0.0,0.0
1879.0,0.0,0.0,0.0,0.0,0.0,0.0
1880.0,0.0,0.0,0.0,0.0,0.0,0.0
1881.0,0.0,0.0,0.0,0.0,0.0,0.0
1882.0,0.0,0.0,0.0,0.0,0.0,0.0
1883.0,1.8195119992014952e-05,0.0,0.0,0.0,0.0,0.0015162599993345793
1884.0,2.5701253889565123e-06,0.0,0.0,0.0,0.0,0.00021417711574637602
1885.0,2.00844101527764e-06,0.0,0.0,0.0,0.0,0.00016737008460647
1886.0,0.0,0.0,0.0,0.0,0.0,0.0
1887.0,0.0,0.0,0.0,0.0,0.0,0.0
1888.0,0.0,0.0,0.0,0.0,0.0,0.0
1889.0,0.0,0.0,0.0,0.0,0.0,0.0
1890.0,0.0,0.0,0.0,0.0,0.0,0.0
1891.0,0.0,0.0,0.0,0.0,0.0,0.0
1892.0,0.0,0.0,0.0,0.0,0.0,0.0
1893.0,4.901824013359146e-06,8.880112545739394e-06,1.557855102873873e-05,0.0,0.0,0.0004084853344465955
1894.0,4.901824013359146e-06,8.880112545739394e-06,1.557855102873873e-05,0.0,0.0,0.0004084853344465955
1895.0,0.0,0.0,0.0,0.0,0.0,0.0
1896.0,2.5956558602047153e-05,0.0,0.0,0.0,0.0,0.002163046550170596
1897.0,6.80825280596764e-08,0.0,0.0,0.0,0.0,5.673544004973034e-06
1898.0,0.00012671906733885407,8.254306521848775e-06,0.0,0.0,0.0,0.01055992227823784
1899.0,0.0,0.0,0.0,0.0,0.0,0.0
1900.0,0.0,0.0,0.0,0.0,0.0,0.0
1901.0,0.0,0.0,0.0,0.0,0.0,0.0
1902.0,2.144607606169302e-06,2.201149698066729e-07,0.0,0.0,0.0,0.0001787173005141085
1903.0,0.0,0.0,0.0,0.0,0.0,0.0
1904.0,0.0,0.0,0.0,0.0,0.0,0.0
1905.0,0.0,0.0,0.0,0.0,0.0,0.0
1906.0,0.0,0.0,0.0,0.0,0.0,0.0
1907.0,0.0,0.0,0.0,0.0,0.0,0.0
1908.0,0.0,0.0,0.0,0.0,0.0,0.0
1909.0,0.0,0.0,0.0,0.0,0.0,0.0
1910.0,0.0,0.0,0.0,0.0,0.0,0.0
1911.0,0.00019042751227971166,0.0,0.0,0.0,0.0,0.015868959356642637
1912.0,0.00010818352893693373,0.0,0.0,0.0,0.003472222222222222,0.023148148148148147
1913.0,0.00011267699301242828,0.0,0.0,0.0,0.003472222222222222,0.023148148148148147
1914.0,0.0,0.0,0.0,0.0,0.0,0.0
1915.0,0.0,0.0,0.0,0.0,0.0,0.0
1916.0,0.0,0.0,0.0,0.0,0.0,0.0
1917.0,0.0,0.0,0.0,0.0,0.0,0.0
1918.0,9.820809282246046e-06,8.880112545739394e-06,1.557855102873873e-05,0.0,0.0,0.0008184007735205038
1919.0,4.952886229148135e-06,8.880112545739394e-06,1.557855102873873e-05,0.0,0.0,0.0004127405190956779
1920.0,0.0,0.0,0.0,0.0,0.0,0.0
1921.0,0.0,0.0,0.0,0.0,0.0,0.0
1922.0,0.0,0.0,0.0,0.0,0.0,0.0
1923.0,0.0,0.0,0.0,0.0,0.0,0.0
1924.0,0.0,0.0,0.0,0.0,0.0,0.0
1925.0,0.0,0.0,0.0,0.0,0.0,0.0
1926.0,0.0,0.0,0.0,0.0,0.0,0.0
1927.0,0.0,0.0,0.0,0.0,0.0,0.0
1928.0,0.0,0.0,0.0,0.0,0.0,0.0
1929.0,0.0,0.0,0.0,0.0,0.0,0.0
1930.0,0.0,0.0,0.0,0.0,0.0,0.0
1931.0,0.0,0.0,0.0,0.0,0.0,0.0
1932.0,0.0,0.0,0.0,0.0,0.0,0.0
1933.0,0.0,0.0,0.0,0.0,0.0,0.0
1934.0,0.0,0.0,0.0,0.0,0.0,0.0
1935.0,0.0,0.0,0.0,0.0,0.0,0.0
1936.0,0.0,0.0,0.0,0.0,0.0,0.0
1937.0,0.0,0.0,0.0,0.0,0.0,0.0
1938.0,0.0,0.0,0.0,0.0,0.0,0.0
1939.0,0.0,0.0,0.0,0.0,0.0,0.0
1940.0,0.0,0.0,0.0,0.0,0.0,0.0
1941.0,0.0,0.0,0.0,0.0,0.0,0.0
1942.0,0.0,0.0,0.0,0.0,0.0,0.0
1943.0,4.952886229148135e-06,8.880112545739394e-06,1.557855102873873e-05,0.0,0.0,0.0004127405190956779
1944.0,4.952886229148135e-06,8.880112545739394e-06,1.557855102873873e-05,0.0,0.0,0.0004127405190956779
1945.0,0.0,0.0,0.0,0.0,0.0,0.0
1946.0,0.0,0.0,0.0,0.0,0.0,0.0
1947.0,0.0,0.0,0.0,0.0,0.0,0.0
1948.0,0.0,0.0,0.0,0.0,0.0,0.0
1949.0,0.0,0.0,0.0,0.0,0.0,0.0
1950.0,0.0,0.0,0.0,0.0,0.0,0.0
1951.0,0.0,0.0,0.0,0.0,0.0,0.0
1952.0,0.0,0.0,0.0,0.0,0.0,0.0
1953.0,0.0,0.0,0.0,0.0,0.0,0.0
1954.0,0.0,0.0,0.0,0.0,0.0,0.0
1955.0,0.0,0.0,0.0,0.0,0.0,0.0
1956.0,0.0,0.0,0.0,0.0,0.0,0.0
1957.0,0.0,0.0,0.0,0.0,0.0,0.0
1958.0,1.1318760698486585e-05,0.0,0.0,0.0,0.0,0.0009432300582072154
1959.0,0.00013912716531194746,0.0,0.0,0.0,0.0,0.01159393044266229
1960.0,8.969918781076558e-06,0.0,0.0,0.0,0.0,0.0007474932317563798
1961.0,0.0,0.0,0.0,0.0,0.0,0.0
1962.0,0.0,0.0,0.0,0.0,0.0,0.0
1963.0,0.0,0.0,0.0,0.0,0.0,0.0
1964.0,0.0,0.0,0.0,0.0,0.0,0.0
1965.0,0.00040985833038575947,0.0,0.0,0.0,0.003472222222222222,0.034154860865479954
1966.0,0.00048651950783096254,0.0,0.0,0.0,0.003472222222222222,0.04054329231924688
1967.0,0.00021223103976808488,0.0,0.0,0.0,0.0,0.01768591998067374
1968.0,2.0799156118300743e-05,8.880112545739394e-06,1.557855102873873e-05,0.0,0.0,0.0017332630098583952
1969.0,4.969906512997113e-06,8.880112545739394e-06,1.557855102873873e-05,0.0,0.0,0.00041415887608309276
1970.0,0.0,0.0,0.0,0.0,0.0,0.0
1971.0,0.0,0.0,0.0,0.0,0.0,0.0
1972.0,0.0,0.0,0.0,0.0,0.0,0.0
1973.0,0.0,0.0,0.0,0.0,0.0,0.0
1974.0,0.0,0.0,0.0,0.0,0.0,0.0
1975.0,0.0,0.0,0.0,0.0,0.0,0.0
1976.0,0.0,0.0,0.0,0.0,0.0,0.0
1977.0,0.0,0.0,0.0,0.0,0.0,0.0
1978.0,0.0021037578117102385,8.474421520077158e-06,0.0,0.0,0.020833333333333332,0.1753131509758532
1979.0,0.0,0.0,0.0,0.0,0.0,0.0
1980.0,0.0,0.0,0.0,0.0,0.0,0.0
1981.0,0.0,0.0,0.0,0.0,0.0,0.0
1982.0,0.0,0.0,0.0,0.0,0.0,0.0
1983.0,0.0,0.0,0.0,0.0,0.0,0.0
1984.0,0.0,0.0,0.0,0.0,0.0,0.0
1985.0,1.4297386769612785e-05,0.0,0.0,0.0,0.0,0.0011914488974677322
1986.0,0.0,0.0,0.0,0.0,0.0,0.0
1987.0,0.0,0.0,0.0,0.0,0.0,0.0
1988.0,0.0,0.0,0.0,0.0,0.0,0.0
1989.0,0.0,0.0,0.0,0.0,0.0,0.0
1990.0,0.0,0.0,0.0,0.0,0.0,0.0
1991.0,0.0,0.0,0.0,0.0,0.0,0.0
1992.0,0.0,0.0,0.0,0.0,0.0,0.0
1993.0,4.850761342822807e-06,8.880112545739394e-06,1.557855102873873e-05,0.0,0.0,0.00040423011190190056
1994.0,4.850761342822807e-06,8.880112545739394e-06,1.557855102873873e-05,0.0,0.0,0.00040423011190190056
1995.0,0.0,0.0,0.0,0.0,0.0,0.0
1996.0,0.0,0.0,0.0,0.0,0.0,0.0
1997.0,0.0,0.0,0.0,0.0,0.0,0.0
1998.0,0.0002785096294246614,0.0,0.0,0.0,0.010416666666666666,0.06944444444444445
1999.0,0.0004169048916082829,0.0,0.0,0.0,0.015625,0.10416666666666667
2000.0,0.00010527298582019284,0.0,0.0,0.0,0.001736111111111111,0.011574074074074073
2001.0,5.87724607612472e-05,0.0,0.0,0.0,0.0,0.004897705063437267
2002.0,0.0001849298714660108,0.0,0.0,0.0,0.003472222222222222,0.023148148148148147
2003.0,0.00022828155488241464,0.0,0.0,0.0,0.010416666666666666,0.06944444444444445
2004.0,0.0001949720608536154,0.0,0.0,0.0,0.0,0.016247671737801284
2005.0,0.0,0.0,0.0,0.0,0.0,0.0
2006.0,0.0,0.0,0.0,0.0,0.0,0.0
2007.0,0.0,0.0,0.0,0.0,0.0,0.0
2008.0,0.0,0.0,0.0,0.0,0.0,0.0
2009.0,0.0,0.0,0.0,0.0,0.0,0.0
2010.0,4.646652996598277e-06,0.0,0.0,0.0,0.0,0.0003872210830498564
2011.0,0.0,0.0,0.0,0.0,0.0,0.0
2012.0,0.0,0.0,0.0,0.0,0.0,0.0
2013.0,0.0,0.0,0.0,0.0,0.0,0.0
2014.0,0.0,0.0,0.0,0.0,0.0,0.0
2015.0,0.0,0.0,0.0,0.0,0.0,0.0
2016.0,0.0,0.0,0.0,0.0,0.0,0.0
2017.0,0.0,0.0,0.0,0.0,0.0,0.0
2018.0,0.04285626858472824,0.02038748376071453,0.0,0.0002817488566506654,0.3402777777777778,3.57135571539402
2019.0,0.0,0.0,0.0,0.0,0.0,0.0
2020.0,0.0,0.0,0.0,0.0,0.0,0.0
2021.0,0.0,0.0,0.0,0.0,0.0,0.0
2022.0,0.0,0.0,0.0,0.0,0.0,0.0
2023.0,0.0,0.0,0.0,0.0,0.0,0.0
2024.0,0.0,0.0,0.0,0.0,0.0,0.0
2025.0,0.0,0.0,0.0,0.0,0.0,0.0
2026.0,3.7445505540745216e-07,0.0,0.0,0.0,0.0,3.120458795062101e-05
2027.0,3.7445505540745216e-07,0.0,0.0,0.0,0.0,3.120458795062101e-05
2028.0,0.0,0.0,0.0,0.0,0.0,0.0
2029.0,0.0,0.0,0.0,0.0,0.0,0.0
2030.0,0.0,0.0,0.0,0.0,0.0,0.0
2031.0,0.0,0.0,0.0,0.0,0.0,0.0
2032.0,0.0,0.0,0.0,0.0,0.0,0.0
2033.0,0.0,0.0,0.0,0.0,0.0,0.0
2034.0,0.0,0.0,0.0,0.0,0.0,0.0
2035.0,0.0,0.0,0.0,0.0,0.0,0.0
2036.0,0.0,0.0,0.0,0.0,0.0,0.0
2037.0,0.0,0.0,0.0,0.0,0.0,0.0
2038.0,0.0,0.0,0.0,0.0,0.0,0.0
2039.0,0.0,0.0,0.0,0.0,0.0,0.0
2040.0,0.0,0.0,0.0,0.0,0.0,0.0
2041.0,0.0,0.0,0.0,0.0,0.0,0.0
2042.0,0.0,0.0,0.0,0.0,0.0,0.0
2043.0,0.0,0.0,0.0,0.0,0.0,0.0
2044.0,0.0,0.0,0.0,0.0,0.0,0.0
2045.0,0.0,0.0,0.0,0.0,0.0,0.0
2046.0,0.0,0.0,0.0,0.0,0.0,0.0
2047.0,0.0,0.0,0.0,0.0,0.0,0.0
2048.0,0.0,0.0,0.0,0.0,0.0,0.0
2049.0,0.0,0.0,0.0,0.0,0.0,0.0
2050.0,0.0,0.0,0.0,0.0,0.0,0.0
2051.0,3.7445505540745216e-07,0.0,0.0,0.0,0.0,3.120458795062101e-05
2052.0,3.7445505540745216e-07,0.0,0.0,0.0,0.0,3.120458795062101e-05
2053.0,0.0,0.0,0.0,0.0,0.0,0.0
2054.0,0.0,0.0,0.0,0.0,0.0,0.0
2055.0,0.0,0.0,0.0,0.0,0.0,0.0
2056.0,0.0,0.0,0.0,0.0,0.0,0.0
2057.0,0.0,0.0,0.0,0.0,0.0,0.0
2058.0,0.0,0.0,0.0,0.0,0.0,0.0
2059.0,0.0,0.0,0.0,0.0,0.0,0.0
2060.0,0.0,0.0,0.0,0.0,0.0,0.0
2061.0,0.0,0.0,0.0,0.0,0.0,0.0
2062.0,0.0,0.0,0.0,0.0,0.0,0.0
2063.0,0.0,0.0,0.0,0.0,0.0,0.0
2064.0,0.0,0.0,0.0,0.0,0.0,0.0
2065.0,0.0,0.0,0.0,0.0,0.0,0.0
2066.0,0.0,0.0,0.0,0.0,0.0,0.0
2067.0,0.0,0.0,0.0,0.0,0.0,0.0
2068.0,0.0,0.0,0.0,0.0,0.0,0.0
2069.0,0.0,0.0,0.0,0.0,0.0,0.0
2070.0,0.04015983268618584,0.023250730708241463,2.4152797777787782e-05,0.0005182074964977801,0.1701388888888889,3.3466527238488197
2071.0,0.040158580988645554,0.02327124774456024,2.4152797777787782e-05,0.00047262708540074527,0.171875,3.346548415720463
2072.0,0.0,0.0,0.0,0.0,0.0,0.0
2073.0,0.0,0.0,0.0,0.0,0.0,0.0
2074.0,0.0,0.0,0.0,0.0,0.0,0.0
2075.0,0.0,0.0,0.0,0.0,0.0,0.0
2076.0,0.0,0.0,0.0,0.0,0.0,0.0
2077.0,0.0,0.0,0.0,0.0,0.0,0.0
2078.0,0.0,0.0,0.0,0.0,0.0,0.0
2079.0,0.00021948828361928463,0.0002483445277903229,0.0,7.337133138207719e-05,0.001736111111111111,0.018290690301607054
2080.0,0.0,0.0,0.0,0.0,0.0,0.0
2081.0,0.0,0.0,0.0,0.0,0.0,0.0
2082.0,0.0,0.0,0.0,0.0,0.0,0.0
2083.0,0.0,0.0,0.0,0.0,0.0,0.0
2084.0,0.0,0.0,0.0,0.0,0.0,0.0
2085.0,0.0,0.0,0.0,0.0,0.0,0.0
2086.0,0.0,0.0,0.0,0.0,0.0,0.0
2087.0,0.0,0.0,0.0,0.0,0.0,0.0
2088.0,0.0,0.0,0.0,0.0,0.0,0.0
2089.0,0.0428563691675663,0.020386934280395508,0.0,0.0002817488566506654,0.3402777777777778,3.5713640972971916
2090.0,4.4253823716644547e-07,5.502907924892497e-07,0.0,0.0,0.0,3.687818643053712e-05
2091.0,0.0,0.0,0.0,0.0,0.0,0.0
2092.0,0.0014599669957533479,0.0,0.0,0.0,0.041666666666666664,0.2777777777777778
2093.0,0.0,0.0,0.0,0.0,0.0,0.0
2094.0,0.0,0.0,0.0,0.0,0.0,0.0
2095.0,0.0,0.0,0.0,0.0,0.0,0.0
2096.0,0.0,0.0,0.0,0.0,0.0,0.0
2097.0,0.0,0.0,0.0,0.0,0.0,0.0
2098.0,0.0,0.0,0.0,0.0,0.0,0.0
2099.0,0.0,0.0,0.0,0.0,0.0,0.0
2100.0,0.0,0.0,0.0,0.0,0.0,0.0
2101.0,0.0,0.0,0.0,0.0,0.0,0.0
2102.0,0.0,0.0,0.0,0.0,0.0,0.0
2103.0,0.0,0.0,0.0,0.0,0.0,0.0
2104.0,0.0,0.0,0.0,0.0,0.0,0.0
2105.0,0.0,0.0,0.0,0.0,0.0,0.0
2106.0,0.0,0.0,0.0,0.0,0.0,0.0
2107.0,0.0,0.0,0.0,0.0,0.0,0.0
2108.0,0.0,0.0,0.0,0.0,0.0,0.0
2109.0,0.0,0.0,0.0,0.0,0.0,0.0
2110.0,0.0,0.0,0.0,0.0,0.0,0.0
2111.0,0.0,0.0,0.0,0.0,0.0,0.0
2112.0,0.0,0.0,0.0,0.0,0.0,0.0
2113.0,0.0,0.0,0.0,0.0,0.0,0.0
2114.0,4.0849684523891483e-07,5.502907924892497e-07,0.0,0.0,0.0,3.404140376990957e-05
2115.0,4.0849684523891483e-07,5.502907924892497e-07,0.0,0.0,0.0,3.404140376990957e-05
2116.0,0.0,0.0,0.0,0.0,0.0,0.0
2117.0,0.0,0.0,0.0,0.0,0.0,0.0
2118.0,0.0,0.0,0.0,0.0,0.0,0.0
2119.0,0.0,0.0,0.0,0.0,0.0,0.0
2120.0,0.0,0.0,0.0,0.0,0.0,0.0
2121.0,0.0,0.0,0.0,0.0,0.0,0.0
2122.0,0.0,0.0,0.0,0.0,0.0,0.0
2123.0,0.0,0.0,0.0,0.0,0.0,0.0
2124.0,0.0,0.0,0.0,0.0,0.0,0.0
2125.0,0.0,0.0,0.0,0.0,0.0,0.0
2126.0,0.0,0.0,0.0,0.0,0.0,0.0
2127.0,0.0,0.0,0.0,0.0,0.0,0.0
2128.0,0.0,0.0,0.0,0.0,0.0,0.0
2129.0,0.0,0.0,0.0,0.0,0.0,0.0
2130.0,0.0,0.0,0.0,0.0,0.0,0.0
2131.0,0.0,0.0,0.0,0.0,0.0,0.0
2132.0,0.0,0.0,0.0,0.0,0.0,0.0
2133.0,0.0,0.0,0.0,0.0,0.0,0.0
2134.0,0.0,0.0,0.0,0.0,0.0,0.0
2135.0,0.0,0.0,0.0,0.0,0.0,0.0
2136.0,0.0413970910012722,0.020392389968037605,0.0,0.0002817488566506654,0.3263888888888889,3.44975758343935
2137.0,0.040161214768886566,0.023249760270118713,0.0,0.0004482482618186623,0.16666666666666666,3.3467678974072137
2138.0,0.0,0.0,0.0,0.0,0.0,0.0
2139.0,0.0,0.0,0.0,0.0,0.0,0.0
2140.0,0.0,0.0,0.0,0.0,0.0,0.0
2141.0,0.0,0.0,0.0,0.0,0.0,0.0
2142.0,0.0,0.0,0.0,0.0,0.0,0.0
2143.0,0.0,0.0,0.0,0.0,0.0,0.0
2144.0,0.0002441382093820721,0.0001111357705667615,0.0,8.703814819455147e-05,0.003472222222222222,0.023148148148148147
2145.0,3.744543448647164e-07,0.0,0.0,0.0,0.0,3.120452873872637e-05
2146.0,0.0,0.0,0.0,0.0,0.0,0.0
2147.0,0.0,0.0,0.0,0.0,0.0,0.0
2148.0,0.0,0.0,0.0,0.0,0.0,0.0
2149.0,0.0,0.0,0.0,0.0,0.0,0.0
2150.0,0.0,0.0,0.0,0.0,0.0,0.0
2151.0,0.0,0.0,0.0,0.0,0.0,0.0
2152.0,0.0,0.0,0.0,0.0,0.0,0.0
2153.0,0.0,0.0,0.0,0.0,0.0,0.0
2154.0,0.0,0.0,0.0,0.0,0.0,0.0
2155.0,0.0,0.0,0.0,0.0,0.0,0.0
2156.0,0.0,0.0,0.0,0.0,0.0,0.0
2157.0,0.0,0.0,0.0,0.0,0.0,0.0
2158.0,0.0,0.0,0.0,0.0,0.0,0.0
2159.0,0.0,0.0,0.0,0.0,0.0,0.0
2160.0,0.0,0.0,0.0,0.0,0.0,0.0
2161.0,1.7020436615666767e-08,0.0,0.0,0.0,0.0,1.4183697179722306e-06
2162.0,0.047587208449840546,0.022173069417476654,0.3913913667201996,0.004356056917458773,0.4166666666666667,3.9656007041533785
2163.0,0.0,0.0,0.0,0.0,0.0,0.0
2164.0,0.0,0.0,0.0,0.0,0.0,0.0
2165.0,0.0,0.0,0.0,0.0,0.0,0.0
2166.0,0.00030555546982213855,0.0019757519476115704,0.0,0.0,0.006944444444444444,0.04939379869028926
2167.0,8.48481577122584e-05,0.0005486364243552089,0.0,0.0,0.003472222222222222,0.023148148148148147
2168.0,0.00017837686755228788,0.0011534022632986307,0.0,0.0,0.003472222222222222,0.028835056582465768
2169.0,0.0001454247976653278,0.0009403310250490904,0.0,0.0,0.006944444444444444,0.046296296296296294
2170.0,0.0,0.0,0.0,0.0,0.0,0.0
2171.0,0.00020814606978092343,0.0,0.0,0.0,0.005208333333333333,0.034722222222222224
2172.0,0.0003350863989908248,0.0,0.0,0.0,0.006944444444444444,0.046296296296296294
2173.0,0.00036041319253854454,0.0,0.0,0.0,0.008680555555555556,0.05787037037037038
2174.0,0.00015493936371058226,0.0,0.0,0.0,0.003472222222222222,0.023148148148148147
2175.0,3.056916466448456e-05,0.0,0.0,0.0,0.003472222222222222,0.023148148148148147
2176.0,0.00022319235722534359,0.0,0.0,0.0,0.003472222222222222,0.023148148148148147
2177.0,0.00018787442240864038,0.0,0.0,0.0,0.005208333333333333,0.034722222222222224
2178.0,0.00038519533700309694,0.0,0.0,0.0,0.005208333333333333,0.034722222222222224
2179.0,0.00036199609166942537,0.0,0.0,0.0,0.003472222222222222,0.03016634097245211
2180.0,0.0002364855317864567,0.0,0.0,0.0,0.006944444444444444,0.046296296296296294
2181.0,0.0002948324545286596,0.0,0.0,0.0,0.003472222222222222,0.02456937121072163
2182.0,0.00026850143331103027,0.0,0.0,0.0,0.006944444444444444,0.046296296296296294
2183.0,0.00029634730890393257,0.0,0.0,0.0,0.006944444444444444,0.046296296296296294
2184.0,0.00015638612967450172,0.0,0.0,0.0,0.005208333333333333,0.034722222222222224
2185.0,0.0002593783428892493,0.0,0.0,0.0,0.003472222222222222,0.023148148148148147
2186.0,0.00028839861624874175,0.0,0.0,0.0,0.005208333333333333,0.034722222222222224
2187.0,6.227871926967055e-05,0.0,0.0,0.0,0.001736111111111111,0.011574074074074073
2188.0,0.0,0.0,0.0,0.0,0.0,0.0
2189.0,0.0,0.0,0.0,0.0,0.0,0.0
2190.0,0.0,0.0,0.0,0.0,0.0,0.0
2191.0,0.0,0.0,0.0,0.0,0.0,0.0
2192.0,0.0,0.0,0.0,0.0,0.0,0.0
2193.0,0.0,0.0,0.0,0.0,0.0,0.0
2194.0,2.1956734599370975e-06,0.0,0.0,0.0,0.0,0.00018297278832809147
2195.0,5.106182854319741e-08,0.0,0.0,0.0,0.0,4.255152378599784e-06
2196.0,0.0,0.0,0.0,0.0,0.0,0.0
2197.0,0.0,0.0,0.0,0.0,0.0,0.0
2198.0,0.0,0.0,0.0,0.0,0.0,0.0
2199.0,0.0,0.0,0.0,0.0,0.0,0.0
2200.0,0.0,0.0,0.0,0.0,0.0,0.0
2201.0,0.0,0.0,0.0,0.0,0.0,0.0
2202.0,0.0,0.0,0.0,0.0,0.0,0.0
2203.0,0.0,0.0,0.0,0.0,0.0,0.0
2204.0,0.0,0.0,0.0,0.0,0.0,0.0
2205.0,0.0,0.0,0.0,0.0,0.0,0.0
2206.0,0.0,0.0,0.0,0.0,0.0,0.0
2207.0,0.0,0.0,0.0,0.0,0.0,0.0
2208.0,0.0,0.0,0.0,0.0,0.0,0.0
2209.0,0.0,0.0,0.0,0.0,0.0,0.0
2210.0,0.0,0.0,0.0,0.0,0.0,0.0
2211.0,0.0,0.0,0.0,0.0,0.0,0.0
2212.0,0.0,0.0,0.0,0.0,0.0,0.0
2213.0,0.0,0.0,0.0,0.0,0.0,0.0
2214.0,0.0,0.0,0.0,0.0,0.0,0.0
2215.0,0.0,0.0,0.0,0.0,0.0,0.0
2216.0,0.0,0.0,0.0,0.0,0.0,0.0
2217.0,0.0,0.0,0.0,0.0,0.0,0.0
2218.0,0.0,0.0,0.0,0.0,0.0,0.0
2219.0,5.106182854319741e-08,0.0,0.0,0.0,0.0,4.255152378599784e-06
2220.0,5.106182854319741e-08,0.0,0.0,0.0,0.0,4.255152378599784e-06
2221.0,0.0,0.0,0.0,0.0,0.0,0.0
2222.0,0.0,0.0,0.0,0.0,0.0,0.0
2223.0,0.0,0.0,0.0,0.0,0.0,0.0
2224.0,0.0,0.0,0.0,0.0,0.0,0.0
2225.0,0.0,0.0,0.0,0.0,0.0,0.0
2226.0,0.0,0.0,0.0,0.0,0.0,0.0
2227.0,0.0,0.0,0.0,0.0,0.0,0.0
2228.0,0.0,0.0,0.0,0.0,0.0,0.0
2229.0,0.0,0.0,0.0,0.0,0.0,0.0
2230.0,0.0,0.0,0.0,0.0,0.0,0.0
2231.0,0.0,0.0,0.0,0.0,0.0,0.0
2232.0,0.0003655364562291652,0.0,0.0,0.0,0.008680555555555556,0.05787037037037038
2233.0,0.00029505373095162213,0.0,0.0,0.0,0.006944444444444444,0.046296296296296294
2234.0,0.0004392871051095426,0.0,0.0,0.0,0.008680555555555556,0.05787037037037038
2235.0,0.0002684333885554224,0.0,0.0,0.0,0.006944444444444444,0.046296296296296294
2236.0,0.0003363459254615009,0.0,0.0,0.0,0.008680555555555556,0.05787037037037038
2237.0,2.903731001424603e-05,0.0,0.0,0.0,0.0,0.0024197758345205025
2238.0,0.0,0.0,0.0,0.0,0.0,0.0
2239.0,0.0003516645811032504,0.0,0.0,0.0,0.008680555555555556,0.05787037037037038
2240.0,0.0,0.0,0.0,0.0,0.0,0.0
2241.0,0.0,0.0,0.0,0.0,0.0,0.0
2242.0,0.0001937295455718413,0.0,0.0,0.0,0.006944444444444444,0.046296296296296294
2243.0,0.00016886231605894864,0.0,0.0,0.0,0.001736111111111111,0.014071859671579052
2244.0,0.0003170955169480294,0.0,0.0,0.0,0.006944444444444444,0.046296296296296294
2245.0,0.00019997614435851574,0.0,0.0,0.0,0.003472222222222222,0.023148148148148147
2246.0,0.00045683543430641294,0.0,0.0,0.0,0.005208333333333333,0.038069619525534414
2247.0,0.00020838435739278793,0.0,0.0,0.0,0.0,0.017365363116065662
2248.0,0.00024252789444290102,0.0,0.0,0.0,0.001736111111111111,0.02021065787024175
2249.0,0.00027100348961539567,0.0,0.0,0.0,0.008680555555555556,0.05787037037037038
2250.0,9.330745524493977e-05,0.0,0.0,0.0,0.0,0.007775621270411648
2251.0,0.0002801095542963594,0.0,0.0,0.0,0.005208333333333333,0.034722222222222224
2252.0,0.0,0.0,0.0,0.0,0.0,0.0
2253.0,1.6799443983472884e-05,0.0,0.0,0.0,0.0,0.001399953665289407
2254.0,0.0,0.0,0.0,0.0,0.0,0.0
2255.0,0.0,0.0,0.0,0.0,0.0,0.0
2256.0,0.0,0.0,0.0,0.0,0.0,0.0
2257.0,0.0,0.0,0.0,0.0,0.0,0.0
2258.0,0.0,0.0,0.0,0.0,0.0,0.0
2259.0,0.0,0.0,0.0,0.0,0.0,0.0
2260.0,0.0,0.0,0.0,0.0,0.0,0.0
2261.0,0.0,0.0,0.0,0.0,0.0,0.0
2262.0,0.0,0.0,0.0,0.0,0.0,0.0
2263.0,0.0,0.0,0.0,0.0,0.0,0.0
2264.0,0.0,0.0,0.0,0.0,0.0,0.0
2265.0,0.0,0.0,0.0,0.0,0.0,0.0
2266.0,0.00027204176876693964,0.0,0.0,0.0,0.010416666666666666,0.06944444444444445
2267.0,0.0001184299835585989,0.0,0.0,0.0,0.0,0.009869165296549909
2268.0,0.0001706835173536092,0.0,0.0,0.0,0.003472222222222222,0.023148148148148147
2269.0,0.00017199409194290638,0.0,0.0,0.0,0.003472222222222222,0.023148148148148147
2270.0,0.00015650526620447636,0.0,0.0,0.0,0.003472222222222222,0.023148148148148147
2271.0,0.0001891850115498528,0.0,0.0,0.0,0.001736111111111111,0.0157654176291544
2272.0,0.00014843748067505658,0.0,0.0,0.0,0.001736111111111111,0.012369790056254715
2273.0,0.00019013819110114127,0.0,0.0,0.0,0.006944444444444444,0.046296296296296294
2274.0,0.0001520288351457566,0.0,0.0,0.0,0.006944444444444444,0.046296296296296294
2275.0,8.925652218749747e-05,0.0,0.0,0.0,0.0,0.007438043515624789
2276.0,0.0,0.0,0.0,0.0,0.0,0.0
2277.0,0.0,0.0,0.0,0.0,0.0,0.0
2278.0,9.378408321936149e-06,0.0,0.0,0.0,0.0,0.0007815340268280124
2279.0,0.0,0.0,0.0,0.0,0.0,0.0
2280.0,0.0,0.0,0.0,0.0,0.0,0.0
2281.0,0.0,0.0,0.0,0.0,0.0,0.0
2282.0,0.0,0.0,0.0,0.0,0.0,0.0
2283.0,0.0,0.0,0.0,0.0,0.0,0.0
2284.0,0.0,0.0,0.0,0.0,0.0,0.0
2285.0,0.0,0.0,0.0,0.0,0.0,0.0
2286.0,0.0,0.0,0.0,0.0,0.0,0.0
2287.0,0.0,0.0,0.0,0.0,0.0,0.0
2288.0,0.0,0.0,0.0,0.0,0.0,0.0
2289.0,0.0,0.0,0.0,0.0,0.0,0.0
2290.0,0.0,0.0,0.0,0.0,0.0,0.0
2291.0,0.0,0.0,0.0,0.0,0.0,0.0
2292.0,0.0,0.0,0.0,0.0,0.0,0.0
2293.0,0.0,0.0,0.0,0.0,0.0,0.0
2294.0,2.553097999680176e-07,0.0,0.0,0.0,0.0,2.1275816664001468e-05
2295.0,2.553097999680176e-07,0.0,0.0,0.0,0.0,2.1275816664001468e-05
2296.0,0.0,0.0,0.0,0.0,0.0,0.0
2297.0,0.0,0.0,0.0,0.0,0.0,0.0
2298.0,0.0,0.0,0.0,0.0,0.0,0.0
2299.0,0.0,0.0,0.0,0.0,0.0,0.0
2300.0,0.0,0.0,0.0,0.0,0.0,0.0
2301.0,0.0,0.0,0.0,0.0,0.0,0.0
2302.0,0.0,0.0,0.0,0.0,0.0,0.0
2303.0,0.0,0.0,0.0,0.0,0.0,0.0
2304.0,0.0,0.0,0.0,0.0,0.0,0.0
2305.0,0.0,0.0,0.0,0.0,0.0,0.0
2306.0,0.0,0.0,0.0,0.0,0.0,0.0
2307.0,0.0,0.0,0.0,0.0,0.0,0.0
2308.0,0.0,0.0,0.0,0.0,0.0,0.0
2309.0,0.0,0.0,0.0,0.0,0.0,0.0
2310.0,0.0,0.0,0.0,0.0,0.0,0.0
2311.0,0.0,0.0,0.0,0.0,0.0,0.0
2312.0,0.0,0.0,0.0,0.0,0.0,0.0
2313.0,0.00029491755412891507,0.0,0.0,0.0,0.001736111111111111,0.024576462844076257
2314.0,0.00021864785230718553,0.0,0.0,0.0,0.005208333333333333,0.034722222222222224
2315.0,0.0,0.0,0.0,0.0,0.0,0.0
2316.0,0.0,0.0,0.0,0.0,0.0,0.0
2317.0,0.00032899295911192894,0.0,0.0,0.0,0.006944444444444444,0.046296296296296294
2318.0,0.0003050278755836189,0.0,0.0,0.0,0.006944444444444444,0.046296296296296294
2319.0,0.0003016577393282205,0.0,0.0,0.0,0.006944444444444444,0.046296296296296294
2320.0,2.056099401670508e-05,0.0,0.0,0.0,0.003472222222222222,0.023148148148148147
2321.0,0.0,0.0,0.0,0.0,0.0,0.0
2322.0,0.0,0.0,0.0,0.0,0.0,0.0
2323.0,0.0,0.0,0.0,0.0,0.0,0.0
2324.0,0.0,0.0,0.0,0.0,0.0,0.0
2325.0,0.0,0.0,0.0,0.0,0.0,0.0
2326.0,0.0,0.0,0.0,0.0,0.0,0.0
2327.0,0.0,0.0,0.0,0.0,0.0,0.0
2328.0,1.0723013019742211e-06,0.0,0.0,0.0,0.0,8.935844183118509e-05
2329.0,0.0,0.0,0.0,0.0,0.0,0.0
2330.0,0.0,0.0,0.0,0.0,0.0,0.0
2331.0,0.0,0.0,0.0,0.0,0.0,0.0
2332.0,0.0,0.0,0.0,0.0,0.0,0.0
2333.0,0.0,0.0,0.0,0.0,0.0,0.0
2334.0,0.0,0.0,0.0,0.0,0.0,0.0
2335.0,0.0,0.0,0.0,0.0,0.0,0.0
2336.0,0.0,0.0,0.0,0.0,0.0,0.0
2337.0,0.0,0.0,0.0,0.0,0.0,0.0
2338.0,0.0,0.0,0.0,0.0,0.0,0.0
2339.0,0.0,0.0,0.0,0.0,0.0,0.0
2340.0,0.0,0.0,0.0,0.0,0.0,0.0
2341.0,0.0,0.0,0.0,0.0,0.0,0.0
2342.0,0.0,0.0,0.0,0.0,0.0,0.0
2343.0,0.0,0.0,0.0,0.0,0.0,0.0
2344.0,3.0637187364845886e-07,0.0,0.0,0.0,0.0,2.5530989470704906e-05
2345.0,3.0637187364845886e-07,0.0,0.0,0.0,0.0,2.5530989470704906e-05
2346.0,0.0,0.0,0.0,0.0,0.0,0.0
2347.0,0.0,0.0,0.0,0.0,0.0,0.0
2348.0,0.0,0.0,0.0,0.0,0.0,0.0
2349.0,0.0,0.0,0.0,0.0,0.0,0.0
2350.0,0.0,0.0,0.0,0.0,0.0,0.0
2351.0,0.0,0.0,0.0,0.0,0.0,0.0
2352.0,0.0,0.0,0.0,0.0,0.0,0.0
2353.0,0.0,0.0,0.0,0.0,0.0,0.0
2354.0,0.0,0.0,0.0,0.0,0.0,0.0
2355.0,0.0,0.0,0.0,0.0,0.0,0.0
2356.0,0.0,0.0,0.0,0.0,0.0,0.0
2357.0,0.05663592368364334,0.026562605053186417,0.3913913667201996,0.004356056917458773,0.4236111111111111,4.719660306970279
2358.0,0.0,0.0,0.0,0.0,0.0,0.0
2359.0,0.0,0.0,0.0,0.0,0.0,0.0
2360.0,0.0,0.0,0.0,0.0,0.0,0.0
2361.0,0.0,0.0,0.0,0.0,0.0,0.0
2362.0,0.0,0.0,0.0,0.0,0.0,0.0
2363.0,0.0,0.0,0.0,0.0,0.0,0.0
2364.0,0.0,0.0,0.0,0.0,0.0,0.0
2365.0,1.7020436615666767e-08,0.0,0.0,0.0,0.0,1.4183697179722306e-06
2366.0,1.7020436615666767e-08,0.0,0.0,0.0,0.0,1.4183697179722306e-06
2367.0,0.0,0.0,0.0,0.0,0.0,0.0
2368.0,0.0,0.0,0.0,0.0,0.0,0.0
2369.0,0.0,0.0,0.0,0.0,0.0,0.0
2370.0,0.0,0.0,0.0,0.0,0.0,0.0
2371.0,0.0,0.0,0.0,0.0,0.0,0.0
2372.0,0.0,0.0,0.0,0.0,0.0,0.0
2373.0,5.045747002441203e-06,1.4463786328633432e-06,1.557855102873873e-05,0.0,0.0,0.00042047891687010025
2374.0,5.045747002441203e-06,1.4463786328633432e-06,1.557855102873873e-05,0.0,0.0,0.00042047891687010025
2375.0,0.0,0.0,0.0,0.0,0.0,0.0
2376.0,0.0,0.0,0.0,0.0,0.0,0.0
2377.0,1.4825022844888736e-05,0.0,0.0,0.0,0.0,0.0012354185704073946
2378.0,2.149713873222936e-05,0.0,0.0,0.0,0.0,0.0017914282276857798
2379.0,1.7650459994911216e-05,0.0,0.0,0.0,0.0,0.0014708716662426013
2380.0,0.0,0.0,0.0,0.0,0.0,0.0
2381.0,0.0,0.0,0.0,0.0,0.0,0.0
2382.0,2.6382065243524266e-06,0.0,0.0,0.0,0.0,0.00021985054369603554
2383.0,0.0,0.0,0.0,0.0,0.0,0.0
2384.0,0.0,0.0,0.0,0.0,0.0,0.0
2385.0,0.0,0.0,0.0,0.0,0.0,0.0
2386.0,0.0,0.0,0.0,0.0,0.0,0.0
2387.0,0.0,0.0,0.0,0.0,0.0,0.0
2388.0,0.0,0.0,0.0,0.0,0.0,0.0
2389.0,1.6476029486511834e-05,0.0,0.0,0.0,0.0,0.0013730024572093196
2390.0,4.832175181945786e-05,0.0,0.0,0.0,0.0,0.004026812651621488
2391.0,0.0001955337356775999,0.0,0.0,0.0,0.0,0.016294477973133326
2392.0,0.0,0.0,0.0,0.0,0.0,0.0
2393.0,0.0,0.0,0.0,0.0,0.0,0.0
2394.0,0.0,0.0,0.0,0.0,0.0,0.0
2395.0,0.0,0.0,0.0,0.0,0.0,0.0
2396.0,0.0,0.0,0.0,0.0,0.0,0.0
2397.0,0.0007894538575783372,0.0,0.0,0.0,0.017361111111111112,0.11574074074074076
2398.0,1.5479437934118323e-05,1.4463786328633432e-06,1.557855102873873e-05,0.0,0.0,0.001289953161176527
2399.0,0.00011217399878660217,1.4463786328633432e-06,1.557855102873873e-05,0.0,0.001736111111111111,0.011574074074074073
2400.0,0.00019978890486527234,0.0,0.0,0.0,0.001736111111111111,0.016649075405439362
2401.0,0.0,0.0,0.0,0.0,0.0,0.0
2402.0,0.0,0.0,0.0,0.0,0.0,0.0
2403.0,0.0,0.0,0.0,0.0,0.0,0.0
2404.0,0.0,0.0,0.0,0.0,0.0,0.0
2405.0,0.0001473141019232571,0.0,0.0,0.0,0.006944444444444444,0.046296296296296294
2406.0,0.00017029202717822045,0.0,0.0,0.0,0.003472222222222222,0.023148148148148147
2407.0,0.00017207923519890755,0.0,0.0,0.0,0.001736111111111111,0.014339936266575629
2408.0,0.00022028182866051793,0.0,0.0,0.0,0.001736111111111111,0.01835681905504316
2409.0,5.5572567362105474e-05,0.0,0.0,0.0,0.001736111111111111,0.011574074074074073
2410.0,0.00012517019058577716,0.0,0.0,0.0,0.003472222222222222,0.023148148148148147
2411.0,0.0,0.0,0.0,0.0,0.0,0.0
2412.0,0.0,0.0,0.0,0.0,0.0,0.0
2413.0,0.0,0.0,0.0,0.0,0.0,0.0
2414.0,0.0,0.0,0.0,0.0,0.0,0.0
2415.0,5.633859927911544e-06,0.0,0.0,0.0,0.0,0.000469488327325962
2416.0,1.7020436615666767e-08,0.0,0.0,0.0,0.0,1.4183697179722306e-06
2417.0,0.0,0.0,0.0,0.0,0.0,0.0
2418.0,0.0,0.0,0.0,0.0,0.0,0.0
2419.0,0.0,0.0,0.0,0.0,0.0,0.0
2420.0,0.0,0.0,0.0,0.0,0.0,0.0
2421.0,0.0,0.0,0.0,0.0,0.0,0.0
2422.0,0.0,0.0,0.0,0.0,0.0,0.0
2423.0,5.4372217164200265e-06,1.4463786328633432e-06,1.557855102873873e-05,0.0,0.0,0.00045310180970166886
2424.0,5.4372217164200265e-06,1.4463786328633432e-06,1.557855102873873e-05,0.0,0.0,0.00045310180970166886
2425.0,0.0,0.0,0.0,0.0,0.0,0.0
2426.0,0.0,0.0,0.0,0.0,0.0,0.0
2427.0,0.0,0.0,0.0,0.0,0.0,0.0
2428.0,0.0,0.0,0.0,0.0,0.0,0.0
2429.0,0.0,0.0,0.0,0.0,0.0,0.0
2430.0,0.0,0.0,0.0,0.0,0.0,0.0
2431.0,0.0,0.0,0.0,0.0,0.0,0.0
2432.0,0.0,0.0,0.0,0.0,0.0,0.0
2433.0,0.0,0.0,0.0,0.0,0.0,0.0
2434.0,0.0,0.0,0.0,0.0,0.0,0.0
2435.0,0.0,0.0,0.0,0.0,0.0,0.0
2436.0,0.0,0.0,0.0,0.0,0.0,0.0
2437.0,0.0,0.0,0.0,0.0,0.0,0.0
2438.0,0.0,0.0,0.0,0.0,0.0,0.0
2439.0,0.0,0.0,0.0,0.0,0.0,0.0
2440.0,1.7020436615666767e-08,0.0,0.0,0.0,0.0,1.4183697179722306e-06
2441.0,1.7020436615666767e-08,0.0,0.0,0.0,0.0,1.4183697179722306e-06
2442.0,0.0,0.0,0.0,0.0,0.0,0.0
2443.0,0.0,0.0,0.0,0.0,0.0,0.0
2444.0,0.0,0.0,0.0,0.0,0.0,0.0
2445.0,0.0,0.0,0.0,0.0,0.0,0.0
2446.0,0.0,0.0,0.0,0.0,0.0,0.0
2447.0,0.0,0.0,0.0,0.0,0.0,0.0
2448.0,5.4372217164200265e-06,1.4463786328633432e-06,1.557855102873873e-05,0.0,0.0,0.00045310180970166886
2449.0,5.4372217164200265e-06,1.4463786328633432e-06,1.557855102873873e-05,0.0,0.0,0.00045310180970166886
2450.0,0.0,0.0,0.0,0.0,0.0,0.0
2451.0,0.0,0.0,0.0,0.0,0.0,0.0
2452.0,0.0,0.0,0.0,0.0,0.0,0.0
2453.0,0.002294372534379363,0.0,0.0,0.0,0.03993055555555555,0.2662037037037037
2454.0,0.0,0.0,0.0,0.0,0.0,0.0
2455.0,0.0,0.0,0.0,0.0,0.0,0.0
2456.0,0.0,0.0,0.0,0.0,0.0,0.0
2457.0,4.663669187721098e-06,0.0,0.0,0.0,0.0,0.00038863909897675814
2458.0,0.0,0.0,0.0,0.0,0.0,0.0
2459.0,0.0,0.0,0.0,0.0,0.0,0.0
2460.0,0.0,0.0,0.0,0.0,0.0,0.0
2461.0,0.0,0.0,0.0,0.0,0.0,0.0
2462.0,0.0,0.0,0.0,0.0,0.0,0.0
2463.0,0.00018317671492695808,0.0,0.0,0.0,0.006944444444444444,0.046296296296296294
2464.0,0.00010455812298459932,0.0,0.0,0.0,0.001736111111111111,0.011574074074074073
2465.0,0.00027770965243689716,0.0,0.0,0.0,0.006944444444444444,0.046296296296296294
2466.0,0.00027148009394295514,0.0,0.0,0.0,0.001736111111111111,0.02262334116191293
2467.0,0.000281113781966269,0.0,0.0,0.0,0.006944444444444444,0.046296296296296294
2468.0,0.0,0.0,0.0,0.0,0.0,0.0
2469.0,0.0,0.0,0.0,0.0,0.0,0.0
2470.0,0.0,0.0,0.0,0.0,0.0,0.0
2471.0,0.0,0.0,0.0,0.0,0.0,0.0
2472.0,0.0,0.0,0.0,0.0,0.0,0.0
2473.0,1.3590146409114823e-05,1.4463786328633432e-06,1.557855102873873e-05,0.0,0.0,0.0011325122007595685
2474.0,5.437220352177974e-06,1.4463786328633432e-06,1.557855102873873e-05,0.0,0.0,0.00045310169601483113
2475.0,0.0,0.0,0.0,0.0,0.0,0.0
2476.0,0.0,0.0,0.0,0.0,0.0,0.0
2477.0,0.0,0.0,0.0,0.0,0.0,0.0
2478.0,0.0,0.0,0.0,0.0,0.0,0.0
2479.0,0.0,0.0,0.0,0.0,0.0,0.0
2480.0,0.0,0.0,0.0,0.0,0.0,0.0
2481.0,0.0,0.0,0.0,0.0,0.0,0.0
2482.0,0.0,0.0,0.0,0.0,0.0,0.0
2483.0,0.0,0.0,0.0,0.0,0.0,0.0
2484.0,0.0,0.0,0.0,0.0,0.0,0.0
2485.0,0.0,0.0,0.0,0.0,0.0,0.0
2486.0,0.0,0.0,0.0,0.0,0.0,0.0
2487.0,0.0,0.0,0.0,0.0,0.0,0.0
2488.0,0.0,0.0,0.0,0.0,0.0,0.0
2489.0,0.0,0.0,0.0,0.0,0.0,0.0
2490.0,1.7020436615666767e-08,0.0,0.0,0.0,0.0,1.4183697179722306e-06
2491.0,1.7020436615666767e-08,0.0,0.0,0.0,0.0,1.4183697179722306e-06
2492.0,0.0,0.0,0.0,0.0,0.0,0.0
2493.0,0.0,0.0,0.0,0.0,0.0,0.0
2494.0,0.0,0.0,0.0,0.0,0.0,0.0
2495.0,0.0,0.0,0.0,0.0,0.0,0.0
2496.0,0.0,0.0,0.0,0.0,0.0,0.0
2497.0,0.0,0.0,0.0,0.0,0.0,0.0
2498.0,5.437220352177974e-06,1.4463786328633432e-06,1.557855102873873e-05,0.0,0.0,0.00045310169601483113
2499.0,5.437220352177974e-06,1.4463786328633432e-06,1.557855102873873e-05,0.0,0.0,0.00045310169601483113
2500.0,0.0,0.0,0.0,0.0,0.0,0.0
2501.0,0.0,0.0,0.0,0.0,0.0,0.0
2502.0,0.0,0.0,0.0,0.0,0.0,0.0
2503.0,0.00013589322043117136,0.0,0.0,0.0,0.005208333333333333,0.034722222222222224
2504.0,0.0003876123228110373,0.0,0.0,0.0,0.006944444444444444,0.046296296296296294
2505.0,9.834557567955926e-05,0.0,0.0,0.0,0.001736111111111111,0.011574074074074073
2506.0,0.00026952268672175705,0.0,0.0,0.0,0.006944444444444444,0.046296296296296294
2507.0,0.00024045137979555875,0.0,0.0,0.0,0.003472222222222222,0.023148148148148147
2508.0,0.000246459647314623,0.0,0.0,0.0,0.005208333333333333,0.034722222222222224
2509.0,0.0,0.0,0.0,0.0,0.0,0.0
2510.0,0.0,0.0,0.0,0.0,0.0,0.0
2511.0,0.0,0.0,0.0,0.0,0.0,0.0
2512.0,0.0,0.0,0.0,0.0,0.0,0.0
2513.0,0.0,0.0,0.0,0.0,0.0,0.0
2514.0,0.0,0.0,0.0,0.0,0.0,0.0
2515.0,4.6466648200294e-06,0.0,0.0,0.0,0.0,0.0003872220683357834
2516.0,1.7020436615666767e-08,0.0,0.0,0.0,0.0,1.4183697179722306e-06
2517.0,0.0,0.0,0.0,0.0,0.0,0.0
2518.0,0.0,0.0,0.0,0.0,0.0,0.0
2519.0,0.0,0.0,0.0,0.0,0.0,0.0
2520.0,0.0,0.0,0.0,0.0,0.0,0.0
2521.0,0.0,0.0,0.0,0.0,0.0,0.0
2522.0,0.0,0.0,0.0,0.0,0.0,0.0
2523.0,5.709551714971894e-06,1.4463786328633432e-06,1.557855102873873e-05,0.0,0.0,0.00047579597624765785
2524.0,5.709551714971894e-06,1.4463786328633432e-06,1.557855102873873e-05,0.0,0.0,0.00047579597624765785
2525.0,0.0,0.0,0.0,0.0,0.0,0.0
2526.0,0.00029912166064605117,0.0,0.0,0.0,0.006944444444444444,0.046296296296296294
2527.0,0.0003195635217707604,0.0,0.0,0.0,0.005208333333333333,0.034722222222222224
2528.0,0.00018545746570453048,0.0,0.0,0.0,0.003472222222222222,0.023148148148148147
2529.0,0.00021349056623876095,0.0,0.0,0.0,0.003472222222222222,0.023148148148148147
2530.0,0.0002945941814687103,0.0,0.0,0.0,0.006944444444444444,0.046296296296296294
2531.0,6.808304675587351e-08,0.0,0.0,0.0,0.0,5.673587229656126e-06
2532.0,1.3174045307096094e-05,0.0,0.0,0.0,0.0,0.0010978371089246746
2533.0,0.0,0.0,0.0,0.0,0.0,0.0
2534.0,0.0,0.0,0.0,0.0,0.0,0.0
2535.0,0.0,0.0,0.0,0.0,0.0,0.0
2536.0,0.0,0.0,0.0,0.0,0.0,0.0
2537.0,0.0,0.0,0.0,0.0,0.0,0.0
2538.0,0.0,0.0,0.0,0.0,0.0,0.0
2539.0,0.0,0.0,0.0,0.0,0.0,0.0
2540.0,1.7020436615666767e-08,0.0,0.0,0.0,0.0,1.4183697179722306e-06
2541.0,0.0037916998844593763,0.0,0.0,0.0,0.0798611111111111,0.5324074074074074
2542.0,0.0,0.0,0.0,0.0,0.0,0.0
2543.0,0.0,0.0,0.0,0.0,0.0,0.0
2544.0,0.0,0.0,0.0,0.0,0.0,0.0
2545.0,1.7020436615666767e-08,0.0,0.0,0.0,0.0,1.4183697179722306e-06
2546.0,0.0430867075920105,0.027399811893701553,0.0,0.0007996438653208315,0.2204861111111111,3.5905589660008745
2547.0,0.0,0.0,0.0,0.0,0.0,0.0
2548.0,0.0,0.0,0.0,0.0,0.0,0.0
2549.0,0.0,0.0,0.0,0.0,0.0,0.0
2550.0,0.0,0.0,0.0,0.0,0.0,0.0
2551.0,0.0,0.0,0.0,0.0,0.0,0.0
2552.0,0.0,0.0,0.0,0.0,0.0,0.0
2553.0,0.0,0.0,0.0,0.0,0.0,0.0
2554.0,0.0,0.0,0.0,0.0,0.0,0.0
2555.0,0.0,0.0,0.0,0.0,0.0,0.0
2556.0,0.0,0.0,0.0,0.0,0.0,0.0
2557.0,0.0,0.0,0.0,0.0,0.0,0.0
2558.0,0.0,0.0,0.0,0.0,0.0,0.0
2559.0,0.0,0.0,0.0,0.0,0.0,0.0
2560.0,0.0,0.0,0.0,0.0,0.0,0.0
2561.0,0.0,0.0,0.0,0.0,0.0,0.0
2562.0,1.531866473669652e-07,5.502882913788198e-07,0.0,0.0,0.0,1.3757207284470496e-05
2563.0,1.531866473669652e-07,5.502882913788198e-07,0.0,0.0,0.0,1.3757207284470496e-05
2564.0,0.0,0.0,0.0,0.0,0.0,0.0
2565.0,0.0,0.0,0.0,0.0,0.0,0.0
2566.0,0.0,0.0,0.0,0.0,0.0,0.0
2567.0,0.0,0.0,0.0,0.0,0.0,0.0
2568.0,0.0,0.0,0.0,0.0,0.0,0.0
2569.0,0.0,0.0,0.0,0.0,0.0,0.0
2570.0,0.0,0.0,0.0,0.0,0.0,0.0
2571.0,0.0,0.0,0.0,0.0,0.0,0.0
2572.0,0.0,0.0,0.0,0.0,0.0,0.0
2573.0,0.0,0.0,0.0,0.0,0.0,0.0
2574.0,0.0,0.0,0.0,0.0,0.0,0.0
2575.0,0.00011349399574100971,0.0,0.0,0.0,0.0,0.009457832978417477
2576.0,9.877108823275194e-05,0.0,0.0,0.0,0.0,0.008230924019395994
2577.0,0.0,0.0,0.0,0.0,0.0,0.0
2578.0,0.0,0.0,0.0,0.0,0.0,0.0
2579.0,3.88073431167868e-06,0.0,0.0,0.0,0.0,0.0003233945259732233
2580.0,0.0,0.0,0.0,0.0,0.0,0.0
2581.0,0.0,0.0,0.0,0.0,0.0,0.0
2582.0,0.0,0.0,0.0,0.0,0.0,0.0
2583.0,0.0,0.0,0.0,0.0,0.0,0.0
2584.0,0.0,0.0,0.0,0.0,0.0,0.0
2585.0,0.0,0.0,0.0,0.0,0.0,0.0
2586.0,0.0,0.0,0.0,0.0,0.0,0.0
2587.0,1.531866473669652e-07,5.502882913788198e-07,0.0,0.0,0.0,1.3757207284470496e-05
2588.0,1.531866473669652e-07,5.502882913788198e-07,0.0,0.0,0.0,1.3757207284470496e-05
2589.0,0.0,0.0,0.0,0.0,0.0,0.0
2590.0,0.0,0.0,0.0,0.0,0.0,0.0
2591.0,0.0,0.0,0.0,0.0,0.0,0.0
2592.0,0.0,0.0,0.0,0.0,0.0,0.0
2593.0,0.0,0.0,0.0,0.0,0.0,0.0
2594.0,0.0,0.0,0.0,0.0,0.0,0.0
2595.0,0.0,0.0,0.0,0.0,0.0,0.0
2596.0,0.0,0.0,0.0,0.0,0.0,0.0
2597.0,0.0,0.0,0.0,0.0,0.0,0.0
2598.0,0.0,0.0,0.0,0.0,0.0,0.0
2599.0,0.0,0.0,0.0,0.0,0.0,0.0
2600.0,0.0,0.0,0.0,0.0,0.0,0.0
2601.0,0.0,0.0,0.0,0.0,0.0,0.0
2602.0,0.00015686271945014596,0.0,0.0,0.0,0.001736111111111111,0.013071893287512163
2603.0,0.0,0.0,0.0,0.0,0.0,0.0
2604.0,5.276430783851538e-06,0.0,0.0,0.0,0.0,0.00043970256532096147
2605.0,0.00014602052397094667,0.0,0.0,0.0,0.001736111111111111,0.012168376997578889
2606.0,7.012525020400062e-05,0.0,0.0,0.0,0.0,0.005843770850333385
2607.0,0.00012685524416156113,0.0,0.0,0.0,0.0,0.01057127034679676
2608.0,0.0,0.0,0.0,0.0,0.0,0.0
2609.0,0.000709779909811914,0.0,0.0,0.0,0.003472222222222222,0.0591483258176595
2610.0,0.0,0.0,0.0,0.0,0.0,0.0
2611.0,0.0,0.0,0.0,0.0,0.0,0.0
2612.0,5.8381260714668315e-06,5.502882913788198e-07,0.0,0.0,0.0,0.00048651050595556927
2613.0,1.531866473669652e-07,5.502882913788198e-07,0.0,0.0,0.0,1.3757207284470496e-05
2614.0,0.0,0.0,0.0,0.0,0.0,0.0
2615.0,0.0,0.0,0.0,0.0,0.0,0.0
2616.0,0.0,0.0,0.0,0.0,0.0,0.0
2617.0,0.0,0.0,0.0,0.0,0.0,0.0
2618.0,0.0,0.0,0.0,0.0,0.0,0.0
2619.0,0.0,0.0,0.0,0.0,0.0,0.0
2620.0,0.0,0.0,0.0,0.0,0.0,0.0
2621.0,0.0,0.0,0.0,0.0,0.0,0.0
2622.0,0.0,0.0,0.0,0.0,0.0,0.0
2623.0,0.0,0.0,0.0,0.0,0.0,0.0
2624.0,0.0,0.0,0.0,0.0,0.0,0.0
2625.0,0.0,0.0,0.0,0.0,0.0,0.0
2626.0,0.00024909788044169545,0.0,0.0,0.0,0.0,0.020758156703474622
2627.0,0.00014053986524231732,0.00018093448306899518,0.0,0.0,0.001736111111111111,0.011711655436859777
2628.0,0.00019284445443190634,2.036063960986212e-05,0.0,0.0,0.001736111111111111,0.016070371202658862
2629.0,6.474673864431679e-05,1.8709739606492803e-06,0.0,0.0,0.001736111111111111,0.011574074074074073
2630.0,0.0,0.0,0.0,0.0,0.0,0.0
2631.0,0.0,0.0,0.0,0.0,0.0,0.0
2632.0,6.954654963919893e-05,0.0,0.0,0.0,0.001736111111111111,0.011574074074074073
2633.0,0.00016496455646120012,0.0,0.0,0.0,0.001736111111111111,0.013747046371766677
2634.0,0.00014019946684129536,0.0,0.0,0.0,0.001736111111111111,0.01168328890344128
2635.0,0.0001853553403634578,0.0,0.0,0.0,0.001736111111111111,0.015446278363621483
2636.0,0.00023240056179929525,0.0,0.0,0.0,0.003472222222222222,0.023148148148148147
2637.0,0.00018108314543496817,5.502882913788198e-07,0.0,0.0,0.003472222222222222,0.023148148148148147
2638.0,0.00012928918295074254,5.502882913788198e-07,0.0,0.0,0.001736111111111111,0.011574074074074073
2639.0,0.00040447976789437234,0.0,0.0,0.0,0.006944444444444444,0.046296296296296294
2640.0,1.3616536875815655e-07,0.0,0.0,0.0,0.0,1.1347114063179712e-05
2641.0,0.0,0.0,0.0,0.0,0.0,0.0
2642.0,0.0,0.0,0.0,0.0,0.0,0.0
2643.0,0.0,0.0,0.0,0.0,0.0,0.0
2644.0,0.0,0.0,0.0,0.0,0.0,0.0
2645.0,0.0,0.0,0.0,0.0,0.0,0.0
2646.0,5.855111794517143e-06,0.0,0.0,0.0,0.0,0.0004879259828764285
2647.0,0.0,0.0,0.0,0.0,0.0,0.0
2648.0,0.0,0.0,0.0,0.0,0.0,0.0
2649.0,0.0,0.0,0.0,0.0,0.0,0.0
2650.0,0.0,0.0,0.0,0.0,0.0,0.0
2651.0,0.0,0.0,0.0,0.0,0.0,0.0
2652.0,0.0,0.0,0.0,0.0,0.0,0.0
2653.0,0.0,0.0,0.0,0.0,0.0,0.0
2654.0,0.0,0.0,0.0,0.0,0.0,0.0
2655.0,0.0,0.0,0.0,0.0,0.0,0.0
2656.0,0.0,0.0,0.0,0.0,0.0,0.0
2657.0,0.0,0.0,0.0,0.0,0.0,0.0
2658.0,0.0,0.0,0.0,0.0,0.0,0.0
2659.0,0.0,0.0,0.0,0.0,0.0,0.0
2660.0,0.0,0.0,0.0,0.0,0.0,0.0
2661.0,0.0,0.0,0.0,0.0,0.0,0.0
2662.0,2.2126970122826606e-07,5.502882913788198e-07,0.0,0.0,0.0,1.843914176902217e-05
2663.0,2.2126970122826606e-07,5.502882913788198e-07,0.0,0.0,0.0,1.843914176902217e-05
2664.0,0.0,0.0,0.0,0.0,0.0,0.0
2665.0,0.0,0.0,0.0,0.0,0.0,0.0
2666.0,0.0,0.0,0.0,0.0,0.0,0.0
2667.0,0.0,0.0,0.0,0.0,0.0,0.0
2668.0,0.0,0.0,0.0,0.0,0.0,0.0
2669.0,0.0,0.0,0.0,0.0,0.0,0.0
2670.0,8.876291394699365e-05,0.0,0.0,0.0,0.0,0.007396909495582804
2671.0,3.5879620554624125e-05,0.0,0.0,0.0,0.0,0.0029899683795520104
2672.0,0.0,0.0,0.0,0.0,0.0,0.0
2673.0,0.0,0.0,0.0,0.0,0.0,0.0
2674.0,0.0,0.0,0.0,0.0,0.0,0.0
2675.0,0.0001509565336164087,0.0,0.0,0.0,0.0,0.012579711134700725
2676.0,0.0,0.0,0.0,0.0,0.0,0.0
2677.0,0.00027108858921565115,0.0,0.0,0.0,0.001736111111111111,0.02259071576797093
2678.0,0.000138327173772268,0.0,0.0,0.0,0.005208333333333333,0.034722222222222224
2679.0,2.467996637278702e-06,0.0,0.0,0.0,0.0,0.00020566638643989185
2680.0,1.3054869668849278e-05,0.0,0.0,0.0,0.001736111111111111,0.011574074074074073
2681.0,8.832039020489901e-05,0.0,0.0,0.0,0.001736111111111111,0.011574074074074073
2682.0,0.0,0.0,0.0,0.0,0.0,0.0
2683.0,0.0,0.0,0.0,0.0,0.0,0.0
2684.0,0.00015015655662864447,0.0,0.0,0.0,0.0,0.012513046385720372
2685.0,1.8671700672712177e-05,0.0,0.0,0.0,0.0,0.0015559750560593482
2686.0,0.00012283834803383797,0.0,0.0,0.0,0.003472222222222222,0.023148148148148147
2687.0,0.00018072572129312903,5.502882913788198e-07,0.0,0.0,0.001736111111111111,0.015060476774427418
2688.0,2.2126970122826606e-07,5.502882913788198e-07,0.0,0.0,0.0,1.843914176902217e-05
2689.0,0.0,0.0,0.0,0.0,0.0,0.0
2690.0,0.00011155362153658643,0.0,0.0,0.0,0.0,0.009296135128048869
2691.0,0.00017470039892941713,0.0,0.0,0.0,0.001736111111111111,0.014558366577451427
2692.0,0.00018717657076194882,0.0,0.0,0.0,0.0,0.015598047563495735
2693.0,0.0,0.0,0.0,0.0,0.0,0.0
2694.0,0.0,0.0,0.0,0.0,0.0,0.0
2695.0,0.0,0.0,0.0,0.0,0.0,0.0
2696.0,0.00016794318798929453,0.0,0.0,0.0,0.006944444444444444,0.046296296296296294
2697.0,0.000259480468230322,0.0,0.0,0.0,0.0,0.021623372352526832
2698.0,5.2866278565488756e-05,0.0,0.0,0.0,0.001736111111111111,0.011574074074074073
2699.0,0.00010474534792592749,0.0,0.0,0.0,0.001736111111111111,0.011574074074074073
2700.0,0.0,0.0,0.0,0.0,0.0,0.0
2701.0,0.0,0.0,0.0,0.0,0.0,0.0
2702.0,0.0,0.0,0.0,0.0,0.0,0.0
2703.0,0.0,0.0,0.0,0.0,0.0,0.0
2704.0,4.51048117611208e-06,0.0,0.0,0.0,0.0,0.0003758734313426733
2705.0,0.0,0.0,0.0,0.0,0.0,0.0
2706.0,0.0,0.0,0.0,0.0,0.0,0.0
2707.0,0.0,0.0,0.0,0.0,0.0,0.0
2708.0,0.0,0.0,0.0,0.0,0.0,0.0
2709.0,0.0,0.0,0.0,0.0,0.0,0.0
2710.0,0.0,0.0,0.0,0.0,0.0,0.0
2711.0,0.0,0.0,0.0,0.0,0.0,0.0
2712.0,2.2126970122826606e-07,5.502882913788198e-07,0.0,0.0,0.0,1.843914176902217e-05
2713.0,2.2126970122826606e-07,5.502882913788198e-07,0.0,0.0,0.0,1.843914176902217e-05
2714.0,0.0,0.0,0.0,0.0,0.0,0.0
2715.0,0.0,0.0,0.0,0.0,0.0,0.0
2716.0,0.0,0.0,0.0,0.0,0.0,0.0
2717.0,0.0,0.0,0.0,0.0,0.0,0.0
2718.0,0.002448069164529443,0.0002016252838075161,0.0,0.0,0.03125,0.20833333333333334
2719.0,0.0,0.0,0.0,0.0,0.0,0.0
2720.0,0.0,0.0,0.0,0.0,0.0,0.0
2721.0,4.544540843198774e-06,0.0,0.0,0.0,0.0,0.0003787117369332312
2722.0,0.0,0.0,0.0,0.0,0.0,0.0
2723.0,0.0,0.0,0.0,0.0,0.0,0.0
2724.0,0.0,0.0,0.0,0.0,0.0,0.0
2725.0,0.0,0.0,0.0,0.0,0.0,0.0
2726.0,0.0,0.0,0.0,0.0,0.0,0.0
2727.0,0.0,0.0,0.0,0.0,0.0,0.0
2728.0,0.0,0.0,0.0,0.0,0.0,0.0
2729.0,0.0,0.0,0.0,0.0,0.0,0.0
2730.0,0.0,0.0,0.0,0.0,0.0,0.0
2731.0,0.0,0.0,0.0,0.0,0.0,0.0
2732.0,0.0,0.0,0.0,0.0,0.0,0.0
2733.0,0.0,0.0,0.0,0.0,0.0,0.0
2734.0,0.0,0.0,0.0,0.0,0.0,0.0
2735.0,0.03896738588809967,0.026000909507274628,0.0,0.00039977405685931444,0.2638888888888889,3.247282157341639
2736.0,0.0,0.0,0.0,0.0,0.0,0.0
2737.0,0.0,0.0,0.0,0.0,0.0,0.0
2738.0,0.0,0.0,0.0,0.0,0.0,0.0
2739.0,0.0,0.0,0.0,0.0,0.0,0.0
2740.0,0.0,0.0,0.0,0.0,0.0,0.0
2741.0,0.0,0.0,0.0,0.0,0.0,0.0
2742.0,0.0,0.0,0.0,0.0,0.0,0.0
2743.0,4.425380950578983e-07,0.0,0.0,0.0,0.0,3.6878174588158195e-05
2744.0,4.425380950578983e-07,0.0,0.0,0.0,0.0,3.6878174588158195e-05
2745.0,0.0,0.0,0.0,0.0,0.0,0.0
2746.0,0.0,0.0,0.0,0.0,0.0,0.0
2747.0,0.0,0.0,0.0,0.0,0.0,0.0
2748.0,0.0,0.0,0.0,0.0,0.0,0.0
2749.0,0.0,0.0,0.0,0.0,0.0,0.0
2750.0,0.03896738588809967,0.026000909507274628,0.0,0.00039977405685931444,0.2638888888888889,3.247282157341639
2751.0,0.0,0.0,0.0,0.0,0.0,0.0
2752.0,0.0,0.0,0.0,0.0,0.0,0.0
2753.0,0.0,0.0,0.0,0.0,0.0,0.0
2754.0,0.0,0.0,0.0,0.0,0.0,0.0
2755.0,0.0,0.0,0.0,0.0,0.0,0.0
2756.0,0.0,0.0,0.0,0.0,0.0,0.0
2757.0,0.0,0.0,0.0,0.0,0.0,0.0
2758.0,0.0,0.0,0.0,0.0,0.0,0.0
2759.0,0.0,0.0,0.0,0.0,0.0,0.0
2760.0,0.0005592829547822475,0.0,0.0,0.0,0.017361111111111112,0.11574074074074076
2761.0,0.00022354978136718273,0.0,0.0,0.0,0.005208333333333333,0.034722222222222224
2762.0,0.0006084388005547225,0.0,0.0,0.0,0.008680555555555556,0.05787037037037038
2763.0,6.808355834664326e-08,0.0,0.0,0.0,0.0,5.673629862220271e-06
2764.0,7.157201616792008e-05,0.0,0.0,0.0,0.0,0.005964334680660007
2765.0,0.00012574889115057886,0.0,0.0,0.0,0.0,0.010479074262548238
2766.0,2.5688004825497046e-05,1.734670513542369e-05,3.405734241823666e-05,0.0,0.0,0.0021406670687914207
2767.0,1.0811884749273304e-05,1.734670513542369e-05,3.405734241823666e-05,0.0,0.0,0.0009009903957727753
2768.0,0.04055275022983551,0.026000909507274628,0.0,0.00039977405685931444,0.2951388888888889,3.3793958524862924
2769.0,2.7233164701101487e-07,0.0,0.0,0.0,0.0,2.2694303917584573e-05
2770.0,0.0,0.0,0.0,0.0,0.0,0.0
2771.0,0.0,0.0,0.0,0.0,0.0,0.0
2772.0,0.0,0.0,0.0,0.0,0.0,0.0
2773.0,0.0,0.0,0.0,0.0,0.0,0.0
2774.0,0.0,0.0,0.0,0.0,0.0,0.0
2775.0,0.0,0.0,0.0,0.0,0.0,0.0
2776.0,0.0,0.0,0.0,0.0,0.0,0.0
2777.0,0.0,0.0,0.0,0.0,0.0,0.0
2778.0,0.0,0.0,0.0,0.0,0.0,0.0
2779.0,0.0,0.0,0.0,0.0,0.0,0.0
2780.0,0.0,0.0,0.0,0.0,0.0,0.0
2781.0,0.0,0.0,0.0,0.0,0.0,0.0
2782.0,0.0,0.0,0.0,0.0,0.0,0.0
2783.0,0.0,0.0,0.0,0.0,0.0,0.0
2784.0,0.0,0.0,0.0,0.0,0.0,0.0
2785.0,0.0,0.0,0.0,0.0,0.0,0.0
2786.0,0.0,0.0,0.0,0.0,0.0,0.0
2787.0,0.0,0.0,0.0,0.0,0.0,0.0
2788.0,0.0,0.0,0.0,0.0,0.0,0.0
2789.0,0.0,0.0,0.0,0.0,0.0,0.0
2790.0,0.0,0.0,0.0,0.0,0.0,0.0
2791.0,0.0,0.0,0.0,0.0,0.0,0.0
2792.0,0.0,0.0,0.0,0.0,0.0,0.0
2793.0,2.7233164701101487e-07,0.0,0.0,0.0,0.0,2.2694303917584573e-05
2794.0,2.7233164701101487e-07,0.0,0.0,0.0,0.0,2.2694303917584573e-05
2795.0,0.0,0.0,0.0,0.0,0.0,0.0
2796.0,0.0,0.0,0.0,0.0,0.0,0.0
2797.0,0.0,0.0,0.0,0.0,0.0,0.0
2798.0,0.0,0.0,0.0,0.0,0.0,0.0
2799.0,0.00027934362879022956,0.0012454104144126177,0.0,0.0,0.008680555555555556,0.05787037037037038
2800.0,0.00012634463200811297,0.0008084823493845761,0.0,0.0,0.005208333333333333,0.034722222222222224
2801.0,0.0003693320322781801,0.0011823475360870361,0.0,0.0,0.005208333333333333,0.034722222222222224
2802.0,0.00012199924822198227,0.0007726806798018515,0.0,0.0,0.0,0.019317016995046288
2803.0,0.00014714390272274613,0.0008596588741056621,0.0,0.0,0.0,0.021491471852641553
2804.0,5.707038872060366e-05,0.0,0.0,0.0,0.0,0.004755865726716972
2805.0,0.0,0.0,0.0,0.0,0.0,0.0
2806.0,0.0002029547467827797,0.0,0.0,0.0,0.005208333333333333,0.034722222222222224
2807.0,8.547792094759643e-05,0.0,0.0,0.0,0.001736111111111111,0.011574074074074073
2808.0,0.0002129629283444956,0.0,0.0,0.0,0.003472222222222222,0.023148148148148147
2809.0,0.00013672724890056998,0.0,0.0,0.0,0.001736111111111111,0.011574074074074073
2810.0,0.0004400189791340381,1.915000393637456e-05,0.0,0.0,0.008680555555555556,0.05787037037037038
2811.0,0.0002401109377387911,0.0,0.0,0.0,0.003472222222222222,0.023148148148148147
2812.0,0.00045646095531992614,0.0,0.0,0.0,0.006944444444444444,0.046296296296296294
2813.0,0.00012300853268243372,0.0,0.0,0.0,0.0,0.010250711056869477
2814.0,9.727327415021136e-05,0.0,0.0,0.0,0.0,0.00810610617918428
2815.0,0.00014094836660660803,0.0,0.0,0.0,0.0,0.011745697217217336
2816.0,3.0194709324860014e-05,0.0,0.0,0.0,0.0,0.002516225777071668
2817.0,0.0,0.0,0.0,0.0,0.0,0.0
2818.0,1.2186817002657335e-05,0.0,0.0,0.0,0.0,0.001015568083554778
2819.0,2.7233164701101487e-07,0.0,0.0,0.0,0.0,2.2694303917584573e-05
2820.0,0.0,0.0,0.0,0.0,0.0,0.0
2821.0,0.0,0.0,0.0,0.0,0.0,0.0
2822.0,0.0,0.0,0.0,0.0,0.0,0.0
2823.0,0.0,0.0,0.0,0.0,0.0,0.0
2824.0,0.0,0.0,0.0,0.0,0.0,0.0
2825.0,0.0,0.0,0.0,0.0,0.0,0.0
2826.0,0.0,0.0,0.0,0.0,0.0,0.0
2827.0,0.0,0.0,0.0,0.0,0.0,0.0
2828.0,0.0,0.0,0.0,0.0,0.0,0.0
2829.0,0.0,0.0,0.0,0.0,0.0,0.0
2830.0,0.0,0.0,0.0,0.0,0.0,0.0
2831.0,0.0,0.0,0.0,0.0,0.0,0.0
2832.0,0.0,0.0,0.0,0.0,0.0,0.0
2833.0,0.0,0.0,0.0,0.0,0.0,0.0
2834.0,0.0003190869465470314,0.0,0.0,0.0,0.010416666666666666,0.06944444444444445
2835.0,0.0003878335119225085,5.502840849658241e-07,0.0,0.0,0.008680555555555556,0.05787037037037038
2836.0,0.00012905089533887804,0.0,0.0,0.0,0.0,0.010754241278239837
2837.0,0.0002717864408623427,0.0,0.0,0.0,0.0,0.022648870071861893
2838.0,0.00014690561511088163,0.0,0.0,0.0,0.0,0.01224213459257347
2839.0,0.00012642971705645323,0.0,0.0,0.0,0.0,0.010535809754704436
2840.0,0.00010345177724957466,0.0006689293077215552,0.0,0.0,0.003472222222222222,0.023148148148148147
2841.0,0.00036230249679647386,0.0,0.0,0.0,0.006944444444444444,0.046296296296296294
2842.0,1.9675919247674756e-05,0.0,0.0,0.0,0.001736111111111111,0.011574074074074073
2843.0,0.00011882148100994527,5.3928024499327876e-06,0.0,0.0,0.0,0.009901790084162107
2844.0,5.589595821220428e-05,0.0,0.0,0.0,0.001736111111111111,0.011574074074074073
2845.0,0.0002096779498970136,0.0,0.0,0.0,0.001736111111111111,0.0174731624914178
2846.0,0.00013294864038471133,0.0,0.0,0.0,0.001736111111111111,0.011574074074074073
2847.0,0.00023847694683354348,0.0,0.0,0.0,0.006944444444444444,0.046296296296296294
2848.0,0.00030518104904331267,0.0,0.0,0.0,0.001736111111111111,0.02543175408694272
2849.0,0.0002615910489112139,0.0,0.0,0.0,0.006944444444444444,0.046296296296296294
2850.0,0.0,0.0,0.0,0.0,0.0,0.0
2851.0,0.0,0.0,0.0,0.0,0.0,0.0
2852.0,0.00017449617735110223,0.0,0.0,0.0,0.003472222222222222,0.023148148148148147
2853.0,0.0001670581114012748,0.0,0.0,0.0,0.001736111111111111,0.013921509283439566
2854.0,0.000112251473183278,0.0,0.0,0.0,0.0,0.009354289431939833
2855.0,9.277979552280158e-05,0.0,0.0,0.0,0.0,0.007731649626900131
2856.0,0.0,0.0,0.0,0.0,0.0,0.0
2857.0,6.323186971712857e-05,0.0,0.0,0.0,0.001736111111111111,0.011574074074074073
2858.0,0.0007000270998105407,0.0,0.0,0.0,0.006944444444444444,0.058335591650878385
2859.0,0.0,0.0,0.0,0.0,0.0,0.0
2860.0,0.0005186886410228908,0.0,0.0,0.0,0.006944444444444444,0.046296296296296294
2861.0,8.920546679291874e-05,0.0,0.0,0.0,0.0,0.007433788899409895
2862.0,3.948801804654067e-06,0.0,0.0,0.0,0.0,0.00032906681705450563
2863.0,0.0,0.0,0.0,0.0,0.0,0.0
2864.0,0.0,0.0,0.0,0.0,0.0,0.0
2865.0,0.0,0.0,0.0,0.0,0.0,0.0
2866.0,0.0,0.0,0.0,0.0,0.0,0.0
2867.0,3.1998901249608025e-05,0.0,0.0,0.0,0.0,0.0026665751041340022
2868.0,6.740192475263029e-06,0.0,0.0,0.0,0.0,0.0005616827062719191
2869.0,0.00014367168478202075,0.0,0.0,0.0,0.001736111111111111,0.01197264039850173
2870.0,2.854370541172102e-05,0.0,0.0,0.0,0.0,0.0023786421176434183
2871.0,0.0,0.0,0.0,0.0,0.0,0.0
2872.0,0.0,0.0,0.0,0.0,0.0,0.0
2873.0,0.0,0.0,0.0,0.0,0.0,0.0
2874.0,0.0,0.0,0.0,0.0,0.0,0.0
2875.0,2.7624588256003335e-05,0.0,0.0,0.0,0.0,0.002302049021333611
2876.0,9.88051324384287e-05,0.0,0.0,0.0,0.0,0.008233761036535725
2877.0,3.250952431699261e-06,0.0,0.0,0.0,0.0,0.0002709127026416051
2878.0,0.00022637522488366812,0.0,0.0,0.0,0.005208333333333333,0.034722222222222224
2879.0,0.0002859646629076451,0.0,0.0,0.0,0.001736111111111111,0.02383038857563709
2880.0,0.0,0.0,0.0,0.0,0.0,0.0
2881.0,0.0,0.0,0.0,0.0,0.0,0.0
2882.0,0.0,0.0,0.0,0.0,0.0,0.0
2883.0,0.0,0.0,0.0,0.0,0.0,0.0
2884.0,0.0,0.0,0.0,0.0,0.0,0.0
2885.0,5.838096967636375e-06,0.0,0.0,0.0,0.0,0.0004865080806363645
2886.0,0.0,0.0,0.0,0.0,0.0,0.0
2887.0,0.0,0.0,0.0,0.0,0.0,0.0
2888.0,0.0,0.0,0.0,0.0,0.0,0.0
2889.0,0.0,0.0,0.0,0.0,0.0,0.0
2890.0,0.0,0.0,0.0,0.0,0.0,0.0
2891.0,0.0,0.0,0.0,0.0,0.0,0.0
2892.0,0.0,0.0,0.0,0.0,0.0,0.0
2893.0,0.0,0.0,0.0,0.0,0.0,0.0
2894.0,0.0,0.0,0.0,0.0,0.0,0.0
2895.0,0.0,0.0,0.0,0.0,0.0,0.0
2896.0,0.0,0.0,0.0,0.0,0.0,0.0
2897.0,0.0,0.0,0.0,0.0,0.0,0.0
2898.0,0.0,0.0,0.0,0.0,0.0,0.0
2899.0,0.0,0.0,0.0,0.0,0.0,0.0
2900.0,0.0,0.0,0.0,0.0,0.0,0.0
2901.0,0.0,0.0,0.0,0.0,0.0,0.0
2902.0,0.0,0.0,0.0,0.0,0.0,0.0
2903.0,0.0,0.0,0.0,0.0,0.0,0.0
2904.0,0.0,0.0,0.0,0.0,0.0,0.0
2905.0,0.0,0.0,0.0,0.0,0.0,0.0
2906.0,0.0,0.0,0.0,0.0,0.0,0.0
2907.0,0.0,0.0,0.0,0.0,0.0,0.0
2908.0,0.0,0.0,0.0,0.0,0.0,0.0
2909.0,0.0,0.0,0.0,0.0,0.0,0.0
2910.0,0.0,0.0,0.0,0.0,0.0,0.0
2911.0,0.0,0.0,0.0,0.0,0.0,0.0
2912.0,0.0,0.0,0.0,0.0,0.0,0.0
2913.0,0.0,0.0,0.0,0.0,0.0,0.0
2914.0,0.0,0.0,0.0,0.0,0.0,0.0
2915.0,0.0,0.0,0.0,0.0,0.0,0.0
2916.0,0.0,0.0,0.0,0.0,0.0,0.0
2917.0,0.0,0.0,0.0,0.0,0.0,0.0
2918.0,0.0,0.0,0.0,0.0,0.0,0.0
2919.0,0.0,0.0,0.0,0.0,0.0,0.0
2920.0,0.0,0.0,0.0,0.0,0.0,0.0
2921.0,0.0,0.0,0.0,0.0,0.0,0.0
2922.0,0.0,0.0,0.0,0.0,0.0,0.0
2923.0,0.0,0.0,0.0,0.0,0.0,0.0
2924.0,0.0,0.0,0.0,0.0,0.0,0.0
2925.0,0.0,0.0,0.0,0.0,0.0,0.0
2926.0,0.0,0.0,0.0,0.0,0.0,0.0
2927.0,0.0,0.0,0.0,0.0,0.0,0.0
2928.0,0.0,0.0,0.0,0.0,0.0,0.0
2929.0,0.0,0.0,0.0,0.0,0.0,0.0
2930.0,0.0,0.0,0.0,0.0,0.0,0.0
2931.0,0.0,0.0,0.0,0.0,0.0,0.0
2932.0,0.0,0.0,0.0,0.0,0.0,0.0
2933.0,0.0,0.0,0.0,0.0,0.0,0.0
2934.0,0.0,0.0,0.0,0.0,0.0,0.0
2935.0,0.0,0.0,0.0,0.0,0.0,0.0
2936.0,0.0,0.0,0.0,0.0,0.0,0.0
2937.0,0.0,0.0,0.0,0.0,0.0,0.0
2938.0,0.0,0.0,0.0,0.0,0.0,0.0
2939.0,0.0,0.0,0.0,0.0,0.0,0.0
2940.0,0.0,0.0,0.0,0.0,0.0,0.0
2941.0,0.0,0.0,0.0,0.0,0.0,0.0
2942.0,0.0,0.0,0.0,0.0,0.0,0.0
2943.0,0.0,0.0,0.0,0.0,0.0,0.0
2944.0,0.0,0.0,0.0,0.0,0.0,0.0
2945.0,0.0,0.0,0.0,0.0,0.0,0.0
2946.0,0.0,0.0,0.0,0.0,0.0,0.0
2947.0,0.0,0.0,0.0,0.0,0.0,0.0
2948.0,0.0,0.0,0.0,0.0,0.0,0.0
2949.0,0.0,0.0,0.0,0.0,0.0,0.0
2950.0,0.0,0.0,0.0,0.0,0.0,0.0
2951.0,0.0,0.0,0.0,0.0,0.0,0.0
2952.0,0.0,0.0,0.0,0.0,0.0,0.0
2953.0,0.0,0.0,0.0,0.0,0.0,0.0
2954.0,0.0,0.0,0.0,0.0,0.0,0.0
2955.0,0.0,0.0,0.0,0.0,0.0,0.0
2956.0,0.0,0.0,0.0,0.0,0.0,0.0
2957.0,0.0,0.0,0.0,0.0,0.0,0.0
2958.0,0.0,0.0,0.0,0.0,0.0,0.0
2959.0,0.009144418872892857,0.005497480742633343,0.0,0.0,0.13194444444444445,0.8796296296296297
2960.0,3.0386931939574424e-06,6.274362363001273e-07,0.0,0.0,0.0,0.00025322443282978685
2961.0,0.03957822173833847,0.02254650369286537,0.0,0.0002405918639851734,0.1423611111111111,3.2981851448615394
2962.0,0.0,0.0,0.0,0.0,0.0,0.0
2963.0,0.0,0.0,0.0,0.0,0.0,0.0
2964.0,0.0,0.0,0.0,0.0,0.0,0.0
2965.0,0.0,0.0,0.0,0.0,0.0,0.0
2966.0,0.0,0.0,0.0,0.0,0.0,0.0
2967.0,0.0,0.0,0.0,0.0,0.0,0.0
2968.0,0.0001917305198730901,0.0002544878516346216,0.0,5.328375846147537e-05,0.0,0.01597754332275751
2969.0,0.0,0.0,0.0,0.0,0.0,0.0
2970.0,0.0,0.0,0.0,0.0,0.0,0.0
2971.0,0.0,0.0,0.0,0.0,0.0,0.0
2972.0,0.0,0.0,0.0,0.0,0.0,0.0
2973.0,0.0,0.0,0.0,0.0,0.0,0.0
2974.0,0.0,0.0,0.0,0.0,0.0,0.0
2975.0,0.0,0.0,0.0,0.0,0.0,0.0
2976.0,0.0,0.0,0.0,0.0,0.0,0.0
2977.0,0.0,0.0,0.0,0.0,0.0,0.0
2978.0,0.0,0.0,0.0,0.0,0.0,0.0
2979.0,0.0,0.0,0.0,0.0,0.0,0.0
2980.0,0.0,0.0,0.0,0.0,0.0,0.0
2981.0,0.0,0.0,0.0,0.0,0.0,0.0
2982.0,0.0,0.0,0.0,0.0,0.0,0.0
2983.0,0.0,0.0,0.0,0.0,0.0,0.0
2984.0,0.0,0.0,0.0,0.0,0.0,0.0
2985.0,0.0,0.0,0.0,0.0,0.0,0.0
2986.0,0.0,0.0,0.0,0.0,0.0,0.0
2987.0,0.0,0.0,0.0,0.0,0.0,0.0
2988.0,0.0,0.0,0.0,0.0,0.0,0.0
2989.0,0.0,0.0,0.0,0.0,0.0,0.0
2990.0,0.0,0.0,0.0,0.0,0.0,0.0
2991.0,0.0,0.0,0.0,0.0,0.0,0.0
2992.0,0.0,0.0,0.0,0.0,0.0,0.0
2993.0,0.0,0.0,0.0,0.0,0.0,0.0
2994.0,0.0,0.0,0.0,0.0,0.0,0.0
2995.0,0.0,0.0,0.0,0.0,0.0,0.0
2996.0,0.0,0.0,0.0,0.0,0.0,0.0
2997.0,0.0,0.0,0.0,0.0,0.0,0.0
2998.0,0.0,0.0,0.0,0.0,0.0,0.0
2999.0,0.0,0.0,0.0,0.0,0.0,0.0
3000.0,0.0,0.0,0.0,0.0,0.0,0.0
3001.0,0.0,0.0,0.0,0.0,0.0,0.0
3002.0,0.0,0.0,0.0,0.0,0.0,0.0
3003.0,0.0,0.0,0.0,0.0,0.0,0.0
3004.0,0.0,0.0,0.0,0.0,0.0,0.0
3005.0,0.0,0.0,0.0,0.0,0.0,0.0
3006.0,0.000547691888641566,0.003520628437399864,0.0,0.0,0.015625,0.10416666666666667
3007.0,0.0015730865998193622,0.0024532913230359554,0.0,0.0,0.034722222222222224,0.2314814814814815
3008.0,0.0006844872259534895,0.0013907962711527944,0.0,0.0,0.010416666666666666,0.06944444444444445
3009.0,0.0005717591848224401,0.001861952361650765,0.0,0.0,0.008680555555555556,0.05787037037037038
3010.0,0.00022572846501134336,0.0013062721118330956,0.0,0.0,0.001736111111111111,0.03265680279582739
3011.0,3.063764211219677e-07,1.981059767786064e-06,0.0,0.0,0.0,4.9526494194651605e-05
3012.0,0.0,0.0,0.0,0.0,0.0,0.0
3013.0,0.0,0.0,0.0,0.0,0.0,0.0
3014.0,0.0,0.0,0.0,0.0,0.0,0.0
3015.0,0.0,0.0,0.0,0.0,0.0,0.0
3016.0,0.0,0.0,0.0,0.0,0.0,0.0
3017.0,0.0,0.0,0.0,0.0,0.0,0.0
3018.0,9.247342677554116e-05,0.0005966215394437313,0.0,0.0,0.001736111111111111,0.014915538486093283
3019.0,0.0002603315224405378,0.0016833289992064238,0.0,0.0,0.001736111111111111,0.042083224980160594
3020.0,0.0,0.0,0.0,0.0,0.0,0.0
3021.0,0.0,0.0,0.0,0.0,0.0,0.0
3022.0,0.0,0.0,0.0,0.0,0.0,0.0
3023.0,0.0,0.0,0.0,0.0,0.0,0.0
3024.0,0.0,0.0,0.0,0.0,0.0,0.0
3025.0,0.0,0.0,0.0,0.0,0.0,0.0
3026.0,0.0,0.0,0.0,0.0,0.0,0.0
3027.0,7.880570592533331e-06,4.985596751794219e-05,0.0,0.0,0.0,0.0012463991879485548
3028.0,0.0,0.0,0.0,0.0,0.0,0.0
3029.0,0.0,0.0,0.0,0.0,0.0,0.0
3030.0,0.00027394804055802524,0.0017688436200842261,0.0,0.0,0.003472222222222222,0.04422109050210565
3031.0,0.0002526551834307611,0.001633583102375269,0.0,0.0,0.001736111111111111,0.04083957755938172
3032.0,0.0002580166619736701,0.0016641790280118585,0.0,0.0,0.003472222222222222,0.04160447570029646
3033.0,0.0001458503247704357,0.00094308250118047,0.0,0.0,0.0,0.02357706252951175
3034.0,0.0,0.0,0.0,0.0,0.0,0.0
3035.0,1.2533819244708866e-05,7.455149898305535e-05,0.0,0.0,0.0,0.0018637874745763838
3036.0,0.0,0.0,0.0,0.0,0.0,0.0
3037.0,0.0,0.0,0.0,0.0,0.0,0.0
3038.0,0.0,0.0,0.0,0.0,0.0,0.0
3039.0,0.0004923405358567834,0.0,0.0,0.0,0.010416666666666666,0.06944444444444445
3040.0,0.0003670513106044382,0.0,0.0,0.0,0.006944444444444444,0.046296296296296294
3041.0,0.00010483044752618298,0.0,0.0,0.0,0.001736111111111111,0.011574074074074073
3042.0,1.702069596376532e-08,0.0,0.0,0.0,0.0,1.4183913303137767e-06
3043.0,0.00012382559361867607,0.0,0.0,0.0,0.0,0.010318799468223006
3044.0,0.0,0.0,0.0,0.0,0.0,0.0
3045.0,0.00012161286576883867,0.0,0.0,0.0,0.0,0.010134405480736556
3046.0,1.0212417578259192e-07,0.0,0.0,0.0,0.0,8.51034798188266e-06
3047.0,0.0001320635637966916,0.0,0.0,0.0,0.001736111111111111,0.011574074074074073
3048.0,0.00011180892761331052,0.0,0.0,0.0,0.0,0.009317410634442544
3049.0,0.0,0.0,0.0,0.0,0.0,0.0
3050.0,0.0,0.0,0.0,0.0,0.0,0.0
3051.0,0.0,0.0,0.0,0.0,0.0,0.0
3052.0,6.178507192089455e-06,0.0,0.0,0.0,0.0,0.000514875599340788
3053.0,0.0,0.0,0.0,0.0,0.0,0.0
3054.0,0.0,0.0,0.0,0.0,0.0,0.0
3055.0,0.0,0.0,0.0,0.0,0.0,0.0
3056.0,0.0,0.0,0.0,0.0,0.0,0.0
3057.0,0.0,0.0,0.0,0.0,0.0,0.0
3058.0,0.0,0.0,0.0,0.0,0.0,0.0
3059.0,0.0,0.0,0.0,0.0,0.0,0.0
3060.0,0.0,0.0,0.0,0.0,0.0,0.0
3061.0,0.0,0.0,0.0,0.0,0.0,0.0
3062.0,0.0,0.0,0.0,0.0,0.0,0.0
3063.0,0.0,0.0,0.0,0.0,0.0,0.0
3064.0,0.0,0.0,0.0,0.0,0.0,0.0
3065.0,0.0,0.0,0.0,0.0,0.0,0.0
3066.0,0.0,0.0,0.0,0.0,0.0,0.0
3067.0,0.0,0.0,0.0,0.0,0.0,0.0
3068.0,0.0,0.0,0.0,0.0,0.0,0.0
3069.0,0.0,0.0,0.0,0.0,0.0,0.0
3070.0,0.0,0.0,0.0,0.0,0.0,0.0
3071.0,0.0,0.0,0.0,0.0,0.0,0.0
3072.0,0.0,0.0,0.0,0.0,0.0,0.0
3073.0,0.0,0.0,0.0,0.0,0.0,0.0
3074.0,0.0,0.0,0.0,0.0,0.0,0.0
3075.0,0.0,0.0,0.0,0.0,0.0,0.0
3076.0,0.0,0.0,0.0,0.0,0.0,0.0
3077.0,0.0,0.0,0.0,0.0,0.0,0.0
3078.0,0.0,0.0,0.0,0.0,0.0,0.0
3079.0,0.0,0.0,0.0,0.0,0.0,0.0
3080.0,0.0,0.0,0.0,0.0,0.0,0.0
3081.0,0.0,0.0,0.0,0.0,0.0,0.0
3082.0,0.0,0.0,0.0,0.0,0.0,0.0
3083.0,0.0,0.0,0.0,0.0,0.0,0.0
3084.0,0.0,0.0,0.0,0.0,0.0,0.0
3085.0,0.0,0.0,0.0,0.0,0.0,0.0
3086.0,0.0,0.0,0.0,0.0,0.0,0.0
3087.0,0.0,0.0,0.0,0.0,0.0,0.0
3088.0,0.0,0.0,0.0,0.0,0.0,0.0
3089.0,0.0,0.0,0.0,0.0,0.0,0.0
3090.0,0.0,0.0,0.0,0.0,0.0,0.0
3091.0,0.0,0.0,0.0,0.0,0.0,0.0
3092.0,0.0,0.0,0.0,0.0,0.0,0.0
3093.0,0.0,0.0,0.0,0.0,0.0,0.0
3094.0,0.0,0.0,0.0,0.0,0.0,0.0
3095.0,0.0,0.0,0.0,0.0,0.0,0.0
3096.0,0.0,0.0,0.0,0.0,0.0,0.0
3097.0,9.916256385622546e-05,0.0,0.0,0.0,0.003472222222222222,0.023148148148148147
3098.0,0.0,0.0,0.0,0.0,0.0,0.0
3099.0,0.0006583944195881486,0.0,0.0,0.0,0.013888888888888888,0.09259259259259259
3100.0,0.0005789589486084878,0.0,0.0,0.0,0.013888888888888888,0.09259259259259259
3101.0,0.0009127517696470022,0.0,0.0,0.0,0.017361111111111112,0.11574074074074076
3102.0,0.0002662547049112618,0.0,0.0,0.0,0.003472222222222222,0.023148148148148147
3103.0,0.0,0.0,0.0,0.0,0.0,0.0
3104.0,0.0,0.0,0.0,0.0,0.0,0.0
3105.0,0.0002547827607486397,0.0,0.0,0.0,0.003472222222222222,0.023148148148148147
3106.0,0.0002608761715237051,0.0,0.0,0.0,0.003472222222222222,0.023148148148148147
3107.0,1.0212430368028436e-07,0.0,0.0,0.0,0.0,8.510358640023696e-06
3108.0,6.100216705817729e-05,0.0,0.0,0.0,0.0,0.005083513921514775
3109.0,0.00047360078315250576,0.0,0.0,0.0,0.0,0.03946673192937548
3110.0,0.00046713295159861445,0.0,0.0,0.0,0.001736111111111111,0.03892774596655121
3111.0,0.0002018143713939935,0.0,0.0,0.0,0.003472222222222222,0.023148148148148147
3112.0,0.00022775391698814929,0.0,0.0,0.0,0.005208333333333333,0.034722222222222224
3113.0,0.0002268348034704104,0.0,0.0,0.0,0.0,0.01890290028920087
3114.0,0.0,0.0,0.0,0.0,0.0,0.0
3115.0,0.0,0.0,0.0,0.0,0.0,0.0
3116.0,0.0,0.0,0.0,0.0,0.0,0.0
3117.0,0.0,0.0,0.0,0.0,0.0,0.0
3118.0,9.055019290826749e-06,0.0,0.0,0.0,0.0,0.000754584940902229
3119.0,0.0,0.0,0.0,0.0,0.0,0.0
3120.0,0.0,0.0,0.0,0.0,0.0,0.0
3121.0,0.0,0.0,0.0,0.0,0.0,0.0
3122.0,0.0,0.0,0.0,0.0,0.0,0.0
3123.0,0.0,0.0,0.0,0.0,0.0,0.0
3124.0,0.010951335541903973,0.01873023994266987,0.0,0.0,0.1736111111111111,1.1574074074074074
3125.0,1.2101711945433635e-05,0.0,0.0,0.0,0.001736111111111111,0.011574074074074073
3126.0,0.0,0.0,0.0,0.0,0.0,0.0
3127.0,0.00023198164126370102,1.6934455970840645e-06,0.0,0.0,0.005208333333333333,0.034722222222222224
3128.0,0.00033898415858857334,0.0,0.0,0.0,0.006944444444444444,0.046296296296296294
3129.0,0.00027326721465215087,0.0,0.0,0.0,0.003472222222222222,0.023148148148148147
3130.0,0.0001459354389226064,0.0,0.0,0.0,0.005208333333333333,0.034722222222222224
3131.0,0.00022714116494171321,0.0,0.0,0.0,0.001736111111111111,0.018928430411809433
3132.0,0.00031055958243086934,0.0,0.0,0.0,0.003472222222222222,0.025879965202572446
3133.0,0.00030798945226706564,0.0,0.0,0.0,0.003472222222222222,0.025665787688922137
3134.0,0.0002569273638073355,0.0,0.0,0.0,0.010416666666666666,0.06944444444444445
3135.0,0.00019684433937072754,0.0,0.0,0.0,0.003472222222222222,0.023148148148148147
3136.0,0.000258357118582353,0.0,0.0,0.0,0.001736111111111111,0.02152975988186275
3137.0,0.00021777977235615253,0.0,0.0,0.0,0.001736111111111111,0.018148314363012712
3138.0,0.00022513270960189402,0.0,0.0,0.0,0.008680555555555556,0.05787037037037038
3139.0,7.242305582622066e-05,0.0,0.0,0.0,0.0,0.006035254652185055
3140.0,0.00014671839016955346,0.0,0.0,0.0,0.003472222222222222,0.023148148148148147
3141.0,0.00023520897957496345,0.0,0.0,0.0,0.006944444444444444,0.046296296296296294
3142.0,0.00020060589304193854,0.0,0.0,0.0,0.001736111111111111,0.016717157753494877
3143.0,1.4671862118120771e-05,0.0,0.0,0.0,0.001736111111111111,0.011574074074074073
3144.0,0.0,0.0,0.0,0.0,0.0,0.0
3145.0,0.0,0.0,0.0,0.0,0.0,0.0
3146.0,0.0,0.0,0.0,0.0,0.0,0.0
3147.0,0.0,0.0,0.0,0.0,0.0,0.0
3148.0,0.0,0.0,0.0,0.0,0.0,0.0
3149.0,0.0,0.0,0.0,0.0,0.0,0.0
3150.0,0.0,0.0,0.0,0.0,0.0,0.0
3151.0,0.0,0.0,0.0,0.0,0.0,0.0
3152.0,0.0,0.0,0.0,0.0,0.0,0.0
3153.0,0.0,0.0,0.0,0.0,0.0,0.0
3154.0,0.0,0.0,0.0,0.0,0.0,0.0
3155.0,0.0,0.0,0.0,0.0,0.0,0.0
3156.0,0.0,0.0,0.0,0.0,0.0,0.0
3157.0,0.0,0.0,0.0,0.0,0.0,0.0
3158.0,0.0,0.0,0.0,0.0,0.0,0.0
3159.0,0.0,0.0,0.0,0.0,0.0,0.0
3160.0,0.0,0.0,0.0,0.0,0.0,0.0
3161.0,0.0,0.0,0.0,0.0,0.0,0.0
3162.0,0.0,0.0,0.0,0.0,0.0,0.0
3163.0,0.0,0.0,0.0,0.0,0.0,0.0
3164.0,0.0,0.0,0.0,0.0,0.0,0.0
3165.0,0.0,0.0,0.0,0.0,0.0,0.0
3166.0,0.0,0.0,0.0,0.0,0.0,0.0
3167.0,0.00019919317855965346,0.0,0.0,0.0,0.003472222222222222,0.023148148148148147
3168.0,7.659327252440562e-07,0.0,0.0,0.0,0.0,6.382772710367135e-05
3169.0,0.00016288804181385785,0.0,0.0,0.0,0.005208333333333333,0.034722222222222224
3170.0,0.00014646307681687176,0.0,0.0,0.0,0.003472222222222222,0.023148148148148147
3171.0,0.00035088154254481196,0.0,0.0,0.0,0.006944444444444444,0.046296296296296294
3172.0,8.479709504172206e-05,0.0,0.0,0.0,0.003472222222222222,0.023148148148148147
3173.0,0.0,0.0,0.0,0.0,0.0,0.0
3174.0,0.0,0.0,0.0,0.0,0.0,0.0
3175.0,0.0,0.0,0.0,0.0,0.0,0.0
3176.0,0.0,0.0,0.0,0.0,0.0,0.0
3177.0,0.0,0.0,0.0,0.0,0.0,0.0
3178.0,0.0,0.0,0.0,0.0,0.0,0.0
3179.0,0.0001480800419813022,0.0,0.0,0.0,0.003472222222222222,0.023148148148148147
3180.0,3.817741890088655e-05,0.0,0.0,0.0,0.0,0.003181451575073879
3181.0,0.0001762322790455073,0.0,0.0,0.0,0.001736111111111111,0.014686023253792275
3182.0,0.0003247548593208194,0.0,0.0,0.0,0.008680555555555556,0.05787037037037038
3183.0,7.649100007256493e-05,0.0,0.0,0.0,0.001736111111111111,0.011574074074074073
3184.0,0.0,0.0,0.0,0.0,0.0,0.0
3185.0,7.369972536253044e-06,0.0,0.0,0.0,0.0,0.000614164378021087
3186.0,0.0,0.0,0.0,0.0,0.0,0.0
3187.0,0.0,0.0,0.0,0.0,0.0,0.0
3188.0,0.0,0.0,0.0,0.0,0.0,0.0
3189.0,0.0,0.0,0.0,0.0,0.0,0.0
3190.0,0.0,0.0,0.0,0.0,0.0,0.0
3191.0,0.0,0.0,0.0,0.0,0.0,0.0
3192.0,0.0,0.0,0.0,0.0,0.0,0.0
3193.0,0.0,0.0,0.0,0.0,0.0,0.0
3194.0,0.0,0.0,0.0,0.0,0.0,0.0
3195.0,0.0,0.0,0.0,0.0,0.0,0.0
3196.0,0.00017727054364513606,0.0,0.0,0.0,0.001736111111111111,0.014772545303761337
3197.0,9.718814908410423e-06,0.0,0.0,0.0,0.001736111111111111,0.011574074074074073
3198.0,0.0,0.0,0.0,0.0,0.0,0.0
3199.0,0.0,0.0,0.0,0.0,0.0,0.0
3200.0,0.00019674219947773963,0.0,0.0,0.0,0.006944444444444444,0.046296296296296294
3201.0,0.000369280984159559,0.0,0.0,0.0,0.005208333333333333,0.034722222222222224
3202.0,0.0003262016107328236,0.0,0.0,0.0,0.005208333333333333,0.034722222222222224
3203.0,0.0,0.0,0.0,0.0,0.0,0.0
3204.0,0.0,0.0,0.0,0.0,0.0,0.0
3205.0,0.0,0.0,0.0,0.0,0.0,0.0
3206.0,0.0,0.0,0.0,0.0,0.0,0.0
3207.0,0.0,0.0,0.0,0.0,0.0,0.0
3208.0,0.0,0.0,0.0,0.0,0.0,0.0
3209.0,0.0,0.0,0.0,0.0,0.0,0.0
3210.0,4.4594312385015655e-06,0.0,0.0,0.0,0.0,0.00037161926987513044
3211.0,0.00013968884013593197,0.0,0.0,0.0,0.003472222222222222,0.023148148148148147
3212.0,0.0,0.0,0.0,0.0,0.0,0.0
3213.0,0.0,0.0,0.0,0.0,0.0,0.0
3214.0,0.0,0.0,0.0,0.0,0.0,0.0
3215.0,0.0,0.0,0.0,0.0,0.0,0.0
3216.0,0.0,0.0,0.0,0.0,0.0,0.0
3217.0,0.0,0.0,0.0,0.0,0.0,0.0
3218.0,2.502049483155133e-06,0.0,0.0,0.0,0.0,0.0002085041235962611
3219.0,0.0,0.0,0.0,0.0,0.0,0.0
3220.0,0.0,0.0,0.0,0.0,0.0,0.0
3221.0,0.0,0.0,0.0,0.0,0.0,0.0
3222.0,0.0,0.0,0.0,0.0,0.0,0.0
3223.0,0.0,0.0,0.0,0.0,0.0,0.0
3224.0,0.0,0.0,0.0,0.0,0.0,0.0
3225.0,3.308822851977311e-05,0.00021197069145273417,0.0,0.0,0.003472222222222222,0.023148148148148147
3226.0,0.00044806976802647114,0.0025677511002868414,0.0,0.0,0.006944444444444444,0.06419377750717103
3227.0,0.0008521240088157356,0.0035240405704826117,0.0,0.0,0.013888888888888888,0.09259259259259259
3228.0,0.00035656653926707804,0.0,0.0,0.0,0.005208333333333333,0.034722222222222224
3229.0,0.0008654682897031307,0.005205938592553139,0.0,0.0,0.019097222222222224,0.13014846481382847
3230.0,0.00139322888571769,0.0005644847406074405,0.0,0.0,0.03125,0.20833333333333334
3231.0,0.00038991007022559643,0.0,0.0,0.0,0.012152777777777778,0.08101851851851852
3232.0,0.0002374556934228167,5.502874387275369e-07,0.0,0.0,0.005208333333333333,0.034722222222222224
3233.0,0.00025910601834766567,0.0,0.0,0.0,0.006944444444444444,0.046296296296296294
3234.0,0.0,0.0,0.0,0.0,0.0,0.0
3235.0,3.5879660572391e-05,7.351832027779892e-05,0.0,0.0,0.0,0.002989971714365917
3236.0,0.0,0.0,0.0,0.0,0.0,0.0
3237.0,0.0,0.0,0.0,0.0,0.0,0.0
3238.0,0.0,0.0,0.0,0.0,0.0,0.0
3239.0,0.0,0.0,0.0,0.0,0.0,0.0
3240.0,0.00035212573129683733,0.0014123779255896807,0.0,0.0,0.003472222222222222,0.03530944813974202
3241.0,0.00032271232339553535,0.0012720442609861493,0.0,0.0,0.003472222222222222,0.03180110652465373
3242.0,0.0,0.0,0.0,0.0,0.0,0.0
3243.0,2.6175091988989152e-05,3.7071640690555796e-05,0.0,0.0,0.003472222222222222,0.023148148148148147
3244.0,0.0006701558013446629,0.0,0.0,0.0,0.020833333333333332,0.1388888888888889
3245.0,0.0003453498356975615,0.0,0.0,0.0,0.017361111111111112,0.11574074074074076
3246.0,0.00019279339176137,0.0,0.0,0.0,0.006944444444444444,0.046296296296296294
3247.0,0.00021599262254312634,0.0,0.0,0.0,0.003472222222222222,0.023148148148148147
3248.0,0.0,0.0,0.0,0.0,0.0,0.0
3249.0,0.0,0.0,0.0,0.0,0.0,0.0
3250.0,0.0,0.0,0.0,0.0,0.0,0.0
3251.0,0.0010353518882766366,0.0,0.0,0.0,0.013888888888888888,0.09259259259259259
3252.0,0.0002580507716629654,0.0011465788120403886,0.0,0.0,0.003472222222222222,0.028664470301009715
3253.0,0.0,0.0,0.0,0.0,0.0,0.0
3254.0,0.0,0.0,0.0,0.0,0.0,0.0
3255.0,8.399712532991543e-05,0.0,0.0,0.0,0.003472222222222222,0.023148148148148147
3256.0,0.00033033761428669095,0.0,0.0,0.0,0.006944444444444444,0.046296296296296294
3257.0,2.6926738428301178e-05,0.0,0.0,0.0,0.003472222222222222,0.023148148148148147
3258.0,0.0,0.0,0.0,0.0,0.0,0.0
3259.0,0.0,0.0,0.0,0.0,0.0,0.0
3260.0,0.0004321384185459465,1.683881964709144e-05,0.0,0.0,0.010416666666666666,0.06944444444444445
3261.0,6.604028749279678e-05,0.0,0.0,0.0,0.0,0.005503357291066398
3262.0,0.0,0.0,0.0,0.0,0.0,0.0
3263.0,0.0,0.0,0.0,0.0,0.0,0.0
3264.0,0.0,0.0,0.0,0.0,0.0,0.0
3265.0,0.0,0.0,0.0,0.0,0.0,0.0
3266.0,0.0,0.0,0.0,0.0,0.0,0.0
3267.0,0.0,0.0,0.0,0.0,0.0,0.0
3268.0,2.490127008059062e-05,0.0,0.0,0.0,0.0,0.0020751058400492184
3269.0,0.0002810286823660135,0.0,0.0,0.0,0.006944444444444444,0.046296296296296294
3270.0,0.00028004145133309066,0.0,0.0,0.0,0.010416666666666666,0.06944444444444445
3271.0,0.0,0.0,0.0,0.0,0.0,0.0
3272.0,0.0,0.0,0.0,0.0,0.0,0.0
3273.0,0.0,0.0,0.0,0.0,0.0,0.0
3274.0,0.013111752457916737,0.015860365703701973,0.0,0.0,0.203125,1.3541666666666667
3275.0,0.0,0.0,0.0,0.0,0.0,0.0
3276.0,0.0,0.0,0.0,0.0,0.0,0.0
3277.0,1.0846069926628843e-05,2.509343488554805e-08,0.0,0.0,0.0,0.0009038391605524035
3278.0,0.0,0.0,0.0,0.0,0.0,0.0
3279.0,0.0,0.0,0.0,0.0,0.0,0.0
3280.0,0.0,0.0,0.0,0.0,0.0,0.0
3281.0,0.0,0.0,0.0,0.0,0.0,0.0
3282.0,0.0,0.0,0.0,0.0,0.0,0.0
3283.0,0.0,0.0,0.0,0.0,0.0,0.0
3284.0,0.0,0.0,0.0,0.0,0.0,0.0
3285.0,0.0,0.0,0.0,0.0,0.0,0.0
3286.0,0.0,0.0,0.0,0.0,0.0,0.0
3287.0,0.0,0.0,0.0,0.0,0.0,0.0
3288.0,0.0,0.0,0.0,0.0,0.0,0.0
3289.0,0.0,0.0,0.0,0.0,0.0,0.0
3290.0,0.0,0.0,0.0,0.0,0.0,0.0
3291.0,0.0,0.0,0.0,0.0,0.0,0.0
3292.0,0.0,0.0,0.0,0.0,0.0,0.0
3293.0,0.0,0.0,0.0,0.0,0.0,0.0
3294.0,0.0,0.0,0.0,0.0,0.0,0.0
3295.0,0.0,0.0,0.0,0.0,0.0,0.0
3296.0,0.0,0.0,0.0,0.0,0.0,0.0
3297.0,0.0,0.0,0.0,0.0,0.0,0.0
3298.0,0.0,0.0,0.0,0.0,0.0,0.0
3299.0,0.0,0.0,0.0,0.0,0.0,0.0
3300.0,0.0,0.0,0.0,0.0,0.0,0.0
3301.0,0.0,0.0,0.0,0.0,0.0,0.0
3302.0,0.0,0.0,0.0,0.0,0.0,0.0
3303.0,0.0,0.0,0.0,0.0,0.0,0.0
3304.0,0.0,0.0,0.0,0.0,0.0,0.0
3305.0,0.0,0.0,0.0,0.0,0.0,0.0
3306.0,0.0,0.0,0.0,0.0,0.0,0.0
3307.0,0.0,0.0,0.0,0.0,0.0,0.0
3308.0,0.0,0.0,0.0,0.0,0.0,0.0
3309.0,0.0,0.0,0.0,0.0,0.0,0.0
3310.0,0.0,0.0,0.0,0.0,0.0,0.0
3311.0,0.0,0.0,0.0,0.0,0.0,0.0
3312.0,0.0,0.0,0.0,0.0,0.0,0.0
3313.0,0.0,0.0,0.0,0.0,0.0,0.0
3314.0,0.0,0.0,0.0,0.0,0.0,0.0
3315.0,0.0,0.0,0.0,0.0,0.0,0.0
3316.0,0.0,0.0,0.0,0.0,0.0,0.0
3317.0,0.0,0.0,0.0,0.0,0.0,0.0
3318.0,0.0,0.0,0.0,0.0,0.0,0.0
3319.0,0.0,0.0,0.0,0.0,0.0,0.0
3320.0,0.0,0.0,0.0,0.0,0.0,0.0
3321.0,0.0,0.0,0.0,0.0,0.0,0.0
3322.0,0.0,0.0,0.0,0.0,0.0,0.0
3323.0,0.0,0.0,0.0,0.0,0.0,0.0
3324.0,0.0,0.0,0.0,0.0,0.0,0.0
3325.0,0.0,0.0,0.0,0.0,0.0,0.0
3326.0,0.0,0.0,0.0,0.0,0.0,0.0
3327.0,0.0,0.0,0.0,0.0,0.0,0.0
3328.0,0.0,0.0,0.0,0.0,0.0,0.0
3329.0,0.0,0.0,0.0,0.0,0.0,0.0
3330.0,0.0,0.0,0.0,0.0,0.0,0.0
3331.0,0.0,0.0,0.0,0.0,0.0,0.0
3332.0,0.0,0.0,0.0,0.0,0.0,0.0
3333.0,0.0,0.0,0.0,0.0,0.0,0.0
3334.0,0.0,0.0,0.0,0.0,0.0,0.0
3335.0,0.0,0.0,0.0,0.0,0.0,0.0
3336.0,0.0,0.0,0.0,0.0,0.0,0.0
3337.0,0.0,0.0,0.0,0.0,0.0,0.0
3338.0,0.0,0.0,0.0,0.0,0.0,0.0
3339.0,0.00019260618137195706,0.0,0.0,0.0,0.008680555555555556,0.05787037037037038
3340.0,0.0010002382332459092,0.0,0.0,0.0,0.03125,0.20833333333333334
3341.0,0.0007316855480894446,0.0,0.0,0.0,0.015625,0.10416666666666667
3342.0,0.0011120470007881522,0.0,0.0,0.0,0.029513888888888888,0.19675925925925927
3343.0,2.1446041500894353e-05,0.0,0.0,0.0,0.005208333333333333,0.034722222222222224
3344.0,0.0,0.0,0.0,0.0,0.0,0.0
3345.0,0.0,0.0,0.0,0.0,0.0,0.0
3346.0,0.0,0.0,0.0,0.0,0.0,0.0
3347.0,8.045681897783652e-05,0.0,0.0,0.0,0.001736111111111111,0.011574074074074073
3348.0,0.0003747105656657368,0.0,0.0,0.0,0.001736111111111111,0.03122588047214473
3349.0,0.0003366693272255361,0.0,0.0,0.0,0.001736111111111111,0.028055777268794675
3350.0,0.0,0.0,0.0,0.0,0.0,0.0
3351.0,0.0,0.0,0.0,0.0,0.0,0.0
3352.0,9.0720250227605e-06,0.0,0.0,0.0,0.0,0.0007560020852300416
3353.0,0.0,0.0,0.0,0.0,0.0,0.0
3354.0,0.0,0.0,0.0,0.0,0.0,0.0
3355.0,6.980186299188063e-05,0.0,0.0,0.0,0.003472222222222222,0.023148148148148147
3356.0,0.00010210713662672788,0.0,0.0,0.0,0.001736111111111111,0.011574074074074073
3357.0,0.00022579653887078166,0.0,0.0,0.0,0.0,0.018816378239231806
3358.0,0.0002111417124979198,0.0,0.0,0.0,0.001736111111111111,0.017595142708159983
3359.0,2.435661190247629e-05,0.0,0.0,0.0,0.0,0.0020297176585396906
3360.0,9.276311175199226e-06,0.0,0.0,0.0,0.0,0.0007730259312666021
3361.0,0.00038912714808247983,0.0,0.0,0.0,0.0,0.03242726234020665
3362.0,0.00038866751128807664,0.0,0.0,0.0,0.0,0.03238895927400639
3363.0,0.0003777572710532695,0.0,0.0,0.0,0.0,0.03147977258777246
3364.0,0.00037916997098363936,0.0,0.0,0.0,0.0,0.03159749758196995
3365.0,0.0,0.0,0.0,0.0,0.0,0.0
3366.0,0.0,0.0,0.0,0.0,0.0,0.0
3367.0,0.0,0.0,0.0,0.0,0.0,0.0
3368.0,1.8093001926899888e-05,0.0,0.0,0.0,0.0,0.0015077501605749906
3369.0,0.0,0.0,0.0,0.0,0.0,0.0
3370.0,0.0,0.0,0.0,0.0,0.0,0.0
3371.0,0.0,0.0,0.0,0.0,0.0,0.0
3372.0,0.0,0.0,0.0,0.0,0.0,0.0
3373.0,0.0,0.0,0.0,0.0,0.0,0.0
3374.0,0.0,0.0,0.0,0.0,0.0,0.0
3375.0,0.0,0.0,0.0,0.0,0.0,0.0
3376.0,0.0,0.0,0.0,0.0,0.0,0.0
3377.0,1.2305958989600185e-05,0.0,0.0,0.0,0.0,0.0010254965824666822
3378.0,0.0010495639871805906,0.0,0.0,0.0,0.012152777777777778,0.08746366559838255
3379.0,0.00029079854721203446,0.0,0.0,0.0,0.005208333333333333,0.034722222222222224
3380.0,0.0,0.0,0.0,0.0,0.0,0.0
3381.0,0.0,0.0,0.0,0.0,0.0,0.0
3382.0,0.0,0.0,0.0,0.0,0.0,0.0
3383.0,0.0,0.0,0.0,0.0,0.0,0.0
3384.0,0.0,0.0,0.0,0.0,0.0,0.0
3385.0,8.459283890260849e-06,0.0,0.0,0.0,0.0,0.0007049403241884041
3386.0,0.0,0.0,0.0,0.0,0.0,0.0
3387.0,0.0,0.0,0.0,0.0,0.0,0.0
3388.0,0.0,0.0,0.0,0.0,0.0,0.0
3389.0,0.0,0.0,0.0,0.0,0.0,0.0
3390.0,0.0,0.0,0.0,0.0,0.0,0.0
3391.0,0.0,0.0,0.0,0.0,0.0,0.0
3392.0,0.0,0.0,0.0,0.0,0.0,0.0
3393.0,0.0,0.0,0.0,0.0,0.0,0.0
3394.0,0.007341892924159765,0.0,0.0,0.0,0.11284722222222222,0.7523148148148149
3395.0,0.0,0.0,0.0,0.0,0.0,0.0
3396.0,0.0,0.0,0.0,0.0,0.0,0.0
3397.0,0.0,0.0,0.0,0.0,0.0,0.0
3398.0,0.0,0.0,0.0,0.0,0.0,0.0
3399.0,0.0,0.0,0.0,0.0,0.0,0.0
3400.0,0.0,0.0,0.0,0.0,0.0,0.0
3401.0,0.0,0.0,0.0,0.0,0.0,0.0
3402.0,2.2807898858445697e-06,0.0,0.0,0.0,0.0,0.0001900658238203808
3403.0,0.0,0.0,0.0,0.0,0.0,0.0
3404.0,0.0,0.0,0.0,0.0,0.0,0.0
3405.0,0.0,0.0,0.0,0.0,0.0,0.0
3406.0,0.0,0.0,0.0,0.0,0.0,0.0
3407.0,0.0,0.0,0.0,0.0,0.0,0.0
3408.0,0.0,0.0,0.0,0.0,0.0,0.0
3409.0,0.0,0.0,0.0,0.0,0.0,0.0
3410.0,0.0,0.0,0.0,0.0,0.0,0.0
3411.0,0.0,0.0,0.0,0.0,0.0,0.0
3412.0,0.0,0.0,0.0,0.0,0.0,0.0
3413.0,0.0,0.0,0.0,0.0,0.0,0.0
3414.0,0.0,0.0,0.0,0.0,0.0,0.0
3415.0,0.0,0.0,0.0,0.0,0.0,0.0
3416.0,0.0,0.0,0.0,0.0,0.0,0.0
3417.0,0.0,0.0,0.0,0.0,0.0,0.0
3418.0,0.0,0.0,0.0,0.0,0.0,0.0
3419.0,0.0,0.0,0.0,0.0,0.0,0.0
3420.0,0.037095800042152405,0.010462767444550991,0.0,0.00037048241938464344,0.18055555555555555,3.091316670179367
3421.0,0.0,0.0,0.0,0.0,0.0,0.0
3422.0,0.0,0.0,0.0,0.0,0.0,0.0
3423.0,0.0,0.0,0.0,0.0,0.0,0.0
3424.0,0.0,0.0,0.0,0.0,0.0,0.0
3425.0,0.0,0.0,0.0,0.0,0.0,0.0
3426.0,0.0,0.0,0.0,0.0,0.0,0.0
3427.0,0.0002219903835793957,9.884025348583236e-05,0.0,0.0001355535350739956,0.0,0.01849919863161631
3428.0,0.0,0.0,0.0,0.0,0.0,0.0
3429.0,0.0,0.0,0.0,0.0,0.0,0.0
3430.0,0.0,0.0,0.0,0.0,0.0,0.0
3431.0,0.0,0.0,0.0,0.0,0.0,0.0
3432.0,0.0,0.0,0.0,0.0,0.0,0.0
3433.0,0.0,0.0,0.0,0.0,0.0,0.0
3434.0,0.0,0.0,0.0,0.0,0.0,0.0
3435.0,0.0,0.0,0.0,0.0,0.0,0.0
3436.0,0.0,0.0,0.0,0.0,0.0,0.0
3437.0,0.0,0.0,0.0,0.0,0.0,0.0
3438.0,0.0,0.0,0.0,0.0,0.0,0.0
3439.0,0.0,0.0,0.0,0.0,0.0,0.0
3440.0,0.0,0.0,0.0,0.0,0.0,0.0
3441.0,0.0,0.0,0.0,0.0,0.0,0.0
3442.0,0.0,0.0,0.0,0.0,0.0,0.0
3443.0,0.0,0.0,0.0,0.0,0.0,0.0
3444.0,0.0,0.0,0.0,0.0,0.0,0.0
3445.0,0.0,0.0,0.0,0.0,0.0,0.0
3446.0,0.0,0.0,0.0,0.0,0.0,0.0
3447.0,0.0,0.0,0.0,0.0,0.0,0.0
3448.0,0.0,0.0,0.0,0.0,0.0,0.0
3449.0,0.0,0.0,0.0,0.0,0.0,0.0
3450.0,0.0,0.0,0.0,0.0,0.0,0.0
3451.0,0.0,0.0,0.0,0.0,0.0,0.0
3452.0,0.0,0.0,0.0,0.0,0.0,0.0
3453.0,0.0,0.0,0.0,0.0,0.0,0.0
3454.0,0.0,0.0,0.0,0.0,0.0,0.0
3455.0,0.0,0.0,0.0,0.0,0.0,0.0
3456.0,0.0,0.0,0.0,0.0,0.0,0.0
3457.0,0.0,0.0,0.0,0.0,0.0,0.0
3458.0,0.0,0.0,0.0,0.0,0.0,0.0
3459.0,0.0,0.0,0.0,0.0,0.0,0.0
3460.0,0.0,0.0,0.0,0.0,0.0,0.0
3461.0,0.0,0.0,0.0,0.0,0.0,0.0
3462.0,0.0,0.0,0.0,0.0,0.0,0.0
3463.0,0.0,0.0,0.0,0.0,0.0,0.0
3464.0,0.0,0.0,0.0,0.0,0.0,0.0
3465.0,0.0,0.0,0.0,0.0,0.0,0.0
3466.0,0.0,0.0,0.0,0.0,0.0,0.0
3467.0,0.0,0.0,0.0,0.0,0.0,0.0
3468.0,0.0,0.0,0.0,0.0,0.0,0.0
3469.0,0.0,0.0,0.0,0.0,0.0,0.0
3470.0,0.0,0.0,0.0,0.0,0.0,0.0
3471.0,0.0,0.0,0.0,0.0,0.0,0.0
3472.0,0.0,0.0,0.0,0.0,0.0,0.0
3473.0,0.0,0.0,0.0,0.0,0.0,0.0
3474.0,0.0,0.0,0.0,0.0,0.0,0.0
3475.0,0.0,0.0,0.0,0.0,0.0,0.0
3476.0,0.0,0.0,0.0,0.0,0.0,0.0
3477.0,0.0,0.0,0.0,0.0,0.0,0.0
3478.0,0.0,0.0,0.0,0.0,0.0,0.0
3479.0,0.0,0.0,0.0,0.0,0.0,0.0
3480.0,0.0,0.0,0.0,0.0,0.0,0.0
3481.0,0.0,0.0,0.0,0.0,0.0,0.0
3482.0,0.0,0.0,0.0,0.0,0.0,0.0
3483.0,0.0,0.0,0.0,0.0,0.0,0.0
3484.0,1.552411177385693e-08,0.0,0.0,0.0,0.0,1.2936759811547442e-06
3485.0,0.03710026666522026,0.010454459115862846,0.0,0.0004961653030477464,0.18055555555555555,3.091688888768355
3486.0,0.0,0.0,0.0,0.0,0.0,0.0
3487.0,0.0,0.0,0.0,0.0,0.0,0.0
3488.0,0.0,0.0,0.0,0.0,0.0,0.0
3489.0,0.0,0.0,0.0,0.0,0.0,0.0
3490.0,0.0,0.0,0.0,0.0,0.0,0.0
3491.0,0.0,0.0,0.0,0.0,0.0,0.0
3492.0,0.0,0.0,0.0,0.0,0.0,0.0
3493.0,0.0,0.0,0.0,0.0,0.0,0.0
3494.0,0.0,0.0,0.0,0.0,0.0,0.0
3495.0,0.0,0.0,0.0,0.0,0.0,0.0
3496.0,0.0,0.0,0.0,0.0,0.0,0.0
3497.0,0.0,0.0,0.0,0.0,0.0,0.0
3498.0,0.0,0.0,0.0,0.0,0.0,0.0
3499.0,0.0,0.0,0.0,0.0,0.0,0.0
3500.0,0.0,0.0,0.0,0.0,0.0,0.0
3501.0,0.037100523710250854,0.010456227697432041,0.0,0.0004961653030477464,0.18055555555555555,3.091710309187571
3502.0,0.04256869852542877,0.03179707005620003,0.0,0.0003798491379711777,0.2048611111111111,3.547391543785731
3503.0,0.0,0.0,0.0,0.0,0.0,0.0
3504.0,0.0,0.0,0.0,0.0,0.0,0.0
3505.0,0.0,0.0,0.0,0.0,0.0,0.0
3506.0,0.0,0.0,0.0,0.0,0.0,0.0
3507.0,0.0,0.0,0.0,0.0,0.0,0.0
3508.0,0.0,0.0,0.0,0.0,0.0,0.0
3509.0,0.00022121005167718977,0.00020193951786495745,2.4152797777787782e-05,4.104245454072952e-05,0.001736111111111111,0.018434170973099146
3510.0,7.339286185015226e-06,3.225227374059614e-06,2.4152797777787782e-05,0.0,0.0,0.0006116071820846022
3511.0,0.0,0.0,0.0,0.0,0.0,0.0
3512.0,0.0,0.0,0.0,0.0,0.0,0.0
3513.0,0.0,0.0,0.0,0.0,0.0,0.0
3514.0,0.0,0.0,0.0,0.0,0.0,0.0
3515.0,0.0,0.0,0.0,0.0,0.0,0.0
3516.0,0.0,0.0,0.0,0.0,0.0,0.0
3517.0,0.0,0.0,0.0,0.0,0.0,0.0
3518.0,0.0,0.0,0.0,0.0,0.0,0.0
3519.0,0.0,0.0,0.0,0.0,0.0,0.0
3520.0,0.0,0.0,0.0,0.0,0.0,0.0
3521.0,0.0,0.0,0.0,0.0,0.0,0.0
3522.0,0.0,0.0,0.0,0.0,0.0,0.0
3523.0,0.0,0.0,0.0,0.0,0.0,0.0
3524.0,0.0,0.0,0.0,0.0,0.0,0.0
3525.0,0.0,0.0,0.0,0.0,0.0,0.0
3526.0,0.0,0.0,0.0,0.0,0.0,0.0
3527.0,0.0,0.0,0.0,0.0,0.0,0.0
3528.0,0.0,0.0,0.0,0.0,0.0,0.0
3529.0,0.0,0.0,0.0,0.0,0.0,0.0
3530.0,0.0,0.0,0.0,0.0,0.0,0.0
3531.0,0.0,0.0,0.0,0.0,0.0,0.0
3532.0,0.0,0.0,0.0,0.0,0.0,0.0
3533.0,0.0,0.0,0.0,0.0,0.0,0.0
3534.0,7.339286185015226e-06,3.225227374059614e-06,2.4152797777787782e-05,0.0,0.0,0.0006116071820846022
3535.0,7.339286185015226e-06,3.225227374059614e-06,2.4152797777787782e-05,0.0,0.0,0.0006116071820846022
3536.0,0.00015614782751072198,0.0010076862527057528,0.0,0.0,0.005208333333333333,0.034722222222222224
3537.0,0.00013655702059622854,0.0008777083712629974,0.0,0.0,0.003472222222222222,0.023148148148148147
3538.0,0.00016559431969653815,0.0010707491310313344,0.0,0.0,0.006944444444444444,0.046296296296296294
3539.0,0.0001976272906176746,0.0012778773671016097,0.0,0.0,0.005208333333333333,0.034722222222222224
3540.0,0.0004592183686327189,0.0,0.0,0.0,0.013888888888888888,0.09259259259259259
3541.0,2.723350291944371e-07,0.0,0.0,0.0,0.0,2.269458576620309e-05
3542.0,0.0,0.0,0.0,0.0,0.0,0.0
3543.0,0.000339733058353886,3.807993925875053e-05,0.0,0.0,0.005208333333333333,0.034722222222222224
3544.0,0.0002025121939368546,0.0,0.0,0.0,0.008680555555555556,0.05787037037037038
3545.0,0.000283751985989511,0.0,0.0,0.0,0.001736111111111111,0.023645998832459252
3546.0,0.00016264976875390857,0.0,0.0,0.0,0.003472222222222222,0.023148148148148147
3547.0,0.0,0.0,0.0,0.0,0.0,0.0
3548.0,0.0,0.0,0.0,0.0,0.0,0.0
3549.0,0.0,0.0,0.0,0.0,0.0,0.0
3550.0,1.4859063412586693e-05,0.0,0.0,0.0,0.003472222222222222,0.023148148148148147
3551.0,0.00033404811983928084,1.1005581512790741e-07,0.0,0.0,0.006944444444444444,0.046296296296296294
3552.0,9.363083518110216e-05,0.0,0.0,0.0,0.001736111111111111,0.011574074074074073
3553.0,0.0,0.0,0.0,0.0,0.0,0.0
3554.0,0.0002698801108635962,0.0,0.0,0.0,0.008680555555555556,0.05787037037037038
3555.0,0.00012340002285782248,0.0,0.0,0.0,0.001736111111111111,0.011574074074074073
3556.0,0.00010309433855582029,0.0,0.0,0.0,0.003472222222222222,0.023148148148148147
3557.0,0.0002727906685322523,0.0,0.0,0.0,0.005208333333333333,0.034722222222222224
3558.0,0.00015604571672156453,0.0,0.0,0.0,0.003472222222222222,0.023148148148148147
3559.0,0.00022962955699767917,3.7755148696305696e-06,2.4152797777787782e-05,0.0,0.003472222222222222,0.023148148148148147
3560.0,0.00016289137420244515,3.7755148696305696e-06,2.4152797777787782e-05,0.0,0.001736111111111111,0.013574281183537096
3561.0,0.0001998059160541743,0.0,0.0,0.0,0.005208333333333333,0.034722222222222224
3562.0,3.325843863422051e-05,0.0,0.0,0.0,0.001736111111111111,0.011574074074074073
3563.0,0.00026186337345279753,0.0,0.0,0.0,0.006944444444444444,0.046296296296296294
3564.0,0.00011965548765147105,0.0,0.0,0.0,0.005208333333333333,0.034722222222222224
3565.0,0.00024622134515084326,0.0,0.0,0.0,0.001736111111111111,0.020518445429236937
3566.0,0.0001366251235594973,0.0,0.0,0.0,0.001736111111111111,0.011574074074074073
3567.0,0.0,0.0,0.0,0.0,0.0,0.0
3568.0,1.2169802175776567e-05,0.0,0.0,0.0,0.0,0.001014150181314714
3569.0,0.0,0.0,0.0,0.0,0.0,0.0
3570.0,0.0,0.0,0.0,0.0,0.0,0.0
3571.0,0.0,0.0,0.0,0.0,0.0,0.0
3572.0,0.0,0.0,0.0,0.0,0.0,0.0
3573.0,0.0,0.0,0.0,0.0,0.0,0.0
3574.0,0.0,0.0,0.0,0.0,0.0,0.0
3575.0,0.0,0.0,0.0,0.0,0.0,0.0
3576.0,0.0,0.0,0.0,0.0,0.0,0.0
3577.0,0.0,0.0,0.0,0.0,0.0,0.0
3578.0,0.0,0.0,0.0,0.0,0.0,0.0
3579.0,6.75040646456182e-05,0.0,0.0,0.0,0.001736111111111111,0.011574074074074073
3580.0,0.00019835916464217007,0.0,0.0,0.0,0.0,0.016529930386847507
3581.0,4.4287840864853933e-05,0.0,0.0,0.0,0.0,0.003690653405404494
3582.0,0.0002572507946752012,0.0,0.0,0.0,0.005208333333333333,0.034722222222222224
3583.0,0.0,0.0,0.0,0.0,0.0,0.0
3584.0,1.35858772409847e-05,3.7755148696305696e-06,2.4152797777787782e-05,0.0,0.0,0.0011321564367487251
3585.0,8.122236067720223e-06,3.7755148696305696e-06,2.4152797777787782e-05,0.0,0.0,0.0006768530056433519
3586.0,0.005368088837713003,0.004230829421430826,0.0,0.0,0.11979166666666667,0.7986111111111112
3587.0,0.0,0.0,0.0,0.0,0.0,0.0
3588.0,0.0,0.0,0.0,0.0,0.0,0.0
3589.0,0.0,0.0,0.0,0.0,0.0,0.0
3590.0,0.0,0.0,0.0,0.0,0.0,0.0
3591.0,0.0,0.0,0.0,0.0,0.0,0.0
3592.0,0.0,0.0,0.0,0.0,0.0,0.0
3593.0,0.0,0.0,0.0,0.0,0.0,0.0
3594.0,0.0,0.0,0.0,0.0,0.0,0.0
3595.0,0.0,0.0,0.0,0.0,0.0,0.0
3596.0,0.0,0.0,0.0,0.0,0.0,0.0
3597.0,0.0,0.0,0.0,0.0,0.0,0.0
3598.0,0.0,0.0,0.0,0.0,0.0,0.0
3599.0,0.0,0.0,0.0,0.0,0.0,0.0
3600.0,0.0,0.0,0.0,0.0,0.0,0.0
3601.0,0.0,0.0,0.0,0.0,0.0,0.0
3602.0,0.0,0.0,0.0,0.0,0.0,0.0
3603.0,0.0,0.0,0.0,0.0,0.0,0.0
3604.0,0.0,0.0,0.0,0.0,0.0,0.0
3605.0,0.0,0.0,0.0,0.0,0.0,0.0
3606.0,0.0,0.0,0.0,0.0,0.0,0.0
3607.0,0.0,0.0,0.0,0.0,0.0,0.0
3608.0,0.0,0.0,0.0,0.0,0.0,0.0
3609.0,7.339286185015226e-06,3.225227374059614e-06,2.4152797777787782e-05,0.0,0.0,0.0006116071820846022
3610.0,7.339286185015226e-06,3.225227374059614e-06,2.4152797777787782e-05,0.0,0.0,0.0006116071820846022
3611.0,0.0,0.0,0.0,0.0,0.0,0.0
3612.0,0.0,0.0,0.0,0.0,0.0,0.0
3613.0,0.0,0.0,0.0,0.0,0.0,0.0
3614.0,0.0,0.0,0.0,0.0,0.0,0.0
3615.0,0.0,0.0,0.0,0.0,0.0,0.0
3616.0,0.0,0.0,0.0,0.0,0.0,0.0
3617.0,0.0,0.0,0.0,0.0,0.0,0.0
3618.0,0.0,0.0,0.0,0.0,0.0,0.0
3619.0,0.0,0.0,0.0,0.0,0.0,0.0
3620.0,0.0,0.0,0.0,0.0,0.0,0.0
3621.0,0.0,0.0,0.0,0.0,0.0,0.0
3622.0,0.0,0.0,0.0,0.0,0.0,0.0
3623.0,0.0,0.0,0.0,0.0,0.0,0.0
3624.0,0.0,0.0,0.0,0.0,0.0,0.0
3625.0,0.0,0.0,0.0,0.0,0.0,0.0
3626.0,0.0,0.0,0.0,0.0,0.0,0.0
3627.0,0.0,0.0,0.0,0.0,0.0,0.0
3628.0,5.565765604842454e-06,0.0,0.0,0.0,0.0,0.0004638138004035378
3629.0,0.0001476034667575732,0.0,0.0,0.0,0.0,0.012300288896464432
3630.0,0.00014568011101800948,0.0,0.0,0.0,0.0,0.012140009251500791
3631.0,4.5989916543476284e-05,0.0,0.0,0.0,0.0,0.00383249304528969
3632.0,0.00021199273760430515,0.0,0.0,0.0,0.001736111111111111,0.01766606146702543
3633.0,0.00020935453358106315,0.0,0.0,0.0,0.003472222222222222,0.023148148148148147
3634.0,9.268103895010427e-05,3.225227374059614e-06,2.4152797777787782e-05,0.0,0.0,0.007723419912508689
3635.0,7.594594990223413e-06,3.225227374059614e-06,2.4152797777787782e-05,0.0,0.0,0.0006328829158519511
3636.0,0.0,0.0,0.0,0.0,0.0,0.0
3637.0,0.0,0.0,0.0,0.0,0.0,0.0
3638.0,0.0,0.0,0.0,0.0,0.0,0.0
3639.0,0.0,0.0,0.0,0.0,0.0,0.0
3640.0,0.0,0.0,0.0,0.0,0.0,0.0
3641.0,0.0,0.0,0.0,0.0,0.0,0.0
3642.0,0.00012443828745745122,0.0,0.0,0.0,0.001736111111111111,0.011574074074074073
3643.0,0.0004048712144140154,0.0,0.0,0.0,0.005208333333333333,0.034722222222222224
3644.0,0.0,0.0,0.0,0.0,0.0,0.0
3645.0,0.0,0.0,0.0,0.0,0.0,0.0
3646.0,0.0,0.0,0.0,0.0,0.0,0.0
3647.0,0.0013649745378643274,0.0,0.0,0.0,0.008680555555555556,0.11374787815536061
3648.0,0.0,0.0,0.0,0.0,0.0,0.0
3649.0,0.0,0.0,0.0,0.0,0.0,0.0
3650.0,0.0,0.0,0.0,0.0,0.0,0.0
3651.0,5.701935151591897e-06,0.0,0.0,0.0,0.0,0.00047516126263265807
3652.0,5.7393779570702463e-05,0.0,0.0,0.0,0.0,0.004782814964225206
3653.0,0.0,0.0,0.0,0.0,0.0,0.0
3654.0,3.344565993756987e-05,0.0,0.0,0.0,0.003472222222222222,0.023148148148148147
3655.0,3.2713778637116775e-05,0.0,0.0,0.0,0.003472222222222222,0.023148148148148147
3656.0,3.3343545510433614e-05,0.0,0.0,0.0,0.005208333333333333,0.034722222222222224
3657.0,5.310456617735326e-05,0.0,0.0,0.0,0.003472222222222222,0.023148148148148147
3658.0,6.280636443989351e-05,0.0,0.0,0.0,0.001736111111111111,0.011574074074074073
3659.0,6.475009286077693e-05,3.225227374059614e-06,2.4152797777787782e-05,0.0,0.0,0.005395841071731411
3660.0,7.373327207460534e-06,3.225227374059614e-06,2.4152797777787782e-05,0.0,0.0,0.0006144439339550445
3661.0,0.0,0.0,0.0,0.0,0.0,0.0
3662.0,0.00023982158745639026,0.0,0.0,0.0,0.005208333333333333,0.034722222222222224
3663.0,0.0002787819248624146,0.0,0.0,0.0,0.003472222222222222,0.023231827071867883
3664.0,0.00038625061279162765,0.0,0.0,0.0,0.003472222222222222,0.03218755106596897
3665.0,0.0002215924032498151,0.0,0.0,0.0,0.0,0.01846603360415126
3666.0,0.0003184741653967649,0.0,0.0,0.0,0.005208333333333333,0.034722222222222224
3667.0,0.00040624995017424226,0.0,0.0,0.0,0.006944444444444444,0.046296296296296294
3668.0,0.00021983931947033852,0.0,0.0,0.0,0.005208333333333333,0.034722222222222224
3669.0,0.00017042818944901228,0.0,0.0,0.0,0.0,0.014202349120751023
3670.0,0.00020152500655967742,0.0,0.0,0.0,0.003472222222222222,0.023148148148148147
3671.0,0.0,0.0,0.0,0.0,0.0,0.0
3672.0,0.0,0.0,0.0,0.0,0.0,0.0
3673.0,0.0,0.0,0.0,0.0,0.0,0.0
3674.0,0.0,0.0,0.0,0.0,0.0,0.0
3675.0,0.0,0.0,0.0,0.0,0.0,0.0
3676.0,1.0740065590653103e-05,0.0,0.0,0.0,0.0,0.0008950054658877585
3677.0,0.0,0.0,0.0,0.0,0.0,0.0
3678.0,0.0,0.0,0.0,0.0,0.0,0.0
3679.0,0.0,0.0,0.0,0.0,0.0,0.0
3680.0,0.0,0.0,0.0,0.0,0.0,0.0
3681.0,0.0,0.0,0.0,0.0,0.0,0.0
3682.0,0.0,0.0,0.0,0.0,0.0,0.0
3683.0,0.0,0.0,0.0,0.0,0.0,0.0
3684.0,0.0027510239742696285,3.225227374059614e-06,2.4152797777787782e-05,0.0,0.046875,0.3125
3685.0,7.339286185015226e-06,3.225227374059614e-06,2.4152797777787782e-05,0.0,0.0,0.0006116071820846022
3686.0,0.0,0.0,0.0,0.0,0.0,0.0
3687.0,0.0,0.0,0.0,0.0,0.0,0.0
3688.0,0.0,0.0,0.0,0.0,0.0,0.0
3689.0,0.0,0.0,0.0,0.0,0.0,0.0
3690.0,0.0,0.0,0.0,0.0,0.0,0.0
3691.0,0.0,0.0,0.0,0.0,0.0,0.0
3692.0,0.0,0.0,0.0,0.0,0.0,0.0
3693.0,0.0,0.0,0.0,0.0,0.0,0.0
3694.0,0.0,0.0,0.0,0.0,0.0,0.0
3695.0,0.0,0.0,0.0,0.0,0.0,0.0
3696.0,0.0,0.0,0.0,0.0,0.0,0.0
3697.0,0.0,0.0,0.0,0.0,0.0,0.0
3698.0,0.0,0.0,0.0,0.0,0.0,0.0
3699.0,0.0,0.0,0.0,0.0,0.0,0.0
3700.0,0.0,0.0,0.0,0.0,0.0,0.0
3701.0,0.0,0.0,0.0,0.0,0.0,0.0
3702.0,0.0,0.0,0.0,0.0,0.0,0.0
3703.0,0.0,0.0,0.0,0.0,0.0,0.0
3704.0,0.0,0.0,0.0,0.0,0.0,0.0
3705.0,0.0,0.0,0.0,0.0,0.0,0.0
3706.0,0.0,0.0,0.0,0.0,0.0,0.0
3707.0,0.0,0.0,0.0,0.0,0.0,0.0
3708.0,0.0,0.0,0.0,0.0,0.0,0.0
3709.0,7.339286185015226e-06,3.225227374059614e-06,2.4152797777787782e-05,0.0,0.0,0.0006116071820846022
3710.0,7.339286185015226e-06,3.225227374059614e-06,2.4152797777787782e-05,0.0,0.0,0.0006116071820846022
3711.0,0.0,0.0,0.0,0.0,0.0,0.0
3712.0,0.0,0.0,0.0,0.0,0.0,0.0
3713.0,0.0,0.0,0.0,0.0,0.0,0.0
3714.0,0.0,0.0,0.0,0.0,0.0,0.0
3715.0,0.0,0.0,0.0,0.0,0.0,0.0
3716.0,0.0,0.0,0.0,0.0,0.0,0.0
3717.0,0.0,0.0,0.0,0.0,0.0,0.0
3718.0,0.0,0.0,0.0,0.0,0.0,0.0
3719.0,0.0,0.0,0.0,0.0,0.0,0.0
3720.0,0.0,0.0,0.0,0.0,0.0,0.0
3721.0,0.0,0.0,0.0,0.0,0.0,0.0
3722.0,0.0,0.0,0.0,0.0,0.0,0.0
3723.0,0.0,0.0,0.0,0.0,0.0,0.0
3724.0,0.0,0.0,0.0,0.0,0.0,0.0
3725.0,0.0,0.0,0.0,0.0,0.0,0.0
3726.0,0.0,0.0,0.0,0.0,0.0,0.0
3727.0,0.0,0.0,0.0,0.0,0.0,0.0
3728.0,0.0,0.0,0.0,0.0,0.0,0.0
3729.0,0.0,0.0,0.0,0.0,0.0,0.0
3730.0,0.0,0.0,0.0,0.0,0.0,0.0
3731.0,0.0,0.0,0.0,0.0,0.0,0.0
3732.0,0.0,0.0,0.0,0.0,0.0,0.0
3733.0,0.0,0.0,0.0,0.0,0.0,0.0
3734.0,7.339286185015226e-06,3.225227374059614e-06,2.4152797777787782e-05,0.0,0.0,0.0006116071820846022
3735.0,7.339286185015226e-06,3.225227374059614e-06,2.4152797777787782e-05,0.0,0.0,0.0006116071820846022
3736.0,0.0,0.0,0.0,0.0,0.0,0.0
3737.0,0.0,0.0,0.0,0.0,0.0,0.0
3738.0,0.0,0.0,0.0,0.0,0.0,0.0
3739.0,0.0,0.0,0.0,0.0,0.0,0.0
3740.0,0.0,0.0,0.0,0.0,0.0,0.0
3741.0,0.0,0.0,0.0,0.0,0.0,0.0
3742.0,0.0,0.0,0.0,0.0,0.0,0.0
3743.0,0.0,0.0,0.0,0.0,0.0,0.0
3744.0,0.0,0.0,0.0,0.0,0.0,0.0
3745.0,0.0,0.0,0.0,0.0,0.0,0.0
3746.0,0.0,0.0,0.0,0.0,0.0,0.0
3747.0,0.0,0.0,0.0,0.0,0.0,0.0
3748.0,0.0,0.0,0.0,0.0,0.0,0.0
3749.0,0.0,0.0,0.0,0.0,0.0,0.0
3750.0,0.0,0.0,0.0,0.0,0.0,0.0
3751.0,0.0,0.0,0.0,0.0,0.0,0.0
3752.0,0.0,0.0,0.0,0.0,0.0,0.0
3753.0,0.0,0.0,0.0,0.0,0.0,0.0
3754.0,0.0,0.0,0.0,0.0,0.0,0.0
3755.0,0.0,0.0,0.0,0.0,0.0,0.0
3756.0,0.0,0.0,0.0,0.0,0.0,0.0
3757.0,0.0,0.0,0.0,0.0,0.0,0.0
3758.0,0.0,0.0,0.0,0.0,0.0,0.0
3759.0,7.339286185015226e-06,3.225227374059614e-06,2.4152797777787782e-05,0.0,0.0,0.0006116071820846022
3760.0,7.339286185015226e-06,3.225227374059614e-06,2.4152797777787782e-05,0.0,0.0,0.0006116071820846022
3761.0,0.0,0.0,0.0,0.0,0.0,0.0
3762.0,0.0,0.0,0.0,0.0,0.0,0.0
3763.0,0.0,0.0,0.0,0.0,0.0,0.0
3764.0,0.0,0.0,0.0,0.0,0.0,0.0
3765.0,0.0,0.0,0.0,0.0,0.0,0.0
3766.0,0.0,0.0,0.0,0.0,0.0,0.0
3767.0,0.0,0.0,0.0,0.0,0.0,0.0
3768.0,0.0,0.0,0.0,0.0,0.0,0.0
3769.0,0.0,0.0,0.0,0.0,0.0,0.0
3770.0,0.0,0.0,0.0,0.0,0.0,0.0
3771.0,0.0,0.0,0.0,0.0,0.0,0.0
3772.0,0.0,0.0,0.0,0.0,0.0,0.0
3773.0,0.0,0.0,0.0,0.0,0.0,0.0
3774.0,0.0,0.0,0.0,0.0,0.0,0.0
3775.0,0.0,0.0,0.0,0.0,0.0,0.0
3776.0,0.0,0.0,0.0,0.0,0.0,0.0
3777.0,0.0,0.0,0.0,0.0,0.0,0.0
3778.0,0.0,0.0,0.0,0.0,0.0,0.0
3779.0,0.0,0.0,0.0,0.0,0.0,0.0
3780.0,0.0,0.0,0.0,0.0,0.0,0.0
3781.0,0.0,0.0,0.0,0.0,0.0,0.0
3782.0,0.0,0.0,0.0,0.0,0.0,0.0
3783.0,0.0,0.0,0.0,0.0,0.0,0.0
3784.0,7.339286185015226e-06,3.225227374059614e-06,2.4152797777787782e-05,0.0,0.0,0.0006116071820846022
3785.0,7.339286185015226e-06,3.225227374059614e-06,2.4152797777787782e-05,0.0,0.0,0.0006116071820846022
3786.0,0.0,0.0,0.0,0.0,0.0,0.0
3787.0,0.0,0.0,0.0,0.0,0.0,0.0
3788.0,0.0,0.0,0.0,0.0,0.0,0.0
3789.0,0.0,0.0,0.0,0.0,0.0,0.0
3790.0,0.0,0.0,0.0,0.0,0.0,0.0
3791.0,0.0,0.0,0.0,0.0,0.0,0.0
3792.0,0.0,0.0,0.0,0.0,0.0,0.0
3793.0,0.0,0.0,0.0,0.0,0.0,0.0
3794.0,0.0,0.0,0.0,0.0,0.0,0.0
3795.0,0.0,0.0,0.0,0.0,0.0,0.0
3796.0,0.0,0.0,0.0,0.0,0.0,0.0
3797.0,0.0,0.0,0.0,0.0,0.0,0.0
3798.0,0.0,0.0,0.0,0.0,0.0,0.0
3799.0,0.0,0.0,0.0,0.0,0.0,0.0
3800.0,0.0,0.0,0.0,0.0,0.0,0.0
3801.0,0.0,0.0,0.0,0.0,0.0,0.0
3802.0,0.0,0.0,0.0,0.0,0.0,0.0
3803.0,0.0,0.0,0.0,0.0,0.0,0.0
3804.0,0.0,0.0,0.0,0.0,0.0,0.0
3805.0,0.0,0.0,0.0,0.0,0.0,0.0
3806.0,0.0,0.0,0.0,0.0,0.0,0.0
3807.0,0.0,0.0,0.0,0.0,0.0,0.0
3808.0,0.0,0.0,0.0,0.0,0.0,0.0
3809.0,7.339286185015226e-06,3.225227374059614e-06,2.4152797777787782e-05,0.0,0.0,0.0006116071820846022
3810.0,7.339286185015226e-06,3.225227374059614e-06,2.4152797777787782e-05,0.0,0.0,0.0006116071820846022
3811.0,0.0,0.0,0.0,0.0,0.0,0.0
3812.0,0.0,0.0,0.0,0.0,0.0,0.0
3813.0,0.0,0.0,0.0,0.0,0.0,0.0
3814.0,0.0,0.0,0.0,0.0,0.0,0.0
3815.0,0.0,0.0,0.0,0.0,0.0,0.0
3816.0,0.0,0.0,0.0,0.0,0.0,0.0
3817.0,0.0,0.0,0.0,0.0,0.0,0.0
3818.0,0.0,0.0,0.0,0.0,0.0,0.0
3819.0,0.0,0.0,0.0,0.0,0.0,0.0
3820.0,0.0,0.0,0.0,0.0,0.0,0.0
3821.0,0.0,0.0,0.0,0.0,0.0,0.0
3822.0,0.0,0.0,0.0,0.0,0.0,0.0
3823.0,0.0,0.0,0.0,0.0,0.0,0.0
3824.0,0.0,0.0,0.0,0.0,0.0,0.0
3825.0,0.0,0.0,0.0,0.0,0.0,0.0
3826.0,0.0,0.0,0.0,0.0,0.0,0.0
3827.0,0.0,0.0,0.0,0.0,0.0,0.0
3828.0,0.0,0.0,0.0,0.0,0.0,0.0
3829.0,0.0,0.0,0.0,0.0,0.0,0.0
3830.0,0.0,0.0,0.0,0.0,0.0,0.0
3831.0,0.0,0.0,0.0,0.0,0.0,0.0
3832.0,0.0,0.0,0.0,0.0,0.0,0.0
3833.0,0.0,0.0,0.0,0.0,0.0,0.0
3834.0,7.339286185015226e-06,3.225227374059614e-06,2.4152797777787782e-05,0.0,0.0,0.0006116071820846022
3835.0,7.339286185015226e-06,3.225227374059614e-06,2.4152797777787782e-05,0.0,0.0,0.0006116071820846022
3836.0,0.0,0.0,0.0,0.0,0.0,0.0
3837.0,0.0,0.0,0.0,0.0,0.0,0.0
3838.0,0.0,0.0,0.0,0.0,0.0,0.0
3839.0,0.0,0.0,0.0,0.0,0.0,0.0
3840.0,0.0,0.0,0.0,0.0,0.0,0.0
3841.0,0.0,0.0,0.0,0.0,0.0,0.0
3842.0,0.0,0.0,0.0,0.0,0.0,0.0
3843.0,0.0,0.0,0.0,0.0,0.0,0.0
3844.0,0.0,0.0,0.0,0.0,0.0,0.0
3845.0,0.0,0.0,0.0,0.0,0.0,0.0
3846.0,0.0,0.0,0.0,0.0,0.0,0.0
3847.0,0.0,0.0,0.0,0.0,0.0,0.0
3848.0,0.00038020825013518333,0.0,0.0,0.0,0.008680555555555556,0.05787037037037038
3849.0,0.0003540814795996994,0.0,0.0,0.0,0.006944444444444444,0.046296296296296294
3850.0,0.0,0.0,0.0,0.0,0.0,0.0
3851.0,0.00020557595416903496,0.0,0.0,0.0,0.003472222222222222,0.023148148148148147
3852.0,0.0,0.0,0.0,0.0,0.0,0.0
3853.0,0.0,0.0,0.0,0.0,0.0,0.0
3854.0,0.0002731310960371047,0.0,0.0,0.0,0.003472222222222222,0.023148148148148147
3855.0,0.0002465447469148785,0.0,0.0,0.0,0.003472222222222222,0.023148148148148147
3856.0,0.0,0.0,0.0,0.0,0.0,0.0
3857.0,6.721471436321735e-05,0.0,0.0,0.0,0.001736111111111111,0.011574074074074073
3858.0,2.893517830671044e-06,0.0,0.0,0.0,0.0,0.00024112648588925367
3859.0,0.00010924218076979741,3.225227374059614e-06,2.4152797777787782e-05,0.0,0.0,0.009103515064149784
3860.0,4.0495593566447496e-05,3.225227374059614e-06,2.4152797777787782e-05,0.0,0.0,0.003374632797203958
3861.0,5.8483099564909935e-05,0.0,0.0,0.0,0.003472222222222222,0.023148148148148147
3862.0,0.00014026754070073366,0.0,0.0,0.0,0.003472222222222222,0.023148148148148147
3863.0,0.0001426504459232092,0.0,0.0,0.0,0.0,0.011887537160267433
3864.0,0.0,0.0,0.0,0.0,0.0,0.0
3865.0,6.331697022687877e-06,0.0,0.0,0.0,0.001736111111111111,0.011574074074074073
3866.0,0.0001022773576551117,0.0,0.0,0.0,0.001736111111111111,0.011574074074074073
3867.0,9.592863352736458e-05,0.0,0.0,0.0,0.001736111111111111,0.011574074074074073
3868.0,1.9199351299903356e-05,0.0,0.0,0.0,0.0,0.001599945941658613
3869.0,0.00013208060408942401,0.0,0.0,0.0,0.0,0.011006717007452002
3870.0,0.0,0.0,0.0,0.0,0.0,0.0
3871.0,0.0,0.0,0.0,0.0,0.0,0.0
3872.0,0.0,0.0,0.0,0.0,0.0,0.0
3873.0,0.0,0.0,0.0,0.0,0.0,0.0
3874.0,0.0,0.0,0.0,0.0,0.0,0.0
3875.0,0.0,0.0,0.0,0.0,0.0,0.0
3876.0,3.761576181204873e-06,0.0,0.0,0.0,0.0,0.00031346468176707276
3877.0,0.0,0.0,0.0,0.0,0.0,0.0
3878.0,0.0003844974853564054,0.0,0.0,0.0,0.006944444444444444,0.046296296296296294
3879.0,0.0008460475946776569,0.0,0.0,0.0,0.010416666666666666,0.07050396622313808
3880.0,0.0005215140408836305,0.0,0.0,0.0,0.008680555555555556,0.05787037037037038
3881.0,0.00040253938641399145,0.0,0.0,0.0,0.008680555555555556,0.05787037037037038
3882.0,0.0001847085659392178,0.0,0.0,0.0,0.005208333333333333,0.034722222222222224
3883.0,0.0,0.0,0.0,0.0,0.0,0.0
3884.0,8.156280273396987e-06,3.225227374059614e-06,2.4152797777787782e-05,0.0,0.0,0.0006796900227830823
3885.0,7.339286185015226e-06,3.225227374059614e-06,2.4152797777787782e-05,0.0,0.0,0.0006116071820846022
3886.0,0.0,0.0,0.0,0.0,0.0,0.0
3887.0,0.0,0.0,0.0,0.0,0.0,0.0
3888.0,0.0,0.0,0.0,0.0,0.0,0.0
3889.0,0.0,0.0,0.0,0.0,0.0,0.0
3890.0,0.0,0.0,0.0,0.0,0.0,0.0
3891.0,0.0,0.0,0.0,0.0,0.0,0.0
3892.0,0.0,0.0,0.0,0.0,0.0,0.0
3893.0,0.0,0.0,0.0,0.0,0.0,0.0
3894.0,0.0,0.0,0.0,0.0,0.0,0.0
3895.0,0.0,0.0,0.0,0.0,0.0,0.0
3896.0,0.0,0.0,0.0,0.0,0.0,0.0
3897.0,0.0,0.0,0.0,0.0,0.0,0.0
3898.0,0.0,0.0,0.0,0.0,0.0,0.0
3899.0,0.0,0.0,0.0,0.0,0.0,0.0
3900.0,0.0,0.0,0.0,0.0,0.0,0.0
3901.0,0.0,0.0,0.0,0.0,0.0,0.0
3902.0,0.0,0.0,0.0,0.0,0.0,0.0
3903.0,0.0,0.0,0.0,0.0,0.0,0.0
3904.0,0.0,0.0,0.0,0.0,0.0,0.0
3905.0,0.0,0.0,0.0,0.0,0.0,0.0
3906.0,0.0,0.0,0.0,0.0,0.0,0.0
3907.0,0.0,0.0,0.0,0.0,0.0,0.0
3908.0,0.0,0.0,0.0,0.0,0.0,0.0
3909.0,7.339286185015226e-06,3.225227374059614e-06,2.4152797777787782e-05,0.0,0.0,0.0006116071820846022
3910.0,7.339286185015226e-06,3.225227374059614e-06,2.4152797777787782e-05,0.0,0.0,0.0006116071820846022
3911.0,0.0,0.0,0.0,0.0,0.0,0.0
3912.0,0.0,0.0,0.0,0.0,0.0,0.0
3913.0,0.0,0.0,0.0,0.0,0.0,0.0
3914.0,0.0,0.0,0.0,0.0,0.0,0.0
3915.0,0.0,0.0,0.0,0.0,0.0,0.0
3916.0,0.0,0.0,0.0,0.0,0.0,0.0
3917.0,0.0,0.0,0.0,0.0,0.0,0.0
3918.0,0.0,0.0,0.0,0.0,0.0,0.0
3919.0,0.0,0.0,0.0,0.0,0.0,0.0
3920.0,0.0,0.0,0.0,0.0,0.0,0.0
3921.0,0.0,0.0,0.0,0.0,0.0,0.0
3922.0,0.0,0.0,0.0,0.0,0.0,0.0
3923.0,0.0,0.0,0.0,0.0,0.0,0.0
3924.0,0.0,0.0,0.0,0.0,0.0,0.0
3925.0,0.0,0.0,0.0,0.0,0.0,0.0
3926.0,0.0,0.0,0.0,0.0,0.0,0.0
3927.0,0.0,0.0,0.0,0.0,0.0,0.0
3928.0,0.0,0.0,0.0,0.0,0.0,0.0
3929.0,0.00026758230524137616,0.0,0.0,0.0,0.008680555555555556,0.05787037037037038
3930.0,0.00030727460398338735,0.0,0.0,0.0,0.006944444444444444,0.046296296296296294
3931.0,0.00031188721186481416,0.0,0.0,0.0,0.003472222222222222,0.025990600988734514
3932.0,0.0,0.0,0.0,0.0,0.0,0.0
3933.0,2.8935221507708775e-07,0.0,0.0,0.0,0.0,2.411268458975731e-05
3934.0,0.000215876818401739,3.225227374059614e-06,2.4152797777787782e-05,0.0,0.003472222222222222,0.023148148148148147
3935.0,7.135037776606623e-06,3.225227374059614e-06,2.4152797777787782e-05,0.0,0.0,0.0005945864813838853
3936.0,3.916461719200015e-05,0.0,0.0,0.0,0.003472222222222222,0.023148148148148147
3937.0,0.0,0.0,0.0,0.0,0.0,0.0
3938.0,0.0,0.0,0.0,0.0,0.0,0.0
3939.0,0.0,0.0,0.0,0.0,0.0,0.0
3940.0,0.0,0.0,0.0,0.0,0.0,0.0
3941.0,0.0,0.0,0.0,0.0,0.0,0.0
3942.0,0.0,0.0,0.0,0.0,0.0,0.0
3943.0,2.093548118864419e-06,0.0,0.0,0.0,0.0,0.00017446234323870158
3944.0,0.0003507284272927791,0.0,0.0,0.0,0.006944444444444444,0.046296296296296294
3945.0,0.0001336124405497685,0.0,0.0,0.0,0.001736111111111111,0.011574074074074073
3946.0,0.0,0.0,0.0,0.0,0.0,0.0
3947.0,0.0,0.0,0.0,0.0,0.0,0.0
3948.0,0.0,0.0,0.0,0.0,0.0,0.0
3949.0,0.0,0.0,0.0,0.0,0.0,0.0
3950.0,0.0,0.0,0.0,0.0,0.0,0.0
3951.0,4.799841008207295e-06,0.0,0.0,0.0,0.0,0.00039998675068394124
3952.0,0.0,0.0,0.0,0.0,0.0,0.0
3953.0,0.0,0.0,0.0,0.0,0.0,0.0
3954.0,0.0,0.0,0.0,0.0,0.0,0.0
3955.0,0.0,0.0,0.0,0.0,0.0,0.0
3956.0,0.0,0.0,0.0,0.0,0.0,0.0
3957.0,0.0,0.0,0.0,0.0,0.0,0.0
3958.0,0.0,0.0,0.0,0.0,0.0,0.0
3959.0,7.475451639038511e-06,3.225227374059614e-06,2.4152797777787782e-05,0.0,0.0,0.0006229543032532092
3960.0,7.475451639038511e-06,3.225227374059614e-06,2.4152797777787782e-05,0.0,0.0,0.0006229543032532092
3961.0,0.0,0.0,0.0,0.0,0.0,0.0
3962.0,0.0,0.0,0.0,0.0,0.0,0.0
3963.0,0.0,0.0,0.0,0.0,0.0,0.0
3964.0,0.0,0.0,0.0,0.0,0.0,0.0
3965.0,0.0,0.0,0.0,0.0,0.0,0.0
3966.0,0.0,0.0,0.0,0.0,0.0,0.0
3967.0,0.0,0.0,0.0,0.0,0.0,0.0
3968.0,0.0,0.0,0.0,0.0,0.0,0.0
3969.0,2.9871314836782403e-05,0.0,0.0,0.0,0.0,0.0024892762363985335
3970.0,0.00017197710985783488,0.0,0.0,0.0,0.0,0.014331425821486238
3971.0,0.0,0.0,0.0,0.0,0.0,0.0
3972.0,0.0,0.0,0.0,0.0,0.0,0.0
3973.0,0.0,0.0,0.0,0.0,0.0,0.0
3974.0,0.0,0.0,0.0,0.0,0.0,0.0
3975.0,0.0,0.0,0.0,0.0,0.0,0.0
3976.0,2.1275864128256217e-06,0.0,0.0,0.0,0.0,0.00017729886773546846
3977.0,0.00041882821824401617,0.0,0.0,0.0,0.010416666666666666,0.06944444444444445
3978.0,0.00023478345246985555,0.0,0.0,0.0,0.013888888888888888,0.09259259259259259
3979.0,0.0006278763758018613,0.0,0.0,0.0,0.019097222222222224,0.12731481481481483
3980.0,0.00044837617315351963,0.0,0.0,0.0,0.006944444444444444,0.046296296296296294
3981.0,1.4076113075134344e-05,0.0,0.0,0.0,0.0,0.001173009422927862
3982.0,0.0,0.0,0.0,0.0,0.0,0.0
3983.0,0.0,0.0,0.0,0.0,0.0,0.0
3984.0,2.3934509954415262e-05,3.225227374059614e-06,2.4152797777787782e-05,0.0,0.0,0.0019945424962012717
3985.0,7.900969649199396e-06,3.225227374059614e-06,2.4152797777787782e-05,0.0,0.0,0.000658414137433283
3986.0,0.0,0.0,0.0,0.0,0.0,0.0
3987.0,0.0,0.0,0.0,0.0,0.0,0.0
3988.0,0.0,0.0,0.0,0.0,0.0,0.0
3989.0,0.0,0.0,0.0,0.0,0.0,0.0
3990.0,0.0,0.0,0.0,0.0,0.0,0.0
3991.0,0.0,0.0,0.0,0.0,0.0,0.0
3992.0,0.0,0.0,0.0,0.0,0.0,0.0
3993.0,0.0,0.0,0.0,0.0,0.0,0.0
3994.0,0.0,0.0,0.0,0.0,0.0,0.0
3995.0,0.0,0.0,0.0,0.0,0.0,0.0
3996.0,0.0,0.0,0.0,0.0,0.0,0.0
3997.0,0.0,0.0,0.0,0.0,0.0,0.0
3998.0,0.0,0.0,0.0,0.0,0.0,0.0
3999.0,0.003540338482707739,0.0,0.0,0.0,0.08159722222222222,0.5439814814814815
4000.0,0.0,0.0,0.0,0.0,0.0,0.0
4001.0,2.553108231495571e-07,0.0,0.0,0.0,0.0,2.127590192912976e-05
4002.0,0.0,0.0,0.0,0.0,0.0,0.0
4003.0,0.0,0.0,0.0,0.0,0.0,0.0
4004.0,0.0,0.0,0.0,0.0,0.0,0.0
4005.0,0.0,0.0,0.0,0.0,0.0,0.0
4006.0,0.0,0.0,0.0,0.0,0.0,0.0
4007.0,0.0,0.0,0.0,0.0,0.0,0.0
4008.0,0.0,0.0,0.0,0.0,0.0,0.0
4009.0,7.339286185015226e-06,3.225227374059614e-06,2.4152797777787782e-05,0.0,0.0,0.0006116071820846022
4010.0,7.339286185015226e-06,3.225227374059614e-06,2.4152797777787782e-05,0.0,0.0,0.0006116071820846022
4011.0,0.0,0.0,0.0,0.0,0.0,0.0
4012.0,0.0,0.0,0.0,0.0,0.0,0.0
4013.0,0.0,0.0,0.0,0.0,0.0,0.0
4014.0,0.0,0.0,0.0,0.0,0.0,0.0
4015.0,0.0,0.0,0.0,0.0,0.0,0.0
4016.0,0.0,0.0,0.0,0.0,0.0,0.0
4017.0,0.0,0.0,0.0,0.0,0.0,0.0
4018.0,0.0,0.0,0.0,0.0,0.0,0.0
4019.0,0.0,0.0,0.0,0.0,0.0,0.0
4020.0,0.0,0.0,0.0,0.0,0.0,0.0
4021.0,0.0,0.0,0.0,0.0,0.0,0.0
4022.0,0.0,0.0,0.0,0.0,0.0,0.0
4023.0,0.0,0.0,0.0,0.0,0.0,0.0
4024.0,0.0,0.0,0.0,0.0,0.0,0.0
4025.0,0.0,0.0,0.0,0.0,0.0,0.0
4026.0,0.0,0.0,0.0,0.0,0.0,0.0
4027.0,0.0,0.0,0.0,0.0,0.0,0.0
4028.0,0.0,0.0,0.0,0.0,0.0,0.0
4029.0,0.0,0.0,0.0,0.0,0.0,0.0
4030.0,0.0,0.0,0.0,0.0,0.0,0.0
4031.0,0.0,0.0,0.0,0.0,0.0,0.0
4032.0,0.0,0.0,0.0,0.0,0.0,0.0
4033.0,0.0,0.0,0.0,0.0,0.0,0.0
4034.0,0.031132575124502182,0.016518475487828255,0.007519938983023167,0.00024177036539185792,0.3125,2.5943812603751817
4035.0,0.0,0.0,0.0,0.0,0.0,0.0
4036.0,0.0,0.0,0.0,0.0,0.0,0.0
4037.0,0.0,0.0,0.0,0.0,0.0,0.0
4038.0,0.0,0.0,0.0,0.0,0.0,0.0
4039.0,0.0,0.0,0.0,0.0,0.0,0.0
4040.0,0.0,0.0,0.0,0.0,0.0,0.0
4041.0,0.0,0.0,0.0,0.0,0.0,0.0
4042.0,1.5911608670649002e-06,0.0,1.7570926502230577e-05,0.0,0.0,0.00013259673892207502
4043.0,1.5911608670649002e-06,0.0,1.7570926502230577e-05,0.0,0.0,0.00013259673892207502
4044.0,0.0,0.0,0.0,0.0,0.0,0.0
4045.0,0.0,0.0,0.0,0.0,0.0,0.0
4046.0,0.0,0.0,0.0,0.0,0.0,0.0
4047.0,0.0,0.0,0.0,0.0,0.0,0.0
4048.0,0.0,0.0,0.0,0.0,0.0,0.0
4049.0,0.0,0.0,0.0,0.0,0.0,0.0
4050.0,0.0,0.0,0.0,0.0,0.0,0.0
4051.0,0.0,0.0,0.0,0.0,0.0,0.0
4052.0,0.0,0.0,0.0,0.0,0.0,0.0
4053.0,0.0,0.0,0.0,0.0,0.0,0.0
4054.0,0.0,0.0,0.0,0.0,0.0,0.0
4055.0,0.0,0.0,0.0,0.0,0.0,0.0
4056.0,0.0,0.0,0.0,0.0,0.0,0.0
4057.0,0.0,0.0,0.0,0.0,0.0,0.0
4058.0,0.0,0.0,0.0,0.0,0.0,0.0
4059.0,0.0,0.0,0.0,0.0,0.0,0.0
4060.0,0.0,0.0,0.0,0.0,0.0,0.0
4061.0,0.0,0.0,0.0,0.0,0.0,0.0
4062.0,0.0,0.0,0.0,0.0,0.0,0.0
4063.0,0.0,0.0,0.0,0.0,0.0,0.0
4064.0,0.0,0.0,0.0,0.0,0.0,0.0
4065.0,0.0,0.0,0.0,0.0,0.0,0.0
4066.0,0.0,0.0,0.0,0.0,0.0,0.0
4067.0,1.5911608670649002e-06,0.0,1.7570926502230577e-05,0.0,0.0,0.00013259673892207502
4068.0,1.5911608670649002e-06,0.0,1.7570926502230577e-05,0.0,0.0,0.00013259673892207502
4069.0,0.0,0.0,0.0,0.0,0.0,0.0
4070.0,0.0,0.0,0.0,0.0,0.0,0.0
4071.0,0.0,0.0,0.0,0.0,0.0,0.0
4072.0,0.0,0.0,0.0,0.0,0.0,0.0
4073.0,0.0,0.0,0.0,0.0,0.0,0.0
4074.0,0.0,0.0,0.0,0.0,0.0,0.0
4075.0,0.0,0.0,0.0,0.0,0.0,0.0
4076.0,0.0,0.0,0.0,0.0,0.0,0.0
4077.0,0.0,0.0,0.0,0.0,0.0,0.0
4078.0,0.0,0.0,0.0,0.0,0.0,0.0
4079.0,0.0,0.0,0.0,0.0,0.0,0.0
4080.0,0.0,0.0,0.0,0.0,0.0,0.0
4081.0,0.0,0.0,0.0,0.0,0.0,0.0
4082.0,0.0,0.0,0.0,0.0,0.0,0.0
4083.0,0.0,0.0,0.0,0.0,0.0,0.0
4084.0,0.0,0.0,0.0,0.0,0.0,0.0
4085.0,0.0,0.0,0.0,0.0,0.0,0.0
4086.0,0.0,0.0,0.0,0.0,0.0,0.0
4087.0,0.0,0.0,0.0,0.0,0.0,0.0
4088.0,0.0,0.0,0.0,0.0,0.0,0.0
4089.0,0.0,0.0,0.0,0.0,0.0,0.0
4090.0,0.0,0.0,0.0,0.0,0.0,0.0
4091.0,0.0,0.0,0.0,0.0,0.0,0.0
4092.0,2.766091529338155e-05,0.0,1.7570926502230577e-05,8.536951645510271e-05,0.0,0.010671189556887839
4093.0,0.033925462514162064,0.014760528691112995,1.7570926502230577e-05,0.000605373119469732,0.3385416666666667,2.827121876180172
4094.0,0.0,0.0,0.0,0.0,0.0,0.0
4095.0,0.0,0.0,0.0,0.0,0.0,0.0
4096.0,0.0,0.0,0.0,0.0,0.0,0.0
4097.0,0.0,0.0,0.0,0.0,0.0,0.0
4098.0,0.0,0.0,0.0,0.0,0.0,0.0
4099.0,0.0,0.0,0.0,0.0,0.0,0.0
4100.0,0.0,0.0,0.0,0.0,0.0,0.0
4101.0,0.0002760833303909749,0.00020623898308258504,0.0,0.00014611253573093563,0.003472222222222222,0.023148148148148147
4102.0,0.0,0.0,0.0,0.0,0.0,0.0
4103.0,0.0,0.0,0.0,0.0,0.0,0.0
4104.0,0.0,0.0,0.0,0.0,0.0,0.0
4105.0,0.0,0.0,0.0,0.0,0.0,0.0
4106.0,0.0,0.0,0.0,0.0,0.0,0.0
4107.0,0.0,0.0,0.0,0.0,0.0,0.0
4108.0,0.0,0.0,0.0,0.0,0.0,0.0
4109.0,0.0,0.0,0.0,0.0,0.0,0.0
4110.0,0.0,0.0,0.0,0.0,0.0,0.0
4111.0,0.00038281051092781126,0.0018035118700936437,0.0,0.0,0.012152777777777778,0.08101851851851852
4112.0,7.962279778439552e-05,0.00021758361253887415,0.0,0.0,0.005208333333333333,0.034722222222222224
4113.0,0.00026319100288674235,0.0,0.0,0.0,0.003472222222222222,0.023148148148148147
4114.0,0.0,0.0,0.0,0.0,0.0,0.0
4115.0,0.0,0.0,0.0,0.0,0.0,0.0
4116.0,0.0,0.0,0.0,0.0,0.0,0.0
4117.0,1.3391252650762908e-05,1.9429564417805523e-05,1.7570926502230577e-05,0.0,0.0,0.001115937720896909
4118.0,6.482786375272553e-06,2.9209095373516902e-06,1.7570926502230577e-05,0.0,0.0,0.0005402321979393795
4119.0,0.0,0.0,0.0,0.0,0.0,0.0
4120.0,0.0,0.0,0.0,0.0,0.0,0.0
4121.0,0.0,0.0,0.0,0.0,0.0,0.0
4122.0,0.0,0.0,0.0,0.0,0.0,0.0
4123.0,0.0,0.0,0.0,0.0,0.0,0.0
4124.0,0.0,0.0,0.0,0.0,0.0,0.0
4125.0,0.0,0.0,0.0,0.0,0.0,0.0
4126.0,0.0,0.0,0.0,0.0,0.0,0.0
4127.0,0.0,0.0,0.0,0.0,0.0,0.0
4128.0,0.0,0.0,0.0,0.0,0.0,0.0
4129.0,0.0,0.0,0.0,0.0,0.0,0.0
4130.0,0.0,0.0,0.0,0.0,0.0,0.0
4131.0,0.0,0.0,0.0,0.0,0.0,0.0
4132.0,0.0,0.0,0.0,0.0,0.0,0.0
4133.0,0.0,0.0,0.0,0.0,0.0,0.0
4134.0,0.0,0.0,0.0,0.0,0.0,0.0
4135.0,0.0,0.0,0.0,0.0,0.0,0.0
4136.0,0.0,0.0,0.0,0.0,0.0,0.0
4137.0,0.0,0.0,0.0,0.0,0.0,0.0
4138.0,0.0,0.0,0.0,0.0,0.0,0.0
4139.0,0.0,0.0,0.0,0.0,0.0,0.0
4140.0,0.0,0.0,0.0,0.0,0.0,0.0
4141.0,0.0,0.0,0.0,0.0,0.0,0.0
4142.0,6.482786375272553e-06,2.9209095373516902e-06,1.7570926502230577e-05,0.0,0.0,0.0005402321979393795
4143.0,6.482786375272553e-06,2.9209095373516902e-06,1.7570926502230577e-05,0.0,0.0,0.0005402321979393795
4144.0,0.0,0.0,0.0,0.0,0.0,0.0
4145.0,0.0,0.0,0.0,0.0,0.0,0.0
4146.0,0.0,0.0,0.0,0.0,0.0,0.0
4147.0,0.0,0.0,0.0,0.0,0.0,0.0
4148.0,0.0,0.0,0.0,0.0,0.0,0.0
4149.0,0.0,0.0,0.0,0.0,0.0,0.0
4150.0,0.0,0.0,0.0,0.0,0.0,0.0
4151.0,0.0,0.0,0.0,0.0,0.0,0.0
4152.0,0.0,0.0,0.0,0.0,0.0,0.0
4153.0,0.0,0.0,0.0,0.0,0.0,0.0
4154.0,0.0,0.0,0.0,0.0,0.0,0.0
4155.0,0.0,0.0,0.0,0.0,0.0,0.0
4156.0,0.0,0.0,0.0,0.0,0.0,0.0
4157.0,0.0,0.0,0.0,0.0,0.0,0.0
4158.0,0.0,0.0,0.0,0.0,0.0,0.0
4159.0,0.0,0.0,0.0,0.0,0.0,0.0
4160.0,0.0,0.0,0.0,0.0,0.0,0.0
4161.0,0.0,0.0,0.0,0.0,0.0,0.0
4162.0,0.0,0.0,0.0,0.0,0.0,0.0
4163.0,0.0,0.0,0.0,0.0,0.0,0.0
4164.0,0.0,0.0,0.0,0.0,0.0,0.0
4165.0,0.0,0.0,0.0,0.0,0.0,0.0
4166.0,0.0,0.0,0.0,0.0,0.0,0.0
4167.0,6.482786375272553e-06,2.9209095373516902e-06,1.7570926502230577e-05,0.0,0.0,0.0005402321979393795
4168.0,6.482786375272553e-06,2.9209095373516902e-06,1.7570926502230577e-05,0.0,0.0,0.0005402321979393795
4169.0,0.0,0.0,0.0,0.0,0.0,0.0
4170.0,0.0,0.0,0.0,0.0,0.0,0.0
4171.0,0.0,0.0,0.0,0.0,0.0,0.0
4172.0,0.0,0.0,0.0,0.0,0.0,0.0
4173.0,0.0,0.0,0.0,0.0,0.0,0.0
4174.0,0.0,0.0,0.0,0.0,0.0,0.0
4175.0,0.0,0.0,0.0,0.0,0.0,0.0
4176.0,0.0,0.0,0.0,0.0,0.0,0.0
4177.0,0.0,0.0,0.0,0.0,0.0,0.0
4178.0,1.308891296503134e-05,0.0,0.0,0.0,0.001736111111111111,0.011574074074074073
4179.0,0.0011149327037855983,1.0096648566104705e-06,3.6667959193437127e-06,0.0,0.008680555555555556,0.09291105864879985
4180.0,0.0003888547944370657,0.0012050193035975099,0.0,0.0,0.012152777777777778,0.08101851851851852
4181.0,7.902707147877663e-05,0.00033094279933720827,0.0,0.0,0.0,0.008273569983430207
4182.0,0.00011093384091509506,0.0007151534082368016,0.0,0.0,0.003472222222222222,0.023148148148148147
4183.0,0.0001870314299594611,0.0002583049063105136,0.0,0.0,0.0,0.015585952496621758
4184.0,2.080660851788707e-05,2.3241278540808707e-05,3.6667959193437127e-06,0.0,0.0,0.001733884043157256
4185.0,0.0,0.0,0.0,0.0,0.0,0.0
4186.0,0.0,0.0,0.0,0.0,0.0,0.0
4187.0,0.0,0.0,0.0,0.0,0.0,0.0
4188.0,0.0,0.0,0.0,0.0,0.0,0.0
4189.0,0.0,0.0,0.0,0.0,0.0,0.0
4190.0,0.0,0.0,0.0,0.0,0.0,0.0
4191.0,0.0,0.0,0.0,0.0,0.0,0.0
4192.0,6.618953193537891e-06,2.7007952212443342e-06,1.7570926502230577e-05,0.0,0.0,0.0005515794327948242
4193.0,6.618953193537891e-06,2.7007952212443342e-06,1.7570926502230577e-05,0.0,0.0,0.0005515794327948242
4194.0,0.0,0.0,0.0,0.0,0.0,0.0
4195.0,0.0,0.0,0.0,0.0,0.0,0.0
4196.0,0.061474889516830444,0.03655426949262619,0.3973371088504791,0.004147202242165804,0.3680555555555556,5.12290745973587
4197.0,0.059016499668359756,0.03202243149280548,0.3973524272441864,0.004147202242165804,0.3350694444444444,4.91804163902998
4198.0,0.0,0.0,0.0,0.0,0.0,0.0
4199.0,0.0,0.0,0.0,0.0,0.0,0.0
4200.0,0.0,0.0,0.0,0.0,0.0,0.0
4201.0,0.0,0.0,0.0,0.0,0.0,0.0
4202.0,0.0,0.0,0.0,0.0,0.0,0.0
4203.0,0.0,0.0,0.0,0.0,0.0,0.0
4204.0,0.0,0.0,0.0,0.0,0.0,0.0
4205.0,5.914850589761045e-06,0.0,1.4999194718257058e-05,0.0,0.0,0.0004929042158134204
4206.0,0.0,0.0,0.0,0.0,0.0,0.0
4207.0,0.0,0.0,0.0,0.0,0.0,0.0
4208.0,0.0,0.0,0.0,0.0,0.0,0.0
4209.0,0.0,0.0,0.0,0.0,0.0,0.0
4210.0,0.0,0.0,0.0,0.0,0.0,0.0
4211.0,0.0,0.0,0.0,0.0,0.0,0.0
4212.0,0.0,0.0,0.0,0.0,0.0,0.0
4213.0,1.7096903093261062e-06,0.0,3.207163535989821e-05,0.0,0.0,0.00014247419244384218
4214.0,0.0,0.0,0.0,0.0,0.0,0.0
4215.0,0.0,0.0,0.0,0.0,0.0,0.0
4216.0,0.0,0.0,0.0,0.0,0.0,0.0
4217.0,0.0,0.0,0.0,0.0,0.0,0.0
4218.0,0.0,0.0,0.0,0.0,0.0,0.0
4219.0,0.0,0.0,0.0,0.0,0.0,0.0
4220.0,0.0,0.0,0.0,0.0,0.0,0.0
4221.0,0.0,0.0,0.0,0.0,0.0,0.0
4222.0,0.0,0.0,0.0,0.0,0.0,0.0
4223.0,0.03390686586499214,0.014713183045387268,0.0,0.0006335758953355253,0.3350694444444444,2.825572155416012
4224.0,0.03426297754049301,0.01647074520587921,0.0001949081342900172,0.00032799813197925687,0.359375,2.8552481283744178
4225.0,2.5455306058574934e-06,3.583513432658947e-07,0.0,0.0,0.0,0.00021212755048812446
4226.0,0.0,0.0,0.0,0.0,0.0,0.0
4227.0,0.0,0.0,0.0,0.0,0.0,0.0
4228.0,0.0,0.0,0.0,0.0,0.0,0.0
4229.0,0.0,0.0,0.0,0.0,0.0,0.0
4230.0,0.0,0.0,0.0,0.0,0.0,0.0
4231.0,0.0,0.0,0.0,0.0,0.0,0.0
4232.0,0.00027250396669842303,0.00024408292665611953,0.0001949081342900172,8.387325942749158e-05,0.003472222222222222,0.023148148148148147
4233.0,0.0,0.0,0.0,0.0,0.0,0.0
4234.0,0.0,0.0,0.0,0.0,0.0,0.0
4235.0,0.0,0.0,0.0,0.0,0.0,0.0
4236.0,0.0,0.0,0.0,0.0,0.0,0.0
4237.0,0.0,0.0,0.0,0.0,0.0,0.0
4238.0,0.0,0.0,0.0,0.0,0.0,0.0
4239.0,0.0,0.0,0.0,0.0,0.0,0.0
4240.0,1.1501576409500558e-05,3.071035052926163e-06,3.1552168366033584e-05,0.0,0.0,0.0009584647007917131
4241.0,1.1501576409500558e-05,3.071035052926163e-06,3.1552168366033584e-05,0.0,0.0,0.0009584647007917131
4242.0,0.0001791768299881369,0.0,0.0,0.0,0.005208333333333333,0.034722222222222224
4243.0,0.0,0.0,0.0,0.0,0.0,0.0
4244.0,0.0,0.0,0.0,0.0,0.0,0.0
4245.0,0.0,0.0,0.0,0.0,0.0,0.0
4246.0,0.0,0.0,0.0,0.0,0.0,0.0
4247.0,0.0,0.0,0.0,0.0,0.0,0.0
4248.0,0.00029185385210439563,0.0,0.0,0.0,0.0,0.02432115434203297
4249.0,4.323255780036561e-06,0.0,0.0,0.0,0.0,0.00036027131500304677
4250.0,0.0,0.0,0.0,0.0,0.0,0.0
4251.0,0.00026085914578288794,0.0,0.0,0.0,0.0,0.021738262148573995
4252.0,0.0,0.0,0.0,0.0,0.0,0.0
4253.0,0.00018161081243306398,0.0,0.0,0.0,0.0,0.015134234369421998
4254.0,0.00016830064123496413,0.0,0.0,0.0,0.005208333333333333,0.034722222222222224
4255.0,0.0,0.0,0.0,0.0,0.0,0.0
4256.0,0.0,0.0,0.0,0.0,0.0,0.0
4257.0,5.259408226265805e-06,0.0,0.0,0.0,0.0,0.00043828401885548374
4258.0,1.191447438486648e-07,0.0,0.0,0.0,0.0,9.9287286540554e-06
4259.0,0.0,0.0,0.0,0.0,0.0,0.0
4260.0,0.0,0.0,0.0,0.0,0.0,0.0
4261.0,0.0,0.0,0.0,0.0,0.0,0.0
4262.0,0.0,0.0,0.0,0.0,0.0,0.0
4263.0,0.0,0.0,0.0,0.0,0.0,0.0
4264.0,0.0005199992447160184,0.0,0.0,0.0,0.013888888888888888,0.09259259259259259
4265.0,0.00026134835206903517,3.071035052926163e-06,3.1552168366033584e-05,0.0,0.0,0.021779029339086264
4266.0,0.000109302498458419,3.071035052926163e-06,3.1552168366033584e-05,0.0,0.0,0.009108541538201584
4267.0,0.0,0.0,0.0,0.0,0.0,0.0
4268.0,0.0,0.0,0.0,0.0,0.0,0.0
4269.0,0.0,0.0,0.0,0.0,0.0,0.0
4270.0,0.0019377550343051553,0.0,0.0,0.0,0.024305555555555556,0.16203703703703703
4271.0,0.0,0.0,0.0,0.0,0.0,0.0
4272.0,0.0,0.0,0.0,0.0,0.0,0.0
4273.0,0.0,0.0,0.0,0.0,0.0,0.0
4274.0,3.6594462926586857e-06,0.0,0.0,0.0,0.0,0.00030495385772155714
4275.0,0.0,0.0,0.0,0.0,0.0,0.0
4276.0,0.0,0.0,0.0,0.0,0.0,0.0
4277.0,0.0,0.0,0.0,0.0,0.0,0.0
4278.0,0.0,0.0,0.0,0.0,0.0,0.0
4279.0,0.0,0.0,0.0,0.0,0.0,0.0
4280.0,0.0,0.0,0.0,0.0,0.0,0.0
4281.0,0.0,0.0,0.0,0.0,0.0,0.0
4282.0,0.0,0.0,0.0,0.0,0.0,0.0
4283.0,0.0,0.0,0.0,0.0,0.0,0.0
4284.0,0.0,0.0,0.0,0.0,0.0,0.0
4285.0,0.00034170743310824037,0.0,0.0,0.0,0.006944444444444444,0.046296296296296294
4286.0,0.0005222459440119565,0.0,0.0,0.0,0.0,0.0435204953343297
4287.0,2.685866093088407e-05,0.0,0.0,0.0,0.0,0.0022382217442403394
4288.0,0.0,0.0,0.0,0.0,0.0,0.0
4289.0,0.0,0.0,0.0,0.0,0.0,0.0
4290.0,1.899067865451798e-05,3.071035052926163e-06,3.1552168366033584e-05,0.0,0.0,0.0015825565545431648
4291.0,1.1807947885245085e-05,3.071035052926163e-06,3.1552168366033584e-05,0.0,0.0,0.0009839956571037571
4292.0,0.0,0.0,0.0,0.0,0.0,0.0
4293.0,0.0,0.0,0.0,0.0,0.0,0.0
4294.0,0.0,0.0,0.0,0.0,0.0,0.0
4295.0,0.0008855015621520579,0.0,0.0,0.0,0.006944444444444444,0.07379179684600483
4296.0,0.0,0.0,0.0,0.0,0.0,0.0
4297.0,0.0,0.0,0.0,0.0,0.0,0.0
4298.0,0.0,0.0,0.0,0.0,0.0,0.0
4299.0,7.489097129109723e-07,0.0,0.0,0.0,0.0,6.240914274258103e-05
4300.0,0.0,0.0,0.0,0.0,0.0,0.0
4301.0,0.0,0.0,0.0,0.0,0.0,0.0
4302.0,4.121464485251636e-07,1.3442894442050601e-06,0.0,0.0,0.0,3.434553737709697e-05
4303.0,0.05174001306295395,0.03664303570985794,0.0,0.0002653465489856899,0.2881944444444444,4.311667755246162
4304.0,0.0,0.0,0.0,0.0,0.0,0.0
4305.0,0.0,0.0,0.0,0.0,0.0,0.0
4306.0,0.0,0.0,0.0,0.0,0.0,0.0
4307.0,0.0,0.0,0.0,0.0,0.0,0.0
4308.0,0.0,0.0,0.0,0.0,0.0,0.0
4309.0,0.0,0.0,0.0,0.0,0.0,0.0
4310.0,0.0,0.0,0.0,0.0,0.0,0.0
4311.0,0.0,0.0,0.0,0.0,0.0,0.0
4312.0,0.0,0.0,0.0,0.0,0.0,0.0
4313.0,0.0,0.0,0.0,0.0,0.0,0.0
4314.0,0.0,0.0,0.0,0.0,0.0,0.0
4315.0,0.0,0.0,0.0,0.0,0.0,0.0
4316.0,0.0,0.0,0.0,0.0,0.0,0.0
4317.0,0.0,0.0,0.0,0.0,0.0,0.0
4318.0,0.0,0.0,0.0,0.0,0.0,0.0
4319.0,4.7657928803346294e-07,4.402299396133458e-07,0.0,0.0,0.0,3.9714940669455245e-05
4320.0,4.7657928803346294e-07,4.402299396133458e-07,0.0,0.0,0.0,3.9714940669455245e-05
4321.0,0.0,0.0,0.0,0.0,0.0,0.0
4322.0,0.0,0.0,0.0,0.0,0.0,0.0
4323.0,0.0,0.0,0.0,0.0,0.0,0.0
4324.0,0.0,0.0,0.0,0.0,0.0,0.0
4325.0,0.0,0.0,0.0,0.0,0.0,0.0
4326.0,0.0,0.0,0.0,0.0,0.0,0.0
4327.0,0.0,0.0,0.0,0.0,0.0,0.0
4328.0,0.0,0.0,0.0,0.0,0.0,0.0
4329.0,0.0,0.0,0.0,0.0,0.0,0.0
4330.0,0.0,0.0,0.0,0.0,0.0,0.0
4331.0,0.0,0.0,0.0,0.0,0.0,0.0
4332.0,0.0,0.0,0.0,0.0,0.0,0.0
4333.0,0.0,0.0,0.0,0.0,0.0,0.0
4334.0,0.0,0.0,0.0,0.0,0.0,0.0
4335.0,0.0,0.0,0.0,0.0,0.0,0.0
4336.0,0.0,0.0,0.0,0.0,0.0,0.0
4337.0,0.0,0.0,0.0,0.0,0.0,0.0
4338.0,0.0,0.0,0.0,0.0,0.0,0.0
4339.0,0.0,0.0,0.0,0.0,0.0,0.0
4340.0,0.0,0.0,0.0,0.0,0.0,0.0
4341.0,0.0,0.0,0.0,0.0,0.0,0.0
4342.0,0.0,0.0,0.0,0.0,0.0,0.0
4343.0,0.0,0.0,0.0,0.0,0.0,0.0
4344.0,4.7657928803346294e-07,4.402299396133458e-07,0.0,0.0,0.0,3.9714940669455245e-05
4345.0,4.7657928803346294e-07,4.402299396133458e-07,0.0,0.0,0.0,3.9714940669455245e-05
4346.0,0.0,0.0,0.0,0.0,0.0,0.0
4347.0,0.0,0.0,0.0,0.0,0.0,0.0
4348.0,0.0,0.0,0.0,0.0,0.0,0.0
4349.0,0.0,0.0,0.0,0.0,0.0,0.0
4350.0,0.0,0.0,0.0,0.0,0.0,0.0
4351.0,0.0,0.0,0.0,0.0,0.0,0.0
4352.0,0.0,0.0,0.0,0.0,0.0,0.0
4353.0,0.0,0.0,0.0,0.0,0.0,0.0
4354.0,0.0,0.0,0.0,0.0,0.0,0.0
4355.0,0.0,0.0,0.0,0.0,0.0,0.0
4356.0,0.0,0.0,0.0,0.0,0.0,0.0
4357.0,0.0,0.0,0.0,0.0,0.0,0.0
4358.0,0.0,0.0,0.0,0.0,0.0,0.0
4359.0,0.0,0.0,0.0,0.0,0.0,0.0
4360.0,0.0,0.0,0.0,0.0,0.0,0.0
4361.0,0.0,0.0,0.0,0.0,0.0,0.0
4362.0,0.0,0.0,0.0,0.0,0.0,0.0
4363.0,0.0,0.0,0.0,0.0,0.0,0.0
4364.0,0.0,0.0,0.0,0.0,0.0,0.0
4365.0,0.0,0.0,0.0,0.0,0.0,0.0
4366.0,0.0,0.0,0.0,0.0,0.0,0.0
4367.0,0.0,0.0,0.0,0.0,0.0,0.0
4368.0,0.0,0.0,0.0,0.0,0.0,0.0
4369.0,4.7657928803346294e-07,4.402299396133458e-07,0.0,0.0,0.0,3.9714940669455245e-05
4370.0,4.7657928803346294e-07,4.402299396133458e-07,0.0,0.0,0.0,3.9714940669455245e-05
4371.0,0.0,0.0,0.0,0.0,0.0,0.0
4372.0,0.0,0.0,0.0,0.0,0.0,0.0
4373.0,0.0,0.0,0.0,0.0,0.0,0.0
4374.0,0.0,0.0,0.0,0.0,0.0,0.0
4375.0,0.0,0.0,0.0,0.0,0.0,0.0
4376.0,0.0,0.0,0.0,0.0,0.0,0.0
4377.0,0.0,0.0,0.0,0.0,0.0,0.0
4378.0,0.0,0.0,0.0,0.0,0.0,0.0
4379.0,0.0,0.0,0.0,0.0,0.0,0.0
4380.0,0.0,0.0,0.0,0.0,0.0,0.0
4381.0,0.0,0.0,0.0,0.0,0.0,0.0
4382.0,0.0,0.0,0.0,0.0,0.0,0.0
4383.0,0.0,0.0,0.0,0.0,0.0,0.0
4384.0,0.0,0.0,0.0,0.0,0.0,0.0
4385.0,0.0,0.0,0.0,0.0,0.0,0.0
4386.0,0.0,0.0,0.0,0.0,0.0,0.0
4387.0,0.0,0.0,0.0,0.0,0.0,0.0
4388.0,0.0,0.0,0.0,0.0,0.0,0.0
4389.0,0.0,0.0,0.0,0.0,0.0,0.0
4390.0,0.0,0.0,0.0,0.0,0.0,0.0
4391.0,0.0,0.0,0.0,0.0,0.0,0.0
4392.0,0.0,0.0,0.0,0.0,0.0,0.0
4393.0,0.0,0.0,0.0,0.0,0.0,0.0
4394.0,4.7657928803346294e-07,4.402299396133458e-07,0.0,0.0,0.0,3.9714940669455245e-05
4395.0,4.7657928803346294e-07,4.402299396133458e-07,0.0,0.0,0.0,3.9714940669455245e-05
4396.0,0.0,0.0,0.0,0.0,0.0,0.0
4397.0,0.0,0.0,0.0,0.0,0.0,0.0
4398.0,0.0,0.0,0.0,0.0,0.0,0.0
4399.0,0.0,0.0,0.0,0.0,0.0,0.0
4400.0,0.0,0.0,0.0,0.0,0.0,0.0
4401.0,0.0,0.0,0.0,0.0,0.0,0.0
4402.0,0.0,0.0,0.0,0.0,0.0,0.0
4403.0,0.0,0.0,0.0,0.0,0.0,0.0
4404.0,0.0,0.0,0.0,0.0,0.0,0.0
4405.0,0.0,0.0,0.0,0.0,0.0,0.0
4406.0,0.0,0.0,0.0,0.0,0.0,0.0
4407.0,0.0,0.0,0.0,0.0,0.0,0.0
4408.0,0.0,0.0,0.0,0.0,0.0,0.0
4409.0,0.0,0.0,0.0,0.0,0.0,0.0
4410.0,0.0,0.0,0.0,0.0,0.0,0.0
4411.0,0.0,0.0,0.0,0.0,0.0,0.0
4412.0,0.0,0.0,0.0,0.0,0.0,0.0
4413.0,0.00012736584176309407,0.0,0.0,0.0,0.005208333333333333,0.034722222222222224
4414.0,1.5318639157158032e-07,0.0,0.0,0.0,0.0,1.2765532630965026e-05
4415.0,1.1914396935708282e-07,0.0,0.0,0.0,0.0,9.928664113090235e-06
4416.0,1.1914396935708282e-07,0.0,0.0,0.0,0.0,9.928664113090235e-06
4417.0,1.1914396935708282e-07,0.0,0.0,0.0,0.0,9.928664113090235e-06
4418.0,1.1914396935708282e-07,0.0,0.0,0.0,0.0,9.928664113090235e-06
4419.0,2.774375388980843e-06,4.402299396133458e-07,0.0,0.0,0.0,0.0002311979490817369
4420.0,4.7657928803346294e-07,4.402299396133458e-07,0.0,0.0,0.0,3.9714940669455245e-05
4421.0,0.0,0.0,0.0,0.0,0.0,0.0
4422.0,0.0,0.0,0.0,0.0,0.0,0.0
4423.0,0.0,0.0,0.0,0.0,0.0,0.0
4424.0,0.0,0.0,0.0,0.0,0.0,0.0
4425.0,0.0,0.0,0.0,0.0,0.0,0.0
4426.0,0.0,0.0,0.0,0.0,0.0,0.0
4427.0,0.0,0.0,0.0,0.0,0.0,0.0
4428.0,0.0,0.0,0.0,0.0,0.0,0.0
4429.0,0.0,0.0,0.0,0.0,0.0,0.0
4430.0,0.0,0.0,0.0,0.0,0.0,0.0
4431.0,0.0,0.0,0.0,0.0,0.0,0.0
4432.0,0.0,0.0,0.0,0.0,0.0,0.0
4433.0,0.0,0.0,0.0,0.0,0.0,0.0
4434.0,0.0,0.0,0.0,0.0,0.0,0.0
4435.0,0.0,0.0,0.0,0.0,0.0,0.0
4436.0,0.0,0.0,0.0,0.0,0.0,0.0
4437.0,0.0,0.0,0.0,0.0,0.0,0.0
4438.0,0.0,0.0,0.0,0.0,0.0,0.0
4439.0,0.0,0.0,0.0,0.0,0.0,0.0
4440.0,0.0,0.0,0.0,0.0,0.0,0.0
4441.0,0.0,0.0,0.0,0.0,0.0,0.0
4442.0,0.0,0.0,0.0,0.0,0.0,0.0
4443.0,0.0,0.0,0.0,0.0,0.0,0.0
4444.0,4.7657928803346294e-07,4.402299396133458e-07,0.0,0.0,0.0,3.9714940669455245e-05
4445.0,4.7657928803346294e-07,4.402299396133458e-07,0.0,0.0,0.0,3.9714940669455245e-05
4446.0,0.0,0.0,0.0,0.0,0.0,0.0
4447.0,0.0,0.0,0.0,0.0,0.0,0.0
4448.0,0.0,0.0,0.0,0.0,0.0,0.0
4449.0,0.0,0.0,0.0,0.0,0.0,0.0
4450.0,0.0,0.0,0.0,0.0,0.0,0.0
4451.0,0.04544595628976822,0.028080157935619354,0.0,0.0006210759747773409,0.2725694444444444,3.7871630241473513
4452.0,1.9744022665690864e-06,0.0,0.0,0.0,0.0,0.00016453352221409054
4453.0,0.0,0.0,0.0,0.0,0.0,0.0
4454.0,0.0,0.0,0.0,0.0,0.0,0.0
4455.0,0.0,0.0,0.0,0.0,0.0,0.0
4456.0,0.0,0.0,0.0,0.0,0.0,0.0
4457.0,0.0,0.0,0.0,0.0,0.0,0.0
4458.0,0.0,0.0,0.0,0.0,0.0,0.0
4459.0,0.0,0.0,0.0,0.0,0.0,0.0
4460.0,0.0,0.0,0.0,0.0,0.0,0.0
4461.0,0.0,0.0,0.0,0.0,0.0,0.0
4462.0,0.0,0.0,0.0,0.0,0.0,0.0
4463.0,0.0,0.0,0.0,0.0,0.0,0.0
4464.0,0.0,0.0,0.0,0.0,0.0,0.0
4465.0,0.0,0.0,0.0,0.0,0.0,0.0
4466.0,0.0,0.0,0.0,0.0,0.0,0.0
4467.0,0.0,0.0,0.0,0.0,0.0,0.0
4468.0,0.0,0.0,0.0,0.0,0.0,0.0
4469.0,0.0,0.0,0.0,0.0,0.0,0.0
4470.0,0.0,0.0,0.0,0.0,0.0,0.0
4471.0,0.0,0.0,0.0,0.0,0.0,0.0
4472.0,0.0,0.0,0.0,0.0,0.0,0.0
4473.0,0.0,0.0,0.0,0.0,0.0,0.0
4474.0,0.0,0.0,0.0,0.0,0.0,0.0
4475.0,0.0,0.0,0.0,0.0,0.0,0.0
4476.0,1.9744022665690864e-06,0.0,0.0,0.0,0.0,0.00016453352221409054
4477.0,1.9744022665690864e-06,0.0,0.0,0.0,0.0,0.00016453352221409054
4478.0,0.0,0.0,0.0,0.0,0.0,0.0
4479.0,0.0,0.0,0.0,0.0,0.0,0.0
4480.0,0.0,0.0,0.0,0.0,0.0,0.0
4481.0,0.0,0.0,0.0,0.0,0.0,0.0
4482.0,0.0,0.0,0.0,0.0,0.0,0.0
4483.0,0.0,0.0,0.0,0.0,0.0,0.0
4484.0,0.0,0.0,0.0,0.0,0.0,0.0
4485.0,0.0,0.0,0.0,0.0,0.0,0.0
4486.0,0.0,0.0,0.0,0.0,0.0,0.0
4487.0,0.0,0.0,0.0,0.0,0.0,0.0
4488.0,0.0,0.0,0.0,0.0,0.0,0.0
4489.0,0.0,0.0,0.0,0.0,0.0,0.0
4490.0,0.0,0.0,0.0,0.0,0.0,0.0
4491.0,0.0,0.0,0.0,0.0,0.0,0.0
4492.0,0.0,0.0,0.0,0.0,0.0,0.0
4493.0,0.0,0.0,0.0,0.0,0.0,0.0
4494.0,0.0,0.0,0.0,0.0,0.0,0.0
4495.0,0.0,0.0,0.0,0.0,0.0,0.0
4496.0,0.0,0.0,0.0,0.0,0.0,0.0
4497.0,0.0,0.0,0.0,0.0,0.0,0.0
4498.0,0.0,0.0,0.0,0.0,0.0,0.0
4499.0,0.0,0.0,0.0,0.0,0.0,0.0
4500.0,0.0,0.0,0.0,0.0,0.0,0.0
4501.0,1.9744022665690864e-06,0.0,0.0,0.0,0.0,0.00016453352221409054
4502.0,1.9744022665690864e-06,0.0,0.0,0.0,0.0,0.00016453352221409054
4503.0,0.0,0.0,0.0,0.0,0.0,0.0
4504.0,0.0,0.0,0.0,0.0,0.0,0.0
4505.0,0.0,0.0,0.0,0.0,0.0,0.0
4506.0,0.0,0.0,0.0,0.0,0.0,0.0
4507.0,0.0,0.0,0.0,0.0,0.0,0.0
4508.0,0.0,0.0,0.0,0.0,0.0,0.0
4509.0,0.0,0.0,0.0,0.0,0.0,0.0
4510.0,0.0,0.0,0.0,0.0,0.0,0.0
4511.0,0.0,0.0,0.0,0.0,0.0,0.0
4512.0,0.0,0.0,0.0,0.0,0.0,0.0
4513.0,0.0,0.0,0.0,0.0,0.0,0.0
4514.0,0.0,0.0,0.0,0.0,0.0,0.0
4515.0,0.0,0.0,0.0,0.0,0.0,0.0
4516.0,0.0,0.0,0.0,0.0,0.0,0.0
4517.0,0.05463374778628349,0.04597807303071022,0.0,0.0006730032037012279,0.4461805555555556,4.552812315523624
4518.0,8.850770427670795e-07,5.50287836631469e-07,0.0,0.0,0.0,7.375642023058997e-05
4519.0,0.0,0.0,0.0,0.0,0.0,0.0
4520.0,0.0,0.0,0.0,0.0,0.0,0.0
4521.0,0.0,0.0,0.0,0.0,0.0,0.0
4522.0,0.0,0.0,0.0,0.0,0.0,0.0
4523.0,0.0,0.0,0.0,0.0,0.0,0.0
4524.0,0.0,0.0,0.0,0.0,0.0,0.0
4525.0,0.0,0.0,0.0,0.0,0.0,0.0
4526.0,0.0,0.0,0.0,0.0,0.0,0.0
4527.0,0.0,0.0,0.0,0.0,0.0,0.0
4528.0,0.0,0.0,0.0,0.0,0.0,0.0
4529.0,0.0,0.0,0.0,0.0,0.0,0.0
4530.0,0.0,0.0,0.0,0.0,0.0,0.0
4531.0,0.0,0.0,0.0,0.0,0.0,0.0
4532.0,0.0,0.0,0.0,0.0,0.0,0.0
4533.0,0.0,0.0,0.0,0.0,0.0,0.0
4534.0,0.0,0.0,0.0,0.0,0.0,0.0
4535.0,0.0,0.0,0.0,0.0,0.0,0.0
4536.0,0.0,0.0,0.0,0.0,0.0,0.0
4537.0,0.0,0.0,0.0,0.0,0.0,0.0
4538.0,0.0,0.0,0.0,0.0,0.0,0.0
4539.0,0.0,0.0,0.0,0.0,0.0,0.0
4540.0,0.0,0.0,0.0,0.0,0.0,0.0
4541.0,0.0,0.0,0.0,0.0,0.0,0.0
4542.0,8.850770427670795e-07,5.50287836631469e-07,0.0,0.0,0.0,7.375642023058997e-05
4543.0,8.850770427670795e-07,5.50287836631469e-07,0.0,0.0,0.0,7.375642023058997e-05
4544.0,0.0,0.0,0.0,0.0,0.0,0.0
4545.0,0.0,0.0,0.0,0.0,0.0,0.0
4546.0,0.0,0.0,0.0,0.0,0.0,0.0
4547.0,0.0,0.0,0.0,0.0,0.0,0.0
4548.0,0.0,0.0,0.0,0.0,0.0,0.0
4549.0,0.0,0.0,0.0,0.0,0.0,0.0
4550.0,0.0,0.0,0.0,0.0,0.0,0.0
4551.0,0.0,0.0,0.0,0.0,0.0,0.0
4552.0,0.0,0.0,0.0,0.0,0.0,0.0
4553.0,0.0,0.0,0.0,0.0,0.0,0.0
4554.0,0.0,0.0,0.0,0.0,0.0,0.0
4555.0,0.0,0.0,0.0,0.0,0.0,0.0
4556.0,0.0,0.0,0.0,0.0,0.0,0.0
4557.0,0.0,0.0,0.0,0.0,0.0,0.0
4558.0,0.0,0.0,0.0,0.0,0.0,0.0
4559.0,0.0,0.0,0.0,0.0,0.0,0.0
4560.0,0.0,0.0,0.0,0.0,0.0,0.0
4561.0,0.0,0.0,0.0,0.0,0.0,0.0
4562.0,0.0,0.0,0.0,0.0,0.0,0.0
4563.0,0.0,0.0,0.0,0.0,0.0,0.0
4564.0,0.0,0.0,0.0,0.0,0.0,0.0
4565.0,0.0,0.0,0.0,0.0,0.0,0.0
4566.0,0.0,0.0,0.0,0.0,0.0,0.0
4567.0,8.850770427670795e-07,5.50287836631469e-07,0.0,0.0,0.0,7.375642023058997e-05
4568.0,8.850770427670795e-07,5.50287836631469e-07,0.0,0.0,0.0,7.375642023058997e-05
4569.0,0.0,0.0,0.0,0.0,0.0,0.0
4570.0,0.0,0.0,0.0,0.0,0.0,0.0
4571.0,0.0,0.0,0.0,0.0,0.0,0.0
4572.0,0.0,0.0,0.0,0.0,0.0,0.0
4573.0,0.0,0.0,0.0,0.0,0.0,0.0
4574.0,0.0,0.0,0.0,0.0,0.0,0.0
4575.0,0.0,0.0,0.0,0.0,0.0,0.0
4576.0,0.0,0.0,0.0,0.0,0.0,0.0
4577.0,0.0,0.0,0.0,0.0,0.0,0.0
4578.0,0.0,0.0,0.0,0.0,0.0,0.0
4579.0,0.0,0.0,0.0,0.0,0.0,0.0
4580.0,0.0,0.0,0.0,0.0,0.0,0.0
4581.0,0.0,0.0,0.0,0.0,0.0,0.0
4582.0,0.0,0.0,0.0,0.0,0.0,0.0
4583.0,0.0,0.0,0.0,0.0,0.0,0.0
4584.0,0.0,0.0,0.0,0.0,0.0,0.0
4585.0,0.0,0.0,0.0,0.0,0.0,0.0
4586.0,0.0,0.0,0.0,0.0,0.0,0.0
4587.0,0.0,0.0,0.0,0.0,0.0,0.0
4588.0,0.0,0.0,0.0,0.0,0.0,0.0
4589.0,0.0,0.0,0.0,0.0,0.0,0.0
4590.0,0.0,0.0,0.0,0.0,0.0,0.0
4591.0,0.0,0.0,0.0,0.0,0.0,0.0
4592.0,8.850770427670795e-07,5.50287836631469e-07,0.0,0.0,0.0,7.375642023058997e-05
4593.0,8.850770427670795e-07,5.50287836631469e-07,0.0,0.0,0.0,7.375642023058997e-05
4594.0,0.0,0.0,0.0,0.0,0.0,0.0
4595.0,0.0,0.0,0.0,0.0,0.0,0.0
4596.0,0.0,0.0,0.0,0.0,0.0,0.0
4597.0,0.0,0.0,0.0,0.0,0.0,0.0
4598.0,0.0,0.0,0.0,0.0,0.0,0.0
4599.0,0.0,0.0,0.0,0.0,0.0,0.0
4600.0,0.0,0.0,0.0,0.0,0.0,0.0
4601.0,0.0,0.0,0.0,0.0,0.0,0.0
4602.0,0.0,0.0,0.0,0.0,0.0,0.0
4603.0,0.0,0.0,0.0,0.0,0.0,0.0
4604.0,0.0,0.0,0.0,0.0,0.0,0.0
4605.0,0.0,0.0,0.0,0.0,0.0,0.0
4606.0,0.0,0.0,0.0,0.0,0.0,0.0
4607.0,0.0,0.0,0.0,0.0,0.0,0.0
4608.0,0.0,0.0,0.0,0.0,0.0,0.0
4609.0,0.0,0.0,0.0,0.0,0.0,0.0
4610.0,0.0,0.0,0.0,0.0,0.0,0.0
4611.0,0.0,0.0,0.0,0.0,0.0,0.0
4612.0,0.0,0.0,0.0,0.0,0.0,0.0
4613.0,0.0,0.0,0.0,0.0,0.0,0.0
4614.0,0.0,0.0,0.0,0.0,0.0,0.0
4615.0,0.0,0.0,0.0,0.0,0.0,0.0
4616.0,0.0,0.0,0.0,0.0,0.0,0.0
4617.0,8.850770427670795e-07,5.50287836631469e-07,0.0,0.0,0.0,7.375642023058997e-05
4618.0,8.850770427670795e-07,5.50287836631469e-07,0.0,0.0,0.0,7.375642023058997e-05
4619.0,0.0,0.0,0.0,0.0,0.0,0.0
4620.0,0.0,0.0,0.0,0.0,0.0,0.0
4621.0,0.0,0.0,0.0,0.0,0.0,0.0
4622.0,0.0,0.0,0.0,0.0,0.0,0.0
4623.0,0.0,0.0,0.0,0.0,0.0,0.0
4624.0,0.0,0.0,0.0,0.0,0.0,0.0
4625.0,0.0,0.0,0.0,0.0,0.0,0.0
4626.0,0.0,0.0,0.0,0.0,0.0,0.0
4627.0,0.0,0.0,0.0,0.0,0.0,0.0
4628.0,0.0,0.0,0.0,0.0,0.0,0.0
4629.0,0.0,0.0,0.0,0.0,0.0,0.0
4630.0,0.0,0.0,0.0,0.0,0.0,0.0
4631.0,0.0,0.0,0.0,0.0,0.0,0.0
4632.0,0.0,0.0,0.0,0.0,0.0,0.0
4633.0,0.0,0.0,0.0,0.0,0.0,0.0
4634.0,0.0,0.0,0.0,0.0,0.0,0.0
4635.0,0.0,0.0,0.0,0.0,0.0,0.0
4636.0,0.0,0.0,0.0,0.0,0.0,0.0
4637.0,0.0,0.0,0.0,0.0,0.0,0.0
4638.0,0.0,0.0,0.0,0.0,0.0,0.0
4639.0,0.0,0.0,0.0,0.0,0.0,0.0
4640.0,7.868574175518006e-05,0.0,0.0,0.0,0.0,0.006557145146265005
4641.0,7.884179649408907e-05,0.0,0.0,0.0,0.0,0.006570149707840756
4642.0,2.7018152195523726e-06,5.50287836631469e-07,0.0,0.0,0.0,0.00022515126829603105
4643.0,8.850770427670795e-07,5.50287836631469e-07,0.0,0.0,0.0,7.375642023058997e-05
4644.0,0.0,0.0,0.0,0.0,0.0,0.0
4645.0,0.0,0.0,0.0,0.0,0.0,0.0
4646.0,0.0,0.0,0.0,0.0,0.0,0.0
4647.0,2.0322708223829977e-05,0.0,0.0,0.0,0.0,0.001693559018652498
4648.0,5.506194429472089e-05,0.0,0.0,0.0,0.0,0.004588495357893407
4649.0,0.0,0.0,0.0,0.0,0.0,0.0
4650.0,0.0,0.0,0.0,0.0,0.0,0.0
4651.0,9.531598834655597e-07,0.0,0.0,0.0,0.0,7.942999028879665e-05
4652.0,0.0,0.0,0.0,0.0,0.0,0.0
4653.0,0.0,0.0,0.0,0.0,0.0,0.0
4654.0,0.0,0.0,0.0,0.0,0.0,0.0
4655.0,0.0,0.0,0.0,0.0,0.0,0.0
4656.0,0.0,0.0,0.0,0.0,0.0,0.0
4657.0,0.0,0.0,0.0,0.0,0.0,0.0
4658.0,0.0,0.0,0.0,0.0,0.0,0.0
4659.0,0.0,0.0,0.0,0.0,0.0,0.0
4660.0,0.0,0.0,0.0,0.0,0.0,0.0
4661.0,0.0,0.0,0.0,0.0,0.0,0.0
4662.0,0.0,0.0,0.0,0.0,0.0,0.0
4663.0,0.0,0.0,0.0,0.0,0.0,0.0
4664.0,0.0,0.0,0.0,0.0,0.0,0.0
4665.0,0.0,0.0,0.0,0.0,0.0,0.0
4666.0,0.0,0.0,0.0,0.0,0.0,0.0
4667.0,0.000227314347284846,0.0003066164499614388,0.0,0.0,0.0,0.018942862273737166
4668.0,0.045106157660484314,0.04524647444486618,0.0,0.00039244911749847233,0.3559027777777778,3.758846471707026
4669.0,0.0,0.0,0.0,0.0,0.0,0.0
4670.0,0.0,0.0,0.0,0.0,0.0,0.0
4671.0,0.0,0.0,0.0,0.0,0.0,0.0
4672.0,0.0,0.0,0.0,0.0,0.0,0.0
4673.0,0.0,0.0,0.0,0.0,0.0,0.0
4674.0,0.0,0.0,0.0,0.0,0.0,0.0
4675.0,0.0,0.0,0.0,0.0,0.0,0.0
4676.0,0.00013092823792248964,0.0001240241399500519,0.0,3.5143628338119015e-05,0.0,0.010910686493540803
4677.0,0.0,0.0,0.0,0.0,0.0,0.0
4678.0,0.0,0.0,0.0,0.0,0.0,0.0
4679.0,0.0,0.0,0.0,0.0,0.0,0.0
4680.0,0.0,0.0,0.0,0.0,0.0,0.0
4681.0,0.0,0.0,0.0,0.0,0.0,0.0
4682.0,0.0,0.0,0.0,0.0,0.0,0.0
4683.0,0.0,0.0,0.0,0.0,0.0,0.0
4684.0,0.0,0.0,0.0,0.0,0.0,0.0
4685.0,0.0,0.0,0.0,0.0,0.0,0.0
4686.0,0.0,0.0,0.0,0.0,0.0,0.0
4687.0,0.0,0.0,0.0,0.0,0.0,0.0
4688.0,0.0,0.0,0.0,0.0,0.0,0.0
4689.0,0.0,0.0,0.0,0.0,0.0,0.0
4690.0,0.0,0.0,0.0,0.0,0.0,0.0
4691.0,0.0,0.0,0.0,0.0,0.0,0.0
4692.0,3.404139192753064e-08,0.0,0.0,0.0,0.0,2.8367826606275535e-06
4693.0,1.6816444258438423e-05,0.0,0.0,0.0,0.001736111111111111,0.011574074074074073
4694.0,5.921499177929945e-05,0.0,0.0,0.0,0.0,0.004934582648274954
4695.0,9.883916936814785e-05,0.0,0.0,0.0,0.003472222222222222,0.023148148148148147
4696.0,0.0,0.0,0.0,0.0,0.0,0.0
4697.0,0.0,0.0,0.0,0.0,0.0,0.0
4698.0,0.0,0.0,0.0,0.0,0.0,0.0
4699.0,0.0,0.0,0.0,0.0,0.0,0.0
4700.0,0.0,0.0,0.0,0.0,0.0,0.0
4701.0,1.5318613577619544e-06,0.0,0.0,0.0,0.0,0.00012765511314682954
4702.0,0.00015895624528639019,0.0,0.0,0.0,0.0,0.013246353773865849
4703.0,5.594702088274062e-05,0.0,0.0,0.0,0.0,0.004662251740228385
4704.0,8.694170537637547e-05,0.0,0.0,0.0,0.001736111111111111,0.011574074074074073
4705.0,0.00019344018073752522,0.0,0.0,0.0,0.0,0.016120015061460435
4706.0,0.0,0.0,0.0,0.0,0.0,0.0
4707.0,0.0,0.0,0.0,0.0,0.0,0.0
4708.0,0.0,0.0,0.0,0.0,0.0,0.0
4709.0,5.089184924145229e-06,0.0,0.0,0.0,0.0,0.0004240987436787691
4710.0,0.0,0.0,0.0,0.0,0.0,0.0
4711.0,0.0,0.0,0.0,0.0,0.0,0.0
4712.0,8.234612323576584e-05,0.0,0.0,0.0,0.003472222222222222,0.023148148148148147
4713.0,0.0,0.0,0.0,0.0,0.0,0.0
4714.0,0.0,0.0,0.0,0.0,0.0,0.0
4715.0,6.609136471524835e-05,0.0,0.0,0.0,0.001736111111111111,0.011574074074074073
4716.0,1.7599397324374877e-05,0.0,0.0,0.0,0.001736111111111111,0.011574074074074073
4717.0,2.3828847872664483e-07,0.0,0.0,0.0,0.0,1.9857373227220403e-05
4718.0,5.106182854319741e-08,0.0,0.0,0.0,0.0,4.255152378599784e-06
4719.0,0.0,0.0,0.0,0.0,0.0,0.0
4720.0,0.0,0.0,0.0,0.0,0.0,0.0
4721.0,0.0,0.0,0.0,0.0,0.0,0.0
4722.0,0.0,0.0,0.0,0.0,0.0,0.0
4723.0,0.0,0.0,0.0,0.0,0.0,0.0
4724.0,0.0,0.0,0.0,0.0,0.0,0.0
4725.0,0.0,0.0,0.0,0.0,0.0,0.0
4726.0,0.0,0.0,0.0,0.0,0.0,0.0
4727.0,4.172450474015932e-07,2.367776687606238e-06,0.0,0.0,0.0,5.9194417190155946e-05
4728.0,0.030887089669704437,0.017671233043074608,0.0,0.00026846668333746493,0.22916666666666666,2.5739241391420364
4729.0,0.0,0.0,0.0,0.0,0.0,0.0
4730.0,0.0,0.0,0.0,0.0,0.0,0.0
4731.0,0.0,0.0,0.0,0.0,0.0,0.0
4732.0,0.0,0.0,0.0,0.0,0.0,0.0
4733.0,0.0,0.0,0.0,0.0,0.0,0.0
4734.0,0.0,0.0,0.0,0.0,0.0,0.0
4735.0,0.0,0.0,0.0,0.0,0.0,0.0
4736.0,0.0,0.0,0.0,0.0,0.0,0.0
4737.0,0.0,0.0,0.0,0.0,0.0,0.0
4738.0,0.0,0.0,0.0,0.0,0.0,0.0
4739.0,0.0,0.0,0.0,0.0,0.0,0.0
4740.0,0.0,0.0,0.0,0.0,0.0,0.0
4741.0,0.0,0.0,0.0,0.0,0.0,0.0
4742.0,0.0,0.0,0.0,0.0,0.0,0.0
4743.0,0.0,0.0,0.0,0.0,0.0,0.0
4744.0,0.0,0.0,0.0,0.0,0.0,0.0
4745.0,0.0,0.0,0.0,0.0,0.0,0.0
4746.0,0.0003217421763110906,0.0,0.0,0.0,0.005208333333333333,0.034722222222222224
4747.0,0.00027769262669607997,0.0,0.0,0.0,0.003472222222222222,0.023148148148148147
4748.0,0.0002158904680982232,0.0,0.0,0.0,0.003472222222222222,0.023148148148148147
4749.0,0.00026552280178293586,0.0,0.0,0.0,0.008680555555555556,0.05787037037037038
4750.0,0.0002842796384356916,0.0,0.0,0.0,0.005208333333333333,0.034722222222222224
4751.0,0.00019944847736041993,0.0,0.0,0.0,0.003472222222222222,0.023148148148148147
4752.0,3.2338934374820383e-07,0.0,0.0,0.0,0.0,2.6949111979016987e-05
4753.0,1.5829262338229455e-05,0.0,0.0,0.0,0.0,0.0013191051948524546
4754.0,0.0001461737119825557,0.0,0.0,0.0,0.003472222222222222,0.023148148148148147
4755.0,0.00026062087272293866,0.0,0.0,0.0,0.005208333333333333,0.034722222222222224
4756.0,0.0002531658101361245,0.0,0.0,0.0,0.005208333333333333,0.034722222222222224
4757.0,0.00018224057566840202,0.0,0.0,0.0,0.003472222222222222,0.023148148148148147
4758.0,6.476374255726114e-05,0.0,0.0,0.0,0.0,0.0053969785464384286
4759.0,0.00013899097393732518,0.0,0.0,0.0,0.0,0.011582581161443764
4760.0,0.00012966363283339888,0.0,0.0,0.0,0.0,0.010805302736116573
4761.0,1.1982569048996083e-05,0.0,0.0,0.0,0.0,0.0009985474207496736
4762.0,0.0,0.0,0.0,0.0,0.0,0.0
4763.0,0.0,0.0,0.0,0.0,0.0,0.0
4764.0,0.0,0.0,0.0,0.0,0.0,0.0
4765.0,0.0,0.0,0.0,0.0,0.0,0.0
4766.0,4.146240826230496e-05,0.0,0.0,0.0,0.0,0.0034552006885254136
4767.0,0.0003062703472096473,0.0,0.0,0.0,0.001736111111111111,0.025522528934137274
4768.0,0.0001457822509109974,0.0,0.0,0.0,0.001736111111111111,0.012148520909249783
4769.0,0.00029866211116313934,0.0,0.0,0.0,0.001736111111111111,0.024888509263594944
4770.0,0.00015504150360357016,0.0,0.0,0.0,0.003472222222222222,0.023148148148148147
4771.0,9.226918336935341e-05,0.0,0.0,0.0,0.001736111111111111,0.011574074074074073
4772.0,0.0,0.0,0.0,0.0,0.0,0.0
4773.0,9.586053784005344e-05,0.0,0.0,0.0,0.0,0.007988378153337786
4774.0,1.0791119166242424e-05,0.0,0.0,0.0,0.001736111111111111,0.011574074074074073
4775.0,0.0,0.0,0.0,0.0,0.0,0.0
4776.0,0.0001823256752686575,0.0,0.0,0.0,0.006944444444444444,0.046296296296296294
4777.0,0.0,0.0,0.0,0.0,0.0,0.0
4778.0,6.110430149419699e-06,0.0,0.0,0.0,0.001736111111111111,0.011574074074074073
4779.0,0.0,0.0,0.0,0.0,0.0,0.0
4780.0,0.0,0.0,0.0,0.0,0.0,0.0
4781.0,0.0002255922881886363,0.0,0.0,0.0,0.001736111111111111,0.018799357349053025
4782.0,9.249044524040073e-05,0.0,0.0,0.0,0.0,0.007707537103366727
4783.0,0.00017463233962189406,0.0,0.0,0.0,0.0,0.01455269496849117
4784.0,0.00019475076987873763,0.0,0.0,0.0,0.0,0.016229230823228136
4785.0,0.0,0.0,0.0,0.0,0.0,0.0
4786.0,0.00013002108607906848,0.0,0.0,0.0,0.0,0.01083509050658904
4787.0,0.00033740123035386205,0.0,0.0,0.0,0.001736111111111111,0.02811676919615517
4788.0,0.0,0.0,0.0,0.0,0.0,0.0
4789.0,0.0,0.0,0.0,0.0,0.0,0.0
4790.0,0.0,0.0,0.0,0.0,0.0,0.0
4791.0,0.0,0.0,0.0,0.0,0.0,0.0
4792.0,0.0,0.0,0.0,0.0,0.0,0.0
4793.0,0.0,0.0,0.0,0.0,0.0,0.0
4794.0,7.999716217454989e-06,0.0,0.0,0.0,0.0,0.000666643018121249
4795.0,0.0,0.0,0.0,0.0,0.0,0.0
4796.0,0.0,0.0,0.0,0.0,0.0,0.0
4797.0,0.0,0.0,0.0,0.0,0.0,0.0
4798.0,0.0,0.0,0.0,0.0,0.0,0.0
4799.0,0.0,0.0,0.0,0.0,0.0,0.0
4800.0,0.0,0.0,0.0,0.0,0.0,0.0
4801.0,0.0,0.0,0.0,0.0,0.0,0.0
4802.0,0.0,0.0,0.0,0.0,0.0,0.0
4803.0,0.0,0.0,0.0,0.0,0.0,0.0
4804.0,0.0,0.0,0.0,0.0,0.0,0.0
4805.0,0.0,0.0,0.0,0.0,0.0,0.0
4806.0,0.0,0.0,0.0,0.0,0.0,0.0
4807.0,0.0,0.0,0.0,0.0,0.0,0.0
4808.0,0.0,0.0,0.0,0.0,0.0,0.0
4809.0,0.0,0.0,0.0,0.0,0.0,0.0
4810.0,0.005208979360759258,0.0,0.0,0.0,0.06770833333333333,0.4513888888888889
4811.0,0.0,0.0,0.0,0.0,0.0,0.0
4812.0,0.0,0.0,0.0,0.0,0.0,0.0
4813.0,0.0,0.0,0.0,0.0,0.0,0.0
4814.0,0.0,0.0,0.0,0.0,0.0,0.0
4815.0,0.00011551944771781564,0.0,0.0,0.0,0.0,0.009626620643151304
4816.0,0.00015236926265060902,0.0,0.0,0.0,0.001736111111111111,0.012697438554217419
4817.0,0.0,0.0,0.0,0.0,0.0,0.0
4818.0,0.0,0.0,0.0,0.0,0.0,0.0
4819.0,3.1828853934712242e-06,0.0,0.0,0.0,0.0,0.00026524044945593533
4820.0,0.0,0.0,0.0,0.0,0.0,0.0
4821.0,0.0,0.0,0.0,0.0,0.0,0.0
4822.0,0.0,0.0,0.0,0.0,0.0,0.0
4823.0,0.0,0.0,0.0,0.0,0.0,0.0
4824.0,0.00031098510953597724,0.0,0.0,0.0,0.0,0.02591542579466477
4825.0,0.0,0.0,0.0,0.0,0.0,0.0
4826.0,0.0,0.0,0.0,0.0,0.0,0.0
4827.0,0.0,0.0,0.0,0.0,0.0,0.0
4828.0,2.978626525873551e-06,0.0,0.0,0.0,0.0,0.0002482188771561293
4829.0,0.0,0.0,0.0,0.0,0.0,0.0
4830.0,0.0,0.0,0.0,0.0,0.0,0.0
4831.0,0.0,0.0,0.0,0.0,0.0,0.0
4832.0,0.0,0.0,0.0,0.0,0.0,0.0
4833.0,0.0,0.0,0.0,0.0,0.0,0.0
4834.0,0.0,0.0,0.0,0.0,0.0,0.0
4835.0,0.0,0.0,0.0,0.0,0.0,0.0
4836.0,0.0,0.0,0.0,0.0,0.0,0.0
4837.0,0.0,0.0,0.0,0.0,0.0,0.0
4838.0,0.0,0.0,0.0,0.0,0.0,0.0
4839.0,0.0,0.0,0.0,0.0,0.0,0.0
4840.0,0.0,0.0,0.0,0.0,0.0,0.0
4841.0,0.0,0.0,0.0,0.0,0.0,0.0
4842.0,0.0,0.0,0.0,0.0,0.0,0.0
4843.0,0.0,0.0,0.0,0.0,0.0,0.0
4844.0,0.0,0.0,0.0,0.0,0.0,0.0
4845.0,0.0,0.0,0.0,0.0,0.0,0.0
4846.0,0.0,0.0,0.0,0.0,0.0,0.0
4847.0,0.0,0.0,0.0,0.0,0.0,0.0
4848.0,0.0,0.0,0.0,0.0,0.0,0.0
4849.0,0.0,0.0,0.0,0.0,0.0,0.0
4850.0,0.0,0.0,0.0,0.0,0.0,0.0
4851.0,0.0,0.0,0.0,0.0,0.0,0.0
4852.0,0.00014668433868791908,0.0,0.0,0.0,0.0,0.012223694890659923
4853.0,0.0002401790552539751,0.0,0.0,0.0,0.0,0.020014921271164592
4854.0,0.0,0.0,0.0,0.0,0.0,0.0
4855.0,0.0,0.0,0.0,0.0,0.0,0.0
4856.0,0.0,0.0,0.0,0.0,0.0,0.0
4857.0,0.027922095730900764,0.017297768965363503,0.0,0.00038409975240938365,0.2690972222222222,2.326841310908397
4858.0,0.0,0.0,0.0,0.0,0.0,0.0
4859.0,0.0,0.0,0.0,0.0,0.0,0.0
4860.0,0.0,0.0,0.0,0.0,0.0,0.0
4861.0,0.0,0.0,0.0,0.0,0.0,0.0
4862.0,0.0,0.0,0.0,0.0,0.0,0.0
4863.0,0.0,0.0,0.0,0.0,0.0,0.0
4864.0,0.0,0.0,0.0,0.0,0.0,0.0
4865.0,5.184576366445981e-06,1.9284316294942982e-06,4.582108886097558e-05,0.0,0.0,0.00043204803053716506
4866.0,5.184576366445981e-06,1.9284316294942982e-06,4.582108886097558e-05,0.0,0.0,0.00043204803053716506
4867.0,0.0,0.0,0.0,0.0,0.0,0.0
4868.0,0.0,0.0,0.0,0.0,0.0,0.0
4869.0,0.0,0.0,0.0,0.0,0.0,0.0
4870.0,0.0,0.0,0.0,0.0,0.0,0.0
4871.0,0.0,0.0,0.0,0.0,0.0,0.0
4872.0,0.0,0.0,0.0,0.0,0.0,0.0
4873.0,0.0,0.0,0.0,0.0,0.0,0.0
4874.0,0.0,0.0,0.0,0.0,0.0,0.0
4875.0,0.0,0.0,0.0,0.0,0.0,0.0
4876.0,0.0,0.0,0.0,0.0,0.0,0.0
4877.0,0.0,0.0,0.0,0.0,0.0,0.0
4878.0,0.0,0.0,0.0,0.0,0.0,0.0
4879.0,0.0,0.0,0.0,0.0,0.0,0.0
4880.0,0.0,0.0,0.0,0.0,0.0,0.0
4881.0,0.0,0.0,0.0,0.0,0.0,0.0
4882.0,0.0,0.0,0.0,0.0,0.0,0.0
4883.0,1.9301465727039613e-05,0.0,0.0,0.0,0.0,0.001608455477253301
4884.0,0.0005129867349751294,0.0,0.0,0.0,0.003472222222222222,0.04274889458126078
4885.0,0.0,0.0,0.0,0.0,0.0,0.0
4886.0,0.0,0.0,0.0,0.0,0.0,0.0
4887.0,0.0,0.0,0.0,0.0,0.0,0.0
4888.0,0.0,0.0,0.0,0.0,0.0,0.0
4889.0,0.0,0.0,0.0,0.0,0.0,0.0
4890.0,8.38446976558771e-06,1.9284316294942982e-06,4.582108886097558e-05,0.0,0.0,0.0006987058137989758
4891.0,0.00017537451640237123,1.9284316294942982e-06,4.582108886097558e-05,0.0,0.003472222222222222,0.023148148148148147
4892.0,0.00014685453788843006,0.0,0.0,0.0,0.0,0.012237878157369172
4893.0,0.0,0.0,0.0,0.0,0.0,0.0
4894.0,0.0002313112490810454,0.0,0.0,0.0,0.003472222222222222,0.023148148148148147
4895.0,0.0,0.0,0.0,0.0,0.0,0.0
4896.0,0.0,0.0,0.0,0.0,0.0,0.0
4897.0,0.0,0.0,0.0,0.0,0.0,0.0
4898.0,0.0,0.0,0.0,0.0,0.0,0.0
4899.0,8.03377406555228e-06,0.0,0.0,0.0,0.0,0.0006694811721293566
4900.0,0.0,0.0,0.0,0.0,0.0,0.0
4901.0,0.0,0.0,0.0,0.0,0.0,0.0
4902.0,0.0,0.0,0.0,0.0,0.0,0.0
4903.0,0.0,0.0,0.0,0.0,0.0,0.0
4904.0,0.0,0.0,0.0,0.0,0.0,0.0
4905.0,0.0,0.0,0.0,0.0,0.0,0.0
4906.0,0.0,0.0,0.0,0.0,0.0,0.0
4907.0,0.00108326505869627,0.0,0.0,0.0,0.010416666666666666,0.09027208822468917
4908.0,0.0,0.0,0.0,0.0,0.0,0.0
4909.0,0.0,0.0,0.0,0.0,0.0,0.0
4910.0,0.0,0.0,0.0,0.0,0.0,0.0
4911.0,0.0,0.0,0.0,0.0,0.0,0.0
4912.0,0.0,0.0,0.0,0.0,0.0,0.0
4913.0,0.0,0.0,0.0,0.0,0.0,0.0
4914.0,0.0,0.0,0.0,0.0,0.0,0.0
4915.0,5.184576366445981e-06,1.9284316294942982e-06,4.582108886097558e-05,0.0,0.0,0.00043204803053716506
4916.0,5.184576366445981e-06,1.9284316294942982e-06,4.582108886097558e-05,0.0,0.0,0.00043204803053716506
4917.0,0.00014624180039390922,0.0,0.0,0.0,0.003472222222222222,0.023148148148148147
4918.0,3.162444772897288e-05,0.0,0.0,0.0,0.0,0.0026353706440810734
4919.0,3.935183849534951e-05,0.0,0.0,0.0,0.0,0.0032793198746124594
4920.0,0.0,0.0,0.0,0.0,0.0,0.0
4921.0,0.0001261914148926735,0.0,0.0,0.0,0.001736111111111111,0.011574074074074073
4922.0,9.199683699989691e-05,0.0,0.0,0.0,0.001736111111111111,0.011574074074074073
4923.0,0.0,0.0,0.0,0.0,0.0,0.0
4924.0,1.5318575208311813e-07,0.0,0.0,0.0,0.0,1.2765479340259844e-05
4925.0,0.00022880917822476476,0.0,0.0,0.0,0.005208333333333333,0.034722222222222224
4926.0,0.00013388476509135216,0.0,0.0,0.0,0.001736111111111111,0.011574074074074073
4927.0,0.00015247135888785124,0.0,0.0,0.0,0.0,0.012705946573987603
4928.0,0.0001453396980650723,0.0,0.0,0.0,0.003472222222222222,0.023148148148148147
4929.0,0.0001374250859953463,0.0,0.0,0.0,0.005208333333333333,0.034722222222222224
4930.0,0.0002553104131948203,0.0,0.0,0.0,0.008680555555555556,0.05787037037037038
4931.0,0.0,0.0,0.0,0.0,0.0,0.0
4932.0,9.123090421780944e-06,0.0,0.0,0.0,0.0,0.000760257535148412
4933.0,0.0,0.0,0.0,0.0,0.0,0.0
4934.0,0.0,0.0,0.0,0.0,0.0,0.0
4935.0,0.0,0.0,0.0,0.0,0.0,0.0
4936.0,0.0,0.0,0.0,0.0,0.0,0.0
4937.0,0.0,0.0,0.0,0.0,0.0,0.0
4938.0,0.0,0.0,0.0,0.0,0.0,0.0
4939.0,0.0,0.0,0.0,0.0,0.0,0.0
4940.0,5.72923818253912e-06,1.9284316294942982e-06,4.582108886097558e-05,0.0,0.0,0.00047743651521159336
4941.0,5.72923818253912e-06,1.9284316294942982e-06,4.582108886097558e-05,0.0,0.0,0.00047743651521159336
4942.0,0.0,0.0,0.0,0.0,0.0,0.0
4943.0,0.0,0.0,0.0,0.0,0.0,0.0
4944.0,0.0,0.0,0.0,0.0,0.0,0.0
4945.0,0.0,0.0,0.0,0.0,0.0,0.0
4946.0,0.0,0.0,0.0,0.0,0.0,0.0
4947.0,0.0,0.0,0.0,0.0,0.0,0.0
4948.0,0.0,0.0,0.0,0.0,0.0,0.0
4949.0,3.276483766967431e-05,0.0,0.0,0.0,0.0,0.0027304031391395256
4950.0,9.005649189930409e-05,0.0,0.0,0.0,0.0,0.007504707658275341
4951.0,5.106182854319741e-08,0.0,0.0,0.0,0.0,4.255152378599784e-06
4952.0,0.0,0.0,0.0,0.0,0.0,0.0
4953.0,0.0,0.0,0.0,0.0,0.0,0.0
4954.0,0.0,0.0,0.0,0.0,0.0,0.0
4955.0,0.0,0.0,0.0,0.0,0.0,0.0
4956.0,0.0,0.0,0.0,0.0,0.0,0.0
4957.0,2.1446110167744337e-06,0.0,0.0,0.0,0.0,0.0001787175847312028
4958.0,0.0,0.0,0.0,0.0,0.0,0.0
4959.0,0.001176657504402101,0.0,0.0,0.0,0.024305555555555556,0.16203703703703703
4960.0,0.0,0.0,0.0,0.0,0.0,0.0
4961.0,0.008970281109213829,0.008792784996330738,0.0,0.0003714128688443452,0.024305555555555556,0.747523425767819
4962.0,3.574345157630887e-07,0.0,0.0,0.0,0.0,2.9786209646924057e-05
4963.0,0.0,0.0,0.0,0.0,0.0,0.0
4964.0,0.0,0.0,0.0,0.0,0.0,0.0
4965.0,5.619493094854988e-05,8.118948608171195e-05,4.582108886097558e-05,4.396160147734918e-05,0.0,0.005495200184668647
4966.0,5.3617254707205575e-06,2.963849738080171e-06,4.582108886097558e-05,0.0,0.0,0.00044681045589337976
4967.0,0.0,0.0,0.0,0.0,0.0,0.0
4968.0,0.0,0.0,0.0,0.0,0.0,0.0
4969.0,0.0,0.0,0.0,0.0,0.0,0.0
4970.0,0.0,0.0,0.0,0.0,0.0,0.0
4971.0,0.0,0.0,0.0,0.0,0.0,0.0
4972.0,0.0,0.0,0.0,0.0,0.0,0.0
4973.0,0.0,0.0,0.0,0.0,0.0,0.0
4974.0,0.0,0.0,0.0,0.0,0.0,0.0
4975.0,0.0,0.0,0.0,0.0,0.0,0.0
4976.0,0.0,0.0,0.0,0.0,0.0,0.0
4977.0,0.0,0.0,0.0,0.0,0.0,0.0
4978.0,0.0003364139993209392,0.0,0.0,0.0,0.006944444444444444,0.046296296296296294
4979.0,0.0,0.0,0.0,0.0,0.0,0.0
4980.0,0.0,0.0,0.0,0.0,0.0,0.0
4981.0,0.0,0.0,0.0,0.0,0.0,0.0
4982.0,0.00020178031991235912,0.0,0.0,0.0,0.003472222222222222,0.023148148148148147
4983.0,5.293435606290586e-05,0.0,0.0,0.0,0.0,0.004411196338575489
4984.0,0.0,0.0,0.0,0.0,0.0,0.0
4985.0,0.0,0.0,0.0,0.0,0.0,0.0
4986.0,0.0,0.0,0.0,0.0,0.0,0.0
4987.0,0.0,0.0,0.0,0.0,0.0,0.0
4988.0,0.0,0.0,0.0,0.0,0.0,0.0
4989.0,0.0,0.0,0.0,0.0,0.0,0.0
4990.0,6.451049557654187e-06,2.963849738080171e-06,4.582108886097558e-05,0.0,0.0,0.0005375874631378489
4991.0,0.00012101733591407537,2.963849738080171e-06,4.582108886097558e-05,0.0,0.001736111111111111,0.011574074074074073
4992.0,3.814337833318859e-05,0.0,0.0,0.0,0.0,0.0031786148610990494
4993.0,0.0,0.0,0.0,0.0,0.0,0.0
4994.0,0.0,0.0,0.0,0.0,0.0,0.0
4995.0,0.0,0.0,0.0,0.0,0.0,0.0
4996.0,0.0,0.0,0.0,0.0,0.0,0.0
4997.0,0.0,0.0,0.0,0.0,0.0,0.0
4998.0,0.0,0.0,0.0,0.0,0.0,0.0
4999.0,1.0893234048126033e-06,0.0,0.0,0.0,0.0,9.077695040105027e-05
5000.0,0.0,0.0,0.0,0.0,0.0,0.0
5001.0,0.0,0.0,0.0,0.0,0.0,0.0
5002.0,0.0,0.0,0.0,0.0,0.0,0.0
5003.0,0.0,0.0,0.0,0.0,0.0,0.0
5004.0,0.0,0.0,0.0,0.0,0.0,0.0
5005.0,0.00015853076183702797,0.0,0.0,0.0,0.0,0.01321089681975233
5006.0,0.00010513683810131624,0.0,0.0,0.0,0.0,0.008761403175109686
5007.0,6.297663276200183e-06,0.0,0.0,0.0,0.0,0.0005248052730166819
5008.0,0.0,0.0,0.0,0.0,0.0,0.0
5009.0,0.0,0.0,0.0,0.0,0.0,0.0
5010.0,0.0,0.0,0.0,0.0,0.0,0.0
5011.0,0.0,0.0,0.0,0.0,0.0,0.0
5012.0,0.0,0.0,0.0,0.0,0.0,0.0
5013.0,0.0,0.0,0.0,0.0,0.0,0.0
5014.0,0.0,0.0,0.0,0.0,0.0,0.0
5015.0,5.617038823402254e-06,2.963849738080171e-06,4.582108886097558e-05,0.0,0.0,0.0004680865686168545
5016.0,5.208541551837698e-06,2.963849738080171e-06,4.582108886097558e-05,0.0,0.0,0.0004340451293198081
5017.0,0.0,0.0,0.0,0.0,0.0,0.0
5018.0,0.0,0.0,0.0,0.0,0.0,0.0
5019.0,0.0,0.0,0.0,0.0,0.0,0.0
5020.0,0.0,0.0,0.0,0.0,0.0,0.0
5021.0,0.0,0.0,0.0,0.0,0.0,0.0
5022.0,0.0,0.0,0.0,0.0,0.0,0.0
5023.0,0.0,0.0,0.0,0.0,0.0,0.0
5024.0,0.0,0.0,0.0,0.0,0.0,0.0
5025.0,0.0010076421312987804,0.0,0.0,0.0,0.012152777777777778,0.08397017760823171
5026.0,0.012904827482998371,0.01451090071350336,0.0,0.00022603081015404314,0.09027777777777778,1.0754022902498643
5027.0,0.0,0.0,0.0,0.0,0.0,0.0
5028.0,0.0,0.0,0.0,0.0,0.0,0.0
5029.0,0.0,0.0,0.0,0.0,0.0,0.0
5030.0,0.0,0.0,0.0,0.0,0.0,0.0
5031.0,0.0,0.0,0.0,0.0,0.0,0.0
5032.0,7.893226575106382e-05,0.00015507680654991418,0.0,3.726048089447431e-05,0.0,0.006577688812588652
5033.0,0.0,0.0,0.0,0.0,0.0,0.0
5034.0,0.0,0.0,0.0,0.0,0.0,0.0
5035.0,0.0,0.0,0.0,0.0,0.0,0.0
5036.0,0.0,0.0,0.0,0.0,0.0,0.0
5037.0,0.0,0.0,0.0,0.0,0.0,0.0
5038.0,0.0,0.0,0.0,0.0,0.0,0.0
5039.0,6.559848486631381e-08,4.241662168169569e-07,0.0,0.0,0.0,1.0604155420423922e-05
5040.0,7.946552796056494e-05,0.00016017579764593393,0.0,3.726048089447431e-05,0.0,0.006622127330047078
5041.0,2.137004003088805e-06,1.2277277164685074e-05,0.0,0.0,0.0,0.00030693192911712686
5042.0,0.0,0.0,0.0,0.0,0.0,0.0
5043.0,0.0,0.0,0.0,0.0,0.0,0.0
5044.0,0.0,0.0,0.0,0.0,0.0,0.0
5045.0,0.0,0.0,0.0,0.0,0.0,0.0
5046.0,0.0,0.0,0.0,0.0,0.0,0.0
5047.0,0.0,0.0,0.0,0.0,0.0,0.0
5048.0,7.85543816164136e-05,0.0001549446169519797,0.0,3.726048089447431e-05,0.0,0.006546198468034466
5049.0,0.0,0.0,0.0,0.0,0.0,0.0
5050.0,0.0,0.0,0.0,0.0,0.0,0.0
5051.0,0.0,0.0,0.0,0.0,0.0,0.0
5052.0,0.0,0.0,0.0,0.0,0.0,0.0
5053.0,0.0,0.0,0.0,0.0,0.0,0.0
5054.0,0.0,0.0,0.0,0.0,0.0,0.0
5055.0,0.0,0.0,0.0,0.0,0.0,0.0
5056.0,1.3180662108425167e-06,7.972458661242854e-06,0.0,0.0,0.0,0.00019931146653107135
5057.0,1.3180662108425167e-06,7.972458661242854e-06,0.0,0.0,0.0,0.00019931146653107135
5058.0,0.0,0.0,0.0,0.0,0.0,0.0
5059.0,0.0,0.0,0.0,0.0,0.0,0.0
5060.0,0.0,0.0,0.0,0.0,0.0,0.0
5061.0,0.00013657404633704573,0.0,0.0,0.0,0.001736111111111111,0.011574074074074073
5062.0,0.0001569137821206823,0.0,0.0,0.0,0.0,0.013076148510056859
5063.0,0.0003307461447548121,0.0,0.0,0.0,0.006944444444444444,0.046296296296296294
5064.0,0.0,0.0,0.0,0.0,0.0,0.0
5065.0,9.616716852178797e-06,0.0,0.0,0.0,0.0,0.0008013930710148998
5066.0,0.0,0.0,0.0,0.0,0.0,0.0
5067.0,0.0,0.0,0.0,0.0,0.0,0.0
5068.0,0.0,0.0,0.0,0.0,0.0,0.0
5069.0,0.0,0.0,0.0,0.0,0.0,0.0
5070.0,0.0,0.0,0.0,0.0,0.0,0.0
5071.0,0.0,0.0,0.0,0.0,0.0,0.0
5072.0,0.0,0.0,0.0,0.0,0.0,0.0
5073.0,0.0,0.0,0.0,0.0,0.0,0.0
5074.0,0.0,0.0,0.0,0.0,0.0,0.0
5075.0,0.0,0.0,0.0,0.0,0.0,0.0
5076.0,0.0,0.0,0.0,0.0,0.0,0.0
5077.0,0.0,0.0,0.0,0.0,0.0,0.0
5078.0,0.0,0.0,0.0,0.0,0.0,0.0
5079.0,0.0,0.0,0.0,0.0,0.0,0.0
5080.0,0.0,0.0,0.0,0.0,0.0,0.0
5081.0,1.4542320059263147e-06,7.972458661242854e-06,0.0,0.0,0.0,0.00019931146653107135
5082.0,1.4542320059263147e-06,7.972458661242854e-06,0.0,0.0,0.0,0.00019931146653107135
5083.0,0.0,0.0,0.0,0.0,0.0,0.0
5084.0,0.0,0.0,0.0,0.0,0.0,0.0
5085.0,0.0,0.0,0.0,0.0,0.0,0.0
5086.0,0.0,0.0,0.0,0.0,0.0,0.0
5087.0,0.0006225148099474609,0.0,0.0,0.0,0.008680555555555556,0.05787037037037038
5088.0,0.0,0.0,0.0,0.0,0.0,0.0
5089.0,0.0,0.0,0.0,0.0,0.0,0.0
5090.0,2.1105643099872395e-06,0.0,0.0,0.0,0.0,0.0001758803591656033
5091.0,0.0,0.0,0.0,0.0,0.0,0.0
5092.0,0.0,0.0,0.0,0.0,0.0,0.0
5093.0,0.0,0.0,0.0,0.0,0.0,0.0
5094.0,0.0,0.0,0.0,0.0,0.0,0.0
5095.0,0.0,0.0,0.0,0.0,0.0,0.0
5096.0,0.0,0.0,0.0,0.0,0.0,0.0
5097.0,0.0,0.0,0.0,0.0,0.0,0.0
5098.0,0.0,0.0,0.0,0.0,0.0,0.0
5099.0,0.0,0.0,0.0,0.0,0.0,0.0
5100.0,0.0,0.0,0.0,0.0,0.0,0.0
5101.0,0.0,0.0,0.0,0.0,0.0,0.0
5102.0,0.0,0.0,0.0,0.0,0.0,0.0
5103.0,0.0,0.0,0.0,0.0,0.0,0.0
5104.0,0.0,0.0,0.0,0.0,0.0,0.0
5105.0,0.0,0.0,0.0,0.0,0.0,0.0
5106.0,1.3180662108425167e-06,7.972458661242854e-06,0.0,0.0,0.0,0.00019931146653107135
5107.0,1.3180662108425167e-06,7.972458661242854e-06,0.0,0.0,0.0,0.00019931146653107135
5108.0,0.0,0.0,0.0,0.0,0.0,0.0
5109.0,0.00039316105539910495,0.0,0.0,0.0,0.006944444444444444,0.046296296296296294
5110.0,0.0001237234246218577,0.0,0.0,0.0,0.001736111111111111,0.011574074074074073
5111.0,0.00021536284475587308,0.0,0.0,0.0,0.005208333333333333,0.034722222222222224
5112.0,0.00024787234724499285,0.0,0.0,0.0,0.008680555555555556,0.05787037037037038
5113.0,0.00021316719357855618,0.0,0.0,0.0,0.003472222222222222,0.023148148148148147
5114.0,0.0,0.0,0.0,0.0,0.0,0.0
5115.0,0.00028410941013135016,0.0,0.0,0.0,0.003472222222222222,0.023675784177612513
5116.0,0.0001694580278126523,0.0,0.0,0.0,0.005208333333333333,0.034722222222222224
5117.0,0.0002171329833799973,0.0,0.0,0.0,0.005208333333333333,0.034722222222222224
5118.0,0.00021097151329740882,0.0,0.0,0.0,0.0,0.017580959441450734
5119.0,0.0001039113340084441,0.0,0.0,0.0,0.001736111111111111,0.011574074074074073
5120.0,0.0001700707944110036,0.0,0.0,0.0,0.003472222222222222,0.023148148148148147
5121.0,0.0001289147330680862,0.0,0.0,0.0,0.003472222222222222,0.023148148148148147
5122.0,0.00032403995282948017,0.0,0.0,0.0,0.006944444444444444,0.046296296296296294
5123.0,0.0001599775132490322,0.0,0.0,0.0,0.005208333333333333,0.034722222222222224
5124.0,9.366487938677892e-05,0.0,0.0,0.0,0.001736111111111111,0.011574074074074073
5125.0,0.0001331358653260395,0.0,0.0,0.0,0.003472222222222222,0.023148148148148147
5126.0,0.00022657947556581348,0.0,0.0,0.0,0.005208333333333333,0.034722222222222224
5127.0,7.586122956126928e-05,0.0,0.0,0.0,0.001736111111111111,0.011574074074074073
5128.0,0.0,0.0,0.0,0.0,0.0,0.0
5129.0,0.0,0.0,0.0,0.0,0.0,0.0
5130.0,0.0,0.0,0.0,0.0,0.0,0.0
5131.0,7.700847163505387e-06,7.972458661242854e-06,0.0,0.0,0.0,0.0006417372636254489
5132.0,1.2329628589213826e-06,7.972458661242854e-06,0.0,0.0,0.0,0.00019931146653107135
5133.0,0.0,0.0,0.0,0.0,0.0,0.0
5134.0,0.0,0.0,0.0,0.0,0.0,0.0
5135.0,0.0,0.0,0.0,0.0,0.0,0.0
5136.0,0.00021791593462694436,0.0,0.0,0.0,0.003472222222222222,0.023148148148148147
5137.0,0.0,0.0,0.0,0.0,0.0,0.0
5138.0,0.0,0.0,0.0,0.0,0.0,0.0
5139.0,0.0002848413132596761,0.0,0.0,0.0,0.001736111111111111,0.023736776104973007
5140.0,2.3880042135715485e-05,0.0,0.0,0.0,0.0,0.0019900035113096237
5141.0,0.0,0.0,0.0,0.0,0.0,0.0
5142.0,0.0,0.0,0.0,0.0,0.0,0.0
5143.0,0.0,0.0,0.0,0.0,0.0,0.0
5144.0,0.0,0.0,0.0,0.0,0.0,0.0
5145.0,0.0,0.0,0.0,0.0,0.0,0.0
5146.0,0.0,0.0,0.0,0.0,0.0,0.0
5147.0,0.0,0.0,0.0,0.0,0.0,0.0
5148.0,0.0,0.0,0.0,0.0,0.0,0.0
5149.0,0.0,0.0,0.0,0.0,0.0,0.0
5150.0,0.0,0.0,0.0,0.0,0.0,0.0
5151.0,0.0,0.0,0.0,0.0,0.0,0.0
5152.0,0.0,0.0,0.0,0.0,0.0,0.0
5153.0,0.003974433988332748,0.0,0.0,0.0,0.078125,0.5208333333333334
5154.0,0.0,0.0,0.0,0.0,0.0,0.0
5155.0,0.0,0.0,0.0,0.0,0.0,0.0
5156.0,2.866949444069178e-06,7.972458661242854e-06,0.0,0.0,0.0,0.00023891245367243147
5157.0,1.3180662108425167e-06,7.972458661242854e-06,0.0,0.0,0.0,0.00019931146653107135
5158.0,0.0,0.0,0.0,0.0,0.0,0.0
5159.0,0.0,0.0,0.0,0.0,0.0,0.0
5160.0,0.0,0.0,0.0,0.0,0.0,0.0
5161.0,0.0,0.0,0.0,0.0,0.0,0.0
5162.0,0.016589755192399025,0.01695258729159832,0.0,0.00063386803958565,0.13368055555555555,1.3824795993665855
5163.0,5.469802317747963e-07,3.5368277622183086e-06,0.0,0.0,0.0,8.842069405545772e-05
5164.0,0.0,0.0,0.0,0.0,0.0,0.0
5165.0,0.0,0.0,0.0,0.0,0.0,0.0
5166.0,0.0,0.0,0.0,0.0,0.0,0.0
5167.0,0.0,0.0,0.0,0.0,0.0,0.0
5168.0,0.0,0.0,0.0,0.0,0.0,0.0
5169.0,0.0,0.0,0.0,0.0,0.0,0.0
5170.0,5.403234695222636e-07,3.1636136554880068e-06,0.0,0.0,0.0,7.909034138720017e-05
5171.0,5.403234695222636e-07,3.1636136554880068e-06,0.0,0.0,0.0,7.909034138720017e-05
5172.0,0.0,0.0,0.0,0.0,0.0,0.0
5173.0,0.0,0.0,0.0,0.0,0.0,0.0
5174.0,0.0,0.0,0.0,0.0,0.0,0.0
5175.0,0.0,0.0,0.0,0.0,0.0,0.0
5176.0,0.0,0.0,0.0,0.0,0.0,0.0
5177.0,0.0,0.0,0.0,0.0,0.0,0.0
5178.0,7.797979378665332e-06,1.0352574463468045e-05,4.582108886097558e-05,0.0,0.0,0.0006498316148887776
5179.0,7.676076165807899e-06,9.564336323819589e-06,4.582108886097558e-05,0.0,0.0,0.0006396730138173249
5180.0,2.8826374887103157e-07,1.8639415202414966e-06,0.0,0.0,0.0,4.6598538006037415e-05
5181.0,0.0,0.0,0.0,0.0,0.0,0.0
5182.0,0.0,0.0,0.0,0.0,0.0,0.0
5183.0,0.0,0.0,0.0,0.0,0.0,0.0
5184.0,0.0,0.0,0.0,0.0,0.0,0.0
5185.0,0.0,0.0,0.0,0.0,0.0,0.0
5186.0,0.0,0.0,0.0,0.0,0.0,0.0
5187.0,5.469802317747963e-07,3.5368277622183086e-06,0.0,0.0,0.0,8.842069405545772e-05
5188.0,5.469802317747963e-07,3.5368277622183086e-06,0.0,0.0,0.0,8.842069405545772e-05
5189.0,0.0,0.0,0.0,0.0,0.0,0.0
5190.0,0.0,0.0,0.0,0.0,0.0,0.0
5191.0,0.0,0.0,0.0,0.0,0.0,0.0
5192.0,0.0,0.0,0.0,0.0,0.0,0.0
5193.0,0.0,0.0,0.0,0.0,0.0,0.0
5194.0,0.0,0.0,0.0,0.0,0.0,0.0
5195.0,5.403234695222636e-07,3.1636136554880068e-06,0.0,0.0,0.0,7.909034138720017e-05
5196.0,5.403234695222636e-07,3.1636136554880068e-06,0.0,0.0,0.0,7.909034138720017e-05
5197.0,0.0,0.0,0.0,0.0,0.0,0.0
5198.0,0.0,0.0,0.0,0.0,0.0,0.0
5199.0,0.0,0.0,0.0,0.0,0.0,0.0
5200.0,6.821894203312695e-05,0.0,0.0,0.0,0.001736111111111111,0.011574074074074073
5201.0,0.00010603892587823793,0.0,0.0,0.0,0.001736111111111111,0.011574074074074073
5202.0,0.0,0.0,0.0,0.0,0.0,0.0
5203.0,9.738337212183978e-06,1.0352574463468045e-05,4.582108886097558e-05,0.0,0.0,0.0008115281010153316
5204.0,7.69309735915158e-06,9.564336323819589e-06,4.582108886097558e-05,0.0,0.0,0.000641091446595965
5205.0,2.8826374887103157e-07,1.8639415202414966e-06,0.0,0.0,0.0,4.6598538006037415e-05
5206.0,0.016775580123066902,0.016945600509643555,6.320470856735483e-05,0.00063386803958565,0.13368055555555555,1.3979650102555752
5207.0,2.0107419913983904e-05,3.1626819691155106e-05,6.320470856735483e-05,0.0,0.0,0.0016756183261653252
5208.0,0.01678251102566719,0.016961324959993362,0.0,0.000623874890152365,0.13194444444444445,1.398542585472266
5209.0,0.0,0.0,0.0,0.0,0.0,0.0
5210.0,0.0,0.0,0.0,0.0,0.0,0.0
5211.0,4.067375414251728e-07,3.1883266160548374e-07,0.0,0.0,0.0,3.38947951187644e-05
5212.0,0.016782455146312714,0.016961513087153435,0.0,0.000623874890152365,0.13194444444444445,1.3985379288593929
5213.0,0.0,0.0,0.0,0.0,0.0,0.0
5214.0,0.0,0.0,0.0,0.0,0.0,0.0
5215.0,0.0,0.0,0.0,0.0,0.0,0.0
5216.0,0.0,0.0,0.0,0.0,0.0,0.0
5217.0,0.0,0.0,0.0,0.0,0.0,0.0
5218.0,0.0,0.0,0.0,0.0,0.0,0.0
5219.0,0.0,0.0,0.0,0.0,0.0,0.0
5220.0,0.0,0.0,0.0,0.0,0.0,0.0
5221.0,0.0,0.0,0.0,0.0,0.0,0.0
5222.0,0.0,0.0,0.0,0.0,0.0,0.0
5223.0,0.0,0.0,0.0,0.0,0.0,0.0
5224.0,3.874280025684129e-07,1.8448023411110626e-06,0.0,0.0,0.0,4.6120058527776564e-05
5225.0,0.016764167696237564,0.01695028506219387,0.0,0.00063386803958565,0.13368055555555555,1.3970139746864636
5226.0,1.259737018699525e-06,8.145582796714734e-06,0.0,0.0,0.0,0.00020363956991786836
5227.0,4.3821364670293406e-07,2.833532334989286e-06,0.0,0.0,0.0,7.083830837473215e-05
5228.0,0.00017508755263406783,2.833532334989286e-06,0.0,0.0,0.003472222222222222,0.023148148148148147
5229.0,4.3821364670293406e-07,2.833532334989286e-06,0.0,0.0,0.0,7.083830837473215e-05
5230.0,4.3821364670293406e-07,2.833532334989286e-06,0.0,0.0,0.0,7.083830837473215e-05
5231.0,4.3821364670293406e-07,2.833532334989286e-06,0.0,0.0,0.0,7.083830837473215e-05
5232.0,4.3821364670293406e-07,2.833532334989286e-06,0.0,0.0,0.0,7.083830837473215e-05
5233.0,7.758405899949139e-07,4.90660204377491e-06,0.0,0.0,0.0,0.00012266505109437276
5234.0,1.197033270727843e-06,7.740134606137872e-06,0.0,0.0,0.0,0.0001935033651534468
5235.0,0.00042479817057028413,2.833532334989286e-06,0.0,0.0,0.010416666666666666,0.06944444444444445
5236.0,0.0006868657656013966,2.833532334989286e-06,0.0,0.0,0.013888888888888888,0.09259259259259259
5237.0,0.0002221667964477092,2.833532334989286e-06,0.0,0.0,0.003472222222222222,0.023148148148148147
5238.0,4.3821364670293406e-07,2.833532334989286e-06,0.0,0.0,0.0,7.083830837473215e-05
5239.0,4.3821364670293406e-07,2.833532334989286e-06,0.0,0.0,0.0,7.083830837473215e-05
5240.0,6.659764767391607e-05,2.833532334989286e-06,0.0,0.0,0.003472222222222222,0.023148148148148147
5241.0,0.0005373011226765811,5.45027387488517e-06,0.0,0.0,0.010416666666666666,0.06944444444444445
5242.0,0.0004240240668877959,8.28380598250078e-06,0.0,0.0,0.0,0.03533533890731633
5243.0,0.00033082693698816,2.833532334989286e-06,0.0,0.0,0.0,0.027568911415680002
5244.0,4.3821364670293406e-07,2.833532334989286e-06,0.0,0.0,0.0,7.083830837473215e-05
5245.0,4.3821364670293406e-07,2.833532334989286e-06,0.0,0.0,0.0,7.083830837473215e-05
5246.0,4.3821364670293406e-07,2.833532334989286e-06,0.0,0.0,0.0,7.083830837473215e-05
5247.0,4.3821364670293406e-07,2.833532334989286e-06,0.0,0.0,0.0,7.083830837473215e-05
5248.0,4.3821364670293406e-07,2.833532334989286e-06,0.0,0.0,0.0,7.083830837473215e-05
5249.0,0.00023130395857151598,0.0014944233698770404,0.0,0.0,0.006944444444444444,0.046296296296296294
5250.0,0.00023788037651684135,0.0014977667015045881,0.0,0.0,0.003472222222222222,0.0374441675376147
5251.0,0.00024029833730310202,0.0015537928557023406,0.0,0.0,0.006944444444444444,0.046296296296296294
5252.0,0.00021021826250944287,0.0013592918403446674,0.0,0.0,0.005208333333333333,0.034722222222222224
5253.0,0.0002449234598316252,0.0015836990205571055,0.0,0.0,0.001736111111111111,0.03959247551392764
5254.0,0.0003034236142411828,0.001961746485903859,0.0,0.0,0.003472222222222222,0.04904366214759648
5255.0,0.00018718926003202796,0.00026939273811876774,0.0,0.0,0.003472222222222222,0.023148148148148147
5256.0,0.0002778244379442185,0.0005296785966493189,0.0,0.0,0.005208333333333333,0.034722222222222224
5257.0,0.00021433726942632347,4.509559948928654e-05,0.0,0.0,0.001736111111111111,0.01786143911886029
5258.0,0.00019358628196641803,0.00015447475016117096,0.0,0.0,0.0,0.01613219016386817
5259.0,0.000252337398706004,7.740134606137872e-06,0.0,0.0,0.001736111111111111,0.02102811655883367
5260.0,4.5526030589826405e-05,8.372577576665208e-05,0.0,0.0,0.001736111111111111,0.011574074074074073
5261.0,4.3821364670293406e-07,2.833532334989286e-06,0.0,0.0,0.0,7.083830837473215e-05
5262.0,4.3821364670293406e-07,2.833532334989286e-06,0.0,0.0,0.0,7.083830837473215e-05
5263.0,4.3821364670293406e-07,2.833532334989286e-06,0.0,0.0,0.0,7.083830837473215e-05
5264.0,4.3821364670293406e-07,2.833532334989286e-06,0.0,0.0,0.0,7.083830837473215e-05
5265.0,4.3821364670293406e-07,2.833532334989286e-06,0.0,0.0,0.0,7.083830837473215e-05
5266.0,6.22143670625519e-06,7.541366812802153e-06,0.0,0.0,0.0,0.0005184530588545991
5267.0,1.349196168121125e-06,8.28380598250078e-06,0.0,0.0,0.0,0.0002070951495625195
5268.0,4.3821364670293406e-07,2.833532334989286e-06,0.0,0.0,0.0,7.083830837473215e-05
5269.0,4.3821364670293406e-07,2.833532334989286e-06,0.0,0.0,0.0,7.083830837473215e-05
5270.0,4.3821364670293406e-07,2.833532334989286e-06,0.0,0.0,0.0,7.083830837473215e-05
5271.0,4.3821364670293406e-07,2.833532334989286e-06,0.0,0.0,0.0,7.083830837473215e-05
5272.0,4.3821364670293406e-07,2.833532334989286e-06,0.0,0.0,0.0,7.083830837473215e-05
5273.0,4.3821364670293406e-07,2.833532334989286e-06,0.0,0.0,0.0,7.083830837473215e-05
5274.0,4.3821364670293406e-07,2.833532334989286e-06,0.0,0.0,0.0,7.083830837473215e-05
5275.0,8.215233719965909e-07,5.312050689099124e-06,0.0,0.0,0.0,0.0001328012672274781
5276.0,1.259737018699525e-06,8.145582796714734e-06,0.0,0.0,0.0,0.00020363956991786836
5277.0,4.3821364670293406e-07,2.833532334989286e-06,0.0,0.0,0.0,7.083830837473215e-05
5278.0,4.3821364670293406e-07,2.833532334989286e-06,0.0,0.0,0.0,7.083830837473215e-05
5279.0,0.005279440898448229,0.01040359865874052,0.0,0.0,0.08333333333333333,0.5555555555555556
5280.0,0.0,0.0,0.0,0.0,0.0,0.0
5281.0,0.0,0.0,0.0,0.0,0.0,0.0
5282.0,0.0,0.0,0.0,0.0,0.0,0.0
5283.0,2.1847934021934634e-06,8.294054168800358e-06,0.0,0.0,0.0,0.00020735135422000894
5284.0,1.197033270727843e-06,7.740134606137872e-06,0.0,0.0,0.0,0.0001935033651534468
5285.0,4.3821364670293406e-07,2.833532334989286e-06,0.0,0.0,0.0,7.083830837473215e-05
5286.0,4.3821364670293406e-07,2.833532334989286e-06,0.0,0.0,0.0,7.083830837473215e-05
5287.0,4.3821364670293406e-07,2.833532334989286e-06,0.0,0.0,0.0,7.083830837473215e-05
5288.0,4.3821364670293406e-07,2.833532334989286e-06,0.0,0.0,0.0,7.083830837473215e-05
5289.0,4.3821364670293406e-07,2.833532334989286e-06,0.0,0.0,0.0,7.083830837473215e-05
5290.0,4.3821364670293406e-07,2.833532334989286e-06,0.0,0.0,0.0,7.083830837473215e-05
5291.0,9.109824645747722e-07,5.45027387488517e-06,0.0,0.0,0.0,0.00013625684687212924
5292.0,1.349196168121125e-06,8.28380598250078e-06,0.0,0.0,0.0,0.0002070951495625195
5293.0,4.3821364670293406e-07,2.833532334989286e-06,0.0,0.0,0.0,7.083830837473215e-05
5294.0,4.3821364670293406e-07,2.833532334989286e-06,0.0,0.0,0.0,7.083830837473215e-05
5295.0,4.3821364670293406e-07,2.833532334989286e-06,0.0,0.0,0.0,7.083830837473215e-05
5296.0,4.3821364670293406e-07,2.833532334989286e-06,0.0,0.0,0.0,7.083830837473215e-05
5297.0,4.3821364670293406e-07,2.833532334989286e-06,0.0,0.0,0.0,7.083830837473215e-05
5298.0,4.3821364670293406e-07,2.833532334989286e-06,0.0,0.0,0.0,7.083830837473215e-05
5299.0,4.3821364670293406e-07,2.833532334989286e-06,0.0,0.0,0.0,7.083830837473215e-05
5300.0,8.215233719965909e-07,5.312050689099124e-06,0.0,0.0,0.0,0.0001328012672274781
5301.0,1.259737018699525e-06,8.145582796714734e-06,0.0,0.0,0.0,0.00020363956991786836
5302.0,4.3821364670293406e-07,2.833532334989286e-06,0.0,0.0,0.0,7.083830837473215e-05
5303.0,4.3821364670293406e-07,2.833532334989286e-06,0.0,0.0,0.0,7.083830837473215e-05
5304.0,4.3821364670293406e-07,2.833532334989286e-06,0.0,0.0,0.0,7.083830837473215e-05
5305.0,4.3821364670293406e-07,2.833532334989286e-06,0.0,0.0,0.0,7.083830837473215e-05
5306.0,4.3821364670293406e-07,2.833532334989286e-06,0.0,0.0,0.0,7.083830837473215e-05
5307.0,4.3821364670293406e-07,2.833532334989286e-06,0.0,0.0,0.0,7.083830837473215e-05
5308.0,7.58819624024909e-07,4.90660204377491e-06,0.0,0.0,0.0,0.00012266505109437276
5309.0,1.197033270727843e-06,7.740134606137872e-06,0.0,0.0,0.0,0.0001935033651534468
5310.0,4.3821364670293406e-07,2.833532334989286e-06,0.0,0.0,0.0,7.083830837473215e-05
5311.0,4.3821364670293406e-07,2.833532334989286e-06,0.0,0.0,0.0,7.083830837473215e-05
5312.0,4.3821364670293406e-07,2.833532334989286e-06,0.0,0.0,0.0,7.083830837473215e-05
5313.0,4.3821364670293406e-07,2.833532334989286e-06,0.0,0.0,0.0,7.083830837473215e-05
5314.0,4.3821364670293406e-07,2.833532334989286e-06,0.0,0.0,0.0,7.083830837473215e-05
5315.0,4.3821364670293406e-07,2.833532334989286e-06,0.0,0.0,0.0,7.083830837473215e-05
5316.0,9.109824645747722e-07,5.45027387488517e-06,0.0,0.0,0.0,0.00013625684687212924
5317.0,1.349196168121125e-06,8.28380598250078e-06,0.0,0.0,0.0,0.0002070951495625195
5318.0,4.3821364670293406e-07,2.833532334989286e-06,0.0,0.0,0.0,7.083830837473215e-05
5319.0,4.3821364670293406e-07,2.833532334989286e-06,0.0,0.0,0.0,7.083830837473215e-05
5320.0,4.3821364670293406e-07,2.833532334989286e-06,0.0,0.0,0.0,7.083830837473215e-05
5321.0,4.3821364670293406e-07,2.833532334989286e-06,0.0,0.0,0.0,7.083830837473215e-05
5322.0,4.3821364670293406e-07,2.833532334989286e-06,0.0,0.0,0.0,7.083830837473215e-05
5323.0,4.3821364670293406e-07,2.833532334989286e-06,0.0,0.0,0.0,7.083830837473215e-05
5324.0,4.3821364670293406e-07,2.833532334989286e-06,0.0,0.0,0.0,7.083830837473215e-05
5325.0,8.215233719965909e-07,5.312050689099124e-06,0.0,0.0,0.0,0.0001328012672274781
5326.0,1.259737018699525e-06,8.145582796714734e-06,0.0,0.0,0.0,0.00020363956991786836
5327.0,4.3821364670293406e-07,2.833532334989286e-06,0.0,0.0,0.0,7.083830837473215e-05
5328.0,4.3821364670293406e-07,2.833532334989286e-06,0.0,0.0,0.0,7.083830837473215e-05
5329.0,4.3821364670293406e-07,2.833532334989286e-06,0.0,0.0,0.0,7.083830837473215e-05
5330.0,4.3821364670293406e-07,2.833532334989286e-06,0.0,0.0,0.0,7.083830837473215e-05
5331.0,4.3821364670293406e-07,2.833532334989286e-06,0.0,0.0,0.0,7.083830837473215e-05
5332.0,4.3821364670293406e-07,2.833532334989286e-06,0.0,0.0,0.0,7.083830837473215e-05
5333.0,9.176846651826054e-05,4.90660204377491e-06,0.0,0.0,0.0,0.007647372209855044
5334.0,0.00038317544385790825,7.740134606137872e-06,0.0,0.0,0.006944444444444444,0.046296296296296294
5335.0,4.3821364670293406e-07,2.833532334989286e-06,0.0,0.0,0.0,7.083830837473215e-05
5336.0,4.3821364670293406e-07,2.833532334989286e-06,0.0,0.0,0.0,7.083830837473215e-05
5337.0,4.3821364670293406e-07,2.833532334989286e-06,0.0,0.0,0.0,7.083830837473215e-05
5338.0,4.3821364670293406e-07,2.833532334989286e-06,0.0,0.0,0.0,7.083830837473215e-05
5339.0,4.3821364670293406e-07,2.833532334989286e-06,0.0,0.0,0.0,7.083830837473215e-05
5340.0,4.3821364670293406e-07,2.833532334989286e-06,0.0,0.0,0.0,7.083830837473215e-05
5341.0,5.846980911883293e-06,5.45027387488517e-06,0.0,0.0,0.0,0.0004872484093236077
5342.0,1.349196168121125e-06,8.28380598250078e-06,0.0,0.0,0.0,0.0002070951495625195
5343.0,4.3821364670293406e-07,2.833532334989286e-06,0.0,0.0,0.0,7.083830837473215e-05
5344.0,4.3821364670293406e-07,2.833532334989286e-06,0.0,0.0,0.0,7.083830837473215e-05
5345.0,4.3821364670293406e-07,2.833532334989286e-06,0.0,0.0,0.0,7.083830837473215e-05
5346.0,0.000473017746116966,2.833532334989286e-06,0.0,0.0,0.006944444444444444,0.046296296296296294
5347.0,4.3821364670293406e-07,2.833532334989286e-06,0.0,0.0,0.0,7.083830837473215e-05
5348.0,4.3821364670293406e-07,2.833532334989286e-06,0.0,0.0,0.0,7.083830837473215e-05
5349.0,0.030529441311955452,0.013049710541963577,0.0,0.0005184243200346828,0.2743055555555556,2.544120109329621
5350.0,2.274814931979563e-07,1.4709175957250409e-06,0.0,0.0,0.0,3.677293989312602e-05
5351.0,2.274814931979563e-07,1.4709175957250409e-06,0.0,0.0,0.0,3.677293989312602e-05
5352.0,2.274814931979563e-07,1.4709175957250409e-06,0.0,0.0,0.0,3.677293989312602e-05
5353.0,2.274814931979563e-07,1.4709175957250409e-06,0.0,0.0,0.0,3.677293989312602e-05
5354.0,2.274814931979563e-07,1.4709175957250409e-06,0.0,0.0,0.0,3.677293989312602e-05
5355.0,2.274814931979563e-07,1.4709175957250409e-06,0.0,0.0,0.0,3.677293989312602e-05
5356.0,2.274814931979563e-07,1.4709175957250409e-06,0.0,0.0,0.0,3.677293989312602e-05
5357.0,8.391032793042541e-07,2.5302199446741724e-07,0.0,0.0,0.0,6.992527327535451e-05
5358.0,1.0627039728206e-06,1.6988461766231922e-06,0.0,0.0,0.0,8.855866440171667e-05
5359.0,2.274814931979563e-07,1.4709175957250409e-06,0.0,0.0,0.0,3.677293989312602e-05
5360.0,2.274814931979563e-07,1.4709175957250409e-06,0.0,0.0,0.0,3.677293989312602e-05
5361.0,2.274814931979563e-07,1.4709175957250409e-06,0.0,0.0,0.0,3.677293989312602e-05
5362.0,2.274814931979563e-07,1.4709175957250409e-06,0.0,0.0,0.0,3.677293989312602e-05
5363.0,2.274814931979563e-07,1.4709175957250409e-06,0.0,0.0,0.0,3.677293989312602e-05
5364.0,2.274814931979563e-07,1.4709175957250409e-06,0.0,0.0,0.0,3.677293989312602e-05
5365.0,2.274814931979563e-07,1.4709175957250409e-06,0.0,0.0,0.0,3.677293989312602e-05
5366.0,0.0,0.0,0.0,0.0,0.0,0.0
5367.0,2.274814931979563e-07,1.4709175957250409e-06,0.0,0.0,0.0,3.677293989312602e-05
5368.0,2.274814931979563e-07,1.4709175957250409e-06,0.0,0.0,0.0,3.677293989312602e-05
5369.0,2.274814931979563e-07,1.4709175957250409e-06,0.0,0.0,0.0,3.677293989312602e-05
5370.0,2.274814931979563e-07,1.4709175957250409e-06,0.0,0.0,0.0,3.677293989312602e-05
5371.0,2.274814931979563e-07,1.4709175957250409e-06,0.0,0.0,0.0,3.677293989312602e-05
5372.0,2.274814931979563e-07,1.4709175957250409e-06,0.0,0.0,0.0,3.677293989312602e-05
5373.0,2.274814931979563e-07,1.4709175957250409e-06,0.0,0.0,0.0,3.677293989312602e-05
5374.0,0.0,0.0,0.0,0.0,0.0,0.0
5375.0,2.274814931979563e-07,1.4709175957250409e-06,0.0,0.0,0.0,3.677293989312602e-05
5376.0,2.274814931979563e-07,1.4709175957250409e-06,0.0,0.0,0.0,3.677293989312602e-05
5377.0,2.274814931979563e-07,1.4709175957250409e-06,0.0,0.0,0.0,3.677293989312602e-05
5378.0,2.274814931979563e-07,1.4709175957250409e-06,0.0,0.0,0.0,3.677293989312602e-05
5379.0,2.274814931979563e-07,1.4709175957250409e-06,0.0,0.0,0.0,3.677293989312602e-05
5380.0,2.274814931979563e-07,1.4709175957250409e-06,0.0,0.0,0.0,3.677293989312602e-05
5381.0,2.274814931979563e-07,1.4709175957250409e-06,0.0,0.0,0.0,3.677293989312602e-05
5382.0,8.391032793042541e-07,2.5302199446741724e-07,0.0,0.0,0.0,6.992527327535451e-05
5383.0,1.0627039728206e-06,1.6988461766231922e-06,0.0,0.0,0.0,8.855866440171667e-05
5384.0,2.274814931979563e-07,1.4709175957250409e-06,0.0,0.0,0.0,3.677293989312602e-05
5385.0,2.274814931979563e-07,1.4709175957250409e-06,0.0,0.0,0.0,3.677293989312602e-05
5386.0,2.274814931979563e-07,1.4709175957250409e-06,0.0,0.0,0.0,3.677293989312602e-05
5387.0,2.274814931979563e-07,1.4709175957250409e-06,0.0,0.0,0.0,3.677293989312602e-05
5388.0,2.274814931979563e-07,1.4709175957250409e-06,0.0,0.0,0.0,3.677293989312602e-05
5389.0,2.274814931979563e-07,1.4709175957250409e-06,0.0,0.0,0.0,3.677293989312602e-05
5390.0,2.274814931979563e-07,1.4709175957250409e-06,0.0,0.0,0.0,3.677293989312602e-05
5391.0,0.0,0.0,0.0,0.0,0.0,0.0
5392.0,2.274814931979563e-07,1.4709175957250409e-06,0.0,0.0,0.0,3.677293989312602e-05
5393.0,2.274814931979563e-07,1.4709175957250409e-06,0.0,0.0,0.0,3.677293989312602e-05
5394.0,2.274814931979563e-07,1.4709175957250409e-06,0.0,0.0,0.0,3.677293989312602e-05
5395.0,2.274814931979563e-07,1.4709175957250409e-06,0.0,0.0,0.0,3.677293989312602e-05
5396.0,2.274814931979563e-07,1.4709175957250409e-06,0.0,0.0,0.0,3.677293989312602e-05
5397.0,2.274814931979563e-07,1.4709175957250409e-06,0.0,0.0,0.0,3.677293989312602e-05
5398.0,2.274814931979563e-07,1.4709175957250409e-06,0.0,0.0,0.0,3.677293989312602e-05
5399.0,0.0,0.0,0.0,0.0,0.0,0.0
5400.0,2.274814931979563e-07,1.4709175957250409e-06,0.0,0.0,0.0,3.677293989312602e-05
5401.0,2.274814931979563e-07,1.4709175957250409e-06,0.0,0.0,0.0,3.677293989312602e-05
5402.0,2.274814931979563e-07,1.4709175957250409e-06,0.0,0.0,0.0,3.677293989312602e-05
5403.0,2.274814931979563e-07,1.4709175957250409e-06,0.0,0.0,0.0,3.677293989312602e-05
5404.0,2.274814931979563e-07,1.4709175957250409e-06,0.0,0.0,0.0,3.677293989312602e-05
5405.0,2.274814931979563e-07,1.4709175957250409e-06,0.0,0.0,0.0,3.677293989312602e-05
5406.0,2.274814931979563e-07,1.4709175957250409e-06,0.0,0.0,0.0,3.677293989312602e-05
5407.0,8.391032793042541e-07,2.5302199446741724e-07,0.0,0.0,0.0,6.992527327535451e-05
5408.0,1.0627039728206e-06,1.6988461766231922e-06,0.0,0.0,0.0,8.855866440171667e-05
5409.0,2.274814931979563e-07,1.4709175957250409e-06,0.0,0.0,0.0,3.677293989312602e-05
5410.0,2.274814931979563e-07,1.4709175957250409e-06,0.0,0.0,0.0,3.677293989312602e-05
5411.0,2.274814931979563e-07,1.4709175957250409e-06,0.0,0.0,0.0,3.677293989312602e-05
