timestamp_s,full_change,title_change,header_change,counter_change,hash_change,candidate_score
1.0,5.548067179006466e-07,3.5874345485353842e-06,0.0,0.0,0.0,8.96858637133846e-05
2.0,5.207652975514065e-07,3.367319550307002e-06,0.0,0.0,0.0,8.418298875767505e-05
3.0,5.207652975514065e-07,3.367319550307002e-06,0.0,0.0,0.0,8.418298875767505e-05
4.0,5.207652975514065e-07,3.367319550307002e-06,0.0,0.0,0.0,8.418298875767505e-05
5.0,5.207652975514065e-07,3.367319550307002e-06,0.0,0.0,0.0,8.418298875767505e-05
6.0,5.207652975514065e-07,3.367319550307002e-06,0.0,0.0,0.0,8.418298875767505e-05
7.0,5.207652975514065e-07,3.367319550307002e-06,0.0,0.0,0.0,8.418298875767505e-05
8.0,0.00020706982468254864,0.00032161580747924745,0.0005528817418962717,0.0001426983071723953,0.0,0.01783728839654941
9.0,5.0502080739533994e-06,1.240457822859753e-05,0.0,0.0,0.0,0.00042085067282944993
10.0,0.0,0.0,0.0,0.0,0.0,0.0
11.0,0.0,0.0,0.0,0.0,0.0,0.0
12.0,0.0,0.0,0.0,0.0,0.0,0.0
13.0,0.0,0.0,0.0,0.0,0.0,0.0
14.0,0.0,0.0,0.0,0.0,0.0,0.0
15.0,0.0,0.0,0.0,0.0,0.0,0.0
16.0,0.0,0.0,0.0,0.0,0.0,0.0
17.0,0.0,0.0,0.0,0.0,0.0,0.0
18.0,0.0,0.0,0.0,0.0,0.0,0.0
19.0,0.0,0.0,0.0,0.0,0.0,0.0
20.0,0.0,0.0,0.0,0.0,0.0,0.0
21.0,0.0,0.0,0.0,0.0,0.0,0.0
22.0,0.00019740794959943742,0.0,0.0,0.0,0.0,0.016450662466619786
23.0,0.00026724193594418466,0.0,0.0,0.0,0.0,0.022270161328682054
24.0,0.000556729908566922,0.0,0.0,0.0,0.0,0.0463941590472435
25.0,0.0001713663077680394,0.0,0.0,0.0,0.001736111111111111,0.014280525647336617
26.0,0.00021771169849671423,0.0,0.0,0.0,0.003472222222222222,0.023148148148148147
27.0,0.0002659313613548875,0.0,0.0,0.0,0.0,0.02216094677957396
28.0,0.000464716023998335,0.0,0.0,0.0,0.0,0.038726335333194584
29.0,0.00026450157747603953,0.0,0.0,0.0,0.005208333333333333,0.034722222222222224
30.0,0.00018704234389588237,0.0,0.0,0.0,0.001736111111111111,0.01558686199132353
31.0,0.0,0.0,0.0,0.0,0.0,0.0
32.0,0.0,0.0,0.0,0.0,0.0,0.0
33.0,5.7475899666314945e-05,1.240457822859753e-05,0.0,0.0,0.0,0.004789658305526245
34.0,4.0095819713314995e-05,1.240457822859753e-05,0.0,0.0,0.0,0.0033413183094429164
35.0,0.0,0.0,0.0,0.0,0.0,0.0
36.0,0.0,0.0,0.0,0.0,0.0,0.0
37.0,0.0,0.0,0.0,0.0,0.0,0.0
38.0,0.0,0.0,0.0,0.0,0.0,0.0
39.0,0.0,0.0,0.0,0.0,0.0,0.0
40.0,0.0,0.0,0.0,0.0,0.0,0.0
41.0,0.0,0.0,0.0,0.0,0.0,0.0
42.0,0.0,0.0,0.0,0.0,0.0,0.0
43.0,0.0,0.0,0.0,0.0,0.0,0.0
44.0,0.041205089539289474,0.012277566827833652,0.0,0.0006963761989027262,0.296875,3.433757461607456
45.0,0.042849499732255936,0.023716356605291367,0.0,0.00042677734745666385,0.24131944444444445,3.570791644354661
46.0,0.04769403114914894,0.02094489149749279,0.0,0.00030218978645280004,0.1545138888888889,3.9745025957624116
47.0,4.425364750204608e-07,0.0,0.0,0.0,0.0,3.68780395850384e-05
48.0,0.0,0.0,0.0,0.0,0.0,0.0
49.0,0.0,0.0,0.0,0.0,0.0,0.0
50.0,0.0,0.0,0.0,0.0,0.0,0.0
51.0,0.0,0.0,0.0,0.0,0.0,0.0
52.0,0.0,0.0,0.0,0.0,0.0,0.0
53.0,0.0,0.0,0.0,0.0,0.0,0.0
54.0,0.0,0.0,0.0,0.0,0.0,0.0
55.0,0.04226308315992355,0.005714382976293564,0.0,0.00041845496161840856,0.1753472222222222,3.521923596660296
56.0,0.041761185973882675,0.004325279034674168,0.0,0.00039508429472334683,0.1684027777777778,3.4800988311568894
57.0,0.03651120141148567,0.022957948967814445,0.0,0.0005306210950948298,0.3333333333333333,3.042600117623806
58.0,0.04664729908108711,0.03414591774344444,0.0,0.0005165051552467048,0.3246527777777778,3.887274923423926
59.0,0.0,0.0,0.0,0.0,0.0,0.0
60.0,0.0,0.0,0.0,0.0,0.0,0.0
61.0,0.0,0.0,0.0,0.0,0.0,0.0
62.0,0.0,0.0,0.0,0.0,0.0,0.0
63.0,0.0,0.0,0.0,0.0,0.0,0.0
64.0,0.0,0.0,0.0,0.0,0.0,0.0
65.0,0.0,0.0,0.0,0.0,0.0,0.0
66.0,0.0,0.0,0.0,0.0,0.0,0.0
67.0,0.0,0.0,0.0,0.0,0.0,0.0
68.0,0.0,0.0,0.0,0.0,0.0,0.0
69.0,0.0,0.0,0.0,0.0,0.0,0.0
70.0,0.0,0.0,0.0,0.0,0.0,0.0
71.0,0.0,0.0,0.0,0.0,0.0,0.0
72.0,0.0,0.0,0.0,0.0,0.0,0.0
73.0,0.0,0.0,0.0,0.0,0.0,0.0
74.0,0.0,0.0,0.0,0.0,0.0,0.0
75.0,0.0,0.0,0.0,0.0,0.0,0.0
76.0,0.0,0.0,0.0,0.0,0.0,0.0
77.0,0.0,0.0,0.0,0.0,0.0,0.0
78.0,0.0,0.0,0.0,0.0,0.0,0.0
79.0,0.0,0.0,0.0,0.0,0.0,0.0
80.0,0.0,0.0,0.0,0.0,0.0,0.0
81.0,0.0,0.0,0.0,0.0,0.0,0.0
82.0,0.0,0.0,0.0,0.0,0.0,0.0
83.0,0.0,0.0,0.0,0.0,0.0,0.0
84.0,0.0,0.0,0.0,0.0,0.0,0.0
85.0,0.0,0.0,0.0,0.0,0.0,0.0
86.0,0.0,0.0,0.0,0.0,0.0,0.0
87.0,0.0,0.0,0.0,0.0,0.0,0.0
88.0,0.0,0.0,0.0,0.0,0.0,0.0
89.0,0.0,0.0,0.0,0.0,0.0,0.0
90.0,0.0,0.0,0.0,0.0,0.0,0.0
91.0,0.0,0.0,0.0,0.0,0.0,0.0
92.0,0.0,0.0,0.0,0.0,0.0,0.0
93.0,0.0,0.0,0.0,0.0,0.0,0.0
94.0,0.0,0.0,0.0,0.0,0.0,0.0
95.0,0.0,0.0,0.0,0.0,0.0,0.0
96.0,0.0,0.0,0.0,0.0,0.0,0.0
97.0,0.0,0.0,0.0,0.0,0.0,0.0
98.0,0.0,0.0,0.0,0.0,0.0,0.0
99.0,0.0,0.0,0.0,0.0,0.0,0.0
100.0,0.0,0.0,0.0,0.0,0.0,0.0
101.0,0.0,0.0,0.0,0.0,0.0,0.0
102.0,0.0,0.0,0.0,0.0,0.0,0.0
103.0,0.0,0.0,0.0,0.0,0.0,0.0
104.0,0.0,0.0,0.0,0.0,0.0,0.0
105.0,0.0,0.0,0.0,0.0,0.0,0.0
106.0,0.0,0.0,0.0,0.0,0.0,0.0
107.0,0.0,0.0,0.0,0.0,0.0,0.0
108.0,0.0,0.0,0.0,0.0,0.0,0.0
109.0,0.0,0.0,0.0,0.0,0.0,0.0
110.0,0.0,0.0,0.0,0.0,0.0,0.0
111.0,0.0,0.0,0.0,0.0,0.0,0.0
112.0,0.0,0.0,0.0,0.0,0.0,0.0
113.0,0.0,0.0,0.0,0.0,0.0,0.0
114.0,0.0,0.0,0.0,0.0,0.0,0.0
115.0,0.0,0.0,0.0,0.0,0.0,0.0
116.0,0.0,0.0,0.0,0.0,0.0,0.0
117.0,0.0,0.0,0.0,0.0,0.0,0.0
118.0,0.0,0.0,0.0,0.0,0.0,0.0
119.0,0.0,0.0,0.0,0.0,0.0,0.0
120.0,0.0002837349602486938,0.0,0.0,0.0,0.008680555555555556,0.05787037037037038
121.0,0.00044713361421599984,0.0,0.0,0.0,0.013888888888888888,0.09259259259259259
122.0,0.0006642495864070952,0.0,0.0,0.0,0.013888888888888888,0.09259259259259259
123.0,0.00014755238953512162,0.0,0.0,0.0,0.0,0.012296032461260134
124.0,0.00022899640316609293,0.0,0.0,0.0,0.0,0.01908303359717441
125.0,0.00018043635645881295,0.0,0.0,0.0,0.001736111111111111,0.015036363038234413
126.0,0.00015970518870744854,0.0,0.0,0.0,0.001736111111111111,0.013308765725620711
127.0,5.815971235278994e-05,0.0,0.0,0.0,0.0,0.004846642696065828
128.0,7.803988410159945e-05,0.0,0.0,0.0,0.0,0.006503323675133288
129.0,0.0,0.0,0.0,0.0,0.0,0.0
130.0,0.00018055553664453328,0.0,0.0,0.0,0.0,0.015046294720377773
131.0,1.5488835742871743e-06,0.0,0.0,0.0,0.0,0.00012907363119059786
132.0,0.00018646169337444007,0.0,0.0,0.0,0.001736111111111111,0.015538474447870005
133.0,0.000691363587975502,0.0,0.0,0.0,0.008680555555555556,0.05787037037037038
134.0,0.00024489371571689844,0.0,0.0,0.0,0.0,0.02040780964307487
135.0,0.00011822574015241116,0.0,0.0,0.0,0.005208333333333333,0.034722222222222224
136.0,0.0003717489307746291,0.0,0.0,0.0,0.003472222222222222,0.030979077564552426
137.0,0.0004189132887404412,0.0,0.0,0.0,0.008680555555555556,0.05787037037037038
138.0,0.00033980110310949385,0.0,0.0,0.0,0.003472222222222222,0.02831675859245782
139.0,5.541938298847526e-05,0.0,0.0,0.0,0.0,0.004618281915706272
140.0,0.0,0.0,0.0,0.0,0.0,0.0
141.0,2.236521504528355e-05,0.0,0.0,0.0,0.0,0.0018637679204402957
142.0,0.0,0.0,0.0,0.0,0.0,0.0
143.0,0.0,0.0,0.0,0.0,0.0,0.0
144.0,0.0,0.0,0.0,0.0,0.0,0.0
145.0,0.0,0.0,0.0,0.0,0.0,0.0
146.0,0.0,0.0,0.0,0.0,0.0,0.0
147.0,0.0,0.0,0.0,0.0,0.0,0.0
148.0,0.0,0.0,0.0,0.0,0.0,0.0
149.0,0.0,0.0,0.0,0.0,0.0,0.0
150.0,0.0,0.0,0.0,0.0,0.0,0.0
151.0,0.0,0.0,0.0,0.0,0.0,0.0
152.0,0.0,0.0,0.0,0.0,0.0,0.0
153.0,0.0,0.0,0.0,0.0,0.0,0.0
154.0,0.0,0.0,0.0,0.0,0.0,0.0
155.0,0.0,0.0,0.0,0.0,0.0,0.0
156.0,0.0,0.0,0.0,0.0,0.0,0.0
157.0,0.0,0.0,0.0,0.0,0.0,0.0
158.0,0.0048254854045808315,0.0,0.0,0.0,0.06770833333333333,0.4513888888888889
159.0,0.0,0.0,0.0,0.0,0.0,0.0
160.0,0.0,0.0,0.0,0.0,0.0,0.0
161.0,0.0,0.0,0.0,0.0,0.0,0.0
162.0,0.0,0.0,0.0,0.0,0.0,0.0
163.0,0.0,0.0,0.0,0.0,0.0,0.0
164.0,0.0,0.0,0.0,0.0,0.0,0.0
165.0,0.0,0.0,0.0,0.0,0.0,0.0
166.0,0.0,0.0,0.0,0.0,0.0,0.0
167.0,0.0,0.0,0.0,0.0,0.0,0.0
168.0,0.0,0.0,0.0,0.0,0.0,0.0
169.0,0.0,0.0,0.0,0.0,0.0,0.0
170.0,0.0,0.0,0.0,0.0,0.0,0.0
171.0,0.0,0.0,0.0,0.0,0.0,0.0
172.0,0.0,0.0,0.0,0.0,0.0,0.0
173.0,0.0,0.0,0.0,0.0,0.0,0.0
174.0,0.0,0.0,0.0,0.0,0.0,0.0
175.0,0.0,0.0,0.0,0.0,0.0,0.0
176.0,0.0,0.0,0.0,0.0,0.0,0.0
177.0,0.0,0.0,0.0,0.0,0.0,0.0
178.0,0.0,0.0,0.0,0.0,0.0,0.0
179.0,0.0,0.0,0.0,0.0,0.0,0.0
180.0,0.0,0.0,0.0,0.0,0.0,0.0
181.0,0.0,0.0,0.0,0.0,0.0,0.0
182.0,0.0,0.0,0.0,0.0,0.0,0.0
183.0,0.0,0.0,0.0,0.0,0.0,0.0
184.0,0.0,0.0,0.0,0.0,0.0,0.0
185.0,0.0,0.0,0.0,0.0,0.0,0.0
186.0,0.0,0.0,0.0,0.0,0.0,0.0
187.0,0.0,0.0,0.0,0.0,0.0,0.0
188.0,0.0,0.0,0.0,0.0,0.0,0.0
189.0,0.0,0.0,0.0,0.0,0.0,0.0
190.0,0.0,0.0,0.0,0.0,0.0,0.0
191.0,0.0,0.0,0.0,0.0,0.0,0.0
192.0,0.0,0.0,0.0,0.0,0.0,0.0
193.0,0.00016360289009753615,0.0,0.0,0.0,0.001736111111111111,0.01363357417479468
194.0,3.710511464305455e-06,0.0,0.0,0.0,0.0,0.0003092092886921212
195.0,0.0,0.0,0.0,0.0,0.0,0.0
196.0,0.0,0.0,0.0,0.0,0.0,0.0
197.0,0.0,0.0,0.0,0.0,0.0,0.0
198.0,0.0,0.0,0.0,0.0,0.0,0.0
199.0,0.0,0.0,0.0,0.0,0.0,0.0
200.0,2.9275586257426767e-06,0.0,0.0,0.0,0.0,0.0002439632188118897
201.0,0.0,0.0,0.0,0.0,0.0,0.0
202.0,0.0,0.0,0.0,0.0,0.0,0.0
203.0,0.0,0.0,0.0,0.0,0.0,0.0
204.0,0.0,0.0,0.0,0.0,0.0,0.0
205.0,0.0,0.0,0.0,0.0,0.0,0.0
206.0,0.0,0.0,0.0,0.0,0.0,0.0
207.0,0.0,0.0,0.0,0.0,0.0,0.0
208.0,0.0,0.0,0.0,0.0,0.0,0.0
209.0,0.0,0.0,0.0,0.0,0.0,0.0
210.0,0.0,0.0,0.0,0.0,0.0,0.0
211.0,0.0,0.0,0.0,0.0,0.0,0.0
212.0,0.0,0.0,0.0,0.0,0.0,0.0
213.0,0.0,0.0,0.0,0.0,0.0,0.0
214.0,0.0,0.0,0.0,0.0,0.0,0.0
215.0,0.0,0.0,0.0,0.0,0.0,0.0
216.0,0.0,0.0,0.0,0.0,0.0,0.0
217.0,0.0,0.0,0.0,0.0,0.0,0.0
218.0,0.0,0.0,0.0,0.0,0.0,0.0
219.0,0.0,0.0,0.0,0.0,0.0,0.0
220.0,0.0,0.0,0.0,0.0,0.0,0.0
221.0,0.0,0.0,0.0,0.0,0.0,0.0
222.0,0.0,0.0,0.0,0.0,0.0,0.0
223.0,0.0,0.0,0.0,0.0,0.0,0.0
224.0,0.0,0.0,0.0,0.0,0.0,0.0
225.0,0.0,0.0,0.0,0.0,0.0,0.0
226.0,0.0,0.0,0.0,0.0,0.0,0.0
227.0,0.0,0.0,0.0,0.0,0.0,0.0
228.0,0.0,0.0,0.0,0.0,0.0,0.0
229.0,0.0,0.0,0.0,0.0,0.0,0.0
230.0,0.0,0.0,0.0,0.0,0.0,0.0
231.0,0.0,0.0,0.0,0.0,0.0,0.0
232.0,0.0,0.0,0.0,0.0,0.0,0.0
233.0,0.0,0.0,0.0,0.0,0.0,0.0
234.0,0.0,0.0,0.0,0.0,0.0,0.0
235.0,0.0,0.0,0.0,0.0,0.0,0.0
236.0,0.0,0.0,0.0,0.0,0.0,0.0
237.0,0.0,0.0,0.0,0.0,0.0,0.0
238.0,0.0,0.0,0.0,0.0,0.0,0.0
239.0,0.0,0.0,0.0,0.0,0.0,0.0
240.0,0.0,0.0,0.0,0.0,0.0,0.0
241.0,0.0,0.0,0.0,0.0,0.0,0.0
242.0,0.0,0.0,0.0,0.0,0.0,0.0
243.0,0.0,0.0,0.0,0.0,0.0,0.0
244.0,0.0,0.0,0.0,0.0,0.0,0.0
245.0,0.0,0.0,0.0,0.0,0.0,0.0
246.0,0.0,0.0,0.0,0.0,0.0,0.0
247.0,0.0,0.0,0.0,0.0,0.0,0.0
248.0,0.0,0.0,0.0,0.0,0.0,0.0
249.0,0.0,0.0,0.0,0.0,0.0,0.0
250.0,0.0,0.0,0.0,0.0,0.0,0.0
251.0,0.0,0.0,0.0,0.0,0.0,0.0
252.0,0.0,0.0,0.0,0.0,0.0,0.0
253.0,0.0,0.0,0.0,0.0,0.0,0.0
254.0,0.0,0.0,0.0,0.0,0.0,0.0
255.0,0.0,0.0,0.0,0.0,0.0,0.0
256.0,0.0,0.0,0.0,0.0,0.0,0.0
257.0,0.0,0.0,0.0,0.0,0.0,0.0
258.0,0.0,0.0,0.0,0.0,0.0,0.0
259.0,0.0,0.0,0.0,0.0,0.0,0.0
260.0,0.0,0.0,0.0,0.0,0.0,0.0
261.0,0.0,0.0,0.0,0.0,0.0,0.0
262.0,0.0,0.0,0.0,0.0,0.0,0.0
263.0,0.0,0.0,0.0,0.0,0.0,0.0
264.0,0.00016414758283644915,0.0,0.0,0.0,0.001736111111111111,0.013678965236370763
265.0,0.0,0.0,0.0,0.0,0.0,0.0
266.0,5.78703804876568e-07,0.0,0.0,0.0,0.0,4.8225317073047336e-05
267.0,0.0,0.0,0.0,0.0,0.0,0.0
268.0,0.0,0.0,0.0,0.0,0.0,0.0
269.0,0.0,0.0,0.0,0.0,0.0,0.0
270.0,0.0,0.0,0.0,0.0,0.0,0.0
271.0,0.0003368565521668643,0.0,0.0,0.0,0.010416666666666666,0.06944444444444445
272.0,0.0003615705936681479,0.0,0.0,0.0,0.003472222222222222,0.030130882805678993
273.0,0.00012285537377465516,0.0,0.0,0.0,0.003472222222222222,0.023148148148148147
274.0,0.0003198188205715269,0.0,0.0,0.0,0.001736111111111111,0.026651568380960573
275.0,0.0002919559774454683,0.0,0.0,0.0,0.005208333333333333,0.034722222222222224
276.0,0.0,0.0,0.0,0.0,0.0,0.0
277.0,0.0,0.0,0.0,0.0,0.0,0.0
278.0,7.475488382624462e-05,0.0,0.0,0.0,0.003472222222222222,0.023148148148148147
279.0,0.0002421704411972314,0.0,0.0,0.0,0.003472222222222222,0.023148148148148147
280.0,0.0003121595364063978,0.0,0.0,0.0,0.003472222222222222,0.02601329470053315
281.0,0.00024783832486718893,0.0,0.0,0.0,0.003472222222222222,0.023148148148148147
282.0,0.0003035470435861498,0.0,0.0,0.0,0.005208333333333333,0.034722222222222224
283.0,1.4263348020904232e-05,0.0,0.0,0.0,0.0,0.0011886123350753526
284.0,0.00040851367521099746,0.0,0.0,0.0,0.005208333333333333,0.034722222222222224
285.0,2.171840242226608e-05,0.0,0.0,0.0,0.0,0.0018098668685221733
286.0,4.614309364114888e-05,0.0,0.0,0.0,0.003472222222222222,0.023148148148148147
287.0,0.00010830267274286598,0.0,0.0,0.0,0.003472222222222222,0.023148148148148147
288.0,0.0002268858370371163,0.0,0.0,0.0,0.003472222222222222,0.023148148148148147
289.0,0.0002847732394002378,0.0,0.0,0.0,0.005208333333333333,0.034722222222222224
290.0,0.00012246389815118164,0.0,0.0,0.0,0.001736111111111111,0.011574074074074073
291.0,1.3174008017813321e-05,0.0,0.0,0.0,0.0,0.0010978340014844434
292.0,7.463574729626998e-05,0.0,0.0,0.0,0.003472222222222222,0.023148148148148147
293.0,0.00035057522472925484,0.0,0.0,0.0,0.006944444444444444,0.046296296296296294
294.0,0.00020697162835858762,0.0,0.0,0.0,0.0,0.01724763569654897
295.0,0.0,0.0,0.0,0.0,0.0,0.0
296.0,0.0,0.0,0.0,0.0,0.0,0.0
297.0,0.0,0.0,0.0,0.0,0.0,0.0
298.0,0.0,0.0,0.0,0.0,0.0,0.0
299.0,0.0,0.0,0.0,0.0,0.0,0.0
300.0,6.178517196531175e-06,0.0,0.0,0.0,0.0,0.0005148764330442646
301.0,0.0,0.0,0.0,0.0,0.0,0.0
302.0,0.0,0.0,0.0,0.0,0.0,0.0
303.0,0.0,0.0,0.0,0.0,0.0,0.0
304.0,0.0,0.0,0.0,0.0,0.0,0.0
305.0,0.0,0.0,0.0,0.0,0.0,0.0
306.0,0.0,0.0,0.0,0.0,0.0,0.0
307.0,0.0,0.0,0.0,0.0,0.0,0.0
308.0,0.0,0.0,0.0,0.0,0.0,0.0
309.0,0.0,0.0,0.0,0.0,0.0,0.0
310.0,0.0,0.0,0.0,0.0,0.0,0.0
311.0,0.0,0.0,0.0,0.0,0.0,0.0
312.0,0.0,0.0,0.0,0.0,0.0,0.0
313.0,0.0,0.0,0.0,0.0,0.0,0.0
314.0,0.0,0.0,0.0,0.0,0.0,0.0
315.0,0.0,0.0,0.0,0.0,0.0,0.0
316.0,0.0,0.0,0.0,0.0,0.0,0.0
317.0,0.0,0.0,0.0,0.0,0.0,0.0
318.0,0.0,0.0,0.0,0.0,0.0,0.0
319.0,0.00012819985568057746,0.0,0.0,0.0,0.003472222222222222,0.023148148148148147
320.0,0.0002333537267986685,0.0,0.0,0.0,0.003472222222222222,0.023148148148148147
321.0,0.00012535741552710533,0.0,0.0,0.0,0.0,0.010446451293925444
322.0,0.00015325433923862875,0.0,0.0,0.0,0.001736111111111111,0.012771194936552396
323.0,0.00018724465917330235,0.0,0.0,0.0,0.001736111111111111,0.015603721597775195
324.0,0.00017960237164516002,0.0,0.0,0.0,0.001736111111111111,0.014966864303763334
325.0,0.00017859814397525042,0.0,0.0,0.0,0.001736111111111111,0.014883178664604202
326.0,0.00029855998582206666,0.0,0.0,0.0,0.005208333333333333,0.034722222222222224
327.0,2.2126891963125672e-07,0.0,0.0,0.0,0.0,1.843907663593806e-05
328.0,0.0,0.0,0.0,0.0,0.0,0.0
329.0,0.0,0.0,0.0,0.0,0.0,0.0
330.0,0.0,0.0,0.0,0.0,0.0,0.0
331.0,0.0,0.0,0.0,0.0,0.0,0.0
332.0,0.0,0.0,0.0,0.0,0.0,0.0
333.0,4.289218850317411e-06,0.0,0.0,0.0,0.0,0.0003574349041931176
334.0,0.0,0.0,0.0,0.0,0.0,0.0
335.0,0.0,0.0,0.0,0.0,0.0,0.0
336.0,0.0,0.0,0.0,0.0,0.0,0.0
337.0,0.0,0.0,0.0,0.0,0.0,0.0
338.0,0.0,0.0,0.0,0.0,0.0,0.0
339.0,0.0,0.0,0.0,0.0,0.0,0.0
340.0,0.0,0.0,0.0,0.0,0.0,0.0
341.0,0.0,0.0,0.0,0.0,0.0,0.0
342.0,0.0,0.0,0.0,0.0,0.0,0.0
343.0,0.0,0.0,0.0,0.0,0.0,0.0
344.0,0.0,0.0,0.0,0.0,0.0,0.0
345.0,0.0,0.0,0.0,0.0,0.0,0.0
346.0,0.0,0.0,0.0,0.0,0.0,0.0
347.0,0.0,0.0,0.0,0.0,0.0,0.0
348.0,0.0,0.0,0.0,0.0,0.0,0.0
349.0,0.0,0.0,0.0,0.0,0.0,0.0
350.0,0.0,0.0,0.0,0.0,0.0,0.0
351.0,0.0,0.0,0.0,0.0,0.0,0.0
352.0,0.0,0.0,0.0,0.0,0.0,0.0
353.0,0.0,0.0,0.0,0.0,0.0,0.0
354.0,0.0,0.0,0.0,0.0,0.0,0.0
355.0,0.0,0.0,0.0,0.0,0.0,0.0
356.0,0.0,0.0,0.0,0.0,0.0,0.0
357.0,0.0,0.0,0.0,0.0,0.0,0.0
358.0,0.0,0.0,0.0,0.0,0.0,0.0
359.0,0.005925771780312061,0.0,0.0,0.0,0.0954861111111111,0.6365740740740741
360.0,0.0,0.0,0.0,0.0,0.0,0.0
361.0,0.0,0.0,0.0,0.0,0.0,0.0
362.0,0.0,0.0,0.0,0.0,0.0,0.0
363.0,0.0,0.0,0.0,0.0,0.0,0.0
364.0,0.0,0.0,0.0,0.0,0.0,0.0
365.0,0.04395497217774391,0.00897680502384901,0.0,0.0002795039035845548,0.1440972222222222,3.6629143481453257
366.0,1.991418912439258e-06,0.0,0.0,0.0,0.0,0.00016595157603660482
367.0,1.6339836292900145e-06,0.0,0.0,0.0,0.0,0.00013616530244083455
368.0,1.6339836292900145e-06,0.0,0.0,0.0,0.0,0.00013616530244083455
369.0,1.7871695945359534e-06,0.0,0.0,0.0,0.0,0.0001489307995446628
370.0,0.05388280376791954,0.029557589441537857,0.39138263463974,0.0037039266899228096,0.4600694444444444,4.490233647326629
371.0,0.0,0.0,0.0,0.0,0.0,0.0
372.0,5.838096967636375e-06,3.7749705370515585e-05,0.0,0.0,0.001736111111111111,0.011574074074074073
373.0,0.00042921086424030364,0.0011257778387516737,0.0,0.0,0.010416666666666666,0.06944444444444445
374.0,0.00030034713563509285,0.0019420742755755782,0.0,0.0,0.012152777777777778,0.08101851851851852
375.0,0.0006754152127541602,0.002480145310983062,0.0,0.0,0.017361111111111112,0.11574074074074076
376.0,0.000492919294629246,0.0,0.0,0.0,0.010416666666666666,0.06944444444444445
377.0,0.00015374792565125972,0.0,0.0,0.0,0.005208333333333333,0.034722222222222224
378.0,0.0,0.0,0.0,0.0,0.0,0.0
379.0,9.684775250207167e-06,6.262269744183868e-05,0.0,0.0,0.001736111111111111,0.011574074074074073
380.0,8.833740139380097e-05,0.0005443442496471107,0.0,0.0,0.001736111111111111,0.013608606241177768
381.0,0.0003775870718527585,0.0023958412930369377,0.0,0.0,0.006944444444444444,0.05989603232592344
382.0,5.575979230343364e-05,0.00035196379758417606,0.0,0.0,0.001736111111111111,0.011574074074074073
383.0,0.00023859609791543335,0.0015381631674245,0.0,0.0,0.003472222222222222,0.0384540791856125
384.0,0.0001824958890210837,0.0011800362262874842,0.0,0.0,0.0,0.029500905657187104
385.0,0.00019456357404123992,0.0012580668553709984,0.0,0.0,0.0,0.03145167138427496
386.0,9.286490239901468e-05,0.0006004734896123409,0.0,0.0,0.0,0.015011837240308523
387.0,2.8799011488445103e-05,0.0,0.0,0.0,0.005208333333333333,0.034722222222222224
388.0,5.7359734455531e-06,0.0,0.0,0.0,0.0,0.000477997787129425
389.0,0.00033093334059230983,0.0,0.0,0.0,0.008680555555555556,0.05787037037037038
390.0,0.0002489106263965368,4.655427619582042e-05,0.0,0.0,0.0,0.0207425521997114
391.0,0.00010205608123214915,0.0,0.0,0.0,0.0,0.00850467343601243
392.0,0.00013880376354791224,0.0,0.0,0.0,0.0,0.011566980295659354
393.0,7.063588418532163e-05,0.0,0.0,0.0,0.0,0.0058863236821101355
394.0,0.0,0.0,0.0,0.0,0.0,0.0
395.0,0.0,0.0,0.0,0.0,0.0,0.0
396.0,0.0,0.0,0.0,0.0,0.0,0.0
397.0,4.391340098663932e-06,0.0,0.0,0.0,0.0,0.00036594500822199433
398.0,7.625271973665804e-05,0.0,0.0,0.0,0.0,0.0063543933113881694
399.0,0.0005156759289093316,0.0011179638095200062,0.0,0.0,0.012152777777777778,0.08101851851851852
400.0,0.00023362605134025216,0.0014629940269514918,0.0,0.0,0.003472222222222222,0.036574850673787296
401.0,0.0008536048699170351,0.0035014788154512644,0.0,0.0,0.019097222222222224,0.12731481481481483
402.0,0.00045523548033088446,0.0,0.0,0.0,0.010416666666666666,0.06944444444444445
403.0,6.464459147537127e-05,0.0,0.0,0.0,0.0,0.005387049289614272
404.0,0.0007851305999793112,0.0007154836202971637,0.0,0.0,0.010416666666666666,0.06944444444444445
405.0,0.00018016404646914452,0.0011649583466351032,0.0,0.0,0.001736111111111111,0.02912395866587758
406.0,0.00021633300639223307,0.0012983481865376234,0.0,0.0,0.003472222222222222,0.032458704663440585
407.0,0.0004426231316756457,0.0028573120944201946,0.0,0.0,0.001736111111111111,0.07143280236050487
408.0,0.0004446315870154649,0.002875031204894185,0.0,0.0,0.006944444444444444,0.07187578012235463
409.0,0.00013374860282056034,0.0008648316143080592,0.0,0.0,0.0,0.02162079035770148
410.0,0.00020491212490014732,0.001324982033111155,0.0,0.0,0.0,0.033124550827778876
411.0,6.804872828070074e-05,0.0004400097532197833,0.0,0.0,0.0,0.011000243830494583
412.0,0.0,0.0,0.0,0.0,0.0,0.0
413.0,0.0,0.0,0.0,0.0,0.0,0.0
414.0,0.0,0.0,0.0,0.0,0.0,0.0
415.0,0.00014188449131324887,0.0009169987752102315,0.0,0.0,0.0,0.02292496938025579
416.0,1.1131533938169014e-05,7.197757804533467e-05,0.0,0.0,0.0,0.0017994394511333667
417.0,0.0,0.0,0.0,0.0,0.0,0.0
418.0,1.911423896672204e-05,0.0,0.0,0.0,0.003472222222222222,0.023148148148148147
419.0,2.3250264348462224e-05,0.0,0.0,0.0,0.001736111111111111,0.011574074074074073
420.0,0.00020457171194721013,0.0,0.0,0.0,0.005208333333333333,0.034722222222222224
421.0,0.00021442670549731702,0.0,0.0,0.0,0.001736111111111111,0.01786889212477642
422.0,0.00034928167588077486,0.0,0.0,0.0,0.0,0.029106806323397905
423.0,6.13936354056932e-05,6.383319487213157e-06,0.0,0.0,0.0,0.005116136283807767
424.0,0.0004786389472428709,3.301757942608674e-07,0.0,0.0,0.008680555555555556,0.05787037037037038
425.0,0.00034681367105804384,0.001247501466423273,0.0,0.0,0.006944444444444444,0.046296296296296294
426.0,0.0004210068436805159,0.0010050449054688215,0.0,0.0,0.010416666666666666,0.06944444444444445
427.0,0.00010508576815482229,0.0,0.0,0.0,0.001736111111111111,0.011574074074074073
428.0,0.0005930349580012262,0.0032735494896769524,0.0,0.0,0.015625,0.10416666666666667
429.0,0.0004528015269897878,0.0,0.0,0.0,0.008680555555555556,0.05787037037037038
430.0,0.0007781690801493824,0.0,0.0,0.0,0.019097222222222224,0.12731481481481483
431.0,0.0003481413295958191,8.573482773499563e-05,0.0,0.0,0.003472222222222222,0.029011777466318257
432.0,7.982712304510642e-06,4.18218805862125e-05,0.0,0.0,0.0,0.0010455470146553125
433.0,0.0,0.0,0.0,0.0,0.0,0.0
434.0,8.20397417555796e-06,5.3047697292640805e-05,0.0,0.0,0.0,0.0013261924323160201
435.0,0.000258527317782864,0.0016716629033908248,0.0,0.0,0.001736111111111111,0.04179157258477062
436.0,0.00020755034347530454,0.001342040835879743,0.0,0.0,0.001736111111111111,0.03355102089699358
437.0,0.00017645354091655463,0.001140965730883181,0.0,0.0,0.001736111111111111,0.028524143272079527
438.0,8.227804210036993e-05,0.0005320179043337703,0.0,0.0,0.0,0.013300447608344257
439.0,4.6092038246570155e-05,0.00029803565121255815,0.0,0.0,0.001736111111111111,0.011574074074074073
440.0,3.6220029869582504e-05,0.00019348098430782557,0.0,0.0,0.0,0.004837024607695639
441.0,3.734339770744555e-05,0.0,0.0,0.0,0.005208333333333333,0.034722222222222224
442.0,0.0,0.0,0.0,0.0,0.0,0.0
443.0,0.00029267079662531614,0.0,0.0,0.0,0.001736111111111111,0.024389233052109677
444.0,0.0005340923089534044,5.502840849658241e-07,0.0,0.0,0.015625,0.10416666666666667
445.0,0.0,0.0,0.0,0.0,0.0,0.0
446.0,0.0,0.0,0.0,0.0,0.0,0.0
447.0,0.0,0.0,0.0,0.0,0.0,0.0
448.0,9.055011105374433e-06,5.722984042222379e-06,0.0,0.0,0.0,0.0007545842587812027
449.0,5.1062606587493065e-08,3.301757942608674e-07,0.0,0.0,0.0,8.254394856521685e-06
450.0,0.0,0.0,0.0,0.0,0.0,0.0
451.0,0.0,0.0,0.0,0.0,0.0,0.0
452.0,0.0,0.0,0.0,0.0,0.0,0.0
453.0,0.0,0.0,0.0,0.0,0.0,0.0
454.0,0.0,0.0,0.0,0.0,0.0,0.0
455.0,0.0,0.0,0.0,0.0,0.0,0.0
456.0,8.969913324108347e-06,4.578395601129159e-05,0.0,0.0,0.0,0.0011445989002822898
457.0,8.969913324108347e-06,4.578395601129159e-05,0.0,0.0,0.0,0.0011445989002822898
458.0,0.0,0.0,0.0,0.0,0.0,0.0
459.0,0.0,0.0,0.0,0.0,0.0,0.0
460.0,0.0,0.0,0.0,0.0,0.0,0.0
461.0,0.06653106957674026,0.06666476279497147,0.39138263463974,0.0037039266899228096,0.4583333333333333,5.5442557980616884
462.0,3.4041910623727745e-08,0.0,0.0,0.0,0.0,2.8368258853106454e-06
463.0,0.0,0.0,0.0,0.0,0.0,0.0
464.0,0.0,0.0,0.0,0.0,0.0,0.0
465.0,0.0,0.0,0.0,0.0,0.0,0.0
466.0,0.0,0.0,0.0,0.0,0.0,0.0
467.0,0.0,0.0,0.0,0.0,0.0,0.0
468.0,0.0,0.0,0.0,0.0,0.0,0.0
469.0,6.808304675587351e-08,0.0,0.0,0.0,0.0,5.673587229656126e-06
470.0,6.808304675587351e-08,0.0,0.0,0.0,0.0,5.673587229656126e-06
471.0,0.0,0.0,0.0,0.0,0.0,0.0
472.0,0.0,0.0,0.0,0.0,0.0,0.0
473.0,0.0,0.0,0.0,0.0,0.0,0.0
474.0,0.0,0.0,0.0,0.0,0.0,0.0
475.0,0.0,0.0,0.0,0.0,0.0,0.0
476.0,0.0,0.0,0.0,0.0,0.0,0.0
477.0,8.169930083568033e-07,0.0,0.0,0.0,0.0,6.808275069640028e-05
478.0,8.169930083568033e-07,0.0,0.0,0.0,0.0,6.808275069640028e-05
479.0,0.0,0.0,0.0,0.0,0.0,0.0
480.0,0.0,0.0,0.0,0.0,0.0,0.0
481.0,0.0,0.0,0.0,0.0,0.0,0.0
482.0,0.0,0.0,0.0,0.0,0.0,0.0
483.0,0.0,0.0,0.0,0.0,0.0,0.0
484.0,0.0,0.0,0.0,0.0,0.0,0.0
485.0,0.0,0.0,0.0,0.0,0.0,0.0
486.0,3.4041910623727745e-08,0.0,0.0,0.0,0.0,2.8368258853106454e-06
487.0,3.4041910623727745e-08,0.0,0.0,0.0,0.0,2.8368258853106454e-06
488.0,0.0,0.0,0.0,0.0,0.0,0.0
489.0,0.0,0.0,0.0,0.0,0.0,0.0
490.0,0.0,0.0,0.0,0.0,0.0,0.0
491.0,0.0,0.0,0.0,0.0,0.0,0.0
492.0,0.0,0.0,0.0,0.0,0.0,0.0
493.0,0.0,0.0,0.0,0.0,0.0,0.0
494.0,6.808304675587351e-08,0.0,0.0,0.0,0.0,5.673587229656126e-06
495.0,6.808304675587351e-08,0.0,0.0,0.0,0.0,5.673587229656126e-06
496.0,0.0,0.0,0.0,0.0,0.0,0.0
497.0,0.0,0.0,0.0,0.0,0.0,0.0
498.0,0.0,0.0,0.0,0.0,0.0,0.0
499.0,0.0,0.0,0.0,0.0,0.0,0.0
500.0,0.0,0.0,0.0,0.0,0.0,0.0
501.0,0.0,0.0,0.0,0.0,0.0,0.0
502.0,8.169930083568033e-07,0.0,0.0,0.0,0.0,6.808275069640028e-05
503.0,8.169930083568033e-07,0.0,0.0,0.0,0.0,6.808275069640028e-05
504.0,0.0,0.0,0.0,0.0,0.0,0.0
505.0,0.0,0.0,0.0,0.0,0.0,0.0
506.0,0.0,0.0,0.0,0.0,0.0,0.0
507.0,0.0,0.0,0.0,0.0,0.0,0.0
508.0,0.0,0.0,0.0,0.0,0.0,0.0
509.0,0.0,0.0,0.0,0.0,0.0,0.0
510.0,0.0,0.0,0.0,0.0,0.0,0.0
511.0,3.4041910623727745e-08,0.0,0.0,0.0,0.0,2.8368258853106454e-06
512.0,3.4041910623727745e-08,0.0,0.0,0.0,0.0,2.8368258853106454e-06
513.0,0.06655273586511612,0.06680795550346375,0.39138263463974,0.0037039266899228096,0.4583333333333333,5.54606132209301
514.0,0.0,0.0,0.0,0.0,0.0,0.0
515.0,0.0,0.0,0.0,0.0,0.0,0.0
516.0,9.979233436752111e-05,0.0,0.0,0.0,0.003472222222222222,0.023148148148148147
517.0,9.909447544487193e-05,0.0,0.0,0.0,0.0,0.008257872953739328
518.0,0.0002245880605187267,0.0,0.0,0.0,0.003472222222222222,0.023148148148148147
519.0,2.292687349836342e-05,0.0,0.0,0.0,0.003472222222222222,0.023148148148148147
520.0,0.00016018174937926233,0.0,0.0,0.0,0.0,0.013348479114938527
521.0,5.05514344695257e-06,3.301757942608674e-07,0.0,0.0,0.001736111111111111,0.011574074074074073
522.0,5.1062606587493065e-08,3.301757942608674e-07,0.0,0.0,0.0,8.254394856521685e-06
523.0,0.0,0.0,0.0,0.0,0.0,0.0
524.0,0.0,0.0,0.0,0.0,0.0,0.0
525.0,0.0,0.0,0.0,0.0,0.0,0.0
526.0,0.06708044558763504,0.06680852919816971,0.39135947823524475,0.0037039266899228096,0.4565972222222222,5.59003713230292
527.0,1.9873172277584672e-05,3.0242765660659643e-06,2.841523200913798e-05,0.0,0.0,0.0016560976897987227
528.0,1.7020955311863872e-08,0.0,0.0,0.0,0.0,1.4184129426553227e-06
529.0,0.0,0.0,0.0,0.0,0.0,0.0
530.0,0.0,0.0,0.0,0.0,0.0,0.0
531.0,0.0,0.0,0.0,0.0,0.0,0.0
532.0,0.0,0.0,0.0,0.0,0.0,0.0
533.0,0.0,0.0,0.0,0.0,0.0,0.0
534.0,0.0,0.0,0.0,0.0,0.0,0.0
535.0,1.7020774123466254e-07,0.0,0.0,0.0,0.0,1.4183978436221878e-05
536.0,1.7020774123466254e-07,0.0,0.0,0.0,0.0,1.4183978436221878e-05
537.0,0.0,0.0,0.0,0.0,0.0,0.0
538.0,0.0,0.0,0.0,0.0,0.0,0.0
539.0,0.0,0.0,0.0,0.0,0.0,0.0
540.0,0.0,0.0,0.0,0.0,0.0,0.0
541.0,0.0,0.0,0.0,0.0,0.0,0.0
542.0,0.0,0.0,0.0,0.0,0.0,0.0
543.0,1.7020774123466254e-07,0.0,0.0,0.0,0.0,1.4183978436221878e-05
544.0,1.7020774123466254e-07,0.0,0.0,0.0,0.0,1.4183978436221878e-05
545.0,0.0,0.0,0.0,0.0,0.0,0.0
546.0,0.0,0.0,0.0,0.0,0.0,0.0
547.0,0.0,0.0,0.0,0.0,0.0,0.0
548.0,0.0,0.0,0.0,0.0,0.0,0.0
549.0,0.0,0.0,0.0,0.0,0.0,0.0
550.0,0.0,0.0,0.0,0.0,0.0,0.0
551.0,1.9856151993735693e-05,3.0242765660659643e-06,2.841523200913798e-05,0.0,0.0,0.0016546793328113079
552.0,1.9873172277584672e-05,3.0242765660659643e-06,2.841523200913798e-05,0.0,0.0,0.0016560976897987227
553.0,1.7020955311863872e-08,0.0,0.0,0.0,0.0,1.4184129426553227e-06
554.0,0.0,0.0,0.0,0.0,0.0,0.0
555.0,0.0,0.0,0.0,0.0,0.0,0.0
556.0,0.0,0.0,0.0,0.0,0.0,0.0
557.0,0.0,0.0,0.0,0.0,0.0,0.0
558.0,0.0,0.0,0.0,0.0,0.0,0.0
559.0,0.0,0.0,0.0,0.0,0.0,0.0
560.0,1.7020774123466254e-07,0.0,0.0,0.0,0.0,1.4183978436221878e-05
561.0,1.7020774123466254e-07,0.0,0.0,0.0,0.0,1.4183978436221878e-05
562.0,0.0,0.0,0.0,0.0,0.0,0.0
563.0,0.0,0.0,0.0,0.0,0.0,0.0
564.0,0.0,0.0,0.0,0.0,0.0,0.0
565.0,0.0,0.0,0.0,0.0,0.0,0.0
566.0,0.0,0.0,0.0,0.0,0.0,0.0
567.0,0.0,0.0,0.0,0.0,0.0,0.0
568.0,1.7020774123466254e-07,0.0,0.0,0.0,0.0,1.4183978436221878e-05
569.0,1.7020774123466254e-07,0.0,0.0,0.0,0.0,1.4183978436221878e-05
570.0,0.0,0.0,0.0,0.0,0.0,0.0
571.0,0.0,0.0,0.0,0.0,0.0,0.0
572.0,0.0,0.0,0.0,0.0,0.0,0.0
573.0,0.0,0.0,0.0,0.0,0.0,0.0
574.0,0.0,0.0,0.0,0.0,0.0,0.0
575.0,0.0,0.0,0.0,0.0,0.0,0.0
576.0,1.9856151993735693e-05,3.0242765660659643e-06,2.841523200913798e-05,0.0,0.0,0.0016546793328113079
577.0,1.9873172277584672e-05,3.0242765660659643e-06,2.841523200913798e-05,0.0,0.0,0.0016560976897987227
578.0,1.7020955311863872e-08,0.0,0.0,0.0,0.0,1.4184129426553227e-06
579.0,0.0,0.0,0.0,0.0,0.0,0.0
580.0,0.0,0.0,0.0,0.0,0.0,0.0
581.0,0.0,0.0,0.0,0.0,0.0,0.0
582.0,0.0,0.0,0.0,0.0,0.0,0.0
583.0,0.0,0.0,0.0,0.0,0.0,0.0
584.0,0.0,0.0,0.0,0.0,0.0,0.0
585.0,1.7020774123466254e-07,0.0,0.0,0.0,0.0,1.4183978436221878e-05
586.0,1.7020774123466254e-07,0.0,0.0,0.0,0.0,1.4183978436221878e-05
587.0,0.0,0.0,0.0,0.0,0.0,0.0
588.0,0.0,0.0,0.0,0.0,0.0,0.0
589.0,0.0,0.0,0.0,0.0,0.0,0.0
590.0,0.0,0.0,0.0,0.0,0.0,0.0
591.0,0.0,0.0,0.0,0.0,0.0,0.0
592.0,0.0,0.0,0.0,0.0,0.0,0.0
593.0,1.7020774123466254e-07,0.0,0.0,0.0,0.0,1.4183978436221878e-05
594.0,1.7020774123466254e-07,0.0,0.0,0.0,0.0,1.4183978436221878e-05
595.0,0.0,0.0,0.0,0.0,0.0,0.0
596.0,0.0,0.0,0.0,0.0,0.0,0.0
597.0,0.0,0.0,0.0,0.0,0.0,0.0
598.0,0.0,0.0,0.0,0.0,0.0,0.0
599.0,0.0,0.0,0.0,0.0,0.0,0.0
600.0,0.00010716227552620694,0.0,0.0,0.0,0.005208333333333333,0.034722222222222224
601.0,0.0004161489778198302,3.0242765660659643e-06,2.841523200913798e-05,0.0,0.006944444444444444,0.046296296296296294
602.0,0.000772085681091994,3.0242765660659643e-06,2.841523200913798e-05,0.0,0.024305555555555556,0.16203703703703703
603.0,0.00100699532777071,0.0,0.0,0.0,0.03993055555555555,0.2662037037037037
604.0,6.806576129747555e-05,0.0,0.0,0.0,0.001736111111111111,0.011574074074074073
605.0,0.00016901745402719826,0.0,0.0,0.0,0.003472222222222222,0.023148148148148147
606.0,0.00024807857698760927,0.0,0.0,0.0,0.006944444444444444,0.046296296296296294
607.0,0.0003003982419613749,0.0,0.0,0.0,0.0,0.025033186830114573
608.0,9.46690997807309e-05,0.0,0.0,0.0,0.006944444444444444,0.046296296296296294
609.0,8.956289093475789e-05,0.0,0.0,0.0,0.006944444444444444,0.046296296296296294
610.0,0.00018033423111774027,0.0,0.0,0.0,0.003472222222222222,0.023148148148148147
611.0,2.7420335754868574e-05,0.0,0.0,0.0,0.0,0.0022850279795723813
612.0,0.0,0.0,0.0,0.0,0.0,0.0
613.0,0.0,0.0,0.0,0.0,0.0,0.0
614.0,0.0,0.0,0.0,0.0,0.0,0.0
615.0,7.131669008231256e-06,0.0,0.0,0.0,0.0,0.000594305750685938
616.0,0.00012666801922023296,0.0,0.0,0.0,0.010416666666666666,0.06944444444444445
617.0,0.0,0.0,0.0,0.0,0.0,0.0
618.0,6.0423453760449775e-06,0.0,0.0,0.0,0.0,0.0005035287813370815
619.0,1.7020774123466254e-07,0.0,0.0,0.0,0.0,1.4183978436221878e-05
620.0,0.0,0.0,0.0,0.0,0.0,0.0
621.0,6.008301170368213e-06,0.0,0.0,0.0,0.0,0.0005006917641973511
622.0,0.00023253670951817185,0.0,0.0,0.0,0.010416666666666666,0.06944444444444445
623.0,0.00020712483092211187,0.0,0.0,0.0,0.003472222222222222,0.023148148148148147
624.0,0.00011963846191065386,0.0,0.0,0.0,0.0,0.009969871825887822
625.0,0.0001626667653908953,0.0,0.0,0.0,0.0,0.013555563782574609
626.0,0.00011358910705894232,3.0242765660659643e-06,2.841523200913798e-05,0.0,0.0,0.009465758921578526
627.0,0.00011284020001767203,3.0242765660659643e-06,2.841523200913798e-05,0.0,0.0,0.009403350001472669
628.0,0.00010813248809427023,0.0,0.0,0.0,0.0,0.009011040674522519
629.0,0.0,0.0,0.0,0.0,0.0,0.0
630.0,0.0,0.0,0.0,0.0,0.0,0.0
631.0,0.0,0.0,0.0,0.0,0.0,0.0
632.0,0.0,0.0,0.0,0.0,0.0,0.0
633.0,0.0001490502036176622,0.0,0.0,0.0,0.006944444444444444,0.046296296296296294
634.0,0.00012830199557356536,0.0,0.0,0.0,0.003472222222222222,0.023148148148148147
635.0,0.0002551912621129304,0.0,0.0,0.0,0.0,0.02126593850941087
636.0,0.00011987675679847598,0.0,0.0,0.0,0.0,0.009989729733206332
637.0,0.0003366011951584369,0.0,0.0,0.0,0.010416666666666666,0.06944444444444445
638.0,0.0005440154345706105,0.0,0.0,0.0,0.024305555555555556,0.16203703703703703
639.0,1.0212443868340415e-07,0.0,0.0,0.0,0.0,8.510369890283679e-06
640.0,0.0,0.0,0.0,0.0,0.0,0.0
641.0,0.0,0.0,0.0,0.0,0.0,0.0
642.0,0.0,0.0,0.0,0.0,0.0,0.0
643.0,1.562502257002052e-05,0.0,0.0,0.0,0.0,0.0013020852141683765
644.0,1.7020774123466254e-07,0.0,0.0,0.0,0.0,1.4183978436221878e-05
645.0,0.0,0.0,0.0,0.0,0.0,0.0
646.0,0.0,0.0,0.0,0.0,0.0,0.0
647.0,0.0,0.0,0.0,0.0,0.0,0.0
648.0,0.0,0.0,0.0,0.0,0.0,0.0
649.0,0.0,0.0,0.0,0.0,0.0,0.0
650.0,0.0,0.0,0.0,0.0,0.0,0.0
651.0,2.1336951249395497e-05,3.0242765660659643e-06,2.841523200913798e-05,0.0,0.0,0.001778079270782958
652.0,0.00018652278231456876,3.0242765660659643e-06,2.841523200913798e-05,0.0,0.003472222222222222,0.023148148148148147
653.0,0.00016224126738961786,0.0,0.0,0.0,0.003472222222222222,0.023148148148148147
654.0,5.2457784477155656e-05,0.0,0.0,0.0,0.003472222222222222,0.023148148148148147
655.0,0.00018630851991474628,0.0,0.0,0.0,0.0,0.015525709992895523
656.0,0.00010340071457903832,0.0,0.0,0.0,0.003472222222222222,0.023148148148148147
657.0,0.00020612058870028704,0.0,0.0,0.0,0.006944444444444444,0.046296296296296294
658.0,0.00013271035277284682,0.0,0.0,0.0,0.006944444444444444,0.046296296296296294
659.0,0.00021291186567395926,0.0,0.0,0.0,0.006944444444444444,0.046296296296296294
660.0,0.00015010549395810813,0.0,0.0,0.0,0.0,0.012508791163175678
661.0,1.7020774123466254e-07,0.0,0.0,0.0,0.0,1.4183978436221878e-05
662.0,0.0,0.0,0.0,0.0,0.0,0.0
663.0,0.0,0.0,0.0,0.0,0.0,0.0
664.0,0.0,0.0,0.0,0.0,0.0,0.0
665.0,0.0,0.0,0.0,0.0,0.0,0.0
666.0,0.0,0.0,0.0,0.0,0.0,0.0
667.0,0.0,0.0,0.0,0.0,0.0,0.0
668.0,1.2254906778252916e-06,0.0,0.0,0.0,0.0,0.00010212422315210763
669.0,1.7020774123466254e-07,0.0,0.0,0.0,0.0,1.4183978436221878e-05
670.0,0.0,0.0,0.0,0.0,0.0,0.0
671.0,0.0,0.0,0.0,0.0,0.0,0.0
672.0,0.0,0.0,0.0,0.0,0.0,0.0
673.0,0.0,0.0,0.0,0.0,0.0,0.0
674.0,0.0,0.0,0.0,0.0,0.0,0.0
675.0,0.0,0.0,0.0,0.0,0.0,0.0
676.0,2.193267755501438e-05,3.0242765660659643e-06,2.841523200913798e-05,0.0,0.0,0.0018277231295845315
677.0,2.1949697838863358e-05,3.0242765660659643e-06,2.841523200913798e-05,0.0,0.0,0.0018291414865719464
678.0,1.7020955311863872e-08,0.0,0.0,0.0,0.0,1.4184129426553227e-06
679.0,0.0,0.0,0.0,0.0,0.0,0.0
680.0,0.0,0.0,0.0,0.0,0.0,0.0
681.0,0.0,0.0,0.0,0.0,0.0,0.0
682.0,0.0,0.0,0.0,0.0,0.0,0.0
683.0,0.0,0.0,0.0,0.0,0.0,0.0
684.0,0.0,0.0,0.0,0.0,0.0,0.0
685.0,1.7020774123466254e-07,0.0,0.0,0.0,0.0,1.4183978436221878e-05
686.0,1.7020774123466254e-07,0.0,0.0,0.0,0.0,1.4183978436221878e-05
687.0,0.0,0.0,0.0,0.0,0.0,0.0
688.0,0.0,0.0,0.0,0.0,0.0,0.0
689.0,0.0,0.0,0.0,0.0,0.0,0.0
690.0,0.0,0.0,0.0,0.0,0.0,0.0
691.0,0.0,0.0,0.0,0.0,0.0,0.0
692.0,0.0,0.0,0.0,0.0,0.0,0.0
693.0,1.7020774123466254e-07,0.0,0.0,0.0,0.0,1.4183978436221878e-05
694.0,1.7020774123466254e-07,0.0,0.0,0.0,0.0,1.4183978436221878e-05
695.0,0.0,0.0,0.0,0.0,0.0,0.0
696.0,0.0,0.0,0.0,0.0,0.0,0.0
697.0,0.0,0.0,0.0,0.0,0.0,0.0
698.0,0.0,0.0,0.0,0.0,0.0,0.0
699.0,0.0,0.0,0.0,0.0,0.0,0.0
700.0,0.0,0.0,0.0,0.0,0.0,0.0
701.0,2.193267755501438e-05,3.0242765660659643e-06,2.841523200913798e-05,0.0,0.0,0.0018277231295845315
702.0,2.1949697838863358e-05,3.0242765660659643e-06,2.841523200913798e-05,0.0,0.0,0.0018291414865719464
703.0,1.7020955311863872e-08,0.0,0.0,0.0,0.0,1.4184129426553227e-06
704.0,0.0,0.0,0.0,0.0,0.0,0.0
705.0,0.0,0.0,0.0,0.0,0.0,0.0
706.0,0.0,0.0,0.0,0.0,0.0,0.0
707.0,0.0,0.0,0.0,0.0,0.0,0.0
708.0,0.0,0.0,0.0,0.0,0.0,0.0
709.0,0.0,0.0,0.0,0.0,0.0,0.0
710.0,1.7020774123466254e-07,0.0,0.0,0.0,0.0,1.4183978436221878e-05
711.0,1.7020774123466254e-07,0.0,0.0,0.0,0.0,1.4183978436221878e-05
712.0,0.0,0.0,0.0,0.0,0.0,0.0
713.0,0.0,0.0,0.0,0.0,0.0,0.0
714.0,0.0,0.0,0.0,0.0,0.0,0.0
715.0,0.0,0.0,0.0,0.0,0.0,0.0
716.0,0.0,0.0,0.0,0.0,0.0,0.0
717.0,0.0,0.0,0.0,0.0,0.0,0.0
718.0,1.7020774123466254e-07,0.0,0.0,0.0,0.0,1.4183978436221878e-05
719.0,1.7020774123466254e-07,0.0,0.0,0.0,0.0,1.4183978436221878e-05
720.0,0.0,0.0,0.0,0.0,0.0,0.0
721.0,0.0,0.0,0.0,0.0,0.0,0.0
722.0,0.0,0.0,0.0,0.0,0.0,0.0
723.0,0.0,0.0,0.0,0.0,0.0,0.0
724.0,0.0,0.0,0.0,0.0,0.0,0.0
725.0,0.0,0.0,0.0,0.0,0.0,0.0
726.0,2.193267755501438e-05,3.0242765660659643e-06,2.841523200913798e-05,0.0,0.0,0.0018277231295845315
727.0,2.1949697838863358e-05,3.0242765660659643e-06,2.841523200913798e-05,0.0,0.0,0.0018291414865719464
728.0,1.7020955311863872e-08,0.0,0.0,0.0,0.0,1.4184129426553227e-06
729.0,0.0,0.0,0.0,0.0,0.0,0.0
730.0,0.0,0.0,0.0,0.0,0.0,0.0
731.0,0.0,0.0,0.0,0.0,0.0,0.0
732.0,0.0,0.0,0.0,0.0,0.0,0.0
733.0,0.0,0.0,0.0,0.0,0.0,0.0
734.0,0.0,0.0,0.0,0.0,0.0,0.0
735.0,1.7020774123466254e-07,0.0,0.0,0.0,0.0,1.4183978436221878e-05
736.0,1.7020774123466254e-07,0.0,0.0,0.0,0.0,1.4183978436221878e-05
737.0,0.0,0.0,0.0,0.0,0.0,0.0
738.0,0.0,0.0,0.0,0.0,0.0,0.0
739.0,0.0,0.0,0.0,0.0,0.0,0.0
740.0,0.0,0.0,0.0,0.0,0.0,0.0
741.0,0.0,0.0,0.0,0.0,0.0,0.0
742.0,0.0,0.0,0.0,0.0,0.0,0.0
743.0,1.7020774123466254e-07,0.0,0.0,0.0,0.0,1.4183978436221878e-05
744.0,1.7020774123466254e-07,0.0,0.0,0.0,0.0,1.4183978436221878e-05
745.0,0.0,0.0,0.0,0.0,0.0,0.0
746.0,0.0,0.0,0.0,0.0,0.0,0.0
747.0,0.0,0.0,0.0,0.0,0.0,0.0
748.0,0.0,0.0,0.0,0.0,0.0,0.0
749.0,0.0,0.0,0.0,0.0,0.0,0.0
750.0,0.0,0.0,0.0,0.0,0.0,0.0
751.0,2.193267755501438e-05,3.0242765660659643e-06,2.841523200913798e-05,0.0,0.0,0.0018277231295845315
752.0,2.1949697838863358e-05,3.0242765660659643e-06,2.841523200913798e-05,0.0,0.0,0.0018291414865719464
753.0,1.7020955311863872e-08,0.0,0.0,0.0,0.0,1.4184129426553227e-06
754.0,0.0,0.0,0.0,0.0,0.0,0.0
755.0,0.0,0.0,0.0,0.0,0.0,0.0
756.0,0.0,0.0,0.0,0.0,0.0,0.0
757.0,0.0,0.0,0.0,0.0,0.0,0.0
758.0,0.0,0.0,0.0,0.0,0.0,0.0
759.0,0.0,0.0,0.0,0.0,0.0,0.0
760.0,1.7020774123466254e-07,0.0,0.0,0.0,0.0,1.4183978436221878e-05
761.0,1.7020774123466254e-07,0.0,0.0,0.0,0.0,1.4183978436221878e-05
762.0,0.0,0.0,0.0,0.0,0.0,0.0
763.0,0.0,0.0,0.0,0.0,0.0,0.0
764.0,0.0,0.0,0.0,0.0,0.0,0.0
765.0,0.0,0.0,0.0,0.0,0.0,0.0
766.0,0.0,0.0,0.0,0.0,0.0,0.0
767.0,0.0,0.0,0.0,0.0,0.0,0.0
768.0,1.7020774123466254e-07,0.0,0.0,0.0,0.0,1.4183978436221878e-05
769.0,0.00014173131785355508,0.0,0.0,0.0,0.003472222222222222,0.023148148148148147
770.0,0.0001518586213933304,0.0,0.0,0.0,0.006944444444444444,0.046296296296296294
771.0,0.000202699433430098,0.0,0.0,0.0,0.006944444444444444,0.046296296296296294
772.0,6.180213676998392e-05,0.0,0.0,0.0,0.0,0.005150178064165327
773.0,0.0002666462096385658,0.0,0.0,0.0,0.010416666666666666,0.06944444444444445
774.0,7.172519690357149e-05,0.0,0.0,0.0,0.0,0.005977099741964291
775.0,0.0001826660882215947,0.0,0.0,0.0,0.003472222222222222,0.023148148148148147
776.0,0.00017865918925963342,3.0242765660659643e-06,2.841523200913798e-05,0.0,0.0,0.014888265771636117
777.0,2.215394670201931e-05,3.0242765660659643e-06,2.841523200913798e-05,0.0,0.0,0.0018461622251682759
778.0,1.7020955311863872e-08,0.0,0.0,0.0,0.0,1.4184129426553227e-06
779.0,0.0001703601301414892,0.0,0.0,0.0,0.003472222222222222,0.023148148148148147
780.0,0.0,0.0,0.0,0.0,0.0,0.0
781.0,0.0,0.0,0.0,0.0,0.0,0.0
782.0,0.0,0.0,0.0,0.0,0.0,0.0
783.0,0.0,0.0,0.0,0.0,0.0,0.0
784.0,0.0,0.0,0.0,0.0,0.0,0.0
785.0,1.4978214721850236e-06,0.0,0.0,0.0,0.0,0.00012481845601541863
786.0,1.7020774123466254e-07,0.0,0.0,0.0,0.0,1.4183978436221878e-05
787.0,0.0,0.0,0.0,0.0,0.0,0.0
788.0,0.0,0.0,0.0,0.0,0.0,0.0
789.0,0.0,0.0,0.0,0.0,0.0,0.0
790.0,0.0,0.0,0.0,0.0,0.0,0.0
791.0,0.0,0.0,0.0,0.0,0.0,0.0
792.0,0.0,0.0,0.0,0.0,0.0,0.0
793.0,1.7020774123466254e-07,0.0,0.0,0.0,0.0,1.4183978436221878e-05
794.0,1.7020774123466254e-07,0.0,0.0,0.0,0.0,1.4183978436221878e-05
795.0,0.0,0.0,0.0,0.0,0.0,0.0
796.0,0.0,0.0,0.0,0.0,0.0,0.0
797.0,0.0,0.0,0.0,0.0,0.0,0.0
798.0,0.0,0.0,0.0,0.0,0.0,0.0
799.0,0.0,0.0,0.0,0.0,0.0,0.0
800.0,0.0,0.0,0.0,0.0,0.0,0.0
801.0,0.000199708083528094,3.395041130715981e-05,2.841523200913798e-05,3.589342668419704e-05,0.0,0.016642340294007834
802.0,0.06807374954223633,0.026916973292827606,2.841523200913798e-05,0.0007220815750770271,0.3506944444444444,5.672812461853027
803.0,1.5318522628149367e-07,0.0,0.0,0.0,0.0,1.2765435523457805e-05
804.0,0.0,0.0,0.0,0.0,0.0,0.0
805.0,0.0,0.0,0.0,0.0,0.0,0.0
806.0,0.0,0.0,0.0,0.0,0.0,0.0
807.0,0.0,0.0,0.0,0.0,0.0,0.0
808.0,0.0,0.0,0.0,0.0,0.0,0.0
809.0,0.0,0.0,0.0,0.0,0.0,0.0
810.0,0.0002871802425943315,0.000191077750059776,0.0,5.5163971410365775e-05,0.0,0.02393168688286096
811.0,0.0,0.0,0.0,0.0,0.0,0.0
812.0,0.0,0.0,0.0,0.0,0.0,0.0
813.0,0.0,0.0,0.0,0.0,0.0,0.0
814.0,0.0,0.0,0.0,0.0,0.0,0.0
815.0,0.0,0.0,0.0,0.0,0.0,0.0
816.0,0.0,0.0,0.0,0.0,0.0,0.0
817.0,0.0,0.0,0.0,0.0,0.0,0.0
818.0,1.7020619225149858e-07,0.0,0.0,0.0,0.0,1.4183849354291548e-05
819.0,1.7020619225149858e-07,0.0,0.0,0.0,0.0,1.4183849354291548e-05
820.0,0.0,0.0,0.0,0.0,0.0,0.0
821.0,0.0,0.0,0.0,0.0,0.0,0.0
822.0,0.0,0.0,0.0,0.0,0.0,0.0
823.0,0.0001810321118682623,0.0,0.0,0.0,0.005208333333333333,0.034722222222222224
824.0,5.366625191527419e-05,0.0,0.0,0.0,0.0,0.004472187659606182
825.0,6.341910193441436e-05,0.0,0.0,0.0,0.001736111111111111,0.011574074074074073
826.0,0.0002212790714111179,1.502054601587588e-05,2.841523200913798e-05,0.0,0.001736111111111111,0.018439922617593158
827.0,2.642614344949834e-05,1.502054601587588e-05,2.841523200913798e-05,0.0,0.0,0.0022021786207915284
828.0,0.0,0.0,0.0,0.0,0.0,0.0
829.0,0.0,0.0,0.0,0.0,0.0,0.0
830.0,8.294184954138473e-05,0.0,0.0,0.0,0.0,0.006911820795115394
831.0,0.00017403658421244472,0.0,0.0,0.0,0.003472222222222222,0.023148148148148147
832.0,0.0,0.0,0.0,0.0,0.0,0.0
833.0,0.0,0.0,0.0,0.0,0.0,0.0
834.0,0.0,0.0,0.0,0.0,0.0,0.0
835.0,0.0002948645851574838,0.0,0.0,0.0,0.006944444444444444,0.046296296296296294
836.0,0.00027406722074374557,0.0,0.0,0.0,0.001736111111111111,0.0228389350619788
837.0,1.3810608834319282e-07,0.0,0.0,0.0,0.0,1.1508840695266068e-05
838.0,0.0,0.0,0.0,0.0,0.0,0.0
839.0,0.00013138273789081722,0.0,0.0,0.0,0.001736111111111111,0.011574074074074073
840.0,0.00010372410906711593,0.0,0.0,0.0,0.001736111111111111,0.011574074074074073
841.0,0.0,0.0,0.0,0.0,0.0,0.0
842.0,0.0,0.0,0.0,0.0,0.0,0.0
843.0,5.530219277716242e-05,0.0,0.0,0.0,0.0,0.004608516064763535
844.0,0.00014852448657620698,0.0,0.0,0.0,0.001736111111111111,0.012377040548017249
845.0,3.892633321811445e-05,0.0,0.0,0.0,0.0,0.0032438611015095375
846.0,0.0,0.0,0.0,0.0,0.0,0.0
847.0,5.821076683787396e-06,0.0,0.0,0.0,0.0,0.00048508972364894965
848.0,0.00022337958216667175,0.0,0.0,0.0,0.001736111111111111,0.01861496518055598
849.0,0.00013631873298436403,0.0,0.0,0.0,0.001736111111111111,0.011574074074074073
850.0,0.00016938993940129876,0.0,0.0,0.0,0.0,0.014115828283441562
851.0,0.00018904186435975134,1.502054601587588e-05,2.841523200913798e-05,0.0,0.001736111111111111,0.015753488696645945
852.0,2.6970807084580883e-05,1.502054601587588e-05,2.841523200913798e-05,0.0,0.0,0.002247567257048407
853.0,0.0,0.0,0.0,0.0,0.0,0.0
854.0,0.0,0.0,0.0,0.0,0.0,0.0
855.0,0.0,0.0,0.0,0.0,0.0,0.0
856.0,0.0,0.0,0.0,0.0,0.0,0.0
857.0,0.0,0.0,0.0,0.0,0.0,0.0
858.0,0.0,0.0,0.0,0.0,0.0,0.0
859.0,0.0,0.0,0.0,0.0,0.0,0.0
860.0,7.773157267365605e-05,0.0,0.0,0.0,0.001736111111111111,0.011574074074074073
861.0,2.178649083361961e-06,0.0,0.0,0.0,0.0,0.00018155409028016342
862.0,0.0,0.0,0.0,0.0,0.0,0.0
863.0,0.0,0.0,0.0,0.0,0.0,0.0
864.0,0.0,0.0,0.0,0.0,0.0,0.0
865.0,0.00016146023699548095,5.502890871866839e-07,0.0,0.0,0.0,0.013455019749623412
866.0,0.00017859814397525042,0.0,0.0,0.0,0.003472222222222222,0.023148148148148147
867.0,0.000247412797762081,0.0,0.0,0.0,0.001736111111111111,0.020617733146840084
868.0,8.326524402946234e-05,5.502890871866839e-07,0.0,0.0,0.001736111111111111,0.011574074074074073
869.0,8.530771447112784e-05,0.0,0.0,0.0,0.001736111111111111,0.011574074074074073
870.0,0.00030868733301758766,0.0,0.0,0.0,0.001736111111111111,0.025723944418132305
871.0,0.00021920952713117003,0.0,0.0,0.0,0.0,0.01826746059426417
872.0,0.0001283530582441017,0.0,0.0,0.0,0.001736111111111111,0.011574074074074073
873.0,0.0,0.0,0.0,0.0,0.0,0.0
874.0,0.00027173536363989115,0.0,0.0,0.0,0.001736111111111111,0.022644613636657596
875.0,0.00014193558308761567,0.0,0.0,0.0,0.001736111111111111,0.011827965257301306
876.0,0.00017297433805651963,1.502054601587588e-05,2.841523200913798e-05,0.0,0.003472222222222222,0.023148148148148147
877.0,2.7736738047678955e-05,1.502054601587588e-05,2.841523200913798e-05,0.0,0.0,0.0023113948373065796
878.0,0.0,0.0,0.0,0.0,0.0,0.0
879.0,0.0,0.0,0.0,0.0,0.0,0.0
880.0,0.000243344868067652,0.0,0.0,0.0,0.006944444444444444,0.046296296296296294
881.0,0.0003343715507071465,0.0,0.0,0.0,0.006944444444444444,0.046296296296296294
882.0,0.00017919384117703885,0.0,0.0,0.0,0.013888888888888888,0.09259259259259259
883.0,0.000322729378240183,0.0,0.0,0.0,0.003472222222222222,0.026894114853348583
884.0,0.00017611311341170222,0.0,0.0,0.0,0.006944444444444444,0.046296296296296294
885.0,1.271447126782732e-05,0.0,0.0,0.0,0.0,0.0010595392723189434
886.0,0.0,0.0,0.0,0.0,0.0,0.0
887.0,0.0,0.0,0.0,0.0,0.0,0.0
888.0,0.0,0.0,0.0,0.0,0.0,0.0
889.0,0.0,0.0,0.0,0.0,0.0,0.0
890.0,0.0,0.0,0.0,0.0,0.0,0.0
891.0,0.0,0.0,0.0,0.0,0.0,0.0
892.0,0.0,0.0,0.0,0.0,0.0,0.0
893.0,0.00017907473375089467,0.0,0.0,0.0,0.003472222222222222,0.023148148148148147
894.0,0.00020736310398206115,0.0,0.0,0.0,0.003472222222222222,0.023148148148148147
895.0,0.0001263786543859169,0.0,0.0,0.0,0.0,0.01053155453215974
896.0,0.0,0.0,0.0,0.0,0.0,0.0
897.0,0.00012193625298095867,0.0,0.0,0.0,0.003472222222222222,0.023148148148148147
898.0,0.00022850281675346196,0.0,0.0,0.0,0.003472222222222222,0.023148148148148147
899.0,0.00012414893717505038,0.0,0.0,0.0,0.003472222222222222,0.023148148148148147
900.0,0.0002445362915750593,0.0,0.0,0.0,0.006944444444444444,0.046296296296296294
901.0,0.0002415847557131201,1.502054601587588e-05,2.841523200913798e-05,0.0,0.003472222222222222,0.023148148148148147
902.0,3.6076875403523445e-05,1.502054601587588e-05,2.841523200913798e-05,0.0,0.0,0.0030064062836269536
903.0,0.00016489648260176182,0.0,0.0,0.0,0.003472222222222222,0.023148148148148147
904.0,0.00023284307098947465,0.0,0.0,0.0,0.010416666666666666,0.06944444444444445
905.0,0.00025296155945397913,0.0,0.0,0.0,0.003472222222222222,0.023148148148148147
906.0,3.764977736864239e-05,0.0,0.0,0.0,0.0,0.003137481447386866
907.0,0.0002737097966019064,0.0,0.0,0.0023005784023553133,0.006944444444444444,0.28757230029441416
908.0,0.0002527573087718338,0.0,0.0,0.00265708495862782,0.003472222222222222,0.3321356198284775
909.0,0.00011574072414077818,0.0,0.0,0.0055007790215313435,0.003472222222222222,0.6875973776914179
910.0,1.2357035302557051e-05,0.0,0.0,0.00011697856825776398,0.0,0.014622321032220498
911.0,0.0,0.0,0.0,0.0,0.0,0.0
912.0,0.0,0.0,0.0,0.0,0.0,0.0
913.0,0.0,0.0,0.0,0.0,0.0,0.0
914.0,0.0,0.0,0.0,0.0,0.0,0.0
915.0,0.0,0.0,0.0,0.0,0.0,0.0
916.0,0.0,0.0,0.0,0.0,0.0,0.0
917.0,0.0,0.0,0.0,0.0,0.0,0.0
918.0,1.7020619225149858e-07,0.0,0.0,0.0,0.0,1.4183849354291548e-05
919.0,1.7020619225149858e-07,0.0,0.0,0.0,0.0,1.4183849354291548e-05
920.0,0.0,0.0,0.0,0.0,0.0,0.0
921.0,0.0,0.0,0.0,0.0,0.0,0.0
922.0,0.0,0.0,0.0,0.0,0.0,0.0
923.0,0.0,0.0,0.0,0.0,0.0,0.0
924.0,0.0,0.0,0.0,0.0,0.0,0.0
925.0,0.0,0.0,0.0,0.0,0.0,0.0
926.0,2.952391150756739e-05,1.502054601587588e-05,2.841523200913798e-05,5.570409484789707e-06,0.0,0.0024603259589639492
927.0,2.952391150756739e-05,1.502054601587588e-05,2.841523200913798e-05,5.570409484789707e-06,0.0,0.0024603259589639492
928.0,0.0,0.0,0.0,0.0,0.0,0.0
929.0,0.0,0.0,0.0,0.0,0.0,0.0
930.0,0.0,0.0,0.0,0.0,0.0,0.0
931.0,0.0,0.0,0.0,0.0,0.0,0.0
932.0,0.0,0.0,0.0,0.0,0.0,0.0
933.0,0.0,0.0,0.0,0.0,0.0,0.0
934.0,0.0,0.0,0.0,0.0,0.0,0.0
935.0,0.0,0.0,0.0,0.0,0.0,0.0
936.0,0.0,0.0,0.0,0.0,0.0,0.0
937.0,0.0,0.0,0.0,0.0,0.0,0.0
938.0,0.0,0.0,0.0,0.0,0.0,0.0
939.0,0.0,0.0,0.0,0.0,0.0,0.0
940.0,0.0,0.0,0.0,0.0,0.0,0.0
941.0,0.0,0.0,0.0,0.0,0.0,0.0
942.0,0.0,0.0,0.0,0.0,0.0,0.0
943.0,1.7020619225149858e-07,0.0,0.0,0.0,0.0,1.4183849354291548e-05
944.0,1.7020619225149858e-07,0.0,0.0,0.0,0.0,1.4183849354291548e-05
945.0,0.0,0.0,0.0,0.0,0.0,0.0
946.0,0.0,0.0,0.0,0.0,0.0,0.0
947.0,0.0,0.0,0.0,0.0,0.0,0.0
948.0,0.0,0.0,0.0,0.0,0.0,0.0
949.0,0.0,0.0,0.0,0.0,0.0,0.0
950.0,0.0,0.0,0.0,0.0,0.0,0.0
951.0,2.952391150756739e-05,1.502054601587588e-05,2.841523200913798e-05,5.570409484789707e-06,0.0,0.0024603259589639492
952.0,2.952391150756739e-05,1.502054601587588e-05,2.841523200913798e-05,5.570409484789707e-06,0.0,0.0024603259589639492
953.0,0.0,0.0,0.0,0.0,0.0,0.0
954.0,0.0,0.0,0.0,0.0,0.0,0.0
955.0,0.0,0.0,0.0,0.0,0.0,0.0
956.0,0.00010983453830704093,0.0,0.0,0.0,0.003472222222222222,0.023148148148148147
957.0,9.952000254997984e-05,0.0,0.0,0.0,0.0,0.008293333545831652
958.0,0.0,0.0,0.0,0.0,0.0,0.0
959.0,0.0,0.0,0.0,0.0,0.0,0.0
960.0,1.9267428797320463e-05,0.0,0.0,0.0,0.0,0.0016056190664433718
961.0,1.53186007878503e-07,0.0,0.0,0.0,0.0,1.2765500656541917e-05
962.0,0.0,0.0,0.0,0.0,0.0,0.0
963.0,0.0,0.0,0.0,0.0,0.0,0.0
964.0,0.0,0.0,0.0,0.0,0.0,0.0
965.0,0.0,0.0,0.0,0.0,0.0,0.0
966.0,2.2875816284795292e-05,0.0,0.0,0.0,0.0,0.001906318023732941
967.0,0.00015240329958032817,0.0,0.0,0.0,0.0,0.012700274965027347
968.0,5.276420779409818e-06,0.0,0.0,0.0,0.0,0.0004397017316174848
969.0,3.404124981898349e-07,0.0,0.0,0.0,0.0,2.836770818248624e-05
970.0,2.2126801013655495e-07,0.0,0.0,0.0,0.0,1.843900084471291e-05
971.0,0.0,0.0,0.0,0.0,0.0,0.0
972.0,0.0,0.0,0.0,0.0,0.0,0.0
973.0,8.25333409011364e-05,0.0,0.0,0.0,0.003472222222222222,0.023148148148148147
974.0,0.00015488830104004592,0.0,0.0,0.0,0.003472222222222222,0.023148148148148147
975.0,0.0002166734338970855,0.0,0.0,0.0,0.0,0.01805611949142379
976.0,0.00018444625311531126,1.502054601587588e-05,2.841523200913798e-05,5.570409484789707e-06,0.003472222222222222,0.023148148148148147
977.0,0.0001187103844131343,1.502054601587588e-05,2.841523200913798e-05,5.570409484789707e-06,0.0,0.009892532034427859
978.0,0.0002549208584241569,0.0,0.0,8.35561422718456e-06,0.003472222222222222,0.023148148148148147
979.0,3.812635623035021e-05,0.0,0.0,0.0,0.0,0.0031771963525291844
980.0,0.0,0.0,0.0,0.0,0.0,0.0
981.0,0.0,0.0,0.0,0.0,0.0,0.0
982.0,0.0,0.0,0.0,0.0,0.0,0.0
983.0,0.0,0.0,0.0,0.0,0.0,0.0
984.0,0.0,0.0,0.0,0.0,0.0,0.0
985.0,5.057086127635557e-06,0.0,0.0,8.35561422718456e-06,0.0,0.00104445177839807
986.0,0.00011209829244762659,0.0,0.0,0.0,0.0,0.009341524370635549
987.0,2.2126801013655495e-07,0.0,0.0,0.0,0.0,1.843900084471291e-05
988.0,0.00012579993926919997,0.0,0.0,0.0,0.0,0.010483328272433331
989.0,1.0263480362482369e-05,0.0,0.0,0.0,0.0,0.0008552900302068641
990.0,0.0,0.0,0.0,0.0,0.0,0.0
991.0,0.0,0.0,0.0,0.0,0.0,0.0
992.0,0.0,0.0,0.0,0.0,0.0,0.0
993.0,4.987066404282814e-06,0.0,0.0,0.0,0.0,0.00041558886702356784
994.0,6.297642016761529e-07,0.0,0.0,0.0,0.0,5.248035013967941e-05
995.0,2.2126801013655495e-07,0.0,0.0,0.0,0.0,1.843900084471291e-05
996.0,0.0,0.0,0.0,0.0,0.0,0.0
997.0,0.0,0.0,0.0,0.0,0.0,0.0
998.0,0.0,0.0,0.0,0.0,0.0,0.0
999.0,0.0,0.0,0.0,0.0,0.0,0.0
1000.0,0.0,0.0,0.0,0.0,0.0,0.0
1001.0,3.0117680580588058e-05,1.502054601587588e-05,2.841523200913798e-05,5.570409484789707e-06,0.0,0.0025098067150490047
1002.0,3.0032579161343165e-05,1.502054601587588e-05,2.841523200913798e-05,5.570409484789707e-06,0.0,0.0025027149301119303
1003.0,2.2126828014279454e-07,0.0,0.0,0.0,0.0,1.843902334523288e-05
1004.0,0.0,0.0,0.0,0.0,0.0,0.0
1005.0,0.0,0.0,0.0,0.0,0.0,0.0
1006.0,0.0,0.0,0.0,0.0,0.0,0.0
1007.0,0.0,0.0,0.0,0.0,0.0,0.0
1008.0,0.0,0.0,0.0,0.0,0.0,0.0
1009.0,0.0,0.0,0.0,0.0,0.0,0.0
1010.0,1.53186007878503e-07,0.0,0.0,0.0,0.0,1.2765500656541917e-05
1011.0,1.53186007878503e-07,0.0,0.0,0.0,0.0,1.2765500656541917e-05
1012.0,0.0,0.0,0.0,0.0,0.0,0.0
1013.0,0.0,0.0,0.0,0.0,0.0,0.0
1014.0,0.0,0.0,0.0,0.0,0.0,0.0
1015.0,0.0,0.0,0.0,0.0,0.0,0.0
1016.0,0.0,0.0,0.0,0.0,0.0,0.0
1017.0,0.0,0.0,0.0,0.0,0.0,0.0
1018.0,5.10620907334669e-07,0.0,0.0,0.0,0.0,4.255174227788908e-05
1019.0,6.297642016761529e-07,0.0,0.0,0.0,0.0,5.248035013967941e-05
1020.0,2.2126801013655495e-07,0.0,0.0,0.0,0.0,1.843900084471291e-05
1021.0,0.0,0.0,0.0,0.0,0.0,0.0
1022.0,0.0,0.0,0.0,0.0,0.0,0.0
1023.0,0.0,0.0,0.0,0.0,0.0,0.0
1024.0,0.0,0.0,0.0,0.0,0.0,0.0
1025.0,0.0,0.0,0.0,0.0,0.0,0.0
1026.0,3.0117680580588058e-05,1.502054601587588e-05,2.841523200913798e-05,5.570409484789707e-06,0.0,0.0025098067150490047
1027.0,3.0032579161343165e-05,1.502054601587588e-05,2.841523200913798e-05,5.570409484789707e-06,0.0,0.0025027149301119303
1028.0,2.2126828014279454e-07,0.0,0.0,0.0,0.0,1.843902334523288e-05
1029.0,0.0,0.0,0.0,0.0,0.0,0.0
1030.0,0.00010195394861511886,0.0,0.0,0.0,0.003472222222222222,0.023148148148148147
1031.0,5.1149130740668625e-05,0.0,0.0,0.0,0.0,0.004262427561722386
1032.0,0.0,0.0,0.0,0.0,0.0,0.0
1033.0,0.0,0.0,0.0,0.0,0.0,0.0
1034.0,0.0,0.0,0.0,0.0,0.0,0.0
1035.0,2.6367039026808925e-05,0.0,0.0,0.0,0.0,0.002197253252234077
1036.0,9.18777150218375e-05,0.0,0.0,0.0,0.0,0.007656476251819791
1037.0,4.275597893865779e-05,0.0,0.0,0.0,0.0,0.003562998244888149
1038.0,2.0424731417278963e-07,0.0,0.0,0.0,0.0,1.7020609514399137e-05
1039.0,0.0,0.0,0.0,0.0,0.0,0.0
1040.0,4.25857724621892e-05,0.0,0.0,0.0,0.003472222222222222,0.023148148148148147
1041.0,4.229642581776716e-05,0.0,0.0,0.0,0.0,0.0035247021514805965
1042.0,0.00018409581389278173,0.0,0.0,0.0,0.003472222222222222,0.023148148148148147
1043.0,0.00019239996618125588,0.0,0.0,0.0,0.0,0.016033330515104655
1044.0,0.00013323799066711217,0.0,0.0,0.0,0.003472222222222222,0.023148148148148147
1045.0,9.873703675111756e-05,0.0,0.0,0.0,0.0,0.008228086395926463
1046.0,0.00016280292766168714,0.0,0.0,0.0,0.006944444444444444,0.046296296296296294
1047.0,0.0002229370438726619,0.0,0.0,0.0,0.003472222222222222,0.023148148148148147
1048.0,0.00018668296979740262,0.0,0.0,0.0,0.006944444444444444,0.046296296296296294
1049.0,0.00027457778924144804,0.0,0.0,8.35561422718456e-06,0.003472222222222222,0.023148148148148147
1050.0,9.623499499866739e-05,0.0,0.0,0.0,0.003472222222222222,0.023148148148148147
1051.0,0.0003388410259503871,1.502054601587588e-05,2.841523200913798e-05,2.7852047423948534e-06,0.010416666666666666,0.06944444444444445
1052.0,0.0001641065173316747,1.502054601587588e-05,2.841523200913798e-05,5.570409484789707e-06,0.0,0.01367554311097289
1053.0,0.000515369581989944,0.0,0.0,0.0,0.0,0.04294746516582867
1054.0,9.187770046992227e-05,0.0,0.0,0.0,0.0,0.007656475039160189
1055.0,0.0,0.0,0.0,0.0,0.0,0.0
1056.0,0.0,0.0,0.0,0.0,0.0,0.0
1057.0,0.0,0.0,0.0,0.0,0.0,0.0
1058.0,0.0,0.0,0.0,0.0,0.0,0.0
1059.0,8.552898361813277e-05,9.740085806697607e-05,0.0,0.0,0.003472222222222222,0.023148148148148147
1060.0,0.0001737131824484095,7.373846528935246e-06,0.0,0.0,0.0,0.014476098537367458
1061.0,1.53186007878503e-07,0.0,0.0,0.0,0.0,1.2765500656541917e-05
1062.0,0.0,0.0,0.0,0.0,0.0,0.0
1063.0,0.0,0.0,0.0,0.0,0.0,0.0
1064.0,0.0,0.0,0.0,0.0,0.0,0.0
1065.0,0.0,0.0,0.0,0.0,0.0,0.0
1066.0,0.0,0.0,0.0,0.0,0.0,0.0
1067.0,0.0,0.0,0.0,0.0,0.0,0.0
1068.0,1.1267696208960842e-05,3.301757942608674e-07,0.0,0.0,0.0,0.0009389746840800701
1069.0,3.404124981898349e-07,0.0,0.0,0.0,0.0,2.836770818248624e-05
1070.0,2.2126801013655495e-07,0.0,0.0,0.0,0.0,1.843900084471291e-05
1071.0,0.0,0.0,0.0,0.0,0.0,0.0
1072.0,0.0,0.0,0.0,0.0,0.0,0.0
1073.0,9.700092778075486e-05,0.0,0.0,0.0,0.003472222222222222,0.023148148148148147
1074.0,0.00012074480764567852,0.0,0.0,0.0,0.0,0.010062067303806543
1075.0,0.0,0.0,0.0,0.0,0.0,0.0
1076.0,3.4000342566287145e-05,1.502054601587588e-05,2.841523200913798e-05,5.570409484789707e-06,0.0,0.002833361880523929
1077.0,3.170254785800353e-05,1.502054601587588e-05,2.841523200913798e-05,5.570409484789707e-06,0.0,0.0026418789881669604
1078.0,2.2126828014279454e-07,0.0,0.0,0.0,0.0,1.843902334523288e-05
1079.0,0.0,0.0,0.0,0.0,0.0,0.0
1080.0,0.0,0.0,0.0,0.0,0.0,0.0
1081.0,0.0,0.0,0.0,0.0,0.0,0.0
1082.0,0.0,0.0,0.0,0.0,0.0,0.0
1083.0,0.0,0.0,0.0,0.0,0.0,0.0
1084.0,0.0,0.0,0.0,0.0,0.0,0.0
1085.0,1.53186007878503e-07,0.0,0.0,0.0,0.0,1.2765500656541917e-05
1086.0,1.53186007878503e-07,0.0,0.0,0.0,0.0,1.2765500656541917e-05
1087.0,0.0,0.0,0.0,0.0,0.0,0.0
1088.0,0.0,0.0,0.0,0.0,0.0,0.0
1089.0,0.00012705946573987603,0.0006683790124952793,0.0,0.0,0.006944444444444444,0.046296296296296294
1090.0,0.00010576658678473905,0.0,0.0,0.0,0.003472222222222222,0.023148148148148147
1091.0,6.787852908018976e-05,0.0,0.0,0.0,0.003472222222222222,0.023148148148148147
1092.0,2.52587105933344e-05,0.0,0.0,0.0,0.0,0.0021048925494445334
1093.0,0.0001190767579828389,5.612932000076398e-06,0.0,0.0,0.003472222222222222,0.023148148148148147
1094.0,0.00017323468637187034,0.0,0.0,0.0,0.003472222222222222,0.023148148148148147
1095.0,0.00013434629363473505,0.0,0.0,0.0,0.003472222222222222,0.023148148148148147
1096.0,0.00017087074229493737,0.0,0.0,0.0,0.003472222222222222,0.023148148148148147
1097.0,0.0,0.0,0.0,0.0,0.0,0.0
1098.0,0.0,0.0,0.0,0.0,0.0,0.0
1099.0,0.0,0.0,0.0,0.0,0.0,0.0
1100.0,0.0,0.0,0.0,0.0,0.0,0.0
1101.0,3.733640187419951e-05,1.502054601587588e-05,2.841523200913798e-05,5.570409484789707e-06,0.0,0.003111366822849959
1102.0,3.241741796955466e-05,1.502054601587588e-05,2.841523200913798e-05,5.570409484789707e-06,0.0,0.0027014514974628887
1103.0,2.2126828014279454e-07,0.0,0.0,0.0,0.0,1.843902334523288e-05
1104.0,0.0,0.0,0.0,0.0,0.0,0.0
1105.0,0.0,0.0,0.0,0.0,0.0,0.0
1106.0,0.0,0.0,0.0,0.0,0.0,0.0
1107.0,0.0,0.0,0.0,0.0,0.0,0.0
1108.0,0.0,0.0,0.0,0.0,0.0,0.0
1109.0,8.646512287668884e-05,0.0,0.0,0.0,0.0,0.007205426906390736
1110.0,0.00010522193042561412,0.0,0.0,0.0,0.0,0.00876849420213451
1111.0,0.0001596351503394544,0.0,0.0,0.0,0.0,0.013302929194954535
1112.0,9.448188211536035e-05,0.0,0.0,0.0,0.0,0.007873490176280029
1113.0,0.00014113560609985143,0.0,0.0,0.0,0.0,0.011761300508320952
1114.0,0.0,0.0,0.0,0.0,0.0,0.0
1115.0,0.0,0.0,0.0,0.0,0.0,0.0
1116.0,0.0,0.0,0.0,0.0,0.0,0.0
1117.0,0.0,0.0,0.0,0.0,0.0,0.0
1118.0,1.077216711564688e-05,0.0,0.0,0.0,0.0,0.0008976805929705733
1119.0,3.404124981898349e-07,0.0,0.0,0.0,0.0,2.836770818248624e-05
1120.0,0.0001341060415143147,0.0,0.0,0.0,0.0,0.011175503459526226
1121.0,0.0001264467282453552,0.0,0.0,0.0,0.0,0.010537227353779599
1122.0,6.825298896728782e-06,0.0,0.0,0.0,0.0,0.0005687749080607318
1123.0,0.0,0.0,0.0,0.0,0.0,0.0
1124.0,0.000111928085971158,0.0,0.0,0.0,0.0,0.0093273404975965
1125.0,0.0,0.0,0.0,0.0,0.0,0.0
1126.0,4.240856651449576e-05,1.502054601587588e-05,2.841523200913798e-05,5.570409484789707e-06,0.0,0.0035340472095413134
1127.0,3.343865682836622e-05,1.502054601587588e-05,2.841523200913798e-05,5.570409484789707e-06,0.0,0.002786554735697185
1128.0,2.2126828014279454e-07,0.0,0.0,0.0,0.0,1.843902334523288e-05
1129.0,0.0,0.0,0.0,0.0,0.0,0.0
1130.0,0.0,0.0,0.0,0.0,0.0,0.0
1131.0,0.0,0.0,0.0,0.0,0.0,0.0
1132.0,0.0,0.0,0.0,0.0,0.0,0.0
1133.0,0.0,0.0,0.0,0.0,0.0,0.0
1134.0,0.0,0.0,0.0,0.0,0.0,0.0
1135.0,1.53186007878503e-07,0.0,0.0,0.0,0.0,1.2765500656541917e-05
1136.0,1.53186007878503e-07,0.0,0.0,0.0,0.0,1.2765500656541917e-05
1137.0,0.0,0.0,0.0,0.0,0.0,0.0
1138.0,0.0,0.0,0.0,0.0,0.0,0.0
1139.0,0.0,0.0,0.0,0.0,0.0,0.0
1140.0,0.0,0.0,0.0,0.0,0.0,0.0
1141.0,0.0,0.0,0.0,0.0,0.0,0.0
1142.0,0.0,0.0,0.0,0.0,0.0,0.0
1143.0,2.212691754266416e-07,0.0,0.0,0.0,0.0,1.8439097952220134e-05
1144.0,3.404124981898349e-07,0.0,0.0,0.0,0.0,2.836770818248624e-05
1145.0,2.2126801013655495e-07,0.0,0.0,0.0,0.0,1.843900084471291e-05
1146.0,0.0,0.0,0.0,0.0,0.0,0.0
1147.0,0.014925411902368069,0.0007746945484541357,0.0,0.010480724275112152,0.140625,1.310090534389019
1148.0,0.0,0.0,0.0,0.0,0.0,0.0
1149.0,0.0,0.0,0.0,0.0,0.0,0.0
1150.0,0.0,0.0,0.0,0.0,0.0,0.0
1151.0,6.15398894296959e-05,1.502054601587588e-05,2.841523200913798e-05,0.0,0.001736111111111111,0.011574074074074073
1152.0,2.6187855837633833e-05,1.502054601587588e-05,2.841523200913798e-05,0.0,0.0,0.0021823213198028193
1153.0,0.0,0.0,0.0,0.0,0.0,0.0
1154.0,6.268722063396126e-05,0.0,0.0,0.0,0.0,0.005223935052830105
1155.0,0.00012838710972573608,0.0,0.0,0.0,0.001736111111111111,0.011574074074074073
1156.0,0.0,0.0,0.0,0.0,0.0,0.0
1157.0,0.0,0.0,0.0,0.0,0.0,0.0
1158.0,0.0,0.0,0.0,0.0,0.0,0.0
1159.0,6.476373528130352e-05,0.0,0.0,0.0,0.001736111111111111,0.011574074074074073
1160.0,0.00010918775660684332,0.0,0.0,0.0,0.0,0.009098979717236944
1161.0,0.0002117053372785449,0.0,0.0,0.0,0.003472222222222222,0.023148148148148147
1162.0,0.00014004626427777112,0.0,0.0,0.0,0.003472222222222222,0.023148148148148147
1163.0,0.00012808073370251805,0.0,0.0,0.0,0.0,0.010673394475209838
1164.0,0.00027369277086108923,0.0,0.0,0.0,0.003472222222222222,0.023148148148148147
1165.0,0.0002571126678958535,0.0,0.0,0.0,0.006944444444444444,0.046296296296296294
1166.0,0.0002059504040516913,0.0,0.0,0.0,0.001736111111111111,0.017162533670974273
1167.0,0.0,0.0,0.0,0.0,0.0,0.0
1168.0,1.4263358025345951e-05,0.0,0.0,0.0,0.0,0.0011886131687788293
1169.0,4.935985202791926e-07,0.0,0.0,0.0,0.0,4.113321002326605e-05
1170.0,2.7232985644332075e-07,0.0,0.0,0.0,0.0,2.2694154703610064e-05
1171.0,0.0,0.0,0.0,0.0,0.0,0.0
1172.0,0.0,0.0,0.0,0.0,0.0,0.0
1173.0,0.0,0.0,0.0,0.0,0.0,0.0
1174.0,0.0,0.0,0.0,0.0,0.0,0.0
1175.0,9.351170592708513e-05,0.0,0.0,0.0,0.0,0.007792642160590427
1176.0,0.00021889616618864238,1.502054601587588e-05,2.841523200913798e-05,0.0,0.0,0.018241347182386864
1177.0,0.00021416442177724093,1.502054601587588e-05,2.841523200913798e-05,0.0,0.0,0.017847035148103412
1178.0,8.173337118932977e-05,0.0,0.0,0.0,0.0,0.006811114265777481
1179.0,0.0,0.0,0.0,0.0,0.0,0.0
1180.0,0.0,0.0,0.0,0.0,0.0,0.0
1181.0,7.798882870702073e-05,0.0,0.0,0.0,0.0,0.006499069058918394
1182.0,0.00012197031173855066,0.0,0.0,0.0,0.0,0.010164192644879222
1183.0,0.00017781519272830337,0.0,0.0,0.0,0.0,0.014817932727358613
1184.0,0.00019641881226561964,0.0,0.0,0.0,0.001736111111111111,0.016368234355468303
1185.0,0.00016031791165005416,0.0,0.0,0.0,0.001736111111111111,0.013359825970837846
1186.0,0.00016300719289574772,0.0,0.0,0.0,0.0,0.01358393274131231
1187.0,4.084967031303677e-07,0.0,0.0,0.0,0.0,3.404139192753064e-05
1188.0,0.00010035401646746323,0.0006488988292403519,0.0,0.0,0.0,0.016222470731008798
1189.0,0.00023651955416426063,0.0014997533289715648,0.0,0.0,0.0,0.03749383322428912
1190.0,7.572506001451984e-05,0.0004894256126135588,0.0,0.0,0.0,0.01223564031533897
1191.0,0.00018741487292572856,0.0,0.0,0.0,0.0,0.015617906077144045
1192.0,0.00012118734593968838,0.000783609168138355,0.0,0.0,0.003472222222222222,0.023148148148148147
1193.0,0.00018494682444725186,0.0011372239096090198,0.0,0.0,0.0,0.028430597740225494
1194.0,0.0003506073262542486,0.0022484741639345884,0.0,0.0,0.005208333333333333,0.05621185409836471
1195.0,2.4679998205101583e-06,3.3016911515915126e-07,0.0,0.0,0.0,0.00020566665170917986
1196.0,0.0,0.0,0.0,0.0,0.0,0.0
1197.0,0.0,0.0,0.0,0.0,0.0,0.0
1198.0,0.0,0.0,0.0,0.0,0.0,0.0
1199.0,0.0,0.0,0.0,0.0,0.0,0.0
1200.0,0.0,0.0,0.0,0.0,0.0,0.0
1201.0,3.1275092624127865e-05,3.868288695230149e-05,2.841523200913798e-05,0.0,0.0,0.002606257718677322
1202.0,2.7668644179357216e-05,1.8322260075365193e-05,2.841523200913798e-05,0.0,0.0,0.002305720348279768
1203.0,0.0001667006581556052,0.0,0.0,0.0,0.003472222222222222,0.023148148148148147
1204.0,0.0,0.0,0.0,0.0,0.0,0.0
1205.0,0.0,0.0,0.0,0.0,0.0,0.0
1206.0,0.0,0.0,0.0,0.0,0.0,0.0
1207.0,0.0,0.0,0.0,0.0,0.0,0.0
1208.0,0.0,0.0,0.0,0.0,0.0,0.0
1209.0,0.0,0.0,0.0,0.0,0.0,0.0
1210.0,1.2544261153379921e-05,0.0,0.0,0.0,0.0,0.0010453550961149933
1211.0,1.53186007878503e-07,0.0,0.0,0.0,0.0,1.2765500656541917e-05
1212.0,0.0,0.0,0.0,0.0,0.0,0.0
1213.0,0.004407014697790146,0.006784053053706884,0.0,0.0,0.03819444444444445,0.3672512248158455
1214.0,0.0,0.0,0.0,0.0,0.0,0.0
1215.0,5.480663094203919e-05,0.0,0.0,0.0,0.001736111111111111,0.011574074074074073
1216.0,0.00015204584633465856,0.0,0.0,0.0,0.0,0.01267048719455488
1217.0,0.0001755343982949853,0.0,0.0,0.0,0.001736111111111111,0.014627866524582107
1218.0,0.00018755104974843562,0.0,0.0,0.0,0.0,0.01562925414570297
1219.0,0.00014574821398127824,0.0,0.0,0.0,0.001736111111111111,0.012145684498439854
1220.0,1.3327206033864059e-05,0.0,0.0,0.0,0.0,0.001110600502822005
1221.0,0.00023207716003526002,0.0,0.0,0.0,0.003472222222222222,0.023148148148148147
1222.0,0.00010768992797238752,0.0,0.0,0.0,0.0,0.008974160664365627
1223.0,0.00021151617693249136,0.0,0.0,0.0,0.0,0.017626348077707615
1224.0,0.00022666457516606897,0.0,0.0,0.0,0.0,0.018888714597172413
1225.0,8.500135299982503e-05,0.0,0.0,0.0,0.0,0.007083446083318752
1226.0,3.942994953831658e-05,1.502054601587588e-05,2.841523200913798e-05,0.0,0.0,0.0032858291281930483
1227.0,2.717505230975803e-05,1.502054601587588e-05,2.841523200913798e-05,0.0,0.0,0.002264587692479836
1228.0,4.884941517957486e-06,0.0,0.0,0.0,0.0,0.0004070784598297905
1229.0,3.999863110948354e-05,0.0,0.0,0.0,0.0,0.0033332192591236285
1230.0,9.887322084978223e-05,0.0,0.0,0.0,0.0,0.008239435070815185
1231.0,0.0,0.0,0.0,0.0,0.0,0.0
1232.0,0.00011192810052307323,0.0,0.0,0.0,0.0,0.009327341710256102
1233.0,7.301876848941902e-06,0.0,0.0,0.0,0.0,0.0006084897374118251
1234.0,0.00010860905604204163,0.0,0.0,0.0,0.0,0.009050754670170136
1235.0,0.00010976647172356024,0.0,0.0,0.0,0.0,0.009147205976963354
1236.0,4.782815813086927e-05,0.0,0.0,0.0,0.0,0.0039856798442391055
1237.0,3.06371617853074e-07,0.0,0.0,0.0,0.0,2.5530968154422833e-05
1238.0,2.723297143347736e-07,0.0,0.0,0.0,0.0,2.2694142861231132e-05
1239.0,1.7020566644987412e-07,0.0,0.0,0.0,0.0,1.4183805537489509e-05
1240.0,0.0,0.0,0.0,0.0,0.0,0.0
1241.0,0.0,0.0,0.0,0.0,0.0,0.0
1242.0,0.0,0.0,0.0,0.0,0.0,0.0
1243.0,2.6211869226244744e-06,0.0,0.0,0.0,0.0,0.00021843224355203952
1244.0,1.5318549628773326e-07,0.0,0.0,0.0,0.0,1.2765458023977772e-05
1245.0,0.0,0.0,0.0,0.0,0.0,0.0
1246.0,0.0,0.0,0.0,0.0,0.0,0.0
1247.0,0.0,0.0,0.0,0.0,0.0,0.0
1248.0,0.0,0.0,0.0,0.0,0.0,0.0
1249.0,0.0,0.0,0.0,0.0,0.0,0.0
1250.0,0.0,0.0,0.0,0.0,0.0,0.0
1251.0,2.6306994186597876e-05,1.502054601587588e-05,2.841523200913798e-05,0.0,0.0,0.002192249515549823
1252.0,2.6306994186597876e-05,1.502054601587588e-05,2.841523200913798e-05,0.0,0.0,0.002192249515549823
1253.0,0.0,0.0,0.0,0.0,0.0,0.0
1254.0,0.0,0.0,0.0,0.0,0.0,0.0
1255.0,0.0,0.0,0.0,0.0,0.0,0.0
1256.0,0.0,0.0,0.0,0.0,0.0,0.0
1257.0,0.0,0.0,0.0,0.0,0.0,0.0
1258.0,0.0,0.0,0.0,0.0,0.0,0.0
1259.0,0.0,0.0,0.0,0.0,0.0,0.0
1260.0,0.0,0.0,0.0,0.0,0.0,0.0
1261.0,0.0,0.0,0.0,0.0,0.0,0.0
1262.0,0.0,0.0,0.0,0.0,0.0,0.0
1263.0,0.0,0.0,0.0,0.0,0.0,0.0
1264.0,0.0,0.0,0.0,0.0,0.0,0.0
1265.0,0.0,0.0,0.0,0.0,0.0,0.0
1266.0,0.0,0.0,0.0,0.0,0.0,0.0
1267.0,0.0,0.0,0.0,0.0,0.0,0.0
1268.0,1.5318549628773326e-07,0.0,0.0,0.0,0.0,1.2765458023977772e-05
1269.0,1.5318549628773326e-07,0.0,0.0,0.0,0.0,1.2765458023977772e-05
1270.0,0.0,0.0,0.0,0.0,0.0,0.0
1271.0,0.0,0.0,0.0,0.0,0.0,0.0
1272.0,6.371858762577176e-05,0.0,0.0,0.0,0.003472222222222222,0.023148148148148147
1273.0,0.0,0.0,0.0,0.0,0.0,0.0
1274.0,0.0,0.0,0.0,0.0,0.0,0.0
1275.0,0.0,0.0,0.0,0.0,0.0,0.0
1276.0,3.0692212021676823e-05,1.502054601587588e-05,2.841523200913798e-05,0.0,0.0,0.002557684335139735
1277.0,0.00010180943354498595,1.502054601587588e-05,2.841523200913798e-05,0.0,0.0,0.008484119462082162
1278.0,6.311599281616509e-05,0.0,0.0,0.0,0.001736111111111111,0.011574074074074073
1279.0,5.4795829782960936e-05,0.0,0.0,0.0,0.0,0.004566319148580078
1280.0,8.762589277466759e-05,0.0,0.0,0.0,0.0,0.007302157731222299
1281.0,0.00012305944983381778,0.0,0.0,0.0,0.003472222222222222,0.023148148148148147
1282.0,4.1042501834454015e-05,0.0,0.0,0.0,0.0,0.0034202084862045012
1283.0,0.0,0.0,0.0,0.0,0.0,0.0
1284.0,0.0,0.0,0.0,0.0,0.0,0.0
1285.0,1.9938386685680598e-05,0.0,0.0,0.0,0.0,0.0016615322238067165
1286.0,2.9275586257426767e-06,1.4307489664133755e-06,0.0,0.0,0.0,0.0002439632188118897
1287.0,4.3283616832923144e-05,0.00027393305208534,0.0,0.0,0.001736111111111111,0.011574074074074073
1288.0,0.0,0.0,0.0,0.0,0.0,0.0
1289.0,4.229642217978835e-05,0.00027349282754585147,0.0,0.0,0.001736111111111111,0.011574074074074073
1290.0,0.00010807025682879612,0.0,0.0,0.0,0.001736111111111111,0.011574074074074073
1291.0,0.00014373516023624688,0.0,0.0,0.0,0.003472222222222222,0.023148148148148147
1292.0,0.00019442499615252018,0.0,0.0,0.0,0.0,0.016202083012710016
1293.0,7.569377339677885e-05,1.210632376569265e-06,0.0,0.0,0.003472222222222222,0.023148148148148147
1294.0,1.5318549628773326e-07,0.0,0.0,0.0,0.0,1.2765458023977772e-05
1295.0,0.0,0.0,0.0,0.0,0.0,0.0
1296.0,0.0,0.0,0.0,0.0,0.0,0.0
1297.0,0.0,0.0,0.0,0.0,0.0,0.0
1298.0,0.0,0.0,0.0,0.0,0.0,0.0
1299.0,0.0,0.0,0.0,0.0,0.0,0.0
1300.0,6.508075603051111e-05,0.0,0.0,0.0,0.0,0.005423396335875926
1301.0,0.00014686034410260618,1.502054601587588e-05,2.841523200913798e-05,0.0,0.003472222222222222,0.023148148148148147
1302.0,0.0001364335184916854,1.502054601587588e-05,2.841523200913798e-05,0.0,0.0,0.011369459874307116
1303.0,8.008256554603577e-05,0.0,0.0,0.0,0.0,0.006673547128836314
1304.0,0.00014040774840395898,0.0,0.0,0.0,0.0,0.011700645700329915
1305.0,2.8415763154043816e-05,0.0,0.0,0.0,0.0,0.002367980262836985
1306.0,4.08522282668855e-06,0.0,0.0,0.0,0.001736111111111111,0.011574074074074073
1307.0,6.661161023657769e-05,0.0,0.0,0.0,0.001736111111111111,0.011574074074074073
1308.0,0.00012240861542522907,0.0,0.0,0.0,0.003472222222222222,0.023148148148148147
1309.0,0.00010474309237906709,0.0,0.0,0.0,0.0,0.008728591031588925
1310.0,2.3089622118277475e-05,0.0,0.0,0.0,0.0,0.001924135176523123
1311.0,0.0,0.0,0.0,0.0,0.0,0.0
1312.0,0.0,0.0,0.0,0.0,0.0,0.0
1313.0,0.0,0.0,0.0,0.0,0.0,0.0
1314.0,0.00017658968863543123,0.0,0.0,0.0,0.006944444444444444,0.046296296296296294
1315.0,0.0,0.0,0.0,0.0,0.0,0.0
1316.0,0.0,0.0,0.0,0.0,0.0,0.0
1317.0,0.00017658968863543123,0.0,0.0,0.0,0.006944444444444444,0.046296296296296294
1318.0,0.00024128693621605635,0.0,0.0,0.0,0.001736111111111111,0.02010724468467136
1319.0,0.0002592590171843767,0.0,0.0,0.0,0.0,0.02160491809869806
1320.0,0.00028900528559461236,0.0,0.0,0.0,0.0,0.02408377379955103
1321.0,1.8465052562532946e-05,0.0,0.0,0.0,0.0,0.0015387543802110788
1322.0,0.002068166621029377,0.0,0.0,0.0,0.008680555555555556,0.17234721841911474
1323.0,0.0,0.0,0.0,0.0,0.0,0.0
1324.0,0.0,0.0,0.0,0.0,0.0,0.0
1325.0,0.0,0.0,0.0,0.0,0.0,0.0
1326.0,4.9389276682632044e-05,1.502054601587588e-05,2.841523200913798e-05,0.0,0.005208333333333333,0.034722222222222224
1327.0,2.6187855837633833e-05,1.502054601587588e-05,2.841523200913798e-05,0.0,0.0,0.0021823213198028193
1328.0,0.0,0.0,0.0,0.0,0.0,0.0
1329.0,0.0,0.0,0.0,0.0,0.0,0.0
1330.0,0.0,0.0,0.0,0.0,0.0,0.0
1331.0,0.0,0.0,0.0,0.0,0.0,0.0
1332.0,0.0,0.0,0.0,0.0,0.0,0.0
1333.0,0.0,0.0,0.0,0.0,0.0,0.0
1334.0,0.0,0.0,0.0,0.0,0.0,0.0
1335.0,0.0,0.0,0.0,0.0,0.0,0.0
1336.0,0.0,0.0,0.0,0.0,0.0,0.0
1337.0,0.0,0.0,0.0,0.0,0.0,0.0
1338.0,0.0,0.0,0.0,0.0,0.0,0.0
1339.0,0.0,0.0,0.0,0.0,0.0,0.0
1340.0,0.0,0.0,0.0,0.0,0.0,0.0
1341.0,0.0,0.0,0.0,0.0,0.0,0.0
1342.0,0.0,0.0,0.0,0.0,0.0,0.0
1343.0,1.7020619225149858e-07,0.0,0.0,0.0,0.0,1.4183849354291548e-05
1344.0,1.7020619225149858e-07,0.0,0.0,0.0,0.0,1.4183849354291548e-05
1345.0,0.0,0.0,0.0,0.0,0.0,0.0
1346.0,0.0,0.0,0.0,0.0,0.0,0.0
1347.0,0.0,0.0,0.0,0.0,0.0,0.0
1348.0,0.0,0.0,0.0,0.0,0.0,0.0
1349.0,0.0,0.0,0.0,0.0,0.0,0.0
1350.0,0.0,0.0,0.0,0.0,0.0,0.0
1351.0,2.6187855837633833e-05,1.502054601587588e-05,2.841523200913798e-05,0.0,0.0,0.0021823213198028193
1352.0,2.6187855837633833e-05,1.502054601587588e-05,2.841523200913798e-05,0.0,0.0,0.0021823213198028193
1353.0,0.0,0.0,0.0,0.0,0.0,0.0
1354.0,0.0,0.0,0.0,0.0,0.0,0.0
1355.0,0.0,0.0,0.0,0.0,0.0,0.0
1356.0,0.0,0.0,0.0,0.0,0.0,0.0
1357.0,0.0,0.0,0.0,0.0,0.0,0.0
1358.0,0.0,0.0,0.0,0.0,0.0,0.0
1359.0,0.0,0.0,0.0,0.0,0.0,0.0
1360.0,0.0,0.0,0.0,0.0,0.0,0.0
1361.0,0.0,0.0,0.0,0.0,0.0,0.0
1362.0,0.0,0.0,0.0,0.0,0.0,0.0
1363.0,0.0,0.0,0.0,0.0,0.0,0.0
1364.0,0.0,0.0,0.0,0.0,0.0,0.0
1365.0,0.0,0.0,0.0,0.0,0.0,0.0
1366.0,0.0,0.0,0.0,0.0,0.0,0.0
1367.0,0.0,0.0,0.0,0.0,0.0,0.0
1368.0,1.7020619225149858e-07,0.0,0.0,0.0,0.0,1.4183849354291548e-05
1369.0,1.7020619225149858e-07,0.0,0.0,0.0,0.0,1.4183849354291548e-05
1370.0,0.0,0.0,0.0,0.0,0.0,0.0
1371.0,0.0,0.0,0.0,0.0,0.0,0.0
1372.0,0.0,0.0,0.0,0.0,0.0,0.0
1373.0,0.0,0.0,0.0,0.0,0.0,0.0
1374.0,0.0,0.0,0.0,0.0,0.0,0.0
1375.0,0.0,0.0,0.0,0.0,0.0,0.0
1376.0,2.6187855837633833e-05,1.502054601587588e-05,2.841523200913798e-05,0.0,0.0,0.0021823213198028193
1377.0,2.6187855837633833e-05,1.502054601587588e-05,2.841523200913798e-05,0.0,0.0,0.0021823213198028193
1378.0,0.0,0.0,0.0,0.0,0.0,0.0
1379.0,0.0,0.0,0.0,0.0,0.0,0.0
1380.0,0.0,0.0,0.0,0.0,0.0,0.0
1381.0,0.0,0.0,0.0,0.0,0.0,0.0
1382.0,0.0,0.0,0.0,0.0,0.0,0.0
1383.0,0.0,0.0,0.0,0.0,0.0,0.0
1384.0,1.206528963848541e-06,0.0,0.0,0.0,0.0,0.00010054408032071176
1385.0,0.06005314365029335,0.02360595390200615,0.0,0.0006998579483479261,0.17881944444444445,5.0044286375244456
1386.0,0.0,0.0,0.0,0.0,0.0,0.0
1387.0,0.0,0.0,0.0,0.0,0.0,0.0
1388.0,0.0,0.0,0.0,0.0,0.0,0.0
1389.0,0.0,0.0,0.0,0.0,0.0,0.0
1390.0,0.0,0.0,0.0,0.0,0.0,0.0
1391.0,0.0,0.0,0.0,0.0,0.0,0.0
1392.0,0.0,0.0,0.0,0.0,0.0,0.0
1393.0,0.0,0.0,0.0,0.0,0.0,0.0
1394.0,0.0,0.0,0.0,0.0,0.0,0.0
1395.0,0.0,0.0,0.0,0.0,0.0,0.0
1396.0,0.0,0.0,0.0,0.0,0.0,0.0
1397.0,0.0,0.0,0.0,0.0,0.0,0.0
1398.0,0.0,0.0,0.0,0.0,0.0,0.0
1399.0,0.0,0.0,0.0,0.0,0.0,0.0
1400.0,0.0,0.0,0.0,0.0,0.0,0.0
1401.0,5.106215184014218e-08,0.0,0.0,0.0,0.0,4.255179320011848e-06
1402.0,5.106215184014218e-08,0.0,0.0,0.0,0.0,4.255179320011848e-06
1403.0,0.0,0.0,0.0,0.0,0.0,0.0
1404.0,0.0,0.0,0.0,0.0,0.0,0.0
1405.0,0.0,0.0,0.0,0.0,0.0,0.0
1406.0,0.0,0.0,0.0,0.0,0.0,0.0
1407.0,0.00015657335461582989,0.0001504485699115321,0.0,0.0,0.001736111111111111,0.013047779551319158
1408.0,0.00013318499259185046,0.0,0.0,0.0,0.003472222222222222,0.023148148148148147
1409.0,0.00024945527547970414,0.0,0.0,0.0,0.003472222222222222,0.023148148148148147
1410.0,0.00021532685786951333,2.0910988496325444e-06,0.0,0.0,0.0,0.017943904822459444
1411.0,0.0002473787753842771,0.0,0.0,0.0,0.001736111111111111,0.02061489794868976
1412.0,0.00032856554025784135,0.0,0.0,0.0,0.003472222222222222,0.027380461688153446
1413.0,0.0002060695260297507,0.0,0.0,0.0,0.001736111111111111,0.017172460502479225
1414.0,3.404113257943209e-08,0.0,0.0,0.0,0.0,2.8367610482860073e-06
1415.0,0.0,0.0,0.0,0.0,0.0,0.0
1416.0,6.195530204422539e-06,0.0,0.0,0.0,0.0,0.0005162941837018783
1417.0,6.42871527816169e-05,0.0,0.0,0.0,0.0,0.005357262731801408
1418.0,8.202080789487809e-05,0.0,0.0,0.0,0.0,0.006835067324573174
1419.0,7.269538036780432e-05,0.0,0.0,0.0,0.0,0.0060579483639836935
1420.0,6.709557783324271e-05,0.0,0.0,0.0,0.0,0.005591298152770226
1421.0,5.928307291469537e-05,0.0,0.0,0.0,0.0,0.004940256076224614
1422.0,2.9615976018249057e-06,0.0,0.0,0.0,0.0,0.0002467998001520755
1423.0,0.0,0.0,0.0,0.0,0.0,0.0
1424.0,0.0001139005325967446,0.0,0.0,0.0,0.003472222222222222,0.023148148148148147
1425.0,0.0,0.0,0.0,0.0,0.0,0.0
1426.0,4.100054866285063e-06,0.0,0.0,0.0,0.0,0.0003416712388570886
1427.0,5.106215184014218e-08,0.0,0.0,0.0,0.0,4.255179320011848e-06
1428.0,0.0,0.0,0.0,0.0,0.0,0.0
1429.0,0.0,0.0,0.0,0.0,0.0,0.0
1430.0,0.0,0.0,0.0,0.0,0.0,0.0
1431.0,0.0,0.0,0.0,0.0,0.0,0.0
1432.0,0.0,0.0,0.0,0.0,0.0,0.0
1433.0,0.0,0.0,0.0,0.0,0.0,0.0
1434.0,0.0,0.0,0.0,0.0,0.0,0.0
1435.0,0.0,0.0,0.0,0.0,0.0,0.0
1436.0,0.00025818689027801156,0.0,0.0,0.0,0.003472222222222222,0.023148148148148147
1437.0,1.0825161552929785e-05,0.0,0.0,0.0,0.0,0.0009020967960774821
1438.0,0.00022664754942525178,0.0,0.0,0.0,0.006944444444444444,0.046296296296296294
1439.0,0.0,0.0,0.0,0.0,0.0,0.0
1440.0,0.0,0.0,0.0,0.0,0.0,0.0
1441.0,0.0,0.0,0.0,0.0,0.0,0.0
1442.0,0.0,0.0,0.0,0.0,0.0,0.0
1443.0,9.923061952576973e-06,0.0,0.0,0.0,0.0,0.0008269218293814143
1444.0,0.0,0.0,0.0,0.0,0.0,0.0
1445.0,0.0,0.0,0.0,0.0,0.0,0.0
1446.0,0.0,0.0,0.0,0.0,0.0,0.0
1447.0,0.0,0.0,0.0,0.0,0.0,0.0
1448.0,0.0,0.0,0.0,0.0,0.0,0.0
1449.0,0.0,0.0,0.0,0.0,0.0,0.0
1450.0,0.0,0.0,0.0,0.0,0.0,0.0
1451.0,5.106215184014218e-08,0.0,0.0,0.0,0.0,4.255179320011848e-06
1452.0,5.106215184014218e-08,0.0,0.0,0.0,0.0,4.255179320011848e-06
1453.0,0.0,0.0,0.0,0.0,0.0,0.0
1454.0,0.0,0.0,0.0,0.0,0.0,0.0
1455.0,0.0,0.0,0.0,0.0,0.0,0.0
1456.0,0.0,0.0,0.0,0.0,0.0,0.0
1457.0,0.0,0.0,0.0,0.0,0.0,0.0
1458.0,6.386164022842422e-05,0.0,0.0,0.0,0.0,0.005321803352368685
1459.0,3.073937841691077e-05,0.0,0.0,0.0,0.0,0.0025616148680758974
1460.0,3.65944856639544e-06,0.0,0.0,0.0,0.0,0.00030495404719962
1461.0,0.0,0.0,0.0,0.0,0.0,0.0
1462.0,0.0,0.0,0.0,0.0,0.0,0.0
1463.0,0.0,0.0,0.0,0.0,0.0,0.0
1464.0,0.0,0.0,0.0,0.0,0.0,0.0
1465.0,0.0,0.0,0.0,0.0,0.0,0.0
1466.0,0.0,0.0,0.0,0.0,0.0,0.0
1467.0,0.0,0.0,0.0,0.0,0.0,0.0
1468.0,0.0,0.0,0.0,0.0,0.0,0.0
1469.0,0.0,0.0,0.0,0.0,0.0,0.0
1470.0,0.0,0.0,0.0,0.0,0.0,0.0
1471.0,0.0,0.0,0.0,0.0,0.0,0.0
1472.0,0.0,0.0,0.0,0.0,0.0,0.0
1473.0,0.0,0.0,0.0,0.0,0.0,0.0
1474.0,0.0,0.0,0.0,0.0,0.0,0.0
1475.0,0.0,0.0,0.0,0.0,0.0,0.0
1476.0,5.106215184014218e-08,0.0,0.0,0.0,0.0,4.255179320011848e-06
1477.0,5.106215184014218e-08,0.0,0.0,0.0,0.0,4.255179320011848e-06
1478.0,0.0,0.0,0.0,0.0,0.0,0.0
1479.0,0.0,0.0,0.0,0.0,0.0,0.0
1480.0,0.0,0.0,0.0,0.0,0.0,0.0
1481.0,0.0,0.0,0.0,0.0,0.0,0.0
1482.0,0.0,0.0,0.0,0.0,0.0,0.0
1483.0,0.0,0.0,0.0,0.0,0.0,0.0
1484.0,0.0,0.0,0.0,0.0,0.0,0.0
1485.0,0.0,0.0,0.0,0.0,0.0,0.0
1486.0,0.0,0.0,0.0,0.0,0.0,0.0
1487.0,0.0,0.0,0.0,0.0,0.0,0.0
1488.0,0.0,0.0,0.0,0.0,0.0,0.0
1489.0,0.0,0.0,0.0,0.0,0.0,0.0
1490.0,0.0,0.0,0.0,0.0,0.0,0.0
1491.0,0.0,0.0,0.0,0.0,0.0,0.0
1492.0,0.0,0.0,0.0,0.0,0.0,0.0
1493.0,0.0,0.0,0.0,0.0,0.0,0.0
1494.0,0.0,0.0,0.0,0.0,0.0,0.0
1495.0,0.0,0.0,0.0,0.0,0.0,0.0
1496.0,0.0,0.0,0.0,0.0,0.0,0.0
1497.0,0.0,0.0,0.0,0.0,0.0,0.0
1498.0,0.0,0.0,0.0,0.0,0.0,0.0
1499.0,0.0,0.0,0.0,0.0,0.0,0.0
1500.0,0.0,0.0,0.0,0.0,0.0,0.0
1501.0,5.106215184014218e-08,0.0,0.0,0.0,0.0,4.255179320011848e-06
1502.0,5.106215184014218e-08,0.0,0.0,0.0,0.0,4.255179320011848e-06
1503.0,0.0,0.0,0.0,0.0,0.0,0.0
1504.0,0.0,0.0,0.0,0.0,0.0,0.0
1505.0,0.0,0.0,0.0,0.0,0.0,0.0
1506.0,0.0,0.0,0.0,0.0,0.0,0.0
1507.0,0.0,0.0,0.0,0.0,0.0,0.0
1508.0,1.5318649104756332e-07,0.0,0.0,0.0,0.0,1.2765540920630277e-05
1509.0,0.0002634293050505221,0.0,0.0,0.0,0.003472222222222222,0.023148148148148147
1510.0,0.00014527163875754923,0.0,0.0,0.0,0.0,0.012105969896462435
1511.0,0.0,0.0,0.0,0.0,0.0,0.0
1512.0,0.0,0.0,0.0,0.0,0.0,0.0
1513.0,0.0,0.0,0.0,0.0,0.0,0.0
1514.0,0.0,0.0,0.0,0.0,0.0,0.0
1515.0,0.0,0.0,0.0,0.0,0.0,0.0
1516.0,0.00040463299956172705,0.0,0.0,0.0,0.003472222222222222,0.03371941663014392
1517.0,0.0,0.0,0.0,0.0,0.0,0.0
1518.0,5.106208845973015e-06,0.0,0.0,0.0,0.0,0.00042551740383108455
1519.0,0.0,0.0,0.0,0.0,0.0,0.0
1520.0,0.0,0.0,0.0,0.0,0.0,0.0
1521.0,0.0,0.0,0.0,0.0,0.0,0.0
1522.0,0.0,0.0,0.0,0.0,0.0,0.0
1523.0,0.0,0.0,0.0,0.0,0.0,0.0
1524.0,0.0,0.0,0.0,0.0,0.0,0.0
1525.0,0.0,0.0,0.0,0.0,0.0,0.0
1526.0,5.106215184014218e-08,0.0,0.0,0.0,0.0,4.255179320011848e-06
1527.0,5.106215184014218e-08,0.0,0.0,0.0,0.0,4.255179320011848e-06
1528.0,0.0,0.0,0.0,0.0,0.0,0.0
1529.0,0.0,0.0,0.0,0.0,0.0,0.0
1530.0,0.0,0.0,0.0,0.0,0.0,0.0
1531.0,0.0,0.0,0.0,0.0,0.0,0.0
1532.0,0.0025153181049972773,0.00015121896285563707,0.0,0.0,0.029513888888888888,0.20960984208310643
1533.0,0.0,0.0,0.0,0.0,0.0,0.0
1534.0,0.0,0.0,0.0,0.0,0.0,0.0
1535.0,1.6254756701528095e-05,0.0,0.0,0.0,0.0,0.0013545630584606745
1536.0,0.06724021583795547,0.02721545659005642,0.0,0.00041205994784832,0.2881944444444444,5.603351319829623
1537.0,3.7445531120283704e-07,0.0,0.0,0.0,0.0,3.1204609266903084e-05
1538.0,5.78702611164772e-07,0.0,0.0,0.0,0.0,4.822521759706433e-05
1539.0,0.0,0.0,0.0,0.0,0.0,0.0
1540.0,0.0,0.0,0.0,0.0,0.0,0.0
1541.0,0.0,0.0,0.0,0.0,0.0,0.0
1542.0,0.0,0.0,0.0,0.0,0.0,0.0
1543.0,0.0,0.0,0.0,0.0,0.0,0.0
1544.0,3.373350409674458e-06,3.6319095215731068e-06,0.0,0.0,0.0,0.0002811125341395382
1545.0,3.0159164907672675e-06,3.6319095215731068e-06,0.0,0.0,0.0,0.0002513263742306056
1546.0,9.701788030724856e-07,0.0,0.0,0.0,0.0,8.08482335893738e-05
1547.0,0.0,0.0,0.0,0.0,0.0,0.0
1548.0,0.06902384757995605,0.07185035943984985,0.39138263463974,0.003828163957223296,0.4670138888888889,5.751987298329671
1549.0,0.0153430150821805,0.040915850549936295,0.0,0.0,0.28125,1.875
1550.0,0.0,0.0,0.0,0.0,0.0,0.0
1551.0,0.0003269334847573191,0.0021139837335795164,0.0,0.0,0.006944444444444444,0.05284959333948791
1552.0,0.0003483114705886692,0.0022522159852087498,0.0,0.0,0.003472222222222222,0.056305399630218744
1553.0,0.00013456560554914176,0.0008701143669895828,0.0,0.0,0.005208333333333333,0.034722222222222224
1554.0,0.0001634837535675615,0.0010571019956842065,0.0,0.0,0.006944444444444444,0.046296296296296294
1555.0,8.001428795978427e-05,0.0005173800745978951,0.0,0.0,0.001736111111111111,0.012934501864947379
1556.0,0.0002914453507401049,0.0018845140002667904,0.0,0.0,0.006944444444444444,0.04711285000666976
1557.0,0.0003940461028832942,0.002547940704971552,0.0,0.0,0.003472222222222222,0.0636985176242888
1558.0,7.844838546589017e-05,0.0005072549683973193,0.0,0.0,0.003472222222222222,0.023148148148148147
1559.0,0.0001948528952198103,0.0009970106184482574,0.0,0.0,0.006944444444444444,0.046296296296296294
1560.0,0.00031784441671334207,0.002050920855253935,0.0,0.0,0.005208333333333333,0.05127302138134837
1561.0,0.00019284446898382157,0.0011326015228405595,0.0,0.0,0.001736111111111111,0.028315038071013987
1562.0,0.0002548167831264436,0.0016394160920754075,0.0,0.0,0.006944444444444444,0.046296296296296294
1563.0,3.404139192753064e-08,2.201149698066729e-07,0.0,0.0,0.0,5.502874245166822e-06
1564.0,0.0,0.0,0.0,0.0,0.0,0.0
1565.0,0.00023851098376326263,0.0012360555119812489,0.0,0.0,0.006944444444444444,0.046296296296296294
1566.0,0.00011293229908915237,0.0007302313460968435,0.0,0.0,0.001736111111111111,0.018255783652421087
1567.0,0.00019400187011342496,0.0012544350465759635,0.0,0.0,0.001736111111111111,0.03136087616439909
1568.0,0.00025607633870095015,0.001655484433285892,0.0,0.0,0.005208333333333333,0.0413871108321473
1569.0,0.0002998365380335599,0.0018751592142507434,0.0,0.0,0.005208333333333333,0.046878980356268585
1570.0,0.0,0.0,0.0,0.0,0.0,0.0
1571.0,0.0,0.0,0.0,0.0,0.0,0.0
1572.0,0.0,0.0,0.0,0.0,0.0,0.0
1573.0,1.393994807585841e-05,8.606493065599352e-05,0.0,0.0,0.0,0.002151623266399838
1574.0,0.0001671261852607131,0.0010806543286889791,7.030440610833466e-05,0.0,0.001736111111111111,0.02701635821722448
1575.0,0.0013200739631429315,0.0075820800848305225,0.001147445640526712,0.0,0.003472222222222222,0.18955200212076306
1576.0,1.0212443868340415e-07,6.603465863008751e-07,0.0,0.0,0.0,1.6508664657521877e-05
1577.0,0.0,0.0,0.0,0.0,0.0,0.0
1578.0,0.0,0.0,0.0,0.0,0.0,0.0
1579.0,0.0,0.0,0.0,0.0,0.0,0.0
1580.0,0.0,0.0,0.0,0.0,0.0,0.0
1581.0,0.0,0.0,0.0,0.0,0.0,0.0
1582.0,2.0458868675632402e-05,0.00012073303514625877,1.4189934518071823e-05,0.0,0.0,0.0030183258786564693
1583.0,0.0,0.0,0.0,0.0,0.0,0.0
1584.0,0.0,0.0,0.0,0.0,0.0,0.0
1585.0,0.0,0.0,0.0,0.0,0.0,0.0
1586.0,0.0001393824495607987,0.0,0.0,0.0,0.006944444444444444,0.046296296296296294
1587.0,0.00019095516472589225,0.0,0.0,0.0,0.003472222222222222,0.023148148148148147
1588.0,0.0,0.0,0.0,0.0,0.0,0.0
1589.0,0.0,0.0,0.0,0.0,0.0,0.0
1590.0,0.00032979296520352364,0.0,0.0,0.0,0.010416666666666666,0.06944444444444445
1591.0,0.0,0.0,0.0,0.0,0.0,0.0
1592.0,0.0,0.0,0.0,0.0,0.0,0.0
1593.0,0.00016727937327232212,0.0,0.0,0.0,0.006944444444444444,0.046296296296296294
1594.0,0.0003109340323135257,0.0,0.0,0.0,0.003472222222222222,0.025911169359460473
1595.0,0.00037683817208744586,0.0,0.0,0.0,0.006944444444444444,0.046296296296296294
1596.0,0.00030038118711672723,0.0,0.0,0.0,0.006944444444444444,0.046296296296296294
1597.0,0.0003033257962670177,0.0,0.0,0.0,0.006944444444444444,0.046296296296296294
1598.0,0.0003807699540629983,3.125632065348327e-05,9.674946568338783e-07,0.0,0.010416666666666666,0.06944444444444445
1599.0,0.00021068213391117752,3.125632065348327e-05,9.674946568338783e-07,0.0,0.003472222222222222,0.023148148148148147
1600.0,0.00026967586018145084,0.0,0.0,0.0,0.008680555555555556,0.05787037037037038
1601.0,0.0002968238841276616,0.0,0.0,0.0,0.008680555555555556,0.05787037037037038
1602.0,0.0002573869423940778,0.0,0.0,0.0,0.003472222222222222,0.023148148148148147
1603.0,0.0001767939393175766,0.0,0.0,0.0,0.005208333333333333,0.034722222222222224
1604.0,0.00045011224574409425,0.0,0.0,0.0,0.006944444444444444,0.046296296296296294
1605.0,0.00019784853793680668,0.0,0.0,0.0,0.005208333333333333,0.034722222222222224
1606.0,0.0,0.0,0.0,0.0,0.0,0.0
1607.0,2.040785147983115e-05,0.0,0.0,0.0,0.0,0.0017006542899859294
1608.0,0.0,0.0,0.0,0.0,0.0,0.0
1609.0,0.0,0.0,0.0,0.0,0.0,0.0
1610.0,0.0,0.0,0.0,0.0,0.0,0.0
1611.0,0.0001524202962173149,0.0,0.0,0.0,0.005208333333333333,0.034722222222222224
1612.0,0.0001759088772814721,0.0,0.0,0.0,0.003472222222222222,0.023148148148148147
1613.0,0.00035254962858743966,0.0,0.0,0.0,0.006944444444444444,0.046296296296296294
1614.0,0.00012103415792807937,0.0,0.0,0.0,0.0,0.010086179827339947
1615.0,8.980118582258001e-05,0.0,0.0,0.0,0.003472222222222222,0.023148148148148147
1616.0,0.00017378128541167825,0.0,0.0,0.0,0.008680555555555556,0.05787037037037038
1617.0,8.98011785466224e-05,0.0,0.0,0.0,0.0,0.007483431545551866
1618.0,0.0,0.0,0.0,0.0,0.0,0.0
1619.0,0.0,0.0,0.0,0.0,0.0,0.0
1620.0,0.0,0.0,0.0,0.0,0.0,0.0
1621.0,0.0,0.0,0.0,0.0,0.0,0.0
1622.0,0.0,0.0,0.0,0.0,0.0,0.0
1623.0,9.361385309603065e-06,3.125632065348327e-05,9.674946568338783e-07,0.0,0.0,0.0007814080163370818
1624.0,6.859337645437336e-06,3.125632065348327e-05,9.674946568338783e-07,0.0,0.0,0.0007814080163370818
1625.0,0.00019235086801927537,0.0,0.0,0.0,0.006944444444444444,0.046296296296296294
1626.0,0.0003669321595225483,0.0,0.0,0.0,0.003472222222222222,0.030577679960212358
1627.0,0.00035055819898843765,0.0,0.0,0.0,0.006944444444444444,0.046296296296296294
1628.0,0.0003624727251008153,0.0,0.0,0.0,0.006944444444444444,0.046296296296296294
1629.0,0.000203669595066458,0.0,0.0,0.0,0.003472222222222222,0.023148148148148147
1630.0,0.0,0.0,0.0,0.0,0.0,0.0
1631.0,0.0,0.0,0.0,0.0,0.0,0.0
1632.0,1.2782546946255025e-05,0.0,0.0,0.0,0.0,0.001065212245521252
1633.0,9.238832717528567e-05,0.0,0.0,0.0,0.003472222222222222,0.023148148148148147
1634.0,0.00020828223205171525,0.0,0.0,0.0,0.003472222222222222,0.023148148148148147
1635.0,0.0,0.0,0.0,0.0,0.0,0.0
1636.0,0.0,0.0,0.0,0.0,0.0,0.0
1637.0,0.0,0.0,0.0,0.0,0.0,0.0
1638.0,0.0,0.0,0.0,0.0,0.0,0.0
1639.0,0.00011054940841859207,0.0,0.0,0.0,0.001736111111111111,0.011574074074074073
1640.0,3.5573220884543844e-06,0.0,0.0,0.0,0.0,0.0002964435073711987
1641.0,0.0,0.0,0.0,0.0,0.0,0.0
1642.0,0.0,0.0,0.0,0.0,0.0,0.0
1643.0,0.0,0.0,0.0,0.0,0.0,0.0
1644.0,0.0,0.0,0.0,0.0,0.0,0.0
1645.0,0.0,0.0,0.0,0.0,0.0,0.0
1646.0,0.0,0.0,0.0,0.0,0.0,0.0
1647.0,0.0,0.0,0.0,0.0,0.0,0.0
1648.0,7.863556675147265e-06,3.125632065348327e-05,9.674946568338783e-07,0.0,0.0,0.0007814080163370818
1649.0,7.863556675147265e-06,3.125632065348327e-05,9.674946568338783e-07,0.0,0.0,0.0007814080163370818
1650.0,0.0,0.0,0.0,0.0,0.0,0.0
1651.0,0.0,0.0,0.0,0.0,0.0,0.0
1652.0,0.0,0.0,0.0,0.0,0.0,0.0
1653.0,0.0,0.0,0.0,0.0,0.0,0.0
1654.0,0.0,0.0,0.0,0.0,0.0,0.0
1655.0,0.0,0.0,0.0,0.0,0.0,0.0
1656.0,0.0,0.0,0.0,0.0,0.0,0.0
1657.0,1.0093269338540267e-05,6.526406650664285e-05,0.0,0.0,0.001736111111111111,0.011574074074074073
1658.0,0.000138803748995997,0.0003182862128596753,0.0,0.0,0.013888888888888888,0.09259259259259259
1659.0,8.929056639317423e-05,0.0005773614975623786,0.0,0.0,0.003472222222222222,0.023148148148148147
1660.0,0.00038831011625006795,0.00250468822196126,0.0,0.0,0.006944444444444444,0.0626172055490315
1661.0,0.00039356949855573475,0.0024979745503515005,0.0,0.0,0.005208333333333333,0.06244936375878751
1662.0,0.00046139699406921864,0.002151293447241187,0.0,0.0,0.006944444444444444,0.05378233618102968
1663.0,9.854981180978939e-05,0.0003385367745067924,0.0,0.0,0.003472222222222222,0.023148148148148147
1664.0,0.0,0.0,0.0,0.0,0.0,0.0
1665.0,1.5965440979925916e-05,8.210302621591836e-05,0.0,0.0,0.0,0.002052575655397959
1666.0,0.0,0.0,0.0,0.0,0.0,0.0
1667.0,0.0,0.0,0.0,0.0,0.0,0.0
1668.0,0.0,0.0,0.0,0.0,0.0,0.0
1669.0,0.0,0.0,0.0,0.0,0.0,0.0
1670.0,0.0,0.0,0.0,0.0,0.0,0.0
1671.0,0.0,0.0,0.0,0.0,0.0,0.0
1672.0,0.0,0.0,0.0,0.0,0.0,0.0
1673.0,9.957100701285526e-06,4.490343781071715e-05,9.674946568338783e-07,0.0,0.0,0.0011225859452679288
1674.0,9.957100701285526e-06,4.490343781071715e-05,9.674946568338783e-07,0.0,0.0,0.0011225859452679288
1675.0,0.0,0.0,0.0,0.0,0.0,0.0
1676.0,0.0,0.0,0.0,0.0,0.0,0.0
1677.0,0.0,0.0,0.0,0.0,0.0,0.0
1678.0,0.0,0.0,0.0,0.0,0.0,0.0
1679.0,0.0,0.0,0.0,0.0,0.0,0.0
1680.0,0.0,0.0,0.0,0.0,0.0,0.0
1681.0,0.0,0.0,0.0,0.0,0.0,0.0
1682.0,0.0,0.0,0.0,0.0,0.0,0.0
1683.0,0.0,0.0,0.0,0.0,0.0,0.0
1684.0,0.000165560282766819,0.0,0.0,0.0,0.003472222222222222,0.023148148148148147
1685.0,0.0001945295080076903,0.0,0.0,0.0,0.001736111111111111,0.016210792333974194
1686.0,0.0002346302499063313,0.0,0.0,0.0,0.001736111111111111,0.01955252082552761
1687.0,0.0003144402871839702,0.0,0.0,0.0,0.003472222222222222,0.02620335726533085
1688.0,0.0001634156797081232,0.0,0.0,0.0,0.0,0.013617973309010267
1689.0,0.0,0.0,0.0,0.0,0.0,0.0
1690.0,1.0280487003910821e-05,0.0,0.0,0.0,0.0,0.0008567072503259018
1691.0,0.0,0.0,0.0,0.0,0.0,0.0
1692.0,0.0,0.0,0.0,0.0,0.0,0.0
1693.0,0.0,0.0,0.0,0.0,0.0,0.0
1694.0,0.0,0.0,0.0,0.0,0.0,0.0
1695.0,0.0004586225841194391,0.0,0.0,0.0,0.005208333333333333,0.038218548676619925
1696.0,0.0001228042965522036,0.0,0.0,0.0,0.0,0.010233691379350299
1697.0,0.0004905193927697837,2.641379069245886e-06,0.0,0.0,0.003472222222222222,0.04087661606414864
1698.0,5.015997521695681e-05,4.5673838030779734e-05,9.674946568338783e-07,0.0,0.001736111111111111,0.011574074074074073
1699.0,1.0127307177754119e-05,4.6004013711353764e-05,9.674946568338783e-07,0.0,0.0,0.001150100342783844
1700.0,0.0,0.0,0.0,0.0,0.0,0.0
1701.0,0.0,0.0,0.0,0.0,0.0,0.0
1702.0,0.0,0.0,0.0,0.0,0.0,0.0
1703.0,0.0,0.0,0.0,0.0,0.0,0.0
1704.0,0.0,0.0,0.0,0.0,0.0,0.0
1705.0,0.0,0.0,0.0,0.0,0.0,0.0
1706.0,0.0,0.0,0.0,0.0,0.0,0.0
1707.0,0.0,0.0,0.0,0.0,0.0,0.0
1708.0,0.0,0.0,0.0,0.0,0.0,0.0
1709.0,0.0,0.0,0.0,0.0,0.0,0.0
1710.0,0.0,0.0,0.0,0.0,0.0,0.0
1711.0,0.0,0.0,0.0,0.0,0.0,0.0
1712.0,0.0,0.0,0.0,0.0,0.0,0.0
1713.0,0.0,0.0,0.0,0.0,0.0,0.0
1714.0,0.0,0.0,0.0,0.0,0.0,0.0
1715.0,0.0,0.0,0.0,0.0,0.0,0.0
1716.0,0.0,0.0,0.0,0.0,0.0,0.0
1717.0,0.0,0.0,0.0,0.0,0.0,0.0
1718.0,0.0,0.0,0.0,0.0,0.0,0.0
1719.0,0.0,0.0,0.0,0.0,0.0,0.0
1720.0,0.0,0.0,0.0,0.0,0.0,0.0
1721.0,0.0,0.0,0.0,0.0,0.0,0.0
1722.0,0.0,0.0,0.0,0.0,0.0,0.0
1723.0,1.0127307177754119e-05,4.6004013711353764e-05,9.674946568338783e-07,0.0,0.0,0.001150100342783844
1724.0,1.0127307177754119e-05,4.6004013711353764e-05,9.674946568338783e-07,0.0,0.0,0.001150100342783844
1725.0,0.0,0.0,0.0,0.0,0.0,0.0
1726.0,0.0,0.0,0.0,0.0,0.0,0.0
1727.0,0.0,0.0,0.0,0.0,0.0,0.0
1728.0,0.0,0.0,0.0,0.0,0.0,0.0
1729.0,0.0,0.0,0.0,0.0,0.0,0.0
1730.0,0.0,0.0,0.0,0.0,0.0,0.0
1731.0,0.0,0.0,0.0,0.0,0.0,0.0
1732.0,0.0,0.0,0.0,0.0,0.0,0.0
1733.0,0.0,0.0,0.0,0.0,0.0,0.0
1734.0,0.0,0.0,0.0,0.0,0.0,0.0
1735.0,0.0,0.0,0.0,0.0,0.0,0.0
1736.0,0.0,0.0,0.0,0.0,0.0,0.0
1737.0,0.0,0.0,0.0,0.0,0.0,0.0
1738.0,0.0,0.0,0.0,0.0,0.0,0.0
1739.0,7.085713878041133e-05,0.0,0.0,0.0,0.008680555555555556,0.05787037037037038
1740.0,7.853347051423043e-05,0.0003864117607008666,0.0,0.0,0.006944444444444444,0.046296296296296294
1741.0,0.0005306030507199466,0.0034227874130010605,0.0,0.0,0.006944444444444444,0.08556968532502651
1742.0,0.0002183074102504179,0.0014115971280261874,0.0,0.0,0.001736111111111111,0.035289928200654685
1743.0,0.00048457912635058165,0.0026823205407708883,0.0,0.0,0.010416666666666666,0.06944444444444445
1744.0,0.00016697299724910408,0.0005893577472306788,0.0,0.0,0.006944444444444444,0.046296296296296294
1745.0,0.0,0.0,0.0,0.0,0.0,0.0
1746.0,0.0,0.0,0.0,0.0,0.0,0.0
1747.0,0.0,0.0,0.0,0.0,0.0,0.0
1748.0,8.118867299344856e-06,3.125632065348327e-05,9.674946568338783e-07,0.0,0.0,0.0007814080163370818
1749.0,7.863556675147265e-06,3.125632065348327e-05,9.674946568338783e-07,0.0,0.0,0.0007814080163370818
1750.0,0.0,0.0,0.0,0.0,0.0,0.0
1751.0,0.0,0.0,0.0,0.0,0.0,0.0
1752.0,0.0,0.0,0.0,0.0,0.0,0.0
1753.0,0.0,0.0,0.0,0.0,0.0,0.0
1754.0,0.0,0.0,0.0,0.0,0.0,0.0
1755.0,0.0,0.0,0.0,0.0,0.0,0.0
1756.0,0.0,0.0,0.0,0.0,0.0,0.0
1757.0,0.0,0.0,0.0,0.0,0.0,0.0
1758.0,0.0,0.0,0.0,0.0,0.0,0.0
1759.0,0.0,0.0,0.0,0.0,0.0,0.0
1760.0,0.0,0.0,0.0,0.0,0.0,0.0
1761.0,0.0,0.0,0.0,0.0,0.0,0.0
1762.0,0.0,0.0,0.0,0.0,0.0,0.0
1763.0,0.0,0.0,0.0,0.0,0.0,0.0
1764.0,0.0,0.0,0.0,0.0,0.0,0.0
1765.0,0.0,0.0,0.0,0.0,0.0,0.0
1766.0,0.0,0.0,0.0,0.0,0.0,0.0
1767.0,0.0,0.0,0.0,0.0,0.0,0.0
1768.0,0.0,0.0,0.0,0.0,0.0,0.0
1769.0,0.0,0.0,0.0,0.0,0.0,0.0
1770.0,0.0,0.0,0.0,0.0,0.0,0.0
1771.0,8.68225542944856e-05,0.0,0.0,0.0,0.005208333333333333,0.034722222222222224
1772.0,0.00010627720621414483,0.0,0.0,0.0,0.0,0.008856433851178735
1773.0,9.889016837405507e-06,3.125632065348327e-05,9.674946568338783e-07,0.0,0.0,0.0008240847364504589
1774.0,7.931639629532583e-06,3.125632065348327e-05,9.674946568338783e-07,0.0,0.0,0.0007814080163370818
1775.0,0.0,0.0,0.0,0.0,0.0,0.0
1776.0,0.0,0.0,0.0,0.0,0.0,0.0
1777.0,0.0,0.0,0.0,0.0,0.0,0.0
1778.0,0.0,0.0,0.0,0.0,0.0,0.0
1779.0,0.0,0.0,0.0,0.0,0.0,0.0
1780.0,0.0,0.0,0.0,0.0,0.0,0.0
1781.0,0.0,0.0,0.0,0.0,0.0,0.0
1782.0,0.0,0.0,0.0,0.0,0.0,0.0
1783.0,0.0,0.0,0.0,0.0,0.0,0.0
1784.0,0.0,0.0,0.0,0.0,0.0,0.0
1785.0,0.0,0.0,0.0,0.0,0.0,0.0
1786.0,0.0,0.0,0.0,0.0,0.0,0.0
1787.0,0.0,0.0,0.0,0.0,0.0,0.0
1788.0,0.0,0.0,0.0,0.0,0.0,0.0
1789.0,0.0,0.0,0.0,0.0,0.0,0.0
1790.0,0.0,0.0,0.0,0.0,0.0,0.0
1791.0,0.0,0.0,0.0,0.0,0.0,0.0
1792.0,0.0,0.0,0.0,0.0,0.0,0.0
1793.0,0.0,0.0,0.0,0.0,0.0,0.0
1794.0,0.0,0.0,0.0,0.0,0.0,0.0
1795.0,0.0,0.0,0.0,0.0,0.0,0.0
1796.0,0.0,0.0,0.0,0.0,0.0,0.0
1797.0,0.0,0.0,0.0,0.0,0.0,0.0
1798.0,7.931639629532583e-06,3.125632065348327e-05,9.674946568338783e-07,0.0,0.0,0.0007814080163370818
1799.0,7.931639629532583e-06,3.125632065348327e-05,9.674946568338783e-07,0.0,0.0,0.0007814080163370818
1800.0,0.0,0.0,0.0,0.0,0.0,0.0
1801.0,0.0,0.0,0.0,0.0,0.0,0.0
1802.0,0.0,0.0,0.0,0.0,0.0,0.0
1803.0,0.0,0.0,0.0,0.0,0.0,0.0
1804.0,0.0,0.0,0.0,0.0,0.0,0.0
1805.0,0.0,0.0,0.0,0.0,0.0,0.0
1806.0,0.0,0.0,0.0,0.0,0.0,0.0
1807.0,0.0,0.0,0.0,0.0,0.0,0.0
1808.0,0.0,0.0,0.0,0.0,0.0,0.0
1809.0,0.0,0.0,0.0,0.0,0.0,0.0
1810.0,0.0,0.0,0.0,0.0,0.0,0.0
1811.0,0.0,0.0,0.0,0.0,0.0,0.0
1812.0,0.00019253809296060354,0.0,0.0,0.0,0.005208333333333333,0.034722222222222224
1813.0,0.000198614492546767,0.0,0.0,0.0,0.003472222222222222,0.023148148148148147
1814.0,0.0,0.0,0.0,0.0,0.0,0.0
1815.0,0.0,0.0,0.0,0.0,0.0,0.0
1816.0,0.0,0.0,0.0,0.0,0.0,0.0
1817.0,0.00033186949440278113,0.0,0.0,0.0,0.001736111111111111,0.02765579120023176
1818.0,0.0,0.0,0.0,0.0,0.0,0.0
1819.0,0.0,0.0,0.0,0.0,0.0,0.0
1820.0,0.0,0.0,0.0,0.0,0.0,0.0
1821.0,0.0,0.0,0.0,0.0,0.0,0.0
1822.0,0.0,0.0,0.0,0.0,0.0,0.0
1823.0,1.0825161552929785e-05,3.125632065348327e-05,9.674946568338783e-07,0.0,0.0,0.0009020967960774821
1824.0,7.897599061834626e-06,3.125632065348327e-05,9.674946568338783e-07,0.0,0.0,0.0007814080163370818
1825.0,0.0,0.0,0.0,0.0,0.0,0.0
1826.0,0.0,0.0,0.0,0.0,0.0,0.0
1827.0,0.0,0.0,0.0,0.0,0.0,0.0
1828.0,0.0,0.0,0.0,0.0,0.0,0.0
1829.0,0.0,0.0,0.0,0.0,0.0,0.0
1830.0,0.0,0.0,0.0,0.0,0.0,0.0
1831.0,0.00023636639525648206,0.0,0.0,0.0,0.0,0.01969719960470684
1832.0,0.00013076998584438115,0.0,0.0,0.0,0.003472222222222222,0.023148148148148147
1833.0,0.0,0.0,0.0,0.0,0.0,0.0
1834.0,0.0,0.0,0.0,0.0,0.0,0.0
1835.0,7.250814815051854e-05,0.0,0.0,0.0,0.001736111111111111,0.011574074074074073
1836.0,0.00023114102077670395,0.0,0.0,0.0,0.003472222222222222,0.023148148148148147
1837.0,0.0,0.0,0.0,0.0,0.0,0.0
1838.0,0.0,0.0,0.0,0.0,0.0,0.0
1839.0,0.0,0.0,0.0,0.0,0.0,0.0
1840.0,2.8084125460736686e-06,0.0,0.0,0.0,0.0,0.00023403437883947237
1841.0,0.0,0.0,0.0,0.0,0.0,0.0
1842.0,0.0,0.0,0.0,0.0,0.0,0.0
1843.0,0.0,0.0,0.0,0.0,0.0,0.0
1844.0,0.0,0.0,0.0,0.0,0.0,0.0
1845.0,0.0,0.0,0.0,0.0,0.0,0.0
1846.0,0.0,0.0,0.0,0.0,0.0,0.0
1847.0,0.0,0.0,0.0,0.0,0.0,0.0
1848.0,7.982702300068922e-06,3.125632065348327e-05,9.674946568338783e-07,0.0,0.0,0.0007814080163370818
1849.0,7.982702300068922e-06,3.125632065348327e-05,9.674946568338783e-07,0.0,0.0,0.0007814080163370818
1850.0,0.0,0.0,0.0,0.0,0.0,0.0
1851.0,0.0,0.0,0.0,0.0,0.0,0.0
1852.0,0.0,0.0,0.0,0.0,0.0,0.0
1853.0,3.455200931057334e-05,0.0,0.0,0.0,0.001736111111111111,0.011574074074074073
1854.0,0.0,0.0,0.0,0.0,0.0,0.0
1855.0,0.0,0.0,0.0,0.0,0.0,0.0
1856.0,0.0,0.0,0.0,0.0,0.0,0.0
1857.0,3.455200931057334e-05,0.0,0.0,0.0,0.001736111111111111,0.011574074074074073
1858.0,0.0,0.0,0.0,0.0,0.0,0.0
1859.0,0.0,0.0,0.0,0.0,0.0,0.0
1860.0,0.0,0.0,0.0,0.0,0.0,0.0
1861.0,0.0,0.0,0.0,0.0,0.0,0.0
1862.0,0.0,0.0,0.0,0.0,0.0,0.0
1863.0,0.0,0.0,0.0,0.0,0.0,0.0
1864.0,0.0001629901526030153,0.0,0.0,0.0,0.003472222222222222,0.023148148148148147
1865.0,9.844770102063194e-05,0.0,0.0,0.0,0.001736111111111111,0.011574074074074073
1866.0,0.0,0.0,0.0,0.0,0.0,0.0
1867.0,0.0,0.0,0.0,0.0,0.0,0.0
1868.0,0.0,0.0,0.0,0.0,0.0,0.0
1869.0,0.0,0.0,0.0,0.0,0.0,0.0
1870.0,0.0,0.0,0.0,0.0,0.0,0.0
1871.0,0.0,0.0,0.0,0.0,0.0,0.0
1872.0,0.0,0.0,0.0,0.0,0.0,0.0
1873.0,8.050786163948942e-06,3.125632065348327e-05,9.674946568338783e-07,0.0,0.0,0.0007814080163370818
1874.0,8.050786163948942e-06,3.125632065348327e-05,9.674946568338783e-07,0.0,0.0,0.0007814080163370818
1875.0,0.0,0.0,0.0,0.0,0.0,0.0
1876.0,0.0,0.0,0.0,0.0,0.0,0.0
1877.0,0.0003020322183147073,0.0,0.0,0.0,0.008680555555555556,0.05787037037037038
1878.0,0.0001224809093400836,0.0,0.0,0.0,0.001736111111111111,0.011574074074074073
1879.0,0.0,0.0,0.0,0.0,0.0,0.0
1880.0,7.175924838520586e-05,0.0,0.0,0.0,0.0,0.005979937365433822
1881.0,6.747003499185666e-05,0.0,0.0,0.0,0.003472222222222222,0.023148148148148147
1882.0,3.063731583097251e-06,0.0,0.0,0.0,0.0,0.00025531096525810426
1883.0,0.0,0.0,0.0,0.0,0.0,0.0
1884.0,0.00022114986495580524,0.0,0.0,0.0,0.006944444444444444,0.046296296296296294
1885.0,7.232092320919037e-05,0.0,0.0,0.0,0.0,0.006026743600765864
1886.0,0.0,0.0,0.0,0.0,0.0,0.0
1887.0,0.00038146780570968986,0.0,0.0,0.0,0.008680555555555556,0.05787037037037038
1888.0,0.00019270830671302974,0.0,0.0,0.0,0.001736111111111111,0.016059025559419144
1889.0,0.0002678376331459731,0.0,0.0,0.0,0.003472222222222222,0.023148148148148147
1890.0,0.0003430010110605508,0.0,0.0,0.0,0.003472222222222222,0.028583417588379234
1891.0,3.233925838230789e-07,0.0,0.0,0.0,0.0,2.6949381985256576e-05
1892.0,0.00023345582303591073,0.0,0.0,0.0,0.006944444444444444,0.046296296296296294
1893.0,0.00026336120208725333,0.0,0.0,0.0,0.003472222222222222,0.023148148148148147
1894.0,0.00025674010976217687,0.0,0.0,0.0,0.006944444444444444,0.046296296296296294
1895.0,0.00016651346231810749,0.0,0.0,0.0,0.001736111111111111,0.013876121859842291
1896.0,0.0002576422702986747,0.0,0.0,0.0,0.005208333333333333,0.034722222222222224
1897.0,6.808278385506128e-08,0.0,0.0,0.0,0.0,5.673565321255107e-06
1898.0,0.000214018247788772,3.125632065348327e-05,9.674946568338783e-07,0.0,0.003472222222222222,0.023148148148148147
1899.0,0.0003052832034882158,3.125632065348327e-05,9.674946568338783e-07,0.0,0.003472222222222222,0.025440266957351316
1900.0,0.00015538193110842258,0.0,0.0,0.0,0.001736111111111111,0.012948494259035215
1901.0,0.000299411010928452,0.0,0.0,0.0,0.005208333333333333,0.034722222222222224
1902.0,3.174359517288394e-05,0.0,0.0,0.0,0.0,0.0026452995977403284
1903.0,9.303511615144089e-05,0.0,0.0,0.0,0.0,0.007752926345953407
1904.0,4.3607022234937176e-05,0.0,0.0,0.0,0.0,0.003633918519578098
1905.0,0.0,0.0,0.0,0.0,0.0,0.0
1906.0,0.0,0.0,0.0,0.0,0.0,0.0
1907.0,8.697575140104163e-06,0.0,0.0,0.0,0.0,0.0007247979283420136
1908.0,0.0,0.0,0.0,0.0,0.0,0.0
1909.0,0.0,0.0,0.0,0.0,0.0,0.0
1910.0,0.0,0.0,0.0,0.0,0.0,0.0
1911.0,0.0,0.0,0.0,0.0,0.0,0.0
1912.0,0.0,0.0,0.0,0.0,0.0,0.0
1913.0,0.0,0.0,0.0,0.0,0.0,0.0
1914.0,0.0,0.0,0.0,0.0,0.0,0.0
1915.0,0.0,0.0,0.0,0.0,0.0,0.0
1916.0,0.0,0.0,0.0,0.0,0.0,0.0
1917.0,0.0,0.0,0.0,0.0,0.0,0.0
1918.0,0.0,0.0,0.0,0.0,0.0,0.0
1919.0,0.0,0.0,0.0,0.0,0.0,0.0
1920.0,0.0,0.0,0.0,0.0,0.0,0.0
1921.0,0.0,0.0,0.0,0.0,0.0,0.0
1922.0,0.0,0.0,0.0,0.0,0.0,0.0
1923.0,1.1369818821549416e-05,3.125632065348327e-05,9.674946568338783e-07,0.0,0.0,0.0009474849017957846
1924.0,1.1369818821549416e-05,3.125632065348327e-05,9.674946568338783e-07,0.0,0.0,0.0009474849017957846
1925.0,0.0,0.0,0.0,0.0,0.0,0.0
1926.0,0.0,0.0,0.0,0.0,0.0,0.0
1927.0,0.0,0.0,0.0,0.0,0.0,0.0
1928.0,0.0,0.0,0.0,0.0,0.0,0.0
1929.0,0.0,0.0,0.0,0.0,0.0,0.0
1930.0,0.0,0.0,0.0,0.0,0.0,0.0
1931.0,0.0,0.0,0.0,0.0,0.0,0.0
1932.0,0.0,0.0,0.0,0.0,0.0,0.0
1933.0,0.0,0.0,0.0,0.0,0.0,0.0
1934.0,0.0,0.0,0.0,0.0,0.0,0.0
1935.0,0.0,0.0,0.0,0.0,0.0,0.0
1936.0,0.0,0.0,0.0,0.0,0.0,0.0
1937.0,0.00011039622768294066,0.0,0.0,0.0,0.001736111111111111,0.011574074074074073
1938.0,0.00010748567729024217,0.0,0.0,0.0,0.001736111111111111,0.011574074074074073
1939.0,0.00017575568926986307,0.0,0.0,0.0,0.001736111111111111,0.014646307439155255
1940.0,0.000155654241098091,0.0,0.0,0.0,0.0,0.01297118675817425
1941.0,0.00017214730905834585,0.0,0.0,0.0,0.005208333333333333,0.034722222222222224
1942.0,0.0002069886540994048,0.0,0.0,0.0,0.0,0.017249054508283734
1943.0,0.00024683409719727933,0.0,0.0,0.0,0.006944444444444444,0.046296296296296294
1944.0,0.00015487127529922873,0.0,0.0,0.0,0.001736111111111111,0.01290593960826906
1945.0,0.00014164620370138437,0.0,0.0,0.0,0.001736111111111111,0.011803850308448697
1946.0,0.00023565150331705809,0.0,0.0,0.0,0.003472222222222222,0.023148148148148147
1947.0,0.00024557457072660327,0.0,0.0,0.0,0.003472222222222222,0.023148148148148147
1948.0,2.7028856493416242e-05,3.125632065348327e-05,9.674946568338783e-07,0.0,0.0,0.0022524047077846867
1949.0,1.3037846656516194e-05,3.125632065348327e-05,9.674946568338783e-07,0.0,0.0,0.0010864872213763495
1950.0,0.0,0.0,0.0,0.0,0.0,0.0
1951.0,0.0,0.0,0.0,0.0,0.0,0.0
1952.0,0.0,0.0,0.0,0.0,0.0,0.0
1953.0,0.0,0.0,0.0,0.0,0.0,0.0
1954.0,0.0,0.0,0.0,0.0,0.0,0.0
1955.0,0.0,0.0,0.0,0.0,0.0,0.0
1956.0,0.0,0.0,0.0,0.0,0.0,0.0
1957.0,0.0,0.0,0.0,0.0,0.0,0.0
1958.0,0.0,0.0,0.0,0.0,0.0,0.0
1959.0,0.0,0.0,0.0,0.0,0.0,0.0
1960.0,0.0,0.0,0.0,0.0,0.0,0.0
1961.0,0.0,0.0,0.0,0.0,0.0,0.0
1962.0,0.0,0.0,0.0,0.0,0.0,0.0
1963.0,0.0,0.0,0.0,0.0,0.0,0.0
1964.0,0.0,0.0,0.0,0.0,0.0,0.0
1965.0,0.0,0.0,0.0,0.0,0.0,0.0
1966.0,0.0,0.0,0.0,0.0,0.0,0.0
1967.0,0.0,0.0,0.0,0.0,0.0,0.0
1968.0,0.0,0.0,0.0,0.0,0.0,0.0
1969.0,0.0,0.0,0.0,0.0,0.0,0.0
1970.0,0.0,0.0,0.0,0.0,0.0,0.0
1971.0,0.0,0.0,0.0,0.0,0.0,0.0
1972.0,0.0,0.0,0.0,0.0,0.0,0.0
1973.0,1.3037846656516194e-05,3.125632065348327e-05,9.674946568338783e-07,0.0,0.0,0.0010864872213763495
1974.0,1.3037846656516194e-05,3.125632065348327e-05,9.674946568338783e-07,0.0,0.0,0.0010864872213763495
1975.0,0.0,0.0,0.0,0.0,0.0,0.0
1976.0,0.0,0.0,0.0,0.0,0.0,0.0
1977.0,0.0,0.0,0.0,0.0,0.0,0.0
1978.0,0.0,0.0,0.0,0.0,0.0,0.0
1979.0,0.0,0.0,0.0,0.0,0.0,0.0
1980.0,0.0,0.0,0.0,0.0,0.0,0.0
1981.0,0.0,0.0,0.0,0.0,0.0,0.0
1982.0,0.0,0.0,0.0,0.0,0.0,0.0
1983.0,0.0,0.0,0.0,0.0,0.0,0.0
1984.0,0.0,0.0,0.0,0.0,0.0,0.0
1985.0,0.0,0.0,0.0,0.0,0.0,0.0
1986.0,0.0,0.0,0.0,0.0,0.0,0.0
1987.0,0.0,0.0,0.0,0.0,0.0,0.0
1988.0,0.0,0.0,0.0,0.0,0.0,0.0
1989.0,0.0,0.0,0.0,0.0,0.0,0.0
1990.0,0.0,0.0,0.0,0.0,0.0,0.0
1991.0,0.0,0.0,0.0,0.0,0.0,0.0
1992.0,0.00015478617569897324,0.0,0.0,0.0,0.003472222222222222,0.023148148148148147
1993.0,0.0005974944215267897,0.0,0.0,0.0,0.008680555555555556,0.05787037037037038
1994.0,0.0012357704108580947,0.0,0.0,0.0,0.012152777777777778,0.10298086757150789
1995.0,0.0006091536488384008,0.0,0.0,0.0,0.010416666666666666,0.06944444444444445
1996.0,6.969973765080795e-05,0.0,0.0,0.0,0.006944444444444444,0.046296296296296294
1997.0,0.00047114986227825284,0.0,0.0,0.0,0.006944444444444444,0.046296296296296294
1998.0,0.0005220757448114455,3.125632065348327e-05,9.674946568338783e-07,0.0,0.005208333333333333,0.043506312067620456
1999.0,0.0007031247951090336,3.125632065348327e-05,9.674946568338783e-07,0.0,0.013888888888888888,0.09259259259259259
2000.0,0.0006155703449621797,0.0,0.0,0.0,0.008680555555555556,0.05787037037037038
2001.0,0.0005494790384545922,0.0,0.0,0.0,0.012152777777777778,0.08101851851851852
2002.0,0.0004978212527930737,0.0,0.0,0.0,0.008680555555555556,0.05787037037037038
2003.0,0.0,0.0,0.0,0.0,0.0,0.0
2004.0,0.0,0.0,0.0,0.0,0.0,0.0
2005.0,0.0,0.0,0.0,0.0,0.0,0.0
2006.0,0.0002593953686300665,0.0,0.0,0.0,0.005208333333333333,0.034722222222222224
2007.0,0.00029452607850544155,0.0,0.0,0.0,0.003472222222222222,0.02454383987545346
2008.0,0.0005047146696597338,0.0,0.0,0.0,0.008680555555555556,0.05787037037037038
2009.0,0.0008295375155285001,0.0,0.0,0.0,0.012152777777777778,0.08101851851851852
2010.0,0.00022869001259095967,0.0,0.0,0.0,0.008680555555555556,0.05787037037037038
2011.0,0.0,0.0,0.0,0.0,0.0,0.0
2012.0,0.0,0.0,0.0,0.0,0.0,0.0
2013.0,0.0,0.0,0.0,0.0,0.0,0.0
2014.0,0.0,0.0,0.0,0.0,0.0,0.0
2015.0,6.467864750447916e-07,0.0,0.0,0.0,0.0,5.38988729203993e-05
2016.0,0.0,0.0,0.0,0.0,0.0,0.0
2017.0,0.0,0.0,0.0,0.0,0.0,0.0
2018.0,0.0,0.0,0.0,0.0,0.0,0.0
2019.0,0.0,0.0,0.0,0.0,0.0,0.0
2020.0,0.00017517698870506138,0.0,0.0,0.0,0.003472222222222222,0.023148148148148147
2021.0,0.00020179733110126108,0.0,0.0,0.0,0.003472222222222222,0.023148148148148147
2022.0,0.000269216310698539,0.0,0.0,0.0,0.003472222222222222,0.023148148148148147
2023.0,1.3395292626228184e-05,3.125632065348327e-05,9.674946568338783e-07,0.0,0.0,0.0011162743855190154
2024.0,7.029544576653279e-06,3.125632065348327e-05,9.674946568338783e-07,0.0,0.0,0.0007814080163370818
2025.0,0.0005434026825241745,0.0,0.0,0.0,0.005208333333333333,0.04528355687701454
2026.0,9.897533163893968e-05,0.0,0.0,0.0,0.005208333333333333,0.034722222222222224
2027.0,0.0,0.0,0.0,0.0,0.0,0.0
2028.0,0.0,0.0,0.0,0.0,0.0,0.0
2029.0,0.0,0.0,0.0,0.0,0.0,0.0
2030.0,0.00038640378625132143,0.0,0.0,0.0,0.010416666666666666,0.06944444444444445
2031.0,8.44396636239253e-05,0.0,0.0,0.0,0.0,0.007036638635327108
2032.0,0.00023110699839890003,0.0,0.0,0.0,0.003472222222222222,0.023148148148148147
2033.0,5.492577838595025e-05,0.0,0.0,0.0,0.0,0.004577148198829188
2034.0,0.0,0.0,0.0,0.0,0.0,0.0
2035.0,0.0,0.0,0.0,0.0,0.0,0.0
2036.0,0.0,0.0,0.0,0.0,0.0,0.0
2037.0,0.0,0.0,0.0,0.0,0.0,0.0
2038.0,0.00016928781406022608,0.0,0.0,0.0,0.005208333333333333,0.034722222222222224
2039.0,0.0002196350396843627,0.0,0.0,0.0,0.003472222222222222,0.023148148148148147
2040.0,0.0001785130298230797,0.0,0.0,0.0,0.005208333333333333,0.034722222222222224
2041.0,0.0,0.0,0.0,0.0,0.0,0.0
2042.0,0.0002613867982290685,0.0,0.0,0.0,0.010416666666666666,0.06944444444444445
2043.0,0.00022484335931949317,0.0,0.0,0.0,0.003472222222222222,0.023148148148148147
2044.0,0.00014161219587549567,0.0,0.0,0.0,0.003472222222222222,0.023148148148148147
2045.0,0.0,0.0,0.0,0.0,0.0,0.0
2046.0,0.0,0.0,0.0,0.0,0.0,0.0
2047.0,0.0,0.0,0.0,0.0,0.0,0.0
2048.0,1.40250476761139e-05,3.125632065348327e-05,9.674946568338783e-07,0.0,0.0,0.0011687539730094916
2049.0,8.11886911833426e-06,3.125632065348327e-05,9.674946568338783e-07,0.0,0.0,0.0007814080163370818
2050.0,0.0,0.0,0.0,0.0,0.0,0.0
2051.0,0.0,0.0,0.0,0.0,0.0,0.0
2052.0,0.0,0.0,0.0,0.0,0.0,0.0
2053.0,0.0,0.0,0.0,0.0,0.0,0.0
2054.0,0.0,0.0,0.0,0.0,0.0,0.0
2055.0,0.0,0.0,0.0,0.0,0.0,0.0
2056.0,0.0,0.0,0.0,0.0,0.0,0.0
2057.0,0.0,0.0,0.0,0.0,0.0,0.0
2058.0,0.0,0.0,0.0,0.0,0.0,0.0
2059.0,0.0,0.0,0.0,0.0,0.0,0.0
2060.0,0.0,0.0,0.0,0.0,0.0,0.0
2061.0,0.0,0.0,0.0,0.0,0.0,0.0
2062.0,0.0,0.0,0.0,0.0,0.0,0.0
2063.0,0.0,0.0,0.0,0.0,0.0,0.0
2064.0,0.0,0.0,0.0,0.0,0.0,0.0
2065.0,0.0,0.0,0.0,0.0,0.0,0.0
2066.0,0.0,0.0,0.0,0.0,0.0,0.0
2067.0,0.0,0.0,0.0,0.0,0.0,0.0
2068.0,0.0,0.0,0.0,0.0,0.0,0.0
2069.0,0.0,0.0,0.0,0.0,0.0,0.0
2070.0,0.0,0.0,0.0,0.0,0.0,0.0
2071.0,0.0,0.0,0.0,0.0,0.0,0.0
2072.0,0.0,0.0,0.0,0.0,0.0,0.0
2073.0,8.11886911833426e-06,3.125632065348327e-05,9.674946568338783e-07,0.0,0.0,0.0007814080163370818
2074.0,8.11886911833426e-06,3.125632065348327e-05,9.674946568338783e-07,0.0,0.0,0.0007814080163370818
2075.0,0.0,0.0,0.0,0.0,0.0,0.0
2076.0,0.0,0.0,0.0,0.0,0.0,0.0
2077.0,0.0,0.0,0.0,0.0,0.0,0.0
2078.0,0.0,0.0,0.0,0.0,0.0,0.0
2079.0,0.0,0.0,0.0,0.0,0.0,0.0
2080.0,0.0001099196306313388,0.0,0.0,0.0,0.003472222222222222,0.023148148148148147
2081.0,0.0,0.0,0.0,0.0,0.0,0.0
2082.0,0.0,0.0,0.0,0.0,0.0,0.0
2083.0,0.0,0.0,0.0,0.0,0.0,0.0
2084.0,0.0,0.0,0.0,0.0,0.0,0.0
2085.0,0.0,0.0,0.0,0.0,0.0,0.0
2086.0,0.0,0.0,0.0,0.0,0.0,0.0
2087.0,0.0,0.0,0.0,0.0,0.0,0.0
2088.0,0.0,0.0,0.0,0.0,0.0,0.0
2089.0,0.0001619178510736674,0.0,0.0,0.0,0.005208333333333333,0.034722222222222224
2090.0,0.00020496318757068366,0.0,0.0,0.0,0.005208333333333333,0.034722222222222224
2091.0,0.00025549763813614845,0.0,0.0,0.0,0.001736111111111111,0.02129146984467904
2092.0,0.0002281453926116228,0.0,0.0,0.0,0.003472222222222222,0.023148148148148147
2093.0,9.98774339677766e-05,0.0,0.0,0.0,0.001736111111111111,0.011574074074074073
2094.0,0.0001711941440589726,0.0,0.0,0.0,0.001736111111111111,0.014266178671581049
2095.0,0.00019961870566476136,0.0,0.0,0.0,0.001736111111111111,0.016634892138730113
2096.0,0.00013521239452529699,0.0,0.0,0.0,0.003472222222222222,0.023148148148148147
2097.0,3.39222424372565e-05,0.0,0.0,0.0,0.001736111111111111,0.011574074074074073
2098.0,2.1769483282696456e-05,3.125632065348327e-05,9.674946568338783e-07,0.0,0.0,0.0018141236068913713
2099.0,9.157133717963006e-06,3.125632065348327e-05,9.674946568338783e-07,0.0,0.0,0.0007814080163370818
2100.0,0.0,0.0,0.0,0.0,0.0,0.0
2101.0,1.2952745237271301e-05,0.0,0.0,0.0,0.0,0.001079395436439275
2102.0,0.0,0.0,0.0,0.0,0.0,0.0
2103.0,0.0,0.0,0.0,0.0,0.0,0.0
2104.0,0.0,0.0,0.0,0.0,0.0,0.0
2105.0,0.0,0.0,0.0,0.0,0.0,0.0
2106.0,0.0,0.0,0.0,0.0,0.0,0.0
2107.0,1.702069596376532e-08,0.0,0.0,0.0,0.0,1.4183913303137767e-06
2108.0,0.0,0.0,0.0,0.0,0.0,0.0
2109.0,0.0,0.0,0.0,0.0,0.0,0.0
2110.0,0.0,0.0,0.0,0.0,0.0,0.0
2111.0,0.0,0.0,0.0,0.0,0.0,0.0
2112.0,0.0,0.0,0.0,0.0,0.0,0.0
2113.0,0.0,0.0,0.0,0.0,0.0,0.0
2114.0,0.0,0.0,0.0,0.0,0.0,0.0
2115.0,0.0,0.0,0.0,0.0,0.0,0.0
2116.0,0.0,0.0,0.0,0.0,0.0,0.0
2117.0,0.0,0.0,0.0,0.0,0.0,0.0
2118.0,0.0,0.0,0.0,0.0,0.0,0.0
2119.0,0.0,0.0,0.0,0.0,0.0,0.0
2120.0,0.0,0.0,0.0,0.0,0.0,0.0
2121.0,0.0,0.0,0.0,0.0,0.0,0.0
2122.0,0.0,0.0,0.0,0.0,0.0,0.0
2123.0,9.157133717963006e-06,3.125632065348327e-05,9.674946568338783e-07,0.0,0.0,0.0007814080163370818
2124.0,9.157133717963006e-06,3.125632065348327e-05,9.674946568338783e-07,0.0,0.0,0.0007814080163370818
2125.0,0.0,0.0,0.0,0.0,0.0,0.0
2126.0,0.0,0.0,0.0,0.0,0.0,0.0
2127.0,0.0,0.0,0.0,0.0,0.0,0.0
2128.0,0.0,0.0,0.0,0.0,0.0,0.0
2129.0,0.0,0.0,0.0,0.0,0.0,0.0
2130.0,0.0,0.0,0.0,0.0,0.0,0.0
2131.0,0.0,0.0,0.0,0.0,0.0,0.0
2132.0,0.0,0.0,0.0,0.0,0.0,0.0
2133.0,0.0,0.0,0.0,0.0,0.0,0.0
2134.0,0.0,0.0,0.0,0.0,0.0,0.0
2135.0,0.0002832924365065992,0.0008982890285551548,0.0,0.0,0.001736111111111111,0.0236077030422166
2136.0,0.0011360972421243787,0.007084289565682411,0.0,0.0,0.017361111111111112,0.17710723914206028
2137.0,0.0004574822378344834,0.0029580146074295044,6.965940701775253e-05,0.0,0.006944444444444444,0.07395036518573761
2138.0,0.0007689779158681631,0.004972286522388458,0.0,0.0,0.008680555555555556,0.12430716305971146
2139.0,0.0009028967469930649,0.005542604252696037,0.0,0.0,0.010416666666666666,0.13856510631740093
2140.0,0.0005816311459057033,0.0036212208215147257,0.0011474455241113901,0.0,0.013888888888888888,0.09259259259259259
2141.0,0.0007213710341602564,0.0046644555404782295,0.0,0.0,0.013888888888888888,0.11661138851195574
2142.0,0.0004886471433565021,0.003094926243647933,0.0,0.0,0.012152777777777778,0.08101851851851852
2143.0,0.0,0.0,0.0,0.0,0.0,0.0
2144.0,0.0002817435306496918,0.0,0.0,0.0,0.003472222222222222,0.023478627554140985
2145.0,0.00046973713324405253,0.0,0.0,0.0,0.010416666666666666,0.06944444444444445
2146.0,0.000410726381232962,0.0,0.0,0.0,0.010416666666666666,0.06944444444444445
2147.0,0.0002178818976972252,0.0,0.0,0.0,0.006944444444444444,0.046296296296296294
2148.0,3.1147872050496517e-06,0.0,0.0,0.0,0.0,0.0002595656004208043
2149.0,3.0467035685433075e-06,0.0,0.0,0.0,0.0,0.00025389196404527564
2150.0,0.0,0.0,0.0,0.0,0.0,0.0
2151.0,0.0,0.0,0.0,0.0,0.0,0.0
2152.0,0.0,0.0,0.0,0.0,0.0,0.0
2153.0,0.00015596061712130904,0.0,0.0,0.0,0.005208333333333333,0.034722222222222224
2154.0,0.00030375129426829517,0.0,0.0,0.0,0.003472222222222222,0.025312607855691265
2155.0,0.0001654751831665635,0.0,0.0,0.0,0.005208333333333333,0.034722222222222224
2156.0,5.116421380080283e-05,0.0,0.0,0.0,0.001736111111111111,0.011574074074074073
2157.0,0.00030838092789053917,0.0,0.0,0.0,0.005208333333333333,0.034722222222222224
2158.0,0.0002707141393329948,0.0,0.0,0.0,0.005208333333333333,0.034722222222222224
2159.0,3.404136634799215e-07,0.0,0.0,0.0,0.0,2.836780528999346e-05
2160.0,0.0,0.0,0.0,0.0,0.0,0.0
2161.0,0.0,0.0,0.0,0.0,0.0,0.0
2162.0,0.0,0.0,0.0,0.0,0.0,0.0
2163.0,0.0,0.0,0.0,0.0,0.0,0.0
2164.0,0.0,0.0,0.0,0.0,0.0,0.0
2165.0,5.41257941222284e-06,0.0,0.0,0.0,0.0,0.0004510482843519033
2166.0,1.1914564623793922e-07,0.0,0.0,0.0,0.0,9.928803853161602e-06
2167.0,1.1914564623793922e-07,0.0,0.0,0.0,0.0,9.928803853161602e-06
2168.0,0.00013701657007914037,0.0,0.0,0.0,0.001736111111111111,0.011574074074074073
2169.0,0.00015034379612188786,0.0,0.0,0.0,0.0,0.012528649676823989
2170.0,0.00014413123426493257,0.0,0.0,0.0,0.001736111111111111,0.012010936188744381
2171.0,1.4416527847060934e-05,0.0,0.0,0.0,0.0,0.001201377320588411
2172.0,1.021249502741739e-07,0.0,0.0,0.0,0.0,8.510412522847824e-06
2173.0,9.616689567337744e-06,0.0,0.0,0.0,0.0,0.0008013907972781453
2174.0,5.991284979245393e-06,0.0,0.0,0.0,0.0,0.0004992737482704493
2175.0,3.404139192753064e-08,0.0,0.0,0.0,0.0,2.8367826606275535e-06
2176.0,3.404139192753064e-08,0.0,0.0,0.0,0.0,2.8367826606275535e-06
2177.0,3.404139192753064e-08,0.0,0.0,0.0,0.0,2.8367826606275535e-06
2178.0,3.404139192753064e-08,0.0,0.0,0.0,0.0,2.8367826606275535e-06
2179.0,3.404139192753064e-08,0.0,0.0,0.0,0.0,2.8367826606275535e-06
2180.0,3.404139192753064e-08,0.0,0.0,0.0,0.0,2.8367826606275535e-06
2181.0,3.404139192753064e-08,0.0,0.0,0.0,0.0,2.8367826606275535e-06
2182.0,0.0,0.0,0.0,0.0,0.0,0.0
2183.0,3.404139192753064e-08,0.0,0.0,0.0,0.0,2.8367826606275535e-06
2184.0,3.404139192753064e-08,0.0,0.0,0.0,0.0,2.8367826606275535e-06
2185.0,3.404139192753064e-08,0.0,0.0,0.0,0.0,2.8367826606275535e-06
2186.0,3.404139192753064e-08,0.0,0.0,0.0,0.0,2.8367826606275535e-06
2187.0,3.404139192753064e-08,0.0,0.0,0.0,0.0,2.8367826606275535e-06
2188.0,3.404139192753064e-08,0.0,0.0,0.0,0.0,2.8367826606275535e-06
2189.0,3.404139192753064e-08,0.0,0.0,0.0,0.0,2.8367826606275535e-06
2190.0,1.702069596376532e-08,0.0,0.0,0.0,0.0,1.4183913303137767e-06
2191.0,5.106208789129596e-08,0.0,0.0,0.0,0.0,4.25517399094133e-06
2192.0,3.404139192753064e-08,0.0,0.0,0.0,0.0,2.8367826606275535e-06
2193.0,3.404139192753064e-08,0.0,0.0,0.0,0.0,2.8367826606275535e-06
2194.0,3.404139192753064e-08,0.0,0.0,0.0,0.0,2.8367826606275535e-06
2195.0,3.404139192753064e-08,0.0,0.0,0.0,0.0,2.8367826606275535e-06
2196.0,3.404139192753064e-08,0.0,0.0,0.0,0.0,2.8367826606275535e-06
2197.0,3.404139192753064e-08,0.0,0.0,0.0,0.0,2.8367826606275535e-06
2198.0,5.991284524498042e-06,0.0,0.0,0.0,0.0,0.0004992737103748368
2199.0,5.991284979245393e-06,0.0,0.0,0.0,0.0,0.0004992737482704493
2200.0,3.404139192753064e-08,0.0,0.0,0.0,0.0,2.8367826606275535e-06
2201.0,3.404139192753064e-08,0.0,0.0,0.0,0.0,2.8367826606275535e-06
2202.0,3.404139192753064e-08,0.0,0.0,0.0,0.0,2.8367826606275535e-06
2203.0,3.404139192753064e-08,0.0,0.0,0.0,0.0,2.8367826606275535e-06
2204.0,3.404139192753064e-08,0.0,0.0,0.0,0.0,2.8367826606275535e-06
2205.0,3.404139192753064e-08,0.0,0.0,0.0,0.0,2.8367826606275535e-06
2206.0,3.404139192753064e-08,0.0,0.0,0.0,0.0,2.8367826606275535e-06
2207.0,0.0,0.0,0.0,0.0,0.0,0.0
2208.0,3.404139192753064e-08,0.0,0.0,0.0,0.0,2.8367826606275535e-06
2209.0,3.404139192753064e-08,0.0,0.0,0.0,0.0,2.8367826606275535e-06
2210.0,3.404139192753064e-08,0.0,0.0,0.0,0.0,2.8367826606275535e-06
2211.0,3.404139192753064e-08,0.0,0.0,0.0,0.0,2.8367826606275535e-06
2212.0,3.404139192753064e-08,0.0,0.0,0.0,0.0,2.8367826606275535e-06
2213.0,3.404139192753064e-08,0.0,0.0,0.0,0.0,2.8367826606275535e-06
2214.0,3.404139192753064e-08,0.0,0.0,0.0,0.0,2.8367826606275535e-06
2215.0,2.2399230147129856e-05,0.0,0.0,0.0,0.0,0.0018666025122608212
2216.0,0.00013616555952467024,0.0,0.0,0.0,0.0,0.011347129960389188
2217.0,1.0212379208951461e-07,0.0,0.0,0.0,0.0,8.51031600745955e-06
2218.0,3.404139192753064e-08,0.0,0.0,0.0,0.0,2.8367826606275535e-06
2219.0,3.404139192753064e-08,0.0,0.0,0.0,0.0,2.8367826606275535e-06
2220.0,3.404139192753064e-08,0.0,0.0,0.0,0.0,2.8367826606275535e-06
2221.0,3.404139192753064e-08,0.0,0.0,0.0,0.0,2.8367826606275535e-06
2222.0,3.404139192753064e-08,0.0,0.0,0.0,0.0,2.8367826606275535e-06
2223.0,7.659310540475417e-06,0.0,0.0,0.0,0.0,0.0006382758783729514
2224.0,6.07638867222704e-06,0.0,0.0,0.0,0.0,0.0005063657226855867
2225.0,3.404139192753064e-08,0.0,0.0,0.0,0.0,2.8367826606275535e-06
2226.0,3.404139192753064e-08,0.0,0.0,0.0,0.0,2.8367826606275535e-06
2227.0,3.404139192753064e-08,0.0,0.0,0.0,0.0,2.8367826606275535e-06
2228.0,3.404139192753064e-08,0.0,0.0,0.0,0.0,2.8367826606275535e-06
2229.0,7.249113696161658e-05,0.0,0.0,0.0,0.006944444444444444,0.046296296296296294
2230.0,0.00018230864952784032,0.0,0.0,0.0,0.001736111111111111,0.015192387460653359
2231.0,3.404139192753064e-08,0.0,0.0,0.0,0.0,2.8367826606275535e-06
2232.0,5.0347214710200205e-05,0.0,0.0,0.0,0.0,0.004195601225850017
2233.0,0.000142156844958663,0.0,0.0,0.0,0.001736111111111111,0.011846403746555248
2234.0,0.0002047759626293555,0.0,0.0,0.0,0.005208333333333333,0.034722222222222224
2235.0,3.404139192753064e-08,0.0,0.0,0.0,0.0,2.8367826606275535e-06
2236.0,3.404139192753064e-08,0.0,0.0,0.0,0.0,2.8367826606275535e-06
2237.0,0.0003479371080175042,0.0,0.0,0.0,0.001736111111111111,0.028994759001458682
2238.0,6.859344011900248e-06,0.0,0.0,0.0,0.0,0.0005716120009916873
2239.0,0.0,0.0,0.0,0.0,0.0,0.0
2240.0,5.0874856242444366e-05,0.0,0.0,0.0,0.0,0.0042395713535370305
2241.0,1.1914564623793922e-07,0.0,0.0,0.0,0.0,9.928803853161602e-06
2242.0,1.1914564623793922e-07,0.0,0.0,0.0,0.0,9.928803853161602e-06
2243.0,1.1914564623793922e-07,0.0,0.0,0.0,0.0,9.928803853161602e-06
2244.0,1.1914564623793922e-07,0.0,0.0,0.0,0.0,9.928803853161602e-06
2245.0,1.1914564623793922e-07,0.0,0.0,0.0,0.0,9.928803853161602e-06
2246.0,1.1914564623793922e-07,0.0,0.0,0.0,0.0,9.928803853161602e-06
2247.0,1.1914564623793922e-07,0.0,0.0,0.0,0.0,9.928803853161602e-06
2248.0,6.246597422432387e-06,0.0,0.0,0.0,0.0,0.0005205497852026989
2249.0,6.365743047354044e-06,0.0,0.0,0.0,0.0,0.0005304785872795037
2250.0,1.1914564623793922e-07,0.0,0.0,0.0,0.0,9.928803853161602e-06
2251.0,1.1914564623793922e-07,0.0,0.0,0.0,0.0,9.928803853161602e-06
2252.0,1.1914564623793922e-07,0.0,0.0,0.0,0.0,9.928803853161602e-06
2253.0,1.1914564623793922e-07,0.0,0.0,0.0,0.0,9.928803853161602e-06
2254.0,1.1914564623793922e-07,0.0,0.0,0.0,0.0,9.928803853161602e-06
2255.0,1.1914564623793922e-07,0.0,0.0,0.0,0.0,9.928803853161602e-06
2256.0,1.1914564623793922e-07,0.0,0.0,0.0,0.0,9.928803853161602e-06
2257.0,0.0,0.0,0.0,0.0,0.0,0.0
2258.0,1.1914564623793922e-07,0.0,0.0,0.0,0.0,9.928803853161602e-06
2259.0,1.1914564623793922e-07,0.0,0.0,0.0,0.0,9.928803853161602e-06
2260.0,1.1914564623793922e-07,0.0,0.0,0.0,0.0,9.928803853161602e-06
2261.0,1.1914564623793922e-07,0.0,0.0,0.0,0.0,9.928803853161602e-06
2262.0,1.1914564623793922e-07,0.0,0.0,0.0,0.0,9.928803853161602e-06
2263.0,1.1914564623793922e-07,0.0,0.0,0.0,0.0,9.928803853161602e-06
2264.0,1.1914564623793922e-07,0.0,0.0,0.0,0.0,9.928803853161602e-06
2265.0,0.0,0.0,0.0,0.0,0.0,0.0
2266.0,1.1914564623793922e-07,0.0,0.0,0.0,0.0,9.928803853161602e-06
2267.0,1.1914564623793922e-07,0.0,0.0,0.0,0.0,9.928803853161602e-06
2268.0,1.1914564623793922e-07,0.0,0.0,0.0,0.0,9.928803853161602e-06
2269.0,0.009724142961204052,0.0,0.0,0.0,0.19444444444444445,1.2962962962962963
2270.0,0.055818747729063034,0.036587730050086975,0.39138263463974,0.003828163957223296,0.4739583333333333,4.651562310755253
2271.0,6.808278385506128e-07,0.0,0.0,0.0,0.0,5.6735653212551064e-05
2272.0,5.1061572747812534e-08,0.0,0.0,0.0,0.0,4.255131062317711e-06
2273.0,0.0,0.0,0.0,0.0,0.0,0.0
2274.0,0.0,0.0,0.0,0.0,0.0,0.0
2275.0,0.0,0.0,0.0,0.0,0.0,0.0
2276.0,0.0,0.0,0.0,0.0,0.0,0.0
2277.0,0.0,0.0,0.0,0.0,0.0,0.0
2278.0,2.433040435789735e-06,1.2106306712666992e-06,0.0,0.0,0.0,0.0002027533696491446
2279.0,2.024544301093556e-06,1.2106306712666992e-06,0.0,0.0,0.0,0.00016871202509112967
2280.0,0.00012002992298221216,0.0,0.0,0.0,0.0,0.010002493581851013
2281.0,0.0003692620084621012,0.0,0.0,0.0,0.0,0.030771834038508434
2282.0,0.0,0.0,0.0,0.0,0.0,0.0
2283.0,0.0,0.0,0.0,0.0,0.0,0.0
2284.0,0.0,0.0,0.0,0.0,0.0,0.0
2285.0,0.0,0.0,0.0,0.0,0.0,0.0
2286.0,0.0,0.0,0.0,0.0,0.0,0.0
2287.0,4.542577244137647e-06,0.0,0.0,0.0,0.0,0.00037854810367813724
2288.0,1.2731476999761071e-05,0.0,0.0,0.0,0.0,0.001060956416646756
2289.0,0.00012588505342137069,0.0,0.0,0.0,0.0,0.010490421118447557
2290.0,0.0,0.0,0.0,0.0,0.0,0.0
2291.0,0.0,0.0,0.0,0.0,0.0,0.0
2292.0,0.0,0.0,0.0,0.0,0.0,0.0
2293.0,0.0,0.0,0.0,0.0,0.0,0.0
2294.0,0.0,0.0,0.0,0.0,0.0,0.0
2295.0,3.7105066894582706e-06,0.0,0.0,0.0,0.0,0.0003092088907881892
2296.0,1.6339848798452294e-06,0.0,0.0,0.0,0.0,0.0001361654066537691
2297.0,5.1061572747812534e-08,0.0,0.0,0.0,0.0,4.255131062317711e-06
2298.0,0.0,0.0,0.0,0.0,0.0,0.0
2299.0,0.0,0.0,0.0,0.0,0.0,0.0
2300.0,0.0,0.0,0.0,0.0,0.0,0.0
2301.0,0.0,0.0,0.0,0.0,0.0,0.0
2302.0,0.00025030632968991995,0.0,0.0,0.0,0.005208333333333333,0.034722222222222224
2303.0,0.00023937811783980578,1.2106306712666992e-06,0.0,0.0,0.001736111111111111,0.019948176486650482
2304.0,0.00011410580918891355,1.2106306712666992e-06,0.0,0.0,0.0,0.009508817432409463
2305.0,0.00014775664021726698,0.0,0.0,0.0,0.001736111111111111,0.012313053351438915
2306.0,0.0,0.0,0.0,0.0,0.0,0.0
2307.0,0.0,0.0,0.0,0.0,0.0,0.0
2308.0,0.0,0.0,0.0,0.0,0.0,0.0
2309.0,0.00021995844144839793,0.0,0.0,0.0,0.001736111111111111,0.018329870120699827
2310.0,0.00014453972107730806,0.0,0.0,0.0,0.001736111111111111,0.012044976756442338
2311.0,9.664350363891572e-05,0.0,0.0,0.0,0.0,0.008053625303242976
2312.0,0.0001892871514428407,0.0,0.0,0.0,0.001736111111111111,0.015773929286903392
2313.0,0.00014147598994895816,0.0,0.0,0.0,0.001736111111111111,0.011789665829079846
2314.0,7.097627076291246e-06,0.0,0.0,0.0,0.0,0.0005914689230242706
2315.0,0.0,0.0,0.0,0.0,0.0,0.0
2316.0,0.0,0.0,0.0,0.0,0.0,0.0
2317.0,0.0,0.0,0.0,0.0,0.0,0.0
2318.0,0.0,0.0,0.0,0.0,0.0,0.0
2319.0,0.0,0.0,0.0,0.0,0.0,0.0
2320.0,4.970035661244765e-06,0.0,0.0,0.0,0.0,0.0004141696384370637
2321.0,1.6339848798452294e-06,0.0,0.0,0.0,0.0,0.0001361654066537691
2322.0,0.002153304871171713,0.0,0.0,0.0,0.015625,0.17944207259764275
2323.0,0.0,0.0,0.0,0.0,0.0,0.0
2324.0,0.0,0.0,0.0,0.0,0.0,0.0
2325.0,0.0,0.0,0.0,0.0,0.0,0.0
2326.0,0.0,0.0,0.0,0.0,0.0,0.0
2327.0,0.0,0.0,0.0,0.0,0.0,0.0
2328.0,4.747849288833095e-06,1.2106306712666992e-06,0.0,0.0,0.0,0.0003956541074027579
2329.0,2.024544301093556e-06,1.2106306712666992e-06,0.0,0.0,0.0,0.00016871202509112967
2330.0,5.787031795989606e-07,0.0,0.0,0.0,0.0,4.822526496658005e-05
2331.0,0.0,0.0,0.0,0.0,0.0,0.0
2332.0,7.870367699069902e-05,0.0005089057376608253,0.0,0.0,0.005208333333333333,0.034722222222222224
2333.0,0.00019726983737200499,0.0012745755957439542,0.0,0.0,0.003472222222222222,0.031864389893598855
2334.0,0.00022613696637563407,0.0014577112160623074,0.0,0.0,0.005208333333333333,0.036442780401557684
2335.0,6.396378012141213e-05,0.0004135960480198264,0.0,0.0,0.0,0.01033990120049566
2336.0,0.0,0.0,0.0,0.0,0.0,0.0
2337.0,9.257555939257145e-05,0.0005870466120541096,0.0,0.0,0.0,0.01467616530135274
2338.0,6.241488881641999e-05,0.00039686725358478725,0.0,0.0,0.0,0.009921681339619681
2339.0,0.0,0.0,0.0,0.0,0.0,0.0
2340.0,0.0,0.0,0.0,0.0,0.0,0.0
2341.0,0.0,0.0,0.0,0.0,0.0,0.0
2342.0,0.0,0.0,0.0,0.0,0.0,0.0
2343.0,0.0,0.0,0.0,0.0,0.0,0.0
2344.0,0.0,0.0,0.0,0.0,0.0,0.0
2345.0,2.910541979872505e-06,1.1886230822710786e-05,0.0,0.0,0.0,0.00029715577056776965
2346.0,6.808278385506128e-07,0.0,0.0,0.0,0.0,5.6735653212551064e-05
2347.0,5.1061572747812534e-08,0.0,0.0,0.0,0.0,4.255131062317711e-06
2348.0,0.0,0.0,0.0,0.0,0.0,0.0
2349.0,0.0,0.0,0.0,0.0,0.0,0.0
2350.0,0.0,0.0,0.0,0.0,0.0,0.0
2351.0,0.0,0.0,0.0,0.0,0.0,0.0
2352.0,0.0,0.0,0.0,0.0,0.0,0.0
2353.0,2.433040435789735e-06,1.2106306712666992e-06,0.0,0.0,0.0,0.0002027533696491446
2354.0,2.024544301093556e-06,1.2106306712666992e-06,0.0,0.0,0.0,0.00016871202509112967
2355.0,5.787031795989606e-07,0.0,0.0,0.0,0.0,4.822526496658005e-05
2356.0,0.0,0.0,0.0,0.0,0.0,0.0
2357.0,0.0,0.0,0.0,0.0,0.0,0.0
2358.0,0.0,0.0,0.0,0.0,0.0,0.0
2359.0,0.0,0.0,0.0,0.0,0.0,0.0
2360.0,0.0,0.0,0.0,0.0,0.0,0.0
2361.0,0.0,0.0,0.0,0.0,0.0,0.0
2362.0,9.531578371024807e-07,0.0,0.0,0.0,0.0,7.942981975854006e-05
2363.0,9.531578371024807e-07,0.0,0.0,0.0,0.0,7.942981975854006e-05
2364.0,0.0,0.0,0.0,0.0,0.0,0.0
2365.0,0.0,0.0,0.0,0.0,0.0,0.0
2366.0,0.0,0.0,0.0,0.0,0.0,0.0
2367.0,0.0,0.0,0.0,0.0,0.0,0.0
2368.0,0.0,0.0,0.0,0.0,0.0,0.0
2369.0,0.0,0.0,0.0,0.0,0.0,0.0
2370.0,7.318894290619937e-07,0.0,0.0,0.0,0.0,6.0990785755166144e-05
2371.0,6.808278385506128e-07,0.0,0.0,0.0,0.0,5.6735653212551064e-05
2372.0,5.1061572747812534e-08,0.0,0.0,0.0,0.0,4.255131062317711e-06
2373.0,0.0,0.0,0.0,0.0,0.0,0.0
2374.0,0.0,0.0,0.0,0.0,0.0,0.0
2375.0,0.0,0.0,0.0,0.0,0.0,0.0
2376.0,0.0,0.0,0.0,0.0,0.0,0.0
2377.0,0.0006304464768618345,0.004075538367033005,0.0,0.0,0.015625,0.10416666666666667
2378.0,0.0010213598143309355,0.0011405254481360316,0.0,0.0,0.041666666666666664,0.2777777777777778
2379.0,0.0006483683246187866,0.004180092830210924,0.0,0.0,0.020833333333333332,0.1388888888888889
2380.0,0.00010396239667898044,0.0006663980311714113,0.0,0.0,0.006944444444444444,0.046296296296296294
2381.0,9.174153819913045e-05,0.0,0.0,0.0,0.003472222222222222,0.023148148148148147
2382.0,0.0001517735217930749,0.0009813824435696006,0.0,0.0,0.0,0.024534561089240015
2383.0,0.00012532337859738618,0.000424711819505319,0.0,0.0,0.003472222222222222,0.023148148148148147
2384.0,0.00015621593047399074,1.1005748490333644e-07,0.0,0.0,0.0,0.013017994206165895
2385.0,0.00011247274960624054,0.0007272597867995501,0.0,0.0,0.003472222222222222,0.023148148148148147
2386.0,9.691583545645699e-05,0.0006232555024325848,0.0,0.0,0.0,0.015581387560814619
2387.0,0.0006267700809985399,0.0001371317048324272,0.0,0.0,0.013888888888888888,0.09259259259259259
2388.0,1.2595302223417093e-06,0.0,0.0,0.0,0.0,0.0001049608518618091
2389.0,0.0,0.0,0.0,0.0,0.0,0.0
2390.0,0.0,0.0,0.0,0.0,0.0,0.0
2391.0,0.0,0.0,0.0,0.0,0.0,0.0
2392.0,0.0,0.0,0.0,0.0,0.0,0.0
2393.0,0.0,0.0,0.0,0.0,0.0,0.0
2394.0,0.0,0.0,0.0,0.0,0.0,0.0
2395.0,0.00010539214417804033,0.0,0.0,0.0,0.0,0.008782678681503361
2396.0,8.181847806554288e-05,1.1005748490333644e-07,0.0,0.0,0.0,0.006818206505461906
2397.0,3.404100468173965e-08,0.0,0.0,0.0,0.0,2.836750390144971e-06
2398.0,0.0,0.0,0.0,0.0,0.0,0.0
2399.0,0.0,0.0,0.0,0.0,0.0,0.0
2400.0,0.0,0.0,0.0,0.0,0.0,0.0
2401.0,0.0,0.0,0.0,0.0,0.0,0.0
2402.0,0.0,0.0,0.0,0.0,0.0,0.0
2403.0,6.007384399708826e-06,1.2106306712666992e-06,0.0,0.0,0.0,0.0005006153666424021
2404.0,2.024544301093556e-06,1.2106306712666992e-06,0.0,0.0,0.0,0.00016871202509112967
2405.0,5.787031795989606e-07,0.0,0.0,0.0,0.0,4.822526496658005e-05
2406.0,0.0,0.0,0.0,0.0,0.0,0.0
2407.0,0.0,0.0,0.0,0.0,0.0,0.0
2408.0,0.00014728006499353796,0.0,0.0,0.0,0.003472222222222222,0.023148148148148147
2409.0,0.0008679532911628485,0.0,0.0,0.0,0.034722222222222224,0.2314814814814815
2410.0,0.0006424800958484411,0.0,0.0,0.0,0.013888888888888888,0.09259259259259259
2411.0,0.0003082958282902837,0.0,0.0,0.0,0.006944444444444444,0.046296296296296294
2412.0,1.4263348020904232e-05,0.0,0.0,0.0,0.0,0.0011886123350753526
2413.0,0.00015917753626126796,0.0,0.0,0.0,0.0,0.013264794688438997
2414.0,9.015860996441916e-05,0.0,0.0,0.0,0.0,0.00751321749703493
2415.0,0.0,0.0,0.0,0.0,0.0,0.0
2416.0,0.0,0.0,0.0,0.0,0.0,0.0
2417.0,8.164826431311667e-05,0.0,0.0,0.0,0.003472222222222222,0.023148148148148147
2418.0,1.5301606254070066e-05,0.0,0.0,0.0,0.0,0.0012751338545058388
2419.0,0.00014314403233584017,0.0,0.0,0.0,0.0,0.011928669361320013
2420.0,1.089322722691577e-05,0.0,0.0,0.0,0.0,0.0009077689355763141
2421.0,6.808278385506128e-07,0.0,0.0,0.0,0.0,5.6735653212551064e-05
2422.0,8.309502300107852e-05,0.0,0.0,0.0,0.0,0.006924585250089876
2423.0,6.806575402151793e-05,0.0,0.0,0.0,0.003472222222222222,0.023148148148148147
2424.0,0.0,0.0,0.0,0.0,0.0,0.0
2425.0,8.906928997021168e-05,0.0,0.0,0.0,0.003472222222222222,0.023148148148148147
2426.0,0.0006998229073360562,0.0,0.0,0.0,0.013888888888888888,0.09259259259259259
2427.0,0.00033329922007396817,0.0,0.0,0.0,0.006944444444444444,0.046296296296296294
2428.0,0.00025563480448909104,1.2106306712666992e-06,0.0,0.0,0.003472222222222222,0.023148148148148147
2429.0,0.0002669365785550326,1.2106306712666992e-06,0.0,0.0,0.003472222222222222,0.023148148148148147
2430.0,5.787031795989606e-07,0.0,0.0,0.0,0.0,4.822526496658005e-05
2431.0,0.0,0.0,0.0,0.0,0.0,0.0
2432.0,0.0,0.0,0.0,0.0,0.0,0.0
2433.0,0.0,0.0,0.0,0.0,0.0,0.0
2434.0,0.0,0.0,0.0,0.0,0.0,0.0
2435.0,0.0,0.0,0.0,0.0,0.0,0.0
2436.0,0.0,0.0,0.0,0.0,0.0,0.0
2437.0,5.6679082263144664e-06,0.0,0.0,0.0,0.0,0.0004723256855262055
2438.0,9.531578371024807e-07,0.0,0.0,0.0,0.0,7.942981975854006e-05
2439.0,0.0,0.0,0.0,0.0,0.0,0.0
2440.0,0.0,0.0,0.0,0.0,0.0,0.0
2441.0,0.0,0.0,0.0,0.0,0.0,0.0
2442.0,0.00011311953130643815,0.0,0.0,0.0,0.0,0.009426627608869845
2443.0,0.0004611737094819546,0.0,0.0,0.0,0.010416666666666666,0.06944444444444445
2444.0,0.0004743837926071137,0.0,0.0,0.0,0.010416666666666666,0.06944444444444445
2445.0,8.862482354743406e-05,0.0,0.0,0.0,0.0,0.0073854019622861715
2446.0,0.0001441652566427365,0.0,0.0,0.0,0.0,0.012013771386894708
2447.0,7.99971815013123e-07,0.0,0.0,0.0,0.0,6.666431791776024e-05
2448.0,0.0,0.0,0.0,0.0,0.0,0.0
2449.0,7.672928768442944e-05,0.0,0.0,0.0,0.0,0.006394107307035786
2450.0,0.0001718409184832126,0.0,0.0,0.0,0.006944444444444444,0.046296296296296294
2451.0,0.00032570798066444695,0.0,0.0,0.0,0.003472222222222222,0.027142331722037245
2452.0,0.00013356137787923217,0.0,0.0,0.0,0.003472222222222222,0.023148148148148147
2453.0,0.00024559261510148644,1.2106306712666992e-06,0.0,0.0,0.003472222222222222,0.023148148148148147
2454.0,5.9539412177400663e-05,1.2106306712666992e-06,0.0,0.0,0.003472222222222222,0.023148148148148147
2455.0,0.00015391811029985547,0.0,0.0,0.0,0.006944444444444444,0.046296296296296294
2456.0,0.0006501905154436827,0.0,0.0,0.0,0.0,0.05418254295364022
2457.0,0.0005813247407786548,0.0,0.0,0.0,0.010416666666666666,0.06944444444444445
2458.0,6.14957680227235e-05,0.0,0.0,0.0,0.0,0.005124647335226958
2459.0,0.00016013067215681076,0.0,0.0,0.0,0.0,0.01334422267973423
2460.0,0.0,0.0,0.0,0.0,0.0,0.0
2461.0,0.0,0.0,0.0,0.0,0.0,0.0
2462.0,1.9131255612592213e-05,0.0,0.0,0.0,0.0,0.001594271301049351
2463.0,0.00036609615199267864,0.0,0.0,0.0,0.003472222222222222,0.03050801266605655
2464.0,0.0001398250024067238,0.0,0.0,0.0,0.0,0.01165208353389365
2465.0,0.0,0.0,0.0,0.0,0.0,0.0
2466.0,0.0,0.0,0.0,0.0,0.0,0.0
2467.0,0.0,0.0,0.0,0.0,0.0,0.0
2468.0,0.0,0.0,0.0,0.0,0.0,0.0
2469.0,0.0,0.0,0.0,0.0,0.0,0.0
2470.0,0.013234341517090797,0.017471881583333015,0.0,0.0,0.2065972222222222,1.3773148148148149
2471.0,6.808278385506128e-07,0.0,0.0,0.0,0.0,5.6735653212551064e-05
2472.0,5.1061572747812534e-08,0.0,0.0,0.0,0.0,4.255131062317711e-06
2473.0,0.0,0.0,0.0,0.0,0.0,0.0
2474.0,0.0,0.0,0.0,0.0,0.0,0.0
2475.0,0.0,0.0,0.0,0.0,0.0,0.0
2476.0,0.0,0.0,0.0,0.0,0.0,0.0
2477.0,0.0,0.0,0.0,0.0,0.0,0.0
2478.0,8.038956366362981e-06,5.762483851867728e-06,0.0,0.0,0.0,0.0006699130305302484
2479.0,2.024544301093556e-06,1.2106306712666992e-06,0.0,0.0,0.0,0.00016871202509112967
2480.0,5.787031795989606e-07,0.0,0.0,0.0,0.0,4.822526496658005e-05
2481.0,0.0,0.0,0.0,0.0,0.0,0.0
2482.0,0.0,0.0,0.0,0.0,0.0,0.0
2483.0,0.0,0.0,0.0,0.0,0.0,0.0
2484.0,0.0,0.0,0.0,0.0,0.0,0.0
2485.0,0.0,0.0,0.0,0.0,0.0,0.0
2486.0,0.0,0.0,0.0,0.0,0.0,0.0
2487.0,9.531578371024807e-07,0.0,0.0,0.0,0.0,7.942981975854006e-05
2488.0,0.04908672720193863,0.0272531695663929,0.0,0.0002840328961610794,0.21354166666666666,4.090560600161552
2489.0,0.0,0.0,0.0,0.0,0.0,0.0
2490.0,0.0,0.0,0.0,0.0,0.0,0.0
2491.0,8.51034798188266e-08,0.0,0.0,0.0,0.0,7.091956651568883e-06
2492.0,0.049086254090070724,0.0272531695663929,0.0,0.0002840328961610794,0.21354166666666666,4.090521174172561
2493.0,5.616826115328877e-07,0.0,0.0,0.0,0.0,4.6806884294407304e-05
2494.0,0.0,0.0,0.0,0.0,0.0,0.0
2495.0,0.0,0.0,0.0,0.0,0.0,0.0
2496.0,0.0,0.0,0.0,0.0,0.0,0.0
2497.0,0.0,0.0,0.0,0.0,0.0,0.0
2498.0,0.0,0.0,0.0,0.0,0.0,0.0
2499.0,0.0,0.0,0.0,0.0,0.0,0.0
2500.0,6.297647132669226e-07,0.0,0.0,0.0,0.0,5.2480392772243554e-05
2501.0,4.084963336481451e-07,0.0,0.0,0.0,0.0,3.4041361137345426e-05
2502.0,2.5530928837724787e-07,0.0,0.0,0.0,0.0,2.1275774031437322e-05
2503.0,0.0,0.0,0.0,0.0,0.0,0.0
2504.0,0.0,0.0,0.0,0.0,0.0,0.0
2505.0,0.0,0.0,0.0,0.0,0.0,0.0
2506.0,0.0,0.0,0.0,0.0,0.0,0.0
2507.0,0.0,0.0,0.0,0.0,0.0,0.0
2508.0,2.6543111744103953e-06,1.4307456694950815e-06,0.0,0.0,0.0,0.00022119259786753293
2509.0,2.2458145849668654e-06,1.4307456694950815e-06,0.0,0.0,0.0,0.00018715121541390545
2510.0,5.78703406972636e-07,0.0,0.0,0.0,0.0,4.822528391438633e-05
2511.0,0.0,0.0,0.0,0.0,0.0,0.0
2512.0,3.404165127562919e-08,0.0,0.0,0.0,0.0,2.8368042729690992e-06
2513.0,0.04908581078052521,0.0272531695663929,0.0,0.0002840328961610794,0.21354166666666666,4.090484231710434
2514.0,0.0,0.0,0.0,0.0,0.0,0.0
2515.0,0.0,0.0,0.0,0.0,0.0,0.0
2516.0,0.0,0.0,0.0,0.0,0.0,0.0
2517.0,0.04252113401889801,0.028713546693325043,0.39138263463974,0.003837419440969825,0.3715277777777778,3.5434278349081674
2518.0,0.0,0.0,0.0,0.0,0.0,0.0
2519.0,0.0,0.0,0.0,0.0,0.0,0.0
2520.0,0.0,0.0,0.0,0.0,0.0,0.0
2521.0,0.0,0.0,0.0,0.0,0.0,0.0
2522.0,8.592046651756391e-05,0.0,0.0,0.0,0.003472222222222222,0.023148148148148147
2523.0,0.0001967081770999357,0.0,0.0,0.0,0.005208333333333333,0.034722222222222224
2524.0,0.0015799461398273706,0.002070731483399868,0.0,0.0,0.03298611111111111,0.2199074074074074
2525.0,0.0009740943787619472,0.0025030372198671103,0.0,0.0,0.027777777777777776,0.18518518518518517
2526.0,0.001905296347104013,0.0,0.0,0.0,0.041666666666666664,0.2777777777777778
2527.0,0.0003340140974614769,0.0007252786890603602,0.0,0.0,0.005208333333333333,0.034722222222222224
2528.0,0.0003605493693612516,0.002330687129870057,0.0,0.0,0.008680555555555556,0.05826717824675143
2529.0,0.0003996458253823221,0.0023948505986481905,0.0,0.0,0.005208333333333333,0.05987126496620476
2530.0,0.00021297992498148233,0.0013768189819529653,0.0,0.0,0.003472222222222222,0.03442047454882413
2531.0,0.0003788125468418002,0.00051881093531847,0.0,0.0,0.005208333333333333,0.034722222222222224
2532.0,0.00026276547578163445,0.0,0.0,0.0,0.003472222222222222,0.023148148148148147
2533.0,0.00037188513670116663,5.6129269978555385e-06,0.0,0.0,0.006944444444444444,0.046296296296296294
2534.0,0.0002394300972810015,0.0,0.0,0.0,0.003472222222222222,0.023148148148148147
2535.0,0.0003769062168430537,1.4307473747976474e-06,0.0,0.0,0.005208333333333333,0.034722222222222224
2536.0,0.00016470925766043365,0.0,0.0,0.0,0.006944444444444444,0.046296296296296294
2537.0,7.851645204937086e-05,0.0,0.0,0.0,0.008680555555555556,0.05787037037037038
2538.0,0.00041297308052890003,0.0001847864914452657,0.0,0.0,0.005208333333333333,0.034722222222222224
2539.0,9.249044524040073e-05,0.0,0.0,0.0,0.001736111111111111,0.011574074074074073
2540.0,0.0,0.0,0.0,0.0,0.0,0.0
2541.0,0.00010842181654879823,0.0,0.0,0.0,0.003472222222222222,0.023148148148148147
2542.0,0.000406522216508165,0.0,0.0,0.0,0.006944444444444444,0.046296296296296294
2543.0,0.00036974053364247084,0.0,0.0,0.0,0.006944444444444444,0.046296296296296294
2544.0,0.0003226953558623791,0.0,0.0,0.0,0.006944444444444444,0.046296296296296294
2545.0,0.000160130686708726,0.0,0.0,0.0,0.003472222222222222,0.023148148148148147
2546.0,0.0003995607839897275,2.6413804334879387e-06,0.0,0.0,0.006944444444444444,0.046296296296296294
2547.0,0.00037258301745168865,0.0,0.0,0.0,0.010416666666666666,0.06944444444444445
2548.0,0.0002006399299716577,0.0,0.0,0.0,0.005208333333333333,0.034722222222222224
2549.0,0.00047417948371730745,0.0,0.0,0.0,0.005208333333333333,0.039514956976442285
2550.0,0.0002839392109308392,0.0,0.0,0.0,0.005208333333333333,0.034722222222222224
2551.0,0.00028250948525965214,0.0,0.0,0.0,0.006944444444444444,0.046296296296296294
2552.0,0.00026731000980362296,0.0,0.0,0.0,0.008680555555555556,0.05787037037037038
2553.0,5.553852679440752e-05,0.0,0.0,0.0,0.0,0.004628210566200626
2554.0,2.2280088160187006e-05,0.0,0.0,0.0,0.0,0.001856674013348917
2555.0,3.233926975099166e-07,0.0,0.0,0.0,0.0,2.6949391459159717e-05
2556.0,0.0,0.0,0.0,0.0,0.0,0.0
2557.0,0.00022683475981466472,0.0,0.0,0.0,0.005208333333333333,0.034722222222222224
2558.0,0.0,0.0,0.0,0.0,0.0,0.0
2559.0,0.0,0.0,0.0,0.0,0.0,0.0
2560.0,0.00032278039725497365,0.0,0.0,0.0,0.006944444444444444,0.046296296296296294
2561.0,4.650052869692445e-05,0.0,0.0,0.0,0.006944444444444444,0.046296296296296294
2562.0,3.298610317870043e-05,0.0,0.0,0.0,0.006944444444444444,0.046296296296296294
2563.0,4.119005097891204e-06,0.0,0.0,0.0,0.0,0.000343250424824267
2564.0,0.0,0.0,0.0,0.0,0.0,0.0
2565.0,0.0,0.0,0.0,0.0,0.0,0.0
2566.0,0.0,0.0,0.0,0.0,0.0,0.0
2567.0,0.0,0.0,0.0,0.0,0.0,0.0
2568.0,1.3922925063525327e-05,0.0,0.0,0.0,0.001736111111111111,0.011574074074074073
2569.0,0.00019633372721727937,0.0,0.0,0.0,0.003472222222222222,0.023148148148148147
2570.0,0.0001658496621530503,0.0,0.0,0.0,0.005208333333333333,0.034722222222222224
2571.0,0.00028021170874126256,0.0,0.0,0.0,0.003472222222222222,0.023350975728438545
2572.0,0.0002770969003904611,0.0,0.0,0.0,0.005208333333333333,0.034722222222222224
2573.0,0.00021910740179009736,0.0,0.0,0.0,0.001736111111111111,0.01825895014917478
2574.0,0.0,0.0,0.0,0.0,0.0,0.0
2575.0,9.424358722753823e-05,0.0,0.0,0.0,0.0,0.007853632268961519
2576.0,0.0001496289187343791,0.0,0.0,0.0,0.005208333333333333,0.034722222222222224
2577.0,0.00021238419867586344,0.0,0.0,0.0,0.006944444444444444,0.046296296296296294
2578.0,0.00035066032432951033,0.0,0.0,0.0,0.005208333333333333,0.034722222222222224
2579.0,0.00022332854859996587,0.0,0.0,0.0,0.005208333333333333,0.034722222222222224
2580.0,3.233926975099166e-07,0.0,0.0,0.0,0.0,2.6949391459159717e-05
2581.0,0.0,0.0,0.0,0.0,0.0,0.0
2582.0,0.0,0.0,0.0,0.0,0.0,0.0
2583.0,0.0,0.0,0.0,0.0,0.0,0.0
2584.0,0.0,0.0,0.0,0.0,0.0,0.0
2585.0,0.0,0.0,0.0,0.0,0.0,0.0
2586.0,0.0,0.0,0.0,0.0,0.0,0.0
2587.0,0.05598996579647064,0.0401507169008255,0.39138263463974,0.003837419440969825,0.40625,4.66583048303922
2588.0,0.0,0.0,0.0,0.0,0.0,0.0
2589.0,0.0,0.0,0.0,0.0,0.0,0.0
2590.0,0.0,0.0,0.0,0.0,0.0,0.0
2591.0,0.0,0.0,0.0,0.0,0.0,0.0
2592.0,0.0,0.0,0.0,0.0,0.0,0.0
2593.0,0.0,0.0,0.0,0.0,0.0,0.0
2594.0,0.0,0.0,0.0,0.0,0.0,0.0
2595.0,2.6937055963571765e-07,7.512556976507767e-07,0.0,0.0,0.0,2.2447546636309806e-05
2596.0,2.6937055963571765e-07,7.512556976507767e-07,0.0,0.0,0.0,2.2447546636309806e-05
2597.0,0.0,0.0,0.0,0.0,0.0,0.0
2598.0,0.0,0.0,0.0,0.0,0.0,0.0
2599.0,6.539351306855679e-05,0.0,0.0,0.0,0.0,0.005449459422379732
2600.0,0.00031855935230851173,0.0,0.0,0.0,0.001736111111111111,0.026546612692375977
2601.0,0.0,0.0,0.0,0.0,0.0,0.0
2602.0,0.0,0.0,0.0,0.0,0.0,0.0
2603.0,0.000182563962880522,0.0006100485334172845,0.0,0.0,0.006944444444444444,0.046296296296296294
2604.0,0.00016263272846117616,0.00012381465057842433,0.0,0.0,0.006944444444444444,0.046296296296296294
2605.0,0.000285437039565295,0.00029484397964552045,0.0,0.0,0.003472222222222222,0.02378641996377458
2606.0,0.00029707918292842805,0.0,0.0,0.0,0.001736111111111111,0.024756598577369004
2607.0,0.00022252854250837117,0.0,0.0,0.0,0.006944444444444444,0.046296296296296294
2608.0,0.0002151415537809953,0.0,0.0,0.0,0.006944444444444444,0.046296296296296294
2609.0,0.00014472696057055146,0.0,0.0,0.0,0.003472222222222222,0.023148148148148147
2610.0,0.00029035602346993983,0.0,0.0,0.0,0.001736111111111111,0.024196335289161652
2611.0,0.00023100485850591213,0.0,0.0,0.0,0.003472222222222222,0.023148148148148147
2612.0,0.00021534583356697112,3.1916654279484646e-06,0.0,0.0,0.003472222222222222,0.023148148148148147
2613.0,0.00018111721146851778,0.0,0.0,0.0,0.001736111111111111,0.015093100955709815
2614.0,9.463506103202235e-06,0.0,0.0,0.0,0.0,0.0007886255086001862
2615.0,0.0,0.0,0.0,0.0,0.0,0.0
2616.0,0.0,0.0,0.0,0.0,0.0,0.0
2617.0,0.0,0.0,0.0,0.0,0.0,0.0
2618.0,0.0,0.0,0.0,0.0,0.0,0.0
2619.0,0.0,0.0,0.0,0.0,0.0,0.0
2620.0,4.813893156097038e-06,7.512556976507767e-07,0.0,0.0,0.0,0.0004011577630080865
2621.0,4.3957706452601997e-07,7.512556976507767e-07,0.0,0.0,0.0,3.6631422043834995e-05
2622.0,0.0,0.0,0.0,0.0,0.0,0.0
2623.0,0.0,0.0,0.0,0.0,0.0,0.0
2624.0,0.0,0.0,0.0,0.0,0.0,0.0
2625.0,0.0,0.0,0.0,0.0,0.0,0.0
2626.0,0.0,0.0,0.0,0.0,0.0,0.0
2627.0,0.0,0.0,0.0,0.0,0.0,0.0
2628.0,0.0,0.0,0.0,0.0,0.0,0.0
2629.0,0.0,0.0,0.0,0.0,0.0,0.0
2630.0,0.0,0.0,0.0,0.0,0.0,0.0
2631.0,0.0,0.0,0.0,0.0,0.0,0.0
2632.0,0.0,0.0,0.0,0.0,0.0,0.0
2633.0,0.0,0.0,0.0,0.0,0.0,0.0
2634.0,0.0,0.0,0.0,0.0,0.0,0.0
2635.0,0.0,0.0,0.0,0.0,0.0,0.0
2636.0,0.0,0.0,0.0,0.0,0.0,0.0
2637.0,0.0,0.0,0.0,0.0,0.0,0.0
2638.0,0.0,0.0,0.0,0.0,0.0,0.0
2639.0,0.0,0.0,0.0,0.0,0.0,0.0
2640.0,0.0,0.0,0.0,0.0,0.0,0.0
2641.0,0.0,0.0,0.0,0.0,0.0,0.0
2642.0,0.0,0.0,0.0,0.0,0.0,0.0
2643.0,0.0,0.0,0.0,0.0,0.0,0.0
2644.0,0.0,0.0,0.0,0.0,0.0,0.0
2645.0,4.3957706452601997e-07,7.512556976507767e-07,0.0,0.0,0.0,3.6631422043834995e-05
2646.0,4.3957706452601997e-07,7.512556976507767e-07,0.0,0.0,0.0,3.6631422043834995e-05
2647.0,0.0,0.0,0.0,0.0,0.0,0.0
2648.0,0.0,0.0,0.0,0.0,0.0,0.0
2649.0,0.0,0.0,0.0,0.0,0.0,0.0
2650.0,0.0,0.0,0.0,0.0,0.0,0.0
2651.0,0.0,0.0,0.0,0.0,0.0,0.0
2652.0,0.0,0.0,0.0,0.0,0.0,0.0
2653.0,0.0,0.0,0.0,0.0,0.0,0.0
2654.0,9.701795352157205e-05,0.0,0.0,0.0,0.003472222222222222,0.023148148148148147
2655.0,0.00013374860282056034,0.0,0.0,0.0,0.003472222222222222,0.023148148148148147
2656.0,0.00018532130343373865,0.0,0.0,0.0,0.003472222222222222,0.023148148148148147
2657.0,9.594565199222416e-05,0.0,0.0,0.0,0.003472222222222222,0.023148148148148147
2658.0,0.0002481276751495898,0.0,0.0,0.0,0.003472222222222222,0.023148148148148147
2659.0,0.00024782129912637174,0.0,0.0,0.0,0.006944444444444444,0.046296296296296294
2660.0,0.00018445326713845134,0.0,0.0,0.0,0.001736111111111111,0.015371105594870944
2661.0,0.0,0.0,0.0,0.0,0.0,0.0
2662.0,0.0002968919579870999,0.0,0.0,0.0,0.010416666666666666,0.06944444444444445
2663.0,0.00015097353025339544,0.0,0.0,0.0,0.003472222222222222,0.023148148148148147
2664.0,0.0002521445567253977,0.0,0.0,0.0,0.003472222222222222,0.023148148148148147
2665.0,0.0002730289415922016,0.0,0.0,0.0,0.003472222222222222,0.023148148148148147
2666.0,5.3734329412691295e-05,0.0,0.0,0.0,0.0,0.004477860784390941
2667.0,0.00023398346093017608,0.0,0.0,0.0,0.005208333333333333,0.034722222222222224
2668.0,0.00014899915549904108,0.0,0.0,0.0,0.001736111111111111,0.012416596291586757
2669.0,0.0001311444357270375,0.0,0.0,0.0,0.0,0.010928702977253124
2670.0,0.00025670311879366636,7.512556976507767e-07,0.0,0.0,0.006944444444444444,0.046296296296296294
2671.0,0.00018850123160518706,7.512556976507767e-07,0.0,0.0,0.005208333333333333,0.034722222222222224
2672.0,0.00019318486738484353,0.0,0.0,0.0,0.005208333333333333,0.034722222222222224
2673.0,0.00022610288579016924,0.0,0.0,0.0,0.005208333333333333,0.034722222222222224
2674.0,0.0002577613922767341,0.0,0.0,0.0,0.006944444444444444,0.046296296296296294
2675.0,0.0,0.0,0.0,0.0,0.0,0.0
2676.0,0.0,0.0,0.0,0.0,0.0,0.0
2677.0,0.0,0.0,0.0,0.0,0.0,0.0
2678.0,0.0,0.0,0.0,0.0,0.0,0.0
2679.0,1.317400256084511e-05,0.0,0.0,0.0,0.0,0.0010978335467370925
2680.0,0.0,0.0,0.0,0.0,0.0,0.0
2681.0,0.0,0.0,0.0,0.0,0.0,0.0
2682.0,0.00016949206474237144,0.0,0.0,0.0,0.006944444444444444,0.046296296296296294
2683.0,0.0001564882550155744,0.0,0.0,0.0,0.0,0.013040687917964533
2684.0,0.0,0.0,0.0,0.0,0.0,0.0
2685.0,0.0,0.0,0.0,0.0,0.0,0.0
2686.0,0.00017527911404613405,0.0,0.0,0.0,0.008680555555555556,0.05787037037037038
2687.0,4.255179646861507e-06,0.0,0.0,0.0,0.0,0.00035459830390512553
2688.0,0.0,0.0,0.0,0.0,0.0,0.0
2689.0,0.00015182458446361125,0.0,0.0,0.0,0.010416666666666666,0.06944444444444445
2690.0,5.053443237557076e-05,0.0,0.0,0.0,0.0,0.00421120269796423
2691.0,0.0,0.0,0.0,0.0,0.0,0.0
2692.0,0.000144471661769785,0.0,0.0,0.0,0.005208333333333333,0.034722222222222224
2693.0,0.00020366962417028844,0.0,0.0,0.0,0.006944444444444444,0.046296296296296294
2694.0,0.000155654241098091,0.0,0.0,0.0,0.006944444444444444,0.046296296296296294
2695.0,0.00011881849059136584,7.512556976507767e-07,0.0,0.0,0.003472222222222222,0.023148148148148147
2696.0,0.0001585447898833081,7.512556976507767e-07,0.0,0.0,0.006944444444444444,0.046296296296296294
2697.0,0.00027275661705061793,0.0,0.0,0.0,0.006944444444444444,0.046296296296296294
2698.0,0.00014428443682845682,0.0,0.0,0.0,0.006944444444444444,0.046296296296296294
2699.0,0.000241183239268139,0.0,0.0,0.0,0.003472222222222222,0.023148148148148147
2700.0,0.00010917072359006852,0.0,0.0,0.0,0.0,0.009097560299172377
2701.0,0.0005654785200022161,0.0,0.0,0.0,0.020833333333333332,0.1388888888888889
2702.0,0.0002634122793097049,0.0,0.0,0.0,0.017361111111111112,0.11574074074074076
2703.0,0.0,0.0,0.0,0.0,0.0,0.0
2704.0,1.8450436982675456e-05,0.0,0.0,0.0,0.0,0.0015375364152229547
2705.0,0.0,0.0,0.0,0.0,0.0,0.0
2706.0,0.0,0.0,0.0,0.0,0.0,0.0
2707.0,0.0,0.0,0.0,0.0,0.0,0.0
2708.0,0.0,0.0,0.0,0.0,0.0,0.0
2709.0,0.0,0.0,0.0,0.0,0.0,0.0
2710.0,0.0,0.0,0.0,0.0,0.0,0.0
2711.0,1.2186815183667932e-05,0.0,0.0,0.0,0.0,0.0010155679319723276
2712.0,8.876291394699365e-05,0.0,0.0,0.0,0.003472222222222222,0.023148148148148147
2713.0,0.0,0.0,0.0,0.0,0.0,0.0
2714.0,0.0,0.0,0.0,0.0,0.0,0.0
2715.0,0.0,0.0,0.0,0.0,0.0,0.0
2716.0,0.0,0.0,0.0,0.0,0.0,0.0
2717.0,0.0,0.0,0.0,0.0,0.0,0.0
2718.0,0.0,0.0,0.0,0.0,0.0,0.0
2719.0,0.0,0.0,0.0,0.0,0.0,0.0
2720.0,4.3957706452601997e-07,7.512556976507767e-07,0.0,0.0,0.0,3.6631422043834995e-05
2721.0,4.3957706452601997e-07,7.512556976507767e-07,0.0,0.0,0.0,3.6631422043834995e-05
2722.0,0.0,0.0,0.0,0.0,0.0,0.0
2723.0,0.0,0.0,0.0,0.0,0.0,0.0
2724.0,0.0,0.0,0.0,0.0,0.0,0.0
2725.0,0.009793094359338284,0.0010215535294264555,0.0,0.0,0.1875,1.25
2726.0,3.404113257943209e-08,0.0,0.0,0.0,0.0,2.8367610482860073e-06
2727.0,0.0,0.0,0.0,0.0,0.0,0.0
2728.0,0.0,0.0,0.0,0.0,0.0,0.0
2729.0,1.821209593799722e-06,0.0,0.0,0.0,0.0,0.00015176746614997683
2730.0,0.0,0.0,0.0,0.0,0.0,0.0
2731.0,0.0,0.0,0.0,0.0,0.0,0.0
2732.0,0.0,0.0,0.0,0.0,0.0,0.0
2733.0,0.0,0.0,0.0,0.0,0.0,0.0
2734.0,0.0,0.0,0.0,0.0,0.0,0.0
2735.0,0.0,0.0,0.0,0.0,0.0,0.0
2736.0,0.0,0.0,0.0,0.0,0.0,0.0
2737.0,0.0,0.0,0.0,0.0,0.0,0.0
2738.0,0.0,0.0,0.0,0.0,0.0,0.0
2739.0,0.0,0.0,0.0,0.0,0.0,0.0
2740.0,0.0,0.0,0.0,0.0,0.0,0.0
2741.0,0.0,0.0,0.0,0.0,0.0,0.0
2742.0,0.0,0.0,0.0,0.0,0.0,0.0
2743.0,0.0,0.0,0.0,0.0,0.0,0.0
2744.0,0.0,0.0,0.0,0.0,0.0,0.0
2745.0,2.6937055963571765e-07,7.512556976507767e-07,0.0,0.0,0.0,2.2447546636309806e-05
2746.0,2.6937055963571765e-07,7.512556976507767e-07,0.0,0.0,0.0,2.2447546636309806e-05
2747.0,0.0,0.0,0.0,0.0,0.0,0.0
2748.0,0.0,0.0,0.0,0.0,0.0,0.0
2749.0,0.0,0.0,0.0,0.0,0.0,0.0
2750.0,0.0,0.0,0.0,0.0,0.0,0.0
2751.0,0.0,0.0,0.0,0.0,0.0,0.0
2752.0,0.0,0.0,0.0,0.0,0.0,0.0
2753.0,0.0,0.0,0.0,0.0,0.0,0.0
2754.0,9.618393960408866e-05,0.0,0.0,0.0,0.003472222222222222,0.023148148148148147
2755.0,0.000214920291909948,0.0,0.0,0.0,0.001736111111111111,0.017910024325829
2756.0,0.0001478928024880588,0.0,0.0,0.0,0.0,0.012324400207338234
2757.0,0.0,0.0,0.0,0.0,0.0,0.0
2758.0,0.0,0.0,0.0,0.0,0.0,0.0
2759.0,0.0,0.0,0.0,0.0,0.0,0.0
2760.0,0.0,0.0,0.0,0.0,0.0,0.0
2761.0,0.0,0.0,0.0,0.0,0.0,0.0
2762.0,4.459423962543951e-06,0.0,0.0,0.0,0.0,0.0003716186635453293
2763.0,2.553111642100703e-07,0.0,0.0,0.0,0.0,2.127593035083919e-05
2764.0,0.0002924495202023536,0.0,0.0,0.0,0.008680555555555556,0.05787037037037038
2765.0,0.00015660740609746426,0.0,0.0,0.0,0.003472222222222222,0.023148148148148147
2766.0,0.00016195190255530179,0.0,0.0,0.0,0.005208333333333333,0.034722222222222224
2767.0,0.0001743769971653819,0.0,0.0,0.0,0.005208333333333333,0.034722222222222224
2768.0,0.0002120438002748415,0.0,0.0,0.0,0.003472222222222222,0.023148148148148147
2769.0,0.00021866483439225703,0.0,0.0,0.0,0.006944444444444444,0.046296296296296294
2770.0,0.00027292381855659187,7.512556976507767e-07,0.0,0.0,0.003472222222222222,0.023148148148148147
2771.0,3.2043266173786833e-07,7.512556976507767e-07,0.0,0.0,0.0,2.6702721811489027e-05
2772.0,0.0,0.0,0.0,0.0,0.0,0.0
2773.0,0.0,0.0,0.0,0.0,0.0,0.0
2774.0,0.0,0.0,0.0,0.0,0.0,0.0
2775.0,0.0,0.0,0.0,0.0,0.0,0.0
2776.0,0.0,0.0,0.0,0.0,0.0,0.0
2777.0,0.0,0.0,0.0,0.0,0.0,0.0
2778.0,0.0,0.0,0.0,0.0,0.0,0.0
2779.0,1.6680271528457524e-06,0.0,0.0,0.0,0.0,0.00013900226273714603
2780.0,0.0,0.0,0.0,0.0,0.0,0.0
2781.0,0.0,0.0,0.0,0.0,0.0,0.0
2782.0,0.0,0.0,0.0,0.0,0.0,0.0
2783.0,0.0001450333365937695,0.0,0.0,0.0,0.0,0.012086111382814124
2784.0,0.00017047926667146385,0.0,0.0,0.0,0.0,0.01420660555595532
2785.0,0.0002621527237351984,0.0,0.0,0.0,0.0,0.02184606031126653
2786.0,0.0002684163337107748,0.0,0.0,0.0,0.001736111111111111,0.022368027809231233
2787.0,0.00016685384616721421,0.0,0.0,0.0,0.001736111111111111,0.013904487180601183
2788.0,0.00013014022260904312,0.0,0.0,0.0,0.0,0.010845018550753593
2789.0,0.00014927149459253997,0.0,0.0,0.0,0.0,0.012439291216044998
2790.0,0.00025585509138181806,0.0,0.0,0.0,0.008680555555555556,0.05787037037037038
2791.0,0.0001370165846310556,0.0,0.0,0.0,0.003472222222222222,0.023148148148148147
2792.0,0.0002589868672657758,0.0,0.0,0.0,0.006944444444444444,0.046296296296296294
2793.0,0.0001329486258327961,0.0,0.0,0.0,0.006944444444444444,0.046296296296296294
2794.0,0.0,0.0,0.0,0.0,0.0,0.0
2795.0,1.1690268365782686e-05,7.512556976507767e-07,0.0,0.0,0.0,0.0009741890304818904
2796.0,0.00023020192747935653,7.512556976507767e-07,0.0,0.0,0.006944444444444444,0.046296296296296294
2797.0,0.00015175651060417295,0.0,0.0,0.0,0.0,0.01264637588368108
2798.0,0.0002678887394722551,0.0,0.0,0.0,0.006944444444444444,0.046296296296296294
2799.0,0.0,0.0,0.0,0.0,0.0,0.0
2800.0,0.0,0.0,0.0,0.0,0.0,0.0
2801.0,0.0,0.0,0.0,0.0,0.0,0.0
2802.0,0.0,0.0,0.0,0.0,0.0,0.0
2803.0,0.0,0.0,0.0,0.0,0.0,0.0
2804.0,7.48911725168e-06,0.0,0.0,0.0,0.0,0.0006240931043066666
2805.0,0.0,0.0,0.0,0.0,0.0,0.0
2806.0,0.0,0.0,0.0,0.0,0.0,0.0
2807.0,0.0,0.0,0.0,0.0,0.0,0.0
2808.0,0.0,0.0,0.0,0.0,0.0,0.0
2809.0,0.0,0.0,0.0,0.0,0.0,0.0
2810.0,0.0,0.0,0.0,0.0,0.0,0.0
2811.0,0.0,0.0,0.0,0.0,0.0,0.0
2812.0,0.0,0.0,0.0,0.0,0.0,0.0
2813.0,0.004652045201510191,0.0,0.0,0.0,0.08506944444444445,0.5671296296296297
2814.0,0.0,0.0,0.0,0.0,0.0,0.0
2815.0,0.0,0.0,0.0,0.0,0.0,0.0
2816.0,0.0,0.0,0.0,0.0,0.0,0.0
2817.0,0.0,0.0,0.0,0.0,0.0,0.0
2818.0,0.0,0.0,0.0,0.0,0.0,0.0
2819.0,0.0,0.0,0.0,0.0,0.0,0.0
2820.0,9.672198757471051e-07,7.512556976507767e-07,0.0,0.0,0.0,8.060165631225875e-05
2821.0,2.6937055963571765e-07,7.512556976507767e-07,0.0,0.0,0.0,2.2447546636309806e-05
2822.0,0.0,0.0,0.0,0.0,0.0,0.0
2823.0,0.0,0.0,0.0,0.0,0.0,0.0
2824.0,0.0,0.0,0.0,0.0,0.0,0.0
2825.0,0.0,0.0,0.0,0.0,0.0,0.0
2826.0,0.0,0.0,0.0,0.0,0.0,0.0
2827.0,0.0,0.0,0.0,0.0,0.0,0.0
2828.0,0.0,0.0,0.0,0.0,0.0,0.0
2829.0,0.0,0.0,0.0,0.0,0.0,0.0
2830.0,0.0,0.0,0.0,0.0,0.0,0.0
2831.0,0.0,0.0,0.0,0.0,0.0,0.0
2832.0,0.0,0.0,0.0,0.0,0.0,0.0
2833.0,0.0,0.0,0.0,0.0,0.0,0.0
2834.0,0.0,0.0,0.0,0.0,0.0,0.0
2835.0,0.0,0.0,0.0,0.0,0.0,0.0
2836.0,0.0,0.0,0.0,0.0,0.0,0.0
2837.0,0.0,0.0,0.0,0.0,0.0,0.0
2838.0,0.0,0.0,0.0,0.0,0.0,0.0
2839.0,0.0,0.0,0.0,0.0,0.0,0.0
2840.0,0.0,0.0,0.0,0.0,0.0,0.0
2841.0,0.0,0.0,0.0,0.0,0.0,0.0
2842.0,0.0002810797013808042,0.0,0.0,0.0,0.005208333333333333,0.034722222222222224
2843.0,0.00035745155764743686,0.0,0.0,0.0,0.005208333333333333,0.034722222222222224
2844.0,0.00011652366811176762,0.0,0.0,0.0,0.0,0.009710305675980635
2845.0,7.520188773924019e-06,7.512556976507767e-07,0.0,0.0,0.0,0.0006266823978270016
2846.0,3.374532298039412e-07,7.512556976507767e-07,0.0,0.0,0.0,2.8121102483661765e-05
2847.0,0.0,0.0,0.0,0.0,0.0,0.0
2848.0,0.0,0.0,0.0,0.0,0.0,0.0
2849.0,0.0,0.0,0.0,0.0,0.0,0.0
2850.0,0.0,0.0,0.0,0.0,0.0,0.0
2851.0,0.0,0.0,0.0,0.0,0.0,0.0
2852.0,0.0,0.0,0.0,0.0,0.0,0.0
2853.0,0.0,0.0,0.0,0.0,0.0,0.0
2854.0,0.0,0.0,0.0,0.0,0.0,0.0
2855.0,0.0,0.0,0.0,0.0,0.0,0.0
2856.0,0.0,0.0,0.0,0.0,0.0,0.0
2857.0,0.0,0.0,0.0,0.0,0.0,0.0
2858.0,0.0,0.0,0.0,0.0,0.0,0.0
2859.0,0.0,0.0,0.0,0.0,0.0,0.0
2860.0,0.0,0.0,0.0,0.0,0.0,0.0
2861.0,0.0,0.0,0.0,0.0,0.0,0.0
2862.0,0.0,0.0,0.0,0.0,0.0,0.0
2863.0,0.0,0.0,0.0,0.0,0.0,0.0
2864.0,0.0,0.0,0.0,0.0,0.0,0.0
2865.0,0.037428222596645355,0.016900919377803802,0.0,0.00040258298395201564,0.2743055555555556,3.119018549720446
2866.0,0.0,0.0,0.0,0.0,0.0,0.0
2867.0,0.0,0.0,0.0,0.0,0.0,0.0
2868.0,0.0,0.0,0.0,0.0,0.0,0.0
2869.0,0.0,0.0,0.0,0.0,0.0,0.0
2870.0,0.0,0.0,0.0,0.0,0.0,0.0
2871.0,0.0,0.0,0.0,0.0,0.0,0.0
2872.0,0.0,0.0,0.0,0.0,0.0,0.0
2873.0,2.2749962226953357e-05,3.905931862391299e-06,4.283315138309263e-05,0.0,0.0,0.0018958301855794464
2874.0,2.2749962226953357e-05,3.905931862391299e-06,4.283315138309263e-05,0.0,0.0,0.0018958301855794464
2875.0,0.0,0.0,0.0,0.0,0.0,0.0
2876.0,0.0,0.0,0.0,0.0,0.0,0.0
2877.0,0.0,0.0,0.0,0.0,0.0,0.0
2878.0,0.0,0.0,0.0,0.0,0.0,0.0
2879.0,0.0,0.0,0.0,0.0,0.0,0.0
2880.0,0.0,0.0,0.0,0.0,0.0,0.0
2881.0,0.0,0.0,0.0,0.0,0.0,0.0
2882.0,0.0,0.0,0.0,0.0,0.0,0.0
2883.0,0.0,0.0,0.0,0.0,0.0,0.0
2884.0,0.0,0.0,0.0,0.0,0.0,0.0
2885.0,0.0,0.0,0.0,0.0,0.0,0.0
2886.0,0.0,0.0,0.0,0.0,0.0,0.0
2887.0,0.0,0.0,0.0,0.0,0.0,0.0
2888.0,0.0,0.0,0.0,0.0,0.0,0.0
2889.0,0.0,0.0,0.0,0.0,0.0,0.0
2890.0,0.0,0.0,0.0,0.0,0.0,0.0
2891.0,0.0,0.0,0.0,0.0,0.0,0.0
2892.0,0.0,0.0,0.0,0.0,0.0,0.0
2893.0,0.0,0.0,0.0,0.0,0.0,0.0
2894.0,0.0,0.0,0.0,0.0,0.0,0.0
2895.0,0.0,0.0,0.0,0.0,0.0,0.0
2896.0,0.0,0.0,0.0,0.0,0.0,0.0
2897.0,0.0,0.0,0.0,0.0,0.0,0.0
2898.0,2.2749962226953357e-05,3.905931862391299e-06,4.283315138309263e-05,0.0,0.0,0.0018958301855794464
2899.0,2.2749962226953357e-05,3.905931862391299e-06,4.283315138309263e-05,0.0,0.0,0.0018958301855794464
2900.0,0.0,0.0,0.0,0.0,0.0,0.0
2901.0,0.0,0.0,0.0,0.0,0.0,0.0
2902.0,0.0,0.0,0.0,0.0,0.0,0.0
2903.0,0.0,0.0,0.0,0.0,0.0,0.0
2904.0,0.0,0.0,0.0,0.0,0.0,0.0
2905.0,0.0,0.0,0.0,0.0,0.0,0.0
2906.0,0.0,0.0,0.0,0.0,0.0,0.0
2907.0,0.0,0.0,0.0,0.0,0.0,0.0
2908.0,0.0,0.0,0.0,0.0,0.0,0.0
2909.0,0.0,0.0,0.0,0.0,0.0,0.0
2910.0,0.0,0.0,0.0,0.0,0.0,0.0
2911.0,0.0,0.0,0.0,0.0,0.0,0.0
2912.0,0.0,0.0,0.0,0.0,0.0,0.0
2913.0,0.0,0.0,0.0,0.0,0.0,0.0
2914.0,0.0,0.0,0.0,0.0,0.0,0.0
2915.0,0.0,0.0,0.0,0.0,0.0,0.0
2916.0,0.0,0.0,0.0,0.0,0.0,0.0
2917.0,0.0,0.0,0.0,0.0,0.0,0.0
2918.0,0.0,0.0,0.0,0.0,0.0,0.0
2919.0,0.0,0.0,0.0,0.0,0.0,0.0
2920.0,0.0,0.0,0.0,0.0,0.0,0.0
2921.0,0.0,0.0,0.0,0.0,0.0,0.0
2922.0,0.0,0.0,0.0,0.0,0.0,0.0
2923.0,2.2749962226953357e-05,3.905931862391299e-06,4.283315138309263e-05,0.0,0.0,0.0018958301855794464
2924.0,2.2749962226953357e-05,3.905931862391299e-06,4.283315138309263e-05,0.0,0.0,0.0018958301855794464
2925.0,0.0,0.0,0.0,0.0,0.0,0.0
2926.0,0.0,0.0,0.0,0.0,0.0,0.0
2927.0,0.0,0.0,0.0,0.0,0.0,0.0
2928.0,0.0,0.0,0.0,0.0,0.0,0.0
2929.0,0.0,0.0,0.0,0.0,0.0,0.0
2930.0,0.0,0.0,0.0,0.0,0.0,0.0
2931.0,0.0,0.0,0.0,0.0,0.0,0.0
2932.0,0.0,0.0,0.0,0.0,0.0,0.0
2933.0,0.0,0.0,0.0,0.0,0.0,0.0
2934.0,0.0,0.0,0.0,0.0,0.0,0.0
2935.0,0.0,0.0,0.0,0.0,0.0,0.0
2936.0,0.0,0.0,0.0,0.0,0.0,0.0
2937.0,0.0,0.0,0.0,0.0,0.0,0.0
2938.0,0.0,0.0,0.0,0.0,0.0,0.0
2939.0,0.0,0.0,0.0,0.0,0.0,0.0
2940.0,0.0,0.0,0.0,0.0,0.0,0.0
2941.0,0.0,0.0,0.0,0.0,0.0,0.0
2942.0,0.0,0.0,0.0,0.0,0.0,0.0
2943.0,0.0,0.0,0.0,0.0,0.0,0.0
2944.0,0.0,0.0,0.0,0.0,0.0,0.0
2945.0,0.0,0.0,0.0,0.0,0.0,0.0
2946.0,0.0,0.0,0.0,0.0,0.0,0.0
2947.0,0.0,0.0,0.0,0.0,0.0,0.0
2948.0,2.2749962226953357e-05,3.905931862391299e-06,4.283315138309263e-05,0.0,0.0,0.0018958301855794464
2949.0,2.2749962226953357e-05,3.905931862391299e-06,4.283315138309263e-05,0.0,0.0,0.0018958301855794464
2950.0,0.0,0.0,0.0,0.0,0.0,0.0
2951.0,0.0,0.0,0.0,0.0,0.0,0.0
2952.0,0.0,0.0,0.0,0.0,0.0,0.0
2953.0,0.0,0.0,0.0,0.0,0.0,0.0
2954.0,0.0,0.0,0.0,0.0,0.0,0.0
2955.0,0.0,0.0,0.0,0.0,0.0,0.0
2956.0,0.0,0.0,0.0,0.0,0.0,0.0
2957.0,0.0002065120788756758,0.0,0.0,0.0,0.005208333333333333,0.034722222222222224
2958.0,0.00012157880701124668,0.0,0.0,0.0,0.003472222222222222,0.023148148148148147
2959.0,0.00017088775348383933,0.0,0.0,0.0,0.006944444444444444,0.046296296296296294
2960.0,0.00026208467897959054,0.0,0.0,0.0,0.003472222222222222,0.023148148148148147
2961.0,0.0001518586213933304,0.0,0.0,0.0,0.0,0.012654885116110867
2962.0,0.0,0.0,0.0,0.0,0.0,0.0
2963.0,0.00022695394000038505,0.0,0.0,0.0,0.008680555555555556,0.05787037037037038
2964.0,0.0002441618707962334,0.0,0.0,0.0,0.003472222222222222,0.023148148148148147
2965.0,0.0002036747318925336,0.0,0.0,0.0,0.003472222222222222,0.023148148148148147
2966.0,0.00011841805098811164,0.0,0.0,0.0,0.003472222222222222,0.023148148148148147
2967.0,0.00023469835286960006,0.0,0.0,0.0,0.003472222222222222,0.023148148148148147
2968.0,0.00021694575843866915,0.0,0.0,0.0,0.001736111111111111,0.018078813203222428
2969.0,0.0003056065470445901,0.0,0.0,0.0,0.003472222222222222,0.025467212253715843
2970.0,0.00019514223095029593,0.0,0.0,0.0,0.001736111111111111,0.016261852579191327
2971.0,0.0002762629010248929,0.0,0.0,0.0,0.003472222222222222,0.023148148148148147
2972.0,0.00012515315029304475,0.0,0.0,0.0,0.003472222222222222,0.023148148148148147
2973.0,3.9566424675285816e-05,3.905931862391299e-06,4.283315138309263e-05,0.0,0.0,0.003297202056273818
2974.0,2.4571174435550347e-05,3.905931862391299e-06,4.283315138309263e-05,0.0,0.0,0.0020475978696291954
2975.0,0.00023243458417709917,0.0,0.0,0.0,0.003472222222222222,0.023148148148148147
2976.0,0.00014484611165244132,0.0,0.0,0.0,0.001736111111111111,0.01207050930437011
2977.0,3.1488281820202246e-05,0.0,0.0,0.0,0.0,0.002624023485016854
2978.0,0.0,0.0,0.0,0.0,0.0,0.0
2979.0,0.0,0.0,0.0,0.0,0.0,0.0
2980.0,0.0,0.0,0.0,0.0,0.0,0.0
2981.0,0.0,0.0,0.0,0.0,0.0,0.0
2982.0,3.5573164041124983e-06,0.0,0.0,0.0,0.0,0.0002964430336760415
2983.0,0.0002897341037169099,0.0,0.0,0.0,0.005208333333333333,0.034722222222222224
2984.0,9.938383300323039e-05,0.0,0.0,0.0,0.0,0.008281986083602533
2985.0,7.36996007617563e-05,0.0,0.0,0.0,0.003472222222222222,0.023148148148148147
2986.0,0.0,0.0,0.0,0.0,0.0,0.0
2987.0,0.0,0.0,0.0,0.0,0.0,0.0
2988.0,0.0,0.0,0.0,0.0,0.0,0.0
2989.0,0.0,0.0,0.0,0.0,0.0,0.0
2990.0,4.196350801066728e-06,0.0,0.0,0.0,0.0,0.000349695900088894
2991.0,0.0,0.0,0.0,0.0,0.0,0.0
2992.0,0.0,0.0,0.0,0.0,0.0,0.0
2993.0,0.0,0.0,0.0,0.0,0.0,0.0
2994.0,0.0,0.0,0.0,0.0,0.0,0.0
2995.0,0.0,0.0,0.0,0.0,0.0,0.0
2996.0,0.0,0.0,0.0,0.0,0.0,0.0
2997.0,0.0,0.0,0.0,0.0,0.0,0.0
2998.0,2.5132856535492465e-05,3.905931862391299e-06,4.283315138309263e-05,0.0,0.0,0.002094404711291039
2999.0,2.5132856535492465e-05,3.905931862391299e-06,4.283315138309263e-05,0.0,0.0,0.002094404711291039
3000.0,0.00013897396274842322,0.0,0.0,0.0,0.003472222222222222,0.023148148148148147
3001.0,0.00011497479135869071,0.0,0.0,0.0,0.001736111111111111,0.011574074074074073
3002.0,0.00010057527833851054,0.0,0.0,0.0,0.001736111111111111,0.011574074074074073
3003.0,0.0,0.0,0.0,0.0,0.0,0.0
3004.0,0.00023874928592704237,0.0,0.0,0.0,0.003472222222222222,0.023148148148148147
3005.0,1.8075978005072102e-05,0.0,0.0,0.0,0.0,0.0015063315004226752
3006.0,0.0,0.0,0.0,0.0,0.0,0.0
3007.0,5.957254415989155e-06,0.0,0.0,0.0,0.0,0.0004964378679990963
3008.0,0.0002437363436911255,0.0,0.0,0.0,0.003472222222222222,0.023148148148148147
3009.0,1.2459147910703905e-05,0.0,0.0,0.0,0.0,0.001038262325891992
3010.0,0.0,0.0,0.0,0.0,0.0,0.0
3011.0,0.0,0.0,0.0,0.0,0.0,0.0
3012.0,0.0,0.0,0.0,0.0,0.0,0.0
3013.0,0.0,0.0,0.0,0.0,0.0,0.0
3014.0,0.00016270081687252969,0.0,0.0,0.0,0.005208333333333333,0.034722222222222224
3015.0,0.00013138273789081722,0.0,0.0,0.0,0.001736111111111111,0.011574074074074073
3016.0,3.8500809750985354e-05,0.0,0.0,0.0,0.0,0.003208400812582113
3017.0,0.0,0.0,0.0,0.0,0.0,0.0
3018.0,0.0,0.0,0.0,0.0,0.0,0.0
3019.0,0.00011300037294859067,0.0,0.0,0.0,0.003472222222222222,0.023148148148148147
3020.0,0.00016867506201379,0.0,0.0,0.0,0.003472222222222222,0.023148148148148147
3021.0,0.00022206899302545935,0.0,0.0,0.0,0.001736111111111111,0.01850574941878828
3022.0,0.0001619178510736674,0.0,0.0,0.0,0.003472222222222222,0.023148148148148147
3023.0,3.2196443498833105e-05,3.905931862391299e-06,4.283315138309263e-05,0.0,0.0,0.0026830369582360922
3024.0,0.00016328982019331306,3.905931862391299e-06,4.283315138309263e-05,0.0,0.003472222222222222,0.023148148148148147
3025.0,0.00011502583947731182,0.0,0.0,0.0,0.003472222222222222,0.023148148148148147
3026.0,1.0144331099581905e-05,0.0,0.0,0.0,0.001736111111111111,0.011574074074074073
3027.0,0.00032177622779272497,0.0,0.0,0.0,0.001736111111111111,0.02681468564939375
3028.0,0.00019153387984260917,0.0,0.0,0.0,0.003472222222222222,0.023148148148148147
3029.0,0.0,0.0,0.0,0.0,0.0,0.0
3030.0,0.00031537641189061105,0.0,0.0,0.0,0.008680555555555556,0.05787037037037038
3031.0,0.00017526208830531687,0.0,0.0,0.0,0.003472222222222222,0.023148148148148147
3032.0,0.00018096402345690876,0.0,0.0,0.0,0.001736111111111111,0.01508033528807573
3033.0,0.00022610288579016924,0.0,0.0,0.0,0.001736111111111111,0.01884190714918077
3034.0,0.0001543266262160614,0.0,0.0,0.0,0.001736111111111111,0.012860552184671784
3035.0,0.0001908189879031852,0.0,0.0,0.0,0.003472222222222222,0.023148148148148147
3036.0,0.00023325160145759583,0.0,0.0,0.0,0.005208333333333333,0.034722222222222224
3037.0,0.0,0.0,0.0,0.0,0.0,0.0
3038.0,0.0,0.0,0.0,0.0,0.0,0.0
3039.0,0.0,0.0,0.0,0.0,0.0,0.0
3040.0,1.0059237865789328e-05,0.0,0.0,0.0,0.0,0.0008382698221491106
3041.0,6.985291838645935e-05,0.0,0.0,0.0,0.001736111111111111,0.011574074074074073
3042.0,0.00010721335274865851,0.0,0.0,0.0,0.0,0.00893444606238821
3043.0,0.0,0.0,0.0,0.0,0.0,0.0
3044.0,0.0,0.0,0.0,0.0,0.0,0.0
3045.0,0.0,0.0,0.0,0.0,0.0,0.0
3046.0,0.0,0.0,0.0,0.0,0.0,0.0
3047.0,0.0,0.0,0.0,0.0,0.0,0.0
3048.0,3.160072446917184e-05,3.905931862391299e-06,4.283315138309263e-05,0.0,0.0,0.0026333937057643197
3049.0,2.943909385066945e-05,3.905931862391299e-06,4.283315138309263e-05,0.0,0.0,0.002453257820889121
3050.0,0.0,0.0,0.0,0.0,0.0,0.0
3051.0,0.0,0.0,0.0,0.0,0.0,0.0
3052.0,0.0,0.0,0.0,0.0,0.0,0.0
3053.0,0.0,0.0,0.0,0.0,0.0,0.0
3054.0,0.0,0.0,0.0,0.0,0.0,0.0
3055.0,3.427967385505326e-05,0.0,0.0,0.0,0.003472222222222222,0.023148148148148147
3056.0,0.0001015284433378838,0.0,0.0,0.0,0.001736111111111111,0.011574074074074073
3057.0,0.00017471742467023432,0.0,0.0,0.0,0.003472222222222222,0.023148148148148147
3058.0,0.0,0.0,0.0,0.0,0.0,0.0
3059.0,0.0,0.0,0.0,0.0,0.0,0.0
3060.0,0.0,0.0,0.0,0.0,0.0,0.0
3061.0,0.0,0.0,0.0,0.0,0.0,0.0
3062.0,0.0,0.0,0.0,0.0,0.0,0.0
3063.0,0.00020724398200400174,0.0,0.0,0.0,0.001736111111111111,0.017270331833666813
3064.0,0.00010443897190270945,0.0,0.0,0.0,0.006944444444444444,0.046296296296296294
3065.0,0.0,0.0,0.0,0.0,0.0,0.0
3066.0,0.0,0.0,0.0,0.0,0.0,0.0
3067.0,0.00014343339717015624,0.0,0.0,0.0,0.005208333333333333,0.034722222222222224
3068.0,6.760619726264849e-05,0.0,0.0,0.0,0.0,0.005633849771887374
3069.0,0.0001720962318358943,0.0,0.0,0.0,0.003472222222222222,0.023148148148148147
3070.0,6.861041765660048e-05,0.0,0.0,0.0,0.005208333333333333,0.034722222222222224
3071.0,0.00015594360593240708,0.0,0.0,0.0,0.003472222222222222,0.023148148148148147
3072.0,0.0002687057130970061,0.0,0.0,0.0,0.006944444444444444,0.046296296296296294
3073.0,3.912387546733953e-05,3.905931862391299e-06,4.283315138309263e-05,0.0,0.0,0.0032603229556116275
3074.0,3.091989128733985e-05,3.905931862391299e-06,4.283315138309263e-05,0.0,0.0,0.002576657607278321
3075.0,0.0,0.0,0.0,0.0,0.0,0.0
3076.0,0.0,0.0,0.0,0.0,0.0,0.0
3077.0,0.0,0.0,0.0,0.0,0.0,0.0
3078.0,0.0,0.0,0.0,0.0,0.0,0.0
3079.0,0.0,0.0,0.0,0.0,0.0,0.0
3080.0,0.0,0.0,0.0,0.0,0.0,0.0
3081.0,0.0,0.0,0.0,0.0,0.0,0.0
3082.0,0.0,0.0,0.0,0.0,0.0,0.0
3083.0,0.0,0.0,0.0,0.0,0.0,0.0
3084.0,0.0,0.0,0.0,0.0,0.0,0.0
3085.0,0.0,0.0,0.0,0.0,0.0,0.0
3086.0,0.0,0.0,0.0,0.0,0.0,0.0
3087.0,0.0,0.0,0.0,0.0,0.0,0.0
3088.0,0.0,0.0,0.0,0.0,0.0,0.0
3089.0,0.0,0.0,0.0,0.0,0.0,0.0
3090.0,0.0,0.0,0.0,0.0,0.0,0.0
3091.0,0.0,0.0,0.0,0.0,0.0,0.0
3092.0,0.0,0.0,0.0,0.0,0.0,0.0
3093.0,0.0,0.0,0.0,0.0,0.0,0.0
3094.0,0.0,0.0,0.0,0.0,0.0,0.0
3095.0,0.0,0.0,0.0,0.0,0.0,0.0
3096.0,0.0,0.0,0.0,0.0,0.0,0.0
3097.0,0.0,0.0,0.0,0.0,0.0,0.0
3098.0,3.091989128733985e-05,3.905931862391299e-06,4.283315138309263e-05,0.0,0.0,0.002576657607278321
3099.0,3.091989128733985e-05,3.905931862391299e-06,4.283315138309263e-05,0.0,0.0,0.002576657607278321
3100.0,0.0,0.0,0.0,0.0,0.0,0.0
3101.0,0.0,0.0,0.0,0.0,0.0,0.0
3102.0,0.0,0.0,0.0,0.0,0.0,0.0
3103.0,0.0,0.0,0.0,0.0,0.0,0.0
3104.0,0.0,0.0,0.0,0.0,0.0,0.0
3105.0,0.0,0.0,0.0,0.0,0.0,0.0
3106.0,0.0,0.0,0.0,0.0,0.0,0.0
3107.0,0.0,0.0,0.0,0.0,0.0,0.0
3108.0,0.0,0.0,0.0,0.0,0.0,0.0
3109.0,0.0,0.0,0.0,0.0,0.0,0.0
3110.0,0.0,0.0,0.0,0.0,0.0,0.0
3111.0,0.0,0.0,0.0,0.0,0.0,0.0
3112.0,0.0,0.0,0.0,0.0,0.0,0.0
3113.0,0.045906320214271545,0.01674162782728672,0.39138263463974,0.0038702874444425106,0.421875,3.825526684522629
3114.0,0.0,0.0,0.0,0.0,0.0,0.0
3115.0,0.0,0.0,0.0,0.0,0.0,0.0
3116.0,0.0,0.0,0.0,0.0,0.0,0.0
3117.0,0.0,0.0,0.0,0.0,0.0,0.0
3118.0,0.00014847151760477573,0.0009600313496775925,0.0005634028930217028,0.0,0.003472222222222222,0.024000783741939813
3119.0,4.96153297717683e-05,0.0003208175767213106,0.0,0.0,0.001736111111111111,0.011574074074074073
3120.0,0.0,0.0,0.0,0.0,0.0,0.0
3121.0,0.00019412102119531482,0.0012552053667604923,0.0005353456363081932,0.0,0.003472222222222222,0.03138013416901231
3122.0,4.120709854760207e-05,0.00026644914760254323,0.0,0.0,0.0,0.006661228690063581
3123.0,0.0,0.0,0.0,0.0,0.0,0.0
3124.0,0.0,0.0,0.0,0.0,0.0,0.0
3125.0,9.320532262790948e-05,0.0006026746705174446,0.0,0.0,0.001736111111111111,0.015066866762936115
3126.0,0.00017124520672950894,0.0011072882916778326,0.0,0.0,0.005208333333333333,0.034722222222222224
3127.0,0.00022433276171796024,0.0014505574945360422,0.0,0.0,0.001736111111111111,0.036263937363401055
3128.0,0.00029745366191491485,0.0019233645871281624,0.0,0.0,0.005208333333333333,0.04808411467820406
3129.0,9.395436791237444e-06,6.075181227060966e-05,5.4824618018756155e-06,0.0,0.0,0.0015187953067652415
3130.0,1.5318678947551234e-07,9.905207889460144e-07,0.0,0.0,0.0,2.476301972365036e-05
3131.0,0.0,0.0,0.0,0.0,0.0,0.0
3132.0,0.0,0.0,0.0,0.0,0.0,0.0
3133.0,0.0,0.0,0.0,0.0,0.0,0.0
3134.0,0.0,0.0,0.0,0.0,0.0,0.0
3135.0,0.0,0.0,0.0,0.0,0.0,0.0
3136.0,0.0,0.0,0.0,0.0,0.0,0.0
3137.0,0.0,0.0,0.0,0.0,0.0,0.0
3138.0,0.0,0.0,0.0,0.0,0.0,0.0
3139.0,0.0,0.0,0.0,0.0,0.0,0.0
3140.0,0.0,0.0,0.0,0.0,0.0,0.0
3141.0,0.0,0.0,0.0,0.0,0.0,0.0
3142.0,0.0004924597451463342,0.003184292931109667,0.0,0.0,0.012152777777777778,0.08101851851851852
3143.0,0.00017238559667021036,0.0011146620381623507,0.0,0.0,0.001736111111111111,0.027866550954058766
3144.0,0.0001756365381879732,0.0011356830364093184,0.0,0.0,0.001736111111111111,0.02839207591023296
3145.0,0.0002881262917071581,0.0018630530685186386,0.0,0.0,0.003472222222222222,0.046576326712965965
3146.0,0.00030587887158617377,0.0019778429996222258,0.0,0.0,0.006944444444444444,0.049446074990555644
3147.0,0.0,0.0,0.0,0.0,0.0,0.0
3148.0,0.00015980728494469076,0.0009415416279807687,0.0,0.0,0.005208333333333333,0.034722222222222224
3149.0,0.0002519403351470828,0.0014437340432778,0.0,0.0,0.006944444444444444,0.046296296296296294
3150.0,0.0002124693273799494,0.0010076862527057528,0.0,0.0,0.005208333333333333,0.034722222222222224
3151.0,0.00029040707158856094,0.0012490422232076526,0.0,0.0,0.003472222222222222,0.031226055580191314
3152.0,0.0003415372339077294,0.001818699762225151,0.0,0.0,0.006944444444444444,0.046296296296296294
3153.0,0.0002693184360396117,0.0015215444145724177,0.0,0.0,0.003472222222222222,0.03803861036431044
3154.0,0.000337741628754884,0.0018111058743670583,0.0,0.0,0.005208333333333333,0.04527764685917646
3155.0,0.0004630819894373417,0.0009551887633278966,0.0,0.0,0.005208333333333333,0.03859016578644514
3156.0,3.404113257943209e-08,2.201133071366712e-07,0.0,0.0,0.0,5.50283267841678e-06
3157.0,0.0,0.0,0.0,0.0,0.0,0.0
3158.0,0.0,0.0,0.0,0.0,0.0,0.0
3159.0,0.0,0.0,0.0,0.0,0.0,0.0
3160.0,0.0,0.0,0.0,0.0,0.0,0.0
3161.0,0.0,0.0,0.0,0.0,0.0,0.0
3162.0,0.0,0.0,0.0,0.0,0.0,0.0
3163.0,5.242372935754247e-06,1.2106316717108712e-05,0.0,0.0,0.0,0.0004368644113128539
3164.0,0.0,0.0,0.0,0.0,0.0,0.0
3165.0,0.0,0.0,0.0,0.0,0.0,0.0
3166.0,0.0,0.0,0.0,0.0,0.0,0.0
3167.0,0.0,0.0,0.0,0.0,0.0,0.0
3168.0,1.4603753697883803e-05,9.442930604564026e-05,0.0,0.0,0.001736111111111111,0.011574074074074073
3169.0,0.00015870094648562372,0.0010030637495219707,0.0,0.0,0.005208333333333333,0.034722222222222224
3170.0,0.00015480321599170566,0.0010004224022850394,0.0,0.0,0.003472222222222222,0.025010560057125986
3171.0,0.0002075163065455854,0.0011627572821453214,0.0,0.0,0.005208333333333333,0.034722222222222224
3172.0,0.00013951862638350576,4.8095105739776045e-05,0.0,0.0,0.0,0.01162655219862548
3173.0,0.0002968749322462827,0.000786140444688499,0.0,0.0,0.006944444444444444,0.046296296296296294
3174.0,1.702069596376532e-08,1.1005748490333644e-07,0.0,0.0,0.0,2.751437122583411e-06
3175.0,0.0,0.0,0.0,0.0,0.0,0.0
3176.0,6.83380858390592e-05,0.0,0.0,0.0,0.003472222222222222,0.023148148148148147
3177.0,0.00016836871509440243,0.0,0.0,0.0,0.003472222222222222,0.023148148148148147
3178.0,0.0001457652251701802,0.0,0.0,0.0,0.001736111111111111,0.012147102097515017
3179.0,0.00023948120360728353,1.7829306671046652e-05,0.0,0.0,0.001736111111111111,0.019956766967273627
3180.0,0.0002049632021225989,2.4212588414229685e-06,0.0,0.0,0.005208333333333333,0.034722222222222224
3181.0,7.819306483725086e-05,0.0,0.0,0.0,0.0,0.006516088736437571
3182.0,0.00034322228748351336,0.0,0.0,0.0,0.006944444444444444,0.046296296296296294
3183.0,6.110428785177646e-06,0.0,0.0,0.0,0.0,0.0005092023987648039
3184.0,8.118871483020484e-05,0.0,0.0,0.0,0.003472222222222222,0.023148148148148147
3185.0,0.00021434157679323107,0.0,0.0,0.0,0.003472222222222222,0.023148148148148147
3186.0,0.00016501561913173646,0.0,0.0,0.0,0.001736111111111111,0.013751301594311371
3187.0,0.0002001633692998439,0.0,0.0,0.0,0.003472222222222222,0.023148148148148147
3188.0,0.00012294048792682588,0.0,0.0,0.0,0.001736111111111111,0.011574074074074073
3189.0,0.0,0.0,0.0,0.0,0.0,0.0
3190.0,0.00013330606452655047,0.0,0.0,0.0,0.003472222222222222,0.023148148148148147
3191.0,0.00017119415861088783,0.0,0.0,0.0,0.001736111111111111,0.014266179884240652
3192.0,0.0,0.0,0.0,0.0,0.0,0.0
3193.0,0.0,0.0,0.0,0.0,0.0,0.0
3194.0,0.0,0.0,0.0,0.0,0.0,0.0
3195.0,0.0,0.0,0.0,0.0,0.0,0.0
3196.0,4.9530467549629975e-06,0.0,0.0,0.0,0.0,0.00041275389624691644
3197.0,0.00041236032848246396,0.0,0.0,0.0,0.001736111111111111,0.034363360706871994
3198.0,0.0006529137608595192,0.0,0.0,0.0,0.017361111111111112,0.11574074074074076
3199.0,1.283360234083375e-05,0.0,0.0,0.0,0.0,0.0010694668617361458
3200.0,0.0,0.0,0.0,0.0,0.0,0.0
3201.0,0.0,0.0,0.0,0.0,0.0,0.0
3202.0,0.00013299970305524766,0.0,0.0,0.0,0.006944444444444444,0.046296296296296294
3203.0,0.00026455262559466064,0.0,0.0,0.0,0.006944444444444444,0.046296296296296294
3204.0,4.646650268114172e-06,2.4212588414229685e-06,0.0,0.0,0.0,0.000387220855676181
3205.0,6.127439178271743e-07,2.4212588414229685e-06,0.0,0.0,0.0,6.0531471035574214e-05
3206.0,0.0,0.0,0.0,0.0,0.0,0.0
3207.0,0.00022691988851875067,0.0,0.0,0.0,0.005208333333333333,0.034722222222222224
3208.0,0.0001221745478687808,0.0,0.0,0.0,0.001736111111111111,0.011574074074074073
3209.0,9.107772348215804e-05,0.0,0.0,0.0,0.001736111111111111,0.011574074074074073
3210.0,0.0,0.0,0.0,0.0,0.0,0.0
3211.0,0.0,0.0,0.0,0.0,0.0,0.0
3212.0,0.0,0.0,0.0,0.0,0.0,0.0
3213.0,4.084961801709142e-06,0.0,0.0,0.0,0.001736111111111111,0.011574074074074073
3214.0,0.0,0.0,0.0,0.0,0.0,0.0
3215.0,0.0,0.0,0.0,0.0,0.0,0.0
3216.0,0.0,0.0,0.0,0.0,0.0,0.0
3217.0,0.0,0.0,0.0,0.0,0.0,0.0
3218.0,0.0,0.0,0.0,0.0,0.0,0.0
3219.0,0.0,0.0,0.0,0.0,0.0,0.0
3220.0,0.0,0.0,0.0,0.0,0.0,0.0
3221.0,0.0,0.0,0.0,0.0,0.0,0.0
3222.0,0.0,0.0,0.0,0.0,0.0,0.0
3223.0,0.0,0.0,0.0,0.0,0.0,0.0
3224.0,0.0,0.0,0.0,0.0,0.0,0.0
3225.0,0.0,0.0,0.0,0.0,0.0,0.0
3226.0,0.0,0.0,0.0,0.0,0.0,0.0
3227.0,0.0,0.0,0.0,0.0,0.0,0.0
3228.0,0.0,0.0,0.0,0.0,0.0,0.0
3229.0,6.127439178271743e-07,2.4212588414229685e-06,0.0,0.0,0.0,6.0531471035574214e-05
3230.0,6.127439178271743e-07,2.4212588414229685e-06,0.0,0.0,0.0,6.0531471035574214e-05
3231.0,0.0,0.0,0.0,0.0,0.0,0.0
3232.0,0.0,0.0,0.0,0.0,0.0,0.0
3233.0,0.0,0.0,0.0,0.0,0.0,0.0
3234.0,0.0,0.0,0.0,0.0,0.0,0.0
3235.0,0.0,0.0,0.0,0.0,0.0,0.0
3236.0,0.0,0.0,0.0,0.0,0.0,0.0
3237.0,0.0,0.0,0.0,0.0,0.0,0.0
3238.0,0.0,0.0,0.0,0.0,0.0,0.0
3239.0,0.0,0.0,0.0,0.0,0.0,0.0
3240.0,0.0,0.0,0.0,0.0,0.0,0.0
3241.0,0.0,0.0,0.0,0.0,0.0,0.0
3242.0,0.0,0.0,0.0,0.0,0.0,0.0
3243.0,0.0,0.0,0.0,0.0,0.0,0.0
3244.0,0.0006694068433716893,0.004328450653702021,0.0,0.0,0.005208333333333333,0.10821126634255052
3245.0,0.0012527399230748415,0.0049127452075481415,0.0,0.0,0.029513888888888888,0.19675925925925927
3246.0,1.198258269141661e-05,6.405352178262547e-05,0.0,0.0,0.0,0.0016013380445656367
3247.0,0.00019071684801019728,0.000348662055330351,0.0036087450571358204,0.0,0.001736111111111111,0.01589307066751644
3248.0,0.0,0.0,0.0,0.0,0.0,0.0
3249.0,0.00011905974679393694,0.00010345404007239267,0.002255869098007679,0.0,0.003472222222222222,0.023148148148148147
3250.0,9.616692113922909e-05,2.2011832356838568e-07,0.0018221100326627493,0.0,0.001736111111111111,0.011574074074074073
3251.0,0.0,0.0,0.0,0.0,0.0,0.0
3252.0,0.0001476545148761943,0.0002464186982251704,0.002792182145640254,0.0,0.001736111111111111,0.012304542906349525
3253.0,0.0,0.0,0.0,0.0,0.0,0.0
3254.0,0.00014680347521789372,0.0008936666999943554,0.0009513671975582838,0.0,0.001736111111111111,0.022341667499858886
3255.0,0.0002882284461520612,0.0010571019956842065,0.004024444613605738,0.0,0.006944444444444444,0.046296296296296294
3256.0,0.00013453156861942261,0.0005633841501548886,0.001325786579400301,0.0,0.001736111111111111,0.014084603753872216
3257.0,0.0,0.0,0.0,0.0,0.0,0.0
3258.0,0.00011199616710655391,0.0003164152440149337,0.0021220326889306307,0.0,0.0,0.00933301392554616
3259.0,1.3174014384276234e-05,0.0,0.00024961293092928827,0.0,0.0,0.0010978345320230194
3260.0,0.0,0.0,0.0,0.0,0.0,0.0
3261.0,0.0,0.0,0.0,0.0,0.0,0.0
3262.0,0.0,0.0,0.0,0.0,0.0,0.0
3263.0,5.4977058425720315e-06,1.8929969883174635e-05,6.99821684975177e-05,0.0,0.0,0.0004732492470793659
3264.0,0.0,0.0,0.0,0.0,0.0,0.0
3265.0,0.0,0.0,0.0,0.0,0.0,0.0
3266.0,0.0,0.0,0.0,0.0,0.0,0.0
3267.0,0.0,0.0,0.0,0.0,0.0,0.0
3268.0,0.0,0.0,0.0,0.0,0.0,0.0
3269.0,0.0,0.0,0.0,0.0,0.0,0.0
3270.0,0.0,0.0,0.0,0.0,0.0,0.0
3271.0,0.0,0.0,0.0,0.0,0.0,0.0
3272.0,0.0,0.0,0.0,0.0,0.0,0.0
3273.0,1.5216501196846366e-05,5.502882913788198e-07,0.00028637764626182616,0.0,0.0,0.001268041766403864
3274.0,9.58265081862919e-05,0.0001084066170733422,0.0018146928632631898,0.0,0.0,0.007985542348857658
3275.0,0.0,0.0,0.0,0.0,0.0,0.0
3276.0,0.00017393447342328727,0.0003037585993297398,0.003263995749875903,0.0,0.003472222222222222,0.023148148148148147
3277.0,0.0,0.0,0.0,0.0,0.0,0.0
3278.0,7.324004400288686e-05,3.257700154790655e-05,0.0013877061428502202,0.0,0.001736111111111111,0.011574074074074073
3279.0,0.0002385109692113474,0.0003069502708967775,0.004511093255132437,0.0,0.001736111111111111,0.019875914100945618
3280.0,9.567332017468289e-05,0.0006177526083774865,0.0007672212668694556,0.0,0.001736111111111111,0.015443815209437162
3281.0,0.0002558890846557915,0.0006928117945790291,0.0041815005242824554,0.0,0.001736111111111111,0.021324090387982626
3282.0,5.106208789129596e-08,3.3017246892086405e-07,0.0,0.0,0.0,8.254311723021601e-06
3283.0,0.0,0.0,0.0,0.0,0.0,0.0
3284.0,0.0,0.0,0.0,0.0,0.0,0.0
3285.0,0.0,0.0,0.0,0.0,0.0,0.0
3286.0,0.0,0.0,0.0,0.0,0.0,0.0
3287.0,0.0,0.0,0.0,0.0,0.0,0.0
3288.0,4.578562766255345e-06,1.4637642379966564e-05,6.224194657988846e-05,0.0,0.0,0.00038154689718794543
3289.0,0.0,0.0,0.0,0.0,0.0,0.0
3290.0,0.0,0.0,0.0,0.0,0.0,0.0
3291.0,0.0,0.0,0.0,0.0,0.0,0.0
3292.0,0.0,0.0,0.0,0.0,0.0,0.0
3293.0,0.0,0.0,0.0,0.0,0.0,0.0
3294.0,0.0,0.0,0.0,0.0,0.0,0.0
3295.0,0.00020172925724182278,0.0013033004943281412,0.0,0.0,0.003472222222222222,0.03258251235820353
3296.0,0.00018145760986953974,0.0011722221970558167,0.0,0.0,0.003472222222222222,0.029305554926395416
3297.0,0.00013796973507851362,0.0008921258267946541,0.0,0.0,0.0,0.022303145669866353
3298.0,0.0,0.0,0.0,0.0,0.0,0.0
3299.0,0.0,0.0,0.0,0.0,0.0,0.0
3300.0,0.0,0.0,0.0,0.0,0.0,0.0
3301.0,0.00023427284031640738,0.0015148310922086239,0.0,0.0,0.001736111111111111,0.0378707773052156
3302.0,6.238083733478561e-05,0.0004033606091979891,0.0,0.0,0.001736111111111111,0.011574074074074073
3303.0,0.0002100183191942051,0.0013575588818639517,0.0,0.0,0.003472222222222222,0.03393897204659879
3304.0,9.352871711598709e-05,0.0006043256726115942,0.0,0.0,0.0,0.015108141815289855
3305.0,1.0212443868340415e-07,6.603465863008751e-07,0.0,0.0,0.0,1.6508664657521877e-05
3306.0,0.0,0.0,0.0,0.0,0.0,0.0
3307.0,0.0,0.0,0.0,0.0,0.0,0.0
3308.0,0.0,0.0,0.0,0.0,0.0,0.0
3309.0,0.0,0.0,0.0,0.0,0.0,0.0
3310.0,0.0,0.0,0.0,0.0,0.0,0.0
3311.0,0.0,0.0,0.0,0.0,0.0,0.0
3312.0,0.0,0.0,0.0,0.0,0.0,0.0
3313.0,0.0,0.0,0.0,0.0,0.0,0.0
3314.0,0.0,0.0,0.0,0.0,0.0,0.0
3315.0,0.0,0.0,0.0,0.0,0.0,0.0
3316.0,0.0,0.0,0.0,0.0,0.0,0.0
3317.0,0.0,0.0,0.0,0.0,0.0,0.0
3318.0,0.0,0.0,0.0,0.0,0.0,0.0
3319.0,0.0,0.0,0.0,0.0,0.0,0.0
3320.0,0.0,0.0,0.0,0.0,0.0,0.0
3321.0,0.0,0.0,0.0,0.0,0.0,0.0
3322.0,0.0,0.0,0.0,0.0,0.0,0.0
3323.0,0.0,0.0,0.0,0.0,0.0,0.0
3324.0,0.0,0.0,0.0,0.0,0.0,0.0
3325.0,0.0,0.0,0.0,0.0,0.0,0.0
3326.0,0.0,0.0,0.0,0.0,0.0,0.0
3327.0,0.0,0.0,0.0,0.0,0.0,0.0
3328.0,0.0,0.0,0.0,0.0,0.0,0.0
3329.0,1.0212443868340415e-07,6.603465863008751e-07,0.0,0.0,0.0,1.6508664657521877e-05
3330.0,1.0212443868340415e-07,6.603465863008751e-07,0.0,0.0,0.0,1.6508664657521877e-05
3331.0,0.0,0.0,0.0,0.0,0.0,0.0
3332.0,0.0,0.0,0.0,0.0,0.0,0.0
3333.0,0.0,0.0,0.0,0.0,0.0,0.0
3334.0,0.0,0.0,0.0,0.0,0.0,0.0
3335.0,0.0,0.0,0.0,0.0,0.0,0.0
3336.0,0.0,0.0,0.0,0.0,0.0,0.0
3337.0,0.0,0.0,0.0,0.0,0.0,0.0
3338.0,0.0,0.0,0.0,0.0,0.0,0.0
3339.0,0.0,0.0,0.0,0.0,0.0,0.0
3340.0,0.0,0.0,0.0,0.0,0.0,0.0
3341.0,0.0,0.0,0.0,0.0,0.0,0.0
3342.0,0.0,0.0,0.0,0.0,0.0,0.0
3343.0,0.0,0.0,0.0,0.0,0.0,0.0
3344.0,0.0,0.0,0.0,0.0,0.0,0.0
3345.0,0.0,0.0,0.0,0.0,0.0,0.0
3346.0,0.0,0.0,0.0,0.0,0.0,0.0
3347.0,0.0,0.0,0.0,0.0,0.0,0.0
3348.0,0.0,0.0,0.0,0.0,0.0,0.0
3349.0,0.0,0.0,0.0,0.0,0.0,0.0
3350.0,0.0,0.0,0.0,0.0,0.0,0.0
3351.0,0.0,0.0,0.0,0.0,0.0,0.0
3352.0,0.0,0.0,0.0,0.0,0.0,0.0
3353.0,0.0,0.0,0.0,0.0,0.0,0.0
3354.0,1.0212443868340415e-07,6.603465863008751e-07,0.0,0.0,0.0,1.6508664657521877e-05
3355.0,1.0212443868340415e-07,6.603465863008751e-07,0.0,0.0,0.0,1.6508664657521877e-05
3356.0,0.0,0.0,0.0,0.0,0.0,0.0
3357.0,0.0,0.0,0.0,0.0,0.0,0.0
3358.0,2.619484621391166e-05,0.0001682778529357165,0.0,0.0,0.0,0.004206946323392913
3359.0,0.00013931440480519086,0.0009008204215206206,0.0,0.0,0.0,0.022520510538015515
3360.0,3.5726436180993915e-05,0.0002310106356162578,0.0,0.0,0.0,0.005775265890406445
3361.0,0.0,0.0,0.0,0.0,0.0,0.0
3362.0,0.0,0.0,0.0,0.0,0.0,0.0
3363.0,4.187098056718241e-06,2.0250605302862823e-05,0.0,0.0,0.0,0.0005062651325715706
3364.0,0.0,0.0,0.0,0.0,0.0,0.0
3365.0,0.0,0.0,0.0,0.0,0.0,0.0
3366.0,0.0,0.0,0.0,0.0,0.0,0.0
3367.0,0.0,0.0,0.0,0.0,0.0,0.0
3368.0,0.0,0.0,0.0,0.0,0.0,0.0
3369.0,0.0,0.0,0.0,0.0,0.0,0.0
3370.0,0.0,0.0,0.0,0.0,0.0,0.0
3371.0,0.0,0.0,0.0,0.0,0.0,0.0
3372.0,0.0,0.0,0.0,0.0,0.0,0.0
3373.0,0.0,0.0,0.0,0.0,0.0,0.0
3374.0,0.0,0.0,0.0,0.0,0.0,0.0
3375.0,0.0,0.0,0.0,0.0,0.0,0.0
3376.0,0.0,0.0,0.0,0.0,0.0,0.0
3377.0,0.0,0.0,0.0,0.0,0.0,0.0
3378.0,0.0,0.0,0.0,0.0,0.0,0.0
3379.0,1.0212443868340415e-07,6.603465863008751e-07,0.0,0.0,0.0,1.6508664657521877e-05
3380.0,1.0212443868340415e-07,6.603465863008751e-07,0.0,0.0,0.0,1.6508664657521877e-05
3381.0,0.0,0.0,0.0,0.0,0.0,0.0
3382.0,0.0,0.0,0.0,0.0,0.0,0.0
3383.0,0.0,0.0,0.0,0.0,0.0,0.0
3384.0,0.0,0.0,0.0,0.0,0.0,0.0
3385.0,0.0,0.0,0.0,0.0,0.0,0.0
3386.0,0.0,0.0,0.0,0.0,0.0,0.0
3387.0,0.0,0.0,0.0,0.0,0.0,0.0
3388.0,0.0,0.0,0.0,0.0,0.0,0.0
3389.0,0.0,0.0,0.0,0.0,0.0,0.0
3390.0,0.0,0.0,0.0,0.0,0.0,0.0
3391.0,0.0,0.0,0.0,0.0,0.0,0.0
3392.0,0.0,0.0,0.0,0.0,0.0,0.0
3393.0,0.0,0.0,0.0,0.0,0.0,0.0
3394.0,0.0,0.0,0.0,0.0,0.0,0.0
3395.0,0.0,0.0,0.0,0.0,0.0,0.0
3396.0,0.0,0.0,0.0,0.0,0.0,0.0
3397.0,0.0,0.0,0.0,0.0,0.0,0.0
3398.0,0.0,0.0,0.0,0.0,0.0,0.0
3399.0,0.0,0.0,0.0,0.0,0.0,0.0
3400.0,0.0,0.0,0.0,0.0,0.0,0.0
3401.0,0.0,0.0,0.0,0.0,0.0,0.0
3402.0,0.0,0.0,0.0,0.0,0.0,0.0
3403.0,0.056778471916913986,0.06907588243484497,0.3874856233596802,0.0038702874444425106,0.5590277777777778,4.731539326409499
3404.0,1.4817739611316938e-05,1.8889087414208916e-06,2.841523200913798e-05,0.0,0.0,0.0012348116342764115
3405.0,3.4040873231333535e-08,0.0,0.0,0.0,0.0,2.836739435944461e-06
3406.0,0.00859586801379919,0.0,0.0,0.0,0.16145833333333334,1.076388888888889
3407.0,0.0,0.0,0.0,0.0,0.0,0.0
3408.0,0.0,0.0,0.0,0.0,0.0,0.0
3409.0,0.0,0.0,0.0,0.0,0.0,0.0
3410.0,0.0,0.0,0.0,0.0,0.0,0.0
3411.0,0.0,0.0,0.0,0.0,0.0,0.0
3412.0,7.547317864009528e-07,0.0,0.0,0.0,0.0,6.289431553341274e-05
3413.0,0.0,0.0,0.0,0.0,0.0,0.0
3414.0,0.0,0.0,0.0,0.0,0.0,0.0
3415.0,0.0,0.0,0.0,0.0,0.0,0.0
3416.0,0.0,0.0,0.0,0.0,0.0,0.0
3417.0,0.0,0.0,0.0,0.0,0.0,0.0
3418.0,0.0,0.0,0.0,0.0,0.0,0.0
3419.0,0.0,0.0,0.0,0.0,0.0,0.0
3420.0,0.0,0.0,0.0,0.0,0.0,0.0
3421.0,0.0,0.0,0.0,0.0,0.0,0.0
3422.0,0.0,0.0,0.0,0.0,0.0,0.0
3423.0,0.0,0.0,0.0,0.0,0.0,0.0
3424.0,0.0,0.0,0.0,0.0,0.0,0.0
3425.0,0.0,0.0,0.0,0.0,0.0,0.0
3426.0,0.0,0.0,0.0,0.0,0.0,0.0
3427.0,0.0,0.0,0.0,0.0,0.0,0.0
3428.0,1.0902980648097582e-05,1.8889087414208916e-06,2.841523200913798e-05,0.0,0.0,0.0009085817206747985
3429.0,1.0902980648097582e-05,1.8889087414208916e-06,2.841523200913798e-05,0.0,0.0,0.0009085817206747985
3430.0,0.0,0.0,0.0,0.0,0.0,0.0
3431.0,0.0,0.0,0.0,0.0,0.0,0.0
3432.0,0.0,0.0,0.0,0.0,0.0,0.0
3433.0,0.0,0.0,0.0,0.0,0.0,0.0
3434.0,0.0,0.0,0.0,0.0,0.0,0.0
3435.0,0.0,0.0,0.0,0.0,0.0,0.0
3436.0,0.0,0.0,0.0,0.0,0.0,0.0
3437.0,0.0,0.0,0.0,0.0,0.0,0.0
3438.0,0.0,0.0,0.0,0.0,0.0,0.0
3439.0,0.0,0.0,0.0,0.0,0.0,0.0
3440.0,0.0,0.0,0.0,0.0,0.0,0.0
3441.0,0.0,0.0,0.0,0.0,0.0,0.0
3442.0,0.0,0.0,0.0,0.0,0.0,0.0
3443.0,0.0,0.0,0.0,0.0,0.0,0.0
3444.0,0.0,0.0,0.0,0.0,0.0,0.0
3445.0,0.0,0.0,0.0,0.0,0.0,0.0
3446.0,0.0,0.0,0.0,0.0,0.0,0.0
3447.0,0.0,0.0,0.0,0.0,0.0,0.0
3448.0,0.0,0.0,0.0,0.0,0.0,0.0
3449.0,0.0,0.0,0.0,0.0,0.0,0.0
3450.0,0.0,0.0,0.0,0.0,0.0,0.0
3451.0,0.0,0.0,0.0,0.0,0.0,0.0
3452.0,0.0,0.0,0.0,0.0,0.0,0.0
3453.0,1.0902980648097582e-05,1.8889087414208916e-06,2.841523200913798e-05,0.0,0.0,0.0009085817206747985
3454.0,1.0902980648097582e-05,1.8889087414208916e-06,2.841523200913798e-05,0.0,0.0,0.0009085817206747985
3455.0,0.0,0.0,0.0,0.0,0.0,0.0
3456.0,0.0,0.0,0.0,0.0,0.0,0.0
3457.0,0.0,0.0,0.0,0.0,0.0,0.0
3458.0,0.0,0.0,0.0,0.0,0.0,0.0
3459.0,0.0,0.0,0.0,0.0,0.0,0.0
3460.0,0.0,0.0,0.0,0.0,0.0,0.0
3461.0,0.0,0.0,0.0,0.0,0.0,0.0
3462.0,0.0,0.0,0.0,0.0,0.0,0.0
3463.0,0.0,0.0,0.0,0.0,0.0,0.0
3464.0,0.0,0.0,0.0,0.0,0.0,0.0
3465.0,0.0,0.0,0.0,0.0,0.0,0.0
3466.0,0.0,0.0,0.0,0.0,0.0,0.0
3467.0,0.0,0.0,0.0,0.0,0.0,0.0
3468.0,0.0,0.0,0.0,0.0,0.0,0.0
3469.0,0.0,0.0,0.0,0.0,0.0,0.0
3470.0,0.0,0.0,0.0,0.0,0.0,0.0
3471.0,0.0,0.0,0.0,0.0,0.0,0.0
3472.0,0.0,0.0,0.0,0.0,0.0,0.0
3473.0,0.0,0.0,0.0,0.0,0.0,0.0
3474.0,0.0,0.0,0.0,0.0,0.0,0.0
3475.0,0.0,0.0,0.0,0.0,0.0,0.0
3476.0,0.0,0.0,0.0,0.0,0.0,0.0
3477.0,0.0,0.0,0.0,0.0,0.0,0.0
3478.0,1.0902980648097582e-05,1.8889087414208916e-06,2.841523200913798e-05,0.0,0.0,0.0009085817206747985
3479.0,0.04175915941596031,0.006339214276522398,2.841523200913798e-05,0.000411313958466053,0.3524305555555556,3.479929951330026
3480.0,6.808278385506128e-08,0.0,0.0,0.0,0.0,5.673565321255107e-06
3481.0,0.0,0.0,0.0,0.0,0.0,0.0
3482.0,0.0,0.0,0.0,0.0,0.0,0.0
3483.0,0.0,0.0,0.0,0.0,0.0,0.0
3484.0,0.0,0.0,0.0,0.0,0.0,0.0
3485.0,0.0,0.0,0.0,0.0,0.0,0.0
3486.0,0.0,0.0,0.0,0.0,0.0,0.0
3487.0,0.0,0.0,0.0,0.0,0.0,0.0
3488.0,0.0,0.0,0.0,0.0,0.0,0.0
3489.0,0.0,0.0,0.0,0.0,0.0,0.0
3490.0,0.0,0.0,0.0,0.0,0.0,0.0
3491.0,0.0,0.0,0.0,0.0,0.0,0.0
3492.0,0.0,0.0,0.0,0.0,0.0,0.0
3493.0,0.0,0.0,0.0,0.0,0.0,0.0
3494.0,0.0,0.0,0.0,0.0,0.0,0.0
3495.0,6.808278385506128e-08,0.0,0.0,0.0,0.0,5.673565321255107e-06
3496.0,6.808278385506128e-08,0.0,0.0,0.0,0.0,5.673565321255107e-06
3497.0,0.0,0.0,0.0,0.0,0.0,0.0
3498.0,0.0,0.0,0.0,0.0,0.0,0.0
3499.0,9.240534564014524e-05,0.0,0.0,0.0,0.001736111111111111,0.011574074074074073
3500.0,0.00013208057498559356,0.0,0.0,0.0,0.001736111111111111,0.011574074074074073
3501.0,0.00010888136603171006,0.0,0.0,0.0,0.0,0.009073447169309171
3502.0,7.575911149615422e-05,0.0,0.0,0.0,0.0,0.006313259291346185
3503.0,1.864232399384491e-05,4.420225195644889e-06,2.841523200913798e-05,0.0,0.0,0.001553526999487076
3504.0,2.2948554033064283e-05,4.420225195644889e-06,2.841523200913798e-05,0.0,0.0,0.001912379502755357
3505.0,9.026073530549183e-05,0.0,0.0,0.0,0.0,0.007521727942124319
3506.0,5.01089270983357e-05,0.0,0.0,0.0,0.0,0.004175743924861308
3507.0,0.0001378335728077218,0.0,0.0,0.0,0.001736111111111111,0.011574074074074073
3508.0,0.00015679463103879243,0.0,0.0,0.0,0.001736111111111111,0.013066219253232703
3509.0,0.0,0.0,0.0,0.0,0.0,0.0
3510.0,0.0,0.0,0.0,0.0,0.0,0.0
3511.0,0.0,0.0,0.0,0.0,0.0,0.0
3512.0,1.0808166734932456e-05,0.0,0.0,0.0,0.0,0.0009006805612443713
3513.0,0.0,0.0,0.0,0.0,0.0,0.0
3514.0,0.0,0.0,0.0,0.0,0.0,0.0
3515.0,0.0,0.0,0.0,0.0,0.0,0.0
3516.0,0.0,0.0,0.0,0.0,0.0,0.0
3517.0,0.0,0.0,0.0,0.0,0.0,0.0
3518.0,0.0,0.0,0.0,0.0,0.0,0.0
3519.0,0.0,0.0,0.0,0.0,0.0,0.0
3520.0,5.6508815760025755e-06,0.0,0.0,0.0,0.0,0.0004709067980002146
3521.0,5.6508815760025755e-06,0.0,0.0,0.0,0.0,0.0004709067980002146
3522.0,0.0,0.0,0.0,0.0,0.0,0.0
3523.0,1.3616556771012256e-07,0.0,0.0,0.0,0.0,1.1347130642510214e-05
3524.0,0.00032581010600551963,0.002079755999147892,0.0,0.0,0.006944444444444444,0.0519938999786973
3525.0,0.00017956829105969518,0.0011611062800511718,0.0,0.0,0.003472222222222222,0.029027657001279294
3526.0,0.00021512455714400858,0.0013663634890690446,0.0,0.0,0.006944444444444444,0.046296296296296294
3527.0,0.00020586528989952058,0.001331145060248673,0.0,0.0,0.003472222222222222,0.033278626506216824
3528.0,0.0003117897140327841,0.0019080843776464462,2.841523200913798e-05,0.0,0.008680555555555556,0.05787037037037038
3529.0,0.0002044472494162619,0.001217629062011838,2.841523200913798e-05,0.0,0.001736111111111111,0.03044072655029595
3530.0,0.00019374655676074326,0.0012261501979082823,0.0,0.0,0.001736111111111111,0.030653754947707057
3531.0,0.00032546970760449767,0.00210429891012609,0.0,0.0,0.013888888888888888,0.09259259259259259
3532.0,0.0002213541156379506,0.001406644587405026,0.0,0.0,0.003472222222222222,0.03516611468512565
3533.0,0.00021917546109762043,0.001417210092768073,0.0,0.0,0.006944444444444444,0.046296296296296294
3534.0,0.00023321754997596145,0.00150800752453506,0.0,0.0,0.0,0.0377001881133765
3535.0,0.0003044831973966211,0.0019674974028021097,0.0,0.0,0.010416666666666666,0.06944444444444445
3536.0,0.00021909037604928017,0.0008497536764480174,0.0,0.0,0.006944444444444444,0.046296296296296294
3537.0,0.0003234102623537183,0.001495460863225162,0.0,0.0,0.006944444444444444,0.046296296296296294
3538.0,8.0252590123564e-05,0.0003205974062439054,0.0,0.0,0.003472222222222222,0.023148148148148147
3539.0,0.00024017899704631418,0.000469395105028525,0.0,0.0,0.003472222222222222,0.023148148148148147
3540.0,0.00012038736167596653,0.0,0.0,0.0,0.003472222222222222,0.023148148148148147
3541.0,0.0002092353970510885,6.504396151285619e-05,0.0,0.0,0.006944444444444444,0.046296296296296294
3542.0,0.00027903722366318107,0.0,0.0,0.0,0.003472222222222222,0.023253101971931756
3543.0,8.28737611300312e-05,0.0,0.0,0.0,0.0,0.0069061467608359335
3544.0,0.0,0.0,0.0,0.0,0.0,0.0
3545.0,1.807599255698733e-05,1.738907849357929e-05,0.0,0.0,0.0,0.0015063327130822775
3546.0,5.6508815760025755e-06,0.0,0.0,0.0,0.0,0.0004709067980002146
3547.0,0.0,0.0,0.0,0.0,0.0,0.0
3548.0,0.0,0.0,0.0,0.0,0.0,0.0
3549.0,0.0,0.0,0.0,0.0,0.0,0.0
3550.0,7.860156620154157e-05,0.0,0.0,0.0,0.0,0.006550130516795131
3551.0,8.86608031578362e-05,0.0,0.0,0.0,0.0,0.007388400263153017
3552.0,0.0,0.0,0.0,0.0,0.0,0.0
3553.0,2.550868157413788e-05,1.5361354599008337e-05,2.841523200913798e-05,0.0,0.0,0.00212572346451149
3554.0,1.8904647731687874e-05,1.5361354599008337e-05,2.841523200913798e-05,0.0,0.0,0.0015753873109739895
3555.0,0.0,0.0,0.0,0.0,0.0,0.0
3556.0,2.449277599225752e-05,0.0,0.0,0.0,0.0,0.00204106466602146
3557.0,5.189609873923473e-05,0.0,0.0,0.0,0.003472222222222222,0.023148148148148147
3558.0,8.280567999463528e-05,0.0,0.0,0.0,0.0,0.006900473332886274
3559.0,4.267088297638111e-05,0.0,0.0,0.0,0.0,0.0035559069146984257
3560.0,0.0,0.0,0.0,0.0,0.0,0.0
3561.0,0.0,0.0,0.0,0.0,0.0,0.0
3562.0,8.833745596348308e-06,0.0,0.0,0.0,0.0,0.000736145466362359
3563.0,0.0,0.0,0.0,0.0,0.0,0.0
3564.0,1.80759761860827e-05,0.0,0.0,0.0,0.0,0.0015063313488402248
3565.0,9.40903919399716e-05,0.0,0.0,0.0,0.0,0.007840865994997634
3566.0,3.9726302929921076e-05,0.0,0.0,0.0,0.0,0.0033105252441600896
3567.0,3.468818249530159e-05,0.0,0.0,0.0,0.0,0.002890681874608466
3568.0,0.0,0.0,0.0,0.0,0.0,0.0
3569.0,0.0,0.0,0.0,0.0,0.0,0.0
3570.0,0.00017369622946716845,0.0,0.0,0.0,0.003472222222222222,0.023148148148148147
3571.0,1.0552863614066155e-06,0.0,0.0,0.0,0.0,8.794053011721796e-05
3572.0,0.0,0.0,0.0,0.0,0.0,0.0
3573.0,0.0,0.0,0.0,0.0,0.0,0.0
3574.0,0.0,0.0,0.0,0.0,0.0,0.0
3575.0,0.0,0.0,0.0,0.0,0.0,0.0
3576.0,0.0,0.0,0.0,0.0,0.0,0.0
3577.0,0.0,0.0,0.0,0.0,0.0,0.0
3578.0,6.581369234481826e-05,1.5361354599008337e-05,2.841523200913798e-05,0.0,0.003472222222222222,0.023148148148148147
3579.0,0.0005055603105574846,1.5361354599008337e-05,2.841523200913798e-05,0.0,0.017361111111111112,0.11574074074074076
3580.0,0.0005039316602051258,0.0,0.0,0.0,0.003472222222222222,0.041994305017093815
3581.0,0.00016462415806017816,0.0,0.0,0.0,0.003472222222222222,0.023148148148148147
3582.0,0.000257318839430809,0.0,0.0,0.0,0.003472222222222222,0.023148148148148147
3583.0,0.00021549902157858014,0.0,0.0,0.0,0.003472222222222222,0.023148148148148147
3584.0,0.00019774642714764923,0.0,0.0,0.0,0.003472222222222222,0.023148148148148147
3585.0,0.0006421396974474192,0.0,0.0,0.0,0.024305555555555556,0.16203703703703703
3586.0,0.00019830810197163373,0.0,0.0,0.0,0.0,0.01652567516430281
3587.0,0.0005990773206576705,0.0,0.0,0.0,0.006944444444444444,0.049923110054805875
3588.0,0.00011092386557720602,0.0,0.0,0.0,0.0,0.009243655464767167
3589.0,0.00018312565225642174,0.0,0.0,0.0,0.0,0.015260471021368478
3590.0,0.00010442195343784988,0.0,0.0,0.0,0.0,0.008701829453154156
3591.0,1.7735565052134916e-05,0.0,0.0,0.0,0.0,0.0014779637543445763
3592.0,0.0,0.0,0.0,0.0,0.0,0.0
3593.0,0.0,0.0,0.0,0.0,0.0,0.0
3594.0,0.009654751047492027,0.021697720512747765,0.0,0.0,0.1371527777777778,0.914351851851852
3595.0,2.8904338250868022e-05,6.8070522729613e-07,0.0,0.0,0.0,0.002408694854239002
3596.0,6.808278385506128e-08,0.0,0.0,0.0,0.0,5.673565321255107e-06
3597.0,0.0,0.0,0.0,0.0,0.0,0.0
3598.0,0.0,0.0,0.0,0.0,0.0,0.0
3599.0,0.0,0.0,0.0,0.0,0.0,0.0
3600.0,9.099262388190255e-05,0.0,0.0,0.0,0.0,0.007582718656825212
3601.0,8.908631571102887e-05,0.0,0.0,0.0,0.0,0.0074238596425857395
3602.0,0.00015156925655901432,0.0,0.0,0.0,0.0,0.01263077137991786
3603.0,9.457164560444653e-05,4.420225195644889e-06,2.841523200913798e-05,0.0,0.0,0.00788097046703721
3604.0,0.00023626886832062155,4.420225195644889e-06,2.841523200913798e-05,0.0,0.0,0.019689072360051796
3605.0,2.5786364858504385e-05,0.0,0.0,0.0,0.0,0.0021488637382086986
3606.0,0.0,0.0,0.0,0.0,0.0,0.0
3607.0,0.0,0.0,0.0,0.0,0.0,0.0
3608.0,0.00015109271043911576,0.0,0.0,0.0,0.001736111111111111,0.012591059203259647
3609.0,0.0,0.0,0.0,0.0,0.0,0.0
3610.0,0.0,0.0,0.0,0.0,0.0,0.0
3611.0,0.0,0.0,0.0,0.0,0.0,0.0
3612.0,8.135899406624958e-06,0.0,0.0,0.0,0.0,0.0006779916172187465
3613.0,9.395423694513738e-05,0.0,0.0,0.0,0.0,0.007829519745428115
3614.0,0.0,0.0,0.0,0.0,0.0,0.0
3615.0,0.0,0.0,0.0,0.0,0.0,0.0
3616.0,0.0,0.0,0.0,0.0,0.0,0.0
3617.0,0.0,0.0,0.0,0.0,0.0,0.0
3618.0,0.0,0.0,0.0,0.0,0.0,0.0
3619.0,5.400666850619018e-05,0.0,0.0,0.0,0.0,0.0045005557088491814
3620.0,0.00020428237621672451,0.0,0.0,0.0,0.0,0.01702353135139371
3621.0,4.5326112740440294e-05,0.0,0.0,0.0,0.0,0.003777176061703358
3622.0,0.0,0.0,0.0,0.0,0.0,0.0
3623.0,0.0,0.0,0.0,0.0,0.0,0.0
3624.0,0.00011235359852435067,0.0,0.0,0.0,0.0,0.009362799877029223
3625.0,0.0002714800648391247,0.0,0.0,0.0,0.0,0.022623338736593723
3626.0,0.00012033631355734542,0.0,0.0,0.0,0.0,0.010028026129778786
3627.0,0.0,0.0,0.0,0.0,0.0,0.0
3628.0,0.00011603471648413688,4.420225195644889e-06,2.841523200913798e-05,0.0,0.0,0.009669559707011407
3629.0,0.00019138536299578846,4.420225195644889e-06,2.841523200913798e-05,0.0,0.0,0.015948780249649037
3630.0,7.638887473149225e-05,0.0,0.0,0.0,0.0,0.006365739560957688
3631.0,8.680553582962602e-05,0.0,0.0,0.0,0.0,0.007233794652468835
3632.0,0.0002097630494972691,0.0,0.0,0.0,0.0,0.017480254124772426
3633.0,0.0,0.0,0.0,0.0,0.0,0.0
3634.0,0.0,0.0,0.0,0.0,0.0,0.0
3635.0,0.0,0.0,0.0,0.0,0.0,0.0
3636.0,9.308617882197723e-05,0.0,0.0,0.0,0.0,0.007757181568498102
3637.0,0.00026268037618137896,0.0,0.0,0.0,0.001736111111111111,0.021890031348448247
3638.0,0.0,0.0,0.0,0.0,0.0,0.0
3639.0,0.0026727765798568726,0.0,0.0,0.0,0.003472222222222222,0.22273138165473938
3640.0,0.0,0.0,0.0,0.0,0.0,0.0
3641.0,0.0,0.0,0.0,0.0,0.0,0.0
3642.0,0.0,0.0,0.0,0.0,0.0,0.0
3643.0,0.0,0.0,0.0,0.0,0.0,0.0
3644.0,0.0,0.0,0.0,0.0,0.0,0.0
3645.0,0.06126543506979942,0.02930797077715397,0.0,0.00022808631183579564,0.328125,5.105452922483285
3646.0,6.12480471318122e-06,3.944917352782795e-06,0.0,0.0,0.0,0.0005104003927651016
3647.0,0.0,0.0,0.0,0.0,0.0,0.0
3648.0,0.0,0.0,0.0,0.0,0.0,0.0
3649.0,0.0,0.0,0.0,0.0,0.0,0.0
3650.0,0.0,0.0,0.0,0.0,0.0,0.0
3651.0,0.0,0.0,0.0,0.0,0.0,0.0
3652.0,0.0,0.0,0.0,0.0,0.0,0.0
3653.0,0.00036292982986196876,0.00022192327014636248,2.841523200913798e-05,6.434693932533264e-05,0.0,0.030244152488497395
3654.0,2.632880386954639e-05,1.4941519111744128e-05,2.841523200913798e-05,0.0,0.0,0.0021940669891288658
3655.0,0.0,0.0,0.0,0.0,0.0,0.0
3656.0,0.0,0.0,0.0,0.0,0.0,0.0
3657.0,0.0,0.0,0.0,0.0,0.0,0.0
3658.0,0.0,0.0,0.0,0.0,0.0,0.0
3659.0,0.0,0.0,0.0,0.0,0.0,0.0
3660.0,0.0,0.0,0.0,0.0,0.0,0.0
3661.0,0.0,0.0,0.0,0.0,0.0,0.0
3662.0,0.0,0.0,0.0,0.0,0.0,0.0
3663.0,0.0,0.0,0.0,0.0,0.0,0.0
3664.0,0.0,0.0,0.0,0.0,0.0,0.0
3665.0,0.0,0.0,0.0,0.0,0.0,0.0
3666.0,0.0,0.0,0.0,0.0,0.0,0.0
3667.0,0.0,0.0,0.0,0.0,0.0,0.0
3668.0,0.0,0.0,0.0,0.0,0.0,0.0
3669.0,0.0,0.0,0.0,0.0,0.0,0.0
3670.0,6.808239731981303e-07,0.0,0.0,0.0,0.0,5.673533109984419e-05
3671.0,6.808239731981303e-07,0.0,0.0,0.0,0.0,5.673533109984419e-05
3672.0,0.0,0.0,0.0,0.0,0.0,0.0
3673.0,0.0,0.0,0.0,0.0,0.0,0.0
3674.0,0.0,0.0,0.0,0.0,0.0,0.0
3675.0,0.0,0.0,0.0,0.0,0.0,0.0
3676.0,0.0,0.0,0.0,0.0,0.0,0.0
3677.0,0.0,0.0,0.0,0.0,0.0,0.0
3678.0,2.632880386954639e-05,1.4941519111744128e-05,2.841523200913798e-05,0.0,0.0,0.0021940669891288658
3679.0,2.632880386954639e-05,1.4941519111744128e-05,2.841523200913798e-05,0.0,0.0,0.0021940669891288658
3680.0,0.0,0.0,0.0,0.0,0.0,0.0
3681.0,0.0,0.0,0.0,0.0,0.0,0.0
3682.0,0.0,0.0,0.0,0.0,0.0,0.0
3683.0,0.0,0.0,0.0,0.0,0.0,0.0
3684.0,0.0,0.0,0.0,0.0,0.0,0.0
3685.0,0.0,0.0,0.0,0.0,0.0,0.0
3686.0,0.0,0.0,0.0,0.0,0.0,0.0
3687.0,0.0,0.0,0.0,0.0,0.0,0.0
3688.0,0.0,0.0,0.0,0.0,0.0,0.0
3689.0,0.0,0.0,0.0,0.0,0.0,0.0
3690.0,0.0,0.0,0.0,0.0,0.0,0.0
3691.0,0.0,0.0,0.0,0.0,0.0,0.0
3692.0,0.0,0.0,0.0,0.0,0.0,0.0
3693.0,0.0,0.0,0.0,0.0,0.0,0.0
3694.0,0.00013671020860783756,0.0,0.0,0.0,0.003472222222222222,0.023148148148148147
3695.0,5.061953197582625e-05,0.0,0.0,0.0,0.0,0.004218294331318854
3696.0,0.00016251165652647614,0.0,0.0,0.0,0.006944444444444444,0.046296296296296294
3697.0,0.00015013955999165773,0.0,0.0,0.0,0.006944444444444444,0.046296296296296294
3698.0,6.261913222260773e-05,0.0,0.0,0.0,0.0,0.005218261018550645
3699.0,0.00016047109966166317,0.0,0.0,0.0,0.0,0.013372591638471931
3700.0,0.0,0.0,0.0,0.0,0.0,0.0
3701.0,0.0,0.0,0.0,0.0,0.0,0.0
3702.0,0.0,0.0,0.0,0.0,0.0,0.0
3703.0,3.451381780905649e-05,1.4941519111744128e-05,2.841523200913798e-05,0.0,0.0,0.002876151484088041
3704.0,2.6669216822483577e-05,1.4941519111744128e-05,2.841523200913798e-05,0.0,0.0,0.002222434735206965
3705.0,0.0,0.0,0.0,0.0,0.0,0.0
3706.0,0.0,0.0,0.0,0.0,0.0,0.0
3707.0,0.0,0.0,0.0,0.0,0.0,0.0
3708.0,0.0,0.0,0.0,0.0,0.0,0.0
3709.0,0.0,0.0,0.0,0.0,0.0,0.0
3710.0,5.536831667996012e-05,0.0,0.0,0.0,0.0,0.004614026389996677
3711.0,7.192945486167446e-05,0.0,0.0,0.0,0.0,0.0059941212384728715
3712.0,7.21679134585429e-06,0.0,0.0,0.0,0.0,0.0006013992788211908
3713.0,0.0,0.0,0.0,0.0,0.0,0.0
3714.0,0.06195409223437309,0.029304083436727524,0.0,0.00024202634813264012,0.3142361111111111,5.162841019531091
3715.0,0.0,0.0,0.0,0.0,0.0,0.0
3716.0,0.0,0.0,0.0,0.0,0.0,0.0
3717.0,0.0,0.0,0.0,0.0,0.0,0.0
3718.0,0.0,0.0,0.0,0.0,0.0,0.0
3719.0,0.0,0.0,0.0,0.0,0.0,0.0
3720.0,0.0,0.0,0.0,0.0,0.0,0.0
3721.0,6.0117090470157564e-05,0.0,0.0,0.0,0.0,0.005009757539179797
3722.0,6.854233652120456e-05,0.0,0.0,0.0,0.0,0.005711861376767047
3723.0,6.808278385506128e-08,0.0,0.0,0.0,0.0,5.673565321255107e-06
3724.0,0.0,0.0,0.0,0.0,0.0,0.0
3725.0,0.0,0.0,0.0,0.0,0.0,0.0
3726.0,0.0,0.0,0.0,0.0,0.0,0.0
3727.0,0.0,0.0,0.0,0.0,0.0,0.0
3728.0,0.041844870895147324,0.006337325554341078,0.0,0.000411313958466053,0.3524305555555556,3.48707257459561
3729.0,0.05387559533119202,0.025434115901589394,0.0,0.0003443046298343688,0.3958333333333333,4.489632944266002
3730.0,2.9956329399283277e-06,1.1005748490333644e-07,0.0,0.0,0.0,0.0002496360783273606
3731.0,0.0,0.0,0.0,0.0,0.0,0.0
3732.0,0.0,0.0,0.0,0.0,0.0,0.0
3733.0,0.00012607227836269885,0.0,0.0,0.0,0.003472222222222222,0.023148148148148147
3734.0,0.0,0.0,0.0,0.0,0.0,0.0
3735.0,0.0,0.0,0.0,0.0,0.0,0.0
3736.0,0.0,0.0,0.0,0.0,0.0,0.0
3737.0,0.0,0.0,0.0,0.0,0.0,0.0
3738.0,4.731752142106416e-06,0.0,0.0,0.0,0.0,0.000394312678508868
3739.0,0.0,0.0,0.0,0.0,0.0,0.0
3740.0,0.0,0.0,0.0,0.0,0.0,0.0
3741.0,0.0,0.0,0.0,0.0,0.0,0.0
3742.0,0.0,0.0,0.0,0.0,0.0,0.0
3743.0,0.0,0.0,0.0,0.0,0.0,0.0
3744.0,0.0,0.0,0.0,0.0,0.0,0.0
3745.0,0.0,0.0,0.0,0.0,0.0,0.0
3746.0,0.0,0.0,0.0,0.0,0.0,0.0
3747.0,0.0,0.0,0.0,0.0,0.0,0.0
3748.0,0.0,0.0,0.0,0.0,0.0,0.0
3749.0,0.0,0.0,0.0,0.0,0.0,0.0
3750.0,4.185151738056447e-06,0.0,0.0,0.0,0.0,0.00034876264483803726
3751.0,0.0,0.0,0.0,0.0,0.0,0.0
3752.0,0.0,0.0,0.0,0.0,0.0,0.0
3753.0,0.0,0.0,0.0,0.0,0.0,0.0
3754.0,4.678744062402984e-06,1.1005748490333644e-07,0.0,0.0,0.0,0.000389895338533582
3755.0,2.9956329399283277e-06,1.1005748490333644e-07,0.0,0.0,0.0,0.0002496360783273606
3756.0,0.0,0.0,0.0,0.0,0.0,0.0
3757.0,0.0009712178143672645,0.0,0.0,0.0,0.020833333333333332,0.1388888888888889
3758.0,0.0,0.0,0.0,0.0,0.0,0.0
3759.0,0.0,0.0,0.0,0.0,0.0,0.0
3760.0,0.0,0.0,0.0,0.0,0.0,0.0
3761.0,0.00010588573786662892,0.0006846676114946604,0.0,0.0,0.0,0.01711669028736651
3762.0,7.388682570308447e-05,0.00010554509208304808,0.0,0.0,0.0,0.006157235475257039
3763.0,0.0002109033812303096,0.0011197247076779604,0.0,0.0,0.0,0.02799311769194901
3764.0,6.811682396801189e-05,0.00016090403369162232,0.0,0.0,0.0,0.005676401997334324
3765.0,4.084943725501944e-07,0.0,0.0,0.0,0.0,3.40411977125162e-05
3766.0,0.06177826598286629,0.03137008473277092,0.0,0.00024202634813264012,0.328125,5.148188831905524
3767.0,3.404139192753064e-08,0.0,0.0,0.0,0.0,2.8367826606275535e-06
3768.0,0.06178215518593788,0.03137420117855072,0.0,0.00024202634813264012,0.328125,5.14851293216149
3769.0,0.06181670352816582,0.03136475756764412,0.0,0.00023122504353523254,0.3246527777777778,5.151391960680485
3770.0,2.246729536636849e-06,0.0,0.0,0.0,0.0,0.0001872274613864041
3771.0,0.00022949000413063914,0.0,0.0,0.0,0.003472222222222222,0.023148148148148147
3772.0,0.00015790054749231786,9.87657813311671e-07,0.0,0.0,0.0,0.013158378957693154
3773.0,0.06218821555376053,0.0313655324280262,0.0,0.00023122504353523254,0.328125,5.18235129614671
3774.0,0.0,0.0,0.0,0.0,0.0,0.0
3775.0,0.0,0.0,0.0,0.0,0.0,0.0
3776.0,0.0,0.0,0.0,0.0,0.0,0.0
3777.0,0.0,0.0,0.0,0.0,0.0,0.0
3778.0,0.0,0.0,0.0,0.0,0.0,0.0
3779.0,0.0,0.0,0.0,0.0,0.0,0.0
3780.0,0.0,0.0,0.0,0.0,0.0,0.0
3781.0,0.00011710237595252693,0.0,0.0,0.0,0.0,0.009758531329377243
3782.0,0.00011369823914719746,0.0,0.0,0.0,0.0,0.009474853262266455
3783.0,0.00013439540634863079,0.0,0.0,0.0,0.0,0.011199617195719233
3784.0,0.0,0.0,0.0,0.0,0.0,0.0
3785.0,0.00013854843564331532,0.0,0.0,0.0,0.003472222222222222,0.023148148148148147
3786.0,0.00021675853349734098,0.0,0.0,0.0,0.003472222222222222,0.023148148148148147
3787.0,0.0,0.0,0.0,0.0,0.0,0.0
3788.0,0.0,0.0,0.0,0.0,0.0,0.0
3789.0,8.746935782255605e-05,1.1005748490333644e-07,0.0,0.0,0.0,0.00728911315187967
3790.0,8.780976349953562e-05,1.1005748490333644e-07,0.0,0.0,0.0,0.007317480291627968
3791.0,0.0,0.0,0.0,0.0,0.0,0.0
3792.0,6.663601379841566e-05,0.0,0.0,0.0,0.003472222222222222,0.023148148148148147
3793.0,0.00014408017159439623,0.0,0.0,0.0,0.0,0.012006680966199687
3794.0,0.0001375101855956018,0.0,0.0,0.0,0.0,0.011459182132966816
3795.0,7.970791193656623e-05,0.0,0.0,0.0,0.0,0.006642325994713853
3796.0,0.00019956764299422503,0.0,0.0,0.0,0.0,0.01663063691618542
3797.0,0.00013584215776063502,0.0,0.0,0.0,0.0,0.011320179813386252
3798.0,2.4135335479513742e-05,0.0,0.0,0.0,0.0,0.002011277956626145
3799.0,0.0,0.0,0.0,0.0,0.0,0.0
3800.0,0.0,0.0,0.0,0.0,0.0,0.0
3801.0,9.58265081862919e-06,0.0,0.0,0.0,0.0,0.0007985542348857658
3802.0,8.103359141387045e-05,0.0,0.0,0.0,0.0,0.006752799284489204
3803.0,6.638071499764919e-05,0.0,0.0,0.0,0.0,0.005531726249804099
3804.0,0.0,0.0,0.0,0.0,0.0,0.0
3805.0,0.0,0.0,0.0,0.0,0.0,0.0
3806.0,1.7852302107712603e-06,0.0,0.0,0.0,0.0,0.00014876918423093835
3807.0,0.0,0.0,0.0,0.0,0.0,0.0
3808.0,0.0,0.0,0.0,0.0,0.0,0.0
3809.0,0.0,0.0,0.0,0.0,0.0,0.0
3810.0,0.0,0.0,0.0,0.0,0.0,0.0
3811.0,0.0,0.0,0.0,0.0,0.0,0.0
3812.0,0.0,0.0,0.0,0.0,0.0,0.0
3813.0,0.0,0.0,0.0,0.0,0.0,0.0
3814.0,0.002239344408735633,0.002070290967822075,0.0,0.0,0.010416666666666666,0.18661203406130275
3815.0,3.0126539058983326e-06,1.1005748490333644e-07,0.0,0.0,0.0,0.00025105449215819436
3816.0,0.0,0.0,0.0,0.0,0.0,0.0
3817.0,0.0,0.0,0.0,0.0,0.0,0.0
3818.0,0.0,0.0,0.0,0.0,0.0,0.0
3819.0,0.0,0.0,0.0,0.0,0.0,0.0
3820.0,0.0,0.0,0.0,0.0,0.0,0.0
3821.0,0.0,0.0,0.0,0.0,0.0,0.0
3822.0,0.0,0.0,0.0,0.0,0.0,0.0
3823.0,0.0,0.0,0.0,0.0,0.0,0.0
3824.0,3.712213219841942e-05,0.0,0.0,0.0,0.0,0.003093511016534952
3825.0,4.4645283196587116e-05,0.0,0.0,0.0,0.0,0.0037204402663822593
3826.0,4.263683149474673e-05,0.0,0.0,0.0,0.0,0.003553069291228894
3827.0,0.00011094088404206559,0.0,0.0,0.0,0.003472222222222222,0.023148148148148147
3828.0,5.293435606290586e-06,0.0,0.0,0.0,0.0,0.0004411196338575488
3829.0,0.0,0.0,0.0,0.0,0.0,0.0
3830.0,0.0,0.0,0.0,0.0,0.0,0.0
3831.0,5.7359743550478015e-06,0.0,0.0,0.0,0.0,0.0004779978629206501
3832.0,0.0,0.0,0.0,0.0,0.0,0.0
3833.0,0.0,0.0,0.0,0.0,0.0,0.0
3834.0,0.0,0.0,0.0,0.0,0.0,0.0
3835.0,0.0,0.0,0.0,0.0,0.0,0.0
3836.0,0.0,0.0,0.0,0.0,0.0,0.0
3837.0,0.0,0.0,0.0,0.0,0.0,0.0
3838.0,0.0,0.0,0.0,0.0,0.0,0.0
3839.0,3.0466949283436406e-06,1.1005748490333644e-07,0.0,0.0,0.0,0.0002538912440286367
3840.0,3.0466949283436406e-06,1.1005748490333644e-07,0.0,0.0,0.0,0.0002538912440286367
3841.0,0.0,0.0,0.0,0.0,0.0,0.0
3842.0,0.0,0.0,0.0,0.0,0.0,0.0
3843.0,0.0,0.0,0.0,0.0,0.0,0.0
3844.0,0.0,0.0,0.0,0.0,0.0,0.0
3845.0,0.0,0.0,0.0,0.0,0.0,0.0
3846.0,0.0,0.0,0.0,0.0,0.0,0.0
3847.0,0.0,0.0,0.0,0.0,0.0,0.0
3848.0,0.0,0.0,0.0,0.0,0.0,0.0
3849.0,0.0,0.0,0.0,0.0,0.0,0.0
3850.0,0.0,0.0,0.0,0.0,0.0,0.0
3851.0,0.0,0.0,0.0,0.0,0.0,0.0
3852.0,0.0,0.0,0.0,0.0,0.0,0.0
3853.0,0.07142859697341919,0.08642406761646271,0.38750964403152466,0.0040045203641057014,0.5364583333333334,5.952383081118266
3854.0,0.0,0.0,0.0,0.0,0.0,0.0
3855.0,0.0,0.0,0.0,0.0,0.0,0.0
3856.0,0.0,0.0,0.0,0.0,0.0,0.0
3857.0,0.000255072140134871,0.0,0.0,0.0,0.012152777777777778,0.08101851851851852
3858.0,0.00040757752140052617,0.0,0.0,0.0,0.0,0.03396479345004385
3859.0,6.670409493381158e-05,0.0,0.0,0.0,0.0,0.005558674577817631
3860.0,0.0,0.0,0.0,0.0,0.0,0.0
3861.0,8.23803202365525e-06,7.704024369559193e-07,0.0,0.0,0.0,0.0006865026686379375
3862.0,3.0637232839580975e-07,7.704024369559193e-07,0.0,0.0,0.0,2.5531027366317478e-05
3863.0,0.0,0.0,0.0,0.0,0.0,0.0
3864.0,0.0,0.0,0.0,0.0,0.0,0.0
3865.0,0.07209418714046478,0.08642406761646271,0.38750964403152466,0.0040045203641057014,0.5416666666666666,6.0078489283720655
3866.0,0.0,0.0,0.0,0.0,0.0,0.0
3867.0,0.0,0.0,0.0,0.0,0.0,0.0
3868.0,0.0,0.0,0.0,0.0,0.0,0.0
3869.0,0.0,0.0,0.0,0.0,0.0,0.0
3870.0,0.0,0.0,0.0,0.0,0.0,0.0
3871.0,0.0,0.0,0.0,0.0,0.0,0.0
3872.0,0.0,0.0,0.0,0.0,0.0,0.0
3873.0,1.2595264706760645e-06,0.0,0.0,0.0,0.0,0.00010496053922300537
3874.0,1.2595264706760645e-06,0.0,0.0,0.0,0.0,0.00010496053922300537
3875.0,0.0,0.0,0.0,0.0,0.0,0.0
3876.0,0.0,0.0,0.0,0.0,0.0,0.0
3877.0,0.0,0.0,0.0,0.0,0.0,0.0
3878.0,0.0,0.0,0.0,0.0,0.0,0.0
3879.0,0.0,0.0,0.0,0.0,0.0,0.0
3880.0,0.0,0.0,0.0,0.0,0.0,0.0
3881.0,5.10620907334669e-07,0.0,0.0,0.0,0.0,4.255174227788908e-05
3882.0,5.10620907334669e-07,0.0,0.0,0.0,0.0,4.255174227788908e-05
3883.0,0.0,0.0,0.0,0.0,0.0,0.0
3884.0,0.0,0.0,0.0,0.0,0.0,0.0
3885.0,0.0,0.0,0.0,0.0,0.0,0.0
3886.0,0.0,0.0,0.0,0.0,0.0,0.0
3887.0,0.00023343881184700876,0.0,0.0,0.0,0.003472222222222222,0.023148148148148147
3888.0,0.0,0.0,0.0,0.0,0.0,0.0
3889.0,0.0,0.0,0.0,0.0,0.0,0.0
3890.0,3.574340325940284e-06,0.0,0.0,0.0,0.0,0.000297861693828357
3891.0,0.0,0.0,0.0,0.0,0.0,0.0
3892.0,0.0,0.0,0.0,0.0,0.0,0.0
3893.0,0.0617157518863678,0.02930619940161705,2.841523200913798e-05,0.00024202634813264012,0.3315972222222222,5.142979323863983
3894.0,1.3740360373049043e-05,4.420225195644889e-06,2.841523200913798e-05,0.0,0.0,0.0011450300310874202
3895.0,0.0,0.0,0.0,0.0,0.0,0.0
3896.0,0.0,0.0,0.0,0.0,0.0,0.0
3897.0,0.0,0.0,0.0,0.0,0.0,0.0
3898.0,0.0,0.0,0.0,0.0,0.0,0.0
3899.0,0.0,0.0,0.0,0.0,0.0,0.0
3900.0,0.0,0.0,0.0,0.0,0.0,0.0
3901.0,0.0,0.0,0.0,0.0,0.0,0.0
3902.0,0.0,0.0,0.0,0.0,0.0,0.0
3903.0,0.0,0.0,0.0,0.0,0.0,0.0
3904.0,0.0,0.0,0.0,0.0,0.0,0.0
3905.0,0.0,0.0,0.0,0.0,0.0,0.0
3906.0,0.0,0.0,0.0,0.0,0.0,0.0
3907.0,0.0,0.0,0.0,0.0,0.0,0.0
3908.0,7.293367525562644e-05,0.0,0.0,0.0,0.0,0.006077806271302204
3909.0,0.00015550106763839722,0.0,0.0,0.0,0.001736111111111111,0.012958422303199768
3910.0,9.51455604081275e-06,0.0,0.0,0.0,0.0,0.0007928796700677291
3911.0,6.808278385506128e-08,0.0,0.0,0.0,0.0,5.673565321255107e-06
3912.0,0.0,0.0,0.0,0.0,0.0,0.0
3913.0,0.0,0.0,0.0,0.0,0.0,0.0
3914.0,0.0,0.0,0.0,0.0,0.0,0.0
3915.0,0.0,0.0,0.0,0.0,0.0,0.0
3916.0,0.0,0.0,0.0,0.0,0.0,0.0
3917.0,0.0,0.0,0.0,0.0,0.0,0.0
3918.0,1.379142213409068e-05,4.420225195644889e-06,2.841523200913798e-05,0.0,0.0,0.0011492851778408901
3919.0,1.379142213409068e-05,4.420225195644889e-06,2.841523200913798e-05,0.0,0.0,0.0011492851778408901
3920.0,3.4483928175177425e-05,0.0,0.0,0.0,0.0,0.0028736606812647856
3921.0,0.0003329077735543251,0.0,0.0,0.0,0.005208333333333333,0.034722222222222224
3922.0,0.0003454690449871123,0.0,0.0,0.0,0.0,0.028789087082259357
3923.0,7.788669608999044e-05,0.0,0.0,0.0,0.0,0.006490558007499203
3924.0,0.0,0.0,0.0,0.0,0.0,0.0
3925.0,0.0,0.0,0.0,0.0,0.0,0.0
3926.0,4.7794103011256084e-05,0.0,0.0,0.0,0.0,0.003982841917604674
3927.0,0.0004241216811351478,0.0,0.0,0.0,0.001736111111111111,0.035343473427928984
3928.0,0.0004520696820691228,0.0,0.0,0.0,0.0,0.03767247350576023
3929.0,5.919796967646107e-05,0.0,0.0,0.0,0.001736111111111111,0.011574074074074073
3930.0,0.0,0.0,0.0,0.0,0.0,0.0
3931.0,0.0,0.0,0.0,0.0,0.0,0.0
3932.0,0.0,0.0,0.0,0.0,0.0,0.0
3933.0,0.0,0.0,0.0,0.0,0.0,0.0
3934.0,0.0,0.0,0.0,0.0,0.0,0.0
3935.0,2.745442179730162e-05,0.0,0.0,0.0,0.0,0.0022878684831084684
3936.0,8.510387061733127e-08,0.0,0.0,0.0,0.0,7.091989218110939e-06
3937.0,0.0,0.0,0.0,0.0,0.0,0.0
3938.0,0.0,0.0,0.0,0.0,0.0,0.0
3939.0,0.0,0.0,0.0,0.0,0.0,0.0
3940.0,0.0,0.0,0.0,0.0,0.0,0.0
3941.0,0.0,0.0,0.0,0.0,0.0,0.0
3942.0,0.0,0.0,0.0,0.0,0.0,0.0
3943.0,1.1936155715375207e-05,4.420225195644889e-06,2.841523200913798e-05,0.0,0.0,0.0009946796429479339
3944.0,1.1936155715375207e-05,4.420225195644889e-06,2.841523200913798e-05,0.0,0.0,0.0009946796429479339
3945.0,0.0,0.0,0.0,0.0,0.0,0.0
3946.0,0.0,0.0,0.0,0.0,0.0,0.0
3947.0,0.0,0.0,0.0,0.0,0.0,0.0
3948.0,0.0024821278639137745,0.0,0.0,0.0,0.013888888888888888,0.2068439886594812
3949.0,5.961454735370353e-05,3.209596115993918e-06,1.622516538191121e-05,0.0,0.0,0.004967878946141961
3950.0,2.436468639643863e-05,3.209596115993918e-06,1.622516538191121e-05,0.0,0.0,0.0020303905330365524
3951.0,0.0,0.0,0.0,0.0,0.0,0.0
3952.0,0.0,0.0,0.0,0.0,0.0,0.0
3953.0,0.0,0.0,0.0,0.0,0.0,0.0
3954.0,0.0,0.0,0.0,0.0,0.0,0.0
3955.0,2.8560729333548807e-05,0.0,0.0,0.0,0.0,0.002380060777795734
3956.0,8.04057635832578e-05,0.0,0.0,0.0,0.003472222222222222,0.023148148148148147
3957.0,0.000285658345092088,0.0,0.0,0.0,0.001736111111111111,0.023804862091007333
3958.0,3.984544309787452e-05,0.0,0.0,0.0,0.0,0.0033204535914895437
3959.0,0.0004094087635166943,3.9487156300310744e-07,0.0,0.0,0.005208333333333333,0.034722222222222224
3960.0,0.061208732426166534,0.029303744435310364,0.0,0.00024202634813264012,0.328125,5.100727702180545
3961.0,0.0,0.0,0.0,0.0,0.0,0.0
3962.0,0.0,0.0,0.0,0.0,0.0,0.0
3963.0,0.0,0.0,0.0,0.0,0.0,0.0
3964.0,0.0,0.0,0.0,0.0,0.0,0.0
3965.0,0.0,0.0,0.0,0.0,0.0,0.0
3966.0,0.0,0.0,0.0,0.0,0.0,0.0
3967.0,0.0,0.0,0.0,0.0,0.0,0.0
3968.0,0.0,0.0,0.0,0.0,0.0,0.0
3969.0,1.3682696589967236e-05,0.0,0.0,0.0,0.0,0.001140224715830603
3970.0,5.688316377927549e-05,0.0,0.0,0.0,0.0,0.004740263648272958
3971.0,0.0,0.0,0.0,0.0,0.0,0.0
3972.0,6.988697714405134e-05,0.0,0.0,0.0,0.0,0.005823914762004279
3973.0,0.0,0.0,0.0,0.0,0.0,0.0
3974.0,0.0,0.0,0.0,0.0,0.0,0.0
3975.0,0.0,0.0,0.0,0.0,0.0,0.0
3976.0,0.00029043920221738517,1.1005748490333644e-07,0.0,0.0,0.003472222222222222,0.024203266851448763
3977.0,1.1744280072889524e-06,1.1005748490333644e-07,0.0,0.0,0.0,9.78690006074127e-05
3978.0,0.0,0.0,0.0,0.0,0.0,0.0
3979.0,0.0,0.0,0.0,0.0,0.0,0.0
3980.0,0.0,0.0,0.0,0.0,0.0,0.0
3981.0,0.0,0.0,0.0,0.0,0.0,0.0
3982.0,0.0,0.0,0.0,0.0,0.0,0.0
3983.0,0.0,0.0,0.0,0.0,0.0,0.0
3984.0,0.0,0.0,0.0,0.0,0.0,0.0
3985.0,3.9147582242549106e-07,0.0,0.0,0.0,0.0,3.2622985202124255e-05
3986.0,0.0,0.0,0.0,0.0,0.0,0.0
3987.0,0.0,0.0,0.0,0.0,0.0,0.0
3988.0,0.0,0.0,0.0,0.0,0.0,0.0
3989.0,0.0,0.0,0.0,0.0,0.0,0.0
3990.0,0.0,0.0,0.0,0.0,0.0,0.0
3991.0,0.0,0.0,0.0,0.0,0.0,0.0
3992.0,0.0,0.0,0.0,0.0,0.0,0.0
3993.0,0.0,0.0,0.0,0.0,0.0,0.0
3994.0,0.0,0.0,0.0,0.0,0.0,0.0
3995.0,0.0,0.0,0.0,0.0,0.0,0.0
3996.0,0.0,0.0,0.0,0.0,0.0,0.0
3997.0,0.0,0.0,0.0,0.0,0.0,0.0
3998.0,0.0,0.0,0.0,0.0,0.0,0.0
3999.0,0.0,0.0,0.0,0.0,0.0,0.0
4000.0,0.0,0.0,0.0,0.0,0.0,0.0
4001.0,1.1744280072889524e-06,1.1005748490333644e-07,0.0,0.0,0.0,9.78690006074127e-05
4002.0,1.1744280072889524e-06,1.1005748490333644e-07,0.0,0.0,0.0,9.78690006074127e-05
4003.0,0.0,0.0,0.0,0.0,0.0,0.0
4004.0,0.0,0.0,0.0,0.0,0.0,0.0
4005.0,0.0,0.0,0.0,0.0,0.0,0.0
4006.0,0.0,0.0,0.0,0.0,0.0,0.0
4007.0,0.0,0.0,0.0,0.0,0.0,0.0
4008.0,0.0,0.0,0.0,0.0,0.0,0.0
4009.0,0.0002860157983377576,0.0,0.0,0.0,0.003472222222222222,0.0238346498614798
4010.0,6.60401974528213e-06,0.0,0.0,0.0,0.0,0.0005503349787735109
4011.0,0.0,0.0,0.0,0.0,0.0,0.0
4012.0,0.0,0.0,0.0,0.0,0.0,0.0
4013.0,0.0,0.0,0.0,0.0,0.0,0.0
4014.0,0.0,0.0,0.0,0.0,0.0,0.0
4015.0,0.0,0.0,0.0,0.0,0.0,0.0
4016.0,0.0,0.0,0.0,0.0,0.0,0.0
4017.0,0.0,0.0,0.0,0.0,0.0,0.0
4018.0,0.0,0.0,0.0,0.0,0.0,0.0
4019.0,0.0,0.0,0.0,0.0,0.0,0.0
4020.0,0.055159956216812134,0.03159457817673683,0.0,0.0006734660128131509,0.3628472222222222,4.5966630180676775
4021.0,0.0,0.0,0.0,0.0,0.0,0.0
4022.0,0.0,0.0,0.0,0.0,0.0,0.0
4023.0,0.0,0.0,0.0,0.0,0.0,0.0
4024.0,0.0,0.0,0.0,0.0,0.0,0.0
4025.0,0.0,0.0,0.0,0.0,0.0,0.0
4026.0,0.0,0.0,0.0,0.0,0.0,0.0
4027.0,0.0,0.0,0.0,0.0,0.0,0.0
4028.0,1.3616478611311322e-07,0.0,0.0,0.0,0.0,1.1347065509426102e-05
4029.0,1.3616478611311322e-07,0.0,0.0,0.0,0.0,1.1347065509426102e-05
4030.0,0.0,0.0,0.0,0.0,0.0,0.0
4031.0,0.0,0.0,0.0,0.0,0.0,0.0
4032.0,0.0,0.0,0.0,0.0,0.0,0.0
4033.0,0.0,0.0,0.0,0.0,0.0,0.0
4034.0,0.0,0.0,0.0,0.0,0.0,0.0
4035.0,0.0,0.0,0.0,0.0,0.0,0.0
4036.0,1.1486516996228602e-05,6.1352807279035915e-06,2.841523200913798e-05,0.0,0.0,0.0009572097496857168
4037.0,1.1486516996228602e-05,6.1352807279035915e-06,2.841523200913798e-05,0.0,0.0,0.0009572097496857168
4038.0,0.00040236918721348047,0.0005127578042447567,0.0,0.0,0.006944444444444444,0.046296296296296294
4039.0,0.00015624995285179466,0.0,0.0,0.0,0.001736111111111111,0.013020829404316222
4040.0,0.0,0.0,0.0,0.0,0.0,0.0
4041.0,0.0,0.0,0.0,0.0,0.0,0.0
4042.0,0.0,0.0,0.0,0.0,0.0,0.0
4043.0,0.0,0.0,0.0,0.0,0.0,0.0
4044.0,0.0,0.0,0.0,0.0,0.0,0.0
4045.0,5.446639534056885e-06,5.612969744106522e-06,0.0,0.0,0.0,0.00045388662783807376
4046.0,0.0,0.0,0.0,0.0,0.0,0.0
4047.0,0.0,0.0,0.0,0.0,0.0,0.0
4048.0,0.0,0.0,0.0,0.0,0.0,0.0
4049.0,0.0,0.0,0.0,0.0,0.0,0.0
4050.0,0.0,0.0,0.0,0.0,0.0,0.0
4051.0,8.51034798188266e-08,0.0,0.0,0.0,0.0,7.091956651568883e-06
4052.0,0.05568898841738701,0.032106347382068634,0.0,0.0006734660128131509,0.3680555555555556,4.64074903478225
4053.0,3.2509497032151558e-06,0.0,0.0,0.0,0.0,0.00027091247526792966
4054.0,3.2509497032151558e-06,0.0,0.0,0.0,0.0,0.00027091247526792966
4055.0,3.2509497032151558e-06,0.0,0.0,0.0,0.0,0.00027091247526792966
4056.0,3.2509497032151558e-06,0.0,0.0,0.0,0.0,0.00027091247526792966
4057.0,1.1914484275621362e-05,0.0,0.0,0.0,0.003472222222222222,0.023148148148148147
4058.0,0.00019367846834938973,0.0,0.0,0.0,0.0,0.016139872362449143
4059.0,7.849943358451128e-05,0.0,0.0,0.0,0.0,0.00654161946537594
4060.0,7.201455446192995e-05,0.0,0.0,0.0,0.0,0.006001212871827495
4061.0,3.056916830246337e-05,0.0,0.0,0.0,0.0,0.002547430691871947
4062.0,3.2509497032151558e-06,0.0,0.0,0.0,0.0,0.00027091247526792966
4063.0,3.2509497032151558e-06,0.0,0.0,0.0,0.0,0.00027091247526792966
4064.0,3.2509497032151558e-06,0.0,0.0,0.0,0.0,0.00027091247526792966
4065.0,3.2509497032151558e-06,0.0,0.0,0.0,0.0,0.00027091247526792966
4066.0,3.2509497032151558e-06,0.0,0.0,0.0,0.0,0.00027091247526792966
4067.0,3.2509497032151558e-06,0.0,0.0,0.0,0.0,0.00027091247526792966
4068.0,7.216763606265886e-06,5.502874387275369e-07,0.0,0.0,0.0,0.0006013969671888238
4069.0,9.361369848193135e-06,5.502874387275369e-07,0.0,0.0,0.0,0.0007801141540160946
4070.0,3.2509497032151558e-06,0.0,0.0,0.0,0.0,0.00027091247526792966
4071.0,0.00013087211118545383,0.0,0.0,0.0,0.0,0.010906009265454486
4072.0,1.4161213584884536e-05,0.0,0.0,0.0,0.0,0.0011801011320737114
4073.0,3.5420063795754686e-05,0.0,0.0,0.0,0.0,0.002951671982979557
4074.0,3.2509497032151558e-06,0.0,0.0,0.0,0.0,0.00027091247526792966
4075.0,3.2509497032151558e-06,0.0,0.0,0.0,0.0,0.00027091247526792966
4076.0,3.2509497032151558e-06,0.0,0.0,0.0,0.0,0.00027091247526792966
4077.0,9.495846461504698e-05,0.0,0.0,0.0,0.0,0.007913205384587249
4078.0,2.905431938415859e-05,0.0,0.0,0.0,0.0,0.0024211932820132156
4079.0,3.2509497032151558e-06,0.0,0.0,0.0,0.0,0.00027091247526792966
4080.0,9.480527660343796e-05,0.0,0.0,0.0,0.0,0.007900439716953164
4081.0,3.2509497032151558e-06,0.0,0.0,0.0,0.0,0.00027091247526792966
4082.0,3.2509497032151558e-06,0.0,0.0,0.0,0.0,0.00027091247526792966
4083.0,3.2509497032151558e-06,0.0,0.0,0.0,0.0,0.00027091247526792966
4084.0,3.2509497032151558e-06,0.0,0.0,0.0,0.0,0.00027091247526792966
4085.0,8.306102245114744e-06,0.0,0.0,0.0,0.0,0.0006921751870928953
4086.0,3.3020121463778196e-06,0.0,0.0,0.0,0.0,0.0002751676788648183
4087.0,3.2509497032151558e-06,0.0,0.0,0.0,0.0,0.00027091247526792966
4088.0,3.2509497032151558e-06,0.0,0.0,0.0,0.0,0.00027091247526792966
4089.0,3.2509497032151558e-06,0.0,0.0,0.0,0.0,0.00027091247526792966
4090.0,3.2509497032151558e-06,0.0,0.0,0.0,0.0,0.00027091247526792966
4091.0,5.473854616866447e-05,0.0,0.0,0.0,0.0,0.004561545514055372
4092.0,9.829452756093815e-05,0.0,0.0,0.0,0.003472222222222222,0.023148148148148147
4093.0,9.684774704510346e-05,5.502874387275369e-07,0.0,0.0,0.0,0.008070645587091954
4094.0,0.00017887045396491885,5.502874387275369e-07,0.0,0.0,0.0,0.014905871163743237
4095.0,6.706154090352356e-05,0.0,0.0,0.0,0.0,0.005588461741960297
4096.0,3.2679706691851607e-06,0.0,0.0,0.0,0.0,0.0002723308890987634
4097.0,3.2679706691851607e-06,0.0,0.0,0.0,0.0,0.0002723308890987634
4098.0,3.2679706691851607e-06,0.0,0.0,0.0,0.0,0.0002723308890987634
4099.0,3.2679706691851607e-06,0.0,0.0,0.0,0.0,0.0002723308890987634
4100.0,3.2679706691851607e-06,0.0,0.0,0.0,0.0,0.0002723308890987634
4101.0,3.2679706691851607e-06,0.0,0.0,0.0,0.0,0.0002723308890987634
4102.0,0.00012898282147943974,0.0,0.0,0.0,0.003472222222222222,0.023148148148148147
4103.0,3.250949930588831e-06,0.0,0.0,0.0,0.0,0.00027091249421573593
4104.0,3.250949930588831e-06,0.0,0.0,0.0,0.0,0.00027091249421573593
4105.0,0.00011574070958886296,0.0,0.0,0.0,0.0,0.009645059132405246
4106.0,0.00015124586934689432,0.0,0.0,0.0,0.0,0.012603822445574528
4107.0,0.00020874181063845754,0.0,0.0,0.0,0.0,0.01739515088653813
4108.0,3.250949930588831e-06,0.0,0.0,0.0,0.0,0.00027091249421573593
4109.0,0.05749408155679703,0.032106347382068634,0.0,0.0006734660128131509,0.3645833333333333,4.791173463066419
4110.0,0.0,0.0,0.0,0.0,0.0,0.0
4111.0,0.0,0.0,0.0,0.0,0.0,0.0
4112.0,0.0,0.0,0.0,0.0,0.0,0.0
4113.0,0.0,0.0,0.0,0.0,0.0,0.0
4114.0,0.0,0.0,0.0,0.0,0.0,0.0
4115.0,0.0,0.0,0.0,0.0,0.0,0.0
4116.0,0.0,0.0,0.0,0.0,0.0,0.0
4117.0,1.3616478611311322e-07,0.0,0.0,0.0,0.0,1.1347065509426102e-05
4118.0,1.3616478611311322e-07,0.0,0.0,0.0,0.0,1.1347065509426102e-05
4119.0,0.0,0.0,0.0,0.0,0.0,0.0
4120.0,0.0,0.0,0.0,0.0,0.0,0.0
4121.0,0.0,0.0,0.0,0.0,0.0,0.0
4122.0,0.0,0.0,0.0,0.0,0.0,0.0
4123.0,0.0,0.0,0.0,0.0,0.0,0.0
4124.0,0.0,0.0,0.0,0.0,0.0,0.0
4125.0,1.1537579666764941e-05,6.465453225246165e-06,2.841523200913798e-05,0.0,0.0,0.0009614649722304117
4126.0,1.1537579666764941e-05,6.465453225246165e-06,2.841523200913798e-05,0.0,0.0,0.0009614649722304117
4127.0,0.0,0.0,0.0,0.0,0.0,0.0
4128.0,0.0,0.0,0.0,0.0,0.0,0.0
4129.0,0.0,0.0,0.0,0.0,0.0,0.0
4130.0,0.0,0.0,0.0,0.0,0.0,0.0
4131.0,0.0,0.0,0.0,0.0,0.0,0.0
4132.0,0.0,0.0,0.0,0.0,0.0,0.0
4133.0,0.0,0.0,0.0,0.0,0.0,0.0
4134.0,0.0,0.0,0.0,0.0,0.0,0.0
4135.0,0.0,0.0,0.0,0.0,0.0,0.0
4136.0,0.0,0.0,0.0,0.0,0.0,0.0
4137.0,0.0,0.0,0.0,0.0,0.0,0.0
4138.0,0.0,0.0,0.0,0.0,0.0,0.0
4139.0,0.0,0.0,0.0,0.0,0.0,0.0
4140.0,0.0,0.0,0.0,0.0,0.0,0.0
4141.0,0.0,0.0,0.0,0.0,0.0,0.0
4142.0,1.3616478611311322e-07,0.0,0.0,0.0,0.0,1.1347065509426102e-05
4143.0,6.9104021349630784e-06,0.0,0.0,0.0,0.0,0.0005758668445802565
4144.0,0.00016683684953022748,0.0,0.0,0.0,0.0,0.013903070794185624
4145.0,0.0,0.0,0.0,0.0,0.0,0.0
4146.0,0.0,0.0,0.0,0.0,0.0,0.0
4147.0,0.0,0.0,0.0,0.0,0.0,0.0
4148.0,0.0,0.0,0.0,0.0,0.0,0.0
4149.0,2.0424835156518384e-07,0.0,0.0,0.0,0.0,1.702069596376532e-05
4150.0,5.451482502394356e-05,6.465453225246165e-06,2.841523200913798e-05,0.0,0.001736111111111111,0.011574074074074073
4151.0,1.180991057481151e-05,6.465453225246165e-06,2.841523200913798e-05,0.0,0.0,0.000984159214567626
4152.0,7.994620682438836e-05,0.0,0.0,0.0,0.001736111111111111,0.011574074074074073
4153.0,1.6390929886256345e-05,0.0,0.0,0.0,0.0,0.0013659108238546953
4154.0,0.00010862605995498598,0.0,0.0,0.0,0.001736111111111111,0.011574074074074073
4155.0,0.0,0.0,0.0,0.0,0.0,0.0
4156.0,0.0,0.0,0.0,0.0,0.0,0.0
4157.0,0.0,0.0,0.0,0.0,0.0,0.0
4158.0,0.0,0.0,0.0,0.0,0.0,0.0
4159.0,4.136026745982235e-06,0.0,0.0,0.0,0.0,0.0003446688954985196
4160.0,0.0,0.0,0.0,0.0,0.0,0.0
4161.0,0.0,0.0,0.0,0.0,0.0,0.0
4162.0,0.0,0.0,0.0,0.0,0.0,0.0
4163.0,0.0,0.0,0.0,0.0,0.0,0.0
4164.0,0.0,0.0,0.0,0.0,0.0,0.0
4165.0,0.0,0.0,0.0,0.0,0.0,0.0
4166.0,0.0,0.0,0.0,0.0,0.0,0.0
4167.0,1.3616478611311322e-07,0.0,0.0,0.0,0.0,1.1347065509426102e-05
4168.0,0.00011623431055340916,0.0,0.0,0.0,0.0,0.00968619254611743
4169.0,5.798950223834254e-05,0.0,0.0,0.0,0.0,0.004832458519861878
4170.0,0.05807959660887718,0.032106347382068634,0.0,0.0006734660128131509,0.3697916666666667,4.839966384073098
4171.0,0.0,0.0,0.0,0.0,0.0,0.0
4172.0,0.0018346267752349377,0.0,0.0,0.0,0.010416666666666666,0.15288556460291147
4173.0,0.0,0.0,0.0,0.0,0.0,0.0
4174.0,0.0,0.0,0.0,0.0,0.0,0.0
4175.0,0.0,0.0,0.0,0.0,0.0,0.0
4176.0,0.0,0.0,0.0,0.0,0.0,0.0
4177.0,0.0,0.0,0.0,0.0,0.0,0.0
4178.0,4.01688193960581e-05,0.0,0.0,0.0,0.0,0.003347401616338175
4179.0,0.00013165504788048565,0.0,0.0,0.0,0.0,0.010971253990040472
4180.0,2.553105105107534e-07,0.0,0.0,0.0,0.0,2.1275875875896116e-05
4181.0,0.00011488969175843522,0.0,0.0,0.0,0.0,0.009574140979869602
4182.0,3.62540913556586e-06,0.0,0.0,0.0,0.0,0.0003021174279638217
4183.0,0.0,0.0,0.0,0.0,0.0,0.0
4184.0,0.0,0.0,0.0,0.0,0.0,0.0
4185.0,0.0,0.0,0.0,0.0,0.0,0.0
4186.0,4.1936782508855686e-05,1.4941519111744128e-05,2.841523200913798e-05,0.0,0.0,0.0034947318757379735
4187.0,7.897187606431544e-05,1.4941519111744128e-05,2.841523200913798e-05,0.0,0.0,0.006580989672026287
4188.0,4.0781589632388204e-05,0.0,0.0,0.0,0.0,0.003398465802699017
4189.0,6.205745739862323e-05,0.0,0.0,0.0,0.0,0.005171454783218603
4190.0,0.0,0.0,0.0,0.0,0.0,0.0
4191.0,5.3989639127394184e-05,0.0,0.0,0.0,0.003472222222222222,0.023148148148148147
4192.0,0.00013689744810108095,0.0,0.0,0.0,0.0,0.01140812067509008
4193.0,0.00016452203271910548,0.0,0.0,0.0,0.003472222222222222,0.023148148148148147
4194.0,5.2066305215703323e-05,0.0,0.0,0.0,0.0,0.004338858767975277
4195.0,1.6133679309859872e-05,0.0,0.0,0.0,0.0,0.001344473275821656
4196.0,0.00012855729437433183,0.0,0.0,0.0,0.0,0.010713107864527652
4197.0,0.00012816583330277354,0.0,0.0,0.0,0.0,0.01068048610856446
4198.0,3.099468085565604e-05,0.0,0.0,0.0,0.0,0.00258289007130467
4199.0,5.039827374275774e-05,0.0,0.0,0.0,0.0,0.004199856145229812
4200.0,7.720586290815845e-05,0.0,0.0,0.0,0.0,0.006433821909013204
4201.0,4.369212911115028e-05,0.0,0.0,0.0,0.0,0.003641010759262523
4202.0,3.165849557262845e-05,0.0,0.0,0.0,0.0,0.0026382079643857046
4203.0,6.993801798671484e-05,0.0,0.0,0.0,0.0,0.00582816816555957
4204.0,0.00010836881847353652,0.0,0.0,0.0,0.0,0.00903073487279471
4205.0,0.00014169728092383593,0.0,0.0,0.0,0.0,0.011808106743652994
4206.0,7.402300252579153e-05,0.0,0.0,0.0,0.0,0.00616858354381596
4207.0,0.0,0.0,0.0,0.0,0.0,0.0
4208.0,0.0,0.0,0.0,0.0,0.0,0.0
4209.0,0.0,0.0,0.0,0.0,0.0,0.0
4210.0,0.0,0.0,0.0,0.0,0.0,0.0
4211.0,3.252240639994852e-05,1.4941519111744128e-05,2.841523200913798e-05,0.0,0.0,0.0027102005333290435
4212.0,2.7350044547347352e-05,1.4941519111744128e-05,2.841523200913798e-05,0.0,0.0,0.002279170378945613
4213.0,0.0,0.0,0.0,0.0,0.0,0.0
4214.0,0.0,0.0,0.0,0.0,0.0,0.0
4215.0,0.0,0.0,0.0,0.0,0.0,0.0
4216.0,0.0,0.0,0.0,0.0,0.0,0.0
4217.0,0.0,0.0,0.0,0.0,0.0,0.0
4218.0,0.0,0.0,0.0,0.0,0.0,0.0
4219.0,0.0,0.0,0.0,0.0,0.0,0.0
4220.0,0.0,0.0,0.0,0.0,0.0,0.0
4221.0,0.0001487268164055422,0.0009606917737983167,0.0,0.0,0.003472222222222222,0.024017294344957918
4222.0,0.0002395492629148066,0.0015478483401238918,0.0,0.0,0.006944444444444444,0.046296296296296294
4223.0,0.00012157882156316191,0.0007861405028961599,0.0,0.0,0.006944444444444444,0.046296296296296294
4224.0,0.0002234987186966464,0.0014443942345678806,0.0,0.0,0.006944444444444444,0.046296296296296294
4225.0,0.00018624044605530798,0.001204248983412981,0.0,0.0,0.003472222222222222,0.030106224585324526
4226.0,1.702069596376532e-08,1.1005748490333644e-07,0.0,0.0,0.0,2.751437122583411e-06
4227.0,0.0002604506444185972,0.0016837692819535732,0.0,0.0,0.006944444444444444,0.046296296296296294
4228.0,0.00014389293210115284,0.0009133670246228576,0.0,0.0,0.003472222222222222,0.023148148148148147
4229.0,3.867101258947514e-05,0.00023662361491005868,0.0,0.0,0.0,0.005915590372751467
4230.0,0.00023658765712752938,0.001300989300943911,0.0,0.0,0.006944444444444444,0.046296296296296294
4231.0,9.097561269300058e-05,0.00017124942678492516,0.0,0.0,0.0,0.007581301057750048
4232.0,0.0001700197026366368,0.0,0.0,0.0,0.006944444444444444,0.046296296296296294
4233.0,0.0001332890533376485,0.0,0.0,0.0,0.001736111111111111,0.011574074074074073
4234.0,0.0,0.0,0.0,0.0,0.0,0.0
4235.0,0.0,0.0,0.0,0.0,0.0,0.0
4236.0,3.633697997429408e-05,4.179557436145842e-05,2.841523200913798e-05,0.0,0.0,0.0030280816645245068
4237.0,0.00010205386206507683,1.846336090238765e-05,2.841523200913798e-05,0.0,0.0,0.008504488505423069
4238.0,4.968340726918541e-05,0.0,0.0,0.0,0.0,0.004140283939098784
4239.0,0.00015982431068550795,0.0,0.0,0.0,0.0,0.013318692557125663
4240.0,0.0003554431605152786,0.0,0.0,0.0,0.001736111111111111,0.029620263376273215
4241.0,3.688384822453372e-05,0.0,0.0,0.0,0.0,0.0030736540187111436
4242.0,0.0,0.0,0.0,0.0,0.0,0.0
4243.0,0.00012568080273922533,0.0,0.0,0.0,0.0,0.010473400228268778
4244.0,0.0002407917781965807,0.0,0.0,0.0,0.0,0.020065981516381726
4245.0,2.3965149011928588e-05,0.0,0.0,0.0,0.0,0.001997095750994049
4246.0,0.0,0.0,0.0,0.0,0.0,0.0
4247.0,0.0,0.0,0.0,0.0,0.0,0.0
4248.0,0.0,0.0,0.0,0.0,0.0,0.0
4249.0,0.0,0.0,0.0,0.0,0.0,0.0
4250.0,0.0,0.0,0.0,0.0,0.0,0.0
4251.0,9.361378943140153e-06,0.0,0.0,0.0,0.0,0.000780114911928346
4252.0,7.439745968440548e-05,0.0,0.0,0.0,0.0,0.006199788307033789
4253.0,5.51300254301168e-05,0.0,0.0,0.0,0.0,0.004594168785843067
4254.0,6.808239731981303e-07,0.0,0.0,0.0,0.0,5.673533109984419e-05
4255.0,0.0,0.0,0.0,0.0,0.0,0.0
4256.0,0.0,0.0,0.0,0.0,0.0,0.0
4257.0,0.0,0.0,0.0,0.0,0.0,0.0
4258.0,0.0,0.0,0.0,0.0,0.0,0.0
4259.0,0.0,0.0,0.0,0.0,0.0,0.0
4260.0,5.7529928199073765e-06,0.0,0.0,0.0,0.0,0.0004794160683256147
4261.0,0.0002931111375801265,1.846336090238765e-05,2.841523200913798e-05,0.0,0.0,0.02442592813167721
4262.0,9.39179808483459e-05,1.846336090238765e-05,2.841523200913798e-05,0.0,0.0,0.007826498404028825
4263.0,0.0,0.0,0.0,0.0,0.0,0.0
4264.0,0.0,0.0,0.0,0.0,0.0,0.0
4265.0,4.0849658944352996e-06,0.0,0.0,0.0,0.0,0.00034041382453627495
4266.0,0.00016365396731998771,0.0,0.0,0.0,0.0,0.013637830609998977
4267.0,0.00031535938614979386,0.0,0.0,0.0,0.0,0.026279948845816154
4268.0,8.047384471865371e-05,0.0,0.0,0.0,0.0,0.006706153726554476
4269.0,0.0,0.0,0.0,0.0,0.0,0.0
4270.0,1.0893252692767419e-05,0.0,0.0,0.0,0.0,0.0009077710577306182
4271.0,0.0,0.0,0.0,0.0,0.0,0.0
4272.0,0.0,0.0,0.0,0.0,0.0,0.0
4273.0,0.00015604571672156453,0.0,0.0,0.0,0.0,0.013003809726797044
4274.0,0.00011007283319486305,0.0,0.0,0.0,0.0,0.009172736099571921
4275.0,5.215140845393762e-05,0.0,0.0,0.0,0.0,0.004345950704494801
4276.0,0.00010494960588403046,0.0,0.0,0.0,0.0,0.008745800490335872
4277.0,9.100964234676212e-05,0.0,0.0,0.0,0.0,0.007584136862230176
4278.0,1.016137503029313e-05,0.0,0.0,0.0,0.0,0.0008467812525244275
4279.0,6.808239731981303e-07,0.0,0.0,0.0,0.0,5.673533109984419e-05
4280.0,0.0,0.0,0.0,0.0,0.0,0.0
4281.0,0.0,0.0,0.0,0.0,0.0,0.0
4282.0,0.0,0.0,0.0,0.0,0.0,0.0
4283.0,0.0,0.0,0.0,0.0,0.0,0.0
4284.0,0.0,0.0,0.0,0.0,0.0,0.0
4285.0,0.0,0.0,0.0,0.0,0.0,0.0
4286.0,2.954571391455829e-05,1.846336090238765e-05,2.841523200913798e-05,0.0,0.0,0.002462142826213191
4287.0,2.954571391455829e-05,1.846336090238765e-05,2.841523200913798e-05,0.0,0.0,0.002462142826213191
4288.0,0.0,0.0,0.0,0.0,0.0,0.0
4289.0,0.0,0.0,0.0,0.0,0.0,0.0
4290.0,0.0,0.0,0.0,0.0,0.0,0.0
4291.0,0.0,0.0,0.0,0.0,0.0,0.0
4292.0,0.0,0.0,0.0,0.0,0.0,0.0
4293.0,0.0,0.0,0.0,0.0,0.0,0.0
4294.0,0.0,0.0,0.0,0.0,0.0,0.0
4295.0,0.0,0.0,0.0,0.0,0.0,0.0
4296.0,0.0,0.0,0.0,0.0,0.0,0.0
4297.0,0.0,0.0,0.0,0.0,0.0,0.0
4298.0,0.0,0.0,0.0,0.0,0.0,0.0
4299.0,0.0,0.0,0.0,0.0,0.0,0.0
4300.0,0.0,0.0,0.0,0.0,0.0,0.0
4301.0,0.0,0.0,0.0,0.0,0.0,0.0
4302.0,0.0,0.0,0.0,0.0,0.0,0.0
4303.0,6.808239731981303e-07,0.0,0.0,0.0,0.0,5.673533109984419e-05
4304.0,6.808239731981303e-07,0.0,0.0,0.0,0.0,5.673533109984419e-05
4305.0,0.0,0.0,0.0,0.0,0.0,0.0
4306.0,0.06202276423573494,0.042282041162252426,0.0,0.0006734660128131509,0.3767361111111111,5.168563686311245
4307.0,0.001151007367298007,0.0005118772969581187,0.0,0.0,0.013888888888888888,0.09591728060816725
4308.0,1.1914642783494855e-07,0.0,0.0,0.0,0.0,9.928868986245712e-06
4309.0,0.0,0.0,0.0,0.0,0.0,0.0
4310.0,2.9701110179303214e-05,0.0,0.0,0.0,0.0,0.0024750925149419345
4311.0,2.3590684577357024e-05,0.0,0.0,0.0,0.0,0.001965890381446419
4312.0,0.0,0.0,0.0,0.0,0.0,0.0
4313.0,5.3019466577097774e-05,0.0,0.0,0.0,0.0,0.0044182888814248145
4314.0,3.574342372303363e-06,1.1005748490333644e-07,0.0,0.0,0.0,0.00029786186435861356
4315.0,7.788668881403282e-05,0.0,0.0,0.0,0.003472222222222222,0.023148148148148147
4316.0,0.00020210372167639434,0.0,0.0,0.0,0.003472222222222222,0.023148148148148147
4317.0,5.521513594430871e-05,0.0,0.0,0.0,0.005208333333333333,0.034722222222222224
4318.0,0.00015456491382792592,0.0,0.0,0.0,0.005208333333333333,0.034722222222222224
4319.0,0.0002813861065078527,0.0,0.0,0.0,0.006944444444444444,0.046296296296296294
4320.0,0.00018281926168128848,0.0,0.0,0.0,0.010416666666666666,0.06944444444444445
4321.0,0.00015129693201743066,0.0,0.0,0.0,0.005208333333333333,0.034722222222222224
4322.0,0.00012382553541101515,0.0,0.0,0.0,0.003472222222222222,0.023148148148148147
4323.0,3.9113561797421426e-05,0.0,0.0,0.0,0.0,0.003259463483118452
4324.0,0.0,0.0,0.0,0.0,0.0,0.0
4325.0,0.0,0.0,0.0,0.0,0.0,0.0
4326.0,0.0,0.0,0.0,0.0,0.0,0.0
4327.0,0.0,0.0,0.0,0.0,0.0,0.0
4328.0,0.0,0.0,0.0,0.0,0.0,0.0
4329.0,0.00017046224093064666,0.0,0.0,0.0,0.008680555555555556,0.05787037037037038
4330.0,0.0,0.0,0.0,0.0,0.0,0.0
4331.0,2.025464027610724e-06,0.0,0.0,0.0,0.0,0.0001687886689675603
4332.0,0.0,0.0,0.0,0.0,0.0,0.0
4333.0,0.0,0.0,0.0,0.0,0.0,0.0
4334.0,0.0,0.0,0.0,0.0,0.0,0.0
4335.0,0.0,0.0,0.0,0.0,0.0,0.0
4336.0,0.0,0.0,0.0,0.0,0.0,0.0
4337.0,0.0,0.0,0.0,0.0,0.0,0.0
4338.0,0.053199853748083115,0.07852857559919357,0.38750967383384705,0.0037189454305917025,0.4670138888888889,4.433321145673593
4339.0,0.0531996488571167,0.07852857559919357,0.38750967383384705,0.0037189454305917025,0.4670138888888889,4.433304071426392
4340.0,0.061545588076114655,0.041772034019231796,0.0,0.0006734660128131509,0.3246527777777778,5.128799006342888
4341.0,0.006258457899093628,0.01017745491117239,0.0,0.0,0.059027777777777776,0.5215381582578024
4342.0,0.0,0.0,0.0,0.0,0.0,0.0
4343.0,0.0,0.0,0.0,0.0,0.0,0.0
4344.0,0.0,0.0,0.0,0.0,0.0,0.0
4345.0,0.00010540915536694229,0.0006786144222132862,0.0,0.0,0.0,0.016965360555332154
4346.0,0.0,0.0,0.0,0.0,0.0,0.0
4347.0,0.0005288840038701892,0.0,0.0,0.0,0.006944444444444444,0.046296296296296294
4348.0,0.00013191373727750033,2.2219062884687446e-05,1.622516538191121e-05,0.0,0.0,0.010992811439791694
4349.0,0.0003856241819448769,1.0002692761190701e-05,1.622516538191121e-05,0.0,0.006944444444444444,0.046296296296296294
4350.0,7.393789564957842e-05,0.0,0.0,0.0,0.0,0.006161491304131535
4351.0,3.216908226022497e-06,0.0,0.0,0.0,0.0,0.0002680756855018747
4352.0,3.216908226022497e-06,0.0,0.0,0.0,0.0,0.0002680756855018747
4353.0,3.216908226022497e-06,0.0,0.0,0.0,0.0,0.0002680756855018747
4354.0,3.216908226022497e-06,0.0,0.0,0.0,0.0,0.0002680756855018747
4355.0,3.216908226022497e-06,0.0,0.0,0.0,0.0,0.0002680756855018747
4356.0,3.216908226022497e-06,0.0,0.0,0.0,0.0,0.0002680756855018747
4357.0,1.3259125807962846e-05,0.0,0.0,0.0,0.0,0.0011049271506635705
4358.0,0.00010125610424438491,0.0006450467626564205,0.0,0.0,0.0,0.01612616906641051
4359.0,0.00015371388872154057,0.000991177512332797,0.0,0.0,0.0,0.024779437808319926
4360.0,8.183549653040245e-05,0.0005266250227577984,0.0,0.0,0.003472222222222222,0.023148148148148147
4361.0,0.0001368634111713618,0.0,0.0,0.0,0.0,0.01140528426428015
4362.0,0.000184402204467915,0.0,0.0,0.0,0.0,0.01536685037232625
4363.0,5.553852679440752e-05,0.0,0.0,0.0,0.0,0.004628210566200626
4364.0,0.00016600282106082886,0.0,0.0,0.0,0.0,0.01383356842173574
4365.0,0.00010789414955070242,1.7058879166143015e-05,0.0,0.0,0.0,0.008991179129225202
4366.0,0.00021235019084997475,0.0,0.0,0.0,0.003472222222222222,0.023148148148148147
4367.0,9.106069228437264e-06,0.0,0.0,0.0,0.0,0.0007588391023697719
4368.0,1.463778630750312e-06,0.0,0.0,0.0,0.0,0.00012198155256252599
4369.0,1.463778630750312e-06,0.0,0.0,0.0,0.0,0.00012198155256252599
4370.0,1.463778630750312e-06,0.0,0.0,0.0,0.0,0.00012198155256252599
4371.0,1.463778630750312e-06,0.0,0.0,0.0,0.0,0.00012198155256252599
4372.0,1.463778630750312e-06,0.0,0.0,0.0,0.0,0.00012198155256252599
4373.0,2.8172573365736753e-05,1.0002692761190701e-05,1.622516538191121e-05,0.0,0.0,0.0023477144471447295
4374.0,0.00021252372243907303,0.0012682898668572307,1.622516538191121e-05,0.0,0.003472222222222222,0.03170724667143077
4375.0,0.00015648826956748962,0.0010021834168583155,0.0,0.0,0.003472222222222222,0.025054585421457887
4376.0,1.4978194258219446e-06,0.0,0.0,0.0,0.0,0.00012481828548516205
4377.0,1.4671836652269121e-05,0.0,0.0,0.0,0.0,0.00122265305435576
4378.0,0.0002767904952634126,0.0,0.0,0.0,0.003472222222222222,0.023148148148148147
4379.0,1.4978194258219446e-06,0.0,0.0,0.0,0.0,0.00012481828548516205
4380.0,0.00017926192958839238,0.0,0.0,0.0,0.0,0.014938494132366031
4381.0,1.4978194258219446e-06,0.0,0.0,0.0,0.0,0.00012481828548516205
4382.0,1.1761301720980555e-05,2.663387931534089e-05,0.0,0.0,0.0,0.0009801084767483796
4383.0,1.4978194258219446e-06,0.0,0.0,0.0,0.0,0.00012481828548516205
4384.0,1.4978194258219446e-06,0.0,0.0,0.0,0.0,0.00012481828548516205
4385.0,1.4978194258219446e-06,0.0,0.0,0.0,0.0,0.00012481828548516205
4386.0,1.4978194258219446e-06,0.0,0.0,0.0,0.0,0.00012481828548516205
4387.0,1.4978194258219446e-06,0.0,0.0,0.0,0.0,0.00012481828548516205
4388.0,1.4978194258219446e-06,0.0,0.0,0.0,0.0,0.00012481828548516205
4389.0,1.4978194258219446e-06,0.0,0.0,0.0,0.0,0.00012481828548516205
4390.0,1.3616543981243012e-07,0.0,0.0,0.0,0.0,1.1347119984369177e-05
4391.0,1.565902152833587e-06,0.0,0.0,0.0,0.0,0.0001304918460694656
4392.0,1.4978194258219446e-06,0.0,0.0,0.0,0.0,0.00012481828548516205
4393.0,1.4978194258219446e-06,0.0,0.0,0.0,0.0,0.00012481828548516205
4394.0,0.07482174038887024,0.09039141982793808,0.3875061571598053,0.0040045203641057014,0.5347222222222222,6.235145032405853
4395.0,0.07482179254293442,0.09039141982793808,0.3875061571598053,0.0040045203641057014,0.5347222222222222,6.235149378577868
4396.0,0.057712484151124954,0.03670487552881241,0.0,0.0006734660128131509,0.3559027777777778,4.809373679260413
4397.0,0.0,0.0,0.0,0.0,0.0,0.0
4398.0,0.0,0.0,0.0,0.0,0.0,0.0
4399.0,0.0,0.0,0.0,0.0,0.0,0.0
4400.0,0.0,0.0,0.0,0.0,0.0,0.0
4401.0,0.0,0.0,0.0,0.0,0.0,0.0
4402.0,0.0,0.0,0.0,0.0,0.0,0.0
4403.0,0.0,0.0,0.0,0.0,0.0,0.0
4404.0,4.988088448953931e-07,1.0242014241157449e-06,0.0,0.0,0.0,4.156740374128276e-05
4405.0,4.988088448953931e-07,1.0242014241157449e-06,0.0,0.0,0.0,4.156740374128276e-05
4406.0,0.0,0.0,0.0,0.0,0.0,0.0
4407.0,0.0,0.0,0.0,0.0,0.0,0.0
4408.0,0.0,0.0,0.0,0.0,0.0,0.0
4409.0,0.0,0.0,0.0,0.0,0.0,0.0
4410.0,0.0,0.0,0.0,0.0,0.0,0.0
4411.0,0.0,0.0,0.0,0.0,0.0,0.0
4412.0,0.0,0.0,0.0,0.0,0.0,0.0
4413.0,0.0,0.0,0.0,0.0,0.0,0.0
4414.0,0.0,0.0,0.0,0.0,0.0,0.0
4415.0,0.0,0.0,0.0,0.0,0.0,0.0
4416.0,0.0,0.0,0.0,0.0,0.0,0.0
4417.0,0.0,0.0,0.0,0.0,0.0,0.0
4418.0,0.0,0.0,0.0,0.0,0.0,0.0
4419.0,1.096132746170042e-05,0.0,0.0,0.0,0.001736111111111111,0.011574074074074073
4420.0,6.3997836150520016e-06,0.0,0.0,0.0,0.0,0.0005333153012543335
4421.0,4.5819717342965305e-05,0.0,0.0,0.0,0.0,0.003818309778580442
4422.0,8.28737611300312e-05,0.0,0.0,0.0,0.0,0.0069061467608359335
4423.0,6.51211739750579e-05,0.0,0.0,0.0,0.0,0.005426764497921492
4424.0,0.00014455676137004048,0.0,0.0,0.0,0.003472222222222222,0.023148148148148147
4425.0,4.4406988308764994e-05,0.0,0.0,0.0,0.0,0.0037005823590637492
4426.0,0.0,0.0,0.0,0.0,0.0,0.0
4427.0,0.00020780567137990147,0.0,0.0,0.0,0.003472222222222222,0.023148148148148147
4428.0,0.00032145282602868974,0.0,0.0,0.0,0.001736111111111111,0.026787735502390813
4429.0,8.844474359648302e-05,1.0242014241157449e-06,0.0,0.0,0.0,0.007370395299706918
4430.0,4.988088448953931e-07,1.0242014241157449e-06,0.0,0.0,0.0,4.156740374128276e-05
4431.0,0.0,0.0,0.0,0.0,0.0,0.0
4432.0,0.0,0.0,0.0,0.0,0.0,0.0
4433.0,0.0,0.0,0.0,0.0,0.0,0.0
4434.0,0.0,0.0,0.0,0.0,0.0,0.0
4435.0,0.0,0.0,0.0,0.0,0.0,0.0
4436.0,0.0,0.0,0.0,0.0,0.0,0.0
4437.0,0.0,0.0,0.0,0.0,0.0,0.0
4438.0,0.0,0.0,0.0,0.0,0.0,0.0
4439.0,0.0,0.0,0.0,0.0,0.0,0.0
4440.0,0.0,0.0,0.0,0.0,0.0,0.0
4441.0,0.0,0.0,0.0,0.0,0.0,0.0
4442.0,0.0,0.0,0.0,0.0,0.0,0.0
4443.0,0.0,0.0,0.0,0.0,0.0,0.0
4444.0,0.0,0.0,0.0,0.0,0.0,0.0
4445.0,0.0,0.0,0.0,0.0,0.0,0.0
4446.0,0.0,0.0,0.0,0.0,0.0,0.0
4447.0,0.0,0.0,0.0,0.0,0.0,0.0
4448.0,0.0,0.0,0.0,0.0,0.0,0.0
4449.0,0.0,0.0,0.0,0.0,0.0,0.0
4450.0,0.0,0.0,0.0,0.0,0.0,0.0
4451.0,0.0,0.0,0.0,0.0,0.0,0.0
4452.0,0.0,0.0,0.0,0.0,0.0,0.0
4453.0,0.0,0.0,0.0,0.0,0.0,0.0
4454.0,4.988088448953931e-07,1.0242014241157449e-06,0.0,0.0,0.0,4.156740374128276e-05
4455.0,4.988088448953931e-07,1.0242014241157449e-06,0.0,0.0,0.0,4.156740374128276e-05
4456.0,0.0,0.0,0.0,0.0,0.0,0.0
4457.0,0.0,0.0,0.0,0.0,0.0,0.0
4458.0,0.0,0.0,0.0,0.0,0.0,0.0
4459.0,0.05872008576989174,0.03670476749539375,0.0,0.0006734660128131509,0.3628472222222222,4.893340480824311
4460.0,3.114777655355283e-06,1.1005748490333644e-07,0.0,0.0,0.0,0.00025956480461294024
4461.0,0.0,0.0,0.0,0.0,0.0,0.0
4462.0,0.0,0.0,0.0,0.0,0.0,0.0
4463.0,0.0,0.0,0.0,0.0,0.0,0.0
4464.0,0.0,0.0,0.0,0.0,0.0,0.0
4465.0,0.0,0.0,0.0,0.0,0.0,0.0
4466.0,0.0,0.0,0.0,0.0,0.0,0.0
4467.0,0.0,0.0,0.0,0.0,0.0,0.0
4468.0,0.0,0.0,0.0,0.0,0.0,0.0
4469.0,0.0,0.0,0.0,0.0,0.0,0.0
4470.0,0.0,0.0,0.0,0.0,0.0,0.0
4471.0,0.0,0.0,0.0,0.0,0.0,0.0
4472.0,0.0,0.0,0.0,0.0,0.0,0.0
4473.0,0.0,0.0,0.0,0.0,0.0,0.0
4474.0,0.0,0.0,0.0,0.0,0.0,0.0
4475.0,0.0,0.0,0.0,0.0,0.0,0.0
4476.0,0.0,0.0,0.0,0.0,0.0,0.0
4477.0,0.0,0.0,0.0,0.0,0.0,0.0
4478.0,0.0,0.0,0.0,0.0,0.0,0.0
4479.0,0.0,0.0,0.0,0.0,0.0,0.0
4480.0,0.0,0.0,0.0,0.0,0.0,0.0
4481.0,0.0,0.0,0.0,0.0,0.0,0.0
4482.0,0.0,0.0,0.0,0.0,0.0,0.0
4483.0,0.0,0.0,0.0,0.0,0.0,0.0
4484.0,3.114777655355283e-06,1.1005748490333644e-07,0.0,0.0,0.0,0.00025956480461294024
4485.0,3.114777655355283e-06,1.1005748490333644e-07,0.0,0.0,0.0,0.00025956480461294024
4486.0,0.0,0.0,0.0,0.0,0.0,0.0
4487.0,0.0,0.0,0.0,0.0,0.0,0.0
4488.0,0.00313282897695899,0.005111068952828646,0.0,0.0,0.024305555555555556,0.2610690814132492
4489.0,0.0,0.0,0.0,0.0,0.0,0.0
4490.0,0.0,0.0,0.0,0.0,0.0,0.0
4491.0,0.0,0.0,0.0,0.0,0.0,0.0
4492.0,0.0,0.0,0.0,0.0,0.0,0.0
4493.0,3.085852222284302e-05,1.1115776942460798e-05,0.0,0.0,0.0,0.0025715435185702518
4494.0,0.0,0.0,0.0,0.0,0.0,0.0
4495.0,0.0,0.0,0.0,0.0,0.0,0.0
4496.0,0.0,0.0,0.0,0.0,0.0,0.0
4497.0,0.0,0.0,0.0,0.0,0.0,0.0
4498.0,0.0,0.0,0.0,0.0,0.0,0.0
4499.0,0.0,0.0,0.0,0.0,0.0,0.0
4500.0,0.0,0.0,0.0,0.0,0.0,0.0
4501.0,0.0,0.0,0.0,0.0,0.0,0.0
4502.0,0.0,0.0,0.0,0.0,0.0,0.0
4503.0,0.0,0.0,0.0,0.0,0.0,0.0
4504.0,0.0,0.0,0.0,0.0,0.0,0.0
4505.0,0.0,0.0,0.0,0.0,0.0,0.0
4506.0,0.0,0.0,0.0,0.0,0.0,0.0
4507.0,0.0,0.0,0.0,0.0,0.0,0.0
4508.0,0.0,0.0,0.0,0.0,0.0,0.0
4509.0,3.0126539058983326e-06,1.1005748490333644e-07,0.0,0.0,0.0,0.00025105449215819436
4510.0,3.0126539058983326e-06,1.1005748490333644e-07,0.0,0.0,0.0,0.00025105449215819436
4511.0,0.0,0.0,0.0,0.0,0.0,0.0
4512.0,0.0,0.0,0.0,0.0,0.0,0.0
4513.0,0.0,0.0,0.0,0.0,0.0,0.0
4514.0,0.0,0.0,0.0,0.0,0.0,0.0
4515.0,0.0,0.0,0.0,0.0,0.0,0.0
4516.0,0.0,0.0,0.0,0.0,0.0,0.0
4517.0,0.0,0.0,0.0,0.0,0.0,0.0
4518.0,0.00013769741053692997,0.0,0.0,0.0,0.0,0.01147478421141083
4519.0,9.334148489870131e-05,0.0,0.0,0.0,0.003472222222222222,0.023148148148148147
4520.0,0.000109289881947916,0.00040952384006232023,0.0,0.0,0.0,0.010238096001558006
4521.0,0.0,0.0,0.0,0.0,0.0,0.0
4522.0,0.0,0.0,0.0,0.0,0.0,0.0
4523.0,0.0,0.0,0.0,0.0,0.0,0.0
4524.0,0.0,0.0,0.0,0.0,0.0,0.0
4525.0,0.0,0.0,0.0,0.0,0.0,0.0
4526.0,1.9488692487357184e-05,1.8489654394215904e-05,0.0,0.0,0.0,0.0016240577072797653
4527.0,0.0,0.0,0.0,0.0,0.0,0.0
4528.0,0.0,0.0,0.0,0.0,0.0,0.0
4529.0,0.0,0.0,0.0,0.0,0.0,0.0
4530.0,0.0,0.0,0.0,0.0,0.0,0.0
4531.0,0.0,0.0,0.0,0.0,0.0,0.0
4532.0,0.0,0.0,0.0,0.0,0.0,0.0
4533.0,0.0,0.0,0.0,0.0,0.0,0.0
4534.0,9.191168146571727e-07,1.1005748490333644e-07,0.0,0.0,0.0,7.659306788809772e-05
4535.0,0.0003254356561228633,0.0004106244305148721,0.0,0.0,0.003472222222222222,0.027119638010238607
4536.0,0.05616917461156845,0.03158412128686905,0.0,0.0006734660128131509,0.3697916666666667,4.680764550964038
4537.0,0.001007897430099547,0.0,0.0,0.0,0.010416666666666666,0.08399145250829558
4538.0,5.616837484012649e-07,0.0,0.0,0.0,0.0,4.680697903343874e-05
4539.0,5.616837484012649e-07,0.0,0.0,0.0,0.0,4.680697903343874e-05
4540.0,5.616837484012649e-07,0.0,0.0,0.0,0.0,4.680697903343874e-05
4541.0,5.616837484012649e-07,0.0,0.0,0.0,0.0,4.680697903343874e-05
4542.0,0.05516015738248825,0.03159457817673683,0.0,0.0006734660128131509,0.3628472222222222,4.596679781874021
4543.0,6.808278385506128e-08,0.0,0.0,0.0,0.0,5.673565321255107e-06
4544.0,0.0,0.0,0.0,0.0,0.0,0.0
4545.0,0.0,0.0,0.0,0.0,0.0,0.0
4546.0,0.0,0.0,0.0,0.0,0.0,0.0
4547.0,0.0,0.0,0.0,0.0,0.0,0.0
4548.0,0.0,0.0,0.0,0.0,0.0,0.0
4549.0,0.0,0.0,0.0,0.0,0.0,0.0
4550.0,8.227025318774395e-06,5.527973826247035e-06,1.294054072786821e-05,0.0,0.0,0.0006855854432311995
4551.0,8.227025318774395e-06,5.527973826247035e-06,1.294054072786821e-05,0.0,0.0,0.0006855854432311995
4552.0,0.0,0.0,0.0,0.0,0.0,0.0
4553.0,0.0,0.0,0.0,0.0,0.0,0.0
4554.0,0.0,0.0,0.0,0.0,0.0,0.0
4555.0,0.0,0.0,0.0,0.0,0.0,0.0
4556.0,0.0,0.0,0.0,0.0,0.0,0.0
4557.0,0.0,0.0,0.0,0.0,0.0,0.0
4558.0,0.0,0.0,0.0,0.0,0.0,0.0
4559.0,0.0,0.0,0.0,0.0,0.0,0.0
4560.0,0.0,0.0,0.0,0.0,0.0,0.0
4561.0,0.0,0.0,0.0,0.0,0.0,0.0
4562.0,0.0,0.0,0.0,0.0,0.0,0.0
4563.0,0.0,0.0,0.0,0.0,0.0,0.0
4564.0,0.0,0.0,0.0,0.0,0.0,0.0
4565.0,0.0,0.0,0.0,0.0,0.0,0.0
4566.0,0.05516874045133591,0.03159705176949501,4.283315138309263e-05,0.0006734660128131509,0.3628472222222222,4.597395037611325
4567.0,0.04360123351216316,0.020777741447091103,4.283315138309263e-05,0.0005556794349104166,0.2847222222222222,3.6334361260135966
4568.0,0.0,0.0,0.0,0.0,0.0,0.0
4569.0,0.0,0.0,0.0,0.0,0.0,0.0
4570.0,0.0,0.0,0.0,0.0,0.0,0.0
4571.0,0.0,0.0,0.0,0.0,0.0,0.0
4572.0,0.0,0.0,0.0,0.0,0.0,0.0
4573.0,0.0,0.0,0.0,0.0,0.0,0.0
4574.0,0.0,0.0,0.0,0.0,0.0,0.0
4575.0,0.0,0.0,0.0,0.0,0.0,0.0
4576.0,0.0,0.0,0.0,0.0,0.0,0.0
4577.0,0.0,0.0,0.0,0.0,0.0,0.0
4578.0,0.0,0.0,0.0,0.0,0.0,0.0
4579.0,0.0,0.0,0.0,0.0,0.0,0.0
4580.0,0.0,0.0,0.0,0.0,0.0,0.0
4581.0,0.0,0.0,0.0,0.0,0.0,0.0
4582.0,0.0,0.0,0.0,0.0,0.0,0.0
4583.0,0.0,0.0,0.0,0.0,0.0,0.0
4584.0,0.0,0.0,0.0,0.0,0.0,0.0
4585.0,0.0,0.0,0.0,0.0,0.0,0.0
4586.0,0.0,0.0,0.0,0.0,0.0,0.0
4587.0,0.0,0.0,0.0,0.0,0.0,0.0
4588.0,0.0,0.0,0.0,0.0,0.0,0.0
4589.0,0.0,0.0,0.0,0.0,0.0,0.0
4590.0,0.0,0.0,0.0,0.0,0.0,0.0
4591.0,3.9714581362204626e-05,1.1739840374502819e-05,4.283315138309263e-05,0.0,0.0,0.0033095484468503855
4592.0,3.9714581362204626e-05,1.1739840374502819e-05,4.283315138309263e-05,0.0,0.0,0.0033095484468503855
4593.0,0.0,0.0,0.0,0.0,0.0,0.0
4594.0,0.0,0.0,0.0,0.0,0.0,0.0
4595.0,0.0,0.0,0.0,0.0,0.0,0.0
4596.0,0.0,0.0,0.0,0.0,0.0,0.0
4597.0,0.0,0.0,0.0,0.0,0.0,0.0
4598.0,0.0,0.0,0.0,0.0,0.0,0.0
4599.0,0.0,0.0,0.0,0.0,0.0,0.0
4600.0,0.0,0.0,0.0,0.0,0.0,0.0
4601.0,0.0,0.0,0.0,0.0,0.0,0.0
4602.0,0.0,0.0,0.0,0.0,0.0,0.0
4603.0,0.0,0.0,0.0,0.0,0.0,0.0
4604.0,0.0,0.0,0.0,0.0,0.0,0.0
4605.0,0.0,0.0,0.0,0.0,0.0,0.0
4606.0,0.0,0.0,0.0,0.0,0.0,0.0
4607.0,0.0,0.0,0.0,0.0,0.0,0.0
4608.0,7.403999006783124e-06,0.0,0.0,0.0,0.0,0.000616999917231927
4609.0,0.00023388136469293386,0.0,0.0,0.0,0.0,0.019490113724411156
4610.0,0.0001653730869293213,0.0,0.0,0.0,0.0,0.013781090577443441
4611.0,2.743056768395036e-07,1.553570655232761e-06,0.0,0.0,0.0,3.8839266380819026e-05
4612.0,0.062107738107442856,0.03368672356009483,0.0,0.0002552898367866874,0.3454861111111111,5.175644842286904
4613.0,1.7361120399073116e-06,0.0,0.0,0.0,0.0,0.0001446760033256093
4614.0,1.7361120399073116e-06,0.0,0.0,0.0,0.0,0.0001446760033256093
4615.0,1.7361120399073116e-06,0.0,0.0,0.0,0.0,0.0001446760033256093
4616.0,1.7361120399073116e-06,0.0,0.0,0.0,0.0,0.0001446760033256093
4617.0,1.7361120399073116e-06,0.0,0.0,0.0,0.0,0.0001446760033256093
4618.0,1.7361120399073116e-06,0.0,0.0,0.0,0.0,0.0001446760033256093
4619.0,1.7361120399073116e-06,0.0,0.0,0.0,0.0,0.0001446760033256093
4620.0,0.00034627894638106227,0.0002412986650597304,0.0,6.454776303144172e-05,0.0,0.028856578865088522
4621.0,3.2509497032151558e-06,0.0,0.0,0.0,0.0,0.00027091247526792966
4622.0,3.2509497032151558e-06,0.0,0.0,0.0,0.0,0.00027091247526792966
4623.0,3.124999420833774e-05,0.0,0.0,0.0,0.0,0.002604166184028145
4624.0,2.26885786105413e-05,0.0,0.0,0.0,0.0,0.001890714884211775
4625.0,3.2509497032151558e-06,0.0,0.0,0.0,0.0,0.00027091247526792966
4626.0,9.614990267436951e-05,0.0,0.0,0.0,0.0,0.008012491889530793
4627.0,0.00014356954488903284,0.0,0.0,0.0,0.003472222222222222,0.023148148148148147
4628.0,8.016740139282774e-06,0.0,0.0,0.0,0.0,0.0006680616782735646
4629.0,7.931630534585565e-06,0.0,0.0,0.0,0.0,0.0006609692112154638
4630.0,3.2509497032151558e-06,0.0,0.0,0.0,0.0,0.00027091247526792966
4631.0,3.2509497032151558e-06,0.0,0.0,0.0,0.0,0.00027091247526792966
4632.0,3.2509497032151558e-06,0.0,0.0,0.0,0.0,0.00027091247526792966
4633.0,3.2509497032151558e-06,0.0,0.0,0.0,0.0,0.00027091247526792966
4634.0,3.2509497032151558e-06,0.0,0.0,0.0,0.0,0.00027091247526792966
4635.0,3.2509497032151558e-06,0.0,0.0,0.0,0.0,0.00027091247526792966
4636.0,3.2509497032151558e-06,0.0,0.0,0.0,0.0,0.00027091247526792966
4637.0,0.055408358573913574,0.031594835221767426,0.0,0.0006343864370137453,0.359375,4.617363214492798
4638.0,0.044005803763866425,0.02077876590192318,0.0,0.0005156305269338191,0.2847222222222222,3.6671503136555352
4639.0,0.0004059435159433633,0.0,0.0,0.0,0.0,0.03382862632861361
4640.0,0.0,0.0,0.0,0.0,0.0,0.0
4641.0,0.0,0.0,0.0,0.0,0.0,0.0
4642.0,0.0,0.0,0.0,0.0,0.0,0.0
4643.0,0.0,0.0,0.0,0.0,0.0,0.0
4644.0,0.0,0.0,0.0,0.0,0.0,0.0
4645.0,0.0,0.0,0.0,0.0,0.0,0.0
4646.0,2.893509361001634e-07,0.0,0.0,0.0,0.0,2.4112578008346947e-05
4647.0,0.0,0.0,0.0,0.0,0.0,0.0
4648.0,0.0,0.0,0.0,0.0,0.0,0.0
4649.0,0.0,0.0,0.0,0.0,0.0,0.0
4650.0,0.0,0.0,0.0,0.0,0.0,0.0
4651.0,0.0,0.0,0.0,0.0,0.0,0.0
4652.0,0.0,0.0,0.0,0.0,0.0,0.0
4653.0,0.0,0.0,0.0,0.0,0.0,0.0
4654.0,0.0,0.0,0.0,0.0,0.0,0.0
4655.0,0.0,0.0,0.0,0.0,0.0,0.0
4656.0,0.0,0.0,0.0,0.0,0.0,0.0
4657.0,0.0,0.0,0.0,0.0,0.0,0.0
4658.0,0.0,0.0,0.0,0.0,0.0,0.0
4659.0,9.846470493357629e-05,0.0,0.0,0.0,0.0,0.008205392077798024
4660.0,0.0,0.0,0.0,0.0,0.0,0.0
4661.0,0.0,0.0,0.0,0.0,0.0,0.0
4662.0,0.0,0.0,0.0,0.0,0.0,0.0
4663.0,6.978478950259159e-07,0.0,0.0,0.0,0.0,5.8153991252159656e-05
4664.0,0.0,0.0,0.0,0.0,0.0,0.0
4665.0,0.0,0.0,0.0,0.0,0.0,0.0
4666.0,0.0,0.0,0.0,0.0,0.0,0.0
4667.0,0.0,0.0,0.0,0.0,0.0,0.0
4668.0,0.0,0.0,0.0,0.0,0.0,0.0
4669.0,0.0,0.0,0.0,0.0,0.0,0.0
4670.0,0.0,0.0,0.0,0.0,0.0,0.0
4671.0,0.0,0.0,0.0,0.0,0.0,0.0
4672.0,0.0,0.0,0.0,0.0,0.0,0.0
4673.0,0.0,0.0,0.0,0.0,0.0,0.0
4674.0,0.0,0.0,0.0,0.0,0.0,0.0
4675.0,6.808226515886417e-08,3.3016911515915126e-07,0.0,0.0,0.0,8.254227878978782e-06
4676.0,9.856683755060658e-05,3.3016911515915126e-07,0.0,0.0,0.0,0.008213903129217215
4677.0,0.04360121861100197,0.020777741447091103,4.283315138309263e-05,0.0005556794349104166,0.2847222222222222,3.633434884250164
4678.0,0.05545918270945549,0.031614623963832855,0.0,0.0006734660128131509,0.359375,4.621598559121291
4679.0,8.425718988291919e-05,2.9656526749022305e-05,4.283315138309263e-05,0.0,0.0,0.0070214324902432654
4680.0,0.0002837690117303282,0.0,0.0,0.0,0.003472222222222222,0.023647417644194018
4681.0,3.2509497032151558e-06,0.0,0.0,0.0,0.0,0.00027091247526792966
4682.0,3.2509497032151558e-06,0.0,0.0,0.0,0.0,0.00027091247526792966
4683.0,3.2509497032151558e-06,0.0,0.0,0.0,0.0,0.00027091247526792966
4684.0,3.2509497032151558e-06,0.0,0.0,0.0,0.0,0.00027091247526792966
4685.0,3.2509497032151558e-06,0.0,0.0,0.0,0.0,0.00027091247526792966
4686.0,3.2509497032151558e-06,0.0,0.0,0.0,0.0,0.00027091247526792966
4687.0,0.0,0.0,0.0,0.0,0.0,0.0
4688.0,3.2509497032151558e-06,0.0,0.0,0.0,0.0,0.00027091247526792966
4689.0,3.2509497032151558e-06,0.0,0.0,0.0,0.0,0.00027091247526792966
4690.0,0.0001224979350809008,0.0006982045597396791,0.0,0.0,0.0,0.017455113993491977
4691.0,3.2509497032151558e-06,0.0,0.0,0.0,0.0,0.00027091247526792966
4692.0,3.2509497032151558e-06,0.0,0.0,0.0,0.0,0.00027091247526792966
4693.0,3.2509497032151558e-06,0.0,0.0,0.0,0.0,0.00027091247526792966
4694.0,3.2509497032151558e-06,0.0,0.0,0.0,0.0,0.00027091247526792966
4695.0,8.74860597832594e-06,1.067556604539277e-05,0.0,0.0,0.0,0.0007290504981938284
4696.0,9.472014789935201e-05,0.0,0.0,0.0,0.003472222222222222,0.023148148148148147
4697.0,0.00011034515773644671,0.0,0.0,0.0,0.0,0.009195429811370559
4698.0,0.000258357118582353,0.0,0.0,0.0,0.003472222222222222,0.023148148148148147
4699.0,9.860088175628334e-05,0.0,0.0,0.0,0.0,0.008216740146356946
4700.0,3.2509497032151558e-06,0.0,0.0,0.0,0.0,0.00027091247526792966
4701.0,3.2509497032151558e-06,0.0,0.0,0.0,0.0,0.00027091247526792966
4702.0,3.2509497032151558e-06,0.0,0.0,0.0,0.0,0.00027091247526792966
4703.0,0.00010415439464850351,2.987663719977718e-05,4.283315138309263e-05,0.0,0.0,0.008679532887375293
4704.0,8.531248749932274e-05,2.987663719977718e-05,4.283315138309263e-05,0.0,0.0,0.007109373958276895
4705.0,4.057733531226404e-05,0.0,0.0,0.0,0.0,0.0033814446093553365
4706.0,4.0015649574343115e-05,0.0,0.0,0.0,0.0,0.0033346374645285928
4707.0,5.4891737818252295e-05,0.0,0.0,0.0,0.0,0.004574311484854358
4708.0,3.2509497032151558e-06,0.0,0.0,0.0,0.0,0.00027091247526792966
4709.0,3.2509497032151558e-06,0.0,0.0,0.0,0.0,0.00027091247526792966
4710.0,3.2509497032151558e-06,0.0,0.0,0.0,0.0,0.00027091247526792966
4711.0,3.2509497032151558e-06,0.0,0.0,0.0,0.0,0.00027091247526792966
4712.0,9.242234227713197e-06,0.0,0.0,0.0,0.0,0.0007701861856427664
4713.0,3.2509497032151558e-06,0.0,0.0,0.0,0.0,0.00027091247526792966
4714.0,3.2509497032151558e-06,0.0,0.0,0.0,0.0,0.00027091247526792966
4715.0,3.2509497032151558e-06,0.0,0.0,0.0,0.0,0.00027091247526792966
4716.0,3.2509497032151558e-06,0.0,0.0,0.0,0.0,0.00027091247526792966
4717.0,3.2509497032151558e-06,0.0,0.0,0.0,0.0,0.00027091247526792966
4718.0,3.2509497032151558e-06,0.0,0.0,0.0,0.0,0.00027091247526792966
4719.0,3.2509497032151558e-06,0.0,0.0,0.0,0.0,0.00027091247526792966
4720.0,7.899303454905748e-05,0.0,0.0,0.0,0.003472222222222222,0.023148148148148147
4721.0,7.022738282103091e-05,0.0,0.0,0.0,0.003472222222222222,0.023148148148148147
4722.0,3.2339291919925017e-06,0.0,0.0,0.0,0.0,0.00026949409933270846
4723.0,3.2339291919925017e-06,0.0,0.0,0.0,0.0,0.00026949409933270846
4724.0,3.2339291919925017e-06,0.0,0.0,0.0,0.0,0.00026949409933270846
4725.0,3.2339291919925017e-06,0.0,0.0,0.0,0.0,0.00026949409933270846
4726.0,3.2339291919925017e-06,0.0,0.0,0.0,0.0,0.00026949409933270846
4727.0,3.2339291919925017e-06,0.0,0.0,0.0,0.0,0.00026949409933270846
4728.0,8.512526255799457e-05,2.987663719977718e-05,4.283315138309263e-05,0.0,0.0,0.007093771879832881
4729.0,8.512526255799457e-05,2.987663719977718e-05,4.283315138309263e-05,0.0,0.0,0.007093771879832881
4730.0,3.2509497032151558e-06,0.0,0.0,0.0,0.0,0.00027091247526792966
4731.0,3.2509497032151558e-06,0.0,0.0,0.0,0.0,0.00027091247526792966
4732.0,3.2509497032151558e-06,0.0,0.0,0.0,0.0,0.00027091247526792966
4733.0,3.2509497032151558e-06,0.0,0.0,0.0,0.0,0.00027091247526792966
4734.0,3.2509497032151558e-06,0.0,0.0,0.0,0.0,0.00027091247526792966
4735.0,3.2509497032151558e-06,0.0,0.0,0.0,0.0,0.00027091247526792966
4736.0,3.2509497032151558e-06,0.0,0.0,0.0,0.0,0.00027091247526792966
4737.0,0.0,0.0,0.0,0.0,0.0,0.0
4738.0,3.012658225998166e-06,0.0,0.0,0.0,0.0,0.00025105485216651385
4739.0,0.07275648415088654,0.08697359263896942,0.38750964403152466,0.0040045203641057014,0.5416666666666666,6.063040345907211
4740.0,0.0,0.0,0.0,0.0,0.0,0.0
4741.0,0.014136113226413727,0.055040400475263596,0.03629481792449951,0.0,0.2465277777777778,1.6435185185185186
4742.0,0.0,0.0,0.0,0.0,0.0,0.0
4743.0,0.0,0.0,0.0,0.0,0.0,0.0
4744.0,0.0,0.0,0.0,0.0,0.0,0.0
4745.0,0.0,0.0,0.0,0.0,0.0,0.0
4746.0,0.0,0.0,0.0,0.0,0.0,0.0
4747.0,0.0,0.0,0.0,0.0,0.0,0.0
4748.0,0.0,0.0,0.0,0.0,0.0,0.0
4749.0,0.0,0.0,0.0,0.0,0.0,0.0
4750.0,0.0,0.0,0.0,0.0,0.0,0.0
4751.0,0.0,0.0,0.0,0.0,0.0,0.0
4752.0,0.06195233762264252,0.03873279690742493,0.39138263463974,0.0040045203641057014,0.5,5.162694801886876
4753.0,0.0,0.0,0.0,0.0,0.0,0.0
4754.0,0.0009384870645590127,0.0007095405599102378,0.0,0.0,0.013888888888888888,0.09259259259259259
4755.0,0.05516929551959038,0.031592682003974915,0.0,0.0006734660128131509,0.3628472222222222,4.597441293299198
4756.0,0.04359070956707001,0.020775824785232544,0.0,0.0005556794349104166,0.2847222222222222,3.632559130589167
4757.0,0.0,0.0,0.0,0.0,0.0,0.0
4758.0,0.0,0.0,0.0,0.0,0.0,0.0
4759.0,0.0,0.0,0.0,0.0,0.0,0.0
4760.0,0.0,0.0,0.0,0.0,0.0,0.0
4761.0,0.0,0.0,0.0,0.0,0.0,0.0
4762.0,0.0,0.0,0.0,0.0,0.0,0.0
4763.0,0.0005057150847278535,7.703990831942065e-07,5.668193352903472e-06,0.0,0.012152777777777778,0.08101851851851852
4764.0,8.886578143574297e-05,0.0,0.0,0.0,0.0,0.007405481786311914
4765.0,0.0,0.0,0.0,0.0,0.0,0.0
4766.0,0.0,0.0,0.0,0.0,0.0,0.0
4767.0,0.0,0.0,0.0,0.0,0.0,0.0
4768.0,0.0,0.0,0.0,0.0,0.0,0.0
4769.0,0.0,0.0,0.0,0.0,0.0,0.0
4770.0,0.0,0.0,0.0,0.0,0.0,0.0
4771.0,0.0,0.0,0.0,0.0,0.0,0.0
4772.0,6.26919108981383e-06,7.703990831942065e-07,5.668193352903472e-06,0.0,0.0,0.0005224325908178192
4773.0,0.0,0.0,0.0,0.0,0.0,0.0
4774.0,0.0,0.0,0.0,0.0,0.0,0.0
4775.0,0.0,0.0,0.0,0.0,0.0,0.0
4776.0,0.0,0.0,0.0,0.0,0.0,0.0
4777.0,0.0,0.0,0.0,0.0,0.0,0.0
4778.0,0.0,0.0,0.0,0.0,0.0,0.0
4779.0,0.0,0.0,0.0,0.0,0.0,0.0
4780.0,0.0,0.0,0.0,0.0,0.0,0.0
4781.0,0.0,0.0,0.0,0.0,0.0,0.0
4782.0,0.0,0.0,0.0,0.0,0.0,0.0
4783.0,0.0,0.0,0.0,0.0,0.0,0.0
4784.0,0.04858431965112686,0.025067683309316635,0.39138263463974,0.0040131378918886185,0.4166666666666667,4.0486933042605715
4785.0,0.0,0.0,0.0,0.0,0.0,0.0
4786.0,0.0,0.0,0.0,0.0,0.0,0.0
4787.0,0.0,0.0,0.0,0.0,0.0,0.0
4788.0,0.04858431965112686,0.025067683309316635,0.39138263463974,0.0040131378918886185,0.4166666666666667,4.0486933042605715
4789.0,0.0625464990735054,0.03367764875292778,0.0,0.0002622755418997258,0.3506944444444444,5.21220825612545
4790.0,2.030498035310302e-05,1.8749602531897835e-05,0.0,8.255793545686174e-06,0.0,0.0016920816960919183
4791.0,0.0,0.0,0.0,0.0,0.0,0.0
4792.0,0.0,0.0,0.0,0.0,0.0,0.0
4793.0,0.0,0.0,0.0,0.0,0.0,0.0
4794.0,0.0,0.0,0.0,0.0,0.0,0.0
4795.0,0.0,0.0,0.0,0.0,0.0,0.0
4796.0,0.0,0.0,0.0,0.0,0.0,0.0
4797.0,0.00034707895247265697,0.00024173887504730374,0.0,6.454776303144172e-05,0.0,0.02892324603938808
4798.0,3.5913601550419116e-06,4.402299396133458e-07,0.0,0.0,0.0,0.0002992800129201593
4799.0,0.0,0.0,0.0,0.0,0.0,0.0
4800.0,0.0,0.0,0.0,0.0,0.0,0.0
4801.0,0.0,0.0,0.0,0.0,0.0,0.0
4802.0,0.0,0.0,0.0,0.0,0.0,0.0
4803.0,0.00010127313726115972,0.0,0.0,0.0,0.0,0.008439428105096644
4804.0,7.613357593072578e-05,0.0,0.0,0.0,0.0,0.0063444646608938155
4805.0,0.0,0.0,0.0,0.0,0.0,0.0
4806.0,1.797382537915837e-05,0.0,0.0,0.0,0.0,0.001497818781596531
4807.0,0.0,0.0,0.0,0.0,0.0,0.0
4808.0,0.0,0.0,0.0,0.0,0.0,0.0
4809.0,0.0,0.0,0.0,0.0,0.0,0.0
4810.0,0.0,0.0,0.0,0.0,0.0,0.0
4811.0,0.0001311614760197699,0.0,0.0,0.0,0.003472222222222222,0.023148148148148147
4812.0,0.00016680278349667788,0.0,0.0,0.0,0.006944444444444444,0.046296296296296294
4813.0,4.4372951379045844e-05,0.0,0.0,0.0,0.0,0.00369774594825382
4814.0,3.948797711927909e-06,0.0,0.0,0.0,0.0,0.00032906647599399247
4815.0,1.7020825637814596e-08,0.0,0.0,0.0,0.0,1.4184021364845496e-06
4816.0,0.0,0.0,0.0,0.0,0.0,0.0
4817.0,0.0,0.0,0.0,0.0,0.0,0.0
4818.0,0.0,0.0,0.0,0.0,0.0,0.0
4819.0,0.0,0.0,0.0,0.0,0.0,0.0
4820.0,0.0,0.0,0.0,0.0,0.0,0.0
4821.0,0.0,0.0,0.0,0.0,0.0,0.0
4822.0,3.693484359246213e-06,4.402299396133458e-07,0.0,0.0,0.0,0.00030779036327051773
4823.0,3.693484359246213e-06,4.402299396133458e-07,0.0,0.0,0.0,0.00030779036327051773
4824.0,0.0,0.0,0.0,0.0,0.0,0.0
4825.0,0.0,0.0,0.0,0.0,0.0,0.0
4826.0,0.0,0.0,0.0,0.0,0.0,0.0
4827.0,0.0,0.0,0.0,0.0,0.0,0.0
4828.0,0.0,0.0,0.0,0.0,0.0,0.0
4829.0,0.0,0.0,0.0,0.0,0.0,0.0
4830.0,0.0,0.0,0.0,0.0,0.0,0.0
4831.0,0.0,0.0,0.0,0.0,0.0,0.0
4832.0,0.0,0.0,0.0,0.0,0.0,0.0
4833.0,0.0,0.0,0.0,0.0,0.0,0.0
4834.0,0.0,0.0,0.0,0.0,0.0,0.0
4835.0,0.0615306980907917,0.038024354726076126,0.39138263463974,0.0040045203641057014,0.5,5.127558174232642
4836.0,4.578566222335212e-05,0.0,0.0,0.0,0.001736111111111111,0.011574074074074073
4837.0,0.0003026279737241566,0.0,0.0,0.0,0.005208333333333333,0.034722222222222224
4838.0,0.0014574989909306169,0.0,0.0,0.0,0.034722222222222224,0.2314814814814815
4839.0,0.0006074855918996036,0.0,0.0,0.0,0.012152777777777778,0.08101851851851852
4840.0,7.999725494300947e-05,0.0,0.0,0.0,0.001736111111111111,0.011574074074074073
4841.0,0.00018290439038537443,0.0,0.0,0.0,0.001736111111111111,0.015242032532114536
4842.0,3.412650039535947e-05,0.0,0.0,0.0,0.0,0.0028438750329466225
4843.0,0.0,0.0,0.0,0.0,0.0,0.0
4844.0,0.00020843547827098519,0.00039972871309146285,0.0,0.0,0.005208333333333333,0.034722222222222224
4845.0,0.0,0.0,0.0,0.0,0.0,0.0
4846.0,0.0,0.0,0.0,0.0,0.0,0.0
4847.0,0.0,0.0,0.0,0.0,0.0,0.0
4848.0,9.266065171686932e-05,0.0,0.0,0.0,0.005208333333333333,0.034722222222222224
4849.0,0.00017451315943617374,0.0,0.0,0.0,0.001736111111111111,0.01454276328634781
4850.0,5.455132486531511e-05,0.0,0.0,0.0,0.0,0.004545943738776259
4851.0,1.1591093425522558e-05,0.0,0.0,0.0,0.003472222222222222,0.023148148148148147
4852.0,0.0001607945014256984,2.861497932826751e-06,0.0,0.0,0.001736111111111111,0.013399541785474867
4853.0,0.0,0.0,0.0,0.0,0.0,0.0
4854.0,0.0,0.0,0.0,0.0,0.0,0.0
4855.0,0.00019675923977047205,0.0,0.0,0.0,0.003472222222222222,0.023148148148148147
4856.0,3.404139192753064e-08,0.0,0.0,0.0,0.0,2.8367826606275535e-06
4857.0,0.0,0.0,0.0,0.0,0.0,0.0
4858.0,0.0,0.0,0.0,0.0,0.0,0.0
4859.0,0.0,0.0,0.0,0.0,0.0,0.0
4860.0,2.9956472644698806e-06,0.0,0.0,0.0,0.0,0.0002496372720391567
4861.0,3.9147607822087593e-07,0.0,0.0,0.0,0.0,3.262300651840633e-05
4862.0,0.0,0.0,0.0,0.0,0.0,0.0
4863.0,0.0,0.0,0.0,0.0,0.0,0.0
4864.0,0.0,0.0,0.0,0.0,0.0,0.0
4865.0,0.0,0.0,0.0,0.0,0.0,0.0
4866.0,0.0,0.0,0.0,0.0,0.0,0.0
4867.0,0.0,0.0,0.0,0.0,0.0,0.0
4868.0,0.0,0.0,0.0,0.0,0.0,0.0
4869.0,0.0,0.0,0.0,0.0,0.0,0.0
4870.0,0.0,0.0,0.0,0.0,0.0,0.0
4871.0,0.0,0.0,0.0,0.0,0.0,0.0
4872.0,0.0,0.0,0.0,0.0,0.0,0.0
4873.0,0.0,0.0,0.0,0.0,0.0,0.0
4874.0,0.0,0.0,0.0,0.0,0.0,0.0
4875.0,0.0,0.0,0.0,0.0,0.0,0.0
4876.0,0.0,0.0,0.0,0.0,0.0,0.0
4877.0,0.0,0.0,0.0,0.0,0.0,0.0
4878.0,0.0,0.0,0.0,0.0,0.0,0.0
4879.0,0.0,0.0,0.0,0.0,0.0,0.0
4880.0,0.0,0.0,0.0,0.0,0.0,0.0
4881.0,0.0,0.0,0.0,0.0,0.0,0.0
4882.0,0.0,0.0,0.0,0.0,0.0,0.0
4883.0,0.0,0.0,0.0,0.0,0.0,0.0
4884.0,0.0,0.0,0.0,0.0,0.0,0.0
4885.0,3.9147607822087593e-07,0.0,0.0,0.0,0.0,3.262300651840633e-05
4886.0,3.9147607822087593e-07,0.0,0.0,0.0,0.0,3.262300651840633e-05
4887.0,0.0,0.0,0.0,0.0,0.0,0.0
4888.0,0.0,0.0,0.0,0.0,0.0,0.0
4889.0,0.0,0.0,0.0,0.0,0.0,0.0
4890.0,0.0,0.0,0.0,0.0,0.0,0.0
4891.0,0.0,0.0,0.0,0.0,0.0,0.0
4892.0,0.0,0.0,0.0,0.0,0.0,0.0
4893.0,0.0,0.0,0.0,0.0,0.0,0.0
4894.0,0.00015296497440431267,0.0,0.0,0.0,0.005208333333333333,0.034722222222222224
4895.0,0.0,0.0,0.0,0.0,0.0,0.0
4896.0,0.0001588711456861347,0.0,0.0,0.0,0.003472222222222222,0.023148148148148147
4897.0,0.00010498362826183438,0.0,0.0,0.0,0.003472222222222222,0.023148148148148147
4898.0,5.998092456138693e-05,0.0,0.0,0.0,0.003472222222222222,0.023148148148148147
4899.0,2.8322434445726685e-05,0.0,0.0,0.0,0.0,0.0023602028704772238
4900.0,0.00015710100706201047,0.0,0.0,0.0,0.005208333333333333,0.034722222222222224
4901.0,0.0,0.0,0.0,0.0,0.0,0.0
4902.0,6.501896223198855e-06,0.0,0.0,0.0,0.0,0.0005418246852665712
4903.0,0.0,0.0,0.0,0.0,0.0,0.0
4904.0,0.00021539688168559223,0.0,0.0,0.0,0.003472222222222222,0.023148148148148147
4905.0,0.00017670882516540587,0.0,0.0,0.0,0.005208333333333333,0.034722222222222224
4906.0,0.00025035737780854106,0.0,0.0,0.0,0.006944444444444444,0.046296296296296294
4907.0,0.00020458873768802732,0.0,0.0,0.0,0.008680555555555556,0.05787037037037038
4908.0,0.0,0.0,0.0,0.0,0.0,0.0
4909.0,0.0,0.0,0.0,0.0,0.0,0.0
4910.0,0.000251736055361107,0.0,0.0,0.0,0.003472222222222222,0.023148148148148147
4911.0,8.51034997140232e-07,0.0,0.0,0.0,0.001736111111111111,0.011574074074074073
4912.0,0.0001411526172887534,0.0,0.0,0.0,0.005208333333333333,0.034722222222222224
4913.0,0.0,0.0,0.0,0.0,0.0,0.0
4914.0,0.0001872106222435832,0.0,0.0,0.0,0.003472222222222222,0.023148148148148147
4915.0,0.0001294934336328879,0.0,0.0,0.0,0.003472222222222222,0.023148148148148147
4916.0,6.163193029351532e-05,0.0,0.0,0.0,0.003472222222222222,0.023148148148148147
4917.0,0.00019279339176137,0.0,0.0,0.0,0.003472222222222222,0.023148148148148147
4918.0,5.106208789129596e-08,0.0,0.0,0.0,0.0,4.25517399094133e-06
4919.0,0.0001807767985155806,0.0,0.0,0.0,0.003472222222222222,0.023148148148148147
4920.0,0.0003169423434883356,0.0,0.0,0.0,0.008680555555555556,0.05787037037037038
4921.0,0.0001535436895210296,0.0,0.0,0.0,0.0,0.0127953074600858
4922.0,0.0,0.0,0.0,0.0,0.0,0.0
4923.0,0.0,0.0,0.0,0.0,0.0,0.0
4924.0,0.0,0.0,0.0,0.0,0.0,0.0
4925.0,0.0,0.0,0.0,0.0,0.0,0.0
4926.0,0.0001233319635502994,0.0,0.0,0.0,0.003472222222222222,0.023148148148148147
4927.0,0.00011655772686935961,0.0,0.0,0.0,0.003472222222222222,0.023148148148148147
4928.0,0.0,0.0,0.0,0.0,0.0,0.0
4929.0,0.0,0.0,0.0,0.0,0.0,0.0
4930.0,0.0,0.0,0.0,0.0,0.0,0.0
4931.0,0.0001898488262668252,0.0,0.0,0.0,0.003472222222222222,0.023148148148148147
4932.0,0.0002468000748194754,0.0,0.0,0.0,0.005208333333333333,0.034722222222222224
4933.0,0.00014491418551187962,0.0,0.0,0.0,0.001736111111111111,0.012076182125989968
4934.0,0.0003220145299565047,0.0,0.0,0.0,0.005208333333333333,0.034722222222222224
4935.0,0.0002818797074723989,0.0,0.0,0.0,0.006944444444444444,0.046296296296296294
4936.0,0.00022213706688489765,0.0,0.0,0.0,0.005208333333333333,0.034722222222222224
4937.0,0.0,0.0,0.0,0.0,0.0,0.0
4938.0,0.00010726440814323723,0.0,0.0,0.0,0.003472222222222222,0.023148148148148147
4939.0,7.581017416669056e-05,0.0,0.0,0.0,0.0,0.00631751451389088
4940.0,0.0,0.0,0.0,0.0,0.0,0.0
4941.0,7.250814178405562e-06,0.0,0.0,0.0,0.001736111111111111,0.011574074074074073
4942.0,0.00011279613681836054,0.0,0.0,0.0,0.003472222222222222,0.023148148148148147
4943.0,9.606479579815641e-05,0.0,0.0,0.0,0.001736111111111111,0.011574074074074073
4944.0,0.0001442163484171033,0.0,0.0,0.0,0.001736111111111111,0.012018029034758607
4945.0,0.0,0.0,0.0,0.0,0.0,0.0
4946.0,0.00015917752170935273,0.0,0.0,0.0,0.005208333333333333,0.034722222222222224
4947.0,0.00017917684454005212,0.0,0.0,0.0,0.001736111111111111,0.01493140371167101
4948.0,0.00017990873311646283,0.0,0.0,0.0,0.001736111111111111,0.014992394426371902
4949.0,7.555484626209363e-05,0.0,0.0,0.0,0.001736111111111111,0.011574074074074073
4950.0,0.00015694781905040145,0.0,0.0,0.0,0.003472222222222222,0.023148148148148147
4951.0,0.00030848305323161185,0.0,0.0,0.0,0.003472222222222222,0.025706921102634322
4952.0,0.000215243679122068,0.0,0.0,0.0,0.003472222222222222,0.023148148148148147
4953.0,0.0002847392170224339,0.0,0.0,0.0,0.005208333333333333,0.034722222222222224
4954.0,0.000244638416916132,0.0,0.0,0.0,0.008680555555555556,0.05787037037037038
4955.0,0.0,0.0,0.0,0.0,0.0,0.0
4956.0,0.0002543402079027146,0.0,0.0,0.0,0.005208333333333333,0.034722222222222224
4957.0,8.952884854807053e-06,0.0,0.0,0.0,0.0,0.0007460737379005877
4958.0,0.00015168842219281942,0.0,0.0,0.0,0.003472222222222222,0.023148148148148147
4959.0,0.00016176467761397362,0.0,0.0,0.0,0.001736111111111111,0.013480389801164469
4960.0,0.00017446211131755263,0.0,0.0,0.0,0.005208333333333333,0.034722222222222224
4961.0,0.00013209760072641075,0.0,0.0,0.0,0.003472222222222222,0.023148148148148147
4962.0,0.00013946756371296942,0.0,0.0,0.0,0.001736111111111111,0.011622296976080785
4963.0,0.00016622408293187618,0.0,0.0,0.0,0.0,0.013852006910989681
4964.0,0.00012447232438717037,0.0,0.0,0.0,0.0,0.010372693698930865
4965.0,0.00017890450544655323,0.0,0.0,0.0,0.0,0.014908708787212769
4966.0,0.00010830267274286598,0.0,0.0,0.0,0.0,0.009025222728572166
4967.0,9.575842705089599e-05,0.0,0.0,0.0,0.0,0.007979868920907999
4968.0,0.0001386676012771204,0.0,0.0,0.0,0.0,0.011555633439760035
4969.0,7.960577204357833e-05,0.0,0.0,0.0,0.001736111111111111,0.011574074074074073
4970.0,6.753810885129496e-05,0.0,0.0,0.0,0.001736111111111111,0.011574074074074073
4971.0,0.0,0.0,0.0,0.0,0.0,0.0
4972.0,0.0,0.0,0.0,0.0,0.0,0.0
4973.0,0.0,0.0,0.0,0.0,0.0,0.0
4974.0,0.0,0.0,0.0,0.0,0.0,0.0
4975.0,0.0,0.0,0.0,0.0,0.0,0.0
4976.0,0.0,0.0,0.0,0.0,0.0,0.0
4977.0,1.1063449392167968e-06,0.0,0.0,0.0,0.0,9.219541160139973e-05
4978.0,0.0,0.0,0.0,0.0,0.0,0.0
4979.0,0.0,0.0,0.0,0.0,0.0,0.0
4980.0,0.0,0.0,0.0,0.0,0.0,0.0
4981.0,0.0,0.0,0.0,0.0,0.0,0.0
4982.0,0.0,0.0,0.0,0.0,0.0,0.0
4983.0,0.0,0.0,0.0,0.0,0.0,0.0
4984.0,0.0,0.0,0.0,0.0,0.0,0.0
4985.0,2.587147264421219e-06,0.0,0.0,0.0,0.001736111111111111,0.011574074074074073
4986.0,2.587147264421219e-06,0.0,0.0,0.0,0.001736111111111111,0.011574074074074073
4987.0,0.0,0.0,0.0,0.0,0.0,0.0
4988.0,0.0,0.0,0.0,0.0,0.0,0.0
4989.0,0.0,0.0,0.0,0.0,0.0,0.0
4990.0,0.0,0.0,0.0,0.0,0.0,0.0
4991.0,0.00028567531262524426,0.0,0.0,0.0,0.005208333333333333,0.034722222222222224
4992.0,0.00017936406948138028,0.0,0.0,0.0,0.001736111111111111,0.014947005790115023
4993.0,0.0,0.0,0.0,0.0,0.0,0.0
4994.0,5.14024850417627e-06,0.0,0.0,0.0,0.0,0.0004283540420146892
4995.0,0.0,0.0,0.0,0.0,0.0,0.0
4996.0,0.0,0.0,0.0,0.0,0.0,0.0
4997.0,0.0,0.0,0.0,0.0,0.0,0.0
4998.0,0.0,0.0,0.0,0.0,0.0,0.0
4999.0,0.0,0.0,0.0,0.0,0.0,0.0
5000.0,0.0,0.0,0.0,0.0,0.0,0.0
5001.0,0.0,0.0,0.0,0.0,0.0,0.0
5002.0,0.0,0.0,0.0,0.0,0.0,0.0
5003.0,0.0,0.0,0.0,0.0,0.0,0.0
5004.0,0.0,0.0,0.0,0.0,0.0,0.0
5005.0,0.0,0.0,0.0,0.0,0.0,0.0
5006.0,0.0,0.0,0.0,0.0,0.0,0.0
5007.0,0.0,0.0,0.0,0.0,0.0,0.0
5008.0,0.0,0.0,0.0,0.0,0.0,0.0
5009.0,0.0,0.0,0.0,0.0,0.0,0.0
5010.0,2.655230218806537e-06,0.0,0.0,0.0,0.001736111111111111,0.011574074074074073
5011.0,2.655230218806537e-06,0.0,0.0,0.0,0.001736111111111111,0.011574074074074073
5012.0,0.0,0.0,0.0,0.0,0.0,0.0
5013.0,0.0,0.0,0.0,0.0,0.0,0.0
5014.0,0.0,0.0,0.0,0.0,0.0,0.0
5015.0,0.0,0.0,0.0,0.0,0.0,0.0
5016.0,0.0,0.0,0.0,0.0,0.0,0.0
5017.0,0.0,0.0,0.0,0.0,0.0,0.0
5018.0,0.0,0.0,0.0,0.0,0.0,0.0
5019.0,0.0,0.0,0.0,0.0,0.0,0.0
5020.0,0.0,0.0,0.0,0.0,0.0,0.0
5021.0,0.0,0.0,0.0,0.0,0.0,0.0
5022.0,0.0,0.0,0.0,0.0,0.0,0.0
5023.0,0.0,0.0,0.0,0.0,0.0,0.0
5024.0,0.0,0.0,0.0,0.0,0.0,0.0
5025.0,0.0,0.0,0.0,0.0,0.0,0.0
5026.0,0.0,0.0,0.0,0.0,0.0,0.0
5027.0,0.0,0.0,0.0,0.0,0.0,0.0
5028.0,0.0,0.0,0.0,0.0,0.0,0.0
5029.0,0.0,0.0,0.0,0.0,0.0,0.0
5030.0,0.0,0.0,0.0,0.0,0.0,0.0
5031.0,0.0,0.0,0.0,0.0,0.0,0.0
5032.0,0.0,0.0,0.0,0.0,0.0,0.0
5033.0,0.0,0.0,0.0,0.0,0.0,0.0
5034.0,0.0002700503100641072,0.0,0.0,0.0,0.006944444444444444,0.046296296296296294
5035.0,0.00014828424900770187,0.0,0.0,0.0,0.005208333333333333,0.034722222222222224
5036.0,0.00013679532276000828,0.0,0.0,0.0,0.006944444444444444,0.046296296296296294
5037.0,0.00016302420408464968,0.0,0.0,0.0,0.005208333333333333,0.034722222222222224
5038.0,0.00034793702070601285,0.0,0.0,0.0,0.005208333333333333,0.034722222222222224
5039.0,0.0,0.0,0.0,0.0,0.0,0.0
5040.0,0.0,0.0,0.0,0.0,0.0,0.0
5041.0,0.0,0.0,0.0,0.0,0.0,0.0
5042.0,0.0,0.0,0.0,0.0,0.0,0.0
5043.0,0.0,0.0,0.0,0.0,0.0,0.0
5044.0,5.344505098037189e-06,0.0,0.0,0.0,0.0,0.0004453754248364324
5045.0,0.0,0.0,0.0,0.0,0.0,0.0
5046.0,0.0,0.0,0.0,0.0,0.0,0.0
5047.0,1.890999192255549e-05,0.0,0.0,0.0,0.0,0.0015758326602129575
5048.0,0.0003938418230973184,0.0,0.0,0.0,0.010416666666666666,0.06944444444444445
5049.0,0.0004291087097954005,0.0,0.0,0.0,0.006944444444444444,0.046296296296296294
5050.0,0.00022075838933233172,0.0,0.0,0.0,0.008680555555555556,0.05787037037037038
5051.0,0.0,0.0,0.0,0.0,0.0,0.0
5052.0,3.4041523377936755e-08,0.0,0.0,0.0,0.0,2.836793614828063e-06
5053.0,0.0,0.0,0.0,0.0,0.0,0.0
5054.0,0.0,0.0,0.0,0.0,0.0,0.0
5055.0,0.0,0.0,0.0,0.0,0.0,0.0
5056.0,0.0,0.0,0.0,0.0,0.0,0.0
5057.0,0.0,0.0,0.0,0.0,0.0,0.0
5058.0,0.0,0.0,0.0,0.0,0.0,0.0
5059.0,0.0,0.0,0.0,0.0,0.0,0.0
5060.0,2.655230218806537e-06,0.0,0.0,0.0,0.001736111111111111,0.011574074074074073
5061.0,2.655230218806537e-06,0.0,0.0,0.0,0.001736111111111111,0.011574074074074073
5062.0,0.0,0.0,0.0,0.0,0.0,0.0
5063.0,0.0,0.0,0.0,0.0,0.0,0.0
5064.0,0.0,0.0,0.0,0.0,0.0,0.0
5065.0,0.0,0.0,0.0,0.0,0.0,0.0
5066.0,0.0,0.0,0.0,0.0,0.0,0.0
5067.0,0.0,0.0,0.0,0.0,0.0,0.0
5068.0,0.0,0.0,0.0,0.0,0.0,0.0
5069.0,0.0,0.0,0.0,0.0,0.0,0.0
5070.0,0.0,0.0,0.0,0.0,0.0,0.0
5071.0,0.0,0.0,0.0,0.0,0.0,0.0
5072.0,0.0,0.0,0.0,0.0,0.0,0.0
5073.0,0.0,0.0,0.0,0.0,0.0,0.0
5074.0,0.0,0.0,0.0,0.0,0.0,0.0
5075.0,0.0,0.0,0.0,0.0,0.0,0.0
5076.0,0.0,0.0,0.0,0.0,0.0,0.0
5077.0,0.0,0.0,0.0,0.0,0.0,0.0
5078.0,0.0,0.0,0.0,0.0,0.0,0.0
5079.0,0.0,0.0,0.0,0.0,0.0,0.0
5080.0,0.0,0.0,0.0,0.0,0.0,0.0
5081.0,0.0,0.0,0.0,0.0,0.0,0.0
5082.0,0.0,0.0,0.0,0.0,0.0,0.0
5083.0,0.0,0.0,0.0,0.0,0.0,0.0
5084.0,0.0,0.0,0.0,0.0,0.0,0.0
5085.0,2.655230218806537e-06,0.0,0.0,0.0,0.001736111111111111,0.011574074074074073
5086.0,2.655230218806537e-06,0.0,0.0,0.0,0.001736111111111111,0.011574074074074073
5087.0,0.0,0.0,0.0,0.0,0.0,0.0
5088.0,0.0,0.0,0.0,0.0,0.0,0.0
5089.0,0.0,0.0,0.0,0.0,0.0,0.0
5090.0,0.0,0.0,0.0,0.0,0.0,0.0
5091.0,0.0,0.0,0.0,0.0,0.0,0.0
5092.0,0.0,0.0,0.0,0.0,0.0,0.0
5093.0,0.0,0.0,0.0,0.0,0.0,0.0
5094.0,0.0,0.0,0.0,0.0,0.0,0.0
5095.0,0.0,0.0,0.0,0.0,0.0,0.0
5096.0,0.0,0.0,0.0,0.0,0.0,0.0
5097.0,0.0,0.0,0.0,0.0,0.0,0.0
5098.0,0.0,0.0,0.0,0.0,0.0,0.0
5099.0,0.00019720176351256669,0.0,0.0,0.0,0.003472222222222222,0.023148148148148147
5100.0,0.00010590277088340372,0.0,0.0,0.0,0.001736111111111111,0.011574074074074073
5101.0,0.00017138135444838554,0.0,0.0,0.0,0.005208333333333333,0.034722222222222224
5102.0,0.00016957717889454216,0.0,0.0,0.0,0.003472222222222222,0.023148148148148147
5103.0,9.463504284212831e-06,0.0,0.0,0.0,0.001736111111111111,0.011574074074074073
5104.0,0.00028210095479153097,0.0,0.0,0.0,0.005208333333333333,0.034722222222222224
5105.0,0.00017595996905583888,0.0,0.0,0.0,0.001736111111111111,0.01466333075465324
5106.0,0.0003157849423587322,0.0,0.0,0.0,0.003472222222222222,0.026315411863227684
5107.0,1.2935706763528287e-06,0.0,0.0,0.0,0.0,0.00010779755636273573
5108.0,9.87198745860951e-07,0.0,0.0,0.0,0.0,8.226656215507926e-05
5109.0,0.00019815491396002471,0.0,0.0,0.0,0.006944444444444444,0.046296296296296294
5110.0,0.00023335375590249896,0.0,0.0,0.0,0.005208333333333333,0.034722222222222224
5111.0,6.804873555665836e-05,0.0,0.0,0.0,0.005208333333333333,0.034722222222222224
5112.0,0.0,0.0,0.0,0.0,0.0,0.0
5113.0,0.0,0.0,0.0,0.0,0.0,0.0
5114.0,5.718950887967367e-06,0.0,0.0,0.0,0.001736111111111111,0.011574074074074073
5115.0,0.0002733523433562368,0.0,0.0,0.0,0.005208333333333333,0.034722222222222224
5116.0,0.0,0.0,0.0,0.0,0.0,0.0
5117.0,0.0,0.0,0.0,0.0,0.0,0.0
5118.0,0.00011764704686356708,0.0,0.0,0.0,0.001736111111111111,0.011574074074074073
5119.0,0.00010457515600137413,0.0,0.0,0.0,0.001736111111111111,0.011574074074074073
5120.0,0.0,0.0,0.0,0.0,0.0,0.0
5121.0,0.0001521990488981828,0.0,0.0,0.0,0.0,0.012683254074848568
5122.0,8.04738374426961e-05,0.0,0.0,0.0,0.001736111111111111,0.011574074074074073
5123.0,0.0,0.0,0.0,0.0,0.0,0.0
5124.0,0.0,0.0,0.0,0.0,0.0,0.0
5125.0,0.0,0.0,0.0,0.0,0.0,0.0
5126.0,0.0,0.0,0.0,0.0,0.0,0.0
5127.0,0.00011700025788741186,0.0,0.0,0.0,0.001736111111111111,0.011574074074074073
5128.0,0.00021606069640256464,0.0,0.0,0.0,0.001736111111111111,0.018005058033547055
5129.0,0.00014401206863112748,0.0,0.0,0.0,0.001736111111111111,0.012001005719260624
5130.0,0.0,0.0,0.0,0.0,0.0,0.0
5131.0,0.0,0.0,0.0,0.0,0.0,0.0
5132.0,0.0,0.0,0.0,0.0,0.0,0.0
5133.0,0.0001759088772814721,0.0,0.0,0.0,0.001736111111111111,0.01465907310678934
5134.0,0.00013191037578508258,0.0,0.0,0.0,0.0,0.010992531315423548
5135.0,5.92320475334418e-06,0.0,0.0,0.0,0.001736111111111111,0.011574074074074073
5136.0,2.9275611268531065e-06,0.0,0.0,0.0,0.001736111111111111,0.011574074074074073
5137.0,0.0,0.0,0.0,0.0,0.0,0.0
5138.0,0.0,0.0,0.0,0.0,0.0,0.0
5139.0,0.0,0.0,0.0,0.0,0.0,0.0
5140.0,0.0,0.0,0.0,0.0,0.0,0.0
5141.0,0.0,0.0,0.0,0.0,0.0,0.0
5142.0,0.0,0.0,0.0,0.0,0.0,0.0
5143.0,0.0,0.0,0.0,0.0,0.0,0.0
5144.0,0.00020785670494660735,0.0,0.0,0.0,0.003472222222222222,0.023148148148148147
5145.0,2.4628945539006963e-05,0.0,0.0,0.0,0.0,0.0020524121282505803
5146.0,0.00016082852380350232,0.0,0.0,0.0,0.001736111111111111,0.013402376983625194
5147.0,0.0,0.0,0.0,0.0,0.0,0.0
5148.0,2.0952473278157413e-05,0.0,0.0,0.0,0.0,0.001746039439846451
5149.0,0.00021657132310792804,0.0,0.0,0.0,0.001736111111111111,0.018047610258994002
5150.0,0.0,0.0,0.0,0.0,0.0,0.0
5151.0,0.0,0.0,0.0,0.0,0.0,0.0
5152.0,5.361520379665308e-06,0.0,0.0,0.0,0.0,0.000446793364972109
5153.0,0.0,0.0,0.0,0.0,0.0,0.0
5154.0,0.0,0.0,0.0,0.0,0.0,0.0
5155.0,0.0,0.0,0.0,0.0,0.0,0.0
5156.0,0.0,0.0,0.0,0.0,0.0,0.0
5157.0,0.0,0.0,0.0,0.0,0.0,0.0
5158.0,0.0,0.0,0.0,0.0,0.0,0.0
5159.0,0.0,0.0,0.0,0.0,0.0,0.0
5160.0,3.0637265808763914e-06,0.0,0.0,0.0,0.001736111111111111,0.011574074074074073
5161.0,3.0637265808763914e-06,0.0,0.0,0.0,0.001736111111111111,0.011574074074074073
5162.0,0.0,0.0,0.0,0.0,0.0,0.0
5163.0,0.0,0.0,0.0,0.0,0.0,0.0
5164.0,3.5726436180993915e-05,0.0,0.0,0.0,0.001736111111111111,0.011574074074074073
5165.0,0.00012283833348192275,0.0,0.0,0.0,0.001736111111111111,0.011574074074074073
5166.0,1.5318678947551234e-07,0.0,0.0,0.0,0.0,1.2765565789626029e-05
5167.0,0.00015687974519096315,0.0,0.0,0.0,0.001736111111111111,0.013073312099246929
5168.0,0.00016494754527229816,0.0,0.0,0.0,0.001736111111111111,0.013745628772691513
5169.0,0.00021531179663725197,0.0,0.0,0.0,0.001736111111111111,0.017942649719770998
5170.0,8.689064270583913e-05,0.0,0.0,0.0,0.0,0.00724088689215326
5171.0,4.090072252438404e-05,0.0,0.0,0.0,0.0,0.00340839354369867
5172.0,0.00019085303938481957,0.0,0.0,0.0,0.001736111111111111,0.015904419948734965
5173.0,0.0002013207704294473,0.0,0.0,0.0,0.001736111111111111,0.01677673086912061
5174.0,0.00011332377471262589,0.0,0.0,0.0,0.001736111111111111,0.011574074074074073
5175.0,9.172451245831326e-05,0.0,0.0,0.0,0.0,0.007643709371526104
5176.0,0.0,0.0,0.0,0.0,0.0,0.0
5177.0,8.629490366729442e-06,0.0,0.0,0.0,0.0,0.0007191241972274535
5178.0,0.00014586733595933765,0.0,0.0,0.0,0.005208333333333333,0.034722222222222224
5179.0,0.0001586328580742702,0.0,0.0,0.0,0.001736111111111111,0.013219404839522516
5180.0,2.3845990654081106e-05,0.0,0.0,0.0,0.0,0.001987165887840092
5181.0,5.2576921007130295e-05,0.0,0.0,0.0,0.001736111111111111,0.011574074074074073
5182.0,7.729097706032917e-05,0.0,0.0,0.0,0.0,0.006440914755027431
5183.0,0.0,0.0,0.0,0.0,0.0,0.0
5184.0,0.0,0.0,0.0,0.0,0.0,0.0
5185.0,7.352940428972943e-06,0.0,0.0,0.0,0.001736111111111111,0.011574074074074073
5186.0,3.523284931361559e-06,0.0,0.0,0.0,0.001736111111111111,0.011574074074074073
5187.0,0.0,0.0,0.0,0.0,0.0,0.0
5188.0,0.0,0.0,0.0,0.0,0.0,0.0
5189.0,0.0,0.0,0.0,0.0,0.0,0.0
5190.0,0.0,0.0,0.0,0.0,0.0,0.0
5191.0,0.0,0.0,0.0,0.0,0.0,0.0
5192.0,0.0,0.0,0.0,0.0,0.0,0.0
5193.0,0.0,0.0,0.0,0.0,0.0,0.0
5194.0,0.0,0.0,0.0,0.0,0.0,0.0
5195.0,0.0,0.0,0.0,0.0,0.0,0.0
5196.0,0.0,0.0,0.0,0.0,0.0,0.0
5197.0,0.0,0.0,0.0,0.0,0.0,0.0
5198.0,0.0,0.0,0.0,0.0,0.0,0.0
5199.0,0.0,0.0,0.0,0.0,0.0,0.0
5200.0,0.0,0.0,0.0,0.0,0.0,0.0
5201.0,0.0,0.0,0.0,0.0,0.0,0.0
5202.0,0.0,0.0,0.0,0.0,0.0,0.0
5203.0,0.0,0.0,0.0,0.0,0.0,0.0
5204.0,0.0,0.0,0.0,0.0,0.0,0.0
5205.0,0.000638718600384891,0.0,0.0,0.0,0.006944444444444444,0.05322655003207425
5206.0,0.0008240399183705449,0.0,0.0,0.0,0.003472222222222222,0.06866999319754541
5207.0,0.00039928845944814384,0.0,0.0,0.0,0.006944444444444444,0.046296296296296294
5208.0,3.3309494028799236e-05,0.0,0.0,0.0,0.005208333333333333,0.034722222222222224
5209.0,0.0,0.0,0.0,0.0,0.0,0.0
5210.0,3.1318095352617092e-06,0.0,0.0,0.0,0.001736111111111111,0.011574074074074073
5211.0,3.0637265808763914e-06,0.0,0.0,0.0,0.001736111111111111,0.011574074074074073
5212.0,0.0,0.0,0.0,0.0,0.0,0.0
5213.0,0.00011887252185260877,0.0,0.0,0.0,0.003472222222222222,0.023148148148148147
5214.0,6.901891174493358e-05,0.0,0.0,0.0,0.0,0.005751575978744465
5215.0,0.0001394845894537866,0.0,0.0,0.0,0.001736111111111111,0.01162371578781555
5216.0,5.3376897994894534e-05,0.0,0.0,0.0,0.0,0.004448074832907878
5217.0,0.00016824956401251256,0.0,0.0,0.0,0.003472222222222222,0.023148148148148147
5218.0,5.187907663639635e-05,0.0,0.0,0.0,0.0,0.004323256386366363
5219.0,0.00020283559570088983,0.0,0.0,0.0,0.006944444444444444,0.046296296296296294
5220.0,0.00010741760343080387,0.0,0.0,0.0,0.0,0.008951466952566989
5221.0,0.00024332782777491957,0.0,0.0,0.0,0.001736111111111111,0.020277318981243297
5222.0,0.00015985836216714233,0.0,0.0,0.0,0.001736111111111111,0.013321530180595195
5223.0,0.00015587551752105355,0.0,0.0,0.0,0.003472222222222222,0.023148148148148147
5224.0,0.00015955197159200907,0.0,0.0,0.0,0.001736111111111111,0.013295997632667422
5225.0,0.00024937017587944865,0.0,0.0,0.0,0.005208333333333333,0.034722222222222224
5226.0,1.1948525752814021e-05,0.0,0.0,0.0,0.0,0.0009957104794011684
5227.0,0.0001828533277148381,0.0,0.0,0.0,0.0,0.01523777730956984
5228.0,0.00011616622941801324,0.0,0.0,0.0,0.0,0.009680519118167771
5229.0,0.0,0.0,0.0,0.0,0.0,0.0
5230.0,0.0,0.0,0.0,0.0,0.0,0.0
5231.0,0.0,0.0,0.0,0.0,0.0,0.0
5232.0,0.0,0.0,0.0,0.0,0.0,0.0
5233.0,0.0,0.0,0.0,0.0,0.0,0.0
5234.0,0.0,0.0,0.0,0.0,0.0,0.0
5235.0,0.00019104026432614774,0.0,0.0,0.0,0.001736111111111111,0.015920022027178977
5236.0,0.0002617612190078944,0.0,0.0,0.0,0.001736111111111111,0.021813434917324532
5237.0,8.614173566456884e-05,0.0,0.0,0.0,0.001736111111111111,0.011574074074074073
5238.0,0.0,0.0,0.0,0.0,0.0,0.0
5239.0,0.00010282202129019424,0.0,0.0,0.0032169113401323557,0.0,0.40211391751654446
5240.0,4.605800495482981e-05,0.0,0.0,0.0,0.0,0.0038381670795691507
5241.0,0.0,0.0,0.0,0.0,0.0,0.0
5242.0,0.0,0.0,0.0,0.0,0.0,0.0
5243.0,0.0,0.0,0.0,0.0,0.0,0.0
5244.0,5.429604698292678e-06,0.0,0.0,3.0637209420092404e-05,0.0,0.0038296511775115505
5245.0,0.0,0.0,0.0,0.0,0.0,0.0
5246.0,0.0,0.0,0.0,0.0,0.0,0.0
5247.0,0.0,0.0,0.0,0.0,0.0,0.0
5248.0,0.0,0.0,0.0,0.0,0.0,0.0
5249.0,0.0,0.0,0.0,0.0,0.0,0.0
5250.0,0.0,0.0,0.0,0.0,0.0,0.0
5251.0,0.0,0.0,0.0,0.0,0.0,0.0
5252.0,0.0,0.0,0.0,0.0,0.0,0.0
5253.0,0.0,0.0,0.0,0.0,0.0,0.0
5254.0,0.0,0.0,0.0,0.0,0.0,0.0
5255.0,0.0,0.0,0.0,0.0,0.0,0.0
5256.0,0.0,0.0,0.0,0.0,0.0,0.0
5257.0,0.0,0.0,0.0,0.0,0.0,0.0
5258.0,0.0,0.0,0.0,0.0,0.0,0.0
5259.0,0.0,0.0,0.0,0.0,0.0,0.0
5260.0,9.002246224554256e-05,0.0,0.0,0.0,0.005208333333333333,0.034722222222222224
5261.0,0.00012292344763409346,0.0,0.0,0.0,0.003472222222222222,0.023148148148148147
5262.0,0.0001793470437405631,0.0,0.0,0.0,0.006944444444444444,0.046296296296296294
5263.0,0.00016484540537931025,0.0,0.0,0.0,0.001736111111111111,0.01373711711494252
5264.0,9.848173795035109e-05,0.0,0.0,0.0,0.001736111111111111,0.011574074074074073
5265.0,0.0,0.0,0.0,0.0,0.0,0.0
5266.0,0.0,0.0,0.0,0.0,0.0,0.0
5267.0,0.0,0.0,0.0,0.0,0.0,0.0
5268.0,0.0,0.0,0.0,0.0,0.0,0.0
5269.0,8.238034752139356e-06,0.0,0.0,0.0,0.0,0.000686502896011613
5270.0,0.0,0.0,0.0,0.0,0.0,0.0
5271.0,0.0,0.0,0.0,0.0,0.0,0.0
5272.0,0.0,0.0,0.0,0.0,0.0,0.0
5273.0,0.0,0.0,0.0,0.0,0.0,0.0
5274.0,0.0,0.0,0.0,0.0,0.0,0.0
5275.0,0.0,0.0,0.0,0.0,0.0,0.0
5276.0,0.0,0.0,0.0,0.0,0.0,0.0
5277.0,0.0,0.0,0.0,0.0,0.0,0.0
5278.0,0.0,0.0,0.0,0.0,0.0,0.0
5279.0,0.0,0.0,0.0,0.0,0.0,0.0
5280.0,0.0,0.0,0.0,0.0,0.0,0.0
5281.0,0.0,0.0,0.0,0.0,0.0,0.0
5282.0,0.0,0.0,0.0,0.0,0.0,0.0
5283.0,0.0,0.0,0.0,0.0,0.0,0.0
5284.0,0.0,0.0,0.0,0.0,0.0,0.0
5285.0,3.931784249289194e-06,0.0,0.0,0.0,0.001736111111111111,0.011574074074074073
5286.0,3.931784249289194e-06,0.0,0.0,0.0,0.001736111111111111,0.011574074074074073
5287.0,0.0,0.0,0.0,0.0,0.0,0.0
5288.0,0.0,0.0,0.0,0.0,0.0,0.0
5289.0,1.8382356756774243e-06,0.0,0.0,0.0,0.0,0.00015318630630645202
5290.0,0.0,0.0,0.0,0.0,0.0,0.0
5291.0,0.0,0.0,0.0,0.0,0.0,0.0
5292.0,0.0,0.0,0.0,0.0,0.0,0.0
5293.0,0.0,0.0,0.0,0.0,0.0,0.0
5294.0,6.467848265856446e-07,0.0,0.0,0.0,0.0,5.389873554880372e-05
5295.0,0.0,0.0,0.0,0.0,0.0,0.0
5296.0,0.0,0.0,0.0,0.0,0.0,0.0
5297.0,0.0,0.0,0.0,0.0,0.0,0.0
5298.0,0.0,0.0,0.0,0.0,0.0,0.0
5299.0,0.0,0.0,0.0,0.0,0.0,0.0
5300.0,0.0,0.0,0.0,0.0,0.0,0.0
5301.0,0.0,0.0,0.0,0.0,0.0,0.0
5302.0,0.0,0.0,0.0,0.0,0.0,0.0
5303.0,0.0,0.0,0.0,0.0,0.0,0.0
5304.0,3.0007482564542443e-05,0.0,0.0,0.0,0.001736111111111111,0.011574074074074073
5305.0,0.0004062328953295946,0.0,0.0,0.0,0.008680555555555556,0.05787037037037038
5306.0,0.00016828360094223171,0.0,0.0,0.0,0.003472222222222222,0.023148148148148147
5307.0,3.850080611300655e-05,0.0,0.0,0.0,0.001736111111111111,0.011574074074074073
5308.0,0.0,0.0,0.0,0.0,0.0,0.0
5309.0,0.0,0.0,0.0,0.0,0.0,0.0
5310.0,0.0003069852537009865,0.0,0.0,0.0,0.010416666666666666,0.06944444444444445
5311.0,0.0005745675880461931,0.0,0.0,0.0,0.012152777777777778,0.08101851851851852
5312.0,0.0,0.0,0.0,0.0,0.0,0.0
5313.0,0.0,0.0,0.0,0.0,0.0,0.0
5314.0,0.0,0.0,0.0,0.0,0.0,0.0
5315.0,0.0,0.0,0.0,0.0,0.0,0.0
5316.0,0.0,0.0,0.0,0.0,0.0,0.0
5317.0,0.0,0.0,0.0,0.0,0.0,0.0
5318.0,0.0,0.0,0.0,0.0,0.0,0.0
5319.0,5.276418505673064e-06,0.0,0.0,0.0,0.0,0.000439701542139422
5320.0,0.0,0.0,0.0,0.0,0.0,0.0
5321.0,0.0,0.0,0.0,0.0,0.0,0.0
5322.0,0.0,0.0,0.0,0.0,0.0,0.0
5323.0,0.0,0.0,0.0,0.0,0.0,0.0
5324.0,0.0,0.0,0.0,0.0,0.0,0.0
5325.0,0.0,0.0,0.0,0.0,0.0,0.0
5326.0,0.01987828128039837,0.0004025902599096298,0.0,0.0032196962274610996,0.3611111111111111,2.4074074074074074
5327.0,0.06102105602622032,0.03803331404924393,0.39135947823524475,0.0040045203641057014,0.5,5.085088002185027
5328.0,2.632880386954639e-05,1.4941519111744128e-05,2.841523200913798e-05,0.0,0.0,0.0021940669891288658
5329.0,0.0,0.0,0.0,0.0,0.0,0.0
5330.0,0.0,0.0,0.0,0.0,0.0,0.0
5331.0,0.0,0.0,0.0,0.0,0.0,0.0
5332.0,0.0,0.0,0.0,0.0,0.0,0.0
5333.0,0.0,0.0,0.0,0.0,0.0,0.0
5334.0,0.0,0.0,0.0,0.0,0.0,0.0
5335.0,0.0,0.0,0.0,0.0,0.0,0.0
5336.0,0.0,0.0,0.0,0.0,0.0,0.0
5337.0,0.0,0.0,0.0,0.0,0.0,0.0
5338.0,0.0,0.0,0.0,0.0,0.0,0.0
5339.0,0.0,0.0,0.0,0.0,0.0,0.0
5340.0,0.0,0.0,0.0,0.0,0.0,0.0
5341.0,0.0,0.0,0.0,0.0,0.0,0.0
5342.0,0.0,0.0,0.0,0.0,0.0,0.0
5343.0,0.0,0.0,0.0,0.0,0.0,0.0
5344.0,6.808239731981303e-07,0.0,0.0,0.0,0.0,5.673533109984419e-05
5345.0,6.808239731981303e-07,0.0,0.0,0.0,0.0,5.673533109984419e-05
5346.0,0.0,0.0,0.0,0.0,0.0,0.0
5347.0,0.0,0.0,0.0,0.0,0.0,0.0
5348.0,0.0,0.0,0.0,0.0,0.0,0.0
5349.0,0.0,0.0,0.0,0.0,0.0,0.0
5350.0,0.0,0.0,0.0,0.0,0.0,0.0
5351.0,0.0,0.0,0.0,0.0,0.0,0.0
5352.0,2.632880386954639e-05,1.4941519111744128e-05,2.841523200913798e-05,0.0,0.0,0.0021940669891288658
5353.0,2.632880386954639e-05,1.4941519111744128e-05,2.841523200913798e-05,0.0,0.0,0.0021940669891288658
5354.0,0.0,0.0,0.0,0.0,0.0,0.0
5355.0,0.0,0.0,0.0,0.0,0.0,0.0
5356.0,0.0,0.0,0.0,0.0,0.0,0.0
5357.0,0.0,0.0,0.0,0.0,0.0,0.0
5358.0,0.0,0.0,0.0,0.0,0.0,0.0
5359.0,0.0,0.0,0.0,0.0,0.0,0.0
5360.0,0.0,0.0,0.0,0.0,0.0,0.0
5361.0,0.0,0.0,0.0,0.0,0.0,0.0
5362.0,0.0,0.0,0.0,0.0,0.0,0.0
5363.0,0.0,0.0,0.0,0.0,0.0,0.0
5364.0,0.0003502688487060368,0.0022599203512072563,0.0,0.0,0.006944444444444444,0.05649800878018141
5365.0,6.808277248637751e-05,0.00043637785711325705,0.0,0.0,0.003472222222222222,0.023148148148148147
5366.0,0.0,0.0,0.0,0.0,0.0,0.0
5367.0,0.0,0.0,0.0,0.0,0.0,0.0
5368.0,0.0,0.0,0.0,0.0,0.0,0.0
5369.0,4.731750777864363e-06,2.50931170739932e-05,0.0,0.0,0.0,0.00062732792684983
5370.0,1.698664709692821e-05,0.0,0.0,0.0,0.0,0.0014155539247440174
5371.0,5.5061947932699695e-05,0.0,0.0,0.0,0.0,0.004588495661058308
5372.0,5.625339690595865e-05,0.0,0.0,0.0,0.003472222222222222,0.023148148148148147
5373.0,4.5155902625992894e-05,0.0,0.0,0.0,0.0,0.0037629918854994076
5374.0,0.0,0.0,0.0,0.0,0.0,0.0
5375.0,0.0,0.0,0.0,0.0,0.0,0.0
5376.0,0.0,0.0,0.0,0.0,0.0,0.0
5377.0,7.245490996865556e-05,1.5271689335349947e-05,2.841523200913798e-05,0.0,0.0,0.006037909164054629
5378.0,3.599655974539928e-05,1.5271689335349947e-05,2.841523200913798e-05,0.0,0.0,0.0029997133121166066
5379.0,5.6678913097130135e-05,0.0,0.0,0.0,0.0,0.004723242758094178
5380.0,0.0,0.0,0.0,0.0,0.0,0.0
5381.0,0.0,0.0,0.0,0.0,0.0,0.0
5382.0,0.0,0.0,0.0,0.0,0.0,0.0
5383.0,0.0,0.0,0.0,0.0,0.0,0.0
5384.0,0.0,0.0,0.0,0.0,0.0,0.0
5385.0,6.263615068746731e-05,0.0,0.0,0.0,0.0,0.005219679223955609
5386.0,0.0001156385987997055,0.0,0.0,0.0,0.006944444444444444,0.046296296296296294
5387.0,9.703497198643163e-05,0.0,0.0,0.0,0.003472222222222222,0.023148148148148147
5388.0,0.00020348044927231967,0.0,0.0,0.0,0.003472222222222222,0.023148148148148147
5389.0,0.0,0.0,0.0,0.0,0.0,0.0
5390.0,0.0,0.0,0.0,0.0,0.0,0.0
5391.0,0.0003001599106937647,0.0,0.0,0.0,0.006944444444444444,0.046296296296296294
5392.0,0.0,0.0,0.0,0.0,0.0,0.0
5393.0,0.0,0.0,0.0,0.0,0.0,0.0
5394.0,1.5128968016142608e-06,0.0,0.0,0.0,0.0,0.00012607473346785505
5395.0,0.00022700305271428078,0.0,0.0,0.0,0.003472222222222222,0.023148148148148147
5396.0,0.00017873430624604225,0.0,0.0,0.0,0.006944444444444444,0.046296296296296294
5397.0,0.0,0.0,0.0,0.0,0.0,0.0
5398.0,0.0,0.0,0.0,0.0,0.0,0.0
5399.0,0.0,0.0,0.0,0.0,0.0,0.0
5400.0,0.0,0.0,0.0,0.0,0.0,0.0
5401.0,0.0,0.0,0.0,0.0,0.0,0.0
5402.0,3.127989839413203e-05,1.5271689335349947e-05,2.841523200913798e-05,0.0,0.0,0.0026066581995110027
5403.0,2.6771336706588045e-05,1.5271689335349947e-05,2.841523200913798e-05,0.0,0.0,0.0022309447255490036
5404.0,0.0,0.0,0.0,0.0,0.0,0.0
5405.0,0.0,0.0,0.0,0.0,0.0,0.0
5406.0,0.0,0.0,0.0,0.0,0.0,0.0
5407.0,0.0,0.0,0.0,0.0,0.0,0.0
5408.0,0.0001635839435039088,0.0,0.0,0.0,0.003472222222222222,0.023148148148148147
5409.0,0.0001873297442216426,0.0,0.0,0.0,0.003472222222222222,0.023148148148148147
5410.0,0.0,0.0,0.0,0.0,0.0,0.0
5411.0,3.317089067422785e-06,0.0,0.0,0.0,0.0,0.00027642408895189874
5412.0,0.0,0.0,0.0,0.0,0.0,0.0
5413.0,0.0,0.0,0.0,0.0,0.0,0.0
5414.0,0.0,0.0,0.0,0.0,0.0,0.0
5415.0,0.0,0.0,0.0,0.0,0.0,0.0
5416.0,0.0,0.0,0.0,0.0,0.0,0.0
5417.0,0.00014385890972334892,0.0,0.0,0.0,0.003472222222222222,0.023148148148148147
5418.0,0.00022046902449801564,0.0,0.0,0.0,0.003472222222222222,0.023148148148148147
5419.0,4.050921688758535e-06,0.0,0.0,0.0,0.0,0.0003375768073965446
5420.0,6.808239731981303e-07,0.0,0.0,0.0,0.0,5.673533109984419e-05
5421.0,0.0,0.0,0.0,0.0,0.0,0.0
5422.0,0.0,0.0,0.0,0.0,0.0,0.0
5423.0,0.0,0.0,0.0,0.0,0.0,0.0
5424.0,0.0,0.0,0.0,0.0,0.0,0.0
5425.0,0.0,0.0,0.0,0.0,0.0,0.0
5426.0,0.0,0.0,0.0,0.0,0.0,0.0
5427.0,2.7298981876811013e-05,1.5271689335349947e-05,2.841523200913798e-05,0.0,0.0,0.0022749151564009176
5428.0,2.7298981876811013e-05,1.5271689335349947e-05,2.841523200913798e-05,0.0,0.0,0.0022749151564009176
5429.0,0.0,0.0,0.0,0.0,0.0,0.0
5430.0,0.0,0.0,0.0,0.0,0.0,0.0
5431.0,0.0,0.0,0.0,0.0,0.0,0.0
5432.0,0.0,0.0,0.0,0.0,0.0,0.0
5433.0,0.0,0.0,0.0,0.0,0.0,0.0
5434.0,0.0,0.0,0.0,0.0,0.0,0.0
5435.0,0.0,0.0,0.0,0.0,0.0,0.0
5436.0,0.00011509392788866535,0.0,0.0,0.0,0.003472222222222222,0.023148148148148147
5437.0,0.00017024097905959934,0.0,0.0,0.0,0.003472222222222222,0.023148148148148147
5438.0,6.277037755353376e-05,0.0,0.0,0.0,0.003472222222222222,0.023148148148148147
5439.0,0.0,0.0,0.0,0.0,0.0,0.0
5440.0,6.609135016333312e-05,0.0,0.0,0.0,0.0,0.005507612513611093
5441.0,0.0001506331464042887,0.0,0.0,0.0,0.003472222222222222,0.023148148148148147
5442.0,0.00019316785619594157,0.0,0.0,0.0,0.015625,0.10416666666666667
5443.0,0.0,0.0,0.0,0.0,0.0,0.0
5444.0,0.000424272904638201,0.0,0.0,0.0,0.001736111111111111,0.03535607538651675
5445.0,1.1454922059783712e-05,0.0,0.0,0.0,0.0,0.0009545768383153093
5446.0,0.0002040951221715659,0.0,0.0,0.0,0.001736111111111111,0.01700792684763049
5447.0,0.0001422078930772841,0.0,0.0,0.0,0.001736111111111111,0.011850657756440341
5448.0,0.000249744625762105,0.0,0.0,0.0,0.012152777777777778,0.08101851851851852
5449.0,0.0,0.0,0.0,0.0,0.0,0.0
5450.0,0.0,0.0,0.0,0.0,0.0,0.0
5451.0,0.0,0.0,0.0,0.0,0.0,0.0
5452.0,3.4839147701859474e-05,1.5271689335349947e-05,2.841523200913798e-05,0.0,0.0,0.0029032623084882894
5453.0,2.7911724828300066e-05,1.5271689335349947e-05,2.841523200913798e-05,0.0,0.0,0.0023259770690250057
5454.0,0.00010268584446748719,0.0,0.0,0.0,0.001736111111111111,0.011574074074074073
5455.0,9.909447544487193e-05,0.0,0.0,0.0,0.001736111111111111,0.011574074074074073
5456.0,0.0002544764138292521,0.0,0.0,0.0,0.001736111111111111,0.021206367819104344
5457.0,0.0001852532586781308,0.0,0.0,0.0,0.001736111111111111,0.0154377715565109
5458.0,9.267769200960174e-05,0.0,0.0,0.0,0.001736111111111111,0.011574074074074073
5459.0,0.0002186308120144531,0.0,0.0,0.0,0.003472222222222222,0.023148148148148147
5460.0,0.00018154272402171046,0.0,0.0,0.0,0.003472222222222222,0.023148148148148147
5461.0,0.00010374115663580596,0.0,0.0,0.0,0.005208333333333333,0.034722222222222224
5462.0,0.00017299831961281598,0.0,0.0,0.0,0.001736111111111111,0.01441652663440133
5463.0,0.00011044727580156177,0.0,0.0,0.0,0.003472222222222222,0.023148148148148147
5464.0,0.0001713983656372875,0.0,0.0,0.0,0.003472222222222222,0.023148148148148147
5465.0,9.437974222237244e-05,0.0,0.0,0.0,0.003472222222222222,0.023148148148148147
5466.0,0.0,0.0,0.0,0.0,0.0,0.0
5467.0,0.06653137505054474,0.040719110518693924,0.39138263463974,0.0040045203641057014,0.5,5.544281254212062
5468.0,0.0,0.0,0.0,0.0,0.0,0.0
5469.0,0.00021713299793191254,0.0,0.0,0.0,0.005208333333333333,0.034722222222222224
5470.0,0.000685304228682071,0.0,0.0,0.0,0.015625,0.10416666666666667
5471.0,0.0015086120693013072,0.0,0.0,0.0,0.041666666666666664,0.2777777777777778
5472.0,0.0001625135773792863,0.0,0.0,0.0,0.005208333333333333,0.034722222222222224
5473.0,0.00023428985150530934,0.0,0.0,0.0,0.003472222222222222,0.023148148148148147
5474.0,0.0,0.0,0.0,0.0,0.0,0.0
5475.0,1.7497266526333988e-05,0.0,0.0,0.0,0.001736111111111111,0.011574074074074073
5476.0,1.7854707039077766e-05,0.0,0.00033829972380772233,0.0,0.001736111111111111,0.011574074074074073
5477.0,0.0008432392496615648,0.005272633396089077,0.0010329590877518058,0.0,0.022569444444444444,0.15046296296296297
5478.0,0.00020229093206580728,0.0009654240566305816,0.0016221617115661502,0.0,0.003472222222222222,0.02413560141576454
5479.0,7.25592253729701e-05,1.6508698763573193e-06,0.0013706139288842678,0.0,0.0,0.006046602114414175
5480.0,0.00025854434352368116,0.0015970439417287707,0.0007101392257027328,0.0,0.001736111111111111,0.03992609854321927
5481.0,5.6168293667724356e-05,0.0003631896688602865,0.0,0.0,0.0,0.009079741721507162
5482.0,5.771717769675888e-05,0.00037320490810088813,0.0,0.0,0.0,0.009330122702522203
5483.0,5.1538660045480356e-05,0.0003332540509290993,0.0,0.0,0.0,0.008331351273227483
5484.0,1.1608122804318555e-05,6.713511538691819e-05,3.902219395968132e-05,0.0,0.0,0.0016783778846729547
5485.0,0.0,0.0,0.0,0.0,0.0,0.0
5486.0,0.0,0.0,0.0,0.0,0.0,0.0
5487.0,0.0,0.0,0.0,0.0,0.0,0.0
5488.0,0.0,0.0,0.0,0.0,0.0,0.0
5489.0,0.0,0.0,0.0,0.0,0.0,0.0
5490.0,0.0,0.0,0.0,0.0,0.0,0.0
5491.0,0.0,0.0,0.0,0.0,0.0,0.0
5492.0,0.0,0.0,0.0,0.0,0.0,0.0
5493.0,0.0,0.0,0.0,0.0,0.0,0.0
5494.0,0.0006548882811330259,0.004234571475535631,0.0,0.0,0.010416666666666666,0.10586428688839078
5495.0,0.0006242850213311613,0.0038323113694787025,0.0,0.0,0.013888888888888888,0.09580778423696756
5496.0,8.420137601206079e-05,0.0,0.0,0.0,0.0,0.007016781334338399
5497.0,4.5785650399921e-06,0.0,0.0,0.0,0.0,0.0003815470866660083
5498.0,0.00012799561955034733,0.0,0.0,0.0,0.001736111111111111,0.011574074074074073
5499.0,0.0,0.0,0.0,0.0,0.0,0.0
5500.0,1.0859213034564164e-05,5.1837152568623424e-05,0.0,0.0,0.0,0.0012959288142155856
5501.0,0.0,0.0,0.0,0.0,0.0,0.0
5502.0,0.0,0.0,0.0,0.0,0.0,0.0
5503.0,0.0,0.0,0.0,0.0,0.0,0.0
5504.0,0.0,0.0,0.0,0.0,0.0,0.0
5505.0,0.0,0.0,0.0,0.0,0.0,0.0
5506.0,0.0,0.0,0.0,0.0,0.0,0.0
5507.0,0.0,0.0,0.0,0.0,0.0,0.0
5508.0,0.0,0.0,0.0,0.0,0.0,0.0
5509.0,0.0,0.0,0.0,0.0,0.0,0.0
5510.0,0.000150377833051607,0.0,0.0,0.0,0.001736111111111111,0.012531486087633917
5511.0,0.0,0.0,0.0,0.0,0.0,0.0
5512.0,0.0,0.0,0.0,0.0,0.0,0.0
5513.0,0.0,0.0,0.0,0.0,0.0,0.0
5514.0,0.0,0.0,0.0,0.0,0.0,0.0
5515.0,0.0,0.0,0.0,0.0,0.0,0.0
5516.0,0.0,0.0,0.0,0.0,0.0,0.0
5517.0,1.7190893686347408e-06,0.0,0.0,0.0,0.0,0.0001432574473862284
5518.0,0.0,0.0,0.0,0.0,0.0,0.0
5519.0,0.0,0.0,0.0,0.0,0.0,0.0
5520.0,0.0,0.0,0.0,0.0,0.0,0.0
5521.0,0.0,0.0,0.0,0.0,0.0,0.0
5522.0,0.0,0.0,0.0,0.0,0.0,0.0
5523.0,7.93164326751139e-06,5.1286780944792554e-05,0.0,0.0,0.001736111111111111,0.011574074074074073
5524.0,0.0002023930719587952,0.001308693434111774,0.0,0.0,0.003472222222222222,0.03271733585279435
5525.0,0.00012523826444521546,0.0008089224575087428,0.0,0.0,0.001736111111111111,0.02022306143771857
5526.0,0.00018084488692693412,0.0011693605920299888,0.0,0.0,0.001736111111111111,0.02923401480074972
5527.0,0.0,0.0,0.0,0.0,0.0,0.0
5528.0,0.00012428511399775743,0.0,0.0,0.0,0.005208333333333333,0.034722222222222224
5529.0,0.00013871866394765675,0.0,0.0,0.0,0.001736111111111111,0.011574074074074073
5530.0,0.00024263000523205847,0.0,0.0,0.0,0.003472222222222222,0.023148148148148147
5531.0,0.0,0.0,0.0,0.0,0.0,0.0
5532.0,0.0,0.0,0.0,0.0,0.0,0.0
5533.0,0.0,0.0,0.0,0.0,0.0,0.0
5534.0,1.4893141269567423e-05,2.344232052564621e-05,0.0,0.0,0.0,0.0012410951057972852
5535.0,0.00011871933384099975,0.0,0.0,0.0,0.0,0.009893277820083313
5536.0,0.00011701727635227144,0.0,0.0,0.0,0.001736111111111111,0.011574074074074073
5537.0,8.850760787026957e-05,0.00032841149368323386,0.0,0.0,0.001736111111111111,0.011574074074074073
5538.0,0.0,0.0,0.0,0.0,0.0,0.0
5539.0,0.0,0.0,0.0,0.0,0.0,0.0
5540.0,0.0,0.0,0.0,0.0,0.0,0.0
5541.0,0.0,0.0,0.0,0.0,0.0,0.0
5542.0,4.731752142106416e-06,1.5408056697197026e-06,0.0,0.0,0.0,0.000394312678508868
5543.0,0.00010636231309035793,0.0,0.0,0.0,0.0,0.00886352609086316
5544.0,8.792890730546787e-05,0.0,0.0,0.0,0.0,0.0073274089421223225
5545.0,0.00011182596063008532,0.0,0.0,0.0,0.0,0.00931883005250711
5546.0,0.0,0.0,0.0,0.0,0.0,0.0
5547.0,0.0,0.0,0.0,0.0,0.0,0.0
5548.0,5.771718133473769e-05,0.0,0.0,0.0,0.0,0.004809765111228141
5549.0,0.00021777977235615253,0.0,0.0,0.0,0.0,0.018148314363012712
5550.0,0.00015580742910970002,0.0006764131831005216,0.0,0.0,0.005208333333333333,0.034722222222222224
5551.0,4.255169585576368e-07,1.5408064655275666e-06,0.0,0.0,0.0,3.8520161638189165e-05
5552.0,3.222017039661296e-05,0.0,0.0,0.0,0.001736111111111111,0.011574074074074073
5553.0,0.00010556233610259369,0.0,0.0,0.0,0.001736111111111111,0.011574074074074073
5554.0,0.00016804529877845198,0.0,0.0,0.0,0.001736111111111111,0.01400377489820433
5555.0,0.00016804529877845198,0.0002506008604541421,0.0,0.0,0.003472222222222222,0.023148148148148147
5556.0,0.000320091174216941,0.0,0.0,0.0,0.003472222222222222,0.026674264518078417
5557.0,8.638003055239096e-05,1.3206869198256754e-06,0.0,0.0,0.003472222222222222,0.023148148148148147
5558.0,7.483999070245773e-05,3.3017161626958114e-07,0.0,0.0,0.0,0.0062366658918714775
5559.0,1.4620777619711589e-05,8.914659701986238e-06,0.0,0.0,0.001736111111111111,0.011574074074074073
5560.0,0.0,0.0,0.0,0.0,0.0,0.0
5561.0,0.0,0.0,0.0,0.0,0.0,0.0
5562.0,0.0,0.0,0.0,0.0,0.0,0.0
5563.0,0.0,0.0,0.0,0.0,0.0,0.0
5564.0,0.000113408881588839,0.0,0.0,0.0,0.001736111111111111,0.011574074074074073
5565.0,8.100148988887668e-05,0.0,0.0,0.0,0.0,0.00675012415740639
5566.0,0.00020157605467829853,0.0,0.0,0.0,0.003472222222222222,0.023148148148148147
5567.0,5.812567178509198e-05,0.0,0.0,0.0,0.0,0.0048438059820909984
5568.0,0.0005350965657271445,0.0,0.0,0.0,0.008680555555555556,0.05787037037037038
5569.0,0.0,0.0,0.0,0.0,0.0,0.0
5570.0,0.0,0.0,0.0,0.0,0.0,0.0
5571.0,6.415099778678268e-05,0.0,0.0,0.0,0.001736111111111111,0.011574074074074073
5572.0,0.00010968136484734714,0.0,0.0,0.0,0.001736111111111111,0.011574074074074073
5573.0,0.00017693013069219887,0.0,0.0,0.0,0.001736111111111111,0.014744177557683239
5574.0,0.00020254624541848898,0.0,0.0,0.0,0.0,0.01687885378487408
5575.0,1.1369818821549416e-05,0.0,0.0,0.0,0.0,0.0009474849017957846
5576.0,0.0,0.0,0.0,0.0,0.0,0.0
5577.0,0.0,0.0,0.0,0.0,0.0,0.0
5578.0,0.0,0.0,0.0,0.0,0.0,0.0
5579.0,0.0,0.0,0.0,0.0,0.0,0.0
5580.0,0.0,0.0,0.0,0.0,0.0,0.0
5581.0,0.0,0.0,0.0,0.0,0.0,0.0
5582.0,0.0,0.0,0.0,0.0,0.0,0.0
5583.0,0.0,0.0,0.0,0.0,0.0,0.0
5584.0,0.0,0.0,0.0,0.0,0.0,0.0
5585.0,0.0,0.0,0.0,0.0,0.0,0.0
5586.0,0.0,0.0,0.0,0.0,0.0,0.0
5587.0,0.0,0.0,0.0,0.0,0.0,0.0
5588.0,0.0,0.0,0.0,0.0,0.0,0.0
5589.0,0.0,0.0,0.0,0.0,0.0,0.0
5590.0,0.0,0.0,0.0,0.0,0.0,0.0
5591.0,0.0,0.0,0.0,0.0,0.0,0.0
5592.0,0.0,0.0,0.0,0.0,0.0,0.0
5593.0,0.0,0.0,0.0,0.0,0.0,0.0
5594.0,0.0,0.0,0.0,0.0,0.0,0.0
5595.0,0.0,0.0,0.0,0.0,0.0,0.0
5596.0,0.0,0.0,0.0,0.0,0.0,0.0
5597.0,0.0,0.0,0.0,0.0,0.0,0.0
5598.0,0.0,0.0,0.0,0.0,0.0,0.0
5599.0,0.0,0.0,0.0,0.0,0.0,0.0
5600.0,0.0,0.0,0.0,0.0,0.0,0.0
5601.0,0.0,0.0,0.0,0.0,0.0,0.0
5602.0,0.0,0.0,0.0,0.0,0.0,0.0
5603.0,0.0,0.0,0.0,0.0,0.0,0.0
5604.0,0.0,0.0,0.0,0.0,0.0,0.0
5605.0,0.0,0.0,0.0,0.0,0.0,0.0
5606.0,0.0,0.0,0.0,0.0,0.0,0.0
5607.0,0.0,0.0,0.0,0.0,0.0,0.0
5608.0,0.0,0.0,0.0,0.0,0.0,0.0
5609.0,0.0,0.0,0.0,0.0,0.0,0.0
5610.0,0.0,0.0,0.0,0.0,0.0,0.0
5611.0,0.0,0.0,0.0,0.0,0.0,0.0
5612.0,0.0,0.0,0.0,0.0,0.0,0.0
5613.0,0.0,0.0,0.0,0.0,0.0,0.0
5614.0,0.0,0.0,0.0,0.0,0.0,0.0
5615.0,0.0,0.0,0.0,0.0,0.0,0.0
5616.0,0.0,0.0,0.0,0.0,0.0,0.0
5617.0,0.0,0.0,0.0,0.0,0.0,0.0
5618.0,0.0,0.0,0.0,0.0,0.0,0.0
5619.0,0.0,0.0,0.0,0.0,0.0,0.0
5620.0,0.0,0.0,0.0,0.0,0.0,0.0
5621.0,0.00014338231994770467,0.0,0.0,0.0,0.003472222222222222,0.023148148148148147
5622.0,1.702069596376532e-08,0.0,0.0,0.0,0.0,1.4183913303137767e-06
5623.0,0.0,0.0,0.0,0.0,0.0,0.0
5624.0,0.0,0.0,0.0,0.0,0.0,0.0
5625.0,1.4467599385170615e-06,0.0,0.0,0.0,0.0,0.00012056332820975513
5626.0,0.0,0.0,0.0,0.0,0.0,0.0
5627.0,0.0,0.0,0.0,0.0,0.0,0.0
5628.0,0.0,0.0,0.0,0.0,0.0,0.0
5629.0,0.0,0.0,0.0,0.0,0.0,0.0
5630.0,0.0,0.0,0.0,0.0,0.0,0.0
5631.0,0.0,0.0,0.0,0.0,0.0,0.0
5632.0,0.07614438235759735,0.05865837633609772,0.389024019241333,0.0040045203641057014,0.59375,6.345365196466446
5633.0,0.005524968262761831,0.0026947571896016598,0.0,0.0,0.1076388888888889,0.7175925925925927
5634.0,3.2509497032151558e-06,0.0,0.0,0.0,0.0,0.00027091247526792966
5635.0,3.2509497032151558e-06,0.0,0.0,0.0,0.0,0.00027091247526792966
5636.0,3.2509497032151558e-06,0.0,0.0,0.0,0.0,0.00027091247526792966
5637.0,3.2509497032151558e-06,0.0,0.0,0.0,0.0,0.00027091247526792966
5638.0,3.2509497032151558e-06,0.0,0.0,0.0,0.0,0.00027091247526792966
5639.0,0.05516388267278671,0.03159457817673683,0.0,0.0006734660128131509,0.3628472222222222,4.596990222732226
5640.0,0.04415348544716835,0.020776351913809776,0.0,0.0005556794349104166,0.2864583333333333,3.6794571205973625
5641.0,0.00024322046374436468,6.246837438084185e-05,0.0,4.030764102935791e-05,0.0,0.020268371978697058
5642.0,5.249405603535706e-06,0.0,0.0,0.0,0.0,0.00043745046696130885
5643.0,0.6551159620285034,0.6591717004776001,0.37232327461242676,0.9763519763946533,0.5277777777777778,122.04399704933167
5644.0,0.0,0.0,0.0,0.0,0.0,0.0
5645.0,0.0,0.0,0.0,0.0,0.0,0.0
5646.0,1.236462139786454e-06,2.4844196104822913e-06,0.0,0.0,0.0,0.00010303851164887116
5647.0,0.655117928981781,0.6591741442680359,0.37232327461242676,0.97637540102005,0.5277777777777778,122.04692512750626
5648.0,0.0,0.0,0.0,0.0,0.0,0.0
5649.0,0.0,0.0,0.0,0.0,0.0,0.0
5650.0,0.0,0.0,0.0,0.0,0.0,0.0
5651.0,0.0,0.0,0.0,0.0,0.0,0.0
5652.0,0.0,0.0,0.0,0.0,0.0,0.0
5653.0,0.0005928643513470888,0.0,0.0,0.0,0.012152777777777778,0.08101851851851852
5654.0,0.0,0.0,0.0,0.0,0.0,0.0
5655.0,1.0067476523545338e-06,0.0,0.0,0.0,0.0,8.389563769621115e-05
5656.0,0.0,0.0,0.0,0.0,0.0,0.0
5657.0,0.0,0.0,0.0,0.0,0.0,0.0
5658.0,0.0,0.0,0.0,0.0,0.0,0.0
5659.0,0.0,0.0,0.0,0.0,0.0,0.0
5660.0,0.0,0.0,0.0,0.0,0.0,0.0
5661.0,0.0,0.0,0.0,0.0,0.0,0.0
5662.0,0.0,0.0,0.0,0.0,0.0,0.0
5663.0,0.0,0.0,0.0,0.0,0.0,0.0
5664.0,0.0,0.0,0.0,0.0,0.0,0.0
5665.0,0.0,0.0,0.0,0.0,0.0,0.0
5666.0,0.0,0.0,0.0,0.0,0.0,0.0
5667.0,0.0,0.0,0.0,0.0,0.0,0.0
5668.0,0.0,0.0,0.0,0.0,0.0,0.0
5669.0,0.0,0.0,0.0,0.0,0.0,0.0
5670.0,0.0,0.0,0.0,0.0,0.0,0.0
5671.0,0.0,0.0,0.0,0.0,0.0,0.0
5672.0,0.0,0.0,0.0,0.0,0.0,0.0
5673.0,0.0,0.0,0.0,0.0,0.0,0.0
5674.0,0.0,0.0,0.0,0.0,0.0,0.0
5675.0,0.0,0.0,0.0,0.0,0.0,0.0
5676.0,0.0,0.0,0.0,0.0,0.0,0.0
5677.0,0.0,0.0,0.0,0.0,0.0,0.0
5678.0,0.0,0.0,0.0,0.0,0.0,0.0
5679.0,0.0,0.0,0.0,0.0,0.0,0.0
5680.0,0.0,0.0,0.0,0.0,0.0,0.0
5681.0,0.0,0.0,0.0,0.0,0.0,0.0
5682.0,0.0,0.0,0.0,0.0,0.0,0.0
5683.0,0.0,0.0,0.0,0.0,0.0,0.0
5684.0,0.0,0.0,0.0,0.0,0.0,0.0
5685.0,0.0,0.0,0.0,0.0,0.0,0.0
5686.0,0.0,0.0,0.0,0.0,0.0,0.0
5687.0,0.0,0.0,0.0,0.0,0.0,0.0
5688.0,0.0,0.0,0.0,0.0,0.0,0.0
5689.0,0.0,0.0,0.0,0.0,0.0,0.0
5690.0,0.0,0.0,0.0,0.0,0.0,0.0
5691.0,0.0,0.0,0.0,0.0,0.0,0.0
5692.0,0.0,0.0,0.0,0.0,0.0,0.0
5693.0,0.0,0.0,0.0,0.0,0.0,0.0
5694.0,0.0,0.0,0.0,0.0,0.0,0.0
5695.0,0.0,0.0,0.0,0.0,0.0,0.0
5696.0,0.0,0.0,0.0,0.0,0.0,0.0
5697.0,0.0,0.0,0.0,0.0,0.0,0.0
5698.0,0.0,0.0,0.0,0.0,0.0,0.0
5699.0,0.0,0.0,0.0,0.0,0.0,0.0
5700.0,0.0,0.0,0.0,0.0,0.0,0.0
5701.0,0.0,0.0,0.0,0.0,0.0,0.0
5702.0,0.0,0.0,0.0,0.0,0.0,0.0
5703.0,0.0,0.0,0.0,0.0,0.0,0.0
5704.0,0.0,0.0,0.0,0.0,0.0,0.0
5705.0,0.0,0.0,0.0,0.0,0.0,0.0
5706.0,0.0,0.0,0.0,0.0,0.0,0.0
5707.0,0.0,0.0,0.0,0.0,0.0,0.0
5708.0,0.0,0.0,0.0,0.0,0.0,0.0
5709.0,0.0,0.0,0.0,0.0,0.0,0.0
5710.0,0.0,0.0,0.0,0.0,0.0,0.0
5711.0,0.0,0.0,0.0,0.0,0.0,0.0
5712.0,0.0,0.0,0.0,0.0,0.0,0.0
5713.0,0.0,0.0,0.0,0.0,0.0,0.0
5714.0,0.0,0.0,0.0,0.0,0.0,0.0
5715.0,0.0,0.0,0.0,0.0,0.0,0.0
