timestamp_s,full_change,title_change,header_change,counter_change,hash_change,candidate_score
1.0,0.0,0.0,0.0,0.0,0.0,0.0
2.0,0.0,0.0,0.0,0.0,0.0,0.0
3.0,0.0,0.0,0.0,0.0,0.0,0.0
4.0,0.0,0.0,0.0,0.0,0.0,0.0
5.0,0.0,0.0,0.0,0.0,0.0,0.0
6.0,0.0,0.0,0.0,0.0,0.0,0.0
7.0,0.0,0.0,0.0,0.0,0.0,0.0
8.0,7.566776184830815e-05,9.308136213803664e-05,0.00038281624438241124,0.00016101538494694978,0.0,0.020126923118368722
9.0,3.404177917332163e-08,0.0,0.0,0.0,0.0,2.8368149311101356e-06
10.0,0.0,0.0,0.0,0.0,0.0,0.0
11.0,0.0,0.0,0.0,0.0,0.0,0.0
12.0,0.0,0.0,0.0,0.0,0.0,0.0
13.0,0.0,0.0,0.0,0.0,0.0,0.0
14.0,0.0,0.0,0.0,0.0,0.0,0.0
15.0,0.0,0.0,0.0,0.0,0.0,0.0
16.0,0.0,0.0,0.0,0.0,0.0,0.0
17.0,0.0,0.0,0.0,0.0,0.0,0.0
18.0,0.0,0.0,0.0,0.0,0.0,0.0
19.0,0.0,0.0,0.0,0.0,0.0,0.0
20.0,0.0,0.0,0.0,0.0,0.0,0.0
21.0,0.0,0.0,0.0,0.0,0.0,0.0
22.0,0.0,0.0,0.0,0.0,0.0,0.0
23.0,0.0,0.0,0.0,0.0,0.0,0.0
24.0,0.0,0.0,0.0,0.0,0.0,0.0
25.0,0.0,0.0,0.0,0.0,0.0,0.0
26.0,0.0,0.0,0.0,0.0,0.0,0.0
27.0,0.0,0.0,0.0,0.0,0.0,0.0
28.0,0.0,0.0,0.0,0.0,0.0,0.0
29.0,0.0,0.0,0.0,0.0,0.0,0.0
30.0,0.0,0.0,0.0,0.0,0.0,0.0
31.0,0.0,0.0,0.0,0.0,0.0,0.0
32.0,0.0,0.0,0.0,0.0,0.0,0.0
33.0,3.404177917332163e-08,0.0,0.0,0.0,0.0,2.8368149311101356e-06
34.0,3.404177917332163e-08,0.0,0.0,0.0,0.0,2.8368149311101356e-06
35.0,0.0,0.0,0.0,0.0,0.0,0.0
36.0,0.0,0.0,0.0,0.0,0.0,0.0
37.0,0.0,0.0,0.0,0.0,0.0,0.0
38.0,0.0,0.0,0.0,0.0,0.0,0.0
39.0,0.0,0.0,0.0,0.0,0.0,0.0
40.0,0.0,0.0,0.0,0.0,0.0,0.0
41.0,0.0,0.0,0.0,0.0,0.0,0.0
42.0,0.0,0.0,0.0,0.0,0.0,0.0
43.0,0.0,0.0,0.0,0.0,0.0,0.0
44.0,0.0,0.0,0.0,0.0,0.0,0.0
45.0,0.0,0.0,0.0,0.0,0.0,0.0
46.0,0.0,0.0,0.0,0.0,0.0,0.0
47.0,0.0,0.0,0.0,0.0,0.0,0.0
48.0,0.0,0.0,0.0,0.0,0.0,0.0
49.0,0.0,0.0,0.0,0.0,0.0,0.0
50.0,0.0,0.0,0.0,0.0,0.0,0.0
51.0,0.0,0.0,0.0,0.0,0.0,0.0
52.0,0.0,0.0,0.0,0.0,0.0,0.0
53.0,0.0,0.0,0.0,0.0,0.0,0.0
54.0,0.0,0.0,0.0,0.0,0.0,0.0
55.0,0.0,0.0,0.0,0.0,0.0,0.0
56.0,0.0,0.0,0.0,0.0,0.0,0.0
57.0,0.0,0.0,0.0,0.0,0.0,0.0
58.0,3.404177917332163e-08,0.0,0.0,0.0,0.0,2.8368149311101356e-06
59.0,3.404177917332163e-08,0.0,0.0,0.0,0.0,2.8368149311101356e-06
60.0,0.0,0.0,0.0,0.0,0.0,0.0
61.0,0.0,0.0,0.0,0.0,0.0,0.0
62.0,0.0,0.0,0.0,0.0,0.0,0.0
63.0,0.0,0.0,0.0,0.0,0.0,0.0
64.0,0.0,0.0,0.0,0.0,0.0,0.0
65.0,0.0,0.0,0.0,0.0,0.0,0.0
66.0,0.0,0.0,0.0,0.0,0.0,0.0
67.0,0.0,0.0,0.0,0.0,0.0,0.0
68.0,0.0,0.0,0.0,0.0,0.0,0.0
69.0,0.0,0.0,0.0,0.0,0.0,0.0
70.0,0.0,0.0,0.0,0.0,0.0,0.0
71.0,0.0,0.0,0.0,0.0,0.0,0.0
72.0,0.0,0.0,0.0,0.0,0.0,0.0
73.0,0.0,0.0,0.0,0.0,0.0,0.0
74.0,0.0,0.0,0.0,0.0,0.0,0.0
75.0,0.0,0.0,0.0,0.0,0.0,0.0
76.0,0.0,0.0,0.0,0.0,0.0,0.0
77.0,0.0,0.0,0.0,0.0,0.0,0.0
78.0,0.0,0.0,0.0,0.0,0.0,0.0
79.0,0.0,0.0,0.0,0.0,0.0,0.0
80.0,0.0,0.0,0.0,0.0,0.0,0.0
81.0,0.0,0.0,0.0,0.0,0.0,0.0
82.0,0.0,0.0,0.0,0.0,0.0,0.0
83.0,3.404177917332163e-08,0.0,0.0,0.0,0.0,2.8368149311101356e-06
84.0,3.404177917332163e-08,0.0,0.0,0.0,0.0,2.8368149311101356e-06
85.0,0.0,0.0,0.0,0.0,0.0,0.0
86.0,0.0,0.0,0.0,0.0,0.0,0.0
87.0,0.0,0.0,0.0,0.0,0.0,0.0
88.0,0.0,0.0,0.0,0.0,0.0,0.0
89.0,0.0,0.0,0.0,0.0,0.0,0.0
90.0,0.0,0.0,0.0,0.0,0.0,0.0
91.0,0.0,0.0,0.0,0.0,0.0,0.0
92.0,0.0,0.0,0.0,0.0,0.0,0.0
93.0,0.0,0.0,0.0,0.0,0.0,0.0
94.0,0.0,0.0,0.0,0.0,0.0,0.0
95.0,0.0,0.0,0.0,0.0,0.0,0.0
96.0,0.0,0.0,0.0,0.0,0.0,0.0
97.0,0.0,0.0,0.0,0.0,0.0,0.0
98.0,0.0,0.0,0.0,0.0,0.0,0.0
99.0,0.024231474846601486,0.00709672411903739,0.0037224472034722567,0.0004867681418545544,0.2638888888888889,2.0192895705501237
100.0,0.0,0.0,0.0,0.0,0.0,0.0
101.0,0.0,0.0,0.0,0.0,0.0,0.0
102.0,0.0,0.0,0.0,0.0,0.0,0.0
103.0,0.0,0.0,0.0,0.0,0.0,0.0
104.0,0.0,0.0,0.0,0.0,0.0,0.0
105.0,0.0,0.0,0.0,0.0,0.0,0.0
106.0,0.0,0.0,0.0,0.0,0.0,0.0
107.0,0.0,0.0,0.0,0.0,0.0,0.0
108.0,0.0,0.0,0.0,0.0,0.0,0.0
109.0,0.0,0.0,0.0,0.0,0.0,0.0
110.0,0.0,0.0,0.0,0.0,0.0,0.0
111.0,0.0,0.0,0.0,0.0,0.0,0.0
112.0,0.0,0.0,0.0,0.0,0.0,0.0
113.0,0.0,0.0,0.0,0.0,0.0,0.0
114.0,0.0,0.0,0.0,0.0,0.0,0.0
115.0,2.382894876973296e-07,0.0,0.0,0.0,0.0,1.98574573081108e-05
116.0,2.382894876973296e-07,0.0,0.0,0.0,0.0,1.98574573081108e-05
117.0,0.0,0.0,0.0,0.0,0.0,0.0
118.0,0.0,0.0,0.0,0.0,0.0,0.0
119.0,0.0,0.0,0.0,0.0,0.0,0.0
120.0,0.0,0.0,0.0,0.0,0.0,0.0
121.0,0.0,0.0,0.0,0.0,0.0,0.0
122.0,0.0,0.0,0.0,0.0,0.0,0.0
123.0,0.0,0.0,0.0,0.0,0.0,0.0
124.0,0.0,0.0,0.0,0.0,0.0,0.0
125.0,0.0,0.0,0.0,0.0,0.0,0.0
126.0,0.0,0.0,0.0,0.0,0.0,0.0
127.0,0.0,0.0,0.0,0.0,0.0,0.0
128.0,0.0,0.0,0.0,0.0,0.0,0.0
129.0,0.0,0.0,0.0,0.0,0.0,0.0
130.0,0.0,0.0,0.0,0.0,0.0,0.0
131.0,0.0,0.0,0.0,0.0,0.0,0.0
132.0,0.0,0.0,0.0,0.0,0.0,0.0
133.0,0.0,0.0,0.0,0.0,0.0,0.0
134.0,0.0,0.0,0.0,0.0,0.0,0.0
135.0,0.0,0.0,0.0,0.0,0.0,0.0
136.0,0.0,0.0,0.0,0.0,0.0,0.0
137.0,0.0,0.0,0.0,0.0,0.0,0.0
138.0,0.0,0.0,0.0,0.0,0.0,0.0
139.0,0.0,0.0,0.0,0.0,0.0,0.0
140.0,2.382894876973296e-07,0.0,0.0,0.0,0.0,1.98574573081108e-05
141.0,2.382894876973296e-07,0.0,0.0,0.0,0.0,1.98574573081108e-05
142.0,0.0,0.0,0.0,0.0,0.0,0.0
143.0,0.0,0.0,0.0,0.0,0.0,0.0
144.0,0.0,0.0,0.0,0.0,0.0,0.0
145.0,0.0,0.0,0.0,0.0,0.0,0.0
146.0,0.0,0.0,0.0,0.0,0.0,0.0
147.0,0.0,0.0,0.0,0.0,0.0,0.0
148.0,0.0,0.0,0.0,0.0,0.0,0.0
149.0,0.0,0.0,0.0,0.0,0.0,0.0
150.0,0.0,0.0,0.0,0.0,0.0,0.0
151.0,0.0,0.0,0.0,0.0,0.0,0.0
152.0,0.0,0.0,0.0,0.0,0.0,0.0
153.0,0.0,0.0,0.0,0.0,0.0,0.0
154.0,0.0,0.0,0.0,0.0,0.0,0.0
155.0,0.0,0.0,0.0,0.0,0.0,0.0
156.0,0.0,0.0,0.0,0.0,0.0,0.0
157.0,0.0,0.0,0.0,0.0,0.0,0.0
158.0,0.0,0.0,0.0,0.0,0.0,0.0
159.0,0.0,0.0,0.0,0.0,0.0,0.0
160.0,0.0,0.0,0.0,0.0,0.0,0.0
161.0,0.0,0.0,0.0,0.0,0.0,0.0
162.0,0.0,0.0,0.0,0.0,0.0,0.0
163.0,0.0,0.0,0.0,0.0,0.0,0.0
164.0,0.0,0.0,0.0,0.0,0.0,0.0
165.0,2.382894876973296e-07,0.0,0.0,0.0,0.0,1.98574573081108e-05
166.0,2.382894876973296e-07,0.0,0.0,0.0,0.0,1.98574573081108e-05
167.0,0.0,0.0,0.0,0.0,0.0,0.0
168.0,0.0,0.0,0.0,0.0,0.0,0.0
169.0,0.0,0.0,0.0,0.0,0.0,0.0
170.0,0.0,0.0,0.0,0.0,0.0,0.0
171.0,0.0,0.0,0.0,0.0,0.0,0.0
172.0,0.0,0.0,0.0,0.0,0.0,0.0
173.0,0.0,0.0,0.0,0.0,0.0,0.0
174.0,0.0,0.0,0.0,0.0,0.0,0.0
175.0,0.0,0.0,0.0,0.0,0.0,0.0
176.0,0.0,0.0,0.0,0.0,0.0,0.0
177.0,0.0,0.0,0.0,0.0,0.0,0.0
178.0,0.0,0.0,0.0,0.0,0.0,0.0
179.0,0.0,0.0,0.0,0.0,0.0,0.0
180.0,0.0,0.0,0.0,0.0,0.0,0.0
181.0,0.0,0.0,0.0,0.0,0.0,0.0
182.0,0.0,0.0,0.0,0.0,0.0,0.0
183.0,0.0,0.0,0.0,0.0,0.0,0.0
184.0,0.0,0.0,0.0,0.0,0.0,0.0
185.0,0.0,0.0,0.0,0.0,0.0,0.0
186.0,0.0,0.0,0.0,0.0,0.0,0.0
187.0,0.0,0.0,0.0,0.0,0.0,0.0
188.0,0.0,0.0,0.0,0.0,0.0,0.0
189.0,0.0,0.0,0.0,0.0,0.0,0.0
190.0,2.382894876973296e-07,0.0,0.0,0.0,0.0,1.98574573081108e-05
191.0,2.382894876973296e-07,0.0,0.0,0.0,0.0,1.98574573081108e-05
192.0,0.0,0.0,0.0,0.0,0.0,0.0
193.0,0.0,0.0,0.0,0.0,0.0,0.0
194.0,0.0,0.0,0.0,0.0,0.0,0.0
195.0,0.0,0.0,0.0,0.0,0.0,0.0
196.0,0.0,0.0,0.0,0.0,0.0,0.0
197.0,0.0,0.0,0.0,0.0,0.0,0.0
198.0,0.0,0.0,0.0,0.0,0.0,0.0
199.0,0.0,0.0,0.0,0.0,0.0,0.0
200.0,0.0,0.0,0.0,0.0,0.0,0.0
201.0,0.0,0.0,0.0,0.0,0.0,0.0
202.0,0.0,0.0,0.0,0.0,0.0,0.0
203.0,0.0,0.0,0.0,0.0,0.0,0.0
204.0,0.0,0.0,0.0,0.0,0.0,0.0
205.0,0.0,0.0,0.0,0.0,0.0,0.0
206.0,0.0,0.0,0.0,0.0,0.0,0.0
207.0,0.0,0.0,0.0,0.0,0.0,0.0
208.0,0.0,0.0,0.0,0.0,0.0,0.0
209.0,0.0,0.0,0.0,0.0,0.0,0.0
210.0,0.0,0.0,0.0,0.0,0.0,0.0
211.0,0.0,0.0,0.0,0.0,0.0,0.0
212.0,0.0,0.0,0.0,0.0,0.0,0.0
213.0,0.0,0.0,0.0,0.0,0.0,0.0
214.0,0.0,0.0,0.0,0.0,0.0,0.0
215.0,2.382894876973296e-07,0.0,0.0,0.0,0.0,1.98574573081108e-05
216.0,2.382894876973296e-07,0.0,0.0,0.0,0.0,1.98574573081108e-05
217.0,0.0,0.0,0.0,0.0,0.0,0.0
218.0,0.0,0.0,0.0,0.0,0.0,0.0
219.0,0.0,0.0,0.0,0.0,0.0,0.0
220.0,0.0,0.0,0.0,0.0,0.0,0.0
221.0,0.0,0.0,0.0,0.0,0.0,0.0
222.0,0.0,0.0,0.0,0.0,0.0,0.0
223.0,0.0,0.0,0.0,0.0,0.0,0.0
224.0,0.0,0.0,0.0,0.0,0.0,0.0
225.0,0.0,0.0,0.0,0.0,0.0,0.0
226.0,0.0,0.0,0.0,0.0,0.0,0.0
227.0,0.0,0.0,0.0,0.0,0.0,0.0
228.0,0.0,0.0,0.0,0.0,0.0,0.0
229.0,0.0,0.0,0.0,0.0,0.0,0.0
230.0,0.0,0.0,0.0,0.0,0.0,0.0
231.0,0.0,0.0,0.0,0.0,0.0,0.0
232.0,0.0,0.0,0.0,0.0,0.0,0.0
233.0,0.0,0.0,0.0,0.0,0.0,0.0
234.0,0.0,0.0,0.0,0.0,0.0,0.0
235.0,0.0,0.0,0.0,0.0,0.0,0.0
236.0,0.0,0.0,0.0,0.0,0.0,0.0
237.0,0.0,0.0,0.0,0.0,0.0,0.0
238.0,0.0,0.0,0.0,0.0,0.0,0.0
239.0,0.0,0.0,0.0,0.0,0.0,0.0
240.0,2.382894876973296e-07,0.0,0.0,0.0,0.0,1.98574573081108e-05
241.0,2.382894876973296e-07,0.0,0.0,0.0,0.0,1.98574573081108e-05
242.0,0.0,0.0,0.0,0.0,0.0,0.0
243.0,0.0,0.0,0.0,0.0,0.0,0.0
244.0,0.0,0.0,0.0,0.0,0.0,0.0
245.0,0.0,0.0,0.0,0.0,0.0,0.0
246.0,0.0,0.0,0.0,0.0,0.0,0.0
247.0,0.0,0.0,0.0,0.0,0.0,0.0
248.0,0.0,0.0,0.0,0.0,0.0,0.0
249.0,0.0,0.0,0.0,0.0,0.0,0.0
250.0,0.0,0.0,0.0,0.0,0.0,0.0
251.0,0.0,0.0,0.0,0.0,0.0,0.0
252.0,0.0,0.0,0.0,0.0,0.0,0.0
253.0,0.03944339230656624,0.012573502026498318,0.0,0.0002706105005927384,0.1875,3.28694935888052
254.0,0.0,0.0,0.0,0.0,0.0,0.0
255.0,0.0,0.0,0.0,0.0,0.0,0.0
256.0,0.0,0.0,0.0,0.0,0.0,0.0
257.0,0.0,0.0,0.0,0.0,0.0,0.0
258.0,0.0,0.0,0.0,0.0,0.0,0.0
259.0,0.0,0.0,0.0,0.0,0.0,0.0
260.0,0.0,0.0,0.0,0.0,0.0,0.0
261.0,3.695821078508743e-06,9.403254921380721e-07,5.5772475207049865e-06,0.0,0.0,0.0003079850898757286
262.0,3.695821078508743e-06,9.403254921380721e-07,5.5772475207049865e-06,0.0,0.0,0.0003079850898757286
263.0,0.0,0.0,0.0,0.0,0.0,0.0
264.0,0.0,0.0,0.0,0.0,0.0,0.0
265.0,0.0,0.0,0.0,0.0,0.0,0.0
266.0,0.0,0.0,0.0,0.0,0.0,0.0
267.0,0.0,0.0,0.0,0.0,0.0,0.0
268.0,0.0,0.0,0.0,0.0,0.0,0.0
269.0,0.0,0.0,0.0,0.0,0.0,0.0
270.0,0.0,0.0,0.0,0.0,0.0,0.0
271.0,0.0,0.0,0.0,0.0,0.0,0.0
272.0,0.0,0.0,0.0,0.0,0.0,0.0
273.0,0.0,0.0,0.0,0.0,0.0,0.0
274.0,0.0,0.0,0.0,0.0,0.0,0.0
275.0,0.0,0.0,0.0,0.0,0.0,0.0
276.0,0.0,0.0,0.0,0.0,0.0,0.0
277.0,0.0,0.0,0.0,0.0,0.0,0.0
278.0,0.0,0.0,0.0,0.0,0.0,0.0
279.0,0.0,0.0,0.0,0.0,0.0,0.0
280.0,0.0,0.0,0.0,0.0,0.0,0.0
281.0,0.0,0.0,0.0,0.0,0.0,0.0
282.0,0.0,0.0,0.0,0.0,0.0,0.0
283.0,0.0,0.0,0.0,0.0,0.0,0.0
284.0,0.0,0.0,0.0,0.0,0.0,0.0
285.0,0.0,0.0,0.0,0.0,0.0,0.0
286.0,3.695821078508743e-06,9.403254921380721e-07,5.5772475207049865e-06,0.0,0.0,0.0003079850898757286
287.0,3.695821078508743e-06,9.403254921380721e-07,5.5772475207049865e-06,0.0,0.0,0.0003079850898757286
288.0,0.0,0.0,0.0,0.0,0.0,0.0
289.0,0.0,0.0,0.0,0.0,0.0,0.0
290.0,0.0,0.0,0.0,0.0,0.0,0.0
291.0,0.0,0.0,0.0,0.0,0.0,0.0
292.0,0.0,0.0,0.0,0.0,0.0,0.0
293.0,0.0,0.0,0.0,0.0,0.0,0.0
294.0,0.0,0.0,0.0,0.0,0.0,0.0
295.0,0.0,0.0,0.0,0.0,0.0,0.0
296.0,0.0,0.0,0.0,0.0,0.0,0.0
297.0,0.0,0.0,0.0,0.0,0.0,0.0
298.0,0.0,0.0,0.0,0.0,0.0,0.0
299.0,0.0,0.0,0.0,0.0,0.0,0.0
300.0,0.0,0.0,0.0,0.0,0.0,0.0
301.0,0.0,0.0,0.0,0.0,0.0,0.0
302.0,0.0,0.0,0.0,0.0,0.0,0.0
303.0,0.0,0.0,0.0,0.0,0.0,0.0
304.0,0.0,0.0,0.0,0.0,0.0,0.0
305.0,0.0,0.0,0.0,0.0,0.0,0.0
306.0,0.0,0.0,0.0,0.0,0.0,0.0
307.0,0.0,0.0,0.0,0.0,0.0,0.0
308.0,0.0,0.0,0.0,0.0,0.0,0.0
309.0,0.0,0.0,0.0,0.0,0.0,0.0
310.0,0.0,0.0,0.0,0.0,0.0,0.0
311.0,3.695821078508743e-06,9.403254921380721e-07,5.5772475207049865e-06,0.0,0.0,0.0003079850898757286
312.0,3.695821078508743e-06,9.403254921380721e-07,5.5772475207049865e-06,0.0,0.0,0.0003079850898757286
313.0,0.0,0.0,0.0,0.0,0.0,0.0
314.0,0.0,0.0,0.0,0.0,0.0,0.0
315.0,0.0,0.0,0.0,0.0,0.0,0.0
316.0,0.0,0.0,0.0,0.0,0.0,0.0
317.0,0.0,0.0,0.0,0.0,0.0,0.0
318.0,0.0,0.0,0.0,0.0,0.0,0.0
319.0,0.0,0.0,0.0,0.0,0.0,0.0
320.0,0.0,0.0,0.0,0.0,0.0,0.0
321.0,0.0,0.0,0.0,0.0,0.0,0.0
322.0,0.0,0.0,0.0,0.0,0.0,0.0
323.0,0.0,0.0,0.0,0.0,0.0,0.0
324.0,0.0,0.0,0.0,0.0,0.0,0.0
325.0,0.0,0.0,0.0,0.0,0.0,0.0
326.0,0.0,0.0,0.0,0.0,0.0,0.0
327.0,0.0,0.0,0.0,0.0,0.0,0.0
328.0,0.0,0.0,0.0,0.0,0.0,0.0
329.0,0.0,0.0,0.0,0.0,0.0,0.0
330.0,0.0,0.0,0.0,0.0,0.0,0.0
331.0,0.0,0.0,0.0,0.0,0.0,0.0
332.0,0.0,0.0,0.0,0.0,0.0,0.0
333.0,0.0,0.0,0.0,0.0,0.0,0.0
334.0,0.0,0.0,0.0,0.0,0.0,0.0
335.0,0.0,0.0,0.0,0.0,0.0,0.0
336.0,3.695821078508743e-06,9.403254921380721e-07,5.5772475207049865e-06,0.0,0.0,0.0003079850898757286
337.0,3.695821078508743e-06,9.403254921380721e-07,5.5772475207049865e-06,0.0,0.0,0.0003079850898757286
338.0,0.0,0.0,0.0,0.0,0.0,0.0
339.0,0.0,0.0,0.0,0.0,0.0,0.0
340.0,0.0,0.0,0.0,0.0,0.0,0.0
341.0,0.0,0.0,0.0,0.0,0.0,0.0
342.0,0.0,0.0,0.0,0.0,0.0,0.0
343.0,0.0,0.0,0.0,0.0,0.0,0.0
344.0,0.0,0.0,0.0,0.0,0.0,0.0
345.0,0.0,0.0,0.0,0.0,0.0,0.0
346.0,0.0,0.0,0.0,0.0,0.0,0.0
347.0,0.0,0.0,0.0,0.0,0.0,0.0
348.0,0.0,0.0,0.0,0.0,0.0,0.0
349.0,0.0,0.0,0.0,0.0,0.0,0.0
350.0,0.0,0.0,0.0,0.0,0.0,0.0
351.0,0.0,0.0,0.0,0.0,0.0,0.0
352.0,0.0,0.0,0.0,0.0,0.0,0.0
353.0,0.0,0.0,0.0,0.0,0.0,0.0
354.0,0.0,0.0,0.0,0.0,0.0,0.0
355.0,0.0,0.0,0.0,0.0,0.0,0.0
356.0,0.0,0.0,0.0,0.0,0.0,0.0
357.0,0.0,0.0,0.0,0.0,0.0,0.0
358.0,0.0,0.0,0.0,0.0,0.0,0.0
359.0,0.0,0.0,0.0,0.0,0.0,0.0
360.0,0.0,0.0,0.0,0.0,0.0,0.0
361.0,3.695821078508743e-06,9.403254921380721e-07,5.5772475207049865e-06,0.0,0.0,0.0003079850898757286
362.0,3.695821078508743e-06,9.403254921380721e-07,5.5772475207049865e-06,0.0,0.0,0.0003079850898757286
363.0,0.0,0.0,0.0,0.0,0.0,0.0
364.0,0.0,0.0,0.0,0.0,0.0,0.0
365.0,0.0,0.0,0.0,0.0,0.0,0.0
366.0,0.0,0.0,0.0,0.0,0.0,0.0
367.0,0.0,0.0,0.0,0.0,0.0,0.0
368.0,0.0,0.0,0.0,0.0,0.0,0.0
369.0,0.0,0.0,0.0,0.0,0.0,0.0
370.0,0.0,0.0,0.0,0.0,0.0,0.0
371.0,0.0,0.0,0.0,0.0,0.0,0.0
372.0,0.0,0.0,0.0,0.0,0.0,0.0
373.0,0.0,0.0,0.0,0.0,0.0,0.0
374.0,0.0,0.0,0.0,0.0,0.0,0.0
375.0,0.0,0.0,0.0,0.0,0.0,0.0
376.0,0.0,0.0,0.0,0.0,0.0,0.0
377.0,0.0,0.0,0.0,0.0,0.0,0.0
378.0,0.0,0.0,0.0,0.0,0.0,0.0
379.0,0.0,0.0,0.0,0.0,0.0,0.0
380.0,0.0,0.0,0.0,0.0,0.0,0.0
381.0,0.0,0.0,0.0,0.0,0.0,0.0
382.0,0.0,0.0,0.0,0.0,0.0,0.0
383.0,0.0,0.0,0.0,0.0,0.0,0.0
384.0,0.0,0.0,0.0,0.0,0.0,0.0
385.0,0.0,0.0,0.0,0.0,0.0,0.0
386.0,3.695821078508743e-06,9.403254921380721e-07,5.5772475207049865e-06,0.0,0.0,0.0003079850898757286
387.0,3.695821078508743e-06,9.403254921380721e-07,5.5772475207049865e-06,0.0,0.0,0.0003079850898757286
388.0,0.0,0.0,0.0,0.0,0.0,0.0
389.0,0.0,0.0,0.0,0.0,0.0,0.0
390.0,0.0,0.0,0.0,0.0,0.0,0.0
391.0,0.0,0.0,0.0,0.0,0.0,0.0
392.0,0.0,0.0,0.0,0.0,0.0,0.0
393.0,0.0,0.0,0.0,0.0,0.0,0.0
394.0,0.0,0.0,0.0,0.0,0.0,0.0
395.0,0.0,0.0,0.0,0.0,0.0,0.0
396.0,0.0,0.0,0.0,0.0,0.0,0.0
397.0,0.0,0.0,0.0,0.0,0.0,0.0
398.0,0.0,0.0,0.0,0.0,0.0,0.0
399.0,0.0,0.0,0.0,0.0,0.0,0.0
400.0,0.0,0.0,0.0,0.0,0.0,0.0
401.0,0.0,0.0,0.0,0.0,0.0,0.0
402.0,0.0,0.0,0.0,0.0,0.0,0.0
403.0,0.0,0.0,0.0,0.0,0.0,0.0
404.0,0.0,0.0,0.0,0.0,0.0,0.0
405.0,0.0,0.0,0.0,0.0,0.0,0.0
406.0,0.0,0.0,0.0,0.0,0.0,0.0
407.0,0.0,0.0,0.0,0.0,0.0,0.0
408.0,0.0,0.0,0.0,0.0,0.0,0.0
409.0,0.0,0.0,0.0,0.0,0.0,0.0
410.0,0.0,0.0,0.0,0.0,0.0,0.0
411.0,3.695821078508743e-06,9.403254921380721e-07,5.5772475207049865e-06,0.0,0.0,0.0003079850898757286
412.0,3.695821078508743e-06,9.403254921380721e-07,5.5772475207049865e-06,0.0,0.0,0.0003079850898757286
413.0,0.0,0.0,0.0,0.0,0.0,0.0
414.0,0.0,0.0,0.0,0.0,0.0,0.0
415.0,0.0,0.0,0.0,0.0,0.0,0.0
416.0,0.04528522118926048,0.01263455767184496,0.0,0.0003907283826265484,0.24131944444444445,3.7737684324383736
417.0,0.0,0.0,0.0,0.0,0.0,0.0
418.0,0.0,0.0,0.0,0.0,0.0,0.0
419.0,0.0,0.0,0.0,0.0,0.0,0.0
420.0,0.0,0.0,0.0,0.0,0.0,0.0
421.0,0.0,0.0,0.0,0.0,0.0,0.0
422.0,0.0,0.0,0.0,0.0,0.0,0.0
423.0,0.0,0.0,0.0,0.0,0.0,0.0
424.0,0.0,0.0,0.0,0.0,0.0,0.0
425.0,0.0,0.0,0.0,0.0,0.0,0.0
426.0,0.0,0.0,0.0,0.0,0.0,0.0
427.0,0.0,0.0,0.0,0.0,0.0,0.0
428.0,0.0,0.0,0.0,0.0,0.0,0.0
429.0,0.0,0.0,0.0,0.0,0.0,0.0
430.0,0.0,0.0,0.0,0.0,0.0,0.0
431.0,0.0,0.0,0.0,0.0,0.0,0.0
432.0,1.677430009294767e-05,3.469999228400411e-06,1.9348221030668356e-05,0.0,0.0,0.0013978583410789724
433.0,1.677430009294767e-05,3.469999228400411e-06,1.9348221030668356e-05,0.0,0.0,0.0013978583410789724
434.0,0.0,0.0,0.0,0.0,0.0,0.0
435.0,0.0,0.0,0.0,0.0,0.0,0.0
436.0,0.0,0.0,0.0,0.0,0.0,0.0
437.0,0.0,0.0,0.0,0.0,0.0,0.0
438.0,0.0,0.0,0.0,0.0,0.0,0.0
439.0,0.0,0.0,0.0,0.0,0.0,0.0
440.0,0.0,0.0,0.0,0.0,0.0,0.0
441.0,0.0,0.0,0.0,0.0,0.0,0.0
442.0,0.0,0.0,0.0,0.0,0.0,0.0
443.0,0.0,0.0,0.0,0.0,0.0,0.0
444.0,0.0,0.0,0.0,0.0,0.0,0.0
445.0,0.0,0.0,0.0,0.0,0.0,0.0
446.0,0.0,0.0,0.0,0.0,0.0,0.0
447.0,0.0,0.0,0.0,0.0,0.0,0.0
448.0,0.0,0.0,0.0,0.0,0.0,0.0
449.0,0.0,0.0,0.0,0.0,0.0,0.0
450.0,0.0,0.0,0.0,0.0,0.0,0.0
451.0,0.0,0.0,0.0,0.0,0.0,0.0
452.0,0.0,0.0,0.0,0.0,0.0,0.0
453.0,0.0,0.0,0.0,0.0,0.0,0.0
454.0,0.0,0.0,0.0,0.0,0.0,0.0
455.0,0.0,0.0,0.0,0.0,0.0,0.0
456.0,0.0,0.0,0.0,0.0,0.0,0.0
457.0,1.677430009294767e-05,3.469999228400411e-06,1.9348221030668356e-05,0.0,0.0,0.0013978583410789724
458.0,1.677430009294767e-05,3.469999228400411e-06,1.9348221030668356e-05,0.0,0.0,0.0013978583410789724
459.0,0.0,0.0,0.0,0.0,0.0,0.0
460.0,0.0,0.0,0.0,0.0,0.0,0.0
461.0,0.0,0.0,0.0,0.0,0.0,0.0
462.0,0.0,0.0,0.0,0.0,0.0,0.0
463.0,0.0,0.0,0.0,0.0,0.0,0.0
464.0,0.0,0.0,0.0,0.0,0.0,0.0
465.0,0.0,0.0,0.0,0.0,0.0,0.0
466.0,0.0,0.0,0.0,0.0,0.0,0.0
467.0,0.0,0.0,0.0,0.0,0.0,0.0
468.0,0.0,0.0,0.0,0.0,0.0,0.0
469.0,0.0,0.0,0.0,0.0,0.0,0.0
470.0,0.0,0.0,0.0,0.0,0.0,0.0
471.0,0.0,0.0,0.0,0.0,0.0,0.0
472.0,0.0,0.0,0.0,0.0,0.0,0.0
473.0,0.0,0.0,0.0,0.0,0.0,0.0
474.0,0.0,0.0,0.0,0.0,0.0,0.0
475.0,0.0,0.0,0.0,0.0,0.0,0.0
476.0,0.0,0.0,0.0,0.0,0.0,0.0
477.0,0.0,0.0,0.0,0.0,0.0,0.0
478.0,0.0,0.0,0.0,0.0,0.0,0.0
479.0,0.0,0.0,0.0,0.0,0.0,0.0
480.0,0.0,0.0,0.0,0.0,0.0,0.0
481.0,0.0,0.0,0.0,0.0,0.0,0.0
482.0,1.677430009294767e-05,3.469999228400411e-06,1.9348221030668356e-05,0.0,0.0,0.0013978583410789724
483.0,1.677430009294767e-05,3.469999228400411e-06,1.9348221030668356e-05,0.0,0.0,0.0013978583410789724
484.0,0.0,0.0,0.0,0.0,0.0,0.0
485.0,0.0,0.0,0.0,0.0,0.0,0.0
486.0,0.0,0.0,0.0,0.0,0.0,0.0
487.0,0.0,0.0,0.0,0.0,0.0,0.0
488.0,0.0,0.0,0.0,0.0,0.0,0.0
489.0,0.0,0.0,0.0,0.0,0.0,0.0
490.0,0.0,0.0,0.0,0.0,0.0,0.0
491.0,0.0,0.0,0.0,0.0,0.0,0.0
492.0,0.0,0.0,0.0,0.0,0.0,0.0
493.0,0.0,0.0,0.0,0.0,0.0,0.0
494.0,0.0,0.0,0.0,0.0,0.0,0.0
495.0,0.0,0.0,0.0,0.0,0.0,0.0
496.0,0.0,0.0,0.0,0.0,0.0,0.0
497.0,0.0,0.0,0.0,0.0,0.0,0.0
498.0,0.0,0.0,0.0,0.0,0.0,0.0
499.0,0.0,0.0,0.0,0.0,0.0,0.0
500.0,0.0,0.0,0.0,0.0,0.0,0.0
501.0,0.0,0.0,0.0,0.0,0.0,0.0
502.0,0.0,0.0,0.0,0.0,0.0,0.0
503.0,0.0,0.0,0.0,0.0,0.0,0.0
504.0,0.0,0.0,0.0,0.0,0.0,0.0
505.0,0.0,0.0,0.0,0.0,0.0,0.0
506.0,0.0,0.0,0.0,0.0,0.0,0.0
507.0,1.677430009294767e-05,3.469999228400411e-06,1.9348221030668356e-05,0.0,0.0,0.0013978583410789724
508.0,1.677430009294767e-05,3.469999228400411e-06,1.9348221030668356e-05,0.0,0.0,0.0013978583410789724
509.0,0.0,0.0,0.0,0.0,0.0,0.0
510.0,0.0,0.0,0.0,0.0,0.0,0.0
511.0,0.0,0.0,0.0,0.0,0.0,0.0
512.0,0.0,0.0,0.0,0.0,0.0,0.0
513.0,0.0,0.0,0.0,0.0,0.0,0.0
514.0,0.0,0.0,0.0,0.0,0.0,0.0
515.0,0.0,0.0,0.0,0.0,0.0,0.0
516.0,0.0,0.0,0.0,0.0,0.0,0.0
517.0,0.0,0.0,0.0,0.0,0.0,0.0
518.0,0.0,0.0,0.0,0.0,0.0,0.0
519.0,0.0,0.0,0.0,0.0,0.0,0.0
520.0,0.0,0.0,0.0,0.0,0.0,0.0
521.0,0.0,0.0,0.0,0.0,0.0,0.0
522.0,0.0,0.0,0.0,0.0,0.0,0.0
523.0,0.0,0.0,0.0,0.0,0.0,0.0
524.0,0.0,0.0,0.0,0.0,0.0,0.0
525.0,0.0,0.0,0.0,0.0,0.0,0.0
526.0,0.0,0.0,0.0,0.0,0.0,0.0
527.0,0.0,0.0,0.0,0.0,0.0,0.0
528.0,0.0,0.0,0.0,0.0,0.0,0.0
529.0,0.0,0.0,0.0,0.0,0.0,0.0
530.0,0.0,0.0,0.0,0.0,0.0,0.0
531.0,0.0,0.0,0.0,0.0,0.0,0.0
532.0,1.677430009294767e-05,3.469999228400411e-06,1.9348221030668356e-05,0.0,0.0,0.0013978583410789724
533.0,1.677430009294767e-05,3.469999228400411e-06,1.9348221030668356e-05,0.0,0.0,0.0013978583410789724
534.0,0.0,0.0,0.0,0.0,0.0,0.0
535.0,0.0,0.0,0.0,0.0,0.0,0.0
536.0,0.0,0.0,0.0,0.0,0.0,0.0
537.0,0.0,0.0,0.0,0.0,0.0,0.0
538.0,0.0,0.0,0.0,0.0,0.0,0.0
539.0,0.0,0.0,0.0,0.0,0.0,0.0
540.0,0.0,0.0,0.0,0.0,0.0,0.0
541.0,0.0,0.0,0.0,0.0,0.0,0.0
542.0,0.0,0.0,0.0,0.0,0.0,0.0
543.0,0.0,0.0,0.0,0.0,0.0,0.0
544.0,0.0,0.0,0.0,0.0,0.0,0.0
545.0,0.0,0.0,0.0,0.0,0.0,0.0
546.0,0.0,0.0,0.0,0.0,0.0,0.0
547.0,3.3983468483711476e-07,9.867803782981355e-07,0.0,0.0,0.0,2.831955706975956e-05
548.0,0.040671877562999725,0.013704503886401653,0.0,0.00040901079773902893,0.2204861111111111,3.389323130249977
549.0,0.0,0.0,0.0,0.0,0.0,0.0
550.0,0.0,0.0,0.0,0.0,0.0,0.0
551.0,0.0,0.0,0.0,0.0,0.0,0.0
552.0,0.0,0.0,0.0,0.0,0.0,0.0
553.0,0.0,0.0,0.0,0.0,0.0,0.0
554.0,0.0,0.0,0.0,0.0,0.0,0.0
555.0,0.0,0.0,0.0,0.0,0.0,0.0
556.0,0.0,0.0,0.0,0.0,0.0,0.0
557.0,0.0,0.0,0.0,0.0,0.0,0.0
558.0,0.0,0.0,0.0,0.0,0.0,0.0
559.0,0.0,0.0,0.0,0.0,0.0,0.0
560.0,0.0,0.0,0.0,0.0,0.0,0.0
561.0,0.0,0.0,0.0,0.0,0.0,0.0
562.0,0.0,0.0,0.0,0.0,0.0,0.0
563.0,0.0,0.0,0.0,0.0,0.0,0.0
564.0,3.7502536542888265e-06,3.526347654769779e-06,5.5772475207049865e-06,0.0,0.0,0.0003125211378574022
565.0,3.7502536542888265e-06,3.526347654769779e-06,5.5772475207049865e-06,0.0,0.0,0.0003125211378574022
566.0,0.0,0.0,0.0,0.0,0.0,0.0
567.0,0.0,0.0,0.0,0.0,0.0,0.0
568.0,0.0,0.0,0.0,0.0,0.0,0.0
569.0,0.0,0.0,0.0,0.0,0.0,0.0
570.0,0.0,0.0,0.0,0.0,0.0,0.0
571.0,0.0,0.0,0.0,0.0,0.0,0.0
572.0,0.0,0.0,0.0,0.0,0.0,0.0
573.0,0.0,0.0,0.0,0.0,0.0,0.0
574.0,0.0,0.0,0.0,0.0,0.0,0.0
575.0,0.0,0.0,0.0,0.0,0.0,0.0
576.0,0.0,0.0,0.0,0.0,0.0,0.0
577.0,0.0,0.0,0.0,0.0,0.0,0.0
578.0,0.0,0.0,0.0,0.0,0.0,0.0
579.0,0.0,0.0,0.0,0.0,0.0,0.0
580.0,0.0,0.0,0.0,0.0,0.0,0.0
581.0,0.0,0.0,0.0,0.0,0.0,0.0
582.0,0.0,0.0,0.0,0.0,0.0,0.0
583.0,0.0,0.0,0.0,0.0,0.0,0.0
584.0,0.0,0.0,0.0,0.0,0.0,0.0
585.0,0.0,0.0,0.0,0.0,0.0,0.0
586.0,0.0,0.0,0.0,0.0,0.0,0.0
587.0,0.0,0.0,0.0,0.0,0.0,0.0
588.0,0.0,0.0,0.0,0.0,0.0,0.0
589.0,3.7502536542888265e-06,3.526347654769779e-06,5.5772475207049865e-06,0.0,0.0,0.0003125211378574022
590.0,3.7502536542888265e-06,3.526347654769779e-06,5.5772475207049865e-06,0.0,0.0,0.0003125211378574022
591.0,0.0,0.0,0.0,0.0,0.0,0.0
592.0,0.0,0.0,0.0,0.0,0.0,0.0
593.0,0.0,0.0,0.0,0.0,0.0,0.0
594.0,0.0,0.0,0.0,0.0,0.0,0.0
595.0,0.0,0.0,0.0,0.0,0.0,0.0
596.0,0.0,0.0,0.0,0.0,0.0,0.0
597.0,0.0,0.0,0.0,0.0,0.0,0.0
598.0,0.0,0.0,0.0,0.0,0.0,0.0
599.0,0.0,0.0,0.0,0.0,0.0,0.0
600.0,0.0,0.0,0.0,0.0,0.0,0.0
601.0,0.0,0.0,0.0,0.0,0.0,0.0
602.0,0.0,0.0,0.0,0.0,0.0,0.0
603.0,0.0,0.0,0.0,0.0,0.0,0.0
604.0,0.00012688926653936505,0.000818057160358876,0.0,0.0,0.005208333333333333,0.034722222222222224
605.0,0.0005274032009765506,0.0004692850634455681,0.0,0.0,0.010416666666666666,0.06944444444444445
606.0,7.885687227826566e-05,0.0004884350346401334,0.0,0.0,0.003472222222222222,0.023148148148148147
607.0,0.0007164180278778076,0.0016924637602642179,0.0,0.0,0.017361111111111112,0.11574074074074076
608.0,0.0001780364545993507,0.0,0.0,0.0,0.0,0.014836371216612557
609.0,0.00019962343503721058,0.00127794046420604,0.00047545114648528397,0.0,0.0,0.031948511605151
610.0,0.0002373025199631229,0.0015339810634031892,0.0,0.0,0.001736111111111111,0.03834952658507973
611.0,0.0002228178782388568,0.0,0.0,0.0,0.005208333333333333,0.034722222222222224
612.0,0.00041516873170621693,0.0,0.0,0.0,0.003472222222222222,0.03459739430885141
613.0,0.00013054872397333384,0.0,0.0,0.0,0.0,0.010879060331111154
614.0,0.000718761992175132,0.001317329821176827,0.00010083643428515643,0.0,0.024305555555555556,0.16203703703703703
615.0,0.00016115060134325176,0.000347520544892177,6.734050202794606e-06,0.0,0.003472222222222222,0.023148148148148147
616.0,0.0006327442824840546,2.2011664668752928e-07,0.0,0.0,0.012152777777777778,0.08101851851851852
617.0,0.00021686067339032888,0.0,0.0,0.0,0.001736111111111111,0.018071722782527406
618.0,0.00015474508109036833,0.0004952525487169623,0.0009818708058446646,0.0,0.0,0.012895423424197361
619.0,0.0002343238884350285,0.00016167442663572729,0.0,0.0,0.003472222222222222,0.023148148148148147
620.0,0.0002396002964815125,2.102097096212674e-05,0.0,0.0,0.001736111111111111,0.019966691373459373
621.0,0.00030038118711672723,0.0,0.0,0.0,0.0,0.0250317655930606
622.0,0.00022935387096367776,0.0,0.0,0.0,0.0,0.01911282258030648
623.0,6.600183405680582e-05,1.2333046470303088e-05,5.7932116760639474e-05,0.0,0.0,0.005500152838067152
624.0,0.0,0.0,0.0,0.0,0.0,0.0
625.0,6.964867498027161e-05,0.00045035520452074707,0.0,0.0,0.003472222222222222,0.023148148148148147
626.0,0.0002980323333758861,0.001827284344471991,0.0,0.0,0.001736111111111111,0.04568210861179978
627.0,0.0002952749782707542,0.0,0.0,0.0,0.005208333333333333,0.034722222222222224
628.0,0.0002193626860389486,0.001142396591603756,0.0,0.0,0.001736111111111111,0.0285599147900939
629.0,0.0,0.0,0.0,0.0,0.0,0.0
630.0,0.0,0.0,0.0,0.0,0.0,0.0
631.0,1.2612337741302326e-05,3.829999332083389e-05,0.0,0.0,0.0,0.0010510281451085273
632.0,0.0,0.0,0.0,0.0,0.0,0.0
633.0,0.0,0.0,0.0,0.0,0.0,0.0
634.0,0.0,0.0,0.0,0.0,0.0,0.0
635.0,0.0,0.0,0.0,0.0,0.0,0.0
636.0,0.0,0.0,0.0,0.0,0.0,0.0
637.0,0.0,0.0,0.0,0.0,0.0,0.0
638.0,0.0,0.0,0.0,0.0,0.0,0.0
639.0,4.893585810350487e-06,6.296832452790113e-06,6.734050202794606e-06,0.0,0.0,0.00040779881752920727
640.0,4.893585810350487e-06,6.296832452790113e-06,6.734050202794606e-06,0.0,0.0,0.00040779881752920727
641.0,0.0,0.0,0.0,0.0,0.0,0.0
642.0,0.0,0.0,0.0,0.0,0.0,0.0
643.0,0.0,0.0,0.0,0.0,0.0,0.0
644.0,0.0,0.0,0.0,0.0,0.0,0.0
645.0,0.0,0.0,0.0,0.0,0.0,0.0
646.0,0.0,0.0,0.0,0.0,0.0,0.0
647.0,0.0,0.0,0.0,0.0,0.0,0.0
648.0,0.0,0.0,0.0,0.0,0.0,0.0
649.0,0.0,0.0,0.0,0.0,0.0,0.0
650.0,0.0,0.0,0.0,0.0,0.0,0.0
651.0,0.0,0.0,0.0,0.0,0.0,0.0
652.0,0.0,0.0,0.0,0.0,0.0,0.0
653.0,0.0,0.0,0.0,0.0,0.0,0.0
654.0,0.0,0.0,0.0,0.0,0.0,0.0
655.0,0.0,0.0,0.0,0.0,0.0,0.0
656.0,0.00661150086671114,0.011986849829554558,0.0015057012205943465,0.0,0.10590277777777778,0.7060185185185185
657.0,0.020834704861044884,0.001990702236071229,0.0,0.00022595269547309726,0.19618055555555555,1.7362254050870736
658.0,0.0,0.0,0.0,0.0,0.0,0.0
659.0,0.0,0.0,0.0,0.0,0.0,0.0
660.0,0.0,0.0,0.0,0.0,0.0,0.0
661.0,0.0,0.0,0.0,0.0,0.0,0.0
662.0,0.0,0.0,0.0,0.0,0.0,0.0
663.0,0.0,0.0,0.0,0.0,0.0,0.0
664.0,6.300779932644218e-05,3.253836985095404e-05,5.5772475207049865e-06,5.556054748012684e-05,0.003472222222222222,0.023148148148148147
665.0,1.877976615105581e-06,3.526347654769779e-06,5.5772475207049865e-06,0.0,0.0,0.00015649805125879843
666.0,0.0,0.0,0.0,0.0,0.0,0.0
667.0,0.0,0.0,0.0,0.0,0.0,0.0
668.0,0.0,0.0,0.0,0.0,0.0,0.0
669.0,0.0,0.0,0.0,0.0,0.0,0.0
670.0,0.0,0.0,0.0,0.0,0.0,0.0
671.0,0.0,0.0,0.0,0.0,0.0,0.0
672.0,0.0,0.0,0.0,0.0,0.0,0.0
673.0,0.0,0.0,0.0,0.0,0.0,0.0
674.0,0.0,0.0,0.0,0.0,0.0,0.0
675.0,0.0,0.0,0.0,0.0,0.0,0.0
676.0,0.0,0.0,0.0,0.0,0.0,0.0
677.0,0.0,0.0,0.0,0.0,0.0,0.0
678.0,0.0,0.0,0.0,0.0,0.0,0.0
679.0,0.0,0.0,0.0,0.0,0.0,0.0
680.0,0.0,0.0,0.0,0.0,0.0,0.0
681.0,0.0,0.0,0.0,0.0,0.0,0.0
682.0,0.0,0.0,0.0,0.0,0.0,0.0
683.0,0.0,0.0,0.0,0.0,0.0,0.0
684.0,0.0,0.0,0.0,0.0,0.0,0.0
685.0,0.0,0.0,0.0,0.0,0.0,0.0
686.0,0.0,0.0,0.0,0.0,0.0,0.0
687.0,0.0,0.0,0.0,0.0,0.0,0.0
688.0,0.0,0.0,0.0,0.0,0.0,0.0
689.0,1.877976615105581e-06,3.526347654769779e-06,5.5772475207049865e-06,0.0,0.0,0.00015649805125879843
690.0,8.214756962843239e-05,3.526347654769779e-06,5.5772475207049865e-06,0.0,0.003472222222222222,0.023148148148148147
691.0,0.0004534993495326489,0.0,0.0,0.0,0.008680555555555556,0.05787037037037038
692.0,0.00023461325326934457,0.0,0.0,0.0,0.003472222222222222,0.023148148148148147
693.0,0.0007037886534817517,0.0,0.0,0.0,0.019097222222222224,0.12731481481481483
694.0,0.00015776480722706765,0.0,0.0,0.0,0.001736111111111111,0.013147067268922305
695.0,0.00020760139159392565,0.0,0.0,0.0,0.003472222222222222,0.023148148148148147
696.0,0.00019391675596125424,0.0,0.0,0.0,0.001736111111111111,0.016159729663437854
697.0,0.00021806912263855338,0.0,0.0,0.0,0.003472222222222222,0.023148148148148147
698.0,0.0003428818890824914,0.0,0.0,0.0,0.005208333333333333,0.034722222222222224
699.0,3.034790097444784e-05,0.0,0.0,0.0,0.0,0.0025289917478706534
700.0,0.00023206014884635806,0.0,0.0,0.0,0.003472222222222222,0.023148148148148147
701.0,0.00033377582440152764,0.0,0.0,0.0,0.008680555555555556,0.05787037037037038
702.0,0.000239991772104986,0.0,0.0,0.0,0.003472222222222222,0.023148148148148147
703.0,0.0005316413589753211,0.0,0.0,0.0,0.010416666666666666,0.06944444444444445
704.0,0.0004854131839238107,0.0,0.0,0.0,0.010416666666666666,0.06944444444444445
705.0,0.00014028456644155085,0.0,0.0,0.0,0.003472222222222222,0.023148148148148147
706.0,0.00013928032421972603,0.0,0.0,0.0,0.001736111111111111,0.011606693684977168
707.0,0.00013953565212432295,0.0,0.0,0.0,0.003472222222222222,0.023148148148148147
708.0,0.0002546125615481287,0.0,0.0,0.0,0.006944444444444444,0.046296296296296294
709.0,0.0002259327011415735,0.0,0.0,0.0,0.005208333333333333,0.034722222222222224
710.0,0.00025786348851397634,0.0,0.0,0.0,0.001736111111111111,0.02148862404283136
711.0,4.556438943836838e-05,0.0,0.0,0.0,0.0,0.0037970324531973647
712.0,0.0,0.0,0.0,0.0,0.0,0.0
713.0,0.0,0.0,0.0,0.0,0.0,0.0
714.0,1.2158469871792477e-05,3.526347654769779e-06,5.5772475207049865e-06,0.0,0.0,0.001013205822649373
715.0,2.3205143406812567e-06,3.526347654769779e-06,5.5772475207049865e-06,0.0,0.0,0.0001933761950567714
716.0,0.0,0.0,0.0,0.0,0.0,0.0
717.0,0.0,0.0,0.0,0.0,0.0,0.0
718.0,0.0,0.0,0.0,0.0,0.0,0.0
719.0,0.0,0.0,0.0,0.0,0.0,0.0
720.0,3.8671019865432754e-05,0.0,0.0,0.0,0.0,0.0032225849887860627
721.0,0.00033689060364849865,0.0,0.0,0.0,0.001736111111111111,0.02807421697070822
722.0,0.000225847601541318,0.0,0.0,0.0,0.006944444444444444,0.046296296296296294
723.0,4.374318814370781e-05,0.0,0.0,0.0,0.0,0.0036452656786423177
724.0,0.00012028524361085147,0.0,0.0,0.0,0.001736111111111111,0.011574074074074073
725.0,0.0,0.0,0.0,0.0,0.0,0.0
726.0,0.0,0.0,0.0,0.0,0.0,0.0
727.0,0.0,0.0,0.0,0.0,0.0,0.0
728.0,0.0,0.0,0.0,0.0,0.0,0.0
729.0,0.0,0.0,0.0,0.0,0.0,0.0
730.0,0.00014082921552471817,0.0,0.0,0.0,0.001736111111111111,0.011735767960393181
731.0,9.638819756219164e-05,0.0,0.0,0.0,0.0,0.008032349796849303
732.0,0.00020130373013671488,0.0,0.0,0.0,0.001736111111111111,0.01677531084472624
733.0,0.0001854745059972629,0.0,0.0,0.0,0.003472222222222222,0.023148148148148147
734.0,0.0,0.0,0.0,0.0,0.0,0.0
735.0,0.0,0.0,0.0,0.0,0.0,0.0
736.0,0.0,0.0,0.0,0.0,0.0,0.0
737.0,0.0,0.0,0.0,0.0,0.0,0.0
738.0,0.0,0.0,0.0,0.0,0.0,0.0
739.0,5.639549726765836e-06,3.526347654769779e-06,5.5772475207049865e-06,0.0,0.0,0.0004699624772304863
740.0,2.439659965602914e-06,3.526347654769779e-06,5.5772475207049865e-06,0.0,0.0,0.00020330499713357616
741.0,0.0,0.0,0.0,0.0,0.0,0.0
742.0,0.0,0.0,0.0,0.0,0.0,0.0
743.0,0.0,0.0,0.0,0.0,0.0,0.0
744.0,0.0,0.0,0.0,0.0,0.0,0.0
745.0,0.0,0.0,0.0,0.0,0.0,0.0
746.0,0.0,0.0,0.0,0.0,0.0,0.0
747.0,0.0,0.0,0.0,0.0,0.0,0.0
748.0,0.0,0.0,0.0,0.0,0.0,0.0
749.0,0.00010319647117285058,0.0,0.0,0.0,0.001736111111111111,0.011574074074074073
750.0,9.958808368537575e-05,0.0,0.0,0.0,0.0,0.008299006973781312
751.0,0.0,0.0,0.0,0.0,0.0,0.0
752.0,0.0,0.0,0.0,0.0,0.0,0.0
753.0,0.0,0.0,0.0,0.0,0.0,0.0
754.0,0.00019257214444223791,0.0,0.0,0.0,0.005208333333333333,0.034722222222222224
755.0,0.0,0.0,0.0,0.0,0.0,0.0
756.0,3.965825726481853e-06,0.0,0.0,0.0,0.0,0.0003304854772068211
757.0,7.313791866181418e-05,0.0,0.0,0.0,0.0,0.006094826555151182
758.0,9.54860879573971e-05,0.0,0.0,0.0,0.0,0.00795717399644976
759.0,8.469496970064938e-05,0.0,0.0,0.0,0.003472222222222222,0.023148148148148147
760.0,0.00013880376354791224,0.0,0.0,0.0,0.0,0.011566980295659354
761.0,8.54268655530177e-05,0.0,0.0,0.0,0.003472222222222222,0.023148148148148147
762.0,2.377790769969579e-05,0.0,0.0,0.0,0.0,0.0019814923083079825
763.0,0.0,0.0,0.0,0.0,0.0,0.0
764.0,7.886278581281658e-06,3.526347654769779e-06,5.5772475207049865e-06,0.0,0.0,0.0006571898817734715
765.0,2.575826101747225e-06,3.526347654769779e-06,5.5772475207049865e-06,0.0,0.0,0.0002146521751456021
766.0,0.0,0.0,0.0,0.0,0.0,0.0
767.0,0.0,0.0,0.0,0.0,0.0,0.0
768.0,0.0,0.0,0.0,0.0,0.0,0.0
769.0,0.0,0.0,0.0,0.0,0.0,0.0
770.0,0.00010040507186204195,0.0,0.0,0.0,0.001736111111111111,0.011574074074074073
771.0,0.0,0.0,0.0,0.0,0.0,0.0
772.0,0.0,0.0,0.0,0.0,0.0,0.0
773.0,1.2595330645126523e-06,0.0,0.0,0.0,0.0,0.0001049610887093877
774.0,0.0,0.0,0.0,0.0,0.0,0.0
775.0,0.00011945122969336808,0.0,0.0,0.0,0.001736111111111111,0.011574074074074073
776.0,0.0,0.0,0.0,0.0,0.0,0.0
777.0,0.0,0.0,0.0,0.0,0.0,0.0
778.0,0.0,0.0,0.0,0.0,0.0,0.0
779.0,0.0,0.0,0.0,0.0,0.0,0.0
780.0,0.0002006399299716577,0.0,0.0,0.0,0.005208333333333333,0.034722222222222224
781.0,3.846677373076091e-06,0.0,0.0,0.0,0.0,0.0003205564477563409
782.0,0.0,0.0,0.0,0.0,0.0,0.0
783.0,0.0,0.0,0.0,0.0,0.0,0.0
784.0,0.0,0.0,0.0,0.0,0.0,0.0
785.0,0.0,0.0,0.0,0.0,0.0,0.0
786.0,0.0,0.0,0.0,0.0,0.0,0.0
787.0,0.0,0.0,0.0,0.0,0.0,0.0
788.0,0.0,0.0,0.0,0.0,0.0,0.0
789.0,2.729011612245813e-06,3.526347654769779e-06,5.5772475207049865e-06,0.0,0.0,0.00022741763435381773
790.0,2.729011612245813e-06,3.526347654769779e-06,5.5772475207049865e-06,0.0,0.0,0.00022741763435381773
791.0,0.0,0.0,0.0,0.0,0.0,0.0
792.0,0.0,0.0,0.0,0.0,0.0,0.0
793.0,0.0,0.0,0.0,0.0,0.0,0.0
794.0,0.0,0.0,0.0,0.0,0.0,0.0
795.0,0.0,0.0,0.0,0.0,0.0,0.0
796.0,0.0,0.0,0.0,0.0,0.0,0.0
797.0,0.0,0.0,0.0,0.0,0.0,0.0
798.0,0.0,0.0,0.0,0.0,0.0,0.0
799.0,0.0,0.0,0.0,0.0,0.0,0.0
800.0,0.0,0.0,0.0,0.0,0.0,0.0
801.0,0.0,0.0,0.0,0.0,0.0,0.0
802.0,0.0,0.0,0.0,0.0,0.0,0.0
803.0,0.0,0.0,0.0,0.0,0.0,0.0
804.0,0.0,0.0,0.0,0.0,0.0,0.0
805.0,0.0,0.0,0.0,0.0,0.0,0.0
806.0,0.0,0.0,0.0,0.0,0.0,0.0
807.0,0.0,0.0,0.0,0.0,0.0,0.0
808.0,0.0,0.0,0.0,0.0,0.0,0.0
809.0,0.0,0.0,0.0,0.0,0.0,0.0
810.0,0.0,0.0,0.0,0.0,0.0,0.0
811.0,0.0,0.0,0.0,0.0,0.0,0.0
812.0,0.0,0.0,0.0,0.0,0.0,0.0
813.0,0.0,0.0,0.0,0.0,0.0,0.0
814.0,2.729011612245813e-06,3.526347654769779e-06,5.5772475207049865e-06,0.0,0.0,0.00022741763435381773
815.0,2.729011612245813e-06,3.526347654769779e-06,5.5772475207049865e-06,0.0,0.0,0.00022741763435381773
816.0,0.0,0.0,0.0,0.0,0.0,0.0
817.0,0.0,0.0,0.0,0.0,0.0,0.0
818.0,0.0,0.0,0.0,0.0,0.0,0.0
819.0,0.0,0.0,0.0,0.0,0.0,0.0
820.0,0.0,0.0,0.0,0.0,0.0,0.0
821.0,0.0,0.0,0.0,0.0,0.0,0.0
822.0,0.0,0.0,0.0,0.0,0.0,0.0
823.0,0.0,0.0,0.0,0.0,0.0,0.0
824.0,0.0,0.0,0.0,0.0,0.0,0.0
825.0,0.0,0.0,0.0,0.0,0.0,0.0
826.0,0.0,0.0,0.0,0.0,0.0,0.0
827.0,0.0,0.0,0.0,0.0,0.0,0.0
828.0,0.0,0.0,0.0,0.0,0.0,0.0
829.0,0.0,0.0,0.0,0.0,0.0,0.0
830.0,0.0,0.0,0.0,0.0,0.0,0.0
831.0,0.0,0.0,0.0,0.0,0.0,0.0
832.0,0.0,0.0,0.0,0.0,0.0,0.0
833.0,0.0,0.0,0.0,0.0,0.0,0.0
834.0,0.0,0.0,0.0,0.0,0.0,0.0
835.0,0.0,0.0,0.0,0.0,0.0,0.0
836.0,0.0,0.0,0.0,0.0,0.0,0.0
837.0,0.0,0.0,0.0,0.0,0.0,0.0
838.0,0.0,0.0,0.0,0.0,0.0,0.0
839.0,2.729011612245813e-06,3.526347654769779e-06,5.5772475207049865e-06,0.0,0.0,0.00022741763435381773
840.0,2.729011612245813e-06,3.526347654769779e-06,5.5772475207049865e-06,0.0,0.0,0.00022741763435381773
841.0,0.0,0.0,0.0,0.0,0.0,0.0
842.0,0.0,0.0,0.0,0.0,0.0,0.0
843.0,0.0,0.0,0.0,0.0,0.0,0.0
844.0,0.0,0.0,0.0,0.0,0.0,0.0
845.0,0.0,0.0,0.0,0.0,0.0,0.0
846.0,0.0,0.0,0.0,0.0,0.0,0.0
847.0,0.0,0.0,0.0,0.0,0.0,0.0
848.0,0.0,0.0,0.0,0.0,0.0,0.0
849.0,0.0,0.0,0.0,0.0,0.0,0.0
850.0,0.0,0.0,0.0,0.0,0.0,0.0
851.0,0.006783614866435528,0.0,0.0,0.0,0.1284722222222222,0.8564814814814814
852.0,0.0,0.0,0.0,0.0,0.0,0.0
853.0,0.0,0.0,0.0,0.0,0.0,0.0
854.0,0.0,0.0,0.0,0.0,0.0,0.0
855.0,0.0,0.0,0.0,0.0,0.0,0.0
856.0,0.0,0.0,0.0,0.0,0.0,0.0
857.0,0.0,0.0,0.0,0.0,0.0,0.0
858.0,0.0,0.0,0.0,0.0,0.0,0.0
859.0,0.0,0.0,0.0,0.0,0.0,0.0
860.0,0.0001436886959709227,0.0,0.0,0.0,0.006944444444444444,0.046296296296296294
861.0,0.0003472732496447861,0.0,0.0,0.0,0.006944444444444444,0.046296296296296294
862.0,0.00011907678708666936,0.0,0.0,0.0,0.001736111111111111,0.011574074074074073
863.0,0.0004452443099580705,0.0,0.0,0.0,0.008680555555555556,0.05787037037037038
864.0,0.00035609566839411855,3.526347654769779e-06,5.5772475207049865e-06,0.0,0.005208333333333333,0.034722222222222224
865.0,0.00013608614972326905,3.526347654769779e-06,5.5772475207049865e-06,0.0,0.001736111111111111,0.011574074074074073
866.0,0.00024070666404441,0.0,0.0,0.0,0.003472222222222222,0.023148148148148147
867.0,0.0004684435552917421,0.0,0.0,0.0,0.010416666666666666,0.06944444444444445
868.0,0.0001982400135602802,0.0,0.0,0.0,0.003472222222222222,0.023148148148148147
869.0,0.0002836668863892555,0.0,0.0,0.0,0.0,0.023638907199104626
870.0,0.00024114920233841985,0.0,0.0,0.0,0.003472222222222222,0.023148148148148147
871.0,0.00021224805095698684,0.0,0.0,0.0,0.003472222222222222,0.023148148148148147
872.0,0.0,0.0,0.0,0.0,0.0,0.0
873.0,6.946146459085867e-05,0.0,0.0,0.0,0.001736111111111111,0.011574074074074073
874.0,0.0001517735217930749,0.0,0.0,0.0,0.0,0.012647793482756242
875.0,4.5955925997986924e-07,0.0,0.0,0.0,0.0,3.8296604998322437e-05
876.0,0.0003025258192792535,0.0,0.0,0.0,0.003472222222222222,0.02521048493993779
877.0,0.0004993191105313599,0.0,0.0,0.0,0.010416666666666666,0.06944444444444445
878.0,0.00019912509014829993,0.0,0.0,0.0,0.0,0.016593757512358327
879.0,0.0,0.0,0.0,0.0,0.0,0.0
880.0,0.0001603009004611522,0.0,0.0,0.0,0.001736111111111111,0.013358408371762684
881.0,0.00019185725250281394,0.0,0.0,0.0,0.003472222222222222,0.023148148148148147
882.0,0.00020664824114646763,0.0,0.0,0.0,0.003472222222222222,0.023148148148148147
883.0,0.00012607227836269885,0.0,0.0,0.0,0.001736111111111111,0.011574074074074073
884.0,0.00037675307248719037,0.0,0.0,0.0,0.008680555555555556,0.05787037037037038
885.0,0.0001421398192178458,0.0,0.0,0.0,0.0,0.011844984934820483
886.0,0.0,0.0,0.0,0.0,0.0,0.0
887.0,0.0,0.0,0.0,0.0,0.0,0.0
888.0,0.0,0.0,0.0,0.0,0.0,0.0
889.0,1.0950011528620962e-05,3.526347654769779e-06,5.5772475207049865e-06,0.0,0.0,0.0009125009607184135
890.0,2.2524311589222634e-06,3.526347654769779e-06,5.5772475207049865e-06,0.0,0.0,0.00018770259657685529
891.0,0.0,0.0,0.0,0.0,0.0,0.0
892.0,0.0,0.0,0.0,0.0,0.0,0.0
893.0,0.00020189947099424899,0.0,0.0,0.0,0.001736111111111111,0.016824955916187417
894.0,0.0002574379905126989,0.0,0.0,0.0,0.003472222222222222,0.023148148148148147
895.0,0.00032492505852133036,0.0,0.0,0.0,0.003472222222222222,0.027077088210110862
896.0,0.00015463300223927945,0.0,0.0,0.0,0.0,0.012886083519939954
897.0,0.0,0.0,0.0,0.0,0.0,0.0
898.0,1.0110295079357456e-05,0.0,0.0,0.0,0.0,0.0008425245899464547
899.0,0.00021328633010853082,0.0,0.0,0.0,0.001736111111111111,0.01777386084237757
900.0,0.0003755786456167698,0.0,0.0,0.0,0.012152777777777778,0.08101851851851852
901.0,0.00033326519769616425,0.0,0.0,0.0,0.0,0.02777209980801369
902.0,0.0,0.0,0.0,0.0,0.0,0.0
903.0,0.0,0.0,0.0,0.0,0.0,0.0
904.0,0.0,0.0,0.0,0.0,0.0,0.0
905.0,0.0,0.0,0.0,0.0,0.0,0.0
906.0,8.340139174833894e-06,0.0,0.0,0.0,0.0,0.0006950115979028245
907.0,0.0,0.0,0.0,0.0,0.0,0.0
908.0,0.0,0.0,0.0,0.0,0.0,0.0
909.0,0.00034523068461567163,0.0,0.0,0.0,0.012152777777777778,0.08101851851851852
910.0,0.00018843611178454012,0.0,0.0,0.0,0.003472222222222222,0.023148148148148147
911.0,0.0008055893704295158,0.0,0.0,0.0,0.020833333333333332,0.1388888888888889
912.0,0.00028094358276575804,0.0,0.0,0.0,0.008680555555555556,0.05787037037037038
913.0,0.0002620505983941257,0.0,0.0,0.0,0.003472222222222222,0.023148148148148147
914.0,0.00030656540184281766,3.526347654769779e-06,5.5772475207049865e-06,0.0,0.001736111111111111,0.025547116820234805
915.0,2.677949169083149e-06,3.526347654769779e-06,5.5772475207049865e-06,0.0,0.0,0.0002231624307569291
916.0,0.00017000269144773483,0.0,0.0,0.0,0.0,0.014166890953977902
917.0,7.489105428248877e-06,0.0,0.0,0.0,0.0,0.0006240921190207397
918.0,0.0002471405023243278,0.0,0.0,0.0,0.003472222222222222,0.023148148148148147
919.0,0.00019456354493740946,0.0,0.0,0.0,0.0,0.01621362874478412
920.0,0.0,0.0,0.0,0.0,0.0,0.0
921.0,0.0,0.0,0.0,0.0,0.0,0.0
922.0,0.0,0.0,0.0,0.0,0.0,0.0
923.0,0.0009747581789270043,0.0,0.0,0.0,0.020833333333333332,0.1388888888888889
924.0,0.0005709591787308455,0.0,0.0,0.0,0.012152777777777778,0.08101851851851852
925.0,0.00012391064956318587,0.0,0.0,0.0,0.0,0.010325887463598823
926.0,6.258509529288858e-05,0.0,0.0,0.0,0.0,0.005215424607740715
927.0,0.0010521512012928724,0.0,0.0,0.0,0.010416666666666666,0.08767926677440603
928.0,5.860225428477861e-05,0.0,0.0,0.0,0.0,0.004883521190398217
929.0,0.0,0.0,0.0,0.0,0.0,0.0
930.0,5.313861038303003e-05,0.0,0.0,0.0,0.0,0.004428217531919169
931.0,0.0008611961384303868,0.0,0.0,0.0,0.008680555555555556,0.0717663448691989
932.0,0.00029180277488194406,0.0,0.0,0.0,0.0,0.02431689790682867
933.0,7.712077058386058e-05,0.0,0.0,0.0,0.0,0.006426730881988381
934.0,0.0,0.0,0.0,0.0,0.0,0.0
935.0,0.0,0.0,0.0,0.0,0.0,0.0
936.0,0.0,0.0,0.0,0.0,0.0,0.0
937.0,0.0,0.0,0.0,0.0,0.0,0.0
938.0,0.0,0.0,0.0,0.0,0.0,0.0
939.0,1.629449616302736e-05,3.526347654769779e-06,5.5772475207049865e-06,0.0,0.0,0.00135787468025228
940.0,3.1375068374472903e-06,3.526347654769779e-06,5.5772475207049865e-06,0.0,0.0,0.00026145890312060754
941.0,0.0,0.0,0.0,0.0,0.0,0.0
942.0,0.0,0.0,0.0,0.0,0.0,0.0
943.0,0.0,0.0,0.0,0.0,0.0,0.0
944.0,0.0,0.0,0.0,0.0,0.0,0.0
945.0,0.0,0.0,0.0,0.0,0.0,0.0
946.0,0.0,0.0,0.0,0.0,0.0,0.0
947.0,0.0,0.0,0.0,0.0,0.0,0.0
948.0,0.0,0.0,0.0,0.0,0.0,0.0
949.0,0.0,0.0,0.0,0.0,0.0,0.0
950.0,0.0,0.0,0.0,0.0,0.0,0.0
951.0,0.0,0.0,0.0,0.0,0.0,0.0
952.0,0.0,0.0,0.0,0.0,0.0,0.0
953.0,0.0,0.0,0.0,0.0,0.0,0.0
954.0,0.0,0.0,0.0,0.0,0.0,0.0
955.0,0.0,0.0,0.0,0.0,0.0,0.0
956.0,0.0,0.0,0.0,0.0,0.0,0.0
957.0,0.0,0.0,0.0,0.0,0.0,0.0
958.0,0.0,0.0,0.0,0.0,0.0,0.0
959.0,0.0,0.0,0.0,0.0,0.0,0.0
960.0,0.0,0.0,0.0,0.0,0.0,0.0
961.0,0.0,0.0,0.0,0.0,0.0,0.0
962.0,0.0,0.0,0.0,0.0,0.0,0.0
963.0,0.0,0.0,0.0,0.0,0.0,0.0
964.0,3.1375068374472903e-06,3.526347654769779e-06,5.5772475207049865e-06,0.0,0.0,0.00026145890312060754
965.0,3.1375068374472903e-06,3.526347654769779e-06,5.5772475207049865e-06,0.0,0.0,0.00026145890312060754
966.0,0.0,0.0,0.0,0.0,0.0,0.0
967.0,0.0,0.0,0.0,0.0,0.0,0.0
968.0,0.0,0.0,0.0,0.0,0.0,0.0
969.0,9.819238039199263e-05,0.0,0.0,0.0,0.003472222222222222,0.023148148148148147
970.0,0.00044504005927592516,0.0,0.0,0.0,0.005208333333333333,0.037086671606327094
971.0,0.00029905358678661287,0.0,0.0,0.0,0.008680555555555556,0.05787037037037038
972.0,1.0212404788489948e-07,0.0,0.0,0.0,0.0,8.510337323741624e-06
973.0,8.680546670802869e-06,0.0,0.0,0.0,0.0,0.0007233788892335724
974.0,0.0,0.0,0.0,0.0,0.0,0.0
975.0,0.0,0.0,0.0,0.0,0.0,0.0
976.0,0.0,0.0,0.0,0.0,0.0,0.0
977.0,0.0,0.0,0.0,0.0,0.0,0.0
978.0,0.0,0.0,0.0,0.0,0.0,0.0
979.0,0.0,0.0,0.0,0.0,0.0,0.0
980.0,0.0,0.0,0.0,0.0,0.0,0.0
981.0,0.0,0.0,0.0,0.0,0.0,0.0
982.0,0.0,0.0,0.0,0.0,0.0,0.0
983.0,0.0,0.0,0.0,0.0,0.0,0.0
984.0,0.0,0.0,0.0,0.0,0.0,0.0
985.0,0.0,0.0,0.0,0.0,0.0,0.0
986.0,0.0,0.0,0.0,0.0,0.0,0.0
987.0,7.078906492097303e-05,0.0,0.0,0.0,0.0,0.00589908874341442
988.0,0.0001393994753016159,0.0,0.0,0.0,0.0,0.011616622941801324
989.0,6.779935574741103e-06,3.526347654769779e-06,5.5772475207049865e-06,0.0,0.0,0.0005649946312284252
990.0,0.0002029604511335492,3.526347654769779e-06,5.5772475207049865e-06,0.0,0.0,0.016913370927795768
991.0,7.608251507917885e-06,0.0,0.0,0.0,0.0,0.000634020958993157
992.0,0.0,0.0,0.0,0.0,0.0,0.0
993.0,0.0,0.0,0.0,0.0,0.0,0.0
994.0,2.316516292921733e-05,0.0,0.0,0.0,0.0,0.0019304302441014443
995.0,0.00011298336903564632,0.0,0.0,0.0,0.0,0.009415280752970526
996.0,1.2969766430614982e-05,0.0,0.0,0.0,0.0,0.0010808138692179152
997.0,0.00018569578242022544,0.0,0.0,0.0,0.0,0.015474648535018787
998.0,7.386987817881163e-06,0.0,0.0,0.0,0.0,0.0006155823181567636
999.0,0.0,0.0,0.0,0.0,0.0,0.0
1000.0,0.0,0.0,0.0,0.0,0.0,0.0
1001.0,0.0,0.0,0.0,0.0,0.0,0.0
1002.0,0.0,0.0,0.0,0.0,0.0,0.0
1003.0,0.0,0.0,0.0,0.0,0.0,0.0
1004.0,0.0,0.0,0.0,0.0,0.0,0.0
1005.0,0.0,0.0,0.0,0.0,0.0,0.0
1006.0,0.0,0.0,0.0,0.0,0.0,0.0
1007.0,0.0,0.0,0.0,0.0,0.0,0.0
1008.0,0.0,0.0,0.0,0.0,0.0,0.0
1009.0,0.0,0.0,0.0,0.0,0.0,0.0
1010.0,0.0,0.0,0.0,0.0,0.0,0.0
1011.0,0.0,0.0,0.0,0.0,0.0,0.0
1012.0,0.0,0.0,0.0,0.0,0.0,0.0
1013.0,0.0,0.0,0.0,0.0,0.0,0.0
1014.0,3.2055895644589327e-06,3.526347654769779e-06,5.5772475207049865e-06,0.0,0.0,0.00026713246370491106
1015.0,3.2055895644589327e-06,3.526347654769779e-06,5.5772475207049865e-06,0.0,0.0,0.00026713246370491106
1016.0,0.0,0.0,0.0,0.0,0.0,0.0
1017.0,0.0,0.0,0.0,0.0,0.0,0.0
1018.0,0.0,0.0,0.0,0.0,0.0,0.0
1019.0,0.0,0.0,0.0,0.0,0.0,0.0
1020.0,0.0,0.0,0.0,0.0,0.0,0.0
1021.0,0.0,0.0,0.0,0.0,0.0,0.0
1022.0,0.0,0.0,0.0,0.0,0.0,0.0
1023.0,0.0,0.0,0.0,0.0,0.0,0.0
1024.0,0.0,0.0,0.0,0.0,0.0,0.0
1025.0,0.0,0.0,0.0,0.0,0.0,0.0
1026.0,0.0,0.0,0.0,0.0,0.0,0.0
1027.0,0.0,0.0,0.0,0.0,0.0,0.0
1028.0,0.0,0.0,0.0,0.0,0.0,0.0
1029.0,0.0,0.0,0.0,0.0,0.0,0.0
1030.0,0.0,0.0,0.0,0.0,0.0,0.0
1031.0,0.0,0.0,0.0,0.0,0.0,0.0
1032.0,0.0,0.0,0.0,0.0,0.0,0.0
1033.0,0.0,0.0,0.0,0.0,0.0,0.0
1034.0,0.0,0.0,0.0,0.0,0.0,0.0
1035.0,0.0,0.0,0.0,0.0,0.0,0.0
1036.0,0.0,0.0,0.0,0.0,0.0,0.0
1037.0,0.0,0.0,0.0,0.0,0.0,0.0
1038.0,0.0,0.0,0.0,0.0,0.0,0.0
1039.0,3.2055895644589327e-06,3.526347654769779e-06,5.5772475207049865e-06,0.0,0.0,0.00026713246370491106
1040.0,3.2055895644589327e-06,3.526347654769779e-06,5.5772475207049865e-06,0.0,0.0,0.00026713246370491106
1041.0,0.0,0.0,0.0,0.0,0.0,0.0
1042.0,0.0,0.0,0.0,0.0,0.0,0.0
1043.0,0.0,0.0,0.0,0.0,0.0,0.0
1044.0,0.0,0.0,0.0,0.0,0.0,0.0
1045.0,0.0,0.0,0.0,0.0,0.0,0.0
1046.0,0.0,0.0,0.0,0.0,0.0,0.0
1047.0,0.015060420148074627,0.0,0.0,0.0,0.2361111111111111,1.5740740740740742
1048.0,0.0,0.0,0.0,0.0,0.0,0.0
1049.0,0.0,0.0,0.0,0.0,0.0,0.0
1050.0,0.0,0.0,0.0,0.0,0.0,0.0
1051.0,0.0,0.0,0.0,0.0,0.0,0.0
1052.0,0.0,0.0,0.0,0.0,0.0,0.0
1053.0,0.0,0.0,0.0,0.0,0.0,0.0
1054.0,0.0,0.0,0.0,0.0,0.0,0.0
1055.0,0.0,0.0,0.0,0.0,0.0,0.0
1056.0,0.0,0.0,0.0,0.0,0.0,0.0
1057.0,0.0,0.0,0.0,0.0,0.0,0.0
1058.0,0.0,0.0,0.0,0.0,0.0,0.0
1059.0,0.0,0.0,0.0,0.0,0.0,0.0
1060.0,0.0,0.0,0.0,0.0,0.0,0.0
1061.0,0.0,0.0,0.0,0.0,0.0,0.0
1062.0,0.0,0.0,0.0,0.0,0.0,0.0
1063.0,0.0,0.0,0.0,0.0,0.0,0.0
1064.0,1.877976615105581e-06,3.526347654769779e-06,5.5772475207049865e-06,0.0,0.0,0.00015649805125879843
1065.0,1.877976615105581e-06,3.526347654769779e-06,5.5772475207049865e-06,0.0,0.0,0.00015649805125879843
1066.0,0.0,0.0,0.0,0.0,0.0,0.0
1067.0,0.0,0.0,0.0,0.0,0.0,0.0
1068.0,0.0,0.0,0.0,0.0,0.0,0.0
1069.0,0.0,0.0,0.0,0.0,0.0,0.0
1070.0,0.0,0.0,0.0,0.0,0.0,0.0
1071.0,0.0,0.0,0.0,0.0,0.0,0.0
1072.0,0.0,0.0,0.0,0.0,0.0,0.0
1073.0,0.0,0.0,0.0,0.0,0.0,0.0
1074.0,0.0,0.0,0.0,0.0,0.0,0.0
1075.0,0.0,0.0,0.0,0.0,0.0,0.0
1076.0,0.0,0.0,0.0,0.0,0.0,0.0
1077.0,0.0,0.0,0.0,0.0,0.0,0.0
1078.0,0.0,0.0,0.0,0.0,0.0,0.0
1079.0,0.009476407431066036,0.0,0.0,0.0,0.11631944444444445,0.7897006192555031
1080.0,0.0,0.0,0.0,0.0,0.0,0.0
1081.0,7.999037188710645e-05,0.0,0.0,0.0,0.001736111111111111,0.011574074074074073
1082.0,0.0,0.0,0.0,0.0,0.0,0.0
1083.0,0.0,0.0,0.0,0.0,0.0,0.0
1084.0,0.0,0.0,0.0,0.0,0.0,0.0
1085.0,0.0,0.0,0.0,0.0,0.0,0.0
1086.0,0.0,0.0,0.0,0.0,0.0,0.0
1087.0,0.0,0.0,0.0,0.0,0.0,0.0
1088.0,0.0,0.0,0.0,0.0,0.0,0.0
1089.0,3.4609006434038747e-06,3.526347654769779e-06,5.5772475207049865e-06,0.0,0.0,0.0002884083869503229
1090.0,3.4609006434038747e-06,3.526347654769779e-06,5.5772475207049865e-06,0.0,0.0,0.0002884083869503229
1091.0,0.0,0.0,0.0,0.0,0.0,0.0
1092.0,0.0,0.0,0.0,0.0,0.0,0.0
1093.0,0.0,0.0,0.0,0.0,0.0,0.0
1094.0,0.0,0.0,0.0,0.0,0.0,0.0
1095.0,0.0,0.0,0.0,0.0,0.0,0.0
1096.0,0.0,0.0,0.0,0.0,0.0,0.0
1097.0,0.0,0.0,0.0,0.0,0.0,0.0
1098.0,0.0,0.0,0.0,0.0,0.0,0.0
1099.0,0.0,0.0,0.0,0.0,0.0,0.0
1100.0,0.0,0.0,0.0,0.0,0.0,0.0
1101.0,0.0,0.0,0.0,0.0,0.0,0.0
1102.0,0.0,0.0,0.0,0.0,0.0,0.0
1103.0,0.0,0.0,0.0,0.0,0.0,0.0
1104.0,0.0,0.0,0.0,0.0,0.0,0.0
1105.0,0.0,0.0,0.0,0.0,0.0,0.0
1106.0,0.0,0.0,0.0,0.0,0.0,0.0
1107.0,0.0,0.0,0.0,0.0,0.0,0.0
1108.0,0.0,0.0,0.0,0.0,0.0,0.0
1109.0,0.0,0.0,0.0,0.0,0.0,0.0
1110.0,0.0,0.0,0.0,0.0,0.0,0.0
1111.0,0.0,0.0,0.0,0.0,0.0,0.0
1112.0,0.0,0.0,0.0,0.0,0.0,0.0
1113.0,0.00011184299364686012,0.0,0.0,0.0,0.005208333333333333,0.034722222222222224
1114.0,0.0002480312832631171,3.526347654769779e-06,5.5772475207049865e-06,0.0,0.003472222222222222,0.023148148148148147
1115.0,0.0003038301947526634,3.526347654769779e-06,5.5772475207049865e-06,0.0,0.008680555555555556,0.05787037037037038
1116.0,0.00010033698345068842,0.0,0.0,0.0,0.003472222222222222,0.023148148148148147
1117.0,0.0001369485107716173,0.0,0.0,0.0,0.001736111111111111,0.011574074074074073
1118.0,0.00012602121569216251,0.0,0.0,0.0,0.001736111111111111,0.011574074074074073
1119.0,0.0001426163944415748,0.0,0.0,0.0,0.005208333333333333,0.034722222222222224
1120.0,0.00012605528172571212,0.0,0.0,0.0,0.003472222222222222,0.023148148148148147
1121.0,6.379356636898592e-05,0.0,0.0,0.0,0.001736111111111111,0.011574074074074073
1122.0,0.00022984745737630874,0.0,0.0,0.0,0.003472222222222222,0.023148148148148147
1123.0,0.00020792994473595172,0.0,0.0,0.0,0.001736111111111111,0.017327495394662645
1124.0,0.0002151806838810444,0.0,0.0,0.0,0.006944444444444444,0.046296296296296294
1125.0,0.0002837690117303282,0.0,0.0,0.0,0.006944444444444444,0.046296296296296294
1126.0,0.00013831016258336604,0.0,0.0,0.0,0.001736111111111111,0.011574074074074073
1127.0,0.0001005922895274125,0.0,0.0,0.0,0.005208333333333333,0.034722222222222224
1128.0,0.00016370504454243928,0.0,0.0,0.0,0.003472222222222222,0.023148148148148147
1129.0,0.0002552082878537476,0.0,0.0,0.0,0.010416666666666666,0.06944444444444445
1130.0,0.0001993123150896281,0.0,0.0,0.0,0.003472222222222222,0.023148148148148147
1131.0,6.951762043172494e-05,0.0,0.0,0.0,0.0,0.005793135035977078
1132.0,0.00020135480735916644,0.0,0.0,0.0,0.005208333333333333,0.034722222222222224
1133.0,0.000267842726316303,0.0,0.0,0.0,0.005208333333333333,0.034722222222222224
1134.0,0.0002832243044395,0.0,0.0,0.0,0.008680555555555556,0.05787037037037038
1135.0,8.695873111719266e-05,0.0,0.0,0.0,0.001736111111111111,0.011574074074074073
1136.0,0.0,0.0,0.0,0.0,0.0,0.0
1137.0,0.0011440969537943602,0.0,0.0,0.0,0.013888888888888888,0.09534141281619668
1138.0,0.0010729845380410552,0.0,0.0,0.0,0.017361111111111112,0.11574074074074076
1139.0,3.9618000300833955e-05,3.526347654769779e-06,5.5772475207049865e-06,0.0,0.0,0.003301500025069496
1140.0,4.4991643335379194e-06,3.526347654769779e-06,5.5772475207049865e-06,0.0,0.0,0.00037493036112815997
1141.0,0.0,0.0,0.0,0.0,0.0,0.0
1142.0,0.0,0.0,0.0,0.0,0.0,0.0
1143.0,0.0,0.0,0.0,0.0,0.0,0.0
1144.0,0.0,0.0,0.0,0.0,0.0,0.0
1145.0,0.0,0.0,0.0,0.0,0.0,0.0
1146.0,0.0,0.0,0.0,0.0,0.0,0.0
1147.0,0.00020179733110126108,0.0,0.0,0.0,0.003472222222222222,0.023148148148148147
1148.0,1.5999426068447065e-06,0.0,0.0,0.0,0.0,0.0001333285505703922
1149.0,0.00020555891387630254,0.0,0.0,0.0,0.003472222222222222,0.023148148148148147
1150.0,0.00014998634287621826,0.0,0.0,0.0,0.006944444444444444,0.046296296296296294
1151.0,0.00022344767057802528,0.0,0.0,0.0,0.003472222222222222,0.023148148148148147
1152.0,0.00031273820786736906,0.0,0.0,0.0,0.005208333333333333,0.034722222222222224
1153.0,0.0001659517438383773,0.0,0.0,0.0,0.003472222222222222,0.023148148148148147
1154.0,0.0,0.0,0.0,0.0,0.0,0.0
1155.0,0.0,0.0,0.0,0.0,0.0,0.0
1156.0,0.00020210370712447912,0.0,0.0,0.0,0.005208333333333333,0.034722222222222224
1157.0,1.463779426558176e-05,0.0,0.0,0.0,0.0,0.00121981618879848
1158.0,0.0,0.0,0.0,0.0,0.0,0.0
1159.0,0.0,0.0,0.0,0.0,0.0,0.0
1160.0,0.0,0.0,0.0,0.0,0.0,0.0
1161.0,0.0,0.0,0.0,0.0,0.0,0.0
1162.0,0.0,0.0,0.0,0.0,0.0,0.0
1163.0,0.0,0.0,0.0,0.0,0.0,0.0
1164.0,6.5246254052908625e-06,3.526347654769779e-06,5.5772475207049865e-06,0.0,0.0,0.0005437187837742385
1165.0,4.703412741946522e-06,3.526347654769779e-06,5.5772475207049865e-06,0.0,0.0,0.00039195106182887685
1166.0,0.0,0.0,0.0,0.0,0.0,0.0
1167.0,0.0,0.0,0.0,0.0,0.0,0.0
1168.0,0.0,0.0,0.0,0.0,0.0,0.0
1169.0,0.0,0.0,0.0,0.0,0.0,0.0
1170.0,0.0,0.0,0.0,0.0,0.0,0.0
1171.0,0.0,0.0,0.0,0.0,0.0,0.0
1172.0,0.0,0.0,0.0,0.0,0.0,0.0
1173.0,0.0,0.0,0.0,0.0,0.0,0.0
1174.0,0.007691788021475077,0.0,0.0,0.0,0.16145833333333334,1.076388888888889
1175.0,0.0,0.0,0.0,0.0,0.0,0.0
1176.0,0.0,0.0,0.0,0.0,0.0,0.0
1177.0,0.0,0.0,0.0,0.0,0.0,0.0
1178.0,0.0,0.0,0.0,0.0,0.0,0.0
1179.0,0.0,0.0,0.0,0.0,0.0,0.0
1180.0,0.0,0.0,0.0,0.0,0.0,0.0
1181.0,9.701765293357312e-07,0.0,0.0,0.0,0.0,8.084804411131093e-05
1182.0,0.0,0.0,0.0,0.0,0.0,0.0
1183.0,0.0,0.0,0.0,0.0,0.0,0.0
1184.0,0.0,0.0,0.0,0.0,0.0,0.0
1185.0,0.0,0.0,0.0,0.0,0.0,0.0
1186.0,0.0,0.0,0.0,0.0,0.0,0.0
1187.0,0.0,0.0,0.0,0.0,0.0,0.0
1188.0,0.0,0.0,0.0,0.0,0.0,0.0
1189.0,3.4609006434038747e-06,3.526347654769779e-06,5.5772475207049865e-06,0.0,0.0,0.0002884083869503229
1190.0,3.4609006434038747e-06,3.526347654769779e-06,5.5772475207049865e-06,0.0,0.0,0.0002884083869503229
1191.0,0.0,0.0,0.0,0.0,0.0,0.0
1192.0,0.0,0.0,0.0,0.0,0.0,0.0
1193.0,0.0,0.0,0.0,0.0,0.0,0.0
1194.0,0.0,0.0,0.0,0.0,0.0,0.0
1195.0,0.0,0.0,0.0,0.0,0.0,0.0
1196.0,0.0,0.0,0.0,0.0,0.0,0.0
1197.0,0.0,0.0,0.0,0.0,0.0,0.0
1198.0,0.0,0.0,0.0,0.0,0.0,0.0
1199.0,0.0,0.0,0.0,0.0,0.0,0.0
1200.0,0.0,0.0,0.0,0.0,0.0,0.0
1201.0,0.0,0.0,0.0,0.0,0.0,0.0
1202.0,0.0,0.0,0.0,0.0,0.0,0.0
1203.0,0.0,0.0,0.0,0.0,0.0,0.0
1204.0,0.0,0.0,0.0,0.0,0.0,0.0
1205.0,0.0,0.0,0.0,0.0,0.0,0.0
1206.0,0.0,0.0,0.0,0.0,0.0,0.0
1207.0,0.0,0.0,0.0,0.0,0.0,0.0
1208.0,6.159788608783856e-05,0.0,0.0,0.0,0.005208333333333333,0.034722222222222224
1209.0,0.000170484374393709,0.0,0.0,0.0,0.005208333333333333,0.034722222222222224
1210.0,0.00021529475634451956,0.0,0.0,0.0,0.006944444444444444,0.046296296296296294
1211.0,0.00010934094461845234,0.0,0.0,0.0,0.0,0.009111745384871028
1212.0,0.00020589932682923973,0.0,0.0,0.0,0.005208333333333333,0.034722222222222224
1213.0,6.389569898601621e-05,0.0,0.0,0.0,0.001736111111111111,0.011574074074074073
1214.0,1.2486965715652332e-05,3.526347654769779e-06,5.5772475207049865e-06,0.0,0.0,0.001040580476304361
1215.0,3.137507746941992e-06,3.526347654769779e-06,5.5772475207049865e-06,0.0,0.0,0.0002614589789118327
1216.0,0.0002652896218933165,0.0,0.0,0.0,0.003472222222222222,0.023148148148148147
1217.0,0.0001185150831588544,0.0,0.0,0.0,0.001736111111111111,0.011574074074074073
1218.0,0.00020564404258038849,0.0,0.0,0.0,0.005208333333333333,0.034722222222222224
1219.0,4.238152541802265e-05,0.0,0.0,0.0,0.0,0.0035317937848352203
1220.0,0.000347171095199883,0.0,0.0,0.0,0.008680555555555556,0.05787037037037038
1221.0,0.00020440151274669915,0.0,0.0,0.0,0.001736111111111111,0.017033459395558264
1222.0,0.0,0.0,0.0,0.0,0.0,0.0
1223.0,1.3842903172189835e-05,0.0,0.0,0.0,0.0,0.001153575264349153
1224.0,0.0,0.0,0.0,0.0,0.0,0.0
1225.0,0.0,0.0,0.0,0.0,0.0,0.0
1226.0,0.0,0.0,0.0,0.0,0.0,0.0
1227.0,0.0,0.0,0.0,0.0,0.0,0.0
1228.0,0.0,0.0,0.0,0.0,0.0,0.0
1229.0,0.0020072332117706537,0.0,0.0,0.0,0.04513888888888889,0.30092592592592593
1230.0,0.0,0.0,0.0,0.0,0.0,0.0
1231.0,8.680554515194672e-07,0.0,0.0,0.0,0.0,7.233795429328893e-05
1232.0,0.0,0.0,0.0,0.0,0.0,0.0
1233.0,0.0,0.0,0.0,0.0,0.0,0.0
1234.0,0.0,0.0,0.0,0.0,0.0,0.0
1235.0,0.0,0.0,0.0,0.0,0.0,0.0
1236.0,0.0,0.0,0.0,0.0,0.0,0.0
1237.0,0.0,0.0,0.0,0.0,0.0,0.0
1238.0,0.0,0.0,0.0,0.0,0.0,0.0
1239.0,3.4609006434038747e-06,3.526347654769779e-06,5.5772475207049865e-06,0.0,0.0,0.0002884083869503229
1240.0,3.4609006434038747e-06,3.526347654769779e-06,5.5772475207049865e-06,0.0,0.0,0.0002884083869503229
1241.0,0.0,0.0,0.0,0.0,0.0,0.0
1242.0,0.0,0.0,0.0,0.0,0.0,0.0
1243.0,0.0,0.0,0.0,0.0,0.0,0.0
1244.0,0.0,0.0,0.0,0.0,0.0,0.0
1245.0,0.0,0.0,0.0,0.0,0.0,0.0
1246.0,0.0,0.0,0.0,0.0,0.0,0.0
1247.0,0.0,0.0,0.0,0.0,0.0,0.0
1248.0,0.0,0.0,0.0,0.0,0.0,0.0
1249.0,0.0,0.0,0.0,0.0,0.0,0.0
1250.0,0.0,0.0,0.0,0.0,0.0,0.0
1251.0,0.0,0.0,0.0,0.0,0.0,0.0
1252.0,0.0,0.0,0.0,0.0,0.0,0.0
1253.0,0.0,0.0,0.0,0.0,0.0,0.0
1254.0,0.0,0.0,0.0,0.0,0.0,0.0
1255.0,0.0,0.0,0.0,0.0,0.0,0.0
1256.0,0.0,0.0,0.0,0.0,0.0,0.0
1257.0,0.0,0.0,0.0,0.0,0.0,0.0
1258.0,0.0,0.0,0.0,0.0,0.0,0.0
1259.0,0.0,0.0,0.0,0.0,0.0,0.0
1260.0,0.0,0.0,0.0,0.0,0.0,0.0
1261.0,0.0,0.0,0.0,0.0,0.0,0.0
1262.0,0.014306681230664253,0.0005922914715483785,0.0,0.0006374451913870871,0.1371527777777778,1.1922234358886878
1263.0,2.4679998205101583e-06,0.0,0.0,0.0,0.0,0.00020566665170917986
1264.0,5.74405821680557e-05,1.8187158275395632e-05,5.5772475207049865e-06,5.906147271161899e-05,0.0,0.007382684088952374
1265.0,1.8098929785992368e-06,3.6364035622682422e-06,5.5772475207049865e-06,0.0,0.0,0.00015082441488326973
1266.0,0.0,0.0,0.0,0.0,0.0,0.0
1267.0,0.0,0.0,0.0,0.0,0.0,0.0
1268.0,0.0,0.0,0.0,0.0,0.0,0.0
1269.0,0.0,0.0,0.0,0.0,0.0,0.0
1270.0,0.0,0.0,0.0,0.0,0.0,0.0
1271.0,0.0,0.0,0.0,0.0,0.0,0.0
1272.0,0.0,0.0,0.0,0.0,0.0,0.0
1273.0,0.0,0.0,0.0,0.0,0.0,0.0
1274.0,0.0,0.0,0.0,0.0,0.0,0.0
1275.0,0.0,0.0,0.0,0.0,0.0,0.0
1276.0,0.0,0.0,0.0,0.0,0.0,0.0
1277.0,0.0,0.0,0.0,0.0,0.0,0.0
1278.0,0.0,0.0,0.0,0.0,0.0,0.0
1279.0,0.0,0.0,0.0,0.0,0.0,0.0
1280.0,0.0,0.0,0.0,0.0,0.0,0.0
1281.0,0.0,0.0,0.0,0.0,0.0,0.0
1282.0,0.0,0.0,0.0,0.0,0.0,0.0
1283.0,0.0,0.0,0.0,0.0,0.0,0.0
1284.0,0.0,0.0,0.0,0.0,0.0,0.0
1285.0,0.0,0.0,0.0,0.0,0.0,0.0
1286.0,0.0,0.0,0.0,0.0,0.0,0.0
1287.0,0.0,0.0,0.0,0.0,0.0,0.0
1288.0,0.0,0.0,0.0,0.0,0.0,0.0
1289.0,1.8098929785992368e-06,3.6364035622682422e-06,5.5772475207049865e-06,0.0,0.0,0.00015082441488326973
1290.0,1.8098929785992368e-06,3.6364035622682422e-06,5.5772475207049865e-06,0.0,0.0,0.00015082441488326973
1291.0,0.0,0.0,0.0,0.0,0.0,0.0
1292.0,0.0,0.0,0.0,0.0,0.0,0.0
1293.0,0.0,0.0,0.0,0.0,0.0,0.0
1294.0,0.0,0.0,0.0,0.0,0.0,0.0
1295.0,0.0,0.0,0.0,0.0,0.0,0.0
1296.0,0.0,0.0,0.0,0.0,0.0,0.0
1297.0,0.0,0.0,0.0,0.0,0.0,0.0
1298.0,0.0,0.0,0.0,0.0,0.0,0.0
1299.0,0.0,0.0,0.0,0.0,0.0,0.0
1300.0,0.0,0.0,0.0,0.0,0.0,0.0
1301.0,0.0,0.0,0.0,0.0,0.0,0.0
1302.0,0.0,0.0,0.0,0.0,0.0,0.0
1303.0,0.0,0.0,0.0,0.0,0.0,0.0
1304.0,0.0,0.0,0.0,0.0,0.0,0.0
1305.0,0.0,0.0,0.0,0.0,0.0,0.0
1306.0,0.0005304329097270966,0.0,0.0,0.0,0.012152777777777778,0.08101851851851852
1307.0,0.00010220926924375817,0.0,0.0,0.0,0.001736111111111111,0.011574074074074073
1308.0,0.0006245062686502934,0.0,0.0,0.0,0.012152777777777778,0.08101851851851852
1309.0,0.00022889429237693548,0.0,0.0,0.0,0.001736111111111111,0.019074524364744622
1310.0,0.00014722901687491685,0.0,0.0,0.0,0.003472222222222222,0.023148148148148147
1311.0,1.0212417578259192e-07,0.0,0.0,0.0,0.0,8.51034798188266e-06
1312.0,0.0001717728446237743,0.0,0.0,0.0,0.001736111111111111,0.014314403718647856
1313.0,0.0001508884597569704,0.0,0.0,0.0,0.0,0.012574038313080868
1314.0,1.6039204638218507e-05,3.6364035622682422e-06,5.5772475207049865e-06,0.0,0.0,0.001336600386518209
1315.0,2.201369397880626e-06,3.6364035622682422e-06,5.5772475207049865e-06,0.0,0.0,0.00018344744982338548
1316.0,1.9880164472851902e-05,0.0,0.0,0.0,0.005208333333333333,0.034722222222222224
1317.0,0.00022040095063857734,0.0,0.0,0.0,0.001736111111111111,0.018366745886548113
1318.0,0.0005713676800951362,0.0,0.0,0.0,0.013888888888888888,0.09259259259259259
1319.0,0.00010746865882538259,0.0,0.0,0.0,0.001736111111111111,0.011574074074074073
1320.0,0.0006250508595257998,0.0,0.0,0.0,0.015625,0.10416666666666667
1321.0,0.00022806026390753686,0.0,0.0,0.0,0.005208333333333333,0.034722222222222224
1322.0,0.0,0.0,0.0,0.0,0.0,0.0
1323.0,1.4008031030243728e-05,0.0,0.0,0.0,0.0,0.0011673359191869774
1324.0,0.0,0.0,0.0,0.0,0.0,0.0
1325.0,3.257760909036733e-05,0.0,0.0,0.0,0.0,0.002714800757530611
1326.0,0.0003366693272255361,0.0,0.0,0.0,0.003472222222222222,0.028055777268794675
1327.0,0.0,0.0,0.0,0.0,0.0,0.0
1328.0,0.0,0.0,0.0,0.0,0.0,0.0
1329.0,0.0,0.0,0.0,0.0,0.0,0.0
1330.0,1.3361242963583209e-05,0.0,0.0,0.0,0.0,0.001113436913631934
1331.0,0.001318865455687046,0.0,0.0,0.0,0.027777777777777776,0.18518518518518517
1332.0,0.0001808789384085685,0.0,0.0,0.0,0.003472222222222222,0.023148148148148147
1333.0,0.0,0.0,0.0,0.0,0.0,0.0
1334.0,0.0,0.0,0.0,0.0,0.0,0.0
1335.0,0.0,0.0,0.0,0.0,0.0,0.0
1336.0,0.000159807299496606,0.0,0.0,0.0,0.0,0.013317274958050499
1337.0,0.00036480455310083926,0.0,0.0,0.0,0.005208333333333333,0.034722222222222224
1338.0,0.0,0.0,0.0,0.0,0.0,0.0
1339.0,0.001222772290930152,3.6364035622682422e-06,5.5772475207049865e-06,0.0,0.026041666666666668,0.17361111111111113
1340.0,2.4651666535646655e-05,3.6364035622682422e-06,5.5772475207049865e-06,0.0,0.0,0.0020543055446372214
1341.0,0.0,0.0,0.0,0.0,0.0,0.0
1342.0,0.0,0.0,0.0,0.0,0.0,0.0
1343.0,0.0,0.0,0.0,0.0,0.0,0.0
1344.0,0.0,0.0,0.0,0.0,0.0,0.0
1345.0,0.0,0.0,0.0,0.0,0.0,0.0
1346.0,0.0,0.0,0.0,0.0,0.0,0.0
1347.0,0.0,0.0,0.0,0.0,0.0,0.0
1348.0,2.144606469300925e-06,0.0,0.0,0.0,0.0,0.00017871720577507708
1349.0,0.0,0.0,0.0,0.0,0.0,0.0
1350.0,0.0,0.0,0.0,0.0,0.0,0.0
1351.0,0.007353382185101509,0.0,0.0,0.0,0.1388888888888889,0.925925925925926
1352.0,0.0,0.0,0.0,0.0,0.0,0.0
1353.0,0.01120478194206953,0.0,0.0,0.0,0.1371527777777778,0.9337318285057942
1354.0,5.616813041342539e-07,0.0,0.0,0.0,0.0,4.6806775344521157e-05
1355.0,2.0424835156518384e-07,0.0,0.0,0.0,0.0,1.702069596376532e-05
1356.0,9.266647248296067e-05,0.0,0.0,0.0,0.0,0.007722206040246722
1357.0,0.0,0.0,0.0,0.0,0.0,0.0
1358.0,0.0,0.0,0.0,0.0,0.0,0.0
1359.0,0.0,0.0,0.0,0.0,0.0,0.0
1360.0,0.0,0.0,0.0,0.0,0.0,0.0
1361.0,0.0,0.0,0.0,0.0,0.0,0.0
1362.0,0.0,0.0,0.0,0.0,0.0,0.0
1363.0,0.0,0.0,0.0,0.0,0.0,0.0
1364.0,3.307716269773664e-06,3.6364035622682422e-06,5.5772475207049865e-06,0.0,0.0,0.00027564302248113864
1365.0,3.307716269773664e-06,3.6364035622682422e-06,5.5772475207049865e-06,0.0,0.0,0.00027564302248113864
1366.0,0.0,0.0,0.0,0.0,0.0,0.0
1367.0,0.0,0.0,0.0,0.0,0.0,0.0
1368.0,0.0,0.0,0.0,0.0,0.0,0.0
1369.0,0.0,0.0,0.0,0.0,0.0,0.0
1370.0,0.0,0.0,0.0,0.0,0.0,0.0
1371.0,0.025458354502916336,0.0009581856429576874,0.0,0.0005012707551941276,0.19618055555555555,2.1215295419096947
1372.0,5.787030659121228e-07,0.0,0.0,0.0,0.0,4.82252554926769e-05
1373.0,6.341910193441436e-05,1.7060541722457856e-05,0.0,6.95924463798292e-05,0.020833333333333332,0.1388888888888889
1374.0,0.0,0.0,0.0,0.0,0.0,0.0
1375.0,0.0,0.0,0.0,0.0,0.0,0.0
1376.0,0.0,0.0,0.0,0.0,0.0,0.0
1377.0,0.0,0.0,0.0,0.0,0.0,0.0
1378.0,0.0,0.0,0.0,0.0,0.0,0.0
1379.0,0.0,0.0,0.0,0.0,0.0,0.0
1380.0,0.0,0.0,0.0,0.0,0.0,0.0
1381.0,0.0,0.0,0.0,0.0,0.0,0.0
1382.0,0.0,0.0,0.0,0.0,0.0,0.0
1383.0,0.0,0.0,0.0,0.0,0.0,0.0
1384.0,0.0,0.0,0.0,0.0,0.0,0.0
1385.0,0.0,0.0,0.0,0.0,0.0,0.0
1386.0,0.0,0.0,0.0,0.0,0.0,0.0
1387.0,0.0,0.0,0.0,0.0,0.0,0.0
1388.0,0.0,0.0,0.0,0.0,0.0,0.0
1389.0,1.8157145404984476e-06,4.0042186810751446e-06,5.5772475207049865e-06,0.0,0.0,0.0001513095450415373
1390.0,1.8157145404984476e-06,4.0042186810751446e-06,5.5772475207049865e-06,0.0,0.0,0.0001513095450415373
1391.0,0.0,0.0,0.0,0.0,0.0,0.0
1392.0,0.0,0.0,0.0,0.0,0.0,0.0
1393.0,0.0,0.0,0.0,0.0,0.0,0.0
1394.0,0.0,0.0,0.0,0.0,0.0,0.0
1395.0,0.0,0.0,0.0,0.0,0.0,0.0
1396.0,0.0,0.0,0.0,0.0,0.0,0.0
1397.0,0.0,0.0,0.0,0.0,0.0,0.0
1398.0,0.0,0.0,0.0,0.0,0.0,0.0
1399.0,0.0,0.0,0.0,0.0,0.0,0.0
1400.0,0.0,0.0,0.0,0.0,0.0,0.0
1401.0,0.0,0.0,0.0,0.0,0.0,0.0
1402.0,0.0,0.0,0.0,0.0,0.0,0.0
1403.0,0.0,0.0,0.0,0.0,0.0,0.0
1404.0,0.0,0.0,0.0,0.0,0.0,0.0
1405.0,0.0,0.0,0.0,0.0,0.0,0.0
1406.0,0.0,0.0,0.0,0.0,0.0,0.0
1407.0,0.0,0.0,0.0,0.0,0.0,0.0
1408.0,0.015196475200355053,0.0,0.0,0.0,0.1909722222222222,1.2731481481481481
1409.0,0.0,0.0,0.0,0.0,0.0,0.0
1410.0,0.0,0.0,0.0,0.0,0.0,0.0
1411.0,0.0,0.0,0.0,0.0,0.0,0.0
1412.0,0.0,0.0,0.0,0.0,0.0,0.0
1413.0,0.0,0.0,0.0,0.0,0.0,0.0
1414.0,0.0001300844014622271,4.0042186810751446e-06,5.5772475207049865e-06,0.0,0.0,0.010840366788518926
1415.0,4.0964896470541134e-06,4.0042186810751446e-06,5.5772475207049865e-06,0.0,0.0,0.00034137413725450944
1416.0,0.0,0.0,0.0,0.0,0.0,0.0
1417.0,0.0,0.0,0.0,0.0,0.0,0.0
1418.0,0.0,0.0,0.0,0.0,0.0,0.0
1419.0,0.0,0.0,0.0,0.0,0.0,0.0
1420.0,0.0,0.0,0.0,0.0,0.0,0.0
1421.0,0.0,0.0,0.0,0.0,0.0,0.0
1422.0,0.0,0.0,0.0,0.0,0.0,0.0
1423.0,0.0,0.0,0.0,0.0,0.0,0.0
1424.0,0.0,0.0,0.0,0.0,0.0,0.0
1425.0,0.0,0.0,0.0,0.0,0.0,0.0
1426.0,0.0,0.0,0.0,0.0,0.0,0.0
1427.0,0.0,0.0,0.0,0.0,0.0,0.0
1428.0,0.0,0.0,0.0,0.0,0.0,0.0
1429.0,0.0,0.0,0.0,0.0,0.0,0.0
1430.0,0.0,0.0,0.0,0.0,0.0,0.0
1431.0,0.0,0.0,0.0,0.0,0.0,0.0
1432.0,0.0,0.0,0.0,0.0,0.0,0.0
1433.0,0.0,0.0,0.0,0.0,0.0,0.0
1434.0,0.0,0.0,0.0,0.0,0.0,0.0
1435.0,0.0,0.0,0.0,0.0,0.0,0.0
1436.0,0.0,0.0,0.0,0.0,0.0,0.0
1437.0,0.0,0.0,0.0,0.0,0.0,0.0
1438.0,0.0,0.0,0.0,0.0,0.0,0.0
1439.0,4.0964896470541134e-06,4.0042186810751446e-06,5.5772475207049865e-06,0.0,0.0,0.00034137413725450944
1440.0,4.0964896470541134e-06,4.0042186810751446e-06,5.5772475207049865e-06,0.0,0.0,0.00034137413725450944
1441.0,0.0,0.0,0.0,0.0,0.0,0.0
1442.0,0.0,0.0,0.0,0.0,0.0,0.0
1443.0,0.0,0.0,0.0,0.0,0.0,0.0
1444.0,0.0,0.0,0.0,0.0,0.0,0.0
1445.0,0.0,0.0,0.0,0.0,0.0,0.0
1446.0,0.0,0.0,0.0,0.0,0.0,0.0
1447.0,0.0,0.0,0.0,0.0,0.0,0.0
1448.0,0.0,0.0,0.0,0.0,0.0,0.0
1449.0,0.0,0.0,0.0,0.0,0.0,0.0
1450.0,0.0,0.0,0.0,0.0,0.0,0.0
1451.0,0.0,0.0,0.0,0.0,0.0,0.0
1452.0,0.0,0.0,0.0,0.0,0.0,0.0
1453.0,0.0,0.0,0.0,0.0,0.0,0.0
1454.0,0.0,0.0,0.0,0.0,0.0,0.0
1455.0,0.0,0.0,0.0,0.0,0.0,0.0
1456.0,0.0,0.0,0.0,0.0,0.0,0.0
1457.0,0.0,0.0,0.0,0.0,0.0,0.0
1458.0,0.0,0.0,0.0,0.0,0.0,0.0
1459.0,0.0,0.0,0.0,0.0,0.0,0.0
1460.0,0.0007776414277032018,0.0,0.0,0.0,0.020833333333333332,0.1388888888888889
1461.0,6.34871958027361e-06,0.0,0.0,0.0,0.0,0.0005290599650228008
1462.0,0.0006509734666906297,0.0,0.0,0.0,0.013888888888888888,0.09259259259259259
1463.0,0.00023825567041058093,0.0,0.0,0.0,0.005208333333333333,0.034722222222222224
1464.0,0.0007167529547587037,4.0042186810751446e-06,5.5772475207049865e-06,0.0,0.019097222222222224,0.12731481481481483
1465.0,3.344017022754997e-05,4.0042186810751446e-06,5.5772475207049865e-06,0.0,0.0,0.002786680852295831
1466.0,0.00059437972959131,0.0,0.0,0.0,0.012152777777777778,0.08101851851851852
1467.0,0.00024240872880909592,0.0,0.0,0.0,0.003472222222222222,0.023148148148148147
1468.0,0.00023405156389344484,0.0,0.0,0.0,0.0,0.019504296991120402
1469.0,0.00010529001883696765,0.0,0.0,0.0,0.0,0.00877416823641397
1470.0,0.00036672790884040296,0.0,0.0,0.0,0.008680555555555556,0.05787037037037038
1471.0,8.51039985150237e-08,0.0,0.0,0.0,0.0,7.091999876251975e-06
1472.0,0.0,0.0,0.0,0.0,0.0,0.0
1473.0,1.4739952348463703e-05,0.0,0.0,0.0,0.0,0.0012283293623719753
1474.0,0.0,0.0,0.0,0.0,0.0,0.0
1475.0,0.0,0.0,0.0,0.0,0.0,0.0
1476.0,0.0,0.0,0.0,0.0,0.0,0.0
1477.0,0.0,0.0,0.0,0.0,0.0,0.0
1478.0,0.0,0.0,0.0,0.0,0.0,0.0
1479.0,0.0,0.0,0.0,0.0,0.0,0.0
1480.0,0.0,0.0,0.0,0.0,0.0,0.0
1481.0,0.0,0.0,0.0,0.0,0.0,0.0
1482.0,0.0,0.0,0.0,0.0,0.0,0.0
1483.0,0.0,0.0,0.0,0.0,0.0,0.0
1484.0,0.0,0.0,0.0,0.0,0.0,0.0
1485.0,0.0,0.0,0.0,0.0,0.0,0.0
1486.0,0.0,0.0,0.0,0.0,0.0,0.0
1487.0,0.0,0.0,0.0,0.0,0.0,0.0
1488.0,0.0,0.0,0.0,0.0,0.0,0.0
1489.0,4.266696123522706e-06,4.0042186810751446e-06,5.5772475207049865e-06,0.0,0.0,0.0003555580102935589
1490.0,4.266696123522706e-06,4.0042186810751446e-06,5.5772475207049865e-06,0.0,0.0,0.0003555580102935589
1491.0,0.0,0.0,0.0,0.0,0.0,0.0
1492.0,0.0,0.0,0.0,0.0,0.0,0.0
1493.0,0.0,0.0,0.0,0.0,0.0,0.0
1494.0,0.0,0.0,0.0,0.0,0.0,0.0
1495.0,0.0,0.0,0.0,0.0,0.0,0.0
1496.0,0.0,0.0,0.0,0.0,0.0,0.0
1497.0,0.0,0.0,0.0,0.0,0.0,0.0
1498.0,0.0,0.0,0.0,0.0,0.0,0.0
1499.0,0.0,0.0,0.0,0.0,0.0,0.0
1500.0,0.0,0.0,0.0,0.0,0.0,0.0
1501.0,0.0,0.0,0.0,0.0,0.0,0.0
1502.0,0.0,0.0,0.0,0.0,0.0,0.0
1503.0,0.0,0.0,0.0,0.0,0.0,0.0
1504.0,0.0,0.0,0.0,0.0,0.0,0.0
1505.0,0.0,0.0,0.0,0.0,0.0,0.0
1506.0,0.0,0.0,0.0,0.0,0.0,0.0
1507.0,0.0,0.0,0.0,0.0,0.0,0.0
1508.0,0.0,0.0,0.0,0.0,0.0,0.0
1509.0,0.0,0.0,0.0,0.0,0.0,0.0
1510.0,0.0,0.0,0.0,0.0,0.0,0.0
1511.0,0.0,0.0,0.0,0.0,0.0,0.0
1512.0,0.0,0.0,0.0,0.0,0.0,0.0
1513.0,0.0,0.0,0.0,0.0,0.0,0.0
1514.0,4.266696123522706e-06,4.0042186810751446e-06,5.5772475207049865e-06,0.0,0.0,0.0003555580102935589
1515.0,4.266696123522706e-06,4.0042186810751446e-06,5.5772475207049865e-06,0.0,0.0,0.0003555580102935589
1516.0,0.0,0.0,0.0,0.0,0.0,0.0
1517.0,0.0,0.0,0.0,0.0,0.0,0.0
1518.0,0.0,0.0,0.0,0.0,0.0,0.0
1519.0,0.0,0.0,0.0,0.0,0.0,0.0
1520.0,0.0,0.0,0.0,0.0,0.0,0.0
1521.0,0.0,0.0,0.0,0.0,0.0,0.0
1522.0,0.0,0.0,0.0,0.0,0.0,0.0
1523.0,0.0,0.0,0.0,0.0,0.0,0.0
1524.0,0.0,0.0,0.0,0.0,0.0,0.0
1525.0,0.0,0.0,0.0,0.0,0.0,0.0
1526.0,0.0,0.0,0.0,0.0,0.0,0.0
1527.0,0.0,0.0,0.0,0.0,0.0,0.0
1528.0,0.0,0.0,0.0,0.0,0.0,0.0
1529.0,0.0,0.0,0.0,0.0,0.0,0.0
1530.0,0.0,0.0,0.0,0.0,0.0,0.0
1531.0,0.0,0.0,0.0,0.0,0.0,0.0
1532.0,0.0,0.0,0.0,0.0,0.0,0.0
1533.0,0.0,0.0,0.0,0.0,0.0,0.0
1534.0,0.0,0.0,0.0,0.0,0.0,0.0
1535.0,0.0,0.0,0.0,0.0,0.0,0.0
1536.0,0.0,0.0,0.0,0.0,0.0,0.0
1537.0,0.0,0.0,0.0,0.0,0.0,0.0
1538.0,0.0,0.0,0.0,0.0,0.0,0.0
1539.0,4.266696123522706e-06,4.0042186810751446e-06,5.5772475207049865e-06,0.0,0.0,0.0003555580102935589
1540.0,4.266696123522706e-06,4.0042186810751446e-06,5.5772475207049865e-06,0.0,0.0,0.0003555580102935589
1541.0,0.0,0.0,0.0,0.0,0.0,0.0
1542.0,0.0,0.0,0.0,0.0,0.0,0.0
1543.0,0.0,0.0,0.0,0.0,0.0,0.0
1544.0,0.0,0.0,0.0,0.0,0.0,0.0
1545.0,0.0,0.0,0.0,0.0,0.0,0.0
1546.0,0.0,0.0,0.0,0.0,0.0,0.0
1547.0,0.0,0.0,0.0,0.0,0.0,0.0
1548.0,0.0,0.0,0.0,0.0,0.0,0.0
1549.0,0.0,0.0,0.0,0.0,0.0,0.0
1550.0,0.0,0.0,0.0,0.0,0.0,0.0
1551.0,0.0,0.0,0.0,0.0,0.0,0.0
1552.0,0.0,0.0,0.0,0.0,0.0,0.0
1553.0,0.0,0.0,0.0,0.0,0.0,0.0
1554.0,0.0,0.0,0.0,0.0,0.0,0.0
1555.0,0.0,0.0,0.0,0.0,0.0,0.0
1556.0,0.0,0.0,0.0,0.0,0.0,0.0
1557.0,0.003939677961170673,0.0,0.0,0.0,0.08333333333333333,0.5555555555555556
1558.0,0.00040852875099517405,0.0,0.0,0.0,0.012152777777777778,0.08101851851851852
1559.0,0.0003888207138516009,0.0,0.0,0.0,0.006944444444444444,0.046296296296296294
1560.0,0.00013614851923193783,0.0,0.0,0.0,0.003472222222222222,0.023148148148148147
1561.0,0.0008030363824218512,0.0,0.0,0.0,0.019097222222222224,0.12731481481481483
1562.0,3.404165127562919e-08,0.0,0.0,0.0,0.0,2.8368042729690992e-06
1563.0,0.0,0.0,0.0,0.0,0.0,0.0
1564.0,0.0002695663133636117,4.0042186810751446e-06,5.5772475207049865e-06,0.0,0.003472222222222222,0.023148148148148147
1565.0,4.130531578994123e-06,4.0042186810751446e-06,5.5772475207049865e-06,0.0,0.0,0.0003442109649161769
1566.0,0.0,0.0,0.0,0.0,0.0,0.0
1567.0,0.0,0.0,0.0,0.0,0.0,0.0
1568.0,0.0,0.0,0.0,0.0,0.0,0.0
1569.0,0.0,0.0,0.0,0.0,0.0,0.0
1570.0,0.0,0.0,0.0,0.0,0.0,0.0
1571.0,0.0,0.0,0.0,0.0,0.0,0.0
1572.0,0.0003763767017517239,0.0,0.0,0.0,0.012152777777777778,0.08101851851851852
1573.0,3.633724190876819e-05,0.0,0.0,0.0,0.0,0.0030281034923973493
1574.0,8.101850653474685e-06,0.0,0.0,0.0,0.001736111111111111,0.011574074074074073
1575.0,0.0001755854464136064,0.0,0.0,0.0,0.0,0.0146321205344672
1576.0,0.0,0.0,0.0,0.0,0.0,0.0
1577.0,0.0,0.0,0.0,0.0,0.0,0.0
1578.0,0.0002578104904387146,0.0,0.0,0.0,0.003472222222222222,0.023148148148148147
1579.0,0.0002759735216386616,0.0,0.0,0.0,0.005208333333333333,0.034722222222222224
1580.0,0.00017223239410668612,0.0010990339796990156,0.0,0.0,0.003472222222222222,0.02747584949247539
1581.0,0.0004162221448495984,0.0015208842232823372,0.0,0.0,0.005208333333333333,0.03802210558205843
1582.0,0.00037336593959480524,0.0,0.0,0.0,0.006944444444444444,0.046296296296296294
1583.0,0.00029682196327485144,0.0,0.0,0.0,0.003472222222222222,0.02473516360623762
1584.0,1.0025187293649651e-05,0.0,0.0,0.0,0.0,0.0008354322744708043
1585.0,0.00024016200040932745,0.0,0.0,0.0,0.003472222222222222,0.023148148148148147
1586.0,0.0001683857262833044,0.0,0.0,0.0,0.001736111111111111,0.014032143856942032
1587.0,0.0001039964408846572,0.0,0.0,0.0,0.001736111111111111,0.011574074074074073
1588.0,0.0004258407570887357,2.201149698066729e-07,0.0,0.0,0.006944444444444444,0.046296296296296294
1589.0,0.00032209217897616327,4.884677764493972e-06,5.5772475207049865e-06,0.0,0.006944444444444444,0.046296296296296294
1590.0,0.00034476566361263394,4.224333679303527e-06,5.5772475207049865e-06,0.0,0.005208333333333333,0.034722222222222224
1591.0,0.00018964264017995447,0.0,0.0,0.0,0.001736111111111111,0.01580355334832954
1592.0,0.0,0.0,0.0,0.0,0.0,0.0
1593.0,0.0,0.0,0.0,0.0,0.0,0.0
1594.0,0.0,0.0,0.0,0.0,0.0,0.0
1595.0,0.0,0.0,0.0,0.0,0.0,0.0
1596.0,0.0,0.0,0.0,0.0,0.0,0.0
1597.0,3.065426426474005e-05,0.0,0.0,0.0,0.0,0.0025545220220616707
1598.0,0.0003387779579497874,2.201149698066729e-07,0.0,0.0,0.003472222222222222,0.028231496495815613
1599.0,0.00035215815296396613,0.0,0.0,0.0,0.005208333333333333,0.034722222222222224
1600.0,0.0004605288850143552,0.0,0.0,0.0,0.013888888888888888,0.09259259259259259
1601.0,0.0006810660706833005,0.0,0.0,0.0,0.020833333333333332,0.1388888888888889
1602.0,0.00014232707326300442,0.0,0.0,0.0,0.0,0.011860589438583702
1603.0,5.855117706232704e-06,0.0,0.0,0.0,0.0,0.000487926475519392
1604.0,0.0001347868819721043,0.0,0.0,0.0,0.003472222222222222,0.023148148148148147
1605.0,0.00037848917418159544,0.0,0.0,0.0,0.006944444444444444,0.046296296296296294
1606.0,2.5990622816607356e-05,0.0,0.0,0.0,0.0,0.0021658852347172797
1607.0,0.0,0.0,0.0,0.0,0.0,0.0
1608.0,0.0,0.0,0.0,0.0,0.0,0.0
1609.0,0.0,0.0,0.0,0.0,0.0,0.0
1610.0,0.0,0.0,0.0,0.0,0.0,0.0
1611.0,0.0,0.0,0.0,0.0,0.0,0.0
1612.0,0.0,0.0,0.0,0.0,0.0,0.0
1613.0,0.0,0.0,0.0,0.0,0.0,0.0
1614.0,4.9815648708317894e-06,4.0042186810751446e-06,5.5772475207049865e-06,0.0,0.0,0.0004151304059026491
1615.0,4.9815648708317894e-06,4.0042186810751446e-06,5.5772475207049865e-06,0.0,0.0,0.0004151304059026491
1616.0,0.0,0.0,0.0,0.0,0.0,0.0
1617.0,0.0,0.0,0.0,0.0,0.0,0.0
1618.0,0.0,0.0,0.0,0.0,0.0,0.0
1619.0,0.0,0.0,0.0,0.0,0.0,0.0
1620.0,0.0,0.0,0.0,0.0,0.0,0.0
1621.0,0.0,0.0,0.0,0.0,0.0,0.0
1622.0,0.0,0.0,0.0,0.0,0.0,0.0
1623.0,0.0,0.0,0.0,0.0,0.0,0.0
1624.0,0.0,0.0,0.0,0.0,0.0,0.0
1625.0,0.0,0.0,0.0,0.0,0.0,0.0
1626.0,0.0,0.0,0.0,0.0,0.0,0.0
1627.0,0.0,0.0,0.0,0.0,0.0,0.0
1628.0,0.0,0.0,0.0,0.0,0.0,0.0
1629.0,0.0,0.0,0.0,0.0,0.0,0.0
1630.0,0.0,0.0,0.0,0.0,0.0,0.0
1631.0,0.0,0.0,0.0,0.0,0.0,0.0
1632.0,0.0,0.0,0.0,0.0,0.0,0.0
1633.0,0.0,0.0,0.0,0.0,0.0,0.0
1634.0,0.0,0.0,0.0,0.0,0.0,0.0
1635.0,0.0,0.0,0.0,0.0,0.0,0.0
1636.0,0.0,0.0,0.0,0.0,0.0,0.0
1637.0,0.0,0.0,0.0,0.0,0.0,0.0
1638.0,0.0,0.0,0.0,0.0,0.0,0.0
1639.0,4.9815648708317894e-06,4.0042186810751446e-06,5.5772475207049865e-06,0.0,0.0,0.0004151304059026491
1640.0,4.9815648708317894e-06,4.0042186810751446e-06,5.5772475207049865e-06,0.0,0.0,0.0004151304059026491
1641.0,0.0,0.0,0.0,0.0,0.0,0.0
1642.0,0.0,0.0,0.0,0.0,0.0,0.0
1643.0,0.0,0.0,0.0,0.0,0.0,0.0
1644.0,0.0,0.0,0.0,0.0,0.0,0.0
1645.0,0.0,0.0,0.0,0.0,0.0,0.0
1646.0,0.0,0.0,0.0,0.0,0.0,0.0
1647.0,0.0,0.0,0.0,0.0,0.0,0.0
1648.0,0.0,0.0,0.0,0.0,0.0,0.0
1649.0,0.0,0.0,0.0,0.0,0.0,0.0
1650.0,0.0,0.0,0.0,0.0,0.0,0.0
1651.0,0.0,0.0,0.0,0.0,0.0,0.0
1652.0,0.0,0.0,0.0,0.0,0.0,0.0
1653.0,0.0,0.0,0.0,0.0,0.0,0.0
1654.0,0.0,0.0,0.0,0.0,0.0,0.0
1655.0,0.0,0.0,0.0,0.0,0.0,0.0
1656.0,0.0,0.0,0.0,0.0,0.0,0.0
1657.0,0.0,0.0,0.0,0.0,0.0,0.0
1658.0,0.0,0.0,0.0,0.0,0.0,0.0
1659.0,0.0,0.0,0.0,0.0,0.0,0.0
1660.0,0.0,0.0,0.0,0.0,0.0,0.0
1661.0,0.0,0.0,0.0,0.0,0.0,0.0
1662.0,0.0,0.0,0.0,0.0,0.0,0.0
1663.0,0.0,0.0,0.0,0.0,0.0,0.0
1664.0,4.9815648708317894e-06,4.0042186810751446e-06,5.5772475207049865e-06,0.0,0.0,0.0004151304059026491
1665.0,4.9815648708317894e-06,4.0042186810751446e-06,5.5772475207049865e-06,0.0,0.0,0.0004151304059026491
1666.0,0.0,0.0,0.0,0.0,0.0,0.0
1667.0,0.0,0.0,0.0,0.0,0.0,0.0
1668.0,0.0,0.0,0.0,0.0,0.0,0.0
1669.0,0.0,0.0,0.0,0.0,0.0,0.0
1670.0,0.0,0.0,0.0,0.0,0.0,0.0
1671.0,0.0,0.0,0.0,0.0,0.0,0.0
1672.0,0.0,0.0,0.0,0.0,0.0,0.0
1673.0,0.0,0.0,0.0,0.0,0.0,0.0
1674.0,0.0,0.0,0.0,0.0,0.0,0.0
1675.0,0.0,0.0,0.0,0.0,0.0,0.0
1676.0,0.0,0.0,0.0,0.0,0.0,0.0
1677.0,0.0,0.0,0.0,0.0,0.0,0.0
1678.0,0.0,0.0,0.0,0.0,0.0,0.0
1679.0,0.0,0.0,0.0,0.0,0.0,0.0
1680.0,0.0,0.0,0.0,0.0,0.0,0.0
1681.0,0.0,0.0,0.0,0.0,0.0,0.0
1682.0,0.0,0.0,0.0,0.0,0.0,0.0
1683.0,0.0,0.0,0.0,0.0,0.0,0.0
1684.0,0.008636010810732841,0.0026062708348035812,0.0,0.0,0.140625,0.9375
1685.0,0.0,0.0,0.0,0.0,0.0,0.0
1686.0,0.0,0.0,0.0,0.0,0.0,0.0
1687.0,0.0,0.0,0.0,0.0,0.0,0.0
1688.0,0.0,0.0,0.0,0.0,0.0,0.0
1689.0,5.117731234349776e-06,4.0042186810751446e-06,5.5772475207049865e-06,0.0,0.0,0.0004264776028624813
1690.0,4.0964896470541134e-06,4.0042186810751446e-06,5.5772475207049865e-06,0.0,0.0,0.00034137413725450944
1691.0,0.0,0.0,0.0,0.0,0.0,0.0
1692.0,0.0,0.0,0.0,0.0,0.0,0.0
1693.0,0.0,0.0,0.0,0.0,0.0,0.0
1694.0,0.0,0.0,0.0,0.0,0.0,0.0
1695.0,0.0,0.0,0.0,0.0,0.0,0.0
1696.0,0.0,0.0,0.0,0.0,0.0,0.0
1697.0,0.0,0.0,0.0,0.0,0.0,0.0
1698.0,0.029378632083535194,0.026699192821979523,0.0,0.00026436708867549896,0.2847222222222222,2.4482193402945995
1699.0,0.0,0.0,0.0,0.0,0.0,0.0
1700.0,0.0,0.0,0.0,0.0,0.0,0.0
1701.0,0.0,0.0,0.0,0.0,0.0,0.0
1702.0,0.0,0.0,0.0,0.0,0.0,0.0
1703.0,0.0,0.0,0.0,0.0,0.0,0.0
1704.0,0.0,0.0,0.0,0.0,0.0,0.0
1705.0,0.0,0.0,0.0,0.0,0.0,0.0
1706.0,6.34592943242751e-05,0.00022073514992371202,0.0,5.2156730816932395e-05,0.0,0.006519591352116549
1707.0,0.0,0.0,0.0,0.0,0.0,0.0
1708.0,0.0,0.0,0.0,0.0,0.0,0.0
1709.0,0.0,0.0,0.0,0.0,0.0,0.0
1710.0,0.0,0.0,0.0,0.0,0.0,0.0
1711.0,0.0,0.0,0.0,0.0,0.0,0.0
1712.0,0.0,0.0,0.0,0.0,0.0,0.0
1713.0,0.0,0.0,0.0,0.0,0.0,0.0
1714.0,1.9027564803764108e-06,8.088882168522105e-06,5.5772475207049865e-06,0.0,0.0,0.00020222205421305262
1715.0,1.9027564803764108e-06,8.088882168522105e-06,5.5772475207049865e-06,0.0,0.0,0.00020222205421305262
1716.0,0.0,0.0,0.0,0.0,0.0,0.0
1717.0,0.0,0.0,0.0,0.0,0.0,0.0
1718.0,0.0,0.0,0.0,0.0,0.0,0.0
1719.0,0.0,0.0,0.0,0.0,0.0,0.0
1720.0,0.0,0.0,0.0,0.0,0.0,0.0
1721.0,0.0,0.0,0.0,0.0,0.0,0.0
1722.0,0.0,0.0,0.0,0.0,0.0,0.0
1723.0,0.0,0.0,0.0,0.0,0.0,0.0
1724.0,0.0,0.0,0.0,0.0,0.0,0.0
1725.0,0.0,0.0,0.0,0.0,0.0,0.0
1726.0,0.0,0.0,0.0,0.0,0.0,0.0
1727.0,0.0,0.0,0.0,0.0,0.0,0.0
1728.0,0.0,0.0,0.0,0.0,0.0,0.0
1729.0,0.0,0.0,0.0,0.0,0.0,0.0
1730.0,0.019085325300693512,0.0,0.0,0.0,0.23958333333333334,1.5972222222222223
1731.0,9.872002237898414e-07,0.0,0.0,0.0,0.0,8.226668531582011e-05
1732.0,0.0,0.0,0.0,0.0,0.0,0.0
1733.0,0.0,0.0,0.0,0.0,0.0,0.0
1734.0,0.0,0.0,0.0,0.0,0.0,0.0
1735.0,0.0,0.0,0.0,0.0,0.0,0.0
1736.0,0.0,0.0,0.0,0.0,0.0,0.0
1737.0,0.0,0.0,0.0,0.0,0.0,0.0
1738.0,0.0,0.0,0.0,0.0,0.0,0.0
1739.0,0.0,0.0,0.0,0.0,0.0,0.0
1740.0,0.0,0.0,0.0,0.0,0.0,0.0
1741.0,0.0,0.0,0.0,0.0,0.0,0.0
1742.0,0.0,0.0,0.0,0.0,0.0,0.0
1743.0,0.0,0.0,0.0,0.0,0.0,0.0
1744.0,0.0,0.0,0.0,0.0,0.0,0.0
1745.0,0.0,0.0,0.0,0.0,0.0,0.0
1746.0,0.0,0.0,0.0,0.0,0.0,0.0
1747.0,0.0,0.0,0.0,0.0,0.0,0.0
1748.0,0.0,0.0,0.0,0.0,0.0,0.0
1749.0,0.0,0.0,0.0,0.0,0.0,0.0
1750.0,0.0,0.0,0.0,0.0,0.0,0.0
1751.0,0.0,0.0,0.0,0.0,0.0,0.0
1752.0,0.0,0.0,0.0,0.0,0.0,0.0
1753.0,0.0,0.0,0.0,0.0,0.0,0.0
1754.0,0.0,0.0,0.0,0.0,0.0,0.0
1755.0,9.872002237898414e-07,0.0,0.0,0.0,0.0,8.226668531582011e-05
1756.0,9.872002237898414e-07,0.0,0.0,0.0,0.0,8.226668531582011e-05
1757.0,0.0,0.0,0.0,0.0,0.0,0.0
1758.0,0.0,0.0,0.0,0.0,0.0,0.0
1759.0,0.0,0.0,0.0,0.0,0.0,0.0
1760.0,0.0,0.0,0.0,0.0,0.0,0.0
1761.0,0.0,0.0,0.0,0.0,0.0,0.0
1762.0,0.0,0.0,0.0,0.0,0.0,0.0
1763.0,0.0,0.0,0.0,0.0,0.0,0.0
1764.0,0.0,0.0,0.0,0.0,0.0,0.0
1765.0,0.0,0.0,0.0,0.0,0.0,0.0
1766.0,0.0,0.0,0.0,0.0,0.0,0.0
1767.0,0.0,0.0,0.0,0.0,0.0,0.0
1768.0,0.0,0.0,0.0,0.0,0.0,0.0
1769.0,0.0,0.0,0.0,0.0,0.0,0.0
1770.0,0.0,0.0,0.0,0.0,0.0,0.0
1771.0,0.0,0.0,0.0,0.0,0.0,0.0
1772.0,0.0,0.0,0.0,0.0,0.0,0.0
1773.0,0.0,0.0,0.0,0.0,0.0,0.0
1774.0,0.0,0.0,0.0,0.0,0.0,0.0
1775.0,0.0,0.0,0.0,0.0,0.0,0.0
1776.0,0.0,0.0,0.0,0.0,0.0,0.0
1777.0,0.0,0.0,0.0,0.0,0.0,0.0
1778.0,0.0,0.0,0.0,0.0,0.0,0.0
1779.0,0.0,0.0,0.0,0.0,0.0,0.0
1780.0,9.872002237898414e-07,0.0,0.0,0.0,0.0,8.226668531582011e-05
1781.0,9.872002237898414e-07,0.0,0.0,0.0,0.0,8.226668531582011e-05
1782.0,0.0,0.0,0.0,0.0,0.0,0.0
1783.0,0.0,0.0,0.0,0.0,0.0,0.0
1784.0,0.0,0.0,0.0,0.0,0.0,0.0
1785.0,0.0,0.0,0.0,0.0,0.0,0.0
1786.0,0.0,0.0,0.0,0.0,0.0,0.0
1787.0,0.0,0.0,0.0,0.0,0.0,0.0
1788.0,0.0,0.0,0.0,0.0,0.0,0.0
1789.0,0.0,0.0,0.0,0.0,0.0,0.0
1790.0,0.0,0.0,0.0,0.0,0.0,0.0
1791.0,0.0,0.0,0.0,0.0,0.0,0.0
1792.0,0.0,0.0,0.0,0.0,0.0,0.0
1793.0,0.0,0.0,0.0,0.0,0.0,0.0
1794.0,0.0,0.0,0.0,0.0,0.0,0.0
1795.0,0.0,0.0,0.0,0.0,0.0,0.0
1796.0,0.0,0.0,0.0,0.0,0.0,0.0
1797.0,0.0,0.0,0.0,0.0,0.0,0.0
1798.0,0.0,0.0,0.0,0.0,0.0,0.0
1799.0,0.0,0.0,0.0,0.0,0.0,0.0
1800.0,0.0,0.0,0.0,0.0,0.0,0.0
1801.0,0.0,0.0,0.0,0.0,0.0,0.0
1802.0,0.0,0.0,0.0,0.0,0.0,0.0
1803.0,0.0,0.0,0.0,0.0,0.0,0.0
1804.0,0.0,0.0,0.0,0.0,0.0,0.0
1805.0,9.872002237898414e-07,0.0,0.0,0.0,0.0,8.226668531582011e-05
1806.0,9.872002237898414e-07,0.0,0.0,0.0,0.0,8.226668531582011e-05
1807.0,0.0,0.0,0.0,0.0,0.0,0.0
1808.0,0.0,0.0,0.0,0.0,0.0,0.0
1809.0,0.0,0.0,0.0,0.0,0.0,0.0
1810.0,0.0,0.0,0.0,0.0,0.0,0.0
1811.0,0.0,0.0,0.0,0.0,0.0,0.0
1812.0,0.0,0.0,0.0,0.0,0.0,0.0
1813.0,0.0,0.0,0.0,0.0,0.0,0.0
1814.0,0.0,0.0,0.0,0.0,0.0,0.0
1815.0,0.0,0.0,0.0,0.0,0.0,0.0
1816.0,0.0,0.0,0.0,0.0,0.0,0.0
1817.0,0.0,0.0,0.0,0.0,0.0,0.0
1818.0,0.0,0.0,0.0,0.0,0.0,0.0
1819.0,0.0,0.0,0.0,0.0,0.0,0.0
1820.0,0.0,0.0,0.0,0.0,0.0,0.0
1821.0,0.0,0.0,0.0,0.0,0.0,0.0
1822.0,0.0,0.0,0.0,0.0,0.0,0.0
1823.0,0.0,0.0,0.0,0.0,0.0,0.0
1824.0,0.0,0.0,0.0,0.0,0.0,0.0
1825.0,0.0,0.0,0.0,0.0,0.0,0.0
1826.0,0.0,0.0,0.0,0.0,0.0,0.0
1827.0,0.0,0.0,0.0,0.0,0.0,0.0
1828.0,0.0,0.0,0.0,0.0,0.0,0.0
1829.0,0.0,0.0,0.0,0.0,0.0,0.0
1830.0,9.872002237898414e-07,0.0,0.0,0.0,0.0,8.226668531582011e-05
1831.0,9.872002237898414e-07,0.0,0.0,0.0,0.0,8.226668531582011e-05
1832.0,0.0,0.0,0.0,0.0,0.0,0.0
1833.0,0.0,0.0,0.0,0.0,0.0,0.0
1834.0,0.0,0.0,0.0,0.0,0.0,0.0
1835.0,0.0,0.0,0.0,0.0,0.0,0.0
1836.0,0.0,0.0,0.0,0.0,0.0,0.0
1837.0,0.0,0.0,0.0,0.0,0.0,0.0
1838.0,0.0,0.0,0.0,0.0,0.0,0.0
1839.0,0.0,0.0,0.0,0.0,0.0,0.0
1840.0,0.0,0.0,0.0,0.0,0.0,0.0
1841.0,0.0,0.0,0.0,0.0,0.0,0.0
1842.0,0.0,0.0,0.0,0.0,0.0,0.0
1843.0,0.0,0.0,0.0,0.0,0.0,0.0
1844.0,0.0,0.0,0.0,0.0,0.0,0.0
1845.0,0.0,0.0,0.0,0.0,0.0,0.0
1846.0,0.0,0.0,0.0,0.0,0.0,0.0
1847.0,0.0,0.0,0.0,0.0,0.0,0.0
1848.0,0.0,0.0,0.0,0.0,0.0,0.0
1849.0,0.0,0.0,0.0,0.0,0.0,0.0
1850.0,0.0,0.0,0.0,0.0,0.0,0.0
1851.0,0.0,0.0,0.0,0.0,0.0,0.0
1852.0,0.0,0.0,0.0,0.0,0.0,0.0
1853.0,0.0,0.0,0.0,0.0,0.0,0.0
1854.0,0.0,0.0,0.0,0.0,0.0,0.0
1855.0,9.872002237898414e-07,0.0,0.0,0.0,0.0,8.226668531582011e-05
1856.0,9.872002237898414e-07,0.0,0.0,0.0,0.0,8.226668531582011e-05
1857.0,0.0,0.0,0.0,0.0,0.0,0.0
1858.0,0.0,0.0,0.0,0.0,0.0,0.0
1859.0,0.0,0.0,0.0,0.0,0.0,0.0
1860.0,0.0,0.0,0.0,0.0,0.0,0.0
1861.0,0.0,0.0,0.0,0.0,0.0,0.0
1862.0,0.0,0.0,0.0,0.0,0.0,0.0
1863.0,0.0,0.0,0.0,0.0,0.0,0.0
1864.0,0.0,0.0,0.0,0.0,0.0,0.0
1865.0,0.0,0.0,0.0,0.0,0.0,0.0
1866.0,0.0,0.0,0.0,0.0,0.0,0.0
1867.0,0.0,0.0,0.0,0.0,0.0,0.0
1868.0,0.0,0.0,0.0,0.0,0.0,0.0
1869.0,0.0,0.0,0.0,0.0,0.0,0.0
1870.0,0.0,0.0,0.0,0.0,0.0,0.0
1871.0,0.0,0.0,0.0,0.0,0.0,0.0
1872.0,0.0,0.0,0.0,0.0,0.0,0.0
1873.0,0.0,0.0,0.0,0.0,0.0,0.0
1874.0,0.0,0.0,0.0,0.0,0.0,0.0
1875.0,0.0,0.0,0.0,0.0,0.0,0.0
1876.0,0.0,0.0,0.0,0.0,0.0,0.0
1877.0,0.0,0.0,0.0,0.0,0.0,0.0
1878.0,0.0,0.0,0.0,0.0,0.0,0.0
1879.0,0.0,0.0,0.0,0.0,0.0,0.0
1880.0,9.872002237898414e-07,0.0,0.0,0.0,0.0,8.226668531582011e-05
1881.0,9.872002237898414e-07,0.0,0.0,0.0,0.0,8.226668531582011e-05
1882.0,0.0,0.0,0.0,0.0,0.0,0.0
1883.0,0.0,0.0,0.0,0.0,0.0,0.0
1884.0,0.0,0.0,0.0,0.0,0.0,0.0
1885.0,0.0,0.0,0.0,0.0,0.0,0.0
1886.0,0.0,0.0,0.0,0.0,0.0,0.0
1887.0,0.0,0.0,0.0,0.0,0.0,0.0
1888.0,0.0,0.0,0.0,0.0,0.0,0.0
1889.0,0.0,0.0,0.0,0.0,0.0,0.0
1890.0,0.0,0.0,0.0,0.0,0.0,0.0
1891.0,0.0,0.0,0.0,0.0,0.0,0.0
1892.0,0.0,0.0,0.0,0.0,0.0,0.0
1893.0,0.0,0.0,0.0,0.0,0.0,0.0
1894.0,0.0,0.0,0.0,0.0,0.0,0.0
1895.0,0.0,0.0,0.0,0.0,0.0,0.0
1896.0,0.0,0.0,0.0,0.0,0.0,0.0
1897.0,0.0,0.0,0.0,0.0,0.0,0.0
1898.0,0.0,0.0,0.0,0.0,0.0,0.0
1899.0,0.0,0.0,0.0,0.0,0.0,0.0
1900.0,0.0,0.0,0.0,0.0,0.0,0.0
1901.0,0.0,0.0,0.0,0.0,0.0,0.0
1902.0,0.0,0.0,0.0,0.0,0.0,0.0
1903.0,0.0,0.0,0.0,0.0,0.0,0.0
1904.0,0.0,0.0,0.0,0.0,0.0,0.0
1905.0,9.872002237898414e-07,0.0,0.0,0.0,0.0,8.226668531582011e-05
1906.0,9.872002237898414e-07,0.0,0.0,0.0,0.0,8.226668531582011e-05
1907.0,0.0,0.0,0.0,0.0,0.0,0.0
1908.0,0.0,0.0,0.0,0.0,0.0,0.0
1909.0,0.0,0.0,0.0,0.0,0.0,0.0
1910.0,0.0,0.0,0.0,0.0,0.0,0.0
1911.0,0.0,0.0,0.0,0.0,0.0,0.0
1912.0,0.0,0.0,0.0,0.0,0.0,0.0
1913.0,0.0,0.0,0.0,0.0,0.0,0.0
1914.0,0.0,0.0,0.0,0.0,0.0,0.0
1915.0,0.0,0.0,0.0,0.0,0.0,0.0
1916.0,0.0,0.0,0.0,0.0,0.0,0.0
1917.0,0.0,0.0,0.0,0.0,0.0,0.0
1918.0,0.0,0.0,0.0,0.0,0.0,0.0
1919.0,0.0,0.0,0.0,0.0,0.0,0.0
1920.0,0.0,0.0,0.0,0.0,0.0,0.0
1921.0,0.0,0.0,0.0,0.0,0.0,0.0
1922.0,0.0,0.0,0.0,0.0,0.0,0.0
1923.0,0.0,0.0,0.0,0.0,0.0,0.0
1924.0,0.0,0.0,0.0,0.0,0.0,0.0
1925.0,0.0,0.0,0.0,0.0,0.0,0.0
1926.0,0.0,0.0,0.0,0.0,0.0,0.0
1927.0,0.0,0.0,0.0,0.0,0.0,0.0
1928.0,0.0,0.0,0.0,0.0,0.0,0.0
1929.0,0.0,0.0,0.0,0.0,0.0,0.0
1930.0,9.872002237898414e-07,0.0,0.0,0.0,0.0,8.226668531582011e-05
1931.0,9.872002237898414e-07,0.0,0.0,0.0,0.0,8.226668531582011e-05
1932.0,0.0,0.0,0.0,0.0,0.0,0.0
1933.0,0.0,0.0,0.0,0.0,0.0,0.0
1934.0,0.0,0.0,0.0,0.0,0.0,0.0
1935.0,0.0,0.0,0.0,0.0,0.0,0.0
1936.0,0.0,0.0,0.0,0.0,0.0,0.0
1937.0,0.0,0.0,0.0,0.0,0.0,0.0
1938.0,0.0,0.0,0.0,0.0,0.0,0.0
1939.0,0.0,0.0,0.0,0.0,0.0,0.0
1940.0,0.0,0.0,0.0,0.0,0.0,0.0
1941.0,0.0,0.0,0.0,0.0,0.0,0.0
1942.0,0.0,0.0,0.0,0.0,0.0,0.0
1943.0,0.0,0.0,0.0,0.0,0.0,0.0
1944.0,0.0,0.0,0.0,0.0,0.0,0.0
1945.0,0.0,0.0,0.0,0.0,0.0,0.0
1946.0,0.0,0.0,0.0,0.0,0.0,0.0
1947.0,0.0,0.0,0.0,0.0,0.0,0.0
1948.0,0.0,0.0,0.0,0.0,0.0,0.0
1949.0,0.0,0.0,0.0,0.0,0.0,0.0
1950.0,0.0361764021217823,0.026241261512041092,0.0,0.00075117516098544,0.2326388888888889,3.0147001768151918
1951.0,0.0,0.0,0.0,0.0,0.0,0.0
1952.0,0.0,0.0,0.0,0.0,0.0,0.0
1953.0,0.0,0.0,0.0,0.0,0.0,0.0
1954.0,0.0,0.0,0.0,0.0,0.0,0.0
1955.0,0.00014562878641299903,1.4902258953952696e-05,0.0,7.842371269362047e-05,0.001736111111111111,0.012135732201083252
1956.0,0.0,0.0,0.0,0.0,0.0,0.0
1957.0,0.0,0.0,0.0,0.0,0.0,0.0
1958.0,0.0,0.0,0.0,0.0,0.0,0.0
1959.0,0.0,0.0,0.0,0.0,0.0,0.0
1960.0,0.0,0.0,0.0,0.0,0.0,0.0
1961.0,0.0,0.0,0.0,0.0,0.0,0.0
1962.0,0.0,0.0,0.0,0.0,0.0,0.0
1963.0,0.0,0.0,0.0,0.0,0.0,0.0
1964.0,0.0,0.0,0.0,0.0,0.0,0.0
1965.0,0.0,0.0,0.0,0.0,0.0,0.0
1966.0,0.0,0.0,0.0,0.0,0.0,0.0
1967.0,0.0,0.0,0.0,0.0,0.0,0.0
1968.0,0.0,0.0,0.0,0.0,0.0,0.0
1969.0,0.0,0.0,0.0,0.0,0.0,0.0
1970.0,0.0,0.0,0.0,0.0,0.0,0.0
1971.0,0.0,0.0,0.0,0.0,0.0,0.0
1972.0,0.0,0.0,0.0,0.0,0.0,0.0
1973.0,0.0,0.0,0.0,0.0,0.0,0.0
1974.0,0.0,0.0,0.0,0.0,0.0,0.0
1975.0,0.0,0.0,0.0,0.0,0.0,0.0
1976.0,0.0,0.0,0.0,0.0,0.0,0.0
1977.0,0.0,0.0,0.0,0.0,0.0,0.0
1978.0,0.0,0.0,0.0,0.0,0.0,0.0
1979.0,0.0,0.0,0.0,0.0,0.0,0.0
1980.0,0.0,0.0,0.0,0.0,0.0,0.0
1981.0,0.0,0.0,0.0,0.0,0.0,0.0
1982.0,0.0,0.0,0.0,0.0,0.0,0.0
1983.0,0.0,0.0,0.0,0.0,0.0,0.0
1984.0,0.0,0.0,0.0,0.0,0.0,0.0
1985.0,0.0,0.0,0.0,0.0,0.0,0.0
1986.0,0.0,0.0,0.0,0.0,0.0,0.0
1987.0,0.0,0.0,0.0,0.0,0.0,0.0
1988.0,0.0,0.0,0.0,0.0,0.0,0.0
1989.0,0.0,0.0,0.0,0.0,0.0,0.0
1990.0,0.0,0.0,0.0,0.0,0.0,0.0
1991.0,0.0,0.0,0.0,0.0,0.0,0.0
1992.0,0.0,0.0,0.0,0.0,0.0,0.0
1993.0,0.0,0.0,0.0,0.0,0.0,0.0
1994.0,0.0,0.0,0.0,0.0,0.0,0.0
1995.0,0.0,0.0,0.0,0.0,0.0,0.0
1996.0,0.0,0.0,0.0,0.0,0.0,0.0
1997.0,0.0,0.0,0.0,0.0,0.0,0.0
1998.0,0.0,0.0,0.0,0.0,0.0,0.0
1999.0,0.0,0.0,0.0,0.0,0.0,0.0
2000.0,0.0,0.0,0.0,0.0,0.0,0.0
2001.0,0.0,0.0,0.0,0.0,0.0,0.0
2002.0,0.0,0.0,0.0,0.0,0.0,0.0
2003.0,0.0,0.0,0.0,0.0,0.0,0.0
2004.0,0.0,0.0,0.0,0.0,0.0,0.0
2005.0,0.0,0.0,0.0,0.0,0.0,0.0
2006.0,0.0,0.0,0.0,0.0,0.0,0.0
2007.0,0.0,0.0,0.0,0.0,0.0,0.0
2008.0,0.0,0.0,0.0,0.0,0.0,0.0
2009.0,0.0,0.0,0.0,0.0,0.0,0.0
2010.0,0.0,0.0,0.0,0.0,0.0,0.0
2011.0,0.0,0.0,0.0,0.0,0.0,0.0
2012.0,0.0,0.0,0.0,0.0,0.0,0.0
2013.0,0.0,0.0,0.0,0.0,0.0,0.0
2014.0,0.0,0.0,0.0,0.0,0.0,0.0
2015.0,0.0,0.0,0.0,0.0,0.0,0.0
2016.0,0.0,0.0,0.0,0.0,0.0,0.0
2017.0,0.0,0.0,0.0,0.0,0.0,0.0
2018.0,0.0,0.0,0.0,0.0,0.0,0.0
2019.0,0.0,0.0,0.0,0.0,0.0,0.0
2020.0,0.0,0.0,0.0,0.0,0.0,0.0
2021.0,0.0,0.0,0.0,0.0,0.0,0.0
2022.0,0.0,0.0,0.0,0.0,0.0,0.0
2023.0,0.0,0.0,0.0,0.0,0.0,0.0
2024.0,0.0,0.0,0.0,0.0,0.0,0.0
2025.0,0.0,0.0,0.0,0.0,0.0,0.0
2026.0,0.0,0.0,0.0,0.0,0.0,0.0
2027.0,0.0,0.0,0.0,0.0,0.0,0.0
2028.0,0.0,0.0,0.0,0.0,0.0,0.0
2029.0,0.0,0.0,0.0,0.0,0.0,0.0
2030.0,0.0,0.0,0.0,0.0,0.0,0.0
2031.0,0.0,0.0,0.0,0.0,0.0,0.0
2032.0,0.0,0.0,0.0,0.0,0.0,0.0
2033.0,0.0,0.0,0.0,0.0,0.0,0.0
2034.0,0.0,0.0,0.0,0.0,0.0,0.0
2035.0,0.0,0.0,0.0,0.0,0.0,0.0
2036.0,0.0,0.0,0.0,0.0,0.0,0.0
2037.0,0.0,0.0,0.0,0.0,0.0,0.0
2038.0,0.0,0.0,0.0,0.0,0.0,0.0
2039.0,0.0,0.0,0.0,0.0,0.0,0.0
2040.0,0.0,0.0,0.0,0.0,0.0,0.0
2041.0,0.0,0.0,0.0,0.0,0.0,0.0
2042.0,0.0,0.0,0.0,0.0,0.0,0.0
2043.0,0.0,0.0,0.0,0.0,0.0,0.0
2044.0,0.0,0.0,0.0,0.0,0.0,0.0
2045.0,0.0,0.0,0.0,0.0,0.0,0.0
2046.0,0.0,0.0,0.0,0.0,0.0,0.0
2047.0,0.0,0.0,0.0,0.0,0.0,0.0
2048.0,0.0,0.0,0.0,0.0,0.0,0.0
2049.0,0.0,0.0,0.0,0.0,0.0,0.0
2050.0,0.0,0.0,0.0,0.0,0.0,0.0
2051.0,0.0,0.0,0.0,0.0,0.0,0.0
2052.0,0.0,0.0,0.0,0.0,0.0,0.0
2053.0,0.0,0.0,0.0,0.0,0.0,0.0
2054.0,0.0,0.0,0.0,0.0,0.0,0.0
2055.0,0.0,0.0,0.0,0.0,0.0,0.0
2056.0,0.0,0.0,0.0,0.0,0.0,0.0
2057.0,0.0,0.0,0.0,0.0,0.0,0.0
2058.0,0.0,0.0,0.0,0.0,0.0,0.0
2059.0,0.0,0.0,0.0,0.0,0.0,0.0
2060.0,0.0,0.0,0.0,0.0,0.0,0.0
2061.0,0.0,0.0,0.0,0.0,0.0,0.0
2062.0,0.0,0.0,0.0,0.0,0.0,0.0
2063.0,0.0,0.0,0.0,0.0,0.0,0.0
2064.0,0.0,0.0,0.0,0.0,0.0,0.0
2065.0,0.0,0.0,0.0,0.0,0.0,0.0
2066.0,0.0,0.0,0.0,0.0,0.0,0.0
2067.0,0.0,0.0,0.0,0.0,0.0,0.0
2068.0,0.0,0.0,0.0,0.0,0.0,0.0
2069.0,0.0,0.0,0.0,0.0,0.0,0.0
2070.0,0.0,0.0,0.0,0.0,0.0,0.0
2071.0,0.0,0.0,0.0,0.0,0.0,0.0
2072.0,0.03620501235127449,0.016686752438545227,0.0,0.0006843137089163065,0.21875,3.0170843626062074
2073.0,1.729365612845868e-05,1.9343680833117105e-05,0.0,0.0,0.0,0.00144113801070489
2074.0,0.0,0.0,0.0,0.0,0.0,0.0
2075.0,0.0,0.0,0.0,0.0,0.0,0.0
2076.0,0.0,0.0,0.0,0.0,0.0,0.0
2077.0,0.0,0.0,0.0,0.0,0.0,0.0
2078.0,0.0,0.0,0.0,0.0,0.0,0.0
2079.0,0.0,0.0,0.0,0.0,0.0,0.0
2080.0,0.0002063266874756664,0.00018542091129347682,0.0,8.027606963878497e-05,0.003472222222222222,0.023148148148148147
2081.0,0.0,0.0,0.0,0.0,0.0,0.0
2082.0,0.0,0.0,0.0,0.0,0.0,0.0
2083.0,0.0,0.0,0.0,0.0,0.0,0.0
2084.0,0.0,0.0,0.0,0.0,0.0,0.0
2085.0,0.0,0.0,0.0,0.0,0.0,0.0
2086.0,0.0,0.0,0.0,0.0,0.0,0.0
2087.0,0.0,0.0,0.0,0.0,0.0,0.0
2088.0,0.0,0.0,0.0,0.0,0.0,0.0
2089.0,0.0,0.0,0.0,0.0,0.0,0.0
2090.0,0.0,0.0,0.0,0.0,0.0,0.0
2091.0,0.0,0.0,0.0,0.0,0.0,0.0
2092.0,0.0,0.0,0.0,0.0,0.0,0.0
2093.0,0.0,0.0,0.0,0.0,0.0,0.0
2094.0,0.0,0.0,0.0,0.0,0.0,0.0
2095.0,0.0,0.0,0.0,0.0,0.0,0.0
2096.0,0.0,0.0,0.0,0.0,0.0,0.0
2097.0,0.0,0.0,0.0,0.0,0.0,0.0
2098.0,0.0,0.0,0.0,0.0,0.0,0.0
2099.0,0.0,0.0,0.0,0.0,0.0,0.0
2100.0,0.0,0.0,0.0,0.0,0.0,0.0
2101.0,0.0,0.0,0.0,0.0,0.0,0.0
2102.0,0.0,0.0,0.0,0.0,0.0,0.0
2103.0,0.0,0.0,0.0,0.0,0.0,0.0
2104.0,0.0,0.0,0.0,0.0,0.0,0.0
2105.0,0.0,0.0,0.0,0.0,0.0,0.0
2106.0,0.0,0.0,0.0,0.0,0.0,0.0
2107.0,0.0,0.0,0.0,0.0,0.0,0.0
2108.0,0.0,0.0,0.0,0.0,0.0,0.0
2109.0,0.00011860019731102511,0.0007668804610148072,0.0,0.0,0.003472222222222222,0.023148148148148147
2110.0,0.00022239238023757935,0.001437130500562489,0.0,0.0,0.001736111111111111,0.035928262514062226
2111.0,0.0002582430315669626,0.0010098874336108565,0.0,0.0,0.006944444444444444,0.046296296296296294
2112.0,0.00030443212017416954,0.0003106922085862607,0.0,0.0,0.006944444444444444,0.046296296296296294
2113.0,0.000358030287316069,0.0,0.0,0.0,0.012152777777777778,0.08101851851851852
2114.0,2.9246652047731914e-05,3.191665018675849e-05,0.0,0.0,0.003472222222222222,0.023148148148148147
2115.0,0.00026950566098093987,0.0,0.0,0.0,0.005208333333333333,0.034722222222222224
2116.0,0.0003427797928452492,0.0,0.0,0.0,0.008680555555555556,0.05787037037037038
2117.0,0.00023364814114756882,0.0,0.0,0.0,0.008680555555555556,0.05787037037037038
2118.0,0.00035290708183310926,0.0,0.0,0.0,0.008680555555555556,0.05787037037037038
2119.0,7.778456165397074e-06,0.0,0.0,0.0,0.0,0.0006482046804497562
2120.0,0.0,0.0,0.0,0.0,0.0,0.0
2121.0,0.0,0.0,0.0,0.0,0.0,0.0
2122.0,1.1732370694517158e-05,0.0,0.0,0.0,0.0,0.0009776975578764298
2123.0,0.00013033254072070122,0.0,0.0,0.0,0.003472222222222222,0.023148148148148147
2124.0,9.958806913346052e-05,0.0,0.0,0.0,0.001736111111111111,0.011574074074074073
2125.0,0.0001949379948200658,0.0,0.0,0.0,0.006944444444444444,0.046296296296296294
2126.0,0.00019851233810186386,0.0,0.0,0.0,0.001736111111111111,0.016542694841821987
2127.0,5.947029421804473e-05,0.0,0.0,0.0,0.005208333333333333,0.034722222222222224
2128.0,2.626293098728638e-05,0.0,0.0,0.0,0.001736111111111111,0.011574074074074073
2129.0,0.0,0.0,0.0,0.0,0.0,0.0
2130.0,6.7112414399161935e-06,0.0,0.0,0.0,0.0,0.0005592701199930161
2131.0,0.0,0.0,0.0,0.0,0.0,0.0
2132.0,0.0,0.0,0.0,0.0,0.0,0.0
2133.0,0.0,0.0,0.0,0.0,0.0,0.0
2134.0,0.0,0.0,0.0,0.0,0.0,0.0
2135.0,0.0,0.0,0.0,0.0,0.0,0.0
2136.0,0.0,0.0,0.0,0.0,0.0,0.0
2137.0,0.0,0.0,0.0,0.0,0.0,0.0
2138.0,0.0,0.0,0.0,0.0,0.0,0.0
2139.0,0.0,0.0,0.0,0.0,0.0,0.0
2140.0,0.0,0.0,0.0,0.0,0.0,0.0
2141.0,0.0,0.0,0.0,0.0,0.0,0.0
2142.0,0.0,0.0,0.0,0.0,0.0,0.0
2143.0,0.0,0.0,0.0,0.0,0.0,0.0
2144.0,0.0,0.0,0.0,0.0,0.0,0.0
2145.0,0.0,0.0,0.0,0.0,0.0,0.0
2146.0,0.0,0.0,0.0,0.0,0.0,0.0
2147.0,0.0,0.0,0.0,0.0,0.0,0.0
2148.0,0.0,0.0,0.0,0.0,0.0,0.0
2149.0,0.0,0.0,0.0,0.0,0.0,0.0
2150.0,0.0,0.0,0.0,0.0,0.0,0.0
2151.0,0.0,0.0,0.0,0.0,0.0,0.0
2152.0,0.0,0.0,0.0,0.0,0.0,0.0
2153.0,0.0,0.0,0.0,0.0,0.0,0.0
2154.0,0.0,0.0,0.0,0.0,0.0,0.0
2155.0,0.0,0.0,0.0,0.0,0.0,0.0
2156.0,8.510322402344173e-08,0.0,0.0,0.0,0.0,7.09193533528681e-06
2157.0,0.003188231261447072,0.0035120437387377024,0.0,0.0,0.08680555555555555,0.5787037037037037
2158.0,0.0,0.0,0.0,0.0,0.0,0.0
2159.0,0.0,0.0,0.0,0.0,0.0,0.0
2160.0,0.0,0.0,0.0,0.0,0.0,0.0
2161.0,0.0,0.0,0.0,0.0,0.0,0.0
2162.0,0.0,0.0,0.0,0.0,0.0,0.0
2163.0,0.0,0.0,0.0,0.0,0.0,0.0
2164.0,6.808278385506128e-08,0.0,0.0,0.0,0.0,5.673565321255107e-06
2165.0,0.0,0.0,0.0,0.0,0.0,0.0
2166.0,0.0,0.0,0.0,0.0,0.0,0.0
2167.0,0.0,0.0,0.0,0.0,0.0,0.0
2168.0,0.0,0.0,0.0,0.0,0.0,0.0
2169.0,0.0,0.0,0.0,0.0,0.0,0.0
2170.0,0.0,0.0,0.0,0.0,0.0,0.0
2171.0,0.0,0.0,0.0,0.0,0.0,0.0
2172.0,0.0,0.0,0.0,0.0,0.0,0.0
2173.0,0.0,0.0,0.0,0.0,0.0,0.0
2174.0,0.0,0.0,0.0,0.0,0.0,0.0
2175.0,0.0,0.0,0.0,0.0,0.0,0.0
2176.0,0.0,0.0,0.0,0.0,0.0,0.0
2177.0,0.0,0.0,0.0,0.0,0.0,0.0
2178.0,0.0,0.0,0.0,0.0,0.0,0.0
2179.0,0.0,0.0,0.0,0.0,0.0,0.0
2180.0,0.0,0.0,0.0,0.0,0.0,0.0
2181.0,0.0,0.0,0.0,0.0,0.0,0.0
2182.0,0.0,0.0,0.0,0.0,0.0,0.0
2183.0,0.0514565110206604,0.0302414670586586,0.0,0.0004124358238186687,0.2638888888888889,4.288042585055034
2184.0,0.0,0.0,0.0,0.0,0.0,0.0
2185.0,0.0,0.0,0.0,0.0,0.0,0.0
2186.0,0.0,0.0,0.0,0.0,0.0,0.0
2187.0,0.0,0.0,0.0,0.0,0.0,0.0
2188.0,0.0,0.0,0.0,0.0,0.0,0.0
2189.0,0.0,0.0,0.0,0.0,0.0,0.0
2190.0,0.0,0.0,0.0,0.0,0.0,0.0
2191.0,0.0,0.0,0.0,0.0,0.0,0.0
2192.0,0.0,0.0,0.0,0.0,0.0,0.0
2193.0,0.0,0.0,0.0,0.0,0.0,0.0
2194.0,0.0,0.0,0.0,0.0,0.0,0.0
2195.0,0.0,0.0,0.0,0.0,0.0,0.0
2196.0,0.0,0.0,0.0,0.0,0.0,0.0
2197.0,0.0,0.0,0.0,0.0,0.0,0.0
2198.0,0.0,0.0,0.0,0.0,0.0,0.0
2199.0,1.0382620985183166e-06,0.0,0.0,0.0,0.0,8.652184154319305e-05
2200.0,1.0382620985183166e-06,0.0,0.0,0.0,0.0,8.652184154319305e-05
2201.0,0.0,0.0,0.0,0.0,0.0,0.0
2202.0,0.0,0.0,0.0,0.0,0.0,0.0
2203.0,0.0,0.0,0.0,0.0,0.0,0.0
2204.0,0.0,0.0,0.0,0.0,0.0,0.0
2205.0,0.0,0.0,0.0,0.0,0.0,0.0
2206.0,0.0,0.0,0.0,0.0,0.0,0.0
2207.0,0.0,0.0,0.0,0.0,0.0,0.0
2208.0,0.0,0.0,0.0,0.0,0.0,0.0
2209.0,0.0,0.0,0.0,0.0,0.0,0.0
2210.0,0.0,0.0,0.0,0.0,0.0,0.0
2211.0,0.0,0.0,0.0,0.0,0.0,0.0
2212.0,0.0,0.0,0.0,0.0,0.0,0.0
2213.0,0.0,0.0,0.0,0.0,0.0,0.0
2214.0,0.0,0.0,0.0,0.0,0.0,0.0
2215.0,0.0,0.0,0.0,0.0,0.0,0.0
2216.0,0.0,0.0,0.0,0.0,0.0,0.0
2217.0,0.0,0.0,0.0,0.0,0.0,0.0
2218.0,0.0,0.0,0.0,0.0,0.0,0.0
2219.0,0.0,0.0,0.0,0.0,0.0,0.0
2220.0,0.0,0.0,0.0,0.0,0.0,0.0
2221.0,0.0,0.0,0.0,0.0,0.0,0.0
2222.0,0.0,0.0,0.0,0.0,0.0,0.0
2223.0,0.0,0.0,0.0,0.0,0.0,0.0
2224.0,1.0382620985183166e-06,0.0,0.0,0.0,0.0,8.652184154319305e-05
2225.0,1.0382620985183166e-06,0.0,0.0,0.0,0.0,8.652184154319305e-05
2226.0,0.0,0.0,0.0,0.0,0.0,0.0
2227.0,0.0,0.0,0.0,0.0,0.0,0.0
2228.0,0.0,0.0,0.0,0.0,0.0,0.0
2229.0,0.0,0.0,0.0,0.0,0.0,0.0
2230.0,0.0,0.0,0.0,0.0,0.0,0.0
2231.0,0.0,0.0,0.0,0.0,0.0,0.0
2232.0,0.0,0.0,0.0,0.0,0.0,0.0
2233.0,0.0,0.0,0.0,0.0,0.0,0.0
2234.0,0.0,0.0,0.0,0.0,0.0,0.0
2235.0,0.0,0.0,0.0,0.0,0.0,0.0
2236.0,0.0,0.0,0.0,0.0,0.0,0.0
2237.0,5.86873538850341e-05,0.0,0.0,0.0,0.0,0.004890612823752842
2238.0,6.646581459790468e-05,0.0,0.0,0.0,0.0,0.005538817883158724
2239.0,0.0,0.0,0.0,0.0,0.0,0.0
2240.0,0.0,0.0,0.0,0.0,0.0,0.0
2241.0,1.787172209333221e-06,0.0,0.0,0.0,0.0,0.00014893101744443507
2242.0,0.0,0.0,0.0,0.0,0.0,0.0
2243.0,0.0,0.0,0.0,0.0,0.0,0.0
2244.0,0.0,0.0,0.0,0.0,0.0,0.0
2245.0,0.0,0.0,0.0,0.0,0.0,0.0
2246.0,0.0,0.0,0.0,0.0,0.0,0.0
2247.0,0.0,0.0,0.0,0.0,0.0,0.0
2248.0,0.0,0.0,0.0,0.0,0.0,0.0
2249.0,1.0382620985183166e-06,0.0,0.0,0.0,0.0,8.652184154319305e-05
2250.0,1.0382620985183166e-06,0.0,0.0,0.0,0.0,8.652184154319305e-05
2251.0,0.0,0.0,0.0,0.0,0.0,0.0
2252.0,0.0,0.0,0.0,0.0,0.0,0.0
2253.0,0.0,0.0,0.0,0.0,0.0,0.0
2254.0,0.0,0.0,0.0,0.0,0.0,0.0
2255.0,0.0,0.0,0.0,0.0,0.0,0.0
2256.0,0.0,0.0,0.0,0.0,0.0,0.0
2257.0,0.00012712758325506002,0.0,0.0,0.0,0.0,0.010593965271255001
2258.0,1.7871716408990324e-06,0.0,0.0,0.0,0.0,0.00014893097007491937
2259.0,0.0,0.0,0.0,0.0,0.0,0.0
2260.0,0.0,0.0,0.0,0.0,0.0,0.0
2261.0,0.0,0.0,0.0,0.0,0.0,0.0
2262.0,0.0,0.0,0.0,0.0,0.0,0.0
2263.0,0.0,0.0,0.0,0.0,0.0,0.0
2264.0,0.0,0.0,0.0,0.0,0.0,0.0
2265.0,0.0,0.0,0.0,0.0,0.0,0.0
2266.0,0.0,0.0,0.0,0.0,0.0,0.0
2267.0,0.0,0.0,0.0,0.0,0.0,0.0
2268.0,0.0,0.0,0.0,0.0,0.0,0.0
2269.0,0.0,0.0,0.0,0.0,0.0,0.0
2270.0,0.0,0.0,0.0,0.0,0.0,0.0
2271.0,0.0,0.0,0.0,0.0,0.0,0.0
2272.0,0.0,0.0,0.0,0.0,0.0,0.0
2273.0,0.0,0.0,0.0,0.0,0.0,0.0
2274.0,1.0382620985183166e-06,0.0,0.0,0.0,0.0,8.652184154319305e-05
2275.0,1.0382620985183166e-06,0.0,0.0,0.0,0.0,8.652184154319305e-05
2276.0,0.0,0.0,0.0,0.0,0.0,0.0
2277.0,0.0,0.0,0.0,0.0,0.0,0.0
2278.0,0.0,0.0,0.0,0.0,0.0,0.0
2279.0,0.0,0.0,0.0,0.0,0.0,0.0
2280.0,0.0,0.0,0.0,0.0,0.0,0.0
2281.0,0.0,0.0,0.0,0.0,0.0,0.0
2282.0,0.0,0.0,0.0,0.0,0.0,0.0
2283.0,0.0,0.0,0.0,0.0,0.0,0.0
2284.0,0.0,0.0,0.0,0.0,0.0,0.0
2285.0,0.0,0.0,0.0,0.0,0.0,0.0
2286.0,0.0,0.0,0.0,0.0,0.0,0.0
2287.0,0.0,0.0,0.0,0.0,0.0,0.0
2288.0,0.0,0.0,0.0,0.0,0.0,0.0
2289.0,0.0,0.0,0.0,0.0,0.0,0.0
2290.0,0.0,0.0,0.0,0.0,0.0,0.0
2291.0,0.0,0.0,0.0,0.0,0.0,0.0
2292.0,0.0,0.0,0.0,0.0,0.0,0.0
2293.0,0.0,0.0,0.0,0.0,0.0,0.0
2294.0,0.0,0.0,0.0,0.0,0.0,0.0
2295.0,0.0,0.0,0.0,0.0,0.0,0.0
2296.0,0.0,0.0,0.0,0.0,0.0,0.0
2297.0,0.0,0.0,0.0,0.0,0.0,0.0
2298.0,0.0,0.0,0.0,0.0,0.0,0.0
2299.0,1.0382620985183166e-06,0.0,0.0,0.0,0.0,8.652184154319305e-05
2300.0,1.0382620985183166e-06,0.0,0.0,0.0,0.0,8.652184154319305e-05
2301.0,0.0,0.0,0.0,0.0,0.0,0.0
2302.0,0.0,0.0,0.0,0.0,0.0,0.0
2303.0,0.0,0.0,0.0,0.0,0.0,0.0
2304.0,2.0322706404840574e-05,0.0,0.0,0.0,0.0,0.0016935588670700479
2305.0,0.00016615600907243788,0.0,0.0,0.0,0.0,0.013846334089369824
2306.0,0.00013548473361879587,0.0,0.0,0.0,0.0,0.01129039446823299
2307.0,0.0001710069045657292,0.0,0.0,0.0,0.0,0.014250575380477432
2308.0,9.007350308820605e-05,0.0,0.0,0.0,0.0,0.007506125257350504
2309.0,0.00023651956871617585,0.0,0.0,0.0,0.0,0.019709964059681322
2310.0,0.00020933753694407642,0.0,0.0,0.0,0.0,0.017444794745339703
2311.0,2.3999184577405686e-06,0.0,0.0,0.0,0.0,0.00019999320481171404
2312.0,0.0,0.0,0.0,0.0,0.0,0.0
2313.0,0.00019541459914762527,0.0,0.0,0.0,0.0,0.016284549928968772
2314.0,0.0,0.0,0.0,0.0,0.0,0.0
2315.0,0.00017293024575337768,0.0,0.0,0.0,0.006944444444444444,0.046296296296296294
2316.0,0.00011448119767010212,0.0,0.0,0.0,0.0,0.009540099805841843
2317.0,0.00016966226394288242,0.0,0.0,0.0,0.003472222222222222,0.023148148148148147
2318.0,6.772534106858075e-05,0.0,0.0,0.0,0.0,0.005643778422381729
2319.0,0.00013075296010356396,0.0,0.0,0.0,0.003472222222222222,0.023148148148148147
2320.0,0.00020069100719410926,0.0,0.0,0.0,0.003472222222222222,0.023148148148148147
2321.0,0.00022021372569724917,0.0,0.0,0.0,0.003472222222222222,0.023148148148148147
2322.0,0.00012985087232664227,0.0,0.0,0.0,0.006944444444444444,0.046296296296296294
2323.0,0.0001615263900021091,0.0,0.0,0.0,0.006944444444444444,0.046296296296296294
2324.0,0.0004922384396195412,0.0,0.0,0.0,0.013888888888888888,0.09259259259259259
2325.0,1.1233664736209903e-06,0.0,0.0,0.0,0.0,9.36138728017492e-05
2326.0,0.0,0.0,0.0,0.0,0.0,0.0
2327.0,0.0,0.0,0.0,0.0,0.0,0.0
2328.0,0.0,0.0,0.0,0.0,0.0,0.0
2329.0,0.0,0.0,0.0,0.0,0.0,0.0
2330.0,0.0,0.0,0.0,0.0,0.0,0.0
2331.0,0.003058925038203597,0.0,0.0,0.0,0.04861111111111111,0.32407407407407407
2332.0,0.0,0.0,0.0,0.0,0.0,0.0
2333.0,1.1914435305016013e-07,0.0,0.0,0.0,0.0,9.928696087513345e-06
2334.0,0.0,0.0,0.0,0.0,0.0,0.0
2335.0,0.0,0.0,0.0,0.0,0.0,0.0
2336.0,0.0,0.0,0.0,0.0,0.0,0.0
2337.0,0.0,0.0,0.0,0.0,0.0,0.0
2338.0,0.0,0.0,0.0,0.0,0.0,0.0
2339.0,0.0,0.0,0.0,0.0,0.0,0.0
2340.0,0.0,0.0,0.0,0.0,0.0,0.0
2341.0,7.318896678043529e-06,0.0,0.0,0.0,0.0,0.0006099080565036274
2342.0,0.00013807188952341676,0.0,0.0,0.0,0.0,0.011505990793618063
2343.0,0.0,0.0,0.0,0.0,0.0,0.0
2344.0,0.0,0.0,0.0,0.0,0.0,0.0
2345.0,0.0,0.0,0.0,0.0,0.0,0.0
2346.0,0.0,0.0,0.0,0.0,0.0,0.0
2347.0,0.0,0.0,0.0,0.0,0.0,0.0
2348.0,0.0,0.0,0.0,0.0,0.0,0.0
2349.0,3.6254073165764567e-06,0.0,0.0,0.0,0.0,0.00030211727638137137
2350.0,1.0382620985183166e-06,0.0,0.0,0.0,0.0,8.652184154319305e-05
2351.0,0.0,0.0,0.0,0.0,0.0,0.0
2352.0,0.0,0.0,0.0,0.0,0.0,0.0
2353.0,0.0,0.0,0.0,0.0,0.0,0.0
2354.0,0.0,0.0,0.0,0.0,0.0,0.0
2355.0,0.0,0.0,0.0,0.0,0.0,0.0
2356.0,6.341910921037197e-05,0.0,0.0,0.0,0.0,0.005284925767530997
2357.0,0.0,0.0,0.0,0.0,0.0,0.0
2358.0,2.3488548777095275e-06,0.0,0.0,0.0,0.0,0.00019573790647579395
2359.0,0.0,0.0,0.0,0.0,0.0,0.0
2360.0,0.0,0.0,0.0,0.0,0.0,0.0
2361.0,0.0,0.0,0.0,0.0,0.0,0.0
2362.0,0.0,0.0,0.0,0.0,0.0,0.0
2363.0,4.5632481487700716e-05,0.0,0.0,0.0,0.0,0.003802706790641726
2364.0,0.0,0.0,0.0,0.0,0.0,0.0
2365.0,0.0002581358712632209,0.0,0.0,0.0,0.0,0.021511322605268408
2366.0,3.64753432222642e-05,0.0,0.0,0.0,0.0,0.0030396119351886832
2367.0,0.0,0.0,0.0,0.0,0.0,0.0
2368.0,0.0,0.0,0.0,0.0,0.0,0.0
2369.0,0.0,0.0,0.0,0.0,0.0,0.0
2370.0,0.0,0.0,0.0,0.0,0.0,0.0
2371.0,0.0,0.0,0.0,0.0,0.0,0.0
2372.0,0.0,0.0,0.0,0.0,0.0,0.0
2373.0,0.0,0.0,0.0,0.0,0.0,0.0
2374.0,1.0382620985183166e-06,0.0,0.0,0.0,0.0,8.652184154319305e-05
2375.0,1.0382620985183166e-06,0.0,0.0,0.0,0.0,8.652184154319305e-05
2376.0,0.0,0.0,0.0,0.0,0.0,0.0
2377.0,0.0,0.0,0.0,0.0,0.0,0.0
2378.0,0.0,0.0,0.0,0.0,0.0,0.0
2379.0,0.0,0.0,0.0,0.0,0.0,0.0
2380.0,0.0,0.0,0.0,0.0,0.0,0.0
2381.0,0.0,0.0,0.0,0.0,0.0,0.0
2382.0,0.0,0.0,0.0,0.0,0.0,0.0
2383.0,0.0,0.0,0.0,0.0,0.0,0.0
2384.0,0.0,0.0,0.0,0.0,0.0,0.0
2385.0,0.0,0.0,0.0,0.0,0.0,0.0
2386.0,0.0,0.0,0.0,0.0,0.0,0.0
2387.0,0.0,0.0,0.0,0.0,0.0,0.0
2388.0,0.0,0.0,0.0,0.0,0.0,0.0
2389.0,0.0,0.0,0.0,0.0,0.0,0.0
2390.0,0.0,0.0,0.0,0.0,0.0,0.0
2391.0,0.0,0.0,0.0,0.0,0.0,0.0
2392.0,8.457584044663236e-05,0.0,0.0,0.0,0.0,0.007047986703886029
2393.0,0.0,0.0,0.0,0.0,0.0,0.0
2394.0,0.00012309366138651967,0.0,0.0,0.0,0.0,0.010257805115543306
2395.0,0.0,0.0,0.0,0.0,0.0,0.0
2396.0,0.0,0.0,0.0,0.0,0.0,0.0
2397.0,0.00011386844562366605,0.0,0.0,0.0,0.0,0.009489037135305503
2398.0,0.0,0.0,0.0,0.0,0.0,0.0
2399.0,2.9275565793795977e-06,0.0,0.0,0.0,0.0,0.00024396304828163312
2400.0,1.0382620985183166e-06,0.0,0.0,0.0,0.0,8.652184154319305e-05
2401.0,0.0,0.0,0.0,0.0,0.0,0.0
2402.0,0.0,0.0,0.0,0.0,0.0,0.0
2403.0,0.0,0.0,0.0,0.0,0.0,0.0
2404.0,0.0,0.0,0.0,0.0,0.0,0.0
2405.0,0.0,0.0,0.0,0.0,0.0,0.0
2406.0,0.0,0.0,0.0,0.0,0.0,0.0
2407.0,0.0,0.0,0.0,0.0,0.0,0.0
2408.0,0.00011436203931225464,0.0,0.0,0.0,0.0,0.009530169942687886
2409.0,0.0,0.0,0.0,0.0,0.0,0.0
2410.0,4.496867404668592e-05,0.0,0.0,0.0,0.0,0.003747389503890493
2411.0,0.0,0.0,0.0,0.0,0.0,0.0
2412.0,0.0,0.0,0.0,0.0,0.0,0.0
2413.0,0.0,0.0,0.0,0.0,0.0,0.0
2414.0,0.0,0.0,0.0,0.0,0.0,0.0
2415.0,0.0,0.0,0.0,0.0,0.0,0.0
2416.0,5.957205075901584e-07,0.0,0.0,0.0,0.0,4.96433756325132e-05
2417.0,0.0,0.0,0.0,0.0,0.0,0.0
2418.0,0.0,0.0,0.0,0.0,0.0,0.0
2419.0,0.0,0.0,0.0,0.0,0.0,0.0
2420.0,0.0,0.0,0.0,0.0,0.0,0.0
2421.0,0.0,0.0,0.0,0.0,0.0,0.0
2422.0,4.37431808677502e-05,0.0,0.0,0.0,0.003472222222222222,0.023148148148148147
2423.0,0.00019621454703155905,0.0,0.0,0.0,0.003472222222222222,0.023148148148148147
2424.0,7.024439400993288e-05,0.0,0.0,0.0,0.003472222222222222,0.023148148148148147
2425.0,0.0001716707192827016,0.0,0.0,0.0,0.006944444444444444,0.046296296296296294
2426.0,0.00010750268847914413,0.0,0.0,0.0,0.003472222222222222,0.023148148148148147
2427.0,0.00010292412480339408,0.0,0.0,0.0,0.0,0.00857701040028284
2428.0,0.0,0.0,0.0,0.0,0.0,0.0
2429.0,0.0,0.0,0.0,0.0,0.0,0.0
2430.0,0.0,0.0,0.0,0.0,0.0,0.0
2431.0,0.0,0.0,0.0,0.0,0.0,0.0
2432.0,0.0,0.0,0.0,0.0,0.0,0.0
2433.0,3.8977377698756754e-06,0.0,0.0,0.0,0.0,0.00032481148082297295
2434.0,0.0,0.0,0.0,0.0,0.0,0.0
2435.0,0.0,0.0,0.0,0.0,0.0,0.0
2436.0,0.0,0.0,0.0,0.0,0.0,0.0
2437.0,0.0,0.0,0.0,0.0,0.0,0.0
2438.0,0.0,0.0,0.0,0.0,0.0,0.0
2439.0,0.0,0.0,0.0,0.0,0.0,0.0
2440.0,0.0,0.0,0.0,0.0,0.0,0.0
2441.0,0.0,0.0,0.0,0.0,0.0,0.0
2442.0,0.0,0.0,0.0,0.0,0.0,0.0
2443.0,0.0,0.0,0.0,0.0,0.0,0.0
2444.0,0.0,0.0,0.0,0.0,0.0,0.0
2445.0,0.0,0.0,0.0,0.0,0.0,0.0
2446.0,0.0,0.0,0.0,0.0,0.0,0.0
2447.0,0.0,0.0,0.0,0.0,0.0,0.0
2448.0,0.0,0.0,0.0,0.0,0.0,0.0
2449.0,1.0552827234278084e-06,0.0,0.0,0.0,0.0,8.794022695231736e-05
2450.0,1.0552827234278084e-06,0.0,0.0,0.0,0.0,8.794022695231736e-05
2451.0,0.0,0.0,0.0,0.0,0.0,0.0
2452.0,0.0,0.0,0.0,0.0,0.0,0.0
2453.0,0.0,0.0,0.0,0.0,0.0,0.0
2454.0,0.0007328259525820613,0.0,0.0,0.0,0.020833333333333332,0.1388888888888889
2455.0,0.0,0.0,0.0,0.0,0.0,0.0
2456.0,0.0,0.0,0.0,0.0,0.0,0.0
2457.0,0.0,0.0,0.0,0.0,0.0,0.0
2458.0,6.80825280596764e-08,0.0,0.0,0.0,0.0,5.673544004973034e-06
2459.0,0.0,0.0,0.0,0.0,0.0,0.0
2460.0,0.0,0.0,0.0,0.0,0.0,0.0
2461.0,0.0,0.0,0.0,0.0,0.0,0.0
2462.0,0.0,0.0,0.0,0.0,0.0,0.0
2463.0,8.028661250136793e-05,0.0,0.0,0.0,0.0,0.006690551041780661
2464.0,0.0,0.0,0.0,0.0,0.0,0.0
2465.0,0.0,0.0,0.0,0.0,0.0,0.0
2466.0,3.4552022043499164e-06,0.0,0.0,0.0,0.0,0.0002879335170291597
2467.0,0.0,0.0,0.0,0.0,0.0,0.0
2468.0,0.0,0.0,0.0,0.0,0.0,0.0
2469.0,0.0,0.0,0.0,0.0,0.0,0.0
2470.0,2.537785258027725e-05,0.0,0.0,0.0,0.0,0.0021148210483564376
2471.0,8.180145232472569e-05,0.0,0.0,0.0,0.0,0.00681678769372714
2472.0,0.0,0.0,0.0,0.0,0.0,0.0
2473.0,0.00018717657076194882,0.0,0.0,0.0,0.0,0.015598047563495735
2474.0,3.829653905995656e-06,0.0,0.0,0.0,0.0,0.000319137825499638
2475.0,3.6849807656835765e-05,0.0,0.0,0.0,0.006944444444444444,0.046296296296296294
2476.0,0.00025684226420708,0.0,0.0,0.0,0.006944444444444444,0.046296296296296294
2477.0,0.000301096064504236,0.0,0.0,0.0,0.006944444444444444,0.046296296296296294
2478.0,0.00023599190171808004,0.0,0.0,0.0,0.003472222222222222,0.023148148148148147
2479.0,0.000257012463407591,0.0,0.0,0.0,0.006944444444444444,0.046296296296296294
2480.0,0.0,0.0,0.0,0.0,0.0,0.0
2481.0,0.0002056439989246428,0.0,0.0,0.0,0.006944444444444444,0.046296296296296294
2482.0,0.000202052659005858,0.0,0.0,0.0,0.006944444444444444,0.046296296296296294
2483.0,0.0003225081309210509,0.0,0.0,0.0,0.010416666666666666,0.06944444444444445
2484.0,0.00019616349891293794,0.0,0.0,0.0,0.003472222222222222,0.023148148148148147
2485.0,0.00017495571228209883,0.0,0.0,0.0,0.003472222222222222,0.023148148148148147
2486.0,0.0002345792017877102,0.0,0.0,0.0,0.006944444444444444,0.046296296296296294
2487.0,5.567469270317815e-05,0.0,0.0,0.0,0.003472222222222222,0.023148148148148147
2488.0,5.72065582673531e-05,0.0,0.0,0.0,0.0,0.004767213188946092
2489.0,0.00011114512744825333,0.0,0.0,0.0,0.003472222222222222,0.023148148148148147
2490.0,0.0,0.0,0.0,0.0,0.0,0.0
2491.0,9.906040759233292e-06,0.0,0.0,0.0,0.0,0.0008255033966027744
2492.0,0.0,0.0,0.0,0.0,0.0,0.0
2493.0,0.0,0.0,0.0,0.0,0.0,0.0
2494.0,0.0,0.0,0.0,0.0,0.0,0.0
2495.0,0.0,0.0,0.0,0.0,0.0,0.0
2496.0,0.0,0.0,0.0,0.0,0.0,0.0
2497.0,0.0,0.0,0.0,0.0,0.0,0.0
2498.0,0.0,0.0,0.0,0.0,0.0,0.0
2499.0,1.1914481774510932e-06,0.0,0.0,0.0,0.0,9.928734812092443e-05
2500.0,1.1914481774510932e-06,0.0,0.0,0.0,0.0,9.928734812092443e-05
2501.0,0.0,0.0,0.0,0.0,0.0,0.0
2502.0,0.0,0.0,0.0,0.0,0.0,0.0
2503.0,2.0867370039923117e-05,0.0,0.0,0.0,0.0,0.0017389475033269264
2504.0,0.00033845650614239275,0.0,0.0,0.0,0.013888888888888888,0.09259259259259259
2505.0,0.00015619890473317355,0.0,0.0,0.0,0.003472222222222222,0.023148148148148147
2506.0,0.0,0.0,0.0,0.0,0.0,0.0
2507.0,0.0,0.0,0.0,0.0,0.0,0.0
2508.0,4.49346543973661e-06,0.0,0.0,0.0,0.0,0.0003744554533113842
2509.0,0.0,0.0,0.0,0.0,0.0,0.0
2510.0,0.0,0.0,0.0,0.0,0.0,0.0
2511.0,0.0,0.0,0.0,0.0,0.0,0.0
2512.0,0.0,0.0,0.0,0.0,0.0,0.0
2513.0,0.0,0.0,0.0,0.0,0.0,0.0
2514.0,0.0,0.0,0.0,0.0,0.0,0.0
2515.0,0.0,0.0,0.0,0.0,0.0,0.0
2516.0,0.0,0.0,0.0,0.0,0.0,0.0
2517.0,0.0,0.0,0.0,0.0,0.0,0.0
2518.0,0.0,0.0,0.0,0.0,0.0,0.0
2519.0,0.00023020488151814789,0.0,0.0,0.0,0.010416666666666666,0.06944444444444445
2520.0,0.0004302150337025523,0.0,0.0,0.0,0.013888888888888888,0.09259259259259259
2521.0,3.259462755522691e-05,0.0,0.0,0.0,0.003472222222222222,0.023148148148148147
2522.0,0.00029188787448219955,0.0,0.0,0.0,0.006944444444444444,0.046296296296296294
2523.0,0.0001569988817209378,0.0,0.0,0.0,0.006944444444444444,0.046296296296296294
2524.0,0.0001877212052932009,0.0,0.0,0.0,0.003472222222222222,0.023148148148148147
2525.0,1.3786755062028533e-06,0.0,0.0,0.0,0.0,0.00011488962551690443
2526.0,0.0,0.0,0.0,0.0,0.0,0.0
2527.0,0.0,0.0,0.0,0.0,0.0,0.0
2528.0,0.0,0.0,0.0,0.0,0.0,0.0
2529.0,0.0,0.0,0.0,0.0,0.0,0.0
2530.0,0.0,0.0,0.0,0.0,0.0,0.0
2531.0,0.0,0.0,0.0,0.0,0.0,0.0
2532.0,0.0,0.0,0.0,0.0,0.0,0.0
2533.0,0.0,0.0,0.0,0.0,0.0,0.0
2534.0,9.320532262790948e-05,0.0,0.0,0.0,0.003472222222222222,0.023148148148148147
2535.0,0.00028824544278904796,0.0,0.0,0.0,0.010416666666666666,0.06944444444444445
2536.0,5.033019624534063e-05,0.0,0.0,0.0,0.0,0.0041941830204450525
2537.0,0.0,0.0,0.0,0.0,0.0,0.0
2538.0,5.718950887967367e-06,0.0,0.0,0.0,0.0,0.0004765792406639472
2539.0,0.0002585102920420468,0.0,0.0,0.0,0.013888888888888888,0.09259259259259259
2540.0,0.00017088775348383933,0.0,0.0,0.0,0.003472222222222222,0.023148148148148147
2541.0,0.00018966161587741226,0.0,0.0,0.0,0.006944444444444444,0.046296296296296294
2542.0,0.00029421973158605397,0.0,0.0,0.0,0.006944444444444444,0.046296296296296294
2543.0,0.00019313383381813765,0.0,0.0,0.0,0.003472222222222222,0.023148148148148147
2544.0,0.0,0.0,0.0,0.0,0.0,0.0
2545.0,0.00015306709974538535,0.0,0.0,0.0,0.006944444444444444,0.046296296296296294
2546.0,0.0001729132200125605,0.0,0.0,0.0,0.003472222222222222,0.023148148148148147
2547.0,0.0002573869423940778,0.0,0.0,0.0,0.003472222222222222,0.023148148148148147
2548.0,0.00016329654317814857,0.0,0.0,0.0,0.0,0.013608045264845714
2549.0,0.00019058068573940545,0.0,0.0,0.0,0.010416666666666666,0.06944444444444445
2550.0,1.412716642334999e-06,0.0,0.0,0.0,0.0,0.00011772638686124992
2551.0,0.00011962145799770951,0.0,0.0,0.0,0.003472222222222222,0.023148148148148147
2552.0,0.0,0.0,0.0,0.0,0.0,0.0
2553.0,0.0,0.0,0.0,0.0,0.0,0.0
2554.0,0.0,0.0,0.0,0.0,0.0,0.0
2555.0,0.0,0.0,0.0,0.0,0.0,0.0
2556.0,2.0918432710459456e-05,0.0,0.0,0.0,0.0,0.0017432027258716212
2557.0,0.00017515997751615942,0.0,0.0,0.0,0.003472222222222222,0.023148148148148147
2558.0,0.00010510277934372425,0.0,0.0,0.0,0.003472222222222222,0.023148148148148147
2559.0,0.00011352802539477125,0.0,0.0,0.0,0.003472222222222222,0.023148148148148147
2560.0,0.00018099804583471268,0.0,0.0,0.0,0.003472222222222222,0.023148148148148147
2561.0,8.833739411784336e-05,0.0,0.0,0.0,0.0,0.00736144950982028
2562.0,0.0002377790806349367,0.0,0.0,0.0,0.0,0.019814923386244725
2563.0,0.00015815628285054117,0.0,0.0,0.0,0.0,0.013179690237545097
2564.0,0.00014205470506567508,0.0,0.0,0.0,0.0,0.011837892088806257
2565.0,0.0,0.0,0.0,0.0,0.0,0.0
2566.0,1.1999593880318571e-05,0.0,0.0,0.0,0.0,0.0009999661566932143
2567.0,0.0,0.0,0.0,0.0,0.0,0.0
2568.0,0.0,0.0,0.0,0.0,0.0,0.0
2569.0,0.0,0.0,0.0,0.0,0.0,0.0
2570.0,0.0,0.0,0.0,0.0,0.0,0.0
2571.0,0.0,0.0,0.0,0.0,0.0,0.0
2572.0,0.0,0.0,0.0,0.0,0.0,0.0
2573.0,0.0,0.0,0.0,0.0,0.0,0.0
2574.0,1.5488815279240953e-06,0.0,0.0,0.0,0.0,0.00012907346066034128
2575.0,1.5488815279240953e-06,0.0,0.0,0.0,0.0,0.00012907346066034128
2576.0,0.0,0.0,0.0,0.0,0.0,0.0
2577.0,0.0,0.0,0.0,0.0,0.0,0.0
2578.0,0.0,0.0,0.0,0.0,0.0,0.0
2579.0,0.00012440425052773207,0.0,0.0,0.0,0.0,0.010367020877311006
2580.0,8.91884155862499e-06,0.0,0.0,0.0,0.0,0.0007432367965520825
2581.0,0.00010791120439535007,0.0,0.0,0.0,0.0,0.008992600366279172
2582.0,0.0002784075040835887,0.0,0.0,0.0,0.003472222222222222,0.02320062534029906
2583.0,5.276414867694257e-06,0.0,0.0,0.0,0.0,0.0004397012389745214
2584.0,0.0,0.0,0.0,0.0,0.0,0.0
2585.0,0.0,0.0,0.0,0.0,0.0,0.0
2586.0,0.0,0.0,0.0,0.0,0.0,0.0
2587.0,0.0,0.0,0.0,0.0,0.0,0.0
2588.0,0.0,0.0,0.0,0.0,0.0,0.0
2589.0,0.008773980662226677,0.0,0.0,0.0,0.1840277777777778,1.226851851851852
2590.0,1.3616556771012256e-07,0.0,0.0,0.0,0.0,1.1347130642510214e-05
2591.0,1.0212405641141231e-06,0.0,0.0,0.0,0.0,8.510338034284359e-05
2592.0,0.0,0.0,0.0,0.0,0.0,0.0
2593.0,0.0,0.0,0.0,0.0,0.0,0.0
2594.0,0.0,0.0,0.0,0.0,0.0,0.0
2595.0,0.0,0.0,0.0,0.0,0.0,0.0
2596.0,0.0,0.0,0.0,0.0,0.0,0.0
2597.0,0.0,0.0,0.0,0.0,0.0,0.0
2598.0,0.0,0.0,0.0,0.0,0.0,0.0
2599.0,1.0382620985183166e-06,0.0,0.0,0.0,0.0,8.652184154319305e-05
2600.0,1.0382620985183166e-06,0.0,0.0,0.0,0.0,8.652184154319305e-05
2601.0,0.0,0.0,0.0,0.0,0.0,0.0
2602.0,0.0,0.0,0.0,0.0,0.0,0.0
2603.0,0.0,0.0,0.0,0.0,0.0,0.0
2604.0,0.0,0.0,0.0,0.0,0.0,0.0
2605.0,0.0,0.0,0.0,0.0,0.0,0.0
2606.0,0.0,0.0,0.0,0.0,0.0,0.0
2607.0,0.0,0.0,0.0,0.0,0.0,0.0
2608.0,0.0,0.0,0.0,0.0,0.0,0.0
2609.0,0.0,0.0,0.0,0.0,0.0,0.0
2610.0,0.0,0.0,0.0,0.0,0.0,0.0
2611.0,0.0,0.0,0.0,0.0,0.0,0.0
2612.0,0.0,0.0,0.0,0.0,0.0,0.0
2613.0,0.0,0.0,0.0,0.0,0.0,0.0
2614.0,0.0,0.0,0.0,0.0,0.0,0.0
2615.0,0.0,0.0,0.0,0.0,0.0,0.0
2616.0,0.0,0.0,0.0,0.0,0.0,0.0
2617.0,0.0,0.0,0.0,0.0,0.0,0.0
2618.0,0.0,0.0,0.0,0.0,0.0,0.0
2619.0,0.0,0.0,0.0,0.0,0.0,0.0
2620.0,0.0,0.0,0.0,0.0,0.0,0.0
2621.0,0.0,0.0,0.0,0.0,0.0,0.0
2622.0,0.0,0.0,0.0,0.0,0.0,0.0
2623.0,0.0,0.0,0.0,0.0,0.0,0.0
2624.0,1.0382620985183166e-06,0.0,0.0,0.0,0.0,8.652184154319305e-05
2625.0,1.0382620985183166e-06,0.0,0.0,0.0,0.0,8.652184154319305e-05
2626.0,0.0,0.0,0.0,0.0,0.0,0.0
2627.0,0.0,0.0,0.0,0.0,0.0,0.0
2628.0,0.0,0.0,0.0,0.0,0.0,0.0
2629.0,0.0,0.0,0.0,0.0,0.0,0.0
2630.0,0.0,0.0,0.0,0.0,0.0,0.0
2631.0,0.0,0.0,0.0,0.0,0.0,0.0
2632.0,0.0,0.0,0.0,0.0,0.0,0.0
2633.0,0.0,0.0,0.0,0.0,0.0,0.0
2634.0,0.00011003878171322867,0.0,0.0,0.0,0.010416666666666666,0.06944444444444445
2635.0,0.00010215821384917945,0.0,0.0,0.0,0.003472222222222222,0.023148148148148147
2636.0,0.0002812329330481589,0.0,0.0,0.0,0.013888888888888888,0.09259259259259259
2637.0,0.00011992780491709709,0.0,0.0,0.0,0.006944444444444444,0.046296296296296294
2638.0,0.0,0.0,0.0,0.0,0.0,0.0
2639.0,0.0,0.0,0.0,0.0,0.0,0.0
2640.0,0.0,0.0,0.0,0.0,0.0,0.0
2641.0,5.906181741011096e-06,0.0,0.0,0.0,0.0,0.0004921818117509247
2642.0,0.0,0.0,0.0,0.0,0.0,0.0
2643.0,0.0,0.0,0.0,0.0,0.0,0.0
2644.0,0.0,0.0,0.0,0.0,0.0,0.0
2645.0,0.0002333196607651189,0.0,0.0,0.0,0.006944444444444444,0.046296296296296294
2646.0,0.0,0.0,0.0,0.0,0.0,0.0
2647.0,0.0,0.0,0.0,0.0,0.0,0.0
2648.0,0.0,0.0,0.0,0.0,0.0,0.0
2649.0,0.00015766266733407974,0.0,0.0,0.0,0.010416666666666666,0.06944444444444445
2650.0,0.00014239511801861227,0.0,0.0,0.0,0.006944444444444444,0.046296296296296294
2651.0,0.0,0.0,0.0,0.0,0.0,0.0
2652.0,0.0,0.0,0.0,0.0,0.0,0.0
2653.0,0.0,0.0,0.0,0.0,0.0,0.0
2654.0,0.0,0.0,0.0,0.0,0.0,0.0
2655.0,0.0,0.0,0.0,0.0,0.0,0.0
2656.0,0.0,0.0,0.0,0.0,0.0,0.0
2657.0,0.0,0.0,0.0,0.0,0.0,0.0
2658.0,1.2765530073011178e-06,0.0,0.0,0.0,0.0,0.00010637941727509315
2659.0,0.0,0.0,0.0,0.0,0.0,0.0
2660.0,0.0,0.0,0.0,0.0,0.0,0.0
2661.0,0.0011415949556976557,0.0,0.0,0.0,0.059027777777777776,0.39351851851851855
2662.0,0.0,0.0,0.0,0.0,0.0,0.0
2663.0,0.0,0.0,0.0,0.0,0.0,0.0
2664.0,0.0,0.0,0.0,0.0,0.0,0.0
2665.0,0.0,0.0,0.0,0.0,0.0,0.0
2666.0,0.0,0.0,0.0,0.0,0.0,0.0
2667.0,0.0,0.0,0.0,0.0,0.0,0.0
2668.0,0.0,0.0,0.0,0.0,0.0,0.0
2669.0,0.0,0.0,0.0,0.0,0.0,0.0
2670.0,0.0,0.0,0.0,0.0,0.0,0.0
2671.0,0.048080962151288986,0.023503050208091736,1.9348221030668356e-05,0.00027349332231096923,0.28125,4.006746845940749
2672.0,1.1251548130530864e-05,8.15043313195929e-06,1.9348221030668356e-05,0.0,0.0,0.000937629010877572
2673.0,0.0,0.0,0.0,0.0,0.0,0.0
2674.0,0.0,0.0,0.0,0.0,0.0,0.0
2675.0,0.0,0.0,0.0,0.0,0.0,0.0
2676.0,0.0,0.0,0.0,0.0,0.0,0.0
2677.0,0.0,0.0,0.0,0.0,0.0,0.0
2678.0,0.0,0.0,0.0,0.0,0.0,0.0
2679.0,0.0,0.0,0.0,0.0,0.0,0.0
2680.0,0.0,0.0,0.0,0.0,0.0,0.0
2681.0,0.0,0.0,0.0,0.0,0.0,0.0
2682.0,0.0,0.0,0.0,0.0,0.0,0.0
2683.0,0.0,0.0,0.0,0.0,0.0,0.0
2684.0,0.0,0.0,0.0,0.0,0.0,0.0
2685.0,0.0,0.0,0.0,0.0,0.0,0.0
2686.0,0.0,0.0,0.0,0.0,0.0,0.0
2687.0,0.0,0.0,0.0,0.0,0.0,0.0
2688.0,0.0,0.0,0.0,0.0,0.0,0.0
2689.0,0.0,0.0,0.0,0.0,0.0,0.0
2690.0,0.0,0.0,0.0,0.0,0.0,0.0
2691.0,0.0,0.0,0.0,0.0,0.0,0.0
2692.0,0.0,0.0,0.0,0.0,0.0,0.0
2693.0,0.0,0.0,0.0,0.0,0.0,0.0
2694.0,0.0,0.0,0.0,0.0,0.0,0.0
2695.0,0.0,0.0,0.0,0.0,0.0,0.0
2696.0,1.1251548130530864e-05,8.15043313195929e-06,1.9348221030668356e-05,0.0,0.0,0.000937629010877572
2697.0,1.1251548130530864e-05,8.15043313195929e-06,1.9348221030668356e-05,0.0,0.0,0.000937629010877572
2698.0,0.0,0.0,0.0,0.0,0.0,0.0
2699.0,0.0,0.0,0.0,0.0,0.0,0.0
2700.0,0.0002781691728159785,0.0,0.0,0.0,0.0,0.023180764401331544
2701.0,5.43130372534506e-05,0.0,0.0,0.0,0.0,0.0045260864377875505
2702.0,0.0,0.0,0.0,0.0,0.0,0.0
2703.0,0.0,0.0,0.0,0.0,0.0,0.0
2704.0,0.0,0.0,0.0,0.0,0.0,0.0
2705.0,2.9275518045324134e-06,0.0,0.0,0.0,0.0,0.0002439626503777011
2706.0,0.0,0.0,0.0,0.0,0.0,0.0
2707.0,0.0,0.0,0.0,0.0,0.0,0.0
2708.0,0.0,0.0,0.0,0.0,0.0,0.0
2709.0,0.0,0.0,0.0,0.0,0.0,0.0
2710.0,0.0,0.0,0.0,0.0,0.0,0.0
2711.0,0.0,0.0,0.0,0.0,0.0,0.0
2712.0,0.0,0.0,0.0,0.0,0.0,0.0
2713.0,6.095110438764095e-05,0.0,0.0,0.0,0.0,0.005079258698970079
2714.0,8.149507630150765e-05,0.0,0.0,0.0,0.0,0.006791256358458971
2715.0,0.00013543367094825953,0.0,0.0,0.0,0.0,0.011286139245688295
2716.0,0.0,0.0,0.0,0.0,0.0,0.0
2717.0,0.0,0.0,0.0,0.0,0.0,0.0
2718.0,0.0,0.0,0.0,0.0,0.0,0.0
2719.0,0.0,0.0,0.0,0.0,0.0,0.0
2720.0,0.0,0.0,0.0,0.0,0.0,0.0
2721.0,1.516630709375022e-05,8.15043313195929e-06,1.9348221030668356e-05,0.0,0.0,0.001263858924479185
2722.0,1.1472818187030498e-05,8.15043313195929e-06,1.9348221030668356e-05,0.0,0.0,0.0009560681822525414
2723.0,0.0,0.0,0.0,0.0,0.0,0.0
2724.0,0.0,0.0,0.0,0.0,0.0,0.0
2725.0,0.0,0.0,0.0,0.0,0.0,0.0
2726.0,0.0,0.0,0.0,0.0,0.0,0.0
2727.0,0.0,0.0,0.0,0.0,0.0,0.0
2728.0,0.0,0.0,0.0,0.0,0.0,0.0
2729.0,0.0,0.0,0.0,0.0,0.0,0.0
2730.0,0.0,0.0,0.0,0.0,0.0,0.0
2731.0,0.0,0.0,0.0,0.0,0.0,0.0
2732.0,0.0,0.0,0.0,0.0,0.0,0.0
2733.0,0.0,0.0,0.0,0.0,0.0,0.0
2734.0,0.0,0.0,0.0,0.0,0.0,0.0
2735.0,0.0,0.0,0.0,0.0,0.0,0.0
2736.0,0.0,0.0,0.0,0.0,0.0,0.0
2737.0,0.0,0.0,0.0,0.0,0.0,0.0
2738.0,0.0,0.0,0.0,0.0,0.0,0.0
2739.0,0.0,0.0,0.0,0.0,0.0,0.0
2740.0,0.0,0.0,0.0,0.0,0.0,0.0
2741.0,0.0,0.0,0.0,0.0,0.0,0.0
2742.0,0.0,0.0,0.0,0.0,0.0,0.0
2743.0,0.0,0.0,0.0,0.0,0.0,0.0
2744.0,0.0,0.0,0.0,0.0,0.0,0.0
2745.0,0.0,0.0,0.0,0.0,0.0,0.0
2746.0,1.1472818187030498e-05,8.15043313195929e-06,1.9348221030668356e-05,0.0,0.0,0.0009560681822525414
2747.0,1.1472818187030498e-05,8.15043313195929e-06,1.9348221030668356e-05,0.0,0.0,0.0009560681822525414
2748.0,0.0,0.0,0.0,0.0,0.0,0.0
2749.0,0.0,0.0,0.0,0.0,0.0,0.0
2750.0,0.0006097833393141627,0.0,0.0,0.0,0.0,0.05081527827618023
2751.0,0.0,0.0,0.0,0.0,0.0,0.0
2752.0,0.0,0.0,0.0,0.0,0.0,0.0
2753.0,0.0,0.0,0.0,0.0,0.0,0.0
2754.0,0.0,0.0,0.0,0.0,0.0,0.0
2755.0,6.297648269537603e-07,0.0,0.0,0.0,0.0,5.2480402246146696e-05
2756.0,0.0,0.0,0.0,0.0,0.0,0.0
2757.0,0.0,0.0,0.0,0.0,0.0,0.0
2758.0,0.0,0.0,0.0,0.0,0.0,0.0
2759.0,0.0,0.0,0.0,0.0,0.0,0.0
2760.0,0.0,0.0,0.0,0.0,0.0,0.0
2761.0,0.0,0.0,0.0,0.0,0.0,0.0
2762.0,0.0,0.0,0.0,0.0,0.0,0.0
2763.0,0.0,0.0,0.0,0.0,0.0,0.0
2764.0,0.0,0.0,0.0,0.0,0.0,0.0
2765.0,0.0,0.0,0.0,0.0,0.0,0.0
2766.0,0.0,0.0,0.0,0.0,0.0,0.0
2767.0,0.0,0.0,0.0,0.0,0.0,0.0
2768.0,0.0,0.0,0.0,0.0,0.0,0.0
2769.0,0.0,0.0,0.0,0.0,0.0,0.0
2770.0,0.0,0.0,0.0,0.0,0.0,0.0
2771.0,1.1251548130530864e-05,8.15043313195929e-06,1.9348221030668356e-05,0.0,0.0,0.000937629010877572
2772.0,1.1251548130530864e-05,8.15043313195929e-06,1.9348221030668356e-05,0.0,0.0,0.000937629010877572
2773.0,0.0,0.0,0.0,0.0,0.0,0.0
2774.0,0.0,0.0,0.0,0.0,0.0,0.0
2775.0,0.0,0.0,0.0,0.0,0.0,0.0
2776.0,0.0,0.0,0.0,0.0,0.0,0.0
2777.0,0.0,0.0,0.0,0.0,0.0,0.0
2778.0,0.0,0.0,0.0,0.0,0.0,0.0
2779.0,0.0,0.0,0.0,0.0,0.0,0.0
2780.0,0.0,0.0,0.0,0.0,0.0,0.0
2781.0,0.0,0.0,0.0,0.0,0.0,0.0
2782.0,0.0,0.0,0.0,0.0,0.0,0.0
2783.0,0.0,0.0,0.0,0.0,0.0,0.0
2784.0,0.0,0.0,0.0,0.0,0.0,0.0
2785.0,0.0,0.0,0.0,0.0,0.0,0.0
2786.0,0.0,0.0,0.0,0.0,0.0,0.0
2787.0,0.0,0.0,0.0,0.0,0.0,0.0
2788.0,0.0,0.0,0.0,0.0,0.0,0.0
2789.0,0.0,0.0,0.0,0.0,0.0,0.0
2790.0,0.0,0.0,0.0,0.0,0.0,0.0
2791.0,0.0,0.0,0.0,0.0,0.0,0.0
2792.0,0.0,0.0,0.0,0.0,0.0,0.0
2793.0,0.0,0.0,0.0,0.0,0.0,0.0
2794.0,0.0,0.0,0.0,0.0,0.0,0.0
2795.0,0.0,0.0,0.0,0.0,0.0,0.0
2796.0,1.1251548130530864e-05,8.15043313195929e-06,1.9348221030668356e-05,0.0,0.0,0.000937629010877572
2797.0,1.1251548130530864e-05,8.15043313195929e-06,1.9348221030668356e-05,0.0,0.0,0.000937629010877572
2798.0,0.0,0.0,0.0,0.0,0.0,0.0
2799.0,0.0,0.0,0.0,0.0,0.0,0.0
2800.0,0.0,0.0,0.0,0.0,0.0,0.0
2801.0,0.0,0.0,0.0,0.0,0.0,0.0
2802.0,0.0,0.0,0.0,0.0,0.0,0.0
2803.0,0.0,0.0,0.0,0.0,0.0,0.0
2804.0,0.0,0.0,0.0,0.0,0.0,0.0
2805.0,0.0,0.0,0.0,0.0,0.0,0.0
2806.0,0.0,0.0,0.0,0.0,0.0,0.0
2807.0,0.0,0.0,0.0,0.0,0.0,0.0
2808.0,0.0,0.0,0.0,0.0,0.0,0.0
2809.0,0.0,0.0,0.0,0.0,0.0,0.0
2810.0,0.0,0.0,0.0,0.0,0.0,0.0
2811.0,0.0,0.0,0.0,0.0,0.0,0.0
2812.0,0.0,0.0,0.0,0.0,0.0,0.0
2813.0,0.0,0.0,0.0,0.0,0.0,0.0
2814.0,0.0,0.0,0.0,0.0,0.0,0.0
2815.0,0.0,0.0,0.0,0.0,0.0,0.0
2816.0,0.00024429801851511,0.0,0.0,0.0,0.001736111111111111,0.020358168209592502
2817.0,0.0002486552984919399,0.0,0.0,0.0,0.0,0.020721274874328326
2818.0,5.511300332727842e-05,0.0,0.0,0.0,0.001736111111111111,0.011574074074074073
2819.0,0.0002009462914429605,0.0,0.0,0.0,0.001736111111111111,0.016745524286913376
2820.0,0.0,0.0,0.0,0.0,0.0,0.0
2821.0,1.6647105439915322e-05,8.15043313195929e-06,1.9348221030668356e-05,0.0,0.0,0.0013872587866596102
2822.0,1.1251548130530864e-05,8.15043313195929e-06,1.9348221030668356e-05,0.0,0.0,0.000937629010877572
2823.0,0.0,0.0,0.0,0.0,0.0,0.0
2824.0,0.0,0.0,0.0,0.0,0.0,0.0
2825.0,0.0,0.0,0.0,0.0,0.0,0.0
2826.0,0.0,0.0,0.0,0.0,0.0,0.0
2827.0,0.0,0.0,0.0,0.0,0.0,0.0
2828.0,0.0,0.0,0.0,0.0,0.0,0.0
2829.0,0.0,0.0,0.0,0.0,0.0,0.0
2830.0,0.0,0.0,0.0,0.0,0.0,0.0
2831.0,0.0,0.0,0.0,0.0,0.0,0.0
2832.0,0.0,0.0,0.0,0.0,0.0,0.0
2833.0,0.0,0.0,0.0,0.0,0.0,0.0
2834.0,0.0,0.0,0.0,0.0,0.0,0.0
2835.0,0.0,0.0,0.0,0.0,0.0,0.0
2836.0,0.0,0.0,0.0,0.0,0.0,0.0
2837.0,0.0,0.0,0.0,0.0,0.0,0.0
2838.0,0.0,0.0,0.0,0.0,0.0,0.0
2839.0,0.0,0.0,0.0,0.0,0.0,0.0
2840.0,0.0,0.0,0.0,0.0,0.0,0.0
2841.0,0.0,0.0,0.0,0.0,0.0,0.0
2842.0,0.0,0.0,0.0,0.0,0.0,0.0
2843.0,0.0,0.0,0.0,0.0,0.0,0.0
2844.0,0.0,0.0,0.0,0.0,0.0,0.0
2845.0,0.0,0.0,0.0,0.0,0.0,0.0
2846.0,1.1251548130530864e-05,8.15043313195929e-06,1.9348221030668356e-05,0.0,0.0,0.000937629010877572
2847.0,1.1251548130530864e-05,8.15043313195929e-06,1.9348221030668356e-05,0.0,0.0,0.000937629010877572
2848.0,0.0,0.0,0.0,0.0,0.0,0.0
2849.0,0.0,0.0,0.0,0.0,0.0,0.0
2850.0,0.0,0.0,0.0,0.0,0.0,0.0
2851.0,0.0,0.0,0.0,0.0,0.0,0.0
2852.0,0.0,0.0,0.0,0.0,0.0,0.0
2853.0,0.0,0.0,0.0,0.0,0.0,0.0
2854.0,0.0,0.0,0.0,0.0,0.0,0.0
2855.0,0.0,0.0,0.0,0.0,0.0,0.0
2856.0,0.0,0.0,0.0,0.0,0.0,0.0
2857.0,0.0,0.0,0.0,0.0,0.0,0.0
2858.0,0.0,0.0,0.0,0.0,0.0,0.0
2859.0,0.0,0.0,0.0,0.0,0.0,0.0
2860.0,0.0,0.0,0.0,0.0,0.0,0.0
2861.0,0.0,0.0,0.0,0.0,0.0,0.0
2862.0,0.0,0.0,0.0,0.0,0.0,0.0
2863.0,0.0,0.0,0.0,0.0,0.0,0.0
2864.0,0.0,0.0,0.0,0.0,0.0,0.0
2865.0,0.0,0.0,0.0,0.0,0.0,0.0
2866.0,0.0,0.0,0.0,0.0,0.0,0.0
2867.0,0.0,0.0,0.0,0.0,0.0,0.0
2868.0,0.00015864988381508738,0.0,0.0,0.0,0.0,0.013220823651257282
2869.0,2.1377993107307702e-05,0.0,0.0,0.0,0.0,0.0017814994256089751
2870.0,0.0,0.0,0.0,0.0,0.0,0.0
2871.0,0.0009394921362400055,8.15043313195929e-06,1.9348221030668356e-05,0.0,0.005208333333333333,0.07829101135333379
2872.0,1.1251548130530864e-05,8.15043313195929e-06,1.9348221030668356e-05,0.0,0.0,0.000937629010877572
2873.0,0.00010460917837917805,0.0,0.0,0.0,0.001736111111111111,0.011574074074074073
2874.0,0.0001098685825127177,0.0,0.0,0.0,0.001736111111111111,0.011574074074074073
2875.0,6.025324182701297e-06,0.0,0.0,0.0,0.0,0.0005021103485584414
2876.0,0.00023078358208294958,0.0,0.0,0.0,0.003472222222222222,0.023148148148148147
2877.0,0.00010814949200721458,0.0,0.0,0.0,0.001736111111111111,0.011574074074074073
2878.0,5.3547108109341934e-05,0.0,0.0,0.0,0.0,0.004462259009111828
2879.0,0.00013911012501921505,0.0,0.0,0.0,0.0,0.01159251041826792
2880.0,0.00021282675152178854,0.0,0.0,0.0,0.006944444444444444,0.046296296296296294
2881.0,0.00016230932669714093,0.0,0.0,0.0,0.005208333333333333,0.034722222222222224
2882.0,0.0,0.0,0.0,0.0,0.0,0.0
2883.0,0.0,0.0,0.0,0.0,0.0,0.0
2884.0,0.0,0.0,0.0,0.0,0.0,0.0
2885.0,6.103620398789644e-05,0.0,0.0,0.0,0.0,0.005086350332324703
2886.0,0.00010316242696717381,0.0,0.0,0.0,0.0,0.008596868913931152
2887.0,6.821894203312695e-05,0.0,0.0,0.0,0.0,0.005684911836093913
2888.0,0.00029333465499803424,0.0,0.0,0.0,0.0,0.02444455458316952
2889.0,0.0001790747046470642,0.0,0.0,0.0,0.0,0.014922892053922016
2890.0,0.0001362676703138277,0.0,0.0,0.0,0.001736111111111111,0.011574074074074073
2891.0,0.00018826588348019868,0.0,0.0,0.0,0.001736111111111111,0.01568882362334989
2892.0,0.00013112742453813553,0.0,0.0,0.0,0.005208333333333333,0.034722222222222224
2893.0,0.00014566309982910752,0.0,0.0,0.0,0.005208333333333333,0.034722222222222224
2894.0,0.0,0.0,0.0,0.0,0.0,0.0
2895.0,0.0,0.0,0.0,0.0,0.0,0.0
2896.0,2.1940548322163522e-05,8.15043313195929e-06,1.9348221030668356e-05,0.0,0.0,0.0018283790268469602
2897.0,1.2221729775774293e-05,8.15043313195929e-06,1.9348221030668356e-05,0.0,0.0,0.0010184774813145243
2898.0,0.0,0.0,0.0,0.0,0.0,0.0
2899.0,0.0,0.0,0.0,0.0,0.0,0.0
2900.0,0.0,0.0,0.0,0.0,0.0,0.0
2901.0,0.0,0.0,0.0,0.0,0.0,0.0
2902.0,0.0,0.0,0.0,0.0,0.0,0.0
2903.0,0.0,0.0,0.0,0.0,0.0,0.0
2904.0,0.0,0.0,0.0,0.0,0.0,0.0
2905.0,0.0,0.0,0.0,0.0,0.0,0.0
2906.0,0.0,0.0,0.0,0.0,0.0,0.0
2907.0,0.0,0.0,0.0,0.0,0.0,0.0
2908.0,0.0,0.0,0.0,0.0,0.0,0.0
2909.0,0.0,0.0,0.0,0.0,0.0,0.0
2910.0,0.0,0.0,0.0,0.0,0.0,0.0
2911.0,0.0,0.0,0.0,0.0,0.0,0.0
2912.0,0.0,0.0,0.0,0.0,0.0,0.0
2913.0,0.0,0.0,0.0,0.0,0.0,0.0
2914.0,0.0,0.0,0.0,0.0,0.0,0.0
2915.0,0.0,0.0,0.0,0.0,0.0,0.0
2916.0,0.0,0.0,0.0,0.0,0.0,0.0
2917.0,0.0,0.0,0.0,0.0,0.0,0.0
2918.0,0.0,0.0,0.0,0.0,0.0,0.0
2919.0,0.0,0.0,0.0,0.0,0.0,0.0
2920.0,0.0024174321442842484,0.0,0.0,0.0,0.034722222222222224,0.2314814814814815
2921.0,1.23749123304151e-05,8.15043313195929e-06,1.9348221030668356e-05,0.0,0.0,0.0010312426942012582
2922.0,1.1251548130530864e-05,8.15043313195929e-06,1.9348221030668356e-05,0.0,0.0,0.000937629010877572
2923.0,0.0,0.0,0.0,0.0,0.0,0.0
2924.0,0.0,0.0,0.0,0.0,0.0,0.0
2925.0,0.0,0.0,0.0,0.0,0.0,0.0
2926.0,0.0,0.0,0.0,0.0,0.0,0.0
2927.0,0.0,0.0,0.0,0.0,0.0,0.0
2928.0,0.0,0.0,0.0,0.0,0.0,0.0
2929.0,0.0,0.0,0.0,0.0,0.0,0.0
2930.0,0.0,0.0,0.0,0.0,0.0,0.0
2931.0,0.0,0.0,0.0,0.0,0.0,0.0
2932.0,0.0,0.0,0.0,0.0,0.0,0.0
2933.0,1.387186421197839e-05,0.0,0.0,0.0,0.0,0.0011559886843315326
2934.0,0.0001936444459715858,0.0,0.0,0.0,0.0,0.016137037164298818
2935.0,0.0,0.0,0.0,0.0,0.0,0.0
2936.0,0.0,0.0,0.0,0.0,0.0,0.0
2937.0,0.0,0.0,0.0,0.0,0.0,0.0
2938.0,2.9275565793795977e-06,0.0,0.0,0.0,0.0,0.00024396304828163312
2939.0,0.0,0.0,0.0,0.0,0.0,0.0
2940.0,0.0001961975358426571,0.0,0.0,0.0,0.0,0.016349794653554756
2941.0,1.8909993741544895e-05,0.0,0.0,0.0,0.0,0.001575832811795408
2942.0,0.0,0.0,0.0,0.0,0.0,0.0
2943.0,0.0,0.0,0.0,0.0,0.0,0.0
2944.0,0.0,0.0,0.0,0.0,0.0,0.0
2945.0,0.0,0.0,0.0,0.0,0.0,0.0
2946.0,1.3345088518690318e-05,8.15043313195929e-06,1.9348221030668356e-05,0.0,0.0,0.00111209070989086
2947.0,0.00020091311307623982,8.15043313195929e-06,1.9348221030668356e-05,0.0,0.0,0.016742759423019987
2948.0,6.461054726969451e-05,0.0,0.0,0.0,0.0,0.005384212272474542
2949.0,0.0,0.0,0.0,0.0,0.0,0.0
2950.0,0.0,0.0,0.0,0.0,0.0,0.0
2951.0,0.0,0.0,0.0,0.0,0.0,0.0
2952.0,0.0,0.0,0.0,0.0,0.0,0.0
2953.0,0.0,0.0,0.0,0.0,0.0,0.0
2954.0,0.0,0.0,0.0,0.0,0.0,0.0
2955.0,2.7062869776273146e-06,0.0,0.0,0.0,0.0,0.0002255239148022762
2956.0,0.0,0.0,0.0,0.0,0.0,0.0
2957.0,0.0,0.0,0.0,0.0,0.0,0.0
2958.0,0.0,0.0,0.0,0.0,0.0,0.0
2959.0,0.0,0.0,0.0,0.0,0.0,0.0
2960.0,0.0,0.0,0.0,0.0,0.0,0.0
2961.0,0.0,0.0,0.0,0.0,0.0,0.0
2962.0,0.0,0.0,0.0,0.0,0.0,0.0
2963.0,0.0,0.0,0.0,0.0,0.0,0.0
2964.0,0.0,0.0,0.0,0.0,0.0,0.0
2965.0,0.0,0.0,0.0,0.0,0.0,0.0
2966.0,0.0,0.0,0.0,0.0,0.0,0.0
2967.0,0.0,0.0,0.0,0.0,0.0,0.0
2968.0,0.0,0.0,0.0,0.0,0.0,0.0
2969.0,0.0,0.0,0.0,0.0,0.0,0.0
2970.0,0.0006770321633666754,0.0,0.0,0.0,0.0,0.05641934694722295
2971.0,1.3157862667867448e-05,8.15043313195929e-06,1.9348221030668356e-05,0.0,0.0,0.0010964885556556208
2972.0,1.1251548130530864e-05,8.15043313195929e-06,1.9348221030668356e-05,0.0,0.0,0.000937629010877572
2973.0,0.0,0.0,0.0,0.0,0.0,0.0
2974.0,0.0,0.0,0.0,0.0,0.0,0.0
2975.0,0.0,0.0,0.0,0.0,0.0,0.0
2976.0,0.0,0.0,0.0,0.0,0.0,0.0
2977.0,7.637186354259029e-05,0.0,0.0,0.0,0.006944444444444444,0.046296296296296294
2978.0,0.00026919928495772183,0.0,0.0,0.0,0.003472222222222222,0.023148148148148147
2979.0,0.00022598376381210983,0.0,0.0,0.0,0.001736111111111111,0.018831980317675818
2980.0,0.00019755920220632106,0.0,0.0,0.0,0.003472222222222222,0.023148148148148147
2981.0,0.0002531828067731112,0.0,0.0,0.0,0.005208333333333333,0.034722222222222224
2982.0,6.808304675587351e-08,0.0,0.0,0.0,0.0,5.673587229656126e-06
2983.0,0.00010814949200721458,0.0,0.0,0.0,0.003472222222222222,0.023148148148148147
2984.0,0.0002496935776434839,0.0,0.0,0.0,0.005208333333333333,0.034722222222222224
2985.0,0.0001426504459232092,0.0,0.0,0.0,0.001736111111111111,0.011887537160267433
2986.0,0.0001978144864551723,0.0,0.0,0.0,0.006944444444444444,0.046296296296296294
2987.0,0.00022697098029311746,0.0,0.0,0.0,0.006944444444444444,0.046296296296296294
2988.0,0.000244689523242414,0.0,0.0,0.0,0.006944444444444444,0.046296296296296294
2989.0,0.0002477702219039202,0.0,0.0,0.0,0.010416666666666666,0.06944444444444445
2990.0,0.00010840480535989627,0.0,0.0,0.0,0.003472222222222222,0.023148148148148147
2991.0,0.00024196617596317083,0.0,0.0,0.0,0.006944444444444444,0.046296296296296294
2992.0,0.00028034785646013916,0.0,0.0,0.0,0.006944444444444444,0.046296296296296294
2993.0,0.00024717452470213175,0.0,0.0,0.0,0.003472222222222222,0.023148148148148147
2994.0,0.00022569441352970898,0.0,0.0,0.0,0.006944444444444444,0.046296296296296294
2995.0,1.51484186972084e-06,0.0,0.0,0.0,0.0,0.00012623682247673665
2996.0,0.0003015225229319185,8.15043313195929e-06,1.9348221030668356e-05,0.0,0.010416666666666666,0.06944444444444445
2997.0,0.00017510977340862155,8.15043313195929e-06,1.9348221030668356e-05,0.0,0.010416666666666666,0.06944444444444445
2998.0,0.00022406037896871567,0.0,0.0,0.0,0.017361111111111112,0.11574074074074076
2999.0,0.0001684878661762923,0.0,0.0,0.0,0.003472222222222222,0.023148148148148147
3000.0,0.0,0.0,0.0,0.0,0.0,0.0
3001.0,0.0,0.0,0.0,0.0,0.0,0.0
3002.0,0.0,0.0,0.0,0.0,0.0,0.0
3003.0,0.0,0.0,0.0,0.0,0.0,0.0
3004.0,0.004352531861513853,0.0,0.0,0.0,0.10416666666666667,0.6944444444444445
3005.0,0.0,0.0,0.0,0.0,0.0,0.0
3006.0,0.0,0.0,0.0,0.0,0.0,0.0
3007.0,0.0,0.0,0.0,0.0,0.0,0.0
3008.0,0.0001257999538211152,0.0,0.0,0.0,0.003472222222222222,0.023148148148148147
3009.0,9.710307494970039e-05,0.0,0.0,0.0,0.0,0.008091922912475033
3010.0,0.000194631633348763,0.0,0.0,0.0,0.003472222222222222,0.023148148148148147
3011.0,0.0002322643849765882,0.0,0.0,0.0,0.001736111111111111,0.01935536541471568
3012.0,0.0002240603935206309,0.0,0.0,0.0,0.003472222222222222,0.023148148148148147
3013.0,9.497560313320719e-06,0.0,0.0,0.0,0.0,0.0007914633594433932
3014.0,7.916324102552608e-05,0.0,0.0,0.0,0.006944444444444444,0.046296296296296294
3015.0,0.0,0.0,0.0,0.0,0.0,0.0
3016.0,0.00026804188382811844,0.0,0.0,0.0,0.006944444444444444,0.046296296296296294
3017.0,0.0001800278841983527,0.0,0.0,0.0,0.001736111111111111,0.015002323683196057
3018.0,0.00012908494682051241,0.0,0.0,0.0,0.001736111111111111,0.011574074074074073
3019.0,0.00016230934124905616,0.0,0.0,0.0,0.003472222222222222,0.023148148148148147
3020.0,0.00018314264889340848,0.0,0.0,0.0,0.003472222222222222,0.023148148148148147
3021.0,3.428054696996696e-05,8.15043313195929e-06,1.9348221030668356e-05,0.0,0.0,0.002856712247497247
3022.0,0.00010758867574622855,8.15043313195929e-06,1.9348221030668356e-05,0.0,0.005208333333333333,0.034722222222222224
3023.0,0.00015105864440556616,0.0,0.0,0.0,0.005208333333333333,0.034722222222222224
3024.0,0.00026235697441734374,0.0,0.0,0.0,0.003472222222222222,0.023148148148148147
3025.0,0.00015871795767452568,0.0,0.0,0.0,0.005208333333333333,0.034722222222222224
3026.0,6.013411621097475e-05,0.0,0.0,0.0,0.003472222222222222,0.023148148148148147
3027.0,0.00012658289051614702,0.0,0.0,0.0,0.006944444444444444,0.046296296296296294
3028.0,0.0,0.0,0.0,0.0,0.0,0.0
3029.0,0.0,0.0,0.0,0.0,0.0,0.0
3030.0,8.52736320666736e-06,0.0,0.0,0.0,0.0,0.0007106136005556133
3031.0,0.0,0.0,0.0,0.0,0.0,0.0
3032.0,0.0,0.0,0.0,0.0,0.0,0.0
3033.0,0.0,0.0,0.0,0.0,0.0,0.0
3034.0,0.0,0.0,0.0,0.0,0.0,0.0
3035.0,0.0,0.0,0.0,0.0,0.0,0.0
3036.0,0.0,0.0,0.0,0.0,0.0,0.0
3037.0,0.0,0.0,0.0,0.0,0.0,0.0
3038.0,0.0,0.0,0.0,0.0,0.0,0.0
3039.0,0.0,0.0,0.0,0.0,0.0,0.0
3040.0,0.0,0.0,0.0,0.0,0.0,0.0
3041.0,0.0,0.0,0.0,0.0,0.0,0.0
3042.0,0.0,0.0,0.0,0.0,0.0,0.0
3043.0,0.0,0.0,0.0,0.0,0.0,0.0
3044.0,0.0,0.0,0.0,0.0,0.0,0.0
3045.0,0.0,0.0,0.0,0.0,0.0,0.0
3046.0,1.225577034347225e-05,8.15043313195929e-06,1.9348221030668356e-05,0.0,0.0,0.001021314195289354
3047.0,1.225577034347225e-05,8.15043313195929e-06,1.9348221030668356e-05,0.0,0.0,0.001021314195289354
3048.0,0.0,0.0,0.0,0.0,0.0,0.0
3049.0,0.0,0.0,0.0,0.0,0.0,0.0
3050.0,0.0,0.0,0.0,0.0,0.0,0.0
3051.0,0.0,0.0,0.0,0.0,0.0,0.0
3052.0,0.0,0.0,0.0,0.0,0.0,0.0
3053.0,0.0,0.0,0.0,0.0,0.0,0.0
3054.0,0.0,0.0,0.0,0.0,0.0,0.0
3055.0,0.0,0.0,0.0,0.0,0.0,0.0
3056.0,0.002738340524956584,0.0,0.0,0.0,0.0625,0.4166666666666667
3057.0,0.0,0.0,0.0,0.0,0.0,0.0
3058.0,0.0,0.0,0.0,0.0,0.0,0.0
3059.0,0.0,0.0,0.0,0.0,0.0,0.0
3060.0,0.0,0.0,0.0,0.0,0.0,0.0
3061.0,0.0,0.0,0.0,0.0,0.0,0.0
3062.0,0.0,0.0,0.0,0.0,0.0,0.0
3063.0,0.0,0.0,0.0,0.0,0.0,0.0
3064.0,0.0,0.0,0.0,0.0,0.0,0.0
3065.0,0.0,0.0,0.0,0.0,0.0,0.0
3066.0,0.0,0.0,0.0,0.0,0.0,0.0
3067.0,0.0,0.0,0.0,0.0,0.0,0.0
3068.0,0.0,0.0,0.0,0.0,0.0,0.0
3069.0,0.0,0.0,0.0,0.0,0.0,0.0
3070.0,0.0,0.0,0.0,0.0,0.0,0.0
3071.0,1.1251548130530864e-05,8.15043313195929e-06,1.9348221030668356e-05,0.0,0.0,0.000937629010877572
3072.0,1.1251548130530864e-05,8.15043313195929e-06,1.9348221030668356e-05,0.0,0.0,0.000937629010877572
3073.0,1.0876223313971423e-05,0.0,0.0,0.0,0.0,0.0009063519428309519
3074.0,9.744348062667996e-05,0.0,0.0,0.0,0.0,0.00812029005222333
3075.0,0.0,0.0,0.0,0.0,0.0,0.0
3076.0,0.0,0.0,0.0,0.0,0.0,0.0
3077.0,0.0,0.0,0.0,0.0,0.0,0.0
3078.0,0.0,0.0,0.0,0.0,0.0,0.0
3079.0,0.0,0.0,0.0,0.0,0.0,0.0
3080.0,1.1914520428035758e-06,0.0,0.0,0.0,0.0,9.928767023363132e-05
3081.0,0.0,0.0,0.0,0.0,0.0,0.0
3082.0,0.0,0.0,0.0,0.0,0.0,0.0
3083.0,0.00010857501183636487,0.0,0.0,0.0,0.0,0.009047917653030405
3084.0,0.0,0.0,0.0,0.0,0.0,0.0
3085.0,0.0,0.0,0.0,0.0,0.0,0.0
3086.0,0.0,0.0,0.0,0.0,0.0,0.0
3087.0,0.0,0.0,0.0,0.0,0.0,0.0
3088.0,1.5318704527089722e-07,0.0,0.0,0.0,0.0,1.2765587105908102e-05
3089.0,0.0,0.0,0.0,0.0,0.0,0.0
3090.0,0.0,0.0,0.0,0.0,0.0,0.0
3091.0,0.0,0.0,0.0,0.0,0.0,0.0
3092.0,0.0,0.0,0.0,0.0,0.0,0.0
3093.0,0.0,0.0,0.0,0.0,0.0,0.0
3094.0,0.0,0.0,0.0,0.0,0.0,0.0
3095.0,0.0,0.0,0.0,0.0,0.0,0.0
3096.0,1.1251548130530864e-05,8.15043313195929e-06,1.9348221030668356e-05,0.0,0.0,0.000937629010877572
3097.0,0.03603352978825569,0.011670484207570553,1.9348221030668356e-05,0.00038430278073064983,0.1597222222222222,3.0027941490213075
3098.0,2.020080319198314e-05,1.4732126146554947e-05,0.0,0.0,0.0,0.0016834002659985952
3099.0,0.0,0.0,0.0,0.0,0.0,0.0
3100.0,0.036024659872055054,0.011665998958051205,0.0,0.00038430278073064983,0.1597222222222222,3.002054989337921
3101.0,0.0,0.0,0.0,0.0,0.0,0.0
3102.0,0.0,0.0,0.0,0.0,0.0,0.0
3103.0,0.0,0.0,0.0,0.0,0.0,0.0
3104.0,1.872289487891976e-07,0.0,0.0,0.0,0.0,1.56024123990998e-05
3105.0,0.03602316975593567,0.011667052283883095,0.0,0.0004123943217564374,0.1579861111111111,3.001930812994639
3106.0,0.0,0.0,0.0,0.0,0.0,0.0
3107.0,0.0,0.0,0.0,0.0,0.0,0.0
3108.0,0.0,0.0,0.0,0.0,0.0,0.0
3109.0,0.0,0.0,0.0,0.0,0.0,0.0
3110.0,0.0,0.0,0.0,0.0,0.0,0.0
3111.0,0.0,0.0,0.0,0.0,0.0,0.0
3112.0,0.0,0.0,0.0,0.0,0.0,0.0
3113.0,0.0,0.0,0.0,0.0,0.0,0.0
3114.0,0.0,0.0,0.0,0.0,0.0,0.0
3115.0,0.0,0.0,0.0,0.0,0.0,0.0
3116.0,0.0,0.0,0.0,0.0,0.0,0.0
3117.0,0.0,0.0,0.0,0.0,0.0,0.0
3118.0,0.0,0.0,0.0,0.0,0.0,0.0
3119.0,0.0,0.0,0.0,0.0,0.0,0.0
3120.0,0.0,0.0,0.0,0.0,0.0,0.0
3121.0,5.267904998618178e-05,0.0,0.0,0.0,0.0,0.004389920832181815
3122.0,3.3837139199022204e-05,0.0,0.0,0.0,0.0,0.002819761599918517
3123.0,0.0,0.0,0.0,0.0,0.0,0.0
3124.0,0.0,0.0,0.0,0.0,0.0,0.0
3125.0,0.0,0.0,0.0,0.0,0.0,0.0
3126.0,0.0,0.0,0.0,0.0,0.0,0.0
3127.0,0.0,0.0,0.0,0.0,0.0,0.0
3128.0,0.0,0.0,0.0,0.0,0.0,0.0
3129.0,0.0,0.0,0.0,0.0,0.0,0.0
3130.0,1.497820449003484e-06,0.0,0.0,0.0,0.0,0.00012481837075029034
3131.0,0.0,0.0,0.0,0.0,0.0,0.0
3132.0,0.0,0.0,0.0,0.0,0.0,0.0
3133.0,2.808414319588337e-05,0.0,0.0,0.0,0.0,0.0023403452663236144
3134.0,0.00028725824085995555,0.0,0.0,0.0,0.003472222222222222,0.02393818673832963
3135.0,1.462077307223808e-05,0.0,0.0,0.0,0.0,0.00121839775601984
3136.0,0.00026062087272293866,0.0,0.0,0.0,0.005208333333333333,0.034722222222222224
3137.0,0.0002059163380181417,0.0,0.0,0.0,0.005208333333333333,0.034722222222222224
3138.0,7.72739076637663e-06,0.0,0.0,0.0,0.0,0.0006439492305313858
3139.0,0.00019483588403090835,0.0,0.0,0.0,0.005208333333333333,0.034722222222222224
3140.0,0.00019253809296060354,0.0,0.0,0.0,0.005208333333333333,0.034722222222222224
3141.0,0.00013236993981990963,0.0,0.0,0.0,0.005208333333333333,0.034722222222222224
3142.0,0.00015706697013229132,0.0,0.0,0.0,0.001736111111111111,0.013088914177690944
3143.0,0.0002899815735872835,0.0,0.0,0.0,0.006944444444444444,0.046296296296296294
3144.0,0.0,0.0,0.0,0.0,0.0,0.0
3145.0,0.0002507318276911974,0.0,0.0,0.0,0.003472222222222222,0.023148148148148147
3146.0,0.000309708557324484,0.0,0.0,0.0,0.003472222222222222,0.025809046443707
3147.0,0.00023321754997596145,0.0,0.0,0.0,0.003472222222222222,0.023148148148148147
3148.0,0.0,0.0,0.0,0.0,0.0,0.0
3149.0,0.0,0.0,0.0,0.0,0.0,0.0
3150.0,0.0,0.0,0.0,0.0,0.0,0.0
3151.0,8.866078860592097e-05,0.0,0.0,0.0,0.003472222222222222,0.023148148148148147
3152.0,0.00015958602307364345,0.0,0.0,0.0,0.001736111111111111,0.013298835256136954
3153.0,5.1470575272105634e-05,0.0003328137972857803,0.0,0.0,0.003472222222222222,0.023148148148148147
3154.0,5.95724168306333e-06,3.852010559057817e-05,0.0,0.0,0.0,0.0009630026397644542
3155.0,0.00023320053878705949,0.0014727892121300101,0.0,0.0,0.005208333333333333,0.03681973030325025
3156.0,2.1241825379547663e-05,0.00013735171523876488,0.0,0.0,0.001736111111111111,0.011574074074074073
3157.0,0.0,0.0,0.0,0.0,0.0,0.0
3158.0,0.00013859951286576688,0.0008961979765444994,0.0,0.0,0.003472222222222222,0.023148148148148147
3159.0,6.508713704533875e-05,0.00042085981112904847,0.0,0.0,0.0,0.010521495278226212
3160.0,0.00017238559667021036,0.0011146620381623507,0.0,0.0,0.006944444444444444,0.046296296296296294
3161.0,0.00015294794866349548,0.0009887563064694405,0.0,0.0,0.0,0.02471890766173601
3162.0,0.0,0.0,0.0,0.0,0.0,0.0
3163.0,9.072041393665131e-06,5.238743688096292e-05,0.0,0.0,0.0,0.001309685922024073
3164.0,0.0,0.0,0.0,0.0,0.0,0.0
3165.0,0.0,0.0,0.0,0.0,0.0,0.0
3166.0,7.584421109640971e-05,0.0,0.0,0.0,0.001736111111111111,0.011574074074074073
3167.0,0.0,0.0,0.0,0.0,0.0,0.0
3168.0,0.0,0.0,0.0,0.0,0.0,0.0
3169.0,0.0,0.0,0.0,0.0,0.0,0.0
3170.0,0.0037837002892047167,0.0053911651484668255,0.0,0.0,0.0763888888888889,0.5092592592592593
3171.0,5.106182854319741e-08,0.0,0.0,0.0,0.0,4.255152378599784e-06
3172.0,0.0,0.0,0.0,0.0,0.0,0.0
3173.0,0.0,0.0,0.0,0.0,0.0,0.0
3174.0,0.0,0.0,0.0,0.0,0.0,0.0
3175.0,0.0,0.0,0.0,0.0,0.0,0.0
3176.0,0.0,0.0,0.0,0.0,0.0,0.0
3177.0,0.0,0.0,0.0,0.0,0.0,0.0
3178.0,0.0,0.0,0.0,0.0,0.0,0.0
3179.0,0.0,0.0,0.0,0.0,0.0,0.0
3180.0,0.0,0.0,0.0,0.0,0.0,0.0
3181.0,0.0,0.0,0.0,0.0,0.0,0.0
3182.0,0.0,0.0,0.0,0.0,0.0,0.0
3183.0,0.0,0.0,0.0,0.0,0.0,0.0
3184.0,0.0,0.0,0.0,0.0,0.0,0.0
3185.0,0.0001698494888842106,0.0,0.0,0.0,0.005208333333333333,0.034722222222222224
3186.0,7.175924838520586e-05,0.0,0.0,0.0,0.0,0.005979937365433822
3187.0,9.686475823400542e-05,0.0,0.0,0.0,0.003472222222222222,0.023148148148148147
3188.0,0.0002491829509381205,0.0,0.0,0.0,0.005208333333333333,0.034722222222222224
3189.0,0.0001010348423733376,0.0,0.0,0.0,0.005208333333333333,0.034722222222222224
3190.0,3.744551975159993e-07,0.0,0.0,0.0,0.0,3.120459979299994e-05
3191.0,0.00021760955860372633,0.0,0.0,0.0,0.006944444444444444,0.046296296296296294
3192.0,0.0001579009840497747,0.0,0.0,0.0,0.003472222222222222,0.023148148148148147
3193.0,0.00011036216892534867,0.0,0.0,0.0,0.003472222222222222,0.023148148148148147
3194.0,0.0,0.0,0.0,0.0,0.0,0.0
3195.0,0.00014893108163960278,0.0,0.0,0.0,0.003472222222222222,0.023148148148148147
3196.0,0.00023250268714036793,0.0,0.0,0.0,0.006944444444444444,0.046296296296296294
3197.0,0.0002744757221080363,0.0,0.0,0.0,0.003472222222222222,0.023148148148148147
3198.0,6.427014159271494e-05,0.0,0.0,0.0,0.001736111111111111,0.011574074074074073
3199.0,0.00021726916020270437,0.0,0.0,0.0,0.003472222222222222,0.023148148148148147
3200.0,0.00028768376796506345,0.0,0.0,0.0,0.005208333333333333,0.034722222222222224
3201.0,0.00024000881239771843,0.0,0.0,0.0,0.005208333333333333,0.034722222222222224
3202.0,0.00018271715089213103,0.0,0.0,0.0,0.001736111111111111,0.01522642924101092
3203.0,0.0002757693000603467,0.0,0.0,0.0,0.001736111111111111,0.022980775005028892
3204.0,0.00024026412575040013,0.0,0.0,0.0,0.003472222222222222,0.023148148148148147
3205.0,0.00014680348976980895,0.0,0.0,0.0,0.001736111111111111,0.012233624147484079
3206.0,0.00011414075561333448,0.0,0.0,0.0,0.0,0.00951172963444454
3207.0,0.0002525700838305056,0.0,0.0,0.0,0.006944444444444444,0.046296296296296294
3208.0,9.57414013100788e-05,0.0,0.0,0.0,0.001736111111111111,0.011574074074074073
3209.0,0.0001731855736579746,0.0,0.0,0.0,0.001736111111111111,0.01443213113816455
3210.0,0.0,0.0,0.0,0.0,0.0,0.0
3211.0,0.0,0.0,0.0,0.0,0.0,0.0
3212.0,0.0,0.0,0.0,0.0,0.0,0.0
3213.0,0.0001688793272478506,0.0,0.0,0.0,0.003472222222222222,0.023148148148148147
3214.0,0.00011209829244762659,0.00036451034247875214,0.0,0.0,0.001736111111111111,0.011574074074074073
3215.0,0.0,0.0,0.0,0.0,0.0,0.0
3216.0,7.449957774952054e-05,0.0004815014835912734,0.0,0.0,0.003472222222222222,0.023148148148148147
3217.0,0.00010086462862091139,0.0006522005423903465,0.0,0.0,0.003472222222222222,0.023148148148148147
3218.0,0.0,0.0,0.0,0.0,0.0,0.0
3219.0,0.0,0.0,0.0,0.0,0.0,0.0
3220.0,0.0001331188395852223,0.0008569073979742825,0.0,0.0,0.0,0.021422684949357063
3221.0,0.00019469969265628606,0.0012450800277292728,0.0,0.0,0.003472222222222222,0.03112700069323182
3222.0,0.0001193491043522954,0.0007717230473645031,0.0,0.0,0.0,0.01929307618411258
3223.0,0.00016072641301434487,0.001039272639900446,0.0,0.0,0.003472222222222222,0.02598181599751115
3224.0,6.808277976233512e-05,0.00044022989459335804,0.0,0.0,0.003472222222222222,0.023148148148148147
3225.0,0.0,0.0,0.0,0.0,0.0,0.0
3226.0,0.00011422587704146281,0.0,0.0,0.0,0.0,0.009518823086788567
3227.0,0.00012979980965610594,1.981039758902625e-06,0.0,0.0,0.003472222222222222,0.023148148148148147
3228.0,0.0001660538837313652,0.0,0.0,0.0,0.005208333333333333,0.034722222222222224
3229.0,0.00017129626940004528,0.0,0.0,0.0,0.003472222222222222,0.023148148148148147
3230.0,0.0001601477270014584,2.7404326829127967e-05,0.0,0.0,0.001736111111111111,0.0133456439167882
3231.0,0.0,0.0,0.0,0.0,0.0,0.0
3232.0,0.0,0.0,0.0,0.0,0.0,0.0
3233.0,0.0,0.0,0.0,0.0,0.0,0.0
3234.0,0.0,0.0,0.0,0.0,0.0,0.0
3235.0,0.0,0.0,0.0,0.0,0.0,0.0
3236.0,0.0,0.0,0.0,0.0,0.0,0.0
3237.0,0.0,0.0,0.0,0.0,0.0,0.0
3238.0,0.005937481764703989,0.005835029296576977,0.0,0.0,0.11805555555555555,0.7870370370370371
3239.0,0.0,0.0,0.0,0.0,0.0,0.0
3240.0,0.0,0.0,0.0,0.0,0.0,0.0
3241.0,0.0,0.0,0.0,0.0,0.0,0.0
3242.0,0.0,0.0,0.0,0.0,0.0,0.0
3243.0,0.0,0.0,0.0,0.0,0.0,0.0
3244.0,0.0,0.0,0.0,0.0,0.0,0.0
3245.0,0.0,0.0,0.0,0.0,0.0,0.0
3246.0,1.974685346795013e-06,3.083478986809496e-06,0.0,0.0,0.0,0.00016455711223291777
3247.0,0.0,0.0,0.0,0.0,0.0,0.0
3248.0,0.0,0.0,0.0,0.0,0.0,0.0
3249.0,0.0,0.0,0.0,0.0,0.0,0.0
3250.0,0.0,0.0,0.0,0.0,0.0,0.0
3251.0,0.0,0.0,0.0,0.0,0.0,0.0
3252.0,0.0,0.0,0.0,0.0,0.0,0.0
3253.0,0.0,0.0,0.0,0.0,0.0,0.0
3254.0,0.0,0.0,0.0,0.0,0.0,0.0
3255.0,0.0,0.0,0.0,0.0,0.0,0.0
3256.0,0.0,0.0,0.0,0.0,0.0,0.0
3257.0,0.0,0.0,0.0,0.0,0.0,0.0
3258.0,0.0,0.0,0.0,0.0,0.0,0.0
3259.0,1.0501766155357473e-05,0.0,0.0,0.0,0.001736111111111111,0.011574074074074073
3260.0,0.00018079379515256733,0.0,0.0,0.0,0.003472222222222222,0.023148148148148147
3261.0,0.0,0.0,0.0,0.0,0.0,0.0
3262.0,0.0,0.0,0.0,0.0,0.0,0.0
3263.0,1.3105942571201012e-06,0.0,0.0,0.0,0.001736111111111111,0.011574074074074073
3264.0,0.0,0.0,0.0,0.0,0.0,0.0
3265.0,1.3956966540717985e-05,0.0,0.0,0.0,0.0,0.001163080545059832
3266.0,0.0001130003875005059,0.0,0.0,0.0,0.005208333333333333,0.034722222222222224
3267.0,0.0,0.0,0.0,0.0,0.0,0.0
3268.0,0.0,0.0,0.0,0.0,0.0,0.0
3269.0,0.0,0.0,0.0,0.0,0.0,0.0
3270.0,0.0,0.0,0.0,0.0,0.0,0.0
3271.0,1.5829228914299165e-06,0.0,0.0,0.0,0.0,0.00013191024095249304
3272.0,0.0,0.0,0.0,0.0,0.0,0.0
3273.0,0.0,0.0,0.0,0.0,0.0,0.0
3274.0,1.5318620683046902e-07,0.0,0.0,0.0,0.0,1.2765517235872418e-05
3275.0,0.00031981884967535734,0.00034183848765678704,0.0,0.0,0.005208333333333333,0.034722222222222224
3276.0,9.700092778075486e-05,0.0006258968496695161,0.0,0.0,0.003472222222222222,0.023148148148148147
3277.0,0.00019517629698384553,0.0012620290508493781,0.0,0.0,0.006944444444444444,0.046296296296296294
3278.0,0.00019037647871300578,0.0012290118029341102,0.0,0.0,0.0,0.030725295073352754
3279.0,0.00019767836784012616,0.0012782076373696327,0.0,0.0,0.0,0.03195519093424082
3280.0,0.00010299660061718896,0.0006480467272922397,0.0,0.0,0.0,0.01620116818230599
3281.0,0.0,0.0,0.0,0.0,0.0,0.0
3282.0,0.0001380718604195863,0.0008927862509153783,0.0,0.0,0.003472222222222222,0.023148148148148147
3283.0,0.00018443624139763415,0.0011925826547667384,0.0,0.0,0.003472222222222222,0.02981456636916846
3284.0,3.0637110626230424e-07,1.9810256617347477e-06,0.0,0.0,0.0,4.952564154336869e-05
3285.0,0.0,0.0,0.0,0.0,0.0,0.0
3286.0,0.0,0.0,0.0,0.0,0.0,0.0
3287.0,0.00020877583301626146,0.00022110548161435872,0.0,0.0,0.003472222222222222,0.023148148148148147
3288.0,0.00011934818758163601,0.00013778604625258595,0.0,0.0,0.003472222222222222,0.023148148148148147
3289.0,0.00019738897390197963,0.00043153538717888296,0.0,0.0,0.003472222222222222,0.023148148148148147
3290.0,0.0001370165846310556,0.0,0.0,0.0,0.001736111111111111,0.011574074074074073
3291.0,0.00013507623225450516,0.00011677098518703133,0.0,0.0,0.003472222222222222,0.023148148148148147
3292.0,8.949480252340436e-05,0.0,0.0,0.0,0.006944444444444444,0.046296296296296294
3293.0,0.0003145594382658601,0.0,0.0,0.0,0.003472222222222222,0.026213286522155006
3294.0,8.510328797228794e-08,0.0,0.0,0.0,0.0,7.091940664357328e-06
3295.0,0.0,0.0,0.0,0.0,0.0,0.0
3296.0,0.0001371016987832263,0.000654621806461364,0.0,0.0,0.001736111111111111,0.0163655451615341
3297.0,8.440562669420615e-05,0.0,0.0,0.0,0.0,0.007033802224517179
3298.0,0.0,0.0,0.0,0.0,0.0,0.0
3299.0,0.0,0.0,0.0,0.0,0.0,0.0
3300.0,0.0,0.0,0.0,0.0,0.0,0.0
3301.0,0.0,0.0,0.0,0.0,0.0,0.0
3302.0,0.0,0.0,0.0,0.0,0.0,0.0
3303.0,0.0,0.0,0.0,0.0,0.0,0.0
3304.0,0.0,0.0,0.0,0.0,0.0,0.0
3305.0,2.5360809559060726e-06,7.483897661586525e-06,0.0,0.0,0.0,0.00021134007965883939
3306.0,0.0,0.0,0.0,0.0,0.0,0.0
3307.0,0.0,0.0,0.0,0.0,0.0,0.0
3308.0,0.0,0.0,0.0,0.0,0.0,0.0
3309.0,0.00039777366328053176,0.0017465020064264536,0.0,0.0,0.005208333333333333,0.04366255016066134
3310.0,0.000611842842772603,0.0,0.0,0.0,0.012152777777777778,0.08101851851851852
3311.0,0.0007223582360893488,0.00017334050789941102,0.0,0.0,0.019097222222222224,0.12731481481481483
3312.0,0.0004031861899420619,0.0026017585769295692,0.0,0.0,0.008680555555555556,0.06504396442323923
3313.0,0.00016268377657979727,0.000967625412158668,0.0,0.0,0.0,0.0241906353039667
3314.0,0.0,0.0,0.0,0.0,0.0,0.0
3315.0,0.0,0.0,0.0,0.0,0.0,0.0
3316.0,0.0,0.0,0.0,0.0,0.0,0.0
3317.0,0.0,0.0,0.0,0.0,0.0,0.0
3318.0,0.0,0.0,0.0,0.0,0.0,0.0
3319.0,0.0,0.0,0.0,0.0,0.0,0.0
3320.0,0.0,0.0,0.0,0.0,0.0,0.0
3321.0,0.0,0.0,0.0,0.0,0.0,0.0
3322.0,0.0,0.0,0.0,0.0,0.0,0.0
3323.0,0.0,0.0,0.0,0.0,0.0,0.0
3324.0,0.0,0.0,0.0,0.0,0.0,0.0
3325.0,0.0,0.0,0.0,0.0,0.0,0.0
3326.0,0.0,0.0,0.0,0.0,0.0,0.0
3327.0,0.0,0.0,0.0,0.0,0.0,0.0
3328.0,0.0,0.0,0.0,0.0,0.0,0.0
3329.0,0.0,0.0,0.0,0.0,0.0,0.0
3330.0,0.0,0.0,0.0,0.0,0.0,0.0
3331.0,0.0,0.0,0.0,0.0,0.0,0.0
3332.0,0.0,0.0,0.0,0.0,0.0,0.0
3333.0,0.0,0.0,0.0,0.0,0.0,0.0
3334.0,0.0,0.0,0.0,0.0,0.0,0.0
3335.0,0.0,0.0,0.0,0.0,0.0,0.0
3336.0,0.0,0.0,0.0,0.0,0.0,0.0
3337.0,8.282269845949486e-05,0.0005355397006496787,0.0,0.0,0.001736111111111111,0.013388492516241968
3338.0,4.367511428426951e-05,0.0002824075345415622,0.0,0.0,0.0,0.007060188363539055
3339.0,0.00013383371697273105,0.0008653819095343351,0.0,0.0,0.001736111111111111,0.02163454773835838
3340.0,0.00020431639859452844,0.001318928669206798,0.0,0.0,0.001736111111111111,0.03297321673016995
3341.0,0.00010549426224315539,0.0006820260896347463,0.0,0.0,0.001736111111111111,0.017050652240868658
3342.0,5.7359739003004506e-05,0.0003707836731337011,0.0,0.0,0.0,0.009269591828342527
3343.0,0.00024331083113793284,0.0015732715837657452,0.0,0.0,0.005208333333333333,0.03933178959414363
3344.0,0.0001668027980485931,0.0010785632766783237,0.0,0.0,0.0,0.026964081916958094
3345.0,0.0001771173410816118,1.7939371900865808e-05,0.0,0.0,0.006944444444444444,0.046296296296296294
3346.0,0.00013623363338410854,6.152211426524445e-05,0.0,0.0,0.001736111111111111,0.011574074074074073
3347.0,0.0,0.0,0.0,0.0,0.0,0.0
3348.0,0.0,0.0,0.0,0.0,0.0,0.0
3349.0,0.0,0.0,0.0,0.0,0.0,0.0
3350.0,0.0,0.0,0.0,0.0,0.0,0.0
3351.0,0.0,0.0,0.0,0.0,0.0,0.0
3352.0,0.0,0.0,0.0,0.0,0.0,0.0
3353.0,0.0,0.0,0.0,0.0,0.0,0.0
3354.0,0.0,0.0,0.0,0.0,0.0,0.0
3355.0,0.0,0.0,0.0,0.0,0.0,0.0
3356.0,0.0,0.0,0.0,0.0,0.0,0.0
3357.0,0.0,0.0,0.0,0.0,0.0,0.0
3358.0,0.0,0.0,0.0,0.0,0.0,0.0
3359.0,0.0,0.0,0.0,0.0,0.0,0.0
3360.0,0.0,0.0,0.0,0.0,0.0,0.0
3361.0,0.0,0.0,0.0,0.0,0.0,0.0
3362.0,0.0,0.0,0.0,0.0,0.0,0.0
3363.0,0.0,0.0,0.0,0.0,0.0,0.0
3364.0,0.0,0.0,0.0,0.0,0.0,0.0
3365.0,0.0,0.0,0.0,0.0,0.0,0.0
3366.0,0.0,0.0,0.0,0.0,0.0,0.0
3367.0,0.0,0.0,0.0,0.0,0.0,0.0
3368.0,0.0,0.0,0.0,0.0,0.0,0.0
3369.0,0.0,0.0,0.0,0.0,0.0,0.0
3370.0,0.0,0.0,0.0,0.0,0.0,0.0
3371.0,0.0,0.0,0.0,0.0,0.0,0.0
3372.0,0.0,0.0,0.0,0.0,0.0,0.0
3373.0,0.0,0.0,0.0,0.0,0.0,0.0
3374.0,0.0,0.0,0.0,0.0,0.0,0.0
3375.0,8.39120002638083e-06,0.0,0.0,0.0,0.001736111111111111,0.011574074074074073
3376.0,0.00029198999982327223,0.0,0.0,0.0,0.005208333333333333,0.034722222222222224
3377.0,0.00014685453788843006,0.0,0.0,0.0,0.003472222222222222,0.023148148148148147
3378.0,6.398078403435647e-05,0.0,0.0,0.0,0.001736111111111111,0.011574074074074073
3379.0,0.00017315152217634022,0.0,0.0,0.0,0.001736111111111111,0.014429293514695019
3380.0,6.246591510716826e-06,0.0,0.0,0.0,0.0,0.0005205492925597355
3381.0,0.0,0.0,0.0,0.0,0.0,0.0
3382.0,0.0,0.0,0.0,0.0,0.0,0.0
3383.0,0.0,0.0,0.0,0.0,0.0,0.0
3384.0,0.0,0.0,0.0,0.0,0.0,0.0
3385.0,0.0,0.0,0.0,0.0,0.0,0.0
3386.0,0.0,0.0,0.0,0.0,0.0,0.0
3387.0,0.0,0.0,0.0,0.0,0.0,0.0
3388.0,0.0,0.0,0.0,0.0,0.0,0.0
3389.0,0.0,0.0,0.0,0.0,0.0,0.0
3390.0,0.0,0.0,0.0,0.0,0.0,0.0
3391.0,0.0,0.0,0.0,0.0,0.0,0.0
3392.0,0.0,0.0,0.0,0.0,0.0,0.0
3393.0,0.0,0.0,0.0,0.0,0.0,0.0
3394.0,0.0,0.0,0.0,0.0,0.0,0.0
3395.0,0.0,0.0,0.0,0.0,0.0,0.0
3396.0,0.0,0.0,0.0,0.0,0.0,0.0
3397.0,0.0,0.0,0.0,0.0,0.0,0.0
3398.0,0.0,0.0,0.0,0.0,0.0,0.0
3399.0,0.0001767769135767594,0.0,0.0,0.0,0.005208333333333333,0.034722222222222224
3400.0,0.00013492304424289614,0.0,0.0,0.0,0.001736111111111111,0.011574074074074073
3401.0,0.0001098685825127177,0.0,0.0,0.0,0.003472222222222222,0.023148148148148147
3402.0,0.0002560763678047806,0.0,0.0,0.0,0.008680555555555556,0.05787037037037038
3403.0,0.00023794930893927813,0.0,0.0,0.0,0.003472222222222222,0.023148148148148147
3404.0,0.00014670134987682104,0.0,0.0,0.0,0.006944444444444444,0.046296296296296294
3405.0,0.00025188925792463124,0.0,0.0,0.0,0.005208333333333333,0.034722222222222224
3406.0,0.0002666632062755525,0.0,0.0,0.0,0.003472222222222222,0.023148148148148147
3407.0,0.00010414962162030861,0.0,0.0,0.0,0.001736111111111111,0.011574074074074073
3408.0,0.00020462276006583124,0.0,0.0,0.0,0.006944444444444444,0.046296296296296294
3409.0,0.0002039589744526893,0.0,0.0,0.0,0.010416666666666666,0.06944444444444445
3410.0,0.00017053032934200019,0.0,0.0,0.0,0.010416666666666666,0.06944444444444445
3411.0,0.0001452545984648168,0.0,0.0,0.0,0.003472222222222222,0.023148148148148147
3412.0,0.0002738288894761354,0.0,0.0,0.0,0.010416666666666666,0.06944444444444445
3413.0,0.00029518987867049873,0.0,0.0,0.0,0.010416666666666666,0.06944444444444445
3414.0,0.00015669249114580452,0.0,0.0,0.0,0.006944444444444444,0.046296296296296294
3415.0,0.00018021510913968086,0.0,0.0,0.0,0.010416666666666666,0.06944444444444445
3416.0,0.00036158759030513465,0.0,0.0,0.0,0.006944444444444444,0.046296296296296294
3417.0,0.0002573699166532606,0.0,0.0,0.0,0.013888888888888888,0.09259259259259259
3418.0,0.00012212348519824445,0.0,0.0,0.0,0.003472222222222222,0.023148148148148147
3419.0,0.0003558176103979349,0.0,0.0,0.0,0.010416666666666666,0.06944444444444445
3420.0,0.0003100659523624927,0.0,0.0,0.0,0.003472222222222222,0.025838829363541056
3421.0,0.00027954790857620537,0.0,0.0,0.0,0.010416666666666666,0.06944444444444445
3422.0,0.00017897259385790676,0.0,0.0,0.0,0.003472222222222222,0.023148148148148147
3423.0,0.00012021717702737078,0.0,0.0,0.0,0.003472222222222222,0.023148148148148147
3424.0,0.00016511774447280914,0.0,0.0,0.0,0.010416666666666666,0.06944444444444445
3425.0,0.0003023385943379253,0.0,0.0,0.0,0.006944444444444444,0.046296296296296294
3426.0,0.00016528795822523534,0.0,0.0,0.0,0.006944444444444444,0.046296296296296294
3427.0,5.4789616115158424e-05,0.0,0.0,0.0,0.003472222222222222,0.023148148148148147
3428.0,0.0,0.0,0.0,0.0,0.0,0.0
3429.0,0.0,0.0,0.0,0.0,0.0,0.0
3430.0,1.0961355656036176e-05,0.0,0.0,0.0,0.0,0.0009134463046696812
3431.0,0.0,0.0,0.0,0.0,0.0,0.0
3432.0,0.0,0.0,0.0,0.0,0.0,0.0
3433.0,0.0,0.0,0.0,0.0,0.0,0.0
3434.0,0.0,0.0,0.0,0.0,0.0,0.0
3435.0,0.0,0.0,0.0,0.0,0.0,0.0
3436.0,0.0,0.0,0.0,0.0,0.0,0.0
3437.0,0.0,0.0,0.0,0.0,0.0,0.0
3438.0,0.0,0.0,0.0,0.0,0.0,0.0
3439.0,0.0,0.0,0.0,0.0,0.0,0.0
3440.0,0.0,0.0,0.0,0.0,0.0,0.0
3441.0,8.329927368322387e-05,0.0,0.0,0.0,0.003472222222222222,0.023148148148148147
3442.0,0.00011351099965395406,0.0,0.0,0.0,0.003472222222222222,0.023148148148148147
3443.0,0.0001003710349323228,0.0,0.0,0.0,0.0,0.0083642529110269
3444.0,0.00014802896475885063,0.0,0.0,0.0,0.003472222222222222,0.023148148148148147
3445.0,5.502790372702293e-05,0.0,0.0,0.0,0.003472222222222222,0.023148148148148147
3446.0,0.00019243598217144608,0.0,0.0,0.0,0.006944444444444444,0.046296296296296294
3447.0,0.00017870025476440787,0.0,0.0,0.0,0.0,0.01489168789703399
3448.0,0.0001921295770443976,0.0,0.0,0.0,0.006944444444444444,0.046296296296296294
3449.0,0.00016869210230652243,0.0,0.0,0.0,0.0,0.014057675192210201
3450.0,0.00016583260730840266,0.0,0.0,0.0,0.003472222222222222,0.023148148148148147
3451.0,2.9445795007632114e-05,0.0,0.0,0.0,0.0,0.0024538162506360095
3452.0,0.00015917753626126796,0.0,0.0,0.0,0.003472222222222222,0.023148148148148147
3453.0,4.968340726918541e-05,0.0,0.0,0.0,0.0,0.004140283939098784
3454.0,7.213369099190459e-05,0.0,0.0,0.0,0.0,0.006011140915992049
3455.0,5.273011265671812e-05,0.0,0.0,0.0,0.003472222222222222,0.023148148148148147
3456.0,2.4952336389105767e-05,0.0,0.0,0.0,0.0,0.002079361365758814
3457.0,0.0,0.0,0.0,0.0,0.0,0.0
3458.0,0.0,0.0,0.0,0.0,0.0,0.0
3459.0,0.0,0.0,0.0,0.0,0.0,0.0
3460.0,0.0,0.0,0.0,0.0,0.0,0.0
3461.0,0.0,0.0,0.0,0.0,0.0,0.0
3462.0,0.0,0.0,0.0,0.0,0.0,0.0
3463.0,1.4808000514676678e-06,0.0,0.0,0.0,0.0,0.00012340000428897233
3464.0,0.0,0.0,0.0,0.0,0.0,0.0
3465.0,0.0,0.0,0.0,0.0,0.0,0.0
3466.0,0.0,0.0,0.0,0.0,0.0,0.0
3467.0,0.0,0.0,0.0,0.0,0.0,0.0
3468.0,0.0,0.0,0.0,0.0,0.0,0.0
3469.0,0.0,0.0,0.0,0.0,0.0,0.0
3470.0,0.0,0.0,0.0,0.0,0.0,0.0
3471.0,0.0,0.0,0.0,0.0,0.0,0.0
3472.0,0.0,0.0,0.0,0.0,0.0,0.0
3473.0,0.0,0.0,0.0,0.0,0.0,0.0
3474.0,0.0,0.0,0.0,0.0,0.0,0.0
3475.0,0.015148450620472431,0.02112872339785099,0.0,0.0,0.22395833333333334,1.4930555555555556
3476.0,0.0,0.0,0.0,0.0,0.0,0.0
3477.0,0.0,0.0,0.0,0.0,0.0,0.0
3478.0,0.0,0.0,0.0,0.0,0.0,0.0
3479.0,0.0,0.0,0.0,0.0,0.0,0.0
3480.0,1.110327389142185e-06,1.3464432413456962e-06,0.0,0.0,0.0,9.252728242851542e-05
3481.0,0.0001756365381879732,0.0,0.0,0.0,0.001736111111111111,0.0146363781823311
3482.0,3.548814856912941e-05,0.0,0.0,0.0,0.0,0.0029573457140941173
3483.0,0.0,0.0,0.0,0.0,0.0,0.0
3484.0,0.0001493395830038935,0.0,0.0,0.0,0.005208333333333333,0.034722222222222224
3485.0,0.00022848579101264477,0.0,0.0,0.0,0.001736111111111111,0.019040482584387064
3486.0,0.00025905497022904456,0.0,0.0,0.0,0.005208333333333333,0.034722222222222224
3487.0,0.0002159074938390404,0.0,0.0,0.0,0.005208333333333333,0.034722222222222224
3488.0,0.00021876698883716017,0.0,0.0,0.0,0.001736111111111111,0.01823058240309668
3489.0,5.274713839753531e-05,0.0,0.0,0.0,0.0,0.004395594866461276
3490.0,0.0,0.0,0.0,0.0,0.0,0.0
3491.0,0.00012210645945742726,0.0,0.0,0.0,0.001736111111111111,0.011574074074074073
3492.0,0.00012384256115183234,0.0,0.0,0.0,0.001736111111111111,0.011574074074074073
3493.0,0.0,0.0,0.0,0.0,0.0,0.0
3494.0,0.0,0.0,0.0,0.0,0.0,0.0
3495.0,0.0,0.0,0.0,0.0,0.0,0.0
3496.0,3.880720214510802e-06,0.0,0.0,0.0,0.0,0.0003233933512092335
3497.0,0.0,0.0,0.0,0.0,0.0,0.0
3498.0,5.015998613089323e-05,0.0,0.0,0.0,0.0,0.004179998844241102
3499.0,0.0,0.0,0.0,0.0,0.0,0.0
3500.0,0.0,0.0,0.0,0.0,0.0,0.0
3501.0,0.0,0.0,0.0,0.0,0.0,0.0
3502.0,0.034294143319129944,0.02306157536804676,0.0,0.0004047078255098313,0.14583333333333334,2.857845276594162
3503.0,2.89351305582386e-07,0.0,0.0,0.0,0.0,2.4112608798532165e-05
3504.0,0.0,0.0,0.0,0.0,0.0,0.0
3505.0,0.0,0.0,0.0,0.0,0.0,0.0
3506.0,0.0,0.0,0.0,0.0,0.0,0.0
3507.0,0.0,0.0,0.0,0.0,0.0,0.0
3508.0,0.0,0.0,0.0,0.0,0.0,0.0
3509.0,0.0,0.0,0.0,0.0,0.0,0.0
3510.0,0.0,0.0,0.0,0.0,0.0,0.0
3511.0,0.0,0.0,0.0,0.0,0.0,0.0
3512.0,0.0,0.0,0.0,0.0,0.0,0.0
3513.0,0.0,0.0,0.0,0.0,0.0,0.0
3514.0,0.0,0.0,0.0,0.0,0.0,0.0
3515.0,0.0,0.0,0.0,0.0,0.0,0.0
3516.0,0.0,0.0,0.0,0.0,0.0,0.0
3517.0,0.0,0.0,0.0,0.0,0.0,0.0
3518.0,0.0,0.0,0.0,0.0,0.0,0.0
3519.0,0.0,0.0,0.0,0.0,0.0,0.0
3520.0,0.0,0.0,0.0,0.0,0.0,0.0
3521.0,0.0,0.0,0.0,0.0,0.0,0.0
3522.0,0.0,0.0,0.0,0.0,0.0,0.0
3523.0,0.0,0.0,0.0,0.0,0.0,0.0
3524.0,0.0,0.0,0.0,0.0,0.0,0.0
3525.0,0.0,0.0,0.0,0.0,0.0,0.0
3526.0,0.0,0.0,0.0,0.0,0.0,0.0
3527.0,2.89351305582386e-07,0.0,0.0,0.0,0.0,2.4112608798532165e-05
3528.0,2.89351305582386e-07,0.0,0.0,0.0,0.0,2.4112608798532165e-05
3529.0,0.0,0.0,0.0,0.0,0.0,0.0
3530.0,0.0,0.0,0.0,0.0,0.0,0.0
3531.0,0.0,0.0,0.0,0.0,0.0,0.0
3532.0,0.0,0.0,0.0,0.0,0.0,0.0
3533.0,0.0,0.0,0.0,0.0,0.0,0.0
3534.0,0.0,0.0,0.0,0.0,0.0,0.0
3535.0,0.0,0.0,0.0,0.0,0.0,0.0
3536.0,0.0,0.0,0.0,0.0,0.0,0.0
3537.0,0.0,0.0,0.0,0.0,0.0,0.0
3538.0,0.0,0.0,0.0,0.0,0.0,0.0
3539.0,0.0,0.0,0.0,0.0,0.0,0.0
3540.0,0.0,0.0,0.0,0.0,0.0,0.0
3541.0,0.0,0.0,0.0,0.0,0.0,0.0
3542.0,0.0,0.0,0.0,0.0,0.0,0.0
3543.0,4.348787115304731e-05,0.0,0.0,0.0,0.001736111111111111,0.011574074074074073
3544.0,8.515452645951882e-05,0.0,0.0,0.0,0.0,0.007096210538293235
3545.0,0.0,0.0,0.0,0.0,0.0,0.0
3546.0,0.0,0.0,0.0,0.0,0.0,0.0
3547.0,0.0,0.0,0.0,0.0,0.0,0.0
3548.0,0.0,0.0,0.0,0.0,0.0,0.0
3549.0,0.0,0.0,0.0,0.0,0.0,0.0
3550.0,0.00012811475608032197,0.0,0.0,0.0,0.001736111111111111,0.011574074074074073
3551.0,0.0,0.0,0.0,0.0,0.0,0.0
3552.0,3.0637175996162114e-07,0.0,0.0,0.0,0.0,2.553097999680176e-05
3553.0,2.89351305582386e-07,0.0,0.0,0.0,0.0,2.4112608798532165e-05
3554.0,0.0,0.0,0.0,0.0,0.0,0.0
3555.0,0.0,0.0,0.0,0.0,0.0,0.0
3556.0,0.0,0.0,0.0,0.0,0.0,0.0
3557.0,0.0,0.0,0.0,0.0,0.0,0.0
3558.0,0.0,0.0,0.0,0.0,0.0,0.0
3559.0,0.0,0.0,0.0,0.0,0.0,0.0
3560.0,0.0,0.0,0.0,0.0,0.0,0.0
3561.0,0.0,0.0,0.0,0.0,0.0,0.0
3562.0,0.0,0.0,0.0,0.0,0.0,0.0
3563.0,0.0,0.0,0.0,0.0,0.0,0.0
3564.0,0.0,0.0,0.0,0.0,0.0,0.0
3565.0,0.0,0.0,0.0,0.0,0.0,0.0
3566.0,0.0,0.0,0.0,0.0,0.0,0.0
3567.0,0.0,0.0,0.0,0.0,0.0,0.0
3568.0,0.0,0.0,0.0,0.0,0.0,0.0
3569.0,0.0,0.0,0.0,0.0,0.0,0.0
3570.0,0.0,0.0,0.0,0.0,0.0,0.0
3571.0,0.0,0.0,0.0,0.0,0.0,0.0
3572.0,0.0,0.0,0.0,0.0,0.0,0.0
3573.0,0.0,0.0,0.0,0.0,0.0,0.0
3574.0,0.0,0.0,0.0,0.0,0.0,0.0
3575.0,0.0,0.0,0.0,0.0,0.0,0.0
3576.0,0.0,0.0,0.0,0.0,0.0,0.0
3577.0,2.89351305582386e-07,0.0,0.0,0.0,0.0,2.4112608798532165e-05
3578.0,2.89351305582386e-07,0.0,0.0,0.0,0.0,2.4112608798532165e-05
3579.0,0.0,0.0,0.0,0.0,0.0,0.0
3580.0,0.0,0.0,0.0,0.0,0.0,0.0
3581.0,0.031566355377435684,0.0187196247279644,6.834018222434679e-06,0.0002533714286983013,0.0954861111111111,2.630529614786307
3582.0,4.593034645949956e-06,1.8459992361385957e-06,6.834018222434679e-06,0.0,0.0,0.00038275288716249634
3583.0,0.0,0.0,0.0,0.0,0.0,0.0
3584.0,0.0,0.0,0.0,0.0,0.0,0.0
3585.0,0.0,0.0,0.0,0.0,0.0,0.0
3586.0,0.0,0.0,0.0,0.0,0.0,0.0
3587.0,0.0,0.0,0.0,0.0,0.0,0.0
3588.0,0.0,0.0,0.0,0.0,0.0,0.0
3589.0,0.0,0.0,0.0,0.0,0.0,0.0
3590.0,0.0,0.0,0.0,0.0,0.0,0.0
3591.0,0.0,0.0,0.0,0.0,0.0,0.0
3592.0,0.0,0.0,0.0,0.0,0.0,0.0
3593.0,0.0,0.0,0.0,0.0,0.0,0.0
3594.0,0.0,0.0,0.0,0.0,0.0,0.0
3595.0,0.0,0.0,0.0,0.0,0.0,0.0
3596.0,0.0,0.0,0.0,0.0,0.0,0.0
3597.0,0.0,0.0,0.0,0.0,0.0,0.0
3598.0,0.0,0.0,0.0,0.0,0.0,0.0
3599.0,0.0,0.0,0.0,0.0,0.0,0.0
3600.0,0.0,0.0,0.0,0.0,0.0,0.0
3601.0,0.0,0.0,0.0,0.0,0.0,0.0
3602.0,0.0,0.0,0.0,0.0,0.0,0.0
3603.0,0.0,0.0,0.0,0.0,0.0,0.0
3604.0,0.0,0.0,0.0,0.0,0.0,0.0
3605.0,0.0,0.0,0.0,0.0,0.0,0.0
3606.0,4.593034645949956e-06,1.8459992361385957e-06,6.834018222434679e-06,0.0,0.0,0.00038275288716249634
3607.0,4.593034645949956e-06,1.8459992361385957e-06,6.834018222434679e-06,0.0,0.0,0.00038275288716249634
3608.0,0.0,0.0,0.0,0.0,0.0,0.0
3609.0,0.0,0.0,0.0,0.0,0.0,0.0
3610.0,0.0,0.0,0.0,0.0,0.0,0.0
3611.0,0.0,0.0,0.0,0.0,0.0,0.0
3612.0,0.0,0.0,0.0,0.0,0.0,0.0
3613.0,0.0,0.0,0.0,0.0,0.0,0.0
3614.0,0.0,0.0,0.0,0.0,0.0,0.0
3615.0,0.0,0.0,0.0,0.0,0.0,0.0
3616.0,0.0,0.0,0.0,0.0,0.0,0.0
3617.0,0.0,0.0,0.0,0.0,0.0,0.0
3618.0,0.0,0.0,0.0,0.0,0.0,0.0
3619.0,0.0,0.0,0.0,0.0,0.0,0.0
3620.0,0.0,0.0,0.0,0.0,0.0,0.0
3621.0,0.0,0.0,0.0,0.0,0.0,0.0
3622.0,0.0,0.0,0.0,0.0,0.0,0.0
3623.0,0.0,0.0,0.0,0.0,0.0,0.0
3624.0,0.0,0.0,0.0,0.0,0.0,0.0
3625.0,0.0,0.0,0.0,0.0,0.0,0.0
3626.0,0.0,0.0,0.0,0.0,0.0,0.0
3627.0,0.0,0.0,0.0,0.0,0.0,0.0
3628.0,0.0,0.0,0.0,0.0,0.0,0.0
3629.0,0.0,0.0,0.0,0.0,0.0,0.0
3630.0,0.0,0.0,0.0,0.0,0.0,0.0
3631.0,4.593034645949956e-06,1.8459992361385957e-06,6.834018222434679e-06,0.0,0.0,0.00038275288716249634
3632.0,4.593034645949956e-06,1.8459992361385957e-06,6.834018222434679e-06,0.0,0.0,0.00038275288716249634
3633.0,0.0,0.0,0.0,0.0,0.0,0.0
3634.0,0.0,0.0,0.0,0.0,0.0,0.0
3635.0,0.0,0.0,0.0,0.0,0.0,0.0
3636.0,0.0,0.0,0.0,0.0,0.0,0.0
3637.0,0.0,0.0,0.0,0.0,0.0,0.0
3638.0,0.0,0.0,0.0,0.0,0.0,0.0
3639.0,0.0,0.0,0.0,0.0,0.0,0.0
3640.0,0.0,0.0,0.0,0.0,0.0,0.0
3641.0,0.0,0.0,0.0,0.0,0.0,0.0
3642.0,0.0,0.0,0.0,0.0,0.0,0.0
3643.0,0.0,0.0,0.0,0.0,0.0,0.0
3644.0,0.0,0.0,0.0,0.0,0.0,0.0
3645.0,0.0,0.0,0.0,0.0,0.0,0.0
3646.0,0.0,0.0,0.0,0.0,0.0,0.0
3647.0,0.0,0.0,0.0,0.0,0.0,0.0
3648.0,6.484884215751663e-05,0.0,0.0,0.0,0.001736111111111111,0.011574074074074073
3649.0,0.00010656656377250329,0.0,0.0,0.0,0.001736111111111111,0.011574074074074073
3650.0,0.000108455860754475,0.0,0.0,0.0,0.003472222222222222,0.023148148148148147
3651.0,9.756262443261221e-05,0.0,0.0,0.0,0.0,0.008130218702717684
3652.0,0.0,0.0,0.0,0.0,0.0,0.0
3653.0,0.0,0.0,0.0,0.0,0.0,0.0
3654.0,0.0,0.0,0.0,0.0,0.0,0.0
3655.0,0.0,0.0,0.0,0.0,0.0,0.0
3656.0,8.286526281153783e-06,1.8459992361385957e-06,6.834018222434679e-06,0.0,0.0,0.0006905438567628153
3657.0,4.729200099973241e-06,1.8459992361385957e-06,6.834018222434679e-06,0.0,0.0,0.0003941000083311034
3658.0,0.0,0.0,0.0,0.0,0.0,0.0
3659.0,0.0,0.0,0.0,0.0,0.0,0.0
3660.0,0.0,0.0,0.0,0.0,0.0,0.0
3661.0,0.0,0.0,0.0,0.0,0.0,0.0
3662.0,0.0,0.0,0.0,0.0,0.0,0.0
3663.0,0.00015206287207547575,0.0,0.0,0.0,0.006944444444444444,0.046296296296296294
3664.0,0.00021657132310792804,0.0,0.0,0.0,0.006944444444444444,0.046296296296296294
3665.0,0.00033123776665888727,0.0,0.0,0.0,0.003472222222222222,0.027603147221573938
3666.0,6.331697022687877e-06,0.0,0.0,0.0,0.001736111111111111,0.011574074074074073
3667.0,0.00012186816456960514,0.0,0.0,0.0,0.005208333333333333,0.034722222222222224
3668.0,0.00030359814991243184,0.0,0.0,0.0,0.003472222222222222,0.025299845826035988
3669.0,0.000295649457257241,0.0,0.0,0.0,0.003472222222222222,0.02463745477143675
3670.0,0.00039659920730628073,0.0,0.0,0.0,0.008680555555555556,0.05787037037037038
3671.0,0.00037631054874509573,0.0,0.0,0.0,0.005208333333333333,0.034722222222222224
3672.0,0.00013242100249044597,0.0,0.0,0.0,0.003472222222222222,0.023148148148148147
3673.0,1.5571991752949543e-05,0.0,0.0,0.0,0.0,0.0012976659794124619
3674.0,0.0,0.0,0.0,0.0,0.0,0.0
3675.0,0.0,0.0,0.0,0.0,0.0,0.0
3676.0,0.0,0.0,0.0,0.0,0.0,0.0
3677.0,0.0,0.0,0.0,0.0,0.0,0.0
3678.0,0.0,0.0,0.0,0.0,0.0,0.0
3679.0,0.0,0.0,0.0,0.0,0.0,0.0
3680.0,0.0,0.0,0.0,0.0,0.0,0.0
3681.0,5.171737939235754e-06,1.8459992361385957e-06,6.834018222434679e-06,0.0,0.0,0.0004309781616029795
3682.0,5.171737939235754e-06,1.8459992361385957e-06,6.834018222434679e-06,0.0,0.0,0.0004309781616029795
3683.0,0.0,0.0,0.0,0.0,0.0,0.0
3684.0,0.0,0.0,0.0,0.0,0.0,0.0
3685.0,0.0,0.0,0.0,0.0,0.0,0.0
3686.0,0.0,0.0,0.0,0.0,0.0,0.0
3687.0,0.0,0.0,0.0,0.0,0.0,0.0
3688.0,0.0,0.0,0.0,0.0,0.0,0.0
3689.0,0.0,0.0,0.0,0.0,0.0,0.0
3690.0,0.0,0.0,0.0,0.0,0.0,0.0
3691.0,0.0,0.0,0.0,0.0,0.0,0.0
3692.0,0.0,0.0,0.0,0.0,0.0,0.0
3693.0,0.0,0.0,0.0,0.0,0.0,0.0
3694.0,0.0,0.0,0.0,0.0,0.0,0.0
3695.0,0.0,0.0,0.0,0.0,0.0,0.0
3696.0,0.0,0.0,0.0,0.0,0.0,0.0
3697.0,0.0,0.0,0.0,0.0,0.0,0.0
3698.0,0.0,0.0,0.0,0.0,0.0,0.0
3699.0,0.0,0.0,0.0,0.0,0.0,0.0
3700.0,0.0,0.0,0.0,0.0,0.0,0.0
3701.0,0.0,0.0,0.0,0.0,0.0,0.0
3702.0,0.0,0.0,0.0,0.0,0.0,0.0
3703.0,0.0,0.0,0.0,0.0,0.0,0.0
3704.0,0.0,0.0,0.0,0.0,0.0,0.0
3705.0,0.0,0.0,0.0,0.0,0.0,0.0
3706.0,5.171737939235754e-06,1.8459992361385957e-06,6.834018222434679e-06,0.0,0.0,0.0004309781616029795
3707.0,5.171737939235754e-06,1.8459992361385957e-06,6.834018222434679e-06,0.0,0.0,0.0004309781616029795
3708.0,0.0,0.0,0.0,0.0,0.0,0.0
3709.0,0.0,0.0,0.0,0.0,0.0,0.0
3710.0,0.0,0.0,0.0,0.0,0.0,0.0
3711.0,0.0,0.0,0.0,0.0,0.0,0.0
3712.0,0.0,0.0,0.0,0.0,0.0,0.0
3713.0,0.0,0.0,0.0,0.0,0.0,0.0
3714.0,0.0,0.0,0.0,0.0,0.0,0.0
3715.0,0.0,0.0,0.0,0.0,0.0,0.0
3716.0,0.002707039238885045,0.0,0.0,0.0,0.05555555555555555,0.37037037037037035
3717.0,0.0,0.0,0.0,0.0,0.0,0.0
3718.0,0.0,0.0,0.0,0.0,0.0,0.0
3719.0,0.0,0.0,0.0,0.0,0.0,0.0
3720.0,0.0,0.0,0.0,0.0,0.0,0.0
3721.0,0.0,0.0,0.0,0.0,0.0,0.0
3722.0,0.0,0.0,0.0,0.0,0.0,0.0
3723.0,7.318914185816539e-07,0.0,0.0,0.0,0.0,6.099095154847115e-05
3724.0,0.0,0.0,0.0,0.0,0.0,0.0
3725.0,0.0,0.0,0.0,0.0,0.0,0.0
3726.0,0.0,0.0,0.0,0.0,0.0,0.0
3727.0,0.0,0.0,0.0,0.0,0.0,0.0
3728.0,0.0,0.0,0.0,0.0,0.0,0.0
3729.0,0.0,0.0,0.0,0.0,0.0,0.0
3730.0,0.0,0.0,0.0,0.0,0.0,0.0
3731.0,4.593034645949956e-06,1.8459992361385957e-06,6.834018222434679e-06,0.0,0.0,0.00038275288716249634
3732.0,4.593034645949956e-06,1.8459992361385957e-06,6.834018222434679e-06,0.0,0.0,0.00038275288716249634
3733.0,0.0,0.0,0.0,0.0,0.0,0.0
3734.0,0.0,0.0,0.0,0.0,0.0,0.0
3735.0,0.0,0.0,0.0,0.0,0.0,0.0
3736.0,0.0,0.0,0.0,0.0,0.0,0.0
3737.0,0.0,0.0,0.0,0.0,0.0,0.0
3738.0,0.0,0.0,0.0,0.0,0.0,0.0
3739.0,0.0,0.0,0.0,0.0,0.0,0.0
3740.0,0.0,0.0,0.0,0.0,0.0,0.0
3741.0,0.0,0.0,0.0,0.0,0.0,0.0
3742.0,0.0,0.0,0.0,0.0,0.0,0.0
3743.0,0.04665341228246689,0.04295291751623154,0.0,0.0006940963794477284,0.3194444444444444,3.8877843568722406
3744.0,6.808261900914658e-07,0.0,0.0,0.0,0.0,5.6735515840955486e-05
3745.0,0.0,0.0,0.0,0.0,0.0,0.0
3746.0,0.0,0.0,0.0,0.0,0.0,0.0
3747.0,0.0,0.0,0.0,0.0,0.0,0.0
3748.0,0.0,0.0,0.0,0.0,0.0,0.0
3749.0,0.0,0.0,0.0,0.0,0.0,0.0
3750.0,0.0,0.0,0.0,0.0,0.0,0.0
3751.0,0.0,0.0,0.0,0.0,0.0,0.0
3752.0,0.0,0.0,0.0,0.0,0.0,0.0
3753.0,0.0,0.0,0.0,0.0,0.0,0.0
3754.0,0.0,0.0,0.0,0.0,0.0,0.0
3755.0,0.0,0.0,0.0,0.0,0.0,0.0
3756.0,0.0,0.0,0.0,0.0,0.0,0.0
3757.0,0.0,0.0,0.0,0.0,0.0,0.0
3758.0,0.0,0.0,0.0,0.0,0.0,0.0
3759.0,0.0,0.0,0.0,0.0,0.0,0.0
3760.0,0.0,0.0,0.0,0.0,0.0,0.0
3761.0,0.0,0.0,0.0,0.0,0.0,0.0
3762.0,0.0,0.0,0.0,0.0,0.0,0.0
3763.0,0.0,0.0,0.0,0.0,0.0,0.0
3764.0,0.0,0.0,0.0,0.0,0.0,0.0
3765.0,0.0,0.0,0.0,0.0,0.0,0.0
3766.0,0.0,0.0,0.0,0.0,0.0,0.0
3767.0,0.0,0.0,0.0,0.0,0.0,0.0
3768.0,6.808261900914658e-07,0.0,0.0,0.0,0.0,5.6735515840955486e-05
3769.0,6.808261900914658e-07,0.0,0.0,0.0,0.0,5.6735515840955486e-05
3770.0,0.0,0.0,0.0,0.0,0.0,0.0
3771.0,0.0,0.0,0.0,0.0,0.0,0.0
3772.0,0.0,0.0,0.0,0.0,0.0,0.0
3773.0,0.0,0.0,0.0,0.0,0.0,0.0
3774.0,0.0,0.0,0.0,0.0,0.0,0.0
3775.0,0.0,0.0,0.0,0.0,0.0,0.0
3776.0,0.0,0.0,0.0,0.0,0.0,0.0
3777.0,0.0,0.0,0.0,0.0,0.0,0.0
3778.0,0.0,0.0,0.0,0.0,0.0,0.0
3779.0,0.0,0.0,0.0,0.0,0.0,0.0
3780.0,0.0,0.0,0.0,0.0,0.0,0.0
3781.0,0.0,0.0,0.0,0.0,0.0,0.0
3782.0,0.0,0.0,0.0,0.0,0.0,0.0
3783.0,0.0,0.0,0.0,0.0,0.0,0.0
3784.0,0.0,0.0,0.0,0.0,0.0,0.0
3785.0,0.0,0.0,0.0,0.0,0.0,0.0
3786.0,0.0,0.0,0.0,0.0,0.0,0.0
3787.0,0.0,0.0,0.0,0.0,0.0,0.0
3788.0,0.0,0.0,0.0,0.0,0.0,0.0
3789.0,0.0,0.0,0.0,0.0,0.0,0.0
3790.0,0.0,0.0,0.0,0.0,0.0,0.0
3791.0,0.0,0.0,0.0,0.0,0.0,0.0
3792.0,0.0,0.0,0.0,0.0,0.0,0.0
3793.0,6.808261900914658e-07,0.0,0.0,0.0,0.0,5.6735515840955486e-05
3794.0,6.808261900914658e-07,0.0,0.0,0.0,0.0,5.6735515840955486e-05
3795.0,0.0,0.0,0.0,0.0,0.0,0.0
3796.0,0.0,0.0,0.0,0.0,0.0,0.0
3797.0,0.0,0.0,0.0,0.0,0.0,0.0
3798.0,0.0,0.0,0.0,0.0,0.0,0.0
3799.0,0.0,0.0,0.0,0.0,0.0,0.0
3800.0,0.0,0.0,0.0,0.0,0.0,0.0
3801.0,0.0,0.0,0.0,0.0,0.0,0.0
3802.0,0.0,0.0,0.0,0.0,0.0,0.0
3803.0,0.0,0.0,0.0,0.0,0.0,0.0
3804.0,0.0,0.0,0.0,0.0,0.0,0.0
3805.0,0.0,0.0,0.0,0.0,0.0,0.0
3806.0,0.0,0.0,0.0,0.0,0.0,0.0
3807.0,0.0,0.0,0.0,0.0,0.0,0.0
3808.0,0.0,0.0,0.0,0.0,0.0,0.0
3809.0,0.0,0.0,0.0,0.0,0.0,0.0
3810.0,0.0,0.0,0.0,0.0,0.0,0.0
3811.0,0.0,0.0,0.0,0.0,0.0,0.0
3812.0,0.0,0.0,0.0,0.0,0.0,0.0
3813.0,0.0,0.0,0.0,0.0,0.0,0.0
3814.0,0.0,0.0,0.0,0.0,0.0,0.0
3815.0,0.0,0.0,0.0,0.0,0.0,0.0
3816.0,0.0,0.0,0.0,0.0,0.0,0.0
3817.0,0.0,0.0,0.0,0.0,0.0,0.0
3818.0,6.808261900914658e-07,0.0,0.0,0.0,0.0,5.6735515840955486e-05
3819.0,6.808261900914658e-07,0.0,0.0,0.0,0.0,5.6735515840955486e-05
3820.0,0.0,0.0,0.0,0.0,0.0,0.0
3821.0,0.0,0.0,0.0,0.0,0.0,0.0
3822.0,0.0,0.0,0.0,0.0,0.0,0.0
3823.0,0.0,0.0,0.0,0.0,0.0,0.0
3824.0,0.0,0.0,0.0,0.0,0.0,0.0
3825.0,0.0,0.0,0.0,0.0,0.0,0.0
3826.0,0.0,0.0,0.0,0.0,0.0,0.0
3827.0,0.0,0.0,0.0,0.0,0.0,0.0
3828.0,0.0,0.0,0.0,0.0,0.0,0.0
3829.0,0.0,0.0,0.0,0.0,0.0,0.0
3830.0,0.0,0.0,0.0,0.0,0.0,0.0
3831.0,0.0,0.0,0.0,0.0,0.0,0.0
3832.0,0.0,0.0,0.0,0.0,0.0,0.0
3833.0,0.0,0.0,0.0,0.0,0.0,0.0
3834.0,0.0,0.0,0.0,0.0,0.0,0.0
3835.0,0.0,0.0,0.0,0.0,0.0,0.0
3836.0,0.0,0.0,0.0,0.0,0.0,0.0
3837.0,0.0,0.0,0.0,0.0,0.0,0.0
3838.0,0.0,0.0,0.0,0.0,0.0,0.0
3839.0,0.0,0.0,0.0,0.0,0.0,0.0
3840.0,0.0,0.0,0.0,0.0,0.0,0.0
3841.0,0.0,0.0,0.0,0.0,0.0,0.0
3842.0,0.0,0.0,0.0,0.0,0.0,0.0
3843.0,6.808261900914658e-07,0.0,0.0,0.0,0.0,5.6735515840955486e-05
3844.0,6.808261900914658e-07,0.0,0.0,0.0,0.0,5.6735515840955486e-05
3845.0,0.0,0.0,0.0,0.0,0.0,0.0
3846.0,0.0,0.0,0.0,0.0,0.0,0.0
3847.0,0.0,0.0,0.0,0.0,0.0,0.0
3848.0,0.0,0.0,0.0,0.0,0.0,0.0
3849.0,0.0,0.0,0.0,0.0,0.0,0.0
3850.0,0.0,0.0,0.0,0.0,0.0,0.0
3851.0,0.0,0.0,0.0,0.0,0.0,0.0
3852.0,0.0,0.0,0.0,0.0,0.0,0.0
3853.0,0.0,0.0,0.0,0.0,0.0,0.0
3854.0,0.0,0.0,0.0,0.0,0.0,0.0
3855.0,0.0,0.0,0.0,0.0,0.0,0.0
3856.0,0.0,0.0,0.0,0.0,0.0,0.0
3857.0,0.0,0.0,0.0,0.0,0.0,0.0
3858.0,0.0,0.0,0.0,0.0,0.0,0.0
3859.0,0.0,0.0,0.0,0.0,0.0,0.0
3860.0,0.0,0.0,0.0,0.0,0.0,0.0
3861.0,0.0,0.0,0.0,0.0,0.0,0.0
3862.0,0.0,0.0,0.0,0.0,0.0,0.0
3863.0,0.0,0.0,0.0,0.0,0.0,0.0
3864.0,0.0,0.0,0.0,0.0,0.0,0.0
3865.0,0.0,0.0,0.0,0.0,0.0,0.0
3866.0,0.0,0.0,0.0,0.0,0.0,0.0
3867.0,0.0,0.0,0.0,0.0,0.0,0.0
3868.0,6.808261900914658e-07,0.0,0.0,0.0,0.0,5.6735515840955486e-05
3869.0,6.808261900914658e-07,0.0,0.0,0.0,0.0,5.6735515840955486e-05
3870.0,0.0,0.0,0.0,0.0,0.0,0.0
3871.0,0.0,0.0,0.0,0.0,0.0,0.0
3872.0,0.0,0.0,0.0,0.0,0.0,0.0
3873.0,0.0,0.0,0.0,0.0,0.0,0.0
3874.0,0.0,0.0,0.0,0.0,0.0,0.0
3875.0,0.0,0.0,0.0,0.0,0.0,0.0
3876.0,0.0,0.0,0.0,0.0,0.0,0.0
3877.0,0.0,0.0,0.0,0.0,0.0,0.0
3878.0,0.0,0.0,0.0,0.0,0.0,0.0
3879.0,0.0,0.0,0.0,0.0,0.0,0.0
3880.0,0.0,0.0,0.0,0.0,0.0,0.0
3881.0,0.0,0.0,0.0,0.0,0.0,0.0
3882.0,0.0,0.0,0.0,0.0,0.0,0.0
3883.0,0.0,0.0,0.0,0.0,0.0,0.0
3884.0,0.0,0.0,0.0,0.0,0.0,0.0
3885.0,0.0,0.0,0.0,0.0,0.0,0.0
3886.0,0.0,0.0,0.0,0.0,0.0,0.0
3887.0,0.0,0.0,0.0,0.0,0.0,0.0
3888.0,0.0,0.0,0.0,0.0,0.0,0.0
3889.0,0.0,0.0,0.0,0.0,0.0,0.0
3890.0,0.0,0.0,0.0,0.0,0.0,0.0
3891.0,0.0,0.0,0.0,0.0,0.0,0.0
3892.0,0.0,0.0,0.0,0.0,0.0,0.0
3893.0,6.808261900914658e-07,0.0,0.0,0.0,0.0,5.6735515840955486e-05
3894.0,6.808261900914658e-07,0.0,0.0,0.0,0.0,5.6735515840955486e-05
3895.0,0.0,0.0,0.0,0.0,0.0,0.0
3896.0,0.0,0.0,0.0,0.0,0.0,0.0
3897.0,0.0,0.0,0.0,0.0,0.0,0.0
3898.0,0.0,0.0,0.0,0.0,0.0,0.0
3899.0,0.0,0.0,0.0,0.0,0.0,0.0
3900.0,0.0,0.0,0.0,0.0,0.0,0.0
3901.0,0.0,0.0,0.0,0.0,0.0,0.0
3902.0,0.0,0.0,0.0,0.0,0.0,0.0
3903.0,0.0,0.0,0.0,0.0,0.0,0.0
3904.0,0.0,0.0,0.0,0.0,0.0,0.0
3905.0,0.0,0.0,0.0,0.0,0.0,0.0
3906.0,0.0,0.0,0.0,0.0,0.0,0.0
3907.0,0.0,0.0,0.0,0.0,0.0,0.0
3908.0,0.0,0.0,0.0,0.0,0.0,0.0
3909.0,0.0,0.0,0.0,0.0,0.0,0.0
3910.0,0.0,0.0,0.0,0.0,0.0,0.0
3911.0,0.0,0.0,0.0,0.0,0.0,0.0
3912.0,0.0,0.0,0.0,0.0,0.0,0.0
3913.0,0.0,0.0,0.0,0.0,0.0,0.0
3914.0,0.0,0.0,0.0,0.0,0.0,0.0
3915.0,0.0,0.0,0.0,0.0,0.0,0.0
3916.0,0.0,0.0,0.0,0.0,0.0,0.0
3917.0,0.0,0.0,0.0,0.0,0.0,0.0
3918.0,6.808261900914658e-07,0.0,0.0,0.0,0.0,5.6735515840955486e-05
3919.0,6.808261900914658e-07,0.0,0.0,0.0,0.0,5.6735515840955486e-05
3920.0,0.0,0.0,0.0,0.0,0.0,0.0
3921.0,0.0,0.0,0.0,0.0,0.0,0.0
3922.0,0.0,0.0,0.0,0.0,0.0,0.0
3923.0,0.0,0.0,0.0,0.0,0.0,0.0
3924.0,0.0,0.0,0.0,0.0,0.0,0.0
3925.0,0.0,0.0,0.0,0.0,0.0,0.0
3926.0,0.0,0.0,0.0,0.0,0.0,0.0
3927.0,0.0,0.0,0.0,0.0,0.0,0.0
3928.0,0.0,0.0,0.0,0.0,0.0,0.0
3929.0,0.0,0.0,0.0,0.0,0.0,0.0
3930.0,0.0,0.0,0.0,0.0,0.0,0.0
3931.0,0.0,0.0,0.0,0.0,0.0,0.0
3932.0,0.0,0.0,0.0,0.0,0.0,0.0
3933.0,0.0,0.0,0.0,0.0,0.0,0.0
3934.0,0.0,0.0,0.0,0.0,0.0,0.0
3935.0,0.0,0.0,0.0,0.0,0.0,0.0
3936.0,0.0,0.0,0.0,0.0,0.0,0.0
3937.0,0.0,0.0,0.0,0.0,0.0,0.0
3938.0,0.0,0.0,0.0,0.0,0.0,0.0
3939.0,0.0,0.0,0.0,0.0,0.0,0.0
3940.0,0.0,0.0,0.0,0.0,0.0,0.0
3941.0,0.0,0.0,0.0,0.0,0.0,0.0
3942.0,0.0,0.0,0.0,0.0,0.0,0.0
3943.0,6.808261900914658e-07,0.0,0.0,0.0,0.0,5.6735515840955486e-05
3944.0,6.808261900914658e-07,0.0,0.0,0.0,0.0,5.6735515840955486e-05
3945.0,0.0,0.0,0.0,0.0,0.0,0.0
3946.0,0.0,0.0,0.0,0.0,0.0,0.0
3947.0,0.0,0.0,0.0,0.0,0.0,0.0
3948.0,0.0,0.0,0.0,0.0,0.0,0.0
3949.0,0.0,0.0,0.0,0.0,0.0,0.0
3950.0,0.0,0.0,0.0,0.0,0.0,0.0
3951.0,0.0,0.0,0.0,0.0,0.0,0.0
3952.0,0.0,0.0,0.0,0.0,0.0,0.0
3953.0,0.0,0.0,0.0,0.0,0.0,0.0
3954.0,0.0,0.0,0.0,0.0,0.0,0.0
3955.0,0.0,0.0,0.0,0.0,0.0,0.0
3956.0,0.0,0.0,0.0,0.0,0.0,0.0
3957.0,0.0,0.0,0.0,0.0,0.0,0.0
3958.0,0.055092282593250275,0.035743292421102524,0.0,0.00055950932437554,0.3628472222222222,4.591023549437523
3959.0,0.0,0.0,0.0,0.0,0.0,0.0
3960.0,0.0,0.0,0.0,0.0,0.0,0.0
3961.0,0.0,0.0,0.0,0.0,0.0,0.0
3962.0,0.0,0.0,0.0,0.0,0.0,0.0
3963.0,0.0,0.0,0.0,0.0,0.0,0.0
3964.0,0.0,0.0,0.0,0.0,0.0,0.0
3965.0,0.0,0.0,0.0,0.0,0.0,0.0
3966.0,0.0,0.0,0.0,0.0,0.0,0.0
3967.0,0.0,0.0,0.0,0.0,0.0,0.0
3968.0,0.0,0.0,0.0,0.0,0.0,0.0
3969.0,0.0,0.0,0.0,0.0,0.0,0.0
3970.0,0.0,0.0,0.0,0.0,0.0,0.0
3971.0,0.0,0.0,0.0,0.0,0.0,0.0
3972.0,0.0,0.0,0.0,0.0,0.0,0.0
3973.0,0.0,0.0,0.0,0.0,0.0,0.0
3974.0,1.3333431525097694e-05,1.2640108479899936e-06,1.9348221030668356e-05,0.0,0.0,0.0011111192937581411
3975.0,1.3333431525097694e-05,1.2640108479899936e-06,1.9348221030668356e-05,0.0,0.0,0.0011111192937581411
3976.0,0.0,0.0,0.0,0.0,0.0,0.0
3977.0,0.0,0.0,0.0,0.0,0.0,0.0
3978.0,0.0,0.0,0.0,0.0,0.0,0.0
3979.0,0.0,0.0,0.0,0.0,0.0,0.0
3980.0,0.0,0.0,0.0,0.0,0.0,0.0
3981.0,0.0,0.0,0.0,0.0,0.0,0.0
3982.0,0.0,0.0,0.0,0.0,0.0,0.0
3983.0,0.0,0.0,0.0,0.0,0.0,0.0
3984.0,0.0,0.0,0.0,0.0,0.0,0.0
3985.0,0.0,0.0,0.0,0.0,0.0,0.0
3986.0,0.0,0.0,0.0,0.0,0.0,0.0
3987.0,0.0,0.0,0.0,0.0,0.0,0.0
3988.0,0.0,0.0,0.0,0.0,0.0,0.0
3989.0,0.0,0.0,0.0,0.0,0.0,0.0
3990.0,0.0,0.0,0.0,0.0,0.0,0.0
3991.0,0.0,0.0,0.0,0.0,0.0,0.0
3992.0,0.0,0.0,0.0,0.0,0.0,0.0
3993.0,0.0,0.0,0.0,0.0,0.0,0.0
3994.0,0.0,0.0,0.0,0.0,0.0,0.0
3995.0,0.0,0.0,0.0,0.0,0.0,0.0
3996.0,0.0,0.0,0.0,0.0,0.0,0.0
3997.0,0.0,0.0,0.0,0.0,0.0,0.0
3998.0,0.0,0.0,0.0,0.0,0.0,0.0
3999.0,1.3333431525097694e-05,1.2640108479899936e-06,1.9348221030668356e-05,0.0,0.0,0.0011111192937581411
4000.0,1.3333431525097694e-05,1.2640108479899936e-06,1.9348221030668356e-05,0.0,0.0,0.0011111192937581411
4001.0,0.0,0.0,0.0,0.0,0.0,0.0
4002.0,0.0,0.0,0.0,0.0,0.0,0.0
4003.0,0.0,0.0,0.0,0.0,0.0,0.0
4004.0,0.0,0.0,0.0,0.0,0.0,0.0
4005.0,0.0,0.0,0.0,0.0,0.0,0.0
4006.0,0.0,0.0,0.0,0.0,0.0,0.0
4007.0,0.0,0.0,0.0,0.0,0.0,0.0
4008.0,0.0,0.0,0.0,0.0,0.0,0.0
4009.0,0.0,0.0,0.0,0.0,0.0,0.0
4010.0,0.0,0.0,0.0,0.0,0.0,0.0
4011.0,0.0,0.0,0.0,0.0,0.0,0.0
4012.0,0.0,0.0,0.0,0.0,0.0,0.0
4013.0,0.0,0.0,0.0,0.0,0.0,0.0
4014.0,0.0,0.0,0.0,0.0,0.0,0.0
4015.0,0.0,0.0,0.0,0.0,0.0,0.0
4016.0,0.0,0.0,0.0,0.0,0.0,0.0
4017.0,0.0,0.0,0.0,0.0,0.0,0.0
4018.0,0.0,0.0,0.0,0.0,0.0,0.0
4019.0,0.0,0.0,0.0,0.0,0.0,0.0
4020.0,0.0,0.0,0.0,0.0,0.0,0.0
4021.0,0.0,0.0,0.0,0.0,0.0,0.0
4022.0,0.0,0.0,0.0,0.0,0.0,0.0
4023.0,0.0,0.0,0.0,0.0,0.0,0.0
4024.0,1.3333431525097694e-05,1.2640108479899936e-06,1.9348221030668356e-05,0.0,0.0,0.0011111192937581411
4025.0,1.3333431525097694e-05,1.2640108479899936e-06,1.9348221030668356e-05,0.0,0.0,0.0011111192937581411
4026.0,0.0,0.0,0.0,0.0,0.0,0.0
4027.0,0.0,0.0,0.0,0.0,0.0,0.0
4028.0,0.0,0.0,0.0,0.0,0.0,0.0
4029.0,0.0,0.0,0.0,0.0,0.0,0.0
4030.0,0.0,0.0,0.0,0.0,0.0,0.0
4031.0,0.0,0.0,0.0,0.0,0.0,0.0
4032.0,0.0,0.0,0.0,0.0,0.0,0.0
4033.0,0.0,0.0,0.0,0.0,0.0,0.0
4034.0,0.0,0.0,0.0,0.0,0.0,0.0
4035.0,0.0,0.0,0.0,0.0,0.0,0.0
4036.0,0.0,0.0,0.0,0.0,0.0,0.0
4037.0,0.0,0.0,0.0,0.0,0.0,0.0
4038.0,0.0,0.0,0.0,0.0,0.0,0.0
4039.0,0.0,0.0,0.0,0.0,0.0,0.0
4040.0,0.0,0.0,0.0,0.0,0.0,0.0
4041.0,0.0,0.0,0.0,0.0,0.0,0.0
4042.0,0.0,0.0,0.0,0.0,0.0,0.0
4043.0,0.0,0.0,0.0,0.0,0.0,0.0
4044.0,0.0,0.0,0.0,0.0,0.0,0.0
4045.0,0.0,0.0,0.0,0.0,0.0,0.0
4046.0,0.0,0.0,0.0,0.0,0.0,0.0
4047.0,0.0,0.0,0.0,0.0,0.0,0.0
4048.0,0.0,0.0,0.0,0.0,0.0,0.0
4049.0,1.3333431525097694e-05,1.2640108479899936e-06,1.9348221030668356e-05,0.0,0.0,0.0011111192937581411
4050.0,1.3333431525097694e-05,1.2640108479899936e-06,1.9348221030668356e-05,0.0,0.0,0.0011111192937581411
4051.0,0.0,0.0,0.0,0.0,0.0,0.0
4052.0,0.0,0.0,0.0,0.0,0.0,0.0
4053.0,0.0,0.0,0.0,0.0,0.0,0.0
4054.0,0.0,0.0,0.0,0.0,0.0,0.0
4055.0,0.0,0.0,0.0,0.0,0.0,0.0
4056.0,0.0,0.0,0.0,0.0,0.0,0.0
4057.0,0.0,0.0,0.0,0.0,0.0,0.0
4058.0,0.0,0.0,0.0,0.0,0.0,0.0
4059.0,0.0,0.0,0.0,0.0,0.0,0.0
4060.0,0.0,0.0,0.0,0.0,0.0,0.0
4061.0,0.0,0.0,0.0,0.0,0.0,0.0
4062.0,0.0,0.0,0.0,0.0,0.0,0.0
4063.0,0.0,0.0,0.0,0.0,0.0,0.0
4064.0,0.0,0.0,0.0,0.0,0.0,0.0
4065.0,0.0,0.0,0.0,0.0,0.0,0.0
4066.0,0.0,0.0,0.0,0.0,0.0,0.0
4067.0,0.0,0.0,0.0,0.0,0.0,0.0
4068.0,0.0,0.0,0.0,0.0,0.0,0.0
4069.0,0.0,0.0,0.0,0.0,0.0,0.0
4070.0,0.0,0.0,0.0,0.0,0.0,0.0
4071.0,0.0,0.0,0.0,0.0,0.0,0.0
4072.0,0.0,0.0,0.0,0.0,0.0,0.0
4073.0,0.0,0.0,0.0,0.0,0.0,0.0
4074.0,1.3333431525097694e-05,1.2640108479899936e-06,1.9348221030668356e-05,0.0,0.0,0.0011111192937581411
4075.0,1.3333431525097694e-05,1.2640108479899936e-06,1.9348221030668356e-05,0.0,0.0,0.0011111192937581411
4076.0,0.0,0.0,0.0,0.0,0.0,0.0
4077.0,0.0,0.0,0.0,0.0,0.0,0.0
4078.0,0.0,0.0,0.0,0.0,0.0,0.0
4079.0,0.0,0.0,0.0,0.0,0.0,0.0
4080.0,0.0,0.0,0.0,0.0,0.0,0.0
4081.0,0.0,0.0,0.0,0.0,0.0,0.0
4082.0,0.0,0.0,0.0,0.0,0.0,0.0
4083.0,0.0,0.0,0.0,0.0,0.0,0.0
4084.0,0.0,0.0,0.0,0.0,0.0,0.0
4085.0,0.038459304720163345,0.0048500485718250275,5.5772475207049865e-06,0.00027510299696587026,0.19791666666666666,3.2049420600136123
4086.0,3.42498628924659e-06,9.325144105787331e-07,5.5772475207049865e-06,0.0,0.0,0.0002854155241038825
4087.0,0.0,0.0,0.0,0.0,0.0,0.0
4088.0,0.0,0.0,0.0,0.0,0.0,0.0
4089.0,0.0,0.0,0.0,0.0,0.0,0.0
4090.0,0.0,0.0,0.0,0.0,0.0,0.0
4091.0,0.0,0.0,0.0,0.0,0.0,0.0
4092.0,0.0,0.0,0.0,0.0,0.0,0.0
4093.0,0.0,0.0,0.0,0.0,0.0,0.0
4094.0,0.0,0.0,0.0,0.0,0.0,0.0
4095.0,0.0,0.0,0.0,0.0,0.0,0.0
4096.0,0.0,0.0,0.0,0.0,0.0,0.0
4097.0,0.0,0.0,0.0,0.0,0.0,0.0
4098.0,0.0,0.0,0.0,0.0,0.0,0.0
4099.0,0.0,0.0,0.0,0.0,0.0,0.0
4100.0,0.0,0.0,0.0,0.0,0.0,0.0
4101.0,0.0,0.0,0.0,0.0,0.0,0.0
4102.0,0.0,0.0,0.0,0.0,0.0,0.0
4103.0,0.0,0.0,0.0,0.0,0.0,0.0
4104.0,0.0,0.0,0.0,0.0,0.0,0.0
4105.0,0.0,0.0,0.0,0.0,0.0,0.0
4106.0,0.0,0.0,0.0,0.0,0.0,0.0
4107.0,0.0,0.0,0.0,0.0,0.0,0.0
4108.0,0.0,0.0,0.0,0.0,0.0,0.0
4109.0,0.0,0.0,0.0,0.0,0.0,0.0
4110.0,3.42498628924659e-06,9.325144105787331e-07,5.5772475207049865e-06,0.0,0.0,0.0002854155241038825
4111.0,3.42498628924659e-06,9.325144105787331e-07,5.5772475207049865e-06,0.0,0.0,0.0002854155241038825
4112.0,0.0,0.0,0.0,0.0,0.0,0.0
4113.0,0.0,0.0,0.0,0.0,0.0,0.0
4114.0,0.0,0.0,0.0,0.0,0.0,0.0
4115.0,0.0,0.0,0.0,0.0,0.0,0.0
4116.0,0.0,0.0,0.0,0.0,0.0,0.0
4117.0,0.0,0.0,0.0,0.0,0.0,0.0
4118.0,0.0,0.0,0.0,0.0,0.0,0.0
4119.0,0.0,0.0,0.0,0.0,0.0,0.0
4120.0,0.0,0.0,0.0,0.0,0.0,0.0
4121.0,0.0,0.0,0.0,0.0,0.0,0.0
4122.0,0.0,0.0,0.0,0.0,0.0,0.0
4123.0,0.0,0.0,0.0,0.0,0.0,0.0
4124.0,0.0,0.0,0.0,0.0,0.0,0.0
4125.0,0.0,0.0,0.0,0.0,0.0,0.0
4126.0,0.0,0.0,0.0,0.0,0.0,0.0
4127.0,0.0,0.0,0.0,0.0,0.0,0.0
4128.0,0.0,0.0,0.0,0.0,0.0,0.0
4129.0,0.0,0.0,0.0,0.0,0.0,0.0
4130.0,0.0,0.0,0.0,0.0,0.0,0.0
4131.0,0.0,0.0,0.0,0.0,0.0,0.0
4132.0,0.0,0.0,0.0,0.0,0.0,0.0
4133.0,0.0,0.0,0.0,0.0,0.0,0.0
4134.0,0.0,0.0,0.0,0.0,0.0,0.0
4135.0,3.42498628924659e-06,9.325144105787331e-07,5.5772475207049865e-06,0.0,0.0,0.0002854155241038825
4136.0,3.42498628924659e-06,9.325144105787331e-07,5.5772475207049865e-06,0.0,0.0,0.0002854155241038825
4137.0,0.0,0.0,0.0,0.0,0.0,0.0
4138.0,0.0,0.0,0.0,0.0,0.0,0.0
4139.0,0.0,0.0,0.0,0.0,0.0,0.0
4140.0,0.0,0.0,0.0,0.0,0.0,0.0
4141.0,0.0,0.0,0.0,0.0,0.0,0.0
4142.0,0.0,0.0,0.0,0.0,0.0,0.0
4143.0,0.0,0.0,0.0,0.0,0.0,0.0
4144.0,0.0,0.0,0.0,0.0,0.0,0.0
4145.0,0.0,0.0,0.0,0.0,0.0,0.0
4146.0,0.0,0.0,0.0,0.0,0.0,0.0
4147.0,0.0,0.0,0.0,0.0,0.0,0.0
4148.0,0.0,0.0,0.0,0.0,0.0,0.0
4149.0,0.0,0.0,0.0,0.0,0.0,0.0
4150.0,0.0,0.0,0.0,0.0,0.0,0.0
4151.0,0.0,0.0,0.0,0.0,0.0,0.0
4152.0,0.0,0.0,0.0,0.0,0.0,0.0
4153.0,0.0,0.0,0.0,0.0,0.0,0.0
4154.0,0.0,0.0,0.0,0.0,0.0,0.0
4155.0,0.0,0.0,0.0,0.0,0.0,0.0
4156.0,0.0,0.0,0.0,0.0,0.0,0.0
4157.0,0.0,0.0,0.0,0.0,0.0,0.0
4158.0,0.0,0.0,0.0,0.0,0.0,0.0
4159.0,0.0,0.0,0.0,0.0,0.0,0.0
4160.0,3.42498628924659e-06,9.325144105787331e-07,5.5772475207049865e-06,0.0,0.0,0.0002854155241038825
4161.0,3.42498628924659e-06,9.325144105787331e-07,5.5772475207049865e-06,0.0,0.0,0.0002854155241038825
4162.0,0.0,0.0,0.0,0.0,0.0,0.0
4163.0,0.0,0.0,0.0,0.0,0.0,0.0
4164.0,0.0,0.0,0.0,0.0,0.0,0.0
4165.0,0.0,0.0,0.0,0.0,0.0,0.0
4166.0,0.0,0.0,0.0,0.0,0.0,0.0
4167.0,0.0,0.0,0.0,0.0,0.0,0.0
4168.0,0.0,0.0,0.0,0.0,0.0,0.0
4169.0,0.0,0.0,0.0,0.0,0.0,0.0
4170.0,0.0,0.0,0.0,0.0,0.0,0.0
4171.0,0.0,0.0,0.0,0.0,0.0,0.0
4172.0,0.0,0.0,0.0,0.0,0.0,0.0
4173.0,0.0,0.0,0.0,0.0,0.0,0.0
4174.0,0.0,0.0,0.0,0.0,0.0,0.0
4175.0,0.0,0.0,0.0,0.0,0.0,0.0
4176.0,0.0,0.0,0.0,0.0,0.0,0.0
4177.0,0.0,0.0,0.0,0.0,0.0,0.0
4178.0,0.0,0.0,0.0,0.0,0.0,0.0
4179.0,0.0,0.0,0.0,0.0,0.0,0.0
4180.0,0.0,0.0,0.0,0.0,0.0,0.0
4181.0,0.0,0.0,0.0,0.0,0.0,0.0
4182.0,0.0,0.0,0.0,0.0,0.0,0.0
4183.0,0.0,0.0,0.0,0.0,0.0,0.0
4184.0,0.0,0.0,0.0,0.0,0.0,0.0
4185.0,3.42498628924659e-06,9.325144105787331e-07,5.5772475207049865e-06,0.0,0.0,0.0002854155241038825
4186.0,3.42498628924659e-06,9.325144105787331e-07,5.5772475207049865e-06,0.0,0.0,0.0002854155241038825
4187.0,0.0,0.0,0.0,0.0,0.0,0.0
4188.0,0.0,0.0,0.0,0.0,0.0,0.0
4189.0,0.0,0.0,0.0,0.0,0.0,0.0
4190.0,0.0,0.0,0.0,0.0,0.0,0.0
4191.0,0.0,0.0,0.0,0.0,0.0,0.0
4192.0,0.0,0.0,0.0,0.0,0.0,0.0
4193.0,0.0,0.0,0.0,0.0,0.0,0.0
4194.0,0.0,0.0,0.0,0.0,0.0,0.0
4195.0,0.0,0.0,0.0,0.0,0.0,0.0
4196.0,0.0,0.0,0.0,0.0,0.0,0.0
4197.0,0.0,0.0,0.0,0.0,0.0,0.0
4198.0,0.0,0.0,0.0,0.0,0.0,0.0
4199.0,0.0,0.0,0.0,0.0,0.0,0.0
4200.0,0.0,0.0,0.0,0.0,0.0,0.0
4201.0,0.0,0.0,0.0,0.0,0.0,0.0
4202.0,0.0,0.0,0.0,0.0,0.0,0.0
4203.0,0.0,0.0,0.0,0.0,0.0,0.0
4204.0,0.0,0.0,0.0,0.0,0.0,0.0
4205.0,0.0,0.0,0.0,0.0,0.0,0.0
4206.0,0.0,0.0,0.0,0.0,0.0,0.0
4207.0,0.0,0.0,0.0,0.0,0.0,0.0
4208.0,0.0,0.0,0.0,0.0,0.0,0.0
4209.0,0.0,0.0,0.0,0.0,0.0,0.0
4210.0,3.42498628924659e-06,9.325144105787331e-07,5.5772475207049865e-06,0.0,0.0,0.0002854155241038825
4211.0,3.42498628924659e-06,9.325144105787331e-07,5.5772475207049865e-06,0.0,0.0,0.0002854155241038825
4212.0,0.0,0.0,0.0,0.0,0.0,0.0
4213.0,0.0,0.0,0.0,0.0,0.0,0.0
4214.0,0.0,0.0,0.0,0.0,0.0,0.0
4215.0,0.0,0.0,0.0,0.0,0.0,0.0
4216.0,0.0,0.0,0.0,0.0,0.0,0.0
4217.0,0.0,0.0,0.0,0.0,0.0,0.0
4218.0,0.0,0.0,0.0,0.0,0.0,0.0
4219.0,0.0,0.0,0.0,0.0,0.0,0.0
4220.0,0.0,0.0,0.0,0.0,0.0,0.0
4221.0,0.0,0.0,0.0,0.0,0.0,0.0
4222.0,0.0,0.0,0.0,0.0,0.0,0.0
4223.0,0.0,0.0,0.0,0.0,0.0,0.0
4224.0,0.0,0.0,0.0,0.0,0.0,0.0
4225.0,0.0,0.0,0.0,0.0,0.0,0.0
4226.0,0.0,0.0,0.0,0.0,0.0,0.0
