timestamp_s,full_change,title_change,header_change,counter_change,hash_change,candidate_score
1.0,9.72697534962208e-07,6.289556949923281e-06,0.0,0.0,0.0,0.00015723892374808202
2.0,9.72697534962208e-07,6.289556949923281e-06,0.0,0.0,0.0,0.00015723892374808202
3.0,9.629959549783962e-07,6.2268259171105456e-06,0.0,0.0,0.0,0.00015567064792776364
4.0,9.629959549783962e-07,6.2268259171105456e-06,0.0,0.0,0.0,0.00015567064792776364
5.0,9.72697534962208e-07,6.289556949923281e-06,0.0,0.0,0.0,0.00015723892374808202
6.0,9.72697534962208e-07,6.289556949923281e-06,0.0,0.0,0.0,0.00015723892374808202
7.0,9.629959549783962e-07,6.2268259171105456e-06,0.0,0.0,0.0,0.00015567064792776364
8.0,0.0003363794821780175,0.0004436527378857136,0.0003194705059286207,0.00033422515843994915,0.0,0.041778144804993644
9.0,3.078323970839847e-06,8.095706107269507e-06,1.0639183756211423e-06,0.0,0.0,0.00025652699756998726
10.0,3.404113257943209e-08,2.201133071366712e-07,0.0,0.0,0.0,5.50283267841678e-06
11.0,3.404113257943209e-08,2.201133071366712e-07,0.0,0.0,0.0,5.50283267841678e-06
12.0,1.7020436615666767e-08,1.1005581512790741e-07,0.0,0.0,0.0,2.751395378197685e-06
13.0,1.7020436615666767e-08,1.1005581512790741e-07,0.0,0.0,0.0,2.751395378197685e-06
14.0,3.404113257943209e-08,2.201133071366712e-07,0.0,0.0,0.0,5.50283267841678e-06
15.0,3.404113257943209e-08,2.201133071366712e-07,0.0,0.0,0.0,5.50283267841678e-06
16.0,1.7020436615666767e-08,1.1005581512790741e-07,0.0,0.0,0.0,2.751395378197685e-06
17.0,5.1061572747812534e-08,3.3016911515915126e-07,0.0,0.0,0.0,8.254227878978782e-06
18.0,1.1459527513579815e-06,8.063839800342976e-07,0.0,0.0,0.0,9.549606261316512e-05
19.0,0.06449887901544571,0.001968339318409562,0.0,0.03692902624607086,0.4340277777777778,5.374906584620476
20.0,1.4775356248719618e-05,4.6290202249110735e-07,0.0,0.0,0.0,0.0012312796873933014
21.0,0.0,0.0,0.0,0.0,0.0,0.0
22.0,4.765794301420101e-07,0.0,0.0,0.0,0.0,3.971495251183418e-05
23.0,0.0,0.0,0.0,0.0,0.0,0.0
24.0,4.765794301420101e-07,0.0,0.0,0.0,0.0,3.971495251183418e-05
25.0,0.0,0.0,0.0,0.0,0.0,0.0
26.0,4.765794301420101e-07,0.0,0.0,0.0,0.0,3.971495251183418e-05
27.0,0.0002290445554535836,1.3851645235263277e-05,0.0,0.0,0.0,0.019087046287798632
28.0,2.3829085193938226e-07,0.0,0.0,0.0,0.0,1.985757099494852e-05
29.0,0.0,0.0,0.0,0.0,0.0,0.0
30.0,0.0,0.0,0.0,0.0,0.0,0.0
31.0,0.06087497994303703,0.03248312324285507,1.0639183756211423e-06,0.0,0.4565972222222222,5.072914995253086
32.0,5.837955541210249e-07,0.0,1.0639183756211423e-06,0.0,0.0,4.864962951008541e-05
33.0,2.2127036913843767e-07,0.0,0.0,0.0,0.0,1.843919742820314e-05
34.0,2.2127036913843767e-07,0.0,0.0,0.0,0.0,1.843919742820314e-05
35.0,2.2127036913843767e-07,0.0,0.0,0.0,0.0,1.843919742820314e-05
36.0,2.2127036913843767e-07,0.0,0.0,0.0,0.0,1.843919742820314e-05
37.0,2.2127036913843767e-07,0.0,0.0,0.0,0.0,1.843919742820314e-05
38.0,2.2127036913843767e-07,0.0,0.0,0.0,0.0,1.843919742820314e-05
39.0,2.2127036913843767e-07,0.0,0.0,0.0,0.0,1.843919742820314e-05
40.0,0.0,0.0,0.0,0.0,0.0,0.0
41.0,2.2127036913843767e-07,0.0,0.0,0.0,0.0,1.843919742820314e-05
42.0,2.2127036913843767e-07,0.0,0.0,0.0,0.0,1.843919742820314e-05
43.0,2.2127036913843767e-07,0.0,0.0,0.0,0.0,1.843919742820314e-05
44.0,2.2127036913843767e-07,0.0,0.0,0.0,0.0,1.843919742820314e-05
45.0,2.2127036913843767e-07,0.0,0.0,0.0,0.0,1.843919742820314e-05
46.0,2.2127036913843767e-07,0.0,0.0,0.0,0.0,1.843919742820314e-05
47.0,2.2127036913843767e-07,0.0,0.0,0.0,0.0,1.843919742820314e-05
48.0,0.0,0.0,0.0,0.0,0.0,0.0
49.0,2.2127036913843767e-07,0.0,0.0,0.0,0.0,1.843919742820314e-05
50.0,2.2127036913843767e-07,0.0,0.0,0.0,0.0,1.843919742820314e-05
51.0,2.2127036913843767e-07,0.0,0.0,0.0,0.0,1.843919742820314e-05
52.0,2.2127036913843767e-07,0.0,0.0,0.0,0.0,1.843919742820314e-05
53.0,2.2127036913843767e-07,0.0,0.0,0.0,0.0,1.843919742820314e-05
54.0,2.2127036913843767e-07,0.0,0.0,0.0,0.0,1.843919742820314e-05
55.0,2.2127036913843767e-07,0.0,0.0,0.0,0.0,1.843919742820314e-05
56.0,4.3060791199422965e-07,0.0,1.0639183756211423e-06,0.0,0.0,3.5883992666185804e-05
57.0,5.837955541210249e-07,0.0,1.0639183756211423e-06,0.0,0.0,4.864962951008541e-05
58.0,2.2127036913843767e-07,0.0,0.0,0.0,0.0,1.843919742820314e-05
59.0,2.2127036913843767e-07,0.0,0.0,0.0,0.0,1.843919742820314e-05
60.0,2.2127036913843767e-07,0.0,0.0,0.0,0.0,1.843919742820314e-05
61.0,2.2127036913843767e-07,0.0,0.0,0.0,0.0,1.843919742820314e-05
62.0,2.2127036913843767e-07,0.0,0.0,0.0,0.0,1.843919742820314e-05
63.0,2.2127036913843767e-07,0.0,0.0,0.0,0.0,1.843919742820314e-05
64.0,2.2127036913843767e-07,0.0,0.0,0.0,0.0,1.843919742820314e-05
65.0,0.0,0.0,0.0,0.0,0.0,0.0
66.0,2.2127036913843767e-07,0.0,0.0,0.0,0.0,1.843919742820314e-05
67.0,2.2127036913843767e-07,0.0,0.0,0.0,0.0,1.843919742820314e-05
68.0,2.2127036913843767e-07,0.0,0.0,0.0,0.0,1.843919742820314e-05
69.0,2.2127036913843767e-07,0.0,0.0,0.0,0.0,1.843919742820314e-05
70.0,2.2127036913843767e-07,0.0,0.0,0.0,0.0,1.843919742820314e-05
71.0,2.2127036913843767e-07,0.0,0.0,0.0,0.0,1.843919742820314e-05
72.0,2.2127036913843767e-07,0.0,0.0,0.0,0.0,1.843919742820314e-05
73.0,0.0,0.0,0.0,0.0,0.0,0.0
74.0,2.2127036913843767e-07,0.0,0.0,0.0,0.0,1.843919742820314e-05
75.0,2.2127036913843767e-07,0.0,0.0,0.0,0.0,1.843919742820314e-05
76.0,2.2127036913843767e-07,0.0,0.0,0.0,0.0,1.843919742820314e-05
77.0,2.2127036913843767e-07,0.0,0.0,0.0,0.0,1.843919742820314e-05
78.0,2.2127036913843767e-07,0.0,0.0,0.0,0.0,1.843919742820314e-05
79.0,2.2127036913843767e-07,0.0,0.0,0.0,0.0,1.843919742820314e-05
80.0,2.8356475013424642e-05,0.0,0.0,0.0,0.0,0.0023630395844520535
81.0,0.00033847862505353987,0.0,1.0639183756211423e-06,0.0,0.0,0.02820655208779499
82.0,4.855990937358001e-06,0.0,1.0639183756211423e-06,0.0,0.0,0.0004046659114465001
83.0,2.2127036913843767e-07,0.0,0.0,0.0,0.0,1.843919742820314e-05
84.0,2.2127036913843767e-07,0.0,0.0,0.0,0.0,1.843919742820314e-05
85.0,0.00029556432855315506,0.0,0.0,0.0,0.0,0.024630360712762922
86.0,2.553117610659683e-07,0.0,0.0,0.0,0.0,2.1275980088830693e-05
87.0,2.2127036913843767e-07,0.0,0.0,0.0,0.0,1.843919742820314e-05
88.0,2.2127036913843767e-07,0.0,0.0,0.0,0.0,1.843919742820314e-05
89.0,2.2127036913843767e-07,0.0,0.0,0.0,0.0,1.843919742820314e-05
90.0,2.5360773179272655e-06,0.0,0.0,0.0,0.0,0.00021133977649393879
91.0,2.2127036913843767e-07,0.0,0.0,0.0,0.0,1.843919742820314e-05
92.0,2.2127036913843767e-07,0.0,0.0,0.0,0.0,1.843919742820314e-05
93.0,2.2127036913843767e-07,0.0,0.0,0.0,0.0,1.843919742820314e-05
94.0,2.2127036913843767e-07,0.0,0.0,0.0,0.0,1.843919742820314e-05
95.0,2.2127036913843767e-07,0.0,0.0,0.0,0.0,1.843919742820314e-05
96.0,0.00011766405805246904,0.0,0.0,0.0,0.0,0.009805338171039088
97.0,2.2127036913843767e-07,0.0,0.0,0.0,0.0,1.843919742820314e-05
98.0,1.3446343700707075e-06,0.0,0.0,0.0,0.0,0.00011205286417255896
99.0,0.000233592014410533,0.0,0.0,0.0,0.0,0.019466001200877752
100.0,0.00025151477893814445,0.0,0.0,0.0,0.001736111111111111,0.020959564911512036
101.0,2.2127036913843767e-07,0.0,0.0,0.0,0.0,1.843919742820314e-05
102.0,2.2127036913843767e-07,0.0,0.0,0.0,0.0,1.843919742820314e-05
103.0,0.0012659141793847084,0.0,0.0,0.0,0.001736111111111111,0.10549284828205903
104.0,0.00016676876111887395,0.0,0.0,0.0,0.001736111111111111,0.013897396759906162
105.0,0.00032136772642843425,0.0,0.0,0.0,0.0,0.026780643869036187
106.0,8.838822395773605e-06,0.0,1.0639183756211423e-06,0.0,0.0,0.0007365685329811337
107.0,4.816713499167236e-07,0.0,1.0639183756211423e-06,0.0,0.0,4.013927915972696e-05
108.0,2.2127036913843767e-07,0.0,0.0,0.0,0.0,1.843919742820314e-05
109.0,2.2127036913843767e-07,0.0,0.0,0.0,0.0,1.843919742820314e-05
110.0,2.2127036913843767e-07,0.0,0.0,0.0,0.0,1.843919742820314e-05
111.0,0.00048794926260598004,0.0,0.0,0.0,0.001736111111111111,0.04066243855049834
112.0,2.2127036913843767e-07,0.0,0.0,0.0,0.0,1.843919742820314e-05
113.0,2.2127036913843767e-07,0.0,0.0,0.0,0.0,1.843919742820314e-05
114.0,2.2127036913843767e-07,0.0,0.0,0.0,0.0,1.843919742820314e-05
115.0,2.689269649636117e-06,0.0,0.0,0.0,0.0,0.00022410580413634307
116.0,2.2127036913843767e-07,0.0,0.0,0.0,0.0,1.843919742820314e-05
117.0,2.2127036913843767e-07,0.0,0.0,0.0,0.0,1.843919742820314e-05
118.0,2.2127036913843767e-07,0.0,0.0,0.0,0.0,1.843919742820314e-05
119.0,2.2127036913843767e-07,0.0,0.0,0.0,0.0,1.843919742820314e-05
120.0,2.2127036913843767e-07,0.0,0.0,0.0,0.0,1.843919742820314e-05
121.0,2.2127036913843767e-07,0.0,0.0,0.0,0.0,1.843919742820314e-05
122.0,2.2127036913843767e-07,0.0,0.0,0.0,0.0,1.843919742820314e-05
123.0,0.0,0.0,0.0,0.0,0.0,0.0
124.0,2.2127036913843767e-07,0.0,0.0,0.0,0.0,1.843919742820314e-05
125.0,2.2127036913843767e-07,0.0,0.0,0.0,0.0,1.843919742820314e-05
126.0,2.2127036913843767e-07,0.0,0.0,0.0,0.0,1.843919742820314e-05
127.0,2.2127036913843767e-07,0.0,0.0,0.0,0.0,1.843919742820314e-05
128.0,2.2127036913843767e-07,0.0,0.0,0.0,0.0,1.843919742820314e-05
129.0,2.2127036913843767e-07,0.0,0.0,0.0,0.0,1.843919742820314e-05
130.0,2.2127036913843767e-07,0.0,0.0,0.0,0.0,1.843919742820314e-05
131.0,4.3060791199422965e-07,0.0,1.0639183756211423e-06,0.0,0.0,3.5883992666185804e-05
132.0,5.837955541210249e-07,0.0,1.0639183756211423e-06,0.0,0.0,4.864962951008541e-05
133.0,2.2127036913843767e-07,0.0,0.0,0.0,0.0,1.843919742820314e-05
134.0,2.2127036913843767e-07,0.0,0.0,0.0,0.0,1.843919742820314e-05
135.0,2.2127036913843767e-07,0.0,0.0,0.0,0.0,1.843919742820314e-05
136.0,2.2127036913843767e-07,0.0,0.0,0.0,0.0,1.843919742820314e-05
137.0,2.2127036913843767e-07,0.0,0.0,0.0,0.0,1.843919742820314e-05
138.0,2.2127036913843767e-07,0.0,0.0,0.0,0.0,1.843919742820314e-05
139.0,2.2127036913843767e-07,0.0,0.0,0.0,0.0,1.843919742820314e-05
140.0,0.0,0.0,0.0,0.0,0.0,0.0
141.0,2.2127036913843767e-07,0.0,0.0,0.0,0.0,1.843919742820314e-05
142.0,2.2127036913843767e-07,0.0,0.0,0.0,0.0,1.843919742820314e-05
143.0,2.2127036913843767e-07,0.0,0.0,0.0,0.0,1.843919742820314e-05
144.0,2.2127036913843767e-07,0.0,0.0,0.0,0.0,1.843919742820314e-05
145.0,2.2127036913843767e-07,0.0,0.0,0.0,0.0,1.843919742820314e-05
146.0,2.2127036913843767e-07,0.0,0.0,0.0,0.0,1.843919742820314e-05
147.0,2.2127036913843767e-07,0.0,0.0,0.0,0.0,1.843919742820314e-05
148.0,0.0,0.0,0.0,0.0,0.0,0.0
149.0,2.2127036913843767e-07,0.0,0.0,0.0,0.0,1.843919742820314e-05
150.0,2.2127036913843767e-07,0.0,0.0,0.0,0.0,1.843919742820314e-05
151.0,2.2127036913843767e-07,0.0,0.0,0.0,0.0,1.843919742820314e-05
152.0,2.2127036913843767e-07,0.0,0.0,0.0,0.0,1.843919742820314e-05
153.0,2.2127036913843767e-07,0.0,0.0,0.0,0.0,1.843919742820314e-05
154.0,2.2127036913843767e-07,0.0,0.0,0.0,0.0,1.843919742820314e-05
155.0,2.2127036913843767e-07,0.0,0.0,0.0,0.0,1.843919742820314e-05
156.0,4.3060791199422965e-07,0.0,1.0639183756211423e-06,0.0,0.0,3.5883992666185804e-05
157.0,5.837955541210249e-07,0.0,1.0639183756211423e-06,0.0,0.0,4.864962951008541e-05
158.0,2.2127036913843767e-07,0.0,0.0,0.0,0.0,1.843919742820314e-05
159.0,2.2127036913843767e-07,0.0,0.0,0.0,0.0,1.843919742820314e-05
160.0,2.2127036913843767e-07,0.0,0.0,0.0,0.0,1.843919742820314e-05
161.0,2.2127036913843767e-07,0.0,0.0,0.0,0.0,1.843919742820314e-05
162.0,2.2127036913843767e-07,0.0,0.0,0.0,0.0,1.843919742820314e-05
163.0,0.0001358591835014522,0.0,0.0,0.0,0.0,0.011321598625121018
164.0,0.00017704925267025828,0.0,0.0,0.0,0.0,0.01475410438918819
165.0,3.3360627185174963e-06,0.0,0.0,0.0,0.0,0.0002780052265431247
166.0,2.2127036913843767e-07,0.0,0.0,0.0,0.0,1.843919742820314e-05
167.0,2.2127036913843767e-07,0.0,0.0,0.0,0.0,1.843919742820314e-05
168.0,2.2127036913843767e-07,0.0,0.0,0.0,0.0,1.843919742820314e-05
169.0,2.2127036913843767e-07,0.0,0.0,0.0,0.0,1.843919742820314e-05
170.0,2.2127036913843767e-07,0.0,0.0,0.0,0.0,1.843919742820314e-05
171.0,2.2127036913843767e-07,0.0,0.0,0.0,0.0,1.843919742820314e-05
172.0,2.2127036913843767e-07,0.0,0.0,0.0,0.0,1.843919742820314e-05
173.0,0.0,0.0,0.0,0.0,0.0,0.0
174.0,2.2127036913843767e-07,0.0,0.0,0.0,0.0,1.843919742820314e-05
175.0,2.2127036913843767e-07,0.0,0.0,0.0,0.0,1.843919742820314e-05
176.0,2.2127036913843767e-07,0.0,0.0,0.0,0.0,1.843919742820314e-05
177.0,2.2127036913843767e-07,0.0,0.0,0.0,0.0,1.843919742820314e-05
178.0,2.2127036913843767e-07,0.0,0.0,0.0,0.0,1.843919742820314e-05
179.0,2.2127036913843767e-07,0.0,0.0,0.0,0.0,1.843919742820314e-05
180.0,2.2127036913843767e-07,0.0,0.0,0.0,0.0,1.843919742820314e-05
181.0,5.837936782882025e-07,0.0,1.0639183756211423e-06,0.0,0.0,4.8649473190683544e-05
182.0,7.369812919932883e-07,0.0,1.0639183756211423e-06,0.0,0.0,6.141510766610736e-05
183.0,2.2127036913843767e-07,0.0,0.0,0.0,0.0,1.843919742820314e-05
184.0,2.2127036913843767e-07,0.0,0.0,0.0,0.0,1.843919742820314e-05
185.0,2.2127036913843767e-07,0.0,0.0,0.0,0.0,1.843919742820314e-05
186.0,2.2127036913843767e-07,0.0,0.0,0.0,0.0,1.843919742820314e-05
187.0,2.2127036913843767e-07,0.0,0.0,0.0,0.0,1.843919742820314e-05
188.0,2.2127036913843767e-07,0.0,0.0,0.0,0.0,1.843919742820314e-05
189.0,2.2127036913843767e-07,0.0,0.0,0.0,0.0,1.843919742820314e-05
190.0,0.0,0.0,0.0,0.0,0.0,0.0
191.0,2.2127036913843767e-07,0.0,0.0,0.0,0.0,1.843919742820314e-05
192.0,2.2127036913843767e-07,0.0,0.0,0.0,0.0,1.843919742820314e-05
193.0,2.2127036913843767e-07,0.0,0.0,0.0,0.0,1.843919742820314e-05
194.0,2.2127036913843767e-07,0.0,0.0,0.0,0.0,1.843919742820314e-05
195.0,2.2127036913843767e-07,0.0,0.0,0.0,0.0,1.843919742820314e-05
196.0,2.2127036913843767e-07,0.0,0.0,0.0,0.0,1.843919742820314e-05
197.0,2.2127036913843767e-07,0.0,0.0,0.0,0.0,1.843919742820314e-05
198.0,0.0,0.0,0.0,0.0,0.0,0.0
199.0,2.2127036913843767e-07,0.0,0.0,0.0,0.0,1.843919742820314e-05
200.0,2.2127036913843767e-07,0.0,0.0,0.0,0.0,1.843919742820314e-05
201.0,2.2127036913843767e-07,0.0,0.0,0.0,0.0,1.843919742820314e-05
202.0,2.2127036913843767e-07,0.0,0.0,0.0,0.0,1.843919742820314e-05
203.0,2.2127036913843767e-07,0.0,0.0,0.0,0.0,1.843919742820314e-05
204.0,2.2127036913843767e-07,0.0,0.0,0.0,0.0,1.843919742820314e-05
205.0,2.2127036913843767e-07,0.0,0.0,0.0,0.0,1.843919742820314e-05
206.0,5.837936782882025e-07,0.0,1.0639183756211423e-06,0.0,0.0,4.8649473190683544e-05
207.0,7.369812919932883e-07,0.0,1.0639183756211423e-06,0.0,0.0,6.141510766610736e-05
208.0,2.2127036913843767e-07,0.0,0.0,0.0,0.0,1.843919742820314e-05
209.0,2.2127036913843767e-07,0.0,0.0,0.0,0.0,1.843919742820314e-05
210.0,2.2127036913843767e-07,0.0,0.0,0.0,0.0,1.843919742820314e-05
211.0,2.2127036913843767e-07,0.0,0.0,0.0,0.0,1.843919742820314e-05
212.0,2.2127036913843767e-07,0.0,0.0,0.0,0.0,1.843919742820314e-05
213.0,2.2127036913843767e-07,0.0,0.0,0.0,0.0,1.843919742820314e-05
214.0,2.2127036913843767e-07,0.0,0.0,0.0,0.0,1.843919742820314e-05
215.0,0.0,0.0,0.0,0.0,0.0,0.0
216.0,2.2127036913843767e-07,0.0,0.0,0.0,0.0,1.843919742820314e-05
217.0,0.00023035804042592645,0.0,0.0,0.0,0.006944444444444444,0.046296296296296294
218.0,0.0002293027937412262,0.0,0.0,0.0,0.003472222222222222,0.023148148148148147
219.0,0.0003018279967363924,0.0,0.0,0.0,0.005208333333333333,0.034722222222222224
220.0,0.0002915645018219948,0.0,0.0,0.0,0.005208333333333333,0.034722222222222224
221.0,7.528252172050998e-05,0.0,0.0,0.0,0.0,0.006273543476709165
222.0,2.2127036913843767e-07,0.0,0.0,0.0,0.0,1.843919742820314e-05
223.0,1.203366082336288e-05,0.0,0.0,0.0,0.0,0.0010028050686135732
224.0,2.2127036913843767e-07,0.0,0.0,0.0,0.0,1.843919742820314e-05
225.0,2.2127036913843767e-07,0.0,0.0,0.0,0.0,1.843919742820314e-05
226.0,0.00013453156861942261,0.0,0.0,0.0,0.005208333333333333,0.034722222222222224
227.0,0.0002407917781965807,0.0,0.0,0.0,0.003472222222222222,0.023148148148148147
228.0,0.00021170341642573476,0.0,0.0,0.0,0.001736111111111111,0.01764195136881123
229.0,2.2127036913843767e-07,0.0,0.0,0.0,0.0,1.843919742820314e-05
230.0,2.2127036913843767e-07,0.0,0.0,0.0,0.0,1.843919742820314e-05
231.0,8.038866326387506e-06,0.0,1.0639183756211423e-06,0.0,0.0,0.0006699055271989588
232.0,9.752706091603613e-07,0.0,1.0639183756211423e-06,0.0,0.0,8.127255076336344e-05
233.0,2.2127036913843767e-07,0.0,0.0,0.0,0.0,1.843919742820314e-05
234.0,2.2127036913843767e-07,0.0,0.0,0.0,0.0,1.843919742820314e-05
235.0,2.2127036913843767e-07,0.0,0.0,0.0,0.0,1.843919742820314e-05
236.0,2.2127036913843767e-07,0.0,0.0,0.0,0.0,1.843919742820314e-05
237.0,2.2127036913843767e-07,0.0,0.0,0.0,0.0,1.843919742820314e-05
238.0,2.2127036913843767e-07,0.0,0.0,0.0,0.0,1.843919742820314e-05
239.0,2.2127036913843767e-07,0.0,0.0,0.0,0.0,1.843919742820314e-05
240.0,0.0,0.0,0.0,0.0,0.0,0.0
241.0,2.2127036913843767e-07,0.0,0.0,0.0,0.0,1.843919742820314e-05
242.0,2.2127036913843767e-07,0.0,0.0,0.0,0.0,1.843919742820314e-05
243.0,2.2127036913843767e-07,0.0,0.0,0.0,0.0,1.843919742820314e-05
244.0,2.2127036913843767e-07,0.0,0.0,0.0,0.0,1.843919742820314e-05
245.0,2.2127036913843767e-07,0.0,0.0,0.0,0.0,1.843919742820314e-05
246.0,2.2127036913843767e-07,0.0,0.0,0.0,0.0,1.843919742820314e-05
247.0,2.2127036913843767e-07,0.0,0.0,0.0,0.0,1.843919742820314e-05
248.0,0.0,0.0,0.0,0.0,0.0,0.0
249.0,2.2127036913843767e-07,0.0,0.0,0.0,0.0,1.843919742820314e-05
250.0,2.2127036913843767e-07,0.0,0.0,0.0,0.0,1.843919742820314e-05
251.0,2.2127036913843767e-07,0.0,0.0,0.0,0.0,1.843919742820314e-05
252.0,2.2127036913843767e-07,0.0,0.0,0.0,0.0,1.843919742820314e-05
253.0,2.2127036913843767e-07,0.0,0.0,0.0,0.0,1.843919742820314e-05
254.0,2.2127036913843767e-07,0.0,0.0,0.0,0.0,1.843919742820314e-05
255.0,2.2127036913843767e-07,0.0,0.0,0.0,0.0,1.843919742820314e-05
256.0,8.220830522986944e-07,0.0,1.0639183756211423e-06,0.0,0.0,6.85069210248912e-05
257.0,9.752706091603613e-07,0.0,1.0639183756211423e-06,0.0,0.0,8.127255076336344e-05
258.0,2.2127036913843767e-07,0.0,0.0,0.0,0.0,1.843919742820314e-05
259.0,2.2127036913843767e-07,0.0,0.0,0.0,0.0,1.843919742820314e-05
260.0,2.2127036913843767e-07,0.0,0.0,0.0,0.0,1.843919742820314e-05
261.0,2.2127036913843767e-07,0.0,0.0,0.0,0.0,1.843919742820314e-05
262.0,2.2127036913843767e-07,0.0,0.0,0.0,0.0,1.843919742820314e-05
263.0,2.2127036913843767e-07,0.0,0.0,0.0,0.0,1.843919742820314e-05
264.0,2.2127036913843767e-07,0.0,0.0,0.0,0.0,1.843919742820314e-05
265.0,0.0,0.0,0.0,0.0,0.0,0.0
266.0,2.2127036913843767e-07,0.0,0.0,0.0,0.0,1.843919742820314e-05
267.0,2.2127036913843767e-07,0.0,0.0,0.0,0.0,1.843919742820314e-05
268.0,2.2127036913843767e-07,0.0,0.0,0.0,0.0,1.843919742820314e-05
269.0,0.0020229604560881853,0.0,0.0,0.0,0.03125,0.20833333333333334
270.0,2.2127036913843767e-07,0.0,0.0,0.0,0.0,1.843919742820314e-05
271.0,2.2127036913843767e-07,0.0,0.0,0.0,0.0,1.843919742820314e-05
272.0,2.2127036913843767e-07,0.0,0.0,0.0,0.0,1.843919742820314e-05
273.0,1.7701509023027029e-06,0.0,0.0,0.0,0.0,0.0001475125751918919
274.0,2.2127036913843767e-07,0.0,0.0,0.0,0.0,1.843919742820314e-05
275.0,2.2127036913843767e-07,0.0,0.0,0.0,0.0,1.843919742820314e-05
276.0,2.2127036913843767e-07,0.0,0.0,0.0,0.0,1.843919742820314e-05
277.0,2.2127036913843767e-07,0.0,0.0,0.0,0.0,1.843919742820314e-05
278.0,2.2127036913843767e-07,0.0,0.0,0.0,0.0,1.843919742820314e-05
279.0,2.2127036913843767e-07,0.0,0.0,0.0,0.0,1.843919742820314e-05
280.0,0.00015422450087498873,0.0,0.0,0.0,0.005208333333333333,0.034722222222222224
281.0,0.0004007573297712952,0.0,1.0639183756211423e-06,0.0,0.006944444444444444,0.046296296296296294
282.0,1.5068407265061978e-05,0.0,1.0639183756211423e-06,0.0,0.0,0.0012557006054218316
283.0,2.2127036913843767e-07,0.0,0.0,0.0,0.0,1.843919742820314e-05
284.0,2.2127036913843767e-07,0.0,0.0,0.0,0.0,1.843919742820314e-05
285.0,2.2127036913843767e-07,0.0,0.0,0.0,0.0,1.843919742820314e-05
286.0,2.2127036913843767e-07,0.0,0.0,0.0,0.0,1.843919742820314e-05
287.0,2.2127036913843767e-07,0.0,0.0,0.0,0.0,1.843919742820314e-05
288.0,2.2127036913843767e-07,0.0,0.0,0.0,0.0,1.843919742820314e-05
289.0,2.2127036913843767e-07,0.0,0.0,0.0,0.0,1.843919742820314e-05
290.0,0.00024841699632816017,0.0,0.0,0.0,0.003472222222222222,0.023148148148148147
291.0,0.00031871249666437507,0.0,0.0,0.0,0.008680555555555556,0.05787037037037038
292.0,2.2127036913843767e-07,0.0,0.0,0.0,0.0,1.843919742820314e-05
293.0,2.2127036913843767e-07,0.0,0.0,0.0,0.0,1.843919742820314e-05
294.0,2.2127036913843767e-07,0.0,0.0,0.0,0.0,1.843919742820314e-05
295.0,2.2127036913843767e-07,0.0,0.0,0.0,0.0,1.843919742820314e-05
296.0,2.2127036913843767e-07,0.0,0.0,0.0,0.0,1.843919742820314e-05
297.0,2.2127036913843767e-07,0.0,0.0,0.0,0.0,1.843919742820314e-05
298.0,0.0,0.0,0.0,0.0,0.0,0.0
299.0,2.2127036913843767e-07,0.0,0.0,0.0,0.0,1.843919742820314e-05
300.0,2.2127036913843767e-07,0.0,0.0,0.0,0.0,1.843919742820314e-05
301.0,2.2127036913843767e-07,0.0,0.0,0.0,0.0,1.843919742820314e-05
302.0,0.00019056368910241872,0.0,0.0,0.0,0.0,0.01588030742520156
303.0,2.2127036913843767e-07,0.0,0.0,0.0,0.0,1.843919742820314e-05
304.0,0.0002086396561935544,0.0,0.0,0.0,0.008680555555555556,0.05787037037037038
305.0,0.0001895764871733263,0.0,0.0,0.0,0.003472222222222222,0.023148148148148147
306.0,5.860218152520247e-06,0.0,1.0639183756211423e-06,0.0,0.0,0.0004883515127100205
307.0,0.00031081997440196574,0.0,1.0639183756211423e-06,0.0,0.010416666666666666,0.06944444444444445
308.0,0.00021728618594352156,0.0,0.0,0.0,0.005208333333333333,0.034722222222222224
309.0,0.000279292551567778,0.0,0.0,0.0,0.008680555555555556,0.05787037037037038
310.0,0.0001700197026366368,0.0,0.0,0.0,0.003472222222222222,0.023148148148148147
311.0,0.00027806710568256676,0.0,0.0,0.0,0.006944444444444444,0.046296296296296294
312.0,0.0003104574861936271,0.0,0.0,0.0,0.003472222222222222,0.02587145718280226
313.0,0.00021849464974366128,0.0,0.0,0.0,0.003472222222222222,0.023148148148148147
314.0,2.2127036913843767e-07,0.0,0.0,0.0,0.0,1.843919742820314e-05
315.0,1.8365346477366984e-05,0.0,0.0,0.0,0.0,0.001530445539780582
316.0,2.2127036913843767e-07,0.0,0.0,0.0,0.0,1.843919742820314e-05
317.0,2.2127036913843767e-07,0.0,0.0,0.0,0.0,1.843919742820314e-05
318.0,2.2127036913843767e-07,0.0,0.0,0.0,0.0,1.843919742820314e-05
319.0,2.2127036913843767e-07,0.0,0.0,0.0,0.0,1.843919742820314e-05
320.0,2.2127036913843767e-07,0.0,0.0,0.0,0.0,1.843919742820314e-05
321.0,2.2127036913843767e-07,0.0,0.0,0.0,0.0,1.843919742820314e-05
322.0,2.2127036913843767e-07,0.0,0.0,0.0,0.0,1.843919742820314e-05
323.0,0.0,0.0,0.0,0.0,0.0,0.0
324.0,2.2127036913843767e-07,0.0,0.0,0.0,0.0,1.843919742820314e-05
325.0,2.2127036913843767e-07,0.0,0.0,0.0,0.0,1.843919742820314e-05
326.0,2.2127036913843767e-07,0.0,0.0,0.0,0.0,1.843919742820314e-05
327.0,2.2127036913843767e-07,0.0,0.0,0.0,0.0,1.843919742820314e-05
328.0,2.2127036913843767e-07,0.0,0.0,0.0,0.0,1.843919742820314e-05
329.0,2.2127036913843767e-07,0.0,0.0,0.0,0.0,1.843919742820314e-05
330.0,2.2127036913843767e-07,0.0,0.0,0.0,0.0,1.843919742820314e-05
331.0,4.3060791199422965e-07,0.0,1.0639183756211423e-06,0.0,0.0,3.5883992666185804e-05
332.0,5.837955541210249e-07,0.0,1.0639183756211423e-06,0.0,0.0,4.864962951008541e-05
333.0,2.2127036913843767e-07,0.0,0.0,0.0,0.0,1.843919742820314e-05
334.0,2.2127036913843767e-07,0.0,0.0,0.0,0.0,1.843919742820314e-05
335.0,2.2127036913843767e-07,0.0,0.0,0.0,0.0,1.843919742820314e-05
336.0,2.2127036913843767e-07,0.0,0.0,0.0,0.0,1.843919742820314e-05
337.0,2.2127036913843767e-07,0.0,0.0,0.0,0.0,1.843919742820314e-05
338.0,2.2127036913843767e-07,0.0,0.0,0.0,0.0,1.843919742820314e-05
339.0,2.2127036913843767e-07,0.0,0.0,0.0,0.0,1.843919742820314e-05
340.0,0.0,0.0,0.0,0.0,0.0,0.0
341.0,0.0023710166569799185,0.0,0.0,0.0,0.050347222222222224,0.3356481481481482
342.0,2.2127036913843767e-07,0.0,0.0,0.0,0.0,1.843919742820314e-05
343.0,2.2127036913843767e-07,0.0,0.0,0.0,0.0,1.843919742820314e-05
344.0,2.2127036913843767e-07,0.0,0.0,0.0,0.0,1.843919742820314e-05
345.0,2.2127036913843767e-07,0.0,0.0,0.0,0.0,1.843919742820314e-05
346.0,2.2127036913843767e-07,0.0,0.0,0.0,0.0,1.843919742820314e-05
347.0,0.04605252668261528,0.01776030659675598,1.0639183756211423e-06,0.0,0.4079861111111111,3.8377105568846064
348.0,4.476260926367104e-07,0.0,1.0639183756211423e-06,0.0,0.0,3.730217438639253e-05
349.0,0.0,0.0,0.0,0.0,0.0,0.0
350.0,0.0,0.0,0.0,0.0,0.0,0.0
351.0,0.0,0.0,0.0,0.0,0.0,0.0
352.0,0.0,0.0,0.0,0.0,0.0,0.0
353.0,0.0,0.0,0.0,0.0,0.0,0.0
354.0,0.0,0.0,0.0,0.0,0.0,0.0
355.0,0.0,0.0,0.0,0.0,0.0,0.0
356.0,0.0,0.0,0.0,0.0,0.0,0.0
357.0,0.0,0.0,0.0,0.0,0.0,0.0
358.0,0.0,0.0,0.0,0.0,0.0,0.0
359.0,0.0,0.0,0.0,0.0,0.0,0.0
360.0,0.0,0.0,0.0,0.0,0.0,0.0
361.0,0.0,0.0,0.0,0.0,0.0,0.0
362.0,0.0,0.0,0.0,0.0,0.0,0.0
363.0,0.0,0.0,0.0,0.0,0.0,0.0
364.0,0.0,0.0,0.0,0.0,0.0,0.0
365.0,0.0,0.0,0.0,0.0,0.0,0.0
366.0,0.0,0.0,0.0,0.0,0.0,0.0
367.0,0.0,0.0,0.0,0.0,0.0,0.0
368.0,0.0,0.0,0.0,0.0,0.0,0.0
369.0,0.0,0.0,0.0,0.0,0.0,0.0
370.0,0.0,0.0,0.0,0.0,0.0,0.0
371.0,0.0,0.0,0.0,0.0,0.0,0.0
372.0,4.476260926367104e-07,0.0,1.0639183756211423e-06,0.0,0.0,3.730217438639253e-05
373.0,4.476260926367104e-07,0.0,1.0639183756211423e-06,0.0,0.0,3.730217438639253e-05
374.0,0.0,0.0,0.0,0.0,0.0,0.0
375.0,0.0,0.0,0.0,0.0,0.0,0.0
376.0,0.0,0.0,0.0,0.0,0.0,0.0
377.0,0.0,0.0,0.0,0.0,0.0,0.0
378.0,0.0,0.0,0.0,0.0,0.0,0.0
379.0,0.0,0.0,0.0,0.0,0.0,0.0
380.0,0.0,0.0,0.0,0.0,0.0,0.0
381.0,0.0,0.0,0.0,0.0,0.0,0.0
382.0,0.0,0.0,0.0,0.0,0.0,0.0
383.0,0.0,0.0,0.0,0.0,0.0,0.0
384.0,0.0,0.0,0.0,0.0,0.0,0.0
385.0,0.0,0.0,0.0,0.0,0.0,0.0
386.0,0.0,0.0,0.0,0.0,0.0,0.0
387.0,0.0,0.0,0.0,0.0,0.0,0.0
388.0,0.0,0.0,0.0,0.0,0.0,0.0
389.0,0.0,0.0,0.0,0.0,0.0,0.0
390.0,0.0,0.0,0.0,0.0,0.0,0.0
391.0,0.0,0.0,0.0,0.0,0.0,0.0
392.0,0.0,0.0,0.0,0.0,0.0,0.0
393.0,0.0,0.0,0.0,0.0,0.0,0.0
394.0,0.0,0.0,0.0,0.0,0.0,0.0
395.0,0.0,0.0,0.0,0.0,0.0,0.0
396.0,0.0,0.0,0.0,0.0,0.0,0.0
397.0,4.476260926367104e-07,0.0,1.0639183756211423e-06,0.0,0.0,3.730217438639253e-05
398.0,4.476260926367104e-07,0.0,1.0639183756211423e-06,0.0,0.0,3.730217438639253e-05
399.0,0.0,0.0,0.0,0.0,0.0,0.0
400.0,0.0,0.0,0.0,0.0,0.0,0.0
401.0,0.0,0.0,0.0,0.0,0.0,0.0
402.0,0.0,0.0,0.0,0.0,0.0,0.0
403.0,0.0,0.0,0.0,0.0,0.0,0.0
404.0,0.0,0.0,0.0,0.0,0.0,0.0
405.0,0.0,0.0,0.0,0.0,0.0,0.0
406.0,0.0,0.0,0.0,0.0,0.0,0.0
407.0,0.0,0.0,0.0,0.0,0.0,0.0
408.0,0.0,0.0,0.0,0.0,0.0,0.0
409.0,0.00015025869652163237,0.0,0.0,0.0,0.005208333333333333,0.034722222222222224
410.0,0.00022229025489650667,0.0,0.0,0.0,0.001736111111111111,0.018524187908042222
411.0,0.00015941582387313247,0.0,0.0,0.0,0.003472222222222222,0.023148148148148147
412.0,0.00017648756329435855,0.0,0.0,0.0,0.005208333333333333,0.034722222222222224
413.0,0.00018404476577416062,0.0,0.0,0.0,0.005208333333333333,0.034722222222222224
414.0,0.00019376356794964522,0.0,0.0,0.0,0.005208333333333333,0.034722222222222224
415.0,0.00010780906450236216,0.0,0.0,0.0,0.0,0.00898408870853018
416.0,0.00031221058452501893,0.0,0.0,0.0,0.010416666666666666,0.06944444444444445
417.0,0.00021027364709880203,0.0,0.0,0.0,0.003472222222222222,0.023148148148148147
418.0,0.00019740601419471204,0.0,0.0,0.0,0.003472222222222222,0.023148148148148147
419.0,0.0002616591227706522,0.0,0.0,0.0,0.005208333333333333,0.034722222222222224
420.0,8.078021346591413e-05,0.0,0.0,0.0,0.0,0.006731684455492844
421.0,6.939336162758991e-05,0.0,0.0,0.0,0.005208333333333333,0.034722222222222224
422.0,8.444473496638238e-05,0.0,1.0639183756211423e-06,0.0,0.001736111111111111,0.011574074074074073
423.0,0.00027068518102169037,0.0,1.0639183756211423e-06,0.0,0.0,0.022557098418474197
424.0,0.0002585272886790335,0.0,0.0,0.0,0.0,0.021543940723252792
425.0,0.00014324615767691284,0.0,0.0,0.0,0.0,0.011937179806409404
426.0,0.000207005679840222,0.0,0.0,0.0,0.001736111111111111,0.0172504733200185
427.0,1.3242102795629762e-05,0.0,0.0,0.0,0.0,0.0011035085663024802
428.0,0.00013209761527832597,0.0,0.0,0.0,0.0,0.011008134606527165
429.0,0.0,0.0,0.0,0.0,0.0,0.0
430.0,0.0,0.0,0.0,0.0,0.0,0.0
431.0,1.3599531484942418e-05,0.0,0.0,0.0,0.0,0.0011332942904118681
432.0,1.0212417578259192e-07,0.0,0.0,0.0,0.0,8.51034798188266e-06
433.0,0.0,0.0,0.0,0.0,0.0,0.0
434.0,0.0,0.0,0.0,0.0,0.0,0.0
435.0,0.0,0.0,0.0,0.0,0.0,0.0
436.0,0.0,0.0,0.0,0.0,0.0,0.0
437.0,0.0002791393781080842,0.0,0.0,0.0,0.001736111111111111,0.02326161484234035
438.0,0.0004871833370998502,0.0,0.0,0.0,0.003472222222222222,0.04059861142498752
439.0,7.148681106627919e-06,0.0,0.0,0.0,0.0,0.0005957234255523266
440.0,0.004171465989202261,0.0,0.0,0.0,0.0625,0.4166666666666667
441.0,0.0,0.0,0.0,0.0,0.0,0.0
442.0,0.0,0.0,0.0,0.0,0.0,0.0
443.0,0.0,0.0,0.0,0.0,0.0,0.0
444.0,0.0,0.0,0.0,0.0,0.0,0.0
445.0,0.0,0.0,0.0,0.0,0.0,0.0
446.0,0.0,0.0,0.0,0.0,0.0,0.0
447.0,1.4285443285189103e-05,0.0,1.0639183756211423e-06,0.0,0.0,0.0011904536070990919
448.0,9.68986569205299e-06,0.0,1.0639183756211423e-06,0.0,0.0,0.0008074888076710826
449.0,9.279680671170354e-05,0.0,0.0,0.0,0.003472222222222222,0.023148148148148147
450.0,0.00026416117907501757,0.0,0.0,0.0,0.005208333333333333,0.034722222222222224
451.0,0.00010826864308910444,0.0,0.0,0.0,0.001736111111111111,0.011574074074074073
452.0,0.00025830604135990143,0.0,0.0,0.0,0.003472222222222222,0.023148148148148147
453.0,7.987811841303483e-05,0.0,0.0,0.0,0.0,0.006656509867752902
454.0,0.00010787715291371569,0.0,0.0,0.0,0.003472222222222222,0.023148148148148147
455.0,0.00014745026419404894,0.0,0.0,0.0,0.001736111111111111,0.012287522016170746
456.0,0.00032565693254582584,0.0,0.0,0.0,0.003472222222222222,0.027138077712152153
457.0,0.00023115806106943637,0.0,0.0,0.0,0.003472222222222222,0.023148148148148147
458.0,6.80997982271947e-05,0.0,0.0,0.0,0.003472222222222222,0.023148148148148147
459.0,0.0,0.0,0.0,0.0,0.0,0.0
460.0,0.0,0.0,0.0,0.0,0.0,0.0
461.0,0.0,0.0,0.0,0.0,0.0,0.0
462.0,0.0,0.0,0.0,0.0,0.0,0.0
463.0,0.0,0.0,0.0,0.0,0.0,0.0
464.0,5.0721691877697594e-06,0.0,0.0,0.0,0.0,0.00042268076564747997
465.0,0.0,0.0,0.0,0.0,0.0,0.0
466.0,0.0,0.0,0.0,0.0,0.0,0.0
467.0,0.0,0.0,0.0,0.0,0.0,0.0
468.0,0.0,0.0,0.0,0.0,0.0,0.0
469.0,0.0,0.0,0.0,0.0,0.0,0.0
470.0,0.0,0.0,0.0,0.0,0.0,0.0
471.0,0.0,0.0,0.0,0.0,0.0,0.0
472.0,4.646470586067153e-07,0.0,1.0639183756211423e-06,0.0,0.0,3.872058821722627e-05
473.0,4.646470586067153e-07,0.0,1.0639183756211423e-06,0.0,0.0,3.872058821722627e-05
474.0,0.0,0.0,0.0,0.0,0.0,0.0
475.0,0.0,0.0,0.0,0.0,0.0,0.0
476.0,0.0,0.0,0.0,0.0,0.0,0.0
477.0,0.0,0.0,0.0,0.0,0.0,0.0
478.0,0.0,0.0,0.0,0.0,0.0,0.0
479.0,0.0,0.0,0.0,0.0,0.0,0.0
480.0,0.0,0.0,0.0,0.0,0.0,0.0
481.0,0.0,0.0,0.0,0.0,0.0,0.0
482.0,0.0,0.0,0.0,0.0,0.0,0.0
483.0,0.0,0.0,0.0,0.0,0.0,0.0
484.0,0.0016909379046410322,0.0,0.0,0.0,0.029513888888888888,0.19675925925925927
485.0,0.0,0.0,0.0,0.0,0.0,0.0
486.0,0.0,0.0,0.0,0.0,0.0,0.0
487.0,0.0,0.0,0.0,0.0,0.0,0.0
488.0,0.0,0.0,0.0,0.0,0.0,0.0
489.0,5.276413048704853e-07,0.0,0.0,0.0,0.0,4.397010873920711e-05
490.0,0.0,0.0,0.0,0.0,0.0,0.0
491.0,0.0,0.0,0.0,0.0,0.0,0.0
492.0,0.0,0.0,0.0,0.0,0.0,0.0
493.0,0.0,0.0,0.0,0.0,0.0,0.0
494.0,0.0,0.0,0.0,0.0,0.0,0.0
495.0,0.0,0.0,0.0,0.0,0.0,0.0
496.0,0.0,0.0,0.0,0.0,0.0,0.0
497.0,4.476260926367104e-07,0.0,1.0639183756211423e-06,0.0,0.0,3.730217438639253e-05
498.0,4.476260926367104e-07,0.0,1.0639183756211423e-06,0.0,0.0,3.730217438639253e-05
499.0,0.0,0.0,0.0,0.0,0.0,0.0
500.0,0.0,0.0,0.0,0.0,0.0,0.0
501.0,0.0,0.0,0.0,0.0,0.0,0.0
502.0,0.0,0.0,0.0,0.0,0.0,0.0
503.0,0.0,0.0,0.0,0.0,0.0,0.0
504.0,0.0,0.0,0.0,0.0,0.0,0.0
505.0,0.0,0.0,0.0,0.0,0.0,0.0
506.0,0.0,0.0,0.0,0.0,0.0,0.0
507.0,0.0,0.0,0.0,0.0,0.0,0.0
508.0,0.0,0.0,0.0,0.0,0.0,0.0
509.0,0.0,0.0,0.0,0.0,0.0,0.0
510.0,0.0,0.0,0.0,0.0,0.0,0.0
511.0,0.0,0.0,0.0,0.0,0.0,0.0
512.0,0.0,0.0,0.0,0.0,0.0,0.0
513.0,0.0,0.0,0.0,0.0,0.0,0.0
514.0,1.1114510016341228e-05,0.0,0.0,0.0,0.001736111111111111,0.011574074074074073
515.0,0.0002982195874210447,0.0,0.0,0.0,0.008680555555555556,0.05787037037037038
516.0,0.00014232702960725874,0.0,0.0,0.0,0.0,0.011860585800604895
517.0,0.00016867506201379,0.0,0.0,0.0,0.006944444444444444,0.046296296296296294
518.0,0.0002750884450506419,0.0,0.0,0.0,0.003472222222222222,0.023148148148148147
519.0,0.00017310044495388865,0.0,0.0,0.0,0.001736111111111111,0.014425037079490721
520.0,0.00014416528574656695,0.0,0.0,0.0,0.005208333333333333,0.034722222222222224
521.0,0.0002458639210090041,0.0,0.0,0.0,0.006944444444444444,0.046296296296296294
522.0,0.00025140075013041496,0.0,1.0639183756211423e-06,0.0,0.006944444444444444,0.046296296296296294
523.0,0.00027876999229192734,0.0,1.0639183756211423e-06,0.0,0.006944444444444444,0.046296296296296294
524.0,0.0003308312443550676,0.0,0.0,0.0,0.003472222222222222,0.0275692703629223
525.0,0.00018390858895145357,0.0,0.0,0.0,0.003472222222222222,0.023148148148148147
526.0,0.0,0.0,0.0,0.0,0.0,0.0
527.0,0.0,0.0,0.0,0.0,0.0,0.0
528.0,0.00026176124811172485,0.0,0.0,0.0,0.0,0.021813437342643738
529.0,0.0006472629029303789,0.0,0.0,0.0,0.013888888888888888,0.09259259259259259
530.0,7.911218563094735e-05,0.0,0.0,0.0,0.0,0.00659268213591228
531.0,1.54377721628407e-05,0.0,0.0,0.0,0.0,0.0012864810135700584
532.0,0.0003422351146582514,0.0,0.0,0.0,0.003472222222222222,0.028519592888187617
533.0,0.00010431984264869243,0.0,0.0,0.0,0.0,0.008693320220724369
534.0,0.0,0.0,0.0,0.0,0.0,0.0
535.0,0.0,0.0,0.0,0.0,0.0,0.0
536.0,0.0,0.0,0.0,0.0,0.0,0.0
537.0,0.003919167909771204,0.0,0.0,0.0,0.07291666666666667,0.48611111111111116
538.0,0.0,0.0,0.0,0.0,0.0,0.0
539.0,6.808304675587351e-08,0.0,0.0,0.0,0.0,5.673587229656126e-06
540.0,0.0,0.0,0.0,0.0,0.0,0.0
541.0,0.0,0.0,0.0,0.0,0.0,0.0
542.0,0.0,0.0,0.0,0.0,0.0,0.0
543.0,0.0,0.0,0.0,0.0,0.0,0.0
544.0,0.0,0.0,0.0,0.0,0.0,0.0
545.0,0.0,0.0,0.0,0.0,0.0,0.0
546.0,0.0,0.0,0.0,0.0,0.0,0.0
547.0,4.476260926367104e-07,0.0,1.0639183756211423e-06,0.0,0.0,3.730217438639253e-05
548.0,4.476260926367104e-07,0.0,1.0639183756211423e-06,0.0,0.0,3.730217438639253e-05
549.0,0.0,0.0,0.0,0.0,0.0,0.0
550.0,0.0,0.0,0.0,0.0,0.0,0.0
551.0,0.0,0.0,0.0,0.0,0.0,0.0
552.0,0.0,0.0,0.0,0.0,0.0,0.0
553.0,5.735971626563696e-06,0.0,0.0,0.0,0.0,0.00047799763554697466
554.0,0.0008936374797485769,0.0,0.0,0.0,0.024305555555555556,0.16203703703703703
555.0,0.0002942027058452368,0.0,0.0,0.0,0.005208333333333333,0.034722222222222224
556.0,0.00023665580374654382,0.0,0.0,0.0,0.0,0.01972131697887865
557.0,0.0015384664293378592,0.0,0.0,0.0,0.03298611111111111,0.2199074074074074
558.0,0.00019081900245510042,0.0,0.0,0.0,0.0,0.015901583537925035
559.0,5.0381277105771005e-06,0.0,0.0,0.0,0.0,0.000419843975881425
560.0,0.0,0.0,0.0,0.0,0.0,0.0
561.0,0.0,0.0,0.0,0.0,0.0,0.0
562.0,0.0,0.0,0.0,0.0,0.0,0.0
563.0,0.0,0.0,0.0,0.0,0.0,0.0
564.0,2.9105432986398228e-05,0.0,0.0,0.0,0.0,0.002425452748866519
565.0,0.0,0.0,0.0,0.0,0.0,0.0
566.0,0.0,0.0,0.0,0.0,0.0,0.0
567.0,0.0,0.0,0.0,0.0,0.0,0.0
568.0,0.0,0.0,0.0,0.0,0.0,0.0
569.0,0.0,0.0,0.0,0.0,0.0,0.0
570.0,0.0,0.0,0.0,0.0,0.0,0.0
571.0,0.0,0.0,0.0,0.0,0.0,0.0
572.0,5.497510642271664e-07,0.0,1.0639183756211423e-06,0.0,0.0,4.58125886855972e-05
573.0,5.497510642271664e-07,0.0,1.0639183756211423e-06,0.0,0.0,4.58125886855972e-05
574.0,0.0,0.0,0.0,0.0,0.0,0.0
575.0,0.0,0.0,0.0,0.0,0.0,0.0
576.0,0.0,0.0,0.0,0.0,0.0,0.0
577.0,0.0,0.0,0.0,0.0,0.0,0.0
578.0,0.0,0.0,0.0,0.0,0.0,0.0
579.0,0.0,0.0,0.0,0.0,0.0,0.0
580.0,0.0,0.0,0.0,0.0,0.0,0.0
581.0,0.0,0.0,0.0,0.0,0.0,0.0
582.0,0.0,0.0,0.0,0.0,0.0,0.0
583.0,0.0,0.0,0.0,0.0,0.0,0.0
584.0,0.0,0.0,0.0,0.0,0.0,0.0
585.0,0.0,0.0,0.0,0.0,0.0,0.0
586.0,0.0,0.0,0.0,0.0,0.0,0.0
587.0,0.0,0.0,0.0,0.0,0.0,0.0
588.0,0.0,0.0,0.0,0.0,0.0,0.0
589.0,0.0,0.0,0.0,0.0,0.0,0.0
590.0,0.0,0.0,0.0,0.0,0.0,0.0
591.0,0.0,0.0,0.0,0.0,0.0,0.0
592.0,0.0,0.0,0.0,0.0,0.0,0.0
593.0,0.0,0.0,0.0,0.0,0.0,0.0
594.0,0.0,0.0,0.0,0.0,0.0,0.0
595.0,0.0,0.0,0.0,0.0,0.0,0.0
596.0,0.0,0.0,0.0,0.0,0.0,0.0
597.0,5.497510642271664e-07,0.0,1.0639183756211423e-06,0.0,0.0,4.58125886855972e-05
598.0,5.497510642271664e-07,0.0,1.0639183756211423e-06,0.0,0.0,4.58125886855972e-05
599.0,0.0,0.0,0.0,0.0,0.0,0.0
600.0,0.0,0.0,0.0,0.0,0.0,0.0
601.0,0.0,0.0,0.0,0.0,0.0,0.0
602.0,0.0,0.0,0.0,0.0,0.0,0.0
603.0,0.0,0.0,0.0,0.0,0.0,0.0
604.0,0.0,0.0,0.0,0.0,0.0,0.0
605.0,0.0,0.0,0.0,0.0,0.0,0.0
606.0,0.0,0.0,0.0,0.0,0.0,0.0
607.0,0.0,0.0,0.0,0.0,0.0,0.0
608.0,0.003135500941425562,0.0,0.0,0.0,0.0625,0.4166666666666667
609.0,0.0,0.0,0.0,0.0,0.0,0.0
610.0,0.0,0.0,0.0,0.0,0.0,0.0
611.0,0.0,0.0,0.0,0.0,0.0,0.0
612.0,0.0,0.0,0.0,0.0,0.0,0.0
613.0,0.0,0.0,0.0,0.0,0.0,0.0
614.0,1.6493138900841586e-05,0.0,0.0,0.0,0.0,0.0013744282417367988
615.0,0.0,0.0,0.0,0.0,0.0,0.0
616.0,0.0,0.0,0.0,0.0,0.0,0.0
617.0,0.0,0.0,0.0,0.0,0.0,0.0
618.0,0.0,0.0,0.0,0.0,0.0,0.0
619.0,0.0,0.0,0.0,0.0,0.0,0.0
620.0,0.05303223431110382,0.015367116779088974,0.0,0.0,0.4027777777777778,4.419352859258652
621.0,0.0,0.0,0.0,0.0,0.0,0.0
622.0,0.0,0.0,0.0,0.0,0.0,0.0
623.0,0.0,0.0,0.0,0.0,0.0,0.0
624.0,0.0,0.0,0.0,0.0,0.0,0.0
625.0,0.0,0.0,0.0,0.0,0.0,0.0
626.0,0.0,0.0,0.0,0.0,0.0,0.0
627.0,0.0,0.0,0.0,0.0,0.0,0.0
628.0,2.2467324924946297e-06,0.0,6.449948273257178e-07,0.0,0.0,0.0001872277077078858
629.0,2.2467324924946297e-06,0.0,6.449948273257178e-07,0.0,0.0,0.0001872277077078858
630.0,0.0,0.0,0.0,0.0,0.0,0.0
631.0,0.0,0.0,0.0,0.0,0.0,0.0
632.0,0.0,0.0,0.0,0.0,0.0,0.0
633.0,0.0,0.0,0.0,0.0,0.0,0.0
634.0,0.0,0.0,0.0,0.0,0.0,0.0
635.0,0.0,0.0,0.0,0.0,0.0,0.0
636.0,0.0,0.0,0.0,0.0,0.0,0.0
637.0,0.0,0.0,0.0,0.0,0.0,0.0
638.0,0.0,0.0,0.0,0.0,0.0,0.0
639.0,0.0,0.0,0.0,0.0,0.0,0.0
640.0,0.0,0.0,0.0,0.0,0.0,0.0
641.0,0.0,0.0,0.0,0.0,0.0,0.0
642.0,0.0,0.0,0.0,0.0,0.0,0.0
643.0,0.0004811069229617715,0.0005480861873365939,0.0,0.0,0.024305555555555556,0.16203703703703703
644.0,0.00037801259895786643,0.0,0.0,0.0,0.013888888888888888,0.09259259259259259
645.0,1.1846427696582396e-05,6.603438578167697e-06,0.0,0.0,0.0,0.000987202308048533
646.0,0.00018142358749173582,0.0,0.0,0.0,0.003472222222222222,0.023148148148148147
647.0,0.0,0.0,0.0,0.0,0.0,0.0
648.0,0.0,0.0,0.0,0.0,0.0,0.0
649.0,0.0,0.0,0.0,0.0,0.0,0.0
650.0,0.0,0.0,0.0,0.0,0.0,0.0
651.0,0.0,0.0,0.0,0.0,0.0,0.0
652.0,0.0,0.0,0.0,0.0,0.0,0.0
653.0,3.642428055172786e-06,0.0,6.449948273257178e-07,0.0,0.0,0.00030353567126439884
654.0,2.2467324924946297e-06,0.0,6.449948273257178e-07,0.0,0.0,0.0001872277077078858
655.0,0.0,0.0,0.0,0.0,0.0,0.0
656.0,0.0,0.0,0.0,0.0,0.0,0.0
657.0,0.0,0.0,0.0,0.0,0.0,0.0
658.0,0.0,0.0,0.0,0.0,0.0,0.0
659.0,0.0,0.0,0.0,0.0,0.0,0.0
660.0,0.0,0.0,0.0,0.0,0.0,0.0
661.0,0.0,0.0,0.0,0.0,0.0,0.0
662.0,0.0,0.0,0.0,0.0,0.0,0.0
663.0,0.0,0.0,0.0,0.0,0.0,0.0
664.0,0.0,0.0,0.0,0.0,0.0,0.0
665.0,0.0,0.0,0.0,0.0,0.0,0.0
666.0,0.0,0.0,0.0,0.0,0.0,0.0
667.0,0.0,0.0,0.0,0.0,0.0,0.0
668.0,0.0,0.0,0.0,0.0,0.0,0.0
669.0,0.0,0.0,0.0,0.0,0.0,0.0
670.0,0.0,0.0,0.0,0.0,0.0,0.0
671.0,0.0,0.0,0.0,0.0,0.0,0.0
672.0,0.0,0.0,0.0,0.0,0.0,0.0
673.0,0.0,0.0,0.0,0.0,0.0,0.0
674.0,0.0,0.0,0.0,0.0,0.0,0.0
675.0,0.0,0.0,0.0,0.0,0.0,0.0
676.0,0.0,0.0,0.0,0.0,0.0,0.0
677.0,0.0,0.0,0.0,0.0,0.0,0.0
678.0,2.2467324924946297e-06,0.0,6.449948273257178e-07,0.0,0.0,0.0001872277077078858
679.0,2.2467324924946297e-06,0.0,6.449948273257178e-07,0.0,0.0,0.0001872277077078858
680.0,0.0,0.0,0.0,0.0,0.0,0.0
681.0,0.0,0.0,0.0,0.0,0.0,0.0
682.0,0.0,0.0,0.0,0.0,0.0,0.0
683.0,0.0,0.0,0.0,0.0,0.0,0.0
684.0,0.0,0.0,0.0,0.0,0.0,0.0
685.0,0.0,0.0,0.0,0.0,0.0,0.0
686.0,0.0,0.0,0.0,0.0,0.0,0.0
687.0,0.0,0.0,0.0,0.0,0.0,0.0
688.0,0.0,0.0,0.0,0.0,0.0,0.0
689.0,0.0,0.0,0.0,0.0,0.0,0.0
690.0,0.0,0.0,0.0,0.0,0.0,0.0
691.0,0.0,0.0,0.0,0.0,0.0,0.0
692.0,0.0,0.0,0.0,0.0,0.0,0.0
693.0,0.0,0.0,0.0,0.0,0.0,0.0
694.0,0.0,0.0,0.0,0.0,0.0,0.0
695.0,0.0,0.0,0.0,0.0,0.0,0.0
696.0,0.0,0.0,0.0,0.0,0.0,0.0
697.0,0.0,0.0,0.0,0.0,0.0,0.0
698.0,0.0,0.0,0.0,0.0,0.0,0.0
699.0,0.0,0.0,0.0,0.0,0.0,0.0
700.0,0.0,0.0,0.0,0.0,0.0,0.0
701.0,0.07079368829727173,0.07607024908065796,0.5340798497200012,0.0,0.5,5.899474024772644
702.0,0.0,0.0,0.0,0.0,0.0,0.0
703.0,0.0,0.0,0.0,0.0,0.0,0.0
704.0,0.0,0.0,0.0,0.0,0.0,0.0
705.0,0.0,0.0,0.0,0.0,0.0,0.0
706.0,0.0,0.0,0.0,0.0,0.0,0.0
707.0,0.0,0.0,0.0,0.0,0.0,0.0
708.0,0.0,0.0,0.0,0.0,0.0,0.0
709.0,0.0,0.0,0.0,0.0,0.0,0.0
710.0,0.0,0.0,0.0,0.0,0.0,0.0
711.0,0.0,0.0,0.0,0.0,0.0,0.0
712.0,0.0,0.0,0.0,0.0,0.0,0.0
713.0,0.0001872276479844004,0.0012106323847547174,0.0,0.0,0.003472222222222222,0.030265809618867934
714.0,0.0,0.0,0.0,0.0,0.0,0.0
715.0,0.00020358453912194818,0.001316397450864315,0.0,0.0,0.003472222222222222,0.032909936271607876
716.0,0.00038829309050925076,0.0025107411202043295,6.449849934142549e-07,0.0,0.006944444444444444,0.06276852800510824
717.0,1.3616492822166038e-07,8.804557296571147e-07,0.0,0.0,0.0,2.2011393241427868e-05
718.0,7.489123163395561e-06,4.842540147365071e-05,6.449849934142549e-07,0.0,0.0,0.0012106350368412677
719.0,0.00013044659863226116,0.0008434804622083902,0.00018124349298886955,0.0,0.005208333333333333,0.034722222222222224
720.0,0.00016641132242511958,0.001076031825505197,0.0009868418565019965,0.0,0.005208333333333333,0.034722222222222224
721.0,0.00014387595001608133,0.000930315931327641,2.257491587442928e-06,0.0,0.003472222222222222,0.023257898283191025
722.0,2.663738268893212e-05,0.00017223991744685918,0.0,0.0,0.0,0.0043059979361714795
723.0,0.0,0.0,0.0,0.0,0.0,0.0
724.0,0.0,0.0,0.0,0.0,0.0,0.0
725.0,0.0,0.0,0.0,0.0,0.0,0.0
726.0,5.191318450670224e-06,3.3567568607395515e-05,1.0964884495479055e-05,0.0,0.0,0.0008391892151848879
727.0,0.00014064199058339,0.0,0.0,0.0,0.003472222222222222,0.023148148148148147
728.0,0.0003563112404663116,0.0,0.0,0.0,0.003472222222222222,0.02969260337219263
729.0,8.357160550076514e-05,0.0,0.0,0.0,0.001736111111111111,0.011574074074074073
730.0,0.0,0.0,0.0,0.0,0.0,0.0
731.0,0.0001328805519733578,0.0,0.0,0.0,0.003472222222222222,0.023148148148148147
732.0,0.00014207173080649227,0.0,0.0,0.0,0.005208333333333333,0.034722222222222224
733.0,0.0004692435322795063,0.0,0.0,0.0,0.006944444444444444,0.046296296296296294
734.0,0.0004545206029433757,0.0,0.0,0.0,0.006944444444444444,0.046296296296296294
735.0,0.00019095516472589225,0.0,0.0,0.0,0.001736111111111111,0.015912930393824354
736.0,0.00025073185679502785,0.0,0.0,0.0,0.0,0.020894321399585653
737.0,0.0,0.0,0.0,0.0,0.0,0.0
738.0,0.0,0.0,0.0,0.0,0.0,0.0
739.0,0.00011354504385963082,0.0007333129178732634,0.0,0.0,0.003472222222222222,0.023148148148148147
740.0,0.00024014496011659503,0.0015526906354352832,0.0,0.0,0.005208333333333333,0.03881726588588208
741.0,0.00012588505342137069,0.0008136549149639904,0.0,0.0,0.003472222222222222,0.023148148148148147
742.0,0.00029198999982327223,0.0018880357965826988,0.0,0.0,0.003472222222222222,0.04720089491456747
743.0,0.00013088913692627102,0.0007984669646248221,0.0,0.0,0.001736111111111111,0.019961674115620553
744.0,0.0,0.0,0.0,0.0,0.0,0.0
745.0,0.0,0.0,0.0,0.0,0.0,0.0
746.0,6.946145731490105e-05,0.0004491445724852383,0.0,0.0,0.0,0.011228614312130958
747.0,0.00011015793279511854,0.0007122919196262956,0.0,0.0,0.003472222222222222,0.023148148148148147
748.0,0.0,0.0,0.0,0.0,0.0,0.0
749.0,0.0,0.0,0.0,0.0,0.0,0.0
750.0,0.00016789211076684296,0.0010856068693101406,0.0,0.0,0.003472222222222222,0.027140171732753515
751.0,0.0001369995588902384,0.0008858525543473661,0.0,0.0,0.005208333333333333,0.034722222222222224
752.0,0.00018516812997404486,0.0011973152868449688,0.0,0.0,0.006944444444444444,0.046296296296296294
753.0,0.0,0.0,0.0,0.0,0.0,0.0
754.0,0.0,0.0,0.0,0.0,0.0,0.0
755.0,0.0,0.0,0.0,0.0,0.0,0.0
756.0,0.00011744277435354888,0.0007593965856358409,0.0,0.0,0.006944444444444444,0.046296296296296294
757.0,0.00023558341490570456,0.0015233055455610156,0.0,0.0,0.003472222222222222,0.03808263863902539
758.0,0.0,0.0,0.0,0.0,0.0,0.0
759.0,0.0002704588114283979,0.0017482629045844078,0.0,0.0,0.006944444444444444,0.046296296296296294
760.0,0.00022104776871856302,0.0014287661761045456,0.0,0.0,0.0,0.03571915440261364
761.0,0.000100030614703428,0.0006468077190220356,0.0,0.0,0.0,0.01617019297555089
762.0,0.0,0.0,0.0,0.0,0.0,0.0
763.0,4.265385359758511e-05,0.0,0.0,0.0,0.001736111111111111,0.011574074074074073
764.0,0.0007340004085563123,0.0,0.0,0.0,0.017361111111111112,0.11574074074074076
765.0,0.0001003710349323228,0.0,0.0,0.0,0.0,0.0083642529110269
766.0,8.493325367453508e-06,0.0,0.0,0.0,0.0,0.000707777113954459
767.0,0.0002610463707242161,0.0,0.0,0.0,0.0,0.02175386422701801
768.0,4.229641490383074e-05,2.9385344532784075e-05,0.0,0.0,0.0,0.0035247012419858947
769.0,0.0,0.0,0.0,0.0,0.0,0.0
770.0,0.0,0.0,0.0,0.0,0.0,0.0
771.0,0.0,0.0,0.0,0.0,0.0,0.0
772.0,0.0,0.0,0.0,0.0,0.0,0.0
773.0,0.0,0.0,0.0,0.0,0.0,0.0
774.0,0.0,0.0,0.0,0.0,0.0,0.0
775.0,0.0,0.0,0.0,0.0,0.0,0.0
776.0,0.0,0.0,0.0,0.0,0.0,0.0
777.0,0.00019126154074911028,0.0,0.0,0.0,0.005208333333333333,0.034722222222222224
778.0,0.00024125132767949253,0.0,0.0,0.0,0.005208333333333333,0.034722222222222224
779.0,0.00010438793106004596,0.0,0.0,0.0,0.003472222222222222,0.023148148148148147
780.0,0.00040960294427350163,0.0,0.0,0.0,0.012152777777777778,0.08101851851851852
781.0,0.000442861404735595,0.0,0.0,0.0,0.010416666666666666,0.06944444444444445
782.0,9.13670810405165e-05,0.0,0.0,0.0,0.0,0.007613923420043041
783.0,3.98624615627341e-05,0.0,0.0,0.0,0.0,0.003321871796894508
784.0,0.00022659650130663067,7.704032327637833e-07,0.0,0.0,0.0,0.018883041775552556
785.0,0.00016622411203570664,7.704032327637833e-07,0.0,0.0,0.0,0.013852009336308887
786.0,0.0003970757534261793,0.0,0.0,0.0,0.006944444444444444,0.046296296296296294
787.0,0.00028257753001526,0.0,0.0,0.0,0.003472222222222222,0.023548127501271665
788.0,1.3088913874526042e-05,0.0,0.0,0.0,0.0,0.0010907428228771703
789.0,0.00022903046919964254,0.0,0.0,0.0,0.0,0.019085872433303546
790.0,0.000148063016240485,0.0,0.0,0.0,0.0,0.012338584686707085
791.0,0.0,0.0,0.0,0.0,0.0,0.0
792.0,0.0,0.0,0.0,0.0,0.0,0.0
793.0,1.3361235687625594e-05,0.0,0.0,0.0,0.0,0.001113436307302133
794.0,0.0,0.0,0.0,0.0,0.0,0.0
795.0,0.0,0.0,0.0,0.0,0.0,0.0
796.0,0.0,0.0,0.0,0.0,0.0,0.0
797.0,0.0,0.0,0.0,0.0,0.0,0.0
798.0,0.0,0.0,0.0,0.0,0.0,0.0
799.0,0.0,0.0,0.0,0.0,0.0,0.0
800.0,0.0,0.0,0.0,0.0,0.0,0.0
801.0,0.0,0.0,0.0,0.0,0.0,0.0
802.0,0.0,0.0,0.0,0.0,0.0,0.0
803.0,0.0,0.0,0.0,0.0,0.0,0.0
804.0,0.0,0.0,0.0,0.0,0.0,0.0
805.0,0.0,0.0,0.0,0.0,0.0,0.0
806.0,0.0,0.0,0.0,0.0,0.0,0.0
807.0,0.0,0.0,0.0,0.0,0.0,0.0
808.0,0.07904866337776184,0.0935109406709671,0.5330607295036316,0.0,0.4444444444444444,6.587388614813487
809.0,3.890707830578322e-06,1.4175508056268882e-07,1.0639183756211423e-06,0.0,0.0,0.00032422565254819347
810.0,1.3616548812933615e-06,0.0,0.0,0.0,0.0,0.00011347124010778012
811.0,1.3616548812933615e-06,0.0,0.0,0.0,0.0,0.00011347124010778012
812.0,1.3616548812933615e-06,0.0,0.0,0.0,0.0,0.00011347124010778012
813.0,1.3616548812933615e-06,0.0,0.0,0.0,0.0,0.00011347124010778012
814.0,1.3616548812933615e-06,0.0,0.0,0.0,0.0,0.00011347124010778012
815.0,1.3616548812933615e-06,0.0,0.0,0.0,0.0,0.00011347124010778012
816.0,1.3616548812933615e-06,0.0,0.0,0.0,0.0,0.00011347124010778012
817.0,0.0,0.0,0.0,0.0,0.0,0.0
818.0,1.3616548812933615e-06,0.0,0.0,0.0,0.0,0.00011347124010778012
819.0,1.3616548812933615e-06,0.0,0.0,0.0,0.0,0.00011347124010778012
820.0,1.3616548812933615e-06,0.0,0.0,0.0,0.0,0.00011347124010778012
821.0,1.3616548812933615e-06,0.0,0.0,0.0,0.0,0.00011347124010778012
822.0,1.3616548812933615e-06,0.0,0.0,0.0,0.0,0.00011347124010778012
823.0,1.3616548812933615e-06,0.0,0.0,0.0,0.0,0.00011347124010778012
824.0,1.3616548812933615e-06,0.0,0.0,0.0,0.0,0.00011347124010778012
825.0,0.0,0.0,0.0,0.0,0.0,0.0
826.0,1.3616548812933615e-06,0.0,0.0,0.0,0.0,0.00011347124010778012
827.0,1.3616548812933615e-06,0.0,0.0,0.0,0.0,0.00011347124010778012
828.0,1.3616548812933615e-06,0.0,0.0,0.0,0.0,0.00011347124010778012
829.0,1.3616548812933615e-06,0.0,0.0,0.0,0.0,0.00011347124010778012
830.0,1.3616548812933615e-06,0.0,0.0,0.0,0.0,0.00011347124010778012
831.0,1.3616548812933615e-06,0.0,0.0,0.0,0.0,0.00011347124010778012
832.0,0.07904629409313202,0.09351048618555069,0.5330603122711182,0.0,0.4444444444444444,6.5871911744276685
833.0,0.0,0.0,0.0,0.0,0.0,0.0
834.0,0.0,0.0,0.0,0.0,0.0,0.0
835.0,0.0,0.0,0.0,0.0,0.0,0.0
836.0,0.0,0.0,0.0,0.0,0.0,0.0
837.0,0.0,0.0,0.0,0.0,0.0,0.0
838.0,0.0,0.0,0.0,0.0,0.0,0.0
839.0,0.0,0.0,0.0,0.0,0.0,0.0
840.0,0.0,0.0,0.0,0.0,0.0,0.0
841.0,0.0,0.0,0.0,0.0,0.0,0.0
842.0,0.0,0.0,0.0,0.0,0.0,0.0
843.0,0.0,0.0,0.0,0.0,0.0,0.0
844.0,0.0,0.0,0.0,0.0,0.0,0.0
845.0,0.0,0.0,0.0,0.0,0.0,0.0
846.0,0.0,0.0,0.0,0.0,0.0,0.0
847.0,0.0,0.0,0.0,0.0,0.0,0.0
848.0,4.306236405682284e-06,5.8330469983047806e-06,0.0,0.0,0.0,0.000358853033806857
849.0,4.306236405682284e-06,5.8330469983047806e-06,0.0,0.0,0.0,0.000358853033806857
850.0,0.0,0.0,0.0,0.0,0.0,0.0
851.0,0.0,0.0,0.0,0.0,0.0,0.0
852.0,0.0,0.0,0.0,0.0,0.0,0.0
853.0,0.0,0.0,0.0,0.0,0.0,0.0
854.0,0.0,0.0,0.0,0.0,0.0,0.0
855.0,0.0,0.0,0.0,0.0,0.0,0.0
856.0,0.0,0.0,0.0,0.0,0.0,0.0
857.0,0.0,0.0,0.0,0.0,0.0,0.0
858.0,0.0,0.0,0.0,0.0,0.0,0.0
859.0,0.0,0.0,0.0,0.0,0.0,0.0
860.0,0.0,0.0,0.0,0.0,0.0,0.0
861.0,0.0,0.0,0.0,0.0,0.0,0.0
862.0,0.0,0.0,0.0,0.0,0.0,0.0
863.0,0.0,0.0,0.0,0.0,0.0,0.0
864.0,0.0,0.0,0.0,0.0,0.0,0.0
865.0,0.0,0.0,0.0,0.0,0.0,0.0
866.0,0.0,0.0,0.0,0.0,0.0,0.0
867.0,0.0,0.0,0.0,0.0,0.0,0.0
868.0,0.0,0.0,0.0,0.0,0.0,0.0
869.0,0.0,0.0,0.0,0.0,0.0,0.0
870.0,0.07904713600873947,0.09351048618555069,0.5330603122711182,0.0,0.4444444444444444,6.587261334061623
871.0,0.001039045280776918,0.0005456649814732373,0.0,0.0,0.041666666666666664,0.2777777777777778
872.0,1.3616548812933615e-06,0.0,0.0,0.0,0.0,0.00011347124010778012
873.0,1.3616548812933615e-06,0.0,0.0,0.0,0.0,0.00011347124010778012
874.0,1.3616548812933615e-06,0.0,0.0,0.0,0.0,0.00011347124010778012
875.0,1.3616548812933615e-06,0.0,0.0,0.0,0.0,0.00011347124010778012
876.0,1.3616548812933615e-06,0.0,0.0,0.0,0.0,0.00011347124010778012
877.0,1.3616548812933615e-06,0.0,0.0,0.0,0.0,0.00011347124010778012
878.0,1.4858886743240873e-06,0.0,1.0639183756211423e-06,0.0,0.0,0.00012382405619367395
879.0,2.8135027605458163e-06,0.0,1.0639183756211423e-06,0.0,0.0,0.00023445856337881801
880.0,1.3616548812933615e-06,0.0,0.0,0.0,0.0,0.00011347124010778012
881.0,1.3616548812933615e-06,0.0,0.0,0.0,0.0,0.00011347124010778012
882.0,1.3616548812933615e-06,0.0,0.0,0.0,0.0,0.00011347124010778012
883.0,1.3616548812933615e-06,0.0,0.0,0.0,0.0,0.00011347124010778012
884.0,1.3616548812933615e-06,0.0,0.0,0.0,0.0,0.00011347124010778012
885.0,0.07802283763885498,0.09296482056379318,0.5330603122711182,0.0,0.4375,6.501903136571248
886.0,0.0,0.0,0.0,0.0,0.0,0.0
887.0,0.0,0.0,0.0,0.0,0.0,0.0
888.0,0.0,0.0,0.0,0.0,0.0,0.0
889.0,0.0,0.0,0.0,0.0,0.0,0.0
890.0,0.0,0.0,0.0,0.0,0.0,0.0
891.0,0.0,0.0,0.0,0.0,0.0,0.0
892.0,0.0,0.0,0.0,0.0,0.0,0.0
893.0,0.0002895390207413584,0.0,0.0,0.0,0.008680555555555556,0.05787037037037038
894.0,0.00031942734494805336,0.0,0.0,0.0,0.005208333333333333,0.034722222222222224
895.0,0.000264586677076295,0.0,0.0,0.0,0.003472222222222222,0.023148148148148147
896.0,0.00026140379486605525,0.0,0.0,0.0,0.005208333333333333,0.034722222222222224
897.0,0.00020285263599362224,0.0,0.0,0.0,0.008680555555555556,0.05787037037037038
898.0,0.0,0.0,0.0,0.0,0.0,0.0
899.0,1.2476165466068778e-05,0.0,0.0,0.0,0.001736111111111111,0.011574074074074073
900.0,0.00016048812540248036,0.0,0.0,0.0,0.006944444444444444,0.046296296296296294
901.0,0.0,0.0,0.0,0.0,0.0,0.0
902.0,1.1114511835330632e-05,0.0,0.0,0.0,0.0,0.0009262093196108859
903.0,0.0,0.0,0.0,0.0,0.0,0.0
904.0,0.0,0.0,0.0,0.0,0.0,0.0
905.0,0.07905860245227814,0.09296297281980515,0.533043622970581,0.0,0.3975694444444444,6.588216871023178
906.0,1.709334901534021e-05,5.160813543625409e-06,1.8729984731180593e-05,0.0,0.0,0.0014244457512783508
907.0,0.0,0.0,0.0,0.0,0.0,0.0
908.0,0.0,0.0,0.0,0.0,0.0,0.0
909.0,3.40398969456146e-06,1.3197162616052083e-06,0.0,0.0,0.0,0.0002836658078801217
910.0,0.06592509895563126,0.02565440721809864,0.0,0.0,0.2743055555555556,5.493758246302605
911.0,0.0,0.0,0.0,0.0,0.0,0.0
912.0,0.06592634320259094,0.025654686614871025,0.0,0.0,0.2743055555555556,5.493861933549245
913.0,1.3616548812933615e-06,0.0,0.0,0.0,0.0,0.00011347124010778012
914.0,1.3616548812933615e-06,0.0,0.0,0.0,0.0,0.00011347124010778012
915.0,1.3616548812933615e-06,0.0,0.0,0.0,0.0,0.00011347124010778012
916.0,1.3616548812933615e-06,0.0,0.0,0.0,0.0,0.00011347124010778012
917.0,1.3616548812933615e-06,0.0,0.0,0.0,0.0,0.00011347124010778012
918.0,1.3616548812933615e-06,0.0,0.0,0.0,0.0,0.00011347124010778012
919.0,1.3616548812933615e-06,0.0,0.0,0.0,0.0,0.00011347124010778012
920.0,2.563094767538132e-06,1.4175508056268882e-07,1.0639183756211423e-06,0.0,0.0,0.00021359123062817767
921.0,3.890707830578322e-06,1.4175508056268882e-07,1.0639183756211423e-06,0.0,0.0,0.00032422565254819347
922.0,1.3616548812933615e-06,0.0,0.0,0.0,0.0,0.00011347124010778012
923.0,1.3616548812933615e-06,0.0,0.0,0.0,0.0,0.00011347124010778012
924.0,1.3616548812933615e-06,0.0,0.0,0.0,0.0,0.00011347124010778012
925.0,1.3616548812933615e-06,0.0,0.0,0.0,0.0,0.00011347124010778012
926.0,1.3616548812933615e-06,0.0,0.0,0.0,0.0,0.00011347124010778012
927.0,1.3616548812933615e-06,0.0,0.0,0.0,0.0,0.00011347124010778012
928.0,1.3616548812933615e-06,0.0,0.0,0.0,0.0,0.00011347124010778012
929.0,0.0,0.0,0.0,0.0,0.0,0.0
930.0,1.3616548812933615e-06,0.0,0.0,0.0,0.0,0.00011347124010778012
931.0,1.3616548812933615e-06,0.0,0.0,0.0,0.0,0.00011347124010778012
932.0,5.408822289609816e-06,4.455142061488004e-06,4.189236051388434e-07,0.0,0.0,0.000450735190800818
933.0,0.06592489778995514,0.025655344128608704,4.189236051388434e-07,0.0,0.2743055555555556,5.493741482496262
934.0,0.0,0.0,0.0,0.0,0.0,0.0
935.0,0.0,0.0,0.0,0.0,0.0,0.0
936.0,0.0,0.0,0.0,0.0,0.0,0.0
937.0,0.0,0.0,0.0,0.0,0.0,0.0
938.0,0.0,0.0,0.0,0.0,0.0,0.0
939.0,0.0,0.0,0.0,0.0,0.0,0.0
940.0,0.0,0.0,0.0,0.0,0.0,0.0
941.0,0.0,0.0,0.0,0.0,0.0,0.0
942.0,0.0,0.0,0.0,0.0,0.0,0.0
943.0,0.0,0.0,0.0,0.0,0.0,0.0
944.0,0.0,0.0,0.0,0.0,0.0,0.0
945.0,0.0,0.0,0.0,0.0,0.0,0.0
946.0,0.0,0.0,0.0,0.0,0.0,0.0
947.0,0.0,0.0,0.0,0.0,0.0,0.0
948.0,0.0,0.0,0.0,0.0,0.0,0.0
949.0,0.0,0.0,0.0,0.0,0.0,0.0
950.0,0.0,0.0,0.0,0.0,0.0,0.0
951.0,0.0,0.0,0.0,0.0,0.0,0.0
952.0,0.0,0.0,0.0,0.0,0.0,0.0
953.0,0.0,0.0,0.0,0.0,0.0,0.0
954.0,0.0,0.0,0.0,0.0,0.0,0.0
955.0,0.0,0.0,0.0,0.0,0.0,0.0
956.0,0.0,0.0,0.0,0.0,0.0,0.0
957.0,0.0,0.0,0.0,0.0,0.0,0.0
958.0,0.0,0.0,0.0,0.0,0.0,0.0
959.0,0.0,0.0,0.0,0.0,0.0,0.0
960.0,0.0,0.0,0.0,0.0,0.0,0.0
961.0,0.0,0.0,0.0,0.0,0.0,0.0
962.0,0.0,0.0,0.0,0.0,0.0,0.0
963.0,0.0,0.0,0.0,0.0,0.0,0.0
964.0,0.0,0.0,0.0,0.0,0.0,0.0
965.0,0.0,0.0,0.0,0.0,0.0,0.0
966.0,0.0,0.0,0.0,0.0,0.0,0.0
967.0,0.0,0.0,0.0,0.0,0.0,0.0
968.0,0.0,0.0,0.0,0.0,0.0,0.0
969.0,0.0,0.0,0.0,0.0,0.0,0.0
970.0,0.00023631533258594573,0.0,0.0,0.0,0.0,0.019692944382162143
971.0,0.0001063112576957792,0.0,0.0,0.0,0.0,0.008859271474648267
972.0,0.0,0.0,0.0,0.0,0.0,0.0
973.0,0.0,0.0,0.0,0.0,0.0,0.0
974.0,0.08097484707832336,0.09657619148492813,0.5330603122711182,0.0,0.3697916666666667,6.747903923193614
975.0,0.01124531775712967,0.02188977040350437,0.0011709879618138075,0.0,0.21354166666666666,1.4236111111111112
976.0,0.0,0.0,0.0,0.0,0.0,0.0
977.0,0.00025199135416187346,0.0016294008819386363,0.0,0.0,0.008680555555555556,0.05787037037037038
978.0,0.00030255987076088786,0.0019563816022127867,0.0,0.0,0.008680555555555556,0.05787037037037038
979.0,5.804055490443716e-06,3.75295894627925e-05,0.0,0.0,0.0,0.0009382397365698125
980.0,0.00018773827468976378,0.001213934039697051,0.0,0.0,0.001736111111111111,0.030348350992426276
981.0,0.0004978723009116948,0.003219291102141142,0.0,0.0,0.010416666666666666,0.08048227755352855
982.0,0.00016430075629614294,0.0010623846901580691,0.0,0.0,0.001736111111111111,0.02655961725395173
983.0,0.00041259865975007415,0.0026679032016545534,0.0,0.0,0.005208333333333333,0.06669758004136384
984.0,0.0,0.0,0.0,0.0,0.0,0.0
985.0,0.0,0.0,0.0,0.0,0.0,0.0
986.0,0.0,0.0,0.0,0.0,0.0,0.0
987.0,0.0,0.0,0.0,0.0,0.0,0.0
988.0,0.00027881600544787943,0.0,0.0,0.0,0.006944444444444444,0.046296296296296294
989.0,0.0003291462198831141,0.0,0.0,0.0,0.010416666666666666,0.06944444444444445
990.0,0.0002656589786056429,0.0,0.0,0.0,0.008680555555555556,0.05787037037037038
991.0,0.00030335981864482164,2.7514408429851755e-05,0.0,0.0,0.003472222222222222,0.02527998488706847
992.0,0.0002022909466177225,0.0,0.0,0.0,0.003472222222222222,0.023148148148148147
993.0,4.1956009226851165e-05,0.00010972729069180787,0.0,0.0,0.003472222222222222,0.023148148148148147
994.0,0.0003005343896802515,0.00036759197246283293,0.0,0.0,0.006944444444444444,0.046296296296296294
995.0,0.00019468271057121456,0.00033842670382000506,0.0,0.0,0.003472222222222222,0.023148148148148147
996.0,9.015861724037677e-05,6.306292198132724e-05,0.0,0.0,0.001736111111111111,0.011574074074074073
997.0,3.444988396950066e-05,0.0,0.0,0.0,0.003472222222222222,0.023148148148148147
998.0,0.0,0.0,0.0,0.0,0.0,0.0
999.0,1.0382632353866939e-05,7.1537251642439514e-06,0.0,0.0,0.0,0.0008652193628222449
1000.0,0.0003336396475788206,0.0,0.0,0.0,0.010416666666666666,0.06944444444444445
1001.0,0.0003845485334750265,0.0,0.0,0.0,0.005208333333333333,0.034722222222222224
1002.0,0.0002226817305199802,0.0,0.0,0.0,0.006944444444444444,0.046296296296296294
1003.0,0.00042533010127954185,0.0,0.0,0.0,0.006944444444444444,0.046296296296296294
1004.0,0.0005874182097613811,0.0,0.0,0.0,0.006944444444444444,0.04895151748011509
1005.0,0.0,0.0,0.0,0.0,0.0,0.0
1006.0,0.0,0.0,0.0,0.0,0.0,0.0
1007.0,1.8671724319574423e-05,2.0910906641802285e-06,0.0,0.0,0.0,0.0015559770266312019
1008.0,0.00033990322845056653,2.0910906641802285e-06,0.0,0.0,0.010416666666666666,0.06944444444444445
1009.0,0.000201405884581618,0.0,0.0,0.0,0.005208333333333333,0.034722222222222224
1010.0,0.0,0.0,0.0,0.0,0.0,0.0
1011.0,0.00019856341532431543,0.0,0.0,0.0,0.001736111111111111,0.016546951277026285
1012.0,7.941855437820777e-05,0.0,0.0,0.0,0.0,0.006618212864850648
1013.0,0.0,0.0,0.0,0.0,0.0,0.0
1014.0,0.0,0.0,0.0,0.0,0.0,0.0
1015.0,0.0,0.0,0.0,0.0,0.0,0.0
1016.0,7.472088327631354e-06,0.0,0.0,0.0,0.0,0.0006226740273026129
1017.0,0.0,0.0,0.0,0.0,0.0,0.0
1018.0,0.00012523826444521546,0.0,0.0,0.0,0.005208333333333333,0.034722222222222224
1019.0,0.0004839153843931854,0.0,0.0,0.0,0.003472222222222222,0.04032628203276545
1020.0,0.0,0.0,0.0,0.0,0.0,0.0
1021.0,0.0,0.0,0.0,0.0,0.0,0.0
1022.0,0.0,0.0,0.0,0.0,0.0,0.0
1023.0,0.0,0.0,0.0,0.0,0.0,0.0
1024.0,5.341095311450772e-05,0.0,0.0,0.0,0.0,0.00445091275954231
1025.0,0.0005323562654666603,0.0,0.0,0.0,0.005208333333333333,0.044363022122221686
1026.0,6.379355909302831e-05,0.0,0.0,0.0,0.003472222222222222,0.023148148148148147
1027.0,0.0,0.0,0.0,0.0,0.0,0.0
1028.0,0.0,0.0,0.0,0.0,0.0,0.0
1029.0,0.0,0.0,0.0,0.0,0.0,0.0
1030.0,0.0,0.0,0.0,0.0,0.0,0.0
1031.0,0.0,0.0,0.0,0.0,0.0,0.0
1032.0,2.1105652194819413e-06,2.0910906641802285e-06,0.0,0.0,0.0,0.00017588043495682845
1033.0,1.3956968132333714e-06,2.0910906641802285e-06,0.0,0.0,0.0,0.0001163080677694476
1034.0,0.0004813962441403419,0.0,0.0,0.0,0.006944444444444444,0.046296296296296294
1035.0,0.0005413091275840998,0.0,0.0,0.0,0.008680555555555556,0.05787037037037038
1036.0,0.0,0.0,0.0,0.0,0.0,0.0
1037.0,0.0,0.0,0.0,0.0,0.0,0.0
1038.0,0.0,0.0,0.0,0.0,0.0,0.0
1039.0,0.0,0.0,0.0,0.0,0.0,0.0
1040.0,0.0005865501589141786,0.0,0.0,0.0,0.008680555555555556,0.05787037037037038
1041.0,0.0005787206464447081,0.0,0.0,0.0,0.003472222222222222,0.04822672053705901
1042.0,0.00014802896475885063,0.0,0.0,0.0,0.003472222222222222,0.023148148148148147
1043.0,8.37418429000536e-06,0.0,0.0,0.0,0.0,0.00069784869083378
1044.0,0.0,0.0,0.0,0.0,0.0,0.0
1045.0,0.0,0.0,0.0,0.0,0.0,0.0
1046.0,0.0,0.0,0.0,0.0,0.0,0.0
1047.0,0.0,0.0,0.0,0.0,0.0,0.0
1048.0,0.0,0.0,0.0,0.0,0.0,0.0
1049.0,6.706136900902493e-06,0.0,0.0,0.0,0.0,0.0005588447417418744
1050.0,0.0,0.0,0.0,0.0,0.0,0.0
1051.0,0.0,0.0,0.0,0.0,0.0,0.0
1052.0,0.0,0.0,0.0,0.0,0.0,0.0
1053.0,0.0,0.0,0.0,0.0,0.0,0.0
1054.0,0.0,0.0,0.0,0.0,0.0,0.0
1055.0,0.0,0.0,0.0,0.0,0.0,0.0
1056.0,0.0,0.0,0.0,0.0,0.0,0.0
1057.0,1.5829227777430788e-06,2.0910906641802285e-06,0.0,0.0,0.0,0.0001319102314785899
1058.0,1.5829227777430788e-06,2.0910906641802285e-06,0.0,0.0,0.0,0.0001319102314785899
1059.0,0.0,0.0,0.0,0.0,0.0,0.0
1060.0,0.0,0.0,0.0,0.0,0.0,0.0
1061.0,0.0,0.0,0.0,0.0,0.0,0.0
1062.0,0.0,0.0,0.0,0.0,0.0,0.0
1063.0,0.0,0.0,0.0,0.0,0.0,0.0
1064.0,0.0,0.0,0.0,0.0,0.0,0.0
1065.0,0.0,0.0,0.0,0.0,0.0,0.0
1066.0,0.0,0.0,0.0,0.0,0.0,0.0
1067.0,0.0,0.0,0.0,0.0,0.0,0.0
1068.0,0.0,0.0,0.0,0.0,0.0,0.0
1069.0,0.0,0.0,0.0,0.0,0.0,0.0
1070.0,0.0,0.0,0.0,0.0,0.0,0.0
1071.0,0.0,0.0,0.0,0.0,0.0,0.0
1072.0,0.0,0.0,0.0,0.0,0.0,0.0
1073.0,0.0,0.0,0.0,0.0,0.0,0.0
1074.0,0.0,0.0,0.0,0.0,0.0,0.0
1075.0,0.0,0.0,0.0,0.0,0.0,0.0
1076.0,0.000322559179039672,0.0,0.0,0.0,0.008680555555555556,0.05787037037037038
1077.0,0.0002982195874210447,0.0,0.0,0.0,0.005208333333333333,0.034722222222222224
1078.0,0.00019686136511154473,0.0,0.0,0.0,0.003472222222222222,0.023148148148148147
1079.0,0.00038747608778066933,0.0,0.0,0.0,0.001736111111111111,0.032289673981722444
1080.0,0.00047140513197518885,0.0,0.0,0.0,0.005208333333333333,0.039283760997932404
1081.0,0.00038395283627323806,0.0,0.0,0.0,0.010416666666666666,0.06944444444444445
1082.0,0.00027934365789406,2.0910906641802285e-06,0.0,0.0,0.005208333333333333,0.034722222222222224
1083.0,0.00036310244468040764,2.0910906641802285e-06,0.0,0.0,0.006944444444444444,0.046296296296296294
1084.0,0.00015008848276920617,0.0,0.0,0.0,0.001736111111111111,0.012507373564100513
1085.0,0.0,0.0,0.0,0.0,0.0,0.0
1086.0,0.0,0.0,0.0,0.0,0.0,0.0
1087.0,0.0,0.0,0.0,0.0,0.0,0.0
1088.0,0.0,0.0,0.0,0.0,0.0,0.0
1089.0,0.0,0.0,0.0,0.0,0.0,0.0
1090.0,0.0,0.0,0.0,0.0,0.0,0.0
1091.0,4.731752142106416e-06,0.0,0.0,0.0,0.0,0.000394312678508868
1092.0,0.0,0.0,0.0,0.0,0.0,0.0
1093.0,0.0,0.0,0.0,0.0,0.0,0.0
1094.0,9.552013216307387e-05,0.0,0.0,0.0,0.003472222222222222,0.023148148148148147
1095.0,0.0002000782551476732,0.0,0.0,0.0,0.005208333333333333,0.034722222222222224
1096.0,0.0002429363812552765,0.0,0.0,0.0,0.006944444444444444,0.046296296296296294
1097.0,0.00029987056041136384,0.0,0.0,0.0,0.005208333333333333,0.034722222222222224
1098.0,0.0002204860356869176,0.0,0.0,0.0,0.005208333333333333,0.034722222222222224
1099.0,2.976919677166734e-05,0.0,0.0,0.0,0.003472222222222222,0.023148148148148147
1100.0,0.0,0.0,0.0,0.0,0.0,0.0
1101.0,0.0,0.0,0.0,0.0,0.0,0.0
1102.0,0.0,0.0,0.0,0.0,0.0,0.0
1103.0,0.0,0.0,0.0,0.0,0.0,0.0
1104.0,0.0,0.0,0.0,0.0,0.0,0.0
1105.0,0.0,0.0,0.0,0.0,0.0,0.0
1106.0,0.00021801805996801704,0.0,0.0,0.0,0.003472222222222222,0.023148148148148147
1107.0,0.00020722695626318455,2.0910906641802285e-06,0.0,0.0,0.005208333333333333,0.034722222222222224
1108.0,2.9105381145200226e-06,2.0910906641802285e-06,0.0,0.0,0.0,0.00024254484287666855
1109.0,0.0,0.0,0.0,0.0,0.0,0.0
1110.0,0.0,0.0,0.0,0.0,0.0,0.0
1111.0,0.0005987710319459438,0.0,0.0,0.0,0.012152777777777778,0.08101851851851852
1112.0,0.00035784312058240175,0.0,0.0,0.0,0.001736111111111111,0.029820260048533477
1113.0,0.0,0.0,0.0,0.0,0.0,0.0
1114.0,0.0,0.0,0.0,0.0,0.0,0.0
1115.0,0.0,0.0,0.0,0.0,0.0,0.0
1116.0,8.152923328452744e-06,0.0,0.0,0.0,0.0,0.000679410277371062
1117.0,0.0,0.0,0.0,0.0,0.0,0.0
1118.0,0.0,0.0,0.0,0.0,0.0,0.0
1119.0,0.0,0.0,0.0,0.0,0.0,0.0
1120.0,0.0,0.0,0.0,0.0,0.0,0.0
1121.0,0.0,0.0,0.0,0.0,0.0,0.0
1122.0,0.0,0.0,0.0,0.0,0.0,0.0
1123.0,0.00023651955416426063,0.0,0.0,0.0,0.008680555555555556,0.05787037037037038
1124.0,2.5360834570165025e-06,0.0,0.0,0.0,0.0,0.00021134028808470853
1125.0,0.0,0.0,0.0,0.0,0.0,0.0
1126.0,0.0,0.0,0.0,0.0,0.0,0.0
1127.0,0.0,0.0,0.0,0.0,0.0,0.0
1128.0,0.0,0.0,0.0,0.0,0.0,0.0
1129.0,0.0002317878243047744,0.0,0.0,0.0,0.001736111111111111,0.019315652025397867
1130.0,0.0002937261015176773,0.0,0.0,0.0,0.003472222222222222,0.02447717512647311
1131.0,0.00014292277046479285,0.0,0.0,0.0,0.0,0.011910230872066071
1132.0,0.00010477939940756187,2.0910906641802285e-06,0.0,0.0,0.0,0.008731616617296822
1133.0,2.7896920073544607e-05,2.0910906641802285e-06,0.0,0.0,0.0,0.0023247433394620507
1134.0,0.0,0.0,0.0,0.0,0.0,0.0
1135.0,1.3344224498723634e-05,0.0,0.0,0.0,0.001736111111111111,0.011574074074074073
1136.0,0.0004695839306805283,0.0,0.0,0.0,0.003472222222222222,0.039131994223377355
1137.0,7.713778904872015e-05,0.0,0.0,0.0,0.001736111111111111,0.011574074074074073
1138.0,0.0003203635278623551,0.0,0.0,0.0,0.005208333333333333,0.034722222222222224
1139.0,0.0005262969061732292,0.0,0.0,0.0,0.003472222222222222,0.04385807551443577
1140.0,0.00017161965661216527,0.0,0.0,0.0,0.001736111111111111,0.014301638051013772
1141.0,0.0002212520339526236,0.0,0.0,0.0,0.005208333333333333,0.034722222222222224
1142.0,0.0,0.0,0.0,0.0,0.0,0.0
1143.0,0.0,0.0,0.0,0.0,0.0,0.0
1144.0,0.0,0.0,0.0,0.0,0.0,0.0
1145.0,0.0,0.0,0.0,0.0,0.0,0.0
1146.0,0.0,0.0,0.0,0.0,0.0,0.0
1147.0,0.0,0.0,0.0,0.0,0.0,0.0
1148.0,0.0,0.0,0.0,0.0,0.0,0.0
1149.0,1.5318654504881124e-06,0.0,0.0,0.0,0.0,0.0001276554542073427
1150.0,0.0,0.0,0.0,0.0,0.0,0.0
1151.0,0.0,0.0,0.0,0.0,0.0,0.0
1152.0,0.00013310182839632034,0.0,0.0,0.0,0.0,0.011091819033026695
1153.0,0.00012302557297516614,0.0,0.0,0.0,0.0,0.010252131081263846
1154.0,0.0,0.0,0.0,0.0,0.0,0.0
1155.0,0.0,0.0,0.0,0.0,0.0,0.0
1156.0,0.0,0.0,0.0,0.0,0.0,0.0
1157.0,7.182737590483157e-06,2.0910906641802285e-06,0.0,0.0,0.0,0.0005985614658735964
1158.0,4.119006462133257e-06,2.0910906641802285e-06,0.0,0.0,0.0,0.0003432505385111047
1159.0,0.0,0.0,0.0,0.0,0.0,0.0
1160.0,0.0,0.0,0.0,0.0,0.0,0.0
1161.0,0.0,0.0,0.0,0.0,0.0,0.0
1162.0,0.0,0.0,0.0,0.0,0.0,0.0
1163.0,0.0,0.0,0.0,0.0,0.0,0.0
1164.0,0.0,0.0,0.0,0.0,0.0,0.0
1165.0,0.0,0.0,0.0,0.0,0.0,0.0
1166.0,0.0001662581489654258,0.0,0.0,0.0,0.0,0.013854845747118816
1167.0,6.600624328712001e-05,0.0,0.0,0.0,0.0,0.005500520273926668
1168.0,0.0,0.0,0.0,0.0,0.0,0.0
1169.0,0.0,0.0,0.0,0.0,0.0,0.0
1170.0,0.0,0.0,0.0,0.0,0.0,0.0
1171.0,0.0,0.0,0.0,0.0,0.0,0.0
1172.0,0.0,0.0,0.0,0.0,0.0,0.0
1173.0,0.0,0.0,0.0,0.0,0.0,0.0
1174.0,0.0,0.0,0.0,0.0,0.0,0.0
1175.0,0.00013591024617198855,0.0,0.0,0.0,0.0,0.011325853847665712
1176.0,0.00010758780990727246,0.0,0.0,0.0,0.0,0.008965650825606039
1177.0,0.0,0.0,0.0,0.0,0.0,0.0
1178.0,0.0,0.0,0.0,0.0,0.0,0.0
1179.0,0.0,0.0,0.0,0.0,0.0,0.0
1180.0,0.0,0.0,0.0,0.0,0.0,0.0
1181.0,0.0,0.0,0.0,0.0,0.0,0.0
1182.0,6.638073500653263e-06,2.0910906641802285e-06,0.0,0.0,0.0,0.0005531727917211052
1183.0,4.153047484578565e-06,2.0910906641802285e-06,0.0,0.0,0.0,0.00034608729038154706
1184.0,0.0,0.0,0.0,0.0,0.0,0.0
1185.0,0.0,0.0,0.0,0.0,0.0,0.0
1186.0,0.0,0.0,0.0,0.0,0.0,0.0
1187.0,0.0,0.0,0.0,0.0,0.0,0.0
1188.0,0.0,0.0,0.0,0.0,0.0,0.0
1189.0,0.0,0.0,0.0,0.0,0.0,0.0
1190.0,0.0,0.0,0.0,0.0,0.0,0.0
1191.0,0.0,0.0,0.0,0.0,0.0,0.0
1192.0,0.0,0.0,0.0,0.0,0.0,0.0
1193.0,0.0,0.0,0.0,0.0,0.0,0.0
1194.0,0.0,0.0,0.0,0.0,0.0,0.0
1195.0,0.00018767017172649503,0.0,0.0,0.0,0.008680555555555556,0.05787037037037038
1196.0,0.0,0.0,0.0,0.0,0.0,0.0
1197.0,0.00011082174023613334,0.0,0.0,0.0,0.0,0.009235145019677779
1198.0,0.0,0.0,0.0,0.0,0.0,0.0
1199.0,0.00010831969120772555,0.0,0.0,0.0,0.001736111111111111,0.011574074074074073
1200.0,0.00038364643114618957,0.0,0.0,0.0,0.012152777777777778,0.08101851851851852
1201.0,0.000431832013418898,0.0,0.0,0.0,0.003472222222222222,0.0359860011182415
1202.0,0.00013221675180830061,0.0,0.0,0.0,0.0,0.011018062650691718
1203.0,8.101850835373625e-05,0.0,0.0,0.0,0.0,0.006751542362811354
1204.0,0.00011211530363652855,0.0,0.0,0.0,0.001736111111111111,0.011574074074074073
1205.0,0.0001113664111471735,0.0,0.0,0.0,0.001736111111111111,0.011574074074074073
1206.0,0.00029597285902127624,0.0,0.0,0.0,0.001736111111111111,0.024664404918439686
1207.0,1.8671689758775756e-05,2.0910906641802285e-06,0.0,0.0,0.0,0.0015559741465646464
1208.0,4.459420324565144e-06,2.0910906641802285e-06,0.0,0.0,0.0,0.00037161836038042867
1209.0,0.0,0.0,0.0,0.0,0.0,0.0
1210.0,0.0,0.0,0.0,0.0,0.0,0.0
1211.0,0.0,0.0,0.0,0.0,0.0,0.0
1212.0,0.0,0.0,0.0,0.0,0.0,0.0
1213.0,0.0,0.0,0.0,0.0,0.0,0.0
1214.0,0.0,0.0,0.0,0.0,0.0,0.0
1215.0,0.0,0.0,0.0,0.0,0.0,0.0
1216.0,0.0,0.0,0.0,0.0,0.0,0.0
1217.0,0.0,0.0,0.0,0.0,0.0,0.0
1218.0,0.00012425107706803828,0.0,0.0,0.0,0.003472222222222222,0.023148148148148147
1219.0,0.00031569984275847673,0.0,0.0,0.0,0.005208333333333333,0.034722222222222224
1220.0,0.00036540027940645814,0.0,0.0,0.0,0.005208333333333333,0.034722222222222224
1221.0,0.00035564741119742393,0.0,0.0,0.0,0.006944444444444444,0.046296296296296294
1222.0,0.0002607400238048285,0.0,0.0,0.0,0.003472222222222222,0.023148148148148147
1223.0,0.0003619450726546347,0.0,0.0,0.0,0.006944444444444444,0.046296296296296294
1224.0,1.7361127902404405e-05,0.0,0.0,0.0,0.0,0.0014467606585337005
1225.0,0.0,0.0,0.0,0.0,0.0,0.0
1226.0,0.0,0.0,0.0,0.0,0.0,0.0
1227.0,0.0,0.0,0.0,0.0,0.0,0.0
1228.0,0.0,0.0,0.0,0.0,0.0,0.0
1229.0,2.195670049331966e-06,0.0,0.0,0.0,0.0,0.00018297250411099716
1230.0,8.663533662911505e-06,0.0,0.0,0.0,0.0,0.0007219611385759587
1231.0,0.0,0.0,0.0,0.0,0.0,0.0
1232.0,5.770014013251057e-06,2.0910906641802285e-06,0.0,0.0,0.0,0.00048083450110425474
1233.0,5.395560037868563e-06,2.0910906641802285e-06,0.0,0.0,0.0,0.00044963000315571355
1234.0,0.0,0.0,0.0,0.0,0.0,0.0
1235.0,0.00018593405548017472,0.0,0.0,0.0,0.0,0.015494504623347893
1236.0,0.00046103954082354903,0.0,0.0,0.0,0.008680555555555556,0.05787037037037038
1237.0,0.0003495199198368937,0.0,0.0,0.0,0.006944444444444444,0.046296296296296294
1238.0,0.0006856275722384453,0.0,0.0,0.0,0.005208333333333333,0.05713563101987044
1239.0,0.00011984269804088399,0.0,0.0,0.0,0.010416666666666666,0.06944444444444445
1240.0,0.0,0.0,0.0,0.0,0.0,0.0
1241.0,0.0,0.0,0.0,0.0,0.0,0.0
1242.0,0.0,0.0,0.0,0.0,0.0,0.0
1243.0,0.0,0.0,0.0,0.0,0.0,0.0
1244.0,0.0,0.0,0.0,0.0,0.0,0.0
1245.0,0.0,0.0,0.0,0.0,0.0,0.0
1246.0,0.0,0.0,0.0,0.0,0.0,0.0
1247.0,0.0,0.0,0.0,0.0,0.0,0.0
1248.0,0.0,0.0,0.0,0.0,0.0,0.0
1249.0,0.0,0.0,0.0,0.0,0.0,0.0
1250.0,0.0,0.0,0.0,0.0,0.0,0.0
1251.0,0.0,0.0,0.0,0.0,0.0,0.0
1252.0,0.0,0.0,0.0,0.0,0.0,0.0
1253.0,0.0,0.0,0.0,0.0,0.0,0.0
1254.0,0.0002943218278232962,0.0,0.0,0.0,0.001736111111111111,0.024526818985274684
1255.0,0.00032849935814738274,0.0,0.0,0.0,0.003472222222222222,0.027374946512281895
1256.0,0.0003530091780703515,0.0,0.0,0.0,0.006944444444444444,0.046296296296296294
1257.0,0.0002404513506917283,2.0910906641802285e-06,0.0,0.0,0.003472222222222222,0.023148148148148147
1258.0,8.224399789469317e-05,2.0910906641802285e-06,0.0,0.0,0.001736111111111111,0.011574074074074073
1259.0,0.0004485122917685658,0.0,0.0,0.0,0.006944444444444444,0.046296296296296294
1260.0,0.00020569507614709437,0.0,0.0,0.0,0.001736111111111111,0.0171412563455912
1261.0,2.0731205950141884e-05,0.0,0.0,0.0,0.005208333333333333,0.034722222222222224
1262.0,0.0,0.0,0.0,0.0,0.0,0.0
1263.0,0.0,0.0,0.0,0.0,0.0,0.0
1264.0,0.0,0.0,0.0,0.0,0.0,0.0
1265.0,0.0,0.0,0.0,0.0,0.0,0.0
1266.0,5.106234723939451e-08,0.0,0.0,0.0,0.0,4.255195603282876e-06
1267.0,0.0,0.0,0.0,0.0,0.0,0.0
1268.0,0.0,0.0,0.0,0.0,0.0,0.0
1269.0,0.0,0.0,0.0,0.0,0.0,0.0
1270.0,0.0,0.0,0.0,0.0,0.0,0.0
1271.0,0.0,0.0,0.0,0.0,0.0,0.0
1272.0,0.0,0.0,0.0,0.0,0.0,0.0
1273.0,0.0001912274892674759,0.0,0.0,0.0,0.006944444444444444,0.046296296296296294
1274.0,0.0003524815256241709,0.0,0.0,0.0,0.005208333333333333,0.034722222222222224
1275.0,0.00028894332353957,0.0,0.0,0.0,0.003472222222222222,0.024078610294964164
1276.0,0.0002716673188842833,0.0,0.0,0.0,0.006944444444444444,0.046296296296296294
1277.0,0.0003164997906424105,0.0,0.0,0.0,0.005208333333333333,0.034722222222222224
1278.0,0.0002652844996191561,0.0,0.0,0.0,0.003472222222222222,0.023148148148148147
1279.0,0.0,0.0,0.0,0.0,0.0,0.0
1280.0,0.0,0.0,0.0,0.0,0.0,0.0
1281.0,0.0,0.0,0.0,0.0,0.0,0.0
1282.0,0.0002458468952681869,2.0910906641802285e-06,0.0,0.0,0.012152777777777778,0.08101851851851852
1283.0,0.00015694783360231668,2.0910906641802285e-06,0.0,0.0,0.003472222222222222,0.023148148148148147
1284.0,0.000400990538764745,0.0,0.0,0.0,0.006944444444444444,0.046296296296296294
1285.0,0.0005266543012112379,0.0,0.0,0.0,0.008680555555555556,0.05787037037037038
1286.0,0.00033735018223524094,0.0,0.0,0.0,0.003472222222222222,0.028112515186270077
1287.0,0.0,0.0,0.0,0.0,0.0,0.0
1288.0,0.0,0.0,0.0,0.0,0.0,0.0
1289.0,0.0,0.0,0.0,0.0,0.0,0.0
1290.0,0.0,0.0,0.0,0.0,0.0,0.0
1291.0,0.0002223924093414098,0.0,0.0,0.0,0.005208333333333333,0.034722222222222224
1292.0,0.0,0.0,0.0,0.0,0.0,0.0
1293.0,0.0,0.0,0.0,0.0,0.0,0.0
1294.0,0.0,0.0,0.0,0.0,0.0,0.0
1295.0,0.0,0.0,0.0,0.0,0.0,0.0
1296.0,6.392972136382014e-05,0.0,0.0,0.0,0.0,0.005327476780318345
1297.0,4.692605944001116e-05,0.0,0.0,0.0,0.0,0.0039105049533342635
1298.0,0.0,0.0,0.0,0.0,0.0,0.0
1299.0,2.4509783997928025e-06,0.0,0.0,0.0,0.0,0.00020424819998273355
1300.0,0.0,0.0,0.0,0.0,0.0,0.0
1301.0,0.0,0.0,0.0,0.0,0.0,0.0
1302.0,0.0,0.0,0.0,0.0,0.0,0.0
1303.0,0.0,0.0,0.0,0.0,0.0,0.0
1304.0,0.0,0.0,0.0,0.0,0.0,0.0
1305.0,0.0,0.0,0.0,0.0,0.0,0.0
1306.0,0.0,0.0,0.0,0.0,0.0,0.0
1307.0,5.004081231163582e-06,2.0910906641802285e-06,0.0,0.0,0.0,0.00041700676926363184
1308.0,5.004081231163582e-06,2.0910906641802285e-06,0.0,0.0,0.0,0.00041700676926363184
1309.0,0.0,0.0,0.0,0.0,0.0,0.0
1310.0,0.0,0.0,0.0,0.0,0.0,0.0
1311.0,0.0,0.0,0.0,0.0,0.0,0.0
1312.0,0.0,0.0,0.0,0.0,0.0,0.0
1313.0,0.0,0.0,0.0,0.0,0.0,0.0
1314.0,0.0,0.0,0.0,0.0,0.0,0.0
1315.0,0.0,0.0,0.0,0.0,0.0,0.0
1316.0,0.0,0.0,0.0,0.0,0.0,0.0
1317.0,0.0,0.0,0.0,0.0,0.0,0.0
1318.0,0.0,0.0,0.0,0.0,0.0,0.0
1319.0,0.0,0.0,0.0,0.0,0.0,0.0
1320.0,0.0,0.0,0.0,0.0,0.0,0.0
1321.0,0.0,0.0,0.0,0.0,0.0,0.0
1322.0,0.0,0.0,0.0,0.0,0.0,0.0
1323.0,0.0,0.0,0.0,0.0,0.0,0.0
1324.0,0.0,0.0,0.0,0.0,0.0,0.0
1325.0,0.0,0.0,0.0,0.0,0.0,0.0
1326.0,0.0,0.0,0.0,0.0,0.0,0.0
1327.0,0.0,0.0,0.0,0.0,0.0,0.0
1328.0,0.0,0.0,0.0,0.0,0.0,0.0
1329.0,0.0,0.0,0.0,0.0,0.0,0.0
1330.0,0.0,0.0,0.0,0.0,0.0,0.0
1331.0,0.0,0.0,0.0,0.0,0.0,0.0
1332.0,5.004081231163582e-06,2.0910906641802285e-06,0.0,0.0,0.0,0.00041700676926363184
1333.0,0.00028504556394182146,2.0910906641802285e-06,0.0,0.0,0.006944444444444444,0.046296296296296294
1334.0,0.00012677013000939041,0.0,0.0,0.0,0.003472222222222222,0.023148148148148147
1335.0,0.0003724468406289816,0.0,0.0,0.0,0.005208333333333333,0.034722222222222224
1336.0,0.00032706966158002615,0.0,0.0,0.0,0.003472222222222222,0.027255805131668847
1337.0,0.0001473311276640743,0.0,0.0,0.0,0.006944444444444444,0.046296296296296294
1338.0,0.0,0.0,0.0,0.0,0.0,0.0
1339.0,0.0,0.0,0.0,0.0,0.0,0.0
1340.0,0.0,0.0,0.0,0.0,0.0,0.0
1341.0,1.1352809451636858e-05,0.0,0.0,0.0,0.003472222222222222,0.023148148148148147
1342.0,0.0,0.0,0.0,0.0,0.0,0.0
1343.0,0.0,0.0,0.0,0.0,0.0,0.0
1344.0,0.0,0.0,0.0,0.0,0.0,0.0
1345.0,0.0,0.0,0.0,0.0,0.0,0.0
1346.0,0.0,0.0,0.0,0.0,0.0,0.0
1347.0,0.00013005512300878763,0.0,0.0,0.0,0.005208333333333333,0.034722222222222224
1348.0,6.107025546953082e-05,0.0,0.0,0.0,0.0,0.005089187955794235
1349.0,0.00016658153617754579,0.0,0.0,0.0,0.001736111111111111,0.013881794681462148
1350.0,0.0004000373592134565,0.0,0.0,0.0,0.006944444444444444,0.046296296296296294
1351.0,0.00030838092789053917,0.0,0.0,0.0,0.003472222222222222,0.02569841065754493
1352.0,0.00025491893757134676,0.0,0.0,0.0,0.001736111111111111,0.02124324479761223
1353.0,0.0002986791078001261,0.0,0.0,0.0,0.008680555555555556,0.05787037037037038
1354.0,0.00035734946141019464,0.0,0.0,0.0,0.006944444444444444,0.046296296296296294
1355.0,3.404139192753064e-08,0.0,0.0,0.0,0.0,2.8367826606275535e-06
1356.0,0.0,0.0,0.0,0.0,0.0,0.0
1357.0,2.275668339279946e-05,2.0910906641802285e-06,0.0,0.0,0.0,0.0018963902827332881
1358.0,6.297652817011112e-06,2.0910906641802285e-06,0.0,0.0,0.0,0.0005248044014175927
1359.0,0.0,0.0,0.0,0.0,0.0,0.0
1360.0,0.0,0.0,0.0,0.0,0.0,0.0
1361.0,2.1071620722068474e-05,0.0,0.0,0.0,0.0,0.001755968393505706
1362.0,1.952273305505514e-05,0.0,0.0,0.0,0.0,0.001626894421254595
1363.0,6.0457507061073557e-05,0.0,0.0,0.0,0.0,0.005038125588422797
1364.0,1.1846402230730746e-05,0.0,0.0,0.0,0.001736111111111111,0.011574074074074073
1365.0,7.174222992034629e-05,0.0,0.0,0.0,0.001736111111111111,0.011574074074074073
1366.0,3.880718395521399e-06,0.0,0.0,0.0,0.001736111111111111,0.011574074074074073
1367.0,0.0,0.0,0.0,0.0,0.0,0.0
1368.0,0.0,0.0,0.0,0.0,0.0,0.0
1369.0,0.0,0.0,0.0,0.0,0.0,0.0
1370.0,0.0,0.0,0.0,0.0,0.0,0.0
1371.0,0.0,0.0,0.0,0.0,0.0,0.0
1372.0,0.0,0.0,0.0,0.0,0.0,0.0
1373.0,0.0,0.0,0.0,0.0,0.0,0.0
1374.0,5.106286593559162e-08,0.0,0.0,0.0,0.0,4.255238827965968e-06
1375.0,0.0,0.0,0.0,0.0,0.0,0.0
1376.0,0.0,0.0,0.0,0.0,0.0,0.0
1377.0,0.0,0.0,0.0,0.0,0.0,0.0
1378.0,0.0,0.0,0.0,0.0,0.0,0.0
1379.0,0.0,0.0,0.0,0.0,0.0,0.0
1380.0,0.0,0.0,0.0,0.0,0.0,0.0
1381.0,0.0,0.0,0.0,0.0,0.0,0.0
1382.0,6.297652817011112e-06,2.0910906641802285e-06,0.0,0.0,0.0,0.0005248044014175927
1383.0,7.346132042584941e-05,2.0910906641802285e-06,0.0,0.0,0.0,0.006121776702154118
1384.0,0.0,0.0,0.0,0.0,0.0,0.0
1385.0,0.0,0.0,0.0,0.0,0.0,0.0
1386.0,0.0,0.0,0.0,0.0,0.0,0.0
1387.0,0.0,0.0,0.0,0.0,0.0,0.0
1388.0,0.0,0.0,0.0,0.0,0.0,0.0
1389.0,0.0,0.0,0.0,0.0,0.0,0.0
1390.0,0.0,0.0,0.0,0.0,0.0,0.0
1391.0,5.208327820582781e-06,0.0,0.0,0.0,0.0,0.0004340273183818984
1392.0,0.0,0.0,0.0,0.0,0.0,0.0
1393.0,0.0,0.0,0.0,0.0,0.0,0.0
1394.0,0.0,0.0,0.0,0.0,0.0,0.0
1395.0,0.0,0.0,0.0,0.0,0.0,0.0
1396.0,0.0,0.0,0.0,0.0,0.0,0.0
1397.0,0.0,0.0,0.0,0.0,0.0,0.0
1398.0,0.0,0.0,0.0,0.0,0.0,0.0
1399.0,0.0,0.0,0.0,0.0,0.0,0.0
1400.0,0.0,0.0,0.0,0.0,0.0,0.0
1401.0,0.0,0.0,0.0,0.0,0.0,0.0
1402.0,0.09144492447376251,0.08959074318408966,0.5340798497200012,0.0,0.4444444444444444,7.620410372813542
1403.0,0.0003421329893171787,0.0,0.0,0.0,0.0,0.028511082443098225
1404.0,0.09110278636217117,0.08959074318408966,0.5340798497200012,0.0,0.4444444444444444,7.591898863514264
1405.0,0.09110278636217117,0.08959074318408966,0.5340798497200012,0.0,0.4444444444444444,7.591898863514264
1406.0,0.0,0.0,0.0,0.0,0.0,0.0
1407.0,0.00020812904404010624,0.0,0.0,0.0,0.0,0.017344087003342185
1408.0,0.00011829382128780708,0.0,0.0,0.0,0.0,0.00985781844065059
1409.0,0.0,0.0,0.0,0.0,0.0,0.0
1410.0,0.0,0.0,0.0,0.0,0.0,0.0
1411.0,0.0,0.0,0.0,0.0,0.0,0.0
1412.0,4.136032657697797e-06,0.0,0.0,0.0,0.0,0.00034466938814148307
1413.0,0.0,0.0,0.0,0.0,0.0,0.0
1414.0,0.0,0.0,0.0,0.0,0.0,0.0
1415.0,0.0,0.0,0.0,0.0,0.0,0.0
1416.0,0.0,0.0,0.0,0.0,0.0,0.0
1417.0,0.07194550335407257,0.0803920179605484,0.5340798497200012,0.0,0.5,5.995458612839381
1418.0,0.0,0.0,0.0,0.0,0.0,0.0
1419.0,0.0,0.0,0.0,0.0,0.0,0.0
1420.0,0.0,0.0,0.0,0.0,0.0,0.0
1421.0,0.0,0.0,0.0,0.0,0.0,0.0
1422.0,0.0,0.0,0.0,0.0,0.0,0.0
1423.0,0.0,0.0,0.0,0.0,0.0,0.0
1424.0,0.0,0.0,0.0,0.0,0.0,0.0
1425.0,0.0,0.0,0.0,0.0,0.0,0.0
1426.0,0.0,0.0,0.0,0.0,0.0,0.0
1427.0,0.0,0.0,0.0,0.0,0.0,0.0
1428.0,0.0,0.0,0.0,0.0,0.0,0.0
1429.0,0.0,0.0,0.0,0.0,0.0,0.0
1430.0,0.0,0.0,0.0,0.0,0.0,0.0
1431.0,0.0,0.0,0.0,0.0,0.0,0.0
1432.0,0.0,0.0,0.0,0.0,0.0,0.0
1433.0,0.0,0.0,0.0,0.0,0.0,0.0
1434.0,0.0,0.0,0.0,0.0,0.0,0.0
1435.0,0.0,0.0,0.0,0.0,0.0,0.0
1436.0,0.0,0.0,0.0,0.0,0.0,0.0
1437.0,0.0,0.0,0.0,0.0,0.0,0.0
1438.0,0.0,0.0,0.0,0.0,0.0,0.0
1439.0,0.0,0.0,0.0,0.0,0.0,0.0
1440.0,0.0,0.0,0.0,0.0,0.0,0.0
1441.0,0.0,0.0,0.0,0.0,0.0,0.0
1442.0,0.0,0.0,0.0,0.0,0.0,0.0
1443.0,0.0,0.0,0.0,0.0,0.0,0.0
1444.0,0.0,0.0,0.0,0.0,0.0,0.0
1445.0,0.0,0.0,0.0,0.0,0.0,0.0
1446.0,0.0,0.0,0.0,0.0,0.0,0.0
1447.0,0.0,0.0,0.0,0.0,0.0,0.0
1448.0,0.0,0.0,0.0,0.0,0.0,0.0
1449.0,0.0,0.0,0.0,0.0,0.0,0.0
1450.0,0.0,0.0,0.0,0.0,0.0,0.0
1451.0,0.0,0.0,0.0,0.0,0.0,0.0
1452.0,0.0,0.0,0.0,0.0,0.0,0.0
1453.0,0.0,0.0,0.0,0.0,0.0,0.0
1454.0,0.0,0.0,0.0,0.0,0.0,0.0
1455.0,0.0,0.0,0.0,0.0,0.0,0.0
1456.0,0.0,0.0,0.0,0.0,0.0,0.0
1457.0,0.0,0.0,0.0,0.0,0.0,0.0
1458.0,0.0,0.0,0.0,0.0,0.0,0.0
1459.0,0.0,0.0,0.0,0.0,0.0,0.0
1460.0,0.0,0.0,0.0,0.0,0.0,0.0
1461.0,0.0,0.0,0.0,0.0,0.0,0.0
1462.0,0.0,0.0,0.0,0.0,0.0,0.0
1463.0,0.0,0.0,0.0,0.0,0.0,0.0
1464.0,0.0,0.0,0.0,0.0,0.0,0.0
1465.0,0.0,0.0,0.0,0.0,0.0,0.0
1466.0,0.0,0.0,0.0,0.0,0.0,0.0
1467.0,0.0,0.0,0.0,0.0,0.0,0.0
1468.0,0.0,0.0,0.0,0.0,0.0,0.0
1469.0,0.0,0.0,0.0,0.0,0.0,0.0
1470.0,0.0,0.0,0.0,0.0,0.0,0.0
1471.0,0.0,0.0,0.0,0.0,0.0,0.0
1472.0,0.0,0.0,0.0,0.0,0.0,0.0
1473.0,0.0,0.0,0.0,0.0,0.0,0.0
1474.0,0.0,0.0,0.0,0.0,0.0,0.0
1475.0,0.0,0.0,0.0,0.0,0.0,0.0
1476.0,0.0,0.0,0.0,0.0,0.0,0.0
1477.0,0.0,0.0,0.0,0.0,0.0,0.0
1478.0,0.0,0.0,0.0,0.0,0.0,0.0
1479.0,0.0,0.0,0.0,0.0,0.0,0.0
1480.0,0.0,0.0,0.0,0.0,0.0,0.0
1481.0,0.0,0.0,0.0,0.0,0.0,0.0
1482.0,0.0,0.0,0.0,0.0,0.0,0.0
1483.0,0.0001366251235594973,0.0008834312902763486,0.0,0.0,0.005208333333333333,0.034722222222222224
1484.0,0.0005773079465143383,0.0005491868359968066,0.0,0.0,0.010416666666666666,0.06944444444444445
1485.0,0.0004672521026805043,0.0,0.0,0.0,0.008680555555555556,0.05787037037037038
1486.0,0.0,0.0,0.0,0.0,0.0,0.0
1487.0,0.000226817763177678,0.0014658552827313542,0.0,0.0,0.005208333333333333,0.036646382068283856
1488.0,6.23978630756028e-05,0.0004034706798847765,0.0,0.0,0.003472222222222222,0.023148148148148147
1489.0,0.0005154206301085651,0.001138434512540698,0.0,0.0,0.013888888888888888,0.09259259259259259
1490.0,0.0005540065467357635,0.0,0.0,0.0,0.020833333333333332,0.1388888888888889
1491.0,0.00012775733193848282,0.0,0.0,0.0,0.001736111111111111,0.011574074074074073
1492.0,0.0001186852969112806,2.8835069315391593e-05,0.0,0.0,0.001736111111111111,0.011574074074074073
1493.0,0.0,0.0,0.0,0.0,0.0,0.0
1494.0,0.0,0.0,0.0,0.0,0.0,0.0
1495.0,0.0,0.0,0.0,0.0,0.0,0.0
1496.0,0.0,0.0,0.0,0.0,0.0,0.0
1497.0,0.0,0.0,0.0,0.0,0.0,0.0
1498.0,0.0,0.0,0.0,0.0,0.0,0.0
1499.0,0.0,0.0,0.0,0.0,0.0,0.0
1500.0,6.978480087127537e-07,0.0,0.0,0.0,0.0,5.8154000726062804e-05
1501.0,0.0,0.0,0.0,0.0,0.0,0.0
1502.0,0.0,0.0,0.0,0.0,0.0,0.0
1503.0,0.0,0.0,0.0,0.0,0.0,0.0
1504.0,0.0,0.0,0.0,0.0,0.0,0.0
1505.0,0.0,0.0,0.0,0.0,0.0,0.0
1506.0,0.0,0.0,0.0,0.0,0.0,0.0
1507.0,0.0,0.0,0.0,0.0,0.0,0.0
1508.0,0.0,0.0,0.0,0.0,0.0,0.0
1509.0,0.0,0.0,0.0,0.0,0.0,0.0
1510.0,0.0,0.0,0.0,0.0,0.0,0.0
1511.0,0.0,0.0,0.0,0.0,0.0,0.0
1512.0,0.0,0.0,0.0,0.0,0.0,0.0
1513.0,0.0,0.0,0.0,0.0,0.0,0.0
1514.0,0.0,0.0,0.0,0.0,0.0,0.0
1515.0,0.0,0.0,0.0,0.0,0.0,0.0
1516.0,0.0,0.0,0.0,0.0,0.0,0.0
1517.0,0.0,0.0,0.0,0.0,0.0,0.0
1518.0,0.0,0.0,0.0,0.0,0.0,0.0
1519.0,0.0,0.0,0.0,0.0,0.0,0.0
1520.0,0.0,0.0,0.0,0.0,0.0,0.0
1521.0,0.0,0.0,0.0,0.0,0.0,0.0
1522.0,0.0,0.0,0.0,0.0,0.0,0.0
1523.0,0.0,0.0,0.0,0.0,0.0,0.0
1524.0,0.0,0.0,0.0,0.0,0.0,0.0
1525.0,0.0,0.0,0.0,0.0,0.0,0.0
1526.0,0.0,0.0,0.0,0.0,0.0,0.0
1527.0,0.0,0.0,0.0,0.0,0.0,0.0
1528.0,0.0,0.0,0.0,0.0,0.0,0.0
1529.0,0.0,0.0,0.0,0.0,0.0,0.0
1530.0,0.0,0.0,0.0,0.0,0.0,0.0
1531.0,0.0,0.0,0.0,0.0,0.0,0.0
1532.0,0.0,0.0,0.0,0.0,0.0,0.0
1533.0,0.0,0.0,0.0,0.0,0.0,0.0
1534.0,0.0,0.0,0.0,0.0,0.0,0.0
1535.0,0.0,0.0,0.0,0.0,0.0,0.0
1536.0,0.0,0.0,0.0,0.0,0.0,0.0
1537.0,0.0,0.0,0.0,0.0,0.0,0.0
1538.0,0.0,0.0,0.0,0.0,0.0,0.0
1539.0,0.0,0.0,0.0,0.0,0.0,0.0
1540.0,0.0,0.0,0.0,0.0,0.0,0.0
1541.0,0.0,0.0,0.0,0.0,0.0,0.0
1542.0,0.0,0.0,0.0,0.0,0.0,0.0
1543.0,0.0,0.0,0.0,0.0,0.0,0.0
1544.0,0.0,0.0,0.0,0.0,0.0,0.0
1545.0,0.0,0.0,0.0,0.0,0.0,0.0
1546.0,0.0,0.0,0.0,0.0,0.0,0.0
1547.0,0.0,0.0,0.0,0.0,0.0,0.0
1548.0,0.0,0.0,0.0,0.0,0.0,0.0
1549.0,0.0,0.0,0.0,0.0,0.0,0.0
1550.0,0.0,0.0,0.0,0.0,0.0,0.0
1551.0,0.0,0.0,0.0,0.0,0.0,0.0
1552.0,0.0,0.0,0.0,0.0,0.0,0.0
1553.0,0.0,0.0,0.0,0.0,0.0,0.0
1554.0,0.0,0.0,0.0,0.0,0.0,0.0
1555.0,0.00018612129497341812,0.0012034785468131304,0.0,0.0,0.001736111111111111,0.03008696367032826
1556.0,1.5318678947551234e-07,9.905207889460144e-07,0.0,0.0,0.0,2.476301972365036e-05
1557.0,0.0,0.0,0.0,0.0,0.0,0.0
1558.0,0.00025207651196978986,0.001629951293580234,0.0,0.0,0.001736111111111111,0.04074878233950585
1559.0,6.5359445216017775e-06,3.686923082568683e-05,0.0,0.0,0.0,0.0009217307706421707
1560.0,0.0002049291506409645,0.0,0.0,0.0,0.001736111111111111,0.017077429220080376
1561.0,6.059368843125412e-06,0.0,0.0,0.0,0.0,0.0005049474035937843
1562.0,0.0,0.0,0.0,0.0,0.0,0.0
1563.0,0.0,0.0,0.0,0.0,0.0,0.0
1564.0,0.0,0.0,0.0,0.0,0.0,0.0
1565.0,0.00016971332661341876,0.0,0.0,0.0,0.006944444444444444,0.046296296296296294
1566.0,0.00011648963118204847,0.0,0.0,0.0,0.0,0.009707469265170706
1567.0,0.0002015420323004946,0.0,0.0,0.0,0.001736111111111111,0.01679516935837455
1568.0,0.00023194101231638342,0.0,0.0,0.0,0.001736111111111111,0.019328417693031952
1569.0,0.00024828084860928357,0.0,0.0,0.0,0.005208333333333333,0.034722222222222224
1570.0,0.00017774710431694984,0.0,0.0,0.0,0.001736111111111111,0.014812258693079153
1571.0,0.0005713336286135018,0.0010335496626794338,0.0,0.0,0.008680555555555556,0.05787037037037038
1572.0,5.106208789129596e-08,0.0,0.0,0.0,0.0,4.25517399094133e-06
1573.0,0.0,0.0,0.0,0.0,0.0,0.0
1574.0,0.0,0.0,0.0,0.0,0.0,0.0
1575.0,1.4893106708768755e-05,6.383333584381035e-06,0.0,0.0,0.0,0.0012410922257307295
1576.0,0.0,0.0,0.0,0.0,0.0,0.0
1577.0,0.0,0.0,0.0,0.0,0.0,0.0
1578.0,0.0,0.0,0.0,0.0,0.0,0.0
1579.0,0.0,0.0,0.0,0.0,0.0,0.0
1580.0,0.0,0.0,0.0,0.0,0.0,0.0
1581.0,0.0,0.0,0.0,0.0,0.0,0.0
1582.0,0.0,0.0,0.0,0.0,0.0,0.0
1583.0,0.0,0.0,0.0,0.0,0.0,0.0
1584.0,0.00011894060298800468,0.0004621313128154725,0.001656669075600803,0.0,0.006944444444444444,0.046296296296296294
1585.0,0.00032262722379527986,0.0015601745108142495,0.003941240254789591,0.0,0.003472222222222222,0.03900436277035624
1586.0,0.0003477838181424886,0.0022488043177872896,2.257491587442928e-06,0.0,0.006944444444444444,0.05622010794468224
1587.0,0.00011982568685198203,0.000774804619140923,0.0,0.0,0.006944444444444444,0.046296296296296294
1588.0,0.000269607815425843,0.0017433104803785682,0.0,0.0,0.006944444444444444,0.046296296296296294
1589.0,0.00025764224119484425,0.0016659399261698127,0.0,0.0,0.005208333333333333,0.04164849815424532
1590.0,0.00022400934540200979,0.001448466326110065,0.0,0.0,0.005208333333333333,0.036211658152751625
1591.0,0.0001454588636988774,0.0009405511082150042,0.0,0.0,0.003472222222222222,0.023513777705375105
1592.0,0.00022668160090688616,0.0014601325383409858,4.1602190322009847e-05,0.0,0.006944444444444444,0.046296296296296294
1593.0,0.00011124726734124124,0.0007193357450887561,0.0,0.0,0.003472222222222222,0.023148148148148147
1594.0,0.00027273959130980074,0.0017635609256103635,0.0,0.0,0.001736111111111111,0.04408902314025909
1595.0,0.00025022123008966446,0.0015632564900442958,0.0,0.0,0.006944444444444444,0.046296296296296294
1596.0,0.0,0.0,0.0,0.0,0.0,0.0
1597.0,0.0001299870345974341,0.0002923126448877156,0.0,0.0,0.003472222222222222,0.023148148148148147
1598.0,0.00027845855220220983,0.00039818789809942245,0.0,0.0,0.008680555555555556,0.05787037037037038
1599.0,0.00026867163251154125,0.0,0.0,0.0,0.006944444444444444,0.046296296296296294
1600.0,0.0001830745895858854,6.48240020382218e-05,0.0,0.0,0.003472222222222222,0.023148148148148147
1601.0,0.0002372344461036846,0.0,0.0,0.0,0.003472222222222222,0.023148148148148147
1602.0,0.00032301872852258384,0.0,0.0,0.0,0.003472222222222222,0.026918227376881987
1603.0,0.0001948528952198103,0.0,0.0,0.0,0.005208333333333333,0.034722222222222224
1604.0,7.172518962761387e-05,0.0,0.0,0.0,0.003472222222222222,0.023148148148148147
1605.0,0.00013897396274842322,0.0,0.0,0.0,0.001736111111111111,0.011581163562368602
1606.0,0.0,0.0,0.0,0.0,0.0,0.0
1607.0,0.0,0.0,0.0,0.0,0.0,0.0
1608.0,0.0,0.0,0.0,0.0,0.0,0.0
1609.0,9.923073776008096e-06,0.0,0.0,0.0,0.0,0.0008269228146673413
1610.0,0.00016156042693182826,0.0,0.0,0.0,0.003472222222222222,0.023148148148148147
1611.0,0.000248451076913625,0.0,0.0,0.0,0.003472222222222222,0.023148148148148147
1612.0,0.00024237469187937677,0.0,0.0,0.0,0.005208333333333333,0.034722222222222224
1613.0,4.062839798280038e-05,0.0,0.0,0.0,0.0,0.0033856998319000318
1614.0,0.00019151685410179198,0.0,0.0,0.0,0.001736111111111111,0.015959737841815997
1615.0,0.0,0.0,0.0,0.0,0.0,0.0
1616.0,0.0,0.0,0.0,0.0,0.0,0.0
1617.0,9.395439519721549e-06,0.0,0.0,0.0,0.0,0.0007829532933101291
1618.0,0.0,0.0,0.0,0.0,0.0,0.0
1619.0,0.0,0.0,0.0,0.0,0.0,0.0
1620.0,0.0,0.0,0.0,0.0,0.0,0.0
1621.0,0.0,0.0,0.0,0.0,0.0,0.0
1622.0,0.0,0.0,0.0,0.0,0.0,0.0
1623.0,0.0,0.0,0.0,0.0,0.0,0.0
1624.0,0.0,0.0,0.0,0.0,0.0,0.0
1625.0,0.0,0.0,0.0,0.0,0.0,0.0
1626.0,0.0,0.0,0.0,0.0,0.0,0.0
1627.0,0.0,0.0,0.0,0.0,0.0,0.0
1628.0,0.0,0.0,0.0,0.0,0.0,0.0
1629.0,0.0,0.0,0.0,0.0,0.0,0.0
1630.0,0.0,0.0,0.0,0.0,0.0,0.0
1631.0,0.00011390247527742758,0.0,0.0,0.0,0.005208333333333333,0.034722222222222224
1632.0,0.0002413364127278328,0.0,0.0,0.0,0.003472222222222222,0.023148148148148147
1633.0,0.00030366622377187014,0.0,0.0,0.0,0.005208333333333333,0.034722222222222224
1634.0,0.00015458196867257357,0.0,0.0,0.0,0.005208333333333333,0.034722222222222224
1635.0,0.00030725757824257016,0.0,0.0,0.0,0.010416666666666666,0.06944444444444445
1636.0,0.0001966060372069478,0.0,0.0,0.0,0.003472222222222222,0.023148148148148147
1637.0,0.00017662372556515038,0.0,0.0,0.0,0.003472222222222222,0.023148148148148147
1638.0,0.00015425853780470788,0.0,0.0,0.0,0.005208333333333333,0.034722222222222224
1639.0,0.0,0.0,0.0,0.0,0.0,0.0
1640.0,4.5955875975778326e-05,0.0,0.0,0.0,0.003472222222222222,0.023148148148148147
1641.0,0.000281113781966269,0.0,0.0,0.0,0.003472222222222222,0.023426148497189086
1642.0,0.00021112471586093307,0.0,0.0,0.0,0.003472222222222222,0.023148148148148147
1643.0,0.00012055758270435035,0.0,0.0,0.0,0.0,0.01004646522536253
1644.0,0.0,0.0,0.0,0.0,0.0,0.0
1645.0,0.0001272637164220214,0.0,0.0,0.0,0.003472222222222222,0.023148148148148147
1646.0,9.266065171686932e-05,0.0,0.0,0.0,0.003472222222222222,0.023148148148148147
1647.0,0.00026850143331103027,0.0,0.0,0.0,0.003472222222222222,0.023148148148148147
1648.0,0.000345179665600881,0.0,0.0,0.0,0.006944444444444444,0.046296296296296294
1649.0,0.0002445533173158765,0.0,0.0,0.0,0.005208333333333333,0.034722222222222224
1650.0,0.0002326899120816961,0.0,0.0,0.0,0.003472222222222222,0.023148148148148147
1651.0,0.00011374928726581857,0.0,0.0,0.0,0.001736111111111111,0.011574074074074073
1652.0,0.0001406590163242072,0.0,0.0,0.0,0.001736111111111111,0.011721584693683932
1653.0,0.00012052352394675836,0.0,0.0,0.0,0.0,0.010043626995563196
1654.0,0.0,0.0,0.0,0.0,0.0,0.0
1655.0,0.0,0.0,0.0,0.0,0.0,0.0
1656.0,0.0,0.0,0.0,0.0,0.0,0.0
1657.0,0.0,0.0,0.0,0.0,0.0,0.0
1658.0,0.0,0.0,0.0,0.0,0.0,0.0
1659.0,4.101982995052822e-06,0.0,0.0,0.0,0.0,0.00034183191625440185
1660.0,0.0,0.0,0.0,0.0,0.0,0.0
1661.0,0.0,0.0,0.0,0.0,0.0,0.0
1662.0,0.0,0.0,0.0,0.0,0.0,0.0
1663.0,0.0,0.0,0.0,0.0,0.0,0.0
1664.0,0.0,0.0,0.0,0.0,0.0,0.0
1665.0,0.0,0.0,0.0,0.0,0.0,0.0
1666.0,0.0,0.0,0.0,0.0,0.0,0.0
1667.0,0.0,0.0,0.0,0.0,0.0,0.0
1668.0,0.0,0.0,0.0,0.0,0.0,0.0
1669.0,0.0,0.0,0.0,0.0,0.0,0.0
1670.0,0.0,0.0,0.0,0.0,0.0,0.0
1671.0,0.0,0.0,0.0,0.0,0.0,0.0
1672.0,0.0,0.0,0.0,0.0,0.0,0.0
1673.0,0.0,0.0,0.0,0.0,0.0,0.0
1674.0,0.0,0.0,0.0,0.0,0.0,0.0
1675.0,0.0,0.0,0.0,0.0,0.0,0.0
1676.0,0.0,0.0,0.0,0.0,0.0,0.0
1677.0,0.0,0.0,0.0,0.0,0.0,0.0
1678.0,0.0,0.0,0.0,0.0,0.0,0.0
1679.0,0.0,0.0,0.0,0.0,0.0,0.0
1680.0,0.0,0.0,0.0,0.0,0.0,0.0
1681.0,0.0,0.0,0.0,0.0,0.0,0.0
1682.0,0.0,0.0,0.0,0.0,0.0,0.0
1683.0,0.0,0.0,0.0,0.0,0.0,0.0
1684.0,0.0002455064677633345,0.0,0.0,0.0,0.006944444444444444,0.046296296296296294
1685.0,9.914554539136589e-05,0.0,0.0,0.0,0.0,0.008262128782613823
1686.0,0.0,0.0,0.0,0.0,0.0,0.0
1687.0,0.00023835781030356884,0.0,0.0,0.0,0.003472222222222222,0.023148148148148147
1688.0,0.0,0.0,0.0,0.0,0.0,0.0
1689.0,0.0,0.0,0.0,0.0,0.0,0.0
1690.0,0.0,0.0,0.0,0.0,0.0,0.0
1691.0,0.0,0.0,0.0,0.0,0.0,0.0
1692.0,5.157272426004056e-06,0.0,0.0,0.0,0.0,0.00042977270216700464
1693.0,8.755445742281154e-05,0.0,0.0,0.0,0.003472222222222222,0.023148148148148147
1694.0,0.00021813724015373737,0.0,0.0,0.0,0.006944444444444444,0.046296296296296294
1695.0,0.00013076998584438115,0.0,0.0,0.0,0.0,0.010897498820365096
1696.0,0.0001879935443866998,0.0,0.0,0.0,0.006944444444444444,0.046296296296296294
1697.0,0.0,0.0,0.0,0.0,0.0,0.0
1698.0,0.00018310861196368933,0.0,0.0,0.0,0.005208333333333333,0.034722222222222224
1699.0,0.00027362469700165093,0.0,0.0,0.0,0.003472222222222222,0.023148148148148147
1700.0,0.00022787305351812392,0.0,0.0,0.0,0.003472222222222222,0.023148148148148147
1701.0,0.00022337958216667175,0.0,0.0,0.0,0.001736111111111111,0.01861496518055598
1702.0,0.00027394804055802524,0.0,0.0,0.0,0.005208333333333333,0.034722222222222224
1703.0,0.00011640452430583537,0.0,0.0,0.0,0.001736111111111111,0.011574074074074073
1704.0,9.223513916367665e-05,0.0,0.0,0.0,0.003472222222222222,0.023148148148148147
1705.0,0.00011107704631285742,0.0,0.0,0.0,0.003472222222222222,0.023148148148148147
1706.0,0.0,0.0,0.0,0.0,0.0,0.0
1707.0,9.802218119148165e-05,0.0,0.0,0.0,0.0,0.008168515099290138
1708.0,0.0001867680693976581,0.0,0.0,0.0,0.006944444444444444,0.046296296296296294
1709.0,0.00023638342099729925,0.0,0.0,0.0,0.003472222222222222,0.023148148148148147
1710.0,1.509735648141941e-05,0.0,0.0,0.0,0.0,0.0012581130401182843
1711.0,0.0,0.0,0.0,0.0,0.0,0.0
1712.0,0.0,0.0,0.0,0.0,0.0,0.0
1713.0,0.00014571414794772863,0.0,0.0,0.0,0.003472222222222222,0.023148148148148147
1714.0,6.690835289191455e-05,0.0,0.0,0.0,0.0,0.0055756960743262125
1715.0,0.00021124382328707725,0.0,0.0,0.0,0.006944444444444444,0.046296296296296294
1716.0,0.00021781383838970214,0.0,0.0,0.0,0.005208333333333333,0.034722222222222224
1717.0,0.00021200977789703757,0.0,0.0,0.0,0.003472222222222222,0.023148148148148147
1718.0,0.00012814879301004112,0.0,0.0,0.0,0.003472222222222222,0.023148148148148147
1719.0,0.00011732364509953186,0.0,0.0,0.0,0.001736111111111111,0.011574074074074073
1720.0,0.00012406385212671012,0.0,0.0,0.0,0.0,0.01033865434389251
1721.0,0.00013824208872392774,0.0,0.0,0.0,0.0,0.011520174060327312
1722.0,1.5812225683475845e-05,0.0,0.0,0.0,0.0,0.001317685473622987
1723.0,4.187090598861687e-05,0.0,0.0,0.0,0.0,0.003489242165718072
1724.0,0.0,0.0,0.0,0.0,0.0,0.0
1725.0,0.00020309090905357152,0.0,0.0,0.0,0.006944444444444444,0.046296296296296294
1726.0,0.00018690423166844994,0.0,0.0,0.0,0.003472222222222222,0.023148148148148147
1727.0,0.0002893517666961998,0.0,0.0,0.0,0.003472222222222222,0.024112647224683315
1728.0,0.00025451043620705605,0.0,0.0,0.0,0.005208333333333333,0.034722222222222224
1729.0,5.017700823373161e-05,0.0,0.0,0.0,0.0,0.004181417352810968
1730.0,0.0002563146117608994,0.0,0.0,0.0,0.003472222222222222,0.023148148148148147
1731.0,0.00014710986579302698,0.0,0.0,0.0,0.001736111111111111,0.012259155482752249
1732.0,0.0,0.0,0.0,0.0,0.0,0.0
1733.0,0.0001864446821855381,0.0,0.0,0.0,0.003472222222222222,0.023148148148148147
1734.0,0.00011337483738316223,0.0,0.0,0.0,0.001736111111111111,0.011574074074074073
1735.0,7.727394404355437e-05,0.0,0.0,0.0,0.0,0.006439495336962864
1736.0,6.2806375353829935e-06,0.0,0.0,0.0,0.001736111111111111,0.011574074074074073
1737.0,0.0,0.0,0.0,0.0,0.0,0.0
1738.0,0.0003694682091008872,0.0,0.0,0.0,0.006944444444444444,0.046296296296296294
1739.0,0.0,0.0,0.0,0.0,0.0,0.0
1740.0,0.0,0.0,0.0,0.0,0.0,0.0
1741.0,6.924018089193851e-05,0.0,0.0,0.0,0.003472222222222222,0.023148148148148147
1742.0,0.00029073047335259616,0.0,0.0,0.0,0.001736111111111111,0.02422753944604968
1743.0,0.00024777025100775063,0.0,0.0,0.0,0.003472222222222222,0.023148148148148147
1744.0,0.00022639227972831577,0.0,0.0,0.0,0.001736111111111111,0.01886602331069298
1745.0,0.00023439199139829725,0.0,0.0,0.0,0.005208333333333333,0.034722222222222224
1746.0,0.0002087758475681767,0.0,0.0,0.0,0.001736111111111111,0.017397987297348056
1747.0,0.0001785300555638969,0.0,0.0,0.0,0.001736111111111111,0.01487750463032474
1748.0,0.00012016609980491921,0.0,0.0,0.0,0.0,0.010013841650409935
1749.0,5.1079103286610916e-05,0.0,0.0,0.0,0.001736111111111111,0.011574074074074073
1750.0,7.368258957285434e-05,0.0,0.0,0.0,0.0,0.006140215797737862
1751.0,0.0,0.0,0.0,0.0,0.0,0.0
1752.0,0.0,0.0,0.0,0.0,0.0,0.0
1753.0,0.0,0.0,0.0,0.0,0.0,0.0
1754.0,0.0,0.0,0.0,0.0,0.0,0.0
1755.0,0.0,0.0,0.0,0.0,0.0,0.0
1756.0,0.0,0.0,0.0,0.0,0.0,0.0
1757.0,0.0,0.0,0.0,0.0,0.0,0.0
1758.0,0.0,0.0,0.0,0.0,0.0,0.0
1759.0,0.0,0.0,0.0,0.0,0.0,0.0
1760.0,0.0,0.0,0.0,0.0,0.0,0.0
1761.0,0.0,0.0,0.0,0.0,0.0,0.0
1762.0,0.0,0.0,0.0,0.0,0.0,0.0
1763.0,0.0,0.0,0.0,0.0,0.0,0.0
1764.0,0.00022586461273021996,0.001460132421925664,0.0,0.0,0.001736111111111111,0.0365033105481416
1765.0,0.00011594496754696593,0.00074971147114411,0.0,0.0,0.005208333333333333,0.034722222222222224
1766.0,0.00023800037160981447,0.0015388235915452242,0.0,0.0,0.003472222222222222,0.038470589788630605
1767.0,0.000120029944810085,0.000775685126427561,0.0,0.0,0.001736111111111111,0.019392128160689026
1768.0,7.649100007256493e-05,0.0004942680825479329,0.0,0.0,0.0,0.012356702063698322
1769.0,0.0001507182460045442,0.00097213767003268,0.0,0.0,0.0,0.024303441750817
1770.0,0.0,0.0,0.0,0.0,0.0,0.0
1771.0,9.381806012243032e-05,0.0,0.0,0.0,0.005208333333333333,0.034722222222222224
1772.0,5.8193752920487896e-05,0.0,0.0,0.0,0.0,0.004849479410040658
1773.0,0.00025896987062878907,0.0,0.0,0.0008522724383510649,0.001736111111111111,0.10653405479388312
1774.0,8.51034798188266e-08,0.0,0.0,0.0,0.0,7.091956651568883e-06
1775.0,8.88480462890584e-06,2.476293229847215e-05,0.0,2.785230208246503e-05,0.0,0.0034815377603081288
1776.0,0.0,0.0,0.0,0.0,0.0,0.0
1777.0,0.0,0.0,0.0,0.0,0.0,0.0
1778.0,0.0,0.0,0.0,0.0,0.0,0.0
1779.0,0.0,0.0,0.0,0.0,0.0,0.0
1780.0,0.0,0.0,0.0,0.0,0.0,0.0
1781.0,0.0,0.0,0.0,0.0,0.0,0.0
1782.0,0.0,0.0,0.0,0.0,0.0,0.0
1783.0,0.0,0.0,0.0,0.0,0.0,0.0
1784.0,0.0,0.0,0.0,0.0,0.0,0.0
1785.0,0.0,0.0,0.0,0.0,0.0,0.0
1786.0,0.0,0.0,0.0,0.0,0.0,0.0
1787.0,0.0,0.0,0.0,0.0,0.0,0.0
1788.0,0.0,0.0,0.0,0.0,0.0,0.0
1789.0,0.0,0.0,0.0,0.0,0.0,0.0
1790.0,0.0,0.0,0.0,0.0,0.0,0.0
1791.0,0.0,0.0,0.0,0.0,0.0,0.0
1792.0,0.0,0.0,0.0,0.0,0.0,0.0
1793.0,0.0,0.0,0.0,0.0,0.0,0.0
1794.0,0.0,0.0,0.0,0.0,0.0,0.0
1795.0,0.0,0.0,0.0,0.0,0.0,0.0
1796.0,0.0,0.0,0.0,0.0,0.0,0.0
1797.0,0.0,0.0,0.0,0.0,0.0,0.0
1798.0,0.0,0.0,0.0,0.0,0.0,0.0
1799.0,0.0,0.0,0.0,0.0,0.0,0.0
1800.0,0.0,0.0,0.0,0.0,0.0,0.0
1801.0,0.0,0.0,0.0,0.0,0.0,0.0
1802.0,0.0,0.0,0.0,0.0,0.0,0.0
1803.0,0.0,0.0,0.0,0.0,0.0,0.0
1804.0,0.0,0.0,0.0,0.0,0.0,0.0
1805.0,9.242234227713197e-06,0.0,0.0,0.0,0.0,0.0007701861856427664
1806.0,0.0003104745119344443,0.0,0.0,0.0,0.003472222222222222,0.025872875994537026
1807.0,0.0003436477854847908,0.0,0.0,0.0,0.008680555555555556,0.05787037037037038
1808.0,0.00011361313227098435,0.0,0.0,0.0,0.0,0.00946776102258203
1809.0,6.56147749396041e-05,0.0,0.0,0.0,0.0,0.005467897911633675
1810.0,0.00011112811625935137,0.0,0.0,0.0,0.0,0.009260676354945948
1811.0,0.00025765926693566144,0.0,0.0,0.0,0.008680555555555556,0.05787037037037038
1812.0,0.0003070192760787904,0.0,0.0,0.0,0.003472222222222222,0.025584939673232537
1813.0,0.00010472832946106791,0.0,0.0,0.0,0.0,0.008727360788422326
1814.0,6.449141073971987e-05,0.0,0.0,0.0,0.0,0.005374284228309989
1815.0,0.0003093000268563628,0.0,0.0,0.0,0.003472222222222222,0.025775002238030236
1816.0,0.00011289827671134844,0.0,0.0,0.0,0.0,0.009408189725945704
1817.0,0.00012471065565478057,0.0,0.0,0.0,0.0,0.01039255463789838
1818.0,0.0,0.0,0.0,0.0,0.0,0.0
1819.0,0.0,0.0,0.0,0.0,0.0,0.0
1820.0,0.0,0.0,0.0,0.0,0.0,0.0
1821.0,0.0,0.0,0.0,0.0,0.0,0.0
1822.0,0.0,0.0,0.0,0.0,0.0,0.0
1823.0,0.0,0.0,0.0,0.0,0.0,0.0
1824.0,0.0,0.0,0.0,0.0,0.0,0.0
1825.0,0.0,0.0,0.0,0.0,0.0,0.0
1826.0,0.0,0.0,0.0,0.0,0.0,0.0
1827.0,0.0,0.0,0.0,0.0,0.0,0.0
1828.0,0.0,0.0,0.0,0.0,0.0,0.0
1829.0,0.0,0.0,0.0,0.0,0.0,0.0
1830.0,0.0,0.0,0.0,0.0,0.0,0.0
1831.0,0.0,0.0,0.0,0.0,0.0,0.0
1832.0,0.0,0.0,0.0,0.0,0.0,0.0
1833.0,0.0,0.0,0.0,0.0,0.0,0.0
1834.0,0.0,0.0,0.0,0.0,0.0,0.0
1835.0,0.0,0.0,0.0,0.0,0.0,0.0
1836.0,0.0,0.0,0.0,0.0,0.0,0.0
1837.0,0.0,0.0,0.0,0.0,0.0,0.0
1838.0,0.0,0.0,0.0,0.0,0.0,0.0
1839.0,0.0,0.0,0.0,0.0,0.0,0.0
1840.0,0.0,0.0,0.0,0.0,0.0,0.0
1841.0,0.0,0.0,0.0,0.0,0.0,0.0
1842.0,0.0,0.0,0.0,0.0,0.0,0.0
1843.0,0.0,0.0,0.0,0.0,0.0,0.0
1844.0,0.0,0.0,0.0,0.0,0.0,0.0
1845.0,0.0,0.0,0.0,0.0,0.0,0.0
1846.0,0.0,0.0,0.0,0.0,0.0,0.0
1847.0,0.0,0.0,0.0,0.0,0.0,0.0
1848.0,0.0,0.0,0.0,0.0,0.0,0.0
1849.0,0.0,0.0,0.0,0.0,0.0,0.0
1850.0,0.0,0.0,0.0,0.0,0.0,0.0
1851.0,0.0,0.0,0.0,0.0,0.0,0.0
1852.0,0.0,0.0,0.0,0.0,0.0,0.0
1853.0,0.0,0.0,0.0,0.0,0.0,0.0
1854.0,0.0,0.0,0.0,0.0,0.0,0.0
1855.0,0.0,0.0,0.0,0.0,0.0,0.0
1856.0,0.0,0.0,0.0,0.0,0.0,0.0
1857.0,0.0,0.0,0.0,0.0,0.0,0.0
1858.0,0.0,0.0,0.0,0.0,0.0,0.0
1859.0,0.0,0.0,0.0,0.0,0.0,0.0
1860.0,0.0,0.0,0.0,0.0,0.0,0.0
1861.0,0.0,0.0,0.0,0.0,0.0,0.0
1862.0,0.0,0.0,0.0,0.0,0.0,0.0
1863.0,2.3131122361519374e-05,0.0,0.0,0.0,0.0,0.0019275935301266145
1864.0,7.674630614928901e-05,0.0,0.0,0.0,0.0,0.006395525512440751
1865.0,0.00010690696217352524,0.0,0.0,0.0,0.003472222222222222,0.023148148148148147
1866.0,0.00010517086775507778,0.0,0.0,0.0,0.003472222222222222,0.023148148148148147
1867.0,3.336054305691505e-06,0.0,0.0,0.0,0.0,0.00027800452547429205
1868.0,0.0,0.0,0.0,0.0,0.0,0.0
1869.0,0.0,0.0,0.0,0.0,0.0,0.0
1870.0,0.0,0.0,0.0,0.0,0.0,0.0
1871.0,0.0,0.0,0.0,0.0,0.0,0.0
1872.0,0.0,0.0,0.0,0.0,0.0,0.0
1873.0,0.0,0.0,0.0,0.0,0.0,0.0
1874.0,0.0,0.0,0.0,0.0,0.0,0.0
1875.0,0.0,0.0,0.0,0.0,0.0,0.0
1876.0,0.0,0.0,0.0,0.0,0.0,0.0
1877.0,0.0,0.0,0.0,0.0,0.0,0.0
1878.0,0.0,0.0,0.0,0.0,0.0,0.0
1879.0,0.0,0.0,0.0,0.0,0.0,0.0
1880.0,0.0,0.0,0.0,0.0,0.0,0.0
1881.0,0.0,0.0,0.0,0.0,0.0,0.0
1882.0,0.0,0.0,0.0,0.0,0.0,0.0
1883.0,0.0,0.0,0.0,0.0,0.0,0.0
1884.0,0.0,0.0,0.0,0.0,0.0,0.0
1885.0,0.0,0.0,0.0,0.0,0.0,0.0
1886.0,0.0,0.0,0.0,0.0,0.0,0.0
1887.0,0.0,0.0,0.0,0.0,0.0,0.0
1888.0,0.0,0.0,0.0,0.0,0.0,0.0
1889.0,0.0,0.0,0.0,0.0,0.0,0.0
1890.0,0.0,0.0,0.0,0.0,0.0,0.0
1891.0,0.0,0.0,0.0,0.0,0.0,0.0
1892.0,0.0,0.0,0.0,0.0,0.0,0.0
1893.0,0.0,0.0,0.0,0.0,0.0,0.0
1894.0,0.0,0.0,0.0,0.0,0.0,0.0
1895.0,0.0,0.0,0.0,0.0,0.0,0.0
1896.0,0.0,0.0,0.0,0.0,0.0,0.0
1897.0,0.0,0.0,0.0,0.0,0.0,0.0
1898.0,0.0,0.0,0.0,0.0,0.0,0.0
1899.0,0.0,0.0,0.0,0.0,0.0,0.0
1900.0,0.0,0.0,0.0,0.0,0.0,0.0
1901.0,0.0,0.0,0.0,0.0,0.0,0.0
1902.0,0.0,0.0,0.0,0.0,0.0,0.0
1903.0,0.0,0.0,0.0,0.0,0.0,0.0
1904.0,0.0,0.0,0.0,0.0,0.0,0.0
1905.0,0.0,0.0,0.0,0.0,0.0,0.0
1906.0,0.0,0.0,0.0,0.0,0.0,0.0
1907.0,0.0,0.0,0.0,0.0,0.0,0.0
1908.0,0.0,0.0,0.0,0.0,0.0,0.0
1909.0,0.0,0.0,0.0,0.0,0.0,0.0
1910.0,0.0,0.0,0.0,0.0,0.0,0.0
1911.0,0.0,0.0,0.0,0.0,0.0,0.0
1912.0,0.0,0.0,0.0,0.0,0.0,0.0
1913.0,0.0,0.0,0.0,0.0,0.0,0.0
1914.0,0.0,0.0,0.0,0.0,0.0,0.0
1915.0,0.0,0.0,0.0,0.0,0.0,0.0
1916.0,0.0,0.0,0.0,0.0,0.0,0.0
1917.0,0.0,0.0,0.0,0.0,0.0,0.0
1918.0,0.0,0.0,0.0,0.0,0.0,0.0
1919.0,0.0,0.0,0.0,0.0,0.0,0.0
1920.0,0.0,0.0,0.0,0.0,0.0,0.0
1921.0,0.0,0.0,0.0,0.0,0.0,0.0
1922.0,6.416800260922173e-06,0.0,0.0,0.0,0.001736111111111111,0.011574074074074073
1923.0,0.00014598648704122752,0.0,0.0,0.0,0.0,0.01216554058676896
1924.0,0.0,0.0,0.0,0.0,0.0,0.0
1925.0,1.633988290450361e-06,0.0,0.0,0.0,0.0,0.00013616569087086342
1926.0,0.0,0.0,0.0,0.0,0.0,0.0
1927.0,0.0,0.0,0.0,0.0,0.0,0.0
1928.0,0.0,0.0,0.0,0.0,0.0,0.0
1929.0,0.0,0.0,0.0,0.0,0.0,0.0
1930.0,0.0,0.0,0.0,0.0,0.0,0.0
1931.0,0.0,0.0,0.0,0.0,0.0,0.0
1932.0,0.0,0.0,0.0,0.0,0.0,0.0
1933.0,0.0,0.0,0.0,0.0,0.0,0.0
1934.0,0.0,0.0,0.0,0.0,0.0,0.0
1935.0,0.0,0.0,0.0,0.0,0.0,0.0
1936.0,0.0,0.0,0.0,0.0,0.0,0.0
1937.0,0.0,0.0,0.0,0.0,0.0,0.0
1938.0,0.0,0.0,0.0,0.0,0.0,0.0
1939.0,0.0,0.0,0.0,0.0,0.0,0.0
1940.0,0.00012305962445680052,0.0,0.0,0.0,0.001736111111111111,0.011574074074074073
1941.0,2.8816033591283485e-05,0.0,0.0,0.0,0.0,0.002401336132606957
1942.0,5.106170064550497e-08,0.0,0.0,0.0,0.0,4.255141720458748e-06
1943.0,0.0,0.0,0.0,0.0,0.0,0.0
1944.0,0.0,0.0,0.0,0.0,0.0,0.0
1945.0,0.0,0.0,0.0,0.0,0.0,0.0
1946.0,0.0,0.0,0.0,0.0,0.0,0.0
1947.0,0.0,0.0,0.0,0.0,0.0,0.0
1948.0,0.0,0.0,0.0,0.0,0.0,0.0
1949.0,0.0,0.0,0.0,0.0,0.0,0.0
1950.0,0.0,0.0,0.0,0.0,0.0,0.0
1951.0,0.0,0.0,0.0,0.0,0.0,0.0
1952.0,0.0,0.0,0.0,0.0,0.0,0.0
1953.0,0.0,0.0,0.0,0.0,0.0,0.0
1954.0,0.0,0.0,0.0,0.0,0.0,0.0
1955.0,0.0,0.0,0.0,0.0,0.0,0.0
1956.0,0.0,0.0,0.0,0.0,0.0,0.0
1957.0,0.0,0.0,0.0,0.0,0.0,0.0
1958.0,0.0,0.0,0.0,0.0,0.0,0.0
1959.0,0.0,0.0,0.0,0.0,0.0,0.0
1960.0,0.0,0.0,0.0,0.0,0.0,0.0
1961.0,0.00030683205113746226,0.0,0.0,0.0,0.008680555555555556,0.05787037037037038
1962.0,9.143516217591241e-05,0.0,0.0,0.0,0.001736111111111111,0.011574074074074073
1963.0,0.0,0.0,0.0,0.0,0.0,0.0
1964.0,0.0,0.0,0.0,0.0,0.0,0.0
1965.0,0.00018064062169287354,0.0,0.0,0.0,0.003472222222222222,0.023148148148148147
1966.0,0.00021754148474428803,0.0,0.0,0.0,0.006944444444444444,0.046296296296296294
1967.0,5.106234723939451e-08,0.0,0.0,0.0,0.0,4.255195603282876e-06
1968.0,0.0,0.0,0.0,0.0,0.0,0.0
1969.0,0.0,0.0,0.0,0.0,0.0,0.0
1970.0,0.0,0.0,0.0,0.0,0.0,0.0
1971.0,0.0,0.0,0.0,0.0,0.0,0.0
1972.0,0.0,0.0,0.0,0.0,0.0,0.0
1973.0,0.0,0.0,0.0,0.0,0.0,0.0
1974.0,0.0,0.0,0.0,0.0,0.0,0.0
1975.0,0.0,0.0,0.0,0.0,0.0,0.0
1976.0,0.0,0.0,0.0,0.0,0.0,0.0
1977.0,0.0,0.0,0.0,0.0,0.0,0.0
1978.0,0.0,0.0,0.0,0.0,0.0,0.0
1979.0,0.0,0.0,0.0,0.0,0.0,0.0
1980.0,0.0,0.0,0.0,0.0,0.0,0.0
1981.0,0.0,0.0,0.0,0.0,0.0,0.0
1982.0,0.0,0.0,0.0,0.0,0.0,0.0
1983.0,0.0,0.0,0.0,0.0,0.0,0.0
1984.0,0.0,0.0,0.0,0.0,0.0,0.0
1985.0,0.0,0.0,0.0,0.0,0.0,0.0
1986.0,0.0,0.0,0.0,0.0,0.0,0.0
1987.0,0.0,0.0,0.0,0.0,0.0,0.0
1988.0,0.0,0.0,0.0,0.0,0.0,0.0
1989.0,0.0,0.0,0.0,0.0,0.0,0.0
1990.0,0.0,0.0,0.0,0.0,0.0,0.0
1991.0,0.0,0.0,0.0,0.0,0.0,0.0
1992.0,0.0,0.0,0.0,0.0,0.0,0.0
1993.0,0.0,0.0,0.0,0.0,0.0,0.0
1994.0,0.0,0.0,0.0,0.0,0.0,0.0
1995.0,0.0,0.0,0.0,0.0,0.0,0.0
1996.0,0.0,0.0,0.0,0.0,0.0,0.0
1997.0,0.0,0.0,0.0,0.0,0.0,0.0
1998.0,0.0,0.0,0.0,0.0,0.0,0.0
1999.0,0.0,0.0,0.0,0.0,0.0,0.0
2000.0,0.0,0.0,0.0,0.0,0.0,0.0
2001.0,0.0,0.0,0.0,0.0,0.0,0.0
2002.0,0.0,0.0,0.0,0.0,0.0,0.0
2003.0,0.0,0.0,0.0,0.0,0.0,0.0
2004.0,0.0,0.0,0.0,0.0,0.0,0.0
2005.0,0.0,0.0,0.0,0.0,0.0,0.0
2006.0,0.0,0.0,0.0,0.0,0.0,0.0
2007.0,0.0,0.0,0.0,0.0,0.0,0.0
2008.0,0.0,0.0,0.0,0.0,0.0,0.0
2009.0,0.0,0.0,0.0,0.0,0.0,0.0
2010.0,0.0,0.0,0.0,0.0,0.0,0.0
2011.0,0.0,0.0,0.0,0.0,0.0,0.0
2012.0,0.0,0.0,0.0,0.0,0.0,0.0
2013.0,0.0,0.0,0.0,0.0,0.0,0.0
2014.0,0.0,0.0,0.0,0.0,0.0,0.0
2015.0,0.0,0.0,0.0,0.0,0.0,0.0
2016.0,0.0,0.0,0.0,0.0,0.0,0.0
2017.0,0.0,0.0,0.0,0.0,0.0,0.0
2018.0,0.0,0.0,0.0,0.0,0.0,0.0
2019.0,0.0,0.0,0.0,0.0,0.0,0.0
2020.0,0.0,0.0,0.0,0.0,0.0,0.0
2021.0,0.0,0.0,0.0,0.0,0.0,0.0
2022.0,0.0,0.0,0.0,0.0,0.0,0.0
2023.0,0.0,0.0,0.0,0.0,0.0,0.0
2024.0,0.0,0.0,0.0,0.0,0.0,0.0
2025.0,0.0,0.0,0.0,0.0,0.0,0.0
2026.0,0.0,0.0,0.0,0.0,0.0,0.0
2027.0,0.0,0.0,0.0,0.0,0.0,0.0
2028.0,0.0,0.0,0.0,0.0,0.0,0.0
2029.0,0.0,0.0,0.0,0.0,0.0,0.0
2030.0,0.0,0.0,0.0,0.0,0.0,0.0
2031.0,0.0,0.0,0.0,0.0,0.0,0.0
2032.0,0.0,0.0,0.0,0.0,0.0,0.0
2033.0,0.0,0.0,0.0,0.0,0.0,0.0
2034.0,0.0,0.0,0.0,0.0,0.0,0.0
2035.0,0.0,0.0,0.0,0.0,0.0,0.0
2036.0,0.0,0.0,0.0,0.0,0.0,0.0
2037.0,0.0,0.0,0.0,0.0,0.0,0.0
2038.0,0.0,0.0,0.0,0.0,0.0,0.0
2039.0,0.0,0.0,0.0,0.0,0.0,0.0
2040.0,0.0,0.0,0.0,0.0,0.0,0.0
2041.0,0.0,0.0,0.0,0.0,0.0,0.0
2042.0,0.0,0.0,0.0,0.0,0.0,0.0
2043.0,0.0,0.0,0.0,0.0,0.0,0.0
2044.0,0.0,0.0,0.0,0.0,0.0,0.0
2045.0,0.0,0.0,0.0,0.0,0.0,0.0
2046.0,0.0,0.0,0.0,0.0,0.0,0.0
2047.0,0.0,0.0,0.0,0.0,0.0,0.0
2048.0,0.0,0.0,0.0,0.0,0.0,0.0
2049.0,0.0,0.0,0.0,0.0,0.0,0.0
2050.0,0.0,0.0,0.0,0.0,0.0,0.0
2051.0,0.0,0.0,0.0,0.0,0.0,0.0
2052.0,0.0,0.0,0.0,0.0,0.0,0.0
2053.0,0.0,0.0,0.0,0.0,0.0,0.0
2054.0,0.0,0.0,0.0,0.0,0.0,0.0
2055.0,0.0,0.0,0.0,0.0,0.0,0.0
2056.0,0.0,0.0,0.0,0.0,0.0,0.0
2057.0,0.0,0.0,0.0,0.0,0.0,0.0
2058.0,0.0,0.0,0.0,0.0,0.0,0.0
2059.0,0.0,0.0,0.0,0.0,0.0,0.0
2060.0,0.0,0.0,0.0,0.0,0.0,0.0
2061.0,0.0,0.0,0.0,0.0,0.0,0.0
2062.0,0.0,0.0,0.0,0.0,0.0,0.0
2063.0,0.0,0.0,0.0,0.0,0.0,0.0
2064.0,0.0,0.0,0.0,0.0,0.0,0.0
2065.0,0.0,0.0,0.0,0.0,0.0,0.0
2066.0,0.0,0.0,0.0,0.0,0.0,0.0
2067.0,0.0,0.0,0.0,0.0,0.0,0.0
2068.0,0.0,0.0,0.0,0.0,0.0,0.0
2069.0,0.0,0.0,0.0,0.0,0.0,0.0
2070.0,0.0,0.0,0.0,0.0,0.0,0.0
2071.0,0.0,0.0,0.0,0.0,0.0,0.0
2072.0,0.0,0.0,0.0,0.0,0.0,0.0
2073.0,0.0,0.0,0.0,0.0,0.0,0.0
2074.0,0.0,0.0,0.0,0.0,0.0,0.0
2075.0,0.0,0.0,0.0,0.0,0.0,0.0
2076.0,0.0,0.0,0.0,0.0,0.0,0.0
2077.0,0.0,0.0,0.0,0.0,0.0,0.0
2078.0,0.0,0.0,0.0,0.0,0.0,0.0
2079.0,0.0,0.0,0.0,0.0,0.0,0.0
2080.0,0.0,0.0,0.0,0.0,0.0,0.0
2081.0,0.0,0.0,0.0,0.0,0.0,0.0
2082.0,0.0,0.0,0.0,0.0,0.0,0.0
2083.0,0.0,0.0,0.0,0.0,0.0,0.0
2084.0,0.0,0.0,0.0,0.0,0.0,0.0
2085.0,0.0,0.0,0.0,0.0,0.0,0.0
2086.0,0.0,0.0,0.0,0.0,0.0,0.0
2087.0,0.0,0.0,0.0,0.0,0.0,0.0
2088.0,0.0,0.0,0.0,0.0,0.0,0.0
2089.0,0.0,0.0,0.0,0.0,0.0,0.0
2090.0,0.0,0.0,0.0,0.0,0.0,0.0
2091.0,0.0,0.0,0.0,0.0,0.0,0.0
2092.0,0.0,0.0,0.0,0.0,0.0,0.0
2093.0,0.0,0.0,0.0,0.0,0.0,0.0
2094.0,0.0,0.0,0.0,0.0,0.0,0.0
2095.0,0.0,0.0,0.0,0.0,0.0,0.0
2096.0,0.0,0.0,0.0,0.0,0.0,0.0
2097.0,0.0,0.0,0.0,0.0,0.0,0.0
2098.0,0.0,0.0,0.0,0.0,0.0,0.0
2099.0,0.0,0.0,0.0,0.0,0.0,0.0
2100.0,0.0,0.0,0.0,0.0,0.0,0.0
2101.0,0.0,0.0,0.0,0.0,0.0,0.0
2102.0,0.0,0.0,0.0,0.0,0.0,0.0
2103.0,0.0,0.0,0.0,0.0,0.0,0.0
2104.0,0.0,0.0,0.0,0.0,0.0,0.0
2105.0,0.0,0.0,0.0,0.0,0.0,0.0
2106.0,0.0,0.0,0.0,0.0,0.0,0.0
2107.0,0.0,0.0,0.0,0.0,0.0,0.0
2108.0,0.0,0.0,0.0,0.0,0.0,0.0
2109.0,0.0,0.0,0.0,0.0,0.0,0.0
2110.0,9.967319056158885e-05,0.0,0.0,0.0,0.0,0.008306099213465737
2111.0,0.0005974263767711818,0.0,0.0,0.0,0.0,0.04978553139759848
2112.0,4.456017995835282e-05,0.0,0.0,0.0,0.0,0.0037133483298627348
2113.0,0.0,0.0,0.0,0.0,0.0,0.0
2114.0,0.0,0.0,0.0,0.0,0.0,0.0
2115.0,0.0,0.0,0.0,0.0,0.0,0.0
2116.0,0.0,0.0,0.0,0.0,0.0,0.0
2117.0,7.69334928918397e-06,0.0,0.0,0.0,0.0,0.0006411124407653309
2118.0,0.0,0.0,0.0,0.0,0.0,0.0
2119.0,0.0,0.0,0.0,0.0,0.0,0.0
2120.0,0.0,0.0,0.0,0.0,0.0,0.0
2121.0,0.0,0.0,0.0,0.0,0.0,0.0
2122.0,0.0,0.0,0.0,0.0,0.0,0.0
2123.0,0.0,0.0,0.0,0.0,0.0,0.0
2124.0,0.0,0.0,0.0,0.0,0.0,0.0
2125.0,1.6339868125214707e-06,0.0,0.0,0.0,0.0,0.00013616556771012256
2126.0,1.6339868125214707e-06,0.0,0.0,0.0,0.0,0.00013616556771012256
2127.0,0.0,0.0,0.0,0.0,0.0,0.0
2128.0,0.0,0.0,0.0,0.0,0.0,0.0
2129.0,0.0,0.0,0.0,0.0,0.0,0.0
2130.0,0.0,0.0,0.0,0.0,0.0,0.0
2131.0,0.0,0.0,0.0,0.0,0.0,0.0
2132.0,0.0,0.0,0.0,0.0,0.0,0.0
2133.0,0.0,0.0,0.0,0.0,0.0,0.0
2134.0,0.0,0.0,0.0,0.0,0.0,0.0
2135.0,0.0,0.0,0.0,0.0,0.0,0.0
2136.0,0.0,0.0,0.0,0.0,0.0,0.0
2137.0,0.0,0.0,0.0,0.0,0.0,0.0
2138.0,0.0,0.0,0.0,0.0,0.0,0.0
2139.0,0.0,0.0,0.0,0.0,0.0,0.0
2140.0,0.0,0.0,0.0,0.0,0.0,0.0
2141.0,0.0,0.0,0.0,0.0,0.0,0.0
2142.0,0.0,0.0,0.0,0.0,0.0,0.0
2143.0,0.0,0.0,0.0,0.0,0.0,0.0
2144.0,0.0,0.0,0.0,0.0,0.0,0.0
2145.0,0.0,0.0,0.0,0.0,0.0,0.0
2146.0,0.0,0.0,0.0,0.0,0.0,0.0
2147.0,0.0,0.0,0.0,0.0,0.0,0.0
2148.0,0.0,0.0,0.0,0.0,0.0,0.0
2149.0,0.0,0.0,0.0,0.0,0.0,0.0
2150.0,1.6339868125214707e-06,0.0,0.0,0.0,0.0,0.00013616556771012256
2151.0,1.6339868125214707e-06,0.0,0.0,0.0,0.0,0.00013616556771012256
2152.0,0.0,0.0,0.0,0.0,0.0,0.0
2153.0,0.0,0.0,0.0,0.0,0.0,0.0
2154.0,0.0,0.0,0.0,0.0,0.0,0.0
2155.0,0.0,0.0,0.0,0.0,0.0,0.0
2156.0,0.0,0.0,0.0,0.0,0.0,0.0
2157.0,0.0,0.0,0.0,0.0,0.0,0.0
2158.0,0.0,0.0,0.0,0.0,0.0,0.0
2159.0,0.0,0.0,0.0,0.0,0.0,0.0
2160.0,0.0,0.0,0.0,0.0,0.0,0.0
2161.0,0.0,0.0,0.0,0.0,0.0,0.0
2162.0,0.0,0.0,0.0,0.0,0.0,0.0
2163.0,0.0,0.0,0.0,0.0,0.0,0.0
2164.0,0.0,0.0,0.0,0.0,0.0,0.0
2165.0,0.0,0.0,0.0,0.0,0.0,0.0
2166.0,0.0,0.0,0.0,0.0,0.0,0.0
2167.0,0.0,0.0,0.0,0.0,0.0,0.0
2168.0,0.0,0.0,0.0,0.0,0.0,0.0
2169.0,0.0,0.0,0.0,0.0,0.0,0.0
2170.0,0.0,0.0,0.0,0.0,0.0,0.0
2171.0,0.0,0.0,0.0,0.0,0.0,0.0
2172.0,0.0,0.0,0.0,0.0,0.0,0.0
2173.0,0.0,0.0,0.0,0.0,0.0,0.0
2174.0,0.0,0.0,0.0,0.0,0.0,0.0
2175.0,1.6339868125214707e-06,0.0,0.0,0.0,0.0,0.00013616556771012256
2176.0,1.6339868125214707e-06,0.0,0.0,0.0,0.0,0.00013616556771012256
2177.0,0.0,0.0,0.0,0.0,0.0,0.0
2178.0,0.0,0.0,0.0,0.0,0.0,0.0
2179.0,0.0,0.0,0.0,0.0,0.0,0.0
2180.0,0.0,0.0,0.0,0.0,0.0,0.0
2181.0,0.0,0.0,0.0,0.0,0.0,0.0
2182.0,0.0,0.0,0.0,0.0,0.0,0.0
2183.0,0.0,0.0,0.0,0.0,0.0,0.0
2184.0,0.0,0.0,0.0,0.0,0.0,0.0
2185.0,0.0,0.0,0.0,0.0,0.0,0.0
2186.0,0.0,0.0,0.0,0.0,0.0,0.0
2187.0,0.0,0.0,0.0,0.0,0.0,0.0
2188.0,0.0,0.0,0.0,0.0,0.0,0.0
2189.0,0.0,0.0,0.0,0.0,0.0,0.0
2190.0,0.0,0.0,0.0,0.0,0.0,0.0
2191.0,0.0,0.0,0.0,0.0,0.0,0.0
2192.0,0.0,0.0,0.0,0.0,0.0,0.0
2193.0,0.0,0.0,0.0,0.0,0.0,0.0
2194.0,0.0,0.0,0.0,0.0,0.0,0.0
2195.0,0.0,0.0,0.0,0.0,0.0,0.0
2196.0,0.0,0.0,0.0,0.0,0.0,0.0
2197.0,0.0,0.0,0.0,0.0,0.0,0.0
2198.0,0.0,0.0,0.0,0.0,0.0,0.0
2199.0,0.0,0.0,0.0,0.0,0.0,0.0
2200.0,1.6339868125214707e-06,0.0,0.0,0.0,0.0,0.00013616556771012256
2201.0,1.6339868125214707e-06,0.0,0.0,0.0,0.0,0.00013616556771012256
2202.0,0.0,0.0,0.0,0.0,0.0,0.0
2203.0,0.0,0.0,0.0,0.0,0.0,0.0
2204.0,0.0,0.0,0.0,0.0,0.0,0.0
2205.0,0.0,0.0,0.0,0.0,0.0,0.0
2206.0,0.0,0.0,0.0,0.0,0.0,0.0
2207.0,0.0,0.0,0.0,0.0,0.0,0.0
2208.0,0.0,0.0,0.0,0.0,0.0,0.0
2209.0,0.0,0.0,0.0,0.0,0.0,0.0
2210.0,0.0,0.0,0.0,0.0,0.0,0.0
2211.0,0.0,0.0,0.0,0.0,0.0,0.0
2212.0,0.0,0.0,0.0,0.0,0.0,0.0
2213.0,0.0,0.0,0.0,0.0,0.0,0.0
2214.0,0.0,0.0,0.0,0.0,0.0,0.0
2215.0,0.0,0.0,0.0,0.0,0.0,0.0
2216.0,0.0,0.0,0.0,0.0,0.0,0.0
2217.0,0.0,0.0,0.0,0.0,0.0,0.0
2218.0,0.0,0.0,0.0,0.0,0.0,0.0
2219.0,0.0,0.0,0.0,0.0,0.0,0.0
2220.0,0.0,0.0,0.0,0.0,0.0,0.0
2221.0,0.0,0.0,0.0,0.0,0.0,0.0
2222.0,0.0,0.0,0.0,0.0,0.0,0.0
2223.0,0.0,0.0,0.0,0.0,0.0,0.0
2224.0,0.0,0.0,0.0,0.0,0.0,0.0
2225.0,1.6339868125214707e-06,0.0,0.0,0.0,0.0,0.00013616556771012256
2226.0,1.6339868125214707e-06,0.0,0.0,0.0,0.0,0.00013616556771012256
2227.0,0.0,0.0,0.0,0.0,0.0,0.0
2228.0,0.0,0.0,0.0,0.0,0.0,0.0
2229.0,0.0,0.0,0.0,0.0,0.0,0.0
2230.0,0.0,0.0,0.0,0.0,0.0,0.0
2231.0,0.0,0.0,0.0,0.0,0.0,0.0
2232.0,0.0,0.0,0.0,0.0,0.0,0.0
2233.0,0.0,0.0,0.0,0.0,0.0,0.0
2234.0,0.0,0.0,0.0,0.0,0.0,0.0
2235.0,0.0,0.0,0.0,0.0,0.0,0.0
2236.0,0.0,0.0,0.0,0.0,0.0,0.0
2237.0,0.0,0.0,0.0,0.0,0.0,0.0
2238.0,0.0,0.0,0.0,0.0,0.0,0.0
2239.0,0.0,0.0,0.0,0.0,0.0,0.0
2240.0,0.0,0.0,0.0,0.0,0.0,0.0
2241.0,0.0,0.0,0.0,0.0,0.0,0.0
2242.0,0.0,0.0,0.0,0.0,0.0,0.0
2243.0,0.0,0.0,0.0,0.0,0.0,0.0
2244.0,0.0,0.0,0.0,0.0,0.0,0.0
2245.0,0.026714880019426346,0.031179502606391907,0.0056004892103374004,0.0008244201308116317,0.4878472222222222,3.252314814814815
2246.0,0.0,0.0,0.0,0.0,0.0,0.0
2247.0,0.0,0.0,0.0,0.0,0.0,0.0
2248.0,0.0,0.0,0.0,0.0,0.0,0.0
2249.0,0.0,0.0,0.0,0.0,0.0,0.0
2250.0,0.00019495502056088299,0.001260598306544125,0.000585655216127634,0.0,0.005208333333333333,0.034722222222222224
2251.0,0.0003674087056424469,0.0023757005110383034,4.127965439693071e-05,0.0,0.010416666666666666,0.06944444444444445
2252.0,7.982704846654087e-05,0.0005161695298738778,0.0,0.0,0.003472222222222222,0.023148148148148147
2253.0,0.0001833299029385671,0.001185429049655795,4.224715303280391e-05,0.0,0.006944444444444444,0.046296296296296294
2254.0,0.00045154200051911175,0.0029197148978710175,0.0,0.0,0.006944444444444444,0.07299287244677544
2255.0,0.0003041257441509515,0.001966506941244006,0.0,0.0,0.003472222222222222,0.049162673531100154
2256.0,0.0004193898930680007,0.0027118162252008915,0.0,0.0,0.006944444444444444,0.06779540563002229
2257.0,0.00031602324452251196,0.002043437212705612,6.449928605434252e-06,0.0,0.006944444444444444,0.051085930317640305
2258.0,0.00026892696041613817,0.0017389081185683608,0.0,0.0,0.008680555555555556,0.05787037037037038
2259.0,0.0,0.0,0.0,0.0,0.0,0.0
2260.0,0.0,0.0,0.0,0.0,0.0,0.0
2261.0,0.0,0.0,0.0,0.0,0.0,0.0
2262.0,1.7156877220259048e-05,0.00011093804641859606,3.224974136628589e-07,0.0,0.0,0.0027734511604649015
2263.0,0.0,0.0,0.0,0.0,0.0,0.0
2264.0,9.427762415725738e-05,0.0006096083670854568,0.0,0.0,0.001736111111111111,0.015240209177136421
2265.0,0.000508969824295491,0.0032910488080233335,0.0,0.0,0.003472222222222222,0.08227622020058334
2266.0,0.0,0.0,0.0,0.0,0.0,0.0
2267.0,0.0,0.0,0.0,0.0,0.0,0.0
2268.0,0.0,0.0,0.0,0.0,0.0,0.0
2269.0,0.0,0.0,0.0,0.0,0.0,0.0
2270.0,5.395572770794388e-06,3.488830043352209e-05,0.0,0.0,0.0,0.0008722075108380523
2271.0,0.0,0.0,0.0,0.0,0.0,0.0
2272.0,0.0,0.0,0.0,0.0,0.0,0.0
2273.0,0.0,0.0,0.0,0.0,0.0,0.0
2274.0,0.00014411420852411538,0.0009318566299043596,0.0,0.0,0.003472222222222222,0.02329641574760899
2275.0,0.00019585710833780468,0.0012664312962442636,0.0,0.0,0.003472222222222222,0.03166078240610659
2276.0,0.00023674083058722317,0.001530789420939982,0.0,0.0,0.003472222222222222,0.03826973552349955
2277.0,0.00019934636657126248,0.001288993051275611,0.0,0.0,0.003472222222222222,0.03222482628189027
2278.0,0.0002620505983941257,0.0016944447997957468,0.0,0.0,0.003472222222222222,0.04236111999489367
2279.0,0.00020598442642949522,0.0012527842773124576,0.0,0.0,0.001736111111111111,0.03131960693281144
2280.0,0.0,0.0,0.0,0.0,0.0,0.0
2281.0,0.0,0.0,0.0,0.0,0.0,0.0
2282.0,0.0,0.0,0.0,0.0,0.0,0.0
2283.0,0.0,0.0,0.0,0.0,0.0,0.0
2284.0,0.0,0.0,0.0,0.0,0.0,0.0
2285.0,0.0,0.0,0.0,0.0,0.0,0.0
2286.0,0.0,0.0,0.0,0.0,0.0,0.0
2287.0,2.9956452181068016e-06,1.782932122296188e-05,0.0,0.0,0.0,0.000445733030574047
2288.0,0.0,0.0,0.0,0.0,0.0,0.0
2289.0,0.0,0.0,0.0,0.0,0.0,0.0
2290.0,0.0,0.0,0.0,0.0,0.0,0.0
2291.0,0.0,0.0,0.0,0.0,0.0,0.0
2292.0,0.0,0.0,0.0,0.0,0.0,0.0
2293.0,0.0,0.0,0.0,0.0,0.0,0.0
2294.0,0.0,0.0,0.0,0.0,0.0,0.0
2295.0,0.0,0.0,0.0,0.0,0.0,0.0
2296.0,0.0,0.0,0.0,0.0,0.0,0.0
2297.0,0.0,0.0,0.0,0.0,0.0,0.0
2298.0,0.0,0.0,0.0,0.0,0.0,0.0
2299.0,0.0,0.0,0.0,0.0,0.0,0.0
2300.0,1.3446347111312207e-06,8.694540156284347e-06,0.0,0.0,0.0,0.00021736350390710868
2301.0,0.0,0.0,0.0,0.0,0.0,0.0
2302.0,0.0,0.0,0.0,0.0,0.0,0.0
2303.0,1.3616478611311322e-07,8.804548770058318e-07,0.0,0.0,0.0,2.2011371925145795e-05
2304.0,0.0,0.0,0.0,0.0,0.0,0.0
2305.0,0.0,0.0,0.0,0.0,0.0,0.0
2306.0,0.0,0.0,0.0,0.0,0.0,0.0
2307.0,0.0,0.0,0.0,0.0,0.0,0.0
2308.0,0.0,0.0,0.0,0.0,0.0,0.0
2309.0,0.0,0.0,0.0,0.0,0.0,0.0
2310.0,0.0,0.0,0.0,0.0,0.0,0.0
2311.0,0.0,0.0,0.0,0.0,0.0,0.0
2312.0,0.0,0.0,0.0,0.0,0.0,0.0
2313.0,0.0,0.0,0.0,0.0,0.0,0.0
2314.0,0.0,0.0,0.0,0.0,0.0,0.0
2315.0,0.0,0.0,0.0,0.0,0.0,0.0
2316.0,0.0,0.0,0.0,0.0,0.0,0.0
2317.0,0.0,0.0,0.0,0.0,0.0,0.0
2318.0,0.0,0.0,0.0,0.0,0.0,0.0
2319.0,0.0,0.0,0.0,0.0,0.0,0.0
2320.0,0.0,0.0,0.0,0.0,0.0,0.0
2321.0,0.0,0.0,0.0,0.0,0.0,0.0
2322.0,0.0,0.0,0.0,0.0,0.0,0.0
2323.0,0.0,0.0,0.0,0.0,0.0,0.0
2324.0,0.0,0.0,0.0,0.0,0.0,0.0
2325.0,0.0,0.0,0.0,0.0,0.0,0.0
2326.0,0.0,0.0,0.0,0.0,0.0,0.0
2327.0,0.0,0.0,0.0,0.0,0.0,0.0
2328.0,0.0,0.0,0.0,0.0,0.0,0.0
2329.0,0.0,0.0,0.0,0.0,0.0,0.0
2330.0,0.0,0.0,0.0,0.0,0.0,0.0
2331.0,0.0,0.0,0.0,0.0,0.0,0.0
2332.0,0.0,0.0,0.0,0.0,0.0,0.0
2333.0,0.0,0.0,0.0,0.0,0.0,0.0
2334.0,0.0,0.0,0.0,0.0,0.0,0.0
2335.0,0.0,0.0,0.0,0.0,0.0,0.0
2336.0,0.0,0.0,0.0,0.0,0.0,0.0
2337.0,0.0,0.0,0.0,0.0,0.0,0.0
2338.0,5.547043838305399e-05,0.0,0.0,0.0,0.005208333333333333,0.034722222222222224
2339.0,0.0003987438103649765,0.0,0.0,0.0,0.005208333333333333,0.034722222222222224
2340.0,0.00013904203660786152,0.0,0.0,0.0,0.005208333333333333,0.034722222222222224
2341.0,0.0004137560317758471,0.0,0.0,0.0,0.005208333333333333,0.034722222222222224
2342.0,0.00033549490035511553,0.0,0.0,0.0,0.006944444444444444,0.046296296296296294
2343.0,0.0002916495723184198,0.0,0.0,0.0,0.006944444444444444,0.046296296296296294
2344.0,0.0003361416747793555,0.0,0.0,0.0,0.012152777777777778,0.08101851851851852
2345.0,0.0002318048500455916,0.0,0.0,0.0,0.006944444444444444,0.046296296296296294
2346.0,0.00034346056054346263,0.0,0.0,0.0,0.003472222222222222,0.028621713378621884
2347.0,0.00022288599575404078,0.0,0.0,0.0,0.003472222222222222,0.023148148148148147
2348.0,0.0,0.0,0.0,0.0,0.0,0.0
2349.0,0.0,0.0,0.0,0.0,0.0,0.0
2350.0,0.0,0.0,0.0,0.0,0.0,0.0
2351.0,0.0,0.0,0.0,0.0,0.0,0.0
2352.0,0.0,0.0,0.0,0.0,0.0,0.0
2353.0,6.042348559276434e-06,0.0,0.0,0.0,0.0,0.0005035290466063694
2354.0,0.0,0.0,0.0,0.0,0.0,0.0
2355.0,0.0,0.0,0.0,0.0,0.0,0.0
2356.0,0.0,0.0,0.0,0.0,0.0,0.0
2357.0,0.0,0.0,0.0,0.0,0.0,0.0
2358.0,0.0,0.0,0.0,0.0,0.0,0.0
2359.0,0.0,0.0,0.0,0.0,0.0,0.0
2360.0,0.0,0.0,0.0,0.0,0.0,0.0
2361.0,0.0,0.0,0.0,0.0,0.0,0.0
2362.0,0.0,0.0,0.0,0.0,0.0,0.0
2363.0,0.0,0.0,0.0,0.0,0.0,0.0
2364.0,0.0,0.0,0.0,0.0,0.0,0.0
2365.0,0.0,0.0,0.0,0.0,0.0,0.0
2366.0,0.0,0.0,0.0,0.0,0.0,0.0
2367.0,0.0,0.0,0.0,0.0,0.0,0.0
2368.0,0.0,0.0,0.0,0.0,0.0,0.0
2369.0,0.0,0.0,0.0,0.0,0.0,0.0
2370.0,0.0,0.0,0.0,0.0,0.0,0.0
2371.0,0.0,0.0,0.0,0.0,0.0,0.0
2372.0,0.0,0.0,0.0,0.0,0.0,0.0
2373.0,0.0,0.0,0.0,0.0,0.0,0.0
2374.0,0.0,0.0,0.0,0.0,0.0,0.0
2375.0,0.0,0.0,0.0,0.0,0.0,0.0
2376.0,0.0,0.0,0.0,0.0,0.0,0.0
2377.0,0.0,0.0,0.0,0.0,0.0,0.0
2378.0,0.0,0.0,0.0,0.0,0.0,0.0
2379.0,0.0,0.0,0.0,0.0,0.0,0.0
2380.0,0.0002374556934228167,0.0,0.0,0.0,0.003472222222222222,0.023148148148148147
2381.0,0.00014886299322824925,0.0,0.0,0.0,0.006944444444444444,0.046296296296296294
2382.0,0.00020625678007490933,0.0,0.0,0.0,0.003472222222222222,0.023148148148148147
2383.0,0.0003310184401925653,0.0,0.0,0.0,0.001736111111111111,0.02758487001604711
2384.0,0.00020819713245145977,0.0,0.0,0.0,0.003472222222222222,0.023148148148148147
2385.0,0.00018246183753944933,0.0,0.0,0.0,0.005208333333333333,0.034722222222222224
2386.0,3.169253977830522e-05,0.0,0.0,0.0,0.0,0.0026410449815254347
2387.0,8.944376168074086e-05,0.0,0.0,0.0,0.0,0.007453646806728405
2388.0,0.0,0.0,0.0,0.0,0.0,0.0
2389.0,0.0,0.0,0.0,0.0,0.0,0.0
2390.0,0.0,0.0,0.0,0.0,0.0,0.0
2391.0,0.0,0.0,0.0,0.0,0.0,0.0
2392.0,0.0,0.0,0.0,0.0,0.0,0.0
2393.0,7.686545723117888e-05,0.0,0.0,0.0,0.001736111111111111,0.011574074074074073
2394.0,0.0,0.0,0.0,0.0,0.0,0.0
2395.0,2.059499365714146e-06,0.0,0.0,0.0,0.0,0.00017162494714284549
2396.0,7.683141302550212e-05,0.0,0.0,0.0,0.001736111111111111,0.011574074074074073
2397.0,0.0,0.0,0.0,0.0,0.0,0.0
2398.0,0.0,0.0,0.0,0.0,0.0,0.0
2399.0,0.0,0.0,0.0,0.0,0.0,0.0
2400.0,5.787035206594737e-06,0.0,0.0,0.0,0.001736111111111111,0.011574074074074073
2401.0,0.00029907061252743006,0.0,0.0,0.0,0.003472222222222222,0.024922551043952506
2402.0,0.00016499862249474972,0.0,0.0,0.0,0.005208333333333333,0.034722222222222224
2403.0,0.00024021307763177902,0.0,0.0,0.0,0.005208333333333333,0.034722222222222224
2404.0,9.546906221657991e-05,0.0,0.0,0.0,0.003472222222222222,0.023148148148148147
2405.0,0.0001295104593737051,0.0,0.0,0.0,0.0,0.010792538281142091
2406.0,0.00013878673780709505,0.0,0.0,0.0,0.003472222222222222,0.023148148148148147
2407.0,0.0002701694902498275,0.0,0.0,0.0,0.008680555555555556,0.05787037037037038
2408.0,0.00017097286763601005,0.0,0.0,0.0,0.003472222222222222,0.023148148148148147
2409.0,0.0001900530478451401,0.0,0.0,0.0,0.005208333333333333,0.034722222222222224
2410.0,4.224535950925201e-05,0.0,0.0,0.0,0.001736111111111111,0.011574074074074073
2411.0,0.00021018854749854654,0.0,0.0,0.0,0.001736111111111111,0.017515712291545544
2412.0,0.00014011433813720942,0.0,0.0,0.0,0.001736111111111111,0.011676194844767451
2413.0,4.3402775190770626e-05,0.0,0.0,0.0,0.001736111111111111,0.011574074074074073
2414.0,0.0,0.0,0.0,0.0,0.0,0.0
2415.0,0.0001856276940088719,0.0,0.0,0.0,0.0,0.015468974500739325
2416.0,0.00022297108080238104,0.0,0.0,0.0,0.001736111111111111,0.01858092340019842
2417.0,0.00019590818556025624,0.0,0.0,0.0,0.005208333333333333,0.034722222222222224
2418.0,0.000252382829785347,0.0,0.0,0.0,0.008680555555555556,0.05787037037037038
2419.0,0.00016847082588355988,0.0,0.0,0.0,0.003472222222222222,0.023148148148148147
2420.0,0.00028994749300181866,0.0,0.0,0.0,0.006944444444444444,0.046296296296296294
2421.0,9.288193541578948e-05,0.0,0.0,0.0,0.0,0.0077401612846491235
2422.0,0.0,0.0,0.0,0.0,0.0,0.0
2423.0,0.0,0.0,0.0,0.0,0.0,0.0
2424.0,0.0,0.0,0.0,0.0,0.0,0.0
2425.0,0.0,0.0,0.0,0.0,0.0,0.0
2426.0,0.0,0.0,0.0,0.0,0.0,0.0
2427.0,0.0,0.0,0.0,0.0,0.0,0.0
2428.0,3.2679834021109855e-06,0.0,0.0,0.0,0.0,0.00027233195017591544
2429.0,4.7657974278081383e-07,0.0,0.0,0.0,0.0,3.971497856506782e-05
2430.0,0.0,0.0,0.0,0.0,0.0,0.0
2431.0,0.0,0.0,0.0,0.0,0.0,0.0
2432.0,0.0,0.0,0.0,0.0,0.0,0.0
2433.0,0.0,0.0,0.0,0.0,0.0,0.0
2434.0,0.0,0.0,0.0,0.0,0.0,0.0
2435.0,0.0,0.0,0.0,0.0,0.0,0.0
2436.0,0.0,0.0,0.0,0.0,0.0,0.0
2437.0,1.702069596376532e-08,0.0,0.0,0.0,0.0,1.4183913303137767e-06
2438.0,0.0,0.0,0.0,0.0,0.0,0.0
2439.0,0.0,0.0,0.0,0.0,0.0,0.0
2440.0,0.0,0.0,0.0,0.0,0.0,0.0
2441.0,0.0,0.0,0.0,0.0,0.0,0.0
2442.0,0.0,0.0,0.0,0.0,0.0,0.0
2443.0,0.0,0.0,0.0,0.0,0.0,0.0
2444.0,0.0,0.0,0.0,0.0,0.0,0.0
2445.0,0.0,0.0,0.0,0.0,0.0,0.0
2446.0,0.0,0.0,0.0,0.0,0.0,0.0
2447.0,0.0,0.0,0.0,0.0,0.0,0.0
2448.0,0.0,0.0,0.0,0.0,0.0,0.0
2449.0,0.0,0.0,0.0,0.0,0.0,0.0
2450.0,0.0,0.0,0.0,0.0,0.0,0.0
2451.0,0.0,0.0,0.0,0.0,0.0,0.0
2452.0,0.0,0.0,0.0,0.0,0.0,0.0
2453.0,4.7657974278081383e-07,0.0,0.0,0.0,0.0,3.971497856506782e-05
2454.0,4.7657974278081383e-07,0.0,0.0,0.0,0.0,3.971497856506782e-05
2455.0,0.0,0.0,0.0,0.0,0.0,0.0
2456.0,0.0,0.0,0.0,0.0,0.0,0.0
2457.0,0.0,0.0,0.0,0.0,0.0,0.0
2458.0,0.0,0.0,0.0,0.0,0.0,0.0
2459.0,0.0,0.0,0.0,0.0,0.0,0.0
2460.0,0.0,0.0,0.0,0.0,0.0,0.0
2461.0,0.0,0.0,0.0,0.0,0.0,0.0
2462.0,0.0,0.0,0.0,0.0,0.0,0.0
2463.0,0.0,0.0,0.0,0.0,0.0,0.0
2464.0,0.0,0.0,0.0,0.0,0.0,0.0
2465.0,0.0,0.0,0.0,0.0,0.0,0.0
2466.0,0.0,0.0,0.0,0.0,0.0,0.0
2467.0,0.0,0.0,0.0,0.0,0.0,0.0
2468.0,0.0,0.0,0.0,0.0,0.0,0.0
2469.0,0.0,0.0,0.0,0.0,0.0,0.0
2470.0,0.0,0.0,0.0,0.0,0.0,0.0
2471.0,0.0,0.0,0.0,0.0,0.0,0.0
2472.0,0.0,0.0,0.0,0.0,0.0,0.0
2473.0,0.0,0.0,0.0,0.0,0.0,0.0
2474.0,0.0,0.0,0.0,0.0,0.0,0.0
2475.0,0.0,0.0,0.0,0.0,0.0,0.0
2476.0,0.0,0.0,0.0,0.0,0.0,0.0
2477.0,0.0,0.0,0.0,0.0,0.0,0.0
2478.0,4.7657974278081383e-07,0.0,0.0,0.0,0.0,3.971497856506782e-05
2479.0,4.7657974278081383e-07,0.0,0.0,0.0,0.0,3.971497856506782e-05
2480.0,0.0,0.0,0.0,0.0,0.0,0.0
2481.0,0.0,0.0,0.0,0.0,0.0,0.0
2482.0,0.0,0.0,0.0,0.0,0.0,0.0
2483.0,0.0,0.0,0.0,0.0,0.0,0.0
2484.0,0.0,0.0,0.0,0.0,0.0,0.0
2485.0,0.0,0.0,0.0,0.0,0.0,0.0
2486.0,0.0,0.0,0.0,0.0,0.0,0.0
2487.0,0.0,0.0,0.0,0.0,0.0,0.0
2488.0,0.0,0.0,0.0,0.0,0.0,0.0
2489.0,0.0,0.0,0.0,0.0,0.0,0.0
2490.0,0.0,0.0,0.0,0.0,0.0,0.0
2491.0,0.0,0.0,0.0,0.0,0.0,0.0
2492.0,0.0,0.0,0.0,0.0,0.0,0.0
2493.0,0.0,0.0,0.0,0.0,0.0,0.0
2494.0,0.0,0.0,0.0,0.0,0.0,0.0
2495.0,0.0,0.0,0.0,0.0,0.0,0.0
2496.0,0.0,0.0,0.0,0.0,0.0,0.0
2497.0,0.0,0.0,0.0,0.0,0.0,0.0
2498.0,0.0,0.0,0.0,0.0,0.0,0.0
2499.0,0.0,0.0,0.0,0.0,0.0,0.0
2500.0,0.0,0.0,0.0,0.0,0.0,0.0
2501.0,0.0,0.0,0.0,0.0,0.0,0.0
2502.0,0.0,0.0,0.0,0.0,0.0,0.0
2503.0,4.7657974278081383e-07,0.0,0.0,0.0,0.0,3.971497856506782e-05
2504.0,4.7657974278081383e-07,0.0,0.0,0.0,0.0,3.971497856506782e-05
2505.0,0.0,0.0,0.0,0.0,0.0,0.0
2506.0,0.0,0.0,0.0,0.0,0.0,0.0
2507.0,0.0,0.0,0.0,0.0,0.0,0.0
2508.0,0.0,0.0,0.0,0.0,0.0,0.0
2509.0,0.0,0.0,0.0,0.0,0.0,0.0
2510.0,0.0,0.0,0.0,0.0,0.0,0.0
2511.0,0.0,0.0,0.0,0.0,0.0,0.0
2512.0,0.0,0.0,0.0,0.0,0.0,0.0
2513.0,0.0,0.0,0.0,0.0,0.0,0.0
2514.0,0.0,0.0,0.0,0.0,0.0,0.0
2515.0,0.0,0.0,0.0,0.0,0.0,0.0
2516.0,0.0001679261476965621,0.0,0.0,0.0,0.005208333333333333,0.034722222222222224
2517.0,0.0003037172427866608,0.0,0.0,0.0,0.005208333333333333,0.034722222222222224
2518.0,0.000305776804452762,0.0,0.0,0.0,0.001736111111111111,0.0254814003710635
2519.0,0.00016135616169776767,0.0,0.0,0.0,0.008680555555555556,0.05787037037037038
2520.0,0.00033321414957754314,0.0,0.0,0.0,0.010416666666666666,0.06944444444444445
2521.0,0.0003453839453868568,0.0,0.0,0.0,0.005208333333333333,0.034722222222222224
2522.0,0.0004405296058394015,0.0,0.0,0.0,0.003472222222222222,0.03671080048661679
2523.0,1.0212391998720705e-07,0.0,0.0,0.0,0.0,8.510326665600587e-06
2524.0,0.0,0.0,0.0,0.0,0.0,0.0
2525.0,0.0,0.0,0.0,0.0,0.0,0.0
2526.0,0.0,0.0,0.0,0.0,0.0,0.0
2527.0,0.0,0.0,0.0,0.0,0.0,0.0
2528.0,9.63372895057546e-06,0.0,0.0,0.0,0.0,0.0008028107458812883
2529.0,4.7657974278081383e-07,0.0,0.0,0.0,0.0,3.971497856506782e-05
2530.0,0.0,0.0,0.0,0.0,0.0,0.0
2531.0,0.0,0.0,0.0,0.0,0.0,0.0
2532.0,0.0,0.0,0.0,0.0,0.0,0.0
2533.0,0.0,0.0,0.0,0.0,0.0,0.0
2534.0,0.0,0.0,0.0,0.0,0.0,0.0
2535.0,0.0,0.0,0.0,0.0,0.0,0.0
2536.0,0.0,0.0,0.0,0.0,0.0,0.0
2537.0,0.0,0.0,0.0,0.0,0.0,0.0
2538.0,0.0,0.0,0.0,0.0,0.0,0.0
2539.0,0.0,0.0,0.0,0.0,0.0,0.0
2540.0,0.00022012862609699368,0.0,0.0,0.0,0.005208333333333333,0.034722222222222224
2541.0,0.0,0.0,0.0,0.0,0.0,0.0
2542.0,0.0,0.0,0.0,0.0,0.0,0.0
2543.0,0.0,0.0,0.0,0.0,0.0,0.0
2544.0,0.0,0.0,0.0,0.0,0.0,0.0
2545.0,2.161633119612816e-06,0.0,0.0,0.0,0.0,0.00018013609330106797
2546.0,0.0,0.0,0.0,0.0,0.0,0.0
2547.0,0.0,0.0,0.0,0.0,0.0,0.0
2548.0,0.00024622134515084326,0.0,0.0,0.0,0.005208333333333333,0.034722222222222224
2549.0,0.0003673576284199953,0.0,0.0,0.0,0.005208333333333333,0.034722222222222224
2550.0,0.00011555349919945002,0.0,0.0,0.0,0.0,0.009629458266620835
2551.0,0.000364651350537315,0.0,0.0,0.0,0.008680555555555556,0.05787037037037038
2552.0,8.510322402344173e-08,0.0,0.0,0.0,0.0,7.09193533528681e-06
2553.0,1.1131556675536558e-05,0.0,0.0,0.0,0.001736111111111111,0.011574074074074073
2554.0,6.127442588876875e-07,0.0,0.0,0.0,0.0,5.106202157397396e-05
2555.0,0.0,0.0,0.0,0.0,0.0,0.0
2556.0,0.0,0.0,0.0,0.0,0.0,0.0
2557.0,0.0,0.0,0.0,0.0,0.0,0.0
2558.0,0.0,0.0,0.0,0.0,0.0,0.0
2559.0,0.0,0.0,0.0,0.0,0.0,0.0
2560.0,0.0,0.0,0.0,0.0,0.0,0.0
2561.0,0.0,0.0,0.0,0.0,0.0,0.0
2562.0,0.0,0.0,0.0,0.0,0.0,0.0
2563.0,0.0,0.0,0.0,0.0,0.0,0.0
2564.0,0.0,0.0,0.0,0.0,0.0,0.0
2565.0,0.0,0.0,0.0,0.0,0.0,0.0
2566.0,0.0,0.0,0.0,0.0,0.0,0.0
2567.0,0.0,0.0,0.0,0.0,0.0,0.0
2568.0,0.0,0.0,0.0,0.0,0.0,0.0
2569.0,0.0,0.0,0.0,0.0,0.0,0.0
2570.0,0.0,0.0,0.0,0.0,0.0,0.0
2571.0,0.0,0.0,0.0,0.0,0.0,0.0
2572.0,0.0,0.0,0.0,0.0,0.0,0.0
2573.0,0.0,0.0,0.0,0.0,0.0,0.0
2574.0,0.0001227362226927653,0.0,0.0,0.0,0.003472222222222222,0.023148148148148147
2575.0,0.00019861447799485177,0.0,0.0,0.0,0.001736111111111111,0.01655120649957098
2576.0,0.0001383952476317063,0.0,0.0,0.0,0.003472222222222222,0.023148148148148147
2577.0,0.00014419933722820133,0.0,0.0,0.0,0.001736111111111111,0.012016611435683444
2578.0,0.0002185286721214652,0.0,0.0,0.0,0.008680555555555556,0.05787037037037038
2579.0,0.0002166564081562683,0.0,0.0,0.0,0.003472222222222222,0.023148148148148147
2580.0,5.718953616451472e-05,0.0,0.0,0.0,0.0,0.004765794680376227
2581.0,0.0,0.0,0.0,0.0,0.0,0.0
2582.0,0.0,0.0,0.0,0.0,0.0,0.0
2583.0,0.0,0.0,0.0,0.0,0.0,0.0
2584.0,0.0,0.0,0.0,0.0,0.0,0.0
2585.0,0.0,0.0,0.0,0.0,0.0,0.0
2586.0,0.0,0.0,0.0,0.0,0.0,0.0
2587.0,3.063729536734172e-06,0.0,0.0,0.0,0.0,0.0002553107947278477
2588.0,0.0,0.0,0.0,0.0,0.0,0.0
2589.0,0.0,0.0,0.0,0.0,0.0,0.0
2590.0,0.0,0.0,0.0,0.0,0.0,0.0
2591.0,0.0,0.0,0.0,0.0,0.0,0.0
2592.0,0.0,0.0,0.0,0.0,0.0,0.0
2593.0,0.0,0.0,0.0,0.0,0.0,0.0
2594.0,0.0,0.0,0.0,0.0,0.0,0.0
2595.0,0.0001076388725778088,0.0,0.0,0.0,0.003472222222222222,0.023148148148148147
2596.0,0.00018203632498625666,0.0,0.0,0.0,0.003472222222222222,0.023148148148148147
2597.0,0.00014801193901803344,0.0,0.0,0.0,0.003472222222222222,0.023148148148148147
2598.0,0.0,0.0,0.0,0.0,0.0,0.0
2599.0,0.0,0.0,0.0,0.0,0.0,0.0
2600.0,0.0,0.0,0.0,0.0,0.0,0.0
2601.0,0.0,0.0,0.0,0.0,0.0,0.0
2602.0,0.0,0.0,0.0,0.0,0.0,0.0
2603.0,4.646650268114172e-06,0.0,0.0,0.0,0.0,0.000387220855676181
2604.0,4.7657974278081383e-07,0.0,0.0,0.0,0.0,3.971497856506782e-05
2605.0,9.073731052922085e-05,0.0,0.0,0.0,0.005208333333333333,0.034722222222222224
2606.0,0.00040141603676602244,0.0,0.0,0.0,0.006944444444444444,0.046296296296296294
2607.0,0.00020126972231082618,0.0,0.0,0.0,0.001736111111111111,0.016772476859235514
2608.0,0.00018281926168128848,0.0,0.0,0.0,0.003472222222222222,0.023148148148148147
2609.0,0.0003995267325080931,0.0,0.0,0.0,0.013888888888888888,0.09259259259259259
2610.0,0.0002498808316886425,0.0,0.0,0.0,0.003472222222222222,0.023148148148148147
2611.0,0.00025449341046623886,0.0,0.0,0.0,0.006944444444444444,0.046296296296296294
2612.0,0.0003178104234393686,0.0,0.0,0.0,0.006944444444444444,0.046296296296296294
2613.0,0.0001528458233224228,0.0,0.0,0.0,0.003472222222222222,0.023148148148148147
2614.0,0.00018057254783343524,0.0,0.0,0.0,0.005208333333333333,0.034722222222222224
2615.0,9.245640831068158e-05,0.0,0.0,0.0,0.003472222222222222,0.023148148148148147
2616.0,0.000304261950077489,0.0,0.0,0.0,0.006944444444444444,0.046296296296296294
2617.0,0.00033901818096637726,0.0,0.0,0.0,0.008680555555555556,0.05787037037037038
2618.0,0.0003165508678648621,0.0,0.0,0.0,0.006944444444444444,0.046296296296296294
2619.0,8.321417408296838e-05,0.0,0.0,0.0,0.0,0.006934514506914032
2620.0,1.7854732504929416e-05,0.0,0.0,0.0,0.0,0.0014878943754107847
2621.0,0.0,0.0,0.0,0.0,0.0,0.0
2622.0,0.0,0.0,0.0,0.0,0.0,0.0
2623.0,0.0,0.0,0.0,0.0,0.0,0.0
2624.0,0.0,0.0,0.0,0.0,0.0,0.0
2625.0,0.0,0.0,0.0,0.0,0.0,0.0
2626.0,0.0,0.0,0.0,0.0,0.0,0.0
2627.0,0.0,0.0,0.0,0.0,0.0,0.0
2628.0,9.872011332845432e-07,0.0,0.0,0.0,0.0,8.226676110704527e-05
2629.0,9.872011332845432e-07,0.0,0.0,0.0,0.0,8.226676110704527e-05
2630.0,0.0,0.0,0.0,0.0,0.0,0.0
2631.0,0.0,0.0,0.0,0.0,0.0,0.0
2632.0,0.0,0.0,0.0,0.0,0.0,0.0
2633.0,0.0,0.0,0.0,0.0,0.0,0.0
2634.0,0.0,0.0,0.0,0.0,0.0,0.0
2635.0,0.00020664824114646763,0.0,0.0,0.0,0.005208333333333333,0.034722222222222224
2636.0,0.0003312396875116974,0.0,0.0,0.0,0.006944444444444444,0.046296296296296294
2637.0,0.0002479064278304577,0.0,0.0,0.0,0.005208333333333333,0.034722222222222224
2638.0,0.00020921838586218655,0.0,0.0,0.0,0.003472222222222222,0.023148148148148147
2639.0,0.0002229029923910275,0.0,0.0,0.0,0.003472222222222222,0.023148148148148147
2640.0,0.0001285913458559662,0.0,0.0,0.0,0.003472222222222222,0.023148148148148147
2641.0,0.00048699608305469155,0.0,0.0,0.0,0.010416666666666666,0.06944444444444445
2642.0,0.0001774067059159279,0.0,0.0,0.0,0.005208333333333333,0.034722222222222224
2643.0,0.00039310991996899247,0.0,0.0,0.0,0.005208333333333333,0.034722222222222224
2644.0,0.00012896581029053777,0.0,0.0,0.0,0.001736111111111111,0.011574074074074073
2645.0,1.998233528865967e-05,0.0,0.0,0.0,0.0,0.0016651946073883057
2646.0,0.0,0.0,0.0,0.0,0.0,0.0
2647.0,0.0,0.0,0.0,0.0,0.0,0.0
2648.0,0.0,0.0,0.0,0.0,0.0,0.0
2649.0,0.0,0.0,0.0,0.0,0.0,0.0
2650.0,0.0,0.0,0.0,0.0,0.0,0.0
2651.0,0.0,0.0,0.0,0.0,0.0,0.0
2652.0,0.0,0.0,0.0,0.0,0.0,0.0
2653.0,1.0212424967903644e-06,0.0,0.0,0.0,0.0,8.510354139919703e-05
2654.0,1.0212424967903644e-06,0.0,0.0,0.0,0.0,8.510354139919703e-05
2655.0,0.0,0.0,0.0,0.0,0.0,0.0
2656.0,0.0,0.0,0.0,0.0,0.0,0.0
2657.0,0.0,0.0,0.0,0.0,0.0,0.0
2658.0,0.0,0.0,0.0,0.0,0.0,0.0
2659.0,0.0,0.0,0.0,0.0,0.0,0.0
2660.0,0.0,0.0,0.0,0.0,0.0,0.0
2661.0,3.899440707755275e-05,0.0,0.0,0.0,0.003472222222222222,0.023148148148148147
2662.0,0.0002125714236171916,0.0,0.0,0.0,0.003472222222222222,0.023148148148148147
2663.0,0.00017915981879923493,0.0,0.0,0.0,0.0,0.014929984899936244
2664.0,0.00025245093274861574,0.0,0.0,0.0,0.005208333333333333,0.034722222222222224
2665.0,0.00022884322970639914,0.0,0.0,0.0,0.001736111111111111,0.01907026914219993
2666.0,9.552013216307387e-05,0.0,0.0,0.0,0.003472222222222222,0.023148148148148147
2667.0,5.072166459285654e-06,0.0,0.0,0.0,0.0,0.00042268053827380453
2668.0,0.0,0.0,0.0,0.0,0.0,0.0
2669.0,0.0,0.0,0.0,0.0,0.0,0.0
2670.0,8.561413778807037e-06,0.0,0.0,0.0,0.0,0.0007134511482339198
2671.0,0.0,0.0,0.0,0.0,0.0,0.0
2672.0,0.0,0.0,0.0,0.0,0.0,0.0
2673.0,0.0,0.0,0.0,0.0,0.0,0.0
2674.0,0.0,0.0,0.0,0.0,0.0,0.0
2675.0,0.0,0.0,0.0,0.0,0.0,0.0
2676.0,0.0,0.0,0.0,0.0,0.0,0.0
2677.0,0.0,0.0,0.0,0.0,0.0,0.0
2678.0,1.0212424967903644e-06,0.0,0.0,0.0,0.0,8.510354139919703e-05
2679.0,1.0212424967903644e-06,0.0,0.0,0.0,0.0,8.510354139919703e-05
2680.0,0.0,0.0,0.0,0.0,0.0,0.0
2681.0,0.0,0.0,0.0,0.0,0.0,0.0
2682.0,0.0,0.0,0.0,0.0,0.0,0.0
2683.0,0.0,0.0,0.0,0.0,0.0,0.0
2684.0,0.0,0.0,0.0,0.0,0.0,0.0
2685.0,0.0,0.0,0.0,0.0,0.0,0.0
2686.0,0.0,0.0,0.0,0.0,0.0,0.0
2687.0,0.0,0.0,0.0,0.0,0.0,0.0
2688.0,0.0,0.0,0.0,0.0,0.0,0.0
2689.0,0.0,0.0,0.0,0.0,0.0,0.0
2690.0,0.0,0.0,0.0,0.0,0.0,0.0
2691.0,0.0,0.0,0.0,0.0,0.0,0.0
2692.0,0.0,0.0,0.0,0.0,0.0,0.0
2693.0,0.0,0.0,0.0,0.0,0.0,0.0
2694.0,0.0,0.0,0.0,0.0,0.0,0.0
2695.0,0.0,0.0,0.0,0.0,0.0,0.0
2696.0,0.0,0.0,0.0,0.0,0.0,0.0
2697.0,0.0,0.0,0.0,0.0,0.0,0.0
2698.0,0.0,0.0,0.0,0.0,0.0,0.0
2699.0,0.0,0.0,0.0,0.0,0.0,0.0
2700.0,0.0,0.0,0.0,0.0,0.0,0.0
2701.0,0.0,0.0,0.0,0.0,0.0,0.0
2702.0,0.0,0.0,0.0,0.0,0.0,0.0
2703.0,1.0212424967903644e-06,0.0,0.0,0.0,0.0,8.510354139919703e-05
2704.0,1.0212424967903644e-06,0.0,0.0,0.0,0.0,8.510354139919703e-05
2705.0,0.0,0.0,0.0,0.0,0.0,0.0
2706.0,0.0,0.0,0.0,0.0,0.0,0.0
2707.0,0.0,0.0,0.0,0.0,0.0,0.0
2708.0,0.0,0.0,0.0,0.0,0.0,0.0
2709.0,0.0,0.0,0.0,0.0,0.0,0.0
2710.0,0.0,0.0,0.0,0.0,0.0,0.0
2711.0,0.0,0.0,0.0,0.0,0.0,0.0
2712.0,0.0,0.0,0.0,0.0,0.0,0.0
2713.0,0.0,0.0,0.0,0.0,0.0,0.0
2714.0,0.0,0.0,0.0,0.0,0.0,0.0
2715.0,0.0,0.0,0.0,0.0,0.0,0.0
2716.0,0.0,0.0,0.0,0.0,0.0,0.0
2717.0,0.0,0.0,0.0,0.0,0.0,0.0
2718.0,0.0,0.0,0.0,0.0,0.0,0.0
2719.0,0.0,0.0,0.0,0.0,0.0,0.0
2720.0,0.0,0.0,0.0,0.0,0.0,0.0
2721.0,0.0,0.0,0.0,0.0,0.0,0.0
2722.0,0.0,0.0,0.0,0.0,0.0,0.0
2723.0,0.0,0.0,0.0,0.0,0.0,0.0
2724.0,0.0,0.0,0.0,0.0,0.0,0.0
2725.0,0.0,0.0,0.0,0.0,0.0,0.0
2726.0,0.0,0.0,0.0,0.0,0.0,0.0
2727.0,0.0,0.0,0.0,0.0,0.0,0.0
2728.0,1.0212424967903644e-06,0.0,0.0,0.0,0.0,8.510354139919703e-05
2729.0,1.0212424967903644e-06,0.0,0.0,0.0,0.0,8.510354139919703e-05
2730.0,0.0,0.0,0.0,0.0,0.0,0.0
2731.0,0.0,0.0,0.0,0.0,0.0,0.0
2732.0,0.0,0.0,0.0,0.0,0.0,0.0
2733.0,0.0,0.0,0.0,0.0,0.0,0.0
2734.0,0.0,0.0,0.0,0.0,0.0,0.0
2735.0,0.0,0.0,0.0,0.0,0.0,0.0
2736.0,0.0,0.0,0.0,0.0,0.0,0.0
2737.0,0.0,0.0,0.0,0.0,0.0,0.0
2738.0,0.0,0.0,0.0,0.0,0.0,0.0
2739.0,0.0,0.0,0.0,0.0,0.0,0.0
2740.0,0.0,0.0,0.0,0.0,0.0,0.0
2741.0,0.0,0.0,0.0,0.0,0.0,0.0
2742.0,0.0,0.0,0.0,0.0,0.0,0.0
2743.0,0.0,0.0,0.0,0.0,0.0,0.0
2744.0,0.0,0.0,0.0,0.0,0.0,0.0
2745.0,0.0,0.0,0.0,0.0,0.0,0.0
2746.0,0.0,0.0,0.0,0.0,0.0,0.0
2747.0,0.0,0.0,0.0,0.0,0.0,0.0
2748.0,0.0,0.0,0.0,0.0,0.0,0.0
2749.0,0.0,0.0,0.0,0.0,0.0,0.0
2750.0,0.0,0.0,0.0,0.0,0.0,0.0
2751.0,0.0,0.0,0.0,0.0,0.0,0.0
2752.0,0.0,0.0,0.0,0.0,0.0,0.0
2753.0,1.0212424967903644e-06,0.0,0.0,0.0,0.0,8.510354139919703e-05
2754.0,1.0212424967903644e-06,0.0,0.0,0.0,0.0,8.510354139919703e-05
2755.0,0.0,0.0,0.0,0.0,0.0,0.0
2756.0,0.0,0.0,0.0,0.0,0.0,0.0
2757.0,0.0,0.0,0.0,0.0,0.0,0.0
2758.0,0.0,0.0,0.0,0.0,0.0,0.0
2759.0,0.0,0.0,0.0,0.0,0.0,0.0
2760.0,0.0,0.0,0.0,0.0,0.0,0.0
2761.0,2.3590680939378217e-05,0.0,0.0,0.0,0.0,0.001965890078281518
2762.0,3.4041352137137437e-07,0.0,0.0,0.0,0.0,2.836779344761453e-05
2763.0,0.0,0.0,0.0,0.0,0.0,0.0
2764.0,0.0,0.0,0.0,0.0,0.0,0.0
2765.0,0.0,0.0,0.0,0.0,0.0,0.0
2766.0,0.0,0.0,0.0,0.0,0.0,0.0
2767.0,0.0,0.0,0.0,0.0,0.0,0.0
2768.0,0.0,0.0,0.0,0.0,0.0,0.0
2769.0,0.0,0.0,0.0,0.0,0.0,0.0
2770.0,0.0,0.0,0.0,0.0,0.0,0.0
2771.0,0.0,0.0,0.0,0.0,0.0,0.0
2772.0,0.0,0.0,0.0,0.0,0.0,0.0
2773.0,0.0,0.0,0.0,0.0,0.0,0.0
2774.0,0.0,0.0,0.0,0.0,0.0,0.0
2775.0,0.0,0.0,0.0,0.0,0.0,0.0
2776.0,0.0,0.0,0.0,0.0,0.0,0.0
2777.0,0.0,0.0,0.0,0.0,0.0,0.0
2778.0,1.0212424967903644e-06,0.0,0.0,0.0,0.0,8.510354139919703e-05
2779.0,1.0212424967903644e-06,0.0,0.0,0.0,0.0,8.510354139919703e-05
2780.0,0.0,0.0,0.0,0.0,0.0,0.0
2781.0,0.0,0.0,0.0,0.0,0.0,0.0
2782.0,0.0,0.0,0.0,0.0,0.0,0.0
2783.0,0.0,0.0,0.0,0.0,0.0,0.0
2784.0,0.0,0.0,0.0,0.0,0.0,0.0
2785.0,0.0,0.0,0.0,0.0,0.0,0.0
2786.0,0.0,0.0,0.0,0.0,0.0,0.0
2787.0,0.0,0.0,0.0,0.0,0.0,0.0
2788.0,0.0,0.0,0.0,0.0,0.0,0.0
2789.0,0.0,0.0,0.0,0.0,0.0,0.0
2790.0,0.0,0.0,0.0,0.0,0.0,0.0
2791.0,0.0,0.0,0.0,0.0,0.0,0.0
2792.0,0.0,0.0,0.0,0.0,0.0,0.0
2793.0,0.0,0.0,0.0,0.0,0.0,0.0
2794.0,0.0,0.0,0.0,0.0,0.0,0.0
2795.0,0.0,0.0,0.0,0.0,0.0,0.0
2796.0,0.0,0.0,0.0,0.0,0.0,0.0
2797.0,0.0,0.0,0.0,0.0,0.0,0.0
2798.0,0.0,0.0,0.0,0.0,0.0,0.0
2799.0,0.0,0.0,0.0,0.0,0.0,0.0
2800.0,0.0,0.0,0.0,0.0,0.0,0.0
2801.0,0.0,0.0,0.0,0.0,0.0,0.0
2802.0,0.0,0.0,0.0,0.0,0.0,0.0
2803.0,1.0212424967903644e-06,0.0,0.0,0.0,0.0,8.510354139919703e-05
2804.0,1.0212424967903644e-06,0.0,0.0,0.0,0.0,8.510354139919703e-05
2805.0,0.0,0.0,0.0,0.0,0.0,0.0
2806.0,0.0,0.0,0.0,0.0,0.0,0.0
2807.0,0.0,0.0,0.0,0.0,0.0,0.0
2808.0,0.0,0.0,0.0,0.0,0.0,0.0
2809.0,0.0,0.0,0.0,0.0,0.0,0.0
2810.0,0.0,0.0,0.0,0.0,0.0,0.0
2811.0,0.0,0.0,0.0,0.0,0.0,0.0
2812.0,0.0,0.0,0.0,0.0,0.0,0.0
2813.0,0.0,0.0,0.0,0.0,0.0,0.0
2814.0,0.0,0.0,0.0,0.0,0.0,0.0
2815.0,0.0,0.0,0.0,0.0,0.0,0.0
2816.0,0.0,0.0,0.0,0.0,0.0,0.0
2817.0,0.0,0.0,0.0,0.0,0.0,0.0
2818.0,0.0,0.0,0.0,0.0,0.0,0.0
2819.0,0.0,0.0,0.0,0.0,0.0,0.0
2820.0,0.0,0.0,0.0,0.0,0.0,0.0
2821.0,0.0,0.0,0.0,0.0,0.0,0.0
2822.0,0.0,0.0,0.0,0.0,0.0,0.0
2823.0,0.0,0.0,0.0,0.0,0.0,0.0
2824.0,0.0,0.0,0.0,0.0,0.0,0.0
2825.0,0.0,0.0,0.0,0.0,0.0,0.0
2826.0,0.0,0.0,0.0,0.0,0.0,0.0
2827.0,0.0,0.0,0.0,0.0,0.0,0.0
2828.0,1.0212424967903644e-06,0.0,0.0,0.0,0.0,8.510354139919703e-05
2829.0,1.0212424967903644e-06,0.0,0.0,0.0,0.0,8.510354139919703e-05
2830.0,0.0,0.0,0.0,0.0,0.0,0.0
2831.0,0.0,0.0,0.0,0.0,0.0,0.0
2832.0,0.0,0.0,0.0,0.0,0.0,0.0
2833.0,0.0,0.0,0.0,0.0,0.0,0.0
2834.0,0.0,0.0,0.0,0.0,0.0,0.0
2835.0,0.0,0.0,0.0,0.0,0.0,0.0
2836.0,0.0,0.0,0.0,0.0,0.0,0.0
2837.0,0.0,0.0,0.0,0.0,0.0,0.0
2838.0,0.0,0.0,0.0,0.0,0.0,0.0
2839.0,0.0,0.0,0.0,0.0,0.0,0.0
2840.0,0.0,0.0,0.0,0.0,0.0,0.0
2841.0,0.0,0.0,0.0,0.0,0.0,0.0
2842.0,0.0,0.0,0.0,0.0,0.0,0.0
2843.0,0.0,0.0,0.0,0.0,0.0,0.0
2844.0,0.0,0.0,0.0,0.0,0.0,0.0
2845.0,0.0,0.0,0.0,0.0,0.0,0.0
2846.0,0.0,0.0,0.0,0.0,0.0,0.0
2847.0,0.0,0.0,0.0,0.0,0.0,0.0
2848.0,0.0,0.0,0.0,0.0,0.0,0.0
2849.0,0.0,0.0,0.0,0.0,0.0,0.0
2850.0,0.0,0.0,0.0,0.0,0.0,0.0
2851.0,0.0,0.0,0.0,0.0,0.0,0.0
2852.0,0.0,0.0,0.0,0.0,0.0,0.0
2853.0,1.0212424967903644e-06,0.0,0.0,0.0,0.0,8.510354139919703e-05
2854.0,1.0212424967903644e-06,0.0,0.0,0.0,0.0,8.510354139919703e-05
2855.0,0.0,0.0,0.0,0.0,0.0,0.0
2856.0,0.0,0.0,0.0,0.0,0.0,0.0
2857.0,0.0,0.0,0.0,0.0,0.0,0.0
2858.0,0.0,0.0,0.0,0.0,0.0,0.0
2859.0,0.0,0.0,0.0,0.0,0.0,0.0
2860.0,0.0,0.0,0.0,0.0,0.0,0.0
2861.0,0.0,0.0,0.0,0.0,0.0,0.0
2862.0,0.0,0.0,0.0,0.0,0.0,0.0
2863.0,0.0,0.0,0.0,0.0,0.0,0.0
2864.0,0.0,0.0,0.0,0.0,0.0,0.0
2865.0,0.0,0.0,0.0,0.0,0.0,0.0
2866.0,0.0,0.0,0.0,0.0,0.0,0.0
2867.0,0.0,0.0,0.0,0.0,0.0,0.0
2868.0,0.0,0.0,0.0,0.0,0.0,0.0
2869.0,0.0,0.0,0.0,0.0,0.0,0.0
2870.0,0.0,0.0,0.0,0.0,0.0,0.0
2871.0,0.0,0.0,0.0,0.0,0.0,0.0
2872.0,0.0,0.0,0.0,0.0,0.0,0.0
2873.0,0.0,0.0,0.0,0.0,0.0,0.0
2874.0,0.0,0.0,0.0,0.0,0.0,0.0
2875.0,0.0,0.0,0.0,0.0,0.0,0.0
2876.0,0.0,0.0,0.0,0.0,0.0,0.0
2877.0,0.0,0.0,0.0,0.0,0.0,0.0
2878.0,1.0212424967903644e-06,0.0,0.0,0.0,0.0,8.510354139919703e-05
2879.0,1.0212424967903644e-06,0.0,0.0,0.0,0.0,8.510354139919703e-05
2880.0,0.0,0.0,0.0,0.0,0.0,0.0
2881.0,0.0,0.0,0.0,0.0,0.0,0.0
2882.0,0.0,0.0,0.0,0.0,0.0,0.0
2883.0,0.0,0.0,0.0,0.0,0.0,0.0
2884.0,0.0,0.0,0.0,0.0,0.0,0.0
2885.0,0.0,0.0,0.0,0.0,0.0,0.0
2886.0,0.0,0.0,0.0,0.0,0.0,0.0
2887.0,0.0,0.0,0.0,0.0,0.0,0.0
2888.0,0.0,0.0,0.0,0.0,0.0,0.0
2889.0,0.0,0.0,0.0,0.0,0.0,0.0
2890.0,0.0,0.0,0.0,0.0,0.0,0.0
2891.0,0.0,0.0,0.0,0.0,0.0,0.0
2892.0,0.0,0.0,0.0,0.0,0.0,0.0
2893.0,0.0,0.0,0.0,0.0,0.0,0.0
2894.0,0.0,0.0,0.0,0.0,0.0,0.0
2895.0,0.0,0.0,0.0,0.0,0.0,0.0
2896.0,0.0,0.0,0.0,0.0,0.0,0.0
2897.0,0.0,0.0,0.0,0.0,0.0,0.0
2898.0,0.0,0.0,0.0,0.0,0.0,0.0
2899.0,0.0,0.0,0.0,0.0,0.0,0.0
2900.0,0.0,0.0,0.0,0.0,0.0,0.0
2901.0,0.0,0.0,0.0,0.0,0.0,0.0
2902.0,0.0,0.0,0.0,0.0,0.0,0.0
2903.0,1.0212424967903644e-06,0.0,0.0,0.0,0.0,8.510354139919703e-05
2904.0,1.0212424967903644e-06,0.0,0.0,0.0,0.0,8.510354139919703e-05
2905.0,0.0,0.0,0.0,0.0,0.0,0.0
2906.0,0.0,0.0,0.0,0.0,0.0,0.0
2907.0,0.0,0.0,0.0,0.0,0.0,0.0
2908.0,0.0,0.0,0.0,0.0,0.0,0.0
2909.0,0.0,0.0,0.0,0.0,0.0,0.0
2910.0,0.0,0.0,0.0,0.0,0.0,0.0
2911.0,0.0,0.0,0.0,0.0,0.0,0.0
2912.0,0.0,0.0,0.0,0.0,0.0,0.0
2913.0,0.0,0.0,0.0,0.0,0.0,0.0
2914.0,0.0,0.0,0.0,0.0,0.0,0.0
2915.0,0.0,0.0,0.0,0.0,0.0,0.0
2916.0,0.0,0.0,0.0,0.0,0.0,0.0
2917.0,0.0,0.0,0.0,0.0,0.0,0.0
2918.0,0.0,0.0,0.0,0.0,0.0,0.0
2919.0,0.0,0.0,0.0,0.0,0.0,0.0
2920.0,0.0,0.0,0.0,0.0,0.0,0.0
2921.0,0.0,0.0,0.0,0.0,0.0,0.0
2922.0,0.0,0.0,0.0,0.0,0.0,0.0
2923.0,0.0,0.0,0.0,0.0,0.0,0.0
2924.0,0.0,0.0,0.0,0.0,0.0,0.0
2925.0,0.0,0.0,0.0,0.0,0.0,0.0
2926.0,0.0,0.0,0.0,0.0,0.0,0.0
2927.0,0.0,0.0,0.0,0.0,0.0,0.0
2928.0,1.0212424967903644e-06,0.0,0.0,0.0,0.0,8.510354139919703e-05
2929.0,1.0212424967903644e-06,0.0,0.0,0.0,0.0,8.510354139919703e-05
2930.0,0.0,0.0,0.0,0.0,0.0,0.0
2931.0,0.0,0.0,0.0,0.0,0.0,0.0
2932.0,0.0,0.0,0.0,0.0,0.0,0.0
2933.0,0.0,0.0,0.0,0.0,0.0,0.0
2934.0,0.0,0.0,0.0,0.0,0.0,0.0
2935.0,0.0,0.0,0.0,0.0,0.0,0.0
2936.0,0.0,0.0,0.0,0.0,0.0,0.0
2937.0,0.0,0.0,0.0,0.0,0.0,0.0
2938.0,0.0,0.0,0.0,0.0,0.0,0.0
2939.0,0.0,0.0,0.0,0.0,0.0,0.0
2940.0,0.0,0.0,0.0,0.0,0.0,0.0
2941.0,0.0,0.0,0.0,0.0,0.0,0.0
2942.0,0.0,0.0,0.0,0.0,0.0,0.0
2943.0,0.0,0.0,0.0,0.0,0.0,0.0
2944.0,0.0,0.0,0.0,0.0,0.0,0.0
2945.0,0.0,0.0,0.0,0.0,0.0,0.0
2946.0,0.0,0.0,0.0,0.0,0.0,0.0
2947.0,0.0,0.0,0.0,0.0,0.0,0.0
2948.0,0.0,0.0,0.0,0.0,0.0,0.0
2949.0,0.0,0.0,0.0,0.0,0.0,0.0
2950.0,0.0,0.0,0.0,0.0,0.0,0.0
2951.0,0.0,0.0,0.0,0.0,0.0,0.0
2952.0,0.0,0.0,0.0,0.0,0.0,0.0
2953.0,1.0212424967903644e-06,0.0,0.0,0.0,0.0,8.510354139919703e-05
2954.0,1.0212424967903644e-06,0.0,0.0,0.0,0.0,8.510354139919703e-05
2955.0,0.0,0.0,0.0,0.0,0.0,0.0
2956.0,0.0,0.0,0.0,0.0,0.0,0.0
2957.0,0.0,0.0,0.0,0.0,0.0,0.0
2958.0,0.0,0.0,0.0,0.0,0.0,0.0
2959.0,0.0,0.0,0.0,0.0,0.0,0.0
2960.0,0.0,0.0,0.0,0.0,0.0,0.0
2961.0,0.0,0.0,0.0,0.0,0.0,0.0
2962.0,0.0,0.0,0.0,0.0,0.0,0.0
2963.0,0.0,0.0,0.0,0.0,0.0,0.0
2964.0,0.0,0.0,0.0,0.0,0.0,0.0
2965.0,0.0,0.0,0.0,0.0,0.0,0.0
2966.0,0.0,0.0,0.0,0.0,0.0,0.0
2967.0,0.0,0.0,0.0,0.0,0.0,0.0
2968.0,0.0,0.0,0.0,0.0,0.0,0.0
2969.0,0.0,0.0,0.0,0.0,0.0,0.0
2970.0,0.0,0.0,0.0,0.0,0.0,0.0
2971.0,0.0,0.0,0.0,0.0,0.0,0.0
2972.0,0.0,0.0,0.0,0.0,0.0,0.0
2973.0,0.0,0.0,0.0,0.0,0.0,0.0
2974.0,0.0,0.0,0.0,0.0,0.0,0.0
2975.0,0.0,0.0,0.0,0.0,0.0,0.0
2976.0,0.0,0.0,0.0,0.0,0.0,0.0
2977.0,0.0,0.0,0.0,0.0,0.0,0.0
2978.0,1.0212424967903644e-06,0.0,0.0,0.0,0.0,8.510354139919703e-05
2979.0,1.0212424967903644e-06,0.0,0.0,0.0,0.0,8.510354139919703e-05
2980.0,0.0,0.0,0.0,0.0,0.0,0.0
2981.0,0.0,0.0,0.0,0.0,0.0,0.0
2982.0,0.0,0.0,0.0,0.0,0.0,0.0
2983.0,0.0,0.0,0.0,0.0,0.0,0.0
2984.0,0.0,0.0,0.0,0.0,0.0,0.0
2985.0,0.0,0.0,0.0,0.0,0.0,0.0
2986.0,0.024100350216031075,0.028490908443927765,0.0006707945140078664,0.0,0.4878472222222222,3.252314814814815
2987.0,0.0,0.0,0.0,0.0,0.0,0.0
2988.0,0.0,0.0,0.0,0.0,0.0,0.0
2989.0,0.0,0.0,0.0,0.0,0.0,0.0
2990.0,0.0,0.0,0.0,0.0,0.0,0.0
2991.0,0.0,0.0,0.0,0.0,0.0,0.0
2992.0,0.0,0.0,0.0,0.0,0.0,0.0
2993.0,0.0,0.0,0.0,0.0,0.0,0.0
2994.0,0.0,0.0,0.0,0.0,0.0,0.0
2995.0,0.0,0.0,0.0,0.0,0.0,0.0
2996.0,0.0,0.0,0.0,0.0,0.0,0.0
2997.0,0.00018230864952784032,0.0009769800817593932,0.001483810250647366,0.0,0.005208333333333333,0.034722222222222224
2998.0,0.00032352935522794724,0.0019409736851230264,0.0017298758029937744,0.0,0.006944444444444444,0.04852434212807566
2999.0,0.0002548848860897124,0.0015092181274667382,0.0014738128520548344,0.0,0.003472222222222222,0.037730453186668456
3000.0,0.00023200908617582172,0.0012399074621498585,0.001277734525501728,0.0,0.003472222222222222,0.030997686553746462
3001.0,0.0003171635908074677,0.0019245751900598407,0.0012000127462670207,0.0,0.006944444444444444,0.04811437975149602
3002.0,4.650055052479729e-05,0.00029319318127818406,6.417697295546532e-05,0.0,0.005208333333333333,0.034722222222222224
3003.0,0.0,0.0,0.0,0.0,0.0,0.0
3004.0,0.00031154678435996175,0.0020144919399172068,0.00019253097707405686,0.0,0.010416666666666666,0.06944444444444445
3005.0,0.00025045950314961374,0.0016194956842809916,0.0,0.0,0.005208333333333333,0.04048739210702479
3006.0,0.0002724502410273999,0.0017616900149732828,0.0,0.0,0.005208333333333333,0.04404225037433207
3007.0,0.0,0.0,0.0,0.0,0.0,0.0
3008.0,0.0,0.0,0.0,0.0,0.0,0.0
3009.0,0.0,0.0,0.0,0.0,0.0,0.0
3010.0,0.0,0.0,0.0,0.0,0.0,0.0
3011.0,9.548642992740497e-06,6.174245936563239e-05,5.80501682634349e-06,0.0,0.0,0.0015435614841408096
3012.0,0.0,0.0,0.0,0.0,0.0,0.0
3013.0,0.0,0.0,0.0,0.0,0.0,0.0
3014.0,0.0,0.0,0.0,0.0,0.0,0.0
3015.0,0.0,0.0,0.0,0.0,0.0,0.0
3016.0,0.0,0.0,0.0,0.0,0.0,0.0
3017.0,0.0,0.0,0.0,0.0,0.0,0.0
3018.0,0.0,0.0,0.0,0.0,0.0,0.0
3019.0,0.0,0.0,0.0,0.0,0.0,0.0
3020.0,0.0,0.0,0.0,0.0,0.0,0.0
3021.0,0.0,0.0,0.0,0.0,0.0,0.0
3022.0,0.0,0.0,0.0,0.0,0.0,0.0
3023.0,0.0,0.0,0.0,0.0,0.0,0.0
3024.0,0.0,0.0,0.0,0.0,0.0,0.0
3025.0,0.0,0.0,0.0,0.0,0.0,0.0
3026.0,0.0,0.0,0.0,0.0,0.0,0.0
3027.0,0.0,0.0,0.0,0.0,0.0,0.0
3028.0,0.0,0.0,0.0,0.0,0.0,0.0
3029.0,0.0,0.0,0.0,0.0,0.0,0.0
3030.0,0.0,0.0,0.0,0.0,0.0,0.0
3031.0,0.0,0.0,0.0,0.0,0.0,0.0
3032.0,0.0,0.0,0.0,0.0,0.0,0.0
3033.0,0.0,0.0,0.0,0.0,0.0,0.0
3034.0,0.0,0.0,0.0,0.0,0.0,0.0
3035.0,0.0,0.0,0.0,0.0,0.0,0.0
3036.0,0.0,0.0,0.0,0.0,0.0,0.0
3037.0,0.0,0.0,0.0,0.0,0.0,0.0
3038.0,0.0,0.0,0.0,0.0,0.0,0.0
3039.0,0.0,0.0,0.0,0.0,0.0,0.0
3040.0,0.0,0.0,0.0,0.0,0.0,0.0
3041.0,0.0,0.0,0.0,0.0,0.0,0.0
3042.0,0.0,0.0,0.0,0.0,0.0,0.0
3043.0,0.0,0.0,0.0,0.0,0.0,0.0
3044.0,0.0,0.0,0.0,0.0,0.0,0.0
3045.0,0.0,0.0,0.0,0.0,0.0,0.0
3046.0,0.0,0.0,0.0,0.0,0.0,0.0
3047.0,0.0,0.0,0.0,0.0,0.0,0.0
3048.0,0.0,0.0,0.0,0.0,0.0,0.0
3049.0,0.0,0.0,0.0,0.0,0.0,0.0
3050.0,0.0,0.0,0.0,0.0,0.0,0.0
3051.0,0.0,0.0,0.0,0.0,0.0,0.0
3052.0,0.0,0.0,0.0,0.0,0.0,0.0
3053.0,0.0,0.0,0.0,0.0,0.0,0.0
3054.0,0.0,0.0,0.0,0.0,0.0,0.0
3055.0,0.0,0.0,0.0,0.0,0.0,0.0
3056.0,0.0,0.0,0.0,0.0,0.0,0.0
3057.0,0.0,0.0,0.0,0.0,0.0,0.0
3058.0,0.0,0.0,0.0,0.0,0.0,0.0
3059.0,0.0,0.0,0.0,0.0,0.0,0.0
3060.0,0.0,0.0,0.0,0.0,0.0,0.0
3061.0,0.0,0.0,0.0,0.0,0.0,0.0
3062.0,0.0,0.0,0.0,0.0,0.0,0.0
3063.0,0.0,0.0,0.0,0.0,0.0,0.0
3064.0,0.0,0.0,0.0,0.0,0.0,0.0
3065.0,0.0,0.0,0.0,0.0,0.0,0.0
3066.0,0.0,0.0,0.0,0.0,0.0,0.0
3067.0,0.0,0.0,0.0,0.0,0.0,0.0
3068.0,0.0,0.0,0.0,0.0,0.0,0.0
3069.0,0.0,0.0,0.0,0.0,0.0,0.0
3070.0,0.0,0.0,0.0,0.0,0.0,0.0
3071.0,0.0,0.0,0.0,0.0,0.0,0.0
3072.0,0.0,0.0,0.0,0.0,0.0,0.0
3073.0,0.0,0.0,0.0,0.0,0.0,0.0
3074.0,0.0,0.0,0.0,0.0,0.0,0.0
3075.0,0.0,0.0,0.0,0.0,0.0,0.0
3076.0,0.0,0.0,0.0,0.0,0.0,0.0
3077.0,0.0,0.0,0.0,0.0,0.0,0.0
3078.0,0.0,0.0,0.0,0.0,0.0,0.0
3079.0,0.0,0.0,0.0,0.0,0.0,0.0
3080.0,0.0,0.0,0.0,0.0,0.0,0.0
3081.0,9.924766345648095e-05,0.0006417451077140868,0.0,0.0,0.003472222222222222,0.023148148148148147
3082.0,0.00010569851292530075,0.0006834568921476603,0.0,0.0,0.0,0.017086422303691506
3083.0,0.0,0.0,0.0,0.0,0.0,0.0
3084.0,0.0,0.0,0.0,0.0,0.0,0.0
3085.0,0.0,0.0,0.0,0.0,0.0,0.0
3086.0,2.195673232563422e-06,1.419743784936145e-05,0.0,0.0,0.0,0.00035493594623403624
3087.0,0.0,0.0,0.0,0.0,0.0,0.0
3088.0,0.0,0.0,0.0,0.0,0.0,0.0
3089.0,0.0,0.0,0.0,0.0,0.0,0.0
3090.0,0.0,0.0,0.0,0.0,0.0,0.0
3091.0,0.0,0.0,0.0,0.0,0.0,0.0
3092.0,0.0,0.0,0.0,0.0,0.0,0.0
3093.0,0.0,0.0,0.0,0.0,0.0,0.0
3094.0,0.0,0.0,0.0,0.0,0.0,0.0
3095.0,0.0,0.0,0.0,0.0,0.0,0.0
3096.0,0.0,0.0,0.0,0.0,0.0,0.0
3097.0,0.0,0.0,0.0,0.0,0.0,0.0
3098.0,0.0,0.0,0.0,0.0,0.0,0.0
3099.0,0.0,0.0,0.0,0.0,0.0,0.0
3100.0,0.0,0.0,0.0,0.0,0.0,0.0
3101.0,0.0,0.0,0.0,0.0,0.0,0.0
3102.0,0.0,0.0,0.0,0.0,0.0,0.0
3103.0,0.0,0.0,0.0,0.0,0.0,0.0
3104.0,0.0,0.0,0.0,0.0,0.0,0.0
3105.0,0.0,0.0,0.0,0.0,0.0,0.0
3106.0,0.0,0.0,0.0,0.0,0.0,0.0
3107.0,0.0,0.0,0.0,0.0,0.0,0.0
3108.0,0.0,0.0,0.0,0.0,0.0,0.0
3109.0,0.0,0.0,0.0,0.0,0.0,0.0
3110.0,0.00019383165636099875,0.0012533344561234117,0.0,0.0,0.001736111111111111,0.03133336140308529
3111.0,1.1335780982335564e-05,7.329827349167317e-05,0.0,0.0,0.001736111111111111,0.011574074074074073
3112.0,0.0,0.0,0.0,0.0,0.0,0.0
3113.0,0.0,0.0,0.0,0.0,0.0,0.0
3114.0,0.0,0.0,0.0,0.0,0.0,0.0
3115.0,0.0,0.0,0.0,0.0,0.0,0.0
3116.0,0.0,0.0,0.0,0.0,0.0,0.0
3117.0,0.0,0.0,0.0,0.0,0.0,0.0
3118.0,0.0,0.0,0.0,0.0,0.0,0.0
3119.0,0.0,0.0,0.0,0.0,0.0,0.0
3120.0,0.0,0.0,0.0,0.0,0.0,0.0
3121.0,0.0,0.0,0.0,0.0,0.0,0.0
3122.0,0.0,0.0,0.0,0.0,0.0,0.0
3123.0,0.0,0.0,0.0,0.0,0.0,0.0
3124.0,0.0,0.0,0.0,0.0,0.0,0.0
3125.0,0.0,0.0,0.0,0.0,0.0,0.0
3126.0,0.0,0.0,0.0,0.0,0.0,0.0
3127.0,0.0,0.0,0.0,0.0,0.0,0.0
3128.0,0.0,0.0,0.0,0.0,0.0,0.0
3129.0,0.0,0.0,0.0,0.0,0.0,0.0
3130.0,0.0,0.0,0.0,0.0,0.0,0.0
3131.0,0.0,0.0,0.0,0.0,0.0,0.0
3132.0,0.0,0.0,0.0,0.0,0.0,0.0
3133.0,0.0,0.0,0.0,0.0,0.0,0.0
3134.0,0.0,0.0,0.0,0.0,0.0,0.0
3135.0,0.0,0.0,0.0,0.0,0.0,0.0
3136.0,0.00017398552154190838,0.00022297643590718508,0.0,0.0,0.005208333333333333,0.034722222222222224
3137.0,0.00034980932832695544,5.502849376171071e-07,0.0,0.0,0.006944444444444444,0.046296296296296294
3138.0,0.00027498634881339967,0.00044848417746834457,0.0,0.0,0.006944444444444444,0.046296296296296294
3139.0,0.00019248704484198242,0.0,0.0,0.0,0.006944444444444444,0.046296296296296294
3140.0,0.0003510518290568143,0.0,0.0,0.0,0.006944444444444444,0.046296296296296294
3141.0,0.0002957175311166793,0.0,0.0,0.0,0.006944444444444444,0.046296296296296294
3142.0,0.0003210443537682295,0.0,0.0,0.0,0.005208333333333333,0.034722222222222224
3143.0,0.00010626021685311571,0.0,0.0,0.0,0.0,0.008855018071092976
3144.0,0.00027536082779988647,6.053161996533163e-06,0.0,0.0,0.005208333333333333,0.034722222222222224
3145.0,2.6262932806275785e-05,0.0,0.0,0.0,0.001736111111111111,0.011574074074074073
3146.0,0.0,0.0,0.0,0.0,0.0,0.0
3147.0,0.00012670204159803689,0.0,0.0,0.0,0.008680555555555556,0.05787037037037038
3148.0,0.00019698048708960414,0.0,0.0,0.0,0.001736111111111111,0.016415040590800345
3149.0,2.3675780539633706e-05,0.0,0.0,0.0,0.003472222222222222,0.023148148148148147
3150.0,9.906041668727994e-06,0.0,0.0,0.0,0.0,0.0008255034723939995
3151.0,0.0,0.0,0.0,0.0,0.0,0.0
3152.0,5.4296033340506256e-06,0.0,0.0,0.0,0.0,0.00045246694450421876
3153.0,0.00035660056164488196,0.0,0.0,0.0,0.008680555555555556,0.05787037037037038
3154.0,0.00015156928566284478,0.0,0.0,0.0,0.0,0.012630773805237064
3155.0,0.00029508775332942605,0.0,0.0,0.0,0.001736111111111111,0.024590646110785503
3156.0,0.0003963949275203049,0.0,0.0,0.0,0.010416666666666666,0.06944444444444445
3157.0,0.00012962961045559496,0.0,0.0,0.0,0.001736111111111111,0.011574074074074073
3158.0,0.00022526888642460108,0.0,0.0,0.0,0.005208333333333333,0.034722222222222224
3159.0,0.00018721060769166797,0.0,0.0,0.0,0.003472222222222222,0.023148148148148147
3160.0,1.668027471168898e-05,0.0,0.0,0.0,0.0,0.0013900228926407483
3161.0,0.00021362675761338323,0.0,0.0,0.0,0.005208333333333333,0.034722222222222224
3162.0,0.0,0.0,0.0,0.0,0.0,0.0
3163.0,0.0,0.0,0.0,0.0,0.0,0.0
3164.0,0.0,0.0,0.0,0.0,0.0,0.0
3165.0,0.0,0.0,0.0,0.0,0.0,0.0
3166.0,0.0,0.0,0.0,0.0,0.0,0.0
3167.0,0.0,0.0,0.0,0.0,0.0,0.0
3168.0,0.0,0.0,0.0,0.0,0.0,0.0
3169.0,2.076533291983651e-06,0.0,0.0,0.0,0.0,0.00017304444099863758
3170.0,0.0,0.0,0.0,0.0,0.0,0.0
3171.0,0.0,0.0,0.0,0.0,0.0,0.0
3172.0,0.00010774099064292386,0.0,0.0,0.0,0.003472222222222222,0.023148148148148147
3173.0,0.00020249519729986787,0.0,0.0,0.0,0.001736111111111111,0.01687459977498899
3174.0,7.906112296041101e-05,0.0,0.0,0.0,0.001736111111111111,0.011574074074074073
3175.0,0.0,0.0,0.0,0.0,0.0,0.0
3176.0,0.0,0.0,0.0,0.0,0.0,0.0
3177.0,1.0212391998720705e-07,0.0,0.0,0.0,0.0,8.510326665600587e-06
3178.0,0.0,0.0,0.0,0.0,0.0,0.0
3179.0,0.0,0.0,0.0,0.0,0.0,0.0
3180.0,7.914621164673008e-06,0.0,0.00014996124082244933,0.0,0.001736111111111111,0.011574074074074073
3181.0,0.0003330439212732017,0.0,0.006300953216850758,0.0,0.003472222222222222,0.027753660106100142
3182.0,7.252517389133573e-05,0.0,0.001042633899487555,0.0,0.001736111111111111,0.011574074074074073
3183.0,0.0,0.0,0.0,0.0,0.0,0.0
3184.0,0.0,0.0,0.0,0.0,0.0,0.0
3185.0,0.0,0.0,0.0,0.0,0.0,0.0
3186.0,3.5743457829084946e-06,0.0,6.062951069907285e-05,0.0,0.0,0.00029786214857570786
3187.0,0.0,0.0,0.0,0.0,0.0,0.0
3188.0,0.0,0.0,0.0,0.0,0.0,0.0
3189.0,0.0,0.0,0.0,0.0,0.0,0.0
3190.0,0.0,0.0,0.0,0.0,0.0,0.0
3191.0,0.0,0.0,0.0,0.0,0.0,0.0
3192.0,0.0,0.0,0.0,0.0,0.0,0.0
3193.0,0.0,0.0,0.0,0.0,0.0,0.0
3194.0,0.0,0.0,0.0,0.0,0.0,0.0
3195.0,0.0,0.0,0.0,0.0,0.0,0.0
3196.0,0.0,0.0,0.0,0.0,0.0,0.0
3197.0,0.0,0.0,0.0,0.0,0.0,0.0
3198.0,0.0,0.0,0.0,0.0,0.0,0.0
3199.0,0.0,0.0,0.0,0.0,0.0,0.0
3200.0,0.00019281040295027196,0.0,0.0,0.0,0.005208333333333333,0.034722222222222224
3201.0,0.0003279036609455943,0.0,0.0,0.0,0.008680555555555556,0.05787037037037038
3202.0,0.00012402980064507574,0.0,0.0,0.0,0.001736111111111111,0.011574074074074073
3203.0,0.0,0.0,0.0,0.0,0.0,0.0
3204.0,0.0,0.0,0.0,0.0,0.0,0.0
3205.0,0.00015020763385109603,0.0,0.0,0.0,0.003472222222222222,0.023148148148148147
3206.0,0.00021614579600282013,0.0,0.0,0.0,0.003472222222222222,0.023148148148148147
3207.0,0.0003392393991816789,0.0,0.0,0.0,0.003472222222222222,0.028269949931806572
3208.0,0.00027336933999322355,0.0,0.0,0.0,0.008680555555555556,0.05787037037037038
3209.0,2.8884118364658207e-05,0.0,0.0,0.0,0.0,0.0024070098637215174
3210.0,0.0,0.0,0.0,0.0,0.0,0.0
3211.0,7.863555765652563e-06,0.0,0.0,0.0,0.0,0.0006552963138043802
3212.0,0.0,0.0,0.0,0.0,0.0,0.0
3213.0,0.0,0.0,0.0,0.0,0.0,0.0
3214.0,0.0,0.0,0.0,0.0,0.0,0.0
3215.0,0.0,0.0,0.0,0.0,0.0,0.0
3216.0,0.0,0.0,0.0,0.0,0.0,0.0
3217.0,0.0,0.0,0.0,0.0,0.0,0.0
3218.0,0.0,0.0,0.0,0.0,0.0,0.0
3219.0,0.0,0.0,0.0,0.0,0.0,0.0
3220.0,0.0,0.0,0.0,0.0,0.0,0.0
3221.0,0.0,0.0,0.0,0.0,0.0,0.0
3222.0,0.0,0.0,0.0,0.0,0.0,0.0
3223.0,0.0,0.0,0.0,0.0,0.0,0.0
3224.0,0.0,0.0,0.0,0.0,0.0,0.0
3225.0,0.0,0.0,0.0,0.0,0.0,0.0
3226.0,0.0,0.0,0.0,0.0,0.0,0.0
3227.0,0.0,0.0,0.0,0.0,0.0,0.0
3228.0,0.0,0.0,0.0,0.0,0.0,0.0
3229.0,0.0,0.0,0.0,0.0,0.0,0.0
3230.0,0.0,0.0,0.0,0.0,0.0,0.0
3231.0,0.0,0.0,0.0,0.0,0.0,0.0
3232.0,0.0,0.0,0.0,0.0,0.0,0.0
3233.0,0.0,0.0,0.0,0.0,0.0,0.0
3234.0,0.0,0.0,0.0,0.0,0.0,0.0
3235.0,0.0,0.0,0.0,0.0,0.0,0.0
3236.0,0.0,0.0,0.0,0.0,0.0,0.0
3237.0,0.0,0.0,0.0,0.0,0.0,0.0
3238.0,0.0,0.0,0.0,0.0,0.0,0.0
3239.0,0.0,0.0,0.0,0.0,0.0,0.0
3240.0,0.0,0.0,0.0,0.0,0.0,0.0
3241.0,0.0,0.0,0.0,0.0,0.0,0.0
3242.0,0.0,0.0,0.0,0.0,0.0,0.0
3243.0,0.0,0.0,0.0,0.0,0.0,0.0
3244.0,0.0,0.0,0.0,0.0,0.0,0.0
3245.0,0.0,0.0,0.0,0.0,0.0,0.0
3246.0,0.0001079622597899288,0.0,0.0,0.0,0.003472222222222222,0.023148148148148147
3247.0,0.0003570090630091727,0.0,0.0,0.0,0.005208333333333333,0.034722222222222224
3248.0,0.00026576107484288514,0.0,0.0,0.0,0.005208333333333333,0.034722222222222224
3249.0,0.0002518382098060101,0.0,0.0,0.0,0.005208333333333333,0.034722222222222224
3250.0,0.00020886093261651695,0.0,0.0,0.0,0.005208333333333333,0.034722222222222224
3251.0,0.0003123637579847127,0.0,0.0,0.0,0.003472222222222222,0.026030313165392727
3252.0,0.0002983046870213002,0.0,0.0,0.0,0.006944444444444444,0.046296296296296294
3253.0,0.00010670272604329512,0.0,0.0,0.0,0.003472222222222222,0.023148148148148147
3254.0,0.00022758370323572308,0.0,0.0,0.0,0.006944444444444444,0.046296296296296294
3255.0,0.000379357225028798,0.0,0.0,0.0,0.005208333333333333,0.034722222222222224
3256.0,0.00027500337455421686,0.0,0.0,0.0,0.001736111111111111,0.022916947879518073
3257.0,2.9735147109022364e-05,0.0,0.0,0.0,0.003472222222222222,0.023148148148148147
3258.0,0.0,0.0,0.0,0.0,0.0,0.0
3259.0,0.0,0.0,0.0,0.0,0.0,0.0
3260.0,0.0,0.0,0.0,0.0,0.0,0.0
3261.0,1.102942133002216e-05,0.0,0.0,0.0,0.0,0.0009191184441685133
3262.0,0.0002641441533342004,0.0,0.0,0.0,0.006944444444444444,0.046296296296296294
3263.0,0.0001922487426782027,0.0,0.0,0.0,0.003472222222222222,0.023148148148148147
3264.0,8.506942685926333e-05,0.0,0.0,0.0,0.005208333333333333,0.034722222222222224
3265.0,0.00010763885802589357,0.0,0.0,0.0,0.005208333333333333,0.034722222222222224
3266.0,0.0002646547509357333,0.0,0.0,0.0,0.005208333333333333,0.034722222222222224
3267.0,0.0004192367196083069,0.0,0.0,0.0,0.003472222222222222,0.03493639330069224
3268.0,0.00038180817500688136,0.0,0.0,0.0,0.008680555555555556,0.05787037037037038
3269.0,0.00018290439038537443,0.0,0.0,0.0,0.0,0.015242032532114536
3270.0,0.0001214086078107357,0.0,0.0,0.0,0.003472222222222222,0.023148148148148147
3271.0,0.0,0.0,0.0,0.0,0.0,0.0
3272.0,0.0,0.0,0.0,0.0,0.0,0.0
3273.0,0.0,0.0,0.0,0.0,0.0,0.0
3274.0,0.6224938035011292,0.6380965709686279,0.549790620803833,0.6598345041275024,0.5329861111111112,82.4793130159378
3275.0,0.0,0.0,0.0,0.0,0.0,0.0
3276.0,0.0,0.0,0.0,0.0,0.0,0.0
3277.0,0.0,0.0,0.0,0.0,0.0,0.0
3278.0,0.0,0.0,0.0,0.0,0.0,0.0
3279.0,0.0,0.0,0.0,0.0,0.0,0.0
3280.0,0.0,0.0,0.0,0.0,0.0,0.0
3281.0,0.0,0.0,0.0,0.0,0.0,0.0
3282.0,2.2779900064051617e-06,2.0197717276460025e-06,6.449997158597398e-07,0.0,0.0,0.00018983250053376347
3283.0,2.2779900064051617e-06,2.0197717276460025e-06,6.449997158597398e-07,0.0,0.0,0.00018983250053376347
3284.0,0.0,0.0,0.0,0.0,0.0,0.0
3285.0,0.0,0.0,0.0,0.0,0.0,0.0
3286.0,0.0,0.0,0.0,0.0,0.0,0.0
3287.0,0.0,0.0,0.0,0.0,0.0,0.0
3288.0,0.0,0.0,0.0,0.0,0.0,0.0
3289.0,0.0,0.0,0.0,0.0,0.0,0.0
3290.0,0.0,0.0,0.0,0.0,0.0,0.0
3291.0,0.0,0.0,0.0,0.0,0.0,0.0
3292.0,0.0,0.0,0.0,0.0,0.0,0.0
3293.0,0.0,0.0,0.0,0.0,0.0,0.0
3294.0,0.0,0.0,0.0,0.0,0.0,0.0
3295.0,0.0,0.0,0.0,0.0,0.0,0.0
3296.0,0.0,0.0,0.0,0.0,0.0,0.0
3297.0,0.0,0.0,0.0,0.0,0.0,0.0
3298.0,0.0,0.0,0.0,0.0,0.0,0.0
3299.0,0.0,0.0,0.0,0.0,0.0,0.0
3300.0,0.0,0.0,0.0,0.0,0.0,0.0
3301.0,0.0,0.0,0.0,0.0,0.0,0.0
3302.0,0.0,0.0,0.0,0.0,0.0,0.0
3303.0,0.0,0.0,0.0,0.0,0.0,0.0
3304.0,0.0,0.0,0.0,0.0,0.0,0.0
3305.0,0.0,0.0,0.0,0.0,0.0,0.0
3306.0,0.0,0.0,0.0,0.0,0.0,0.0
3307.0,2.2779900064051617e-06,2.0197717276460025e-06,6.449997158597398e-07,0.0,0.0,0.00018983250053376347
3308.0,2.2779900064051617e-06,2.0197717276460025e-06,6.449997158597398e-07,0.0,0.0,0.00018983250053376347
3309.0,0.0,0.0,0.0,0.0,0.0,0.0
3310.0,0.5856770873069763,0.5931711196899414,0.19519245624542236,0.6598345041275024,0.4756944444444444,82.4793130159378
3311.0,3.0637252734777576e-07,1.9810347566817654e-06,0.0,0.0,0.0,4.9525868917044136e-05
3312.0,0.0826227217912674,0.08969423174858093,0.5262486934661865,0.0,0.4079861111111111,6.88522681593895
3313.0,0.0,0.0,0.0,0.0,0.0,0.0
3314.0,0.0,0.0,0.0,0.0,0.0,0.0
3315.0,0.0,0.0,0.0,0.0,0.0,0.0
3316.0,0.0,0.0,0.0,0.0,0.0,0.0
3317.0,0.0,0.0,0.0,0.0,0.0,0.0
3318.0,0.0,0.0,0.0,0.0,0.0,0.0
3319.0,0.0,0.0,0.0,0.0,0.0,0.0
3320.0,0.00014954381913412362,0.0,0.0,0.0,0.003472222222222222,0.023148148148148147
3321.0,0.00017087074229493737,0.0,0.0,0.0,0.008680555555555556,0.05787037037037038
3322.0,7.267836917890236e-05,0.0,0.0,0.0,0.0,0.00605653076490853
3323.0,9.407337347511202e-05,0.0,0.0,0.0,0.006944444444444444,0.046296296296296294
3324.0,3.8824204239062965e-05,0.0,0.0,0.0,0.0,0.0032353503532552472
3325.0,0.0002549018827266991,0.0,0.0,0.0,0.005208333333333333,0.034722222222222224
3326.0,0.0,0.0,0.0,0.0,0.0,0.0
3327.0,0.0,0.0,0.0,0.0,0.0,0.0
3328.0,0.00035939193912781775,1.2106289659641334e-06,1.2899896546514356e-06,0.0,0.005208333333333333,0.034722222222222224
3329.0,0.0001200980186695233,1.2106289659641334e-06,1.2899896546514356e-06,0.0,0.0,0.010008168222460275
3330.0,2.3488555598305538e-05,0.0,0.0,0.0,0.001736111111111111,0.011574074074074073
3331.0,0.0,0.0,0.0,0.0,0.0,0.0
3332.0,0.0,0.0,0.0,0.0,0.0,0.0
3333.0,0.0,0.0,0.0,0.0,0.0,0.0
3334.0,0.0,0.0,0.0,0.0,0.0,0.0
3335.0,0.0,0.0,0.0,0.0,0.0,0.0
3336.0,0.0002558550622779876,0.0,0.0,0.0,0.0,0.0213212551898323
3337.0,1.7122818462667055e-05,0.0,0.0,0.0,0.001736111111111111,0.011574074074074073
3338.0,0.0,0.0,0.0,0.0,0.0,0.0
3339.0,0.0,0.0,0.0,0.0,0.0,0.0
3340.0,9.26095963222906e-05,0.0,0.0,0.0,0.0,0.007717466360190883
3341.0,9.691582818049937e-05,0.0,0.0,0.0,0.001736111111111111,0.011574074074074073
3342.0,0.0,0.0,0.0,0.0,0.0,0.0
3343.0,0.0001541734382044524,0.0,0.0,0.0,0.003472222222222222,0.023148148148148147
3344.0,0.00015061613521538675,0.0,0.0,0.0,0.005208333333333333,0.034722222222222224
3345.0,3.536902295309119e-05,0.0,0.0,0.0,0.0,0.0029474185794242658
3346.0,0.0,0.0,0.0,0.0,0.0,0.0
3347.0,0.0,0.0,0.0,0.0,0.0,0.0
3348.0,0.0,0.0,0.0,0.0,0.0,0.0
3349.0,0.0,0.0,0.0,0.0,0.0,0.0
3350.0,0.0,0.0,0.0,0.0,0.0,0.0
3351.0,0.0,0.0,0.0,0.0,0.0,0.0
3352.0,0.0,0.0,0.0,0.0,0.0,0.0
3353.0,1.804192265808524e-06,1.2106289659641334e-06,1.2899896546514356e-06,0.0,0.0,0.00015034935548404368
3354.0,1.804192265808524e-06,1.2106289659641334e-06,1.2899896546514356e-06,0.0,0.0,0.00015034935548404368
3355.0,0.0,0.0,0.0,0.0,0.0,0.0
3356.0,0.0,0.0,0.0,0.0,0.0,0.0
3357.0,0.0,0.0,0.0,0.0,0.0,0.0
3358.0,0.0,0.0,0.0,0.0,0.0,0.0
3359.0,0.0,0.0,0.0,0.0,0.0,0.0
3360.0,0.0,0.0,0.0,0.0,0.0,0.0
3361.0,0.0,0.0,0.0,0.0,0.0,0.0
3362.0,0.0,0.0,0.0,0.0,0.0,0.0
3363.0,0.0,0.0,0.0,0.0,0.0,0.0
3364.0,0.0,0.0,0.0,0.0,0.0,0.0
3365.0,0.0,0.0,0.0,0.0,0.0,0.0
3366.0,0.0,0.0,0.0,0.0,0.0,0.0
3367.0,0.0,0.0,0.0,0.0,0.0,0.0
3368.0,0.0,0.0,0.0,0.0,0.0,0.0
3369.0,0.0,0.0,0.0,0.0,0.0,0.0
3370.0,0.0,0.0,0.0,0.0,0.0,0.0
3371.0,0.0,0.0,0.0,0.0,0.0,0.0
3372.0,0.0,0.0,0.0,0.0,0.0,0.0
3373.0,0.0,0.0,0.0,0.0,0.0,0.0
3374.0,0.0,0.0,0.0,0.0,0.0,0.0
3375.0,0.0,0.0,0.0,0.0,0.0,0.0
3376.0,0.0,0.0,0.0,0.0,0.0,0.0
3377.0,0.0,0.0,0.0,0.0,0.0,0.0
3378.0,1.804192265808524e-06,1.2106289659641334e-06,1.2899896546514356e-06,0.0,0.0,0.00015034935548404368
3379.0,1.804192265808524e-06,1.2106289659641334e-06,1.2899896546514356e-06,0.0,0.0,0.00015034935548404368
3380.0,0.0002088949695462361,0.0,0.0,0.0,0.008680555555555556,0.05787037037037038
3381.0,0.0001507863198639825,0.0,0.0,0.0,0.0,0.012565526655331874
3382.0,0.00017333876166958362,0.0,0.0,0.0,0.0,0.014444896805798635
3383.0,0.00013730593491345644,0.0,0.0,0.0,0.003472222222222222,0.023148148148148147
3384.0,0.00028562426450662315,0.0,0.0,0.0,0.0,0.023802022042218596
3385.0,0.000287258269963786,0.0,0.0,0.0,0.003472222222222222,0.023938189163648833
3386.0,0.0002296261809533462,0.0,0.0,0.0,0.001736111111111111,0.019135515079445515
3387.0,0.00011294932482996956,0.0,0.0,0.0,0.001736111111111111,0.011574074074074073
3388.0,0.0003394436789676547,0.0,0.0,0.0,0.003472222222222222,0.02828697324730456
3389.0,6.096813012845814e-05,0.0,0.0,0.0,0.0,0.005080677510704845
3390.0,0.0,0.0,0.0,0.0,0.0,0.0
3391.0,0.00029765788349322975,0.0,0.0,0.0,0.010416666666666666,0.06944444444444445
3392.0,0.0,0.0,0.0,0.0,0.0,0.0
3393.0,0.0,0.0,0.0,0.0,0.0,0.0
3394.0,0.0,0.0,0.0,0.0,0.0,0.0
3395.0,7.318900770769687e-06,0.0,0.0,0.0,0.0,0.0006099083975641406
3396.0,0.0,0.0,0.0,0.0,0.0,0.0
3397.0,0.0,0.0,0.0,0.0,0.0,0.0
3398.0,0.0,0.0,0.0,0.0,0.0,0.0
3399.0,0.0,0.0,0.0,0.0,0.0,0.0
3400.0,0.00023037506616674364,0.0,0.0,0.0,0.006944444444444444,0.046296296296296294
3401.0,6.781043339287862e-05,0.0,0.0,0.0,0.003472222222222222,0.023148148148148147
3402.0,0.00024254487652797252,0.0,0.0,0.0,0.0,0.02021207304399771
3403.0,0.0005625509074889123,1.2106289659641334e-06,1.2899896546514356e-06,0.0,0.008680555555555556,0.05787037037037038
3404.0,0.00047787296352908015,1.2106289659641334e-06,1.2899896546514356e-06,0.0,0.005208333333333333,0.03982274696075668
3405.0,0.000290066673187539,0.0,0.0,0.0,0.006944444444444444,0.046296296296296294
3406.0,0.0004851919075008482,0.0,0.0,0.0,0.005208333333333333,0.04043265895840401
3407.0,6.280635261646239e-06,0.0,0.0,0.0,0.0,0.0005233862718038532
3408.0,0.0,0.0,0.0,0.0,0.0,0.0
3409.0,0.0,0.0,0.0,0.0,0.0,0.0
3410.0,0.0,0.0,0.0,0.0,0.0,0.0
3411.0,0.0,0.0,0.0,0.0,0.0,0.0
3412.0,3.5743474313676415e-07,0.0,0.0,0.0,0.0,2.9786228594730346e-05
3413.0,0.0,0.0,0.0,0.0,0.0,0.0
3414.0,0.0,0.0,0.0,0.0,0.0,0.0
3415.0,0.0,0.0,0.0,0.0,0.0,0.0
3416.0,0.0,0.0,0.0,0.0,0.0,0.0
3417.0,0.0,0.0,0.0,0.0,0.0,0.0
3418.0,0.0,0.0,0.0,0.0,0.0,0.0
3419.0,0.0,0.0,0.0,0.0,0.0,0.0
3420.0,0.0,0.0,0.0,0.0,0.0,0.0
3421.0,0.0,0.0,0.0,0.0,0.0,0.0
3422.0,0.0,0.0,0.0,0.0,0.0,0.0
3423.0,0.0,0.0,0.0,0.0,0.0,0.0
3424.0,6.672112067462876e-05,0.0,0.0,0.0,0.003472222222222222,0.023148148148148147
3425.0,0.00019311677897349,0.0,0.0,0.0,0.003472222222222222,0.023148148148148147
3426.0,0.00035127310547977686,0.0,0.0,0.0,0.003472222222222222,0.029272758789981403
3427.0,0.0002211839018855244,0.0,0.0,0.0,0.005208333333333333,0.034722222222222224
3428.0,0.00029272184474393725,1.2106289659641334e-06,1.2899896546514356e-06,0.0,0.001736111111111111,0.024393487061994772
3429.0,0.00018918499699793756,1.2106289659641334e-06,1.2899896546514356e-06,0.0,0.003472222222222222,0.023148148148148147
3430.0,0.0,0.0,0.0,0.0,0.0,0.0
3431.0,0.0,0.0,0.0,0.0,0.0,0.0
3432.0,0.0,0.0,0.0,0.0,0.0,0.0
3433.0,0.0,0.0,0.0,0.0,0.0,0.0
3434.0,0.0,0.0,0.0,0.0,0.0,0.0
3435.0,0.0,0.0,0.0,0.0,0.0,0.0
3436.0,0.0,0.0,0.0,0.0,0.0,0.0
3437.0,2.587151811894728e-06,0.0,0.0,0.0,0.0,0.00021559598432456065
3438.0,0.0,0.0,0.0,0.0,0.0,0.0
3439.0,0.0,0.0,0.0,0.0,0.0,0.0
3440.0,0.0,0.0,0.0,0.0,0.0,0.0
3441.0,0.0,0.0,0.0,0.0,0.0,0.0
3442.0,0.0,0.0,0.0,0.0,0.0,0.0
3443.0,0.0,0.0,0.0,0.0,0.0,0.0
3444.0,0.0,0.0,0.0,0.0,0.0,0.0
3445.0,0.0,0.0,0.0,0.0,0.0,0.0
3446.0,0.0,0.0,0.0,0.0,0.0,0.0
3447.0,0.0,0.0,0.0,0.0,0.0,0.0
3448.0,0.0,0.0,0.0,0.0,0.0,0.0
3449.0,0.0,0.0,0.0,0.0,0.0,0.0
3450.0,0.0,0.0,0.0,0.0,0.0,0.0
3451.0,0.0,0.0,0.0,0.0,0.0,0.0
3452.0,0.0,0.0,0.0,0.0,0.0,0.0
3453.0,2.144606014553574e-06,1.2106289659641334e-06,1.2899896546514356e-06,0.0,0.0,0.00017871716787946448
3454.0,2.144606014553574e-06,1.2106289659641334e-06,1.2899896546514356e-06,0.0,0.0,0.00017871716787946448
3455.0,0.0,0.0,0.0,0.0,0.0,0.0
3456.0,0.0,0.0,0.0,0.0,0.0,0.0
3457.0,0.0,0.0,0.0,0.0,0.0,0.0
3458.0,0.0,0.0,0.0,0.0,0.0,0.0
3459.0,0.0,0.0,0.0,0.0,0.0,0.0
3460.0,0.0,0.0,0.0,0.0,0.0,0.0
3461.0,0.0,0.0,0.0,0.0,0.0,0.0
3462.0,0.0,0.0,0.0,0.0,0.0,0.0
3463.0,0.0,0.0,0.0,0.0,0.0,0.0
3464.0,0.0,0.0,0.0,0.0,0.0,0.0
3465.0,0.0,0.0,0.0,0.0,0.0,0.0
3466.0,0.0,0.0,0.0,0.0,0.0,0.0
3467.0,0.0,0.0,0.0,0.0,0.0,0.0
3468.0,0.0,0.0,0.0,0.0,0.0,0.0
3469.0,0.0,0.0,0.0,0.0,0.0,0.0
3470.0,0.0,0.0,0.0,0.0,0.0,0.0
3471.0,0.0,0.0,0.0,0.0,0.0,0.0
3472.0,0.0,0.0,0.0,0.0,0.0,0.0
3473.0,0.0,0.0,0.0,0.0,0.0,0.0
3474.0,0.0,0.0,0.0,0.0,0.0,0.0
3475.0,0.0,0.0,0.0,0.0,0.0,0.0
3476.0,0.0,0.0,0.0,0.0,0.0,0.0
3477.0,0.0,0.0,0.0,0.0,0.0,0.0
3478.0,2.144606014553574e-06,1.2106289659641334e-06,1.2899896546514356e-06,0.0,0.0,0.00017871716787946448
3479.0,2.144606014553574e-06,1.2106289659641334e-06,1.2899896546514356e-06,0.0,0.0,0.00017871716787946448
3480.0,0.0,0.0,0.0,0.0,0.0,0.0
3481.0,0.0,0.0,0.0,0.0,0.0,0.0
3482.0,0.0,0.0,0.0,0.0,0.0,0.0
3483.0,0.0,0.0,0.0,0.0,0.0,0.0
3484.0,1.688452721282374e-05,0.0,0.0,0.0,0.001736111111111111,0.011574074074074073
3485.0,1.1199615073564928e-05,0.0,0.0,0.0,0.0,0.0009333012561304106
3486.0,0.0,0.0,0.0,0.0,0.0,0.0
3487.0,2.8935079399161623e-07,0.0,0.0,0.0,0.0,2.411256616596802e-05
3488.0,0.0,0.0,0.0,0.0,0.0,0.0
3489.0,0.0,0.0,0.0,0.0,0.0,0.0
3490.0,0.0,0.0,0.0,0.0,0.0,0.0
3491.0,0.0,0.0,0.0,0.0,0.0,0.0
3492.0,0.0,0.0,0.0,0.0,0.0,0.0
3493.0,6.855935498606414e-05,0.0,0.0,0.0,0.001736111111111111,0.011574074074074073
3494.0,4.8338765736843925e-06,0.0,0.0,0.0,0.001736111111111111,0.011574074074074073
3495.0,6.484882305812789e-06,0.0,0.0,0.0,0.001736111111111111,0.011574074074074073
3496.0,4.018585605081171e-05,0.0,0.0,0.0,0.001736111111111111,0.011574074074074073
3497.0,5.3053499868838117e-05,0.0,0.0,0.0,0.001736111111111111,0.011574074074074073
3498.0,2.17864862861461e-06,0.0,0.0,0.00035650611971504986,0.001736111111111111,0.04456326496438123
3499.0,2.5292751161032356e-05,0.0,0.0,0.004138813819736242,0.001736111111111111,0.5173517274670303
3500.0,0.0,0.0,0.0,0.0,0.0,0.0
3501.0,0.0,0.0,0.0,0.0,0.0,0.0
3502.0,0.0,0.0,0.0,0.0,0.0,0.0
3503.0,3.2169075439014705e-06,1.2106289659641334e-06,1.2899896546514356e-06,4.177798837190494e-05,0.0,0.005222248546488117
3504.0,2.1956677755952114e-06,1.2106289659641334e-06,1.2899896546514356e-06,0.0,0.0,0.00018297231463293429
3505.0,0.0,0.0,0.0,0.0,0.0,0.0
3506.0,0.0,0.0,0.0,0.0,0.0,0.0
3507.0,0.0,0.0,0.0,0.0,0.0,0.0
3508.0,0.0,0.0,0.0,0.0,0.0,0.0
3509.0,0.0,0.0,0.0,0.0,0.0,0.0
3510.0,0.0,0.0,0.0,0.0,0.0,0.0
3511.0,0.0,0.0,0.0,0.0,0.0,0.0
3512.0,0.0,0.0,0.0,0.0,0.0,0.0
3513.0,0.0,0.0,0.0,0.0,0.0,0.0
3514.0,0.0,0.0,0.0,0.0,0.0,0.0
3515.0,8.901821274776012e-06,0.0,0.0,0.0,0.0,0.0007418184395646676
3516.0,0.0004514568718150258,0.0,0.0,0.0,0.008680555555555556,0.05787037037037038
3517.0,0.0002447235456202179,0.0,0.0,0.0,0.003472222222222222,0.023148148148148147
3518.0,0.00016719427367206663,0.0,0.0,0.0,0.001736111111111111,0.013932856139338885
3519.0,0.0,0.0,0.0,0.0,0.0,0.0
3520.0,8.152949703799095e-06,0.0,0.0,0.0,0.0,0.0006794124753165912
3521.0,0.0,0.0,0.0,0.0,0.0,0.0
3522.0,0.0,0.0,0.0,0.0,0.0,0.0
3523.0,0.0,0.0,0.0,0.0,0.0,0.0
3524.0,0.0,0.0,0.0,0.0,0.0,0.0
3525.0,0.0,0.0,0.0,0.0,0.0,0.0
3526.0,0.0,0.0,0.0,0.0,0.0,0.0
3527.0,0.0,0.0,0.0,0.0,0.0,0.0
3528.0,2.2467299913842e-06,1.2106289659641334e-06,1.2899896546514356e-06,0.0,0.0,0.00018722749928201665
3529.0,2.2467299913842e-06,1.2106289659641334e-06,1.2899896546514356e-06,0.0,0.0,0.00018722749928201665
3530.0,0.0,0.0,0.0,0.0,0.0,0.0
3531.0,0.0,0.0,0.0,0.0,0.0,0.0
3532.0,0.0,0.0,0.0,0.0,0.0,0.0
3533.0,0.0,0.0,0.0,0.0,0.0,0.0
3534.0,0.0,0.0,0.0,0.0,0.0,0.0
3535.0,0.0,0.0,0.0,0.0,0.0,0.0
3536.0,0.0,0.0,0.0,0.0,0.0,0.0
3537.0,0.0,0.0,0.0,0.0,0.0,0.0
3538.0,0.0,0.0,0.0,0.0,0.0,0.0
3539.0,0.0,0.0,0.0,0.0,0.0,0.0
3540.0,0.0,0.0,0.0,0.0,0.0,0.0
3541.0,0.0,0.0,0.0,0.0,0.0,0.0
3542.0,0.0,0.0,0.0,0.0,0.0,0.0
3543.0,0.0,0.0,0.0,0.0,0.0,0.0
3544.0,0.0,0.0,0.0,0.0,0.0,0.0
3545.0,0.0,0.0,0.0,0.0,0.0,0.0
3546.0,0.0,0.0,0.0,0.0,0.0,0.0
3547.0,0.0,0.0,0.0,0.0,0.0,0.0
3548.0,0.0,0.0,0.0,0.0,0.0,0.0
3549.0,0.0,0.0,0.0,0.0,0.0,0.0
3550.0,0.0,0.0,0.0,0.0,0.0,0.0
3551.0,0.0,0.0,0.0,0.0,0.0,0.0
3552.0,0.0,0.0,0.0,0.0,0.0,0.0
3553.0,2.2467299913842e-06,1.2106289659641334e-06,1.2899896546514356e-06,0.0,0.0,0.00018722749928201665
3554.0,2.2467299913842e-06,1.2106289659641334e-06,1.2899896546514356e-06,0.0,0.0,0.00018722749928201665
3555.0,0.0,0.0,0.0,0.0,0.0,0.0
3556.0,0.0,0.0,0.0,0.0,0.0,0.0
3557.0,0.0,0.0,0.0,0.0,0.0,0.0
3558.0,0.0,0.0,0.0,0.0,0.0,0.0
3559.0,0.0,0.0,0.0,0.0,0.0,0.0
3560.0,0.0,0.0,0.0,0.0,0.0,0.0
3561.0,0.0,0.0,0.0,0.0,0.0,0.0
3562.0,0.0,0.0,0.0,0.0,0.0,0.0
3563.0,0.0,0.0,0.0,0.0,0.0,0.0
3564.0,0.0,0.0,0.0,0.0,0.0,0.0
3565.0,0.0,0.0,0.0,0.0,0.0,0.0
3566.0,0.0,0.0,0.0,0.0,0.0,0.0
3567.0,0.0,0.0,0.0,0.0,0.0,0.0
3568.0,0.0,0.0,0.0,0.0,0.0,0.0
3569.0,0.0,0.0,0.0,0.0,0.0,0.0
3570.0,0.0,0.0,0.0,0.0,0.0,0.0
3571.0,0.0,0.0,0.0,0.0,0.0,0.0
3572.0,0.0,0.0,0.0,0.0,0.0,0.0
3573.0,0.0,0.0,0.0,0.0,0.0,0.0
3574.0,0.0,0.0,0.0,0.0,0.0,0.0
3575.0,0.0,0.0,0.0,0.0,0.0,0.0
3576.0,0.0,0.0,0.0,0.0,0.0,0.0
3577.0,0.0,0.0,0.0,0.0,0.0,0.0
3578.0,2.2467299913842e-06,1.2106289659641334e-06,1.2899896546514356e-06,0.0,0.0,0.00018722749928201665
3579.0,2.2467299913842e-06,1.2106289659641334e-06,1.2899896546514356e-06,0.0,0.0,0.00018722749928201665
3580.0,0.0,0.0,0.0,0.0,0.0,0.0
3581.0,0.0,0.0,0.0,0.0,0.0,0.0
3582.0,0.0,0.0,0.0,0.0,0.0,0.0
3583.0,0.0,0.0,0.0,0.0,0.0,0.0
3584.0,0.0,0.0,0.0,0.0,0.0,0.0
3585.0,0.0,0.0,0.0,0.0,0.0,0.0
3586.0,0.0,0.0,0.0,0.0,0.0,0.0
3587.0,0.0,0.0,0.0,0.0,0.0,0.0
3588.0,0.0,0.0,0.0,0.0,0.0,0.0
3589.0,0.0,0.0,0.0,0.0,0.0,0.0
3590.0,0.0,0.0,0.0,0.0,0.0,0.0
3591.0,0.0,0.0,0.0,0.0,0.0,0.0
3592.0,0.0,0.0,0.0,0.0,0.0,0.0
3593.0,0.0,0.0,0.0,0.0,0.0,0.0
3594.0,0.0,0.0,0.0,0.0,0.0,0.0
3595.0,0.0,0.0,0.0,0.0,0.0,0.0
3596.0,0.0,0.0,0.0,0.0,0.0,0.0
3597.0,0.0,0.0,0.0,0.0,0.0,0.0
3598.0,0.0,0.0,0.0,0.0,0.0,0.0
3599.0,0.0,0.0,0.0,0.0,0.0,0.0
3600.0,0.0,0.0,0.0,0.0,0.0,0.0
3601.0,0.0,0.0,0.0,0.0,0.0,0.0
3602.0,0.0,0.0,0.0,0.0,0.0,0.0
3603.0,2.2467299913842e-06,1.2106289659641334e-06,1.2899896546514356e-06,0.0,0.0,0.00018722749928201665
3604.0,2.2467299913842e-06,1.2106289659641334e-06,1.2899896546514356e-06,0.0,0.0,0.00018722749928201665
3605.0,0.0,0.0,0.0,0.0,0.0,0.0
3606.0,0.0,0.0,0.0,0.0,0.0,0.0
3607.0,0.0,0.0,0.0,0.0,0.0,0.0
3608.0,0.0,0.0,0.0,0.0,0.0,0.0
3609.0,0.0,0.0,0.0,0.0,0.0,0.0
3610.0,0.0,0.0,0.0,0.0,0.0,0.0
3611.0,0.0,0.0,0.0,0.0,0.0,0.0
3612.0,0.0,0.0,0.0,0.0,0.0,0.0
3613.0,0.0,0.0,0.0,0.0,0.0,0.0
3614.0,0.0,0.0,0.0,0.0,0.0,0.0
3615.0,0.0,0.0,0.0,0.0,0.0,0.0
3616.0,0.0,0.0,0.0,0.0,0.0,0.0
3617.0,0.0,0.0,0.0,0.0,0.0,0.0
3618.0,0.0,0.0,0.0,0.0,0.0,0.0
3619.0,0.0,0.0,0.0,0.0,0.0,0.0
3620.0,0.0,0.0,0.0,0.0,0.0,0.0
3621.0,0.0,0.0,0.0,0.0,0.0,0.0
3622.0,0.0,0.0,0.0,0.0,0.0,0.0
3623.0,0.0,0.0,0.0,0.0,0.0,0.0
3624.0,0.0,0.0,0.0,0.0,0.0,0.0
3625.0,0.0,0.0,0.0,0.0,0.0,0.0
3626.0,0.0,0.0,0.0,0.0,0.0,0.0
3627.0,0.0,0.0,0.0,0.0,0.0,0.0
3628.0,2.2467299913842e-06,1.2106289659641334e-06,1.2899896546514356e-06,0.0,0.0,0.00018722749928201665
3629.0,2.2467299913842e-06,1.2106289659641334e-06,1.2899896546514356e-06,0.0,0.0,0.00018722749928201665
3630.0,0.0,0.0,0.0,0.0,0.0,0.0
3631.0,0.0,0.0,0.0,0.0,0.0,0.0
3632.0,0.0,0.0,0.0,0.0,0.0,0.0
3633.0,0.0,0.0,0.0,0.0,0.0,0.0
3634.0,0.0,0.0,0.0,0.0,0.0,0.0
3635.0,0.0,0.0,0.0,0.0,0.0,0.0
3636.0,0.0,0.0,0.0,0.0,0.0,0.0
3637.0,0.0,0.0,0.0,0.0,0.0,0.0
3638.0,0.0,0.0,0.0,0.0,0.0,0.0
3639.0,0.0,0.0,0.0,0.0,0.0,0.0
3640.0,0.0,0.0,0.0,0.0,0.0,0.0
3641.0,0.0,0.0,0.0,0.0,0.0,0.0
3642.0,0.0,0.0,0.0,0.0,0.0,0.0
3643.0,0.0,0.0,0.0,0.0,0.0,0.0
3644.0,0.0,0.0,0.0,0.0,0.0,0.0
3645.0,0.0,0.0,0.0,0.0,0.0,0.0
3646.0,0.0,0.0,0.0,0.0,0.0,0.0
3647.0,0.0,0.0,0.0,0.0,0.0,0.0
3648.0,0.0,0.0,0.0,0.0,0.0,0.0
3649.0,0.0,0.0,0.0,0.0,0.0,0.0
3650.0,0.0,0.0,0.0,0.0,0.0,0.0
3651.0,0.0,0.0,0.0,0.0,0.0,0.0
3652.0,0.0,0.0,0.0,0.0,0.0,0.0
3653.0,2.2467299913842e-06,1.2106289659641334e-06,1.2899896546514356e-06,0.0,0.0,0.00018722749928201665
3654.0,2.2467299913842e-06,1.2106289659641334e-06,1.2899896546514356e-06,0.0,0.0,0.00018722749928201665
3655.0,0.0,0.0,0.0,0.0,0.0,0.0
3656.0,0.0,0.0,0.0,0.0,0.0,0.0
3657.0,0.0,0.0,0.0,0.0,0.0,0.0
3658.0,0.0,0.0,0.0,0.0,0.0,0.0
3659.0,0.0,0.0,0.0,0.0,0.0,0.0
3660.0,0.0,0.0,0.0,0.0,0.0,0.0
3661.0,0.0,0.0,0.0,0.0,0.0,0.0
3662.0,0.0,0.0,0.0,0.0,0.0,0.0
3663.0,0.0,0.0,0.0,0.0,0.0,0.0
3664.0,0.0,0.0,0.0,0.0,0.0,0.0
3665.0,0.0,0.0,0.0,0.0,0.0,0.0
3666.0,0.0,0.0,0.0,0.0,0.0,0.0
3667.0,0.0,0.0,0.0,0.0,0.0,0.0
3668.0,0.0,0.0,0.0,0.0,0.0,0.0
3669.0,0.0,0.0,0.0,0.0,0.0,0.0
3670.0,0.0,0.0,0.0,0.0,0.0,0.0
3671.0,0.0,0.0,0.0,0.0,0.0,0.0
3672.0,0.0,0.0,0.0,0.0,0.0,0.0
3673.0,0.0,0.0,0.0,0.0,0.0,0.0
3674.0,0.0,0.0,0.0,0.0,0.0,0.0
3675.0,0.0,0.0,0.0,0.0,0.0,0.0
3676.0,0.0,0.0,0.0,0.0,0.0,0.0
3677.0,0.0,0.0,0.0,0.0,0.0,0.0
3678.0,2.2467299913842e-06,1.2106289659641334e-06,1.2899896546514356e-06,0.0,0.0,0.00018722749928201665
3679.0,2.2467299913842e-06,1.2106289659641334e-06,1.2899896546514356e-06,0.0,0.0,0.00018722749928201665
3680.0,0.0,0.0,0.0,0.0,0.0,0.0
3681.0,0.0,0.0,0.0,0.0,0.0,0.0
3682.0,0.0,0.0,0.0,0.0,0.0,0.0
3683.0,0.00021315015328582376,0.0,0.0,0.0,0.003472222222222222,0.023148148148148147
3684.0,0.0,0.0,0.0,0.0,0.0,0.0
3685.0,0.0,0.0,0.0,0.0,0.0,0.0
3686.0,0.0,0.0,0.0,0.0,0.0,0.0
3687.0,1.4467580058408203e-06,0.0,0.0,0.0,0.0,0.00012056316715340168
3688.0,0.0,0.0,0.0,0.0,0.0,0.0
3689.0,0.0,0.0,0.0,0.0,0.0,0.0
3690.0,0.0,0.0,0.0,0.0,0.0,0.0
3691.0,0.0,0.0,0.0,0.0,0.0,0.0
3692.0,0.0,0.0,0.0,0.0,0.0,0.0
3693.0,0.0,0.0,0.0,0.0,0.0,0.0
3694.0,0.0,0.0,0.0,0.0,0.0,0.0
3695.0,0.0,0.0,0.0,0.0,0.0,0.0
3696.0,0.0,0.0,0.0,0.0,0.0,0.0
3697.0,0.0,0.0,0.0,0.0,0.0,0.0
3698.0,0.0,0.0,0.0,0.0,0.0,0.0
3699.0,0.0,0.0,0.0,0.0,0.0,0.0
3700.0,0.0,0.0,0.0,0.0,0.0,0.0
3701.0,0.0,0.0,0.0,0.0,0.0,0.0
3702.0,0.0,0.0,0.0,0.0,0.0,0.0
3703.0,2.2467299913842e-06,1.2106289659641334e-06,1.2899896546514356e-06,0.0,0.0,0.00018722749928201665
3704.0,2.2467299913842e-06,1.2106289659641334e-06,1.2899896546514356e-06,0.0,0.0,0.00018722749928201665
3705.0,0.0,0.0,0.0,0.0,0.0,0.0
3706.0,0.0,0.0,0.0,0.0,0.0,0.0
3707.0,0.0,0.0,0.0,0.0,0.0,0.0
3708.0,0.0,0.0,0.0,0.0,0.0,0.0
3709.0,0.0,0.0,0.0,0.0,0.0,0.0
3710.0,0.0,0.0,0.0,0.0,0.0,0.0
3711.0,0.0,0.0,0.0,0.0,0.0,0.0
3712.0,0.0,0.0,0.0,0.0,0.0,0.0
3713.0,0.0,0.0,0.0,0.0,0.0,0.0
3714.0,0.0,0.0,0.0,0.0,0.0,0.0
3715.0,0.0,0.0,0.0,0.0,0.0,0.0
3716.0,0.0,0.0,0.0,0.0,0.0,0.0
3717.0,0.0,0.0,0.0,0.0,0.0,0.0
3718.0,0.0,0.0,0.0,0.0,0.0,0.0
3719.0,0.0,0.0,0.0,0.0,0.0,0.0
3720.0,0.0,0.0,0.0,0.0,0.0,0.0
3721.0,0.0,0.0,0.0,0.0,0.0,0.0
3722.0,0.0,0.0,0.0,0.0,0.0,0.0
3723.0,0.0,0.0,0.0,0.0,0.0,0.0
3724.0,0.0,0.0,0.0,0.0,0.0,0.0
3725.0,0.0,0.0,0.0,0.0,0.0,0.0
3726.0,0.0,0.0,0.0,0.0,0.0,0.0
3727.0,0.0,0.0,0.0,0.0,0.0,0.0
3728.0,2.2467299913842e-06,1.2106289659641334e-06,1.2899896546514356e-06,0.0,0.0,0.00018722749928201665
3729.0,2.2467299913842e-06,1.2106289659641334e-06,1.2899896546514356e-06,0.0,0.0,0.00018722749928201665
3730.0,0.0,0.0,0.0,0.0,0.0,0.0
3731.0,0.0,0.0,0.0,0.0,0.0,0.0
3732.0,0.0,0.0,0.0,0.0,0.0,0.0
3733.0,0.0,0.0,0.0,0.0,0.0,0.0
3734.0,0.0,0.0,0.0,0.0,0.0,0.0
3735.0,0.0,0.0,0.0,0.0,0.0,0.0
3736.0,0.0,0.0,0.0,0.0,0.0,0.0
3737.0,0.0,0.0,0.0,0.0,0.0,0.0
3738.0,0.0,0.0,0.0,0.0,0.0,0.0
3739.0,0.0,0.0,0.0,0.0,0.0,0.0
3740.0,0.0,0.0,0.0,0.0,0.0,0.0
3741.0,5.463642992253881e-06,0.0,0.0,0.0,0.0,0.0004553035826878234
3742.0,0.0,0.0,0.0,0.0,0.0,0.0
3743.0,0.0,0.0,0.0,0.0,0.0,0.0
3744.0,0.0,0.0,0.0,0.0,0.0,0.0
3745.0,3.9147610664258536e-07,0.0,0.0,0.0,0.0,3.262300888688211e-05
3746.0,0.0,0.0,0.0,0.0,0.0,0.0
3747.0,0.0,0.0,0.0,0.0,0.0,0.0
3748.0,0.0,0.0,0.0,0.0,0.0,0.0
3749.0,0.0,0.0,0.0,0.0,0.0,0.0
3750.0,0.0,0.0,0.0,0.0,0.0,0.0
3751.0,0.0,0.0,0.0,0.0,0.0,0.0
3752.0,0.0,0.0,0.0,0.0,0.0,0.0
3753.0,2.2467299913842e-06,1.2106289659641334e-06,1.2899896546514356e-06,0.0,0.0,0.00018722749928201665
3754.0,2.2467299913842e-06,1.2106289659641334e-06,1.2899896546514356e-06,0.0,0.0,0.00018722749928201665
3755.0,0.0,0.0,0.0,0.0,0.0,0.0
3756.0,0.0,0.0,0.0,0.0,0.0,0.0
3757.0,0.0,0.0,0.0,0.0,0.0,0.0
3758.0,0.0,0.0,0.0,0.0,0.0,0.0
3759.0,0.0,0.0,0.0,0.0,0.0,0.0
3760.0,0.0,0.0,0.0,0.0,0.0,0.0
3761.0,0.0,0.0,0.0,0.0,0.0,0.0
3762.0,0.0,0.0,0.0,0.0,0.0,0.0
3763.0,0.0,0.0,0.0,0.0,0.0,0.0
3764.0,0.0,0.0,0.0,0.0,0.0,0.0
3765.0,0.0,0.0,0.0,0.0,0.0,0.0
3766.0,0.0,0.0,0.0,0.0,0.0,0.0
3767.0,0.0,0.0,0.0,0.0,0.0,0.0
3768.0,0.0,0.0,0.0,0.0,0.0,0.0
3769.0,0.0,0.0,0.0,0.0,0.0,0.0
3770.0,0.00040199473733082414,0.0,0.0,0.0060522486455738544,0.010416666666666666,0.7565310806967318
3771.0,0.0001685048482613638,0.0,0.0,0.018805699422955513,0.001736111111111111,2.350712427869439
3772.0,0.00018727868155110627,0.0,0.0,2.228165976703167e-05,0.003472222222222222,0.023148148148148147
3773.0,0.0001067027187673375,0.0,0.0,2.228165976703167e-05,0.003472222222222222,0.023148148148148147
3774.0,0.00010581764945527539,0.0,0.0,0.0,0.0,0.008818137454606282
3775.0,0.0,0.0,0.0,0.0,0.0,0.0
3776.0,0.0,0.0,0.0,0.0,0.0,0.0
3777.0,0.0,0.0,0.0,0.0,0.0,0.0
3778.0,8.442261787422467e-06,1.2106289659641334e-06,1.2899896546514356e-06,0.00018103835463989526,0.0,0.022629794329986908
3779.0,2.2467299913842e-06,1.2106289659641334e-06,1.2899896546514356e-06,0.0,0.0,0.00018722749928201665
3780.0,0.0,0.0,0.0,0.0,0.0,0.0
3781.0,0.0,0.0,0.0,0.0,0.0,0.0
3782.0,0.0,0.0,0.0,0.0,0.0,0.0
3783.0,0.0,0.0,0.0,0.0,0.0,0.0
3784.0,0.0,0.0,0.0,0.0,0.0,0.0
3785.0,0.0,0.0,0.0,0.0,0.0,0.0
3786.0,0.0,0.0,0.0,0.0,0.0,0.0
3787.0,0.0,0.0,0.0,0.0,0.0,0.0
3788.0,0.0,0.0,0.0,0.0,0.0,0.0
3789.0,0.0,0.0,0.0,0.0,0.0,0.0
3790.0,0.0,0.0,0.0,0.0,0.0,0.0
3791.0,0.0,0.0,0.0,0.0,0.0,0.0
3792.0,0.0,0.0,0.0,0.0,0.0,0.0
3793.0,0.0,0.0,0.0,0.0,0.0,0.0
3794.0,0.0,0.0,0.0,0.0,0.0,0.0
3795.0,0.0,0.0,0.0,0.0,0.0,0.0
3796.0,0.0,0.0,0.0,0.0,0.0,0.0
3797.0,0.0,0.0,0.0,0.0,0.0,0.0
3798.0,0.0,0.0,0.0,0.0,0.0,0.0
3799.0,0.0,0.0,0.0,0.0,0.0,0.0
3800.0,0.0,0.0,0.0,0.0,0.0,0.0
3801.0,0.0,0.0,0.0,0.0,0.0,0.0
3802.0,0.0,0.0,0.0,0.0,0.0,0.0
3803.0,2.2467299913842e-06,1.2106289659641334e-06,1.2899896546514356e-06,0.0,0.0,0.00018722749928201665
3804.0,2.2467299913842e-06,1.2106289659641334e-06,1.2899896546514356e-06,0.0,0.0,0.00018722749928201665
3805.0,0.0,0.0,0.0,0.0,0.0,0.0
3806.0,0.0,0.0,0.0,0.0,0.0,0.0
3807.0,0.0,0.0,0.0,0.0,0.0,0.0
3808.0,0.0,0.0,0.0,0.0,0.0,0.0
3809.0,0.0,0.0,0.0,0.0,0.0,0.0
3810.0,0.0,0.0,0.0,0.0,0.0,0.0
3811.0,0.0,0.0,0.0,0.0,0.0,0.0
3812.0,0.0,0.0,0.0,0.0,0.0,0.0
3813.0,0.0,0.0,0.0,0.0,0.0,0.0
3814.0,0.0,0.0,0.0,0.0,0.0,0.0
3815.0,0.018356237560510635,0.013849521987140179,0.014852938242256641,0.029147164896130562,0.3940972222222222,3.6433956120163202
3816.0,0.07194550335407257,0.0803920179605484,0.5340798497200012,0.0,0.5,5.995458612839381
3817.0,0.00032574203214608133,0.0,0.0,0.0,0.0,0.027145169345506776
3818.0,0.0,0.0,0.0,0.0,0.0,0.0
3819.0,0.0,0.0,0.0,0.0,0.0,0.0
3820.0,0.0,0.0,0.0,0.0,0.0,0.0
3821.0,0.0,0.0,0.0,0.0,0.0,0.0
3822.0,0.0,0.0,0.0,0.0,0.0,0.0
3823.0,0.0,0.0,0.0,0.0,0.0,0.0
3824.0,4.255177827872103e-07,0.0,0.0,0.0,0.0,3.5459815232267523e-05
3825.0,0.0,0.0,0.0,0.0,0.0,0.0
3826.0,0.0,0.0,0.0,0.0,0.0,0.0
3827.0,0.0,0.0,0.0,0.0,0.0,0.0
3828.0,0.0,0.0,0.0,0.0,0.0,0.0
3829.0,0.0,0.0,0.0,0.0,0.0,0.0
3830.0,0.0,0.0,0.0,0.0,0.0,0.0
3831.0,0.0,0.0,0.0,0.0,0.0,0.0
3832.0,4.943035946780583e-06,0.0,1.0639183756211423e-06,0.0,0.0,0.0004119196622317152
3833.0,4.943035946780583e-06,0.0,1.0639183756211423e-06,0.0,0.0,0.0004119196622317152
3834.0,0.0,0.0,0.0,0.0,0.0,0.0
3835.0,0.0,0.0,0.0,0.0,0.0,0.0
3836.0,0.0,0.0,0.0,0.0,0.0,0.0
3837.0,0.0,0.0,0.0,0.0,0.0,0.0
3838.0,0.0,0.0,0.0,0.0,0.0,0.0
3839.0,0.0,0.0,0.0,0.0,0.0,0.0
3840.0,0.0,0.0,0.0,0.0,0.0,0.0
3841.0,0.0,0.0,0.0,0.0,0.0,0.0
3842.0,0.0,0.0,0.0,0.0,0.0,0.0
3843.0,0.0,0.0,0.0,0.0,0.0,0.0
3844.0,0.0,0.0,0.0,0.0,0.0,0.0
3845.0,0.0,0.0,0.0,0.0,0.0,0.0
3846.0,0.0,0.0,0.0,0.0,0.0,0.0
3847.0,0.0,0.0,0.0,0.0,0.0,0.0
3848.0,0.0,0.0,0.0,0.0,0.0,0.0
3849.0,0.0,0.0,0.0,0.0,0.0,0.0
3850.0,0.07161998003721237,0.0803920179605484,0.5340798497200012,0.0,0.5,5.968331669767697
3851.0,0.0,0.0,0.0,0.0,0.0,0.0
3852.0,0.0,0.0,0.0,0.0,0.0,0.0
3853.0,0.00015519467706326395,0.0010035039158537984,0.0,0.0,0.006944444444444444,0.046296296296296294
3854.0,0.00045084417797625065,0.0005642645992338657,0.0,0.0,0.008680555555555556,0.05787037037037038
3855.0,7.131669462978607e-06,4.611407348420471e-05,0.0,0.0,0.0,0.0011528518371051177
3856.0,0.0007305621984414756,0.0024187329690903425,0.0,0.0,0.015625,0.10416666666666667
3857.0,8.573322702432051e-05,3.004568861797452e-05,0.0,0.0,0.0,0.007144435585360043
3858.0,0.00011856617493322119,0.0007662200951017439,0.0,0.0,0.001736111111111111,0.0191555023775436
3859.0,0.00017347492394037545,0.0002822974347509444,0.0,0.0,0.001736111111111111,0.014456243661697954
3860.0,0.00013499113265424967,0.0,0.0,0.0,0.001736111111111111,0.011574074074074073
3861.0,0.00019852936384268105,0.00010499482596060261,0.0,0.0,0.005208333333333333,0.034722222222222224
3862.0,0.0003050618979614228,0.00020129514450673014,0.0,0.0,0.003472222222222222,0.025421824830118567
3863.0,0.0002931644266936928,0.0,0.0,0.0,0.008680555555555556,0.05787037037037038
3864.0,0.000534279621206224,0.0,0.0,0.0,0.010416666666666666,0.06944444444444445
3865.0,0.0,0.0,0.0,0.0,0.0,0.0
3866.0,1.8433440345688723e-05,1.5408111721626483e-05,0.0,0.0,0.0,0.0015361200288073935
3867.0,0.0,0.0,0.0,0.0,0.0,0.0
3868.0,0.0,0.0,0.0,0.0,0.0,0.0
3869.0,0.0,0.0,0.0,0.0,0.0,0.0
3870.0,0.0,0.0,0.0,0.0,0.0,0.0
3871.0,0.0,0.0,0.0,0.0,0.0,0.0
3872.0,0.0002904581488110125,0.0,0.0,0.0,0.006944444444444444,0.046296296296296294
3873.0,0.00040544994408264756,0.0,0.0,0.0,0.008680555555555556,0.05787037037037038
3874.0,6.450844011851586e-06,0.0,0.0,0.0,0.0,0.0005375703343209656
3875.0,0.0,0.0,0.0,0.0,0.0,0.0
3876.0,0.0001790406822692603,0.0,0.0,0.0,0.006944444444444444,0.046296296296296294
3877.0,0.0002268858370371163,0.0,0.0,0.0,0.001736111111111111,0.01890715308642636
3878.0,2.5803374228416942e-05,0.0,0.0,0.0,0.0,0.0021502811857014117
3879.0,2.2841770260129124e-05,0.0,0.0,0.0,0.001736111111111111,0.011574074074074073
3880.0,0.0003152232675347477,0.0,0.0,0.0,0.005208333333333333,0.034722222222222224
3881.0,0.0,0.0,0.0,0.0,0.0,0.0
3882.0,8.306095878651831e-06,0.0,0.0,0.0,0.0,0.0006921746565543193
3883.0,3.1539344490738586e-05,0.0,0.0,0.0,0.0,0.002628278707561549
3884.0,0.0001303274475503713,0.0,0.0,0.0,0.0,0.010860620629197607
3885.0,0.0,0.0,0.0,0.0,0.0,0.0
3886.0,0.0,0.0,0.0,0.0,0.0,0.0
3887.0,0.0,0.0,0.0,0.0,0.0,0.0
3888.0,0.00012072778918081895,0.0,0.0,0.0,0.0,0.010060649098401578
3889.0,0.0,0.0,0.0,0.0,0.0,0.0
3890.0,0.0,0.0,0.0,0.0,0.0,0.0
3891.0,0.00010287307668477297,0.0,0.0,0.0,0.0,0.008572756390397748
3892.0,5.6661887356312945e-05,0.0,0.0,0.0,0.0,0.004721823946359412
3893.0,0.0,0.0,0.0,0.0,0.0,0.0
3894.0,0.0,0.0,0.0,0.0,0.0,0.0
3895.0,0.0,0.0,0.0,0.0,0.0,0.0
3896.0,0.0,0.0,0.0,0.0,0.0,0.0
3897.0,0.0,0.0,0.0,0.0,0.0,0.0
3898.0,0.0,0.0,0.0,0.0,0.0,0.0
3899.0,5.446622139970714e-07,0.0,0.0,0.0,0.0,4.538851783308928e-05
3900.0,0.0,0.0,0.0,0.0,0.0,0.0
3901.0,0.0,0.0,0.0,0.0,0.0,0.0
3902.0,0.0,0.0,0.0,0.0,0.0,0.0
3903.0,0.0,0.0,0.0,0.0,0.0,0.0
3904.0,0.0,0.0,0.0,0.0,0.0,0.0
3905.0,0.0,0.0,0.0,0.0,0.0,0.0
3906.0,0.0,0.0,0.0,0.0,0.0,0.0
3907.0,1.36165695607815e-07,0.0,0.0,0.0,0.0,1.134714130065125e-05
3908.0,1.36165695607815e-07,0.0,0.0,0.0,0.0,1.134714130065125e-05
3909.0,0.0,0.0,0.0,0.0,0.0,0.0
3910.0,0.0,0.0,0.0,0.0,0.0,0.0
3911.0,0.0,0.0,0.0,0.0,0.0,0.0
3912.0,0.0,0.0,0.0,0.0,0.0,0.0
3913.0,0.0,0.0,0.0,0.0,0.0,0.0
3914.0,0.0,0.0,0.0,0.0,0.0,0.0
3915.0,0.0,0.0,0.0,0.0,0.0,0.0
3916.0,0.0,0.0,0.0,0.0,0.0,0.0
3917.0,0.0,0.0,0.0,0.0,0.0,0.0
3918.0,0.0,0.0,0.0,0.0,0.0,0.0
3919.0,0.0,0.0,0.0,0.0,0.0,0.0
3920.0,0.0,0.0,0.0,0.0,0.0,0.0
3921.0,0.0,0.0,0.0,0.0,0.0,0.0
3922.0,0.0,0.0,0.0,0.0,0.0,0.0
3923.0,0.0,0.0,0.0,0.0,0.0,0.0
3924.0,0.0,0.0,0.0,0.0,0.0,0.0
3925.0,0.0,0.0,0.0,0.0,0.0,0.0
3926.0,0.0,0.0,0.0,0.0,0.0,0.0
3927.0,0.0,0.0,0.0,0.0,0.0,0.0
3928.0,0.0,0.0,0.0,0.0,0.0,0.0
3929.0,0.0,0.0,0.0,0.0,0.0,0.0
3930.0,0.0,0.0,0.0,0.0,0.0,0.0
3931.0,0.0,0.0,0.0,0.0,0.0,0.0
3932.0,1.36165695607815e-07,0.0,0.0,0.0,0.0,1.134714130065125e-05
3933.0,1.36165695607815e-07,0.0,0.0,0.0,0.0,1.134714130065125e-05
3934.0,0.0,0.0,0.0,0.0,0.0,0.0
3935.0,0.0,0.0,0.0,0.0,0.0,0.0
3936.0,0.0,0.0,0.0,0.0,0.0,0.0
3937.0,0.0,0.0,0.0,0.0,0.0,0.0
3938.0,0.0,0.0,0.0,0.0,0.0,0.0
3939.0,0.0,0.0,0.0,0.0,0.0,0.0
3940.0,0.0,0.0,0.0,0.0,0.0,0.0
3941.0,0.0,0.0,0.0,0.0,0.0,0.0
3942.0,0.0,0.0,0.0,0.0,0.0,0.0
3943.0,0.0,0.0,0.0,0.0,0.0,0.0
3944.0,0.0,0.0,0.0,0.0,0.0,0.0
3945.0,0.0,0.0,0.0,0.0,0.0,0.0
3946.0,0.0,0.0,0.0,0.0,0.0,0.0
3947.0,0.0,0.0,0.0,0.0,0.0,0.0
3948.0,0.0,0.0,0.0,0.0,0.0,0.0
3949.0,0.0,0.0,0.0,0.0,0.0,0.0
3950.0,0.0,0.0,0.0,0.0,0.0,0.0
3951.0,0.0,0.0,0.0,0.0,0.0,0.0
3952.0,0.0,0.0,0.0,0.0,0.0,0.0
3953.0,0.0,0.0,0.0,0.0,0.0,0.0
3954.0,0.0,0.0,0.0,0.0,0.0,0.0
3955.0,0.0,0.0,0.0,0.0,0.0,0.0
3956.0,0.0,0.0,0.0,0.0,0.0,0.0
3957.0,1.36165695607815e-07,0.0,0.0,0.0,0.0,1.134714130065125e-05
3958.0,1.36165695607815e-07,0.0,0.0,0.0,0.0,1.134714130065125e-05
3959.0,0.0,0.0,0.0,0.0,0.0,0.0
3960.0,0.0,0.0,0.0,0.0,0.0,0.0
3961.0,0.0,0.0,0.0,0.0,0.0,0.0
3962.0,0.0,0.0,0.0,0.0,0.0,0.0
3963.0,0.00029646645998582244,0.0011148822959512472,0.0,0.0,0.001736111111111111,0.02787205739878118
3964.0,0.00018261502555105835,0.0011781651992350817,0.0,0.0,0.003472222222222222,0.029454129980877042
3965.0,0.00035346875665709376,0.002285563386976719,0.0,0.0,0.003472222222222222,0.05713908467441797
3966.0,0.0001294764078920707,0.0008183873724192381,0.0,0.0,0.0,0.020459684310480952
3967.0,0.0001546840649098158,0.0010002022609114647,0.0,0.0,0.005208333333333333,0.034722222222222224
3968.0,0.00105087470728904,0.006795058026909828,0.0,0.0,0.026041666666666668,0.17361111111111113
3969.0,0.0006565562216565013,0.002440194133669138,0.0,0.0,0.013888888888888888,0.09259259259259259
3970.0,0.0013260822743177414,0.0059188902378082275,0.0,0.0,0.022569444444444444,0.15046296296296297
3971.0,0.00032089115120470524,0.00207403302192688,0.0,0.0,0.003472222222222222,0.051850825548172
3972.0,0.00028865397325716913,0.0018555688438937068,0.0013293339870870113,0.0,0.005208333333333333,0.04638922109734267
3973.0,0.00018424901645630598,0.001191372168250382,0.0,0.0,0.001736111111111111,0.02978430420625955
3974.0,6.862742884550244e-05,0.0004095237818546593,1.289994725084398e-05,0.0,0.0,0.010238094546366483
3975.0,0.00010248160106129944,0.0006613353616558015,0.0,0.0,0.001736111111111111,0.01653338404139504
3976.0,0.0,0.0,0.0,0.0,0.0,0.0
3977.0,0.0,0.0,0.0,0.0,0.0,0.0
3978.0,0.0,0.0,0.0,0.0,0.0,0.0
3979.0,0.0,0.0,0.0,0.0,0.0,0.0
3980.0,0.00018385752628091723,0.0010178115917369723,0.0,0.0,0.001736111111111111,0.02544528979342431
3981.0,0.0001328805519733578,0.0008591086370870471,0.0,0.0,0.001736111111111111,0.021477715927176178
3982.0,0.00020423131354618818,0.0013174980413168669,0.0,0.0,0.001736111111111111,0.03293745103292167
3983.0,3.313928755233064e-05,0.0002134014357579872,0.0,0.0,0.0,0.00533503589394968
3984.0,4.2092171497642994e-05,0.00016871806292328984,0.0,0.0,0.0,0.004217951573082246
3985.0,0.0,0.0,0.0,0.0,0.0,0.0
3986.0,0.00018395966617390513,0.0011884006671607494,0.0,0.0,0.0,0.029710016679018736
3987.0,7.053375156829134e-05,0.00045585804036818445,0.0,0.0,0.0,0.011396451009204611
3988.0,0.0,0.0,0.0,0.0,0.0,0.0
3989.0,0.0,0.0,0.0,0.0,0.0,0.0
3990.0,0.0,0.0,0.0,0.0,0.0,0.0
3991.0,3.540309535310371e-06,1.9480212358757854e-05,0.0,0.0,0.0,0.00048700530896894634
3992.0,0.0,0.0,0.0,0.0,0.0,0.0
3993.0,0.0,0.0,0.0,0.0,0.0,0.0
3994.0,0.0,0.0,0.0,0.0,0.0,0.0
3995.0,0.0,0.0,0.0,0.0,0.0,0.0
3996.0,0.0,0.0,0.0,0.0,0.0,0.0
3997.0,0.0,0.0,0.0,0.0,0.0,0.0
3998.0,0.0,0.0,0.0,0.0,0.0,0.0
3999.0,0.0,0.0,0.0,0.0,0.0,0.0
4000.0,0.00010786013444885612,0.00030827094451524317,0.0,0.0,0.0,0.008988344537404677
4001.0,0.0005340242641977966,4.18217769038165e-06,0.0,0.0,0.008680555555555556,0.05787037037037038
4002.0,0.00014348444528877735,0.0,0.0,0.0,0.001736111111111111,0.011957037107398113
4003.0,0.00018441921565681696,0.0,0.0,0.0,0.003472222222222222,0.023148148148148147
4004.0,0.00016259872063528746,0.0,0.0,0.0,0.0,0.013549893386273956
4005.0,0.00036606405046768486,0.0,0.0,0.0,0.003472222222222222,0.030505337538973738
4006.0,2.655228308867663e-05,0.0,0.0,0.0,0.0,0.002212690257389719
4007.0,1.2203831829538103e-05,3.1916663374431664e-06,0.0,0.0,0.0,0.001016985985794842
4008.0,3.0637252734777576e-07,0.0,0.0,0.0,0.0,2.553104394564798e-05
4009.0,4.146241190028377e-05,0.0,0.0,0.0,0.0,0.003455200991690314
4010.0,8.683958003530279e-05,0.0,0.0,0.0,0.0,0.007236631669608565
4011.0,7.410810940200463e-05,0.0,0.0,0.0,0.0,0.0061756757835003855
4012.0,0.0,0.0,0.0,0.0,0.0,0.0
4013.0,0.00010530703730182722,0.0,0.0,0.0,0.0,0.008775586441818936
4014.0,0.0,0.0,0.0,0.0,0.0,0.0
4015.0,0.0,0.0,0.0,0.0,0.0,0.0
4016.0,2.8594790819624905e-06,0.0,0.0,0.0,0.0,0.0002382899234968742
4017.0,0.0,0.0,0.0,0.0,0.0,0.0
4018.0,0.0,0.0,0.0,0.0,0.0,0.0
4019.0,0.0,0.0,0.0,0.0,0.0,0.0
4020.0,0.0,0.0,0.0,0.0,0.0,0.0
4021.0,0.0,0.0,0.0,0.0,0.0,0.0
4022.0,0.0,0.0,0.0,0.0,0.0,0.0
4023.0,0.0015634699957445264,0.0,0.0,0.0,0.03993055555555555,0.2662037037037037
4024.0,0.0014722050400450826,0.0,0.0,0.0,0.036458333333333336,0.24305555555555558
4025.0,0.00041237735422328115,0.0,0.0,0.0,0.006944444444444444,0.046296296296296294
4026.0,0.0,0.0,0.0,0.0,0.0,0.0
4027.0,0.0,0.0,0.0,0.0,0.0,0.0
4028.0,0.0,0.0,0.0,0.0,0.0,0.0
4029.0,0.0002784414973575622,0.0,0.0,0.0,0.006944444444444444,0.046296296296296294
4030.0,0.00042107494664378464,0.0,0.0,0.0,0.005208333333333333,0.035089578886982054
4031.0,0.0003387798788025975,0.0,0.0,0.0,0.003472222222222222,0.028231656566883125
4032.0,0.00047979631926864386,0.0,0.0,0.0,0.006944444444444444,0.046296296296296294
4033.0,0.0002452171465847641,0.0,0.0,0.0,0.003472222222222222,0.023148148148148147
4034.0,0.0,0.0,0.0,0.0,0.0,0.0
4035.0,0.0,0.0,0.0,0.0,0.0,0.0
4036.0,0.00039700770867057145,0.0,0.0,0.0,0.001736111111111111,0.03308397572254762
4037.0,0.00014622477465309203,0.0,0.0,0.0,0.001736111111111111,0.012185397887757668
4038.0,0.00026742916088551283,0.0,0.0,0.0,0.003472222222222222,0.023148148148148147
4039.0,0.0002228689700132236,0.0,0.0,0.0,0.001736111111111111,0.01857241416776863
4040.0,7.768244540784508e-05,0.0,0.0,0.0,0.0,0.006473537117320423
4041.0,1.4314418876892887e-05,0.0,0.0,0.0,0.0,0.001192868239741074
4042.0,0.0,0.0,0.0,0.0,0.0,0.0
4043.0,0.0,0.0,0.0,0.0,0.0,0.0
4044.0,0.0,0.0,0.0,0.0,0.0,0.0
4045.0,0.0,0.0,0.0,0.0,0.0,0.0
4046.0,0.0,0.0,0.0,0.0,0.0,0.0
4047.0,0.0,0.0,0.0,0.0,0.0,0.0
4048.0,0.0,0.0,0.0,0.0,0.0,0.0
4049.0,0.0,0.0,0.0,0.0,0.0,0.0
4050.0,0.0,0.0,0.0,0.0,0.0,0.0
4051.0,0.0,0.0,0.0,0.0,0.0,0.0
4052.0,0.0003638343478087336,0.0,0.0,0.0,0.005208333333333333,0.034722222222222224
4053.0,0.0001718409184832126,0.0,0.0,0.0,0.0,0.014320076540267715
4054.0,0.00011153661034768447,0.0,0.0,0.0,0.001736111111111111,0.011574074074074073
4055.0,0.00027173536363989115,0.0,0.0,0.0,0.0,0.022644613636657596
4056.0,2.891816257033497e-05,0.0,0.0,0.0,0.0,0.0024098468808612474
4057.0,2.9905359042459168e-05,0.0,0.0,0.0,0.0,0.002492113253538264
4058.0,4.7657871959927434e-07,0.0,0.0,0.0,0.0,3.9714893299939526e-05
4059.0,4.313043245929293e-05,0.0,0.0,0.0,0.0,0.0035942027049410776
4060.0,0.0,0.0,0.0,0.0,0.0,0.0
4061.0,0.0,0.0,0.0,0.0,0.0,0.0
4062.0,0.0,0.0,0.0,0.0,0.0,0.0
4063.0,0.0,0.0,0.0,0.0,0.0,0.0
4064.0,0.0,0.0,0.0,0.0,0.0,0.0
4065.0,0.0,0.0,0.0,0.0,0.0,0.0
4066.0,4.084963336481451e-07,0.0,0.0,0.0,0.0,3.4041361137345426e-05
4067.0,0.0,0.0,0.0,0.0,0.0,0.0
4068.0,0.0,0.0,0.0,0.0,0.0,0.0
4069.0,0.0,0.0,0.0,0.0,0.0,0.0
4070.0,0.0,0.0,0.0,0.0,0.0,0.0
4071.0,0.0,0.0,0.0,0.0,0.0,0.0
4072.0,4.93600146000972e-06,3.1256327929440886e-05,0.0,0.0,0.0,0.0007814081982360221
4073.0,0.00014333125727716833,0.0009267939603887498,0.0,0.0,0.0,0.023169849009718746
4074.0,1.7871707314043306e-06,1.0895680134126451e-05,0.0,0.0,0.0,0.00027239200335316127
4075.0,0.0,0.0,0.0,0.0,0.0,0.0
4076.0,0.0,0.0,0.0,0.0,0.0,0.0
4077.0,0.0,0.0,0.0,0.0,0.0,0.0
4078.0,0.0,0.0,0.0,0.0,0.0,0.0
4079.0,0.0,0.0,0.0,0.0,0.0,0.0
4080.0,0.0,0.0,0.0,0.0,0.0,0.0
4081.0,0.0,0.0,0.0,0.0,0.0,0.0
4082.0,3.744547996120673e-07,0.0,0.0,0.0,0.0,3.120456663433894e-05
4083.0,3.744547996120673e-07,0.0,0.0,0.0,0.0,3.120456663433894e-05
4084.0,0.0,0.0,0.0,0.0,0.0,0.0
4085.0,0.0,0.0,0.0,0.0,0.0,0.0
4086.0,0.0,0.0,0.0,0.0,0.0,0.0
4087.0,0.0,0.0,0.0,0.0,0.0,0.0
4088.0,0.0,0.0,0.0,0.0,0.0,0.0
4089.0,0.0,0.0,0.0,0.0,0.0,0.0
4090.0,0.0,0.0,0.0,0.0,0.0,0.0
4091.0,0.0,0.0,0.0,0.0,0.0,0.0
4092.0,0.0,0.0,0.0,0.0,0.0,0.0
4093.0,0.0,0.0,0.0,0.0,0.0,0.0
4094.0,0.0,0.0,0.0,0.0,0.0,0.0
4095.0,0.0,0.0,0.0,0.0,0.0,0.0
4096.0,0.0,0.0,0.0,0.0,0.0,0.0
4097.0,0.0,0.0,0.0,0.0,0.0,0.0
4098.0,0.0,0.0,0.0,0.0,0.0,0.0
4099.0,0.0,0.0,0.0,0.0,0.0,0.0
4100.0,0.0,0.0,0.0,0.0,0.0,0.0
4101.0,0.0,0.0,0.0,0.0,0.0,0.0
4102.0,0.0,0.0,0.0,0.0,0.0,0.0
4103.0,0.0,0.0,0.0,0.0,0.0,0.0
4104.0,0.0,0.0,0.0,0.0,0.0,0.0
4105.0,0.0,0.0,0.0,0.0,0.0,0.0
4106.0,4.236450695316307e-05,0.0,0.0,0.0,0.001736111111111111,0.011574074074074073
4107.0,7.31888519567292e-07,0.0,0.0,0.0,0.0,6.0990709963940994e-05
4108.0,3.744547996120673e-07,0.0,0.0,0.0,0.0,3.120456663433894e-05
4109.0,0.0,0.0,0.0,0.0,0.0,0.0
4110.0,0.0,0.0,0.0,0.0,0.0,0.0
4111.0,0.0,0.0,0.0,0.0,0.0,0.0
4112.0,0.0,0.0,0.0,0.0,0.0,0.0
4113.0,0.0,0.0,0.0,0.0,0.0,0.0
4114.0,0.0,0.0,0.0,0.0,0.0,0.0
4115.0,0.0,0.0,0.0,0.0,0.0,0.0
4116.0,0.0,0.0,0.0,0.0,0.0,0.0
4117.0,0.0,0.0,0.0,0.0,0.0,0.0
4118.0,0.0,0.0,0.0,0.0,0.0,0.0
4119.0,0.0,0.0,0.0,0.0,0.0,0.0
4120.0,0.0,0.0,0.0,0.0,0.0,0.0
4121.0,0.0,0.0,0.0,0.0,0.0,0.0
4122.0,0.0,0.0,0.0,0.0,0.0,0.0
4123.0,0.0,0.0,0.0,0.0,0.0,0.0
4124.0,0.0,0.0,0.0,0.0,0.0,0.0
4125.0,0.0,0.0,0.0,0.0,0.0,0.0
4126.0,0.0,0.0,0.0,0.0,0.0,0.0
4127.0,0.019999537616968155,0.03936128690838814,0.0013267542235553265,0.0,0.3298611111111111,2.199074074074074
4128.0,0.0,0.0,0.0,0.0,0.0,0.0
4129.0,0.0,0.0,0.0,0.0,0.0,0.0
4130.0,0.0,0.0,0.0,0.0,0.0,0.0
4131.0,0.0,0.0,0.0,0.0,0.0,0.0
4132.0,0.0,0.0,0.0,0.0,0.0,0.0
4133.0,0.0,0.0,0.0,0.0,0.0,0.0
4134.0,0.0,0.0,0.0,0.0,0.0,0.0
4135.0,6.093405772844562e-06,3.9400558307534084e-05,0.0,0.0,0.001736111111111111,0.011574074074074073
4136.0,0.00012791051995009184,0.0008270818507298827,0.0,0.0,0.001736111111111111,0.020677046268247068
4137.0,0.0001002178541966714,0.0006480184383690357,0.0,0.0,0.001736111111111111,0.016200460959225893
4138.0,0.0014937191735953093,0.009658534079790115,0.0,0.0,0.029513888888888888,0.24146335199475288
4139.0,0.0007570294546894729,0.0026260812301188707,0.0,0.0,0.024305555555555556,0.16203703703703703
4140.0,0.0013794420519843698,0.006958163809031248,0.0,0.0,0.03125,0.20833333333333334
4141.0,0.0009671669104136527,0.006221550051122904,0.0,0.0,0.019097222222222224,0.1555387512780726
4142.0,1.9897192032658495e-05,0.00012865719327237457,0.0,0.0,0.001736111111111111,0.011574074074074073
4143.0,0.0,0.0,0.0,0.0,0.0,0.0
4144.0,0.0,0.0,0.0,0.0,0.0,0.0
4145.0,0.0001379186869598925,0.0008917957311496139,0.0,0.0,0.0,0.022294893278740346
4146.0,0.0,0.0,0.0,0.0,0.0,0.0
4147.0,0.00016139022773131728,0.0010435649892315269,0.0,0.0,0.003472222222222222,0.02608912473078817
4148.0,5.599808901024517e-06,3.620891220634803e-05,0.0,0.0,0.0,0.0009052228051587008
4149.0,1.2884704119642265e-05,8.331376739079133e-05,0.0,0.0,0.0,0.002082844184769783
4150.0,0.0,0.0,0.0,0.0,0.0,0.0
4151.0,6.801469135098159e-05,0.0004397896700538695,0.0,0.0,0.0,0.010994741751346737
4152.0,0.0001854745059972629,0.0011992963263764977,0.0,0.0,0.001736111111111111,0.029982408159412444
4153.0,7.907814142527059e-05,0.0005113270017318428,0.0,0.0,0.0,0.012783175043296069
4154.0,0.0001616965892026201,0.0010455460287630558,0.0,0.0,0.0,0.026138650719076395
4155.0,0.0,0.0,0.0,0.0,0.0,0.0
4156.0,0.00014539076073560864,0.0009401108836755157,0.0,0.0,0.001736111111111111,0.02350277209188789
4157.0,0.0002850795863196254,0.00184225186239928,0.0,0.0,0.0,0.046056296559982
4158.0,0.0001476545148761943,0.0007109712460078299,0.0,0.0,0.0,0.017774281150195748
4159.0,0.00016670068725943565,7.704007316533534e-07,0.0,0.0,0.0,0.013891723938286304
4160.0,0.00015577339217998087,0.0,0.0,0.0,0.0,0.012981116014998406
4161.0,0.0,0.0,0.0,0.0,0.0,0.0
4162.0,0.0,0.0,0.0,0.0,0.0,0.0
4163.0,0.0,0.0,0.0,0.0,0.0,0.0
4164.0,0.0,0.0,0.0,0.0,0.0,0.0
4165.0,0.0,0.0,0.0,0.0,0.0,0.0
4166.0,0.0004154240887146443,1.155601603386458e-05,0.0,0.0,0.013888888888888888,0.09259259259259259
4167.0,0.0002475660003256053,0.0010946316178888083,0.0,0.0,0.001736111111111111,0.027365790447220206
4168.0,1.702069596376532e-07,9.905173783408827e-07,0.0,0.0,0.0,2.4762934458522068e-05
4169.0,0.0,0.0,0.0,0.0,0.0,0.0
4170.0,0.0,0.0,0.0,0.0,0.0,0.0
4171.0,0.0,0.0,0.0,0.0,0.0,0.0
4172.0,0.0,0.0,0.0,0.0,0.0,0.0
4173.0,0.0,0.0,0.0,0.0,0.0,0.0
4174.0,6.297655545495218e-06,9.795121513889171e-06,0.0,0.0,0.0,0.0005248046287912681
4175.0,0.0,0.0,0.0,0.0,0.0,0.0
4176.0,0.0,0.0,0.0,0.0,0.0,0.0
4177.0,0.0,0.0,0.0,0.0,0.0,0.0
4178.0,0.0,0.0,0.0,0.0,0.0,0.0
4179.0,0.0,0.0,0.0,0.0,0.0,0.0
4180.0,0.0,0.0,0.0,0.0,0.0,0.0
4181.0,0.0,0.0,0.0,0.0,0.0,0.0
4182.0,1.7020670384226833e-07,0.0,0.0,0.0,0.0,1.4183891986855693e-05
4183.0,1.7020670384226833e-07,0.0,0.0,0.0,0.0,1.4183891986855693e-05
4184.0,0.0,0.0,0.0,0.0,0.0,0.0
4185.0,0.0,0.0,0.0,0.0,0.0,0.0
4186.0,0.0001694410020718351,0.0,0.00036829194868914783,0.0,0.003472222222222222,0.023148148148148147
4187.0,0.0,0.0,0.0,0.0,0.0,0.0
4188.0,0.0,0.0,0.0,0.0,0.0,0.0
4189.0,0.0,0.0,0.0,0.0,0.0,0.0
4190.0,0.0,0.0,0.0,0.0,0.0,0.0
4191.0,1.7531265257275663e-06,0.0,2.5799815830396255e-06,0.0,0.0,0.00014609387714396385
4192.0,0.0,0.0,0.0,0.0,0.0,0.0
4193.0,0.0,0.0,0.0,0.0,0.0,0.0
4194.0,0.0,0.0,0.0,0.0,0.0,0.0
4195.0,0.0,0.0,0.0,0.0,0.0,0.0
4196.0,0.0,0.0,0.0,0.0,0.0,0.0
4197.0,0.0,0.0,0.0,0.0,0.0,0.0
4198.0,0.0,0.0,0.0,0.0,0.0,0.0
4199.0,0.0001450163108529523,0.0009374695364385843,0.0,0.0,0.001736111111111111,0.023436738410964608
4200.0,0.0,0.0,0.0,0.0,0.0,0.0
4201.0,0.0,0.0,0.0,0.0,0.0,0.0
4202.0,0.0,0.0,0.0,0.0,0.0,0.0
4203.0,0.0,0.0,0.0,0.0,0.0,0.0
4204.0,0.0,0.0,0.0,0.0,0.0,0.0
4205.0,0.0,0.0,0.0,0.0,0.0,0.0
4206.0,0.0,0.0,0.0,0.0,0.0,0.0
4207.0,2.5871484012895962e-06,1.540806442790199e-05,0.0,0.0,0.0,0.00038520161069754977
4208.0,1.7020670384226833e-07,0.0,0.0,0.0,0.0,1.4183891986855693e-05
4209.0,0.0,0.0,0.0,0.0,0.0,0.0
4210.0,0.0,0.0,0.0,0.0,0.0,0.0
4211.0,0.0,0.0,0.0,0.0,0.0,0.0
4212.0,0.0,0.0,0.0,0.0,0.0,0.0
4213.0,0.0,0.0,0.0,0.0,0.0,0.0
4214.0,0.0,0.0,0.0,0.0,0.0,0.0
4215.0,0.0,0.0,0.0,0.0,0.0,0.0
4216.0,0.0,0.0,0.0,0.0,0.0,0.0
4217.0,0.0,0.0,0.0,0.0,0.0,0.0
4218.0,0.0,0.0,0.0,0.0,0.0,0.0
4219.0,0.0,0.0,0.0,0.0,0.0,0.0
4220.0,0.0,0.0,0.0,0.0,0.0,0.0
4221.0,0.0,0.0,0.0,0.0,0.0,0.0
4222.0,0.0,0.0,0.0,0.0,0.0,0.0
4223.0,0.0,0.0,0.0,0.0,0.0,0.0
4224.0,0.0,0.0,0.0,0.0,0.0,0.0
4225.0,0.0,0.0,0.0,0.0,0.0,0.0
4226.0,0.0,0.0,0.0,0.0,0.0,0.0
4227.0,0.0,0.0,0.0,0.0,0.0,0.0
4228.0,0.0,0.0,0.0,0.0,0.0,0.0
4229.0,0.0,0.0,0.0,0.0,0.0,0.0
4230.0,0.0,0.0,0.0,0.0,0.0,0.0
4231.0,0.0,0.0,0.0,0.0,0.0,0.0
4232.0,1.7020670384226833e-07,0.0,0.0,0.0,0.0,1.4183891986855693e-05
4233.0,1.7020670384226833e-07,0.0,0.0,0.0,0.0,1.4183891986855693e-05
4234.0,0.0,0.0,0.0,0.0,0.0,0.0
4235.0,0.00010854096035473049,0.0007017263560555875,7.836685108486563e-05,0.0,0.001736111111111111,0.017543158901389688
4236.0,0.00011931507469853386,0.0003332540509290993,0.0012832169886678457,0.0,0.0,0.00994292289154449
4237.0,0.00017725351790431887,0.0003391971404198557,0.003246903419494629,0.0,0.001736111111111111,0.014771126492026571
4238.0,0.0,0.0,0.0,0.0,0.0,0.0
4239.0,0.00010362197645008564,0.00017873331671580672,0.0018637120956555009,0.0,0.003472222222222222,0.023148148148148147
4240.0,0.0001395526633132249,0.000902361236512661,0.0,0.0,0.001736111111111111,0.022559030912816525
4241.0,0.00014372273290064186,0.0005553499795496464,0.0016850485699251294,0.0,0.003472222222222222,0.023148148148148147
4242.0,0.0001664964365772903,0.0007619279203936458,0.0014841327210888267,0.0,0.003472222222222222,0.023148148148148147
4243.0,0.0,0.0,0.0,0.0,0.0,0.0
4244.0,0.0,0.0,0.0,0.0,0.0,0.0
4245.0,0.0,0.0,0.0,0.0,0.0,0.0
4246.0,0.0,0.0,0.0,0.0,0.0,0.0
4247.0,0.0,0.0,0.0,0.0,0.0,0.0
4248.0,0.0,0.0,0.0,0.0,0.0,0.0
4249.0,2.84246289083967e-06,1.3206953553890344e-05,2.0962299458915368e-05,0.0,0.0,0.0003301738388472586
4250.0,0.0,0.0,0.0,0.0,0.0,0.0
4251.0,0.0,0.0,0.0,0.0,0.0,0.0
4252.0,0.0,0.0,0.0,0.0,0.0,0.0
4253.0,0.0,0.0,0.0,0.0,0.0,0.0
4254.0,0.0,0.0,0.0,0.0,0.0,0.0
4255.0,0.0,0.0,0.0,0.0,0.0,0.0
4256.0,0.0,0.0,0.0,0.0,0.0,0.0
4257.0,1.7020670384226833e-07,0.0,0.0,0.0,0.0,1.4183891986855693e-05
4258.0,1.7020670384226833e-07,0.0,0.0,0.0,0.0,1.4183891986855693e-05
4259.0,0.0,0.0,0.0,0.0,0.0,0.0
4260.0,0.0,0.0,0.0,0.0,0.0,0.0
4261.0,0.0,0.0,0.0,0.0,0.0,0.0
4262.0,0.0,0.0,0.0,0.0,0.0,0.0
4263.0,0.0,0.0,0.0,0.0,0.0,0.0
4264.0,0.0,0.0,0.0,0.0,0.0,0.0
4265.0,0.0,0.0,0.0,0.0,0.0,0.0
4266.0,0.0,0.0,0.0,0.0,0.0,0.0
4267.0,0.0,0.0,0.0,0.0,0.0,0.0
4268.0,0.0,0.0,0.0,0.0,0.0,0.0
4269.0,0.0,0.0,0.0,0.0,0.0,0.0
4270.0,0.0,0.0,0.0,0.0,0.0,0.0
4271.0,0.0,0.0,0.0,0.0,0.0,0.0
4272.0,0.0,0.0,0.0,0.0,0.0,0.0
4273.0,0.0,0.0,0.0,0.0,0.0,0.0
4274.0,0.00843642558902502,0.04133956879377365,0.009946141391992569,0.0,0.14756944444444445,1.0334892198443413
4275.0,0.07161998003721237,0.0803920179605484,0.5340798497200012,0.0,0.5,5.968331669767697
4276.0,0.0,0.0,0.0,0.0,0.0,0.0
4277.0,0.0,0.0,0.0,0.0,0.0,0.0
4278.0,0.0,0.0,0.0,0.0,0.0,0.0
4279.0,0.0,0.0,0.0,0.0,0.0,0.0
4280.0,0.0,0.0,0.0,0.0,0.0,0.0
4281.0,0.0,0.0,0.0,0.0,0.0,0.0
4282.0,0.0,0.0,0.0,0.0,0.0,0.0
4283.0,2.5957662728615105e-05,7.437044587277342e-06,1.8729984731180593e-05,0.0,0.0,0.0021631385607179254
4284.0,2.5957662728615105e-05,7.437044587277342e-06,1.8729984731180593e-05,0.0,0.0,0.0021631385607179254
4285.0,0.0,0.0,0.0,0.0,0.0,0.0
4286.0,0.0,0.0,0.0,0.0,0.0,0.0
4287.0,0.0,0.0,0.0,0.0,0.0,0.0
4288.0,0.0,0.0,0.0,0.0,0.0,0.0
4289.0,0.0,0.0,0.0,0.0,0.0,0.0
4290.0,0.0,0.0,0.0,0.0,0.0,0.0
4291.0,0.0,0.0,0.0,0.0,0.0,0.0
4292.0,0.0,0.0,0.0,0.0,0.0,0.0
4293.0,0.0,0.0,0.0,0.0,0.0,0.0
4294.0,0.0,0.0,0.0,0.0,0.0,0.0
4295.0,0.0,0.0,0.0,0.0,0.0,0.0
4296.0,0.0,0.0,0.0,0.0,0.0,0.0
4297.0,0.0,0.0,0.0,0.0,0.0,0.0
4298.0,0.0,0.0,0.0,0.0,0.0,0.0
4299.0,0.0,0.0,0.0,0.0,0.0,0.0
4300.0,0.0,0.0,0.0,0.0,0.0,0.0
4301.0,0.0,0.0,0.0,0.0,0.0,0.0
4302.0,0.0,0.0,0.0,0.0,0.0,0.0
4303.0,0.0,0.0,0.0,0.0,0.0,0.0
4304.0,0.0,0.0,0.0,0.0,0.0,0.0
4305.0,0.0,0.0,0.0,0.0,0.0,0.0
4306.0,0.0,0.0,0.0,0.0,0.0,0.0
4307.0,0.0,0.0,0.0,0.0,0.0,0.0
4308.0,2.5957662728615105e-05,7.437044587277342e-06,1.8729984731180593e-05,0.0,0.0,0.0021631385607179254
4309.0,2.5957662728615105e-05,7.437044587277342e-06,1.8729984731180593e-05,0.0,0.0,0.0021631385607179254
4310.0,0.0,0.0,0.0,0.0,0.0,0.0
4311.0,0.0,0.0,0.0,0.0,0.0,0.0
4312.0,0.0,0.0,0.0,0.0,0.0,0.0
4313.0,0.0,0.0,0.0,0.0,0.0,0.0
4314.0,0.0,0.0,0.0,0.0,0.0,0.0
4315.0,0.0,0.0,0.0,0.0,0.0,0.0
4316.0,0.0,0.0,0.0,0.0,0.0,0.0
4317.0,0.0,0.0,0.0,0.0,0.0,0.0
4318.0,0.0,0.0,0.0,0.0,0.0,0.0
4319.0,0.0,0.0,0.0,0.0,0.0,0.0
4320.0,0.0,0.0,0.0,0.0,0.0,0.0
4321.0,0.0,0.0,0.0,0.0,0.0,0.0
4322.0,0.0,0.0,0.0,0.0,0.0,0.0
4323.0,0.0,0.0,0.0,0.0,0.0,0.0
4324.0,0.0,0.0,0.0,0.0,0.0,0.0
4325.0,0.0,0.0,0.0,0.0,0.0,0.0
4326.0,0.0,0.0,0.0,0.0,0.0,0.0
4327.0,0.0,0.0,0.0,0.0,0.0,0.0
4328.0,0.0,0.0,0.0,0.0,0.0,0.0
4329.0,0.0,0.0,0.0,0.0,0.0,0.0
4330.0,0.0,0.0,0.0,0.0,0.0,0.0
4331.0,0.0,0.0,0.0,0.0,0.0,0.0
4332.0,0.0,0.0,0.0,0.0,0.0,0.0
4333.0,2.5957662728615105e-05,7.437044587277342e-06,1.8729984731180593e-05,0.0,0.0,0.0021631385607179254
4334.0,2.5957662728615105e-05,7.437044587277342e-06,1.8729984731180593e-05,0.0,0.0,0.0021631385607179254
4335.0,0.0,0.0,0.0,0.0,0.0,0.0
4336.0,0.0,0.0,0.0,0.0,0.0,0.0
4337.0,0.0,0.0,0.0,0.0,0.0,0.0
4338.0,0.0,0.0,0.0,0.0,0.0,0.0
4339.0,0.0,0.0,0.0,0.0,0.0,0.0
4340.0,0.0,0.0,0.0,0.0,0.0,0.0
4341.0,0.0,0.0,0.0,0.0,0.0,0.0
4342.0,0.0,0.0,0.0,0.0,0.0,0.0
4343.0,0.0,0.0,0.0,0.0,0.0,0.0
4344.0,0.0,0.0,0.0,0.0,0.0,0.0
4345.0,0.0,0.0,0.0,0.0,0.0,0.0
4346.0,0.0,0.0,0.0,0.0,0.0,0.0
4347.0,0.0,0.0,0.0,0.0,0.0,0.0
4348.0,0.0,0.0,0.0,0.0,0.0,0.0
4349.0,0.0,0.0,0.0,0.0,0.0,0.0
4350.0,0.0,0.0,0.0,0.0,0.0,0.0
4351.0,0.0,0.0,0.0,0.0,0.0,0.0
4352.0,0.0,0.0,0.0,0.0,0.0,0.0
4353.0,0.00025119143538177013,0.0,0.0,0.0,0.013888888888888888,0.09259259259259259
4354.0,0.00044504005927592516,0.0,0.0,0.0,0.010416666666666666,0.06944444444444445
4355.0,1.37867637022282e-05,0.0,0.0,0.0,0.0,0.0011488969751856832
4356.0,0.00014693965204060078,0.0,0.0,0.0,0.0,0.012244971003383398
4357.0,0.0,0.0,0.0,0.0,0.0,0.0
4358.0,0.0005049370811320841,7.437044587277342e-06,1.8729984731180593e-05,0.0,0.013888888888888888,0.09259259259259259
4359.0,0.00040783392614685,7.437044587277342e-06,1.8729984731180593e-05,0.0,0.010416666666666666,0.06944444444444445
4360.0,6.961464350752067e-06,0.0,0.0,0.0,0.0,0.0005801220292293389
4361.0,0.00027277361368760467,0.0,0.0,0.0,0.022569444444444444,0.15046296296296297
4362.0,0.00013219972606748343,0.0,0.0,0.0,0.003472222222222222,0.023148148148148147
4363.0,0.00019648690067697316,0.0,0.0,0.0,0.001736111111111111,0.016373908389747765
4364.0,0.0,0.0,0.0,0.0,0.0,0.0
4365.0,0.0,0.0,0.0,0.0,0.0,0.0
4366.0,0.0,0.0,0.0,0.0,0.0,0.0
4367.0,9.616678653401323e-06,0.0,0.0,0.0,0.0,0.0008013898877834436
4368.0,0.0,0.0,0.0,0.0,0.0,0.0
4369.0,0.0,0.0,0.0,0.0,0.0,0.0
4370.0,0.0,0.0,0.0,0.0,0.0,0.0
4371.0,0.0,0.0,0.0,0.0,0.0,0.0
4372.0,0.0,0.0,0.0,0.0,0.0,0.0
4373.0,0.0,0.0,0.0,0.0,0.0,0.0
4374.0,0.0,0.0,0.0,0.0,0.0,0.0
4375.0,0.0,0.0,0.0,0.0,0.0,0.0
4376.0,0.0,0.0,0.0,0.0,0.0,0.0
4377.0,0.0,0.0,0.0,0.0,0.0,0.0
4378.0,0.0,0.0,0.0,0.0,0.0,0.0
4379.0,0.0023112741764634848,0.0,0.0,0.0,0.0763888888888889,0.5092592592592593
4380.0,0.0,0.0,0.0,0.0,0.0,0.0
4381.0,0.0,0.0,0.0,0.0,0.0,0.0
4382.0,0.0,0.0,0.0,0.0,0.0,0.0
4383.0,2.5957662728615105e-05,7.437044587277342e-06,1.8729984731180593e-05,0.0,0.0,0.0021631385607179254
4384.0,2.5957662728615105e-05,7.437044587277342e-06,1.8729984731180593e-05,0.0,0.0,0.0021631385607179254
4385.0,0.0,0.0,0.0,0.0,0.0,0.0
4386.0,0.0,0.0,0.0,0.0,0.0,0.0
4387.0,0.0,0.0,0.0,0.0,0.0,0.0
4388.0,0.0,0.0,0.0,0.0,0.0,0.0
4389.0,0.0,0.0,0.0,0.0,0.0,0.0
4390.0,0.0,0.0,0.0,0.0,0.0,0.0
4391.0,0.0,0.0,0.0,0.0,0.0,0.0
4392.0,0.0,0.0,0.0,0.0,0.0,0.0
4393.0,0.0,0.0,0.0,0.0,0.0,0.0
4394.0,0.0,0.0,0.0,0.0,0.0,0.0
4395.0,0.0,0.0,0.0,0.0,0.0,0.0
4396.0,0.0,0.0,0.0,0.0,0.0,0.0
4397.0,0.0,0.0,0.0,0.0,0.0,0.0
4398.0,0.0,0.0,0.0,0.0,0.0,0.0
4399.0,0.0,0.0,0.0,0.0,0.0,0.0
4400.0,0.0,0.0,0.0,0.0,0.0,0.0
4401.0,0.0,0.0,0.0,0.0,0.0,0.0
4402.0,0.0,0.0,0.0,0.0,0.0,0.0
4403.0,0.0,0.0,0.0,0.0,0.0,0.0
4404.0,0.0,0.0,0.0,0.0,0.0,0.0
4405.0,0.0,0.0,0.0,0.0,0.0,0.0
4406.0,0.0,0.0,0.0,0.0,0.0,0.0
4407.0,0.0,0.0,0.0,0.0,0.0,0.0
4408.0,2.5957662728615105e-05,7.437044587277342e-06,1.8729984731180593e-05,0.0,0.0,0.0021631385607179254
4409.0,2.5957662728615105e-05,7.437044587277342e-06,1.8729984731180593e-05,0.0,0.0,0.0021631385607179254
4410.0,0.0,0.0,0.0,0.0,0.0,0.0
4411.0,0.0,0.0,0.0,0.0,0.0,0.0
4412.0,0.0,0.0,0.0,0.0,0.0,0.0
4413.0,0.0,0.0,0.0,0.0,0.0,0.0
4414.0,0.0,0.0,0.0,0.0,0.0,0.0
4415.0,0.0,0.0,0.0,0.0,0.0,0.0
4416.0,0.0,0.0,0.0,0.0,0.0,0.0
4417.0,0.0,0.0,0.0,0.0,0.0,0.0
4418.0,0.0,0.0,0.0,0.0,0.0,0.0
4419.0,0.0,0.0,0.0,0.0,0.0,0.0
4420.0,0.0,0.0,0.0,0.0,0.0,0.0
4421.0,0.0,0.0,0.0,0.0,0.0,0.0
4422.0,0.0,0.0,0.0,0.0,0.0,0.0
4423.0,0.0,0.0,0.0,0.0,0.0,0.0
4424.0,0.0,0.0,0.0,0.0,0.0,0.0
4425.0,0.0,0.0,0.0,0.0,0.0,0.0
4426.0,0.0,0.0,0.0,0.0,0.0,0.0
4427.0,0.0,0.0,0.0,0.0,0.0,0.0
4428.0,0.0004957617493346334,0.0,0.0,0.0,0.024305555555555556,0.16203703703703703
4429.0,0.0008810252184048295,0.0,0.0,0.0,0.04861111111111111,0.32407407407407407
4430.0,0.00022693689970765263,0.0,0.0,0.0,0.003472222222222222,0.023148148148148147
4431.0,0.0,0.0,0.0,0.0,0.0,0.0
4432.0,0.0007578974473290145,0.0,0.0,0.015728048980236053,0.020833333333333332,1.9660061225295067
4433.0,0.00020770463743247092,7.437044587277342e-06,1.8729984731180593e-05,6.963020859984681e-05,0.003472222222222222,0.023148148148148147
4434.0,2.6212972443317994e-05,7.437044587277342e-06,1.8729984731180593e-05,0.0,0.0,0.0021844143702764995
4435.0,0.00031711257179267704,0.0,0.0,0.0,0.006944444444444444,0.046296296296296294
4436.0,5.123229129821993e-06,0.0,0.0,0.0,0.0,0.00042693576081849943
4437.0,1.0178372576774564e-05,0.0,0.0,0.0,0.0,0.0008481977147312136
4438.0,0.0005335817113518715,0.0,0.0,0.0,0.020833333333333332,0.1388888888888889
4439.0,0.0,0.0,0.0,0.0,0.0,0.0
4440.0,0.0001504629326518625,0.0,0.0,0.0,0.003472222222222222,0.023148148148148147
4441.0,1.0212456658109659e-07,0.0,0.0,0.0,0.0,8.510380548424715e-06
4442.0,1.0654975994839333e-05,0.0,0.0,0.0,0.0,0.0008879146662366111
4443.0,0.0,0.0,0.0,0.0,0.0,0.0
4444.0,0.0,0.0,0.0,0.0,0.0,0.0
4445.0,0.0,0.0,0.0,0.0,0.0,0.0
4446.0,0.0,0.0,0.0,0.0,0.0,0.0
4447.0,0.0,0.0,0.0,0.0,0.0,0.0
4448.0,0.0,0.0,0.0,0.0,0.0,0.0
4449.0,0.0,0.0,0.0,0.0,0.0,0.0
4450.0,0.0,0.0,0.0,0.0,0.0,0.0
4451.0,0.0,0.0,0.0,0.0,0.0,0.0
4452.0,0.0,0.0,0.0,0.0,0.0,0.0
4453.0,0.0,0.0,0.0,0.0,0.0,0.0
4454.0,0.0,0.0,0.0,0.0,0.0,0.0
4455.0,0.0,0.0,0.0,0.0,0.0,0.0
4456.0,0.0,0.0,0.0,0.0,0.0,0.0
4457.0,0.0,0.0,0.0,0.0,0.0,0.0
4458.0,2.6502326363697648e-05,7.437044587277342e-06,1.8729984731180593e-05,0.0,0.0,0.002208527196974804
4459.0,2.6502326363697648e-05,7.437044587277342e-06,1.8729984731180593e-05,0.0,0.0,0.002208527196974804
4460.0,0.0,0.0,0.0,0.0,0.0,0.0
4461.0,0.0,0.0,0.0,0.0,0.0,0.0
4462.0,0.0,0.0,0.0,0.0,0.0,0.0
4463.0,0.0,0.0,0.0,0.0,0.0,0.0
4464.0,0.0,0.0,0.0,0.0,0.0,0.0
4465.0,0.003541052807122469,0.0,0.0,0.015764255076646805,0.11805555555555555,1.9705318845808506
4466.0,0.07441475242376328,0.0035308822989463806,0.0,0.0,0.3055555555555556,6.201229368646939
4467.0,0.0,0.0,0.0,0.0,0.0,0.0
4468.0,0.0,0.0,0.0,0.0,0.0,0.0
4469.0,0.0,0.0,0.0,0.0,0.0,0.0
4470.0,0.0,0.0,0.0,0.0,0.0,0.0
4471.0,0.0,0.0,0.0,0.0,0.0,0.0
4472.0,0.0,0.0,0.0,0.0,0.0,0.0
4473.0,0.0,0.0,0.0,0.0,0.0,0.0
4474.0,0.0,0.0,0.0,0.0,0.0,0.0
4475.0,0.0,0.0,0.0,0.0,0.0,0.0
4476.0,0.0,0.0,0.0,0.0,0.0,0.0
4477.0,0.0,0.0,0.0,0.0,0.0,0.0
4478.0,0.0,0.0,0.0,0.0,0.0,0.0
4479.0,0.0,0.0,0.0,0.0,0.0,0.0
4480.0,0.0,0.0,0.0,0.0,0.0,0.0
4481.0,0.0,0.0,0.0,0.0,0.0,0.0
4482.0,7.317194672395999e-08,0.0,1.0639183756211423e-06,0.0,0.0,6.097662226996666e-06
4483.0,7.317194672395999e-08,0.0,1.0639183756211423e-06,0.0,0.0,6.097662226996666e-06
4484.0,0.0,0.0,0.0,0.0,0.0,0.0
4485.0,0.0,0.0,0.0,0.0,0.0,0.0
4486.0,0.0,0.0,0.0,0.0,0.0,0.0
4487.0,0.0,0.0,0.0,0.0,0.0,0.0
4488.0,0.0,0.0,0.0,0.0,0.0,0.0
4489.0,0.0,0.0,0.0,0.0,0.0,0.0
4490.0,0.0,0.0,0.0,0.0,0.0,0.0
4491.0,0.0,0.0,0.0,0.0,0.0,0.0
4492.0,0.0,0.0,0.0,0.0,0.0,0.0
4493.0,0.0,0.0,0.0,0.0,0.0,0.0
4494.0,0.0,0.0,0.0,0.0,0.0,0.0
4495.0,0.0,0.0,0.0,0.0,0.0,0.0
4496.0,0.0,0.0,0.0,0.0,0.0,0.0
4497.0,0.0,0.0,0.0,0.0,0.0,0.0
4498.0,0.0,0.0,0.0,0.0,0.0,0.0
4499.0,0.0,0.0,0.0,0.0,0.0,0.0
4500.0,0.0,0.0,0.0,0.0,0.0,0.0
4501.0,0.0,0.0,0.0,0.0,0.0,0.0
4502.0,0.0,0.0,0.0,0.0,0.0,0.0
4503.0,0.0,0.0,0.0,0.0,0.0,0.0
4504.0,0.0,0.0,0.0,0.0,0.0,0.0
4505.0,0.0,0.0,0.0,0.0,0.0,0.0
4506.0,0.0,0.0,0.0,0.0,0.0,0.0
4507.0,7.317194672395999e-08,0.0,1.0639183756211423e-06,0.0,0.0,6.097662226996666e-06
4508.0,7.317194672395999e-08,0.0,1.0639183756211423e-06,0.0,0.0,6.097662226996666e-06
4509.0,0.0,0.0,0.0,0.0,0.0,0.0
4510.0,0.0,0.0,0.0,0.0,0.0,0.0
4511.0,0.0,0.0,0.0,0.0,0.0,0.0
4512.0,0.0,0.0,0.0,0.0,0.0,0.0
4513.0,0.0,0.0,0.0,0.0,0.0,0.0
4514.0,0.0,0.0,0.0,0.0,0.0,0.0
4515.0,0.0,0.0,0.0,0.0,0.0,0.0
4516.0,0.0,0.0,0.0,0.0,0.0,0.0
4517.0,0.0,0.0,0.0,0.0,0.0,0.0
4518.0,0.0,0.0,0.0,0.0,0.0,0.0
4519.0,0.0,0.0,0.0,0.0,0.0,0.0
4520.0,0.0,0.0,0.0,0.0,0.0,0.0
4521.0,0.0,0.0,0.0,0.0,0.0,0.0
4522.0,0.0,0.0,0.0,0.0,0.0,0.0
4523.0,0.0,0.0,0.0,0.0,0.0,0.0
4524.0,0.0,0.0,0.0,0.0,0.0,0.0
4525.0,0.0,0.0,0.0,0.0,0.0,0.0
4526.0,0.0,0.0,0.0,0.0,0.0,0.0
4527.0,0.0,0.0,0.0,0.0,0.0,0.0
4528.0,0.0,0.0,0.0,0.0,0.0,0.0
4529.0,0.0,0.0,0.0,0.0,0.0,0.0
4530.0,0.0,0.0,0.0,0.0,0.0,0.0
4531.0,0.0,0.0,0.0,0.0,0.0,0.0
4532.0,7.317194672395999e-08,0.0,1.0639183756211423e-06,0.0,0.0,6.097662226996666e-06
4533.0,7.317194672395999e-08,0.0,1.0639183756211423e-06,0.0,0.0,6.097662226996666e-06
4534.0,0.0,0.0,0.0,0.0,0.0,0.0
4535.0,0.0,0.0,0.0,0.0,0.0,0.0
4536.0,0.0,0.0,0.0,0.0,0.0,0.0
4537.0,0.0,0.0,0.0,0.0,0.0,0.0
4538.0,0.0,0.0,0.0,0.0,0.0,0.0
4539.0,0.0,0.0,0.0,0.0,0.0,0.0
4540.0,0.0,0.0,0.0,0.0,0.0,0.0
4541.0,0.0,0.0,0.0,0.0,0.0,0.0
4542.0,0.0,0.0,0.0,0.0,0.0,0.0
4543.0,0.0,0.0,0.0,0.0,0.0,0.0
4544.0,0.0,0.0,0.0,0.0,0.0,0.0
4545.0,0.0,0.0,0.0,0.0,0.0,0.0
4546.0,0.0,0.0,0.0,0.0,0.0,0.0
4547.0,0.0,0.0,0.0,0.0,0.0,0.0
4548.0,0.0,0.0,0.0,0.0,0.0,0.0
4549.0,0.0,0.0,0.0,0.0,0.0,0.0
4550.0,0.0,0.0,0.0,0.0,0.0,0.0
4551.0,0.0,0.0,0.0,0.0,0.0,0.0
4552.0,0.0,0.0,0.0,0.0,0.0,0.0
4553.0,0.0,0.0,0.0,0.0,0.0,0.0
4554.0,0.0,0.0,0.0,0.0,0.0,0.0
4555.0,0.0,0.0,0.0,0.0,0.0,0.0
4556.0,0.0,0.0,0.0,0.0,0.0,0.0
4557.0,7.317194672395999e-08,0.0,1.0639183756211423e-06,0.0,0.0,6.097662226996666e-06
4558.0,7.317194672395999e-08,0.0,1.0639183756211423e-06,0.0,0.0,6.097662226996666e-06
4559.0,0.0,0.0,0.0,0.0,0.0,0.0
4560.0,0.0,0.0,0.0,0.0,0.0,0.0
4561.0,0.0,0.0,0.0,0.0,0.0,0.0
4562.0,0.0,0.0,0.0,0.0,0.0,0.0
4563.0,0.0,0.0,0.0,0.0,0.0,0.0
4564.0,0.0,0.0,0.0,0.0,0.0,0.0
4565.0,0.0,0.0,0.0,0.0,0.0,0.0
4566.0,0.0,0.0,0.0,0.0,0.0,0.0
4567.0,0.0,0.0,0.0,0.0,0.0,0.0
4568.0,0.0,0.0,0.0,0.0,0.0,0.0
4569.0,0.0,0.0,0.0,0.0,0.0,0.0
4570.0,0.0,0.0,0.0,0.0,0.0,0.0
4571.0,0.0,0.0,0.0,0.0,0.0,0.0
4572.0,0.0,0.0,0.0,0.0,0.0,0.0
4573.0,0.0,0.0,0.0,0.0,0.0,0.0
4574.0,0.0,0.0,0.0,0.0,0.0,0.0
4575.0,0.0,0.0,0.0,0.0,0.0,0.0
4576.0,0.0,0.0,0.0,0.0,0.0,0.0
4577.0,0.0,0.0,0.0,0.0,0.0,0.0
4578.0,0.00037297443486750126,0.0,0.0,0.0,0.010416666666666666,0.06944444444444445
4579.0,0.0002553444355726242,0.0,0.0,0.0,0.010416666666666666,0.06944444444444445
4580.0,0.00015257348422892392,0.0,0.0,0.0,0.006944444444444444,0.046296296296296294
4581.0,0.0002557529369369149,0.0,0.0,0.0,0.013888888888888888,0.09259259259259259
4582.0,0.0004566362767945975,0.0,1.0639183756211423e-06,0.0,0.013888888888888888,0.09259259259259259
4583.0,7.317194672395999e-08,0.0,1.0639183756211423e-06,0.0,0.0,6.097662226996666e-06
4584.0,0.0,0.0,0.0,0.0,0.0,0.0
4585.0,0.0,0.0,0.0,0.0,0.0,0.0
4586.0,0.0,0.0,0.0,0.0,0.0,0.0
4587.0,0.0,0.0,0.0,0.0,0.0,0.0
4588.0,0.0,0.0,0.0,0.0,0.0,0.0
4589.0,0.0,0.0,0.0,0.0,0.0,0.0
4590.0,0.0,0.0,0.0,0.0,0.0,0.0
4591.0,0.0,0.0,0.0,0.0,0.0,0.0
4592.0,0.0,0.0,0.0,0.0,0.0,0.0
4593.0,0.0,0.0,0.0,0.0,0.0,0.0
4594.0,0.0,0.0,0.0,0.0,0.0,0.0
4595.0,0.0,0.0,0.0,0.0,0.0,0.0
4596.0,0.0,0.0,0.0,0.0,0.0,0.0
4597.0,0.0006015623803250492,0.0,0.0,0.0,0.020833333333333332,0.1388888888888889
4598.0,0.0005569682107307017,0.0,0.0,0.0,0.017361111111111112,0.11574074074074076
4599.0,0.00033175034332089126,0.0,0.0,0.0,0.013888888888888888,0.09259259259259259
4600.0,0.0,0.0,0.0,0.0,0.0,0.0
4601.0,0.0,0.0,0.0,0.0,0.0,0.0
4602.0,0.0,0.0,0.0,0.0,0.0,0.0
4603.0,0.0,0.0,0.0,0.0,0.0,0.0
4604.0,0.0,0.0,0.0,0.0,0.0,0.0
4605.0,0.0,0.0,0.0,0.0,0.0,0.0
4606.0,0.0,0.0,0.0,0.0,0.0,0.0
4607.0,1.775242935764254e-06,0.0,1.0639183756211423e-06,0.0,0.0,0.00014793691131368783
4608.0,7.317194672395999e-08,0.0,1.0639183756211423e-06,0.0,0.0,6.097662226996666e-06
4609.0,0.0,0.0,0.0,0.0,0.0,0.0
4610.0,0.0,0.0,0.0,0.0,0.0,0.0
4611.0,0.0,0.0,0.0,0.0,0.0,0.0
4612.0,0.0,0.0,0.0,0.0,0.0,0.0
4613.0,0.0,0.0,0.0,0.0,0.0,0.0
4614.0,0.0,0.0,0.0,0.0,0.0,0.0
4615.0,0.0,0.0,0.0,0.0,0.0,0.0
4616.0,3.7768917536595836e-05,0.0,0.0,0.0,0.001736111111111111,0.011574074074074073
4617.0,0.0004974127514287829,0.0,0.0,0.0,0.019097222222222224,0.12731481481481483
4618.0,0.0006629049894399941,0.0,0.0,0.0,0.024305555555555556,0.16203703703703703
4619.0,0.00013068488624412566,0.0,0.0,0.0,0.0,0.010890407187010473
4620.0,0.00038204650627449155,0.0,0.0,0.0,0.010416666666666666,0.06944444444444445
4621.0,0.00015562018961645663,0.0,0.0,0.0,0.003472222222222222,0.023148148148148147
4622.0,0.00010346880299039185,0.0,0.0,0.0,0.0,0.008622400249199321
4623.0,0.00016076044994406402,0.0,0.0,0.0,0.034722222222222224,0.2314814814814815
4624.0,1.7054740965249948e-05,0.0,0.0,0.0,0.0,0.001421228413770829
4625.0,0.0,0.0,0.0,0.0,0.0,0.0
4626.0,0.00023156653332989663,0.0,0.0,0.0,0.003472222222222222,0.023148148148148147
4627.0,0.0003714255872182548,0.0,0.0,0.0,0.005208333333333333,0.034722222222222224
4628.0,6.144470535218716e-05,0.0,0.0,0.0,0.0,0.005120392112682263
4629.0,0.0,0.0,0.0,0.0,0.0,0.0
4630.0,0.0,0.0,0.0,0.0,0.0,0.0
4631.0,0.0,0.0,0.0,0.0,0.0,0.0
4632.0,9.077117283595726e-06,0.0,1.0639183756211423e-06,0.0,0.0,0.0007564264402996438
4633.0,4.6464859337902453e-07,0.0,1.0639183756211423e-06,0.0,0.0,3.872071611491871e-05
4634.0,0.0,0.0,0.0,0.0,0.0,0.0
4635.0,0.0,0.0,0.0,0.0,0.0,0.0
4636.0,0.0,0.0,0.0,0.0,0.0,0.0
4637.0,0.0,0.0,0.0,0.0,0.0,0.0
4638.0,0.0,0.0,0.0,0.0,0.0,0.0
4639.0,0.0,0.0,0.0,0.0,0.0,0.0
4640.0,0.0,0.0,0.0,0.0,0.0,0.0
4641.0,0.0,0.0,0.0,0.0,0.0,0.0
4642.0,0.0,0.0,0.0,0.0,0.0,0.0
4643.0,6.541052425745875e-05,0.0,0.0,0.0,0.0,0.005450877021454896
4644.0,0.0,0.0,0.0,0.0,0.0,0.0
4645.0,0.0,0.0,0.0,0.0,0.0,0.0
4646.0,0.0004841706540901214,0.0,0.0,0.0,0.006944444444444444,0.046296296296296294
4647.0,0.00012990193499717861,0.0,0.0,0.0,0.001736111111111111,0.011574074074074073
4648.0,0.0,0.0,0.0,0.0,0.0,0.0
4649.0,3.5743408943744726e-07,0.0,0.0,0.0,0.0,2.978617411978727e-05
4650.0,0.00023090273316483945,0.0,0.0,0.0,0.003472222222222222,0.023148148148148147
4651.0,8.636300481157377e-05,0.0,0.0,0.0,0.001736111111111111,0.011574074074074073
4652.0,0.0,0.0,0.0,0.0,0.0,0.0
4653.0,0.00020040165691170841,0.0,0.0,0.0,0.001736111111111111,0.0167001380759757
4654.0,0.0001025326710077934,0.0,0.0,0.0,0.001736111111111111,0.011574074074074073
4655.0,0.0,0.0,0.0,0.0,0.0,0.0
4656.0,0.0,0.0,0.0,0.0,0.0,0.0
4657.0,7.119757356122136e-06,0.0,1.0639183756211423e-06,0.0,0.0,0.000593313113010178
4658.0,3.114624576028291e-07,0.0,1.0639183756211423e-06,0.0,0.0,2.595520480023576e-05
4659.0,0.0,0.0,0.0,0.0,0.0,0.0
4660.0,0.0,0.0,0.0,0.0,0.0,0.0
4661.0,0.0,0.0,0.0,0.0,0.0,0.0
4662.0,0.0,0.0,0.0,0.0,0.0,0.0
4663.0,0.0,0.0,0.0,0.0,0.0,0.0
4664.0,0.0,0.0,0.0,0.0,0.0,0.0
4665.0,0.0,0.0,0.0,0.0,0.0,0.0
4666.0,0.0,0.0,0.0,0.0,0.0,0.0
4667.0,0.0,0.0,0.0,0.0,0.0,0.0
4668.0,0.0,0.0,0.0,0.0,0.0,0.0
4669.0,0.0,0.0,0.0,0.0,0.0,0.0
4670.0,0.0,0.0,0.0,0.0,0.0,0.0
4671.0,0.0,0.0,0.0,0.0,0.0,0.0
4672.0,0.0,0.0,0.0,0.0,0.0,0.0
4673.0,0.0,0.0,0.0,0.0,0.0,0.0
4674.0,0.0,0.0,0.0,0.0,0.0,0.0
4675.0,0.0,0.0,0.0,0.0,0.0,0.0
4676.0,0.0,0.0,0.0,0.0,0.0,0.0
4677.0,0.0,0.0,0.0,0.0,0.0,0.0
4678.0,0.0,0.0,0.0,0.0,0.0,0.0
4679.0,0.0,0.0,0.0,0.0,0.0,0.0
4680.0,0.0,0.0,0.0,0.0,0.0,0.0
4681.0,0.0,0.0,0.0,0.0,0.0,0.0
4682.0,3.114624576028291e-07,0.0,1.0639183756211423e-06,0.0,0.0,2.595520480023576e-05
4683.0,3.114624576028291e-07,0.0,1.0639183756211423e-06,0.0,0.0,2.595520480023576e-05
4684.0,0.0,0.0,0.0,0.0,0.0,0.0
4685.0,0.0,0.0,0.0,0.0,0.0,0.0
4686.0,0.00272972765378654,0.0,0.0,0.0,0.09895833333333333,0.6597222222222222
4687.0,1.441614131181268e-06,7.120473583199782e-06,0.0,0.0,0.0,0.00017801183957999456
4688.0,0.0728704184293747,0.045289427042007446,0.0,0.0,0.2152777777777778,6.072534869114558
4689.0,0.0,0.0,0.0,0.0,0.0,0.0
4690.0,0.0,0.0,0.0,0.0,0.0,0.0
4691.0,0.0,0.0,0.0,0.0,0.0,0.0
4692.0,0.0,0.0,0.0,0.0,0.0,0.0
4693.0,0.0,0.0,0.0,0.0,0.0,0.0
4694.0,0.0,0.0,0.0,0.0,0.0,0.0
4695.0,0.0,0.0,0.0,0.0,0.0,0.0
4696.0,3.028658284165431e-07,1.9583601442718646e-06,0.0,0.0,0.0,4.8959003606796614e-05
4697.0,3.028658284165431e-07,1.9583601442718646e-06,0.0,0.0,0.0,4.8959003606796614e-05
4698.0,0.0,0.0,0.0,0.0,0.0,0.0
4699.0,0.0,0.0,0.0,0.0,0.0,0.0
4700.0,0.0,0.0,0.0,0.0,0.0,0.0
4701.0,0.0,0.0,0.0,0.0,0.0,0.0
4702.0,0.0,0.0,0.0,0.0,0.0,0.0
4703.0,0.0,0.0,0.0,0.0,0.0,0.0
4704.0,5.136382696946384e-06,6.028179086570162e-06,6.449948273257178e-07,0.0,0.0,0.0004280318914121987
4705.0,5.136382696946384e-06,6.028179086570162e-06,6.449948273257178e-07,0.0,0.0,0.0004280318914121987
4706.0,0.0,0.0,0.0,0.0,0.0,0.0
4707.0,0.0,0.0,0.0,0.0,0.0,0.0
4708.0,0.0,0.0,0.0,0.0,0.0,0.0
4709.0,0.0,0.0,0.0,0.0,0.0,0.0
4710.0,0.0,0.0,0.0,0.0,0.0,0.0
4711.0,0.0,0.0,0.0,0.0,0.0,0.0
4712.0,0.0,0.0,0.0,0.0,0.0,0.0
4713.0,0.0,0.0,0.0,0.0,0.0,0.0
4714.0,0.0,0.0,0.0,0.0,0.0,0.0
4715.0,0.0,0.0,0.0,0.0,0.0,0.0
4716.0,0.0,0.0,0.0,0.0,0.0,0.0
4717.0,0.0,0.0,0.0,0.0,0.0,0.0
4718.0,0.0,0.0,0.0,0.0,0.0,0.0
4719.0,0.0,0.0,0.0,0.0,0.0,0.0
4720.0,0.0,0.0,0.0,0.0,0.0,0.0
4721.0,3.028658284165431e-07,1.9583601442718646e-06,0.0,0.0,0.0,4.8959003606796614e-05
4722.0,3.028658284165431e-07,1.9583601442718646e-06,0.0,0.0,0.0,4.8959003606796614e-05
4723.0,0.0,0.0,0.0,0.0,0.0,0.0
4724.0,0.0,0.0,0.0,0.0,0.0,0.0
4725.0,0.0,0.0,0.0,0.0,0.0,0.0
4726.0,0.0,0.0,0.0,0.0,0.0,0.0
4727.0,0.0,0.0,0.0,0.0,0.0,0.0
4728.0,0.0,0.0,0.0,0.0,0.0,0.0
4729.0,5.136382696946384e-06,6.028179086570162e-06,6.449948273257178e-07,0.0,0.0,0.0004280318914121987
4730.0,5.136382696946384e-06,6.028179086570162e-06,6.449948273257178e-07,0.0,0.0,0.0004280318914121987
4731.0,0.0,0.0,0.0,0.0,0.0,0.0
4732.0,0.0,0.0,0.0,0.0,0.0,0.0
4733.0,0.0,0.0,0.0,0.0,0.0,0.0
4734.0,0.0,0.0,0.0,0.0,0.0,0.0
4735.0,0.0,0.0,0.0,0.0,0.0,0.0
4736.0,0.0,0.0,0.0,0.0,0.0,0.0
4737.0,0.0,0.0,0.0,0.0,0.0,0.0
4738.0,0.0,0.0,0.0,0.0,0.0,0.0
4739.0,0.0,0.0,0.0,0.0,0.0,0.0
4740.0,0.0,0.0,0.0,0.0,0.0,0.0
4741.0,0.0,0.0,0.0,0.0,0.0,0.0
4742.0,0.0,0.0,0.0,0.0,0.0,0.0
4743.0,0.0,0.0,0.0,0.0,0.0,0.0
4744.0,0.0,0.0,0.0,0.0,0.0,0.0
4745.0,0.0,0.0,0.0,0.0,0.0,0.0
4746.0,3.028658284165431e-07,1.9583601442718646e-06,0.0,0.0,0.0,4.8959003606796614e-05
4747.0,3.028658284165431e-07,1.9583601442718646e-06,0.0,0.0,0.0,4.8959003606796614e-05
4748.0,0.0,0.0,0.0,0.0,0.0,0.0
4749.0,0.0,0.0,0.0,0.0,0.0,0.0
4750.0,3.725147905697668e-07,3.9477538393839495e-07,4.189236051388434e-07,0.0,0.0,3.1042899214147233e-05
4751.0,0.056443750858306885,0.01921149156987667,4.189236051388434e-07,0.0,0.359375,4.703645904858907
4752.0,0.0,0.0,0.0,0.0,0.0,0.0
4753.0,0.0,0.0,0.0,0.0,0.0,0.0
4754.0,0.0,0.0,0.0,0.0,0.0,0.0
4755.0,0.0,0.0,0.0,0.0,0.0,0.0
4756.0,0.0,0.0,0.0,0.0,0.0,0.0
4757.0,0.0,0.0,0.0,0.0,0.0,0.0
4758.0,0.0,0.0,0.0,0.0,0.0,0.0
4759.0,1.0546089868057607e-07,6.819204827479552e-07,0.0,0.0,0.0,1.704801206869888e-05
4760.0,1.0546089868057607e-07,6.819204827479552e-07,0.0,0.0,0.0,1.704801206869888e-05
4761.0,0.0,0.0,0.0,0.0,0.0,0.0
4762.0,0.0,0.0,0.0,0.0,0.0,0.0
4763.0,0.0,0.0,0.0,0.0,0.0,0.0
4764.0,0.0,0.0,0.0,0.0,0.0,0.0
4765.0,0.0,0.0,0.0,0.0,0.0,0.0
4766.0,0.0,0.0,0.0,0.0,0.0,0.0
4767.0,9.429974738850433e-07,4.116482614335837e-06,0.0,0.0,0.0,0.00010291206535839592
4768.0,9.429974738850433e-07,4.116482614335837e-06,0.0,0.0,0.0,0.00010291206535839592
4769.0,0.0,0.0,0.0,0.0,0.0,0.0
4770.0,0.0,0.0,0.0,0.0,0.0,0.0
4771.0,0.0,0.0,0.0,0.0,0.0,0.0
4772.0,0.0,0.0,0.0,0.0,0.0,0.0
4773.0,0.0,0.0,0.0,0.0,0.0,0.0
4774.0,0.0,0.0,0.0,0.0,0.0,0.0
4775.0,0.0,0.0,0.0,0.0,0.0,0.0
4776.0,0.0,0.0,0.0,0.0,0.0,0.0
4777.0,0.0,0.0,0.0,0.0,0.0,0.0
4778.0,0.0,0.0,0.0,0.0,0.0,0.0
4779.0,0.0,0.0,0.0,0.0,0.0,0.0
4780.0,0.0,0.0,0.0,0.0,0.0,0.0
4781.0,0.0,0.0,0.0,0.0,0.0,0.0
4782.0,0.0,0.0,0.0,0.0,0.0,0.0
4783.0,0.0,0.0,0.0,0.0,0.0,0.0
4784.0,1.0546089868057607e-07,6.819204827479552e-07,0.0,0.0,0.0,1.704801206869888e-05
4785.0,1.0546089868057607e-07,6.819204827479552e-07,0.0,0.0,0.0,1.704801206869888e-05
4786.0,0.0,0.0,0.0,0.0,0.0,0.0
4787.0,0.0,0.0,0.0,0.0,0.0,0.0
4788.0,0.0,0.0,0.0,0.0,0.0,0.0
4789.0,0.0,0.0,0.0,0.0,0.0,0.0
4790.0,0.0,0.0,0.0,0.0,0.0,0.0
4791.0,0.0,0.0,0.0,0.0,0.0,0.0
4792.0,9.429974738850433e-07,4.116482614335837e-06,0.0,0.0,0.0,0.00010291206535839592
4793.0,9.429974738850433e-07,4.116482614335837e-06,0.0,0.0,0.0,0.00010291206535839592
4794.0,0.0,0.0,0.0,0.0,0.0,0.0
4795.0,0.0,0.0,0.0,0.0,0.0,0.0
4796.0,0.0,0.0,0.0,0.0,0.0,0.0
4797.0,0.0,0.0,0.0,0.0,0.0,0.0
4798.0,0.0,0.0,0.0,0.0,0.0,0.0
4799.0,0.0,0.0,0.0,0.0,0.0,0.0
4800.0,0.0,0.0,0.0,0.0,0.0,0.0
4801.0,2.132692861778196e-05,0.0,0.0,0.0,0.003472222222222222,0.023148148148148147
4802.0,0.00014801193901803344,0.0,0.0,0.0,0.003472222222222222,0.023148148148148147
4803.0,8.79118888406083e-05,0.0,0.0,0.0,0.003472222222222222,0.023148148148148147
4804.0,0.0002833945327438414,0.0,0.0,0.0,0.006944444444444444,0.046296296296296294
4805.0,1.4416526937566232e-05,0.0,0.0,0.0,0.001736111111111111,0.011574074074074073
4806.0,0.0003098617307841778,0.0,0.0,0.0,0.003472222222222222,0.02582181089868148
4807.0,0.00018547449144534767,0.0,0.0,0.0,0.005208333333333333,0.034722222222222224
4808.0,0.00015100761083886027,0.0,0.0,0.0,0.001736111111111111,0.012583967569905022
4809.0,1.183273798233131e-05,6.819204827479552e-07,0.0,0.0,0.001736111111111111,0.011574074074074073
4810.0,1.0546089868057607e-07,6.819204827479552e-07,0.0,0.0,0.0,1.704801206869888e-05
4811.0,0.00026482497924007475,0.0,0.0,0.0,0.0,0.02206874827000623
4812.0,0.00010239647963317111,0.0,0.0,0.0,0.006944444444444444,0.046296296296296294
4813.0,0.0,0.0,0.0,0.0,0.0,0.0
4814.0,6.118939199950546e-05,0.0,0.0,0.0,0.001736111111111111,0.011574074074074073
4815.0,0.0002830030571203679,0.0,0.0,0.0,0.006944444444444444,0.046296296296296294
4816.0,0.00020021441741846502,0.0,0.0,0.0,0.001736111111111111,0.016684534784872085
4817.0,0.00023312227858696133,4.116482614335837e-06,0.0,0.0,0.008680555555555556,0.05787037037037038
4818.0,8.91952877282165e-05,4.116482614335837e-06,0.0,0.0,0.0,0.007432940644018041
4819.0,0.00032962276600301266,0.0,0.0,0.0,0.003472222222222222,0.027468563833584387
4820.0,0.00013762933667749166,0.0,0.0,0.0,0.0,0.011469111389790973
4821.0,7.695055683143437e-05,0.0,0.0,0.0,0.0,0.0064125464026195305
4822.0,0.00014620776346419007,0.0,0.0,0.0,0.001736111111111111,0.012183980288682505
4823.0,6.044048132025637e-05,0.0,0.0,0.0,0.003472222222222222,0.023148148148148147
4824.0,0.00012033629900543019,0.0,0.0,0.0,0.001736111111111111,0.011574074074074073
4825.0,3.5096669307677075e-05,0.0,0.0,0.0,0.0,0.002924722442306423
4826.0,7.172519690357149e-05,0.0,0.0,0.0,0.003472222222222222,0.023148148148148147
4827.0,2.3165164748206735e-05,0.0,0.0,0.0,0.0,0.0019304303956838944
4828.0,0.0,0.0,0.0,0.0,0.0,0.0
4829.0,0.0,0.0,0.0,0.0,0.0,0.0
4830.0,0.0,0.0,0.0,0.0,0.0,0.0
4831.0,0.0,0.0,0.0,0.0,0.0,0.0
4832.0,0.0,0.0,0.0,0.0,0.0,0.0
4833.0,0.0,0.0,0.0,0.0,0.0,0.0
4834.0,9.224551149600302e-07,6.819204827479552e-07,0.0,0.0,0.0,7.687125958000252e-05
4835.0,1.0546089868057607e-07,6.819204827479552e-07,0.0,0.0,0.0,1.704801206869888e-05
4836.0,0.0,0.0,0.0,0.0,0.0,0.0
4837.0,0.0,0.0,0.0,0.0,0.0,0.0
4838.0,0.0,0.0,0.0,0.0,0.0,0.0
4839.0,0.0,0.0,0.0,0.0,0.0,0.0
4840.0,0.0,0.0,0.0,0.0,0.0,0.0
4841.0,0.0,0.0,0.0,0.0,0.0,0.0
4842.0,1.113204461944406e-06,4.116482614335837e-06,0.0,0.0,0.0,0.00010291206535839592
4843.0,1.113204461944406e-06,4.116482614335837e-06,0.0,0.0,0.0,0.00010291206535839592
4844.0,0.0,0.0,0.0,0.0,0.0,0.0
4845.0,0.0,0.0,0.0,0.0,0.0,0.0
4846.0,0.0,0.0,0.0,0.0,0.0,0.0
4847.0,0.0,0.0,0.0,0.0,0.0,0.0
4848.0,0.0,0.0,0.0,0.0,0.0,0.0
4849.0,0.0,0.0,0.0,0.0,0.0,0.0
4850.0,0.0,0.0,0.0,0.0,0.0,0.0
4851.0,0.0,0.0,0.0,0.0,0.0,0.0
4852.0,0.0,0.0,0.0,0.0,0.0,0.0
4853.0,0.0,0.0,0.0,0.0,0.0,0.0
4854.0,0.0,0.0,0.0,0.0,0.0,0.0
4855.0,0.0,0.0,0.0,0.0,0.0,0.0
4856.0,0.0,0.0,0.0,0.0,0.0,0.0
4857.0,0.0,0.0,0.0,0.0,0.0,0.0
4858.0,0.0,0.0,0.0,0.0,0.0,0.0
4859.0,1.0546089868057607e-07,6.819204827479552e-07,0.0,0.0,0.0,1.704801206869888e-05
4860.0,1.0546089868057607e-07,6.819204827479552e-07,0.0,0.0,0.0,1.704801206869888e-05
4861.0,0.0,0.0,0.0,0.0,0.0,0.0
4862.0,0.0,0.0,0.0,0.0,0.0,0.0
4863.0,0.0,0.0,0.0,0.0,0.0,0.0
4864.0,0.0,0.0,0.0,0.0,0.0,0.0
4865.0,0.0,0.0,0.0,0.0,0.0,0.0
4866.0,0.0,0.0,0.0,0.0,0.0,0.0
4867.0,1.113204461944406e-06,4.116482614335837e-06,0.0,0.0,0.0,0.00010291206535839592
4868.0,1.113204461944406e-06,4.116482614335837e-06,0.0,0.0,0.0,0.00010291206535839592
4869.0,0.0,0.0,0.0,0.0,0.0,0.0
4870.0,0.0,0.0,0.0,0.0,0.0,0.0
4871.0,0.0,0.0,0.0,0.0,0.0,0.0
4872.0,0.0,0.0,0.0,0.0,0.0,0.0
4873.0,0.0,0.0,0.0,0.0,0.0,0.0
4874.0,0.0,0.0,0.0,0.0,0.0,0.0
4875.0,0.0,0.0,0.0,0.0,0.0,0.0
4876.0,0.0,0.0,0.0,0.0,0.0,0.0
4877.0,0.0,0.0,0.0,0.0,0.0,0.0
4878.0,0.0,0.0,0.0,0.0,0.0,0.0
4879.0,0.0,0.0,0.0,0.0,0.0,0.0
4880.0,0.0,0.0,0.0,0.0,0.0,0.0
4881.0,0.0,0.0,0.0,0.0,0.0,0.0
4882.0,0.0,0.0,0.0,0.0,0.0,0.0
4883.0,0.0,0.0,0.0,0.0,0.0,0.0
4884.0,1.0546089868057607e-07,6.819204827479552e-07,0.0,0.0,0.0,1.704801206869888e-05
4885.0,1.0546089868057607e-07,6.819204827479552e-07,0.0,0.0,0.0,1.704801206869888e-05
4886.0,0.0,0.0,0.0,0.0,0.0,0.0
4887.0,0.0,0.0,0.0,0.0,0.0,0.0
4888.0,0.0001538330252515152,0.0,0.0,0.0,0.003472222222222222,0.023148148148148147
4889.0,0.00028679866227321327,0.0,0.0,0.0,0.003472222222222222,0.02389988852276777
4890.0,0.0002962281578220427,0.0,0.0,0.0,0.015625,0.10416666666666667
4891.0,0.0,0.0,0.0,0.0,0.0,0.0
4892.0,0.00041113464976660907,4.291144705348415e-06,0.0,0.0,0.008680555555555556,0.05787037037037038
4893.0,0.00040823116432875395,4.116482614335837e-06,0.0,0.0,0.013888888888888888,0.09259259259259259
4894.0,0.0004106072010472417,0.0,0.0,0.0,0.017361111111111112,0.11574074074074076
4895.0,0.00014656520215794444,0.0,0.0,0.0,0.0,0.01221376684649537
4896.0,0.0,0.0,0.0,0.0,0.0,0.0
4897.0,0.0,0.0,0.0,0.0,0.0,0.0
4898.0,0.0,0.0,0.0,0.0,0.0,0.0
4899.0,0.0,0.0,0.0,0.0,0.0,0.0
4900.0,0.0,0.0,0.0,0.0,0.0,0.0
4901.0,9.123076779360417e-06,0.0,0.0,0.0,0.0,0.0007602563982800348
4902.0,0.0,0.0,0.0,0.0,0.0,0.0
4903.0,0.0,0.0,0.0,0.0,0.0,0.0
4904.0,0.0,0.0,0.0,0.0,0.0,0.0
4905.0,0.0,0.0,0.0,0.0,0.0,0.0
4906.0,0.0,0.0,0.0,0.0,0.0,0.0
4907.0,0.0,0.0,0.0,0.0,0.0,0.0
4908.0,0.0,0.0,0.0,0.0,0.0,0.0
4909.0,1.0546089868057607e-07,6.819204827479552e-07,0.0,0.0,0.0,1.704801206869888e-05
4910.0,1.0546089868057607e-07,6.819204827479552e-07,0.0,0.0,0.0,1.704801206869888e-05
4911.0,0.0,0.0,0.0,0.0,0.0,0.0
4912.0,0.0,0.0,0.0,0.0,0.0,0.0
4913.0,0.0,0.0,0.0,0.0,0.0,0.0
4914.0,0.0,0.0,0.0,0.0,0.0,0.0
4915.0,0.004787699319422245,0.0,0.0,0.0,0.10243055555555555,0.6828703703703703
4916.0,0.0,0.0,0.0,0.0,0.0,0.0
4917.0,2.638035311974818e-06,4.291144705348415e-06,0.0,0.0,0.0,0.00021983627599790148
4918.0,9.429974738850433e-07,4.116482614335837e-06,0.0,0.0,0.0,0.00010291206535839592
4919.0,0.0,0.0,0.0,0.0,0.0,0.0
4920.0,0.0,0.0,0.0,0.0,0.0,0.0
4921.0,0.0,0.0,0.0,0.0,0.0,0.0
4922.0,0.0,0.0,0.0,0.0,0.0,0.0
4923.0,0.0,0.0,0.0,0.0,0.0,0.0
4924.0,0.0,0.0,0.0,0.0,0.0,0.0
4925.0,0.0,0.0,0.0,0.0,0.0,0.0
4926.0,0.0,0.0,0.0,0.0,0.0,0.0
4927.0,0.0,0.0,0.0,0.0,0.0,0.0
4928.0,0.0,0.0,0.0,0.0,0.0,0.0
4929.0,0.0,0.0,0.0,0.0,0.0,0.0
4930.0,0.0,0.0,0.0,0.0,0.0,0.0
4931.0,0.0,0.0,0.0,0.0,0.0,0.0
4932.0,0.0,0.0,0.0,0.0,0.0,0.0
4933.0,0.0,0.0,0.0,0.0,0.0,0.0
4934.0,1.0546089868057607e-07,6.819204827479552e-07,0.0,0.0,0.0,1.704801206869888e-05
4935.0,1.0546089868057607e-07,6.819204827479552e-07,0.0,0.0,0.0,1.704801206869888e-05
4936.0,0.0,0.0,0.0,0.0,0.0,0.0
4937.0,0.00015636910393368453,0.0,0.0,0.0,0.001736111111111111,0.013030758661140377
4938.0,0.00014440355880651623,0.0,0.0,0.0,0.0,0.01203362990054302
4939.0,0.00011671090760501102,0.0,0.0,0.0,0.001736111111111111,0.011574074074074073
4940.0,0.0,0.0,0.0,0.0,0.0,0.0
4941.0,0.0,0.0,0.0,0.0,0.0,0.0
4942.0,5.3003077482571825e-06,4.116482614335837e-06,0.0,0.0,0.0,0.0004416923123547652
4943.0,1.028101451083785e-06,4.116482614335837e-06,0.0,0.0,0.0,0.00010291206535839592
4944.0,0.0,0.0,0.0,0.0,0.0,0.0
4945.0,0.0,0.0,0.0,0.0,0.0,0.0
4946.0,0.0,0.0,0.0,0.0,0.0,0.0
4947.0,0.0,0.0,0.0,0.0,0.0,0.0
4948.0,0.0,0.0,0.0,0.0,0.0,0.0
4949.0,5.591297667706385e-05,0.0,0.0,0.0,0.003472222222222222,0.023148148148148147
4950.0,0.000244212948018685,0.0,0.0,0.0,0.001736111111111111,0.020351079001557082
4951.0,3.625412091423641e-06,0.0,0.0,0.0,0.0,0.0003021176742853034
4952.0,0.0,0.0,0.0,0.0,0.0,0.0
4953.0,0.0,0.0,0.0,0.0,0.0,0.0
4954.0,4.340276791481301e-05,0.0,0.0,0.0,0.0,0.0036168973262344175
4955.0,0.0,0.0,0.0,0.0,0.0,0.0
4956.0,0.0,0.0,0.0,0.0,0.0,0.0
4957.0,0.0002452000917401165,0.0,0.0,0.0,0.001736111111111111,0.02043334097834304
4958.0,0.00012377448729239404,0.0,0.0,0.0,0.0,0.010314540607699504
4959.0,0.00010537845082581043,6.819204827479552e-07,0.0,0.0,0.0,0.008781537568817535
4960.0,0.000249356497079134,6.819204827479552e-07,0.0,0.0,0.005208333333333333,0.034722222222222224
4961.0,1.021249502741739e-07,0.0,0.0,0.0,0.0,8.510412522847824e-06
4962.0,0.0,0.0,0.0,0.0,0.0,0.0
4963.0,0.0,0.0,0.0,0.0,0.0,0.0
4964.0,0.0,0.0,0.0,0.0,0.0,0.0
4965.0,0.0,0.0,0.0,0.0,0.0,0.0
4966.0,0.0,0.0,0.0,0.0,0.0,0.0
4967.0,0.04794010519981384,0.0011417866917327046,0.0,0.0,0.07118055555555555,3.9950087666511536
4968.0,8.890458957466763e-06,4.259446996002225e-06,0.0,0.0,0.0,0.0007408715797888968
4969.0,0.0,0.0,0.0,0.0,0.0,0.0
4970.0,0.0,0.0,0.0,0.0,0.0,0.0
4971.0,0.04794907569885254,0.0011457554064691067,6.718587883369764e-06,0.0,0.07118055555555555,3.9957563082377114
4972.0,5.089156275062123e-06,7.942310730868485e-06,6.718587883369764e-06,0.0,0.0,0.00042409635625517694
4973.0,0.0,0.0,0.0,0.0,0.0,0.0
4974.0,0.0,0.0,0.0,0.0,0.0,0.0
4975.0,0.0,0.0,0.0,0.0,0.0,0.0
4976.0,0.0,0.0,0.0,0.0,0.0,0.0
4977.0,0.04794448986649513,0.001142276800237596,6.718587883369764e-06,0.0,0.07118055555555555,3.9953741555412607
4978.0,0.04795980826020241,0.0011397894704714417,6.718587883369764e-06,0.0,0.06597222222222222,3.9966506883502007
4979.0,0.04795883968472481,0.0011374234454706311,0.0,0.0,0.06597222222222222,3.996569973727067
4980.0,0.0,0.0,0.0,0.0,0.0,0.0
4981.0,0.0,0.0,0.0,0.0,0.0,0.0
4982.0,0.0,0.0,0.0,0.0,0.0,0.0
4983.0,0.0,0.0,0.0,0.0,0.0,0.0
4984.0,0.0,0.0,0.0,0.0,0.0,0.0
4985.0,0.0,0.0,0.0,0.0,0.0,0.0
4986.0,0.0003121726622339338,1.9625082131824456e-05,0.0,0.0,0.003472222222222222,0.026014388519494485
4987.0,0.0005131568759679794,0.0,0.0,0.0,0.015625,0.10416666666666667
4988.0,0.0004569035372696817,0.0,0.0,0.0,0.003472222222222222,0.03807529477247348
4989.0,0.000263633526628837,0.0,0.0,0.0,0.0,0.02196946055240308
4990.0,0.00027976915589533746,0.0,0.0,0.0,0.006944444444444444,0.046296296296296294
4991.0,0.00022372000967152417,0.0,0.0,0.0,0.008680555555555556,0.05787037037037038
4992.0,0.0002515148080419749,0.0,0.0,0.0,0.001736111111111111,0.020959567336831242
4993.0,0.00014162917796056718,0.0,0.0,0.0,0.003472222222222222,0.023148148148148147
4994.0,0.00032416972680948675,5.791454896098003e-06,0.0,0.0284926425665617,0.006944444444444444,3.5615803208202124
4995.0,0.0002766138641163707,5.791454896098003e-06,0.0,0.011617090553045273,0.0,1.452136319130659
4996.0,2.621186695250799e-06,0.0,0.0,0.0004289214557502419,0.0,0.053615181968780234
4997.0,0.0,0.0,0.0,0.0,0.0,0.0
4998.0,0.0,0.0,0.0,0.0,0.0,0.0
4999.0,0.0,0.0,0.0,0.0,0.0,0.0
5000.0,0.0,0.0,0.0,0.0,0.0,0.0
5001.0,0.0,0.0,0.0,0.0,0.0,0.0
5002.0,1.0380652383901179e-05,7.942310730868485e-06,6.718587883369764e-06,0.00032865459797903895,0.0,0.04108182474737987
5003.0,6.0063334785809275e-06,7.942310730868485e-06,6.718587883369764e-06,0.0,0.0,0.000500527789881744
5004.0,0.0,0.0,0.0,0.0,0.0,0.0
5005.0,0.0,0.0,0.0,0.0,0.0,0.0
5006.0,0.0,0.0,0.0,0.0,0.0,0.0
5007.0,0.0,0.0,0.0,0.0,0.0,0.0
5008.0,0.0,0.0,0.0,0.0,0.0,0.0
5009.0,0.0,0.0,0.0,0.0,0.0,0.0
5010.0,0.0,0.0,0.0,0.0,0.0,0.0
5011.0,0.00016094768943730742,0.0,0.0,0.0,0.003472222222222222,0.023148148148148147
5012.0,0.00017245367052964866,0.0,0.0,0.0,0.0,0.014371139210804055
5013.0,2.6194848032901064e-05,0.0,0.0,0.0,0.001736111111111111,0.011574074074074073
5014.0,0.0,0.0,0.0,0.0,0.0,0.0
5015.0,0.0,0.0,0.0,0.0,0.0,0.0
5016.0,0.0,0.0,0.0,0.0,0.0,0.0
5017.0,0.0,0.0,0.0,0.0,0.0,0.0
5018.0,0.0,0.0,0.0,0.0,0.0,0.0
5019.0,5.4231709327723365e-06,5.791454896098003e-06,0.0,0.0,0.0,0.00045193091106436134
5020.0,8.956645842772559e-07,5.791454896098003e-06,0.0,0.0,0.0,0.00014478637240245007
5021.0,0.0,0.0,0.0,0.0,0.0,0.0
5022.0,0.0,0.0,0.0,0.0,0.0,0.0
5023.0,0.0,0.0,0.0,0.0,0.0,0.0
5024.0,0.0,0.0,0.0,0.0,0.0,0.0
5025.0,0.0,0.0,0.0,0.0,0.0,0.0
5026.0,0.0,0.0,0.0,0.0,0.0,0.0
5027.0,6.176540409796871e-06,7.942310730868485e-06,6.718587883369764e-06,0.0,0.0,0.0005147117008164059
5028.0,6.176540409796871e-06,7.942310730868485e-06,6.718587883369764e-06,0.0,0.0,0.0005147117008164059
5029.0,0.0,0.0,0.0,0.0,0.0,0.0
5030.0,0.0,0.0,0.0,0.0,0.0,0.0
5031.0,0.003187448251992464,0.0,0.0,0.04055536165833473,0.05555555555555555,5.0694202072918415
5032.0,0.0,0.0,0.0,0.0,0.0,0.0
5033.0,0.0,0.0,0.0,0.0,0.0,0.0
5034.0,0.0,0.0,0.0,0.0,0.0,0.0
5035.0,0.0,0.0,0.0,0.0,0.0,0.0
5036.0,0.0,0.0,0.0,0.0,0.0,0.0
5037.0,0.0,0.0,0.0,0.0,0.0,0.0
5038.0,0.04795626178383827,0.001131847151555121,0.0,0.0,0.06597222222222222,3.996355148653189
5039.0,3.557325044312165e-06,0.0,0.0,0.0,0.0,0.00029644375369268044
5040.0,0.0,0.0,0.0,0.0,0.0,0.0
5041.0,0.0,0.0,0.0,0.0,0.0,0.0
5042.0,0.04795840382575989,0.0011333550792187452,0.0,0.0,0.06597222222222222,3.996533652146657
5043.0,6.927608069418056e-07,1.5079044715093914e-06,0.0,0.0,0.0,5.7730067245150466e-05
5044.0,0.0,0.0,0.0,0.0,0.0,0.0
5045.0,0.0,0.0,0.0,0.0,0.0,0.0
5046.0,0.0,0.0,0.0,0.0,0.0,0.0
5047.0,0.0,0.0,0.0,0.0,0.0,0.0
5048.0,0.0,0.0,0.0,0.0,0.0,0.0
5049.0,0.0,0.0,0.0,0.0,0.0,0.0
5050.0,5.36798506800551e-05,5.1630562666105106e-05,2.3797061658115126e-05,0.0,0.0,0.004473320890004591
5051.0,5.36798506800551e-05,5.1630562666105106e-05,2.3797061658115126e-05,0.0,0.0,0.004473320890004591
5052.0,0.0,0.0,0.0,0.0,0.0,0.0
5053.0,0.0,0.0,0.0,0.0,0.0,0.0
5054.0,0.0,0.0,0.0,0.0,0.0,0.0
5055.0,0.0,0.0,0.0,0.0,0.0,0.0
5056.0,0.0,0.0,0.0,0.0,0.0,0.0
5057.0,0.0,0.0,0.0,0.0,0.0,0.0
5058.0,0.0,0.0,0.0,0.0,0.0,0.0
5059.0,0.0,0.0,0.0,0.0,0.0,0.0
5060.0,0.0,0.0,0.0,0.0,0.0,0.0
5061.0,0.0,0.0,0.0,0.0,0.0,0.0
5062.0,8.648214861750603e-05,0.0,0.0,0.0,0.003472222222222222,0.023148148148148147
5063.0,0.000471762556117028,0.0,0.0,0.0,0.008680555555555556,0.05787037037037038
5064.0,0.00020404407405294478,0.0,0.0,0.0,0.003472222222222222,0.023148148148148147
5065.0,0.0006791767664253712,0.0,0.0,0.0,0.013888888888888888,0.09259259259259259
5066.0,0.00020983113790862262,0.0,0.0,0.0,0.001736111111111111,0.017485928159051884
5067.0,0.00020740905893035233,1.5079044715093914e-06,0.0,0.0,0.0,0.017284088244196028
5068.0,6.927608069418056e-07,1.5079044715093914e-06,0.0,0.0,0.0,5.7730067245150466e-05
5069.0,0.0003698256332427263,0.0,0.0,0.0,0.003472222222222222,0.030818802770227194
5070.0,0.00026565900770947337,0.0,0.0,0.0,0.001736111111111111,0.022138250642456114
5071.0,0.0002662887563928962,0.0,0.0,0.0,0.001736111111111111,0.022190729699408013
5072.0,0.0,0.0,0.0,0.0,0.0,0.0
5073.0,1.2220858479849994e-05,0.0,0.0,0.0,0.001736111111111111,0.011574074074074073
5074.0,0.0,0.0,0.0,0.0,0.0,0.0
5075.0,0.0005445226561278105,5.1630562666105106e-05,2.3797061658115126e-05,0.0,0.012152777777777778,0.08101851851851852
5076.0,0.0005563860759139061,5.1630562666105106e-05,2.3797061658115126e-05,0.0,0.005208333333333333,0.046365506326158844
5077.0,0.0003882079618051648,0.0,0.0,0.0,0.006944444444444444,0.046296296296296294
5078.0,5.373433668864891e-05,0.0,0.0,0.0,0.0,0.004477861390720743
5079.0,0.0,0.0,0.0,0.0,0.0,0.0
5080.0,0.0,0.0,0.0,0.0,0.0,0.0
5081.0,0.0,0.0,0.0,0.0,0.0,0.0
5082.0,9.245640831068158e-05,0.0,0.0,0.0,0.0,0.0077047006925567985
5083.0,8.680553037265781e-06,0.0,0.0,0.0,0.0,0.0007233794197721485
5084.0,3.3190357498824596e-05,0.0,0.0,0.0,0.0,0.0027658631249020496
5085.0,3.863697565975599e-05,0.0,0.0,0.0,0.0,0.0032197479716463326
5086.0,0.0,0.0,0.0,0.0,0.0,0.0
5087.0,0.0003735701902769506,0.0,0.0,0.0,0.006944444444444444,0.046296296296296294
5088.0,0.0002887049922719598,0.0,0.0,0.0,0.012152777777777778,0.08101851851851852
5089.0,0.00019601031090132892,0.0,0.0,0.0,0.001736111111111111,0.016334192575110745
5090.0,0.000460086390376091,0.0,0.0,0.0,0.008680555555555556,0.05787037037037038
5091.0,0.0,0.0,0.0,0.0,0.0,0.0
5092.0,3.994779035565443e-06,1.5079044715093914e-06,0.0,0.0,0.0,0.00033289825296378694
5093.0,6.927608069418056e-07,1.5079044715093914e-06,0.0,0.0,0.0,5.7730067245150466e-05
5094.0,0.0,0.0,0.0,0.0,0.0,0.0
5095.0,0.0,0.0,0.0,0.0,0.0,0.0
5096.0,0.0,0.0,0.0,0.0,0.0,0.0
5097.0,0.0,0.0,0.0,0.0,0.0,0.0
5098.0,0.0,0.0,0.0,0.0,0.0,0.0
5099.0,0.0,0.0,0.0,0.0,0.0,0.0
5100.0,5.514363510883413e-05,5.1630562666105106e-05,2.3797061658115126e-05,0.0,0.0,0.004595302925736178
5101.0,5.514363510883413e-05,5.1630562666105106e-05,2.3797061658115126e-05,0.0,0.0,0.004595302925736178
5102.0,0.0,0.0,0.0,0.0,0.0,0.0
5103.0,0.00040344148874282837,0.0,0.0,0.0,0.008680555555555556,0.05787037037037038
5104.0,0.0003267292631790042,0.0,0.0,0.0,0.003472222222222222,0.027227438598250348
5105.0,0.000364174775313586,0.0,0.0,0.0,0.006944444444444444,0.046296296296296294
5106.0,0.00030667887767776847,0.0,0.0,0.0,0.006944444444444444,0.046296296296296294
5107.0,0.0,0.0,0.0,0.0,0.0,0.0
5108.0,0.0,0.0,0.0,0.0,0.0,0.0
5109.0,1.2425122804415878e-05,0.0,0.0,0.0,0.0,0.00103542690036799
5110.0,0.0,0.0,0.0,0.0,0.0,0.0
5111.0,0.0,0.0,0.0,0.0,0.0,0.0
5112.0,6.966569344513118e-05,0.0,0.0,0.0,0.003472222222222222,0.023148148148148147
5113.0,0.0,0.0,0.0,0.0,0.0,0.0
5114.0,0.0,0.0,0.0,0.0,0.0,0.0
5115.0,0.0,0.0,0.0,0.0,0.0,0.0
5116.0,0.0,0.0,0.0,0.0,0.0,0.0
5117.0,6.462774763349444e-06,1.5079044715093914e-06,0.0,0.0,0.0,0.0005385645636124536
5118.0,7.778644430800341e-07,1.5079044715093914e-06,0.0,0.0,0.0,6.482203692333617e-05
5119.0,6.946145003894344e-05,0.0,0.0,0.0,0.003472222222222222,0.023148148148148147
5120.0,0.00038608041359111667,0.0,0.0,0.0,0.006944444444444444,0.046296296296296294
5121.0,0.00026793975848704576,0.0,0.0,0.0,0.005208333333333333,0.034722222222222224
5122.0,1.3871863302483689e-05,0.0,0.0,0.0,0.001736111111111111,0.011574074074074073
5123.0,0.0,0.0,0.0,0.0,0.0,0.0
5124.0,0.0,0.0,0.0,0.0,0.0,0.0
5125.0,0.0004040848871227354,5.1630562666105106e-05,2.3797061658115126e-05,0.0,0.006944444444444444,0.046296296296296294
5126.0,5.5535114370286465e-05,5.1630562666105106e-05,2.3797061658115126e-05,0.0,0.0,0.004627926197523872
5127.0,0.0,0.0,0.0,0.0,0.0,0.0
5128.0,0.00021999246382620186,0.0,0.0,0.0,0.010416666666666666,0.06944444444444445
5129.0,0.00022969426936469972,0.0,0.0,0.0,0.006944444444444444,0.046296296296296294
5130.0,5.085783777758479e-05,0.0,0.0,0.0,0.0,0.004238153148132066
5131.0,3.485838169581257e-05,0.0,0.0,0.0,0.0,0.002904865141317714
5132.0,0.0,0.0,0.0,0.0,0.0,0.0
5133.0,0.0,0.0,0.0,0.0,0.0,0.0
5134.0,4.714737769972999e-06,0.0,0.0,0.0,0.0,0.00039289481416441657
5135.0,0.0,0.0,0.0,0.0,0.0,0.0
5136.0,0.0,0.0,0.0,0.0,0.0,0.0
5137.0,0.0,0.0,0.0,0.0,0.0,0.0
5138.0,0.0,0.0,0.0,0.0,0.0,0.0
5139.0,0.0,0.0,0.0,0.0,0.0,0.0
5140.0,0.0,0.0,0.0,0.0,0.0,0.0
5141.0,0.0,0.0,0.0,0.0,0.0,0.0
5142.0,7.778644430800341e-07,1.5079044715093914e-06,0.0,0.0,0.0,6.482203692333617e-05
5143.0,7.778644430800341e-07,1.5079044715093914e-06,0.0,0.0,0.0,6.482203692333617e-05
5144.0,0.0,0.0,0.0,0.0,0.0,0.0
5145.0,0.0,0.0,0.0,0.0,0.0,0.0
5146.0,0.0,0.0,0.0,0.0,0.0,0.0
5147.0,0.0,0.0,0.0,0.0,0.0,0.0
5148.0,0.0,0.0,0.0,0.0,0.0,0.0
5149.0,0.0,0.0,0.0,0.0,0.0,0.0
5150.0,5.572233931161463e-05,5.1630562666105106e-05,2.3797061658115126e-05,0.0,0.0,0.004643528275967886
5151.0,5.572233931161463e-05,5.1630562666105106e-05,2.3797061658115126e-05,0.0,0.0,0.004643528275967886
5152.0,0.0,0.0,0.0,0.0,0.0,0.0
5153.0,0.0,0.0,0.0,0.0,0.0,0.0
5154.0,0.0,0.0,0.0,0.0,0.0,0.0
5155.0,0.0,0.0,0.0,0.0,0.0,0.0
5156.0,0.04362410679459572,0.001802836311981082,0.0,0.0,0.23958333333333334,3.6353422328829765
5157.0,7.898119633864553e-07,4.116482614335837e-06,0.0,0.0,0.0,0.00010291206535839592
5158.0,0.0,0.0,0.0,0.0,0.0,0.0
5159.0,4.6149918375704146e-07,0.0,0.0,0.0,0.0,3.845826531308679e-05
5160.0,0.04368415102362633,0.0017987468745559454,0.0,0.0,0.23958333333333334,3.640345918635527
5161.0,0.0,0.0,0.0,0.0,0.0,0.0
5162.0,0.0,0.0,0.0,0.0,0.0,0.0
5163.0,0.004364225082099438,0.0,0.0,0.0,0.07118055555555555,0.47453703703703703
5164.0,0.0,0.0,0.0,0.0,0.0,0.0
5165.0,0.00019004005298484117,2.6360963602201082e-05,0.0,0.0,0.0,0.015836671082070097
5166.0,0.0,0.0,0.0,0.0,0.0,0.0
5167.0,0.0,0.0,0.0,0.0,0.0,0.0
5168.0,0.0,0.0,0.0,0.0,0.0,0.0
5169.0,0.0,0.0,0.0,0.0,0.0,0.0
5170.0,8.51034798188266e-08,0.0,0.0,0.0,0.0,7.091956651568883e-06
5171.0,0.03931080177426338,0.001798719633370638,0.0,0.0,0.1684027777777778,3.275900147855282
5172.0,0.0,0.0,0.0,0.0,0.0,0.0
5173.0,0.0,0.0,0.0,0.0,0.0,0.0
5174.0,0.0,0.0,0.0,0.0,0.0,0.0
5175.0,0.0,0.0,0.0,0.0,0.0,0.0
5176.0,0.0,0.0,0.0,0.0,0.0,0.0
5177.0,0.0,0.0,0.0,0.0,0.0,0.0
5178.0,0.0,0.0,0.0,0.0,0.0,0.0
5179.0,2.431138227620977e-06,1.3078597476123832e-05,0.0,0.0,0.0,0.0003269649369030958
5180.0,2.431138227620977e-06,1.3078597476123832e-05,0.0,0.0,0.0,0.0003269649369030958
5181.0,0.0,0.0,0.0,0.0,0.0,0.0
5182.0,0.0,0.0,0.0,0.0,0.0,0.0
5183.0,4.850898221775424e-06,0.0,0.0,0.0,0.0,0.0004042415184812853
5184.0,7.148689746827586e-06,0.0,0.0,0.0,0.0,0.0005957241455689655
5185.0,3.911355815944262e-05,0.0,0.0,0.0,0.0,0.0032594631799535514
5186.0,0.00011010686284862459,0.0,0.0,0.0,0.0,0.009175571904052049
5187.0,7.512562297051772e-05,6.850764748378424e-06,8.879635970515665e-06,0.0,0.0,0.006260468580876477
5188.0,7.62830168241635e-05,6.850764748378424e-06,8.879635970515665e-06,0.0,0.0,0.006356918068680291
5189.0,0.0,0.0,0.0,0.0,0.0,0.0
5190.0,0.0,0.0,0.0,0.0,0.0,0.0
5191.0,0.0,0.0,0.0,0.0,0.0,0.0
5192.0,0.0,0.0,0.0,0.0,0.0,0.0
5193.0,0.0,0.0,0.0,0.0,0.0,0.0
5194.0,0.0,0.0,0.0,0.0,0.0,0.0
5195.0,0.0,0.0,0.0,0.0,0.0,0.0
5196.0,1.0382649406892597e-06,0.0,0.0,0.0,0.0,8.652207839077164e-05
5197.0,0.0,0.0,0.0,0.0,0.0,0.0
5198.0,0.0,0.0,0.0,0.0,0.0,0.0
5199.0,0.0,0.0,0.0,0.0,0.0,0.0
5200.0,0.0,0.0,0.0,0.0,0.0,0.0
5201.0,0.0,0.0,0.0,0.0,0.0,0.0
5202.0,0.0,0.0,0.0,0.0,0.0,0.0
5203.0,0.0,0.0,0.0,0.0,0.0,0.0
5204.0,2.431138227620977e-06,1.3078597476123832e-05,0.0,0.0,0.0,0.0003269649369030958
5205.0,2.431138227620977e-06,1.3078597476123832e-05,0.0,0.0,0.0,0.0003269649369030958
5206.0,0.0,0.0,0.0,0.0,0.0,0.0
5207.0,0.0,0.0,0.0,0.0,0.0,0.0
5208.0,0.0,0.0,0.0,0.0,0.0,0.0
5209.0,0.0,0.0,0.0,0.0,0.0,0.0
5210.0,0.0,0.0,0.0,0.0,0.0,0.0
5211.0,0.0,0.0,0.0,0.0,0.0,0.0
5212.0,6.225850029295543e-06,6.850764748378424e-06,8.879635970515665e-06,0.0,0.0,0.0005188208357746286
5213.0,6.225850029295543e-06,6.850764748378424e-06,8.879635970515665e-06,0.0,0.0,0.0005188208357746286
5214.0,0.0,0.0,0.0,0.0,0.0,0.0
5215.0,0.0,0.0,0.0,0.0,0.0,0.0
5216.0,0.0,0.0,0.0,0.0,0.0,0.0
5217.0,0.0,0.0,0.0,0.0,0.0,0.0
5218.0,0.0,0.0,0.0,0.0,0.0,0.0
5219.0,0.0,0.0,0.0,0.0,0.0,0.0
5220.0,0.0,0.0,0.0,0.0,0.0,0.0
5221.0,0.0,0.0,0.0,0.0,0.0,0.0
5222.0,0.0,0.0,0.0,0.0,0.0,0.0
5223.0,0.0,0.0,0.0,0.0,0.0,0.0
5224.0,0.0,0.0,0.0,0.0,0.0,0.0
5225.0,0.0,0.0,0.0,0.0,0.0,0.0
5226.0,0.0,0.0,0.0,0.0,0.0,0.0
5227.0,0.0,0.0,0.0,0.0,0.0,0.0
5228.0,0.0,0.0,0.0,0.0,0.0,0.0
5229.0,2.431138227620977e-06,1.3078597476123832e-05,0.0,0.0,0.0,0.0003269649369030958
5230.0,6.476091948570684e-05,1.3078597476123832e-05,0.0,0.0,0.0,0.00539674329047557
5231.0,9.407338075106964e-05,0.0,0.0,0.0,0.005208333333333333,0.034722222222222224
5232.0,0.00029629620257765055,0.0,0.0,0.0,0.001736111111111111,0.024691350214804213
5233.0,0.00015180757327470928,0.0,0.0,0.0,0.003472222222222222,0.023148148148148147
5234.0,0.0,0.0,0.0,0.0,0.0,0.0
5235.0,0.0,0.0,0.0,0.0,0.0,0.0
5236.0,0.0,0.0,0.0,0.0,0.0,0.0
5237.0,1.2080971828254405e-05,6.850764748378424e-06,8.879635970515665e-06,0.0,0.0,0.0010067476523545338
5238.0,6.430098437704146e-06,6.850764748378424e-06,8.879635970515665e-06,0.0,0.0,0.0005358415364753455
5239.0,0.0,0.0,0.0,0.0,0.0,0.0
5240.0,0.0,0.0,0.0,0.0,0.0,0.0
5241.0,0.0,0.0,0.0,0.0,0.0,0.0
5242.0,0.0,0.0,0.0,0.0,0.0,0.0
5243.0,0.0,0.0,0.0,0.0,0.0,0.0
5244.0,0.0,0.0,0.0,0.0,0.0,0.0
5245.0,0.0,0.0,0.0,0.0,0.0,0.0
5246.0,0.0,0.0,0.0,0.0,0.0,0.0
5247.0,0.0,0.0,0.0,0.0,0.0,0.0
5248.0,0.0,0.0,0.0,0.0,0.0,0.0
5249.0,0.0,0.0,0.0,0.0,0.0,0.0
5250.0,0.0,0.0,0.0,0.0,0.0,0.0
5251.0,0.0,0.0,0.0,0.0,0.0,0.0
5252.0,0.0,0.0,0.0,0.0,0.0,0.0
5253.0,0.0,0.0,0.0,0.0,0.0,0.0
5254.0,2.431138227620977e-06,1.3078597476123832e-05,0.0,0.0,0.0,0.0003269649369030958
5255.0,2.431138227620977e-06,1.3078597476123832e-05,0.0,0.0,0.0,0.0003269649369030958
5256.0,0.0,0.0,0.0,0.0,0.0,0.0
5257.0,0.0,0.0,0.0,0.0,0.0,0.0
5258.0,0.0,0.0,0.0,0.0,0.0,0.0
5259.0,0.0,0.0,0.0,0.0,0.0,0.0
5260.0,0.0,0.0,0.0,0.0,0.0,0.0
5261.0,0.0,0.0,0.0,0.0,0.0,0.0
5262.0,6.430098437704146e-06,6.850764748378424e-06,8.879635970515665e-06,0.0,0.0,0.0005358415364753455
5263.0,6.430098437704146e-06,6.850764748378424e-06,8.879635970515665e-06,0.0,0.0,0.0005358415364753455
5264.0,0.0,0.0,0.0,0.0,0.0,0.0
5265.0,0.0,0.0,0.0,0.0,0.0,0.0
5266.0,0.0,0.0,0.0,0.0,0.0,0.0
5267.0,0.0,0.0,0.0,0.0,0.0,0.0
5268.0,0.0,0.0,0.0,0.0,0.0,0.0
5269.0,0.0,0.0,0.0,0.0,0.0,0.0
5270.0,0.0,0.0,0.0,0.0,0.0,0.0
5271.0,0.0,0.0,0.0,0.0,0.0,0.0
5272.0,0.0,0.0,0.0,0.0,0.0,0.0
5273.0,0.0,0.0,0.0,0.0,0.0,0.0
5274.0,0.0009012116934172809,0.0,0.0,0.0,0.010416666666666666,0.07510097445144008
5275.0,0.0,0.0,0.0,0.0,0.0,0.0
5276.0,0.054930344223976135,0.0018324194243177772,0.0,0.0,0.125,4.577528685331345
5277.0,8.389339427594678e-07,3.9938809095474426e-06,0.0,0.0,0.0,9.984702273868606e-05
5278.0,0.0,0.0,0.0,0.0,0.0,0.0
5279.0,6.959062375244685e-07,3.9477538393839495e-07,4.189236051388434e-07,0.0,0.0,5.7992186460372366e-05
5280.0,0.0549314059317112,0.0018288205610588193,4.189236051388434e-07,0.0,0.125,4.577617160975933
5281.0,0.0,0.0,0.0,0.0,0.0,0.0
5282.0,0.0,0.0,0.0,0.0,0.0,0.0
5283.0,0.0,0.0,0.0,0.0,0.0,0.0
5284.0,0.0,0.0,0.0,0.0,0.0,0.0
5285.0,0.0,0.0,0.0,0.0,0.0,0.0
5286.0,0.0,0.0,0.0,0.0,0.0,0.0
5287.0,0.0,0.0,0.0,0.0,0.0,0.0
5288.0,1.0546089868057607e-07,6.819204827479552e-07,0.0,0.0,0.0,1.704801206869888e-05
5289.0,1.0546089868057607e-07,6.819204827479552e-07,0.0,0.0,0.0,1.704801206869888e-05
5290.0,0.0,0.0,0.0,0.0,0.0,0.0
5291.0,0.0,0.0,0.0,0.0,0.0,0.0
5292.0,0.05493124946951866,0.0018296907655894756,0.0,0.0,0.125,4.5776041224598885
5293.0,1.9565275977129204e-07,1.2651099723370862e-06,0.0,0.0,0.0,3.1627749308427155e-05
5294.0,0.0,0.0,0.0,0.0,0.0,0.0
5295.0,0.0,0.0,0.0,0.0,0.0,0.0
5296.0,0.0,0.0,0.0,0.0,0.0,0.0
5297.0,0.0,0.0,0.0,0.0,0.0,0.0
5298.0,0.0,0.0,0.0,0.0,0.0,0.0
5299.0,0.0,0.0,0.0,0.0,0.0,0.0
5300.0,6.224336630111793e-06,2.285808113811072e-05,0.0,0.0,0.0,0.000571452028452768
5301.0,6.224336630111793e-06,2.285808113811072e-05,0.0,0.0,0.0,0.000571452028452768
5302.0,0.0,0.0,0.0,0.0,0.0,0.0
5303.0,0.0,0.0,0.0,0.0,0.0,0.0
5304.0,0.0,0.0,0.0,0.0,0.0,0.0
5305.0,0.0,0.0,0.0,0.0,0.0,0.0
5306.0,0.0,0.0,0.0,0.0,0.0,0.0
5307.0,0.0,0.0,0.0,0.0,0.0,0.0
5308.0,0.0,0.0,0.0,0.0,0.0,0.0
5309.0,0.0,0.0,0.0,0.0,0.0,0.0
5310.0,0.0,0.0,0.0,0.0,0.0,0.0
5311.0,0.0,0.0,0.0,0.0,0.0,0.0
5312.0,0.0,0.0,0.0,0.0,0.0,0.0
5313.0,0.0,0.0,0.0,0.0,0.0,0.0
5314.0,0.0,0.0,0.0,0.0,0.0,0.0
5315.0,0.0,0.0,0.0,0.0,0.0,0.0
5316.0,0.0,0.0,0.0,0.0,0.0,0.0
5317.0,1.9565275977129204e-07,1.2651099723370862e-06,0.0,0.0,0.0,3.1627749308427155e-05
5318.0,1.9565275977129204e-07,1.2651099723370862e-06,0.0,0.0,0.0,3.1627749308427155e-05
5319.0,0.0,0.0,0.0,0.0,0.0,0.0
5320.0,0.0,0.0,0.0,0.0,0.0,0.0
5321.0,0.0,0.0,0.0,0.0,0.0,0.0
5322.0,0.0,0.0,0.0,0.0,0.0,0.0
5323.0,0.0,0.0,0.0,0.0,0.0,0.0
5324.0,0.0,0.0,0.0,0.0,0.0,0.0
5325.0,6.224336630111793e-06,2.285808113811072e-05,0.0,0.0,0.0,0.000571452028452768
5326.0,6.224336630111793e-06,2.285808113811072e-05,0.0,0.0,0.0,0.000571452028452768
5327.0,0.0,0.0,0.0,0.0,0.0,0.0
5328.0,0.0,0.0,0.0,0.0,0.0,0.0
5329.0,0.0,0.0,0.0,0.0,0.0,0.0
5330.0,0.0,0.0,0.0,0.0,0.0,0.0
5331.0,0.0,0.0,0.0,0.0,0.0,0.0
5332.0,0.0,0.0,0.0,0.0,0.0,0.0
5333.0,0.0,0.0,0.0,0.0,0.0,0.0
5334.0,0.0,0.0,0.0,0.0,0.0,0.0
5335.0,0.0,0.0,0.0,0.0,0.0,0.0
5336.0,0.0,0.0,0.0,0.0,0.0,0.0
5337.0,0.0,0.0,0.0,0.0,0.0,0.0
5338.0,0.0,0.0,0.0,0.0,0.0,0.0
5339.0,0.0,0.0,0.0,0.0,0.0,0.0
5340.0,0.0,0.0,0.0,0.0,0.0,0.0
5341.0,0.0,0.0,0.0,0.0,0.0,0.0
5342.0,1.9565275977129204e-07,1.2651099723370862e-06,0.0,0.0,0.0,3.1627749308427155e-05
5343.0,1.9565275977129204e-07,1.2651099723370862e-06,0.0,0.0,0.0,3.1627749308427155e-05
5344.0,0.0,0.0,0.0,0.0,0.0,0.0
5345.0,0.0,0.0,0.0,0.0,0.0,0.0
5346.0,0.0,0.0,0.0,0.0,0.0,0.0
5347.0,0.0,0.0,0.0,0.0,0.0,0.0
5348.0,0.0,0.0,0.0,0.0,0.0,0.0
5349.0,0.0,0.0,0.0,0.0,0.0,0.0
5350.0,6.224336630111793e-06,2.285808113811072e-05,0.0,0.0,0.0,0.000571452028452768
5351.0,6.224336630111793e-06,2.285808113811072e-05,0.0,0.0,0.0,0.000571452028452768
5352.0,0.05213610827922821,0.0010212183697149158,0.0,0.0,0.24479166666666666,4.344675689935684
5353.0,0.0,0.0,0.0,0.0,0.0,0.0
5354.0,0.0,0.0,0.0,0.0,0.0,0.0
5355.0,0.0,0.0,0.0,0.0,0.0,0.0
5356.0,0.0,0.0,0.0,0.0,0.0,0.0
5357.0,0.0,0.0,0.0,0.0,0.0,0.0
5358.0,0.0,0.0,0.0,0.0,0.0,0.0
5359.0,0.00020602958102244884,2.1006388124078512e-05,0.0,0.0,0.001736111111111111,0.017169131751870736
5360.0,0.0,0.0,0.0,0.0,0.0,0.0
5361.0,0.0,0.0,0.0,0.0,0.0,0.0
5362.0,0.0,0.0,0.0,0.0,0.0,0.0
5363.0,0.0,0.0,0.0,0.0,0.0,0.0
5364.0,0.0,0.0,0.0,0.0,0.0,0.0
5365.0,0.0,0.0,0.0,0.0,0.0,0.0
5366.0,0.0,0.0,0.0,0.0,0.0,0.0
5367.0,1.9565275977129204e-07,1.2651099723370862e-06,0.0,0.0,0.0,3.1627749308427155e-05
5368.0,1.9565275977129204e-07,1.2651099723370862e-06,0.0,0.0,0.0,3.1627749308427155e-05
5369.0,0.0,0.0,0.0,0.0,0.0,0.0
5370.0,0.0,0.0,0.0,0.0,0.0,0.0
5371.0,0.0,0.0,0.0,0.0,0.0,0.0
5372.0,0.0,0.0,0.0,0.0,0.0,0.0
5373.0,0.0,0.0,0.0,0.0,0.0,0.0
5374.0,0.0,0.0,0.0,0.0,0.0,0.0
5375.0,4.488224021770293e-06,2.285808113811072e-05,0.0,0.0,0.0,0.000571452028452768
5376.0,4.488224021770293e-06,2.285808113811072e-05,0.0,0.0,0.0,0.000571452028452768
5377.0,0.0,0.0,0.0,0.0,0.0,0.0
5378.0,0.0,0.0,0.0,0.0,0.0,0.0
5379.0,0.0,0.0,0.0,0.0,0.0,0.0
5380.0,0.0,0.0,0.0,0.0,0.0,0.0
5381.0,0.0,0.0,0.0,0.0,0.0,0.0
5382.0,0.0,0.0,0.0,0.0,0.0,0.0
5383.0,0.0,0.0,0.0,0.0,0.0,0.0
5384.0,0.0,0.0,0.0,0.0,0.0,0.0
5385.0,0.0,0.0,0.0,0.0,0.0,0.0
5386.0,0.0,0.0,0.0,0.0,0.0,0.0
5387.0,0.0,0.0,0.0,0.0,0.0,0.0
5388.0,0.0,0.0,0.0,0.0,0.0,0.0
5389.0,0.0,0.0,0.0,0.0,0.0,0.0
5390.0,0.0,0.0,0.0,0.0,0.0,0.0
5391.0,0.0,0.0,0.0,0.0,0.0,0.0
5392.0,1.9565275977129204e-07,1.2651099723370862e-06,0.0,0.0,0.0,3.1627749308427155e-05
5393.0,1.9565275977129204e-07,1.2651099723370862e-06,0.0,0.0,0.0,3.1627749308427155e-05
5394.0,0.0,0.0,0.0,0.0,0.0,0.0
5395.0,0.0,0.0,0.0,0.0,0.0,0.0
5396.0,0.0,0.0,0.0,0.0,0.0,0.0
5397.0,0.0,0.0,0.0,0.0,0.0,0.0
5398.0,0.0,0.0,0.0,0.0,0.0,0.0
5399.0,0.0,0.0,0.0,0.0,0.0,0.0
5400.0,4.488224021770293e-06,2.285808113811072e-05,0.0,0.0,0.0,0.000571452028452768
5401.0,4.488224021770293e-06,2.285808113811072e-05,0.0,0.0,0.0,0.000571452028452768
5402.0,8.220994459406938e-06,0.0,0.0,0.0,0.001736111111111111,0.011574074074074073
5403.0,0.00011240466847084463,0.0,0.0,0.0,0.001736111111111111,0.011574074074074073
5404.0,5.16748295922298e-05,0.0,0.0,0.0,0.0,0.004306235799352483
5405.0,0.00015109271043911576,0.0,0.0,0.0,0.003472222222222222,0.023148148148148147
5406.0,7.72569328546524e-05,0.0,0.0,0.0,0.001736111111111111,0.011574074074074073
5407.0,0.0001829894754337147,0.0,0.0,0.0,0.003472222222222222,0.023148148148148147
5408.0,0.00014159517013467848,0.0,0.0,0.0,0.003472222222222222,0.023148148148148147
5409.0,0.000287853938061744,0.0,0.0,0.0,0.005208333333333333,0.034722222222222224
5410.0,0.0004559163353405893,0.0,0.0,0.0,0.017361111111111112,0.11574074074074076
5411.0,0.0001984783011721447,0.0,0.0,0.0,0.006944444444444444,0.046296296296296294
5412.0,0.00018705741968005896,0.0,0.0,0.0,0.006944444444444444,0.046296296296296294
5413.0,0.0,0.0,0.0,0.0,0.0,0.0
5414.0,0.0,0.0,0.0,0.0,0.0,0.0
5415.0,0.0,0.0,0.0,0.0,0.0,0.0
5416.0,0.0,0.0,0.0,0.0,0.0,0.0
5417.0,7.667731551919132e-06,1.2651099723370862e-06,0.0,0.0,0.0,0.0006389776293265944
5418.0,1.9565275977129204e-07,1.2651099723370862e-06,0.0,0.0,0.0,3.1627749308427155e-05
5419.0,0.0,0.0,0.0,0.0,0.0,0.0
5420.0,0.0,0.0,0.0,0.0,0.0,0.0
5421.0,0.0,0.0,0.0,0.0,0.0,0.0
5422.0,0.0,0.0,0.0,0.0,0.0,0.0
5423.0,0.0,0.0,0.0,0.0,0.0,0.0
5424.0,0.0018470006762072444,0.0,0.0,0.0,0.04861111111111111,0.32407407407407407
5425.0,4.488224021770293e-06,2.285808113811072e-05,0.0,0.0,0.0,0.000571452028452768
5426.0,4.488224021770293e-06,2.285808113811072e-05,0.0,0.0,0.0,0.000571452028452768
5427.0,0.0,0.0,0.0,0.0,0.0,0.0
5428.0,0.0,0.0,0.0,0.0,0.0,0.0
5429.0,0.0,0.0,0.0,0.0,0.0,0.0
5430.0,0.0,0.0,0.0,0.0,0.0,0.0
5431.0,0.0,0.0,0.0,0.0,0.0,0.0
5432.0,0.0,0.0,0.0,0.0,0.0,0.0
5433.0,0.0,0.0,0.0,0.0,0.0,0.0
5434.0,0.0,0.0,0.0,0.0,0.0,0.0
5435.0,0.0,0.0,0.0,0.0,0.0,0.0
5436.0,0.0,0.0,0.0,0.0,0.0,0.0
5437.0,0.0,0.0,0.0,0.0,0.0,0.0
5438.0,0.0,0.0,0.0,0.0,0.0,0.0
5439.0,0.0,0.0,0.0,0.0,0.0,0.0
5440.0,0.0,0.0,0.0,0.0,0.0,0.0
5441.0,0.0,0.0,0.0,0.0,0.0,0.0
5442.0,1.9565275977129204e-07,1.2651099723370862e-06,0.0,0.0,0.0,3.1627749308427155e-05
5443.0,1.9565275977129204e-07,1.2651099723370862e-06,0.0,0.0,0.0,3.1627749308427155e-05
5444.0,0.0,0.0,0.0,0.0,0.0,0.0
5445.0,0.0,0.0,0.0,0.0,0.0,0.0
5446.0,0.0,0.0,0.0,0.0,0.0,0.0
5447.0,0.0,0.0,0.0,0.0,0.0,0.0
5448.0,0.0,0.0,0.0,0.0,0.0,0.0
5449.0,0.0,0.0,0.0,0.0,0.0,0.0
5450.0,4.488224021770293e-06,2.285808113811072e-05,0.0,0.0,0.0,0.000571452028452768
5451.0,4.488224021770293e-06,2.285808113811072e-05,0.0,0.0,0.0,0.000571452028452768
5452.0,0.0,0.0,0.0,0.0,0.0,0.0
5453.0,0.0,0.0,0.0,0.0,0.0,0.0
